date,open,high,low,close,volume
2026-06-08T09:15:00+05:30,1558.9,1572.9,1535.1,1566.2,245122
2026-06-08T09:20:00+05:30,1566.2,1576.9,1558.6,1575.6,160456
2026-06-08T09:25:00+05:30,1575.6,1587.1,1573.6,1585.4,158613
2026-06-08T09:30:00+05:30,1585.3,1589.4,1580,1585,128033
2026-06-08T09:35:00+05:30,1583.9,1589.9,1580,1588.9,109445
2026-06-08T09:40:00+05:30,1589,1608.6,1587.8,1602.8,442537
2026-06-08T09:45:00+05:30,1602.8,1608,1592.3,1593,348322
2026-06-08T09:50:00+05:30,1591.7,1592.8,1584,1587.4,131955
2026-06-08T09:55:00+05:30,1587.4,1596.5,1584.1,1595.8,80038
2026-06-08T10:00:00+05:30,1595.7,1597.1,1586,1586.2,68296
2026-06-08T10:05:00+05:30,1586.2,1587,1570.5,1572.5,155790
2026-06-08T10:10:00+05:30,1572.5,1578.4,1570,1574.7,64879
2026-06-08T10:15:00+05:30,1575.5,1582.5,1574.2,1581.4,58849
2026-06-08T10:20:00+05:30,1581.5,1582.1,1575.2,1575.2,35752
2026-06-08T10:25:00+05:30,1576.7,1576.7,1570.1,1573.7,50401
2026-06-08T10:30:00+05:30,1573.7,1584,1573.2,1583.9,46383
2026-06-08T10:35:00+05:30,1583.5,1592,1582.4,1591,66192
2026-06-08T10:40:00+05:30,1591,1592,1586.3,1587,51311
2026-06-08T10:45:00+05:30,1587,1596,1585.7,1595.7,75749
2026-06-08T10:50:00+05:30,1595.7,1600,1594.2,1595,79232
2026-06-08T10:55:00+05:30,1595.7,1598.8,1594.4,1597.7,34881
2026-06-08T11:00:00+05:30,1598.7,1598.9,1596.3,1598.1,29948
2026-06-08T11:05:00+05:30,1598.1,1604,1597.9,1600.6,81508
2026-06-08T11:10:00+05:30,1600.7,1602.8,1598.1,1602.6,40078
2026-06-08T11:15:00+05:30,1602.6,1603.8,1600.9,1602,36826
2026-06-08T11:20:00+05:30,1602,1603.8,1596.7,1596.7,122233
2026-06-08T11:25:00+05:30,1597.4,1604.3,1596.1,1602,67565
2026-06-08T11:30:00+05:30,1602.6,1604.9,1602,1602.5,27597
2026-06-08T11:35:00+05:30,1602.4,1607,1600.3,1606,61310
2026-06-08T11:40:00+05:30,1606,1614.8,1606,1611.4,139593
2026-06-08T11:45:00+05:30,1611.5,1611.7,1607.5,1610.1,101976
2026-06-08T11:50:00+05:30,1610.1,1612,1608.8,1610.2,154934
2026-06-08T11:55:00+05:30,1610.2,1610.7,1605.8,1609.1,231938
2026-06-08T12:00:00+05:30,1609.1,1613.8,1609,1611,114741
2026-06-08T12:05:00+05:30,1611,1611.2,1600,1605,141912
2026-06-08T12:10:00+05:30,1604.7,1608.2,1604.4,1605.8,43879
2026-06-08T12:15:00+05:30,1605.8,1606.6,1600.2,1601.5,49011
2026-06-08T12:20:00+05:30,1601.5,1602.4,1596.9,1598.7,54078
2026-06-08T12:25:00+05:30,1598.7,1599.8,1596,1596,38700
2026-06-08T12:30:00+05:30,1596,1604.8,1596,1604.8,74330
2026-06-08T12:35:00+05:30,1604.5,1605,1602,1604.5,21049
2026-06-08T12:40:00+05:30,1604,1608.4,1603.5,1606.2,31431
2026-06-08T12:45:00+05:30,1606.1,1608,1604.6,1607.9,33697
2026-06-08T12:50:00+05:30,1608,1614,1607.3,1612.4,133967
2026-06-08T12:55:00+05:30,1612.7,1612.8,1605.8,1608,43683
2026-06-08T13:00:00+05:30,1607.9,1608.8,1604.1,1604.6,20029
2026-06-08T13:05:00+05:30,1604.9,1608,1603.4,1607,28509
2026-06-08T13:10:00+05:30,1607,1608,1600.8,1601,55941
2026-06-08T13:15:00+05:30,1601.8,1605.3,1601,1604.2,51799
2026-06-08T13:20:00+05:30,1604.7,1605.8,1602.5,1604,14945
2026-06-08T13:25:00+05:30,1604.8,1604.8,1601.1,1603.5,56482
2026-06-08T13:30:00+05:30,1603.3,1603.8,1601.4,1602.7,11045
2026-06-08T13:35:00+05:30,1603,1603.9,1602,1602.2,17635
2026-06-08T13:40:00+05:30,1602.2,1603,1598.4,1599.6,106064
2026-06-08T13:45:00+05:30,1598.5,1599.9,1596.5,1599.6,54569
2026-06-08T13:50:00+05:30,1599.6,1600,1583.7,1585,104233
2026-06-08T13:55:00+05:30,1585.7,1588.5,1583.1,1587.7,42023
2026-06-08T14:00:00+05:30,1587.7,1592.7,1587.7,1591.9,49067
2026-06-08T14:05:00+05:30,1591.9,1592,1586.9,1588.7,36368
2026-06-08T14:10:00+05:30,1588.7,1588.9,1585.6,1587.1,34114
2026-06-08T14:15:00+05:30,1587.7,1589,1584.7,1588.1,42770
2026-06-08T14:20:00+05:30,1588.1,1590.9,1585.4,1587.5,58961
2026-06-08T14:25:00+05:30,1587,1589.8,1585.2,1589,42851
2026-06-08T14:30:00+05:30,1588.8,1590,1585.4,1587.5,32178
2026-06-08T14:35:00+05:30,1587.5,1590,1586.8,1589.1,25107
2026-06-08T14:40:00+05:30,1589.1,1594.9,1588.5,1594.3,60059
2026-06-08T14:45:00+05:30,1595,1595.4,1588.6,1592.1,76953
2026-06-08T14:50:00+05:30,1592.5,1593.3,1588.5,1590.5,36792
2026-06-08T14:55:00+05:30,1590.7,1590.7,1582.7,1587.9,65483
2026-06-08T15:00:00+05:30,1587.9,1587.9,1575,1575.4,121940
2026-06-08T15:05:00+05:30,1576,1577.1,1566.1,1574.6,151431
2026-06-08T15:10:00+05:30,1574.5,1576.8,1570.6,1572.2,151196
2026-06-08T15:15:00+05:30,1572.2,1572.8,1567.9,1570,71715
2026-06-08T15:20:00+05:30,1570,1570.6,1559.6,1559.6,104183
2026-06-08T15:25:00+05:30,1560,1565.7,1559,1564.4,91808
2026-06-09T09:15:00+05:30,1597.4,1599,1585,1597.8,211908
2026-06-09T09:20:00+05:30,1594.8,1594.8,1582.1,1584.4,107677
2026-06-09T09:25:00+05:30,1583.8,1587.9,1578.3,1579.7,83390
2026-06-09T09:30:00+05:30,1580.3,1585.5,1578.5,1584,39040
2026-06-09T09:35:00+05:30,1584,1585,1579.1,1583.5,38502
2026-06-09T09:40:00+05:30,1584,1584.7,1576.9,1578.3,31633
2026-06-09T09:45:00+05:30,1578.2,1585.5,1577.6,1578.9,35182
2026-06-09T09:50:00+05:30,1579.8,1582,1577.8,1581.6,24725
2026-06-09T09:55:00+05:30,1581,1582,1577,1578.1,28616
2026-06-09T10:00:00+05:30,1578.1,1579,1575,1576,38906
2026-06-09T10:05:00+05:30,1576.6,1578.7,1575.7,1577.3,18263
2026-06-09T10:10:00+05:30,1578.2,1581.9,1577.7,1579.5,19870
2026-06-09T10:15:00+05:30,1579,1581.4,1577.1,1578.8,43395
2026-06-09T10:20:00+05:30,1579.3,1579.3,1568.1,1569.8,40058
2026-06-09T10:25:00+05:30,1569.8,1574,1568.7,1574,16702
2026-06-09T10:30:00+05:30,1574,1574,1570.4,1572,13062
2026-06-09T10:35:00+05:30,1572,1573.9,1570.4,1572.2,14016
2026-06-09T10:40:00+05:30,1572,1579.8,1571.3,1577.6,32636
2026-06-09T10:45:00+05:30,1577.6,1579.9,1574.4,1574.4,25696
2026-06-09T10:50:00+05:30,1574.4,1578.5,1573.2,1576.6,50029
2026-06-09T10:55:00+05:30,1576.6,1579.9,1576.6,1578.3,22421
2026-06-09T11:00:00+05:30,1578.5,1580,1575.2,1576.6,19847
2026-06-09T11:05:00+05:30,1576.6,1580,1571.1,1573.2,38606
2026-06-09T11:10:00+05:30,1573.2,1574.3,1571.1,1571.9,22373
2026-06-09T11:15:00+05:30,1571.9,1573.4,1568,1572.8,37319
2026-06-09T11:20:00+05:30,1572.8,1573,1565.8,1565.8,28169
2026-06-09T11:25:00+05:30,1567,1573.4,1563.4,1572.9,47466
2026-06-09T11:30:00+05:30,1572.9,1573.8,1570.2,1571.2,36101
2026-06-09T11:35:00+05:30,1571.2,1576.9,1571.2,1576.4,30348
2026-06-09T11:40:00+05:30,1576.4,1579,1571.8,1577.2,36876
2026-06-09T11:45:00+05:30,1577.2,1583.5,1576.9,1582.6,50910
2026-06-09T11:50:00+05:30,1582.6,1585.7,1581.6,1582.6,47522
2026-06-09T11:55:00+05:30,1582.6,1585.7,1582.1,1585.1,23574
2026-06-09T12:00:00+05:30,1585.1,1594,1584.2,1590,72123
2026-06-09T12:05:00+05:30,1590,1591.9,1584.9,1585.5,29269
2026-06-09T12:10:00+05:30,1585.9,1585.9,1580.9,1583.7,25590
2026-06-09T12:15:00+05:30,1584.6,1590,1584,1586.7,31675
2026-06-09T12:20:00+05:30,1586.7,1587.4,1584.5,1584.6,28740
2026-06-09T12:25:00+05:30,1584.5,1586.4,1584,1584.1,16815
2026-06-09T12:30:00+05:30,1584.5,1587.1,1583.4,1586.3,28895
2026-06-09T12:35:00+05:30,1587.7,1587.7,1579.2,1579.2,30140
2026-06-09T12:40:00+05:30,1579.7,1582.9,1578.7,1580.7,22904
2026-06-09T12:45:00+05:30,1580.7,1582.2,1579.4,1579.8,19662
2026-06-09T12:50:00+05:30,1579.8,1581.2,1573,1574.3,34755
2026-06-09T12:55:00+05:30,1573.5,1575,1563.1,1565.6,61454
2026-06-09T13:00:00+05:30,1565,1565.2,1558,1560.4,49810
2026-06-09T13:05:00+05:30,1560.5,1566.8,1560,1564.6,44986
2026-06-09T13:10:00+05:30,1565.2,1570.8,1564.1,1570.1,38340
2026-06-09T13:15:00+05:30,1569.4,1572,1566.7,1571.5,32742
2026-06-09T13:20:00+05:30,1571.5,1572.5,1568.3,1571.4,22007
2026-06-09T13:25:00+05:30,1571.4,1572.6,1569.7,1570.3,20675
2026-06-09T13:30:00+05:30,1570.5,1571.6,1565.1,1569.7,38749
2026-06-09T13:35:00+05:30,1569.7,1572,1569,1572,24293
2026-06-09T13:40:00+05:30,1571.6,1572,1570,1571.7,25217
2026-06-09T13:45:00+05:30,1571.5,1572.1,1570.2,1570.9,25293
2026-06-09T13:50:00+05:30,1570.7,1572.1,1570.1,1571.4,30101
2026-06-09T13:55:00+05:30,1571.2,1571.7,1566.9,1569.6,37805
2026-06-09T14:00:00+05:30,1568.4,1569.3,1566.7,1567.5,17656
2026-06-09T14:05:00+05:30,1567.5,1575,1566,1574.4,47308
2026-06-09T14:10:00+05:30,1574.9,1586,1574,1584.7,92427
2026-06-09T14:15:00+05:30,1584.8,1585,1580.4,1584.3,49822
2026-06-09T14:20:00+05:30,1584.3,1587.5,1583.2,1585.9,68746
2026-06-09T14:25:00+05:30,1585.9,1588,1584.3,1587.3,48899
2026-06-09T14:30:00+05:30,1587.3,1590.9,1585,1588.1,74584
2026-06-09T14:35:00+05:30,1588.1,1589.3,1586.3,1588,26402
2026-06-09T14:40:00+05:30,1588,1589.5,1588,1588,21270
2026-06-09T14:45:00+05:30,1588,1588.7,1585.7,1586.2,27937
2026-06-09T14:50:00+05:30,1586.2,1587.5,1584.1,1586.1,38307
2026-06-09T14:55:00+05:30,1586.2,1587,1584.8,1587,25523
2026-06-09T15:00:00+05:30,1586.8,1586.8,1582,1583.8,49302
2026-06-09T15:05:00+05:30,1583.8,1586.9,1583.4,1583.8,62952
2026-06-09T15:10:00+05:30,1583.9,1584.4,1578,1581.2,49965
2026-06-09T15:15:00+05:30,1581.2,1581.6,1575,1576.1,44937
2026-06-09T15:20:00+05:30,1576,1578.4,1571.6,1571.6,52045
2026-06-09T15:25:00+05:30,1571.3,1572.9,1568.9,1571,59337
2026-06-10T09:15:00+05:30,1580,1580.7,1541.4,1544.6,204790
2026-06-10T09:20:00+05:30,1544.9,1547.9,1525,1531.9,202217
2026-06-10T09:25:00+05:30,1531.9,1531.9,1521.4,1524.2,173129
2026-06-10T09:30:00+05:30,1524.1,1539.7,1524.1,1539.4,105265
2026-06-10T09:35:00+05:30,1539.6,1541.8,1534.3,1541.4,61026
2026-06-10T09:40:00+05:30,1540.9,1547.6,1540.9,1544.1,82691
2026-06-10T09:45:00+05:30,1544.1,1546.5,1539.1,1546.3,36393
2026-06-10T09:50:00+05:30,1546.3,1546.9,1541.4,1543.5,24980
2026-06-10T09:55:00+05:30,1544.2,1550,1541.7,1547.3,38259
2026-06-10T10:00:00+05:30,1547,1550,1545.4,1545.9,21200
2026-06-10T10:05:00+05:30,1545.9,1549,1545,1546.4,11823
2026-06-10T10:10:00+05:30,1546,1548.4,1541.4,1541.9,17023
2026-06-10T10:15:00+05:30,1541.9,1547.3,1540,1544.2,15851
2026-06-10T10:20:00+05:30,1544.2,1548,1544.1,1546.9,9610
2026-06-10T10:25:00+05:30,1546.5,1548.4,1545.7,1547.8,13677
2026-06-10T10:30:00+05:30,1548,1557.3,1547.8,1556,61283
2026-06-10T10:35:00+05:30,1555.2,1563.3,1552.4,1552.6,58394
2026-06-10T10:40:00+05:30,1552.8,1557.3,1552.4,1554.6,17025
2026-06-10T10:45:00+05:30,1554.6,1558.6,1550.1,1551.4,17508
2026-06-10T10:50:00+05:30,1551.4,1553.5,1548,1552.5,23934
2026-06-10T10:55:00+05:30,1553.3,1555.1,1552,1554.9,12455
2026-06-10T11:00:00+05:30,1555.6,1555.6,1552,1553.2,8304
2026-06-10T11:05:00+05:30,1553.2,1553.4,1548.3,1551.1,12603
2026-06-10T11:10:00+05:30,1551.6,1554.5,1551,1552.8,19654
2026-06-10T11:15:00+05:30,1552.8,1553,1548,1548.2,12706
2026-06-10T11:20:00+05:30,1548.8,1551,1548,1550.8,5935
2026-06-10T11:25:00+05:30,1550.9,1553,1550.6,1551,14786
2026-06-10T11:30:00+05:30,1551,1552.5,1550,1552.5,3116
2026-06-10T11:35:00+05:30,1552.5,1552.9,1550.5,1552,7060
2026-06-10T11:40:00+05:30,1552,1553.5,1550.7,1553.1,9848
2026-06-10T11:45:00+05:30,1553.1,1553.9,1552.6,1553.3,6543
2026-06-10T11:50:00+05:30,1553.3,1556.5,1548.3,1556.5,44323
2026-06-10T11:55:00+05:30,1556.5,1558,1555.4,1557,12801
2026-06-10T12:00:00+05:30,1556.9,1557,1551.6,1551.8,8062
2026-06-10T12:05:00+05:30,1551.8,1556.8,1551.5,1556,26036
2026-06-10T12:10:00+05:30,1556,1558.4,1553.9,1556.5,16052
2026-06-10T12:15:00+05:30,1556.5,1559.9,1556.3,1557,43576
2026-06-10T12:20:00+05:30,1557,1558.6,1554.4,1554.5,36968
2026-06-10T12:25:00+05:30,1554.5,1554.6,1550.5,1551.8,14990
2026-06-10T12:30:00+05:30,1551.8,1553.2,1550.2,1553.1,8265
2026-06-10T12:35:00+05:30,1553.1,1553.1,1550.3,1551.5,3951
2026-06-10T12:40:00+05:30,1551.5,1551.5,1543.9,1544.7,36059
2026-06-10T12:45:00+05:30,1544.7,1547.1,1542,1545.5,15152
2026-06-10T12:50:00+05:30,1546,1552,1545.5,1551.4,8084
2026-06-10T12:55:00+05:30,1551.4,1551.9,1549.4,1551.1,6008
2026-06-10T13:00:00+05:30,1551.1,1555.6,1551.1,1555.4,18171
2026-06-10T13:05:00+05:30,1554.4,1555.6,1552.6,1553.5,8772
2026-06-10T13:10:00+05:30,1553.5,1553.5,1551.1,1551.5,5300
2026-06-10T13:15:00+05:30,1551.5,1553.1,1549,1549.6,6552
2026-06-10T13:20:00+05:30,1549.6,1550.1,1547.5,1547.5,7141
2026-06-10T13:25:00+05:30,1547.5,1550.9,1546.7,1549.2,4510
2026-06-10T13:30:00+05:30,1549.2,1549.9,1547,1547,6008
2026-06-10T13:35:00+05:30,1547,1548.4,1545.6,1546.6,12722
2026-06-10T13:40:00+05:30,1547.1,1550.5,1546,1546,5930
2026-06-10T13:45:00+05:30,1546,1548.1,1546,1547.7,3834
2026-06-10T13:50:00+05:30,1547.7,1547.7,1545.2,1547.1,11242
2026-06-10T13:55:00+05:30,1547.1,1547.7,1545.4,1546,8537
2026-06-10T14:00:00+05:30,1546.4,1550.8,1546.1,1548,6025
2026-06-10T14:05:00+05:30,1548,1548.1,1547,1547.1,2937
2026-06-10T14:10:00+05:30,1547.1,1547.7,1544.1,1546,13435
2026-06-10T14:15:00+05:30,1544.8,1549.8,1544.8,1549.4,7883
2026-06-10T14:20:00+05:30,1549.4,1558.6,1546.8,1557,120629
2026-06-10T14:25:00+05:30,1557,1558.6,1553,1554.7,24178
2026-06-10T14:30:00+05:30,1554.6,1555.9,1551.2,1553,25649
2026-06-10T14:35:00+05:30,1553,1555.7,1548,1548.1,32586
2026-06-10T14:40:00+05:30,1548.2,1549.7,1543.8,1545.3,29685
2026-06-10T14:45:00+05:30,1544.9,1545.8,1540.7,1541.1,19409
2026-06-10T14:50:00+05:30,1540.8,1542.2,1538.1,1540.8,20222
2026-06-10T14:55:00+05:30,1540.8,1543,1539.4,1541.5,10628
2026-06-10T15:00:00+05:30,1541.2,1541.2,1536.7,1537.9,44355
2026-06-10T15:05:00+05:30,1537.9,1538.6,1533.8,1537.4,39443
2026-06-10T15:10:00+05:30,1537.4,1538.2,1532.9,1533.7,40154
2026-06-10T15:15:00+05:30,1533.9,1535.9,1530.9,1535,52438
2026-06-10T15:20:00+05:30,1536.9,1537.5,1531.8,1533.8,39277
2026-06-10T15:25:00+05:30,1533.8,1540,1531.2,1536.1,65713
2026-06-11T09:15:00+05:30,1532.9,1535,1516.7,1531.5,121220
2026-06-11T09:20:00+05:30,1532.4,1539.4,1530.9,1533.8,63693
2026-06-11T09:25:00+05:30,1532.7,1535.9,1528.5,1531.6,31332
2026-06-11T09:30:00+05:30,1532.2,1539.9,1532.2,1537,30723
2026-06-11T09:35:00+05:30,1537.4,1539,1535.3,1539,23612
2026-06-11T09:40:00+05:30,1538.2,1539,1534.9,1538.6,28220
2026-06-11T09:45:00+05:30,1538.1,1541.5,1537,1537.6,33441
2026-06-11T09:50:00+05:30,1537.6,1539.4,1536.4,1536.4,8306
2026-06-11T09:55:00+05:30,1536,1538.1,1532,1533,14323
2026-06-11T10:00:00+05:30,1533,1533.9,1527.4,1528.6,38631
2026-06-11T10:05:00+05:30,1528,1532.7,1526,1531.4,15709
2026-06-11T10:10:00+05:30,1531.4,1533.7,1530,1532.2,20143
2026-06-11T10:15:00+05:30,1532.2,1533.6,1530.7,1533.3,9606
2026-06-11T10:20:00+05:30,1533.1,1536.6,1532.7,1536,21975
2026-06-11T10:25:00+05:30,1536,1536.8,1535.4,1535.5,9910
2026-06-11T10:30:00+05:30,1535,1538,1531.6,1537,10992
2026-06-11T10:35:00+05:30,1537,1537.2,1533.5,1535.8,6984
2026-06-11T10:40:00+05:30,1535.1,1536,1533.5,1533.5,4519
2026-06-11T10:45:00+05:30,1533.5,1534.4,1527.3,1527.3,26880
2026-06-11T10:50:00+05:30,1527.3,1528.7,1520.7,1523.7,26510
2026-06-11T10:55:00+05:30,1523.7,1523.7,1513.8,1515.5,32672
2026-06-11T11:00:00+05:30,1515.5,1516,1507.6,1511.6,66108
2026-06-11T11:05:00+05:30,1511.6,1517.3,1511.6,1514.9,13883
2026-06-11T11:10:00+05:30,1514.9,1515.6,1512.4,1513.3,10315
2026-06-11T11:15:00+05:30,1513.3,1515.4,1510.2,1514,14687
2026-06-11T11:20:00+05:30,1514,1519.1,1514,1516.9,16624
2026-06-11T11:25:00+05:30,1516.9,1522.9,1516.9,1520.1,15514
2026-06-11T11:30:00+05:30,1520.4,1524.5,1510.6,1512.2,62341
2026-06-11T11:35:00+05:30,1512.5,1512.5,1507,1510.5,33833
2026-06-11T11:40:00+05:30,1510.5,1514.3,1509.9,1513.4,10538
2026-06-11T11:45:00+05:30,1513.4,1515.5,1513,1514.2,5332
2026-06-11T11:50:00+05:30,1514.2,1517.9,1514.2,1517,6344
2026-06-11T11:55:00+05:30,1517,1517.1,1513.7,1513.7,4674
2026-06-11T12:00:00+05:30,1513.7,1514.4,1509.5,1510.1,13189
2026-06-11T12:05:00+05:30,1510.1,1510.8,1502.9,1505.6,37283
2026-06-11T12:10:00+05:30,1505.6,1505.7,1502.9,1503.7,16255
2026-06-11T12:15:00+05:30,1503.7,1507.3,1503.2,1504,7861
2026-06-11T12:20:00+05:30,1504,1504.1,1501,1502.1,15735
2026-06-11T12:25:00+05:30,1502.1,1502.7,1497.7,1501,24668
2026-06-11T12:30:00+05:30,1501,1505,1501,1503.1,5619
2026-06-11T12:35:00+05:30,1503,1503.4,1498,1498.3,14079
2026-06-11T12:40:00+05:30,1498.3,1500.5,1496,1499.9,20710
2026-06-11T12:45:00+05:30,1500,1500,1494.7,1495,16225
2026-06-11T12:50:00+05:30,1495,1498,1494.1,1495.2,12559
2026-06-11T12:55:00+05:30,1495.2,1500.3,1495.2,1500,8050
2026-06-11T13:00:00+05:30,1500,1502.2,1497.4,1498.2,13053
2026-06-11T13:05:00+05:30,1498,1499.2,1496.1,1496.1,5119
2026-06-11T13:10:00+05:30,1496.6,1496.9,1487.6,1489,29993
2026-06-11T13:15:00+05:30,1489.4,1490.1,1486.3,1486.4,25099
2026-06-11T13:20:00+05:30,1486.4,1490.4,1486,1490,20691
2026-06-11T13:25:00+05:30,1490,1490.3,1485,1486.3,14898
2026-06-11T13:30:00+05:30,1486.3,1489,1485,1486.2,20192
2026-06-11T13:35:00+05:30,1485.6,1488,1480.7,1481.9,31205
2026-06-11T13:40:00+05:30,1481.4,1482.5,1478.9,1480.9,28981
2026-06-11T13:45:00+05:30,1480.9,1485,1480.1,1481.6,11472
2026-06-11T13:50:00+05:30,1481.6,1484,1481,1482,16223
2026-06-11T13:55:00+05:30,1482,1483.5,1480.5,1481.5,21729
2026-06-11T14:00:00+05:30,1481.5,1484.8,1480.8,1484.3,8823
2026-06-11T14:05:00+05:30,1484.3,1485.5,1479.2,1480.3,26001
2026-06-11T14:10:00+05:30,1479.8,1480.3,1472.4,1476.5,61988
2026-06-11T14:15:00+05:30,1476.5,1477.2,1473.5,1474.7,24434
2026-06-11T14:20:00+05:30,1474.7,1477.5,1473,1473.8,17148
2026-06-11T14:25:00+05:30,1473.8,1481.3,1471.7,1479.8,38759
2026-06-11T14:30:00+05:30,1479.8,1483.6,1476.9,1482.9,28230
2026-06-11T14:35:00+05:30,1483.6,1484.9,1477.8,1477.8,52470
2026-06-11T14:40:00+05:30,1477.8,1479.7,1475.4,1476.3,19319
2026-06-11T14:45:00+05:30,1476.3,1476.8,1470.4,1475.8,27475
2026-06-11T14:50:00+05:30,1475.8,1475.8,1471.2,1473,24924
2026-06-11T14:55:00+05:30,1473.4,1478,1472,1476.8,42525
2026-06-11T15:00:00+05:30,1476.8,1479.3,1467.4,1467.4,51443
2026-06-11T15:05:00+05:30,1468,1469.3,1464,1464.4,76794
2026-06-11T15:10:00+05:30,1464.4,1467.7,1463.3,1466.9,51706
2026-06-11T15:15:00+05:30,1466.3,1469.5,1464,1467.1,61017
2026-06-11T15:20:00+05:30,1467.1,1467.6,1460.8,1466.3,61896
2026-06-11T15:25:00+05:30,1466.3,1470,1461.2,1468,66089
2026-06-12T09:15:00+05:30,1499,1499,1479.5,1491.7,148624
2026-06-12T09:20:00+05:30,1491.7,1499,1489.8,1493.7,59809
2026-06-12T09:25:00+05:30,1493.8,1495.9,1477.3,1482.7,98713
2026-06-12T09:30:00+05:30,1482,1486.7,1479,1485.1,64753
2026-06-12T09:35:00+05:30,1485.1,1487.6,1483.5,1486.3,14808
2026-06-12T09:40:00+05:30,1486.3,1486.3,1481.9,1482.9,14857
2026-06-12T09:45:00+05:30,1482.9,1496,1482.8,1494,37031
2026-06-12T09:50:00+05:30,1494,1509,1492.5,1499.6,61981
2026-06-12T09:55:00+05:30,1499,1500.9,1496.2,1496.4,26057
2026-06-12T10:00:00+05:30,1495.5,1498,1492.9,1498,34866
2026-06-12T10:05:00+05:30,1498.6,1501.5,1495,1495.3,23814
2026-06-12T10:10:00+05:30,1495.3,1495.5,1489.5,1491,18977
2026-06-12T10:15:00+05:30,1491.1,1496.2,1491.1,1492.7,18612
2026-06-12T10:20:00+05:30,1492.7,1498.5,1491,1498.4,16280
2026-06-12T10:25:00+05:30,1499,1504,1494.5,1496.3,51966
2026-06-12T10:30:00+05:30,1496.9,1499.4,1494.7,1496.2,20556
2026-06-12T10:35:00+05:30,1496.2,1497.6,1495.5,1496.2,9906
2026-06-12T10:40:00+05:30,1496.2,1496.9,1489.2,1491.5,25872
2026-06-12T10:45:00+05:30,1491.5,1493.3,1487,1490.2,16335
2026-06-12T10:50:00+05:30,1490.2,1492.5,1488.7,1492.5,13371
2026-06-12T10:55:00+05:30,1492.2,1495.5,1492.2,1494.7,6742
2026-06-12T11:00:00+05:30,1494.7,1494.8,1487.3,1487.9,17169
2026-06-12T11:05:00+05:30,1488,1489.8,1487.6,1488.9,4546
2026-06-12T11:10:00+05:30,1488.9,1496,1488.7,1496,8191
2026-06-12T11:15:00+05:30,1497.3,1498.9,1496.7,1498.2,33166
2026-06-12T11:20:00+05:30,1498.1,1498.5,1494.4,1496.8,8542
2026-06-12T11:25:00+05:30,1496.8,1496.8,1489.4,1490.8,8891
2026-06-12T11:30:00+05:30,1490.8,1492.8,1486.3,1489.4,31619
2026-06-12T11:35:00+05:30,1489.4,1490.6,1488.2,1489.2,9060
2026-06-12T11:40:00+05:30,1489.2,1493.6,1488.9,1493,7245
2026-06-12T11:45:00+05:30,1493,1495.2,1492.3,1495.2,3291
2026-06-12T11:50:00+05:30,1495.2,1495.2,1489.6,1489.6,20759
2026-06-12T11:55:00+05:30,1488.8,1492,1488.8,1491.4,12487
2026-06-12T12:00:00+05:30,1491.4,1491.6,1489.2,1490.1,3887
2026-06-12T12:05:00+05:30,1490.1,1490.5,1483.6,1483.6,17389
2026-06-12T12:10:00+05:30,1483.6,1484.7,1482.2,1483.5,14308
2026-06-12T12:15:00+05:30,1483.5,1484.6,1481.3,1481.9,6418
2026-06-12T12:20:00+05:30,1481.9,1485,1481.9,1484.4,2220
2026-06-12T12:25:00+05:30,1484.4,1486.1,1484.4,1485.5,2663
2026-06-12T12:30:00+05:30,1485.5,1486,1484.1,1485.5,6182
2026-06-12T12:35:00+05:30,1485.5,1487,1485,1485.6,7665
2026-06-12T12:40:00+05:30,1485.6,1486.5,1481,1481.7,5217
2026-06-12T12:45:00+05:30,1481.7,1484,1480.4,1482.6,13583
2026-06-12T12:50:00+05:30,1482.6,1483.5,1482,1483.5,5255
2026-06-12T12:55:00+05:30,1483.4,1483.9,1482.5,1483.9,2137
2026-06-12T13:00:00+05:30,1483.4,1486.3,1483.4,1486,4574
2026-06-12T13:05:00+05:30,1486,1488.7,1484.8,1485.6,9335
2026-06-12T13:10:00+05:30,1485.9,1486.1,1482.9,1486,4653
2026-06-12T13:15:00+05:30,1486,1487.1,1485.2,1485.4,8442
2026-06-12T13:20:00+05:30,1485.4,1486.7,1484.5,1484.6,9271
2026-06-12T13:25:00+05:30,1484.6,1491.6,1483.6,1490,22112
2026-06-12T13:30:00+05:30,1490,1494.8,1489.4,1494.2,22953
2026-06-12T13:35:00+05:30,1494.2,1498,1494.2,1497.7,28278
2026-06-12T13:40:00+05:30,1497.7,1501.9,1496.3,1500.3,36610
2026-06-12T13:45:00+05:30,1500.8,1503.6,1500,1501.9,19113
2026-06-12T13:50:00+05:30,1501.9,1503,1500.1,1500.9,11619
2026-06-12T13:55:00+05:30,1501.5,1502.3,1498.3,1501.9,26777
2026-06-12T14:00:00+05:30,1501.9,1502.2,1500.2,1500.9,4446
2026-06-12T14:05:00+05:30,1501,1503,1499.7,1500,14494
2026-06-12T14:10:00+05:30,1500,1500.5,1496.8,1498.6,6075
2026-06-12T14:15:00+05:30,1498.6,1503.2,1498.6,1503.1,11743
2026-06-12T14:20:00+05:30,1502.5,1502.9,1493,1493.8,13248
2026-06-12T14:25:00+05:30,1493.8,1495.2,1489.4,1492.2,24885
2026-06-12T14:30:00+05:30,1492.2,1494,1490.8,1491.4,30415
2026-06-12T14:35:00+05:30,1491.4,1493.4,1491,1492.9,8015
2026-06-12T14:40:00+05:30,1493.1,1494.2,1492.2,1493.9,23725
2026-06-12T14:45:00+05:30,1493.9,1494.6,1493,1494.5,11355
2026-06-12T14:50:00+05:30,1494.5,1494.5,1491.8,1493.3,19413
2026-06-12T14:55:00+05:30,1492.8,1492.9,1490.4,1491,15219
2026-06-12T15:00:00+05:30,1490.8,1498,1488,1495.2,24082
2026-06-12T15:05:00+05:30,1495.7,1496,1491.2,1491.2,18374
2026-06-12T15:10:00+05:30,1491,1491.7,1489,1490.2,15550
2026-06-12T15:15:00+05:30,1490.4,1492,1488.3,1490.5,40449
2026-06-12T15:20:00+05:30,1490.5,1491.5,1488.2,1488.9,30811
2026-06-12T15:25:00+05:30,1488.9,1489,1477,1484,42873
2026-06-15T09:15:00+05:30,1506.9,1518.8,1504.6,1513.7,110008
2026-06-15T09:20:00+05:30,1513.2,1513.2,1502.6,1506.7,43617
2026-06-15T09:25:00+05:30,1507.4,1513,1505.4,1509.9,31618
2026-06-15T09:30:00+05:30,1509.7,1514.7,1508.2,1513.9,21981
2026-06-15T09:35:00+05:30,1513.9,1520,1512.9,1519.3,24468
2026-06-15T09:40:00+05:30,1519,1525,1518.8,1521,53386
2026-06-15T09:45:00+05:30,1521.6,1522,1516.5,1519,22840
2026-06-15T09:50:00+05:30,1519,1519,1511.6,1514,35025
2026-06-15T09:55:00+05:30,1514,1514.7,1509,1509.2,31415
2026-06-15T10:00:00+05:30,1508,1510.7,1507.3,1508.8,16606
2026-06-15T10:05:00+05:30,1508.3,1509.1,1504.7,1506,28076
2026-06-15T10:10:00+05:30,1506,1509.5,1506,1508.1,10459
2026-06-15T10:15:00+05:30,1508.1,1513,1507.4,1510.1,24570
2026-06-15T10:20:00+05:30,1510.1,1512.9,1508.6,1511.6,6190
2026-06-15T10:25:00+05:30,1511.9,1513.9,1511.3,1513.3,12681
2026-06-15T10:30:00+05:30,1513.3,1513.4,1508.9,1509.5,7642
2026-06-15T10:35:00+05:30,1508.9,1513,1508.5,1511,6659
2026-06-15T10:40:00+05:30,1511,1512.4,1507.6,1508.6,9050
2026-06-15T10:45:00+05:30,1508.6,1510.9,1508.4,1510.5,5879
2026-06-15T10:50:00+05:30,1511.8,1512.8,1509.6,1509.6,7731
2026-06-15T10:55:00+05:30,1509.8,1514.8,1509.8,1511.8,11854
2026-06-15T11:00:00+05:30,1511.2,1513,1509.7,1512,9460
2026-06-15T11:05:00+05:30,1512,1513.1,1510.1,1512.7,4254
2026-06-15T11:10:00+05:30,1512.7,1512.7,1510.2,1512,3786
2026-06-15T11:15:00+05:30,1512.3,1518.7,1512.2,1518.6,32169
2026-06-15T11:20:00+05:30,1519.5,1520.9,1517.2,1519.8,37636
2026-06-15T11:25:00+05:30,1520,1524.5,1520,1524,33244
2026-06-15T11:30:00+05:30,1524,1528,1523,1528,35482
2026-06-15T11:35:00+05:30,1527.8,1529.5,1526,1528.5,30266
2026-06-15T11:40:00+05:30,1528.5,1534.8,1528.5,1531.7,44511
2026-06-15T11:45:00+05:30,1531.7,1531.7,1523.2,1525,41800
2026-06-15T11:50:00+05:30,1525,1527.7,1524.5,1527,12293
2026-06-15T11:55:00+05:30,1527,1528.5,1526.2,1528.5,18008
2026-06-15T12:00:00+05:30,1528.5,1531.1,1526,1527,35973
2026-06-15T12:05:00+05:30,1527,1527.9,1525,1525.6,22738
2026-06-15T12:10:00+05:30,1525.6,1526.6,1524.6,1525.6,8809
2026-06-15T12:15:00+05:30,1525.6,1525.6,1519.8,1523.9,27166
2026-06-15T12:20:00+05:30,1523.9,1525.1,1521.7,1524.4,6931
2026-06-15T12:25:00+05:30,1524.4,1529,1524.1,1526.6,8402
2026-06-15T12:30:00+05:30,1526.6,1528,1524.6,1526.5,6740
2026-06-15T12:35:00+05:30,1526.5,1529.2,1526.5,1527,9437
2026-06-15T12:40:00+05:30,1527,1527.4,1521.2,1522,36917
2026-06-15T12:45:00+05:30,1522.2,1522.2,1509.6,1512.1,78785
2026-06-15T12:50:00+05:30,1511.4,1512.6,1508.6,1509,22800
2026-06-15T12:55:00+05:30,1509,1509.2,1505.4,1508.3,21155
2026-06-15T13:00:00+05:30,1507.5,1508.3,1505.6,1506,12662
2026-06-15T13:05:00+05:30,1506.1,1508.5,1500.7,1507.3,61551
2026-06-15T13:10:00+05:30,1507.7,1510.9,1505.8,1507.9,15305
2026-06-15T13:15:00+05:30,1507.9,1508,1498.9,1500,46077
2026-06-15T13:20:00+05:30,1499.2,1499.7,1496.1,1498.4,23786
2026-06-15T13:25:00+05:30,1499,1502.2,1497.9,1500.9,15865
2026-06-15T13:30:00+05:30,1500.9,1503.4,1498.5,1498.6,25864
2026-06-15T13:35:00+05:30,1498.6,1500,1495.7,1496,11090
2026-06-15T13:40:00+05:30,1496,1498.5,1493.7,1496.6,19503
2026-06-15T13:45:00+05:30,1496.6,1498.8,1496.2,1498.8,4153
2026-06-15T13:50:00+05:30,1498.8,1499.5,1493.1,1495,10112
2026-06-15T13:55:00+05:30,1495,1499.3,1494.9,1499,6859
2026-06-15T14:00:00+05:30,1498.9,1504,1498.5,1502,29277
2026-06-15T14:05:00+05:30,1502,1507.6,1502,1506,23360
2026-06-15T14:10:00+05:30,1505.7,1507,1499.4,1500,32423
2026-06-15T14:15:00+05:30,1500,1502.9,1497.3,1502.6,14840
2026-06-15T14:20:00+05:30,1502.6,1502.7,1499.1,1500,7347
2026-06-15T14:25:00+05:30,1500,1503.9,1499.4,1503.8,11030
2026-06-15T14:30:00+05:30,1503.8,1507.2,1503.4,1503.4,20411
2026-06-15T14:35:00+05:30,1503.4,1506.2,1503.1,1505.5,36458
2026-06-15T14:40:00+05:30,1505.9,1505.9,1497.9,1498.8,58199
2026-06-15T14:45:00+05:30,1498.8,1498.8,1495.7,1497,9365
2026-06-15T14:50:00+05:30,1497,1503.8,1493.3,1503.5,52496
2026-06-15T14:55:00+05:30,1499.8,1501.6,1495.2,1496.2,31425
2026-06-15T15:00:00+05:30,1495.8,1497.4,1492.6,1493.3,25822
2026-06-15T15:05:00+05:30,1493.3,1493.4,1489.7,1490.6,28552
2026-06-15T15:10:00+05:30,1490.6,1492.2,1486.6,1489,40549
2026-06-15T15:15:00+05:30,1489,1496,1489,1494.9,39758
2026-06-15T15:20:00+05:30,1494.9,1495.5,1492,1493.6,30881
2026-06-15T15:25:00+05:30,1493.7,1493.7,1486.1,1487.7,53610
2026-06-16T09:15:00+05:30,1498,1499,1483.2,1492.9,80581
2026-06-16T09:20:00+05:30,1491,1497,1489.3,1495.3,32998
2026-06-16T09:25:00+05:30,1495.9,1501.4,1493.6,1500.4,34937
2026-06-16T09:30:00+05:30,1500.4,1500.4,1493.6,1494.5,25225
2026-06-16T09:35:00+05:30,1493.3,1495.5,1491.1,1491.3,23689
2026-06-16T09:40:00+05:30,1491.1,1493.3,1488.7,1490.7,21686
2026-06-16T09:45:00+05:30,1490.7,1494,1490,1491.6,8929
2026-06-16T09:50:00+05:30,1491.6,1500.9,1490.2,1500,48587
2026-06-16T09:55:00+05:30,1500,1509.9,1499.2,1504.7,155184
2026-06-16T10:00:00+05:30,1504.3,1505,1500.4,1500.4,17806
2026-06-16T10:05:00+05:30,1500.4,1503.2,1500.4,1502.2,14950
2026-06-16T10:10:00+05:30,1501.8,1506.9,1501.3,1505,11720
2026-06-16T10:15:00+05:30,1505,1506.1,1503,1503,7504
2026-06-16T10:20:00+05:30,1504,1506,1503,1505.5,15951
2026-06-16T10:25:00+05:30,1505.5,1506,1504.5,1505.5,7975
2026-06-16T10:30:00+05:30,1505.5,1509.7,1505.2,1509,15720
2026-06-16T10:35:00+05:30,1509.2,1516.6,1509,1515,30622
2026-06-16T10:40:00+05:30,1515.9,1519,1515.5,1519,36582
2026-06-16T10:45:00+05:30,1517.5,1519,1516,1516.7,15760
2026-06-16T10:50:00+05:30,1516.6,1516.9,1511,1511.5,13913
2026-06-16T10:55:00+05:30,1511.3,1513,1510.5,1511.2,6571
2026-06-16T11:00:00+05:30,1511.9,1511.9,1507,1507.4,8650
2026-06-16T11:05:00+05:30,1507.4,1509,1506,1506.8,9528
2026-06-16T11:10:00+05:30,1506.8,1508.2,1503.7,1508.1,16957
2026-06-16T11:15:00+05:30,1508.1,1509.9,1506.6,1506.6,6939
2026-06-16T11:20:00+05:30,1506.6,1509.4,1505.9,1509.4,3156
2026-06-16T11:25:00+05:30,1509.4,1509.4,1503.2,1503.6,7806
2026-06-16T11:30:00+05:30,1503.6,1503.6,1496,1497.9,28442
2026-06-16T11:35:00+05:30,1497.9,1498.1,1494.2,1496,15799
2026-06-16T11:40:00+05:30,1496,1497.1,1494.8,1495.4,9488
2026-06-16T11:45:00+05:30,1495.4,1496.6,1491.9,1494,50908
2026-06-16T11:50:00+05:30,1494,1495.6,1486.1,1488,106301
2026-06-16T11:55:00+05:30,1488,1490.5,1484.1,1484.5,29261
2026-06-16T12:00:00+05:30,1484.5,1485,1476.2,1478.2,38598
2026-06-16T12:05:00+05:30,1478.2,1480.2,1477.4,1479.9,15536
2026-06-16T12:10:00+05:30,1479.5,1479.7,1478.1,1478.7,4665
2026-06-16T12:15:00+05:30,1478.7,1478.7,1477,1477.1,9327
2026-06-16T12:20:00+05:30,1477.1,1478.1,1475.6,1478,13684
2026-06-16T12:25:00+05:30,1478,1482.3,1478,1480.7,34782
2026-06-16T12:30:00+05:30,1480.7,1481.3,1480,1480.4,12236
2026-06-16T12:35:00+05:30,1480.4,1480.4,1479.4,1479.5,2699
2026-06-16T12:40:00+05:30,1479.5,1479.9,1476.5,1478.7,9161
2026-06-16T12:45:00+05:30,1478.9,1479.6,1477.7,1479.1,6244
2026-06-16T12:50:00+05:30,1479.1,1479.1,1477.1,1478.4,11700
2026-06-16T12:55:00+05:30,1478.4,1480,1478.4,1478.9,3452
2026-06-16T13:00:00+05:30,1478.9,1478.9,1475.5,1476.2,9781
2026-06-16T13:05:00+05:30,1476.2,1479.9,1475.5,1479.9,10288
2026-06-16T13:10:00+05:30,1479.9,1482.4,1479.9,1481.9,9118
2026-06-16T13:15:00+05:30,1481.9,1482.3,1481,1481.8,4363
2026-06-16T13:20:00+05:30,1481.8,1484.8,1480.7,1482.6,22859
2026-06-16T13:25:00+05:30,1482.6,1488.2,1482,1486.7,14797
2026-06-16T13:30:00+05:30,1486.7,1487.1,1484.7,1484.7,8834
2026-06-16T13:35:00+05:30,1484.7,1496.6,1484.7,1494.3,32501
2026-06-16T13:40:00+05:30,1494.3,1494.3,1489.2,1492.8,18779
2026-06-16T13:45:00+05:30,1492.5,1496.6,1492.3,1494.3,20012
2026-06-16T13:50:00+05:30,1494.8,1495,1492.3,1493.6,10423
2026-06-16T13:55:00+05:30,1493.5,1496.3,1493.3,1494.7,12020
2026-06-16T14:00:00+05:30,1495,1496.1,1493,1493.1,7231
2026-06-16T14:05:00+05:30,1493.1,1498.8,1493.1,1497.8,27344
2026-06-16T14:10:00+05:30,1497.8,1503.7,1497.3,1503.7,18453
2026-06-16T14:15:00+05:30,1503,1507,1502.4,1506.4,37329
2026-06-16T14:20:00+05:30,1506.4,1506.7,1499,1501.7,17302
2026-06-16T14:25:00+05:30,1501.7,1502.9,1500.4,1501.4,9053
2026-06-16T14:30:00+05:30,1501.4,1503.1,1500,1502.2,9349
2026-06-16T14:35:00+05:30,1502.7,1502.7,1499.3,1499.9,11001
2026-06-16T14:40:00+05:30,1500,1500.5,1496.4,1497.7,22043
2026-06-16T14:45:00+05:30,1497.7,1499,1494.1,1495.8,23079
2026-06-16T14:50:00+05:30,1495.8,1499.1,1494.8,1498.5,8851
2026-06-16T14:55:00+05:30,1499,1499,1496.2,1496.9,13921
2026-06-16T15:00:00+05:30,1497,1499.8,1495.6,1497.2,37836
2026-06-16T15:05:00+05:30,1497.2,1497.2,1493,1493.9,16850
2026-06-16T15:10:00+05:30,1493.9,1493.9,1489.9,1492.1,27454
2026-06-16T15:15:00+05:30,1491.7,1492.2,1489.4,1490.3,37431
2026-06-16T15:20:00+05:30,1490.3,1490.3,1483.5,1485.1,58085
2026-06-16T15:25:00+05:30,1485.1,1494,1485.1,1492,45076
2026-06-17T09:15:00+05:30,1494.7,1495,1475.4,1481.5,92791
2026-06-17T09:20:00+05:30,1482.4,1484,1475,1476,52427
2026-06-17T09:25:00+05:30,1476,1477.6,1473,1477.6,49190
2026-06-17T09:30:00+05:30,1478,1480.7,1475.2,1476,30344
2026-06-17T09:35:00+05:30,1476,1476,1471,1471,30149
2026-06-17T09:40:00+05:30,1471.7,1472.5,1470,1470.7,24547
2026-06-17T09:45:00+05:30,1471,1473.8,1471,1473.8,15564
2026-06-17T09:50:00+05:30,1473,1478.4,1472.8,1478.4,20771
2026-06-17T09:55:00+05:30,1478.2,1478.4,1473,1474.9,13061
2026-06-17T10:00:00+05:30,1474.9,1474.9,1471.5,1473.5,21950
2026-06-17T10:05:00+05:30,1473.5,1477.6,1471,1477.5,25442
2026-06-17T10:10:00+05:30,1477.5,1479.3,1474,1479.2,25950
2026-06-17T10:15:00+05:30,1479.2,1483,1477.8,1483,13395
2026-06-17T10:20:00+05:30,1482.5,1496.3,1482.5,1493.9,103210
2026-06-17T10:25:00+05:30,1493.8,1494.5,1484.1,1484.8,31501
2026-06-17T10:30:00+05:30,1484.5,1488.4,1484.2,1486,15914
2026-06-17T10:35:00+05:30,1485.6,1486,1483.6,1483.8,5928
2026-06-17T10:40:00+05:30,1483.8,1484.8,1481.6,1481.6,10273
2026-06-17T10:45:00+05:30,1481.6,1483.3,1481.1,1481.5,8114
2026-06-17T10:50:00+05:30,1481.9,1482.5,1481.5,1482.3,3154
2026-06-17T10:55:00+05:30,1482,1484.8,1481,1481,11586
2026-06-17T11:00:00+05:30,1481.1,1486,1480,1484.8,17484
2026-06-17T11:05:00+05:30,1484.6,1484.6,1479.1,1480.7,12362
2026-06-17T11:10:00+05:30,1480.7,1480.9,1479.5,1480.2,3665
2026-06-17T11:15:00+05:30,1480.2,1482.8,1480.2,1482.1,8237
2026-06-17T11:20:00+05:30,1482.5,1483.7,1482,1483.2,2841
2026-06-17T11:25:00+05:30,1483.2,1483.5,1480.2,1483,10852
2026-06-17T11:30:00+05:30,1482.6,1483.6,1480.8,1482,3489
2026-06-17T11:35:00+05:30,1482,1482.7,1478.4,1479.6,9939
2026-06-17T11:40:00+05:30,1480,1483.1,1479.5,1482.1,23064
2026-06-17T11:45:00+05:30,1482.1,1483.1,1481.4,1481.7,2886
2026-06-17T11:50:00+05:30,1481.7,1482.6,1481.6,1482.6,3518
2026-06-17T11:55:00+05:30,1482.9,1483.2,1481.1,1481.8,5797
2026-06-17T12:00:00+05:30,1481.8,1484.7,1481,1483.6,5269
2026-06-17T12:05:00+05:30,1483.6,1488.3,1483.6,1488.1,12531
2026-06-17T12:10:00+05:30,1488.1,1489.5,1487,1488.2,12688
2026-06-17T12:15:00+05:30,1488.2,1491,1487,1490.6,16903
2026-06-17T12:20:00+05:30,1490.4,1491.9,1488.5,1489.1,12016
2026-06-17T12:25:00+05:30,1489.1,1490,1487.6,1488,9550
2026-06-17T12:30:00+05:30,1488,1492.6,1488,1492.4,17976
2026-06-17T12:35:00+05:30,1492.4,1492.4,1489.8,1490,9369
2026-06-17T12:40:00+05:30,1490,1491.1,1489.8,1490.7,3350
2026-06-17T12:45:00+05:30,1490.7,1492,1490.3,1490.3,5569
2026-06-17T12:50:00+05:30,1490.3,1490.3,1486.8,1486.9,8810
2026-06-17T12:55:00+05:30,1486.9,1487.5,1486,1486.2,11804
2026-06-17T13:00:00+05:30,1486.2,1486.9,1483.2,1485.4,12090
2026-06-17T13:05:00+05:30,1485.4,1486.4,1484.5,1484.6,12579
2026-06-17T13:10:00+05:30,1484.6,1486,1483.9,1485.4,3529
2026-06-17T13:15:00+05:30,1485.4,1488,1484.2,1486.1,32224
2026-06-17T13:20:00+05:30,1487.4,1489.4,1486.5,1488.1,10679
2026-06-17T13:25:00+05:30,1488.1,1489.3,1487.8,1488.2,7717
2026-06-17T13:30:00+05:30,1488.2,1489.2,1487.9,1488.7,4601
2026-06-17T13:35:00+05:30,1488.7,1489.6,1486.1,1488.2,8056
2026-06-17T13:40:00+05:30,1488.2,1489,1487,1487.1,3327
2026-06-17T13:45:00+05:30,1487.1,1487.9,1484.5,1485,3934
2026-06-17T13:50:00+05:30,1485.4,1485.4,1481.5,1482.7,7456
2026-06-17T13:55:00+05:30,1482.7,1484,1480.8,1483.2,12814
2026-06-17T14:00:00+05:30,1483.2,1484.8,1482.5,1484.1,5339
2026-06-17T14:05:00+05:30,1484,1486.9,1484,1485.4,22770
2026-06-17T14:10:00+05:30,1485.4,1485.6,1483.3,1484.6,3004
2026-06-17T14:15:00+05:30,1484.6,1489,1483.7,1488.1,10666
2026-06-17T14:20:00+05:30,1488.1,1491.4,1487.8,1490.6,19260
2026-06-17T14:25:00+05:30,1490.6,1490.6,1484.4,1485,12945
2026-06-17T14:30:00+05:30,1485.3,1487.4,1483.5,1486.1,9063
2026-06-17T14:35:00+05:30,1486.1,1489.9,1485.3,1489,7902
2026-06-17T14:40:00+05:30,1489,1491.5,1489,1490.5,13618
2026-06-17T14:45:00+05:30,1490.8,1492,1488.4,1489.8,11902
2026-06-17T14:50:00+05:30,1489.7,1490.6,1488.8,1489.2,5019
2026-06-17T14:55:00+05:30,1489.8,1492.8,1489.1,1492.3,14710
2026-06-17T15:00:00+05:30,1492,1495.5,1490.9,1492.2,63963
2026-06-17T15:05:00+05:30,1492.3,1492.9,1490.5,1490.8,20668
2026-06-17T15:10:00+05:30,1490.3,1490.5,1486.7,1487.7,25583
2026-06-17T15:15:00+05:30,1488,1491.1,1487.6,1490.4,21463
2026-06-17T15:20:00+05:30,1489.7,1491.5,1488.5,1490.3,19623
2026-06-17T15:25:00+05:30,1490,1490.1,1488.3,1489.8,27519
2026-06-18T09:15:00+05:30,1493,1510.9,1493,1505.8,85849
2026-06-18T09:20:00+05:30,1505.8,1505.8,1493,1495.2,39902
2026-06-18T09:25:00+05:30,1495,1496.8,1493.5,1495.4,21655
2026-06-18T09:30:00+05:30,1495.4,1497.5,1490,1490,29977
2026-06-18T09:35:00+05:30,1490.1,1491.1,1488.1,1489.8,19565
2026-06-18T09:40:00+05:30,1489.8,1493.2,1489,1490.9,22554
2026-06-18T09:45:00+05:30,1490.8,1494.1,1490.1,1491.7,14002
2026-06-18T09:50:00+05:30,1491.7,1502.5,1491.7,1501.1,40870
2026-06-18T09:55:00+05:30,1500.4,1501.5,1493.2,1493.2,18202
2026-06-18T10:00:00+05:30,1493.7,1494.1,1489,1489.5,23078
2026-06-18T10:05:00+05:30,1489.8,1492.6,1488.8,1491.3,12555
2026-06-18T10:10:00+05:30,1491.3,1491.4,1488,1488.6,8437
2026-06-18T10:15:00+05:30,1488.6,1491,1488.5,1491,7203
2026-06-18T10:20:00+05:30,1491,1491.5,1488.9,1489.5,18119
2026-06-18T10:25:00+05:30,1488.4,1489.5,1486.1,1487.3,10146
2026-06-18T10:30:00+05:30,1487.3,1488.1,1484.2,1487.5,12637
2026-06-18T10:35:00+05:30,1487.2,1488.6,1485.6,1486,6468
2026-06-18T10:40:00+05:30,1485.3,1487.7,1484,1487.1,6613
2026-06-18T10:45:00+05:30,1487.1,1491.6,1486.8,1490.6,8194
2026-06-18T10:50:00+05:30,1490.6,1492.8,1488.5,1491.7,6727
2026-06-18T10:55:00+05:30,1491,1491.6,1489.4,1491,4562
2026-06-18T11:00:00+05:30,1491,1491,1488.3,1489.4,4164
2026-06-18T11:05:00+05:30,1488.8,1488.8,1485.5,1488,24951
2026-06-18T11:10:00+05:30,1488,1488.4,1485.5,1486.5,4835
2026-06-18T11:15:00+05:30,1485.8,1486,1484,1484.2,15664
2026-06-18T11:20:00+05:30,1484.1,1487,1483.5,1486.8,7757
2026-06-18T11:25:00+05:30,1486.8,1488.9,1486.1,1487.5,4153
2026-06-18T11:30:00+05:30,1487.4,1490.9,1487.4,1490,4824
2026-06-18T11:35:00+05:30,1489.6,1493,1488.6,1493,22872
2026-06-18T11:40:00+05:30,1493,1493.8,1489,1490.7,7233
2026-06-18T11:45:00+05:30,1490.7,1490.8,1487.8,1490.3,2810
2026-06-18T11:50:00+05:30,1490.3,1490.3,1487.5,1487.5,2970
2026-06-18T11:55:00+05:30,1487.5,1489.1,1487.5,1488.9,3601
2026-06-18T12:00:00+05:30,1488.9,1489.1,1487.9,1489.1,2916
2026-06-18T12:05:00+05:30,1489.1,1490.2,1488.6,1488.9,2162
2026-06-18T12:10:00+05:30,1488.9,1489.7,1488,1489.7,3384
2026-06-18T12:15:00+05:30,1489.7,1495.3,1487.9,1494.4,12637
2026-06-18T12:20:00+05:30,1494.4,1497.9,1494.4,1496.7,17513
2026-06-18T12:25:00+05:30,1496.7,1517.1,1495,1517.1,95416
2026-06-18T12:30:00+05:30,1517,1522,1513.5,1516.3,70852
2026-06-18T12:35:00+05:30,1516.3,1517,1508.1,1511.6,60285
2026-06-18T12:40:00+05:30,1511.6,1515,1510,1511.5,21503
2026-06-18T12:45:00+05:30,1511.5,1512,1507.2,1509,16243
2026-06-18T12:50:00+05:30,1509,1512.5,1506.1,1510.6,18298
2026-06-18T12:55:00+05:30,1510.7,1518.3,1510.7,1515.9,22131
2026-06-18T13:00:00+05:30,1515.9,1519.8,1513.6,1517.7,24933
2026-06-18T13:05:00+05:30,1517.7,1526.7,1514.8,1521.8,62665
2026-06-18T13:10:00+05:30,1521.8,1522.9,1517.6,1518.6,18179
2026-06-18T13:15:00+05:30,1519,1520,1512.1,1512.1,33320
2026-06-18T13:20:00+05:30,1513.3,1514.6,1504.5,1505,36245
2026-06-18T13:25:00+05:30,1505,1505,1499.5,1501.9,49023
2026-06-18T13:30:00+05:30,1501.9,1506.4,1500.1,1503.4,24889
2026-06-18T13:35:00+05:30,1503.4,1503.4,1501,1501.6,15880
2026-06-18T13:40:00+05:30,1501.5,1504,1499.7,1501.6,23726
2026-06-18T13:45:00+05:30,1501.6,1503.3,1501,1502.7,9779
2026-06-18T13:50:00+05:30,1502,1502.2,1500,1501.3,6076
2026-06-18T13:55:00+05:30,1501.3,1501.9,1497.8,1498.4,10172
2026-06-18T14:00:00+05:30,1498.4,1499.6,1497,1497.9,10388
2026-06-18T14:05:00+05:30,1497.2,1498.7,1495.7,1496.4,10129
2026-06-18T14:10:00+05:30,1496.4,1499.1,1496.2,1498.5,8345
2026-06-18T14:15:00+05:30,1498.5,1498.9,1494.2,1495.7,17935
2026-06-18T14:20:00+05:30,1496.1,1496.7,1493,1496.1,9006
2026-06-18T14:25:00+05:30,1496.1,1497.8,1494.5,1496.1,9728
2026-06-18T14:30:00+05:30,1496,1496.5,1492.5,1496.5,8011
2026-06-18T14:35:00+05:30,1496.3,1496.6,1494.9,1495.6,8467
2026-06-18T14:40:00+05:30,1495.6,1496.7,1493.9,1495.7,10219
2026-06-18T14:45:00+05:30,1495.7,1495.7,1491.3,1491.7,8078
2026-06-18T14:50:00+05:30,1491.9,1495.2,1490.9,1495,8069
2026-06-18T14:55:00+05:30,1494.5,1502.6,1494.3,1499.5,19568
2026-06-18T15:00:00+05:30,1499.5,1503.8,1499.5,1503.5,42633
2026-06-18T15:05:00+05:30,1503.6,1518,1500.7,1516.8,114074
2026-06-18T15:10:00+05:30,1516.7,1523,1512.3,1521.1,81288
2026-06-18T15:15:00+05:30,1521.1,1528,1518,1527.5,145087
2026-06-18T15:20:00+05:30,1527.5,1539.6,1526.3,1539.4,113517
2026-06-18T15:25:00+05:30,1538.3,1540,1530.7,1535,132734
2026-06-19T09:15:00+05:30,1530,1532.4,1520.5,1531.8,101653
2026-06-19T09:20:00+05:30,1531.8,1536.2,1529.5,1535.5,66778
2026-06-19T09:25:00+05:30,1535.5,1540,1530.5,1537.3,97681
2026-06-19T09:30:00+05:30,1537.3,1537.3,1525.9,1525.9,41307
2026-06-19T09:35:00+05:30,1525.9,1529.1,1523.3,1524.7,28711
2026-06-19T09:40:00+05:30,1525.4,1534,1524.3,1528.2,24287
2026-06-19T09:45:00+05:30,1528.2,1532.7,1526.1,1529.2,44387
2026-06-19T09:50:00+05:30,1529.1,1529.1,1525.5,1528.1,22934
2026-06-19T09:55:00+05:30,1527.8,1532.7,1527.1,1527.5,15597
2026-06-19T10:00:00+05:30,1527.5,1527.5,1520,1522.3,49330
2026-06-19T10:05:00+05:30,1520.5,1525,1520,1523.6,17448
2026-06-19T10:10:00+05:30,1523.6,1530.6,1522.7,1530.6,8741
2026-06-19T10:15:00+05:30,1529.5,1529.6,1527.5,1528,15055
2026-06-19T10:20:00+05:30,1528,1528.5,1524,1525,8279
2026-06-19T10:25:00+05:30,1524.6,1525,1521.1,1521.6,10143
2026-06-19T10:30:00+05:30,1521.4,1523.1,1518.2,1520.4,15149
2026-06-19T10:35:00+05:30,1520.4,1521.3,1518.6,1520.3,11138
2026-06-19T10:40:00+05:30,1520.4,1524.5,1520.1,1523.8,6122
2026-06-19T10:45:00+05:30,1523.1,1526,1521.6,1524.5,9216
2026-06-19T10:50:00+05:30,1523.8,1524.9,1522,1522.7,8668
2026-06-19T10:55:00+05:30,1522.7,1523.7,1520.8,1523.1,2190
2026-06-19T11:00:00+05:30,1523.2,1527.7,1523.1,1525.5,9866
2026-06-19T11:05:00+05:30,1525.9,1525.9,1524.1,1524.7,4068
2026-06-19T11:10:00+05:30,1524.7,1530.1,1524,1530.1,25718
2026-06-19T11:15:00+05:30,1530.4,1533,1526.5,1527.6,23009
2026-06-19T11:20:00+05:30,1527.6,1529.3,1526,1526.8,3232
2026-06-19T11:25:00+05:30,1526.8,1527.2,1522.5,1525.7,7631
2026-06-19T11:30:00+05:30,1525.8,1527,1521,1523,33305
2026-06-19T11:35:00+05:30,1523,1524.3,1517.7,1519.1,19803
2026-06-19T11:40:00+05:30,1519.1,1521.1,1516.9,1519,24736
2026-06-19T11:45:00+05:30,1518.9,1519.6,1517,1517.5,10512
2026-06-19T11:50:00+05:30,1517.5,1519.7,1516,1516,47728
2026-06-19T11:55:00+05:30,1516.4,1519,1515.7,1518.3,8032
2026-06-19T12:00:00+05:30,1518.3,1520,1517.6,1518,16052
2026-06-19T12:05:00+05:30,1518,1518,1515,1516.6,9714
2026-06-19T12:10:00+05:30,1516.6,1517.9,1515.5,1517.6,3692
2026-06-19T12:15:00+05:30,1517.6,1517.6,1516.2,1516.8,6603
2026-06-19T12:20:00+05:30,1516.8,1517.9,1516.3,1517,7652
2026-06-19T12:25:00+05:30,1517,1518,1516,1517.6,5530
2026-06-19T12:30:00+05:30,1517.6,1518,1517,1518,5864
2026-06-19T12:35:00+05:30,1518,1518,1513,1513.2,20699
2026-06-19T12:40:00+05:30,1513.2,1513.8,1508,1510.1,25318
2026-06-19T12:45:00+05:30,1510.1,1513.8,1510.1,1512.1,8323
2026-06-19T12:50:00+05:30,1512.1,1513.2,1511.5,1511.6,5497
2026-06-19T12:55:00+05:30,1511.6,1512,1501.3,1503.6,47895
2026-06-19T13:00:00+05:30,1503.6,1507.4,1501.8,1502.4,16963
2026-06-19T13:05:00+05:30,1502.4,1506.5,1502.4,1505.7,11345
2026-06-19T13:10:00+05:30,1505.8,1509,1505.8,1509,4891
2026-06-19T13:15:00+05:30,1508.7,1512.8,1508.7,1511.6,13657
2026-06-19T13:20:00+05:30,1511.6,1512.6,1508.1,1508.8,14976
2026-06-19T13:25:00+05:30,1508.8,1511.3,1508.8,1509.7,2063
2026-06-19T13:30:00+05:30,1509.7,1511,1507.3,1510.5,2750
2026-06-19T13:35:00+05:30,1510.5,1511.3,1510.3,1511.2,1819
2026-06-19T13:40:00+05:30,1511.3,1514.4,1510.7,1513.1,11133
2026-06-19T13:45:00+05:30,1513.1,1513.4,1508.6,1511.3,15236
2026-06-19T13:50:00+05:30,1512,1512,1506.1,1507.9,15853
2026-06-19T13:55:00+05:30,1507.9,1511,1507.9,1509.4,13388
2026-06-19T14:00:00+05:30,1509.4,1510.4,1503,1506.5,19598
2026-06-19T14:05:00+05:30,1506.9,1509.3,1506.5,1508.6,9562
2026-06-19T14:10:00+05:30,1508.6,1509.9,1507.4,1509.1,6974
2026-06-19T14:15:00+05:30,1509.1,1509.8,1508,1508.2,7763
2026-06-19T14:20:00+05:30,1508.2,1508.9,1506,1506.1,8505
2026-06-19T14:25:00+05:30,1506.6,1508,1505,1508,12473
2026-06-19T14:30:00+05:30,1508,1510,1507,1509.9,12771
2026-06-19T14:35:00+05:30,1509.9,1512,1508.1,1511,15325
2026-06-19T14:40:00+05:30,1511,1511,1507,1509.6,18839
2026-06-19T14:45:00+05:30,1510,1510,1505.7,1509,17679
2026-06-19T14:50:00+05:30,1508.2,1508.9,1497.8,1500.4,38398
2026-06-19T14:55:00+05:30,1500.4,1500.4,1496.9,1499.4,33987
2026-06-19T15:00:00+05:30,1499.4,1508.4,1498.2,1505.7,200185
2026-06-19T15:05:00+05:30,1505.8,1511.8,1505.8,1507,184904
2026-06-19T15:10:00+05:30,1507,1511.2,1507,1507.8,187513
2026-06-19T15:15:00+05:30,1508.5,1509.7,1505.3,1507.4,196427
2026-06-19T15:20:00+05:30,1507.5,1509.3,1504.9,1507.2,194988
2026-06-19T15:25:00+05:30,1507.9,1511,1505.4,1510.6,203805
2026-06-22T09:15:00+05:30,1515,1518.9,1505,1512.2,37072
2026-06-22T09:20:00+05:30,1513.5,1513.5,1506.5,1509.9,31096
2026-06-22T09:25:00+05:30,1509.5,1514.7,1508.2,1513.3,18451
2026-06-22T09:30:00+05:30,1513.4,1514.2,1506.9,1508.5,20088
2026-06-22T09:35:00+05:30,1509.2,1509.2,1502.5,1504.9,20233
2026-06-22T09:40:00+05:30,1504.9,1508,1504.7,1505.2,24972
2026-06-22T09:45:00+05:30,1505.3,1507,1504.3,1505.5,8676
2026-06-22T09:50:00+05:30,1505,1505.8,1501.2,1501.7,13650
2026-06-22T09:55:00+05:30,1501.7,1503.8,1500.1,1503.5,8830
2026-06-22T10:00:00+05:30,1503.5,1505.4,1502.9,1504.4,6448
2026-06-22T10:05:00+05:30,1504,1505.8,1499.4,1504.8,28519
2026-06-22T10:10:00+05:30,1504.8,1505.9,1502.8,1503.4,7033
2026-06-22T10:15:00+05:30,1503.5,1504.9,1500.1,1500.8,7553
2026-06-22T10:20:00+05:30,1500.8,1502.4,1500.3,1502.4,7388
2026-06-22T10:25:00+05:30,1502.4,1503.9,1502.3,1503,5346
2026-06-22T10:30:00+05:30,1503.6,1504.8,1502.9,1502.9,4307
2026-06-22T10:35:00+05:30,1502.9,1504.4,1502.2,1503.9,3979
2026-06-22T10:40:00+05:30,1503.9,1504.1,1502.3,1503.6,3454
2026-06-22T10:45:00+05:30,1503.6,1504.4,1496.2,1497.5,16674
2026-06-22T10:50:00+05:30,1497.5,1498.6,1496.1,1498.5,12625
2026-06-22T10:55:00+05:30,1497.4,1502.7,1497.4,1501.7,9861
2026-06-22T11:00:00+05:30,1501.3,1509,1501.1,1507.8,18691
2026-06-22T11:05:00+05:30,1507.8,1509,1507,1507.8,12963
2026-06-22T11:10:00+05:30,1507.8,1518,1507,1518,41474
2026-06-22T11:15:00+05:30,1518,1518,1508.3,1511.3,141070
2026-06-22T11:20:00+05:30,1511.3,1514.6,1507.3,1511,81786
2026-06-22T11:25:00+05:30,1511,1512.4,1510.4,1511.2,9197
2026-06-22T11:30:00+05:30,1511.2,1512,1509,1510.4,25560
2026-06-22T11:35:00+05:30,1510.4,1514.7,1510,1513,47399
2026-06-22T11:40:00+05:30,1513,1516.5,1512.7,1515.8,14028
2026-06-22T11:45:00+05:30,1515.8,1519.4,1513.9,1518,29310
2026-06-22T11:50:00+05:30,1518,1518,1512.5,1513.5,32555
2026-06-22T11:55:00+05:30,1513.5,1515.4,1512.3,1514,7876
2026-06-22T12:00:00+05:30,1514,1514.9,1512,1513.5,8280
2026-06-22T12:05:00+05:30,1513.5,1513.5,1510,1510,9471
2026-06-22T12:10:00+05:30,1510,1510.7,1506.6,1506.8,35062
2026-06-22T12:15:00+05:30,1506.6,1507.8,1505.8,1505.9,9433
2026-06-22T12:20:00+05:30,1506,1508,1505.9,1507.7,9254
2026-06-22T12:25:00+05:30,1507.2,1512,1507.2,1511.4,5730
2026-06-22T12:30:00+05:30,1511.4,1513,1511.4,1512.1,2222
2026-06-22T12:35:00+05:30,1512.1,1512.4,1511,1511.6,2267
2026-06-22T12:40:00+05:30,1511.6,1512.8,1511.1,1512.2,3404
2026-06-22T12:45:00+05:30,1512.2,1513.2,1511,1513.2,5808
2026-06-22T12:50:00+05:30,1513.2,1514.6,1513.2,1514.2,6772
2026-06-22T12:55:00+05:30,1514.2,1515,1514.2,1514.8,3877
2026-06-22T13:00:00+05:30,1514.8,1515.9,1513.2,1513.2,9500
2026-06-22T13:05:00+05:30,1512.8,1514.9,1512.5,1514,1664
2026-06-22T13:10:00+05:30,1514,1514,1511.5,1513.7,6215
2026-06-22T13:15:00+05:30,1513.9,1513.9,1511.8,1512.2,1880
2026-06-22T13:20:00+05:30,1512.2,1512.4,1510.3,1511,2590
2026-06-22T13:25:00+05:30,1511,1512,1510.7,1511.7,1236
2026-06-22T13:30:00+05:30,1511.7,1519.9,1511.1,1517,24002
2026-06-22T13:35:00+05:30,1517,1517.2,1514.7,1515.3,2824
2026-06-22T13:40:00+05:30,1515.3,1515.5,1512.9,1515.1,3136
2026-06-22T13:45:00+05:30,1515.1,1516.2,1514.1,1514.9,2843
2026-06-22T13:50:00+05:30,1514.9,1515.6,1514.5,1515.5,2753
2026-06-22T13:55:00+05:30,1515.5,1517.6,1515,1516.4,4426
2026-06-22T14:00:00+05:30,1516.4,1517,1516.1,1516.5,6133
2026-06-22T14:05:00+05:30,1516.5,1516.6,1515.6,1516.4,5399
2026-06-22T14:10:00+05:30,1516.3,1518.2,1515.9,1516.7,8652
2026-06-22T14:15:00+05:30,1516.7,1519,1516.1,1518.9,4979
2026-06-22T14:20:00+05:30,1518.9,1525,1518.4,1524.7,52294
2026-06-22T14:25:00+05:30,1525,1530,1523.3,1528.8,46493
2026-06-22T14:30:00+05:30,1528.8,1529,1526.4,1527.6,29897
2026-06-22T14:35:00+05:30,1527.6,1527.8,1522.9,1523.8,19416
2026-06-22T14:40:00+05:30,1523.8,1525,1521.4,1524.3,10134
2026-06-22T14:45:00+05:30,1524.3,1528,1524.3,1527.6,15886
2026-06-22T14:50:00+05:30,1527.6,1529.7,1527.6,1528.6,19560
2026-06-22T14:55:00+05:30,1528.6,1529.6,1526.8,1529.6,20601
2026-06-22T15:00:00+05:30,1529.6,1544.4,1529.6,1541.3,146207
2026-06-22T15:05:00+05:30,1541.3,1543,1538.5,1540.9,77324
2026-06-22T15:10:00+05:30,1540.9,1541.9,1539.5,1540.6,69729
2026-06-22T15:15:00+05:30,1540.6,1541.8,1538.1,1539.3,86441
2026-06-22T15:20:00+05:30,1539.4,1541,1538.1,1539,72867
2026-06-22T15:25:00+05:30,1539,1539,1535,1535,65765
2026-06-23T09:15:00+05:30,1547.2,1551,1539.4,1544.1,96101
2026-06-23T09:20:00+05:30,1543.6,1544,1537.8,1541.4,40302
2026-06-23T09:25:00+05:30,1542.5,1542.5,1536.1,1536.7,24350
2026-06-23T09:30:00+05:30,1536.6,1538.7,1533,1535.1,34492
2026-06-23T09:35:00+05:30,1535.5,1537.4,1534,1535.7,12898
2026-06-23T09:40:00+05:30,1535.1,1535.5,1531.2,1532.9,32251
2026-06-23T09:45:00+05:30,1532.3,1534.8,1532.2,1533.8,6472
2026-06-23T09:50:00+05:30,1533.8,1537,1532,1533.9,18217
2026-06-23T09:55:00+05:30,1534.3,1534.8,1531.6,1533.9,11123
2026-06-23T10:00:00+05:30,1533.9,1533.9,1530.5,1531,20959
2026-06-23T10:05:00+05:30,1531.8,1531.8,1528.5,1529.4,18836
2026-06-23T10:10:00+05:30,1529,1530.3,1528.3,1529.9,13434
2026-06-23T10:15:00+05:30,1529.3,1529.8,1527.8,1528.6,11393
2026-06-23T10:20:00+05:30,1528.6,1530,1520.6,1521.4,29727
2026-06-23T10:25:00+05:30,1522.3,1523.2,1520,1521.6,21033
2026-06-23T10:30:00+05:30,1521.2,1521.6,1518,1520.8,32619
2026-06-23T10:35:00+05:30,1520.8,1524.8,1520.3,1524,10137
2026-06-23T10:40:00+05:30,1524.6,1525.7,1520.2,1520.4,15909
2026-06-23T10:45:00+05:30,1520.8,1520.8,1514.1,1514.1,36644
2026-06-23T10:50:00+05:30,1515,1521.3,1513,1520.8,29449
2026-06-23T10:55:00+05:30,1520.9,1525.6,1520.1,1523.1,13429
2026-06-23T11:00:00+05:30,1523.3,1524,1520.9,1522.7,5411
2026-06-23T11:05:00+05:30,1522.7,1524.5,1521.7,1523.1,9459
2026-06-23T11:10:00+05:30,1523.1,1524.9,1522.2,1523,6259
2026-06-23T11:15:00+05:30,1523,1523.3,1519,1519.9,20288
2026-06-23T11:20:00+05:30,1519.9,1519.9,1514.4,1516.9,9502
2026-06-23T11:25:00+05:30,1516.9,1517.9,1516,1516.9,4344
2026-06-23T11:30:00+05:30,1516.9,1517,1515.2,1516.2,4150
2026-06-23T11:35:00+05:30,1516.2,1517.6,1514.2,1514.9,11946
2026-06-23T11:40:00+05:30,1514.7,1514.7,1511,1511,13793
2026-06-23T11:45:00+05:30,1511,1511,1500,1500,54633
2026-06-23T11:50:00+05:30,1500.9,1500.9,1490.1,1493.1,77552
2026-06-23T11:55:00+05:30,1493.7,1493.7,1484.8,1486.8,55957
2026-06-23T12:00:00+05:30,1486.8,1490.3,1483.6,1487.3,32234
2026-06-23T12:05:00+05:30,1487.3,1487.8,1482,1486.3,46327
2026-06-23T12:10:00+05:30,1486.3,1486.9,1481.2,1486.9,23004
2026-06-23T12:15:00+05:30,1486.9,1487.1,1483.4,1485.5,18810
2026-06-23T12:20:00+05:30,1485.5,1485.5,1480,1481.2,23835
2026-06-23T12:25:00+05:30,1482.1,1494.3,1482.1,1493.2,28791
2026-06-23T12:30:00+05:30,1493.2,1495.4,1491.7,1493.1,12569
2026-06-23T12:35:00+05:30,1493.1,1499.5,1492.8,1498.5,15029
2026-06-23T12:40:00+05:30,1497.9,1502.7,1497,1501.8,36278
2026-06-23T12:45:00+05:30,1501.8,1505,1500.2,1501.7,25330
2026-06-23T12:50:00+05:30,1502.3,1505.9,1498.8,1500,36071
2026-06-23T12:55:00+05:30,1499.6,1502,1497.4,1497.6,19442
2026-06-23T13:00:00+05:30,1497.6,1497.8,1494.6,1497.5,35536
2026-06-23T13:05:00+05:30,1497.5,1505.9,1496.5,1505.2,12444
2026-06-23T13:10:00+05:30,1505.2,1509.2,1504.1,1506,14563
2026-06-23T13:15:00+05:30,1506,1506,1500.2,1503.6,24120
2026-06-23T13:20:00+05:30,1503.6,1506,1502.8,1503.8,4239
2026-06-23T13:25:00+05:30,1503.8,1504,1500.4,1500.4,13211
2026-06-23T13:30:00+05:30,1501.9,1502.1,1497.7,1501,23740
2026-06-23T13:35:00+05:30,1500,1500.3,1496.8,1499,8225
2026-06-23T13:40:00+05:30,1499,1504,1498.1,1503.6,15323
2026-06-23T13:45:00+05:30,1503.6,1507.5,1502.8,1505.3,19055
2026-06-23T13:50:00+05:30,1505.3,1505.9,1502.4,1503.7,4427
2026-06-23T13:55:00+05:30,1503.7,1503.9,1500.2,1501.5,2088
2026-06-23T14:00:00+05:30,1501.5,1508.4,1500.7,1508,10626
2026-06-23T14:05:00+05:30,1508,1511,1505.7,1508,16067
2026-06-23T14:10:00+05:30,1508.5,1511,1508,1510.5,11297
2026-06-23T14:15:00+05:30,1510.5,1513.8,1509.3,1510,18452
2026-06-23T14:20:00+05:30,1510,1512,1507.8,1510.8,14391
2026-06-23T14:25:00+05:30,1510.8,1510.8,1505.5,1506.9,11096
2026-06-23T14:30:00+05:30,1506.9,1507.3,1502.5,1502.7,11170
2026-06-23T14:35:00+05:30,1502.7,1503.1,1498.5,1499,17905
2026-06-23T14:40:00+05:30,1499,1499.9,1490.2,1494.4,60301
2026-06-23T14:45:00+05:30,1494.5,1500,1494,1499.2,18491
2026-06-23T14:50:00+05:30,1499.2,1505,1499.2,1502.6,24315
2026-06-23T14:55:00+05:30,1502.6,1506.9,1502.4,1503.9,16840
2026-06-23T15:00:00+05:30,1503.9,1505.1,1494.4,1496.4,46093
2026-06-23T15:05:00+05:30,1496.4,1502,1496.4,1496.4,26539
2026-06-23T15:10:00+05:30,1496.4,1497.2,1495.8,1496.6,27896
2026-06-23T15:15:00+05:30,1496.6,1496.6,1492.1,1493.3,50776
2026-06-23T15:20:00+05:30,1493.4,1493.5,1487.5,1489.8,49416
2026-06-23T15:25:00+05:30,1490,1493.8,1486.5,1491.7,51433
2026-06-24T09:15:00+05:30,1499,1522.5,1495,1516.2,84425
2026-06-24T09:20:00+05:30,1516.2,1516.6,1500,1503.9,85995
2026-06-24T09:25:00+05:30,1503.3,1505.5,1496.1,1502.2,35251
2026-06-24T09:30:00+05:30,1502.2,1502.2,1496.1,1496.3,24555
2026-06-24T09:35:00+05:30,1496.3,1498,1490.4,1493,27114
2026-06-24T09:40:00+05:30,1493,1494.7,1487.5,1489,22214
2026-06-24T09:45:00+05:30,1488.4,1490.5,1482.4,1482.4,25405
2026-06-24T09:50:00+05:30,1482.4,1487.2,1482.4,1487.2,19371
2026-06-24T09:55:00+05:30,1487.2,1493.2,1486.4,1493.2,22128
2026-06-24T10:00:00+05:30,1493.2,1506.4,1493.2,1501.2,49443
2026-06-24T10:05:00+05:30,1501.2,1502,1498.3,1500.1,12491
2026-06-24T10:10:00+05:30,1500.1,1502.8,1499,1499.1,16315
2026-06-24T10:15:00+05:30,1499.1,1499.4,1495.2,1496,21733
2026-06-24T10:20:00+05:30,1496,1497.3,1494,1496.4,9725
2026-06-24T10:25:00+05:30,1496.4,1501.5,1494.8,1494.9,13735
2026-06-24T10:30:00+05:30,1495,1495.5,1492.5,1493.9,16854
2026-06-24T10:35:00+05:30,1493.7,1496.7,1492.7,1494.2,7315
2026-06-24T10:40:00+05:30,1494.2,1495.1,1492.7,1493.3,6717
2026-06-24T10:45:00+05:30,1494,1498.7,1494,1494.5,13044
2026-06-24T10:50:00+05:30,1494.5,1494.5,1491.4,1493.1,8761
2026-06-24T10:55:00+05:30,1493.1,1494.4,1491.8,1492.9,12499
2026-06-24T11:00:00+05:30,1492.9,1493.7,1492.5,1493,3877
2026-06-24T11:05:00+05:30,1493,1494.7,1492.5,1494,10440
2026-06-24T11:10:00+05:30,1493.8,1494.5,1492.7,1493,4739
2026-06-24T11:15:00+05:30,1493,1493,1491.1,1491.9,16937
2026-06-24T11:20:00+05:30,1491.9,1492.8,1489,1489,13389
2026-06-24T11:25:00+05:30,1489,1491.3,1488.4,1490.3,7361
2026-06-24T11:30:00+05:30,1490.3,1497,1490.1,1497,16959
2026-06-24T11:35:00+05:30,1497,1499,1494.9,1497.4,18005
2026-06-24T11:40:00+05:30,1497.4,1498.3,1495,1496.7,7752
2026-06-24T11:45:00+05:30,1496.7,1497.9,1494.5,1497.9,10392
2026-06-24T11:50:00+05:30,1497.9,1499,1495.3,1496.3,6981
2026-06-24T11:55:00+05:30,1496.3,1497.5,1495.5,1496.5,6918
2026-06-24T12:00:00+05:30,1496.2,1498.5,1496.2,1498.5,7566
2026-06-24T12:05:00+05:30,1498.5,1498.8,1494.6,1495.2,21289
2026-06-24T12:10:00+05:30,1495.2,1495.7,1492.5,1494.3,9289
2026-06-24T12:15:00+05:30,1494.3,1495.7,1490.4,1491,5692
2026-06-24T12:20:00+05:30,1491,1492.3,1489.1,1490.2,10235
2026-06-24T12:25:00+05:30,1490.2,1490.7,1487.2,1488.8,10229
2026-06-24T12:30:00+05:30,1488.8,1489,1484.7,1485.9,20908
2026-06-24T12:35:00+05:30,1485.9,1487.6,1485.1,1486.7,13730
2026-06-24T12:40:00+05:30,1486.7,1489.1,1486.7,1488.9,5596
2026-06-24T12:45:00+05:30,1489.5,1490,1487.7,1488.9,10405
2026-06-24T12:50:00+05:30,1488.9,1492,1487.7,1491.5,15517
2026-06-24T12:55:00+05:30,1491,1493,1490.3,1491.2,5440
2026-06-24T13:00:00+05:30,1491.2,1492.3,1490.5,1491.1,4102
2026-06-24T13:05:00+05:30,1491.1,1494,1491,1494,7828
2026-06-24T13:10:00+05:30,1494,1502.2,1494,1498.1,23609
2026-06-24T13:15:00+05:30,1498.1,1498.9,1496.6,1497.5,8804
2026-06-24T13:20:00+05:30,1497.5,1498,1496,1497,6396
2026-06-24T13:25:00+05:30,1497,1498,1496.9,1497.2,12281
2026-06-24T13:30:00+05:30,1497.2,1502,1496,1500.3,12768
2026-06-24T13:35:00+05:30,1500.3,1500.4,1495.5,1496.2,19051
2026-06-24T13:40:00+05:30,1495.7,1498.2,1495.5,1496.3,20313
2026-06-24T13:45:00+05:30,1496.3,1498.6,1495.3,1495.6,15663
2026-06-24T13:50:00+05:30,1495.1,1496.2,1495,1495.5,7973
2026-06-24T13:55:00+05:30,1495.5,1496.3,1494.5,1495.6,7115
2026-06-24T14:00:00+05:30,1495.1,1495.5,1493.5,1495.4,6171
2026-06-24T14:05:00+05:30,1495.5,1499,1494.2,1499,8173
2026-06-24T14:10:00+05:30,1498.9,1499,1497.6,1497.9,4367
2026-06-24T14:15:00+05:30,1497.9,1502.4,1497.7,1499.2,16067
2026-06-24T14:20:00+05:30,1499.2,1499.8,1497,1498,10066
2026-06-24T14:25:00+05:30,1498,1501.5,1497.6,1499.2,10786
2026-06-24T14:30:00+05:30,1499.2,1499.6,1498.2,1499,7285
2026-06-24T14:35:00+05:30,1499.6,1501,1498.1,1499.8,15079
2026-06-24T14:40:00+05:30,1499.8,1502.8,1498.2,1499.1,17481
2026-06-24T14:45:00+05:30,1499.9,1500.7,1497.1,1498.6,20824
2026-06-24T14:50:00+05:30,1499,1504.2,1499,1502.4,32582
2026-06-24T14:55:00+05:30,1503.7,1504.6,1499.1,1500.5,20169
2026-06-24T15:00:00+05:30,1499.4,1499.4,1495.8,1497.5,22231
2026-06-24T15:05:00+05:30,1497.3,1498.9,1496.6,1498.8,17916
2026-06-24T15:10:00+05:30,1498.7,1501.1,1497.2,1497.5,27188
2026-06-24T15:15:00+05:30,1497.5,1497.5,1491.5,1491.8,31453
2026-06-24T15:20:00+05:30,1491,1498.4,1491,1494.4,42676
2026-06-24T15:25:00+05:30,1494.5,1498,1492.2,1497,35838
2026-06-25T09:15:00+05:30,1509,1513.4,1502.7,1513.4,43942
2026-06-25T09:20:00+05:30,1512.1,1514.7,1509.5,1509.7,32181
2026-06-25T09:25:00+05:30,1510.9,1512.4,1507,1510.5,22199
2026-06-25T09:30:00+05:30,1510,1511.8,1505.3,1511.4,28977
2026-06-25T09:35:00+05:30,1512,1521,1510.2,1513.6,58781
2026-06-25T09:40:00+05:30,1513.3,1517.9,1510.2,1516.6,25125
2026-06-25T09:45:00+05:30,1516.8,1520,1514.3,1514.9,28537
2026-06-25T09:50:00+05:30,1514.9,1520,1511,1519.5,22760
2026-06-25T09:55:00+05:30,1519.5,1520,1516.5,1517.5,15935
2026-06-25T10:00:00+05:30,1517.3,1519.1,1514,1514,28744
2026-06-25T10:05:00+05:30,1514,1514.8,1508.1,1512.5,21327
2026-06-25T10:10:00+05:30,1512.5,1515.5,1512.5,1513,8307
2026-06-25T10:15:00+05:30,1513,1515.6,1512.9,1515.2,7924
2026-06-25T10:20:00+05:30,1514.2,1515.5,1512.9,1515,8108
2026-06-25T10:25:00+05:30,1515,1515,1510.5,1512.7,11118
2026-06-25T10:30:00+05:30,1513,1516,1512.3,1515.8,9912
2026-06-25T10:35:00+05:30,1515.8,1518.8,1515.8,1518.3,17670
2026-06-25T10:40:00+05:30,1519,1520,1517.3,1519.4,14886
2026-06-25T10:45:00+05:30,1518.6,1520.7,1518.3,1519.4,10670
2026-06-25T10:50:00+05:30,1519.1,1519.5,1515,1515.1,10023
2026-06-25T10:55:00+05:30,1515.1,1515.4,1507.1,1514.5,19105
2026-06-25T11:00:00+05:30,1514.1,1518.4,1512.9,1518.1,6661
2026-06-25T11:05:00+05:30,1518.1,1523.6,1517.7,1520.9,40817
2026-06-25T11:10:00+05:30,1520.9,1522,1519.1,1521.4,7553
2026-06-25T11:15:00+05:30,1521.3,1531,1521.2,1526.8,57016
2026-06-25T11:20:00+05:30,1526.8,1530.3,1526.2,1527.3,23288
2026-06-25T11:25:00+05:30,1527.2,1527.2,1523.9,1526.5,16701
2026-06-25T11:30:00+05:30,1526.5,1528,1524.5,1525.2,13625
2026-06-25T11:35:00+05:30,1525.2,1528,1523,1527.1,18152
2026-06-25T11:40:00+05:30,1527.1,1527.1,1519.7,1523,29329
2026-06-25T11:45:00+05:30,1523,1523,1520.7,1522.6,4366
2026-06-25T11:50:00+05:30,1522.6,1524.1,1521.1,1521.2,7798
2026-06-25T11:55:00+05:30,1521.2,1524.5,1521.2,1523.9,4448
2026-06-25T12:00:00+05:30,1523.9,1526.9,1523.9,1526.4,7586
2026-06-25T12:05:00+05:30,1526.4,1526.4,1525.1,1526,5695
2026-06-25T12:10:00+05:30,1526,1527,1524.8,1525.4,6734
2026-06-25T12:15:00+05:30,1525.4,1525.4,1524,1525,9392
2026-06-25T12:20:00+05:30,1525,1525.4,1522.6,1523,10401
2026-06-25T12:25:00+05:30,1523,1523.4,1520,1521.1,8747
2026-06-25T12:30:00+05:30,1521.1,1522.7,1517.6,1521.7,18850
2026-06-25T12:35:00+05:30,1521.7,1526,1521.4,1525.9,8232
2026-06-25T12:40:00+05:30,1525.9,1526,1522.9,1523.5,7346
2026-06-25T12:45:00+05:30,1523.5,1524.6,1522.3,1523,5511
2026-06-25T12:50:00+05:30,1523,1523.4,1518.4,1520,7166
2026-06-25T12:55:00+05:30,1520,1520,1515,1517.1,12868
2026-06-25T13:00:00+05:30,1517.8,1523,1517,1523,10915
2026-06-25T13:05:00+05:30,1523.4,1524.3,1522.4,1522.4,3142
2026-06-25T13:10:00+05:30,1522.9,1522.9,1517.2,1517.2,7331
2026-06-25T13:15:00+05:30,1517.2,1520.4,1517.1,1519.6,5347
2026-06-25T13:20:00+05:30,1519.6,1522.9,1519.6,1522.4,4923
2026-06-25T13:25:00+05:30,1522.4,1522.9,1520,1520,2489
2026-06-25T13:30:00+05:30,1520,1520.8,1517.7,1519.1,6891
2026-06-25T13:35:00+05:30,1519.3,1519.9,1518,1519.9,3624
2026-06-25T13:40:00+05:30,1519.8,1519.9,1518.1,1518.7,6232
2026-06-25T13:45:00+05:30,1519.1,1521,1518,1520,7848
2026-06-25T13:50:00+05:30,1520,1521.9,1518,1520.7,24255
2026-06-25T13:55:00+05:30,1520.7,1521.5,1518.3,1519.4,1958
2026-06-25T14:00:00+05:30,1519.4,1520.2,1518,1519.9,3147
2026-06-25T14:05:00+05:30,1519.9,1520,1515.3,1515.6,18678
2026-06-25T14:10:00+05:30,1515.3,1515.3,1512,1512.7,12505
2026-06-25T14:15:00+05:30,1512.7,1512.7,1509.8,1509.9,11360
2026-06-25T14:20:00+05:30,1509.9,1513.3,1509.9,1512.9,9366
2026-06-25T14:25:00+05:30,1513,1513.2,1509.5,1512.7,10453
2026-06-25T14:30:00+05:30,1512.2,1515.9,1512.2,1515.9,7661
2026-06-25T14:35:00+05:30,1516,1516,1512.5,1512.5,9970
2026-06-25T14:40:00+05:30,1512.5,1512.9,1509,1510,10393
2026-06-25T14:45:00+05:30,1510,1510.7,1507.1,1507.7,22863
2026-06-25T14:50:00+05:30,1507.7,1511.9,1507.1,1511.7,7877
2026-06-25T14:55:00+05:30,1511.7,1511.7,1507.6,1509,6807
2026-06-25T15:00:00+05:30,1509,1516.1,1506.3,1516.1,42642
2026-06-25T15:05:00+05:30,1516.1,1517,1511.6,1512.2,21030
2026-06-25T15:10:00+05:30,1512.2,1513.2,1507.9,1508.4,26972
2026-06-25T15:15:00+05:30,1508.4,1508.9,1505,1505.3,36465
2026-06-25T15:20:00+05:30,1504.8,1505.4,1500.5,1504,58228
2026-06-25T15:25:00+05:30,1504,1506.9,1503.3,1506.2,45486
2026-06-29T09:15:00+05:30,1505,1505,1482.6,1485.6,90809
2026-06-29T09:20:00+05:30,1485.7,1488.2,1476.7,1477.7,65514
2026-06-29T09:25:00+05:30,1477.7,1479.5,1465,1478.7,71211
2026-06-29T09:30:00+05:30,1478.7,1481.1,1474.8,1474.8,31391
2026-06-29T09:35:00+05:30,1474.8,1481.1,1470.9,1478.3,17733
2026-06-29T09:40:00+05:30,1478.7,1480,1475.3,1475.5,22033
2026-06-29T09:45:00+05:30,1475.5,1477.5,1471.8,1473,19031
2026-06-29T09:50:00+05:30,1473,1479.3,1472.7,1476.3,26570
2026-06-29T09:55:00+05:30,1475.6,1480,1475.1,1480,17738
2026-06-29T10:00:00+05:30,1480,1482.5,1478,1482,25446
2026-06-29T10:05:00+05:30,1482,1484.6,1478.6,1481.3,36520
2026-06-29T10:10:00+05:30,1481,1482.4,1480,1480,15550
2026-06-29T10:15:00+05:30,1479.8,1480,1477.1,1479.8,25438
2026-06-29T10:20:00+05:30,1479.8,1481.5,1477.6,1480.1,23085
2026-06-29T10:25:00+05:30,1480.1,1485.5,1480.1,1485.1,33311
2026-06-29T10:30:00+05:30,1485.1,1485.2,1481.4,1484.1,24751
2026-06-29T10:35:00+05:30,1484.1,1484.1,1480,1483.9,20600
2026-06-29T10:40:00+05:30,1483.9,1486,1483.3,1485.6,37376
2026-06-29T10:45:00+05:30,1485.2,1486.3,1483.6,1485.2,70608
2026-06-29T10:50:00+05:30,1485.2,1486.9,1484.2,1485.2,64405
2026-06-29T10:55:00+05:30,1485.2,1487.3,1484.6,1485.2,89866
2026-06-29T11:00:00+05:30,1485.7,1486.7,1484.4,1485,181136
2026-06-29T11:05:00+05:30,1485.7,1486.1,1482.5,1485.2,39996
2026-06-29T11:10:00+05:30,1485.2,1488.5,1484.5,1485,55050
2026-06-29T11:15:00+05:30,1485,1485.9,1483.2,1485.5,29746
2026-06-29T11:20:00+05:30,1485.2,1486.8,1484,1485.5,90231
2026-06-29T11:25:00+05:30,1487.2,1491.5,1485.1,1486.9,175862
2026-06-29T11:30:00+05:30,1486.9,1487.5,1484.6,1485.8,26030
2026-06-29T11:35:00+05:30,1485.9,1488,1485.5,1486.8,20059
2026-06-29T11:40:00+05:30,1487.1,1487.2,1484,1485.3,29931
2026-06-29T11:45:00+05:30,1485.5,1486,1483.2,1485,31945
2026-06-29T11:50:00+05:30,1485,1498.6,1485,1496.5,45273
2026-06-29T11:55:00+05:30,1496.5,1497,1489.6,1490.2,45733
2026-06-29T12:00:00+05:30,1490.4,1490.8,1484.8,1485.7,62541
2026-06-29T12:05:00+05:30,1485.8,1486,1483.1,1485.4,62286
2026-06-29T12:10:00+05:30,1485.4,1486,1484.3,1485.4,107301
2026-06-29T12:15:00+05:30,1485.4,1485.7,1483,1484.2,39931
2026-06-29T12:20:00+05:30,1484.2,1484.9,1481.2,1482,39098
2026-06-29T12:25:00+05:30,1482,1482.6,1477.5,1478.5,62143
2026-06-29T12:30:00+05:30,1478.3,1479,1473.4,1477.7,42373
2026-06-29T12:35:00+05:30,1477.7,1485.2,1476.7,1484.8,36631
2026-06-29T12:40:00+05:30,1485,1485.6,1482.6,1485.3,35829
2026-06-29T12:45:00+05:30,1485.3,1485.3,1478.5,1479.7,45016
2026-06-29T12:50:00+05:30,1479.7,1480,1477.9,1479,39393
2026-06-29T12:55:00+05:30,1479,1484.6,1478.2,1484,39886
2026-06-29T13:00:00+05:30,1484,1485.6,1482.8,1485.1,37675
2026-06-29T13:05:00+05:30,1485.1,1486,1484,1485.3,58531
2026-06-29T13:10:00+05:30,1485.3,1486,1483.2,1485,80045
2026-06-29T13:15:00+05:30,1485,1485.5,1483.9,1485.5,41213
2026-06-29T13:20:00+05:30,1485.5,1485.7,1481.9,1482.1,44104
2026-06-29T13:25:00+05:30,1482.1,1488,1482,1486.2,59706
2026-06-29T13:30:00+05:30,1485.3,1487.2,1483.3,1485.3,51082
2026-06-29T13:35:00+05:30,1485.3,1486,1485,1485.9,137552
2026-06-29T13:40:00+05:30,1485.9,1494.7,1485.2,1486,197327
2026-06-29T13:45:00+05:30,1486,1490,1485.5,1487.1,83470
2026-06-29T13:50:00+05:30,1487.1,1487.5,1483.8,1486.4,84652
2026-06-29T13:55:00+05:30,1486.3,1488.1,1485.5,1487.8,49881
2026-06-29T14:00:00+05:30,1487.8,1489.4,1487.1,1487.8,49007
2026-06-29T14:05:00+05:30,1487.8,1490,1486,1489.7,56426
2026-06-29T14:10:00+05:30,1489.6,1489.9,1487,1488.3,70102
2026-06-29T14:15:00+05:30,1488.2,1488.6,1485.5,1486,67102
2026-06-29T14:20:00+05:30,1486,1486.4,1484.7,1485.2,80376
2026-06-29T14:25:00+05:30,1485.2,1486.4,1485,1486,66432
2026-06-29T14:30:00+05:30,1486,1486.5,1485.3,1485.5,60438
2026-06-29T14:35:00+05:30,1485.5,1486.2,1485.1,1485.9,69921
2026-06-29T14:40:00+05:30,1485.9,1486,1484,1484,83980
2026-06-29T14:45:00+05:30,1484,1484,1478.6,1479.2,64705
2026-06-29T14:50:00+05:30,1479.1,1480,1476.9,1477.6,76394
2026-06-29T14:55:00+05:30,1477.6,1480.1,1474.3,1475.9,62904
2026-06-29T15:00:00+05:30,1475.9,1485.9,1475.9,1485.1,694995
2026-06-29T15:05:00+05:30,1485.2,1489.4,1485,1488.3,698368
2026-06-29T15:10:00+05:30,1488.2,1489.4,1486.3,1488.8,662029
2026-06-29T15:15:00+05:30,1488.9,1489.6,1484.6,1485.2,683275
2026-06-29T15:20:00+05:30,1485.3,1485.8,1484.5,1484.5,664920
2026-06-29T15:25:00+05:30,1484.9,1485.2,1476.1,1483,349515
2026-06-30T09:15:00+05:30,1494,1499.2,1486.1,1487.3,53993
2026-06-30T09:20:00+05:30,1486.4,1486.8,1474,1476.4,50397
2026-06-30T09:25:00+05:30,1475.4,1485.5,1474.1,1479.6,51874
2026-06-30T09:30:00+05:30,1479.6,1483.5,1478.1,1482.6,20376
2026-06-30T09:35:00+05:30,1482.6,1486.8,1480.6,1486.4,22288
2026-06-30T09:40:00+05:30,1486.4,1487,1482.1,1482.9,22623
2026-06-30T09:45:00+05:30,1483.3,1484,1481.5,1482.9,13796
2026-06-30T09:50:00+05:30,1482.6,1486.4,1482.6,1484.9,12896
2026-06-30T09:55:00+05:30,1484.9,1485.9,1483,1483,16193
2026-06-30T10:00:00+05:30,1483,1486.4,1481.6,1485.6,15397
2026-06-30T10:05:00+05:30,1486.4,1488.6,1486,1486.7,13738
2026-06-30T10:10:00+05:30,1486.7,1487,1485.3,1485.5,10929
2026-06-30T10:15:00+05:30,1485.6,1485.8,1483.4,1483.6,16855
2026-06-30T10:20:00+05:30,1483.6,1484.5,1479,1480.4,30467
2026-06-30T10:25:00+05:30,1480.1,1480.8,1476.5,1478.9,14020
2026-06-30T10:30:00+05:30,1478.7,1478.9,1477.9,1478.9,8481
2026-06-30T10:35:00+05:30,1478.9,1478.9,1478.2,1478.5,6925
2026-06-30T10:40:00+05:30,1478.5,1478.6,1475.5,1478.6,12688
2026-06-30T10:45:00+05:30,1478.6,1478.6,1475.2,1478,12895
2026-06-30T10:50:00+05:30,1478,1483.6,1478,1481,11192
2026-06-30T10:55:00+05:30,1481,1481.8,1478.8,1479.7,9743
2026-06-30T11:00:00+05:30,1479.7,1479.7,1477,1477,6110
2026-06-30T11:05:00+05:30,1477,1481.5,1477,1479.6,7525
2026-06-30T11:10:00+05:30,1479.6,1486.4,1479.2,1485.8,37855
2026-06-30T11:15:00+05:30,1485.8,1486.4,1483.6,1483.6,22058
2026-06-30T11:20:00+05:30,1483.6,1484,1480,1480.7,19953
2026-06-30T11:25:00+05:30,1480.7,1481,1477.1,1477.1,25254
2026-06-30T11:30:00+05:30,1477.1,1479,1474.1,1477.3,23839
2026-06-30T11:35:00+05:30,1477.3,1477.5,1475.4,1476.3,13205
2026-06-30T11:40:00+05:30,1476.3,1478.4,1475.1,1475.7,11613
2026-06-30T11:45:00+05:30,1475.7,1476.4,1475.4,1475.6,4512
2026-06-30T11:50:00+05:30,1475.6,1477.2,1475.2,1477.1,8032
2026-06-30T11:55:00+05:30,1477.3,1480,1477.2,1479.5,32931
2026-06-30T12:00:00+05:30,1479.4,1479.4,1476.5,1477.3,5229
2026-06-30T12:05:00+05:30,1477.3,1478.6,1477,1477.9,5943
2026-06-30T12:10:00+05:30,1477.9,1478,1476.5,1477,4369
2026-06-30T12:15:00+05:30,1477,1477.6,1476,1477.5,7545
2026-06-30T12:20:00+05:30,1477.5,1478.9,1476.4,1478.2,4658
2026-06-30T12:25:00+05:30,1478.2,1478.4,1477,1478,5466
2026-06-30T12:30:00+05:30,1478,1478.4,1474.9,1474.9,8888
2026-06-30T12:35:00+05:30,1474.7,1476.5,1474.7,1476.2,7319
2026-06-30T12:40:00+05:30,1476,1478.8,1476,1478.6,4594
2026-06-30T12:45:00+05:30,1478.7,1478.8,1476.8,1477.9,6178
2026-06-30T12:50:00+05:30,1477.9,1477.9,1476.4,1477.1,3441
2026-06-30T12:55:00+05:30,1477.1,1477.9,1475.1,1475.9,7474
2026-06-30T13:00:00+05:30,1475.9,1476.7,1475.3,1475.9,4697
2026-06-30T13:05:00+05:30,1475.9,1476.6,1474.1,1474.5,16093
2026-06-30T13:10:00+05:30,1474.1,1474.5,1471,1472,15854
2026-06-30T13:15:00+05:30,1472,1474.6,1472,1473.3,8539
2026-06-30T13:20:00+05:30,1473.3,1474.2,1473,1473.3,6172
2026-06-30T13:25:00+05:30,1473.3,1476.3,1473.2,1476.2,7517
2026-06-30T13:30:00+05:30,1476,1481.3,1476,1479.8,36671
2026-06-30T13:35:00+05:30,1480,1481,1479.1,1480.6,11222
2026-06-30T13:40:00+05:30,1480.6,1486.2,1480.6,1485.3,39092
2026-06-30T13:45:00+05:30,1485.3,1486.4,1484.2,1486.4,28314
2026-06-30T13:50:00+05:30,1486.3,1487.6,1481.9,1483,123411
2026-06-30T13:55:00+05:30,1482.8,1483.3,1481.4,1481.5,12995
2026-06-30T14:00:00+05:30,1481.7,1482.7,1478.5,1479.8,33632
2026-06-30T14:05:00+05:30,1479.1,1480.9,1478.9,1480,49466
2026-06-30T14:10:00+05:30,1480.3,1482.6,1477.9,1478.5,54167
2026-06-30T14:15:00+05:30,1478.1,1482.8,1478,1482.8,40012
2026-06-30T14:20:00+05:30,1482.2,1486,1482,1485.3,12572
2026-06-30T14:25:00+05:30,1485.3,1495,1485.3,1493.5,147470
2026-06-30T14:30:00+05:30,1493.5,1494.4,1489.3,1493,154576
2026-06-30T14:35:00+05:30,1493,1493.2,1489.6,1490.3,21426
2026-06-30T14:40:00+05:30,1490.3,1493,1489.6,1491.8,31396
2026-06-30T14:45:00+05:30,1492.3,1493.7,1491.6,1493,90008
2026-06-30T14:50:00+05:30,1492.9,1493.6,1492.2,1492.9,60430
2026-06-30T14:55:00+05:30,1492.4,1493,1487.3,1489.9,74865
2026-06-30T15:00:00+05:30,1490,1491,1486.5,1489.3,38208
2026-06-30T15:05:00+05:30,1488.9,1493,1488.6,1492.3,61446
2026-06-30T15:10:00+05:30,1492.3,1493,1491,1492,84180
2026-06-30T15:15:00+05:30,1492.1,1492.8,1487,1489.9,78787
2026-06-30T15:20:00+05:30,1489.9,1493,1489.7,1492.4,67129
2026-06-30T15:25:00+05:30,1492.4,1493.7,1491.6,1492.9,48975
2026-07-01T09:15:00+05:30,1491.4,1491.4,1470,1479.9,103930
2026-07-01T09:20:00+05:30,1480.9,1483.2,1479.7,1482.7,25399
2026-07-01T09:25:00+05:30,1482.3,1483,1479.3,1479.3,21625
2026-07-01T09:30:00+05:30,1478,1483.6,1478,1483,19960
2026-07-01T09:35:00+05:30,1483,1488.9,1482.3,1488.2,30657
2026-07-01T09:40:00+05:30,1488.2,1488.8,1479.2,1480.9,25886
2026-07-01T09:45:00+05:30,1480.8,1482.9,1476.2,1477.3,20206
2026-07-01T09:50:00+05:30,1477,1478.1,1475.4,1477.3,18166
2026-07-01T09:55:00+05:30,1477.3,1478.3,1476,1477.2,8515
2026-07-01T10:00:00+05:30,1476.8,1481.8,1476.8,1480,9777
2026-07-01T10:05:00+05:30,1480,1483.1,1479.5,1482.3,4692
2026-07-01T10:10:00+05:30,1481.8,1482.8,1480.4,1481.5,6619
2026-07-01T10:15:00+05:30,1481.5,1497.5,1481.5,1497.2,55852
2026-07-01T10:20:00+05:30,1497.4,1502,1495.8,1498.7,33119
2026-07-01T10:25:00+05:30,1498.1,1509.4,1495.4,1507.7,43615
2026-07-01T10:30:00+05:30,1507.7,1525,1507.7,1520.2,106844
2026-07-01T10:35:00+05:30,1520.2,1528.9,1518,1521.9,55929
2026-07-01T10:40:00+05:30,1521.9,1523.7,1517,1520.8,30813
2026-07-01T10:45:00+05:30,1520.8,1534.5,1520.8,1533.1,64858
2026-07-01T10:50:00+05:30,1533.1,1536.7,1525.6,1526,66082
2026-07-01T10:55:00+05:30,1526,1527.2,1519.3,1520,25704
2026-07-01T11:00:00+05:30,1520,1521.9,1515.3,1520.6,17818
2026-07-01T11:05:00+05:30,1520.7,1523.7,1517.5,1517.5,10992
2026-07-01T11:10:00+05:30,1517.5,1521.4,1517,1520.2,9813
2026-07-01T11:15:00+05:30,1520.2,1521.6,1517.5,1517.5,10766
2026-07-01T11:20:00+05:30,1517,1520,1517,1518.7,8710
2026-07-01T11:25:00+05:30,1519.2,1519.2,1513,1518.2,53025
2026-07-01T11:30:00+05:30,1518.2,1521.6,1517.3,1518.8,9182
2026-07-01T11:35:00+05:30,1518.8,1518.8,1513.6,1515.9,48510
2026-07-01T11:40:00+05:30,1516.2,1517.9,1515.9,1516.1,5605
2026-07-01T11:45:00+05:30,1516.1,1518.9,1512.2,1512.9,40743
2026-07-01T11:50:00+05:30,1512.9,1515.1,1510.1,1511,12512
2026-07-01T11:55:00+05:30,1510.8,1511,1506.2,1510.6,17895
2026-07-01T12:00:00+05:30,1510.6,1518.7,1510.3,1518.1,21963
2026-07-01T12:05:00+05:30,1518.1,1531.6,1517.9,1530,42782
2026-07-01T12:10:00+05:30,1530,1530.5,1520.4,1520.7,54545
2026-07-01T12:15:00+05:30,1520.6,1531.4,1519.5,1531.2,38557
2026-07-01T12:20:00+05:30,1530.6,1530.7,1521.8,1525.7,18174
2026-07-01T12:25:00+05:30,1525.7,1525.7,1518.2,1519.8,32494
2026-07-01T12:30:00+05:30,1519.4,1525.9,1519.4,1524.8,10871
2026-07-01T12:35:00+05:30,1524,1526,1524,1524.8,6359
2026-07-01T12:40:00+05:30,1524.8,1525.4,1520.4,1521.9,30928
2026-07-01T12:45:00+05:30,1521.9,1524.8,1521.2,1523.9,6116
2026-07-01T12:50:00+05:30,1523.9,1526.8,1522.9,1523,12046
2026-07-01T12:55:00+05:30,1523,1527.4,1523,1527,32520
2026-07-01T13:00:00+05:30,1527,1530,1513,1515,62368
2026-07-01T13:05:00+05:30,1515.8,1518.7,1513.5,1515.4,24210
2026-07-01T13:10:00+05:30,1515.4,1520.2,1514.6,1519.6,14695
2026-07-01T13:15:00+05:30,1520,1522.4,1518.6,1519,11751
2026-07-01T13:20:00+05:30,1518.1,1519.2,1516.5,1518.6,4064
2026-07-01T13:25:00+05:30,1518.6,1519.2,1517,1518.8,4773
2026-07-01T13:30:00+05:30,1518.8,1520.1,1516.3,1520.1,6772
2026-07-01T13:35:00+05:30,1520.1,1521.1,1517,1520.5,7952
2026-07-01T13:40:00+05:30,1520.5,1523,1518.8,1519.4,8507
2026-07-01T13:45:00+05:30,1519.4,1520.3,1517.5,1518,6178
2026-07-01T13:50:00+05:30,1518,1518,1515,1515.9,10099
2026-07-01T13:55:00+05:30,1515.2,1517.8,1515.1,1516.2,14389
2026-07-01T14:00:00+05:30,1516.2,1517,1512.3,1515.5,16823
2026-07-01T14:05:00+05:30,1515.5,1515.5,1512.5,1513.3,18031
2026-07-01T14:10:00+05:30,1513.3,1515.3,1512.6,1513.9,9423
2026-07-01T14:15:00+05:30,1513.9,1513.9,1511,1511.8,13261
2026-07-01T14:20:00+05:30,1511.8,1513.3,1511.8,1513.2,10817
2026-07-01T14:25:00+05:30,1513.2,1515.7,1513,1513,26278
2026-07-01T14:30:00+05:30,1513,1515.4,1512,1514.6,14711
2026-07-01T14:35:00+05:30,1514.5,1516.5,1512.5,1513.6,20589
2026-07-01T14:40:00+05:30,1513.6,1520.8,1512.9,1519,27637
2026-07-01T14:45:00+05:30,1519,1520.8,1518.4,1518.4,21393
2026-07-01T14:50:00+05:30,1518.4,1521,1518.4,1520.4,22780
2026-07-01T14:55:00+05:30,1520.4,1521.5,1518.7,1520,20473
2026-07-01T15:00:00+05:30,1520,1524.9,1519,1521.5,60753
2026-07-01T15:05:00+05:30,1521.3,1525.9,1518.6,1522,65203
2026-07-01T15:10:00+05:30,1522.2,1522.2,1519.9,1520.3,36827
2026-07-01T15:15:00+05:30,1520.5,1524.7,1520.3,1524,58340
2026-07-01T15:20:00+05:30,1524,1524,1520.2,1521.5,77902
2026-07-01T15:25:00+05:30,1521.2,1522.4,1515,1516,65448
2026-07-02T09:15:00+05:30,1524.9,1538.9,1516.1,1516.4,77089
2026-07-02T09:20:00+05:30,1517.4,1517.4,1500.7,1507.5,73238
2026-07-02T09:25:00+05:30,1507.5,1511.2,1498.3,1499.6,55231
2026-07-02T09:30:00+05:30,1498,1506.3,1495.9,1505.5,36268
2026-07-02T09:35:00+05:30,1505.5,1523.5,1505.5,1517.4,44724
2026-07-02T09:40:00+05:30,1517.4,1517.5,1513.6,1516.3,13852
2026-07-02T09:45:00+05:30,1516.3,1519.3,1514,1517.1,17161
2026-07-02T09:50:00+05:30,1517.1,1517.5,1511.7,1517.5,12289
2026-07-02T09:55:00+05:30,1518,1521,1516.6,1520.6,13310
2026-07-02T10:00:00+05:30,1519.3,1519.8,1515.7,1519.3,6926
2026-07-02T10:05:00+05:30,1519.9,1526.4,1516,1526.4,32745
2026-07-02T10:10:00+05:30,1526.4,1533.9,1524.9,1533.1,28448
2026-07-02T10:15:00+05:30,1533.1,1547.5,1530.6,1541.2,94655
2026-07-02T10:20:00+05:30,1541.1,1542,1534.3,1536,40446
2026-07-02T10:25:00+05:30,1535,1538.3,1534.2,1538.1,15300
2026-07-02T10:30:00+05:30,1538.1,1543,1533.4,1542.1,50408
2026-07-02T10:35:00+05:30,1542.1,1544,1540.7,1541,23296
2026-07-02T10:40:00+05:30,1541,1541,1533.4,1537.8,19759
2026-07-02T10:45:00+05:30,1538,1538.7,1532.1,1532.9,18387
2026-07-02T10:50:00+05:30,1532.9,1540.4,1532.5,1535.5,48106
2026-07-02T10:55:00+05:30,1535.7,1537.4,1532.5,1532.9,17870
2026-07-02T11:00:00+05:30,1532.9,1537,1531.4,1537,16569
2026-07-02T11:05:00+05:30,1537,1542.1,1535.5,1538,35377
2026-07-02T11:10:00+05:30,1538,1541.7,1537.5,1539,62103
2026-07-02T11:15:00+05:30,1539,1544.1,1537.5,1540.9,54272
2026-07-02T11:20:00+05:30,1540.9,1542.3,1538.8,1541.6,49640
2026-07-02T11:25:00+05:30,1541.6,1551.9,1539.3,1548.6,106745
2026-07-02T11:30:00+05:30,1548.6,1557,1547.1,1556.5,83533
2026-07-02T11:35:00+05:30,1556.2,1558.9,1555,1557.3,56085
2026-07-02T11:40:00+05:30,1557.3,1558.1,1554.8,1558,27524
2026-07-02T11:45:00+05:30,1558,1569.2,1558,1562.5,145333
2026-07-02T11:50:00+05:30,1562.5,1570.3,1557.7,1562.3,175917
2026-07-02T11:55:00+05:30,1562.3,1567.5,1561.7,1563.1,33610
2026-07-02T12:00:00+05:30,1563.8,1564.9,1558.2,1560.7,22334
2026-07-02T12:05:00+05:30,1560.7,1560.8,1553.1,1557.6,49679
2026-07-02T12:10:00+05:30,1557.4,1557.4,1551.7,1554.2,28646
2026-07-02T12:15:00+05:30,1554.2,1555,1552,1554.9,17236
2026-07-02T12:20:00+05:30,1554.8,1554.8,1551,1552.9,23147
2026-07-02T12:25:00+05:30,1553.2,1553.3,1550.2,1550.3,34078
2026-07-02T12:30:00+05:30,1551.1,1551.4,1548.2,1550.8,15227
2026-07-02T12:35:00+05:30,1550.8,1551.4,1547.1,1548.9,49923
2026-07-02T12:40:00+05:30,1548.9,1549.6,1547.4,1548,25520
2026-07-02T12:45:00+05:30,1548,1548.2,1541.1,1541.8,38120
2026-07-02T12:50:00+05:30,1541.8,1542.9,1539.4,1540.5,24650
2026-07-02T12:55:00+05:30,1541.3,1542.3,1540,1540.3,11903
2026-07-02T13:00:00+05:30,1540.3,1541.7,1538.8,1541.7,18874
2026-07-02T13:05:00+05:30,1541.9,1546.5,1539.7,1543.1,37167
2026-07-02T13:10:00+05:30,1543.7,1544.9,1542.8,1543.5,12546
2026-07-02T13:15:00+05:30,1543.5,1548.5,1542.7,1547.7,13847
2026-07-02T13:20:00+05:30,1547.7,1555,1547.4,1554.5,29431
2026-07-02T13:25:00+05:30,1554.5,1556,1550.2,1550.9,16736
2026-07-02T13:30:00+05:30,1550.1,1555.8,1550.1,1555.1,16008
2026-07-02T13:35:00+05:30,1555.1,1555.4,1550,1551.9,13234
2026-07-02T13:40:00+05:30,1551.5,1554.2,1550.9,1552.6,16572
2026-07-02T13:45:00+05:30,1552.6,1553.3,1551,1552.8,16615
2026-07-02T13:50:00+05:30,1552.8,1556,1551.6,1555.8,16020
2026-07-02T13:55:00+05:30,1555.9,1556.5,1553.4,1555.1,12578
2026-07-02T14:00:00+05:30,1555.1,1556,1552.2,1554.4,14867
2026-07-02T14:05:00+05:30,1554.6,1556,1550.7,1551.4,18120
2026-07-02T14:10:00+05:30,1551.4,1552,1550,1551.7,13605
2026-07-02T14:15:00+05:30,1551.7,1552.3,1549.9,1550.5,16842
2026-07-02T14:20:00+05:30,1551,1554.1,1550.1,1552.6,11384
2026-07-02T14:25:00+05:30,1552.6,1552.7,1550.6,1551.6,10733
2026-07-02T14:30:00+05:30,1552.3,1553.5,1551.1,1552.5,10303
2026-07-02T14:35:00+05:30,1552,1555.6,1552,1555.6,10916
2026-07-02T14:40:00+05:30,1555.3,1555.3,1552.7,1554.1,9309
2026-07-02T14:45:00+05:30,1554.1,1556.5,1553.6,1555.8,21192
2026-07-02T14:50:00+05:30,1555.8,1560,1554.6,1559,23943
2026-07-02T14:55:00+05:30,1559,1560.2,1556.4,1557.3,20997
2026-07-02T15:00:00+05:30,1557.5,1557.5,1554.6,1556.8,18503
2026-07-02T15:05:00+05:30,1556.9,1557.2,1556,1557,19914
2026-07-02T15:10:00+05:30,1557.4,1559,1555.5,1558.8,25695
2026-07-02T15:15:00+05:30,1558.8,1562.6,1556.2,1556.6,64715
2026-07-02T15:20:00+05:30,1556.6,1558.1,1555,1556.9,58477
2026-07-02T15:25:00+05:30,1557,1557,1552.6,1556.8,63648
2026-07-03T09:15:00+05:30,1562,1564,1542.5,1550,93732
2026-07-03T09:20:00+05:30,1548.9,1548.9,1534.2,1536,85509
2026-07-03T09:25:00+05:30,1536.1,1539.7,1528,1531.6,69550
2026-07-03T09:30:00+05:30,1531.9,1547.7,1528.5,1544.8,54679
2026-07-03T09:35:00+05:30,1544.2,1549.9,1543,1543,26729
2026-07-03T09:40:00+05:30,1541.7,1543.1,1539.5,1541.5,18158
2026-07-03T09:45:00+05:30,1542.8,1549,1540.3,1547,35966
2026-07-03T09:50:00+05:30,1546.9,1552,1546.6,1549.2,29081
2026-07-03T09:55:00+05:30,1549.7,1551.6,1545.1,1546.4,30239
2026-07-03T10:00:00+05:30,1546.4,1548,1538,1541.9,38185
2026-07-03T10:05:00+05:30,1541.9,1542,1534.5,1535.8,40468
2026-07-03T10:10:00+05:30,1535.8,1538,1531.6,1532,38604
2026-07-03T10:15:00+05:30,1532.8,1534.5,1518.1,1518.1,117711
2026-07-03T10:20:00+05:30,1518.3,1520.7,1514,1515.5,69427
2026-07-03T10:25:00+05:30,1516.2,1531,1515.7,1529.8,53770
2026-07-03T10:30:00+05:30,1529.8,1539.4,1528.4,1536.4,48157
2026-07-03T10:35:00+05:30,1536.4,1538.2,1534,1535,36767
2026-07-03T10:40:00+05:30,1535,1536.6,1534.3,1535.5,14154
2026-07-03T10:45:00+05:30,1535.5,1538.8,1534.5,1537.9,15600
2026-07-03T10:50:00+05:30,1537.7,1538.1,1536.1,1537.2,11287
2026-07-03T10:55:00+05:30,1537,1537.6,1535,1536.7,15810
2026-07-03T11:00:00+05:30,1536.6,1537,1532.6,1535,33893
2026-07-03T11:05:00+05:30,1535,1539.9,1533.3,1539,47138
2026-07-03T11:10:00+05:30,1539.7,1542.8,1535.8,1539.3,26433
2026-07-03T11:15:00+05:30,1539.3,1545.9,1539.3,1543.8,19598
2026-07-03T11:20:00+05:30,1543.8,1548,1543.6,1547.2,24193
2026-07-03T11:25:00+05:30,1548,1567.4,1547.2,1559,170408
2026-07-03T11:30:00+05:30,1559.8,1563.2,1553.5,1555.9,51128
2026-07-03T11:35:00+05:30,1555.9,1559.8,1553.7,1556,26150
2026-07-03T11:40:00+05:30,1556,1558.2,1555,1555.8,8889
2026-07-03T11:45:00+05:30,1555.8,1556,1552.2,1555.9,11583
2026-07-03T11:50:00+05:30,1555.9,1566,1554.9,1559.3,41338
2026-07-03T11:55:00+05:30,1559.3,1563,1559,1560.4,24240
2026-07-03T12:00:00+05:30,1560.8,1561.5,1556.9,1557.5,9895
2026-07-03T12:05:00+05:30,1557.5,1563.4,1554.4,1563.4,37794
2026-07-03T12:10:00+05:30,1563.4,1563.5,1561,1563.5,13891
2026-07-03T12:15:00+05:30,1563.6,1566.4,1561.8,1566.4,22713
2026-07-03T12:20:00+05:30,1566.3,1567.5,1557.6,1560.5,38429
2026-07-03T12:25:00+05:30,1560.5,1563.9,1559.8,1563.8,11838
2026-07-03T12:30:00+05:30,1563.8,1564.9,1560.7,1564,10700
2026-07-03T12:35:00+05:30,1564,1564,1561,1561.2,10849
2026-07-03T12:40:00+05:30,1561.6,1566,1560.2,1564.4,30990
2026-07-03T12:45:00+05:30,1565,1570.2,1564.3,1568.4,170613
2026-07-03T12:50:00+05:30,1568.4,1574,1565.7,1568.2,50957
2026-07-03T12:55:00+05:30,1568.2,1570,1563.2,1564.6,21616
2026-07-03T13:00:00+05:30,1564.2,1565.8,1563,1563,15396
2026-07-03T13:05:00+05:30,1563,1563,1556.2,1557.8,27968
2026-07-03T13:10:00+05:30,1557.8,1562.3,1557.8,1561.6,11914
2026-07-03T13:15:00+05:30,1561.6,1563.9,1560.1,1563,13009
2026-07-03T13:20:00+05:30,1563,1565.8,1562.6,1564.9,11062
2026-07-03T13:25:00+05:30,1564.9,1565,1562.8,1563.8,12732
2026-07-03T13:30:00+05:30,1563.8,1564.8,1562.2,1563.5,9563
2026-07-03T13:35:00+05:30,1563.5,1564.4,1561,1563.3,9086
2026-07-03T13:40:00+05:30,1563.8,1564.4,1562.6,1563.5,10015
2026-07-03T13:45:00+05:30,1563.5,1565,1562.8,1565,8225
2026-07-03T13:50:00+05:30,1565,1565,1561.4,1561.4,11644
2026-07-03T13:55:00+05:30,1561.4,1562.8,1558.4,1558.4,8871
2026-07-03T14:00:00+05:30,1558.4,1560,1557.5,1558.5,9144
2026-07-03T14:05:00+05:30,1558.5,1559,1557,1557.7,10048
2026-07-03T14:10:00+05:30,1557.2,1561.8,1557.2,1560.5,24022
2026-07-03T14:15:00+05:30,1559.9,1560.5,1557.7,1558.2,11912
2026-07-03T14:20:00+05:30,1558.2,1559.6,1557.2,1559.3,10726
2026-07-03T14:25:00+05:30,1559.3,1560.2,1558.4,1559.2,7428
2026-07-03T14:30:00+05:30,1559.2,1563.8,1558.7,1562.4,16127
2026-07-03T14:35:00+05:30,1562.3,1563.1,1560.9,1561.9,13295
2026-07-03T14:40:00+05:30,1561.9,1563.1,1560.9,1562.4,9203
2026-07-03T14:45:00+05:30,1562,1564.9,1561.2,1564.8,12361
2026-07-03T14:50:00+05:30,1565,1568,1560.2,1565,52313
2026-07-03T14:55:00+05:30,1565,1573.9,1564,1569.4,93148
2026-07-03T15:00:00+05:30,1568.5,1570,1561.9,1562.7,74802
2026-07-03T15:05:00+05:30,1562.7,1563.9,1557,1557.1,57632
2026-07-03T15:10:00+05:30,1558.3,1563.4,1557,1561.7,70211
2026-07-03T15:15:00+05:30,1561.8,1564.4,1560.9,1563.2,57558
2026-07-03T15:20:00+05:30,1563.6,1577.9,1563.3,1576,205951
2026-07-03T15:25:00+05:30,1576.4,1579,1573.8,1574.1,95922
2026-07-06T09:15:00+05:30,1580,1598,1579,1582.7,112320
2026-07-06T09:20:00+05:30,1581.9,1588,1571,1583.7,65168
2026-07-06T09:25:00+05:30,1583.7,1587,1580.8,1582.5,34496
2026-07-06T09:30:00+05:30,1582.4,1589.8,1579.3,1588.8,64390
2026-07-06T09:35:00+05:30,1588.8,1596.5,1586.1,1595.9,71952
2026-07-06T09:40:00+05:30,1595.9,1597.3,1591.7,1595.9,39811
2026-07-06T09:45:00+05:30,1595.1,1605.1,1594.6,1598.8,135573
2026-07-06T09:50:00+05:30,1598.8,1602,1593.4,1600,62811
2026-07-06T09:55:00+05:30,1600,1601.2,1598.3,1600,81233
2026-07-06T10:00:00+05:30,1600,1600.5,1589.8,1592.3,72698
2026-07-06T10:05:00+05:30,1592.3,1594,1590.2,1591.6,9430
2026-07-06T10:10:00+05:30,1591.6,1596.4,1591.1,1595,19359
2026-07-06T10:15:00+05:30,1595,1601.9,1595,1600.5,25458
2026-07-06T10:20:00+05:30,1600,1603,1598.2,1601.5,71791
2026-07-06T10:25:00+05:30,1601.5,1606.9,1600,1606.9,64891
2026-07-06T10:30:00+05:30,1607.2,1607.7,1601,1602.3,27442
2026-07-06T10:35:00+05:30,1602.2,1611,1601.4,1607.3,109076
2026-07-06T10:40:00+05:30,1606.3,1609,1602.9,1606.5,50618
2026-07-06T10:45:00+05:30,1606.6,1608.5,1602.5,1604.8,46648
2026-07-06T10:50:00+05:30,1604.8,1607,1604,1605.1,14978
2026-07-06T10:55:00+05:30,1605.5,1606,1601.4,1605.8,21150
2026-07-06T11:00:00+05:30,1606,1611.9,1605.4,1606.3,44731
2026-07-06T11:05:00+05:30,1606.3,1606.9,1600,1605.3,42044
2026-07-06T11:10:00+05:30,1605.3,1610.9,1605,1610,30535
2026-07-06T11:15:00+05:30,1610.5,1616,1610,1615.6,116271
2026-07-06T11:20:00+05:30,1616,1624.4,1615.6,1620.9,170714
2026-07-06T11:25:00+05:30,1620.2,1634.8,1620.1,1632.9,424574
2026-07-06T11:30:00+05:30,1633,1633.7,1626.4,1631.5,239906
2026-07-06T11:35:00+05:30,1632.7,1636,1630,1632.2,79108
2026-07-06T11:40:00+05:30,1632.8,1641.8,1630.5,1637.2,122540
2026-07-06T11:45:00+05:30,1636.2,1641,1633.5,1634.3,84227
2026-07-06T11:50:00+05:30,1634.3,1638.8,1633.3,1638.4,66491
2026-07-06T11:55:00+05:30,1638.4,1646,1636.7,1641,109292
2026-07-06T12:00:00+05:30,1640.6,1650.7,1640.2,1644.8,333512
2026-07-06T12:05:00+05:30,1642.9,1644.7,1631.1,1633.4,153902
2026-07-06T12:10:00+05:30,1633,1635,1628.4,1631.7,60141
2026-07-06T12:15:00+05:30,1631.8,1634.8,1630,1631,43133
2026-07-06T12:20:00+05:30,1630.8,1632.5,1624,1627,71160
2026-07-06T12:25:00+05:30,1627,1628.8,1625.6,1627.2,25351
2026-07-06T12:30:00+05:30,1627.2,1634.7,1625.2,1626.6,61075
2026-07-06T12:35:00+05:30,1627.2,1628.8,1625.1,1626.8,30702
2026-07-06T12:40:00+05:30,1626.8,1628,1620.2,1621.2,35688
2026-07-06T12:45:00+05:30,1621.2,1626.6,1620.6,1625,34273
2026-07-06T12:50:00+05:30,1625,1625.1,1621.9,1622.2,15423
2026-07-06T12:55:00+05:30,1622.2,1624.3,1621.9,1623.9,20788
2026-07-06T13:00:00+05:30,1623.9,1626.4,1623,1625.4,17698
2026-07-06T13:05:00+05:30,1625.4,1636,1624.8,1635.7,61476
2026-07-06T13:10:00+05:30,1635.2,1641,1633.5,1637.8,81543
2026-07-06T13:15:00+05:30,1637.6,1648.1,1636.1,1646.4,103921
2026-07-06T13:20:00+05:30,1646.4,1648.9,1643,1646,75916
2026-07-06T13:25:00+05:30,1646.8,1649,1644.8,1645.2,37094
2026-07-06T13:30:00+05:30,1645,1645.8,1644,1645,32330
2026-07-06T13:35:00+05:30,1645.7,1646.6,1643.9,1644.5,32115
2026-07-06T13:40:00+05:30,1644.5,1647.5,1644.2,1645.1,40452
2026-07-06T13:45:00+05:30,1645.1,1646.9,1644.6,1646,22983
2026-07-06T13:50:00+05:30,1646,1647.5,1645.1,1645.9,28831
2026-07-06T13:55:00+05:30,1645.1,1645.8,1644,1644.1,26428
2026-07-06T14:00:00+05:30,1644.1,1648,1643.7,1647.6,27237
2026-07-06T14:05:00+05:30,1647.6,1647.6,1643.1,1644.5,34700
2026-07-06T14:10:00+05:30,1644.5,1645.9,1643.8,1644.1,19995
2026-07-06T14:15:00+05:30,1644.9,1646.3,1643,1643.2,14978
2026-07-06T14:20:00+05:30,1643.2,1644.4,1642.8,1644.4,25351
2026-07-06T14:25:00+05:30,1644.4,1645,1642.5,1642.6,26755
2026-07-06T14:30:00+05:30,1643,1644.7,1641.7,1644,24719
2026-07-06T14:35:00+05:30,1644,1645.8,1635,1637.7,41926
2026-07-06T14:40:00+05:30,1637.7,1643.9,1637.7,1639.3,23653
2026-07-06T14:45:00+05:30,1638.7,1639.3,1630,1631.4,50512
2026-07-06T14:50:00+05:30,1631.4,1631.5,1627.4,1628.2,44490
2026-07-06T14:55:00+05:30,1627.5,1630.4,1622.5,1623,62235
2026-07-06T15:00:00+05:30,1623.6,1626.8,1622.5,1623.9,68510
2026-07-06T15:05:00+05:30,1623.9,1625.9,1622.5,1623.2,29949
2026-07-06T15:10:00+05:30,1623.2,1624.6,1621,1622,38896
2026-07-06T15:15:00+05:30,1622,1624.4,1622,1623.7,51579
2026-07-06T15:20:00+05:30,1623.8,1623.8,1620,1621,70084
2026-07-06T15:25:00+05:30,1620.1,1629,1620,1627.6,51972
2026-07-07T09:15:00+05:30,1637.7,1659.8,1635,1657.5,226308
2026-07-07T09:20:00+05:30,1656,1657.2,1648.4,1649.3,127800
2026-07-07T09:25:00+05:30,1649.3,1652.7,1648,1648,91743
2026-07-07T09:30:00+05:30,1648.4,1650,1638.3,1648.8,122827
2026-07-07T09:35:00+05:30,1648,1650.7,1644.2,1646.4,104279
2026-07-07T09:40:00+05:30,1647,1652,1644.8,1645.6,79016
2026-07-07T09:45:00+05:30,1645.6,1645.6,1631.5,1634.9,91620
2026-07-07T09:50:00+05:30,1635,1638.1,1630,1630.7,74611
2026-07-07T09:55:00+05:30,1631.5,1632.6,1618,1623.7,135980
2026-07-07T10:00:00+05:30,1624.3,1629.9,1621,1626.4,89915
2026-07-07T10:05:00+05:30,1626.4,1629.3,1625,1627.8,60369
2026-07-07T10:10:00+05:30,1628.4,1628.4,1618.4,1620.8,111960
2026-07-07T10:15:00+05:30,1621.4,1628,1616,1625.1,82641
2026-07-07T10:20:00+05:30,1625.2,1626,1620.7,1620.9,70732
2026-07-07T10:25:00+05:30,1620.7,1623.4,1617.6,1621.7,117250
2026-07-07T10:30:00+05:30,1622,1629,1622,1628,41219
2026-07-07T10:35:00+05:30,1628,1631.6,1627.2,1629,43022
2026-07-07T10:40:00+05:30,1628.7,1629.3,1624.9,1628,34196
2026-07-07T10:45:00+05:30,1628,1629.2,1626,1627,25066
2026-07-07T10:50:00+05:30,1627,1630,1625.7,1629.9,25600
2026-07-07T10:55:00+05:30,1629.9,1629.9,1625.1,1627.2,25785
2026-07-07T11:00:00+05:30,1627.1,1634.6,1625.2,1634.5,37902
2026-07-07T11:05:00+05:30,1634.5,1635.8,1630.6,1631.5,35653
2026-07-07T11:10:00+05:30,1631.5,1639.6,1631,1639.3,69776
2026-07-07T11:15:00+05:30,1639.2,1640.5,1638,1639.7,28421
2026-07-07T11:20:00+05:30,1639.7,1641.7,1636.1,1641.7,22194
2026-07-07T11:25:00+05:30,1641.6,1643.6,1637,1642.4,84040
2026-07-07T11:30:00+05:30,1642.7,1643.1,1639.1,1640.8,59417
2026-07-07T11:35:00+05:30,1641,1643.4,1639.8,1642.7,56243
2026-07-07T11:40:00+05:30,1642.4,1643.6,1640.6,1643.2,23453
2026-07-07T11:45:00+05:30,1643.6,1644,1642.5,1642.7,24733
2026-07-07T11:50:00+05:30,1643,1644.8,1637.4,1644.4,36043
2026-07-07T11:55:00+05:30,1644.4,1649.4,1643.8,1647.9,31081
2026-07-07T12:00:00+05:30,1647.6,1648,1641.7,1644,31233
2026-07-07T12:05:00+05:30,1644.6,1645,1641.5,1641.6,54141
2026-07-07T12:10:00+05:30,1641.6,1648.5,1641.6,1647,27964
2026-07-07T12:15:00+05:30,1646.9,1647.9,1645.4,1646.7,16252
2026-07-07T12:20:00+05:30,1646.9,1648.8,1646.4,1648.1,20840
2026-07-07T12:25:00+05:30,1648.1,1650,1648.1,1649.5,30736
2026-07-07T12:30:00+05:30,1649.6,1650.3,1643.1,1644,34092
2026-07-07T12:35:00+05:30,1644,1647.2,1643.9,1646.6,15374
2026-07-07T12:40:00+05:30,1647.2,1647.3,1644.6,1646,15179
2026-07-07T12:45:00+05:30,1646,1646.2,1641.1,1642,37777
2026-07-07T12:50:00+05:30,1641.9,1642.5,1641.1,1642,12187
2026-07-07T12:55:00+05:30,1642,1642.1,1640.1,1642.1,9866
2026-07-07T13:00:00+05:30,1641.9,1642.3,1640.2,1641.6,13549
2026-07-07T13:05:00+05:30,1641.1,1641.8,1637.6,1638.7,21011
2026-07-07T13:10:00+05:30,1638.7,1640,1638.3,1639.4,13965
2026-07-07T13:15:00+05:30,1639.3,1640.4,1638,1638,18296
2026-07-07T13:20:00+05:30,1638,1641.1,1637.6,1639.6,17657
2026-07-07T13:25:00+05:30,1639.6,1643,1639.5,1642.8,29565
2026-07-07T13:30:00+05:30,1643,1643,1640.2,1641.2,12381
2026-07-07T13:35:00+05:30,1641.1,1642,1639,1640,25768
2026-07-07T13:40:00+05:30,1640,1643,1639.8,1641.6,26517
2026-07-07T13:45:00+05:30,1641.6,1644.9,1641.6,1642.9,14414
2026-07-07T13:50:00+05:30,1642.3,1644.4,1642.1,1643,10812
2026-07-07T13:55:00+05:30,1643,1644.8,1642.9,1644,12050
2026-07-07T14:00:00+05:30,1644.4,1652.1,1643.7,1651,203621
2026-07-07T14:05:00+05:30,1651,1659.7,1649.6,1659.1,261210
2026-07-07T14:10:00+05:30,1659.4,1659.8,1655,1655,43208
2026-07-07T14:15:00+05:30,1655.1,1655.2,1650,1653.4,32829
2026-07-07T14:20:00+05:30,1653.4,1654.5,1650.5,1651.2,32573
2026-07-07T14:25:00+05:30,1651.4,1653.1,1651,1652.1,24022
2026-07-07T14:30:00+05:30,1652.4,1658.3,1651.4,1656.9,34539
2026-07-07T14:35:00+05:30,1656.8,1663.9,1655.9,1661.2,70192
2026-07-07T14:40:00+05:30,1661.2,1661.7,1657.7,1659.3,37813
2026-07-07T14:45:00+05:30,1659.3,1659.9,1653.7,1656.1,36840
2026-07-07T14:50:00+05:30,1655.9,1656.8,1652.1,1653.5,29670
2026-07-07T14:55:00+05:30,1653.5,1655.2,1652,1654.8,22243
2026-07-07T15:00:00+05:30,1654.2,1654.5,1650.1,1653.5,50864
2026-07-07T15:05:00+05:30,1653.2,1653.5,1651.1,1652.2,53051
2026-07-07T15:10:00+05:30,1652.1,1654,1651.1,1653.4,83939
2026-07-07T15:15:00+05:30,1653.1,1653.9,1646.9,1648.2,89655
2026-07-07T15:20:00+05:30,1648,1650.7,1646.6,1649.8,76379
2026-07-07T15:25:00+05:30,1650,1654,1649.2,1649.2,83046
2026-07-08T09:15:00+05:30,1639.7,1667.4,1632.5,1653.7,145411
2026-07-08T09:20:00+05:30,1653.7,1659,1651,1654,44988
2026-07-08T09:25:00+05:30,1654,1663.9,1653.3,1661.3,61279
2026-07-08T09:30:00+05:30,1662.8,1665.8,1660,1662,34879
2026-07-08T09:35:00+05:30,1662,1662.7,1659.1,1660.2,69177
2026-07-08T09:40:00+05:30,1660.2,1666,1660,1665.2,78845
2026-07-08T09:45:00+05:30,1665.6,1668.4,1661.4,1666.1,33377
2026-07-08T09:50:00+05:30,1666.1,1680,1664.6,1672.6,109444
2026-07-08T09:55:00+05:30,1672.7,1677.7,1672.7,1675.3,41918
2026-07-08T10:00:00+05:30,1675.8,1687.8,1674.7,1680,122922
2026-07-08T10:05:00+05:30,1679.8,1685,1677.6,1684.5,57461
2026-07-08T10:10:00+05:30,1684.5,1699.9,1684.3,1693,145890
2026-07-08T10:15:00+05:30,1693,1711,1690.1,1703.6,191986
2026-07-08T10:20:00+05:30,1703,1707.7,1698.1,1700.7,93682
2026-07-08T10:25:00+05:30,1700.7,1712,1699.4,1707.1,143911
2026-07-08T10:30:00+05:30,1707.9,1708.4,1700,1703.1,80347
2026-07-08T10:35:00+05:30,1703.1,1704.1,1696.4,1697.6,59307
2026-07-08T10:40:00+05:30,1697.6,1698,1691.4,1694.6,60271
2026-07-08T10:45:00+05:30,1694.4,1702,1693,1700,46071
2026-07-08T10:50:00+05:30,1700,1702.8,1681.4,1681.4,152058
2026-07-08T10:55:00+05:30,1682,1682,1672.5,1675.5,157321
2026-07-08T11:00:00+05:30,1675.5,1679.5,1672,1674.2,106338
2026-07-08T11:05:00+05:30,1674.2,1679.9,1673.1,1676.3,116824
2026-07-08T11:10:00+05:30,1676.3,1679.8,1674.2,1675.5,59099
2026-07-08T11:15:00+05:30,1675.5,1675.5,1672,1674.1,44304
2026-07-08T11:20:00+05:30,1674.8,1680,1674.1,1680,27262
2026-07-08T11:25:00+05:30,1680,1688.7,1680,1687.4,49653
2026-07-08T11:30:00+05:30,1688,1690.8,1686.1,1687.8,43075
2026-07-08T11:35:00+05:30,1687.8,1691.4,1682.8,1684,37007
2026-07-08T11:40:00+05:30,1684,1685,1681.7,1682.8,22939
2026-07-08T11:45:00+05:30,1682.8,1685,1682.3,1683.8,22718
2026-07-08T11:50:00+05:30,1683.8,1684.2,1681.1,1684,16356
2026-07-08T11:55:00+05:30,1684,1685.7,1682,1685.5,21911
2026-07-08T12:00:00+05:30,1686,1688.1,1685.7,1686.8,14500
2026-07-08T12:05:00+05:30,1686.8,1688.4,1686.5,1686.6,15242
2026-07-08T12:10:00+05:30,1686.6,1689.8,1685.3,1689.7,16041
2026-07-08T12:15:00+05:30,1689.8,1694,1688,1694,22034
2026-07-08T12:20:00+05:30,1694,1695.1,1686,1687.5,32723
2026-07-08T12:25:00+05:30,1687.5,1689.4,1685,1688.6,21473
2026-07-08T12:30:00+05:30,1688.6,1688.8,1686.9,1687.6,7303
2026-07-08T12:35:00+05:30,1687.6,1691.6,1687.6,1688.3,18062
2026-07-08T12:40:00+05:30,1688.3,1691.8,1685.9,1691.8,16997
2026-07-08T12:45:00+05:30,1691.9,1692.6,1690.6,1690.6,12255
2026-07-08T12:50:00+05:30,1690.6,1695.2,1690.6,1694.9,20616
2026-07-08T12:55:00+05:30,1694.9,1695,1692.1,1692.4,16992
2026-07-08T13:00:00+05:30,1692.6,1693.5,1690.6,1693.2,8344
2026-07-08T13:05:00+05:30,1693,1695.5,1690,1691.9,30659
2026-07-08T13:10:00+05:30,1691.9,1692.5,1690.8,1691.2,13545
2026-07-08T13:15:00+05:30,1691.2,1691.2,1687.4,1688.9,18029
2026-07-08T13:20:00+05:30,1688.9,1691,1688.5,1690.6,7232
2026-07-08T13:25:00+05:30,1690.6,1693.5,1690.2,1692.2,20470
2026-07-08T13:30:00+05:30,1692.2,1693.8,1689,1689,10655
2026-07-08T13:35:00+05:30,1689.7,1693,1689.2,1692.7,9488
2026-07-08T13:40:00+05:30,1692.7,1695,1692.2,1694.3,11851
2026-07-08T13:45:00+05:30,1694.3,1694.8,1682.1,1687.5,44753
2026-07-08T13:50:00+05:30,1687.5,1687.5,1681.1,1683.9,48965
2026-07-08T13:55:00+05:30,1683.3,1684.1,1673.6,1674,81718
2026-07-08T14:00:00+05:30,1674.6,1678,1670.1,1670.2,78170
2026-07-08T14:05:00+05:30,1670.6,1670.6,1662,1662.3,95973
2026-07-08T14:10:00+05:30,1662.4,1666,1660,1660,83262
2026-07-08T14:15:00+05:30,1660,1669.8,1660,1663.1,63277
2026-07-08T14:20:00+05:30,1663.1,1667.5,1661,1663.4,44485
2026-07-08T14:25:00+05:30,1663.4,1665.2,1653.8,1654.3,98138
2026-07-08T14:30:00+05:30,1654.3,1664.9,1652.8,1659,54991
2026-07-08T14:35:00+05:30,1658.6,1660.7,1652.5,1656,52545
2026-07-08T14:40:00+05:30,1656.4,1656.7,1652.1,1654,50972
2026-07-08T14:45:00+05:30,1653.7,1655.3,1651.3,1651.6,40547
2026-07-08T14:50:00+05:30,1653.1,1655.2,1648.8,1649.6,65979
2026-07-08T14:55:00+05:30,1649.9,1651.3,1646,1648.5,67951
2026-07-08T15:00:00+05:30,1649.5,1657,1644.1,1651.9,106034
2026-07-08T15:05:00+05:30,1652.2,1653.6,1650.3,1652,58270
2026-07-08T15:10:00+05:30,1648.5,1650.1,1643.9,1650.1,109193
2026-07-08T15:15:00+05:30,1650.9,1662.1,1650.9,1658.2,144065
2026-07-08T15:20:00+05:30,1658.2,1666.7,1657,1666.4,117143
2026-07-08T15:25:00+05:30,1666.4,1668.8,1661.8,1664.5,60028
2026-07-09T09:15:00+05:30,1660.5,1685,1660.5,1675.1,137166
2026-07-09T09:20:00+05:30,1673.9,1681.8,1663.1,1667.9,100897
2026-07-09T09:25:00+05:30,1667.1,1667.1,1652.2,1657.9,73321
2026-07-09T09:30:00+05:30,1657.9,1659.4,1650,1651.1,47178
2026-07-09T09:35:00+05:30,1651.1,1659.2,1647.6,1657.9,40415
2026-07-09T09:40:00+05:30,1658.4,1659.4,1651,1653,29798
2026-07-09T09:45:00+05:30,1653,1660.8,1652,1655.6,35554
2026-07-09T09:50:00+05:30,1655.3,1661.4,1654,1654,18797
2026-07-09T09:55:00+05:30,1652.6,1657,1652.6,1654,21817
2026-07-09T10:00:00+05:30,1654,1664.8,1653.3,1664.1,40801
2026-07-09T10:05:00+05:30,1664.1,1664.1,1658.5,1658.5,15176
2026-07-09T10:10:00+05:30,1658.5,1660.4,1657.1,1658.8,11302
2026-07-09T10:15:00+05:30,1658.7,1663.8,1658.7,1660.1,14404
2026-07-09T10:20:00+05:30,1660,1661.9,1657.7,1659.7,14216
2026-07-09T10:25:00+05:30,1660.3,1660.3,1653.8,1654.7,12520
2026-07-09T10:30:00+05:30,1654.7,1661.8,1653.6,1661.8,20231
2026-07-09T10:35:00+05:30,1661.8,1662.1,1657.2,1662.1,17569
2026-07-09T10:40:00+05:30,1662.1,1668,1658.9,1661.9,59074
2026-07-09T10:45:00+05:30,1661.9,1663.6,1654.5,1658,69937
2026-07-09T10:50:00+05:30,1658,1666,1657.6,1665.5,19524
2026-07-09T10:55:00+05:30,1665.5,1666,1654,1654.3,49187
2026-07-09T11:00:00+05:30,1654.3,1656,1651.7,1653.8,22747
2026-07-09T11:05:00+05:30,1653.8,1656.5,1652.8,1655.5,6856
2026-07-09T11:10:00+05:30,1655.5,1656.1,1653.6,1656.1,3874
2026-07-09T11:15:00+05:30,1656,1656,1645.6,1646,46059
2026-07-09T11:20:00+05:30,1646.1,1651.9,1642.4,1651.6,55378
2026-07-09T11:25:00+05:30,1651.6,1656,1650.3,1655,18174
2026-07-09T11:30:00+05:30,1655,1656,1652.1,1656,8718
2026-07-09T11:35:00+05:30,1655.3,1661.8,1654.1,1658,42493
2026-07-09T11:40:00+05:30,1658,1660.8,1658,1660.5,23325
2026-07-09T11:45:00+05:30,1660.6,1666,1658.2,1664.3,54529
2026-07-09T11:50:00+05:30,1663.7,1663.7,1655.5,1656.8,62217
2026-07-09T11:55:00+05:30,1656.8,1658.1,1656.3,1657.9,3686
2026-07-09T12:00:00+05:30,1657.9,1661.3,1654.8,1658,78714
2026-07-09T12:05:00+05:30,1658,1660.4,1657.8,1659.6,6262
2026-07-09T12:10:00+05:30,1659.6,1659.9,1654.2,1656,31542
2026-07-09T12:15:00+05:30,1656,1656.8,1654.2,1656.1,18496
2026-07-09T12:20:00+05:30,1656.1,1659,1655.5,1657.5,21496
2026-07-09T12:25:00+05:30,1656.9,1666,1656.9,1663.7,21592
2026-07-09T12:30:00+05:30,1664,1675.9,1662.9,1672.8,52925
2026-07-09T12:35:00+05:30,1673,1673.4,1668.2,1671.5,24146
2026-07-09T12:40:00+05:30,1671.8,1671.9,1657.8,1658.3,71225
2026-07-09T12:45:00+05:30,1658.3,1660,1654.2,1655.6,22553
2026-07-09T12:50:00+05:30,1654.9,1656.9,1646.2,1652.9,33120
2026-07-09T12:55:00+05:30,1652.9,1655,1650.2,1650.9,34738
2026-07-09T13:00:00+05:30,1650.9,1650.9,1646,1648.2,25508
2026-07-09T13:05:00+05:30,1648.2,1649.6,1646.1,1647.5,19556
2026-07-09T13:10:00+05:30,1647.5,1656,1647.5,1654,18073
2026-07-09T13:15:00+05:30,1654,1657.9,1652.8,1657.1,27328
2026-07-09T13:20:00+05:30,1657.1,1657.8,1654.5,1654.5,8233
2026-07-09T13:25:00+05:30,1655,1655.4,1653.4,1654,6481
2026-07-09T13:30:00+05:30,1654,1655.8,1653.1,1655.2,12597
2026-07-09T13:35:00+05:30,1655.2,1657.8,1654.3,1656.6,14123
2026-07-09T13:40:00+05:30,1656.8,1657,1654.4,1657,5119
2026-07-09T13:45:00+05:30,1655.6,1657.3,1654.2,1655.5,5420
2026-07-09T13:50:00+05:30,1655.5,1655.8,1652.8,1654,10125
2026-07-09T13:55:00+05:30,1654,1656.5,1654,1654.8,8665
2026-07-09T14:00:00+05:30,1654.8,1656.4,1654.1,1654.8,9140
2026-07-09T14:05:00+05:30,1654.8,1655.2,1653.4,1653.7,5699
2026-07-09T14:10:00+05:30,1653.7,1656.5,1651.7,1655.7,8254
2026-07-09T14:15:00+05:30,1655.7,1656.5,1655.1,1655.7,6517
2026-07-09T14:20:00+05:30,1655.7,1656.3,1653.4,1655.4,11111
2026-07-09T14:25:00+05:30,1655.9,1656.5,1653.1,1654.8,12356
2026-07-09T14:30:00+05:30,1655,1655,1653.5,1654.6,6326
2026-07-09T14:35:00+05:30,1654.1,1654.1,1646.6,1648.2,21666
2026-07-09T14:40:00+05:30,1648.2,1648.2,1641.6,1644,34903
2026-07-09T14:45:00+05:30,1644,1645.1,1643,1643.9,11210
2026-07-09T14:50:00+05:30,1643.5,1645.4,1633.4,1635.7,37197
2026-07-09T14:55:00+05:30,1635.7,1638.3,1635,1635.5,14163
2026-07-09T15:00:00+05:30,1635.7,1635.7,1620,1622,59765
2026-07-09T15:05:00+05:30,1622.1,1622.4,1612.6,1620,77744
2026-07-09T15:10:00+05:30,1619.7,1620.9,1615,1617.9,54996
2026-07-09T15:15:00+05:30,1618.1,1619,1614,1615.4,56661
2026-07-09T15:20:00+05:30,1616.7,1620.9,1614,1614.6,68858
2026-07-09T15:25:00+05:30,1613.9,1627.1,1610.1,1625.8,103157
2026-07-10T09:15:00+05:30,1635,1639,1621.2,1626.6,73419
2026-07-10T09:20:00+05:30,1626.6,1636.5,1626.6,1631.5,32666
2026-07-10T09:25:00+05:30,1631.1,1633.6,1629,1631.7,13622
2026-07-10T09:30:00+05:30,1631.7,1638.5,1629.2,1638.5,27351
2026-07-10T09:35:00+05:30,1638.5,1641.5,1635.5,1637.8,15710
2026-07-10T09:40:00+05:30,1637.5,1644,1636.1,1640.4,18733
2026-07-10T09:45:00+05:30,1640.8,1648,1640.2,1646.3,25639
2026-07-10T09:50:00+05:30,1645.8,1652.5,1645.8,1650.8,43444
2026-07-10T09:55:00+05:30,1650.8,1659.5,1650.8,1658.5,38622
2026-07-10T10:00:00+05:30,1658.5,1664.4,1657.4,1659.3,35257
2026-07-10T10:05:00+05:30,1660,1660.5,1652.8,1656,32225
2026-07-10T10:10:00+05:30,1656,1657.1,1654.7,1656,9379
2026-07-10T10:15:00+05:30,1656.1,1658.7,1655.5,1656.8,7124
2026-07-10T10:20:00+05:30,1657.7,1658.6,1654.3,1657.8,44356
2026-07-10T10:25:00+05:30,1658.3,1663.4,1656.6,1662.1,20354
2026-07-10T10:30:00+05:30,1661.1,1668,1661.1,1668,61998
2026-07-10T10:35:00+05:30,1668,1671,1667.4,1669.6,32773
2026-07-10T10:40:00+05:30,1670,1670,1668,1669,18163
2026-07-10T10:45:00+05:30,1669,1670.9,1668.5,1669.3,13243
2026-07-10T10:50:00+05:30,1669.8,1674.2,1669,1673.8,15493
2026-07-10T10:55:00+05:30,1673.8,1683.8,1672.9,1680.1,62255
2026-07-10T11:00:00+05:30,1680.1,1683.5,1676.2,1679,46174
2026-07-10T11:05:00+05:30,1679,1679.6,1674.3,1675,20337
2026-07-10T11:10:00+05:30,1675.3,1678,1672.8,1676.5,26971
2026-07-10T11:15:00+05:30,1676.5,1677.4,1673.5,1675.3,35410
2026-07-10T11:20:00+05:30,1675.3,1681.2,1675.3,1680,24128
2026-07-10T11:25:00+05:30,1680,1682,1677.5,1678.2,15318
2026-07-10T11:30:00+05:30,1679,1681.3,1673.5,1673.5,20010
2026-07-10T11:35:00+05:30,1673.5,1675,1670.9,1671,27228
2026-07-10T11:40:00+05:30,1671.6,1673,1671,1672.2,8359
2026-07-10T11:45:00+05:30,1672.2,1676.8,1671.8,1674,9568
2026-07-10T11:50:00+05:30,1674,1675.3,1671,1672,8989
2026-07-10T11:55:00+05:30,1672.5,1675.4,1671.5,1674.8,9324
2026-07-10T12:00:00+05:30,1674.8,1677.1,1674.1,1674.1,7484
2026-07-10T12:05:00+05:30,1674.1,1676.2,1674.1,1675.1,6415
2026-07-10T12:10:00+05:30,1675.1,1675.2,1672.8,1673.6,6356
2026-07-10T12:15:00+05:30,1673.6,1673.6,1671.6,1672.8,6747
2026-07-10T12:20:00+05:30,1672.8,1672.8,1671.2,1671.3,5249
2026-07-10T12:25:00+05:30,1671.3,1675.7,1671.2,1674.6,7055
2026-07-10T12:30:00+05:30,1674.6,1678.9,1673.7,1677.6,15901
2026-07-10T12:35:00+05:30,1677.5,1678.5,1674.1,1675.2,6916
2026-07-10T12:40:00+05:30,1675.2,1677,1674.5,1676.5,5864
2026-07-10T12:45:00+05:30,1676.8,1679.1,1676.6,1677.5,5610
2026-07-10T12:50:00+05:30,1677.8,1678.5,1676.8,1677.6,4742
2026-07-10T12:55:00+05:30,1677.6,1678,1671.5,1672.5,30959
2026-07-10T13:00:00+05:30,1672.5,1672.8,1658.7,1659,61648
2026-07-10T13:05:00+05:30,1658.9,1659.3,1647,1647,87379
2026-07-10T13:10:00+05:30,1647.1,1649.8,1645.8,1649.8,19712
2026-07-10T13:15:00+05:30,1649.8,1649.8,1645.6,1647.6,13841
2026-07-10T13:20:00+05:30,1646.9,1648,1644.6,1646.5,42556
2026-07-10T13:25:00+05:30,1646.5,1649.6,1643.4,1648.6,6881
2026-07-10T13:30:00+05:30,1648.8,1650.3,1647.6,1650,5961
2026-07-10T13:35:00+05:30,1650,1651.7,1649.3,1649.4,6816
2026-07-10T13:40:00+05:30,1649.9,1653,1649.9,1652.2,8588
2026-07-10T13:45:00+05:30,1652.2,1655.2,1651.5,1655.2,9940
2026-07-10T13:50:00+05:30,1655.2,1659.9,1654.6,1658.3,16536
2026-07-10T13:55:00+05:30,1658.3,1658.3,1652.4,1653.5,10372
2026-07-10T14:00:00+05:30,1654,1655.6,1653.1,1655.4,5236
2026-07-10T14:05:00+05:30,1654.7,1655.6,1646.3,1646.3,20972
2026-07-10T14:10:00+05:30,1646.3,1649.9,1644.4,1649.4,8742
2026-07-10T14:15:00+05:30,1649.1,1650.5,1648,1648.9,4670
2026-07-10T14:20:00+05:30,1648.9,1649.8,1648.1,1649.1,5102
2026-07-10T14:25:00+05:30,1649.1,1650.4,1646.8,1649.3,2744
2026-07-10T14:30:00+05:30,1649.2,1652.8,1649.2,1651.3,7482
2026-07-10T14:35:00+05:30,1651.3,1652.7,1650.5,1651.9,3928
2026-07-10T14:40:00+05:30,1651.8,1653.4,1649.4,1653.4,6288
2026-07-10T14:45:00+05:30,1653.4,1658.3,1653.4,1658.3,7614
2026-07-10T14:50:00+05:30,1658.5,1658.7,1654.7,1654.7,11254
2026-07-10T14:55:00+05:30,1654,1657.2,1654,1656.4,5794
2026-07-10T15:00:00+05:30,1656.4,1659.5,1652.1,1658.8,25671
2026-07-10T15:05:00+05:30,1658.8,1659.6,1656.9,1656.9,19653
2026-07-10T15:10:00+05:30,1657.5,1657.9,1652.4,1656,43992
2026-07-10T15:15:00+05:30,1654.1,1655,1653.2,1654,28478
2026-07-10T15:20:00+05:30,1654,1654.8,1649.3,1653.7,62227
2026-07-10T15:25:00+05:30,1654.1,1654.2,1648.7,1649.8,33875
2026-07-13T09:15:00+05:30,1651,1652.6,1636,1647.2,43968
2026-07-13T09:20:00+05:30,1649.2,1664.3,1648.1,1656.1,65026
2026-07-13T09:25:00+05:30,1656.9,1661,1655.8,1658.8,18003
2026-07-13T09:30:00+05:30,1658.8,1667.2,1648.2,1648.4,93539
2026-07-13T09:35:00+05:30,1648.2,1653.8,1643.6,1649.7,51811
2026-07-13T09:40:00+05:30,1649.7,1653.4,1646,1653.4,49351
2026-07-13T09:45:00+05:30,1653.4,1659.3,1652.5,1653,36118
2026-07-13T09:50:00+05:30,1653,1653,1642.3,1648.4,30669
2026-07-13T09:55:00+05:30,1648.4,1662,1648,1659.6,32143
2026-07-13T10:00:00+05:30,1659.5,1661.3,1657.7,1661.2,23433
2026-07-13T10:05:00+05:30,1661.5,1661.5,1654,1657,16995
2026-07-13T10:10:00+05:30,1657,1664,1656.2,1660.3,22156
2026-07-13T10:15:00+05:30,1660.3,1661.5,1658.2,1659.7,8051
2026-07-13T10:20:00+05:30,1659.7,1661,1656.3,1657.9,15419
2026-07-13T10:25:00+05:30,1657,1658.1,1655.1,1656.6,4398
2026-07-13T10:30:00+05:30,1656.9,1657.6,1652.9,1656.4,9191
2026-07-13T10:35:00+05:30,1656.4,1657,1655.4,1655.6,3805
2026-07-13T10:40:00+05:30,1655.6,1657,1653.7,1654.2,4228
2026-07-13T10:45:00+05:30,1654.5,1654.9,1652.5,1653.6,4410
2026-07-13T10:50:00+05:30,1653.6,1654.2,1648.7,1649.6,13523
2026-07-13T10:55:00+05:30,1649,1651.2,1649,1651.1,6631
2026-07-13T11:00:00+05:30,1650.6,1653.9,1650.5,1653.2,1424
2026-07-13T11:05:00+05:30,1653.2,1656.5,1653.2,1655.2,7063
2026-07-13T11:10:00+05:30,1655.1,1655.9,1652.2,1652.2,8499
2026-07-13T11:15:00+05:30,1652.6,1656.7,1652.2,1653.6,4190
2026-07-13T11:20:00+05:30,1653.6,1656.3,1653.6,1654.5,2973
2026-07-13T11:25:00+05:30,1654.5,1655.3,1651.8,1653.2,4065
2026-07-13T11:30:00+05:30,1653.2,1655,1652.8,1655,4729
2026-07-13T11:35:00+05:30,1655,1656,1654.1,1655.4,3528
2026-07-13T11:40:00+05:30,1655.4,1655.5,1652.7,1653.6,2724
2026-07-13T11:45:00+05:30,1653.6,1653.6,1648,1648.8,9727
2026-07-13T11:50:00+05:30,1648.4,1650.4,1648.1,1649.4,5662
2026-07-13T11:55:00+05:30,1649.4,1650,1646.7,1647.6,7144
2026-07-13T12:00:00+05:30,1647.6,1648.8,1645.5,1646,5566
2026-07-13T12:05:00+05:30,1646,1647.8,1645,1645.5,8486
2026-07-13T12:10:00+05:30,1645.5,1648.8,1643,1648,6581
2026-07-13T12:15:00+05:30,1648,1652,1648,1651.1,5421
2026-07-13T12:20:00+05:30,1651,1651.6,1647.2,1647.7,7481
2026-07-13T12:25:00+05:30,1647.7,1649.9,1646.8,1649.9,7049
2026-07-13T12:30:00+05:30,1649.9,1650.1,1648.1,1649.3,2952
2026-07-13T12:35:00+05:30,1649.7,1650,1648.1,1648.1,2356
2026-07-13T12:40:00+05:30,1648.8,1656.1,1648.1,1653.5,19026
2026-07-13T12:45:00+05:30,1653.5,1655,1652.4,1653.3,6051
2026-07-13T12:50:00+05:30,1653.3,1655.9,1652.3,1653.8,13483
2026-07-13T12:55:00+05:30,1653.4,1653.6,1651.3,1651.3,3002
2026-07-13T13:00:00+05:30,1650.9,1651.5,1648.6,1649.6,5519
2026-07-13T13:05:00+05:30,1649.1,1651,1648.7,1650.6,2750
2026-07-13T13:10:00+05:30,1650.6,1652.1,1649.6,1651.5,10186
2026-07-13T13:15:00+05:30,1651.5,1651.5,1649.5,1649.5,4437
2026-07-13T13:20:00+05:30,1649.5,1649.9,1648,1648.4,6548
2026-07-13T13:25:00+05:30,1646.5,1646.8,1643.7,1644,9739
2026-07-13T13:30:00+05:30,1644.1,1647.9,1644.1,1646.6,5346
2026-07-13T13:35:00+05:30,1646.6,1648.5,1646.1,1647.3,6315
2026-07-13T13:40:00+05:30,1647.3,1648,1646.3,1647.1,2003
2026-07-13T13:45:00+05:30,1647,1647.6,1646.1,1646.7,1686
2026-07-13T13:50:00+05:30,1646.3,1647,1637.2,1637.8,19632
2026-07-13T13:55:00+05:30,1637.2,1638.3,1634,1635.7,28081
2026-07-13T14:00:00+05:30,1635.7,1638.6,1634.4,1636.6,15815
2026-07-13T14:05:00+05:30,1636.5,1644,1636.5,1643.6,32596
2026-07-13T14:10:00+05:30,1642.4,1647,1642.2,1646.3,4838
2026-07-13T14:15:00+05:30,1646.9,1649.4,1646.5,1648.4,6974
2026-07-13T14:20:00+05:30,1648.3,1656.2,1647.5,1652,24164
2026-07-13T14:25:00+05:30,1652,1653.3,1650.6,1652,7947
2026-07-13T14:30:00+05:30,1651.5,1652,1650.3,1650.3,4109
2026-07-13T14:35:00+05:30,1650.3,1651.8,1649.5,1650.4,5478
2026-07-13T14:40:00+05:30,1649.6,1650.6,1647.7,1650.3,7910
2026-07-13T14:45:00+05:30,1650.3,1650.9,1649.3,1650,2814
2026-07-13T14:50:00+05:30,1650,1651.8,1649.6,1651.6,8787
2026-07-13T14:55:00+05:30,1651.6,1652.7,1649.9,1651.8,18676
2026-07-13T15:00:00+05:30,1651.1,1651.8,1647.3,1647.3,14632
2026-07-13T15:05:00+05:30,1648,1648.8,1647.4,1648.4,8166
2026-07-13T15:10:00+05:30,1648.4,1648.4,1644.4,1645.9,22519
2026-07-13T15:15:00+05:30,1645.7,1645.7,1640.2,1641.7,26642
2026-07-13T15:20:00+05:30,1642.1,1644.6,1641.7,1641.8,18001
2026-07-13T15:25:00+05:30,1642.1,1647.5,1640.3,1641.7,24235
2026-07-14T09:15:00+05:30,1644.1,1661.5,1640,1642,85010
2026-07-14T09:20:00+05:30,1642.2,1646.1,1636.6,1644,39944
2026-07-14T09:25:00+05:30,1643.2,1644,1639.1,1639.6,15532
2026-07-14T09:30:00+05:30,1638.7,1649,1638.7,1647.7,14877
2026-07-14T09:35:00+05:30,1647.7,1648.3,1645,1645,14694
2026-07-14T09:40:00+05:30,1645,1645,1638.1,1640,14528
2026-07-14T09:45:00+05:30,1639.3,1641.6,1636.9,1638.4,15821
2026-07-14T09:50:00+05:30,1638.4,1644.3,1637.2,1641,11424
2026-07-14T09:55:00+05:30,1640.9,1649,1639,1640,31115
2026-07-14T10:00:00+05:30,1640,1644.5,1639.5,1640.5,15404
2026-07-14T10:05:00+05:30,1640.9,1642.1,1639.1,1642,13367
2026-07-14T10:10:00+05:30,1641.7,1662.8,1638.7,1661.1,74009
2026-07-14T10:15:00+05:30,1661.1,1664,1651.1,1651.5,36180
2026-07-14T10:20:00+05:30,1651.5,1654.4,1651,1652.6,18474
2026-07-14T10:25:00+05:30,1652.6,1655.9,1648.8,1650.5,18900
2026-07-14T10:30:00+05:30,1651.5,1654.7,1650.3,1651.9,13439
2026-07-14T10:35:00+05:30,1651.9,1657.6,1651,1655.2,9424
2026-07-14T10:40:00+05:30,1655.2,1658.6,1651.7,1653.4,16050
2026-07-14T10:45:00+05:30,1654.4,1658,1651.8,1655.5,24526
2026-07-14T10:50:00+05:30,1655.5,1663.4,1653.9,1660.3,49814
2026-07-14T10:55:00+05:30,1660.3,1669,1657.9,1664.9,42698
2026-07-14T11:00:00+05:30,1664.1,1668,1664.1,1666.3,27358
2026-07-14T11:05:00+05:30,1666,1683.5,1666,1681.8,82116
2026-07-14T11:10:00+05:30,1681.9,1710,1681.7,1705,185322
2026-07-14T11:15:00+05:30,1704.5,1713.9,1699.5,1703.8,141418
2026-07-14T11:20:00+05:30,1702.6,1709.3,1700.1,1701,51655
2026-07-14T11:25:00+05:30,1701,1701.5,1695,1697.2,50529
2026-07-14T11:30:00+05:30,1697.2,1697.6,1687,1688.5,67650
2026-07-14T11:35:00+05:30,1688.5,1689.9,1685.2,1686.5,26497
2026-07-14T11:40:00+05:30,1686.5,1688,1683.7,1687.6,33241
2026-07-14T11:45:00+05:30,1687.1,1690.8,1686.1,1688.5,17662
2026-07-14T11:50:00+05:30,1688.5,1689.6,1685.2,1688.5,15455
2026-07-14T11:55:00+05:30,1688.1,1691.4,1688.1,1690,11912
2026-07-14T12:00:00+05:30,1690,1696.4,1689.2,1696,28506
2026-07-14T12:05:00+05:30,1696,1698,1693.1,1695.3,16834
2026-07-14T12:10:00+05:30,1695.3,1696.2,1692.8,1695.2,11282
2026-07-14T12:15:00+05:30,1695.2,1699.9,1695.2,1697.9,22244
2026-07-14T12:20:00+05:30,1697.8,1704.4,1696.7,1704,61133
2026-07-14T12:25:00+05:30,1704,1704.4,1695,1696,42175
2026-07-14T12:30:00+05:30,1695.2,1696.6,1692.8,1694.7,19084
2026-07-14T12:35:00+05:30,1694.7,1696.9,1685.2,1687.9,32594
2026-07-14T12:40:00+05:30,1687.3,1689.3,1685.5,1688.7,17541
2026-07-14T12:45:00+05:30,1688.7,1688.8,1682.4,1684.9,22564
2026-07-14T12:50:00+05:30,1684.3,1687.7,1684.3,1686.8,8232
2026-07-14T12:55:00+05:30,1686.8,1688.8,1686,1687.2,5154
2026-07-14T13:00:00+05:30,1687.2,1687.6,1684,1685.7,6732
2026-07-14T13:05:00+05:30,1685.7,1686.5,1684.9,1685.8,4796
2026-07-14T13:10:00+05:30,1685.8,1686.5,1684,1684,4558
2026-07-14T13:15:00+05:30,1683.7,1684,1680.4,1682.2,17167
2026-07-14T13:20:00+05:30,1682,1685.4,1681.9,1684.9,4238
2026-07-14T13:25:00+05:30,1684.9,1687.5,1683.8,1686.3,9534
2026-07-14T13:30:00+05:30,1685.7,1688.2,1685.7,1686.2,10099
2026-07-14T13:35:00+05:30,1685.9,1686.3,1680.9,1683,10515
2026-07-14T13:40:00+05:30,1683,1683,1678.3,1682.9,15783
2026-07-14T13:45:00+05:30,1682.1,1685.8,1682.1,1684.9,9482
2026-07-14T13:50:00+05:30,1684.8,1687.3,1684,1686.5,8335
2026-07-14T13:55:00+05:30,1686,1686.8,1681.3,1685.7,11696
2026-07-14T14:00:00+05:30,1685.7,1687.3,1683.3,1684.6,9967
2026-07-14T14:05:00+05:30,1684.6,1685.5,1683.8,1685.5,4208
2026-07-14T14:10:00+05:30,1685.5,1688.3,1684.5,1688.3,12236
2026-07-14T14:15:00+05:30,1689,1696.3,1688.7,1692.4,39237
2026-07-14T14:20:00+05:30,1692.4,1694.9,1691,1692.2,17140
2026-07-14T14:25:00+05:30,1692.2,1695,1690,1693.4,16761
2026-07-14T14:30:00+05:30,1693.4,1695.5,1691.8,1695.2,32134
2026-07-14T14:35:00+05:30,1695.2,1699.5,1694.8,1698,46951
2026-07-14T14:40:00+05:30,1698.1,1698.9,1693.8,1693.8,22702
2026-07-14T14:45:00+05:30,1693.8,1696.9,1693.8,1694.8,17638
2026-07-14T14:50:00+05:30,1695,1695.3,1690,1693,25901
2026-07-14T14:55:00+05:30,1693,1693,1687.1,1687.9,34800
2026-07-14T15:00:00+05:30,1687.8,1693.6,1687.1,1691,23139
2026-07-14T15:05:00+05:30,1691.2,1693.2,1689.3,1690.4,17716
2026-07-14T15:10:00+05:30,1690.6,1691.1,1683.1,1685.5,44147
2026-07-14T15:15:00+05:30,1686,1692.2,1684.6,1691.5,56143
2026-07-14T15:20:00+05:30,1691.5,1692.5,1690.8,1691.1,66389
2026-07-14T15:25:00+05:30,1690.4,1693,1688.8,1688.8,58803
2026-07-15T09:15:00+05:30,1700,1704.3,1684.4,1688.8,110293
2026-07-15T09:20:00+05:30,1688.5,1698.2,1687.3,1694.9,39612
2026-07-15T09:25:00+05:30,1694.4,1700.6,1694.4,1697.1,35581
2026-07-15T09:30:00+05:30,1697.1,1703.8,1697.1,1700.5,24905
2026-07-15T09:35:00+05:30,1700.5,1702.9,1696.6,1697,15524
2026-07-15T09:40:00+05:30,1697,1697.6,1693.6,1695.1,21172
2026-07-15T09:45:00+05:30,1695.1,1696,1692.1,1692.1,10752
2026-07-15T09:50:00+05:30,1692,1694.5,1691,1692.4,16973
2026-07-15T09:55:00+05:30,1692.2,1693.7,1690,1690.2,13026
2026-07-15T10:00:00+05:30,1690.2,1690.9,1687,1687,17017
2026-07-15T10:05:00+05:30,1686.7,1688.2,1685,1687,16564
2026-07-15T10:10:00+05:30,1686.5,1686.7,1681,1682.7,19400
2026-07-15T10:15:00+05:30,1682.7,1685.6,1682,1682,11466
2026-07-15T10:20:00+05:30,1682,1685.7,1681.6,1684.5,12221
2026-07-15T10:25:00+05:30,1680.7,1680.7,1676,1677.4,34819
2026-07-15T10:30:00+05:30,1677.5,1682.9,1676.8,1681.3,16862
2026-07-15T10:35:00+05:30,1681.9,1686.8,1681.4,1683.7,16936
2026-07-15T10:40:00+05:30,1683.7,1687.3,1683,1686.6,23115
2026-07-15T10:45:00+05:30,1686.6,1688.3,1681.2,1681.8,21398
2026-07-15T10:50:00+05:30,1681.8,1690,1681,1689,20086
2026-07-15T10:55:00+05:30,1688.9,1688.9,1683.6,1684,7450
2026-07-15T11:00:00+05:30,1684,1686.5,1683.8,1684.1,7762
2026-07-15T11:05:00+05:30,1684.8,1686.2,1683.2,1685.2,8104
2026-07-15T11:10:00+05:30,1685.2,1693.5,1684.5,1689.4,25198
2026-07-15T11:15:00+05:30,1689.5,1690.5,1687.8,1688.5,5664
2026-07-15T11:20:00+05:30,1688.5,1689,1687.1,1687.1,3583
2026-07-15T11:25:00+05:30,1687.7,1691.7,1687.6,1690.6,10519
2026-07-15T11:30:00+05:30,1690.5,1692,1687.7,1690.7,8438
2026-07-15T11:35:00+05:30,1690.8,1691,1687.5,1689.7,3514
2026-07-15T11:40:00+05:30,1689.7,1689.7,1686.3,1686.8,4122
2026-07-15T11:45:00+05:30,1686.8,1688.3,1681,1682.5,7486
2026-07-15T11:50:00+05:30,1682.5,1684,1681.7,1683.4,7328
2026-07-15T11:55:00+05:30,1683.4,1684.5,1682.2,1682.7,4040
2026-07-15T12:00:00+05:30,1682.7,1683.8,1680.9,1682.3,3466
2026-07-15T12:05:00+05:30,1682.3,1682.3,1680,1680.8,8265
2026-07-15T12:10:00+05:30,1680.5,1680.8,1675.9,1677,18186
2026-07-15T12:15:00+05:30,1677,1679.1,1674,1678.7,24412
2026-07-15T12:20:00+05:30,1678.7,1680.8,1677.8,1678.3,9905
2026-07-15T12:25:00+05:30,1677.8,1679.2,1677.3,1678.6,5133
2026-07-15T12:30:00+05:30,1678.6,1683,1675.8,1680.8,28116
2026-07-15T12:35:00+05:30,1680.8,1681.6,1676.7,1677.4,7763
2026-07-15T12:40:00+05:30,1677.4,1680.5,1677.4,1679.8,8069
2026-07-15T12:45:00+05:30,1680.5,1680.8,1678.2,1678.2,7763
2026-07-15T12:50:00+05:30,1678.5,1679.1,1674,1674.6,23904
2026-07-15T12:55:00+05:30,1675.3,1675.9,1666.4,1669.2,42940
2026-07-15T13:00:00+05:30,1669,1673.9,1667.9,1673.2,10122
2026-07-15T13:05:00+05:30,1673.2,1673.2,1669.2,1669.2,5968
2026-07-15T13:10:00+05:30,1669.2,1669.7,1666.5,1668.8,9968
2026-07-15T13:15:00+05:30,1668.5,1672.5,1667.2,1672.2,7335
2026-07-15T13:20:00+05:30,1672.2,1675.6,1671.2,1672.5,8906
2026-07-15T13:25:00+05:30,1673,1674.7,1672.5,1673.4,6303
2026-07-15T13:30:00+05:30,1673.3,1674.3,1673,1674,4555
2026-07-15T13:35:00+05:30,1674,1675.4,1673.1,1673.6,4136
2026-07-15T13:40:00+05:30,1673.1,1673.4,1671.4,1672.5,6853
2026-07-15T13:45:00+05:30,1672.5,1676.9,1671,1676.5,16090
2026-07-15T13:50:00+05:30,1677.1,1677.6,1674,1676.4,9754
2026-07-15T13:55:00+05:30,1676.4,1677.1,1673.7,1677,8613
2026-07-15T14:00:00+05:30,1677.1,1678.9,1676.6,1678.9,4435
2026-07-15T14:05:00+05:30,1679.1,1684.8,1678.2,1684.2,11839
2026-07-15T14:10:00+05:30,1683.8,1686.7,1682,1682.6,18489
2026-07-15T14:15:00+05:30,1682.6,1685.4,1682.6,1683.5,5845
2026-07-15T14:20:00+05:30,1683.5,1683.8,1681.9,1682.5,6221
2026-07-15T14:25:00+05:30,1682.5,1682.6,1679.2,1680.4,10456
2026-07-15T14:30:00+05:30,1680.4,1682.4,1679.7,1680.7,4964
2026-07-15T14:35:00+05:30,1680.7,1683.8,1679.8,1683.3,7070
2026-07-15T14:40:00+05:30,1683.8,1683.8,1676.9,1677.7,10005
2026-07-15T14:45:00+05:30,1677.7,1678.6,1675.9,1676.4,4155
2026-07-15T14:50:00+05:30,1676.2,1677,1675,1675.9,6762
2026-07-15T14:55:00+05:30,1675.8,1677.5,1674.4,1676.4,11988
2026-07-15T15:00:00+05:30,1677,1677,1674,1675.7,31154
2026-07-15T15:05:00+05:30,1675.7,1675.9,1674,1674.1,22851
2026-07-15T15:10:00+05:30,1674.3,1675.8,1674,1674.7,21759
2026-07-15T15:15:00+05:30,1675.5,1678.9,1674,1678.1,28177
2026-07-15T15:20:00+05:30,1678.4,1684.6,1677.6,1684,37007
2026-07-15T15:25:00+05:30,1684,1684.7,1680,1680,30188
2026-07-16T09:15:00+05:30,1689.1,1703.1,1689.1,1696.1,134944
2026-07-16T09:20:00+05:30,1696.1,1701.4,1685.6,1687.9,49722
2026-07-16T09:25:00+05:30,1687.9,1694.1,1687.9,1691.7,18908
2026-07-16T09:30:00+05:30,1691,1693,1690,1691.5,9808
2026-07-16T09:35:00+05:30,1691.5,1697.8,1690.2,1694.3,20497
2026-07-16T09:40:00+05:30,1694.3,1698.8,1692.9,1693,26559
2026-07-16T09:45:00+05:30,1693,1695,1692.3,1694,6899
2026-07-16T09:50:00+05:30,1694,1699.8,1693.6,1697.6,30874
2026-07-16T09:55:00+05:30,1697.6,1707.4,1697.6,1701.3,80416
2026-07-16T10:00:00+05:30,1701.8,1709.3,1699,1708.4,70289
2026-07-16T10:05:00+05:30,1707.3,1710,1704.7,1706.4,59792
2026-07-16T10:10:00+05:30,1706.5,1710.5,1702,1702.8,54870
2026-07-16T10:15:00+05:30,1703.1,1704.5,1700.4,1702,15196
2026-07-16T10:20:00+05:30,1702,1705.4,1701,1704.3,7496
2026-07-16T10:25:00+05:30,1703.5,1714.8,1703.5,1711.4,42911
2026-07-16T10:30:00+05:30,1711.9,1718.6,1711.1,1717.5,66739
2026-07-16T10:35:00+05:30,1717.5,1723.4,1716.1,1718,103553
2026-07-16T10:40:00+05:30,1718,1731.1,1717.5,1722.2,142470
2026-07-16T10:45:00+05:30,1722.2,1732.8,1722.2,1732.8,83185
2026-07-16T10:50:00+05:30,1732,1740,1727.8,1734,130786
2026-07-16T10:55:00+05:30,1734,1739.2,1732.6,1732.6,66246
2026-07-16T11:00:00+05:30,1732.1,1742,1732.1,1740,96597
2026-07-16T11:05:00+05:30,1740.9,1744,1733.2,1735.1,104672
2026-07-16T11:10:00+05:30,1735.1,1737.1,1730.5,1730.5,41825
2026-07-16T11:15:00+05:30,1731.1,1738,1730.4,1733,43894
2026-07-16T11:20:00+05:30,1733,1734.9,1731,1734.4,24802
2026-07-16T11:25:00+05:30,1734.4,1737,1734.4,1735.7,23169
2026-07-16T11:30:00+05:30,1735.7,1739.5,1734.1,1736.3,30538
2026-07-16T11:35:00+05:30,1736.3,1743.3,1736.3,1741.8,55477
2026-07-16T11:40:00+05:30,1741.8,1743.5,1739.3,1741.4,45370
2026-07-16T11:45:00+05:30,1741.4,1743.4,1740,1741.6,38801
2026-07-16T11:50:00+05:30,1741.6,1742.2,1730.1,1730.9,63916
2026-07-16T11:55:00+05:30,1730.2,1731,1725.4,1725.4,66305
2026-07-16T12:00:00+05:30,1725.9,1726.4,1722.1,1722.5,33977
2026-07-16T12:05:00+05:30,1722.5,1727.8,1722,1726,29975
2026-07-16T12:10:00+05:30,1726,1726.9,1725.1,1725.3,6256
2026-07-16T12:15:00+05:30,1725.3,1726.8,1721.7,1723.1,13741
2026-07-16T12:20:00+05:30,1723.1,1724.1,1720.3,1722.4,14778
2026-07-16T12:25:00+05:30,1721.6,1724.6,1721.6,1724,7884
2026-07-16T12:30:00+05:30,1724,1724.7,1720.6,1721,8894
2026-07-16T12:35:00+05:30,1721,1721,1719,1719.5,22393
2026-07-16T12:40:00+05:30,1719.5,1719.5,1715,1717.9,35396
2026-07-16T12:45:00+05:30,1717.8,1718.5,1713,1713,22436
2026-07-16T12:50:00+05:30,1712.6,1714,1711.1,1713.5,11872
2026-07-16T12:55:00+05:30,1713,1713.5,1709.6,1711.1,28962
2026-07-16T13:00:00+05:30,1711.1,1712.7,1709,1711.8,15545
2026-07-16T13:05:00+05:30,1711.8,1717.3,1711.8,1716.5,25410
2026-07-16T13:10:00+05:30,1716.1,1717.5,1715.2,1717.2,14583
2026-07-16T13:15:00+05:30,1717,1717.2,1715.6,1715.8,4601
2026-07-16T13:20:00+05:30,1715.8,1719.7,1711.6,1714.4,19692
2026-07-16T13:25:00+05:30,1714.3,1717,1713.3,1715.5,11616
2026-07-16T13:30:00+05:30,1715.9,1716.5,1704.1,1705,52098
2026-07-16T13:35:00+05:30,1704.3,1705.4,1701.8,1702.5,26038
2026-07-16T13:40:00+05:30,1702.6,1704.2,1701,1702.6,16851
2026-07-16T13:45:00+05:30,1702.7,1706,1702.3,1705.1,10755
2026-07-16T13:50:00+05:30,1705.1,1706.4,1705,1705.8,6744
2026-07-16T13:55:00+05:30,1705.8,1708.9,1705.1,1707,17029
2026-07-16T14:00:00+05:30,1707,1709.8,1707,1708.4,9032
2026-07-16T14:05:00+05:30,1707.9,1710,1707.9,1708.9,10855
2026-07-16T14:10:00+05:30,1708.7,1710,1708.4,1709.7,6152
2026-07-16T14:15:00+05:30,1709.2,1714,1709.1,1713.6,16604
2026-07-16T14:20:00+05:30,1713.9,1713.9,1706,1707.4,12575
2026-07-16T14:25:00+05:30,1706.3,1709.2,1706,1706.4,7606
2026-07-16T14:30:00+05:30,1706.4,1706.8,1704,1705.6,24139
2026-07-16T14:35:00+05:30,1705.6,1705.6,1698.4,1698.9,29426
2026-07-16T14:40:00+05:30,1699.4,1700,1696.6,1697.3,17745
2026-07-16T14:45:00+05:30,1697.3,1698.8,1696.4,1697.9,10123
2026-07-16T14:50:00+05:30,1697.9,1699.4,1697.9,1698.3,9313
2026-07-16T14:55:00+05:30,1698.5,1700.9,1698.3,1699.9,9435
2026-07-16T15:00:00+05:30,1698.1,1698.1,1690.2,1690.2,55268
2026-07-16T15:05:00+05:30,1690.1,1692.1,1689.7,1690.4,43129
2026-07-16T15:10:00+05:30,1690,1690.1,1688.3,1688.5,57136
2026-07-16T15:15:00+05:30,1689.1,1689.3,1686.1,1687.2,82482
2026-07-16T15:20:00+05:30,1687.1,1692.4,1686.2,1689.6,57159
2026-07-16T15:25:00+05:30,1689.4,1691.6,1688.6,1690,50980
2026-07-17T09:15:00+05:30,1700,1713.9,1690.5,1700.5,128344
2026-07-17T09:20:00+05:30,1700.5,1709.8,1700.2,1707.5,53335
2026-07-17T09:25:00+05:30,1707.5,1713,1702.4,1712,31408
2026-07-17T09:30:00+05:30,1712,1740,1712,1735.4,186680
2026-07-17T09:35:00+05:30,1738,1739.2,1725.2,1733.3,110097
2026-07-17T09:40:00+05:30,1733.3,1744.9,1731.1,1741.3,130626
2026-07-17T09:45:00+05:30,1742,1744.7,1736.1,1737.7,118196
2026-07-17T09:50:00+05:30,1737.2,1738.1,1727.2,1729.6,62128
2026-07-17T09:55:00+05:30,1729.6,1729.7,1723.3,1727.2,41321
2026-07-17T10:00:00+05:30,1726.8,1727.7,1724.3,1726,19276
2026-07-17T10:05:00+05:30,1726,1733.8,1724.5,1732.4,37621
2026-07-17T10:10:00+05:30,1732.4,1733.2,1721,1725.6,37652
2026-07-17T10:15:00+05:30,1725.8,1733.5,1725.8,1732.7,19649
2026-07-17T10:20:00+05:30,1732.7,1736.7,1731.5,1734.5,37406
2026-07-17T10:25:00+05:30,1734.4,1754,1734.4,1750.2,248213
2026-07-17T10:30:00+05:30,1750.9,1756.9,1750.3,1754,143535
2026-07-17T10:35:00+05:30,1754,1757.7,1747.2,1747.5,124301
2026-07-17T10:40:00+05:30,1747.6,1749.9,1744.6,1744.6,53723
2026-07-17T10:45:00+05:30,1745,1752,1744.1,1745.3,68922
2026-07-17T10:50:00+05:30,1744.3,1746.1,1738,1741.8,51212
2026-07-17T10:55:00+05:30,1741,1749,1741,1747.4,44714
2026-07-17T11:00:00+05:30,1748.2,1750,1742,1742.5,30838
2026-07-17T11:05:00+05:30,1742.5,1745,1741.5,1742,18895
2026-07-17T11:10:00+05:30,1741.6,1749.9,1741.6,1747,39984
2026-07-17T11:15:00+05:30,1747,1749.7,1743.2,1745.9,28421
2026-07-17T11:20:00+05:30,1745.9,1746.2,1739.8,1743.1,27890
2026-07-17T11:25:00+05:30,1743.1,1745.5,1740.8,1744.6,14491
2026-07-17T11:30:00+05:30,1744.6,1745,1739,1739.4,21734
2026-07-17T11:35:00+05:30,1740,1740.5,1734.9,1737.3,44540
2026-07-17T11:40:00+05:30,1737.1,1741.5,1735.2,1740.7,18619
2026-07-17T11:45:00+05:30,1740.7,1743,1736.1,1741.1,22701
2026-07-17T11:50:00+05:30,1741.1,1743,1741,1742.6,23282
2026-07-17T11:55:00+05:30,1742.2,1742.5,1736.8,1739.7,14557
2026-07-17T12:00:00+05:30,1739.3,1745.9,1738.4,1741.6,38210
2026-07-17T12:05:00+05:30,1740.1,1743.8,1740.1,1742.5,13791
2026-07-17T12:10:00+05:30,1742.3,1744.8,1741.6,1743.7,13675
2026-07-17T12:15:00+05:30,1743.7,1745,1742,1743.4,14790
2026-07-17T12:20:00+05:30,1743.2,1743.9,1741.6,1742.2,7972
2026-07-17T12:25:00+05:30,1742.2,1742.9,1738.5,1740,13075
2026-07-17T12:30:00+05:30,1740,1740,1738.6,1738.7,8661
2026-07-17T12:35:00+05:30,1738.7,1739.5,1738,1738.2,10243
2026-07-17T12:40:00+05:30,1738.2,1739,1735.4,1737.7,11618
2026-07-17T12:45:00+05:30,1737.7,1741,1736.6,1739.6,13432
2026-07-17T12:50:00+05:30,1739.6,1739.6,1735,1735.6,10903
2026-07-17T12:55:00+05:30,1735.9,1738.2,1735.4,1737.8,8863
2026-07-17T13:00:00+05:30,1737.8,1740.8,1737.3,1740.5,7973
2026-07-17T13:05:00+05:30,1740.2,1743,1739.8,1742.5,14076
2026-07-17T13:10:00+05:30,1742.5,1742.8,1739.3,1740.9,9410
2026-07-17T13:15:00+05:30,1741.2,1741.2,1738,1739.3,5294
2026-07-17T13:20:00+05:30,1739.3,1739.3,1738,1738.3,3959
2026-07-17T13:25:00+05:30,1738.5,1738.7,1732.7,1734.2,30447
2026-07-17T13:30:00+05:30,1734.3,1734.8,1732.6,1733,11938
2026-07-17T13:35:00+05:30,1732.6,1734.4,1732.6,1733.9,7149
2026-07-17T13:40:00+05:30,1734.4,1734.4,1728.3,1729.5,22223
2026-07-17T13:45:00+05:30,1728.3,1731.8,1727.6,1730.5,21861
2026-07-17T13:50:00+05:30,1730.1,1731.1,1725.9,1727.5,16662
2026-07-17T13:55:00+05:30,1727.4,1731,1727.4,1731,8985
2026-07-17T14:00:00+05:30,1730.7,1730.7,1727.4,1730,14651
2026-07-17T14:05:00+05:30,1730,1730.3,1728.6,1728.6,7709
2026-07-17T14:10:00+05:30,1728.6,1729.1,1727.1,1729,10453
2026-07-17T14:15:00+05:30,1729.2,1739.9,1729,1733.5,42145
2026-07-17T14:20:00+05:30,1733,1734.3,1729,1732,13180
2026-07-17T14:25:00+05:30,1732,1733,1728.5,1729,10635
2026-07-17T14:30:00+05:30,1729,1731.1,1729,1730.9,7403
2026-07-17T14:35:00+05:30,1730.4,1733.6,1730.4,1733.2,6768
2026-07-17T14:40:00+05:30,1733.2,1735.2,1722.5,1724.2,36776
2026-07-17T14:45:00+05:30,1724.1,1728.5,1724.1,1728,14897
2026-07-17T14:50:00+05:30,1728,1729.3,1726.6,1729,11981
2026-07-17T14:55:00+05:30,1729,1729.1,1727,1729,11462
2026-07-17T15:00:00+05:30,1729,1729,1722.9,1724.4,26074
2026-07-17T15:05:00+05:30,1724.4,1724.4,1722.6,1723.5,25962
2026-07-17T15:10:00+05:30,1723.5,1725.6,1721.2,1722.8,36868
2026-07-17T15:15:00+05:30,1723,1727.4,1721.8,1724.3,79728
2026-07-17T15:20:00+05:30,1724.3,1725.4,1715.5,1717.7,97778
2026-07-17T15:25:00+05:30,1718.3,1724.7,1713.4,1724,49924
2026-07-20T09:15:00+05:30,1725,1727.2,1704.5,1722,73778
2026-07-20T09:20:00+05:30,1721.2,1732.7,1721.1,1726.7,63748
2026-07-20T09:25:00+05:30,1726.7,1727.5,1721.4,1726.7,33857
2026-07-20T09:30:00+05:30,1726.4,1731,1721.7,1730.7,62799
2026-07-20T09:35:00+05:30,1729.6,1732.7,1725,1732.6,22551
2026-07-20T09:40:00+05:30,1731.9,1734,1724,1724.9,35890
2026-07-20T09:45:00+05:30,1724.9,1734.8,1724.4,1734,32025
2026-07-20T09:50:00+05:30,1734,1735,1731.1,1733.6,11548
2026-07-20T09:55:00+05:30,1733,1733.1,1729.1,1731.2,12829
2026-07-20T10:00:00+05:30,1731.7,1732.2,1728.7,1730.8,11749
2026-07-20T10:05:00+05:30,1730.8,1731.8,1727.2,1731.6,9302
2026-07-20T10:10:00+05:30,1731.6,1732.8,1729,1732.8,17194
2026-07-20T10:15:00+05:30,1733.4,1733.6,1729.3,1730.8,8498
2026-07-20T10:20:00+05:30,1730.8,1731.6,1728.7,1729.4,6953
2026-07-20T10:25:00+05:30,1729.3,1731.8,1728,1729.8,10761
2026-07-20T10:30:00+05:30,1729.8,1734.5,1729,1733.8,14770
2026-07-20T10:35:00+05:30,1733.9,1739.4,1730,1732.2,18759
2026-07-20T10:40:00+05:30,1732.2,1732.7,1729.6,1730.2,15890
2026-07-20T10:45:00+05:30,1730.3,1730.9,1725.3,1730,7727
2026-07-20T10:50:00+05:30,1730,1731.8,1729.5,1729.9,6492
2026-07-20T10:55:00+05:30,1729.5,1729.5,1721.2,1723.3,21457
2026-07-20T11:00:00+05:30,1723.3,1723.8,1720,1721.5,22158
2026-07-20T11:05:00+05:30,1721.5,1724.2,1719.9,1719.9,25509
2026-07-20T11:10:00+05:30,1719.9,1720.7,1715,1718.5,21891
2026-07-20T11:15:00+05:30,1718.5,1719.3,1716.8,1718.6,9761
2026-07-20T11:20:00+05:30,1718.6,1718.7,1717,1718,6555
2026-07-20T11:25:00+05:30,1717.5,1721.9,1716,1720,15750
2026-07-20T11:30:00+05:30,1719,1721,1718.5,1720.2,7960
2026-07-20T11:35:00+05:30,1719.9,1719.9,1717.4,1717.9,3459
2026-07-20T11:40:00+05:30,1717.9,1718.6,1716,1717.5,6219
2026-07-20T11:45:00+05:30,1717.5,1717.5,1713.4,1713.6,11442
2026-07-20T11:50:00+05:30,1714,1716.3,1712.5,1712.5,7248
2026-07-20T11:55:00+05:30,1712.5,1715.6,1711.5,1714.9,16168
2026-07-20T12:00:00+05:30,1714.9,1715.4,1714,1714.4,5097
2026-07-20T12:05:00+05:30,1714.4,1715.8,1713.8,1715,4880
2026-07-20T12:10:00+05:30,1715,1718,1714.5,1718,4769
2026-07-20T12:15:00+05:30,1718,1718.6,1716.9,1718,9849
2026-07-20T12:20:00+05:30,1718,1718,1717.3,1717.3,2871
2026-07-20T12:25:00+05:30,1717.3,1718,1715.5,1715.9,6010
2026-07-20T12:30:00+05:30,1715.9,1718.5,1715.9,1717.1,7731
2026-07-20T12:35:00+05:30,1716.8,1716.8,1715.2,1715.6,2002
2026-07-20T12:40:00+05:30,1715.6,1716,1715.6,1715.7,1542
2026-07-20T12:45:00+05:30,1715.7,1715.7,1713.1,1715.6,5537
2026-07-20T12:50:00+05:30,1715.6,1718.6,1715.2,1716.9,8576
2026-07-20T12:55:00+05:30,1716.9,1718.5,1715.4,1718.3,7602
2026-07-20T13:00:00+05:30,1718.3,1718.3,1716.9,1716.9,13126
2026-07-20T13:05:00+05:30,1716.9,1717.6,1715.2,1717.3,6249
2026-07-20T13:10:00+05:30,1717.3,1718.9,1716.4,1718.9,17133
2026-07-20T13:15:00+05:30,1719.8,1720.5,1717.5,1719.6,13498
2026-07-20T13:20:00+05:30,1719.6,1723.8,1719.6,1723,15085
2026-07-20T13:25:00+05:30,1723,1729.9,1722.3,1726.4,27515
2026-07-20T13:30:00+05:30,1726.4,1731.2,1726.4,1728.6,17109
2026-07-20T13:35:00+05:30,1728.6,1732.5,1728.6,1730.7,12080
2026-07-20T13:40:00+05:30,1730.7,1733.2,1730.7,1733.1,17437
2026-07-20T13:45:00+05:30,1733,1735.4,1733,1734.8,16916
2026-07-20T13:50:00+05:30,1734.8,1736.2,1733.2,1734.4,16072
2026-07-20T13:55:00+05:30,1734.4,1735.7,1733.1,1735,11578
2026-07-20T14:00:00+05:30,1734.5,1739,1734.4,1738.3,14133
2026-07-20T14:05:00+05:30,1738,1739,1735.1,1736,16752
2026-07-20T14:10:00+05:30,1736.5,1736.5,1733.3,1733.3,6723
2026-07-20T14:15:00+05:30,1733.3,1733.3,1728.1,1729.5,14746
2026-07-20T14:20:00+05:30,1729.5,1731,1728,1730.5,11729
2026-07-20T14:25:00+05:30,1730,1731.6,1730,1730.6,9795
2026-07-20T14:30:00+05:30,1730.9,1731,1726.4,1727.1,13213
2026-07-20T14:35:00+05:30,1727.1,1728,1725.1,1726.9,11324
2026-07-20T14:40:00+05:30,1726.9,1728.2,1725.6,1725.9,5137
2026-07-20T14:45:00+05:30,1725.8,1727.8,1725.1,1726.1,15202
2026-07-20T14:50:00+05:30,1726.5,1727.2,1725.8,1726.5,9127
2026-07-20T14:55:00+05:30,1726.5,1729.8,1726.4,1729.4,6903
2026-07-20T15:00:00+05:30,1729.8,1732.8,1729.3,1731,23084
2026-07-20T15:05:00+05:30,1731.1,1731.1,1728.1,1728.8,13781
2026-07-20T15:10:00+05:30,1728.5,1732,1727.9,1732,23936
2026-07-20T15:15:00+05:30,1732,1733,1729.3,1729.3,55935
2026-07-20T15:20:00+05:30,1729.4,1730.1,1729.1,1729.4,25235
2026-07-20T15:25:00+05:30,1729.5,1730,1726.2,1730,48912
2026-07-21T09:15:00+05:30,1736,1741.6,1725.4,1728.3,111146
2026-07-21T09:20:00+05:30,1728,1733.9,1723.2,1732.2,57867
2026-07-21T09:25:00+05:30,1732.2,1736,1728.1,1731.6,39596
2026-07-21T09:30:00+05:30,1731.6,1738,1730.8,1735.6,24097
2026-07-21T09:35:00+05:30,1734.9,1736.6,1731.8,1732.1,19359
2026-07-21T09:40:00+05:30,1732.1,1740,1732.1,1739.5,14137
2026-07-21T09:45:00+05:30,1739.4,1744.5,1737.9,1743,37849
2026-07-21T09:50:00+05:30,1743,1743,1739.2,1739.8,13402
2026-07-21T09:55:00+05:30,1739.8,1739.8,1735.3,1735.5,20291
2026-07-21T10:00:00+05:30,1735.8,1741,1735.7,1736.3,20912
2026-07-21T10:05:00+05:30,1736.5,1738.2,1733.2,1734,12433
2026-07-21T10:10:00+05:30,1733.5,1738.8,1733.5,1738.8,15132
2026-07-21T10:15:00+05:30,1738.3,1738.7,1734,1734,17905
2026-07-21T10:20:00+05:30,1734,1736.4,1733,1735.6,13831
2026-07-21T10:25:00+05:30,1735.6,1738.1,1734.8,1735.9,5613
2026-07-21T10:30:00+05:30,1735.9,1738.1,1735.1,1736.2,5798
2026-07-21T10:35:00+05:30,1735.5,1736.2,1731,1732.1,21771
2026-07-21T10:40:00+05:30,1732.1,1735.2,1731.2,1734.7,8942
2026-07-21T10:45:00+05:30,1734.7,1734.8,1733,1733.9,6791
2026-07-21T10:50:00+05:30,1733.6,1734.8,1731.2,1734.8,7342
2026-07-21T10:55:00+05:30,1734.8,1735,1733.2,1734,15726
2026-07-21T11:00:00+05:30,1734,1734.8,1732.6,1733.9,3818
2026-07-21T11:05:00+05:30,1733.9,1735.6,1733.7,1733.9,5215
2026-07-21T11:10:00+05:30,1733.9,1734,1733,1733.4,3844
2026-07-21T11:15:00+05:30,1733.4,1737.9,1733.4,1737.9,7433
2026-07-21T11:20:00+05:30,1737.9,1737.9,1735.2,1736,6604
2026-07-21T11:25:00+05:30,1736,1736.8,1733.5,1736.5,8517
2026-07-21T11:30:00+05:30,1736.5,1738.8,1735.6,1738,7525
2026-07-21T11:35:00+05:30,1738.7,1739,1737.1,1737.2,6374
2026-07-21T11:40:00+05:30,1737,1737,1727.7,1728.4,30343
2026-07-21T11:45:00+05:30,1728.4,1733,1728.4,1732,10511
2026-07-21T11:50:00+05:30,1732,1732,1730.5,1732,4349
2026-07-21T11:55:00+05:30,1732,1733.5,1731.1,1733,6528
2026-07-21T12:00:00+05:30,1733,1734.9,1732.3,1734.8,4561
2026-07-21T12:05:00+05:30,1734.4,1736,1732.8,1734,6614
2026-07-21T12:10:00+05:30,1733.7,1734.5,1732.2,1732.7,4360
2026-07-21T12:15:00+05:30,1732.6,1734,1732.4,1733.7,3885
2026-07-21T12:20:00+05:30,1733.6,1734.8,1732.8,1734.6,2279
2026-07-21T12:25:00+05:30,1734.3,1734.8,1731.5,1732.7,4902
2026-07-21T12:30:00+05:30,1732.8,1735.9,1731.5,1734.9,5254
2026-07-21T12:35:00+05:30,1734.9,1737.4,1734.5,1736.5,7571
2026-07-21T12:40:00+05:30,1736.5,1736.9,1735.3,1736.7,5307
2026-07-21T12:45:00+05:30,1736.7,1737,1735.9,1736.9,3810
2026-07-21T12:50:00+05:30,1736.9,1739.6,1736.9,1738.6,12105
2026-07-21T12:55:00+05:30,1739.3,1739.6,1735.4,1735.8,9490
2026-07-21T13:00:00+05:30,1735.8,1736.2,1730,1733.2,17145
2026-07-21T13:05:00+05:30,1733,1735.8,1732.5,1735.8,3803
2026-07-21T13:10:00+05:30,1735.8,1738.5,1735.8,1737.6,7223
2026-07-21T13:15:00+05:30,1737.2,1739.4,1736,1739,14003
2026-07-21T13:20:00+05:30,1738.2,1740.5,1737.1,1738.7,15551
2026-07-21T13:25:00+05:30,1738.4,1739.8,1736.8,1739,4184
2026-07-21T13:30:00+05:30,1739,1739.2,1738.2,1739.1,4259
2026-07-21T13:35:00+05:30,1739.2,1741,1737.6,1739.3,33455
2026-07-21T13:40:00+05:30,1739.3,1745.7,1739.3,1742.8,27600
2026-07-21T13:45:00+05:30,1741.2,1742.8,1741,1741.8,6685
2026-07-21T13:50:00+05:30,1741.8,1742.9,1740.3,1741.6,7433
2026-07-21T13:55:00+05:30,1741.6,1753,1718.6,1743.7,435209
2026-07-21T14:00:00+05:30,1745,1775,1742,1774.6,476367
2026-07-21T14:05:00+05:30,1775,1782.8,1767,1779.9,296406
2026-07-21T14:10:00+05:30,1779.9,1789,1770.3,1777.3,219853
2026-07-21T14:15:00+05:30,1777.5,1784.9,1773.2,1783,123522
2026-07-21T14:20:00+05:30,1783,1783.9,1745,1750.8,272805
2026-07-21T14:25:00+05:30,1750.8,1755,1747,1749.1,121676
2026-07-21T14:30:00+05:30,1748.2,1755.7,1747,1752.5,97428
2026-07-21T14:35:00+05:30,1752.5,1752.6,1745.3,1748.4,55860
2026-07-21T14:40:00+05:30,1748.3,1748.8,1738,1738,88684
2026-07-21T14:45:00+05:30,1738.9,1749,1733.1,1745.6,127608
2026-07-21T14:50:00+05:30,1745.8,1747.2,1740.7,1747,30275
2026-07-21T14:55:00+05:30,1747,1750,1746.5,1748.7,43672
2026-07-21T15:00:00+05:30,1749.3,1750,1746.8,1749.8,70346
2026-07-21T15:05:00+05:30,1750,1750,1743.3,1744.1,92159
2026-07-21T15:10:00+05:30,1744.3,1744.9,1738,1738.4,72747
2026-07-21T15:15:00+05:30,1738.4,1740.4,1733.1,1735.1,85401
2026-07-21T15:20:00+05:30,1735,1742,1735,1740.1,98263
2026-07-21T15:25:00+05:30,1740.1,1740.7,1734.4,1737.1,90943
2026-07-22T09:15:00+05:30,1750.3,1755.5,1715.3,1720,237046
2026-07-22T09:20:00+05:30,1720.1,1740,1717.1,1738,112498
2026-07-22T09:25:00+05:30,1738.5,1752,1730.4,1732,125122
2026-07-22T09:30:00+05:30,1732.1,1739.1,1728.6,1731.2,83302
2026-07-22T09:35:00+05:30,1731.1,1732.2,1725,1726,58183
2026-07-22T09:40:00+05:30,1726,1730,1721,1730,59330
2026-07-22T09:45:00+05:30,1730,1741.3,1728.6,1731,75741
2026-07-22T09:50:00+05:30,1731,1736.3,1730.1,1732.5,24697
2026-07-22T09:55:00+05:30,1733.3,1742,1731.1,1739,46757
2026-07-22T10:00:00+05:30,1739,1744.3,1737.2,1741.9,49022
2026-07-22T10:05:00+05:30,1744.5,1754,1741.9,1748.9,109149
2026-07-22T10:10:00+05:30,1748.9,1752,1743.1,1743.1,35147
2026-07-22T10:15:00+05:30,1743.5,1746.4,1740.4,1746,45321
2026-07-22T10:20:00+05:30,1746,1747,1743.5,1743.5,17612
2026-07-22T10:25:00+05:30,1743.5,1744.4,1735.4,1741.2,30413
2026-07-22T10:30:00+05:30,1741.2,1742.2,1739.2,1741.2,18134
2026-07-22T10:35:00+05:30,1741.2,1744.9,1741,1741.5,16358
2026-07-22T10:40:00+05:30,1741,1743,1740.1,1741.1,11924
2026-07-22T10:45:00+05:30,1741.1,1750.9,1741.1,1750.5,43095
2026-07-22T10:50:00+05:30,1749.9,1755.7,1745.6,1746,71324
2026-07-22T10:55:00+05:30,1746.3,1748.9,1742.7,1744,19381
2026-07-22T11:00:00+05:30,1744,1748,1743,1745.7,16580
2026-07-22T11:05:00+05:30,1745,1747.4,1742.8,1743,16116
2026-07-22T11:10:00+05:30,1743,1744.3,1740,1743.3,14193
2026-07-22T11:15:00+05:30,1743.3,1749.5,1742,1747.9,18812
2026-07-22T11:20:00+05:30,1747.9,1751.4,1747.1,1751,14740
2026-07-22T11:25:00+05:30,1751,1753,1748.2,1749,19690
2026-07-22T11:30:00+05:30,1749.1,1754.7,1749,1754,29793
2026-07-22T11:35:00+05:30,1754,1758,1746.3,1748,79425
2026-07-22T11:40:00+05:30,1748,1751.7,1747,1749.1,13942
2026-07-22T11:45:00+05:30,1749.1,1749.5,1747.2,1748,10281
2026-07-22T11:50:00+05:30,1748.7,1748.7,1741,1744,29414
2026-07-22T11:55:00+05:30,1744,1746.8,1738.7,1739.6,27593
2026-07-22T12:00:00+05:30,1739.8,1740.9,1735.9,1737.2,18926
2026-07-22T12:05:00+05:30,1737.2,1737.6,1732.3,1734,17402
2026-07-22T12:10:00+05:30,1733.5,1734.8,1726.7,1729,34296
2026-07-22T12:15:00+05:30,1729.9,1736.7,1729.3,1733.5,29784
2026-07-22T12:20:00+05:30,1733.5,1737.2,1731,1737,9646
2026-07-22T12:25:00+05:30,1737,1738.6,1736,1736.1,7848
2026-07-22T12:30:00+05:30,1736.1,1736.1,1732.8,1734.2,12708
2026-07-22T12:35:00+05:30,1734.2,1734.3,1731.7,1731.7,10450
2026-07-22T12:40:00+05:30,1731.6,1737.5,1731,1736.5,10519
2026-07-22T12:45:00+05:30,1737.2,1739,1735,1738.5,18948
2026-07-22T12:50:00+05:30,1738.5,1738.5,1735.1,1735.7,14150
2026-07-22T12:55:00+05:30,1735.7,1737,1733.7,1734.5,5746
2026-07-22T13:00:00+05:30,1734.5,1735,1732.4,1733.5,6670
2026-07-22T13:05:00+05:30,1733.5,1736,1733.5,1734.5,11475
2026-07-22T13:10:00+05:30,1734.5,1735.2,1733,1734.4,6859
2026-07-22T13:15:00+05:30,1734.5,1734.9,1732.6,1733.9,4410
2026-07-22T13:20:00+05:30,1733.9,1735.4,1733.3,1735.3,5113
2026-07-22T13:25:00+05:30,1735.3,1735.8,1733.8,1735.3,5342
2026-07-22T13:30:00+05:30,1735.1,1739.4,1733.9,1737.8,10488
2026-07-22T13:35:00+05:30,1737.8,1738.9,1736.9,1738.6,4472
2026-07-22T13:40:00+05:30,1738.9,1739.5,1736.5,1737.9,7930
2026-07-22T13:45:00+05:30,1737.9,1739,1735.2,1736.7,8243
2026-07-22T13:50:00+05:30,1737.3,1739,1727.2,1736,30436
2026-07-22T13:55:00+05:30,1736,1737.6,1733.9,1734.7,10574
2026-07-22T14:00:00+05:30,1734.5,1735.7,1731.1,1732.3,12657
2026-07-22T14:05:00+05:30,1733.4,1734.5,1732.4,1733.6,6884
2026-07-22T14:10:00+05:30,1733.6,1734.5,1718,1721.3,55007
2026-07-22T14:15:00+05:30,1721.3,1725.6,1717,1723,24417
2026-07-22T14:20:00+05:30,1723,1724.2,1712.6,1713.5,34215
2026-07-22T14:25:00+05:30,1713.5,1720.3,1712.4,1717,27212
2026-07-22T14:30:00+05:30,1716.6,1722.8,1715.4,1722.6,14510
2026-07-22T14:35:00+05:30,1722.3,1724.6,1720.8,1720.8,10970
2026-07-22T14:40:00+05:30,1720.8,1722.3,1714,1719.9,20090
2026-07-22T14:45:00+05:30,1719.9,1720.1,1715.5,1717.4,12985
2026-07-22T14:50:00+05:30,1716.7,1720,1715.6,1717.4,10695
2026-07-22T14:55:00+05:30,1717.5,1722,1714.1,1720.2,14132
2026-07-22T15:00:00+05:30,1720.4,1724.5,1720.4,1723.2,25336
2026-07-22T15:05:00+05:30,1724,1729.9,1723.5,1729.8,31187
2026-07-22T15:10:00+05:30,1729.2,1730,1721.1,1729.8,48616
2026-07-22T15:15:00+05:30,1729.9,1733.1,1720.2,1721.8,81067
2026-07-22T15:20:00+05:30,1722,1724.1,1719.2,1721.7,42332
2026-07-22T15:25:00+05:30,1721.4,1728.9,1721.4,1728.9,43004
2026-07-23T09:15:00+05:30,1729.7,1730,1706.1,1717.7,93720
2026-07-23T09:20:00+05:30,1717.7,1725.8,1715.4,1723.3,54510
2026-07-23T09:25:00+05:30,1723.9,1725.4,1715,1720,40653
2026-07-23T09:30:00+05:30,1720,1723.4,1712,1717,40678
2026-07-23T09:35:00+05:30,1717,1717,1704.7,1708.6,42552
2026-07-23T09:40:00+05:30,1708.9,1709.7,1693.3,1694.8,61824
2026-07-23T09:45:00+05:30,1694.8,1709.6,1694.7,1705.3,64925
2026-07-23T09:50:00+05:30,1705.3,1706.7,1695.6,1700.4,37723
2026-07-23T09:55:00+05:30,1700.4,1704.9,1699.5,1703.4,23796
2026-07-23T10:00:00+05:30,1704,1710.7,1703.5,1708.7,16470
2026-07-23T10:05:00+05:30,1708.7,1709.1,1696.3,1698.6,30207
2026-07-23T10:10:00+05:30,1698.9,1701,1686.7,1688.4,58809
2026-07-23T10:15:00+05:30,1688.1,1693.4,1685.3,1686.2,29833
2026-07-23T10:20:00+05:30,1686.2,1690.3,1683.6,1684.8,40312
2026-07-23T10:25:00+05:30,1684.8,1691.7,1684.1,1690.3,18707
2026-07-23T10:30:00+05:30,1690.3,1691,1680,1681,98248
2026-07-23T10:35:00+05:30,1681.6,1687.1,1677.1,1682.2,28953
2026-07-23T10:40:00+05:30,1682.3,1687.8,1681.2,1687.5,14125
2026-07-23T10:45:00+05:30,1687.5,1688,1684.1,1686.3,21084
2026-07-23T10:50:00+05:30,1686.3,1699,1686.1,1697.7,29543
2026-07-23T10:55:00+05:30,1697.7,1705.1,1695,1705.1,95464
2026-07-23T11:00:00+05:30,1705.1,1719.8,1704,1719.5,106484
2026-07-23T11:05:00+05:30,1719.4,1722.2,1715.3,1721.4,68019
2026-07-23T11:10:00+05:30,1721.4,1728.9,1716.2,1719.3,94817
2026-07-23T11:15:00+05:30,1720,1722,1718.1,1720.6,53951
2026-07-23T11:20:00+05:30,1720.6,1721.9,1716.3,1716.3,20539
2026-07-23T11:25:00+05:30,1716.8,1719,1716,1719,22015
2026-07-23T11:30:00+05:30,1719,1721.1,1711,1713.4,40664
2026-07-23T11:35:00+05:30,1714.1,1716.2,1712.6,1715.7,15373
2026-07-23T11:40:00+05:30,1715.6,1715.6,1711.1,1711.9,16029
2026-07-23T11:45:00+05:30,1711.9,1717.7,1710.1,1713.3,22639
2026-07-23T11:50:00+05:30,1712.5,1714.1,1711.1,1712.1,6330
2026-07-23T11:55:00+05:30,1712.7,1715,1710.4,1714.3,8144
2026-07-23T12:00:00+05:30,1714.3,1717.1,1713.3,1714.8,15396
2026-07-23T12:05:00+05:30,1714.8,1714.8,1711.6,1713.6,8466
2026-07-23T12:10:00+05:30,1713.6,1714.3,1707,1708.2,10461
2026-07-23T12:15:00+05:30,1708.2,1710.3,1706.2,1708.9,8760
2026-07-23T12:20:00+05:30,1708.2,1710,1699.1,1700,46316
2026-07-23T12:25:00+05:30,1699.5,1700.2,1698,1698.1,15834
2026-07-23T12:30:00+05:30,1698.1,1700.2,1695.2,1699,16181
2026-07-23T12:35:00+05:30,1699,1699.8,1696.8,1697.3,8589
2026-07-23T12:40:00+05:30,1698,1698.8,1692,1693.3,16111
2026-07-23T12:45:00+05:30,1693.6,1695.2,1687.1,1687.1,39730
2026-07-23T12:50:00+05:30,1687.3,1692,1683.4,1691.6,22686
2026-07-23T12:55:00+05:30,1691.6,1692,1690,1691.4,11283
2026-07-23T13:00:00+05:30,1691,1691,1684,1684.9,28245
2026-07-23T13:05:00+05:30,1684.9,1686.7,1682,1683.8,11316
2026-07-23T13:10:00+05:30,1683.3,1685.6,1683,1683.6,12327
2026-07-23T13:15:00+05:30,1683.6,1686.1,1679.9,1679.9,42810
2026-07-23T13:20:00+05:30,1679.9,1680.7,1676.1,1677,34512
2026-07-23T13:25:00+05:30,1677,1678.4,1674.2,1675.5,25508
2026-07-23T13:30:00+05:30,1675.5,1677.5,1672.5,1675.8,19236
2026-07-23T13:35:00+05:30,1675.8,1691.8,1673.8,1691.8,41192
2026-07-23T13:40:00+05:30,1691.8,1697.2,1683.6,1686.2,40866
2026-07-23T13:45:00+05:30,1686.2,1687.6,1681.5,1685,45059
2026-07-23T13:50:00+05:30,1685.8,1688.5,1679.9,1680.4,32078
2026-07-23T13:55:00+05:30,1680.9,1681.9,1678,1679.2,31301
2026-07-23T14:00:00+05:30,1679.2,1681.5,1677.6,1678,18037
2026-07-23T14:05:00+05:30,1678,1678.5,1672.1,1673.6,165447
2026-07-23T14:10:00+05:30,1673.6,1675.1,1672.3,1674.2,14124
2026-07-23T14:15:00+05:30,1674.2,1675.8,1671.2,1672.5,18139
2026-07-23T14:20:00+05:30,1672.5,1676.5,1665.1,1667.5,125205
2026-07-23T14:25:00+05:30,1667.5,1668.5,1666.6,1667.2,30644
2026-07-23T14:30:00+05:30,1667,1688.5,1666,1684.6,150439
2026-07-23T14:35:00+05:30,1685.3,1687.3,1676.1,1676.1,234854
2026-07-23T14:40:00+05:30,1676.5,1677.8,1673.7,1674.9,12349
2026-07-23T14:45:00+05:30,1674.9,1677.5,1674.5,1676.7,12917
2026-07-23T14:50:00+05:30,1676.7,1679.8,1675.8,1678.2,31042
2026-07-23T14:55:00+05:30,1678.1,1679.6,1676.2,1679,25721
2026-07-23T15:00:00+05:30,1679.5,1683.6,1677.3,1677.3,100507
2026-07-23T15:05:00+05:30,1677.8,1684.1,1676.5,1680.1,133879
2026-07-23T15:10:00+05:30,1680.4,1686.9,1680.2,1686.3,104643
2026-07-23T15:15:00+05:30,1685.8,1686.8,1681,1684.5,95122
2026-07-23T15:20:00+05:30,1685.2,1695.8,1685.2,1694.2,94940
2026-07-23T15:25:00+05:30,1694.1,1695.6,1690,1692,62323
2026-07-24T09:15:00+05:30,1676,1698.2,1668.8,1693.3,85123
2026-07-24T09:20:00+05:30,1693.3,1700,1691.1,1694.8,74336
2026-07-24T09:25:00+05:30,1695.3,1696,1671.9,1676,120296
2026-07-24T09:30:00+05:30,1676,1697.4,1676,1690.4,67321
2026-07-24T09:35:00+05:30,1690.4,1698.5,1689.3,1696.6,35198
2026-07-24T09:40:00+05:30,1696.1,1700,1692.2,1693.2,34999
2026-07-24T09:45:00+05:30,1693.1,1693.8,1683.8,1685.2,51415
2026-07-24T09:50:00+05:30,1685.2,1691.6,1683.3,1689.3,43214
2026-07-24T09:55:00+05:30,1689.3,1695,1687.5,1692.6,22497
2026-07-24T10:00:00+05:30,1693,1693.9,1689,1690.3,29903
2026-07-24T10:05:00+05:30,1691,1692.8,1687.6,1692.4,17143
2026-07-24T10:10:00+05:30,1693,1693.3,1686,1686,18963
2026-07-24T10:15:00+05:30,1686,1690.3,1685,1688,17296
2026-07-24T10:20:00+05:30,1688,1691.2,1686,1687.4,23908
2026-07-24T10:25:00+05:30,1687.4,1691,1686.9,1688.8,17230
2026-07-24T10:30:00+05:30,1688,1691.6,1687.3,1688,23548
2026-07-24T10:35:00+05:30,1688,1697.5,1688,1697,36685
2026-07-24T10:40:00+05:30,1697,1699.5,1692.3,1694.3,25704
2026-07-24T10:45:00+05:30,1695.4,1696,1692.9,1695.9,18245
2026-07-24T10:50:00+05:30,1695.9,1696.9,1691,1696.9,36324
2026-07-24T10:55:00+05:30,1696.9,1699,1695,1695.6,19494
2026-07-24T11:00:00+05:30,1695.9,1695.9,1693.1,1694.2,13579
2026-07-24T11:05:00+05:30,1694.7,1695.5,1684.1,1686.1,76799
2026-07-24T11:10:00+05:30,1687.2,1689,1681.8,1683.6,49824
2026-07-24T11:15:00+05:30,1682.7,1687.6,1681.6,1687,30358
2026-07-24T11:20:00+05:30,1687,1694.4,1685.4,1686.7,42189
2026-07-24T11:25:00+05:30,1687.6,1688.6,1684,1685,19043
2026-07-24T11:30:00+05:30,1685.2,1689.1,1684.5,1687.2,20683
2026-07-24T11:35:00+05:30,1687.3,1690.6,1686.7,1690.2,10813
2026-07-24T11:40:00+05:30,1691.6,1696.6,1691.2,1695.2,14129
2026-07-24T11:45:00+05:30,1695.2,1707.7,1695.2,1706.4,66298
2026-07-24T11:50:00+05:30,1706.9,1707,1699,1704.2,44071
2026-07-24T11:55:00+05:30,1704.2,1704.2,1700.1,1702.2,22876
2026-07-24T12:00:00+05:30,1702.2,1703.6,1700,1703.2,19501
2026-07-24T12:05:00+05:30,1703.2,1706,1697.7,1698,32554
2026-07-24T12:10:00+05:30,1697.7,1699.6,1694.4,1699,16535
2026-07-24T12:15:00+05:30,1698.5,1701.6,1694.4,1694.8,53098
2026-07-24T12:20:00+05:30,1694.4,1699,1694,1698.5,7299
2026-07-24T12:25:00+05:30,1698.5,1705.9,1698.5,1704.9,25808
2026-07-24T12:30:00+05:30,1704.3,1704.3,1695.1,1695.7,21089
2026-07-24T12:35:00+05:30,1696.3,1698.1,1695,1697.3,17842
2026-07-24T12:40:00+05:30,1697.3,1701.9,1696.7,1701.7,18007
2026-07-24T12:45:00+05:30,1701.9,1708,1701,1707.3,30616
2026-07-24T12:50:00+05:30,1708,1711.2,1706,1711.2,38630
2026-07-24T12:55:00+05:30,1711.2,1711.6,1702.9,1707.1,35850
2026-07-24T13:00:00+05:30,1707.1,1708.6,1704.3,1704.6,15833
2026-07-24T13:05:00+05:30,1704.6,1705.1,1703.1,1705.1,18536
2026-07-24T13:10:00+05:30,1705,1707.5,1704.2,1706.8,17574
2026-07-24T13:15:00+05:30,1706.8,1713.9,1703.5,1705,74096
2026-07-24T13:20:00+05:30,1705,1705.8,1702.9,1705.5,17025
2026-07-24T13:25:00+05:30,1705.5,1705.9,1698.2,1698.4,91836
2026-07-24T13:30:00+05:30,1698.6,1699.6,1696.5,1697.2,15779
2026-07-24T13:35:00+05:30,1697.2,1699.3,1696.5,1699.2,8772
2026-07-24T13:40:00+05:30,1699.1,1699.1,1695,1697,23944
2026-07-24T13:45:00+05:30,1697.2,1700.4,1697.2,1698.9,11631
2026-07-24T13:50:00+05:30,1698.5,1701.5,1698.5,1698.5,10917
2026-07-24T13:55:00+05:30,1698.7,1699.6,1697.2,1698.7,7767
2026-07-24T14:00:00+05:30,1698.7,1699.5,1694.7,1697.3,42869
2026-07-24T14:05:00+05:30,1697.3,1699.9,1696.7,1698.4,9373
2026-07-24T14:10:00+05:30,1698.4,1699.9,1694.2,1695,72361
2026-07-24T14:15:00+05:30,1695.5,1697.5,1691.7,1693.3,86180
2026-07-24T14:20:00+05:30,1693.9,1699.2,1691.3,1697.9,54251
2026-07-24T14:25:00+05:30,1697.9,1700,1694.1,1699.4,50021
2026-07-24T14:30:00+05:30,1699.4,1701,1697.9,1698,15924
2026-07-24T14:35:00+05:30,1698,1702,1696.6,1698,61165
2026-07-24T14:40:00+05:30,1698,1698.9,1694.6,1697,66261
2026-07-24T14:45:00+05:30,1697,1698.3,1694.9,1695.5,33463
2026-07-24T14:50:00+05:30,1695.5,1697.3,1694,1696,14903
2026-07-24T14:55:00+05:30,1696.6,1698,1695,1697.1,13873
2026-07-24T15:00:00+05:30,1699,1699.6,1696,1698.2,27385
2026-07-24T15:05:00+05:30,1697.7,1702.3,1696.6,1702.3,28408
2026-07-24T15:10:00+05:30,1702.6,1706,1702.6,1705.3,29188
2026-07-24T15:15:00+05:30,1705.2,1707.7,1699,1702.7,42037
2026-07-24T15:20:00+05:30,1702.7,1704.5,1700.3,1703.7,36316
2026-07-24T15:25:00+05:30,1703.7,1705.4,1700,1701,39180
2026-07-27T09:15:00+05:30,1719.6,1719.6,1704.2,1707,107635
2026-07-27T09:20:00+05:30,1708.9,1712.5,1703.5,1703.5,51715
2026-07-27T09:25:00+05:30,1704.8,1710.2,1702.2,1710.2,64053
2026-07-27T09:30:00+05:30,1710.2,1714.8,1709.6,1711,129727
2026-07-27T09:35:00+05:30,1710.3,1710.9,1706.9,1710.5,43346
2026-07-27T09:40:00+05:30,1710.5,1711.9,1707.5,1708.9,20788
2026-07-27T09:45:00+05:30,1709.6,1711,1706.4,1708.9,36766
2026-07-27T09:50:00+05:30,1708.9,1710,1706.8,1707.6,20211
2026-07-27T09:55:00+05:30,1707.6,1707.6,1700,1701,36065
2026-07-27T10:00:00+05:30,1701.1,1702.5,1700.2,1701.5,30436
2026-07-27T10:05:00+05:30,1702,1705.3,1701.1,1702.2,25010
2026-07-27T10:10:00+05:30,1702.2,1706.9,1700.6,1704.9,16150
2026-07-27T10:15:00+05:30,1704.9,1704.9,1700,1701.3,25260
2026-07-27T10:20:00+05:30,1701.3,1701.8,1693.8,1696.2,51239
2026-07-27T10:25:00+05:30,1697,1697.8,1689.4,1689.6,35623
2026-07-27T10:30:00+05:30,1689.8,1694.3,1689.8,1692,23775
2026-07-27T10:35:00+05:30,1692,1692.2,1690.7,1691.1,13534
2026-07-27T10:40:00+05:30,1691.1,1693,1690.8,1692.5,25632
2026-07-27T10:45:00+05:30,1692.5,1694.7,1691.5,1692.5,22938
2026-07-27T10:50:00+05:30,1692.5,1693.8,1687.1,1689.2,25043
2026-07-27T10:55:00+05:30,1689.2,1689.4,1685,1685.9,18867
2026-07-27T11:00:00+05:30,1685.9,1686.2,1680.5,1681.7,26908
2026-07-27T11:05:00+05:30,1681.7,1682.7,1680.2,1682,12395
2026-07-27T11:10:00+05:30,1682,1685.3,1680.7,1682.9,18076
2026-07-27T11:15:00+05:30,1682.3,1687.2,1680.8,1687,31722
2026-07-27T11:20:00+05:30,1687,1687,1685.2,1685.7,9758
2026-07-27T11:25:00+05:30,1685.7,1686.9,1684.6,1685.3,18307
2026-07-27T11:30:00+05:30,1685.3,1685.3,1683,1684.3,12393
2026-07-27T11:35:00+05:30,1684.8,1687.6,1684.3,1685.7,10146
2026-07-27T11:40:00+05:30,1685.7,1687,1684,1684.7,16120
2026-07-27T11:45:00+05:30,1684.7,1687.5,1684.4,1687,13641
2026-07-27T11:50:00+05:30,1687,1687.1,1683.3,1686.5,16497
2026-07-27T11:55:00+05:30,1686.5,1686.6,1685,1685,12639
2026-07-27T12:00:00+05:30,1685,1687.2,1683,1686.2,19856
2026-07-27T12:05:00+05:30,1686.2,1686.8,1684,1684.7,18439
2026-07-27T12:10:00+05:30,1684.7,1687.1,1682.6,1686.1,19774
2026-07-27T12:15:00+05:30,1685.8,1686,1683.7,1683.7,7491
2026-07-27T12:20:00+05:30,1684,1684,1682,1683.1,6475
2026-07-27T12:25:00+05:30,1683.3,1684.2,1682.2,1682.2,10181
2026-07-27T12:30:00+05:30,1682.2,1684.1,1681.8,1683.6,13403
2026-07-27T12:35:00+05:30,1683.6,1684,1678.1,1679.4,22512
2026-07-27T12:40:00+05:30,1679.4,1680.9,1679,1680.4,12153
2026-07-27T12:45:00+05:30,1680.9,1683,1680.4,1682.4,6457
2026-07-27T12:50:00+05:30,1682.4,1687.6,1682.4,1685.8,26476
2026-07-27T12:55:00+05:30,1685.8,1686.5,1685.5,1686.4,5434
2026-07-27T13:00:00+05:30,1686.4,1688.7,1686.4,1687,18543
2026-07-27T13:05:00+05:30,1687,1688.3,1686.9,1687,26440
2026-07-27T13:10:00+05:30,1687,1688,1687,1687.7,3193
2026-07-27T13:15:00+05:30,1687.7,1691.1,1687.7,1690.9,18073
2026-07-27T13:20:00+05:30,1690.9,1690.9,1686.3,1687.2,25863
2026-07-27T13:25:00+05:30,1687.2,1688.2,1687,1687.7,20989
2026-07-27T13:30:00+05:30,1687.5,1688,1686.5,1687.1,8075
2026-07-27T13:35:00+05:30,1687.1,1694.8,1687.1,1694.8,46072
2026-07-27T13:40:00+05:30,1694.8,1698,1688,1689.7,38588
2026-07-27T13:45:00+05:30,1689.7,1690.1,1688,1689.9,24746
2026-07-27T13:50:00+05:30,1689.9,1690,1686.1,1689.9,34765
2026-07-27T13:55:00+05:30,1689.9,1690.5,1689.1,1689.7,16788
2026-07-27T14:00:00+05:30,1689.7,1692.5,1689.7,1690.2,43627
2026-07-27T14:05:00+05:30,1690.2,1690.6,1688.2,1690.6,44521
2026-07-27T14:10:00+05:30,1690.6,1691.3,1689.4,1690.2,28342
2026-07-27T14:15:00+05:30,1690.2,1692.7,1689.9,1692.1,34454
2026-07-27T14:20:00+05:30,1692.1,1696.7,1690,1690.9,56254
2026-07-27T14:25:00+05:30,1690.3,1691.8,1689.6,1690.8,42886
2026-07-27T14:30:00+05:30,1690.8,1691,1687.4,1689.4,68122
2026-07-27T14:35:00+05:30,1689.4,1690.7,1688,1689.1,54401
2026-07-27T14:40:00+05:30,1689.1,1691.4,1688,1689.6,80022
2026-07-27T14:45:00+05:30,1689.6,1690,1687.1,1689.6,80773
2026-07-27T14:50:00+05:30,1689.5,1694.5,1688.7,1693.5,41599
2026-07-27T14:55:00+05:30,1693,1696.9,1693,1696.9,36683
2026-07-27T15:00:00+05:30,1696.5,1701.1,1696.2,1699.9,59725
2026-07-27T15:05:00+05:30,1699.9,1702.2,1699.9,1701.9,58399
2026-07-27T15:10:00+05:30,1702,1702.1,1701.1,1701.7,81682
2026-07-27T15:15:00+05:30,1701.7,1704,1701.7,1704,133421
2026-07-27T15:20:00+05:30,1704,1707.6,1703.9,1705,126331
2026-07-27T15:25:00+05:30,1705.9,1709,1703,1708.9,80573
2026-07-28T09:15:00+05:30,1701,1701,1625,1684.6,256966
2026-07-28T09:20:00+05:30,1684.6,1692.1,1684.6,1689,92444
2026-07-28T09:25:00+05:30,1687.8,1687.8,1672.1,1676.4,80929
2026-07-28T09:30:00+05:30,1676.3,1678.3,1668.2,1678,75099
2026-07-28T09:35:00+05:30,1678,1678.8,1663,1668,109422
2026-07-28T09:40:00+05:30,1668.3,1669.8,1665.1,1668.4,47915
2026-07-28T09:45:00+05:30,1668,1669.7,1666,1667,39337
2026-07-28T09:50:00+05:30,1666.1,1669,1660.6,1660.6,33432
2026-07-28T09:55:00+05:30,1661.4,1664.5,1658.6,1661.3,56701
2026-07-28T10:00:00+05:30,1661.3,1661.3,1656.7,1659,38521
2026-07-28T10:05:00+05:30,1659,1660.8,1657.3,1658.9,29685
2026-07-28T10:10:00+05:30,1658.9,1663.8,1657.9,1663.1,30911
2026-07-28T10:15:00+05:30,1663.3,1670.4,1662.5,1669.7,38419
2026-07-28T10:20:00+05:30,1669.7,1669.7,1667.7,1668.3,23868
2026-07-28T10:25:00+05:30,1668.3,1669.4,1663.8,1669,28372
2026-07-28T10:30:00+05:30,1669,1671.2,1668,1670.2,40564
2026-07-28T10:35:00+05:30,1670.2,1674.7,1669.2,1672.6,31997
2026-07-28T10:40:00+05:30,1673.1,1673.7,1670.4,1671.2,24090
2026-07-28T10:45:00+05:30,1671.2,1672.5,1670.9,1671.5,20752
2026-07-28T10:50:00+05:30,1671.5,1673.6,1670.6,1673.5,21104
2026-07-28T10:55:00+05:30,1673.5,1674.7,1672.6,1673.8,29789
2026-07-28T11:00:00+05:30,1673.8,1674.3,1670.5,1671.1,21891
2026-07-28T11:05:00+05:30,1670.6,1672.4,1668.9,1672.4,28337
2026-07-28T11:10:00+05:30,1672.4,1673.3,1671,1671.5,24834
2026-07-28T11:15:00+05:30,1671.5,1672.4,1671.2,1671.3,21551
2026-07-28T11:20:00+05:30,1671.3,1671.3,1666.2,1667.6,26424
2026-07-28T11:25:00+05:30,1667.6,1670,1665.2,1667.9,42536
2026-07-28T11:30:00+05:30,1667.8,1669.6,1666.7,1667.7,17358
2026-07-28T11:35:00+05:30,1667.7,1668.5,1667,1667.3,21605
2026-07-28T11:40:00+05:30,1667.3,1667.7,1665.3,1666.2,21736
2026-07-28T11:45:00+05:30,1666.2,1666.7,1665.1,1666,20908
2026-07-28T11:50:00+05:30,1665.6,1665.9,1660.1,1662.4,31064
2026-07-28T11:55:00+05:30,1662.4,1667.2,1661.7,1664.8,32212
2026-07-28T12:00:00+05:30,1664.8,1666.7,1661.9,1665.2,20341
2026-07-28T12:05:00+05:30,1665.5,1666,1662.8,1664.8,32091
2026-07-28T12:10:00+05:30,1664.8,1665.5,1663.2,1664.7,14333
2026-07-28T12:15:00+05:30,1664.7,1665.6,1663.1,1664,17770
2026-07-28T12:20:00+05:30,1664,1664.1,1663.1,1664,9259
2026-07-28T12:25:00+05:30,1664,1664.3,1663,1663.7,11807
2026-07-28T12:30:00+05:30,1663.6,1664.7,1663.6,1664.6,10690
2026-07-28T12:35:00+05:30,1664.6,1666,1663.4,1666,8936
2026-07-28T12:40:00+05:30,1666,1667.2,1664.6,1666.3,16564
2026-07-28T12:45:00+05:30,1666.2,1667.2,1665.8,1666.1,16909
2026-07-28T12:50:00+05:30,1666.1,1668.9,1666,1668.9,23593
2026-07-28T12:55:00+05:30,1668.9,1668.9,1659.1,1661.3,30574
2026-07-28T13:00:00+05:30,1661.3,1661.6,1659,1660.9,28341
2026-07-28T13:05:00+05:30,1660.9,1661.5,1658.3,1658.5,19481
2026-07-28T13:10:00+05:30,1658.5,1661.4,1657.3,1661,20477
2026-07-28T13:15:00+05:30,1661,1663.3,1659.9,1660.7,20621
2026-07-28T13:20:00+05:30,1660.7,1661.1,1659.5,1660.4,20437
2026-07-28T13:25:00+05:30,1660.3,1661,1659,1659.6,14705
2026-07-28T13:30:00+05:30,1659.6,1659.9,1658.2,1659.7,8613
2026-07-28T13:35:00+05:30,1659.7,1659.7,1657.4,1658.8,10844
2026-07-28T13:40:00+05:30,1658.8,1661,1658.3,1660.4,17206
2026-07-28T13:45:00+05:30,1660.4,1660.9,1657.1,1657.6,19619
2026-07-28T13:50:00+05:30,1657.9,1660.2,1657.6,1659.2,22691
2026-07-28T13:55:00+05:30,1659.5,1659.5,1653.2,1657.1,54938
2026-07-28T14:00:00+05:30,1657.1,1659.9,1656.5,1659,22026
2026-07-28T14:05:00+05:30,1658.8,1661,1658.6,1660,33506
2026-07-28T14:10:00+05:30,1660,1661,1651.2,1653.1,41621
2026-07-28T14:15:00+05:30,1654.1,1658,1652,1654.3,27007
2026-07-28T14:20:00+05:30,1654.3,1655.6,1646.1,1650.3,41040
2026-07-28T14:25:00+05:30,1649.5,1650,1644.2,1645.1,65837
2026-07-28T14:30:00+05:30,1645.1,1645.9,1641.9,1644.4,31149
2026-07-28T14:35:00+05:30,1644.3,1648,1644.3,1645.1,83926
2026-07-28T14:40:00+05:30,1645,1645.5,1641.1,1641.6,28310
2026-07-28T14:45:00+05:30,1641.6,1643.9,1635.5,1643,67831
2026-07-28T14:50:00+05:30,1642.7,1651.1,1642.7,1650.3,29073
2026-07-28T14:55:00+05:30,1650.2,1651.3,1647.5,1648.1,27619
2026-07-28T15:00:00+05:30,1648.8,1651,1647.6,1649.7,39559
2026-07-28T15:05:00+05:30,1649.7,1656.8,1649.7,1652.5,63617
2026-07-28T15:10:00+05:30,1652.6,1654.4,1646.6,1649.7,97127
2026-07-28T15:15:00+05:30,1649.6,1654,1647,1650.8,127811
2026-07-28T15:20:00+05:30,1650.8,1650.8,1646.1,1648,61271
2026-07-28T15:25:00+05:30,1647.9,1648.4,1641.6,1644,72114
2026-07-29T09:15:00+05:30,1651,1665,1642,1665,114647
2026-07-29T09:20:00+05:30,1662.5,1672,1661,1663.7,60427
2026-07-29T09:25:00+05:30,1663.1,1667.3,1659.4,1662.9,39523
2026-07-29T09:30:00+05:30,1661.6,1662.8,1658.2,1659.6,32559
2026-07-29T09:35:00+05:30,1659.7,1661.7,1656.4,1658.8,26192
2026-07-29T09:40:00+05:30,1660.1,1662.1,1657.4,1661.2,26804
2026-07-29T09:45:00+05:30,1661.2,1663.4,1656.1,1658.2,41272
2026-07-29T09:50:00+05:30,1658.2,1665.7,1656.7,1664.8,28712
2026-07-29T09:55:00+05:30,1665.4,1665.9,1646.3,1647,51127
2026-07-29T10:00:00+05:30,1647.1,1650.7,1643.5,1649,41961
2026-07-29T10:05:00+05:30,1649,1660.2,1649,1652.8,33586
2026-07-29T10:10:00+05:30,1652.5,1656.9,1652.4,1655.1,22902
2026-07-29T10:15:00+05:30,1655.3,1661.8,1655,1661.8,20478
2026-07-29T10:20:00+05:30,1661.8,1663.9,1657.4,1657.5,27429
2026-07-29T10:25:00+05:30,1657.4,1660,1655.7,1655.7,14141
2026-07-29T10:30:00+05:30,1655.7,1657.4,1652.2,1656.1,24625
2026-07-29T10:35:00+05:30,1656.1,1659.6,1656,1657.1,37027
2026-07-29T10:40:00+05:30,1657.1,1659.5,1654.9,1656.6,28416
2026-07-29T10:45:00+05:30,1656.6,1656.7,1649.8,1652.3,36655
2026-07-29T10:50:00+05:30,1652.3,1654.4,1650.3,1651.8,18966
2026-07-29T10:55:00+05:30,1651.7,1655.9,1649.4,1653.4,25914
2026-07-29T11:00:00+05:30,1653.4,1659,1653.1,1656,34706
2026-07-29T11:05:00+05:30,1656,1656.6,1652.9,1656.1,21904
2026-07-29T11:10:00+05:30,1656.1,1657.4,1652,1654.5,31458
2026-07-29T11:15:00+05:30,1654.5,1660.6,1654.5,1659.5,34489
2026-07-29T11:20:00+05:30,1659.2,1660.2,1656.8,1657.7,21473
2026-07-29T11:25:00+05:30,1658.3,1660,1647,1648.9,61389
2026-07-29T11:30:00+05:30,1648.9,1658.8,1648.7,1656.8,24250
2026-07-29T11:35:00+05:30,1656.8,1656.8,1651.4,1652.8,25224
2026-07-29T11:40:00+05:30,1652.8,1652.8,1648.3,1650.9,23914
2026-07-29T11:45:00+05:30,1651,1654.2,1650.9,1651.2,17435
2026-07-29T11:50:00+05:30,1651.2,1654.2,1650.5,1654.2,13367
2026-07-29T11:55:00+05:30,1654.2,1654.3,1652.6,1653.7,9464
2026-07-29T12:00:00+05:30,1653.7,1656,1653.7,1654,12314
2026-07-29T12:05:00+05:30,1654.4,1654.8,1652.2,1653.4,12223
2026-07-29T12:10:00+05:30,1653.4,1654,1651.2,1651.9,14370
2026-07-29T12:15:00+05:30,1651.9,1654.7,1647,1648.2,22611
2026-07-29T12:20:00+05:30,1648,1652.9,1648,1650.9,11621
2026-07-29T12:25:00+05:30,1650.9,1651.6,1650,1650.5,9493
2026-07-29T12:30:00+05:30,1651,1653.7,1649.3,1653.6,28145
2026-07-29T12:35:00+05:30,1655.2,1659,1651.6,1658.2,75844
2026-07-29T12:40:00+05:30,1658.2,1658.5,1655.1,1658.2,14731
2026-07-29T12:45:00+05:30,1658.5,1664.7,1657.9,1663.2,24414
2026-07-29T12:50:00+05:30,1662.7,1663.3,1658,1658.8,26949
2026-07-29T12:55:00+05:30,1659.1,1659.1,1656.8,1657.8,14978
2026-07-29T13:00:00+05:30,1657.8,1660.2,1656.7,1658.2,16496
2026-07-29T13:05:00+05:30,1658.2,1661.7,1657.9,1661.1,14547
2026-07-29T13:10:00+05:30,1661.1,1661.1,1654.1,1654.1,12377
2026-07-29T13:15:00+05:30,1654.4,1655.3,1652,1653.3,18823
2026-07-29T13:20:00+05:30,1653.3,1655.1,1653,1653.6,13384
2026-07-29T13:25:00+05:30,1653.6,1656,1653,1655.7,12057
2026-07-29T13:30:00+05:30,1655.7,1655.7,1654.4,1654.7,9482
2026-07-29T13:35:00+05:30,1654.7,1656.4,1649.1,1649.5,63034
2026-07-29T13:40:00+05:30,1649.5,1651.3,1647.3,1649.2,26634
2026-07-29T13:45:00+05:30,1649.2,1652.4,1648.8,1652.2,15946
2026-07-29T13:50:00+05:30,1652.2,1656.4,1652,1655,21515
2026-07-29T13:55:00+05:30,1655,1656.3,1653.6,1655.1,11240
2026-07-29T14:00:00+05:30,1655.1,1656,1652.9,1655.2,19609
2026-07-29T14:05:00+05:30,1655.2,1658,1654.6,1657.5,16757
2026-07-29T14:10:00+05:30,1657.5,1658.6,1655.6,1658.4,12267
2026-07-29T14:15:00+05:30,1658.4,1660,1658.2,1660,11888
2026-07-29T14:20:00+05:30,1660,1660.3,1658.3,1659.1,14200
2026-07-29T14:25:00+05:30,1659.1,1661.9,1658.7,1661.9,13560
2026-07-29T14:30:00+05:30,1663.5,1682,1663.5,1677.8,106781
2026-07-29T14:35:00+05:30,1677.9,1678,1663.7,1673.5,67661
2026-07-29T14:40:00+05:30,1673.6,1673.9,1667.7,1670.1,32768
2026-07-29T14:45:00+05:30,1670.1,1671.5,1668.1,1670.2,21965
2026-07-29T14:50:00+05:30,1671.4,1671.4,1667.7,1667.7,25244
2026-07-29T14:55:00+05:30,1668.3,1671.6,1668.3,1671.2,29660
2026-07-29T15:00:00+05:30,1671.2,1673.4,1669.7,1671.3,37076
2026-07-29T15:05:00+05:30,1671.3,1671.4,1669.3,1670.8,21316
2026-07-29T15:10:00+05:30,1670.9,1671.6,1669.7,1670.5,35398
2026-07-29T15:15:00+05:30,1670,1670,1663.8,1665.4,59347
2026-07-29T15:20:00+05:30,1665.1,1667.1,1664.2,1665.9,52695
2026-07-29T15:25:00+05:30,1666,1667,1662.4,1663,44321
2026-07-30T09:15:00+05:30,1667.8,1667.8,1640,1645.9,70965
2026-07-30T09:20:00+05:30,1644.5,1645.4,1633,1637.2,75325
2026-07-30T09:25:00+05:30,1637.2,1644.2,1636.8,1642.7,20982
2026-07-30T09:30:00+05:30,1642,1649.1,1642,1645.7,22432
2026-07-30T09:35:00+05:30,1645.1,1667.4,1641.8,1666.2,87192
2026-07-30T09:40:00+05:30,1667.2,1667.2,1657,1661.3,51374
2026-07-30T09:45:00+05:30,1661.3,1662.6,1657,1659,22215
2026-07-30T09:50:00+05:30,1659.1,1660.1,1657,1659.7,11533
2026-07-30T09:55:00+05:30,1659.5,1665.5,1659,1662.2,8114
2026-07-30T10:00:00+05:30,1662.2,1662.2,1655.7,1656.4,15329
2026-07-30T10:05:00+05:30,1656.4,1662.7,1656.4,1661.1,4780
2026-07-30T10:10:00+05:30,1660.8,1663.7,1655,1656,11468
2026-07-30T10:15:00+05:30,1655.7,1657.1,1652.1,1653.8,19871
2026-07-30T10:20:00+05:30,1653.8,1657.5,1653.8,1657.5,13611
2026-07-30T10:25:00+05:30,1657.5,1659.8,1655.4,1656.6,14747
2026-07-30T10:30:00+05:30,1656.6,1657.1,1654.3,1654.3,12583
2026-07-30T10:35:00+05:30,1654.3,1656.3,1653.7,1654.6,6784
2026-07-30T10:40:00+05:30,1654.6,1658.2,1653.5,1657.5,6844
2026-07-30T10:45:00+05:30,1657.5,1661.9,1657.5,1661.5,7620
2026-07-30T10:50:00+05:30,1660.8,1662.9,1655.5,1656,8036
2026-07-30T10:55:00+05:30,1656,1657.8,1655.3,1656.8,7394
2026-07-30T11:00:00+05:30,1656.8,1656.9,1655,1656.8,4654
2026-07-30T11:05:00+05:30,1657.1,1658.9,1654,1654.6,9842
2026-07-30T11:10:00+05:30,1654.6,1657.4,1653.2,1656.3,4781
2026-07-30T11:15:00+05:30,1656.3,1662.4,1656.3,1661.8,48123
2026-07-30T11:20:00+05:30,1662.2,1664.5,1660.1,1663,16058
2026-07-30T11:25:00+05:30,1663,1666.8,1661.9,1665.6,12602
2026-07-30T11:30:00+05:30,1665.4,1667.9,1663.9,1665.6,9643
2026-07-30T11:35:00+05:30,1665.7,1666.5,1662.6,1663.4,6485
2026-07-30T11:40:00+05:30,1663.4,1665,1662.9,1663,6683
2026-07-30T11:45:00+05:30,1663,1663.8,1659,1659.6,12400
2026-07-30T11:50:00+05:30,1659.8,1661.7,1659.4,1660.1,3761
2026-07-30T11:55:00+05:30,1660.1,1662,1658.7,1659.7,4220
2026-07-30T12:00:00+05:30,1659.7,1661.7,1658.1,1660,9563
2026-07-30T12:05:00+05:30,1660.2,1662,1660,1660.9,4586
2026-07-30T12:10:00+05:30,1660.9,1661.3,1659.5,1659.9,2405
2026-07-30T12:15:00+05:30,1659.9,1660.7,1658.6,1660.5,5160
2026-07-30T12:20:00+05:30,1660.5,1662.6,1660.4,1662.1,1883
2026-07-30T12:25:00+05:30,1662.1,1663.1,1661.6,1662.4,3688
2026-07-30T12:30:00+05:30,1662.4,1674.7,1662.4,1670.8,38423
2026-07-30T12:35:00+05:30,1670.8,1673.6,1669.4,1670.9,9412
2026-07-30T12:40:00+05:30,1670.9,1671.4,1667.1,1667.4,7738
2026-07-30T12:45:00+05:30,1667.9,1668.9,1667.2,1667.6,5948
2026-07-30T12:50:00+05:30,1667.6,1671,1667.1,1667.4,7448
2026-07-30T12:55:00+05:30,1667.4,1667.9,1666.7,1667.8,3586
2026-07-30T13:00:00+05:30,1667.8,1669.1,1666.4,1667,8306
2026-07-30T13:05:00+05:30,1667,1667.8,1665,1665,6230
2026-07-30T13:10:00+05:30,1665,1665.5,1654,1654.5,43541
2026-07-30T13:15:00+05:30,1654.5,1659.3,1654.5,1658.8,38440
2026-07-30T13:20:00+05:30,1659.2,1661,1659,1659.7,11499
2026-07-30T13:25:00+05:30,1659.2,1659.6,1657.1,1658.1,6164
2026-07-30T13:30:00+05:30,1657.7,1660.5,1657.2,1660,5612
2026-07-30T13:35:00+05:30,1660,1661.5,1660,1660.7,2466
2026-07-30T13:40:00+05:30,1660.7,1661.5,1659.6,1660,2531
2026-07-30T13:45:00+05:30,1660,1662.4,1660,1661,3513
2026-07-30T13:50:00+05:30,1661.7,1664.6,1660.6,1663.7,6634
2026-07-30T13:55:00+05:30,1663.7,1665.3,1659.1,1660.1,14768
2026-07-30T14:00:00+05:30,1660.2,1662.3,1660.1,1661.7,3735
2026-07-30T14:05:00+05:30,1661.7,1661.7,1655.8,1658.4,16375
2026-07-30T14:10:00+05:30,1657.2,1658.8,1654.5,1658.1,17930
2026-07-30T14:15:00+05:30,1658.1,1658.1,1653,1654.3,23957
2026-07-30T14:20:00+05:30,1654.3,1654.3,1650,1650.6,35749
2026-07-30T14:25:00+05:30,1650.6,1651.1,1649.2,1649.2,13535
2026-07-30T14:30:00+05:30,1649.2,1656,1647.4,1655.8,36344
2026-07-30T14:35:00+05:30,1655.8,1656.9,1653,1655.7,15940
2026-07-30T14:40:00+05:30,1656,1657.3,1654,1657.2,9074
2026-07-30T14:45:00+05:30,1656.4,1659.3,1655.5,1658.9,11666
2026-07-30T14:50:00+05:30,1658.9,1659,1654.1,1654.8,8436
2026-07-30T14:55:00+05:30,1654.8,1657.3,1654,1656.8,12814
2026-07-30T15:00:00+05:30,1656.5,1659.7,1656.1,1657.9,45197
2026-07-30T15:05:00+05:30,1657.7,1660.7,1657.7,1660.7,30239
2026-07-30T15:10:00+05:30,1660.7,1663,1658.3,1659.3,48939
2026-07-30T15:15:00+05:30,1659,1659.6,1657,1658,39225
2026-07-30T15:20:00+05:30,1657.7,1659.9,1655.9,1659.9,56239
2026-07-30T15:25:00+05:30,1660,1660.8,1652,1655.8,45452
2026-07-31T09:15:00+05:30,1666,1678.3,1665,1673.4,49625
2026-07-31T09:20:00+05:30,1673.4,1682,1672.3,1675.2,31030
2026-07-31T09:25:00+05:30,1673.9,1674.6,1664,1670.3,38763
2026-07-31T09:30:00+05:30,1670.5,1672.7,1662.7,1663.7,29723
2026-07-31T09:35:00+05:30,1663.7,1665,1661.2,1664.2,59022
2026-07-31T09:40:00+05:30,1664.2,1664.7,1662,1663.1,43367
2026-07-31T09:45:00+05:30,1663.6,1663.8,1656.3,1662.5,26970
2026-07-31T09:50:00+05:30,1662.5,1662.9,1658.9,1659.5,21335
2026-07-31T09:55:00+05:30,1659,1661.5,1656.7,1660.1,14401
2026-07-31T10:00:00+05:30,1660.1,1661.9,1654.5,1655.6,24443
2026-07-31T10:05:00+05:30,1656,1659,1655.6,1656.5,17037
2026-07-31T10:10:00+05:30,1657.3,1658.9,1655.8,1657,19288
2026-07-31T10:15:00+05:30,1656.5,1658.6,1655.3,1656.3,13706
2026-07-31T10:20:00+05:30,1656.3,1659.5,1656,1656.7,15791
2026-07-31T10:25:00+05:30,1656.7,1658,1655.4,1656.5,14742
2026-07-31T10:30:00+05:30,1656.8,1656.8,1651.9,1653.5,25655
2026-07-31T10:35:00+05:30,1653.5,1657.1,1652.8,1656.6,14101
2026-07-31T10:40:00+05:30,1656.3,1657.3,1653.6,1653.9,12368
2026-07-31T10:45:00+05:30,1653.9,1656.6,1653.1,1653.8,13867
2026-07-31T10:50:00+05:30,1654,1655.1,1651.7,1653.8,23154
2026-07-31T10:55:00+05:30,1653.8,1656,1652.7,1654.1,12435
2026-07-31T11:00:00+05:30,1654.1,1655.7,1652.5,1653.3,11024
2026-07-31T11:05:00+05:30,1653.3,1654.3,1651.3,1651.8,12870
2026-07-31T11:10:00+05:30,1651.8,1653.3,1651.1,1651.8,11510
2026-07-31T11:15:00+05:30,1651.8,1652.8,1651.5,1652.1,8309
2026-07-31T11:20:00+05:30,1652.1,1653.9,1652.1,1652.6,9637
2026-07-31T11:25:00+05:30,1653.4,1653.6,1648.9,1649.6,17707
2026-07-31T11:30:00+05:30,1649.6,1650,1643.2,1645.9,40646
2026-07-31T11:35:00+05:30,1645.2,1645.9,1637.6,1637.6,38391
2026-07-31T11:40:00+05:30,1638,1639,1633.4,1636.2,46435
2026-07-31T11:45:00+05:30,1636.2,1636.5,1633,1636.5,26641
2026-07-31T11:50:00+05:30,1636.2,1638.4,1628.8,1631.7,54000
2026-07-31T11:55:00+05:30,1631.7,1635.8,1631.7,1635.8,22888
2026-07-31T12:00:00+05:30,1635.8,1637.9,1635.6,1636.4,11643
2026-07-31T12:05:00+05:30,1636.4,1637.4,1634.8,1635,8344
2026-07-31T12:10:00+05:30,1634.8,1636.5,1633.8,1636.2,11217
2026-07-31T12:15:00+05:30,1636.2,1636.2,1634,1635.3,10953
2026-07-31T12:20:00+05:30,1635,1645,1635,1645,61769
2026-07-31T12:25:00+05:30,1645,1647.7,1639.3,1642,56916
2026-07-31T12:30:00+05:30,1641.9,1643.6,1640.3,1641.7,9427
2026-07-31T12:35:00+05:30,1641.7,1646.3,1641.7,1645.5,27070
2026-07-31T12:40:00+05:30,1645.7,1646.9,1644.3,1645.9,20370
2026-07-31T12:45:00+05:30,1645.9,1646.8,1643.7,1646.8,62421
2026-07-31T12:50:00+05:30,1646.5,1646.7,1645.2,1646.6,17057
2026-07-31T12:55:00+05:30,1646.6,1647.3,1645.5,1647.3,19842
2026-07-31T13:00:00+05:30,1647.3,1662,1647.3,1661,79041
2026-07-31T13:05:00+05:30,1661,1664,1649.5,1649.5,49911
2026-07-31T13:10:00+05:30,1649.6,1650,1645.2,1646.9,12093
2026-07-31T13:15:00+05:30,1646.9,1647.9,1646,1647.7,7692
2026-07-31T13:20:00+05:30,1647.7,1649.5,1644.8,1649.3,14045
2026-07-31T13:25:00+05:30,1649.5,1651.8,1648.8,1649.2,16436
2026-07-31T13:30:00+05:30,1649.2,1649.9,1644,1647.3,14313
2026-07-31T13:35:00+05:30,1647.6,1653,1646.7,1650.1,10917
2026-07-31T13:40:00+05:30,1650.1,1651,1648.5,1650,6770
2026-07-31T13:45:00+05:30,1650,1651.7,1648.8,1651.7,7669
2026-07-31T13:50:00+05:30,1651.7,1653,1650.5,1651.7,7808
2026-07-31T13:55:00+05:30,1652,1653.1,1650.5,1652.5,7564
2026-07-31T14:00:00+05:30,1652.5,1653,1647.4,1651,33718
2026-07-31T14:05:00+05:30,1651,1653.4,1649.2,1650.1,20743
2026-07-31T14:10:00+05:30,1650.1,1651.6,1649.3,1650.7,7200
2026-07-31T14:15:00+05:30,1651.4,1652.8,1650.8,1652,7183
2026-07-31T14:20:00+05:30,1652.1,1652.3,1650.3,1650.6,12658
2026-07-31T14:25:00+05:30,1651,1652.4,1649.5,1650.8,11080
2026-07-31T14:30:00+05:30,1651.3,1655,1651.3,1652.2,11350
2026-07-31T14:35:00+05:30,1652.2,1653.5,1651.1,1652.4,8291
2026-07-31T14:40:00+05:30,1652.4,1653.4,1644.4,1651.4,33123
2026-07-31T14:45:00+05:30,1651.4,1652.8,1648.2,1650.8,11423
2026-07-31T14:50:00+05:30,1651.3,1653,1650.9,1652.9,10616
2026-07-31T14:55:00+05:30,1652.9,1653,1650,1650.9,10965
2026-07-31T15:00:00+05:30,1651,1653.9,1650.6,1653.2,21756
2026-07-31T15:05:00+05:30,1653.8,1655,1652.7,1653.2,19865
2026-07-31T15:10:00+05:30,1653.9,1654,1640,1645.9,77324
2026-07-31T15:15:00+05:30,1645.4,1646.4,1642.9,1644.7,26283
2026-07-31T15:20:00+05:30,1644.1,1645.3,1642.2,1644.7,28672
2026-07-31T15:25:00+05:30,1644.7,1644.9,1636,1638,52119
2026-08-03T09:15:00+05:30,1654.3,1661,1648,1657.3,57759
2026-08-03T09:20:00+05:30,1659.8,1674.2,1659.1,1669.1,89288
2026-08-03T09:25:00+05:30,1668.9,1676,1666.3,1668.2,52253
2026-08-03T09:30:00+05:30,1667.6,1669.7,1662,1663.8,15812
2026-08-03T09:35:00+05:30,1663,1674.9,1662.5,1670,80375
2026-08-03T09:40:00+05:30,1670,1671,1663.2,1663.5,15486
2026-08-03T09:45:00+05:30,1664.2,1664.8,1655,1656,25153
2026-08-03T09:50:00+05:30,1656.4,1659,1651.3,1653.1,20496
2026-08-03T09:55:00+05:30,1653.1,1658.5,1651,1657.1,12433
2026-08-03T10:00:00+05:30,1657.5,1660.9,1656,1660,12081
2026-08-03T10:05:00+05:30,1660.2,1660.2,1648.6,1650,19338
2026-08-03T10:10:00+05:30,1650,1650.5,1643.1,1645.1,33458
2026-08-03T10:15:00+05:30,1645.1,1655.1,1645,1651.6,28080
2026-08-03T10:20:00+05:30,1651.1,1652,1645.4,1645.4,9317
2026-08-03T10:25:00+05:30,1645.2,1648.9,1645.2,1647.7,5821
2026-08-03T10:30:00+05:30,1647.7,1649.6,1647.4,1648.8,7075
2026-08-03T10:35:00+05:30,1649,1649,1645.5,1648,7044
2026-08-03T10:40:00+05:30,1648,1648.7,1645.5,1645.6,9089
2026-08-03T10:45:00+05:30,1645.6,1646.9,1644.1,1646.2,6698
2026-08-03T10:50:00+05:30,1646.2,1648.8,1645.8,1645.8,10287
2026-08-03T10:55:00+05:30,1645.8,1647.8,1645.3,1647.1,3828
2026-08-03T11:00:00+05:30,1647.7,1651.1,1647.1,1648.6,10044
2026-08-03T11:05:00+05:30,1649.4,1649.6,1646.3,1647.5,8706
2026-08-03T11:10:00+05:30,1647.5,1647.6,1643,1644,14568
2026-08-03T11:15:00+05:30,1644,1645.8,1641.1,1645.2,12459
2026-08-03T11:20:00+05:30,1645.2,1649.2,1644.4,1647.9,5821
2026-08-03T11:25:00+05:30,1648.4,1649.4,1644.7,1646,8951
2026-08-03T11:30:00+05:30,1646,1646,1642.1,1643.7,11868
2026-08-03T11:35:00+05:30,1643.7,1645.6,1642.8,1645.5,6152
2026-08-03T11:40:00+05:30,1645.3,1647.5,1644.5,1646.4,6257
2026-08-03T11:45:00+05:30,1646.3,1649,1645.5,1648.8,12452
2026-08-03T11:50:00+05:30,1648.7,1650.9,1647.7,1649.9,10950
2026-08-03T11:55:00+05:30,1649.6,1652.2,1649.2,1649.3,16278
2026-08-03T12:00:00+05:30,1649.4,1650.2,1647,1648.1,10778
2026-08-03T12:05:00+05:30,1648.1,1649.3,1646.3,1646.3,5774
2026-08-03T12:10:00+05:30,1647.1,1648.9,1646,1647.6,5173
2026-08-03T12:15:00+05:30,1647.6,1647.9,1646.2,1646.5,5250
2026-08-03T12:20:00+05:30,1646.5,1650.9,1646.4,1650.9,10639
2026-08-03T12:25:00+05:30,1650.8,1651.5,1648.3,1648.3,7556
2026-08-03T12:30:00+05:30,1650,1650.4,1649,1649.9,23005
2026-08-03T12:35:00+05:30,1650.3,1650.5,1647,1647.6,17172
2026-08-03T12:40:00+05:30,1647.6,1649.8,1647,1647.3,3995
2026-08-03T12:45:00+05:30,1647.3,1649.1,1643.9,1645.4,7306
2026-08-03T12:50:00+05:30,1645.5,1646.7,1642.5,1643.8,6547
2026-08-03T12:55:00+05:30,1643.8,1644.3,1642.8,1643.2,5979
2026-08-03T13:00:00+05:30,1643.6,1646.2,1643,1645,5289
2026-08-03T13:05:00+05:30,1645,1647.1,1645,1647,3012
2026-08-03T13:10:00+05:30,1646.7,1652.9,1646.7,1652.9,17801
2026-08-03T13:15:00+05:30,1652.4,1653.3,1651,1651,9372
2026-08-03T13:20:00+05:30,1651,1656.1,1649.4,1650.1,22801
2026-08-03T13:25:00+05:30,1650,1651.8,1650,1651.1,5376
2026-08-03T13:30:00+05:30,1651.1,1651.3,1648.4,1649,7152
2026-08-03T13:35:00+05:30,1649,1649.4,1647.5,1648.3,5960
2026-08-03T13:40:00+05:30,1648.3,1648.9,1647.2,1647.7,5111
2026-08-03T13:45:00+05:30,1647.7,1648,1647,1647.2,3813
2026-08-03T13:50:00+05:30,1647.2,1648,1646.3,1647.1,4436
2026-08-03T13:55:00+05:30,1646.8,1647.7,1645.6,1646.7,9092
2026-08-03T14:00:00+05:30,1647.1,1647.6,1644.9,1647,7661
2026-08-03T14:05:00+05:30,1647.4,1647.5,1645.5,1646.9,4470
2026-08-03T14:10:00+05:30,1646.3,1647.7,1645.6,1647.7,4821
2026-08-03T14:15:00+05:30,1646.9,1647.3,1645.3,1647,4824
2026-08-03T14:20:00+05:30,1647,1647.6,1646,1647.2,6800
2026-08-03T14:25:00+05:30,1647.2,1647.2,1646.4,1646.4,4979
2026-08-03T14:30:00+05:30,1646.3,1646.7,1643.6,1646.1,8367
2026-08-03T14:35:00+05:30,1645.3,1645.9,1644.3,1645,4871
2026-08-03T14:40:00+05:30,1645.4,1646.3,1644.3,1645.2,9590
2026-08-03T14:45:00+05:30,1645.3,1645.3,1643,1643.7,9589
2026-08-03T14:50:00+05:30,1644,1644.3,1642.4,1643.2,7572
2026-08-03T14:55:00+05:30,1643.9,1646.2,1643.5,1646.2,14571
2026-08-03T15:00:00+05:30,1646.2,1646.5,1642.6,1644.5,26946
2026-08-03T15:05:00+05:30,1644.6,1644.6,1638.1,1641.5,50358
2026-08-03T15:10:00+05:30,1641.5,1647.8,1635.8,1642.5,90341
2026-08-04T09:15:00+05:30,1650,1661.7,1643,1655.8,52883
2026-08-04T09:20:00+05:30,1655,1656.2,1651.2,1655,16155
2026-08-04T09:25:00+05:30,1654.6,1656.7,1653.2,1655.1,10597
2026-08-04T09:30:00+05:30,1655.1,1656.6,1655,1655.7,8320
2026-08-04T09:35:00+05:30,1656,1662,1655.4,1661.8,20824
2026-08-04T09:40:00+05:30,1660.6,1664.3,1655,1657,23491
2026-08-04T09:45:00+05:30,1657,1663.9,1657,1662.4,13158
2026-08-04T09:50:00+05:30,1662.5,1662.9,1660,1660,12398
2026-08-04T09:55:00+05:30,1660,1660.8,1657.7,1660,41034
2026-08-04T10:00:00+05:30,1660,1661,1656,1658.3,10745
2026-08-04T10:05:00+05:30,1658.3,1659.8,1657,1658.4,4634
2026-08-04T10:10:00+05:30,1658.4,1659,1656.7,1658.3,7516
2026-08-04T10:15:00+05:30,1658.3,1658.5,1656.6,1657.9,6776
2026-08-04T10:20:00+05:30,1657.9,1658,1654,1654.5,6707
2026-08-04T10:25:00+05:30,1654.6,1656,1651.7,1654,19198
2026-08-04T10:30:00+05:30,1654,1654.6,1649,1652,14615
2026-08-04T10:35:00+05:30,1652,1654.3,1650.5,1653.2,5527
2026-08-04T10:40:00+05:30,1653.2,1655.1,1651.9,1652.7,7865
2026-08-04T10:45:00+05:30,1652.7,1654.1,1651.1,1652,4619
2026-08-04T10:50:00+05:30,1652,1653.2,1648.4,1649.1,8998
2026-08-04T10:55:00+05:30,1649.1,1650.3,1648,1648.3,7475
2026-08-04T11:00:00+05:30,1648.6,1651.1,1648.3,1649.6,4954
2026-08-04T11:05:00+05:30,1649.6,1654.6,1649.3,1653.7,9395
2026-08-04T11:10:00+05:30,1653.7,1655,1653,1655,6120
2026-08-04T11:15:00+05:30,1655,1658,1647.2,1648.4,51570
2026-08-04T11:20:00+05:30,1648.4,1650.5,1647.5,1648.5,13824
2026-08-04T11:25:00+05:30,1648.5,1648.5,1646.6,1648,9222
2026-08-04T11:30:00+05:30,1648,1648.4,1644.8,1648.3,8855
2026-08-04T11:35:00+05:30,1648.3,1655,1648.2,1654.2,13080
2026-08-04T11:40:00+05:30,1654.2,1654.2,1652.7,1653.8,5784
2026-08-04T11:45:00+05:30,1653.8,1654,1651.6,1652,4878
2026-08-04T11:50:00+05:30,1651.7,1653.4,1651.7,1653.2,4259
2026-08-04T11:55:00+05:30,1653.2,1653.5,1651.4,1652.6,2977
2026-08-04T12:00:00+05:30,1652.6,1652.7,1649.1,1652,5577
2026-08-04T12:05:00+05:30,1652,1652.4,1648.9,1648.9,4012
2026-08-04T12:10:00+05:30,1648.9,1651.2,1648.9,1650.8,1879
2026-08-04T12:15:00+05:30,1650.8,1650.8,1649.4,1649.6,6627
2026-08-04T12:20:00+05:30,1649.6,1650,1649.1,1649.6,3416
2026-08-04T12:25:00+05:30,1649.6,1650,1649,1650,5715
2026-08-04T12:30:00+05:30,1650.5,1650.7,1649.8,1650.1,4376
2026-08-04T12:35:00+05:30,1649.6,1650.1,1648,1649.9,3475
2026-08-04T12:40:00+05:30,1649.9,1650.5,1649,1649.5,2428
2026-08-04T12:45:00+05:30,1650.1,1652,1648.9,1651.5,12745
2026-08-04T12:50:00+05:30,1651.5,1651.5,1649,1650.5,9918
2026-08-04T12:55:00+05:30,1650.5,1650.5,1648.3,1648.8,12135
2026-08-04T13:00:00+05:30,1648.8,1650.8,1648.8,1650.5,3561
2026-08-04T13:05:00+05:30,1650.6,1651.5,1650,1650.9,3828
2026-08-04T13:10:00+05:30,1650.9,1651.9,1650.2,1650.2,3936
2026-08-04T13:15:00+05:30,1650.2,1650.8,1647.6,1649,9892
2026-08-04T13:20:00+05:30,1649,1650,1648.5,1650,1560
2026-08-04T13:25:00+05:30,1649.4,1650,1648.7,1649,4108
2026-08-04T13:30:00+05:30,1649,1649.6,1647.3,1647.8,4124
2026-08-04T13:35:00+05:30,1647.8,1648.8,1647,1648.7,5226
2026-08-04T13:40:00+05:30,1648.2,1649.9,1648.2,1649.9,2517
2026-08-04T13:45:00+05:30,1649.9,1650,1645.3,1646,7129
2026-08-04T13:50:00+05:30,1646,1646.1,1643.2,1644.3,9196
2026-08-04T13:55:00+05:30,1644.3,1644.9,1640.4,1644,14487
2026-08-04T14:00:00+05:30,1644,1645.5,1643.4,1644.8,9924
2026-08-04T14:05:00+05:30,1644.8,1649.3,1644.1,1648.4,8403
2026-08-04T14:10:00+05:30,1649,1649.7,1648.1,1649.6,4395
2026-08-04T14:15:00+05:30,1649.1,1650,1648.2,1649.1,4693
2026-08-04T14:20:00+05:30,1649,1650,1648.2,1649,5618
2026-08-04T14:25:00+05:30,1648.8,1650,1647.3,1648.4,10988
2026-08-04T14:30:00+05:30,1648.4,1649.4,1646.2,1647,7277
2026-08-04T14:35:00+05:30,1647,1648.5,1644.5,1646.6,8513
2026-08-04T14:40:00+05:30,1646.5,1646.9,1643.2,1644.8,12253
2026-08-04T14:45:00+05:30,1644.5,1644.6,1638,1642.6,28499
2026-08-04T14:50:00+05:30,1642.3,1643.5,1641,1642.5,19119
2026-08-04T14:55:00+05:30,1642.5,1643.2,1640.4,1640.4,23137
2026-08-04T15:00:00+05:30,1640.4,1642.8,1639.3,1642.8,27191
2026-08-04T15:05:00+05:30,1642.7,1642.7,1639.8,1642.3,26917
2026-08-04T15:10:00+05:30,1642.4,1646,1640,1643,46590
2026-08-05T09:15:00+05:30,1663.8,1663.8,1643.5,1650.7,59070
2026-08-05T09:20:00+05:30,1651.4,1653.7,1648,1651.8,31385
2026-08-05T09:25:00+05:30,1651.7,1655.4,1648.7,1648.7,20702
2026-08-05T09:30:00+05:30,1648.7,1651.8,1648.7,1651.4,9548
2026-08-05T09:35:00+05:30,1651,1651.9,1649.8,1650,11954
2026-08-05T09:40:00+05:30,1650,1653.5,1649,1649.7,21069
2026-08-05T09:45:00+05:30,1649.7,1651.1,1646.2,1651,12886
2026-08-05T09:50:00+05:30,1651,1651.4,1646.3,1646.3,9603
2026-08-05T09:55:00+05:30,1646.6,1646.7,1643.5,1646,16163
2026-08-05T10:00:00+05:30,1646.1,1648,1645.1,1645.9,8131
2026-08-05T10:05:00+05:30,1645.9,1648.5,1644.4,1648.5,11349
2026-08-05T10:10:00+05:30,1648.5,1651.5,1648.3,1651,8400
2026-08-05T10:15:00+05:30,1651,1651.4,1648.6,1649.5,10546
2026-08-05T10:20:00+05:30,1649.5,1649.8,1647.5,1647.5,5527
2026-08-05T10:25:00+05:30,1647.5,1648.1,1644,1645.5,10997
2026-08-05T10:30:00+05:30,1644.1,1645.2,1639,1644,25768
2026-08-05T10:35:00+05:30,1644,1646.3,1643.4,1645.3,7313
2026-08-05T10:40:00+05:30,1645.3,1645.8,1643.4,1645,7989
2026-08-05T10:45:00+05:30,1645,1647,1644.9,1646,9264
2026-08-05T10:50:00+05:30,1646,1646.5,1642.1,1644.3,19078
2026-08-05T10:55:00+05:30,1644.3,1644.6,1639.1,1639.4,16618
2026-08-05T11:00:00+05:30,1639,1640.8,1637.7,1639,12477
2026-08-05T11:05:00+05:30,1639,1640,1635,1635,19795
2026-08-05T11:10:00+05:30,1635,1639.5,1631.2,1638.9,26509
2026-08-05T11:15:00+05:30,1638.9,1639.6,1638.5,1639.1,5417
2026-08-05T11:20:00+05:30,1639.1,1642.5,1638.9,1641.7,10447
2026-08-05T11:25:00+05:30,1641.7,1642.4,1641.2,1641.6,4137
2026-08-05T11:30:00+05:30,1641.6,1642.9,1640,1641.7,5022
2026-08-05T11:35:00+05:30,1641.7,1641.7,1632.5,1634.3,45339
2026-08-05T11:40:00+05:30,1634.1,1637.6,1634.1,1636.7,8811
2026-08-05T11:45:00+05:30,1636.8,1637.6,1635.5,1635.5,4746
2026-08-05T11:50:00+05:30,1635.5,1636.5,1632.6,1635.5,10128
2026-08-05T11:55:00+05:30,1635.5,1635.5,1633,1634.4,3555
2026-08-05T12:00:00+05:30,1634.4,1635.7,1632.5,1633.3,9855
2026-08-05T12:05:00+05:30,1633.3,1633.6,1632.1,1633.5,7470
2026-08-05T12:10:00+05:30,1633.5,1634.8,1632.3,1634.3,2228
2026-08-05T12:15:00+05:30,1634.6,1636,1633.8,1635.8,16416
2026-08-05T12:20:00+05:30,1635.8,1636.5,1635.3,1635.9,7451
2026-08-05T12:25:00+05:30,1635.9,1638.6,1635.8,1637.9,4263
2026-08-05T12:30:00+05:30,1638.4,1638.5,1636.1,1636.3,6401
2026-08-05T12:35:00+05:30,1636.3,1638,1634.3,1638,7002
2026-08-05T12:40:00+05:30,1637.9,1638.9,1635.7,1637,3360
2026-08-05T12:45:00+05:30,1637,1639.9,1637,1638,5892
2026-08-05T12:50:00+05:30,1638.4,1638.4,1636.8,1637.2,2386
2026-08-05T12:55:00+05:30,1637.2,1638.7,1635.5,1636.1,7653
2026-08-05T13:00:00+05:30,1636.1,1637.9,1635,1637.8,6287
2026-08-05T13:05:00+05:30,1637.7,1637.8,1635.7,1637.8,3266
2026-08-05T13:10:00+05:30,1637.8,1638.7,1637.5,1638.4,3281
2026-08-05T13:15:00+05:30,1638.4,1641,1637.4,1640.6,9798
2026-08-05T13:20:00+05:30,1640.6,1641.5,1639,1641,5637
2026-08-05T13:25:00+05:30,1640.5,1641,1640.4,1640.8,4089
2026-08-05T13:30:00+05:30,1640.8,1641.8,1640.7,1640.8,5112
2026-08-05T13:35:00+05:30,1640.8,1642.5,1640.8,1642.2,8134
2026-08-05T13:40:00+05:30,1642.2,1642.5,1637.7,1638.6,8839
2026-08-05T13:45:00+05:30,1637.8,1641,1637.8,1641,6479
2026-08-05T13:50:00+05:30,1641,1641.7,1639.4,1640.9,5830
2026-08-05T13:55:00+05:30,1640.9,1643.7,1640.3,1643.1,10195
2026-08-05T14:00:00+05:30,1643.9,1644.9,1641.1,1643,8448
2026-08-05T14:05:00+05:30,1642.9,1644.1,1642.3,1643.7,4559
2026-08-05T14:10:00+05:30,1643.2,1643.8,1641,1641.9,7166
2026-08-05T14:15:00+05:30,1641.9,1642,1639.6,1640.1,14964
2026-08-05T14:20:00+05:30,1639.6,1642,1636,1636.6,14324
2026-08-05T14:25:00+05:30,1636.6,1639,1636.6,1639,6180
2026-08-05T14:30:00+05:30,1639,1639.9,1638.4,1639.2,9831
2026-08-05T14:35:00+05:30,1639.2,1641.7,1639.2,1641.7,11137
2026-08-05T14:40:00+05:30,1641.5,1641.5,1637.5,1638,10657
2026-08-05T14:45:00+05:30,1638.3,1640.8,1638.2,1640,8571
2026-08-05T14:50:00+05:30,1640,1640.5,1638.4,1639.6,14484
2026-08-05T14:55:00+05:30,1639.6,1641,1639.4,1640.8,17574
2026-08-05T15:00:00+05:30,1641,1641.5,1640.6,1640.8,17988
2026-08-05T15:05:00+05:30,1640.5,1640.5,1635,1636.8,38541
2026-08-05T15:10:00+05:30,1636.4,1637.1,1630.5,1633,35488
2026-08-06T09:15:00+05:30,1641.9,1641.9,1618.1,1629.2,96697
2026-08-06T09:20:00+05:30,1629.7,1630.7,1627.5,1630.5,19530
2026-08-06T09:25:00+05:30,1630.1,1630.5,1628.1,1630.3,12685
2026-08-06T09:30:00+05:30,1630.3,1630.3,1626.4,1627,21927
2026-08-06T09:35:00+05:30,1626.4,1635.9,1626.4,1631.6,17773
2026-08-06T09:40:00+05:30,1632,1632.3,1627.1,1631.2,12108
2026-08-06T09:45:00+05:30,1631.2,1633.6,1630,1632.5,5426
2026-08-06T09:50:00+05:30,1632.5,1633.9,1631.5,1633.9,9403
2026-08-06T09:55:00+05:30,1633.9,1633.9,1630,1630.3,7550
2026-08-06T10:00:00+05:30,1630.3,1630.4,1624.5,1626.1,19481
2026-08-06T10:05:00+05:30,1626.4,1629.6,1625.5,1628.5,6830
2026-08-06T10:10:00+05:30,1628.9,1637.1,1628.5,1632.5,21262
2026-08-06T10:15:00+05:30,1633.2,1635,1632.2,1632.3,6396
2026-08-06T10:20:00+05:30,1632.8,1634,1632,1632,4071
2026-08-06T10:25:00+05:30,1632.2,1634,1632,1633,4538
2026-08-06T10:30:00+05:30,1633.8,1636.2,1632.8,1633,5443
2026-08-06T10:35:00+05:30,1633.2,1633.9,1630.8,1632.6,4007
2026-08-06T10:40:00+05:30,1633,1633.4,1628.3,1628.4,11624
2026-08-06T10:45:00+05:30,1627.8,1630.8,1627.1,1627.7,10160
2026-08-06T10:50:00+05:30,1627.6,1628.6,1625.2,1627,7017
2026-08-06T10:55:00+05:30,1627.2,1629.7,1626.7,1628.9,4595
2026-08-06T11:00:00+05:30,1628.8,1631.9,1628.5,1631.1,4306
2026-08-06T11:05:00+05:30,1631.1,1631.9,1629.7,1630.6,4985
2026-08-06T11:10:00+05:30,1630.6,1631.7,1630.1,1630.9,2993
2026-08-06T11:15:00+05:30,1630.9,1633.6,1630.8,1631.2,7618
2026-08-06T11:20:00+05:30,1631.2,1635,1631,1632.5,7803
2026-08-06T11:25:00+05:30,1632.5,1634.7,1631,1631,5469
2026-08-06T11:30:00+05:30,1631,1634,1631,1633.1,10426
2026-08-06T11:35:00+05:30,1633.1,1634.9,1631.6,1633.9,7886
2026-08-06T11:40:00+05:30,1633.9,1634.6,1630.2,1630.6,4707
2026-08-06T11:45:00+05:30,1630.6,1631.1,1628.1,1629.7,5675
2026-08-06T11:50:00+05:30,1629.7,1631.7,1629.7,1630.6,2891
2026-08-06T11:55:00+05:30,1630.1,1631.3,1629,1630.1,10572
2026-08-06T12:00:00+05:30,1630.3,1630.4,1629.3,1629.3,3219
2026-08-06T12:05:00+05:30,1629.3,1629.9,1628.5,1628.5,2835
2026-08-06T12:10:00+05:30,1628.5,1629,1626.6,1627.5,6775
2026-08-06T12:15:00+05:30,1627.5,1630.5,1627.5,1628.5,7494
2026-08-06T12:20:00+05:30,1628,1628.4,1626.1,1626.9,4003
2026-08-06T12:25:00+05:30,1626.9,1628.5,1626.7,1628,6698
2026-08-06T12:30:00+05:30,1628,1629.9,1628,1629.4,3534
2026-08-06T12:35:00+05:30,1629,1630.1,1627.3,1627.4,3715
2026-08-06T12:40:00+05:30,1627.4,1629,1627.4,1628.8,3279
2026-08-06T12:45:00+05:30,1628.8,1629,1626,1626.4,10869
2026-08-06T12:50:00+05:30,1626.8,1626.8,1625.1,1625.7,8081
2026-08-06T12:55:00+05:30,1625.2,1627,1625,1626.4,5533
2026-08-06T13:00:00+05:30,1626.8,1626.9,1625.3,1626.4,4326
2026-08-06T13:05:00+05:30,1626.4,1627,1625.8,1626.2,2693
2026-08-06T13:10:00+05:30,1626.8,1627,1625.2,1625.7,3203
2026-08-06T13:15:00+05:30,1625.7,1628.5,1624,1627.4,5632
2026-08-06T13:20:00+05:30,1628,1628.4,1625,1625.3,3233
2026-08-06T13:25:00+05:30,1625.3,1626,1624.7,1625,4839
2026-08-06T13:30:00+05:30,1625,1625.3,1623.2,1624.1,7503
2026-08-06T13:35:00+05:30,1623.9,1626,1623.9,1624.4,3055
2026-08-06T13:40:00+05:30,1624.9,1626.9,1624,1625.8,10239
2026-08-06T13:45:00+05:30,1626.5,1626.5,1624.7,1624.8,2170
2026-08-06T13:50:00+05:30,1624.8,1626.4,1623.4,1626,3997
2026-08-06T13:55:00+05:30,1626.2,1626.9,1624.3,1626.8,4043
2026-08-06T14:00:00+05:30,1626.8,1627.6,1625.8,1627.4,5163
2026-08-06T14:05:00+05:30,1626.9,1628,1624.3,1624.4,4417
2026-08-06T14:10:00+05:30,1624.2,1626.5,1624.2,1626.5,2283
2026-08-06T14:15:00+05:30,1626,1626.7,1625.2,1625.3,5353
2026-08-06T14:20:00+05:30,1625.4,1626.5,1625.1,1625.7,4722
2026-08-06T14:25:00+05:30,1625.7,1627.4,1625.7,1626.8,3390
2026-08-06T14:30:00+05:30,1626.8,1627.4,1625.6,1626.6,6183
2026-08-06T14:35:00+05:30,1627.2,1627.5,1626,1626.1,5159
2026-08-06T14:40:00+05:30,1626.1,1627,1621,1623.1,27563
2026-08-06T14:45:00+05:30,1623.3,1624.8,1622.5,1624.1,4724
2026-08-06T14:50:00+05:30,1624.5,1624.5,1618.3,1619.3,21405
2026-08-06T14:55:00+05:30,1619.3,1619.3,1613,1613.5,50241
2026-08-06T15:00:00+05:30,1614,1614,1603.9,1604.3,158060
2026-08-06T15:05:00+05:30,1604.7,1612.6,1604.3,1611.5,62045
2026-08-06T15:10:00+05:30,1611.5,1611.5,1606.2,1607.5,56110
2026-08-07T09:15:00+05:30,1620,1620,1609,1613.1,92256
2026-08-07T09:20:00+05:30,1613.4,1615.5,1612.2,1613.3,22341
2026-08-07T09:25:00+05:30,1612.4,1613.2,1606,1608.4,40214
2026-08-07T09:30:00+05:30,1608.4,1615,1608,1615,28379
2026-08-07T09:35:00+05:30,1614.4,1618.5,1614.4,1618,26895
2026-08-07T09:40:00+05:30,1618,1619.6,1617,1618.6,7801
2026-08-07T09:45:00+05:30,1618,1620.5,1616.3,1618.5,15883
2026-08-07T09:50:00+05:30,1618.9,1628,1618.2,1624.8,32635
2026-08-07T09:55:00+05:30,1624.7,1627.7,1624,1624.9,16929
2026-08-07T10:00:00+05:30,1627.9,1627.9,1624,1625,18332
2026-08-07T10:05:00+05:30,1624.3,1627,1624.3,1626.1,7916
2026-08-07T10:10:00+05:30,1626.3,1629.5,1624.9,1627.8,7255
2026-08-07T10:15:00+05:30,1628.1,1628.3,1623.9,1624.6,8124
2026-08-07T10:20:00+05:30,1624.7,1629,1623.8,1628.6,9336
2026-08-07T10:25:00+05:30,1628.9,1633.2,1627.8,1632,31676
2026-08-07T10:30:00+05:30,1631.6,1633.1,1631.2,1631.9,14514
2026-08-07T10:35:00+05:30,1631.9,1633.4,1631.3,1633.2,11126
2026-08-07T10:40:00+05:30,1633.2,1640.8,1632.1,1637,25216
2026-08-07T10:45:00+05:30,1637,1647,1635.4,1644.7,22264
2026-08-07T10:50:00+05:30,1644.5,1646.5,1642.6,1645,22933
2026-08-07T10:55:00+05:30,1645,1646,1635.4,1636.1,66424
2026-08-07T11:00:00+05:30,1636.3,1636.3,1630,1630.8,17862
2026-08-07T11:05:00+05:30,1630.4,1634,1630.3,1633.5,12786
2026-08-07T11:10:00+05:30,1633.5,1633.8,1630,1630,12020
2026-08-07T11:15:00+05:30,1630,1631.6,1630,1631.5,8687
2026-08-07T11:20:00+05:30,1631.5,1631.9,1631,1631.8,1721
2026-08-07T11:25:00+05:30,1631.5,1639.9,1631.5,1639,50768
2026-08-07T11:30:00+05:30,1639,1639,1635.1,1636.4,12040
2026-08-07T11:35:00+05:30,1636,1642,1635,1641.8,13645
2026-08-07T11:40:00+05:30,1641.7,1644,1638,1641.9,10523
2026-08-07T11:45:00+05:30,1641.9,1641.9,1633.1,1634,41938
2026-08-07T11:50:00+05:30,1633.9,1634.5,1631.9,1633.6,15322
2026-08-07T11:55:00+05:30,1633,1636.1,1632.7,1636,13022
2026-08-07T12:00:00+05:30,1636.1,1636.8,1634.2,1635.8,22979
2026-08-07T12:05:00+05:30,1635.8,1635.8,1633.2,1633.6,14101
2026-08-07T12:10:00+05:30,1633.6,1634.4,1632.4,1633.5,3075
2026-08-07T12:15:00+05:30,1633.5,1634,1633,1633.4,2226
2026-08-07T12:20:00+05:30,1633.4,1635,1632.9,1635,3692
2026-08-07T12:25:00+05:30,1635,1637.8,1634.9,1637,5190
2026-08-07T12:30:00+05:30,1637,1639.7,1636.8,1639.3,3022
2026-08-07T12:35:00+05:30,1639.3,1639.3,1636.8,1637.8,5769
2026-08-07T12:40:00+05:30,1635.6,1641.2,1635.6,1639.2,10773
2026-08-07T12:45:00+05:30,1639.2,1640,1638,1640,8676
2026-08-07T12:50:00+05:30,1640,1640,1635.8,1636.3,25714
2026-08-07T12:55:00+05:30,1636.4,1637.1,1631.4,1632.2,19996
2026-08-07T13:00:00+05:30,1632.2,1634.1,1631.5,1634.1,13315
2026-08-07T13:05:00+05:30,1634.3,1637.2,1633.3,1635.2,23119
2026-08-07T13:10:00+05:30,1634.6,1638,1634.6,1636.5,67991
2026-08-07T13:15:00+05:30,1636.5,1637.6,1634.5,1636,62652
2026-08-07T13:20:00+05:30,1636,1638.9,1635,1637.4,36811
2026-08-07T13:25:00+05:30,1637.4,1638,1635.9,1635.9,30670
2026-08-07T13:30:00+05:30,1636.8,1637,1632,1633.7,28989
2026-08-07T13:35:00+05:30,1633.5,1634.3,1631.4,1632.9,7234
2026-08-07T13:40:00+05:30,1633.2,1633.2,1628.5,1629.9,20440
2026-08-07T13:45:00+05:30,1629.9,1630.5,1628.1,1629.3,15016
2026-08-07T13:50:00+05:30,1629,1629.2,1627.2,1627.5,11391
2026-08-07T13:55:00+05:30,1628.1,1629,1626.3,1628.5,10136
2026-08-07T14:00:00+05:30,1628,1629.6,1626.2,1626.3,7882
2026-08-07T14:05:00+05:30,1626.8,1628,1626.2,1627.9,2657
2026-08-07T14:10:00+05:30,1628,1628.7,1627.5,1627.7,6158
2026-08-07T14:15:00+05:30,1628.1,1629,1627.4,1628.8,3758
2026-08-07T14:20:00+05:30,1628.8,1629,1628,1629,4740
2026-08-07T14:25:00+05:30,1629,1630,1627.4,1628,9531
2026-08-07T14:30:00+05:30,1628.7,1630,1628.5,1629.8,7109
2026-08-07T14:35:00+05:30,1629.9,1629.9,1627.1,1627.4,5313
2026-08-07T14:40:00+05:30,1627,1627.4,1625.1,1626.3,6076
2026-08-07T14:45:00+05:30,1627,1628.3,1626.6,1627.8,7187
2026-08-07T14:50:00+05:30,1627.8,1627.9,1625.2,1626.2,9838
2026-08-07T14:55:00+05:30,1626.2,1626.4,1623.1,1623.6,21726
2026-08-07T15:00:00+05:30,1623.7,1624.1,1620,1622.7,22895
2026-08-07T15:05:00+05:30,1622.7,1623.4,1619.5,1623.4,32872
2026-08-07T15:10:00+05:30,1622.3,1623.6,1619,1619.6,23299
2026-08-10T09:15:00+05:30,1630.1,1634.9,1622,1630,52358
2026-08-10T09:20:00+05:30,1630,1632.9,1626.7,1631.7,17849
2026-08-10T09:25:00+05:30,1631.7,1633,1630,1631.5,17119
2026-08-10T09:30:00+05:30,1631.5,1632,1623.5,1625.7,22454
2026-08-10T09:35:00+05:30,1625.7,1625.7,1621.2,1621.8,33349
2026-08-10T09:40:00+05:30,1620.6,1624.9,1620.6,1624,20148
2026-08-10T09:45:00+05:30,1624,1624.9,1621.1,1622.5,6882
2026-08-10T09:50:00+05:30,1622.5,1624.1,1618.1,1618.1,14262
2026-08-10T09:55:00+05:30,1618.8,1620.1,1615.9,1619.1,22347
2026-08-10T10:00:00+05:30,1619.1,1619.9,1610.8,1614.4,20087
2026-08-10T10:05:00+05:30,1614.4,1615,1611.2,1614.2,14491
2026-08-10T10:10:00+05:30,1614.8,1617.4,1614.2,1616.8,16918
2026-08-10T10:15:00+05:30,1616.8,1619.5,1615.7,1618.4,20707
2026-08-10T10:20:00+05:30,1618.4,1619.7,1616.7,1618.2,20369
2026-08-10T10:25:00+05:30,1618.7,1619.6,1616.7,1618,16818
2026-08-10T10:30:00+05:30,1618,1620,1618,1618.3,7827
2026-08-10T10:35:00+05:30,1618.3,1619.6,1616.2,1617.1,21600
2026-08-10T10:40:00+05:30,1617.1,1617.1,1616,1616.9,4451
2026-08-10T10:45:00+05:30,1616.9,1618.5,1616.3,1616.9,3377
2026-08-10T10:50:00+05:30,1616.9,1619.7,1616,1619.6,9787
2026-08-10T10:55:00+05:30,1619.6,1619.6,1618.5,1619.4,7326
2026-08-10T11:00:00+05:30,1619.3,1619.6,1616.6,1618.6,20717
2026-08-10T11:05:00+05:30,1618.6,1620,1618.6,1619.6,19399
2026-08-10T11:10:00+05:30,1619.6,1624.4,1619.5,1624.4,28244
2026-08-10T11:15:00+05:30,1624.4,1627,1621.2,1622,16117
2026-08-10T11:20:00+05:30,1622,1623.4,1621.1,1621.6,4920
2026-08-10T11:25:00+05:30,1621.3,1624.2,1621.3,1622.2,15592
2026-08-10T11:30:00+05:30,1622.2,1622.2,1620,1620,6243
2026-08-10T11:35:00+05:30,1620,1622.3,1620,1621.5,4516
2026-08-10T11:40:00+05:30,1621.6,1623.4,1620.5,1621.7,3443
2026-08-10T11:45:00+05:30,1622,1624.8,1621.7,1624.4,4003
2026-08-10T11:50:00+05:30,1624.4,1624.4,1621.8,1622.7,6004
2026-08-10T11:55:00+05:30,1622.7,1624.4,1621.2,1623.6,5889
2026-08-10T12:00:00+05:30,1623.5,1624.9,1622.9,1624.3,6495
2026-08-10T12:05:00+05:30,1624.3,1624.3,1623.5,1624.2,3380
2026-08-10T12:10:00+05:30,1624.2,1625.4,1624.2,1625.4,7864
2026-08-10T12:15:00+05:30,1625.4,1626.4,1622.9,1623.6,25572
2026-08-10T12:20:00+05:30,1623.6,1624.5,1623,1623.6,4065
2026-08-10T12:25:00+05:30,1623.6,1624.6,1622.5,1624.1,3766
2026-08-10T12:30:00+05:30,1624.1,1624.1,1621.6,1622.3,6527
2026-08-10T12:35:00+05:30,1622.3,1622.7,1620.2,1621.5,6510
2026-08-10T12:40:00+05:30,1621.5,1622.1,1620.7,1620.7,5310
2026-08-10T12:45:00+05:30,1620.7,1621.8,1620.3,1620.7,3060
2026-08-10T12:50:00+05:30,1620.7,1622.6,1620.3,1621.5,2026
2026-08-10T12:55:00+05:30,1621.5,1622.1,1619.2,1619.7,4052
2026-08-10T13:00:00+05:30,1619.7,1620.4,1619,1619.5,4731
2026-08-10T13:05:00+05:30,1620,1621.9,1619.3,1621.5,4984
2026-08-10T13:10:00+05:30,1621.5,1623.4,1621.5,1623.3,3816
2026-08-10T13:15:00+05:30,1623.3,1624.7,1622.8,1624.5,2287
2026-08-10T13:20:00+05:30,1624.5,1624.5,1622.9,1622.9,5711
2026-08-10T13:25:00+05:30,1622.9,1624.8,1622.8,1624.8,26519
2026-08-10T13:30:00+05:30,1624.8,1625,1623.7,1624.5,6613
2026-08-10T13:35:00+05:30,1624.5,1625,1623.7,1624.6,5593
2026-08-10T13:40:00+05:30,1625,1632,1624.6,1630.2,61340
2026-08-10T13:45:00+05:30,1630.2,1635.4,1630.2,1635.4,24041
2026-08-10T13:50:00+05:30,1634.6,1635.9,1630.4,1632,12646
2026-08-10T13:55:00+05:30,1632,1632,1630.3,1630.8,4468
2026-08-10T14:00:00+05:30,1630.8,1633.9,1630.2,1631,5320
2026-08-10T14:05:00+05:30,1630.7,1633.2,1630.2,1630.8,7673
2026-08-10T14:10:00+05:30,1630.8,1630.8,1625.1,1626.2,7750
2026-08-10T14:15:00+05:30,1626.3,1626.8,1625.1,1625.1,8737
2026-08-10T14:20:00+05:30,1625.2,1626.5,1625.2,1625.9,3561
2026-08-10T14:25:00+05:30,1625.4,1625.6,1622.2,1624.4,6503
2026-08-10T14:30:00+05:30,1624.4,1624.9,1623,1623.5,4401
2026-08-10T14:35:00+05:30,1623,1625.4,1623,1625.4,7764
2026-08-10T14:40:00+05:30,1625.4,1625.4,1623.2,1623.9,5164
2026-08-10T14:45:00+05:30,1623.9,1626.4,1623.8,1625.3,8974
2026-08-10T14:50:00+05:30,1625.3,1625.6,1623,1624.4,12557
2026-08-10T14:55:00+05:30,1624.4,1630,1624.1,1627.5,16588
2026-08-10T15:00:00+05:30,1627.4,1627.4,1621.8,1622.5,15388
2026-08-10T15:05:00+05:30,1622.6,1626.2,1620,1625.2,31781
2026-08-10T15:10:00+05:30,1625.7,1626.1,1622,1622,29530
2026-08-11T09:15:00+05:30,1660,1672,1650,1661.5,452147
2026-08-11T09:20:00+05:30,1660.5,1668.8,1645.5,1646.1,138862
2026-08-11T09:25:00+05:30,1647.4,1649.4,1642.3,1645.6,86397
2026-08-11T09:30:00+05:30,1646.4,1646.4,1636.6,1639.6,108803
2026-08-11T09:35:00+05:30,1639.6,1643.7,1632,1636.6,97238
2026-08-11T09:40:00+05:30,1635.7,1638.3,1634,1636.8,31308
2026-08-11T09:45:00+05:30,1635.9,1638.9,1633.9,1638.3,17707
2026-08-11T09:50:00+05:30,1638.3,1638.9,1632,1632.8,26141
2026-08-11T09:55:00+05:30,1632.8,1637.6,1630.7,1636.7,29085
2026-08-11T10:00:00+05:30,1636.2,1641.2,1634.2,1641.2,15400
2026-08-11T10:05:00+05:30,1641.2,1646.1,1641,1644.6,24858
2026-08-11T10:10:00+05:30,1644.7,1648.4,1642.8,1645,25748
2026-08-11T10:15:00+05:30,1645.9,1653.6,1645.1,1652.5,38746
2026-08-11T10:20:00+05:30,1652.4,1652.5,1638,1638.5,50264
2026-08-11T10:25:00+05:30,1638.5,1640.4,1638,1639.2,15315
2026-08-11T10:30:00+05:30,1639.2,1640,1637,1637.8,7098
2026-08-11T10:35:00+05:30,1637.8,1641.5,1637,1640.2,24489
2026-08-11T10:40:00+05:30,1640.2,1641,1637.9,1639,11462
2026-08-11T10:45:00+05:30,1639,1641.5,1638.5,1640.2,10856
2026-08-11T10:50:00+05:30,1640.6,1643.5,1639.1,1642.8,8309
2026-08-11T10:55:00+05:30,1643.8,1646,1643,1645.4,12053
2026-08-11T11:00:00+05:30,1645.4,1648.9,1644.9,1648.6,14067
2026-08-11T11:05:00+05:30,1648.6,1649.5,1642.1,1642.1,19346
2026-08-11T11:10:00+05:30,1642.4,1644.2,1640.2,1643.6,7903
2026-08-11T11:15:00+05:30,1643,1644,1641,1641,7259
2026-08-11T11:20:00+05:30,1641.1,1641.1,1634.6,1636,18346
2026-08-11T11:25:00+05:30,1635.5,1637,1633.2,1634,20376
2026-08-11T11:30:00+05:30,1634,1634.7,1631.8,1634.7,14777
2026-08-11T11:35:00+05:30,1634.7,1635.5,1626.6,1628.6,34471
2026-08-11T11:40:00+05:30,1628.6,1631.2,1627.1,1628.4,10907
2026-08-11T11:45:00+05:30,1628.4,1630,1623.3,1630,24697
2026-08-11T11:50:00+05:30,1630.6,1636.6,1630.6,1634.7,12806
2026-08-11T11:55:00+05:30,1634.7,1635.5,1634,1635.5,7196
2026-08-11T12:00:00+05:30,1635.5,1635.5,1634.4,1635.1,3100
2026-08-11T12:05:00+05:30,1635.3,1635.9,1634.1,1634.7,5130
2026-08-11T12:10:00+05:30,1634.7,1638.8,1634.7,1637.2,7648
2026-08-11T12:15:00+05:30,1637.2,1637.2,1634.4,1635.1,5914
2026-08-11T12:20:00+05:30,1635.1,1635.5,1633.2,1634.5,11484
2026-08-11T12:25:00+05:30,1634.5,1635,1633.5,1634.9,2496
2026-08-11T12:30:00+05:30,1634.9,1634.9,1633.8,1634.7,2395
2026-08-11T12:35:00+05:30,1634.7,1635,1632.1,1634.3,6240
2026-08-11T12:40:00+05:30,1634.3,1634.9,1632.9,1634.5,3843
2026-08-11T12:45:00+05:30,1634.5,1635.5,1632.2,1632.9,12933
2026-08-11T12:50:00+05:30,1632.9,1634,1632.2,1633.1,3257
2026-08-11T12:55:00+05:30,1633.1,1633.3,1631.7,1632,21718
2026-08-11T13:00:00+05:30,1632,1633.5,1631.7,1632.2,19803
2026-08-11T13:05:00+05:30,1632,1633.2,1631.9,1631.9,34172
2026-08-11T13:10:00+05:30,1632,1636.5,1630,1633.2,52492
2026-08-11T13:15:00+05:30,1633.2,1637.1,1633,1633.2,114692
2026-08-11T13:20:00+05:30,1633.2,1637,1631.3,1637,34687
2026-08-11T13:25:00+05:30,1637.1,1644.6,1635,1635.8,99731
2026-08-11T13:30:00+05:30,1636.4,1637,1634.3,1635.7,8288
2026-08-11T13:35:00+05:30,1635.7,1636.4,1632.8,1633.4,4799
2026-08-11T13:40:00+05:30,1633.4,1634.7,1633.1,1633.3,5532
2026-08-11T13:45:00+05:30,1632.7,1634.6,1631.5,1631.9,8577
2026-08-11T13:50:00+05:30,1632.4,1632.5,1631,1631.4,5086
2026-08-11T13:55:00+05:30,1631.4,1631.5,1628.9,1629.3,6169
2026-08-11T14:00:00+05:30,1629.3,1629.4,1625.5,1626,9947
2026-08-11T14:05:00+05:30,1625.5,1626.7,1622,1623.8,20095
2026-08-11T14:10:00+05:30,1623.8,1625,1622.6,1623.9,7655
2026-08-11T14:15:00+05:30,1623.9,1624.8,1621,1621.7,8304
2026-08-11T14:20:00+05:30,1621.7,1622.6,1620.1,1622,18290
2026-08-11T14:25:00+05:30,1622,1624.1,1620.4,1623.5,9495
2026-08-11T14:30:00+05:30,1623.5,1624.3,1620.5,1620.9,6382
2026-08-11T14:35:00+05:30,1620.6,1622,1620.6,1621.2,5412
2026-08-11T14:40:00+05:30,1621.2,1621.2,1616.4,1618.7,28597
2026-08-11T14:45:00+05:30,1618.7,1621.4,1618.7,1621.4,20677
2026-08-11T14:50:00+05:30,1621.6,1621.7,1620,1620.8,11740
2026-08-11T14:55:00+05:30,1620.9,1622.8,1620.8,1621.8,23459
2026-08-11T15:00:00+05:30,1621.8,1622.9,1621,1622.2,20408
2026-08-11T15:05:00+05:30,1622,1622.5,1618,1618,46679
2026-08-11T15:10:00+05:30,1618,1622,1616.1,1622,59425
2026-08-12T09:15:00+05:30,1628.5,1629.7,1613.4,1616,69014
2026-08-12T09:20:00+05:30,1616,1618.8,1611,1611.7,37013
2026-08-12T09:25:00+05:30,1611.7,1614.7,1605,1605.9,39214
2026-08-12T09:30:00+05:30,1605.9,1606.3,1594,1598.1,68124
2026-08-12T09:35:00+05:30,1598.2,1598.8,1588.4,1590.3,42989
2026-08-12T09:40:00+05:30,1590.3,1594.9,1589,1592.9,23711
2026-08-12T09:45:00+05:30,1592.9,1595.7,1588.7,1594.5,35386
2026-08-12T09:50:00+05:30,1594.5,1601.5,1593.2,1599.5,20968
2026-08-12T09:55:00+05:30,1599.5,1599.5,1594.3,1595.9,12251
2026-08-12T10:00:00+05:30,1595.9,1596,1590.3,1591.9,14892
2026-08-12T10:05:00+05:30,1591.9,1593.5,1575,1575.9,86495
2026-08-12T10:10:00+05:30,1575.9,1581.6,1575.5,1579.2,25937
2026-08-12T10:15:00+05:30,1579.2,1581,1577,1579.1,20989
2026-08-12T10:20:00+05:30,1579.1,1579.1,1576.4,1577.6,17371
2026-08-12T10:25:00+05:30,1577.6,1579.3,1573.7,1573.7,31003
2026-08-12T10:30:00+05:30,1574,1584.7,1573.1,1583,24199
2026-08-12T10:35:00+05:30,1583,1583,1578.3,1579.8,14564
2026-08-12T10:40:00+05:30,1579.8,1580.8,1577.6,1579.3,8939
2026-08-12T10:45:00+05:30,1579.8,1579.8,1570.2,1575.3,26052
2026-08-12T10:50:00+05:30,1575.3,1580.4,1573.5,1578.6,14200
2026-08-12T10:55:00+05:30,1578.9,1581.7,1575.7,1576.7,14709
2026-08-12T11:00:00+05:30,1576,1576.7,1571.5,1573.4,17131
2026-08-12T11:05:00+05:30,1573.4,1579.3,1572.1,1576.9,36029
2026-08-12T11:10:00+05:30,1576.9,1583.4,1575.5,1580.1,16834
2026-08-12T11:15:00+05:30,1580.1,1587.5,1579.5,1585.2,33115
2026-08-12T11:20:00+05:30,1585.2,1587,1583.7,1586.5,21705
2026-08-12T11:25:00+05:30,1586.5,1587,1581,1582.2,28083
2026-08-12T11:30:00+05:30,1582.2,1583.6,1580.3,1582.9,29299
2026-08-12T11:35:00+05:30,1582.9,1582.9,1580.5,1580.9,6175
2026-08-12T11:40:00+05:30,1580.9,1584.8,1580.9,1584.8,8173
2026-08-12T11:45:00+05:30,1584.8,1585.9,1584.8,1585.9,7769
2026-08-12T11:50:00+05:30,1585.9,1585.9,1579.1,1579.2,24557
2026-08-12T11:55:00+05:30,1579.2,1581.4,1578.3,1581,13654
2026-08-12T12:00:00+05:30,1581,1582.5,1580.3,1581.8,7507
2026-08-12T12:05:00+05:30,1581.7,1583.6,1581.3,1582.2,15062
2026-08-12T12:10:00+05:30,1582.2,1583.3,1581.4,1582.6,4615
2026-08-12T12:15:00+05:30,1582.6,1584.9,1582.5,1584.8,6331
2026-08-12T12:20:00+05:30,1584.8,1584.9,1581,1581.4,8835
2026-08-12T12:25:00+05:30,1581.4,1583.5,1580,1583.1,7700
2026-08-12T12:30:00+05:30,1583.1,1584.8,1583,1584.4,8574
2026-08-12T12:35:00+05:30,1584.2,1584.7,1582.3,1582.5,6225
2026-08-12T12:40:00+05:30,1582.3,1583.9,1581.5,1581.5,7757
2026-08-12T12:45:00+05:30,1581.5,1582,1580.9,1581.1,5356
2026-08-12T12:50:00+05:30,1580.5,1581.5,1579,1579,8180
2026-08-12T12:55:00+05:30,1579,1580.8,1578.2,1580.2,6226
2026-08-12T13:00:00+05:30,1580.2,1583.5,1580,1580,10791
2026-08-12T13:05:00+05:30,1580,1580,1575.3,1575.8,21062
2026-08-12T13:10:00+05:30,1575.8,1575.8,1572.1,1573.5,27930
2026-08-12T13:15:00+05:30,1573.5,1580.4,1572.6,1579,16917
2026-08-12T13:20:00+05:30,1578.5,1579.3,1574.8,1576.8,14820
2026-08-12T13:25:00+05:30,1576.8,1576.8,1575,1575.6,8366
2026-08-12T13:30:00+05:30,1575.6,1578.2,1575.6,1578.2,5758
2026-08-12T13:35:00+05:30,1578.2,1579.7,1578,1578.2,5174
2026-08-12T13:40:00+05:30,1578.9,1580.5,1577,1578.4,9475
2026-08-12T13:45:00+05:30,1578.3,1579,1575.5,1578.4,11153
2026-08-12T13:50:00+05:30,1578.8,1579,1576.5,1577.5,6592
2026-08-12T13:55:00+05:30,1577.4,1579,1575.7,1579,7099
2026-08-12T14:00:00+05:30,1579,1579.9,1578,1579.3,14023
2026-08-12T14:05:00+05:30,1579.3,1581.7,1575.7,1576.9,12301
2026-08-12T14:10:00+05:30,1576.9,1578.4,1576.5,1577.1,13629
2026-08-12T14:15:00+05:30,1577.6,1580.2,1577.1,1579.6,6617
2026-08-12T14:20:00+05:30,1579.4,1582.7,1579.2,1581.5,7928
2026-08-12T14:25:00+05:30,1582.6,1586.3,1582.1,1586.1,24215
2026-08-12T14:30:00+05:30,1586.3,1596.4,1586.3,1595.2,60737
2026-08-12T14:35:00+05:30,1595.3,1596.7,1592.7,1593.8,19186
2026-08-12T14:40:00+05:30,1593.8,1594.4,1591,1592,17798
2026-08-12T14:45:00+05:30,1592,1592.9,1587.5,1588.3,30552
2026-08-12T14:50:00+05:30,1588.3,1593.5,1587.5,1593.5,25478
2026-08-12T14:55:00+05:30,1593.5,1595.9,1591.9,1594.1,31938
2026-08-12T15:00:00+05:30,1594.8,1602.2,1594.1,1602.2,56642
2026-08-12T15:05:00+05:30,1602,1603.4,1598.6,1599.8,29745
2026-08-12T15:10:00+05:30,1599.6,1604,1599.1,1603,69205
2026-08-13T09:15:00+05:30,1607,1638.3,1602,1635,171098
2026-08-13T09:20:00+05:30,1634,1637.3,1623.2,1628.9,233954
2026-08-13T09:25:00+05:30,1628,1632.9,1607.3,1609.7,235779
2026-08-13T09:30:00+05:30,1609,1611.5,1598,1608.9,147104
2026-08-13T09:35:00+05:30,1608.2,1610,1599.6,1600.4,78614
2026-08-13T09:40:00+05:30,1600.6,1602.9,1597.5,1598.4,42790
2026-08-13T09:45:00+05:30,1599.1,1600.2,1586,1587.5,100039
2026-08-13T09:50:00+05:30,1587.5,1589.3,1582.6,1585.4,62232
2026-08-13T09:55:00+05:30,1585.4,1587.1,1580.6,1582,51267
2026-08-13T10:00:00+05:30,1583.2,1584.9,1581.5,1582,51978
2026-08-13T10:05:00+05:30,1581.3,1586.8,1580.4,1586.8,45489
2026-08-13T10:10:00+05:30,1586.8,1586.9,1573,1574.1,144763
2026-08-13T10:15:00+05:30,1574.1,1576.9,1573.2,1574.9,35968
2026-08-13T10:20:00+05:30,1574.9,1576.9,1570.4,1576.2,69764
2026-08-13T10:25:00+05:30,1576.8,1579.6,1574,1574.6,46161
2026-08-13T10:30:00+05:30,1572.4,1579.8,1572.4,1578.3,43057
2026-08-13T10:35:00+05:30,1578.3,1581.7,1577.6,1580.9,31132
2026-08-13T10:40:00+05:30,1580.9,1587,1580,1587,69283
2026-08-13T10:45:00+05:30,1588.1,1593.6,1587.2,1588.1,94896
2026-08-13T10:50:00+05:30,1588.7,1595,1588,1590,70215
2026-08-13T10:55:00+05:30,1590,1590,1585.3,1586.6,14431
2026-08-13T11:00:00+05:30,1586.6,1586.7,1583.1,1584.8,20661
2026-08-13T11:05:00+05:30,1583.7,1588.3,1583,1587,30766
2026-08-13T11:10:00+05:30,1587,1589.7,1587,1587.5,14513
2026-08-13T11:15:00+05:30,1587.5,1587.5,1585,1587.4,7232
2026-08-13T11:20:00+05:30,1587.4,1589,1586.3,1586.8,11112
2026-08-13T11:25:00+05:30,1586.8,1588.1,1586.3,1588.1,6460
2026-08-13T11:30:00+05:30,1588.1,1589.9,1587.4,1589.2,10023
2026-08-13T11:35:00+05:30,1589.2,1589.8,1588.2,1589,8896
2026-08-13T11:40:00+05:30,1589,1589,1576.4,1577.1,40743
2026-08-13T11:45:00+05:30,1576.4,1577.6,1572,1574.5,30306
2026-08-13T11:50:00+05:30,1574.5,1575.6,1572.2,1572.6,29350
2026-08-13T11:55:00+05:30,1572.7,1574.4,1571.4,1574.4,17746
2026-08-13T12:00:00+05:30,1574,1583.6,1574,1581.5,38690
2026-08-13T12:05:00+05:30,1581.5,1585,1580.5,1582,31184
2026-08-13T12:10:00+05:30,1582,1582.9,1579.3,1581.9,39157
2026-08-13T12:15:00+05:30,1581.9,1585.5,1581.1,1583.1,26272
2026-08-13T12:20:00+05:30,1583.1,1584.6,1582.1,1583,23393
2026-08-13T12:25:00+05:30,1583,1584.4,1582.5,1582.8,15102
2026-08-13T12:30:00+05:30,1582.8,1584,1582,1583,18241
2026-08-13T12:35:00+05:30,1583,1583.3,1580.6,1581.8,20804
2026-08-13T12:40:00+05:30,1581.8,1584,1581.8,1583,24557
2026-08-13T12:45:00+05:30,1583,1583.3,1580.8,1581.6,19114
2026-08-13T12:50:00+05:30,1581.6,1582.9,1580.4,1582.1,17639
2026-08-13T12:55:00+05:30,1582.1,1583.5,1581.4,1582.7,18325
2026-08-13T13:00:00+05:30,1582.7,1583.9,1582.2,1583.5,35435
2026-08-13T13:05:00+05:30,1583.5,1586.3,1582.7,1583.4,23188
2026-08-13T13:10:00+05:30,1583.4,1584.3,1582,1582.6,17286
2026-08-13T13:15:00+05:30,1582.5,1582.6,1580,1580.5,25148
2026-08-13T13:20:00+05:30,1580.5,1583.9,1580.5,1583.4,19492
2026-08-13T13:25:00+05:30,1583.4,1583.9,1582.5,1583,18635
2026-08-13T13:30:00+05:30,1583,1586.2,1582.3,1585.5,32984
2026-08-13T13:35:00+05:30,1585.4,1585.4,1583.2,1583.2,21468
2026-08-13T13:40:00+05:30,1583.2,1584.7,1582.5,1583.5,19579
2026-08-13T13:45:00+05:30,1583.5,1584.7,1582.7,1584,20848
2026-08-13T13:50:00+05:30,1584,1588.1,1584,1586.1,42726
2026-08-13T13:55:00+05:30,1586.1,1586.6,1585,1585.7,18761
2026-08-13T14:00:00+05:30,1585.7,1587.4,1585,1585.4,28229
2026-08-13T14:05:00+05:30,1585.6,1585.9,1582,1582.5,22981
2026-08-13T14:10:00+05:30,1582.4,1585,1582.2,1582.9,40488
2026-08-13T14:15:00+05:30,1582.9,1584.3,1582.5,1583.1,27752
2026-08-13T14:20:00+05:30,1583.4,1584.5,1582.7,1583.1,22960
2026-08-13T14:25:00+05:30,1584.2,1586,1582,1586,35969
2026-08-13T14:30:00+05:30,1586.4,1586.4,1584,1584.3,30324
2026-08-13T14:35:00+05:30,1584.3,1585.6,1582.3,1583.6,23992
2026-08-13T14:40:00+05:30,1583.6,1584.6,1582,1582.5,29525
2026-08-13T14:45:00+05:30,1582.5,1584.2,1582,1584,69312
2026-08-13T14:50:00+05:30,1584,1584.2,1582.8,1583.9,34293
2026-08-13T14:55:00+05:30,1583.9,1584.8,1583,1584,37607
2026-08-13T15:00:00+05:30,1584.5,1586.8,1584,1585,65518
2026-08-13T15:05:00+05:30,1585.1,1585.9,1582.2,1585.9,64552
2026-08-13T15:10:00+05:30,1585.9,1586.9,1581,1582.5,121940
2026-08-14T09:15:00+05:30,1588,1597.9,1575,1597.9,596214
2026-08-14T09:20:00+05:30,1597.9,1603.7,1588.8,1590.7,87893
2026-08-14T09:25:00+05:30,1590.7,1590.7,1585.6,1588.4,46913
2026-08-14T09:30:00+05:30,1588.4,1594.7,1588.4,1593.7,62440
2026-08-14T09:35:00+05:30,1593.7,1594.2,1590.7,1592.6,41880
2026-08-14T09:40:00+05:30,1592.6,1599.7,1592,1595.6,682259
2026-08-14T09:45:00+05:30,1595.6,1598.8,1594.1,1596.4,288410
2026-08-14T09:50:00+05:30,1596.4,1600.2,1594.2,1594.9,298071
2026-08-14T09:55:00+05:30,1594.6,1599.8,1593.3,1599.8,19770
2026-08-14T10:00:00+05:30,1599.2,1604,1598.1,1602.4,458141
2026-08-14T10:05:00+05:30,1601.9,1606,1601.5,1604.8,315282
2026-08-14T10:10:00+05:30,1604.8,1611,1604.3,1609.2,546863
2026-08-14T10:15:00+05:30,1609.4,1612.9,1603.2,1606.8,141449
2026-08-14T10:20:00+05:30,1606.8,1606.8,1598.8,1602.1,66943
2026-08-14T10:25:00+05:30,1602.8,1608.9,1602.8,1607.9,49676
2026-08-14T10:30:00+05:30,1607.9,1609,1603.7,1606,63246
2026-08-14T10:35:00+05:30,1606,1610,1605.6,1607.6,86184
2026-08-14T10:40:00+05:30,1607.6,1608.2,1604.7,1606.7,32753
2026-08-14T10:45:00+05:30,1606.7,1607.3,1603.5,1604.4,33693
2026-08-14T10:50:00+05:30,1604.4,1607.7,1603.8,1607,34412
2026-08-14T10:55:00+05:30,1606.7,1607.5,1599.4,1600.2,40581
2026-08-14T11:00:00+05:30,1600.2,1603.3,1599.6,1602.9,21198
2026-08-14T11:05:00+05:30,1603,1605.6,1601.7,1601.8,17258
2026-08-14T11:10:00+05:30,1601.8,1602,1596,1596.9,42829
2026-08-14T11:15:00+05:30,1596.1,1599.7,1596.1,1598.3,37998
2026-08-14T11:20:00+05:30,1598.3,1604,1598.3,1602.2,24482
2026-08-14T11:25:00+05:30,1602.2,1602.5,1600.2,1600.7,31903
2026-08-14T11:30:00+05:30,1600.7,1603,1600,1601.9,32568
2026-08-14T11:35:00+05:30,1601.2,1602.5,1600.5,1601.3,17499
2026-08-14T11:40:00+05:30,1601.9,1603.9,1601.3,1603.1,35977
2026-08-14T11:45:00+05:30,1603.1,1604.7,1602.4,1603.4,85300
2026-08-14T11:50:00+05:30,1603.4,1607,1603.1,1606.6,104745
2026-08-14T11:55:00+05:30,1606.6,1609.8,1606,1607.9,182434
2026-08-14T12:00:00+05:30,1608.1,1609.1,1606,1608.2,133785
2026-08-14T12:05:00+05:30,1608.2,1608.2,1605,1606.3,20686
2026-08-14T12:10:00+05:30,1606.3,1607,1602.5,1604.5,32953
2026-08-14T12:15:00+05:30,1604.5,1607.9,1604.3,1607.4,12193
2026-08-14T12:20:00+05:30,1607.4,1607.9,1604.8,1605.7,16640
2026-08-14T12:25:00+05:30,1605.7,1606.1,1602.9,1603.7,29710
2026-08-14T12:30:00+05:30,1603.7,1603.7,1602,1602.5,29798
2026-08-14T12:35:00+05:30,1602.5,1603.7,1601,1601.6,19372
2026-08-14T12:40:00+05:30,1601.6,1604.6,1600.6,1603.4,55337
2026-08-14T12:45:00+05:30,1603.4,1603.5,1600.6,1602.8,34334
2026-08-14T12:50:00+05:30,1602.8,1604.8,1602.8,1604.4,15516
2026-08-14T12:55:00+05:30,1604.4,1604.6,1602,1602.8,16808
2026-08-14T13:00:00+05:30,1602.8,1603.4,1600.9,1601,34363
2026-08-14T13:05:00+05:30,1601,1602,1600,1601.1,19480
2026-08-14T13:10:00+05:30,1601.1,1604.7,1601.1,1604.7,14889
2026-08-14T13:15:00+05:30,1604.7,1609.5,1603.4,1607,686930
2026-08-14T13:20:00+05:30,1607,1608.8,1606.4,1608.1,28961
2026-08-14T13:25:00+05:30,1608.1,1608.8,1607.2,1608,27105
2026-08-14T13:30:00+05:30,1608,1608.6,1605.2,1605.9,28313
2026-08-14T13:35:00+05:30,1605.9,1606.9,1605,1606.5,9936
2026-08-14T13:40:00+05:30,1606.7,1607.1,1602.2,1602.4,19280
2026-08-14T13:45:00+05:30,1602.5,1605,1602.5,1603.3,19640
2026-08-14T13:50:00+05:30,1603.7,1605,1602.5,1604,23595
2026-08-14T13:55:00+05:30,1604,1605.9,1602.9,1604.8,63124
2026-08-14T14:00:00+05:30,1604.8,1607,1603.6,1604.6,129163
2026-08-14T14:05:00+05:30,1605.6,1606.3,1604.1,1604.9,132329
2026-08-14T14:10:00+05:30,1604.9,1616.9,1604.8,1615.9,65583
2026-08-14T14:15:00+05:30,1615.3,1624,1614.5,1621.9,98237
2026-08-14T14:20:00+05:30,1622,1622.4,1612.6,1614.5,35092
2026-08-14T14:25:00+05:30,1614.8,1615.6,1613,1614.6,36186
2026-08-14T14:30:00+05:30,1614.6,1616.8,1614.1,1615.7,25269
2026-08-14T14:35:00+05:30,1615.9,1615.9,1614.1,1614.7,33564
2026-08-14T14:40:00+05:30,1614.7,1615.9,1614.2,1615.6,11623
2026-08-14T14:45:00+05:30,1615.9,1618.4,1614.4,1615.6,40533
2026-08-14T14:50:00+05:30,1615.6,1617.4,1615.5,1616.4,23908
2026-08-14T14:55:00+05:30,1616.4,1616.4,1613.5,1614.7,35253
2026-08-14T15:00:00+05:30,1614.7,1615.4,1613.3,1614.7,90547
2026-08-14T15:05:00+05:30,1615.2,1615.4,1613.4,1614,91090
2026-08-14T15:10:00+05:30,1614.1,1617,1612.3,1615,161418
2026-08-17T09:15:00+05:30,1621,1627.9,1611.8,1618.5,151193
2026-08-17T09:20:00+05:30,1616.9,1619.6,1614.7,1615.8,60607
2026-08-17T09:25:00+05:30,1616.3,1623.4,1616.3,1619.7,92128
2026-08-17T09:30:00+05:30,1619.5,1621,1618.3,1621,37692
2026-08-17T09:35:00+05:30,1621,1623,1617.6,1619.1,56362
2026-08-17T09:40:00+05:30,1619.1,1619.4,1613.3,1616.8,43769
2026-08-17T09:45:00+05:30,1616.6,1618.1,1615.2,1617.4,31158
2026-08-17T09:50:00+05:30,1617.4,1618.1,1615.3,1617.9,31943
2026-08-17T09:55:00+05:30,1617.3,1618,1615.4,1616.6,22438
2026-08-17T10:00:00+05:30,1616.6,1616.6,1610.6,1613.5,39183
2026-08-17T10:05:00+05:30,1613.5,1614.4,1612.2,1612.8,27229
2026-08-17T10:10:00+05:30,1612.8,1618.3,1612.2,1616,33540
2026-08-17T10:15:00+05:30,1616,1616.7,1609.9,1611.2,39474
2026-08-17T10:20:00+05:30,1611,1611.7,1607,1611,31472
2026-08-17T10:25:00+05:30,1611,1612.9,1606.1,1612,41224
2026-08-17T10:30:00+05:30,1612,1614.5,1608.6,1613.3,31694
2026-08-17T10:35:00+05:30,1613.3,1613.9,1606.9,1609.1,34808
2026-08-17T10:40:00+05:30,1609.1,1609.2,1606.6,1608.5,25970
2026-08-17T10:45:00+05:30,1608.3,1609,1603.3,1608.4,32201
2026-08-17T10:50:00+05:30,1608,1609.5,1607,1607.9,20022
2026-08-17T10:55:00+05:30,1607.9,1608.8,1604.6,1604.7,24550
2026-08-17T11:00:00+05:30,1605.3,1606.7,1602.1,1606.4,40843
2026-08-17T11:05:00+05:30,1606.3,1607.7,1605.2,1606.8,15398
2026-08-17T11:10:00+05:30,1606.8,1607.8,1605.7,1606.5,20002
2026-08-17T11:15:00+05:30,1606.5,1609.6,1605.1,1608.4,22524
2026-08-17T11:20:00+05:30,1608.4,1608.4,1605.5,1606.1,21933
2026-08-17T11:25:00+05:30,1606.1,1608,1604.1,1604.6,22871
2026-08-17T11:30:00+05:30,1605,1605.4,1600.7,1601.7,31300
2026-08-17T11:35:00+05:30,1601.7,1603.7,1600.2,1603.7,21531
2026-08-17T11:40:00+05:30,1603.7,1604.7,1594.2,1601,61750
2026-08-17T11:45:00+05:30,1601,1601,1592.5,1593.3,27721
2026-08-17T11:50:00+05:30,1593.3,1596.6,1588.6,1591,33624
2026-08-17T11:55:00+05:30,1591,1592.2,1588.1,1591.3,21628
2026-08-17T12:00:00+05:30,1591.3,1592.1,1587.1,1590.6,18767
2026-08-17T12:05:00+05:30,1590.6,1594.7,1588.3,1594.2,16448
2026-08-17T12:10:00+05:30,1594.2,1595.3,1592.9,1593.5,15893
2026-08-17T12:15:00+05:30,1593.5,1594.7,1592.5,1594.7,18248
2026-08-17T12:20:00+05:30,1594.7,1594.8,1591.3,1592.7,13790
2026-08-17T12:25:00+05:30,1592.7,1593.5,1591.7,1593.5,13972
2026-08-17T12:30:00+05:30,1593.5,1594.4,1591,1591.8,19170
2026-08-17T12:35:00+05:30,1591.9,1592.7,1591.1,1592.6,10392
2026-08-17T12:40:00+05:30,1592.6,1594.6,1591.3,1593.5,20723
2026-08-17T12:45:00+05:30,1593.5,1597.1,1593.5,1596.5,13593
2026-08-17T12:50:00+05:30,1596.5,1598.7,1595.9,1598.1,17668
2026-08-17T12:55:00+05:30,1598,1599.1,1596.7,1597.8,12078
2026-08-17T13:00:00+05:30,1597.3,1599,1593.4,1594.7,21836
2026-08-17T13:05:00+05:30,1594.7,1596.1,1594.6,1596,7952
2026-08-17T13:10:00+05:30,1596.1,1597.9,1594,1597,15045
2026-08-17T13:15:00+05:30,1597,1599,1594,1594.5,18616
2026-08-17T13:20:00+05:30,1594.5,1596,1593.5,1594.9,12262
2026-08-17T13:25:00+05:30,1594.7,1594.9,1593.5,1594.5,11627
2026-08-17T13:30:00+05:30,1594.2,1596.1,1593.8,1594.4,11057
2026-08-17T13:35:00+05:30,1593.1,1594.8,1592.6,1593.3,13123
2026-08-17T13:40:00+05:30,1593.3,1597.1,1593.1,1596.3,18946
2026-08-17T13:45:00+05:30,1596.3,1597.3,1595.9,1596.7,10442
2026-08-17T13:50:00+05:30,1596.9,1597.1,1593.6,1595.3,11770
2026-08-17T13:55:00+05:30,1595.3,1596.3,1594.1,1595.7,11278
2026-08-17T14:00:00+05:30,1595.7,1596.1,1593.9,1596.1,12315
2026-08-17T14:05:00+05:30,1595.9,1596.6,1595,1596.6,7440
2026-08-17T14:10:00+05:30,1596.6,1596.7,1593,1593.2,14904
2026-08-17T14:15:00+05:30,1592.9,1594,1592.5,1593.6,20694
2026-08-17T14:20:00+05:30,1593,1593.9,1591.6,1591.8,14589
2026-08-17T14:25:00+05:30,1591.8,1593.9,1591.7,1593.1,10179
2026-08-17T14:30:00+05:30,1593.1,1595.2,1591.5,1593.4,23846
2026-08-17T14:35:00+05:30,1593.4,1595,1591.3,1595,20213
2026-08-17T14:40:00+05:30,1595,1596.8,1594.6,1596.3,15219
2026-08-17T14:45:00+05:30,1596.6,1597.8,1595.1,1596.6,18392
2026-08-17T14:50:00+05:30,1596.6,1596.7,1591.6,1593,25746
2026-08-17T14:55:00+05:30,1593,1594.7,1591.9,1593.3,23857
2026-08-17T15:00:00+05:30,1593.3,1594.2,1589.2,1590.6,74047
2026-08-17T15:05:00+05:30,1590.6,1591.2,1586.2,1588.7,58942
2026-08-17T15:10:00+05:30,1588.7,1591.2,1585.4,1588,61551
2026-08-18T09:15:00+05:30,1589,1601.6,1583.1,1598.3,131614
2026-08-18T09:20:00+05:30,1597.4,1597.8,1592.6,1595.6,64828
2026-08-18T09:25:00+05:30,1595.6,1598,1591.8,1593.8,67959
2026-08-18T09:30:00+05:30,1593.5,1595.5,1589,1594.8,35770
2026-08-18T09:35:00+05:30,1594.8,1602.3,1594.4,1599,43963
2026-08-18T09:40:00+05:30,1600,1601.9,1597.3,1597.8,29281
2026-08-18T09:45:00+05:30,1597.5,1599.8,1597.4,1599.7,15029
2026-08-18T09:50:00+05:30,1599.5,1603.4,1595.5,1595.9,41134
2026-08-18T09:55:00+05:30,1595.9,1599.2,1594,1599.2,11679
2026-08-18T10:00:00+05:30,1599.2,1603,1598.6,1602.4,43587
2026-08-18T10:05:00+05:30,1602.4,1608,1602.4,1607,37694
2026-08-18T10:10:00+05:30,1607.2,1611.9,1605.5,1610.5,60589
2026-08-18T10:15:00+05:30,1610.5,1615.9,1610.5,1615,50165
2026-08-18T10:20:00+05:30,1615.5,1616,1610.3,1612,38802
2026-08-18T10:25:00+05:30,1612,1621.9,1612,1619,88038
2026-08-18T10:30:00+05:30,1619,1627.5,1619,1627.2,79515
2026-08-18T10:35:00+05:30,1627.2,1630,1623,1624.3,139974
2026-08-18T10:40:00+05:30,1623.6,1624.6,1621.1,1623,33268
2026-08-18T10:45:00+05:30,1623.1,1623.6,1619,1620.8,34889
2026-08-18T10:50:00+05:30,1620.8,1621.7,1616.7,1618.6,32069
2026-08-18T10:55:00+05:30,1618.6,1618.6,1616.7,1618.3,21632
2026-08-18T11:00:00+05:30,1618.3,1619.9,1617.2,1619.2,24399
2026-08-18T11:05:00+05:30,1619.2,1619.5,1616.8,1616.8,23551
2026-08-18T11:10:00+05:30,1616.9,1616.9,1611.4,1611.5,32191
2026-08-18T11:15:00+05:30,1611.5,1614.2,1611.5,1613.3,21115
2026-08-18T11:20:00+05:30,1613.3,1613.8,1609.2,1610.6,37173
2026-08-18T11:25:00+05:30,1610.6,1611,1603.5,1603.6,31640
2026-08-18T11:30:00+05:30,1603.6,1604.4,1599,1599.6,45160
2026-08-18T11:35:00+05:30,1599.6,1603.7,1599.6,1603.1,28424
2026-08-18T11:40:00+05:30,1603.1,1605,1602.4,1604.4,20843
2026-08-18T11:45:00+05:30,1604.4,1605.2,1603.5,1604.1,19733
2026-08-18T11:50:00+05:30,1604.1,1604.5,1602.3,1602.3,27200
2026-08-18T11:55:00+05:30,1602.3,1605.8,1602.2,1605.3,19356
2026-08-18T12:00:00+05:30,1605.3,1605.8,1603.4,1604.1,19575
2026-08-18T12:05:00+05:30,1604.1,1604.5,1603.2,1604,11329
2026-08-18T12:10:00+05:30,1604,1604.6,1600.1,1600.4,24488
2026-08-18T12:15:00+05:30,1600.4,1603.6,1600.4,1603.4,13992
2026-08-18T12:20:00+05:30,1604.2,1604.5,1603.2,1603.8,14027
2026-08-18T12:25:00+05:30,1603.8,1609,1603.8,1607.6,25727
2026-08-18T12:30:00+05:30,1607.6,1607.8,1606,1606.7,13937
2026-08-18T12:35:00+05:30,1606.7,1607.3,1605.1,1606.1,15468
2026-08-18T12:40:00+05:30,1606.2,1607,1604.9,1605.3,15585
2026-08-18T12:45:00+05:30,1605.3,1607.4,1604.8,1607,16430
2026-08-18T12:50:00+05:30,1607,1608.3,1607,1608,13073
2026-08-18T12:55:00+05:30,1608,1609.1,1607.5,1608,17381
2026-08-18T13:00:00+05:30,1608,1608.5,1607,1607.6,13735
2026-08-18T13:05:00+05:30,1607.6,1608.4,1604.9,1608.4,21589
2026-08-18T13:10:00+05:30,1608.4,1609.3,1608.1,1608.1,16502
2026-08-18T13:15:00+05:30,1608.1,1609.4,1608,1608.8,15087
2026-08-18T13:20:00+05:30,1608.8,1609.2,1608,1608.5,13281
2026-08-18T13:25:00+05:30,1608.5,1609.1,1607.4,1608.1,16909
2026-08-18T13:30:00+05:30,1608.1,1609.7,1608.1,1609.5,13383
2026-08-18T13:35:00+05:30,1609.5,1609.5,1606.3,1607.1,15989
2026-08-18T13:40:00+05:30,1607.2,1608.1,1605.8,1608,17535
2026-08-18T13:45:00+05:30,1608,1608.1,1605.2,1606.6,29952
2026-08-18T13:50:00+05:30,1606.6,1607.1,1603.4,1605.4,18425
2026-08-18T13:55:00+05:30,1605.4,1606.2,1605,1605.5,17952
2026-08-18T14:00:00+05:30,1605.5,1606,1604.1,1605.2,13095
2026-08-18T14:05:00+05:30,1605.2,1605.2,1603,1603,13975
2026-08-18T14:10:00+05:30,1602.6,1603.2,1601.7,1602.5,24838
2026-08-18T14:15:00+05:30,1602.5,1603.8,1602.4,1603.1,20347
2026-08-18T14:20:00+05:30,1603.1,1603.9,1603,1603.4,10532
2026-08-18T14:25:00+05:30,1603.5,1605.3,1602.3,1605.3,43870
2026-08-18T14:30:00+05:30,1604.5,1606.5,1603.7,1604.3,16330
2026-08-18T14:35:00+05:30,1604.3,1606.3,1604,1605.7,20337
2026-08-18T14:40:00+05:30,1605.7,1606.9,1604.9,1606.4,21333
2026-08-18T14:45:00+05:30,1606.7,1607.5,1604.6,1604.6,39446
2026-08-18T14:50:00+05:30,1604.6,1605.4,1604,1604.6,12400
2026-08-18T14:55:00+05:30,1604.6,1606.6,1604.4,1606.4,25073
2026-08-18T15:00:00+05:30,1606.4,1608.5,1605.6,1607.4,36116
2026-08-18T15:05:00+05:30,1607.5,1609.5,1607,1607.6,69008
2026-08-18T15:10:00+05:30,1607.6,1611.9,1605,1605,58954
2026-08-19T09:15:00+05:30,1604.8,1604.8,1560.8,1570.1,261269
2026-08-19T09:20:00+05:30,1570,1573.1,1563,1566.2,117082
2026-08-19T09:25:00+05:30,1566.2,1567.9,1560,1560.8,102342
2026-08-19T09:30:00+05:30,1560.8,1564,1551.6,1553.8,133062
2026-08-19T09:35:00+05:30,1553.8,1556.3,1548.1,1554.1,113188
2026-08-19T09:40:00+05:30,1554,1562.6,1550.5,1558.7,81001
2026-08-19T09:45:00+05:30,1559,1559.3,1554,1558.2,64306
2026-08-19T09:50:00+05:30,1558.5,1564.7,1556.1,1559.4,73173
2026-08-19T09:55:00+05:30,1559.8,1563.9,1559.1,1563,50444
2026-08-19T10:00:00+05:30,1563,1574.1,1562.9,1563.4,106784
2026-08-19T10:05:00+05:30,1563.4,1565.7,1561.7,1563.1,37543
2026-08-19T10:10:00+05:30,1563.1,1565,1559.5,1561.2,27270
2026-08-19T10:15:00+05:30,1561.2,1562.8,1553.6,1555,60066
2026-08-19T10:20:00+05:30,1555,1556.9,1554,1555.9,36443
2026-08-19T10:25:00+05:30,1555.9,1557.6,1553,1554.8,49062
2026-08-19T10:30:00+05:30,1554.8,1558.8,1553.4,1555.5,36896
2026-08-19T10:35:00+05:30,1555.5,1559,1555.5,1558.1,27220
2026-08-19T10:40:00+05:30,1558,1561,1557.1,1560.5,32794
2026-08-19T10:45:00+05:30,1560.5,1560.5,1549.5,1549.5,83421
2026-08-19T10:50:00+05:30,1549.9,1553.5,1549.3,1553.5,37217
2026-08-19T10:55:00+05:30,1553.8,1556.1,1552.1,1554.3,33226
2026-08-19T11:00:00+05:30,1554.3,1555,1552.5,1552.5,26918
2026-08-19T11:05:00+05:30,1552.5,1553.6,1551.3,1553.6,27990
2026-08-19T11:10:00+05:30,1553.4,1555.5,1552.5,1553.5,30400
2026-08-19T11:15:00+05:30,1553.5,1554.3,1552.4,1552.7,27269
2026-08-19T11:20:00+05:30,1552.7,1555,1550,1550.5,37062
2026-08-19T11:25:00+05:30,1550.7,1551.4,1550,1550.1,35650
2026-08-19T11:30:00+05:30,1550.1,1551.7,1547.3,1549.3,47445
2026-08-19T11:35:00+05:30,1549.3,1549.9,1548.5,1548.9,31570
2026-08-19T11:40:00+05:30,1548.7,1549.8,1547.7,1548.6,23128
2026-08-19T11:45:00+05:30,1548.6,1550.9,1548,1549.7,27716
2026-08-19T11:50:00+05:30,1549.7,1552.8,1549,1551.2,26922
2026-08-19T11:55:00+05:30,1551.2,1556,1550.7,1553.6,30400
2026-08-19T12:00:00+05:30,1553.6,1554.8,1552.5,1553,22710
2026-08-19T12:05:00+05:30,1553,1553.9,1552.1,1552.4,17652
2026-08-19T12:10:00+05:30,1552.2,1554.5,1552.2,1554,25287
2026-08-19T12:15:00+05:30,1554,1554.7,1550.2,1552.7,31476
2026-08-19T12:20:00+05:30,1552.7,1552.9,1551.2,1552.2,19440
2026-08-19T12:25:00+05:30,1552.2,1552.6,1550.8,1551.1,20533
2026-08-19T12:30:00+05:30,1551.1,1553,1551.1,1552.1,19457
2026-08-19T12:35:00+05:30,1552.1,1555.9,1552.1,1555.8,20128
2026-08-19T12:40:00+05:30,1555.8,1557.8,1554.7,1556.4,22036
2026-08-19T12:45:00+05:30,1556.4,1557.1,1552.1,1552.4,33002
2026-08-19T12:50:00+05:30,1552.4,1556.1,1552,1552.6,37948
2026-08-19T12:55:00+05:30,1552.6,1553.4,1547.5,1547.5,56365
2026-08-19T13:00:00+05:30,1546.1,1547.6,1543.6,1547.6,72014
2026-08-19T13:05:00+05:30,1547.2,1548.5,1546.3,1546.3,24627
2026-08-19T13:10:00+05:30,1546.3,1546.7,1544.2,1546,32486
2026-08-19T13:15:00+05:30,1546.1,1546.7,1545,1546.6,28490
2026-08-19T13:20:00+05:30,1546.2,1546.9,1545.2,1546,27289
2026-08-19T13:25:00+05:30,1546,1547.3,1545.8,1546.4,17113
2026-08-19T13:30:00+05:30,1546.4,1547.3,1546.4,1546.4,15978
2026-08-19T13:35:00+05:30,1546.4,1546.8,1544,1546.7,26066
2026-08-19T13:40:00+05:30,1546.4,1550,1546.2,1547.8,36164
2026-08-19T13:45:00+05:30,1547.8,1549.4,1545.6,1546.1,20315
2026-08-19T13:50:00+05:30,1545.9,1547.1,1545.4,1546.2,31466
2026-08-19T13:55:00+05:30,1546.1,1546.9,1545.8,1546.4,16121
2026-08-19T14:00:00+05:30,1546.6,1547.7,1546.6,1546.6,19683
2026-08-19T14:05:00+05:30,1546.6,1549.2,1546.6,1549.1,36320
2026-08-19T14:10:00+05:30,1549.1,1550,1548.3,1548.3,27838
2026-08-19T14:15:00+05:30,1548.5,1549.3,1547.1,1547.7,31928
2026-08-19T14:20:00+05:30,1548,1548,1543.2,1543.6,65195
2026-08-19T14:25:00+05:30,1543.7,1549.9,1543.7,1549.9,43431
2026-08-19T14:30:00+05:30,1549.9,1552.3,1548.4,1551.2,58405
2026-08-19T14:35:00+05:30,1551.2,1554.3,1544.5,1545.6,86255
2026-08-19T14:40:00+05:30,1545.6,1546.6,1543,1544,36496
2026-08-19T14:45:00+05:30,1544.6,1544.6,1541.3,1542.4,39210
2026-08-19T14:50:00+05:30,1542.4,1543.6,1541.4,1541.9,36236
2026-08-19T14:55:00+05:30,1541.9,1542.9,1541.6,1542.1,60152
2026-08-19T15:00:00+05:30,1542.3,1543.4,1541.2,1541.5,58486
2026-08-19T15:05:00+05:30,1541.7,1542,1537.3,1542,101146
2026-08-19T15:10:00+05:30,1542.8,1543,1536.5,1538,132144
2026-08-20T09:15:00+05:30,1550,1561,1548.4,1555.6,122573
2026-08-20T09:20:00+05:30,1556.2,1556.3,1546.5,1546.8,85922
2026-08-20T09:25:00+05:30,1547.4,1549.4,1542.8,1548.5,56887
2026-08-20T09:30:00+05:30,1548.5,1552.1,1547.7,1551.2,39238
2026-08-20T09:35:00+05:30,1551.5,1553.2,1551.3,1552.8,37262
2026-08-20T09:40:00+05:30,1553,1553,1549.9,1550.9,42382
2026-08-20T09:45:00+05:30,1550.9,1552.7,1550.9,1551.4,23774
2026-08-20T09:50:00+05:30,1551.3,1551.3,1548.3,1549.8,22924
2026-08-20T09:55:00+05:30,1550,1551.4,1549.1,1549.6,22465
2026-08-20T10:00:00+05:30,1549.6,1550.5,1549.2,1550.3,20802
2026-08-20T10:05:00+05:30,1550.2,1554.7,1546.9,1554.3,36708
2026-08-20T10:10:00+05:30,1555.5,1557,1553.5,1555.6,52441
2026-08-20T10:15:00+05:30,1555.2,1556,1548.4,1548.6,37610
2026-08-20T10:20:00+05:30,1548.6,1550,1548.2,1549.7,28793
2026-08-20T10:25:00+05:30,1549.7,1550.7,1546.3,1546.3,50682
2026-08-20T10:30:00+05:30,1546.3,1549.3,1544.3,1549.3,34231
2026-08-20T10:35:00+05:30,1548.3,1553.4,1548.3,1552.5,37638
2026-08-20T10:40:00+05:30,1552.5,1553,1549.8,1550,47551
2026-08-20T10:45:00+05:30,1550,1552.4,1549.9,1551.4,23317
2026-08-20T10:50:00+05:30,1551.4,1552,1550.5,1550.8,19319
2026-08-20T10:55:00+05:30,1550.8,1551,1547.4,1548.2,24418
2026-08-20T11:00:00+05:30,1548.2,1548.3,1544,1546.1,29725
2026-08-20T11:05:00+05:30,1546.1,1547,1545,1546.1,25158
2026-08-20T11:10:00+05:30,1546.3,1547.1,1543.3,1545.9,31071
2026-08-20T11:15:00+05:30,1546.5,1548.2,1544.9,1544.9,24825
2026-08-20T11:20:00+05:30,1545.4,1546.8,1545,1546.1,28056
2026-08-20T11:25:00+05:30,1546.1,1546.6,1545,1545.4,24223
2026-08-20T11:30:00+05:30,1544.6,1546,1543.5,1546,37060
2026-08-20T11:35:00+05:30,1545.9,1547.2,1545,1545.6,22884
2026-08-20T11:40:00+05:30,1545.6,1545.7,1544.2,1545.4,18416
2026-08-20T11:45:00+05:30,1545.5,1546.4,1544,1546,28562
2026-08-20T11:50:00+05:30,1546,1546.4,1538.6,1541.6,64634
2026-08-20T11:55:00+05:30,1541.6,1544.1,1540.7,1543.6,25154
2026-08-20T12:00:00+05:30,1543.6,1545,1543.3,1544.8,20706
2026-08-20T12:05:00+05:30,1544.8,1545.8,1544,1544.6,18786
2026-08-20T12:10:00+05:30,1544.6,1544.9,1543.6,1543.6,17460
2026-08-20T12:15:00+05:30,1543.6,1545.1,1543.6,1544.5,16761
2026-08-20T12:20:00+05:30,1544.5,1545.6,1544.2,1545.1,18029
2026-08-20T12:25:00+05:30,1545.1,1546.3,1545,1545.5,17396
2026-08-20T12:30:00+05:30,1545.5,1546.3,1545,1545.4,16469
2026-08-20T12:35:00+05:30,1545,1545.7,1543.3,1544.1,22498
2026-08-20T12:40:00+05:30,1544.1,1545.5,1543.5,1545.4,20336
2026-08-20T12:45:00+05:30,1545.4,1546.5,1544.7,1545.7,19929
2026-08-20T12:50:00+05:30,1545.7,1546.6,1544,1544.8,23182
2026-08-20T12:55:00+05:30,1544.8,1544.8,1542.3,1544.1,28360
2026-08-20T13:00:00+05:30,1544.1,1545.3,1543.3,1545,20815
2026-08-20T13:05:00+05:30,1545,1545.6,1544.8,1545.3,18754
2026-08-20T13:10:00+05:30,1545.3,1548,1545.3,1546.1,18602
2026-08-20T13:15:00+05:30,1546.1,1548.8,1546,1547.4,22289
2026-08-20T13:20:00+05:30,1547,1548.9,1546.2,1547.7,22968
2026-08-20T13:25:00+05:30,1547.7,1548,1545.6,1545.6,20648
2026-08-20T13:30:00+05:30,1545.6,1546.2,1545,1546.2,14775
2026-08-20T13:35:00+05:30,1545.8,1546.1,1545.1,1545.3,13328
2026-08-20T13:40:00+05:30,1545.3,1546.1,1545,1545.7,21447
2026-08-20T13:45:00+05:30,1546,1547,1545.7,1546.6,16345
2026-08-20T13:50:00+05:30,1546.6,1548.3,1546.6,1547.6,16742
2026-08-20T13:55:00+05:30,1547.7,1548,1547,1547.9,16591
2026-08-20T14:00:00+05:30,1547.9,1548.4,1546.7,1547.8,21136
2026-08-20T14:05:00+05:30,1547.8,1549.4,1547.6,1549.1,17402
2026-08-20T14:10:00+05:30,1549.1,1550.1,1549,1549.8,25019
2026-08-20T14:15:00+05:30,1549.8,1550.7,1549.7,1550,23403
2026-08-20T14:20:00+05:30,1550,1552,1549.2,1551.8,25961
2026-08-20T14:25:00+05:30,1551.1,1554.2,1551.1,1553.1,45711
2026-08-20T14:30:00+05:30,1553.5,1553.6,1551.7,1552.1,22255
2026-08-20T14:35:00+05:30,1552.2,1552.6,1550,1550.4,27492
2026-08-20T14:40:00+05:30,1550.8,1552.4,1549.3,1552.2,28320
2026-08-20T14:45:00+05:30,1552.7,1552.7,1550.6,1552.3,33847
2026-08-20T14:50:00+05:30,1552.4,1552.4,1550,1551.2,41116
2026-08-20T14:55:00+05:30,1551.2,1551.2,1548.1,1550.2,39696
2026-08-20T15:00:00+05:30,1551.1,1551.4,1550,1550.3,38450
2026-08-20T15:05:00+05:30,1550.3,1550.5,1548.6,1549.4,47031
2026-08-20T15:10:00+05:30,1549.4,1550,1548.1,1549.4,43348
2026-08-21T09:15:00+05:30,1556.9,1559.5,1545,1557.8,111821
2026-08-21T09:20:00+05:30,1557.8,1558.7,1553.4,1555,42449
2026-08-21T09:25:00+05:30,1555.7,1558.6,1551.6,1552.1,52007
2026-08-21T09:30:00+05:30,1551.7,1555.9,1550,1551.1,52483
2026-08-21T09:35:00+05:30,1551.2,1554.1,1550.1,1553.8,34464
2026-08-21T09:40:00+05:30,1553.9,1558.3,1553.8,1553.8,51400
2026-08-21T09:45:00+05:30,1553.8,1553.9,1550.7,1552.3,26429
2026-08-21T09:50:00+05:30,1552.3,1553,1551.3,1552.6,22144
2026-08-21T09:55:00+05:30,1552.6,1555.1,1551.9,1555,29922
2026-08-21T10:00:00+05:30,1555,1558,1553,1557.5,31299
2026-08-21T10:05:00+05:30,1558.9,1559.3,1555.2,1556.8,25646
2026-08-21T10:10:00+05:30,1556.8,1557.4,1555.6,1556.4,21184
2026-08-21T10:15:00+05:30,1556.6,1558.8,1556.4,1557.5,23132
2026-08-21T10:20:00+05:30,1558,1558,1554,1554.2,30655
2026-08-21T10:25:00+05:30,1554.2,1554.2,1552,1554,29603
2026-08-21T10:30:00+05:30,1554,1554,1548.7,1550,47440
2026-08-21T10:35:00+05:30,1550.1,1551.6,1547.5,1549.3,30935
2026-08-21T10:40:00+05:30,1549.3,1549.8,1545,1546.2,38474
2026-08-21T10:45:00+05:30,1546.2,1550.9,1543.5,1549.4,45660
2026-08-21T10:50:00+05:30,1549.4,1553.6,1546.1,1547.1,49680
2026-08-21T10:55:00+05:30,1547.1,1547.9,1538.9,1542.4,54574
2026-08-21T11:00:00+05:30,1542.1,1545.8,1541.1,1543.6,26631
2026-08-21T11:05:00+05:30,1543.6,1546.8,1543,1543.7,29349
2026-08-21T11:10:00+05:30,1543.7,1544.9,1542.1,1543.2,27891
2026-08-21T11:15:00+05:30,1543.2,1544.2,1538.2,1544.2,40131
2026-08-21T11:20:00+05:30,1544.2,1544.4,1542.3,1543.7,21974
2026-08-21T11:25:00+05:30,1543,1544.8,1542.7,1544.1,26222
2026-08-21T11:30:00+05:30,1544.1,1545,1543.2,1544.9,21885
2026-08-21T11:35:00+05:30,1544.9,1545.1,1543.3,1543.6,20764
2026-08-21T11:40:00+05:30,1543.9,1544.4,1542.1,1542.8,16973
2026-08-21T11:45:00+05:30,1542.8,1542.9,1541.6,1542.4,19208
2026-08-21T11:50:00+05:30,1542.4,1543.7,1541,1543.6,20775
2026-08-21T11:55:00+05:30,1543.6,1543.9,1542.5,1543,16232
2026-08-21T12:00:00+05:30,1543,1545.2,1542,1544.1,18631
2026-08-21T12:05:00+05:30,1544.1,1544.9,1542.3,1543.2,15736
2026-08-21T12:10:00+05:30,1543.2,1543.8,1542.6,1542.8,18786
2026-08-21T12:15:00+05:30,1542.8,1544,1542.8,1543.7,14750
2026-08-21T12:20:00+05:30,1543.7,1544,1542,1543.5,17849
2026-08-21T12:25:00+05:30,1543.5,1544.5,1543,1543.7,16256
2026-08-21T12:30:00+05:30,1543.7,1544.1,1542,1543.4,21340
2026-08-21T12:35:00+05:30,1543.4,1544,1542.5,1543.5,16998
2026-08-21T12:40:00+05:30,1543.5,1543.6,1542.4,1543.1,16019
2026-08-21T12:45:00+05:30,1543.1,1545,1543,1543.4,23160
2026-08-21T12:50:00+05:30,1543.4,1544.5,1543.3,1544.1,15535
2026-08-21T12:55:00+05:30,1544.1,1544.6,1543,1544.1,16527
2026-08-21T13:00:00+05:30,1543.9,1545.2,1543,1544.4,21311
2026-08-21T13:05:00+05:30,1544.9,1545.4,1540.2,1540.2,40761
2026-08-21T13:10:00+05:30,1540,1540,1534.2,1535.8,66042
2026-08-21T13:15:00+05:30,1535.7,1536.4,1529.4,1533.7,50934
2026-08-21T13:20:00+05:30,1533.7,1534.3,1530.5,1532.3,27453
2026-08-21T13:25:00+05:30,1532.3,1533.6,1530.7,1531,20776
2026-08-21T13:30:00+05:30,1531,1532,1527.3,1531.5,41770
2026-08-21T13:35:00+05:30,1531.5,1532.9,1529.4,1529.6,20666
2026-08-21T13:40:00+05:30,1529.6,1530.9,1529,1530.9,19105
2026-08-21T13:45:00+05:30,1530.9,1535.8,1530,1534.9,27492
2026-08-21T13:50:00+05:30,1534.9,1538.5,1534,1537.1,31517
2026-08-21T13:55:00+05:30,1537.1,1537.8,1534.1,1534.3,33379
2026-08-21T14:00:00+05:30,1534.3,1538.3,1534.3,1538.3,35916
2026-08-21T14:05:00+05:30,1538.2,1539,1534.3,1534.8,57137
2026-08-21T14:10:00+05:30,1534.8,1534.8,1532.5,1533.3,20721
2026-08-21T14:15:00+05:30,1533,1533.9,1533,1533.3,19734
2026-08-21T14:20:00+05:30,1533.3,1534,1532.3,1533.6,20136
2026-08-21T14:25:00+05:30,1533.6,1536.4,1533.6,1536.3,22952
2026-08-21T14:30:00+05:30,1536.3,1537.8,1535.7,1537,28723
2026-08-21T14:35:00+05:30,1537.1,1537.7,1535.2,1537.3,31566
2026-08-21T14:40:00+05:30,1537.5,1538.9,1535.3,1535.8,27739
2026-08-21T14:45:00+05:30,1536.2,1538.9,1535.7,1537.2,25021
2026-08-21T14:50:00+05:30,1537.5,1538,1535.2,1535.3,28030
2026-08-21T14:55:00+05:30,1535.3,1535.5,1533.5,1533.6,36914
2026-08-21T15:00:00+05:30,1533.1,1536,1533,1533.5,64181
2026-08-21T15:05:00+05:30,1533.2,1533.4,1530.1,1531.3,60351
2026-08-21T15:10:00+05:30,1531,1533,1528.1,1533,72496
2026-08-24T09:15:00+05:30,1543.9,1543.9,1527,1537.4,80986
2026-08-24T09:20:00+05:30,1538.1,1548,1537.1,1544.3,45516
2026-08-24T09:25:00+05:30,1544.5,1549,1543.3,1545,32719
2026-08-24T09:30:00+05:30,1545,1546,1541.7,1545.8,21850
2026-08-24T09:35:00+05:30,1545.8,1548.4,1542.6,1547.5,28088
2026-08-24T09:40:00+05:30,1547.5,1548.3,1545.3,1546.8,36358
2026-08-24T09:45:00+05:30,1546.8,1556.1,1546.8,1555.3,52666
2026-08-24T09:50:00+05:30,1554.9,1561.2,1554.9,1557.6,69837
2026-08-24T09:55:00+05:30,1557.7,1559.5,1555.6,1557.3,22269
2026-08-24T10:00:00+05:30,1557,1558.5,1555,1555.6,16558
2026-08-24T10:05:00+05:30,1555.6,1556.6,1552,1552.7,27592
2026-08-24T10:10:00+05:30,1552.7,1553.1,1550.1,1552.2,34532
2026-08-24T10:15:00+05:30,1552.2,1556.6,1552.2,1556.5,24834
2026-08-24T10:20:00+05:30,1556.3,1560,1556.2,1559,48712
2026-08-24T10:25:00+05:30,1558.7,1559.8,1554.7,1555.2,28512
2026-08-24T10:30:00+05:30,1555.2,1558.8,1554.2,1555.8,28471
2026-08-24T10:35:00+05:30,1556.2,1557.3,1555.4,1556.4,22879
2026-08-24T10:40:00+05:30,1556.6,1559.6,1556.4,1558.3,20803
2026-08-24T10:45:00+05:30,1558.9,1562,1558,1558.7,38600
2026-08-24T10:50:00+05:30,1559.3,1559.3,1556.7,1557.4,18900
2026-08-24T10:55:00+05:30,1557.4,1558.7,1556,1556.1,18644
2026-08-24T11:00:00+05:30,1555.5,1559,1555.5,1556.2,16461
2026-08-24T11:05:00+05:30,1556.2,1558.8,1555.7,1558.3,18174
2026-08-24T11:10:00+05:30,1558.1,1558.4,1547.9,1547.9,37552
2026-08-24T11:15:00+05:30,1548.2,1552,1547.9,1551.2,23475
2026-08-24T11:20:00+05:30,1550,1551.1,1548,1549.1,19413
2026-08-24T11:25:00+05:30,1549.1,1550.5,1547.5,1550.3,26016
2026-08-24T11:30:00+05:30,1549.8,1550.1,1545.2,1547.7,23165
2026-08-24T11:35:00+05:30,1546.8,1549.3,1546.8,1548.6,25272
2026-08-24T11:40:00+05:30,1548.6,1550.2,1547.1,1547.1,13865
2026-08-24T11:45:00+05:30,1547.1,1549.6,1547.1,1548.9,15306
2026-08-24T11:50:00+05:30,1548.9,1549.7,1547.6,1547.8,14872
2026-08-24T11:55:00+05:30,1547.8,1550.2,1547,1548.3,15837
2026-08-24T12:00:00+05:30,1548.8,1550.4,1548.3,1550.2,9801
2026-08-24T12:05:00+05:30,1550.2,1552.4,1549.4,1551.5,8536
2026-08-24T12:10:00+05:30,1551.2,1552.2,1549.8,1550.5,10122
2026-08-24T12:15:00+05:30,1550.5,1550.5,1548.1,1548.7,10907
2026-08-24T12:20:00+05:30,1548.7,1553.2,1548.7,1552,11176
2026-08-24T12:25:00+05:30,1552,1554.1,1551.9,1553.2,7220
2026-08-24T12:30:00+05:30,1553.2,1554.9,1552.9,1554.2,7872
2026-08-24T12:35:00+05:30,1554.2,1555.7,1553.3,1554.2,9990
2026-08-24T12:40:00+05:30,1554.4,1554.5,1553.1,1553.9,7098
2026-08-24T12:45:00+05:30,1554.1,1555,1553.3,1554.5,10646
2026-08-24T12:50:00+05:30,1554.5,1554.9,1553.7,1554.5,7026
2026-08-24T12:55:00+05:30,1554.5,1557.7,1553.7,1556,13839
2026-08-24T13:00:00+05:30,1556,1557.3,1555.3,1556.6,14740
2026-08-24T13:05:00+05:30,1556.6,1557.2,1555.7,1557,13600
2026-08-24T13:10:00+05:30,1556.9,1557.8,1556.2,1557.2,12372
2026-08-24T13:15:00+05:30,1557,1559.9,1555.9,1559.9,54942
2026-08-24T13:20:00+05:30,1557.9,1560.2,1556.4,1557,24643
2026-08-24T13:25:00+05:30,1556.6,1559.7,1556.6,1559.5,13378
2026-08-24T13:30:00+05:30,1559.9,1559.9,1558.3,1558.9,16876
2026-08-24T13:35:00+05:30,1558.9,1559.7,1557.9,1559.5,6773
2026-08-24T13:40:00+05:30,1559.3,1560.3,1558.2,1559.5,22629
2026-08-24T13:45:00+05:30,1559.5,1560.4,1558.8,1559.1,11925
2026-08-24T13:50:00+05:30,1559.1,1559.5,1555.6,1556.2,14943
2026-08-24T13:55:00+05:30,1555.9,1558.3,1555.6,1558.1,11837
2026-08-24T14:00:00+05:30,1558.1,1559.7,1557.4,1558.9,14434
2026-08-24T14:05:00+05:30,1558.9,1559.4,1556.9,1557.8,14060
2026-08-24T14:10:00+05:30,1557.8,1558.3,1555.1,1555.3,16943
2026-08-24T14:15:00+05:30,1555.3,1556.4,1554.2,1556.3,10739
2026-08-24T14:20:00+05:30,1555.8,1556.7,1554.4,1554.8,11582
2026-08-24T14:25:00+05:30,1554.8,1557.4,1554.8,1556.6,11215
2026-08-24T14:30:00+05:30,1556.7,1559.5,1556.6,1559.1,20165
2026-08-24T14:35:00+05:30,1559.2,1560,1559.2,1560,11305
2026-08-24T14:40:00+05:30,1560,1560,1559.2,1559.6,13136
2026-08-24T14:45:00+05:30,1559.7,1560.9,1559.4,1560.3,18204
2026-08-24T14:50:00+05:30,1560.2,1560.8,1557,1557.1,22720
2026-08-24T14:55:00+05:30,1557.1,1558,1555.1,1555.9,34233
2026-08-24T15:00:00+05:30,1555.9,1558,1554.1,1554.5,70193
2026-08-24T15:05:00+05:30,1554.5,1555,1553.5,1554.2,49557
2026-08-24T15:10:00+05:30,1554.5,1557,1550.5,1556.9,80214
2026-08-25T09:15:00+05:30,1554.9,1554.9,1532,1541.4,58224
2026-08-25T09:20:00+05:30,1540.2,1543.8,1539.1,1542.8,26378
2026-08-25T09:25:00+05:30,1542.9,1546.8,1540,1544.1,70417
2026-08-25T09:30:00+05:30,1543.4,1544.5,1541.5,1542.1,19524
2026-08-25T09:35:00+05:30,1542.1,1546.9,1542.1,1544.2,61464
2026-08-25T09:40:00+05:30,1544.2,1545.4,1542.9,1543,10807
2026-08-25T09:45:00+05:30,1543,1546.8,1542.8,1542.9,38883
2026-08-25T09:50:00+05:30,1542.9,1543.3,1541,1541.6,19911
2026-08-25T09:55:00+05:30,1541.6,1542.9,1539.3,1539.5,19347
2026-08-25T10:00:00+05:30,1539.5,1540.7,1536.3,1536.5,26533
2026-08-25T10:05:00+05:30,1535.5,1537,1535,1536.2,30399
2026-08-25T10:10:00+05:30,1536.2,1537.3,1536.2,1537.2,9152
2026-08-25T10:15:00+05:30,1537.2,1538.5,1536,1536.3,25551
2026-08-25T10:20:00+05:30,1536.3,1538.2,1536.3,1538,17483
2026-08-25T10:25:00+05:30,1538.1,1543.6,1537.4,1543.6,27389
2026-08-25T10:30:00+05:30,1543.6,1545.5,1541.8,1542.3,17976
2026-08-25T10:35:00+05:30,1542.3,1544.9,1542.3,1544.7,10561
2026-08-25T10:40:00+05:30,1544.7,1544.7,1541.7,1542.2,11960
2026-08-25T10:45:00+05:30,1542.2,1543.6,1541,1543.6,17835
2026-08-25T10:50:00+05:30,1543.2,1544.3,1542.4,1543.7,10054
2026-08-25T10:55:00+05:30,1543.9,1553.4,1543.7,1550.4,73175
2026-08-25T11:00:00+05:30,1550.8,1557.7,1550.5,1554.5,50147
2026-08-25T11:05:00+05:30,1554.7,1559.4,1554.1,1557.5,25892
2026-08-25T11:10:00+05:30,1557.6,1558.7,1556.1,1556.9,28154
2026-08-25T11:15:00+05:30,1556.9,1559.6,1556.9,1558.2,20777
2026-08-25T11:20:00+05:30,1558.2,1565,1555.3,1563.9,52017
2026-08-25T11:25:00+05:30,1563.9,1564.9,1559.5,1561.2,58484
2026-08-25T11:30:00+05:30,1561.2,1562.4,1560.1,1560.5,15516
2026-08-25T11:35:00+05:30,1560.5,1561.3,1558.9,1560.7,17003
2026-08-25T11:40:00+05:30,1560.7,1560.9,1556.8,1558,23149
2026-08-25T11:45:00+05:30,1558,1559,1556.6,1558.4,13455
2026-08-25T11:50:00+05:30,1558.4,1560.6,1557.4,1560.1,28569
2026-08-25T11:55:00+05:30,1560.1,1563,1560.1,1561.5,8575
2026-08-25T12:00:00+05:30,1561.5,1562.1,1560.7,1561.7,10396
2026-08-25T12:05:00+05:30,1561.7,1563.1,1561.5,1562.7,4716
2026-08-25T12:10:00+05:30,1562.7,1563.3,1561.8,1563.2,9381
2026-08-25T12:15:00+05:30,1563.2,1564.7,1562.3,1563.5,16580
2026-08-25T12:20:00+05:30,1563.5,1564,1562.1,1563.5,9744
2026-08-25T12:25:00+05:30,1563.5,1567.6,1563.4,1566.3,48615
2026-08-25T12:30:00+05:30,1566.3,1567.9,1563.1,1563.9,28563
2026-08-25T12:35:00+05:30,1563.9,1566.6,1563.8,1565.7,16771
2026-08-25T12:40:00+05:30,1565.7,1565.7,1563.6,1564.2,14987
2026-08-25T12:45:00+05:30,1564.2,1571,1564.2,1569.2,19550
2026-08-25T12:50:00+05:30,1569.2,1574,1569.1,1572.6,32237
2026-08-25T12:55:00+05:30,1572.6,1576.2,1572.5,1575,18200
2026-08-25T13:00:00+05:30,1575,1576.1,1569.4,1572.2,41820
2026-08-25T13:05:00+05:30,1571.6,1573.1,1570.1,1571.4,6278
2026-08-25T13:10:00+05:30,1571.4,1573,1571,1571.7,6712
2026-08-25T13:15:00+05:30,1571.9,1573,1571.7,1572.6,8428
2026-08-25T13:20:00+05:30,1572.6,1573.7,1570.7,1571.2,10583
2026-08-25T13:25:00+05:30,1571.2,1572.2,1571.2,1571.8,5856
2026-08-25T13:30:00+05:30,1572.2,1572.5,1571.6,1571.6,13182
2026-08-25T13:35:00+05:30,1571.6,1573,1571.6,1572.7,8969
2026-08-25T13:40:00+05:30,1573,1573,1571.6,1572.2,7637
2026-08-25T13:45:00+05:30,1572.2,1574.4,1572.2,1573.2,17323
2026-08-25T13:50:00+05:30,1573.2,1574.2,1571,1573.4,24709
2026-08-25T13:55:00+05:30,1573.4,1573.9,1571,1573.7,19728
2026-08-25T14:00:00+05:30,1574.2,1574.7,1571.2,1572,24964
2026-08-25T14:05:00+05:30,1572,1573,1571.8,1573,9733
2026-08-25T14:10:00+05:30,1573,1573.2,1569.1,1569.1,34738
2026-08-25T14:15:00+05:30,1570,1571.2,1568.4,1570.4,15378
2026-08-25T14:20:00+05:30,1570.4,1575,1569.5,1574.3,35542
2026-08-25T14:25:00+05:30,1574.3,1574.8,1571.8,1572.3,17848
2026-08-25T14:30:00+05:30,1572.8,1573.5,1571.5,1572.4,21135
2026-08-25T14:35:00+05:30,1572.4,1573.6,1571.6,1573,15072
2026-08-25T14:40:00+05:30,1573.5,1574,1573,1573.9,14289
2026-08-25T14:45:00+05:30,1573.9,1576.9,1573.6,1573.8,44665
2026-08-25T14:50:00+05:30,1573.8,1575,1573.2,1574.6,29224
2026-08-25T14:55:00+05:30,1575.1,1577.5,1574.2,1574.9,136301
2026-08-25T15:00:00+05:30,1575,1575.5,1573.5,1574.9,79675
2026-08-25T15:05:00+05:30,1574.9,1586,1573.6,1585.4,125846
2026-08-25T15:10:00+05:30,1586,1588,1583,1584.9,56601
2026-08-26T09:15:00+05:30,1617,1617,1588.8,1591.7,212713
2026-08-26T09:20:00+05:30,1590.3,1600,1588.9,1597.9,66305
2026-08-26T09:25:00+05:30,1598.3,1602,1595.4,1601,44039
2026-08-26T09:30:00+05:30,1600.8,1606.7,1598.7,1606.7,56161
2026-08-26T09:35:00+05:30,1606.3,1624,1606.1,1623.3,164431
2026-08-26T09:40:00+05:30,1623.4,1627,1620.6,1626.7,132524
2026-08-26T09:45:00+05:30,1627,1628.9,1625,1626.2,89816
2026-08-26T09:50:00+05:30,1626.2,1637,1626.2,1630.3,173868
2026-08-26T09:55:00+05:30,1630.3,1630.6,1613.4,1620.4,147107
2026-08-26T10:00:00+05:30,1620.4,1620.9,1615.3,1617.5,62797
2026-08-26T10:05:00+05:30,1617.9,1618.1,1613,1615.3,73834
2026-08-26T10:10:00+05:30,1615,1616.5,1613.5,1615.2,40668
2026-08-26T10:15:00+05:30,1615.2,1615.2,1608.6,1611.1,62746
2026-08-26T10:20:00+05:30,1611.1,1613.8,1606.6,1612.8,69337
2026-08-26T10:25:00+05:30,1612.8,1613.2,1609,1609.7,45400
2026-08-26T10:30:00+05:30,1609,1609.8,1606.5,1607.5,49418
2026-08-26T10:35:00+05:30,1607.7,1608.4,1606,1606.2,45106
2026-08-26T10:40:00+05:30,1606.3,1610.4,1605.7,1610,60357
2026-08-26T10:45:00+05:30,1610,1610.7,1608,1609.6,41151
2026-08-26T10:50:00+05:30,1609.8,1610.6,1608.5,1609,31731
2026-08-26T10:55:00+05:30,1608.9,1609.8,1607,1609.8,35369
2026-08-26T11:00:00+05:30,1609.8,1610.4,1606.6,1606.6,40019
2026-08-26T11:05:00+05:30,1606.6,1608.1,1605.3,1606.2,32559
2026-08-26T11:10:00+05:30,1606.2,1607,1605,1605.6,32204
2026-08-26T11:15:00+05:30,1605.6,1606.7,1602.8,1606.2,41156
2026-08-26T11:20:00+05:30,1606.2,1606.7,1605,1606.2,29426
2026-08-26T11:25:00+05:30,1606.2,1608,1605.3,1607.3,32401
2026-08-26T11:30:00+05:30,1607.6,1608.2,1605,1606.6,33889
2026-08-26T11:35:00+05:30,1606.5,1607.8,1606.4,1606.8,25657
2026-08-26T11:40:00+05:30,1606.9,1608.1,1606.9,1608,26355
2026-08-26T11:45:00+05:30,1608,1608.3,1605.3,1606.4,31764
2026-08-26T11:50:00+05:30,1606.4,1607.1,1603.8,1605.1,34421
2026-08-26T11:55:00+05:30,1605.1,1605.1,1602.1,1602.8,32025
2026-08-26T12:00:00+05:30,1602.8,1602.9,1598,1598.5,38199
2026-08-26T12:05:00+05:30,1598.4,1601.2,1597.3,1599.8,35623
2026-08-26T12:10:00+05:30,1599.8,1602.4,1599.6,1602.3,31692
2026-08-26T12:15:00+05:30,1602.6,1603.6,1602.1,1603.5,29142
2026-08-26T12:20:00+05:30,1603.5,1603.5,1600.8,1601.5,30168
2026-08-26T12:25:00+05:30,1601.5,1601.6,1600,1600.4,20322
2026-08-26T12:30:00+05:30,1600.4,1600.7,1600,1600.3,27273
2026-08-26T12:35:00+05:30,1600.3,1601.1,1597.7,1600.6,33276
2026-08-26T12:40:00+05:30,1600.6,1603,1600.3,1603,18333
2026-08-26T12:45:00+05:30,1603,1606.5,1602.9,1603.2,38867
2026-08-26T12:50:00+05:30,1603.2,1604.3,1603.1,1603.5,20206
2026-08-26T12:55:00+05:30,1603.5,1603.6,1601,1602,23654
2026-08-26T13:00:00+05:30,1602,1602,1598.4,1600.7,26052
2026-08-26T13:05:00+05:30,1600.7,1602,1600.7,1601.2,14144
2026-08-26T13:10:00+05:30,1601.2,1601.8,1599.4,1600,19433
2026-08-26T13:15:00+05:30,1600,1600.3,1598.5,1600.3,19928
2026-08-26T13:20:00+05:30,1600.3,1600.3,1598.6,1598.8,19440
2026-08-26T13:25:00+05:30,1598.8,1598.9,1591.3,1593.9,56309
2026-08-26T13:30:00+05:30,1593.9,1594.2,1592.4,1593.1,23836
2026-08-26T13:35:00+05:30,1593.1,1594.5,1591.2,1594.5,26243
2026-08-26T13:40:00+05:30,1594.5,1594.5,1590.1,1590.9,31170
2026-08-26T13:45:00+05:30,1590.9,1592,1590.4,1591.6,19764
2026-08-26T13:50:00+05:30,1591.6,1593.6,1591.6,1592.8,23071
2026-08-26T13:55:00+05:30,1592.8,1592.8,1591,1591.9,13046
2026-08-26T14:00:00+05:30,1591.9,1593.1,1591,1593,26002
2026-08-26T14:05:00+05:30,1592.3,1592.3,1585.2,1588,74181
2026-08-26T14:10:00+05:30,1587.6,1589,1584.7,1587.8,49761
2026-08-26T14:15:00+05:30,1588,1588.7,1586.4,1586.9,32266
2026-08-26T14:20:00+05:30,1586.9,1589.3,1586.9,1588,24839
2026-08-26T14:25:00+05:30,1588,1589.6,1586.5,1589.5,26537
2026-08-26T14:30:00+05:30,1589.5,1593.4,1589.1,1592.3,43410
2026-08-26T14:35:00+05:30,1592.3,1593,1591.2,1591.2,24824
2026-08-26T14:40:00+05:30,1591.6,1593.2,1591.1,1592.8,22613
2026-08-26T14:45:00+05:30,1592.9,1594.6,1592.4,1593.5,60147
2026-08-26T14:50:00+05:30,1593.5,1595.5,1592.6,1594.5,132359
2026-08-26T14:55:00+05:30,1594.5,1594.5,1589.2,1589.8,67902
2026-08-26T15:00:00+05:30,1589.7,1589.7,1585.4,1586.1,83044
2026-08-26T15:05:00+05:30,1586.2,1586.8,1586,1586.6,117853
2026-08-26T15:10:00+05:30,1586.6,1591.8,1582,1583.7,131565
2026-08-27T09:15:00+05:30,1590,1606.8,1581.9,1602.7,250601
2026-08-27T09:20:00+05:30,1605,1607.9,1601.8,1604.8,94811
2026-08-27T09:25:00+05:30,1602.8,1607.5,1598.9,1601.7,111793
2026-08-27T09:30:00+05:30,1602.2,1608.5,1595,1595,102160
2026-08-27T09:35:00+05:30,1595,1606,1593.1,1604.9,72253
2026-08-27T09:40:00+05:30,1605.2,1612,1605,1607.7,169460
2026-08-27T09:45:00+05:30,1607.7,1608,1600.2,1603,75249
2026-08-27T09:50:00+05:30,1603,1604.6,1598.9,1601.6,89053
2026-08-27T09:55:00+05:30,1601.6,1602.2,1596.9,1597.4,61536
2026-08-27T10:00:00+05:30,1597.4,1599.9,1597,1599.5,46805
2026-08-27T10:05:00+05:30,1599.8,1600,1590.9,1593.3,97347
2026-08-27T10:10:00+05:30,1593.1,1596.3,1593,1595.6,39114
2026-08-27T10:15:00+05:30,1595.1,1599.3,1593.4,1598.4,54609
2026-08-27T10:20:00+05:30,1599.4,1601,1595.9,1597.3,59365
2026-08-27T10:25:00+05:30,1596.7,1598.5,1593.8,1593.8,52306
2026-08-27T10:30:00+05:30,1594.3,1600.3,1593.8,1599.8,43969
2026-08-27T10:35:00+05:30,1599.8,1601.2,1597.5,1599.4,58840
2026-08-27T10:40:00+05:30,1599.5,1602.5,1599.4,1601.5,38892
2026-08-27T10:45:00+05:30,1601.5,1604.2,1600.9,1603.3,67550
2026-08-27T10:50:00+05:30,1603.3,1604,1601.3,1603.7,44660
2026-08-27T10:55:00+05:30,1603.7,1604,1598.7,1600.4,53307
2026-08-27T11:00:00+05:30,1600.4,1604,1600,1603.3,43023
2026-08-27T11:05:00+05:30,1603.3,1606.9,1601.6,1605.3,50235
2026-08-27T11:10:00+05:30,1605.5,1606.7,1603.7,1605.7,50602
2026-08-27T11:15:00+05:30,1605.8,1606.9,1604.9,1605.2,49367
2026-08-27T11:20:00+05:30,1605.2,1607,1604.4,1607,41926
2026-08-27T11:25:00+05:30,1606.3,1606.6,1603.9,1605.8,38897
2026-08-27T11:30:00+05:30,1606,1607,1604.8,1606.4,36777
2026-08-27T11:35:00+05:30,1605.9,1610,1605.3,1609.4,52319
2026-08-27T11:40:00+05:30,1609.5,1609.9,1607.8,1609.9,41053
2026-08-27T11:45:00+05:30,1609.8,1611,1608.2,1608.3,59156
2026-08-27T11:50:00+05:30,1608.3,1611,1607.9,1610.7,41002
2026-08-27T11:55:00+05:30,1610.7,1611.9,1609.2,1611.8,43438
2026-08-27T12:00:00+05:30,1611.7,1617.4,1611,1615.1,86176
2026-08-27T12:05:00+05:30,1615.1,1617.4,1608.5,1610.7,68336
2026-08-27T12:10:00+05:30,1610.7,1613,1610.5,1611.5,42277
2026-08-27T12:15:00+05:30,1611.8,1612.7,1609.7,1610.8,38643
2026-08-27T12:20:00+05:30,1610.8,1611.7,1610.5,1610.8,28195
2026-08-27T12:25:00+05:30,1610.8,1614,1610.8,1611.9,39634
2026-08-27T12:30:00+05:30,1611.9,1612.9,1610.7,1610.9,37437
2026-08-27T12:35:00+05:30,1610.9,1611.9,1609.6,1610.9,31633
2026-08-27T12:40:00+05:30,1611,1611.6,1610.4,1610.9,23000
2026-08-27T12:45:00+05:30,1611,1612,1610.7,1612,27105
2026-08-27T12:50:00+05:30,1612,1615,1611.9,1614.5,40541
2026-08-27T12:55:00+05:30,1614.5,1615,1612.9,1613.5,31923
2026-08-27T13:00:00+05:30,1613.7,1613.7,1609,1611.6,57908
2026-08-27T13:05:00+05:30,1611.6,1612.2,1609.2,1611.3,40207
2026-08-27T13:10:00+05:30,1611.3,1612.3,1610.8,1612.3,32478
2026-08-27T13:15:00+05:30,1612.3,1612.3,1609.8,1611.8,53716
2026-08-27T13:20:00+05:30,1611.8,1612.5,1611.1,1612,40960
2026-08-27T13:25:00+05:30,1612,1612.6,1610.2,1611.7,48019
2026-08-27T13:30:00+05:30,1611.7,1611.7,1606.4,1608.8,70983
2026-08-27T13:35:00+05:30,1608.8,1609.1,1607.2,1609.1,33065
2026-08-27T13:40:00+05:30,1609.1,1610,1604.6,1605.2,70179
2026-08-27T13:45:00+05:30,1605,1605.8,1603.3,1604.8,51518
2026-08-27T13:50:00+05:30,1604.8,1605.7,1603.9,1604.9,37376
2026-08-27T13:55:00+05:30,1605,1608,1604.7,1606.6,50516
2026-08-27T14:00:00+05:30,1606.6,1606.7,1604.3,1605.5,39368
2026-08-27T14:05:00+05:30,1605.6,1606.2,1604.5,1604.9,53826
2026-08-27T14:10:00+05:30,1604.7,1606,1602.5,1603.1,50246
2026-08-27T14:15:00+05:30,1603.1,1603.2,1599.5,1600.8,78988
2026-08-27T14:20:00+05:30,1600.9,1601.4,1600,1600.8,43974
2026-08-27T14:25:00+05:30,1601.3,1601.3,1600.4,1600.5,43446
2026-08-27T14:30:00+05:30,1600.6,1601.8,1600.5,1601.5,36867
2026-08-27T14:35:00+05:30,1601.4,1607,1601.4,1606.4,47700
2026-08-27T14:40:00+05:30,1606.4,1609,1605.5,1605.6,58046
2026-08-27T14:45:00+05:30,1605.7,1609.8,1605.3,1609.5,36829
2026-08-27T14:50:00+05:30,1609.6,1609.6,1608.1,1609.6,89182
2026-08-27T14:55:00+05:30,1609.5,1610.5,1608.6,1610.5,89268
2026-08-27T15:00:00+05:30,1610.3,1614,1609.9,1612,126601
2026-08-27T15:05:00+05:30,1611.8,1613.9,1611.5,1613,156517
2026-08-27T15:10:00+05:30,1613.1,1617.7,1608,1613.1,173504
2026-08-28T09:15:00+05:30,1610,1611.9,1588,1593.5,116314
2026-08-28T09:20:00+05:30,1592.8,1595,1585.7,1589.2,63718
2026-08-28T09:25:00+05:30,1589.2,1595.2,1589,1594.6,63880
2026-08-28T09:30:00+05:30,1592,1593,1585.2,1585.9,57419
2026-08-28T09:35:00+05:30,1585.9,1586.1,1582.2,1583.4,46697
2026-08-28T09:40:00+05:30,1583.5,1589,1583,1583.9,28350
2026-08-28T09:45:00+05:30,1583.5,1583.9,1581.9,1582.1,35504
2026-08-28T09:50:00+05:30,1583.3,1585.3,1582.4,1585,22640
2026-08-28T09:55:00+05:30,1584.7,1585.4,1582.5,1584.9,17493
2026-08-28T10:00:00+05:30,1584.9,1585.3,1582.1,1583.4,15220
2026-08-28T10:05:00+05:30,1583.4,1586.5,1582.9,1585.8,22638
2026-08-28T10:10:00+05:30,1586,1587.8,1584.5,1587.4,22954
2026-08-28T10:15:00+05:30,1587.1,1589.5,1586.7,1587.7,21789
2026-08-28T10:20:00+05:30,1586.9,1588.1,1586.2,1586.4,11106
2026-08-28T10:25:00+05:30,1587,1587.7,1585.1,1585.6,13704
2026-08-28T10:30:00+05:30,1585.6,1585.9,1583,1584.8,19041
2026-08-28T10:35:00+05:30,1584.8,1585,1583,1584,12256
2026-08-28T10:40:00+05:30,1584,1584.6,1583,1583,8503
2026-08-28T10:45:00+05:30,1583.1,1586.8,1583,1586.2,22849
2026-08-28T10:50:00+05:30,1586.2,1589,1585.1,1587.7,17142
2026-08-28T10:55:00+05:30,1587.7,1587.7,1584.4,1584.4,15556
2026-08-28T11:00:00+05:30,1584.3,1585.9,1584.3,1585.6,6302
2026-08-28T11:05:00+05:30,1586.4,1587.4,1584.9,1585.8,7149
2026-08-28T11:10:00+05:30,1585.6,1587.8,1585.6,1587.2,8231
2026-08-28T11:15:00+05:30,1587.3,1587.6,1585.5,1586.1,15079
2026-08-28T11:20:00+05:30,1586.5,1587.1,1580,1581,33497
2026-08-28T11:25:00+05:30,1581,1581.6,1578.5,1579.6,33903
2026-08-28T11:30:00+05:30,1579.6,1581.2,1578.1,1579.6,23274
2026-08-28T11:35:00+05:30,1579.4,1580.6,1577,1579.2,13455
2026-08-28T11:40:00+05:30,1579.2,1579.7,1578.2,1578.3,9244
2026-08-28T11:45:00+05:30,1578.8,1578.8,1576.8,1577.9,13609
2026-08-28T11:50:00+05:30,1577.8,1579.3,1575.9,1575.9,14960
2026-08-28T11:55:00+05:30,1575.6,1577.1,1572.1,1574.2,32879
2026-08-28T12:00:00+05:30,1574.2,1574.2,1571,1574.2,29520
2026-08-28T12:05:00+05:30,1574.2,1575,1572,1572,16533
2026-08-28T12:10:00+05:30,1571.8,1574.7,1570.2,1572.7,18309
2026-08-28T12:15:00+05:30,1572.6,1574.1,1571.5,1573.5,7382
2026-08-28T12:20:00+05:30,1574,1574,1572.6,1574,8126
2026-08-28T12:25:00+05:30,1574,1575,1572.4,1574.7,13597
2026-08-28T12:30:00+05:30,1574.7,1577.3,1574.3,1575.4,17155
2026-08-28T12:35:00+05:30,1575.4,1575.7,1573,1575,4118
2026-08-28T12:40:00+05:30,1575,1575.5,1572.1,1572.9,7557
2026-08-28T12:45:00+05:30,1572.9,1575,1566.9,1571.4,43789
2026-08-28T12:50:00+05:30,1571.4,1571.7,1568.6,1569.7,21518
2026-08-28T12:55:00+05:30,1569.7,1572.5,1569,1572.1,6837
2026-08-28T13:00:00+05:30,1572.1,1574,1571.8,1573.2,10082
2026-08-28T13:05:00+05:30,1573,1574.1,1572.2,1573.7,13227
2026-08-28T13:10:00+05:30,1573.7,1574.5,1572,1574,9114
2026-08-28T13:15:00+05:30,1574.1,1574.1,1570.7,1572.5,14533
2026-08-28T13:20:00+05:30,1572.5,1575,1571.1,1574.7,14388
2026-08-28T13:25:00+05:30,1574.7,1578,1574.6,1577.1,41017
2026-08-28T13:30:00+05:30,1577.1,1577.5,1575.2,1575.8,17565
2026-08-28T13:35:00+05:30,1575.8,1577.6,1575,1576.1,11363
2026-08-28T13:40:00+05:30,1576.1,1576.7,1575,1575,5462
2026-08-28T13:45:00+05:30,1575,1575.9,1573.8,1574.3,8929
2026-08-28T13:50:00+05:30,1575,1575.2,1573.1,1574.3,13440
2026-08-28T13:55:00+05:30,1574.3,1575.2,1573.1,1574,7364
2026-08-28T14:00:00+05:30,1574,1574.2,1572,1572.5,6781
2026-08-28T14:05:00+05:30,1572.8,1572.8,1571.7,1572.5,6926
2026-08-28T14:10:00+05:30,1572.5,1573.6,1571.9,1572.2,9826
2026-08-28T14:15:00+05:30,1572.1,1573.2,1571.3,1572.1,13181
2026-08-28T14:20:00+05:30,1572.1,1572.8,1571.4,1571.8,10264
2026-08-28T14:25:00+05:30,1572,1572.8,1571.8,1572.7,5073
2026-08-28T14:30:00+05:30,1572.7,1574.8,1572,1574.4,10747
2026-08-28T14:35:00+05:30,1574.8,1576,1573.7,1574.1,15592
2026-08-28T14:40:00+05:30,1574.5,1575.4,1573.5,1573.8,12300
2026-08-28T14:45:00+05:30,1573.6,1573.9,1571.1,1573.9,24003
2026-08-28T14:50:00+05:30,1574.5,1574.5,1572.3,1573.7,19196
2026-08-28T14:55:00+05:30,1573.8,1574,1572.1,1573.9,31749
2026-08-28T15:00:00+05:30,1574.2,1574.2,1570.5,1571.4,54002
2026-08-28T15:05:00+05:30,1571.4,1572.3,1569.5,1570.9,83220
2026-08-28T15:10:00+05:30,1571.2,1581.9,1570,1580,96357
2026-08-31T09:15:00+05:30,1589,1592.9,1551.2,1553.5,253052
2026-08-31T09:20:00+05:30,1553.5,1560,1549.4,1551.5,135481
2026-08-31T09:25:00+05:30,1551.5,1553.9,1546.6,1550.1,93569
2026-08-31T09:30:00+05:30,1550.1,1560.6,1549.7,1559.5,76424
2026-08-31T09:35:00+05:30,1559.5,1559.5,1554.4,1555.6,55613
2026-08-31T09:40:00+05:30,1555.1,1556.1,1551.6,1552.1,34903
2026-08-31T09:45:00+05:30,1552.1,1555,1550.8,1553.4,25270
2026-08-31T09:50:00+05:30,1553.8,1555.8,1552,1553.4,45391
2026-08-31T09:55:00+05:30,1552.9,1554.5,1551.4,1554.2,24171
2026-08-31T10:00:00+05:30,1554.2,1555.7,1552.7,1553.7,30323
2026-08-31T10:05:00+05:30,1553.5,1556.3,1553.1,1554.1,33739
2026-08-31T10:10:00+05:30,1554.3,1554.3,1550.1,1550.6,34163
2026-08-31T10:15:00+05:30,1550.4,1554.4,1550.2,1554.2,22161
2026-08-31T10:20:00+05:30,1554.2,1554.2,1551.9,1553.1,24644
2026-08-31T10:25:00+05:30,1553,1554.7,1553,1553.7,30895
2026-08-31T10:30:00+05:30,1553.7,1553.7,1548.7,1549.5,63852
2026-08-31T10:35:00+05:30,1549.5,1549.5,1542.2,1545.4,64574
2026-08-31T10:40:00+05:30,1545.4,1546.2,1542.4,1543.9,36112
2026-08-31T10:45:00+05:30,1544,1548.9,1544,1548.7,27671
2026-08-31T10:50:00+05:30,1548.7,1554.1,1547.9,1553.5,43522
2026-08-31T10:55:00+05:30,1553.4,1559.1,1553.4,1559.1,93084
2026-08-31T11:00:00+05:30,1558,1559.6,1557.7,1557.9,31526
2026-08-31T11:05:00+05:30,1557.8,1558.9,1557.8,1558.5,19401
2026-08-31T11:10:00+05:30,1558.5,1559.5,1557.9,1559.4,41775
2026-08-31T11:15:00+05:30,1559,1560.5,1559,1559.3,34385
2026-08-31T11:20:00+05:30,1559.2,1562.6,1559.2,1562,74660
2026-08-31T11:25:00+05:30,1561.7,1569,1561.6,1565.2,125295
2026-08-31T11:30:00+05:30,1565.1,1565.8,1560.2,1561.7,45135
2026-08-31T11:35:00+05:30,1561.3,1563.5,1559.4,1563.5,28553
2026-08-31T11:40:00+05:30,1563,1576,1563,1574,55243
2026-08-31T11:45:00+05:30,1573.8,1580,1573.8,1576.4,85973
2026-08-31T11:50:00+05:30,1576.1,1577,1573.2,1574.2,43880
2026-08-31T11:55:00+05:30,1574.2,1574.3,1569.5,1570,35907
2026-08-31T12:00:00+05:30,1570,1572.2,1569.9,1572.2,41378
2026-08-31T12:05:00+05:30,1571.1,1571.1,1569.9,1570,23914
2026-08-31T12:10:00+05:30,1570,1571.6,1568.9,1569.9,46258
2026-08-31T12:15:00+05:30,1569.9,1571.6,1569.6,1570.4,38131
2026-08-31T12:20:00+05:30,1570.5,1571.2,1557.4,1560.7,325687
2026-08-31T12:25:00+05:30,1560.2,1561,1556.1,1556.1,43873
2026-08-31T12:30:00+05:30,1555.6,1557.1,1554.8,1556.6,37843
2026-08-31T12:35:00+05:30,1556.6,1558.5,1556.3,1556.6,30202
2026-08-31T12:40:00+05:30,1556.8,1557.2,1555.9,1556.6,20352
2026-08-31T12:45:00+05:30,1556.7,1556.8,1552.1,1552.5,59851
2026-08-31T12:50:00+05:30,1552.1,1553.5,1550.4,1551,36229
2026-08-31T12:55:00+05:30,1551,1551,1525,1529.9,318354
2026-08-31T13:00:00+05:30,1529.9,1537,1523.1,1535.9,174111
2026-08-31T13:05:00+05:30,1535.9,1536.8,1526.3,1533.4,128164
2026-08-31T13:10:00+05:30,1533.3,1538,1530.6,1533.4,89698
2026-08-31T13:15:00+05:30,1533.5,1535.2,1530.5,1532.6,63680
2026-08-31T13:20:00+05:30,1532.6,1540.8,1530.5,1536.2,109977
2026-08-31T13:25:00+05:30,1536.2,1542,1536.2,1540.3,67658
2026-08-31T13:30:00+05:30,1540.3,1544.4,1540.1,1543.3,72976
2026-08-31T13:35:00+05:30,1543.3,1543.4,1540,1541,45763
2026-08-31T13:40:00+05:30,1541,1543.2,1538.7,1542.3,68165
2026-08-31T13:45:00+05:30,1541.2,1546.6,1540.1,1542.6,269390
2026-08-31T13:50:00+05:30,1540.8,1543.1,1535.7,1536,72368
2026-08-31T13:55:00+05:30,1536.2,1537.8,1526.6,1528.3,97711
2026-08-31T14:00:00+05:30,1528.2,1528.6,1525.6,1526.9,69295
2026-08-31T14:05:00+05:30,1526.3,1527,1522.2,1526.3,60651
2026-08-31T14:10:00+05:30,1526.3,1529,1525.7,1526.3,38318
2026-08-31T14:15:00+05:30,1526.1,1526.8,1522.4,1524.2,58242
2026-08-31T14:20:00+05:30,1524.2,1525.8,1522.6,1523.1,45296
2026-08-31T14:25:00+05:30,1523.1,1523.5,1521.1,1522.4,53487
2026-08-31T14:30:00+05:30,1522.4,1526.1,1521.1,1523.5,62425
2026-08-31T14:35:00+05:30,1523.5,1526.7,1522,1522,90759
2026-08-31T14:40:00+05:30,1522.3,1524.9,1522,1524.4,58033
2026-08-31T14:45:00+05:30,1524.4,1528.9,1522.7,1525.5,143956
2026-08-31T14:50:00+05:30,1525.7,1526.4,1517.7,1519.2,277062
2026-08-31T14:55:00+05:30,1519.2,1523.4,1511.1,1512.5,420036
2026-08-31T15:00:00+05:30,1512,1512.2,1451.7,1453,2582950
2026-08-31T15:05:00+05:30,1452.4,1466.9,1445.1,1454,2390012
2026-08-31T15:10:00+05:30,1453.7,1473,1449.1,1470,2537267
2026-09-01T09:15:00+05:30,1435,1444.4,1417.3,1420.3,794253
2026-09-01T09:20:00+05:30,1421.4,1427.8,1407.2,1422.9,390300
2026-09-01T09:25:00+05:30,1422.9,1428.4,1409.2,1409.2,263819
2026-09-01T09:30:00+05:30,1408.5,1414.8,1400.3,1414.8,336027
2026-09-01T09:35:00+05:30,1414.9,1421.4,1408.8,1411.1,289677
2026-09-01T09:40:00+05:30,1410.8,1412.6,1403.7,1403.8,127226
2026-09-01T09:45:00+05:30,1403.8,1406.4,1394,1394.4,239105
2026-09-01T09:50:00+05:30,1394.4,1399.3,1392.3,1398,274385
2026-09-01T09:55:00+05:30,1398.3,1402,1391.8,1397.6,172740
2026-09-01T10:00:00+05:30,1398,1399.1,1391.2,1398.6,127278
2026-09-01T10:05:00+05:30,1399.2,1405.7,1397,1399.8,134628
2026-09-01T10:10:00+05:30,1399.8,1403.9,1397,1402,115059
2026-09-01T10:15:00+05:30,1402.3,1403.4,1391,1393.8,133897
2026-09-01T10:20:00+05:30,1393.8,1397.3,1392.6,1395.4,98198
2026-09-01T10:25:00+05:30,1395.8,1397.6,1394.4,1396.9,78840
2026-09-01T10:30:00+05:30,1396.9,1397.9,1391.1,1392.9,105726
2026-09-01T10:35:00+05:30,1392.4,1396.5,1391,1396.3,109963
2026-09-01T10:40:00+05:30,1396.4,1405.8,1394.7,1405.8,156162
2026-09-01T10:45:00+05:30,1405.7,1407.9,1397.9,1404.2,94800
2026-09-01T10:50:00+05:30,1404.2,1408.4,1403.7,1406.4,83461
2026-09-01T10:55:00+05:30,1406.4,1406.5,1397,1397.5,41772
2026-09-01T11:00:00+05:30,1397.4,1400.1,1395,1397.8,40816
2026-09-01T11:05:00+05:30,1397.8,1398,1393.5,1395.1,51699
2026-09-01T11:10:00+05:30,1395.1,1396.5,1393.2,1394.7,44764
2026-09-01T11:15:00+05:30,1394.8,1395,1386,1389.4,144363
2026-09-01T11:20:00+05:30,1389.4,1389.7,1383.2,1388.7,75131
2026-09-01T11:25:00+05:30,1388.7,1392.8,1387,1389.4,76670
2026-09-01T11:30:00+05:30,1389.4,1393.5,1385.1,1391,62409
2026-09-01T11:35:00+05:30,1391,1398.1,1390.5,1393.9,73107
2026-09-01T11:40:00+05:30,1393.9,1397.6,1391.9,1395.6,43745
2026-09-01T11:45:00+05:30,1395.9,1397,1390,1390.1,35136
2026-09-01T11:50:00+05:30,1390,1390,1377.2,1380.4,117532
2026-09-01T11:55:00+05:30,1380.4,1383.5,1373.3,1381.9,87705
2026-09-01T12:00:00+05:30,1381.9,1383.1,1378,1381.9,43747
2026-09-01T12:05:00+05:30,1381.9,1381.9,1375.3,1377.8,50646
2026-09-01T12:10:00+05:30,1377.8,1383.9,1375.5,1383.1,51866
2026-09-01T12:15:00+05:30,1383.1,1391.5,1381,1385.7,77753
2026-09-01T12:20:00+05:30,1385.7,1385.7,1382,1383.3,64721
2026-09-01T12:25:00+05:30,1383.3,1383.7,1380.1,1381,28424
2026-09-01T12:30:00+05:30,1381,1383.8,1380,1380.5,26757
2026-09-01T12:35:00+05:30,1380.5,1380.5,1376.9,1379.9,37920
2026-09-01T12:40:00+05:30,1379.9,1381.1,1378.5,1379,23342
2026-09-01T12:45:00+05:30,1379,1381.1,1378,1378.3,19777
2026-09-01T12:50:00+05:30,1378,1382.1,1377,1378.6,26894
2026-09-01T12:55:00+05:30,1378.2,1381.2,1376.4,1377.4,44961
2026-09-01T13:00:00+05:30,1377.2,1382.7,1375,1382.4,55841
2026-09-01T13:05:00+05:30,1382.4,1383.7,1379,1382.1,42340
2026-09-01T13:10:00+05:30,1382.1,1383.3,1378,1380.2,106074
2026-09-01T13:15:00+05:30,1380.2,1380.5,1374.2,1378.8,106096
2026-09-01T13:20:00+05:30,1378.8,1382.3,1375,1380.9,92943
2026-09-01T13:25:00+05:30,1380.9,1388,1379.4,1388,103838
2026-09-01T13:30:00+05:30,1388,1394.5,1386,1387.3,108157
2026-09-01T13:35:00+05:30,1387.3,1392.2,1384.9,1389.6,132199
2026-09-01T13:40:00+05:30,1389.6,1391.2,1382.2,1384.7,45243
2026-09-01T13:45:00+05:30,1384.7,1390.3,1383.5,1388,39885
2026-09-01T13:50:00+05:30,1388,1388.2,1384.3,1385.3,29471
2026-09-01T13:55:00+05:30,1385.3,1385.3,1378.3,1379.1,68978
2026-09-01T14:00:00+05:30,1379.1,1380.3,1375.7,1376.5,39769
2026-09-01T14:05:00+05:30,1376.5,1383.8,1376.1,1379.3,52312
2026-09-01T14:10:00+05:30,1379.3,1384.8,1376.8,1377.8,93702
2026-09-01T14:15:00+05:30,1377.8,1379.4,1377.4,1378.4,41746
2026-09-01T14:20:00+05:30,1378.3,1378.5,1376,1378.3,42028
2026-09-01T14:25:00+05:30,1378.3,1380.5,1375,1380.1,89664
2026-09-01T14:30:00+05:30,1380.1,1380.6,1377.4,1378.6,46059
2026-09-01T14:35:00+05:30,1378.3,1379.4,1377,1377.9,46859
2026-09-01T14:40:00+05:30,1377,1380,1376.7,1378.9,54289
2026-09-01T14:45:00+05:30,1378.9,1379.7,1377.6,1378.5,69285
2026-09-01T14:50:00+05:30,1378.6,1384.1,1378.5,1383.6,111926
2026-09-01T14:55:00+05:30,1383.5,1385.9,1381.5,1385.8,153813
2026-09-01T15:00:00+05:30,1385.8,1385.9,1379.2,1381.4,126552
2026-09-01T15:05:00+05:30,1381.2,1381.4,1376.5,1379.6,261226
2026-09-01T15:10:00+05:30,1379.7,1383.9,1375.6,1378.5,338186
2026-09-02T09:15:00+05:30,1374.6,1374.6,1355,1360.4,197197
2026-09-02T09:20:00+05:30,1362.6,1362.8,1348,1353,117915
2026-09-02T09:25:00+05:30,1353,1357.5,1350,1354.7,76738
2026-09-02T09:30:00+05:30,1354.7,1364.2,1353,1361.4,85107
2026-09-02T09:35:00+05:30,1361.4,1368.8,1357.8,1362.3,95443
2026-09-02T09:40:00+05:30,1362.4,1365.2,1358.6,1362.6,39366
2026-09-02T09:45:00+05:30,1361.9,1370.9,1358.5,1366,71467
2026-09-02T09:50:00+05:30,1365.7,1371.7,1363.9,1370.2,52936
2026-09-02T09:55:00+05:30,1370.7,1374.6,1368.6,1370.1,68309
2026-09-02T10:00:00+05:30,1370.1,1376.9,1365.6,1376.9,49994
2026-09-02T10:05:00+05:30,1376,1377.8,1370.1,1377,80838
2026-09-02T10:10:00+05:30,1376.3,1376.4,1367.3,1371.8,58451
2026-09-02T10:15:00+05:30,1371.8,1376,1364.8,1366.1,68672
2026-09-02T10:20:00+05:30,1366.1,1368.2,1364.3,1368,41471
2026-09-02T10:25:00+05:30,1368,1368.4,1364.1,1365.1,24652
2026-09-02T10:30:00+05:30,1365.4,1365.4,1362.5,1364,27369
2026-09-02T10:35:00+05:30,1364.3,1368.9,1364.3,1368.9,27746
2026-09-02T10:40:00+05:30,1368.9,1370.9,1366.8,1369.4,29985
2026-09-02T10:45:00+05:30,1369.4,1373.9,1369,1371,40308
2026-09-02T10:50:00+05:30,1371,1371.8,1367,1368,23814
2026-09-02T10:55:00+05:30,1369.4,1371.9,1367.7,1371.2,24335
2026-09-02T11:00:00+05:30,1371.2,1372,1365,1365.5,50544
2026-09-02T11:05:00+05:30,1365.3,1369,1365,1368.2,22233
2026-09-02T11:10:00+05:30,1368.2,1368.9,1361.6,1361.6,60175
2026-09-02T11:15:00+05:30,1362.7,1363.9,1360,1360.9,251290
2026-09-02T11:20:00+05:30,1360.9,1368.1,1360.9,1364.1,61032
2026-09-02T11:25:00+05:30,1364.1,1365.1,1361.2,1364.5,23803
2026-09-02T11:30:00+05:30,1365.5,1366.3,1364,1366.3,25166
2026-09-02T11:35:00+05:30,1365.9,1366.7,1359,1361.6,38610
2026-09-02T11:40:00+05:30,1361.6,1364.9,1361.1,1363.1,37020
2026-09-02T11:45:00+05:30,1363,1365.2,1361.3,1361.6,22158
2026-09-02T11:50:00+05:30,1361.8,1363.3,1361,1361.7,30201
2026-09-02T11:55:00+05:30,1362.3,1363.7,1361,1361.5,32050
2026-09-02T12:00:00+05:30,1361.7,1363,1358.5,1360.5,22419
2026-09-02T12:05:00+05:30,1360.1,1362.5,1360.1,1360.7,20339
2026-09-02T12:10:00+05:30,1360.2,1372,1359,1371.4,74754
2026-09-02T12:15:00+05:30,1371.1,1386.7,1371,1384,192064
2026-09-02T12:20:00+05:30,1384.9,1384.9,1381,1382.8,49064
2026-09-02T12:25:00+05:30,1381.8,1383.8,1379,1379.7,43639
2026-09-02T12:30:00+05:30,1379.7,1384.4,1379.7,1384,39472
2026-09-02T12:35:00+05:30,1384.1,1384.7,1381.1,1381.1,22371
2026-09-02T12:40:00+05:30,1381.1,1387,1381,1386.8,35293
2026-09-02T12:45:00+05:30,1386.8,1391.8,1385.7,1391.2,73924
2026-09-02T12:50:00+05:30,1391.2,1395.4,1389,1391.5,75123
2026-09-02T12:55:00+05:30,1391.5,1392.3,1388.6,1391,41839
2026-09-02T13:00:00+05:30,1391,1391.7,1387.1,1388.7,36271
2026-09-02T13:05:00+05:30,1388.7,1389.8,1384,1385.8,49183
2026-09-02T13:10:00+05:30,1385.9,1391,1385,1389.4,36348
2026-09-02T13:15:00+05:30,1389.9,1390.6,1386.6,1389.7,46932
2026-09-02T13:20:00+05:30,1389.7,1392.3,1389.5,1392.2,40277
2026-09-02T13:25:00+05:30,1392,1393.6,1390,1392.5,32483
2026-09-02T13:30:00+05:30,1392,1394,1390.8,1394,45200
2026-09-02T13:35:00+05:30,1394.7,1398,1393.9,1393.9,70190
2026-09-02T13:40:00+05:30,1393.9,1396.7,1390.2,1393,49067
2026-09-02T13:45:00+05:30,1393.6,1401,1393.6,1396.4,87427
2026-09-02T13:50:00+05:30,1396.4,1397.4,1393.6,1395.9,24294
2026-09-02T13:55:00+05:30,1395.9,1396.9,1394.5,1396.9,20698
2026-09-02T14:00:00+05:30,1397,1398.2,1394.9,1395.9,27893
2026-09-02T14:05:00+05:30,1395.8,1397.8,1392.8,1393.4,33600
2026-09-02T14:10:00+05:30,1393,1393.4,1389.2,1389.7,24361
2026-09-02T14:15:00+05:30,1389.7,1389.8,1388,1389.4,31038
2026-09-02T14:20:00+05:30,1389.5,1389.9,1387.3,1389.7,35900
2026-09-02T14:25:00+05:30,1389.7,1391.2,1387.1,1390.3,41582
2026-09-02T14:30:00+05:30,1390.3,1392,1389.1,1389.9,18695
2026-09-02T14:35:00+05:30,1389.8,1391.1,1389,1391,25501
2026-09-02T14:40:00+05:30,1390.9,1393.5,1389.8,1393,28947
2026-09-02T14:45:00+05:30,1394.2,1396.6,1394,1395.9,41887
2026-09-02T14:50:00+05:30,1396,1396.6,1393,1393.9,41036
2026-09-02T14:55:00+05:30,1393.4,1394.6,1392.9,1393.6,36412
2026-09-02T15:00:00+05:30,1393.1,1394.1,1390.2,1392.7,79926
2026-09-02T15:05:00+05:30,1392.7,1393,1389.1,1392.4,167569
2026-09-02T15:10:00+05:30,1392.9,1398.9,1392,1395.1,265215
2026-09-03T09:15:00+05:30,1398,1412.8,1396,1396.7,108887
2026-09-03T09:20:00+05:30,1398.3,1405,1397.6,1397.9,56081
2026-09-03T09:25:00+05:30,1398.2,1400.9,1393.1,1395.6,50166
2026-09-03T09:30:00+05:30,1396,1400.8,1389.9,1400.4,171508
2026-09-03T09:35:00+05:30,1400.5,1400.5,1393.4,1395.6,27369
2026-09-03T09:40:00+05:30,1395.8,1397,1394.1,1396.4,12087
2026-09-03T09:45:00+05:30,1396.4,1398.9,1395,1397.5,41438
2026-09-03T09:50:00+05:30,1397.5,1398.6,1393.5,1393.5,10199
2026-09-03T09:55:00+05:30,1393.8,1394.8,1392,1392.6,18700
2026-09-03T10:00:00+05:30,1392.6,1395.8,1392.6,1394.4,16288
2026-09-03T10:05:00+05:30,1394.3,1394.3,1387.6,1388.9,28808
2026-09-03T10:10:00+05:30,1388.9,1389.1,1385.4,1388.8,40217
2026-09-03T10:15:00+05:30,1388.8,1389.5,1387.8,1388.4,23666
2026-09-03T10:20:00+05:30,1388.4,1388.7,1387,1387.5,15038
2026-09-03T10:25:00+05:30,1387.5,1388.3,1385,1387.2,23112
2026-09-03T10:30:00+05:30,1387.2,1389.9,1385.6,1386.7,23244
2026-09-03T10:35:00+05:30,1386.7,1390,1386.4,1390,14662
2026-09-03T10:40:00+05:30,1390,1390.3,1385.9,1388,18856
2026-09-03T10:45:00+05:30,1388,1388.5,1386.8,1387.6,13617
2026-09-03T10:50:00+05:30,1387.8,1390,1387.8,1389,11135
2026-09-03T10:55:00+05:30,1389,1391.4,1388.5,1390.4,21251
2026-09-03T11:00:00+05:30,1390.6,1390.6,1389.2,1389.6,14864
2026-09-03T11:05:00+05:30,1389.6,1389.8,1387,1387,15633
2026-09-03T11:10:00+05:30,1387,1389.8,1387,1389.3,10185
2026-09-03T11:15:00+05:30,1389.3,1393.8,1388.6,1393.8,26347
2026-09-03T11:20:00+05:30,1393.8,1394.7,1392,1392.1,16352
2026-09-03T11:25:00+05:30,1392.2,1393.2,1391.7,1392.5,11698
2026-09-03T11:30:00+05:30,1392.9,1392.9,1391.4,1391.8,5494
2026-09-03T11:35:00+05:30,1391.8,1394.3,1391.8,1393.4,9892
2026-09-03T11:40:00+05:30,1393.4,1393.4,1392,1392.8,7296
2026-09-03T11:45:00+05:30,1392.8,1392.8,1390.5,1391.1,10497
2026-09-03T11:50:00+05:30,1391.1,1391.5,1388.9,1388.9,13966
2026-09-03T11:55:00+05:30,1389.4,1389.7,1388.4,1389.5,11037
2026-09-03T12:00:00+05:30,1389.1,1389.1,1387.2,1387.4,9605
2026-09-03T12:05:00+05:30,1387.5,1388.1,1387.1,1387.4,8366
2026-09-03T12:10:00+05:30,1387.2,1388,1387,1387.7,7502
2026-09-03T12:15:00+05:30,1387.8,1387.8,1385.6,1386.7,15581
2026-09-03T12:20:00+05:30,1386.3,1387,1385.4,1386.8,10276
2026-09-03T12:25:00+05:30,1387.8,1389.8,1386.9,1388.4,22297
2026-09-03T12:30:00+05:30,1388.5,1389.8,1388.2,1389.2,9777
2026-09-03T12:35:00+05:30,1389.9,1389.9,1387.8,1388,8754
2026-09-03T12:40:00+05:30,1388,1388.9,1387.8,1388.4,8167
2026-09-03T12:45:00+05:30,1388.4,1388.4,1386.5,1387.3,10574
2026-09-03T12:50:00+05:30,1387.3,1387.3,1383,1383.7,23017
2026-09-03T12:55:00+05:30,1383.7,1385,1383.5,1383.5,23924
2026-09-03T13:00:00+05:30,1383.5,1384.3,1383.1,1384.2,9919
2026-09-03T13:05:00+05:30,1384.1,1384.3,1383.2,1384,13687
2026-09-03T13:10:00+05:30,1384,1384.4,1383.5,1383.9,11157
2026-09-03T13:15:00+05:30,1383.9,1385.7,1383.8,1385.5,18102
2026-09-03T13:20:00+05:30,1385.5,1386,1380.8,1381.8,34056
2026-09-03T13:25:00+05:30,1381.6,1382.7,1380.5,1382.1,20320
2026-09-03T13:30:00+05:30,1382.1,1384.2,1380.9,1382.6,29097
2026-09-03T13:35:00+05:30,1382.6,1383.2,1381.7,1382.1,12926
2026-09-03T13:40:00+05:30,1382.1,1382.4,1380.5,1380.8,9680
2026-09-03T13:45:00+05:30,1380.8,1381.9,1378.8,1380.9,24985
2026-09-03T13:50:00+05:30,1380.9,1381.9,1380.5,1381,8884
2026-09-03T13:55:00+05:30,1381,1381,1378.8,1380.1,19254
2026-09-03T14:00:00+05:30,1380.1,1381.3,1379.5,1380.3,11882
2026-09-03T14:05:00+05:30,1380.3,1380.4,1380.1,1380.2,7826
2026-09-03T14:10:00+05:30,1380.2,1380.9,1380,1380.5,13150
2026-09-03T14:15:00+05:30,1380.5,1380.5,1378,1379.5,18422
2026-09-03T14:20:00+05:30,1379.5,1384.6,1379.2,1383.3,42749
2026-09-03T14:25:00+05:30,1383.7,1385.1,1383,1383.7,41695
2026-09-03T14:30:00+05:30,1383.7,1383.7,1382.2,1383.2,13995
2026-09-03T14:35:00+05:30,1383.2,1384.3,1382.7,1383.7,30720
2026-09-03T14:40:00+05:30,1383.7,1383.7,1382.4,1383.5,76349
2026-09-03T14:45:00+05:30,1383,1384.4,1381.6,1381.7,65801
2026-09-03T14:50:00+05:30,1381.8,1384.7,1381.7,1383.2,28942
2026-09-03T14:55:00+05:30,1383.2,1383.8,1381.1,1382.6,51147
2026-09-03T15:00:00+05:30,1382.7,1385,1382.1,1383.6,53366
2026-09-03T15:05:00+05:30,1383.5,1383.5,1378.4,1379.6,47705
2026-09-03T15:10:00+05:30,1380,1383.5,1379.9,1382,101856
2026-09-04T09:15:00+05:30,1385.6,1388,1376.7,1386.9,66622
2026-09-04T09:20:00+05:30,1387,1390,1385.9,1388.5,32598
2026-09-04T09:25:00+05:30,1387,1388.7,1380.6,1381.2,42707
2026-09-04T09:30:00+05:30,1381.7,1384.2,1380.7,1382.4,30543
2026-09-04T09:35:00+05:30,1382.6,1394.9,1382.2,1393.7,34496
2026-09-04T09:40:00+05:30,1393.5,1393.5,1390.5,1392,8812
2026-09-04T09:45:00+05:30,1392.2,1396,1391.6,1394.6,37760
2026-09-04T09:50:00+05:30,1394.9,1398,1394,1396.8,31966
2026-09-04T09:55:00+05:30,1396.8,1397.1,1393.8,1396.7,11333
2026-09-04T10:00:00+05:30,1396.9,1397.6,1395.1,1397,9231
2026-09-04T10:05:00+05:30,1397,1398.8,1396.9,1398,16409
2026-09-04T10:10:00+05:30,1398,1408.1,1398,1407.2,51589
2026-09-04T10:15:00+05:30,1406.5,1410.8,1406,1409.6,48424
2026-09-04T10:20:00+05:30,1409.6,1411.9,1409.1,1409.1,23361
2026-09-04T10:25:00+05:30,1409.1,1411.9,1407.4,1407.7,24074
2026-09-04T10:30:00+05:30,1407.9,1407.9,1404.6,1405,10725
2026-09-04T10:35:00+05:30,1404.6,1408.4,1404.6,1408.4,10362
2026-09-04T10:40:00+05:30,1408.1,1411.7,1407.1,1409.1,25557
2026-09-04T10:45:00+05:30,1409,1410.4,1407.2,1409.6,17344
2026-09-04T10:50:00+05:30,1409.6,1410.4,1408.6,1409,18126
2026-09-04T10:55:00+05:30,1409,1410,1408.2,1409,5620
2026-09-04T11:00:00+05:30,1408.7,1409.5,1406.4,1408.1,16310
2026-09-04T11:05:00+05:30,1408.5,1409,1407.3,1407.9,7662
2026-09-04T11:10:00+05:30,1407.9,1407.9,1405.1,1405.8,11538
2026-09-04T11:15:00+05:30,1405.8,1406,1404.6,1405.5,10791
2026-09-04T11:20:00+05:30,1406.2,1407.5,1402.1,1402.5,24398
2026-09-04T11:25:00+05:30,1402.5,1404.3,1402,1403.3,6862
2026-09-04T11:30:00+05:30,1403.2,1406.2,1403,1404.2,7186
2026-09-04T11:35:00+05:30,1404.2,1404.3,1402.8,1404.1,9069
2026-09-04T11:40:00+05:30,1404.1,1404.8,1402.9,1404.1,5056
2026-09-04T11:45:00+05:30,1404.1,1405.2,1403.7,1404.1,5842
2026-09-04T11:50:00+05:30,1404.1,1406.4,1404,1406.4,10785
2026-09-04T11:55:00+05:30,1406.4,1407.7,1405,1405,13747
2026-09-04T12:00:00+05:30,1405,1405.5,1402.2,1402.9,15078
2026-09-04T12:05:00+05:30,1402.9,1402.9,1402.4,1402.5,978
2026-09-04T12:10:00+05:30,1402.5,1402.5,1401.5,1401.5,5325
2026-09-04T12:15:00+05:30,1401.5,1403.3,1400,1402.2,23805
2026-09-04T12:20:00+05:30,1402.2,1402.7,1400.4,1401.5,6810
2026-09-04T12:25:00+05:30,1401.2,1401.9,1400.2,1401.5,8466
2026-09-04T12:30:00+05:30,1401.5,1403.2,1400.2,1401.2,11175
2026-09-04T12:35:00+05:30,1401.1,1401.6,1400.9,1401.2,1602
2026-09-04T12:40:00+05:30,1401.2,1402.6,1401.2,1402,4185
2026-09-04T12:45:00+05:30,1402,1403.3,1401.4,1403,1542
2026-09-04T12:50:00+05:30,1403,1403.4,1402.5,1403.3,7147
2026-09-04T12:55:00+05:30,1403.3,1403.3,1401.7,1401.7,12423
2026-09-04T13:00:00+05:30,1402,1402.9,1401.6,1402.3,3286
2026-09-04T13:05:00+05:30,1402.3,1403,1401.2,1402.8,4424
2026-09-04T13:10:00+05:30,1404,1404.7,1403,1404.3,9550
2026-09-04T13:15:00+05:30,1404.3,1406,1404,1405.2,12081
2026-09-04T13:20:00+05:30,1405.2,1407.7,1404.6,1407.7,8476
2026-09-04T13:25:00+05:30,1407.7,1409,1406,1406.8,17736
2026-09-04T13:30:00+05:30,1406.2,1406.8,1405.8,1406.2,6583
2026-09-04T13:35:00+05:30,1406,1409.6,1405.7,1409,22277
2026-09-04T13:40:00+05:30,1409.6,1411.4,1409,1409.3,14676
2026-09-04T13:45:00+05:30,1409.7,1411.5,1409.7,1411.5,19120
2026-09-04T13:50:00+05:30,1411.6,1412.7,1406.8,1407.3,17676
2026-09-04T13:55:00+05:30,1407,1407.9,1405.7,1405.9,14738
2026-09-04T14:00:00+05:30,1405.9,1407,1405.4,1406,7189
2026-09-04T14:05:00+05:30,1406,1406.3,1404.6,1404.6,11296
2026-09-04T14:10:00+05:30,1404.8,1405.7,1404.3,1404.8,8369
2026-09-04T14:15:00+05:30,1404.8,1405.8,1404.8,1405.6,5106
2026-09-04T14:20:00+05:30,1406,1409.2,1405.6,1408.9,5814
2026-09-04T14:25:00+05:30,1408.9,1409.5,1408.5,1409,20249
2026-09-04T14:30:00+05:30,1409,1410.2,1407,1407.3,16726
2026-09-04T14:35:00+05:30,1407.3,1407.6,1405.7,1406.5,15139
2026-09-04T14:40:00+05:30,1405.8,1409,1405.4,1408.8,15941
2026-09-04T14:45:00+05:30,1408.8,1408.9,1406.1,1406.9,18288
2026-09-04T14:50:00+05:30,1406.9,1409.4,1406.9,1409,31056
2026-09-04T14:55:00+05:30,1408.9,1412.6,1408.3,1411.9,50392
2026-09-04T15:00:00+05:30,1412.1,1412.4,1410.6,1411.2,48897
2026-09-04T15:05:00+05:30,1411.2,1411.6,1409.5,1409.5,64060
2026-09-04T15:10:00+05:30,1409.5,1411.3,1405.4,1408.9,80286
2026-09-07T09:15:00+05:30,1412.7,1412.8,1390,1392,75767
2026-09-07T09:20:00+05:30,1392,1394.9,1388.3,1389.4,30628
2026-09-07T09:25:00+05:30,1389.4,1399,1389.4,1395.1,43699
2026-09-07T09:30:00+05:30,1395.1,1403.8,1395.1,1403.8,26228
2026-09-07T09:35:00+05:30,1403.6,1408.4,1402.5,1406.8,31104
2026-09-07T09:40:00+05:30,1406.8,1408.3,1405.8,1406.4,24329
2026-09-07T09:45:00+05:30,1406,1411.8,1406,1411.8,32246
2026-09-07T09:50:00+05:30,1411.4,1413.3,1410.1,1410.1,33508
2026-09-07T09:55:00+05:30,1410.1,1418.5,1410,1416,44040
2026-09-07T10:00:00+05:30,1416,1417.7,1411,1415.5,31728
2026-09-07T10:05:00+05:30,1415.5,1418.4,1414.6,1415.6,15284
2026-09-07T10:10:00+05:30,1415.3,1415.5,1412,1414.3,10354
2026-09-07T10:15:00+05:30,1413.6,1413.6,1409.3,1409.7,18195
2026-09-07T10:20:00+05:30,1409.7,1411.9,1407.3,1408.2,21615
2026-09-07T10:25:00+05:30,1407.3,1408,1405.6,1406.6,12718
2026-09-07T10:30:00+05:30,1406.3,1411.5,1406.3,1409.1,38203
2026-09-07T10:35:00+05:30,1409.2,1410.1,1408.4,1409,8181
2026-09-07T10:40:00+05:30,1408.7,1409.5,1406.2,1409.5,8717
2026-09-07T10:45:00+05:30,1409.2,1410.5,1406.1,1406.7,12885
2026-09-07T10:50:00+05:30,1406.5,1408.4,1406.2,1406.8,9175
2026-09-07T10:55:00+05:30,1407,1409.6,1406.9,1408.4,7746
2026-09-07T11:00:00+05:30,1408.5,1409.1,1406.4,1407.2,11588
2026-09-07T11:05:00+05:30,1407,1407.1,1404.5,1405.2,15754
2026-09-07T11:10:00+05:30,1405.2,1406.2,1405.1,1406,8942
2026-09-07T11:15:00+05:30,1405.8,1405.8,1403.6,1403.6,7851
2026-09-07T11:20:00+05:30,1403.6,1406.2,1403.6,1404.3,10987
2026-09-07T11:25:00+05:30,1404.3,1404.4,1402.9,1403,10514
2026-09-07T11:30:00+05:30,1402.8,1403.8,1397.5,1398.2,43305
2026-09-07T11:35:00+05:30,1398.3,1400.3,1397.8,1399.3,8839
2026-09-07T11:40:00+05:30,1399.3,1400.7,1398.9,1399.6,8280
2026-09-07T11:45:00+05:30,1399.4,1401.9,1399.4,1400.6,10812
2026-09-07T11:50:00+05:30,1400.5,1402,1398.6,1399.5,8902
2026-09-07T11:55:00+05:30,1399.5,1400.4,1398.8,1399.8,8705
2026-09-07T12:00:00+05:30,1399.8,1400.3,1399,1399.4,9529
2026-09-07T12:05:00+05:30,1399.4,1402,1399,1402,4839
2026-09-07T12:10:00+05:30,1402,1402,1398,1398.3,9152
2026-09-07T12:15:00+05:30,1398.3,1398.9,1397,1397.7,26220
2026-09-07T12:20:00+05:30,1397.7,1397.7,1395.9,1396.8,26406
2026-09-07T12:25:00+05:30,1396.8,1397.1,1395.7,1396,10301
2026-09-07T12:30:00+05:30,1396,1396,1393.4,1394.9,11124
2026-09-07T12:35:00+05:30,1394.9,1394.9,1394.1,1394.5,7268
2026-09-07T12:40:00+05:30,1394.4,1395.1,1393.3,1395,8657
2026-09-07T12:45:00+05:30,1394.8,1395.5,1394.5,1394.6,6569
2026-09-07T12:50:00+05:30,1394.6,1395,1393.8,1394.5,8368
2026-09-07T12:55:00+05:30,1394.2,1394.9,1393.4,1394.6,10688
2026-09-07T13:00:00+05:30,1394.6,1394.6,1393,1393.9,8977
2026-09-07T13:05:00+05:30,1394,1395.4,1393.9,1394.2,8298
2026-09-07T13:10:00+05:30,1394.2,1397.2,1394,1396.4,7775
2026-09-07T13:15:00+05:30,1396.2,1398.7,1394.9,1396,17340
2026-09-07T13:20:00+05:30,1396,1398.1,1396,1396.5,6226
2026-09-07T13:25:00+05:30,1396.2,1398.5,1396.2,1398.3,8077
2026-09-07T13:30:00+05:30,1398.3,1398.8,1396.8,1398.4,6775
2026-09-07T13:35:00+05:30,1398.4,1398.7,1397.2,1397.4,7387
2026-09-07T13:40:00+05:30,1396.9,1398.2,1396.6,1398.2,4934
2026-09-07T13:45:00+05:30,1397.9,1400.9,1397.2,1399.5,8159
2026-09-07T13:50:00+05:30,1399.3,1399.7,1396.4,1396.4,13556
2026-09-07T13:55:00+05:30,1396.2,1396.5,1394.1,1394.1,8044
2026-09-07T14:00:00+05:30,1394.1,1394.4,1393.1,1393.5,5720
2026-09-07T14:05:00+05:30,1393.5,1393.6,1391.5,1391.8,10463
2026-09-07T14:10:00+05:30,1391.8,1393.9,1391.6,1393.7,5583
2026-09-07T14:15:00+05:30,1393.7,1393.9,1392.6,1392.6,7320
2026-09-07T14:20:00+05:30,1392.6,1393.6,1392.3,1393.5,9034
2026-09-07T14:25:00+05:30,1393.5,1393.9,1393,1393.4,9968
2026-09-07T14:30:00+05:30,1393.4,1394,1392.7,1393,15818
2026-09-07T14:35:00+05:30,1393,1393,1391.1,1392,17528
2026-09-07T14:40:00+05:30,1392,1393.9,1390.8,1393.4,23941
2026-09-07T14:45:00+05:30,1393.3,1393.9,1392.6,1393.9,15668
2026-09-07T14:50:00+05:30,1393.9,1394.1,1391.3,1392.7,45428
2026-09-07T14:55:00+05:30,1392.7,1393.3,1391.1,1391.6,26549
2026-09-07T15:00:00+05:30,1391.4,1393,1391,1391.4,62591
2026-09-07T15:05:00+05:30,1391.4,1391.4,1388.9,1389.8,71397
2026-09-07T15:10:00+05:30,1389.7,1391,1387.8,1387.8,54582
2026-09-08T09:15:00+05:30,1390.4,1390.4,1379.1,1384.5,56956
2026-09-08T09:20:00+05:30,1384.5,1387.6,1381.5,1386.9,22940
2026-09-08T09:25:00+05:30,1386.7,1388.1,1382,1382.9,31395
2026-09-08T09:30:00+05:30,1383.5,1383.5,1380.3,1380.7,17509
2026-09-08T09:35:00+05:30,1380.7,1384.8,1380.7,1383.9,13920
2026-09-08T09:40:00+05:30,1383.9,1384.1,1382.2,1382.7,6828
2026-09-08T09:45:00+05:30,1382.7,1384.4,1382.4,1383.4,6113
2026-09-08T09:50:00+05:30,1383.3,1384,1380.1,1380.1,8871
2026-09-08T09:55:00+05:30,1380.1,1382,1378.1,1379,12409
2026-09-08T10:00:00+05:30,1379.1,1381.4,1372.8,1373.6,53763
2026-09-08T10:05:00+05:30,1373.2,1376.2,1370,1375.9,49419
2026-09-08T10:10:00+05:30,1375.6,1379.3,1374.7,1376.7,16644
2026-09-08T10:15:00+05:30,1376.7,1384.3,1375.4,1383.2,33458
2026-09-08T10:20:00+05:30,1383.5,1386.1,1381.8,1384.7,17216
2026-09-08T10:25:00+05:30,1384.6,1385,1380.5,1385,13362
2026-09-08T10:30:00+05:30,1385.5,1387,1384.3,1385.2,17345
2026-09-08T10:35:00+05:30,1385.2,1386.8,1384.8,1386.2,11569
2026-09-08T10:40:00+05:30,1386,1386.2,1384.4,1385,8425
2026-09-08T10:45:00+05:30,1385,1386.4,1384.1,1384.2,7274
2026-09-08T10:50:00+05:30,1383.8,1383.9,1381.3,1381.9,6559
2026-09-08T10:55:00+05:30,1381.9,1381.9,1379.3,1379.7,6433
2026-09-08T11:00:00+05:30,1379.8,1382.6,1376.5,1381.8,21306
2026-09-08T11:05:00+05:30,1381.8,1382.8,1381.1,1382.8,38920
2026-09-08T11:10:00+05:30,1382.8,1394.4,1382.5,1391.3,77521
2026-09-08T11:15:00+05:30,1391.3,1393.8,1390.8,1392.7,22969
2026-09-08T11:20:00+05:30,1392.7,1396.3,1392.1,1392.7,22684
2026-09-08T11:25:00+05:30,1392.7,1393.8,1391.6,1392.6,7524
2026-09-08T11:30:00+05:30,1392.6,1393.9,1391.6,1391.7,7841
2026-09-08T11:35:00+05:30,1391.7,1393.5,1391.7,1392.6,7676
2026-09-08T11:40:00+05:30,1392.3,1393,1391.6,1392.5,4171
2026-09-08T11:45:00+05:30,1392.6,1395.2,1392,1392,13494
2026-09-08T11:50:00+05:30,1392,1392.3,1390.7,1391.3,7424
2026-09-08T11:55:00+05:30,1391.3,1392.4,1391,1391.6,4323
2026-09-08T12:00:00+05:30,1391.6,1393.2,1391.6,1392.3,5682
2026-09-08T12:05:00+05:30,1392.3,1392.3,1388.5,1389.4,5924
2026-09-08T12:10:00+05:30,1389.2,1390,1388.2,1388.7,4885
2026-09-08T12:15:00+05:30,1388.7,1390,1388.7,1389.5,3760
2026-09-08T12:20:00+05:30,1389.5,1389.5,1388.7,1389.3,2128
2026-09-08T12:25:00+05:30,1389.3,1390.8,1389,1389.9,5219
2026-09-08T12:30:00+05:30,1389.9,1393.6,1389.9,1392,7547
2026-09-08T12:35:00+05:30,1392,1393,1391.5,1391.5,2745
2026-09-08T12:40:00+05:30,1391.5,1400.7,1391.2,1400.6,51961
2026-09-08T12:45:00+05:30,1400.6,1402,1399.2,1400,29408
2026-09-08T12:50:00+05:30,1400,1401.4,1399,1400,43013
2026-09-08T12:55:00+05:30,1400,1401.8,1400,1401.2,6427
2026-09-08T13:00:00+05:30,1401.4,1401.4,1397.3,1397.3,62499
2026-09-08T13:05:00+05:30,1397.3,1397.8,1396.4,1397.4,5452
2026-09-08T13:10:00+05:30,1397.4,1398.2,1397,1398,8497
2026-09-08T13:15:00+05:30,1397.6,1398.7,1397.6,1398.1,10389
2026-09-08T13:20:00+05:30,1398.1,1400.8,1398.1,1399.5,16147
2026-09-08T13:25:00+05:30,1399.5,1399.5,1397.9,1398,4665
2026-09-08T13:30:00+05:30,1397.9,1401,1397.9,1399.2,12699
2026-09-08T13:35:00+05:30,1399.2,1401.2,1399.2,1400,6098
2026-09-08T13:40:00+05:30,1400,1400.2,1397.6,1398.9,9878
2026-09-08T13:45:00+05:30,1398.5,1398.8,1397.7,1398.4,4662
2026-09-08T13:50:00+05:30,1398.4,1398.4,1396,1398,5986
2026-09-08T13:55:00+05:30,1398,1400.7,1398,1400.7,11266
2026-09-08T14:00:00+05:30,1400.7,1401.2,1399.6,1400.7,6596
2026-09-08T14:05:00+05:30,1401.5,1401.5,1399.6,1401,10213
2026-09-08T14:10:00+05:30,1401,1401.5,1399.2,1399.8,7310
2026-09-08T14:15:00+05:30,1399.8,1401.1,1399,1399.8,6245
2026-09-08T14:20:00+05:30,1400.3,1400.5,1399.4,1400,4332
2026-09-08T14:25:00+05:30,1400,1402.4,1400,1401.2,9518
2026-09-08T14:30:00+05:30,1401.4,1403.4,1401.1,1402.6,11073
2026-09-08T14:35:00+05:30,1403,1403.3,1401,1401.7,11837
2026-09-08T14:40:00+05:30,1401.7,1403.5,1401.4,1403.4,13729
2026-09-08T14:45:00+05:30,1403.4,1405.1,1403.1,1404,17638
2026-09-08T14:50:00+05:30,1403.8,1404,1402.6,1403.6,18305
2026-09-08T14:55:00+05:30,1403.5,1404,1403.1,1403.5,17487
2026-09-08T15:00:00+05:30,1403.5,1405.9,1403.4,1405,37829
2026-09-08T15:05:00+05:30,1405,1405.6,1403.4,1404.4,42479
2026-09-08T15:10:00+05:30,1404.4,1412,1400,1402,78453
2026-09-09T09:15:00+05:30,1406,1410.5,1396.5,1404.4,79285
2026-09-09T09:20:00+05:30,1404.4,1412,1402.6,1410.5,44455
2026-09-09T09:25:00+05:30,1410.5,1410.7,1406.7,1407.6,43328
2026-09-09T09:30:00+05:30,1407.5,1411.2,1405.9,1409.2,26073
2026-09-09T09:35:00+05:30,1409.2,1414.8,1408,1414.8,25793
2026-09-09T09:40:00+05:30,1416,1425,1413.1,1423,97240
2026-09-09T09:45:00+05:30,1423.2,1426,1417.5,1417.8,46438
2026-09-09T09:50:00+05:30,1417.8,1421.3,1417.3,1419.1,25137
2026-09-09T09:55:00+05:30,1419.1,1421,1415.7,1416.5,17755
2026-09-09T10:00:00+05:30,1416.5,1418.1,1412.1,1416.4,22908
2026-09-09T10:05:00+05:30,1416.5,1421.9,1416.5,1421.3,23921
2026-09-09T10:10:00+05:30,1422,1426,1420.7,1425.8,37745
2026-09-09T10:15:00+05:30,1425.8,1427.6,1421.4,1424.3,30815
2026-09-09T10:20:00+05:30,1424.8,1438.2,1424.8,1436.3,115278
2026-09-09T10:25:00+05:30,1436.3,1440,1430,1437.2,87162
2026-09-09T10:30:00+05:30,1437.2,1437.2,1428.3,1431,34012
2026-09-09T10:35:00+05:30,1431,1433.1,1430.7,1431.3,15366
2026-09-09T10:40:00+05:30,1431.3,1433.8,1431.3,1432.5,18831
2026-09-09T10:45:00+05:30,1432.1,1436.7,1431.5,1434,18061
2026-09-09T10:50:00+05:30,1434.7,1437.3,1430.2,1432.5,34571
2026-09-09T10:55:00+05:30,1432.5,1433.6,1428.1,1428.4,16666
2026-09-09T11:00:00+05:30,1428.9,1430.9,1427.9,1430.1,27133
2026-09-09T11:05:00+05:30,1430.1,1430.5,1427.4,1428.1,17733
2026-09-09T11:10:00+05:30,1428.1,1428.1,1418.8,1421.2,44698
2026-09-09T11:15:00+05:30,1421.2,1426.3,1419.3,1421.6,41955
2026-09-09T11:20:00+05:30,1421.5,1421.6,1416.2,1417.6,29664
2026-09-09T11:25:00+05:30,1417.6,1418.3,1416,1418.3,22422
2026-09-09T11:30:00+05:30,1418.2,1419,1417,1417.7,13163
2026-09-09T11:35:00+05:30,1417.7,1418.6,1416.1,1416.2,16143
2026-09-09T11:40:00+05:30,1416.6,1417.7,1415.5,1416.1,22197
2026-09-09T11:45:00+05:30,1416.5,1418.7,1416,1417.1,12601
2026-09-09T11:50:00+05:30,1416.4,1420.6,1413.6,1419.4,38837
2026-09-09T11:55:00+05:30,1419.5,1421.5,1419.3,1421,13456
2026-09-09T12:00:00+05:30,1421,1421.8,1420,1420.9,16832
2026-09-09T12:05:00+05:30,1420.9,1424.3,1420.7,1424.2,13296
2026-09-09T12:10:00+05:30,1425,1427.8,1424.9,1427.6,18994
2026-09-09T12:15:00+05:30,1427.6,1427.7,1425.9,1426.3,9891
2026-09-09T12:20:00+05:30,1426.3,1427.4,1426.3,1426.9,6072
2026-09-09T12:25:00+05:30,1426.8,1432.5,1426.8,1432.1,18401
2026-09-09T12:30:00+05:30,1432.1,1439.5,1431.7,1437,39562
2026-09-09T12:35:00+05:30,1437,1444.9,1436.9,1441.6,50216
2026-09-09T12:40:00+05:30,1441.6,1446,1436.5,1437.8,46926
2026-09-09T12:45:00+05:30,1437.8,1440.9,1437.8,1440.4,13493
2026-09-09T12:50:00+05:30,1440.4,1440.4,1437.7,1438,9555
2026-09-09T12:55:00+05:30,1438,1438.8,1437.7,1438.8,5884
2026-09-09T13:00:00+05:30,1438.8,1438.8,1434.5,1435,17428
2026-09-09T13:05:00+05:30,1435,1435.5,1434.3,1434.7,9117
2026-09-09T13:10:00+05:30,1434.7,1437.9,1434.7,1436.1,13837
2026-09-09T13:15:00+05:30,1436.3,1437.5,1436.3,1437.1,5504
2026-09-09T13:20:00+05:30,1437.1,1438.7,1436.5,1437.8,14890
2026-09-09T13:25:00+05:30,1437.9,1438.7,1437,1437.8,6462
2026-09-09T13:30:00+05:30,1437.9,1439.6,1437.8,1439.6,6731
2026-09-09T13:35:00+05:30,1439.6,1444,1439.6,1441.3,27922
2026-09-09T13:40:00+05:30,1441.3,1443.8,1438.8,1439.6,13845
2026-09-09T13:45:00+05:30,1439.6,1440,1438,1438.4,9063
2026-09-09T13:50:00+05:30,1438.7,1439.6,1438,1438.4,6868
2026-09-09T13:55:00+05:30,1438.4,1439.1,1437.5,1439.1,5719
2026-09-09T14:00:00+05:30,1439.1,1440,1438.5,1438.7,8295
2026-09-09T14:05:00+05:30,1438.7,1441,1438.5,1438.6,12338
2026-09-09T14:10:00+05:30,1438.6,1440,1436.8,1437.7,8657
2026-09-09T14:15:00+05:30,1437.6,1438.7,1437.6,1438.3,4595
2026-09-09T14:20:00+05:30,1438.3,1439,1437.8,1438.3,9861
2026-09-09T14:25:00+05:30,1438.3,1438.3,1436,1436,6380
2026-09-09T14:30:00+05:30,1436,1437.6,1433.2,1433.3,17240
2026-09-09T14:35:00+05:30,1433.3,1434.9,1427,1428.4,56320
2026-09-09T14:40:00+05:30,1428.1,1428.5,1426,1426,19459
2026-09-09T14:45:00+05:30,1425.6,1427.9,1425.6,1427.3,16975
2026-09-09T14:50:00+05:30,1427.3,1427.3,1424.8,1424.9,23681
2026-09-09T14:55:00+05:30,1424.9,1425.6,1422.9,1423.9,57407
2026-09-09T15:00:00+05:30,1424,1424,1421.4,1422.1,25511
2026-09-09T15:05:00+05:30,1421.6,1424,1420,1422.7,39081
2026-09-09T15:10:00+05:30,1422.8,1424.7,1421.7,1424.4,38045
2026-09-10T09:15:00+05:30,1439.4,1439.4,1410.6,1413.4,109828
2026-09-10T09:20:00+05:30,1412.8,1417.2,1404,1404.2,64130
2026-09-10T09:25:00+05:30,1404.2,1410.5,1402.6,1407.8,40050
2026-09-10T09:30:00+05:30,1407.8,1408.7,1401.2,1403.6,45469
2026-09-10T09:35:00+05:30,1403.6,1404.7,1397,1398.1,49081
2026-09-10T09:40:00+05:30,1398.3,1406,1396.2,1403.9,38517
2026-09-10T09:45:00+05:30,1403.9,1406.9,1400.9,1406.4,37228
2026-09-10T09:50:00+05:30,1406.5,1407.9,1403.8,1404.8,18224
2026-09-10T09:55:00+05:30,1404.6,1408,1404.5,1407,13080
2026-09-10T10:00:00+05:30,1408.7,1408.7,1406.6,1408.3,16094
2026-09-10T10:05:00+05:30,1407.9,1408.4,1405.5,1407,9583
2026-09-10T10:10:00+05:30,1407,1407.8,1405.9,1407.5,12773
2026-09-10T10:15:00+05:30,1407.5,1409.7,1406.8,1406.8,17918
2026-09-10T10:20:00+05:30,1407.2,1407.2,1405.1,1406.3,10446
2026-09-10T10:25:00+05:30,1406.3,1406.5,1405.4,1406.2,6978
2026-09-10T10:30:00+05:30,1406.2,1408.6,1405.9,1406.7,13576
2026-09-10T10:35:00+05:30,1406.6,1408.1,1406.2,1407.4,7435
2026-09-10T10:40:00+05:30,1407,1408.7,1407,1407.1,7043
2026-09-10T10:45:00+05:30,1407.6,1408.2,1405.5,1405.5,10650
2026-09-10T10:50:00+05:30,1405.6,1406.5,1403.5,1403.5,11148
2026-09-10T10:55:00+05:30,1402.9,1403.5,1401.9,1402.1,15762
2026-09-10T11:00:00+05:30,1402.1,1403.2,1400.6,1403.1,13921
2026-09-10T11:05:00+05:30,1403.2,1403.4,1401.3,1401.6,11487
2026-09-10T11:10:00+05:30,1401.6,1403.7,1401.6,1403.7,7532
2026-09-10T11:15:00+05:30,1403.6,1404,1402.2,1402.9,7469
2026-09-10T11:20:00+05:30,1403.1,1403.1,1400.6,1402.2,15928
2026-09-10T11:25:00+05:30,1402.4,1402.8,1399.4,1400.4,20796
2026-09-10T11:30:00+05:30,1400.4,1400.9,1400,1400.9,9152
2026-09-10T11:35:00+05:30,1400.7,1401.8,1400.3,1401.1,5387
2026-09-10T11:40:00+05:30,1401.1,1411.3,1400,1410.9,29244
2026-09-10T11:45:00+05:30,1411.3,1411.3,1408,1409.3,20052
2026-09-10T11:50:00+05:30,1409,1409.3,1407.3,1408.2,13961
2026-09-10T11:55:00+05:30,1408.2,1408.8,1407.4,1408.7,8114
2026-09-10T12:00:00+05:30,1408.8,1410.4,1408.6,1409,13668
2026-09-10T12:05:00+05:30,1409,1409.5,1407.4,1407.6,9128
2026-09-10T12:10:00+05:30,1407.6,1410.8,1407.6,1409.2,15262
2026-09-10T12:15:00+05:30,1409.2,1414.1,1407.8,1413.3,34053
2026-09-10T12:20:00+05:30,1413.3,1413.3,1410.6,1410.8,7494
2026-09-10T12:25:00+05:30,1410.8,1412.2,1410.5,1411.5,7176
2026-09-10T12:30:00+05:30,1411.5,1411.5,1410.4,1410.4,18639
2026-09-10T12:35:00+05:30,1410.4,1411.7,1410.4,1411.1,6996
2026-09-10T12:40:00+05:30,1411.1,1413.2,1409.8,1410.3,15221
2026-09-10T12:45:00+05:30,1410.3,1410.3,1408.6,1410.2,5923
2026-09-10T12:50:00+05:30,1410.2,1412.3,1408.8,1410.3,11811
2026-09-10T12:55:00+05:30,1410.3,1410.3,1403.1,1403.1,19296
2026-09-10T13:00:00+05:30,1403.1,1403.8,1402.1,1403,9634
2026-09-10T13:05:00+05:30,1403,1403.2,1401.1,1401.9,9545
2026-09-10T13:10:00+05:30,1401.9,1403.8,1401.8,1403.5,9219
2026-09-10T13:15:00+05:30,1403.5,1403.5,1401.4,1401.8,14718
2026-09-10T13:20:00+05:30,1401.8,1404.1,1401,1403.7,8280
2026-09-10T13:25:00+05:30,1403.7,1403.7,1402.6,1402.9,3299
2026-09-10T13:30:00+05:30,1403,1403.7,1402.3,1402.8,6735
2026-09-10T13:35:00+05:30,1402.8,1403.6,1402.4,1403.5,5030
2026-09-10T13:40:00+05:30,1403.2,1403.5,1402.5,1402.6,3552
2026-09-10T13:45:00+05:30,1402.6,1402.7,1401.5,1401.9,8807
2026-09-10T13:50:00+05:30,1401.9,1402.9,1401.8,1402.4,6888
2026-09-10T13:55:00+05:30,1402.1,1402.1,1400,1401,14793
2026-09-10T14:00:00+05:30,1400.2,1401,1395.5,1397,34419
2026-09-10T14:05:00+05:30,1397,1397.9,1396.3,1397.2,7589
2026-09-10T14:10:00+05:30,1397.2,1397.3,1397,1397.3,9126
2026-09-10T14:15:00+05:30,1397.3,1397.3,1394.1,1394.1,24678
2026-09-10T14:20:00+05:30,1394.7,1394.7,1391.1,1391.6,13780
2026-09-10T14:25:00+05:30,1391.6,1392.5,1390.1,1391.6,11804
2026-09-10T14:30:00+05:30,1391.6,1392.6,1390.5,1390.8,15840
2026-09-10T14:35:00+05:30,1390.9,1390.9,1387,1387.5,20369
2026-09-10T14:40:00+05:30,1387.5,1391.8,1384.4,1390.4,36188
2026-09-10T14:45:00+05:30,1390,1391.4,1389.4,1390.3,18942
2026-09-10T14:50:00+05:30,1390.3,1390.4,1388.2,1389.1,14126
2026-09-10T14:55:00+05:30,1388.9,1390.1,1387.8,1389,22503
2026-09-10T15:00:00+05:30,1388.9,1389,1384.2,1385.3,50988
2026-09-10T15:05:00+05:30,1386,1387.3,1384.4,1387.1,43421
2026-09-10T15:10:00+05:30,1387,1387.1,1382.1,1383,67814
2026-09-11T09:15:00+05:30,1375,1382,1368.7,1370.6,66089
2026-09-11T09:20:00+05:30,1370.6,1375.4,1365.1,1372.9,46385
2026-09-11T09:25:00+05:30,1372.9,1374.3,1367.2,1367.2,12770
2026-09-11T09:30:00+05:30,1367.7,1376.7,1367.7,1373.6,43876
2026-09-11T09:35:00+05:30,1373.6,1375.9,1372.2,1373.7,14861
2026-09-11T09:40:00+05:30,1373.7,1374.7,1372.1,1372.3,12141
2026-09-11T09:45:00+05:30,1372.8,1373.1,1370.3,1373,13568
2026-09-11T09:50:00+05:30,1373.1,1375.2,1373.1,1374.5,9289
2026-09-11T09:55:00+05:30,1374.5,1375,1371.3,1371.3,6742
2026-09-11T10:00:00+05:30,1371.3,1375,1371.3,1372.5,11943
2026-09-11T10:05:00+05:30,1373,1375.9,1372.4,1375.2,14524
2026-09-11T10:10:00+05:30,1375.2,1376.7,1374.9,1376.5,15481
2026-09-11T10:15:00+05:30,1376.5,1377.5,1374.3,1376.5,32969
2026-09-11T10:20:00+05:30,1376.5,1377.4,1375.4,1375.7,55165
2026-09-11T10:25:00+05:30,1375.7,1376.1,1369.2,1371.5,27303
2026-09-11T10:30:00+05:30,1371.5,1375.4,1371.2,1375.4,7308
2026-09-11T10:35:00+05:30,1375.4,1375.7,1373.5,1375.7,15488
2026-09-11T10:40:00+05:30,1375.7,1377.7,1375.7,1377.7,15723
2026-09-11T10:45:00+05:30,1377.4,1377.4,1374.6,1374.9,11222
2026-09-11T10:50:00+05:30,1374.8,1375.1,1373.4,1373.8,10044
2026-09-11T10:55:00+05:30,1373.8,1374,1370,1370.4,15085
2026-09-11T11:00:00+05:30,1370.4,1372.8,1370,1371.4,14186
2026-09-11T11:05:00+05:30,1371.4,1374.5,1371.1,1374.1,5420
2026-09-11T11:10:00+05:30,1374,1377,1373.7,1375.7,9890
2026-09-11T11:15:00+05:30,1376.8,1377.5,1375,1377.2,9188
2026-09-11T11:20:00+05:30,1377.5,1377.5,1375.3,1375.8,5909
2026-09-11T11:25:00+05:30,1376.2,1376.2,1373.6,1373.9,8010
2026-09-11T11:30:00+05:30,1373.9,1374.4,1372.6,1373.8,10613
2026-09-11T11:35:00+05:30,1373.6,1373.9,1370.3,1370.4,9553
2026-09-11T11:40:00+05:30,1370.8,1372.6,1370.2,1372.3,4674
2026-09-11T11:45:00+05:30,1372.3,1373.6,1371.1,1371.6,4067
2026-09-11T11:50:00+05:30,1371.2,1373.5,1370.4,1373.3,4475
2026-09-11T11:55:00+05:30,1373.3,1373.3,1369.1,1371,17498
2026-09-11T12:00:00+05:30,1371,1374.1,1371,1373.3,10122
2026-09-11T12:05:00+05:30,1373.1,1374,1372.9,1372.9,3504
2026-09-11T12:10:00+05:30,1372.9,1372.9,1364.2,1367.8,28447
2026-09-11T12:15:00+05:30,1367.8,1369.2,1367.3,1368.2,13939
2026-09-11T12:20:00+05:30,1368.2,1371,1367.9,1370.6,9135
2026-09-11T12:25:00+05:30,1370.6,1370.6,1369.3,1369.8,5040
2026-09-11T12:30:00+05:30,1369.8,1371.2,1369.7,1370,3525
2026-09-11T12:35:00+05:30,1370,1370.4,1368.1,1369.5,12766
2026-09-11T12:40:00+05:30,1369.5,1369.5,1368.5,1369,4759
2026-09-11T12:45:00+05:30,1369,1369.9,1368.7,1369.2,4816
2026-09-11T12:50:00+05:30,1369.2,1369.8,1368.6,1369.7,4453
2026-09-11T12:55:00+05:30,1369.7,1371.2,1369.4,1370.9,5205
2026-09-11T13:00:00+05:30,1370.9,1370.9,1368.7,1368.8,5358
2026-09-11T13:05:00+05:30,1368.5,1368.8,1368.1,1368.7,2912
2026-09-11T13:10:00+05:30,1368.7,1369.7,1368.6,1369.7,2767
2026-09-11T13:15:00+05:30,1369.7,1370.6,1369.2,1369.5,4546
2026-09-11T13:20:00+05:30,1369.5,1369.8,1368.1,1369.2,4803
2026-09-11T13:25:00+05:30,1369.5,1370.8,1369.2,1370.8,2776
2026-09-11T13:30:00+05:30,1370.8,1371,1369.8,1370,9019
2026-09-11T13:35:00+05:30,1369.8,1371,1369.5,1369.7,8307
2026-09-11T13:40:00+05:30,1369.7,1369.7,1366,1367.6,14560
2026-09-11T13:45:00+05:30,1368.5,1369.9,1367.5,1369.2,2581
2026-09-11T13:50:00+05:30,1369.2,1372.9,1369.1,1370.7,10326
2026-09-11T13:55:00+05:30,1370.7,1372.2,1370.3,1370.8,16206
2026-09-11T14:00:00+05:30,1370.8,1374.7,1370.4,1374.1,15526
2026-09-11T14:05:00+05:30,1374.1,1374.6,1372.1,1372.4,11054
2026-09-11T14:10:00+05:30,1372.3,1372.3,1370.5,1371.8,8275
2026-09-11T14:15:00+05:30,1371.8,1373.2,1370.8,1371.3,10578
2026-09-11T14:20:00+05:30,1371.3,1371.3,1369.3,1371.2,21836
2026-09-11T14:25:00+05:30,1371.2,1372.6,1370.7,1371.4,13595
2026-09-11T14:30:00+05:30,1371.7,1372.3,1370.7,1370.7,11777
2026-09-11T14:35:00+05:30,1370.1,1373.2,1370.1,1371.7,20403
2026-09-11T14:40:00+05:30,1371.8,1371.9,1371.3,1371.6,10886
2026-09-11T14:45:00+05:30,1371.5,1371.7,1370.9,1371.1,24191
2026-09-11T14:50:00+05:30,1371.1,1372.6,1371,1372,29707
2026-09-11T14:55:00+05:30,1372.2,1373.5,1371.6,1373.1,23220
2026-09-11T15:00:00+05:30,1372.6,1372.8,1370.7,1370.7,34239
2026-09-11T15:05:00+05:30,1370.9,1374.4,1370.5,1374.3,37217
2026-09-11T15:10:00+05:30,1374.3,1378.6,1374.2,1376.5,47921
2026-09-15T09:15:00+05:30,1377.6,1379.8,1360.1,1362.2,72702
2026-09-15T09:20:00+05:30,1362.6,1365.1,1358.1,1362,36718
2026-09-15T09:25:00+05:30,1363.1,1366.3,1359.7,1365.6,19526
