date,open,high,low,close,volume
2026-06-08T09:15:00+05:30,10092,10092,10012,10034,2106
2026-06-08T09:20:00+05:30,10035,10043,10001,10010,1300
2026-06-08T09:25:00+05:30,10010,10069,10002,10058,1946
2026-06-08T09:30:00+05:30,10049,10067,10042,10042,495
2026-06-08T09:35:00+05:30,10042,10042,10000,10030,1087
2026-06-08T09:40:00+05:30,10030,10032,10008,10017,200
2026-06-08T09:45:00+05:30,10017,10017,10000,10009,636
2026-06-08T09:50:00+05:30,10009,10009,9980,10001,1780
2026-06-08T09:55:00+05:30,10001,10007,9991,10003,392
2026-06-08T10:00:00+05:30,10003,10008,9983,10002,1068
2026-06-08T10:05:00+05:30,10002,10002,9972,9984,671
2026-06-08T10:10:00+05:30,9980,9996,9980,9989,548
2026-06-08T10:15:00+05:30,9985,9996,9973,9983,538
2026-06-08T10:20:00+05:30,9983,10018,9982,10005,616
2026-06-08T10:25:00+05:30,10000,10005,9985,9992,296
2026-06-08T10:30:00+05:30,9992,9997,9990,9991,238
2026-06-08T10:35:00+05:30,9991,10004,9987,10004,236
2026-06-08T10:40:00+05:30,10004,10004,9993,9999,142
2026-06-08T10:45:00+05:30,9997,9997,9982,9984,296
2026-06-08T10:50:00+05:30,9984,9999,9981,9981,616
2026-06-08T10:55:00+05:30,9981,9991,9981,9991,257
2026-06-08T11:00:00+05:30,9991,9995,9975,9983,427
2026-06-08T11:05:00+05:30,9983,9985,9975,9984,167
2026-06-08T11:10:00+05:30,9984,10000,9984,9990,301
2026-06-08T11:15:00+05:30,9990,9993,9980,9980,104
2026-06-08T11:20:00+05:30,9980,9985,9974,9975,249
2026-06-08T11:25:00+05:30,9975,9985,9975,9980,218
2026-06-08T11:30:00+05:30,9980,9985,9980,9985,77
2026-06-08T11:35:00+05:30,9985,9985,9980,9981,293
2026-06-08T11:40:00+05:30,9981,9996,9980,9993,892
2026-06-08T11:45:00+05:30,9993,9993,9985,9990,82
2026-06-08T11:50:00+05:30,9990,9991,9972,9991,579
2026-06-08T11:55:00+05:30,9991,10007,9984,9994,497
2026-06-08T12:00:00+05:30,9994,9995,9985,9989,62
2026-06-08T12:05:00+05:30,9989,9989,9982,9983,116
2026-06-08T12:10:00+05:30,9983,9992,9982,9991,354
2026-06-08T12:15:00+05:30,9991,9991,9979,9982,127
2026-06-08T12:20:00+05:30,9982,9982,9978,9978,135
2026-06-08T12:25:00+05:30,9978,9978,9972,9974,115
2026-06-08T12:30:00+05:30,9974,10003,9972,10003,565
2026-06-08T12:35:00+05:30,10003,10007,9989,9998,1222
2026-06-08T12:40:00+05:30,9998,10000,9998,10000,232
2026-06-08T12:45:00+05:30,10000,10003,9991,9999,233
2026-06-08T12:50:00+05:30,9999,9999,9992,9998,163
2026-06-08T12:55:00+05:30,9998,9998,9987,9996,260
2026-06-08T13:00:00+05:30,9996,9999,9992,9996,184
2026-06-08T13:05:00+05:30,9993,9995,9983,9989,232
2026-06-08T13:10:00+05:30,9989,9990,9981,9988,124
2026-06-08T13:15:00+05:30,9988,9988,9979,9980,114
2026-06-08T13:20:00+05:30,9985,10000,9978,9990,1166
2026-06-08T13:25:00+05:30,9990,10007,9990,9998,2699
2026-06-08T13:30:00+05:30,9998,10010,9995,9995,173
2026-06-08T13:35:00+05:30,9995,10003,9989,9995,126
2026-06-08T13:40:00+05:30,9995,9995,9985,9985,118
2026-06-08T13:45:00+05:30,9985,9985,9959,9967,668
2026-06-08T13:50:00+05:30,9968,9985,9968,9971,404
2026-06-08T13:55:00+05:30,9971,9971,9946,9963,974
2026-06-08T14:00:00+05:30,9963,9969,9957,9966,157
2026-06-08T14:05:00+05:30,9966,9979,9955,9979,1134
2026-06-08T14:10:00+05:30,9979,9997,9972,9988,662
2026-06-08T14:15:00+05:30,9988,9988,9961,9963,268
2026-06-08T14:20:00+05:30,9963,9967,9959,9960,242
2026-06-08T14:25:00+05:30,9960,9966,9959,9962,131
2026-06-08T14:30:00+05:30,9962,9967,9958,9967,333
2026-06-08T14:35:00+05:30,9967,9967,9956,9962,270
2026-06-08T14:40:00+05:30,9955,9970,9955,9970,291
2026-06-08T14:45:00+05:30,9970,9970,9965,9965,82
2026-06-08T14:50:00+05:30,9965,9970,9950,9950,193
2026-06-08T14:55:00+05:30,9950,9952,9935,9950,1235
2026-06-08T15:00:00+05:30,9941,9945,9906,9906,1041
2026-06-08T15:05:00+05:30,9908,9913,9900,9906,1674
2026-06-08T15:10:00+05:30,9901,9901,9860,9870,1675
2026-06-08T15:15:00+05:30,9870,9870,9851,9862,2183
2026-06-08T15:20:00+05:30,9862,9862,9816,9829,2637
2026-06-08T15:25:00+05:30,9829,9869,9823,9825,1329
2026-06-09T09:15:00+05:30,9938,10028,9870,10017,1228
2026-06-09T09:20:00+05:30,10027,10097,10027,10085,2678
2026-06-09T09:25:00+05:30,10076,10115,10061,10076,1746
2026-06-09T09:30:00+05:30,10060,10099,10047,10095,1775
2026-06-09T09:35:00+05:30,10095,10100,10085,10100,626
2026-06-09T09:40:00+05:30,10100,10100,10048,10058,860
2026-06-09T09:45:00+05:30,10058,10080,10045,10070,435
2026-06-09T09:50:00+05:30,10070,10073,10054,10066,239
2026-06-09T09:55:00+05:30,10066,10085,10053,10061,342
2026-06-09T10:00:00+05:30,10065,10071,10056,10059,178
2026-06-09T10:05:00+05:30,10059,10080,10059,10079,156
2026-06-09T10:10:00+05:30,10079,10100,10079,10098,530
2026-06-09T10:15:00+05:30,10092,10098,10090,10096,321
2026-06-09T10:20:00+05:30,10096,10096,10071,10075,202
2026-06-09T10:25:00+05:30,10075,10075,10061,10065,262
2026-06-09T10:30:00+05:30,10065,10071,10052,10064,156
2026-06-09T10:35:00+05:30,10064,10066,10034,10047,386
2026-06-09T10:40:00+05:30,10047,10061,10041,10059,81
2026-06-09T10:45:00+05:30,10059,10130,10059,10124,1263
2026-06-09T10:50:00+05:30,10124,10140,10120,10140,501
2026-06-09T10:55:00+05:30,10140,10147,10129,10138,492
2026-06-09T11:00:00+05:30,10138,10140,10103,10112,18730
2026-06-09T11:05:00+05:30,10112,10118,10112,10113,112
2026-06-09T11:10:00+05:30,10113,10119,10100,10118,463
2026-06-09T11:15:00+05:30,10118,10133,10113,10130,128
2026-06-09T11:20:00+05:30,10130,10132,10108,10108,236
2026-06-09T11:25:00+05:30,10108,10118,10100,10114,162
2026-06-09T11:30:00+05:30,10114,10134,10108,10130,176
2026-06-09T11:35:00+05:30,10130,10137,10126,10127,175
2026-06-09T11:40:00+05:30,10127,10136,10127,10136,50
2026-06-09T11:45:00+05:30,10136,10136,10125,10129,266
2026-06-09T11:50:00+05:30,10129,10135,10129,10134,133
2026-06-09T11:55:00+05:30,10134,10135,10130,10135,67
2026-06-09T12:00:00+05:30,10135,10145,10128,10145,455
2026-06-09T12:05:00+05:30,10145,10148,10140,10140,120
2026-06-09T12:10:00+05:30,10140,10148,10140,10146,342
2026-06-09T12:15:00+05:30,10146,10170,10146,10153,681
2026-06-09T12:20:00+05:30,10153,10166,10153,10161,133
2026-06-09T12:25:00+05:30,10161,10161,10146,10155,92
2026-06-09T12:30:00+05:30,10155,10164,10155,10155,145
2026-06-09T12:35:00+05:30,10156,10166,10154,10154,137
2026-06-09T12:40:00+05:30,10154,10220,10154,10220,2613
2026-06-09T12:45:00+05:30,10214,10216,10194,10200,442
2026-06-09T12:50:00+05:30,10200,10200,10194,10199,50
2026-06-09T12:55:00+05:30,10199,10199,10185,10186,178
2026-06-09T13:00:00+05:30,10195,10198,10188,10198,56
2026-06-09T13:05:00+05:30,10198,10199,10195,10199,65
2026-06-09T13:10:00+05:30,10199,10202,10188,10194,530
2026-06-09T13:15:00+05:30,10194,10203,10194,10198,59
2026-06-09T13:20:00+05:30,10198,10203,10191,10191,55
2026-06-09T13:25:00+05:30,10191,10191,10156,10168,250
2026-06-09T13:30:00+05:30,10174,10174,10168,10173,82
2026-06-09T13:35:00+05:30,10173,10199,10173,10199,159
2026-06-09T13:40:00+05:30,10199,10200,10187,10187,348
2026-06-09T13:45:00+05:30,10187,10200,10187,10195,128
2026-06-09T13:50:00+05:30,10195,10203,10195,10202,101
2026-06-09T13:55:00+05:30,10196,10209,10180,10207,938
2026-06-09T14:00:00+05:30,10207,10215,10197,10198,338
2026-06-09T14:05:00+05:30,10198,10209,10198,10204,150
2026-06-09T14:10:00+05:30,10204,10210,10204,10210,66
2026-06-09T14:15:00+05:30,10210,10210,10206,10210,119
2026-06-09T14:20:00+05:30,10210,10215,10208,10209,125
2026-06-09T14:25:00+05:30,10209,10214,10205,10212,289
2026-06-09T14:30:00+05:30,10212,10232,10212,10221,1156
2026-06-09T14:35:00+05:30,10221,10227,10213,10213,255
2026-06-09T14:40:00+05:30,10213,10240,10213,10231,597
2026-06-09T14:45:00+05:30,10231,10237,10226,10231,576
2026-06-09T14:50:00+05:30,10231,10239,10230,10239,273
2026-06-09T14:55:00+05:30,10239,10271,10232,10262,1497
2026-06-09T15:00:00+05:30,10262,10272,10228,10268,1489
2026-06-09T15:05:00+05:30,10262,10279,10258,10258,1148
2026-06-09T15:10:00+05:30,10258,10263,10245,10250,673
2026-06-09T15:15:00+05:30,10251,10268,10249,10250,2132
2026-06-09T15:20:00+05:30,10250,10251,10227,10237,1273
2026-06-09T15:25:00+05:30,10237,10280,10201,10220,1937
2026-06-10T09:15:00+05:30,10280,10283,10206,10242,1503
2026-06-10T09:20:00+05:30,10228,10237,10176,10194,654
2026-06-10T09:25:00+05:30,10194,10214,10183,10202,595
2026-06-10T09:30:00+05:30,10202,10211,10182,10196,576
2026-06-10T09:35:00+05:30,10196,10196,10170,10172,189
2026-06-10T09:40:00+05:30,10172,10224,10172,10207,1993
2026-06-10T09:45:00+05:30,10210,10270,10200,10258,915
2026-06-10T09:50:00+05:30,10258,10258,10238,10238,74
2026-06-10T09:55:00+05:30,10238,10239,10201,10211,344
2026-06-10T10:00:00+05:30,10211,10211,10200,10205,38
2026-06-10T10:05:00+05:30,10205,10205,10197,10198,129
2026-06-10T10:10:00+05:30,10198,10198,10180,10187,125
2026-06-10T10:15:00+05:30,10187,10187,10153,10168,721
2026-06-10T10:20:00+05:30,10168,10168,10155,10155,182
2026-06-10T10:25:00+05:30,10155,10161,10147,10155,331
2026-06-10T10:30:00+05:30,10155,10184,10155,10170,306
2026-06-10T10:35:00+05:30,10170,10195,10170,10180,229
2026-06-10T10:40:00+05:30,10180,10194,10180,10183,60
2026-06-10T10:45:00+05:30,10183,10183,10150,10151,353
2026-06-10T10:50:00+05:30,10151,10164,10145,10161,120
2026-06-10T10:55:00+05:30,10161,10163,10150,10154,153
2026-06-10T11:00:00+05:30,10154,10171,10154,10162,248
2026-06-10T11:05:00+05:30,10162,10235,10162,10213,819
2026-06-10T11:10:00+05:30,10213,10243,10206,10206,603
2026-06-10T11:15:00+05:30,10206,10234,10201,10201,1341
2026-06-10T11:20:00+05:30,10201,10210,10200,10203,2488
2026-06-10T11:25:00+05:30,10203,10218,10203,10203,36
2026-06-10T11:30:00+05:30,10203,10209,10200,10209,36
2026-06-10T11:35:00+05:30,10209,10216,10209,10210,248
2026-06-10T11:40:00+05:30,10210,10210,10205,10206,119
2026-06-10T11:45:00+05:30,10206,10210,10200,10200,117
2026-06-10T11:50:00+05:30,10200,10208,10200,10200,217
2026-06-10T11:55:00+05:30,10200,10204,10200,10204,523
2026-06-10T12:00:00+05:30,10204,10205,10200,10202,113
2026-06-10T12:05:00+05:30,10202,10205,10202,10205,19
2026-06-10T12:10:00+05:30,10205,10205,10205,10205,1
2026-06-10T12:15:00+05:30,10205,10212,10205,10205,59
2026-06-10T12:20:00+05:30,10205,10209,10200,10209,563
2026-06-10T12:25:00+05:30,10209,10209,10201,10201,61
2026-06-10T12:30:00+05:30,10201,10203,10200,10200,20
2026-06-10T12:35:00+05:30,10200,10200,10190,10193,2085
2026-06-10T12:40:00+05:30,10193,10193,10181,10181,35
2026-06-10T12:45:00+05:30,10181,10181,10171,10178,34
2026-06-10T12:50:00+05:30,10178,10201,10176,10188,96
2026-06-10T12:55:00+05:30,10188,10194,10170,10175,313
2026-06-10T13:00:00+05:30,10175,10182,10166,10170,416
2026-06-10T13:05:00+05:30,10170,10181,10170,10175,88
2026-06-10T13:10:00+05:30,10183,10190,10174,10174,190
2026-06-10T13:15:00+05:30,10174,10182,10167,10177,58
2026-06-10T13:20:00+05:30,10177,10177,10145,10145,350
2026-06-10T13:25:00+05:30,10145,10149,10141,10149,20
2026-06-10T13:30:00+05:30,10149,10156,10140,10154,1011
2026-06-10T13:35:00+05:30,10154,10175,10150,10171,404
2026-06-10T13:40:00+05:30,10171,10174,10161,10164,452
2026-06-10T13:45:00+05:30,10158,10169,10158,10167,40
2026-06-10T13:50:00+05:30,10167,10169,10145,10149,581
2026-06-10T13:55:00+05:30,10149,10154,10149,10150,12
2026-06-10T14:00:00+05:30,10150,10161,10149,10160,93
2026-06-10T14:05:00+05:30,10160,10189,10160,10187,188
2026-06-10T14:10:00+05:30,10187,10187,10143,10149,462
2026-06-10T14:15:00+05:30,10149,10155,10149,10150,33
2026-06-10T14:20:00+05:30,10146,10150,10138,10148,331
2026-06-10T14:25:00+05:30,10148,10150,10142,10145,59
2026-06-10T14:30:00+05:30,10145,10145,10130,10135,298
2026-06-10T14:35:00+05:30,10135,10135,10110,10120,462
2026-06-10T14:40:00+05:30,10120,10120,10100,10104,360
2026-06-10T14:45:00+05:30,10104,10104,10075,10077,119
2026-06-10T14:50:00+05:30,10077,10079,10063,10072,114
2026-06-10T14:55:00+05:30,10072,10099,10054,10090,245
2026-06-10T15:00:00+05:30,10090,10101,10045,10051,1630
2026-06-10T15:05:00+05:30,10051,10051,10015,10020,1022
2026-06-10T15:10:00+05:30,10020,10029,9989,9989,1076
2026-06-10T15:15:00+05:30,9993,10013,9974,10012,837
2026-06-10T15:20:00+05:30,10012,10048,10012,10045,1031
2026-06-10T15:25:00+05:30,10036,10061,10030,10050,1077
2026-06-11T09:15:00+05:30,9976,10008,9954,9998,447
2026-06-11T09:20:00+05:30,9998,10021,9998,10003,473
2026-06-11T09:25:00+05:30,10007,10007,9972,9983,406
2026-06-11T09:30:00+05:30,9983,9986,9964,9964,263
2026-06-11T09:35:00+05:30,9964,10004,9960,9998,279
2026-06-11T09:40:00+05:30,9998,10001,9978,9986,167
2026-06-11T09:45:00+05:30,9986,10001,9935,9991,1014
2026-06-11T09:50:00+05:30,9991,9991,9970,9970,427
2026-06-11T09:55:00+05:30,9970,9970,9942,9948,254
2026-06-11T10:00:00+05:30,9948,9961,9923,9923,673
2026-06-11T10:05:00+05:30,9925,9967,9911,9958,894
2026-06-11T10:10:00+05:30,9958,9963,9931,9931,210
2026-06-11T10:15:00+05:30,9931,9960,9928,9957,422
2026-06-11T10:20:00+05:30,9957,9968,9952,9956,314
2026-06-11T10:25:00+05:30,9956,9964,9956,9960,131
2026-06-11T10:30:00+05:30,9960,9961,9955,9956,62
2026-06-11T10:35:00+05:30,9956,9957,9945,9946,165
2026-06-11T10:40:00+05:30,9946,9964,9943,9958,508
2026-06-11T10:45:00+05:30,9958,9959,9953,9954,50
2026-06-11T10:50:00+05:30,9954,9954,9921,9921,184
2026-06-11T10:55:00+05:30,9921,9929,9920,9929,265
2026-06-11T11:00:00+05:30,9929,9930,9911,9925,305
2026-06-11T11:05:00+05:30,9925,9938,9925,9930,162
2026-06-11T11:10:00+05:30,9930,9930,9915,9915,76
2026-06-11T11:15:00+05:30,9916,9934,9916,9934,188
2026-06-11T11:20:00+05:30,9934,9951,9934,9951,116
2026-06-11T11:25:00+05:30,9951,9960,9945,9951,208
2026-06-11T11:30:00+05:30,9951,9975,9947,9967,348
2026-06-11T11:35:00+05:30,9967,9967,9955,9956,47
2026-06-11T11:40:00+05:30,9956,9965,9956,9960,32
2026-06-11T11:45:00+05:30,9960,9966,9955,9961,32
2026-06-11T11:50:00+05:30,9961,9975,9961,9975,83
2026-06-11T11:55:00+05:30,9975,9975,9971,9975,26
2026-06-11T12:00:00+05:30,9975,9975,9965,9965,118
2026-06-11T12:05:00+05:30,9965,9965,9954,9954,85
2026-06-11T12:10:00+05:30,9954,9954,9951,9951,28
2026-06-11T12:15:00+05:30,9951,9970,9951,9960,824
2026-06-11T12:20:00+05:30,9960,9960,9920,9932,894
2026-06-11T12:25:00+05:30,9932,9945,9932,9938,115
2026-06-11T12:30:00+05:30,9938,9949,9938,9939,34
2026-06-11T12:35:00+05:30,9939,9944,9930,9935,275
2026-06-11T12:40:00+05:30,9935,9935,9920,9927,946
2026-06-11T12:45:00+05:30,9927,9942,9923,9936,170
2026-06-11T12:50:00+05:30,9936,9936,9908,9909,1428
2026-06-11T12:55:00+05:30,9909,9925,9909,9924,533
2026-06-11T13:00:00+05:30,9924,9940,9920,9920,196
2026-06-11T13:05:00+05:30,9920,9926,9910,9910,140
2026-06-11T13:10:00+05:30,9906,9910,9903,9909,296
2026-06-11T13:15:00+05:30,9908,9908,9890,9896,397
2026-06-11T13:20:00+05:30,9896,9900,9880,9883,905
2026-06-11T13:25:00+05:30,9883,9883,9868,9869,106
2026-06-11T13:30:00+05:30,9869,9902,9869,9895,531
2026-06-11T13:35:00+05:30,9895,9901,9870,9870,363
2026-06-11T13:40:00+05:30,9870,9884,9870,9880,860
2026-06-11T13:45:00+05:30,9880,9884,9867,9877,241
2026-06-11T13:50:00+05:30,9877,9885,9872,9878,204
2026-06-11T13:55:00+05:30,9878,9898,9878,9888,286
2026-06-11T14:00:00+05:30,9888,9888,9879,9885,297
2026-06-11T14:05:00+05:30,9885,9896,9883,9883,124
2026-06-11T14:10:00+05:30,9883,9886,9877,9886,405
2026-06-11T14:15:00+05:30,9886,9892,9875,9882,187
2026-06-11T14:20:00+05:30,9882,9891,9870,9870,635
2026-06-11T14:25:00+05:30,9873,9888,9872,9882,473
2026-06-11T14:30:00+05:30,9882,9906,9875,9879,926
2026-06-11T14:35:00+05:30,9879,9895,9870,9870,594
2026-06-11T14:40:00+05:30,9870,9885,9870,9871,588
2026-06-11T14:45:00+05:30,9876,9881,9865,9879,882
2026-06-11T14:50:00+05:30,9879,9880,9875,9877,310
2026-06-11T14:55:00+05:30,9877,9877,9865,9874,464
2026-06-11T15:00:00+05:30,9874,9885,9860,9861,734
2026-06-11T15:05:00+05:30,9854,9867,9853,9859,503
2026-06-11T15:10:00+05:30,9861,9863,9850,9863,995
2026-06-11T15:15:00+05:30,9866,9880,9852,9875,1111
2026-06-11T15:20:00+05:30,9875,9880,9865,9868,513
2026-06-11T15:25:00+05:30,9868,9883,9862,9872,938
2026-06-12T09:15:00+05:30,9958,9998,9904,9988,1582
2026-06-12T09:20:00+05:30,9989,10024,9989,10009,569
2026-06-12T09:25:00+05:30,10009,10023,9989,9989,341
2026-06-12T09:30:00+05:30,9984,10020,9969,10002,1454
2026-06-12T09:35:00+05:30,10002,10011,9999,9999,120
2026-06-12T09:40:00+05:30,9999,9999,9973,9978,251
2026-06-12T09:45:00+05:30,9978,9999,9972,9995,655
2026-06-12T09:50:00+05:30,9995,9998,9975,9975,219
2026-06-12T09:55:00+05:30,9974,9980,9971,9971,162
2026-06-12T10:00:00+05:30,9971,9977,9955,9956,360
2026-06-12T10:05:00+05:30,9956,9968,9951,9966,158
2026-06-12T10:10:00+05:30,9966,9966,9941,9961,143
2026-06-12T10:15:00+05:30,9964,9964,9953,9960,92
2026-06-12T10:20:00+05:30,9960,9965,9960,9960,42
2026-06-12T10:25:00+05:30,9960,9968,9951,9953,268
2026-06-12T10:30:00+05:30,9953,9963,9952,9956,32
2026-06-12T10:35:00+05:30,9956,9968,9951,9968,71
2026-06-12T10:40:00+05:30,9968,9968,9946,9946,42
2026-06-12T10:45:00+05:30,9946,10007,9945,10000,1271
2026-06-12T10:50:00+05:30,10000,10004,10000,10002,143
2026-06-12T10:55:00+05:30,10002,10021,10000,10009,368
2026-06-12T11:00:00+05:30,10009,10015,9995,10000,122
2026-06-12T11:05:00+05:30,10000,10006,9999,10000,28
2026-06-12T11:10:00+05:30,10000,10005,10000,10005,9
2026-06-12T11:15:00+05:30,10006,10014,10005,10010,52
2026-06-12T11:20:00+05:30,10010,10017,10006,10016,203
2026-06-12T11:25:00+05:30,10016,10016,10000,10000,90
2026-06-12T11:30:00+05:30,10000,10004,10000,10004,18
2026-06-12T11:35:00+05:30,10004,10014,10000,10011,45
2026-06-12T11:40:00+05:30,10011,10011,10003,10009,11
2026-06-12T11:45:00+05:30,10009,10014,10004,10012,120
2026-06-12T11:50:00+05:30,10012,10012,10000,10006,19
2026-06-12T11:55:00+05:30,10006,10006,10001,10001,14
2026-06-12T12:00:00+05:30,10001,10006,10000,10006,31
2026-06-12T12:05:00+05:30,10006,10006,10000,10000,66
2026-06-12T12:10:00+05:30,10000,10000,9978,9984,214
2026-06-12T12:15:00+05:30,9984,9988,9975,9983,268
2026-06-12T12:20:00+05:30,9983,9983,9983,9983,6
2026-06-12T12:25:00+05:30,9983,9988,9975,9988,95
2026-06-12T12:30:00+05:30,9988,9989,9982,9988,72
2026-06-12T12:35:00+05:30,9988,9990,9987,9988,23
2026-06-12T12:40:00+05:30,9988,9988,9966,9969,421
2026-06-12T12:45:00+05:30,9969,9970,9952,9958,154
2026-06-12T12:50:00+05:30,9958,9961,9956,9960,60
2026-06-12T12:55:00+05:30,9960,9960,9956,9957,30
2026-06-12T13:00:00+05:30,9957,9976,9952,9968,218
2026-06-12T13:05:00+05:30,9968,9972,9968,9972,22
2026-06-12T13:10:00+05:30,9972,9980,9972,9980,3
2026-06-12T13:15:00+05:30,9980,9980,9972,9972,2
2026-06-12T13:20:00+05:30,9972,9980,9972,9977,25
2026-06-12T13:25:00+05:30,9977,10020,9965,10016,518
2026-06-12T13:30:00+05:30,10016,10023,10004,10016,818
2026-06-12T13:35:00+05:30,10016,10056,10010,10056,847
2026-06-12T13:40:00+05:30,10056,10081,10049,10075,608
2026-06-12T13:45:00+05:30,10075,10100,10075,10091,553
2026-06-12T13:50:00+05:30,10091,10111,10085,10092,1246
2026-06-12T13:55:00+05:30,10092,10111,10084,10096,405
2026-06-12T14:00:00+05:30,10096,10119,10096,10107,523
2026-06-12T14:05:00+05:30,10107,10117,10102,10102,188
2026-06-12T14:10:00+05:30,10102,10112,10095,10099,623
2026-06-12T14:15:00+05:30,10099,10112,10099,10108,362
2026-06-12T14:20:00+05:30,10108,10126,10108,10117,488
2026-06-12T14:25:00+05:30,10112,10117,10106,10113,241
2026-06-12T14:30:00+05:30,10120,10127,10112,10121,555
2026-06-12T14:35:00+05:30,10121,10121,10106,10110,324
2026-06-12T14:40:00+05:30,10113,10125,10096,10125,1165
2026-06-12T14:45:00+05:30,10120,10136,10110,10116,1424
2026-06-12T14:50:00+05:30,10116,10124,10110,10123,221
2026-06-12T14:55:00+05:30,10123,10155,10123,10151,1026
2026-06-12T15:00:00+05:30,10136,10170,10136,10160,635
2026-06-12T15:05:00+05:30,10160,10171,10155,10162,1005
2026-06-12T15:10:00+05:30,10157,10170,10150,10161,800
2026-06-12T15:15:00+05:30,10161,10173,10155,10165,920
2026-06-12T15:20:00+05:30,10165,10173,10136,10162,1698
2026-06-12T15:25:00+05:30,10162,10199,10154,10156,1248
2026-06-15T09:15:00+05:30,10280,10409,10254,10400,2047
2026-06-15T09:20:00+05:30,10390,10475,10357,10464,1941
2026-06-15T09:25:00+05:30,10464,10464,10383,10404,4355
2026-06-15T09:30:00+05:30,10413,10418,10398,10416,225
2026-06-15T09:35:00+05:30,10416,10487,10415,10467,1531
2026-06-15T09:40:00+05:30,10467,10500,10460,10493,2040
2026-06-15T09:45:00+05:30,10486,10495,10473,10489,718
2026-06-15T09:50:00+05:30,10489,10497,10468,10485,279
2026-06-15T09:55:00+05:30,10485,10491,10484,10484,77
2026-06-15T10:00:00+05:30,10484,10531,10484,10512,2349
2026-06-15T10:05:00+05:30,10505,10511,10500,10511,154
2026-06-15T10:10:00+05:30,10511,10529,10500,10516,671
2026-06-15T10:15:00+05:30,10520,10530,10516,10524,789
2026-06-15T10:20:00+05:30,10524,10544,10524,10544,620
2026-06-15T10:25:00+05:30,10542,10544,10533,10542,174
2026-06-15T10:30:00+05:30,10542,10552,10534,10539,1741
2026-06-15T10:35:00+05:30,10539,10543,10526,10529,137
2026-06-15T10:40:00+05:30,10529,10550,10526,10549,634
2026-06-15T10:45:00+05:30,10549,10549,10540,10540,88
2026-06-15T10:50:00+05:30,10540,10540,10476,10487,742
2026-06-15T10:55:00+05:30,10487,10525,10470,10504,1152
2026-06-15T11:00:00+05:30,10504,10517,10504,10517,132
2026-06-15T11:05:00+05:30,10517,10524,10497,10500,484
2026-06-15T11:10:00+05:30,10500,10512,10490,10511,321
2026-06-15T11:15:00+05:30,10511,10535,10503,10520,254
2026-06-15T11:20:00+05:30,10520,10527,10507,10507,41
2026-06-15T11:25:00+05:30,10507,10510,10503,10508,80
2026-06-15T11:30:00+05:30,10514,10514,10507,10508,10
2026-06-15T11:35:00+05:30,10508,10514,10506,10506,20
2026-06-15T11:40:00+05:30,10506,10519,10506,10510,219
2026-06-15T11:45:00+05:30,10510,10510,10503,10510,12
2026-06-15T11:50:00+05:30,10510,10510,10492,10492,423
2026-06-15T11:55:00+05:30,10492,10492,10471,10485,451
2026-06-15T12:00:00+05:30,10485,10488,10475,10482,323
2026-06-15T12:05:00+05:30,10483,10483,10469,10472,324
2026-06-15T12:10:00+05:30,10472,10481,10472,10477,49
2026-06-15T12:15:00+05:30,10477,10477,10426,10426,2116
2026-06-15T12:20:00+05:30,10426,10439,10425,10430,416
2026-06-15T12:25:00+05:30,10430,10439,10416,10417,167
2026-06-15T12:30:00+05:30,10417,10422,10412,10416,581
2026-06-15T12:35:00+05:30,10416,10432,10411,10411,375
2026-06-15T12:40:00+05:30,10411,10425,10411,10425,434
2026-06-15T12:45:00+05:30,10425,10428,10418,10428,64
2026-06-15T12:50:00+05:30,10428,10428,10408,10422,574
2026-06-15T12:55:00+05:30,10422,10422,10406,10406,670
2026-06-15T13:00:00+05:30,10406,10410,10400,10400,578
2026-06-15T13:05:00+05:30,10400,10430,10400,10417,2817
2026-06-15T13:10:00+05:30,10417,10438,10414,10429,598
2026-06-15T13:15:00+05:30,10429,10429,10421,10429,85
2026-06-15T13:20:00+05:30,10429,10429,10400,10411,750
2026-06-15T13:25:00+05:30,10411,10423,10393,10418,562
2026-06-15T13:30:00+05:30,10418,10426,10396,10396,953
2026-06-15T13:35:00+05:30,10396,10400,10394,10400,106
2026-06-15T13:40:00+05:30,10400,10414,10395,10400,331
2026-06-15T13:45:00+05:30,10400,10495,10400,10427,4007
2026-06-15T13:50:00+05:30,10427,10438,10400,10406,1604
2026-06-15T13:55:00+05:30,10406,10413,10387,10400,636
2026-06-15T14:00:00+05:30,10400,10407,10393,10400,1173
2026-06-15T14:05:00+05:30,10400,10404,10360,10367,1086
2026-06-15T14:10:00+05:30,10367,10372,10357,10364,266
2026-06-15T14:15:00+05:30,10364,10376,10350,10350,528
2026-06-15T14:20:00+05:30,10350,10359,10343,10346,844
2026-06-15T14:25:00+05:30,10346,10370,10344,10365,809
2026-06-15T14:30:00+05:30,10365,10389,10365,10385,114
2026-06-15T14:35:00+05:30,10385,10391,10380,10387,345
2026-06-15T14:40:00+05:30,10387,10387,10365,10373,410
2026-06-15T14:45:00+05:30,10373,10379,10360,10372,293
2026-06-15T14:50:00+05:30,10372,10384,10366,10369,556
2026-06-15T14:55:00+05:30,10369,10372,10351,10355,653
2026-06-15T15:00:00+05:30,10357,10357,10280,10287,2772
2026-06-15T15:05:00+05:30,10287,10298,10270,10273,1855
2026-06-15T15:10:00+05:30,10273,10284,10254,10272,2023
2026-06-15T15:15:00+05:30,10272,10296,10265,10294,1160
2026-06-15T15:20:00+05:30,10294,10294,10272,10277,1548
2026-06-15T15:25:00+05:30,10277,10290,10255,10281,1951
2026-06-16T09:15:00+05:30,10350,10442,10302,10442,1611
2026-06-16T09:20:00+05:30,10423,10423,10316,10350,1848
2026-06-16T09:25:00+05:30,10346,10352,10298,10332,1294
2026-06-16T09:30:00+05:30,10332,10346,10295,10295,677
2026-06-16T09:35:00+05:30,10300,10362,10300,10362,1020
2026-06-16T09:40:00+05:30,10360,10399,10348,10378,1567
2026-06-16T09:45:00+05:30,10374,10391,10352,10363,264
2026-06-16T09:50:00+05:30,10363,10403,10357,10402,928
2026-06-16T09:55:00+05:30,10400,10414,10390,10403,580
2026-06-16T10:00:00+05:30,10403,10417,10381,10386,371
2026-06-16T10:05:00+05:30,10386,10397,10386,10390,79
2026-06-16T10:10:00+05:30,10390,10415,10382,10395,253
2026-06-16T10:15:00+05:30,10395,10400,10391,10391,85
2026-06-16T10:20:00+05:30,10391,10396,10388,10396,16
2026-06-16T10:25:00+05:30,10396,10412,10396,10403,208
2026-06-16T10:30:00+05:30,10403,10411,10400,10401,104
2026-06-16T10:35:00+05:30,10401,10410,10401,10410,118
2026-06-16T10:40:00+05:30,10410,10413,10404,10410,90
2026-06-16T10:45:00+05:30,10410,10415,10404,10414,283
2026-06-16T10:50:00+05:30,10414,10414,10404,10411,182
2026-06-16T10:55:00+05:30,10411,10411,10410,10410,1
2026-06-16T11:00:00+05:30,10410,10424,10400,10418,662
2026-06-16T11:05:00+05:30,10418,10425,10403,10404,248
2026-06-16T11:10:00+05:30,10404,10415,10403,10413,266
2026-06-16T11:15:00+05:30,10413,10424,10406,10406,244
2026-06-16T11:20:00+05:30,10406,10433,10406,10426,235
2026-06-16T11:25:00+05:30,10426,10430,10419,10429,116
2026-06-16T11:30:00+05:30,10429,10430,10419,10423,367
2026-06-16T11:35:00+05:30,10423,10429,10396,10396,367
2026-06-16T11:40:00+05:30,10396,10417,10396,10417,181
2026-06-16T11:45:00+05:30,10417,10430,10411,10430,592
2026-06-16T11:50:00+05:30,10430,10455,10429,10454,874
2026-06-16T11:55:00+05:30,10454,10464,10441,10460,268
2026-06-16T12:00:00+05:30,10460,10464,10447,10450,245
2026-06-16T12:05:00+05:30,10450,10459,10447,10451,344
2026-06-16T12:10:00+05:30,10451,10460,10451,10458,94
2026-06-16T12:15:00+05:30,10458,10460,10449,10449,177
2026-06-16T12:20:00+05:30,10449,10450,10433,10445,137
2026-06-16T12:25:00+05:30,10445,10445,10438,10441,137
2026-06-16T12:30:00+05:30,10441,10445,10420,10420,652
2026-06-16T12:35:00+05:30,10420,10420,10400,10417,278
2026-06-16T12:40:00+05:30,10417,10417,10409,10409,76
2026-06-16T12:45:00+05:30,10409,10409,10404,10404,65
2026-06-16T12:50:00+05:30,10404,10410,10404,10409,165
2026-06-16T12:55:00+05:30,10410,10418,10410,10415,229
2026-06-16T13:00:00+05:30,10415,10420,10415,10420,33
2026-06-16T13:05:00+05:30,10420,10420,10416,10416,41
2026-06-16T13:10:00+05:30,10416,10449,10416,10449,704
2026-06-16T13:15:00+05:30,10449,10470,10433,10433,607
2026-06-16T13:20:00+05:30,10433,10448,10429,10443,418
2026-06-16T13:25:00+05:30,10443,10447,10432,10439,269
2026-06-16T13:30:00+05:30,10439,10447,10434,10436,103
2026-06-16T13:35:00+05:30,10436,10459,10436,10443,277
2026-06-16T13:40:00+05:30,10443,10458,10443,10458,99
2026-06-16T13:45:00+05:30,10458,10458,10442,10442,129
2026-06-16T13:50:00+05:30,10442,10455,10442,10451,114
2026-06-16T13:55:00+05:30,10451,10470,10451,10460,158
2026-06-16T14:00:00+05:30,10466,10466,10460,10464,131
2026-06-16T14:05:00+05:30,10464,10466,10464,10464,37
2026-06-16T14:10:00+05:30,10464,10470,10464,10467,225
2026-06-16T14:15:00+05:30,10467,10470,10467,10467,54
2026-06-16T14:20:00+05:30,10467,10467,10458,10458,41
2026-06-16T14:25:00+05:30,10458,10465,10457,10457,94
2026-06-16T14:30:00+05:30,10457,10458,10445,10458,391
2026-06-16T14:35:00+05:30,10458,10459,10445,10457,284
2026-06-16T14:40:00+05:30,10457,10464,10447,10447,242
2026-06-16T14:45:00+05:30,10447,10456,10447,10456,214
2026-06-16T14:50:00+05:30,10456,10461,10450,10461,124
2026-06-16T14:55:00+05:30,10461,10475,10457,10467,545
2026-06-16T15:00:00+05:30,10467,10474,10451,10470,959
2026-06-16T15:05:00+05:30,10470,10474,10467,10474,719
2026-06-16T15:10:00+05:30,10474,10476,10463,10470,771
2026-06-16T15:15:00+05:30,10470,10477,10454,10460,2792
2026-06-16T15:20:00+05:30,10460,10466,10450,10459,1075
2026-06-16T15:25:00+05:30,10459,10500,10436,10453,2005
2026-06-17T09:15:00+05:30,10500,10531,10428,10435,960
2026-06-17T09:20:00+05:30,10435,10519,10414,10514,948
2026-06-17T09:25:00+05:30,10514,10545,10498,10541,1791
2026-06-17T09:30:00+05:30,10541,10550,10525,10530,292
2026-06-17T09:35:00+05:30,10530,10540,10515,10529,319
2026-06-17T09:40:00+05:30,10529,10540,10520,10540,466
2026-06-17T09:45:00+05:30,10540,10540,10523,10525,171
2026-06-17T09:50:00+05:30,10525,10525,10500,10506,797
2026-06-17T09:55:00+05:30,10506,10516,10490,10507,1477
2026-06-17T10:00:00+05:30,10507,10507,10476,10476,214
2026-06-17T10:05:00+05:30,10476,10501,10476,10501,194
2026-06-17T10:10:00+05:30,10501,10504,10500,10504,199
2026-06-17T10:15:00+05:30,10504,10518,10495,10516,196
2026-06-17T10:20:00+05:30,10516,10518,10507,10507,353
2026-06-17T10:25:00+05:30,10507,10510,10490,10510,306
2026-06-17T10:30:00+05:30,10510,10519,10495,10515,315
2026-06-17T10:35:00+05:30,10515,10524,10500,10524,386
2026-06-17T10:40:00+05:30,10524,10535,10518,10535,223
2026-06-17T10:45:00+05:30,10535,10535,10521,10521,207
2026-06-17T10:50:00+05:30,10521,10521,10507,10515,158
2026-06-17T10:55:00+05:30,10515,10520,10507,10519,193
2026-06-17T11:00:00+05:30,10519,10519,10504,10511,157
2026-06-17T11:05:00+05:30,10511,10511,10501,10509,672
2026-06-17T11:10:00+05:30,10509,10575,10500,10568,1141
2026-06-17T11:15:00+05:30,10568,10598,10562,10567,1142
2026-06-17T11:20:00+05:30,10566,10590,10562,10572,1704
2026-06-17T11:25:00+05:30,10572,10572,10550,10555,181
2026-06-17T11:30:00+05:30,10555,10565,10548,10554,235
2026-06-17T11:35:00+05:30,10554,10554,10535,10538,149
2026-06-17T11:40:00+05:30,10538,10538,10526,10537,158
2026-06-17T11:45:00+05:30,10538,10538,10518,10524,594
2026-06-17T11:50:00+05:30,10524,10524,10510,10510,228
2026-06-17T11:55:00+05:30,10514,10533,10514,10533,478
2026-06-17T12:00:00+05:30,10533,10533,10524,10528,161
2026-06-17T12:05:00+05:30,10528,10541,10524,10540,190
2026-06-17T12:10:00+05:30,10540,10551,10539,10540,241
2026-06-17T12:15:00+05:30,10540,10543,10522,10527,160
2026-06-17T12:20:00+05:30,10527,10530,10524,10526,114
2026-06-17T12:25:00+05:30,10526,10526,10517,10517,221
2026-06-17T12:30:00+05:30,10517,10521,10515,10519,190
2026-06-17T12:35:00+05:30,10519,10521,10501,10501,592
2026-06-17T12:40:00+05:30,10501,10516,10500,10514,162
2026-06-17T12:45:00+05:30,10514,10518,10512,10515,368
2026-06-17T12:50:00+05:30,10515,10515,10512,10512,53
2026-06-17T12:55:00+05:30,10512,10515,10512,10514,163
2026-06-17T13:00:00+05:30,10514,10514,10501,10503,211
2026-06-17T13:05:00+05:30,10507,10507,10492,10492,367
2026-06-17T13:10:00+05:30,10492,10500,10492,10500,135
2026-06-17T13:15:00+05:30,10499,10511,10496,10511,197
2026-06-17T13:20:00+05:30,10511,10517,10504,10504,219
2026-06-17T13:25:00+05:30,10503,10504,10500,10500,103
2026-06-17T13:30:00+05:30,10500,10500,10495,10495,110
2026-06-17T13:35:00+05:30,10495,10496,10495,10496,100
2026-06-17T13:40:00+05:30,10496,10496,10486,10490,433
2026-06-17T13:45:00+05:30,10490,10495,10478,10489,376
2026-06-17T13:50:00+05:30,10489,10492,10476,10492,382
2026-06-17T13:55:00+05:30,10492,10492,10482,10482,50
2026-06-17T14:00:00+05:30,10482,10484,10472,10473,438
2026-06-17T14:05:00+05:30,10473,10489,10469,10481,204
2026-06-17T14:10:00+05:30,10481,10498,10478,10496,145
2026-06-17T14:15:00+05:30,10496,10511,10488,10505,386
2026-06-17T14:20:00+05:30,10505,10505,10500,10500,206
2026-06-17T14:25:00+05:30,10500,10501,10486,10490,173
2026-06-17T14:30:00+05:30,10486,10502,10486,10488,206
2026-06-17T14:35:00+05:30,10488,10498,10483,10498,237
2026-06-17T14:40:00+05:30,10498,10513,10498,10507,295
2026-06-17T14:45:00+05:30,10507,10507,10505,10506,112
2026-06-17T14:50:00+05:30,10506,10506,10497,10501,266
2026-06-17T14:55:00+05:30,10501,10526,10499,10522,2249
2026-06-17T15:00:00+05:30,10521,10522,10508,10515,2875
2026-06-17T15:05:00+05:30,10523,10527,10512,10512,2678
2026-06-17T15:10:00+05:30,10512,10516,10496,10500,677
2026-06-17T15:15:00+05:30,10504,10504,10452,10484,2887
2026-06-17T15:20:00+05:30,10485,10494,10470,10494,1719
2026-06-17T15:25:00+05:30,10505,10535,10490,10519,1237
2026-06-18T09:15:00+05:30,10550,10571,10518,10539,910
2026-06-18T09:20:00+05:30,10539,10546,10503,10515,543
2026-06-18T09:25:00+05:30,10515,10555,10513,10547,1061
2026-06-18T09:30:00+05:30,10547,10552,10536,10537,587
2026-06-18T09:35:00+05:30,10537,10550,10525,10550,400
2026-06-18T09:40:00+05:30,10550,10620,10544,10612,1471
2026-06-18T09:45:00+05:30,10610,10634,10589,10603,1038
2026-06-18T09:50:00+05:30,10603,10614,10593,10603,829
2026-06-18T09:55:00+05:30,10610,10614,10605,10613,472
2026-06-18T10:00:00+05:30,10609,10618,10606,10618,230
2026-06-18T10:05:00+05:30,10617,10647,10612,10612,1121
2026-06-18T10:10:00+05:30,10612,10625,10578,10581,941
2026-06-18T10:15:00+05:30,10585,10625,10578,10625,606
2026-06-18T10:20:00+05:30,10625,10668,10615,10637,1099
2026-06-18T10:25:00+05:30,10637,10648,10609,10609,600
2026-06-18T10:30:00+05:30,10609,10619,10600,10619,234
2026-06-18T10:35:00+05:30,10619,10619,10607,10612,192
2026-06-18T10:40:00+05:30,10612,10619,10598,10598,326
2026-06-18T10:45:00+05:30,10605,10615,10603,10614,269
2026-06-18T10:50:00+05:30,10614,10614,10581,10601,540
2026-06-18T10:55:00+05:30,10601,10614,10580,10598,667
2026-06-18T11:00:00+05:30,10598,10598,10580,10582,133
2026-06-18T11:05:00+05:30,10582,10584,10564,10575,450
2026-06-18T11:10:00+05:30,10575,10578,10540,10540,398
2026-06-18T11:15:00+05:30,10540,10548,10524,10528,668
2026-06-18T11:20:00+05:30,10528,10542,10527,10537,233
2026-06-18T11:25:00+05:30,10537,10551,10529,10540,350
2026-06-18T11:30:00+05:30,10540,10551,10501,10521,672
2026-06-18T11:35:00+05:30,10521,10528,10506,10513,281
2026-06-18T11:40:00+05:30,10513,10527,10500,10525,1909
2026-06-18T11:45:00+05:30,10525,10532,10520,10520,156
2026-06-18T11:50:00+05:30,10520,10521,10505,10510,518
2026-06-18T11:55:00+05:30,10510,10527,10510,10518,333
2026-06-18T12:00:00+05:30,10518,10528,10511,10519,370
2026-06-18T12:05:00+05:30,10520,10531,10510,10523,1026
2026-06-18T12:10:00+05:30,10523,10566,10523,10554,363
2026-06-18T12:15:00+05:30,10554,10590,10554,10571,664
2026-06-18T12:20:00+05:30,10571,10584,10562,10571,368
2026-06-18T12:25:00+05:30,10571,10571,10555,10565,200
2026-06-18T12:30:00+05:30,10565,10595,10565,10589,166
2026-06-18T12:35:00+05:30,10589,10600,10584,10595,304
2026-06-18T12:40:00+05:30,10595,10603,10583,10583,333
2026-06-18T12:45:00+05:30,10583,10593,10583,10593,23
2026-06-18T12:50:00+05:30,10593,10593,10578,10578,232
2026-06-18T12:55:00+05:30,10578,10610,10578,10603,577
2026-06-18T13:00:00+05:30,10603,10611,10600,10606,177
2026-06-18T13:05:00+05:30,10606,10606,10597,10600,75
2026-06-18T13:10:00+05:30,10600,10602,10580,10586,339
2026-06-18T13:15:00+05:30,10586,10586,10573,10574,50
2026-06-18T13:20:00+05:30,10574,10589,10574,10581,98
2026-06-18T13:25:00+05:30,10581,10594,10571,10584,632
2026-06-18T13:30:00+05:30,10581,10585,10577,10577,126
2026-06-18T13:35:00+05:30,10577,10590,10577,10585,90
2026-06-18T13:40:00+05:30,10585,10616,10582,10609,374
2026-06-18T13:45:00+05:30,10609,10616,10584,10585,410
2026-06-18T13:50:00+05:30,10585,10603,10581,10581,335
2026-06-18T13:55:00+05:30,10581,10594,10581,10594,56
2026-06-18T14:00:00+05:30,10594,10608,10568,10588,519
2026-06-18T14:05:00+05:30,10588,10589,10570,10576,88
2026-06-18T14:10:00+05:30,10576,10582,10560,10560,473
2026-06-18T14:15:00+05:30,10559,10572,10559,10572,213
2026-06-18T14:20:00+05:30,10572,10583,10555,10583,323
2026-06-18T14:25:00+05:30,10583,10589,10563,10585,462
2026-06-18T14:30:00+05:30,10585,10588,10579,10582,55
2026-06-18T14:35:00+05:30,10582,10599,10582,10596,288
2026-06-18T14:40:00+05:30,10596,10608,10596,10608,267
2026-06-18T14:45:00+05:30,10608,10624,10588,10593,858
2026-06-18T14:50:00+05:30,10585,10610,10585,10609,484
2026-06-18T14:55:00+05:30,10610,10641,10593,10635,1141
2026-06-18T15:00:00+05:30,10640,10665,10638,10656,2523
2026-06-18T15:05:00+05:30,10656,10665,10646,10660,1793
2026-06-18T15:10:00+05:30,10661,10690,10658,10677,2351
2026-06-18T15:15:00+05:30,10672,10685,10654,10670,2525
2026-06-18T15:20:00+05:30,10670,10700,10665,10700,4482
2026-06-18T15:25:00+05:30,10700,10705,10670,10690,3445
2026-06-19T09:15:00+05:30,10740,10740,10601,10619,977
2026-06-19T09:20:00+05:30,10619,10620,10586,10586,806
2026-06-19T09:25:00+05:30,10586,10700,10582,10699,1194
2026-06-19T09:30:00+05:30,10699,10699,10686,10695,208
2026-06-19T09:35:00+05:30,10695,10720,10679,10711,800
2026-06-19T09:40:00+05:30,10711,10721,10699,10715,996
2026-06-19T09:45:00+05:30,10715,10715,10695,10709,371
2026-06-19T09:50:00+05:30,10702,10763,10695,10763,2033
2026-06-19T09:55:00+05:30,10772,10803,10760,10803,1798
2026-06-19T10:00:00+05:30,10801,10803,10775,10792,1768
2026-06-19T10:05:00+05:30,10799,10844,10788,10825,1594
2026-06-19T10:10:00+05:30,10825,10841,10821,10837,569
2026-06-19T10:15:00+05:30,10836,10840,10808,10813,750
2026-06-19T10:20:00+05:30,10813,10813,10784,10790,1045
2026-06-19T10:25:00+05:30,10793,10807,10785,10792,850
2026-06-19T10:30:00+05:30,10799,10799,10771,10792,543
2026-06-19T10:35:00+05:30,10792,10795,10773,10787,565
2026-06-19T10:40:00+05:30,10787,10794,10778,10786,513
2026-06-19T10:45:00+05:30,10786,10791,10737,10755,2483
2026-06-19T10:50:00+05:30,10755,10765,10725,10741,2446
2026-06-19T10:55:00+05:30,10741,10743,10725,10735,746
2026-06-19T11:00:00+05:30,10735,10766,10725,10758,2084
2026-06-19T11:05:00+05:30,10758,10774,10758,10767,265
2026-06-19T11:10:00+05:30,10767,10775,10766,10767,138
2026-06-19T11:15:00+05:30,10767,10770,10757,10757,128
2026-06-19T11:20:00+05:30,10757,10763,10745,10750,142
2026-06-19T11:25:00+05:30,10750,10757,10740,10750,274
2026-06-19T11:30:00+05:30,10750,10760,10733,10760,424
2026-06-19T11:35:00+05:30,10760,10760,10725,10734,230
2026-06-19T11:40:00+05:30,10734,10737,10725,10734,198
2026-06-19T11:45:00+05:30,10734,10734,10701,10710,399
2026-06-19T11:50:00+05:30,10710,10726,10704,10704,644
2026-06-19T11:55:00+05:30,10704,10708,10680,10692,726
2026-06-19T12:00:00+05:30,10692,10725,10687,10701,672
2026-06-19T12:05:00+05:30,10693,10710,10693,10705,145
2026-06-19T12:10:00+05:30,10705,10705,10676,10691,686
2026-06-19T12:15:00+05:30,10691,10700,10681,10696,387
2026-06-19T12:20:00+05:30,10696,10700,10687,10694,184
2026-06-19T12:25:00+05:30,10694,10709,10693,10706,211
2026-06-19T12:30:00+05:30,10706,10706,10666,10671,383
2026-06-19T12:35:00+05:30,10671,10679,10668,10671,203
2026-06-19T12:40:00+05:30,10671,10682,10658,10673,179
2026-06-19T12:45:00+05:30,10673,10696,10673,10684,375
2026-06-19T12:50:00+05:30,10684,10690,10680,10686,449
2026-06-19T12:55:00+05:30,10686,10692,10670,10686,170
2026-06-19T13:00:00+05:30,10686,10686,10643,10649,292
2026-06-19T13:05:00+05:30,10649,10649,10633,10648,707
2026-06-19T13:10:00+05:30,10648,10648,10633,10640,315
2026-06-19T13:15:00+05:30,10640,10641,10625,10630,264
2026-06-19T13:20:00+05:30,10630,10639,10623,10628,150
2026-06-19T13:25:00+05:30,10628,10634,10622,10634,188
2026-06-19T13:30:00+05:30,10634,10634,10626,10630,171
2026-06-19T13:35:00+05:30,10630,10653,10628,10649,386
2026-06-19T13:40:00+05:30,10648,10649,10638,10641,134
2026-06-19T13:45:00+05:30,10641,10648,10632,10648,154
2026-06-19T13:50:00+05:30,10648,10648,10629,10632,105
2026-06-19T13:55:00+05:30,10632,10646,10631,10641,207
2026-06-19T14:00:00+05:30,10641,10645,10629,10638,142
2026-06-19T14:05:00+05:30,10638,10642,10630,10642,118
2026-06-19T14:10:00+05:30,10642,10648,10627,10638,248
2026-06-19T14:15:00+05:30,10638,10649,10633,10646,133
2026-06-19T14:20:00+05:30,10646,10646,10626,10633,137
2026-06-19T14:25:00+05:30,10633,10635,10625,10633,175
2026-06-19T14:30:00+05:30,10633,10649,10633,10647,272
2026-06-19T14:35:00+05:30,10647,10680,10640,10670,355
2026-06-19T14:40:00+05:30,10670,10673,10646,10655,179
2026-06-19T14:45:00+05:30,10655,10676,10649,10665,1004
2026-06-19T14:50:00+05:30,10665,10665,10605,10619,1147
2026-06-19T14:55:00+05:30,10619,10620,10604,10612,417
2026-06-19T15:00:00+05:30,10608,10658,10606,10643,2473
2026-06-19T15:05:00+05:30,10645,10713,10644,10706,2609
2026-06-19T15:10:00+05:30,10679,10707,10671,10693,3194
2026-06-19T15:15:00+05:30,10688,10695,10670,10685,2610
2026-06-19T15:20:00+05:30,10687,10710,10684,10703,2803
2026-06-19T15:25:00+05:30,10703,10719,10635,10695,2344
2026-06-22T09:15:00+05:30,10741,10783,10700,10763,1202
2026-06-22T09:20:00+05:30,10763,10775,10745,10760,777
2026-06-22T09:25:00+05:30,10759,10762,10751,10754,145
2026-06-22T09:30:00+05:30,10755,10758,10749,10758,357
2026-06-22T09:35:00+05:30,10758,10831,10750,10790,26516
2026-06-22T09:40:00+05:30,10790,10798,10783,10789,169
2026-06-22T09:45:00+05:30,10789,10822,10789,10818,605
2026-06-22T09:50:00+05:30,10819,10849,10818,10830,1276
2026-06-22T09:55:00+05:30,10831,10838,10818,10824,554
2026-06-22T10:00:00+05:30,10826,10845,10817,10830,1196
2026-06-22T10:05:00+05:30,10830,10845,10828,10838,552
2026-06-22T10:10:00+05:30,10838,10845,10818,10827,985
2026-06-22T10:15:00+05:30,10827,10838,10788,10824,552
2026-06-22T10:20:00+05:30,10824,10832,10824,10827,148
2026-06-22T10:25:00+05:30,10827,10841,10821,10836,583
2026-06-22T10:30:00+05:30,10836,10839,10830,10830,337
2026-06-22T10:35:00+05:30,10830,10833,10794,10814,711
2026-06-22T10:40:00+05:30,10816,10819,10801,10804,312
2026-06-22T10:45:00+05:30,10804,10812,10785,10789,651
2026-06-22T10:50:00+05:30,10789,10805,10773,10796,592
2026-06-22T10:55:00+05:30,10796,10805,10794,10794,381
2026-06-22T11:00:00+05:30,10792,10798,10775,10775,375
2026-06-22T11:05:00+05:30,10775,10783,10761,10769,620
2026-06-22T11:10:00+05:30,10769,10775,10762,10764,545
2026-06-22T11:15:00+05:30,10764,10770,10757,10757,310
2026-06-22T11:20:00+05:30,10757,10771,10739,10743,581
2026-06-22T11:25:00+05:30,10743,10759,10737,10755,563
2026-06-22T11:30:00+05:30,10755,10758,10745,10749,214
2026-06-22T11:35:00+05:30,10749,10754,10741,10748,289
2026-06-22T11:40:00+05:30,10748,10755,10743,10745,368
2026-06-22T11:45:00+05:30,10745,10751,10727,10730,469
2026-06-22T11:50:00+05:30,10730,10733,10713,10726,329
2026-06-22T11:55:00+05:30,10726,10726,10716,10717,246
2026-06-22T12:00:00+05:30,10717,10723,10714,10720,272
2026-06-22T12:05:00+05:30,10720,10735,10718,10726,441
2026-06-22T12:10:00+05:30,10726,10740,10726,10739,254
2026-06-22T12:15:00+05:30,10739,10739,10723,10723,258
2026-06-22T12:20:00+05:30,10723,10730,10721,10721,226
2026-06-22T12:25:00+05:30,10721,10724,10711,10716,268
2026-06-22T12:30:00+05:30,10716,10717,10690,10700,964
2026-06-22T12:35:00+05:30,10700,10739,10700,10735,530
2026-06-22T12:40:00+05:30,10735,10735,10724,10724,347
2026-06-22T12:45:00+05:30,10724,10730,10722,10723,417
2026-06-22T12:50:00+05:30,10723,10723,10720,10720,216
2026-06-22T12:55:00+05:30,10720,10747,10717,10739,360
2026-06-22T13:00:00+05:30,10739,10748,10736,10740,271
2026-06-22T13:05:00+05:30,10740,10744,10738,10743,276
2026-06-22T13:10:00+05:30,10743,10743,10735,10741,242
2026-06-22T13:15:00+05:30,10741,10743,10726,10728,463
2026-06-22T13:20:00+05:30,10728,10755,10727,10741,463
2026-06-22T13:25:00+05:30,10741,10741,10734,10734,214
2026-06-22T13:30:00+05:30,10734,10746,10733,10743,250
2026-06-22T13:35:00+05:30,10743,10743,10741,10742,234
2026-06-22T13:40:00+05:30,10742,10755,10732,10736,1008
2026-06-22T13:45:00+05:30,10736,10742,10736,10740,325
2026-06-22T13:50:00+05:30,10740,10743,10737,10737,256
2026-06-22T13:55:00+05:30,10737,10739,10731,10733,333
2026-06-22T14:00:00+05:30,10733,10765,10730,10760,1450
2026-06-22T14:05:00+05:30,10760,10766,10760,10760,255
2026-06-22T14:10:00+05:30,10760,10768,10760,10765,299
2026-06-22T14:15:00+05:30,10765,10780,10760,10774,406
2026-06-22T14:20:00+05:30,10774,10775,10763,10769,245
2026-06-22T14:25:00+05:30,10766,10793,10761,10790,489
2026-06-22T14:30:00+05:30,10790,10798,10775,10782,281
2026-06-22T14:35:00+05:30,10782,10794,10775,10790,446
2026-06-22T14:40:00+05:30,10790,10799,10778,10798,617
2026-06-22T14:45:00+05:30,10798,10809,10789,10808,918
2026-06-22T14:50:00+05:30,10808,10813,10800,10811,959
2026-06-22T14:55:00+05:30,10811,10811,10793,10802,773
2026-06-22T15:00:00+05:30,10804,10894,10804,10893,6774
2026-06-22T15:05:00+05:30,10887,10895,10867,10883,5339
2026-06-22T15:10:00+05:30,10882,10915,10879,10901,6645
2026-06-22T15:15:00+05:30,10901,10915,10888,10910,7375
2026-06-22T15:20:00+05:30,10913,10934,10905,10926,6599
2026-06-22T15:25:00+05:30,10926,10939,10900,10922,5023
2026-06-23T09:15:00+05:30,10920,10935,10849,10862,2333
2026-06-23T09:20:00+05:30,10874,10927,10862,10900,1318
2026-06-23T09:25:00+05:30,10900,10970,10900,10921,1854
2026-06-23T09:30:00+05:30,10921,10931,10898,10904,278
2026-06-23T09:35:00+05:30,10904,10923,10890,10911,855
2026-06-23T09:40:00+05:30,10914,10931,10904,10923,703
2026-06-23T09:45:00+05:30,10921,10940,10906,10938,844
2026-06-23T09:50:00+05:30,10938,10977,10938,10966,763
2026-06-23T09:55:00+05:30,10966,10975,10941,10941,202
2026-06-23T10:00:00+05:30,10942,10987,10942,10985,927
2026-06-23T10:05:00+05:30,10986,10995,10971,10979,840
2026-06-23T10:10:00+05:30,10979,10988,10964,10973,1382
2026-06-23T10:15:00+05:30,10973,10982,10955,10968,507
2026-06-23T10:20:00+05:30,10966,10980,10966,10972,251
2026-06-23T10:25:00+05:30,10972,10975,10960,10974,529
2026-06-23T10:30:00+05:30,10974,10976,10965,10976,176
2026-06-23T10:35:00+05:30,10969,10987,10960,10983,1958
2026-06-23T10:40:00+05:30,10983,10983,10963,10974,340
2026-06-23T10:45:00+05:30,10974,10990,10960,10974,1192
2026-06-23T10:50:00+05:30,10975,10991,10965,10972,670
2026-06-23T10:55:00+05:30,10972,10975,10965,10973,177
2026-06-23T11:00:00+05:30,10967,10973,10965,10973,268
2026-06-23T11:05:00+05:30,10973,10973,10950,10972,403
2026-06-23T11:10:00+05:30,10972,10986,10963,10985,483
2026-06-23T11:15:00+05:30,10985,10988,10940,10958,18323
2026-06-23T11:20:00+05:30,10958,10958,10938,10956,956
2026-06-23T11:25:00+05:30,10956,10956,10942,10947,344
2026-06-23T11:30:00+05:30,10947,10950,10940,10944,192
2026-06-23T11:35:00+05:30,10944,10944,10870,10870,1407
2026-06-23T11:40:00+05:30,10870,10871,10813,10820,1269
2026-06-23T11:45:00+05:30,10820,10826,10800,10804,500
2026-06-23T11:50:00+05:30,10804,10804,10756,10769,1190
2026-06-23T11:55:00+05:30,10769,10769,10731,10739,518
2026-06-23T12:00:00+05:30,10739,10760,10726,10727,913
2026-06-23T12:05:00+05:30,10727,10735,10722,10723,192
2026-06-23T12:10:00+05:30,10723,10729,10710,10716,369
2026-06-23T12:15:00+05:30,10716,10721,10701,10705,609
2026-06-23T12:20:00+05:30,10705,10705,10680,10684,566
2026-06-23T12:25:00+05:30,10684,10712,10683,10690,242
2026-06-23T12:30:00+05:30,10690,10709,10688,10706,374
2026-06-23T12:35:00+05:30,10706,10709,10692,10698,83
2026-06-23T12:40:00+05:30,10698,10698,10676,10677,257
2026-06-23T12:45:00+05:30,10677,10681,10652,10660,399
2026-06-23T12:50:00+05:30,10659,10666,10650,10666,392
2026-06-23T12:55:00+05:30,10666,10666,10650,10650,130
2026-06-23T13:00:00+05:30,10650,10661,10646,10661,174
2026-06-23T13:05:00+05:30,10661,10690,10661,10681,233
2026-06-23T13:10:00+05:30,10681,10681,10657,10657,193
2026-06-23T13:15:00+05:30,10660,10672,10652,10669,146
2026-06-23T13:20:00+05:30,10669,10672,10664,10670,84
2026-06-23T13:25:00+05:30,10670,10670,10655,10656,172
2026-06-23T13:30:00+05:30,10656,10660,10620,10625,662
2026-06-23T13:35:00+05:30,10625,10633,10620,10631,262
2026-06-23T13:40:00+05:30,10631,10636,10627,10636,298
2026-06-23T13:45:00+05:30,10636,10654,10632,10650,223
2026-06-23T13:50:00+05:30,10645,10648,10621,10629,225
2026-06-23T13:55:00+05:30,10629,10636,10625,10625,498
2026-06-23T14:00:00+05:30,10625,10632,10613,10628,471
2026-06-23T14:05:00+05:30,10628,10637,10617,10621,94
2026-06-23T14:10:00+05:30,10621,10658,10617,10658,173
2026-06-23T14:15:00+05:30,10658,10666,10650,10650,156
2026-06-23T14:20:00+05:30,10650,10655,10645,10648,200
2026-06-23T14:25:00+05:30,10660,10662,10650,10650,295
2026-06-23T14:30:00+05:30,10650,10656,10648,10648,173
2026-06-23T14:35:00+05:30,10648,10651,10632,10632,145
2026-06-23T14:40:00+05:30,10632,10676,10631,10675,1114
2026-06-23T14:45:00+05:30,10675,10675,10661,10671,491
2026-06-23T14:50:00+05:30,10671,10693,10671,10683,696
2026-06-23T14:55:00+05:30,10683,10690,10673,10682,1232
2026-06-23T15:00:00+05:30,10682,10686,10611,10612,2099
2026-06-23T15:05:00+05:30,10612,10625,10603,10613,1825
2026-06-23T15:10:00+05:30,10613,10618,10602,10615,1268
2026-06-23T15:15:00+05:30,10614,10615,10601,10610,1547
2026-06-23T15:20:00+05:30,10610,10622,10604,10611,1895
2026-06-23T15:25:00+05:30,10611,10616,10600,10601,1534
2026-06-24T09:15:00+05:30,10630,10655,10565,10615,2152
2026-06-24T09:20:00+05:30,10615,10701,10615,10663,1549
2026-06-24T09:25:00+05:30,10663,10673,10647,10653,1032
2026-06-24T09:30:00+05:30,10653,10663,10637,10637,811
2026-06-24T09:35:00+05:30,10637,10637,10609,10610,388
2026-06-24T09:40:00+05:30,10610,10635,10595,10620,793
2026-06-24T09:45:00+05:30,10621,10665,10605,10605,1472
2026-06-24T09:50:00+05:30,10605,10611,10586,10610,549
2026-06-24T09:55:00+05:30,10610,10661,10600,10661,546
2026-06-24T10:00:00+05:30,10661,10670,10640,10666,393
2026-06-24T10:05:00+05:30,10666,10670,10650,10652,279
2026-06-24T10:10:00+05:30,10652,10657,10644,10653,391
2026-06-24T10:15:00+05:30,10653,10653,10629,10629,318
2026-06-24T10:20:00+05:30,10625,10637,10621,10621,221
2026-06-24T10:25:00+05:30,10621,10621,10596,10604,378
2026-06-24T10:30:00+05:30,10604,10612,10595,10602,281
2026-06-24T10:35:00+05:30,10602,10611,10597,10597,518
2026-06-24T10:40:00+05:30,10597,10620,10589,10614,505
2026-06-24T10:45:00+05:30,10614,10646,10580,10580,1221
2026-06-24T10:50:00+05:30,10580,10580,10549,10557,515
2026-06-24T10:55:00+05:30,10557,10564,10540,10540,224
2026-06-24T11:00:00+05:30,10540,10563,10540,10549,291
2026-06-24T11:05:00+05:30,10549,10555,10538,10540,458
2026-06-24T11:10:00+05:30,10540,10579,10524,10545,847
2026-06-24T11:15:00+05:30,10545,10561,10540,10543,174
2026-06-24T11:20:00+05:30,10543,10567,10541,10550,701
2026-06-24T11:25:00+05:30,10555,10555,10530,10533,413
2026-06-24T11:30:00+05:30,10533,10548,10523,10548,247
2026-06-24T11:35:00+05:30,10548,10560,10538,10553,276
2026-06-24T11:40:00+05:30,10553,10570,10534,10560,1716
2026-06-24T11:45:00+05:30,10560,10591,10547,10579,932
2026-06-24T11:50:00+05:30,10579,10640,10561,10611,1877
2026-06-24T11:55:00+05:30,10611,10639,10604,10629,849
2026-06-24T12:00:00+05:30,10629,10635,10596,10612,829
2026-06-24T12:05:00+05:30,10612,10624,10602,10615,281
2026-06-24T12:10:00+05:30,10615,10640,10613,10628,385
2026-06-24T12:15:00+05:30,10628,10642,10614,10629,701
2026-06-24T12:20:00+05:30,10629,10637,10608,10620,235
2026-06-24T12:25:00+05:30,10620,10629,10611,10622,222
2026-06-24T12:30:00+05:30,10622,10629,10593,10602,1236
2026-06-24T12:35:00+05:30,10602,10615,10590,10595,207
2026-06-24T12:40:00+05:30,10595,10622,10577,10595,1341
2026-06-24T12:45:00+05:30,10595,10595,10570,10577,587
2026-06-24T12:50:00+05:30,10572,10590,10560,10562,535
2026-06-24T12:55:00+05:30,10562,10595,10556,10594,676
2026-06-24T13:00:00+05:30,10594,10622,10582,10590,625
2026-06-24T13:05:00+05:30,10590,10654,10590,10637,1306
2026-06-24T13:10:00+05:30,10637,10660,10635,10641,1040
2026-06-24T13:15:00+05:30,10641,10653,10638,10648,163
2026-06-24T13:20:00+05:30,10648,10650,10635,10635,581
2026-06-24T13:25:00+05:30,10635,10640,10630,10633,359
2026-06-24T13:30:00+05:30,10633,10650,10617,10634,919
2026-06-24T13:35:00+05:30,10634,10653,10634,10641,80
2026-06-24T13:40:00+05:30,10641,10647,10630,10647,172
2026-06-24T13:45:00+05:30,10647,10662,10637,10638,440
2026-06-24T13:50:00+05:30,10638,10644,10636,10641,142
2026-06-24T13:55:00+05:30,10641,10649,10635,10649,141
2026-06-24T14:00:00+05:30,10649,10650,10630,10630,382
2026-06-24T14:05:00+05:30,10630,10630,10614,10615,416
2026-06-24T14:10:00+05:30,10615,10657,10615,10651,1421
2026-06-24T14:15:00+05:30,10651,10657,10644,10656,218
2026-06-24T14:20:00+05:30,10656,10663,10640,10640,826
2026-06-24T14:25:00+05:30,10640,10655,10635,10647,475
2026-06-24T14:30:00+05:30,10647,10652,10630,10630,244
2026-06-24T14:35:00+05:30,10630,10650,10623,10630,710
2026-06-24T14:40:00+05:30,10630,10658,10623,10627,522
2026-06-24T14:45:00+05:30,10627,10627,10600,10604,206
2026-06-24T14:50:00+05:30,10604,10626,10604,10620,165
2026-06-24T14:55:00+05:30,10620,10627,10603,10615,673
2026-06-24T15:00:00+05:30,10614,10630,10591,10608,3033
2026-06-24T15:05:00+05:30,10608,10620,10587,10602,2795
2026-06-24T15:10:00+05:30,10602,10602,10577,10580,2033
2026-06-24T15:15:00+05:30,10574,10587,10547,10554,4162
2026-06-24T15:20:00+05:30,10554,10576,10551,10573,3201
2026-06-24T15:25:00+05:30,10573,10635,10558,10620,2801
2026-06-25T09:15:00+05:30,10583,10809,10570,10766,3357
2026-06-25T09:20:00+05:30,10770,10782,10715,10731,1234
2026-06-25T09:25:00+05:30,10731,10737,10708,10736,555
2026-06-25T09:30:00+05:30,10738,10765,10721,10739,753
2026-06-25T09:35:00+05:30,10739,10760,10717,10751,470
2026-06-25T09:40:00+05:30,10738,10754,10725,10730,340
2026-06-25T09:45:00+05:30,10730,10762,10725,10743,705
2026-06-25T09:50:00+05:30,10743,10779,10743,10761,930
2026-06-25T09:55:00+05:30,10761,10810,10750,10769,1466
2026-06-25T10:00:00+05:30,10769,10769,10720,10723,870
2026-06-25T10:05:00+05:30,10723,10733,10703,10715,367
2026-06-25T10:10:00+05:30,10715,10715,10685,10698,173
2026-06-25T10:15:00+05:30,10698,10719,10694,10719,290
2026-06-25T10:20:00+05:30,10719,10719,10690,10706,474
2026-06-25T10:25:00+05:30,10706,10709,10690,10709,204
2026-06-25T10:30:00+05:30,10709,10761,10700,10750,553
2026-06-25T10:35:00+05:30,10750,10761,10749,10757,208
2026-06-25T10:40:00+05:30,10757,10775,10748,10775,193
2026-06-25T10:45:00+05:30,10775,10789,10762,10780,291
2026-06-25T10:50:00+05:30,10780,10800,10774,10779,512
2026-06-25T10:55:00+05:30,10779,10779,10765,10773,273
2026-06-25T11:00:00+05:30,10773,10773,10744,10744,461
2026-06-25T11:05:00+05:30,10744,10752,10728,10751,143
2026-06-25T11:10:00+05:30,10751,10753,10742,10744,130
2026-06-25T11:15:00+05:30,10744,10758,10730,10731,114
2026-06-25T11:20:00+05:30,10731,10750,10729,10745,123
2026-06-25T11:25:00+05:30,10745,10745,10729,10738,53
2026-06-25T11:30:00+05:30,10738,10740,10727,10727,216
2026-06-25T11:35:00+05:30,10727,10737,10724,10733,198
2026-06-25T11:40:00+05:30,10733,10740,10725,10736,62
2026-06-25T11:45:00+05:30,10736,10760,10705,10751,826
2026-06-25T11:50:00+05:30,10751,10773,10743,10748,160
2026-06-25T11:55:00+05:30,10748,10750,10741,10742,22
2026-06-25T12:00:00+05:30,10742,10757,10735,10757,307
2026-06-25T12:05:00+05:30,10757,10757,10742,10750,22
2026-06-25T12:10:00+05:30,10750,10758,10750,10752,113
2026-06-25T12:15:00+05:30,10752,10765,10751,10751,188
2026-06-25T12:20:00+05:30,10751,10762,10730,10734,124
2026-06-25T12:25:00+05:30,10734,10751,10730,10751,200
2026-06-25T12:30:00+05:30,10751,10751,10730,10732,638
2026-06-25T12:35:00+05:30,10732,10738,10730,10734,37
2026-06-25T12:40:00+05:30,10734,10738,10690,10708,906
2026-06-25T12:45:00+05:30,10708,10723,10696,10711,102
2026-06-25T12:50:00+05:30,10711,10720,10707,10711,124
2026-06-25T12:55:00+05:30,10711,10714,10707,10708,141
2026-06-25T13:00:00+05:30,10708,10722,10708,10717,65
2026-06-25T13:05:00+05:30,10717,10717,10703,10710,44
2026-06-25T13:10:00+05:30,10710,10710,10673,10680,719
2026-06-25T13:15:00+05:30,10680,10700,10680,10688,344
2026-06-25T13:20:00+05:30,10688,10706,10685,10706,116
2026-06-25T13:25:00+05:30,10706,10716,10699,10699,124
2026-06-25T13:30:00+05:30,10699,10701,10690,10700,73
2026-06-25T13:35:00+05:30,10700,10701,10684,10688,69
2026-06-25T13:40:00+05:30,10688,10704,10688,10694,33
2026-06-25T13:45:00+05:30,10694,10702,10689,10700,72
2026-06-25T13:50:00+05:30,10701,10731,10687,10687,550
2026-06-25T13:55:00+05:30,10687,10700,10680,10680,116
2026-06-25T14:00:00+05:30,10680,10698,10680,10698,46
2026-06-25T14:05:00+05:30,10698,10710,10680,10687,204
2026-06-25T14:10:00+05:30,10687,10687,10670,10674,522
2026-06-25T14:15:00+05:30,10674,10698,10670,10676,192
2026-06-25T14:20:00+05:30,10676,10682,10650,10671,755
2026-06-25T14:25:00+05:30,10671,10672,10647,10660,1281
2026-06-25T14:30:00+05:30,10660,10683,10649,10679,238
2026-06-25T14:35:00+05:30,10679,10685,10664,10668,242
2026-06-25T14:40:00+05:30,10663,10671,10645,10666,276
2026-06-25T14:45:00+05:30,10666,10666,10653,10653,219
2026-06-25T14:50:00+05:30,10660,10660,10643,10646,171
2026-06-25T14:55:00+05:30,10646,10651,10638,10640,346
2026-06-25T15:00:00+05:30,10640,10640,10602,10604,1632
2026-06-25T15:05:00+05:30,10604,10616,10600,10602,996
2026-06-25T15:10:00+05:30,10602,10602,10593,10597,1132
2026-06-25T15:15:00+05:30,10595,10600,10590,10590,1680
2026-06-25T15:20:00+05:30,10590,10599,10586,10599,1413
2026-06-25T15:25:00+05:30,10599,10625,10583,10625,1363
2026-06-29T09:15:00+05:30,10599,10692,10599,10606,1377
2026-06-29T09:20:00+05:30,10606,10639,10590,10639,2502
2026-06-29T09:25:00+05:30,10640,10640,10620,10620,795
2026-06-29T09:30:00+05:30,10620,10639,10604,10633,1530
2026-06-29T09:35:00+05:30,10633,10645,10606,10634,844
2026-06-29T09:40:00+05:30,10633,10635,10616,10627,388
2026-06-29T09:45:00+05:30,10623,10640,10623,10636,255
2026-06-29T09:50:00+05:30,10636,10647,10616,10624,834
2026-06-29T09:55:00+05:30,10624,10624,10610,10619,478
2026-06-29T10:00:00+05:30,10619,10624,10602,10615,1292
2026-06-29T10:05:00+05:30,10615,10628,10603,10625,314
2026-06-29T10:10:00+05:30,10625,10636,10617,10621,887
2026-06-29T10:15:00+05:30,10609,10636,10602,10622,1279
2026-06-29T10:20:00+05:30,10622,10626,10615,10626,90
2026-06-29T10:25:00+05:30,10626,10657,10621,10637,678
2026-06-29T10:30:00+05:30,10637,10639,10620,10630,236
2026-06-29T10:35:00+05:30,10630,10630,10610,10628,676
2026-06-29T10:40:00+05:30,10628,10630,10610,10629,1158
2026-06-29T10:45:00+05:30,10631,10637,10616,10630,686
2026-06-29T10:50:00+05:30,10630,10635,10624,10631,194
2026-06-29T10:55:00+05:30,10631,10644,10627,10643,83
2026-06-29T11:00:00+05:30,10643,10643,10637,10640,55
2026-06-29T11:05:00+05:30,10640,10640,10618,10634,222
2026-06-29T11:10:00+05:30,10634,10642,10626,10640,290
2026-06-29T11:15:00+05:30,10640,10655,10626,10649,402
2026-06-29T11:20:00+05:30,10649,10652,10614,10626,328
2026-06-29T11:25:00+05:30,10626,10640,10618,10631,196
2026-06-29T11:30:00+05:30,10631,10638,10615,10630,461
2026-06-29T11:35:00+05:30,10629,10635,10613,10632,559
2026-06-29T11:40:00+05:30,10632,10634,10614,10628,299
2026-06-29T11:45:00+05:30,10628,10637,10621,10636,964
2026-06-29T11:50:00+05:30,10636,10650,10630,10646,1079
2026-06-29T11:55:00+05:30,10646,10665,10637,10665,403
2026-06-29T12:00:00+05:30,10665,10671,10651,10662,369
2026-06-29T12:05:00+05:30,10662,10673,10634,10640,1206
2026-06-29T12:10:00+05:30,10640,10654,10627,10647,864
2026-06-29T12:15:00+05:30,10647,10653,10627,10642,321
2026-06-29T12:20:00+05:30,10642,10648,10627,10627,315
2026-06-29T12:25:00+05:30,10625,10645,10625,10639,556
2026-06-29T12:30:00+05:30,10639,10639,10625,10626,134
2026-06-29T12:35:00+05:30,10626,10636,10620,10626,301
2026-06-29T12:40:00+05:30,10626,10641,10620,10638,194
2026-06-29T12:45:00+05:30,10642,10659,10639,10650,410
2026-06-29T12:50:00+05:30,10650,10668,10650,10660,348
2026-06-29T12:55:00+05:30,10660,10672,10646,10665,655
2026-06-29T13:00:00+05:30,10665,10670,10650,10653,783
2026-06-29T13:05:00+05:30,10651,10664,10650,10664,183
2026-06-29T13:10:00+05:30,10664,10665,10655,10656,327
2026-06-29T13:15:00+05:30,10656,10664,10650,10651,834
2026-06-29T13:20:00+05:30,10651,10670,10649,10660,708
2026-06-29T13:25:00+05:30,10660,10670,10659,10669,564
2026-06-29T13:30:00+05:30,10664,10670,10664,10670,199
2026-06-29T13:35:00+05:30,10670,10674,10653,10663,610
2026-06-29T13:40:00+05:30,10663,10663,10648,10656,235
2026-06-29T13:45:00+05:30,10656,10660,10650,10659,334
2026-06-29T13:50:00+05:30,10659,10659,10642,10659,202
2026-06-29T13:55:00+05:30,10659,10660,10636,10656,657
2026-06-29T14:00:00+05:30,10656,10660,10653,10659,167
2026-06-29T14:05:00+05:30,10659,10663,10656,10656,85
2026-06-29T14:10:00+05:30,10656,10664,10656,10662,218
2026-06-29T14:15:00+05:30,10662,10662,10650,10658,325
2026-06-29T14:20:00+05:30,10658,10665,10649,10655,469
2026-06-29T14:25:00+05:30,10655,10662,10652,10659,510
2026-06-29T14:30:00+05:30,10660,10680,10657,10667,1889
2026-06-29T14:35:00+05:30,10667,10669,10654,10654,244
2026-06-29T14:40:00+05:30,10654,10665,10654,10661,1197
2026-06-29T14:45:00+05:30,10661,10672,10654,10665,392
2026-06-29T14:50:00+05:30,10660,10662,10645,10645,768
2026-06-29T14:55:00+05:30,10650,10657,10641,10649,674
2026-06-29T15:00:00+05:30,10646,10646,10577,10603,2616
2026-06-29T15:05:00+05:30,10600,10604,10577,10595,1831
2026-06-29T15:10:00+05:30,10591,10596,10580,10588,1634
2026-06-29T15:15:00+05:30,10592,10595,10555,10556,1864
2026-06-29T15:20:00+05:30,10579,10599,10579,10594,2255
2026-06-29T15:25:00+05:30,10587,10649,10580,10580,1894
2026-06-30T09:15:00+05:30,10545,10550,10482,10489,2423
2026-06-30T09:20:00+05:30,10489,10495,10451,10465,767
2026-06-30T09:25:00+05:30,10465,10495,10458,10470,1539
2026-06-30T09:30:00+05:30,10470,10470,10435,10446,814
2026-06-30T09:35:00+05:30,10446,10449,10425,10437,1289
2026-06-30T09:40:00+05:30,10437,10453,10425,10436,923
2026-06-30T09:45:00+05:30,10436,10436,10408,10410,463
2026-06-30T09:50:00+05:30,10410,10418,10385,10390,1077
2026-06-30T09:55:00+05:30,10390,10405,10390,10405,672
2026-06-30T10:00:00+05:30,10405,10416,10405,10416,257
2026-06-30T10:05:00+05:30,10416,10426,10408,10424,516
2026-06-30T10:10:00+05:30,10424,10425,10415,10418,86
2026-06-30T10:15:00+05:30,10415,10446,10415,10444,559
2026-06-30T10:20:00+05:30,10444,10450,10431,10448,607
2026-06-30T10:25:00+05:30,10448,10454,10431,10443,261
2026-06-30T10:30:00+05:30,10443,10449,10436,10440,227
2026-06-30T10:35:00+05:30,10440,10440,10413,10416,336
2026-06-30T10:40:00+05:30,10416,10417,10409,10417,196
2026-06-30T10:45:00+05:30,10417,10417,10405,10410,457
2026-06-30T10:50:00+05:30,10415,10422,10411,10411,119
2026-06-30T10:55:00+05:30,10411,10413,10398,10398,195
2026-06-30T11:00:00+05:30,10400,10400,10390,10397,116
2026-06-30T11:05:00+05:30,10397,10400,10394,10398,478
2026-06-30T11:10:00+05:30,10398,10400,10394,10394,110
2026-06-30T11:15:00+05:30,10400,10414,10394,10414,205
2026-06-30T11:20:00+05:30,10414,10430,10405,10430,277
2026-06-30T11:25:00+05:30,10423,10445,10423,10434,280
2026-06-30T11:30:00+05:30,10427,10450,10416,10435,277
2026-06-30T11:35:00+05:30,10435,10435,10420,10424,43
2026-06-30T11:40:00+05:30,10424,10425,10413,10415,124
2026-06-30T11:45:00+05:30,10415,10433,10413,10421,161
2026-06-30T11:50:00+05:30,10425,10425,10418,10420,168
2026-06-30T11:55:00+05:30,10420,10430,10415,10423,151
2026-06-30T12:00:00+05:30,10423,10475,10423,10468,1059
2026-06-30T12:05:00+05:30,10468,10468,10464,10465,19
2026-06-30T12:10:00+05:30,10465,10465,10436,10447,381
2026-06-30T12:15:00+05:30,10447,10457,10443,10448,271
2026-06-30T12:20:00+05:30,10448,10456,10448,10450,166
2026-06-30T12:25:00+05:30,10450,10450,10438,10438,151
2026-06-30T12:30:00+05:30,10438,10438,10428,10428,196
2026-06-30T12:35:00+05:30,10423,10440,10423,10433,291
2026-06-30T12:40:00+05:30,10433,10445,10433,10437,274
2026-06-30T12:45:00+05:30,10437,10458,10437,10458,796
2026-06-30T12:50:00+05:30,10458,10458,10442,10450,336
2026-06-30T12:55:00+05:30,10450,10456,10448,10456,423
2026-06-30T13:00:00+05:30,10465,10475,10465,10473,452
2026-06-30T13:05:00+05:30,10470,10489,10460,10483,981
2026-06-30T13:10:00+05:30,10483,10515,10483,10512,568
2026-06-30T13:15:00+05:30,10507,10520,10496,10515,399
2026-06-30T13:20:00+05:30,10515,10515,10494,10494,595
2026-06-30T13:25:00+05:30,10493,10500,10493,10494,280
2026-06-30T13:30:00+05:30,10494,10508,10494,10508,185
2026-06-30T13:35:00+05:30,10508,10527,10508,10525,1122
2026-06-30T13:40:00+05:30,10526,10526,10510,10513,774
2026-06-30T13:45:00+05:30,10513,10513,10510,10511,386
2026-06-30T13:50:00+05:30,10511,10523,10507,10517,1769
2026-06-30T13:55:00+05:30,10517,10546,10516,10546,873
2026-06-30T14:00:00+05:30,10546,10546,10530,10531,881
2026-06-30T14:05:00+05:30,10531,10574,10530,10573,1359
2026-06-30T14:10:00+05:30,10573,10574,10550,10568,608
2026-06-30T14:15:00+05:30,10568,10574,10560,10562,293
2026-06-30T14:20:00+05:30,10562,10592,10562,10591,854
2026-06-30T14:25:00+05:30,10595,10610,10585,10591,1268
2026-06-30T14:30:00+05:30,10572,10589,10570,10589,523
2026-06-30T14:35:00+05:30,10589,10615,10584,10615,1446
2026-06-30T14:40:00+05:30,10615,10617,10601,10601,752
2026-06-30T14:45:00+05:30,10601,10615,10601,10607,535
2026-06-30T14:50:00+05:30,10607,10609,10606,10608,159
2026-06-30T14:55:00+05:30,10608,10620,10601,10620,1258
2026-06-30T15:00:00+05:30,10626,10630,10524,10576,8580
2026-06-30T15:05:00+05:30,10574,10621,10569,10612,7817
2026-06-30T15:10:00+05:30,10612,10625,10585,10614,8164
2026-06-30T15:15:00+05:30,10613,10626,10585,10591,9000
2026-06-30T15:20:00+05:30,10595,10629,10586,10606,11158
2026-06-30T15:25:00+05:30,10601,10670,10601,10626,8347
2026-07-01T09:15:00+05:30,10649,10650,10600,10639,1414
2026-07-01T09:20:00+05:30,10628,10718,10618,10701,4082
2026-07-01T09:25:00+05:30,10695,10719,10652,10657,1770
2026-07-01T09:30:00+05:30,10657,10665,10625,10632,1603
2026-07-01T09:35:00+05:30,10632,10643,10596,10600,1414
2026-07-01T09:40:00+05:30,10600,10600,10579,10585,284
2026-07-01T09:45:00+05:30,10585,10595,10544,10558,3954
2026-07-01T09:50:00+05:30,10558,10558,10513,10531,1401
2026-07-01T09:55:00+05:30,10531,10545,10518,10537,961
2026-07-01T10:00:00+05:30,10537,10542,10518,10518,284
2026-07-01T10:05:00+05:30,10518,10527,10515,10524,343
2026-07-01T10:10:00+05:30,10524,10530,10517,10519,250
2026-07-01T10:15:00+05:30,10519,10593,10519,10584,410
2026-07-01T10:20:00+05:30,10584,10687,10580,10673,2588
2026-07-01T10:25:00+05:30,10673,10673,10639,10641,357
2026-07-01T10:30:00+05:30,10653,10658,10644,10655,290
2026-07-01T10:35:00+05:30,10655,10655,10632,10635,238
2026-07-01T10:40:00+05:30,10635,10642,10631,10637,57
2026-07-01T10:45:00+05:30,10637,10658,10623,10648,474
2026-07-01T10:50:00+05:30,10641,10642,10631,10640,388
2026-07-01T10:55:00+05:30,10640,10640,10629,10637,132
2026-07-01T11:00:00+05:30,10637,10649,10629,10636,65
2026-07-01T11:05:00+05:30,10636,10646,10636,10639,159
2026-07-01T11:10:00+05:30,10639,10648,10635,10639,67
2026-07-01T11:15:00+05:30,10639,10641,10637,10641,35
2026-07-01T11:20:00+05:30,10641,10653,10635,10647,217
2026-07-01T11:25:00+05:30,10647,10769,10643,10745,2600
2026-07-01T11:30:00+05:30,10745,10815,10745,10771,2375
2026-07-01T11:35:00+05:30,10773,10787,10754,10765,921
2026-07-01T11:40:00+05:30,10765,10774,10763,10772,808
2026-07-01T11:45:00+05:30,10772,10786,10745,10784,1421
2026-07-01T11:50:00+05:30,10784,10790,10761,10785,904
2026-07-01T11:55:00+05:30,10785,10800,10782,10798,957
2026-07-01T12:00:00+05:30,10798,10830,10797,10809,2233
2026-07-01T12:05:00+05:30,10809,10830,10809,10826,873
2026-07-01T12:10:00+05:30,10826,10828,10809,10822,1112
2026-07-01T12:15:00+05:30,10822,10825,10794,10820,1490
2026-07-01T12:20:00+05:30,10820,10825,10809,10824,855
2026-07-01T12:25:00+05:30,10825,10825,10806,10818,859
2026-07-01T12:30:00+05:30,10818,10828,10810,10828,864
2026-07-01T12:35:00+05:30,10827,10842,10818,10832,1590
2026-07-01T12:40:00+05:30,10843,10843,10813,10813,1497
2026-07-01T12:45:00+05:30,10813,10829,10808,10827,1112
2026-07-01T12:50:00+05:30,10827,10837,10817,10823,937
2026-07-01T12:55:00+05:30,10823,10839,10817,10839,1151
2026-07-01T13:00:00+05:30,10839,10839,10818,10831,1030
2026-07-01T13:05:00+05:30,10831,10840,10825,10838,1367
2026-07-01T13:10:00+05:30,10840,10845,10832,10843,637
2026-07-01T13:15:00+05:30,10846,10860,10843,10843,995
2026-07-01T13:20:00+05:30,10843,10848,10829,10843,611
2026-07-01T13:25:00+05:30,10843,10849,10843,10843,80
2026-07-01T13:30:00+05:30,10843,10862,10843,10862,643
2026-07-01T13:35:00+05:30,10862,10882,10859,10880,553
2026-07-01T13:40:00+05:30,10880,10886,10873,10886,371
2026-07-01T13:45:00+05:30,10886,10905,10851,10852,1759
2026-07-01T13:50:00+05:30,10852,10865,10852,10860,983
2026-07-01T13:55:00+05:30,10860,10873,10840,10842,1645
2026-07-01T14:00:00+05:30,10842,10846,10758,10763,3242
2026-07-01T14:05:00+05:30,10763,10789,10759,10777,1355
2026-07-01T14:10:00+05:30,10777,10804,10768,10802,965
2026-07-01T14:15:00+05:30,10802,10804,10786,10797,1041
2026-07-01T14:20:00+05:30,10797,10820,10766,10779,1337
2026-07-01T14:25:00+05:30,10779,10804,10776,10783,1642
2026-07-01T14:30:00+05:30,10783,10812,10783,10801,1183
2026-07-01T14:35:00+05:30,10801,10809,10745,10750,2278
2026-07-01T14:40:00+05:30,10750,10788,10743,10786,2101
2026-07-01T14:45:00+05:30,10790,10791,10766,10774,1266
2026-07-01T14:50:00+05:30,10774,10810,10769,10802,1798
2026-07-01T14:55:00+05:30,10802,10802,10780,10787,35
2026-07-01T15:00:00+05:30,10780,10790,10705,10725,1587
2026-07-01T15:05:00+05:30,10721,10731,10686,10689,2088
2026-07-01T15:10:00+05:30,10695,10714,10683,10701,1254
2026-07-01T15:15:00+05:30,10706,10728,10684,10712,2018
2026-07-01T15:20:00+05:30,10716,10750,10712,10750,2287
2026-07-01T15:25:00+05:30,10750,10750,10709,10709,2064
2026-07-02T09:15:00+05:30,10780,10848,10753,10820,1569
2026-07-02T09:20:00+05:30,10818,10874,10814,10856,886
2026-07-02T09:25:00+05:30,10854,10891,10840,10840,1518
2026-07-02T09:30:00+05:30,10858,10910,10858,10878,1701
2026-07-02T09:35:00+05:30,10878,10884,10857,10871,542
2026-07-02T09:40:00+05:30,10871,10877,10850,10852,7914
2026-07-02T09:45:00+05:30,10850,10862,10820,10830,931
2026-07-02T09:50:00+05:30,10830,10835,10801,10811,1516
2026-07-02T09:55:00+05:30,10811,10821,10802,10814,402
2026-07-02T10:00:00+05:30,10814,10858,10814,10847,674
2026-07-02T10:05:00+05:30,10847,10854,10834,10844,125
2026-07-02T10:10:00+05:30,10844,10852,10839,10839,33
2026-07-02T10:15:00+05:30,10839,10846,10835,10844,91
2026-07-02T10:20:00+05:30,10844,10860,10844,10851,151
2026-07-02T10:25:00+05:30,10858,10876,10853,10870,158
2026-07-02T10:30:00+05:30,10870,10886,10862,10863,1326
2026-07-02T10:35:00+05:30,10863,10872,10860,10861,18
2026-07-02T10:40:00+05:30,10861,10867,10850,10852,784
2026-07-02T10:45:00+05:30,10852,10863,10850,10850,110
2026-07-02T10:50:00+05:30,10850,10856,10850,10852,19
2026-07-02T10:55:00+05:30,10852,10872,10850,10863,221
2026-07-02T11:00:00+05:30,10863,10875,10856,10864,536
2026-07-02T11:05:00+05:30,10865,10875,10860,10864,140
2026-07-02T11:10:00+05:30,10864,10864,10855,10864,188
2026-07-02T11:15:00+05:30,10856,10863,10855,10857,111
2026-07-02T11:20:00+05:30,10857,10882,10855,10876,1919
2026-07-02T11:25:00+05:30,10876,10888,10859,10860,828
2026-07-02T11:30:00+05:30,10860,10874,10858,10868,261
2026-07-02T11:35:00+05:30,10868,10875,10865,10865,681
2026-07-02T11:40:00+05:30,10865,10876,10865,10865,85
2026-07-02T11:45:00+05:30,10865,10870,10864,10865,100
2026-07-02T11:50:00+05:30,10865,10870,10863,10870,64
2026-07-02T11:55:00+05:30,10863,10872,10863,10863,50
2026-07-02T12:00:00+05:30,10863,10870,10863,10865,99
2026-07-02T12:05:00+05:30,10865,10874,10865,10865,121
2026-07-02T12:10:00+05:30,10865,10867,10860,10860,217
2026-07-02T12:15:00+05:30,10860,10864,10852,10852,390
2026-07-02T12:20:00+05:30,10852,10868,10850,10857,1350
2026-07-02T12:25:00+05:30,10857,10875,10857,10865,549
2026-07-02T12:30:00+05:30,10865,10871,10865,10866,33
2026-07-02T12:35:00+05:30,10866,10875,10865,10865,241
2026-07-02T12:40:00+05:30,10865,10874,10852,10860,286
2026-07-02T12:45:00+05:30,10860,10860,10821,10845,721
2026-07-02T12:50:00+05:30,10845,10845,10840,10840,228
2026-07-02T12:55:00+05:30,10850,10850,10840,10840,452
2026-07-02T13:00:00+05:30,10840,10847,10837,10845,140
2026-07-02T13:05:00+05:30,10845,10849,10845,10849,16
2026-07-02T13:10:00+05:30,10849,10849,10836,10836,358
2026-07-02T13:15:00+05:30,10836,10837,10836,10836,15
2026-07-02T13:20:00+05:30,10839,10851,10835,10842,137
2026-07-02T13:25:00+05:30,10842,10868,10840,10852,330
2026-07-02T13:30:00+05:30,10852,10856,10852,10852,25
2026-07-02T13:35:00+05:30,10852,10860,10851,10852,263
2026-07-02T13:40:00+05:30,10852,10870,10852,10859,520
2026-07-02T13:45:00+05:30,10859,10866,10855,10855,56
2026-07-02T13:50:00+05:30,10855,10860,10855,10859,14
2026-07-02T13:55:00+05:30,10859,10860,10857,10857,19
2026-07-02T14:00:00+05:30,10857,10864,10856,10856,92
2026-07-02T14:05:00+05:30,10856,10856,10831,10832,724
2026-07-02T14:10:00+05:30,10832,10834,10820,10828,299
2026-07-02T14:15:00+05:30,10828,10830,10820,10820,113
2026-07-02T14:20:00+05:30,10820,10833,10820,10830,123
2026-07-02T14:25:00+05:30,10830,10830,10820,10820,57
2026-07-02T14:30:00+05:30,10820,10834,10820,10826,40
2026-07-02T14:35:00+05:30,10826,10830,10810,10817,531
2026-07-02T14:40:00+05:30,10814,10850,10814,10831,1241
2026-07-02T14:45:00+05:30,10857,10865,10848,10853,1166
2026-07-02T14:50:00+05:30,10853,10865,10839,10839,679
2026-07-02T14:55:00+05:30,10840,10859,10834,10850,928
2026-07-02T15:00:00+05:30,10858,10858,10840,10840,683
2026-07-02T15:05:00+05:30,10843,10848,10839,10845,780
2026-07-02T15:10:00+05:30,10848,10848,10831,10831,1038
2026-07-02T15:15:00+05:30,10836,10864,10823,10854,1963
2026-07-02T15:20:00+05:30,10855,10884,10847,10878,1915
2026-07-02T15:25:00+05:30,10878,10899,10876,10876,1455
2026-07-03T09:15:00+05:30,10939,11014,10921,10965,3837
2026-07-03T09:20:00+05:30,10965,10989,10965,10973,785
2026-07-03T09:25:00+05:30,10967,10979,10940,10941,745
2026-07-03T09:30:00+05:30,10941,10970,10933,10965,577
2026-07-03T09:35:00+05:30,10965,10972,10954,10957,188
2026-07-03T09:40:00+05:30,10957,10967,10954,10962,242
2026-07-03T09:45:00+05:30,10962,11015,10955,10990,1709
2026-07-03T09:50:00+05:30,10990,11148,10989,11119,8007
2026-07-03T09:55:00+05:30,11118,11218,11103,11155,5891
2026-07-03T10:00:00+05:30,11155,11190,11155,11180,1280
2026-07-03T10:05:00+05:30,11180,11185,11138,11162,1250
2026-07-03T10:10:00+05:30,11162,11167,11141,11157,767
2026-07-03T10:15:00+05:30,11157,11157,11121,11129,746
2026-07-03T10:20:00+05:30,11129,11144,11120,11127,657
2026-07-03T10:25:00+05:30,11127,11138,11114,11130,1165
2026-07-03T10:30:00+05:30,11132,11135,11111,11121,558
2026-07-03T10:35:00+05:30,11121,11140,11121,11138,512
2026-07-03T10:40:00+05:30,11147,11172,11145,11150,1037
2026-07-03T10:45:00+05:30,11150,11150,11135,11140,320
2026-07-03T10:50:00+05:30,11140,11140,11120,11121,356
2026-07-03T10:55:00+05:30,11121,11128,11114,11114,874
2026-07-03T11:00:00+05:30,11105,11113,11048,11056,1493
2026-07-03T11:05:00+05:30,11056,11064,11020,11025,6941
2026-07-03T11:10:00+05:30,11025,11054,11025,11025,948
2026-07-03T11:15:00+05:30,11020,11050,11000,11038,978
2026-07-03T11:20:00+05:30,11038,11050,11023,11035,693
2026-07-03T11:25:00+05:30,11035,11038,11017,11017,554
2026-07-03T11:30:00+05:30,11017,11029,11014,11020,213
2026-07-03T11:35:00+05:30,11020,11035,11020,11024,233
2026-07-03T11:40:00+05:30,11024,11030,11017,11025,212
2026-07-03T11:45:00+05:30,11027,11027,11004,11004,296
2026-07-03T11:50:00+05:30,11004,11011,11000,11010,258
2026-07-03T11:55:00+05:30,11010,11010,10995,10999,329
2026-07-03T12:00:00+05:30,10999,11013,10999,11008,286
2026-07-03T12:05:00+05:30,11008,11015,11008,11013,157
2026-07-03T12:10:00+05:30,11013,11016,11006,11006,118
2026-07-03T12:15:00+05:30,11006,11017,11006,11017,59
2026-07-03T12:20:00+05:30,11017,11018,11006,11008,44
2026-07-03T12:25:00+05:30,11011,11019,11005,11011,300
2026-07-03T12:30:00+05:30,11011,11013,11000,11001,367
2026-07-03T12:35:00+05:30,11001,11001,10986,10989,308
2026-07-03T12:40:00+05:30,10989,11000,10986,10999,135
2026-07-03T12:45:00+05:30,10999,11000,10994,10999,76
2026-07-03T12:50:00+05:30,10999,11007,10995,11000,203
2026-07-03T12:55:00+05:30,11000,11000,10995,10997,54
2026-07-03T13:00:00+05:30,10997,11000,10989,10990,114
2026-07-03T13:05:00+05:30,10990,10991,10975,10985,405
2026-07-03T13:10:00+05:30,10985,10992,10975,10980,256
2026-07-03T13:15:00+05:30,10980,10980,10979,10979,14
2026-07-03T13:20:00+05:30,10979,10987,10976,10976,197
2026-07-03T13:25:00+05:30,10976,10983,10975,10983,210
2026-07-03T13:30:00+05:30,10984,10984,10960,10974,602
2026-07-03T13:35:00+05:30,10974,10983,10974,10978,98
2026-07-03T13:40:00+05:30,10978,10987,10978,10979,47
2026-07-03T13:45:00+05:30,10979,10980,10976,10978,122
2026-07-03T13:50:00+05:30,10978,10990,10978,10990,30
2026-07-03T13:55:00+05:30,10990,10994,10983,10990,117
2026-07-03T14:00:00+05:30,10990,10993,10986,10986,31
2026-07-03T14:05:00+05:30,10986,11023,10980,11016,562
2026-07-03T14:10:00+05:30,11016,11075,11016,11060,699
2026-07-03T14:15:00+05:30,11066,11069,11050,11065,478
2026-07-03T14:20:00+05:30,11065,11075,11055,11064,145
2026-07-03T14:25:00+05:30,11064,11068,11054,11058,112
2026-07-03T14:30:00+05:30,11058,11065,11055,11058,68
2026-07-03T14:35:00+05:30,11058,11058,11050,11053,113
2026-07-03T14:40:00+05:30,11057,11059,11050,11055,427
2026-07-03T14:45:00+05:30,11055,11067,11041,11067,1111
2026-07-03T14:50:00+05:30,11067,11072,11050,11060,552
2026-07-03T14:55:00+05:30,11060,11070,11053,11069,607
2026-07-03T15:00:00+05:30,11070,11095,11067,11080,1715
2026-07-03T15:05:00+05:30,11083,11110,11075,11084,4536
2026-07-03T15:10:00+05:30,11084,11087,11057,11057,704
2026-07-03T15:15:00+05:30,11058,11075,11053,11070,1453
2026-07-03T15:20:00+05:30,11062,11079,11055,11070,1303
2026-07-03T15:25:00+05:30,11065,11087,11051,11087,2106
2026-07-06T09:15:00+05:30,11111,11148,10990,11007,1975
2026-07-06T09:20:00+05:30,11013,11023,10990,10998,1290
2026-07-06T09:25:00+05:30,10998,11010,10963,10967,955
2026-07-06T09:30:00+05:30,10967,11000,10967,11000,332
2026-07-06T09:35:00+05:30,11000,11000,10954,10967,1058
2026-07-06T09:40:00+05:30,10967,10980,10960,10971,145
2026-07-06T09:45:00+05:30,10971,10983,10970,10983,176
2026-07-06T09:50:00+05:30,10983,10988,10970,10977,194
2026-07-06T09:55:00+05:30,10977,10977,10960,10972,221
2026-07-06T10:00:00+05:30,10972,10991,10968,10991,129
2026-07-06T10:05:00+05:30,10991,11002,10988,10995,448
2026-07-06T10:10:00+05:30,10995,11000,10992,10996,48
2026-07-06T10:15:00+05:30,10996,10996,10979,10986,27
2026-07-06T10:20:00+05:30,10986,11000,10982,10996,128
2026-07-06T10:25:00+05:30,10996,10999,10992,10992,115
2026-07-06T10:30:00+05:30,10992,10995,10983,10983,90
2026-07-06T10:35:00+05:30,10983,10990,10945,10961,1107
2026-07-06T10:40:00+05:30,10961,10961,10922,10938,814
2026-07-06T10:45:00+05:30,10938,10948,10932,10948,247
2026-07-06T10:50:00+05:30,10948,10948,10930,10942,192
2026-07-06T10:55:00+05:30,10942,10943,10930,10935,366
2026-07-06T11:00:00+05:30,10935,10947,10930,10945,514
2026-07-06T11:05:00+05:30,10945,10950,10945,10948,37
2026-07-06T11:10:00+05:30,10948,10951,10948,10948,50
2026-07-06T11:15:00+05:30,10948,10948,10912,10920,912
2026-07-06T11:20:00+05:30,10920,10920,10905,10910,475
2026-07-06T11:25:00+05:30,10910,10917,10907,10908,147
2026-07-06T11:30:00+05:30,10915,10915,10908,10908,44
2026-07-06T11:35:00+05:30,10908,10926,10908,10926,299
2026-07-06T11:40:00+05:30,10926,10936,10926,10936,226
2026-07-06T11:45:00+05:30,10936,10945,10925,10930,262
2026-07-06T11:50:00+05:30,10930,10936,10927,10927,139
2026-07-06T11:55:00+05:30,10927,10928,10900,10905,493
2026-07-06T12:00:00+05:30,10905,10925,10905,10920,315
2026-07-06T12:05:00+05:30,10920,10925,10920,10920,100
2026-07-06T12:10:00+05:30,10920,10920,10909,10909,138
2026-07-06T12:15:00+05:30,10909,10916,10909,10912,19
2026-07-06T12:20:00+05:30,10912,10912,10911,10912,78
2026-07-06T12:25:00+05:30,10912,10938,10910,10913,333
2026-07-06T12:30:00+05:30,10913,10950,10913,10928,428
2026-07-06T12:35:00+05:30,10928,10946,10919,10919,274
2026-07-06T12:40:00+05:30,10919,10923,10910,10923,171
2026-07-06T12:45:00+05:30,10923,10930,10922,10925,114
2026-07-06T12:50:00+05:30,10925,10925,10881,10904,2340
2026-07-06T12:55:00+05:30,10904,10910,10904,10910,169
2026-07-06T13:00:00+05:30,10910,10912,10890,10895,429
2026-07-06T13:05:00+05:30,10895,10895,10885,10890,303
2026-07-06T13:10:00+05:30,10890,10894,10884,10884,206
2026-07-06T13:15:00+05:30,10884,10885,10838,10877,804
2026-07-06T13:20:00+05:30,10877,10893,10877,10893,431
2026-07-06T13:25:00+05:30,10893,10894,10887,10894,26
2026-07-06T13:30:00+05:30,10894,10895,10881,10885,196
2026-07-06T13:35:00+05:30,10885,10908,10880,10902,368
2026-07-06T13:40:00+05:30,10902,10920,10891,10903,467
2026-07-06T13:45:00+05:30,10905,10907,10896,10900,53
2026-07-06T13:50:00+05:30,10892,10893,10888,10893,101
2026-07-06T13:55:00+05:30,10890,10900,10880,10880,637
2026-07-06T14:00:00+05:30,10880,10880,10872,10880,375
2026-07-06T14:05:00+05:30,10880,10880,10873,10880,54
2026-07-06T14:10:00+05:30,10880,10880,10876,10878,102
2026-07-06T14:15:00+05:30,10878,10878,10871,10871,217
2026-07-06T14:20:00+05:30,10871,10872,10870,10870,118
2026-07-06T14:25:00+05:30,10870,10876,10869,10869,274
2026-07-06T14:30:00+05:30,10870,10875,10869,10875,218
2026-07-06T14:35:00+05:30,10875,10875,10861,10861,183
2026-07-06T14:40:00+05:30,10861,10862,10824,10825,561
2026-07-06T14:45:00+05:30,10825,10843,10799,10799,1925
2026-07-06T14:50:00+05:30,10799,10838,10790,10815,2395
2026-07-06T14:55:00+05:30,10815,10823,10801,10813,1524
2026-07-06T15:00:00+05:30,10813,10820,10787,10795,2196
2026-07-06T15:05:00+05:30,10799,10832,10791,10823,2251
2026-07-06T15:10:00+05:30,10823,10835,10818,10829,1795
2026-07-06T15:15:00+05:30,10828,10831,10805,10820,2174
2026-07-06T15:20:00+05:30,10813,10839,10804,10833,3029
2026-07-06T15:25:00+05:30,10833,10878,10825,10865,1722
2026-07-07T09:15:00+05:30,10923,10943,10861,10918,1590
2026-07-07T09:20:00+05:30,10918,10920,10881,10912,557
2026-07-07T09:25:00+05:30,10912,10917,10870,10876,508
2026-07-07T09:30:00+05:30,10876,10876,10848,10848,742
2026-07-07T09:35:00+05:30,10849,10873,10837,10850,684
2026-07-07T09:40:00+05:30,10850,10865,10834,10854,588
2026-07-07T09:45:00+05:30,10854,10854,10837,10843,245
2026-07-07T09:50:00+05:30,10843,10843,10793,10795,638
2026-07-07T09:55:00+05:30,10794,10843,10789,10843,813
2026-07-07T10:00:00+05:30,10843,10862,10840,10848,734
2026-07-07T10:05:00+05:30,10848,10848,10826,10844,284
2026-07-07T10:10:00+05:30,10844,10850,10800,10812,957
2026-07-07T10:15:00+05:30,10812,10818,10804,10810,203
2026-07-07T10:20:00+05:30,10810,10817,10805,10809,80
2026-07-07T10:25:00+05:30,10809,10812,10804,10810,101
2026-07-07T10:30:00+05:30,10810,10820,10800,10819,347
2026-07-07T10:35:00+05:30,10819,10823,10810,10813,222
2026-07-07T10:40:00+05:30,10813,10813,10762,10777,486
2026-07-07T10:45:00+05:30,10777,10786,10775,10786,52
2026-07-07T10:50:00+05:30,10786,10786,10757,10757,332
2026-07-07T10:55:00+05:30,10757,10758,10730,10730,365
2026-07-07T11:00:00+05:30,10735,10736,10730,10733,159
2026-07-07T11:05:00+05:30,10733,10742,10727,10741,689
2026-07-07T11:10:00+05:30,10741,10765,10735,10743,283
2026-07-07T11:15:00+05:30,10743,10773,10742,10756,294
2026-07-07T11:20:00+05:30,10756,10775,10754,10754,277
2026-07-07T11:25:00+05:30,10754,10773,10754,10769,134
2026-07-07T11:30:00+05:30,10769,10796,10765,10796,282
2026-07-07T11:35:00+05:30,10796,10796,10780,10787,115
2026-07-07T11:40:00+05:30,10787,10793,10778,10779,316
2026-07-07T11:45:00+05:30,10779,10785,10775,10785,121
2026-07-07T11:50:00+05:30,10785,10785,10776,10776,116
2026-07-07T11:55:00+05:30,10776,10782,10775,10777,126
2026-07-07T12:00:00+05:30,10777,10780,10769,10769,69
2026-07-07T12:05:00+05:30,10769,10777,10769,10774,131
2026-07-07T12:10:00+05:30,10770,10770,10764,10764,61
2026-07-07T12:15:00+05:30,10764,10770,10758,10769,219
2026-07-07T12:20:00+05:30,10769,10770,10761,10765,31
2026-07-07T12:25:00+05:30,10765,10770,10752,10760,149
2026-07-07T12:30:00+05:30,10760,10760,10737,10738,151
2026-07-07T12:35:00+05:30,10738,10751,10737,10745,109
2026-07-07T12:40:00+05:30,10745,10762,10741,10762,36
2026-07-07T12:45:00+05:30,10762,10764,10754,10764,32
2026-07-07T12:50:00+05:30,10764,10764,10756,10756,57
2026-07-07T12:55:00+05:30,10756,10759,10741,10753,259
2026-07-07T13:00:00+05:30,10753,10753,10732,10739,185
2026-07-07T13:05:00+05:30,10739,10748,10734,10744,88
2026-07-07T13:10:00+05:30,10744,10747,10727,10737,317
2026-07-07T13:15:00+05:30,10737,10737,10730,10730,32
2026-07-07T13:20:00+05:30,10730,10730,10720,10729,237
2026-07-07T13:25:00+05:30,10729,10741,10729,10741,65
2026-07-07T13:30:00+05:30,10741,10756,10733,10749,490
2026-07-07T13:35:00+05:30,10749,10759,10749,10753,55
2026-07-07T13:40:00+05:30,10753,10755,10739,10755,195
2026-07-07T13:45:00+05:30,10762,10780,10762,10770,572
2026-07-07T13:50:00+05:30,10770,10775,10765,10768,53
2026-07-07T13:55:00+05:30,10768,10773,10766,10770,37
2026-07-07T14:00:00+05:30,10770,10784,10770,10783,181
2026-07-07T14:05:00+05:30,10783,10789,10780,10785,165
2026-07-07T14:10:00+05:30,10785,10789,10782,10786,54
2026-07-07T14:15:00+05:30,10786,10786,10776,10782,20
2026-07-07T14:20:00+05:30,10782,10782,10769,10773,158
2026-07-07T14:25:00+05:30,10773,10783,10771,10783,111
2026-07-07T14:30:00+05:30,10783,10783,10778,10782,157
2026-07-07T14:35:00+05:30,10782,10782,10765,10778,185
2026-07-07T14:40:00+05:30,10778,10779,10772,10779,248
2026-07-07T14:45:00+05:30,10779,10779,10772,10778,40
2026-07-07T14:50:00+05:30,10778,10778,10772,10772,21
2026-07-07T14:55:00+05:30,10772,10779,10766,10779,180
2026-07-07T15:00:00+05:30,10777,10846,10763,10779,3694
2026-07-07T15:05:00+05:30,10779,10795,10747,10771,3810
2026-07-07T15:10:00+05:30,10772,10772,10739,10770,3447
2026-07-07T15:15:00+05:30,10770,10783,10736,10750,2758
2026-07-07T15:20:00+05:30,10746,10746,10711,10722,2748
2026-07-07T15:25:00+05:30,10712,10742,10710,10710,2639
2026-07-08T09:15:00+05:30,10650,10728,10626,10722,1339
2026-07-08T09:20:00+05:30,10722,10722,10642,10642,1034
2026-07-08T09:25:00+05:30,10642,10658,10615,10653,1029
2026-07-08T09:30:00+05:30,10653,10653,10619,10633,749
2026-07-08T09:35:00+05:30,10633,10644,10621,10640,440
2026-07-08T09:40:00+05:30,10640,10651,10628,10648,600
2026-07-08T09:45:00+05:30,10648,10658,10636,10658,433
2026-07-08T09:50:00+05:30,10658,10666,10640,10640,526
2026-07-08T09:55:00+05:30,10640,10688,10640,10682,186
2026-07-08T10:00:00+05:30,10682,10688,10624,10624,947
2026-07-08T10:05:00+05:30,10624,10635,10616,10624,526
2026-07-08T10:10:00+05:30,10624,10638,10624,10635,178
2026-07-08T10:15:00+05:30,10635,10645,10616,10633,308
2026-07-08T10:20:00+05:30,10633,10633,10585,10602,919
2026-07-08T10:25:00+05:30,10602,10612,10595,10596,281
2026-07-08T10:30:00+05:30,10593,10609,10591,10607,350
2026-07-08T10:35:00+05:30,10599,10615,10599,10615,886
2026-07-08T10:40:00+05:30,10615,10644,10600,10644,423
2026-07-08T10:45:00+05:30,10644,10649,10633,10642,214
2026-07-08T10:50:00+05:30,10642,10644,10631,10631,234
2026-07-08T10:55:00+05:30,10631,10645,10631,10644,147
2026-07-08T11:00:00+05:30,10644,10660,10644,10656,475
2026-07-08T11:05:00+05:30,10656,10656,10647,10651,154
2026-07-08T11:10:00+05:30,10651,10653,10645,10650,142
2026-07-08T11:15:00+05:30,10650,10652,10636,10637,204
2026-07-08T11:20:00+05:30,10637,10646,10637,10639,189
2026-07-08T11:25:00+05:30,10639,10645,10612,10640,492
2026-07-08T11:30:00+05:30,10640,10640,10610,10610,641
2026-07-08T11:35:00+05:30,10610,10611,10605,10606,316
2026-07-08T11:40:00+05:30,10606,10606,10597,10599,285
2026-07-08T11:45:00+05:30,10599,10603,10597,10599,155
2026-07-08T11:50:00+05:30,10599,10605,10595,10602,52
2026-07-08T11:55:00+05:30,10602,10602,10572,10590,718
2026-07-08T12:00:00+05:30,10590,10590,10555,10576,764
2026-07-08T12:05:00+05:30,10576,10576,10530,10540,965
2026-07-08T12:10:00+05:30,10540,10540,10531,10533,201
2026-07-08T12:15:00+05:30,10533,10544,10532,10536,295
2026-07-08T12:20:00+05:30,10543,10543,10521,10525,485
2026-07-08T12:25:00+05:30,10525,10525,10505,10513,602
2026-07-08T12:30:00+05:30,10513,10520,10506,10520,262
2026-07-08T12:35:00+05:30,10520,10520,10510,10518,279
2026-07-08T12:40:00+05:30,10518,10518,10506,10506,169
2026-07-08T12:45:00+05:30,10506,10528,10506,10512,384
2026-07-08T12:50:00+05:30,10512,10555,10512,10549,598
2026-07-08T12:55:00+05:30,10549,10554,10540,10550,224
2026-07-08T13:00:00+05:30,10543,10574,10540,10571,901
2026-07-08T13:05:00+05:30,10570,10575,10554,10562,617
2026-07-08T13:10:00+05:30,10574,10593,10569,10586,876
2026-07-08T13:15:00+05:30,10586,10592,10564,10569,511
2026-07-08T13:20:00+05:30,10573,10594,10573,10580,684
2026-07-08T13:25:00+05:30,10580,10580,10563,10569,248
2026-07-08T13:30:00+05:30,10565,10569,10562,10563,336
2026-07-08T13:35:00+05:30,10563,10575,10563,10571,359
2026-07-08T13:40:00+05:30,10571,10571,10560,10566,419
2026-07-08T13:45:00+05:30,10560,10560,10521,10523,313
2026-07-08T13:50:00+05:30,10523,10523,10458,10458,1329
2026-07-08T13:55:00+05:30,10463,10471,10435,10435,815
2026-07-08T14:00:00+05:30,10435,10435,10395,10413,1048
2026-07-08T14:05:00+05:30,10413,10413,10375,10375,832
2026-07-08T14:10:00+05:30,10377,10385,10357,10368,1370
2026-07-08T14:15:00+05:30,10368,10394,10361,10376,459
2026-07-08T14:20:00+05:30,10376,10385,10351,10353,655
2026-07-08T14:25:00+05:30,10361,10361,10320,10320,1060
2026-07-08T14:30:00+05:30,10320,10366,10318,10339,1133
2026-07-08T14:35:00+05:30,10339,10357,10321,10330,835
2026-07-08T14:40:00+05:30,10330,10356,10321,10347,1568
2026-07-08T14:45:00+05:30,10347,10347,10314,10316,898
2026-07-08T14:50:00+05:30,10326,10326,10300,10305,970
2026-07-08T14:55:00+05:30,10303,10308,10285,10295,1100
2026-07-08T15:00:00+05:30,10295,10316,10290,10290,2672
2026-07-08T15:05:00+05:30,10290,10296,10276,10296,1625
2026-07-08T15:10:00+05:30,10295,10309,10292,10302,1541
2026-07-08T15:15:00+05:30,10315,10368,10309,10360,3942
2026-07-08T15:20:00+05:30,10360,10375,10337,10355,3614
2026-07-08T15:25:00+05:30,10355,10404,10350,10385,2887
2026-07-09T09:15:00+05:30,10392,10590,10388,10580,2750
2026-07-09T09:20:00+05:30,10580,10589,10523,10556,3620
2026-07-09T09:25:00+05:30,10576,10611,10567,10581,1469
2026-07-09T09:30:00+05:30,10581,10610,10567,10576,1571
2026-07-09T09:35:00+05:30,10569,10600,10548,10570,1358
2026-07-09T09:40:00+05:30,10570,10579,10532,10560,857
2026-07-09T09:45:00+05:30,10560,10565,10518,10518,1066
2026-07-09T09:50:00+05:30,10518,10572,10510,10572,2539
2026-07-09T09:55:00+05:30,10570,10570,10555,10564,378
2026-07-09T10:00:00+05:30,10564,10594,10562,10575,1027
2026-07-09T10:05:00+05:30,10575,10586,10570,10570,224
2026-07-09T10:10:00+05:30,10570,10570,10550,10560,284
2026-07-09T10:15:00+05:30,10560,10566,10555,10555,90
2026-07-09T10:20:00+05:30,10555,10604,10550,10583,706
2026-07-09T10:25:00+05:30,10583,10589,10580,10584,405
2026-07-09T10:30:00+05:30,10584,10590,10570,10575,173
2026-07-09T10:35:00+05:30,10575,10594,10570,10578,943
2026-07-09T10:40:00+05:30,10578,10605,10570,10602,633
2026-07-09T10:45:00+05:30,10602,10602,10560,10560,760
2026-07-09T10:50:00+05:30,10560,10584,10558,10579,449
2026-07-09T10:55:00+05:30,10579,10579,10555,10555,220
2026-07-09T11:00:00+05:30,10555,10579,10542,10576,372
2026-07-09T11:05:00+05:30,10576,10582,10556,10563,251
2026-07-09T11:10:00+05:30,10563,10576,10554,10566,442
2026-07-09T11:15:00+05:30,10566,10585,10559,10585,659
2026-07-09T11:20:00+05:30,10585,10590,10577,10577,265
2026-07-09T11:25:00+05:30,10577,10596,10574,10580,649
2026-07-09T11:30:00+05:30,10580,10591,10571,10590,213
2026-07-09T11:35:00+05:30,10585,10594,10580,10590,229
2026-07-09T11:40:00+05:30,10590,10590,10575,10585,435
2026-07-09T11:45:00+05:30,10585,10585,10571,10579,191
2026-07-09T11:50:00+05:30,10579,10584,10574,10574,239
2026-07-09T11:55:00+05:30,10574,10590,10574,10589,172
2026-07-09T12:00:00+05:30,10589,10592,10583,10585,84
2026-07-09T12:05:00+05:30,10585,10590,10585,10585,127
2026-07-09T12:10:00+05:30,10585,10589,10576,10580,172
2026-07-09T12:15:00+05:30,10580,10580,10576,10576,22
2026-07-09T12:20:00+05:30,10576,10579,10576,10576,19
2026-07-09T12:25:00+05:30,10576,10577,10563,10571,941
2026-07-09T12:30:00+05:30,10571,10585,10571,10572,231
2026-07-09T12:35:00+05:30,10572,10580,10572,10572,202
2026-07-09T12:40:00+05:30,10572,10572,10551,10555,204
2026-07-09T12:45:00+05:30,10555,10572,10553,10568,205
2026-07-09T12:50:00+05:30,10568,10571,10555,10570,307
2026-07-09T12:55:00+05:30,10570,10570,10564,10570,48
2026-07-09T13:00:00+05:30,10569,10569,10556,10556,40
2026-07-09T13:05:00+05:30,10556,10563,10556,10562,76
2026-07-09T13:10:00+05:30,10562,10568,10560,10567,90
2026-07-09T13:15:00+05:30,10567,10571,10563,10571,34
2026-07-09T13:20:00+05:30,10571,10571,10561,10561,109
2026-07-09T13:25:00+05:30,10561,10561,10554,10554,66
2026-07-09T13:30:00+05:30,10554,10571,10554,10569,117
2026-07-09T13:35:00+05:30,10569,10579,10567,10570,184
2026-07-09T13:40:00+05:30,10559,10576,10559,10576,132
2026-07-09T13:45:00+05:30,10571,10573,10567,10570,47
2026-07-09T13:50:00+05:30,10570,10570,10555,10561,207
2026-07-09T13:55:00+05:30,10561,10561,10534,10536,653
2026-07-09T14:00:00+05:30,10536,10552,10536,10540,234
2026-07-09T14:05:00+05:30,10540,10556,10540,10556,94
2026-07-09T14:10:00+05:30,10556,10557,10545,10553,144
2026-07-09T14:15:00+05:30,10553,10553,10548,10550,28
2026-07-09T14:20:00+05:30,10550,10553,10541,10548,67
2026-07-09T14:25:00+05:30,10548,10548,10537,10540,143
2026-07-09T14:30:00+05:30,10546,10553,10546,10553,72
2026-07-09T14:35:00+05:30,10553,10553,10541,10541,84
2026-07-09T14:40:00+05:30,10546,10550,10532,10541,265
2026-07-09T14:45:00+05:30,10541,10547,10536,10547,192
2026-07-09T14:50:00+05:30,10547,10547,10541,10547,69
2026-07-09T14:55:00+05:30,10547,10560,10542,10559,613
2026-07-09T15:00:00+05:30,10558,10602,10548,10602,2129
2026-07-09T15:05:00+05:30,10592,10596,10559,10588,2060
2026-07-09T15:10:00+05:30,10584,10588,10555,10555,2684
2026-07-09T15:15:00+05:30,10555,10584,10546,10574,2395
2026-07-09T15:20:00+05:30,10584,10589,10572,10583,3883
2026-07-09T15:25:00+05:30,10583,10606,10578,10600,2932
2026-07-10T09:15:00+05:30,10687,10687,10493,10546,2927
2026-07-10T09:20:00+05:30,10546,10585,10535,10583,637
2026-07-10T09:25:00+05:30,10598,10678,10595,10661,1762
2026-07-10T09:30:00+05:30,10664,10680,10647,10647,570
2026-07-10T09:35:00+05:30,10647,10669,10646,10648,315
2026-07-10T09:40:00+05:30,10648,10670,10648,10650,621
2026-07-10T09:45:00+05:30,10650,10669,10649,10660,327
2026-07-10T09:50:00+05:30,10660,10664,10649,10657,235
2026-07-10T09:55:00+05:30,10657,10668,10650,10661,433
2026-07-10T10:00:00+05:30,10661,10668,10650,10650,201
2026-07-10T10:05:00+05:30,10650,10654,10649,10649,52
2026-07-10T10:10:00+05:30,10649,10656,10642,10652,73
2026-07-10T10:15:00+05:30,10652,10663,10647,10663,125
2026-07-10T10:20:00+05:30,10663,10667,10654,10661,69
2026-07-10T10:25:00+05:30,10661,10661,10656,10660,43
2026-07-10T10:30:00+05:30,10660,10660,10647,10649,81
2026-07-10T10:35:00+05:30,10649,10668,10649,10661,128
2026-07-10T10:40:00+05:30,10661,10661,10654,10660,15
2026-07-10T10:45:00+05:30,10660,10660,10654,10654,33
2026-07-10T10:50:00+05:30,10654,10656,10650,10650,63
2026-07-10T10:55:00+05:30,10650,10651,10650,10651,7
2026-07-10T11:00:00+05:30,10651,10661,10646,10659,101
2026-07-10T11:05:00+05:30,10659,10665,10650,10650,140
2026-07-10T11:10:00+05:30,10651,10651,10636,10645,62
2026-07-10T11:15:00+05:30,10645,10650,10645,10649,62
2026-07-10T11:20:00+05:30,10649,10650,10642,10642,55
2026-07-10T11:25:00+05:30,10648,10648,10640,10641,30
2026-07-10T11:30:00+05:30,10641,10657,10640,10657,89
2026-07-10T11:35:00+05:30,10657,10657,10650,10650,25
2026-07-10T11:40:00+05:30,10650,10654,10649,10649,58
2026-07-10T11:45:00+05:30,10649,10650,10641,10650,56
2026-07-10T11:50:00+05:30,10650,10650,10649,10650,29
2026-07-10T11:55:00+05:30,10650,10650,10650,10650,0
2026-07-10T12:00:00+05:30,10650,10650,10642,10642,244
2026-07-10T12:05:00+05:30,10642,10649,10642,10649,15
2026-07-10T12:10:00+05:30,10649,10650,10631,10639,303
2026-07-10T12:15:00+05:30,10639,10639,10633,10633,3
2026-07-10T12:20:00+05:30,10633,10637,10629,10637,70
2026-07-10T12:25:00+05:30,10637,10644,10637,10638,57
2026-07-10T12:30:00+05:30,10638,10644,10638,10641,19
2026-07-10T12:35:00+05:30,10641,10644,10641,10643,194
2026-07-10T12:40:00+05:30,10643,10643,10638,10640,70
2026-07-10T12:45:00+05:30,10640,10650,10640,10645,261
2026-07-10T12:50:00+05:30,10645,10645,10638,10638,1
2026-07-10T12:55:00+05:30,10638,10650,10638,10641,449
2026-07-10T13:00:00+05:30,10641,10644,10641,10641,45
2026-07-10T13:05:00+05:30,10641,10644,10641,10644,10
2026-07-10T13:10:00+05:30,10644,10644,10639,10639,83
2026-07-10T13:15:00+05:30,10639,10639,10633,10637,77
2026-07-10T13:20:00+05:30,10637,10637,10620,10620,156
2026-07-10T13:25:00+05:30,10620,10639,10619,10637,372
2026-07-10T13:30:00+05:30,10637,10651,10632,10650,1267
2026-07-10T13:35:00+05:30,10650,10665,10647,10658,46
2026-07-10T13:40:00+05:30,10658,10670,10658,10669,177
2026-07-10T13:45:00+05:30,10669,10670,10655,10655,337
2026-07-10T13:50:00+05:30,10655,10695,10655,10695,1483
2026-07-10T13:55:00+05:30,10695,10695,10671,10678,448
2026-07-10T14:00:00+05:30,10678,10681,10678,10681,78
2026-07-10T14:05:00+05:30,10681,10687,10680,10683,103
2026-07-10T14:10:00+05:30,10683,10687,10682,10683,105
2026-07-10T14:15:00+05:30,10683,10684,10683,10684,16
2026-07-10T14:20:00+05:30,10684,10690,10681,10683,170
2026-07-10T14:25:00+05:30,10683,10694,10683,10692,196
2026-07-10T14:30:00+05:30,10692,10692,10657,10659,585
2026-07-10T14:35:00+05:30,10659,10659,10657,10658,153
2026-07-10T14:40:00+05:30,10658,10663,10658,10663,13
2026-07-10T14:45:00+05:30,10663,10665,10661,10665,97
2026-07-10T14:50:00+05:30,10665,10665,10659,10659,127
2026-07-10T14:55:00+05:30,10659,10660,10648,10650,755
2026-07-10T15:00:00+05:30,10651,10678,10651,10666,849
2026-07-10T15:05:00+05:30,10664,10664,10645,10650,1046
2026-07-10T15:10:00+05:30,10650,10650,10640,10645,824
2026-07-10T15:15:00+05:30,10645,10649,10637,10637,824
2026-07-10T15:20:00+05:30,10643,10670,10640,10667,768
2026-07-10T15:25:00+05:30,10667,10667,10649,10650,824
2026-07-13T09:15:00+05:30,10150,10574,10132,10520,10398
2026-07-13T09:20:00+05:30,10520,10596,10511,10582,2685
2026-07-13T09:25:00+05:30,10631,10723,10615,10723,5128
2026-07-13T09:30:00+05:30,10708,10775,10707,10716,6421
2026-07-13T09:35:00+05:30,10715,10761,10682,10682,1643
2026-07-13T09:40:00+05:30,10680,10715,10664,10697,963
2026-07-13T09:45:00+05:30,10697,10756,10680,10736,1280
2026-07-13T09:50:00+05:30,10736,10799,10731,10770,2183
2026-07-13T09:55:00+05:30,10765,10775,10715,10728,1444
2026-07-13T10:00:00+05:30,10723,10735,10716,10723,279
2026-07-13T10:05:00+05:30,10723,10723,10697,10697,460
2026-07-13T10:10:00+05:30,10703,10719,10686,10689,565
2026-07-13T10:15:00+05:30,10681,10744,10672,10717,3011
2026-07-13T10:20:00+05:30,10717,10720,10709,10718,1261
2026-07-13T10:25:00+05:30,10718,10720,10703,10705,386
2026-07-13T10:30:00+05:30,10705,10709,10687,10697,405
2026-07-13T10:35:00+05:30,10697,10744,10697,10744,1411
2026-07-13T10:40:00+05:30,10744,10775,10743,10759,2364
2026-07-13T10:45:00+05:30,10769,10828,10754,10815,4697
2026-07-13T10:50:00+05:30,10815,10899,10815,10874,3160
2026-07-13T10:55:00+05:30,10874,10894,10865,10890,1161
2026-07-13T11:00:00+05:30,10890,10915,10885,10885,1461
2026-07-13T11:05:00+05:30,10885,10894,10858,10860,747
2026-07-13T11:10:00+05:30,10866,10869,10840,10840,850
2026-07-13T11:15:00+05:30,10840,10850,10807,10827,920
2026-07-13T11:20:00+05:30,10827,10835,10809,10825,329
2026-07-13T11:25:00+05:30,10826,10842,10811,10831,359
2026-07-13T11:30:00+05:30,10830,10833,10817,10833,164
2026-07-13T11:35:00+05:30,10833,10839,10819,10820,141
2026-07-13T11:40:00+05:30,10820,10823,10807,10816,392
2026-07-13T11:45:00+05:30,10821,10824,10813,10813,128
2026-07-13T11:50:00+05:30,10813,10828,10813,10828,475
2026-07-13T11:55:00+05:30,10828,10828,10810,10813,217
2026-07-13T12:00:00+05:30,10813,10818,10805,10815,175
2026-07-13T12:05:00+05:30,10815,10820,10811,10817,59
2026-07-13T12:10:00+05:30,10817,10826,10813,10824,141
2026-07-13T12:15:00+05:30,10821,10840,10821,10830,173
2026-07-13T12:20:00+05:30,10830,10839,10822,10830,165
2026-07-13T12:25:00+05:30,10830,10838,10817,10828,176
2026-07-13T12:30:00+05:30,10835,10835,10821,10825,92
2026-07-13T12:35:00+05:30,10824,10833,10821,10833,190
2026-07-13T12:40:00+05:30,10834,10835,10824,10830,62
2026-07-13T12:45:00+05:30,10830,10832,10822,10824,108
2026-07-13T12:50:00+05:30,10824,10848,10824,10847,155
2026-07-13T12:55:00+05:30,10847,10868,10821,10849,992
2026-07-13T13:00:00+05:30,10849,10861,10827,10829,176
2026-07-13T13:05:00+05:30,10829,10829,10817,10827,339
2026-07-13T13:10:00+05:30,10827,10838,10800,10815,1514
2026-07-13T13:15:00+05:30,10815,10824,10815,10818,104
2026-07-13T13:20:00+05:30,10818,10818,10802,10803,240
2026-07-13T13:25:00+05:30,10807,10809,10796,10796,159
2026-07-13T13:30:00+05:30,10796,10800,10786,10797,247
2026-07-13T13:35:00+05:30,10797,10811,10790,10808,150
2026-07-13T13:40:00+05:30,10808,10828,10800,10819,258
2026-07-13T13:45:00+05:30,10819,10829,10815,10820,235
2026-07-13T13:50:00+05:30,10820,10823,10807,10807,107
2026-07-13T13:55:00+05:30,10807,10813,10802,10802,137
2026-07-13T14:00:00+05:30,10802,10814,10801,10806,200
2026-07-13T14:05:00+05:30,10806,10835,10803,10834,611
2026-07-13T14:10:00+05:30,10834,10835,10826,10830,131
2026-07-13T14:15:00+05:30,10830,10847,10808,10820,819
2026-07-13T14:20:00+05:30,10820,10858,10820,10830,1149
2026-07-13T14:25:00+05:30,10833,10834,10813,10814,198
2026-07-13T14:30:00+05:30,10814,10818,10813,10815,130
2026-07-13T14:35:00+05:30,10815,10817,10810,10813,94
2026-07-13T14:40:00+05:30,10813,10813,10810,10810,156
2026-07-13T14:45:00+05:30,10810,10817,10810,10810,188
2026-07-13T14:50:00+05:30,10810,10836,10806,10825,659
2026-07-13T14:55:00+05:30,10825,10825,10803,10804,781
2026-07-13T15:00:00+05:30,10798,10807,10797,10799,1951
2026-07-13T15:05:00+05:30,10799,10799,10733,10757,2811
2026-07-13T15:10:00+05:30,10749,10755,10728,10728,1982
2026-07-13T15:15:00+05:30,10741,10748,10728,10736,2179
2026-07-13T15:20:00+05:30,10738,10740,10733,10740,2960
2026-07-13T15:25:00+05:30,10740,10765,10704,10706,2575
2026-07-14T09:15:00+05:30,10635,10714,10635,10680,1619
2026-07-14T09:20:00+05:30,10680,10686,10668,10686,346
2026-07-14T09:25:00+05:30,10686,10686,10659,10660,137
2026-07-14T09:30:00+05:30,10660,10661,10645,10654,1305
2026-07-14T09:35:00+05:30,10654,10665,10625,10631,1153
2026-07-14T09:40:00+05:30,10630,10630,10605,10607,1413
2026-07-14T09:45:00+05:30,10607,10610,10571,10575,1129
2026-07-14T09:50:00+05:30,10575,10584,10564,10580,241
2026-07-14T09:55:00+05:30,10580,10605,10570,10578,546
2026-07-14T10:00:00+05:30,10578,10608,10560,10599,1905
2026-07-14T10:05:00+05:30,10599,10599,10583,10590,81
2026-07-14T10:10:00+05:30,10590,10590,10573,10577,83
2026-07-14T10:15:00+05:30,10577,10581,10560,10561,379
2026-07-14T10:20:00+05:30,10561,10581,10561,10579,417
2026-07-14T10:25:00+05:30,10579,10580,10565,10570,69
2026-07-14T10:30:00+05:30,10570,10591,10562,10587,356
2026-07-14T10:35:00+05:30,10587,10588,10569,10579,218
2026-07-14T10:40:00+05:30,10579,10587,10575,10581,90
2026-07-14T10:45:00+05:30,10581,10589,10578,10580,71
2026-07-14T10:50:00+05:30,10580,10590,10580,10589,34
2026-07-14T10:55:00+05:30,10589,10590,10589,10590,45
2026-07-14T11:00:00+05:30,10590,10598,10590,10591,163
2026-07-14T11:05:00+05:30,10591,10617,10591,10607,565
2026-07-14T11:10:00+05:30,10607,10635,10599,10611,795
2026-07-14T11:15:00+05:30,10611,10630,10611,10629,601
2026-07-14T11:20:00+05:30,10629,10630,10618,10630,486
2026-07-14T11:25:00+05:30,10630,10630,10614,10620,68
2026-07-14T11:30:00+05:30,10620,10620,10613,10614,45
2026-07-14T11:35:00+05:30,10614,10620,10611,10620,500
2026-07-14T11:40:00+05:30,10620,10620,10603,10614,135
2026-07-14T11:45:00+05:30,10614,10614,10598,10608,143
2026-07-14T11:50:00+05:30,10608,10608,10593,10593,51
2026-07-14T11:55:00+05:30,10593,10600,10584,10594,324
2026-07-14T12:00:00+05:30,10594,10610,10594,10608,76
2026-07-14T12:05:00+05:30,10608,10614,10608,10610,50
2026-07-14T12:10:00+05:30,10610,10610,10600,10603,18
2026-07-14T12:15:00+05:30,10603,10603,10585,10600,180
2026-07-14T12:20:00+05:30,10600,10600,10591,10597,6
2026-07-14T12:25:00+05:30,10597,10598,10571,10580,180
2026-07-14T12:30:00+05:30,10580,10591,10575,10590,108
2026-07-14T12:35:00+05:30,10590,10594,10583,10594,31
2026-07-14T12:40:00+05:30,10594,10594,10590,10590,33
2026-07-14T12:45:00+05:30,10590,10590,10588,10588,8
2026-07-14T12:50:00+05:30,10588,10594,10588,10594,14
2026-07-14T12:55:00+05:30,10594,10595,10590,10590,8
2026-07-14T13:00:00+05:30,10590,10590,10520,10545,2237
2026-07-14T13:05:00+05:30,10545,10545,10536,10540,108
2026-07-14T13:10:00+05:30,10540,10550,10531,10550,217
2026-07-14T13:15:00+05:30,10550,10550,10538,10540,74
2026-07-14T13:20:00+05:30,10540,10557,10540,10556,196
2026-07-14T13:25:00+05:30,10556,10557,10541,10551,23
2026-07-14T13:30:00+05:30,10551,10554,10536,10544,38
2026-07-14T13:35:00+05:30,10544,10544,10522,10526,145
2026-07-14T13:40:00+05:30,10526,10547,10516,10524,805
2026-07-14T13:45:00+05:30,10524,10529,10518,10518,155
2026-07-14T13:50:00+05:30,10518,10520,10511,10520,135
2026-07-14T13:55:00+05:30,10520,10526,10515,10526,177
2026-07-14T14:00:00+05:30,10526,10564,10523,10561,376
2026-07-14T14:05:00+05:30,10561,10568,10552,10568,157
2026-07-14T14:10:00+05:30,10568,10568,10551,10551,54
2026-07-14T14:15:00+05:30,10551,10555,10546,10552,77
2026-07-14T14:20:00+05:30,10552,10554,10540,10541,19
2026-07-14T14:25:00+05:30,10541,10541,10535,10537,61
2026-07-14T14:30:00+05:30,10537,10544,10500,10512,1127
2026-07-14T14:35:00+05:30,10512,10533,10500,10525,392
2026-07-14T14:40:00+05:30,10525,10549,10525,10549,200
2026-07-14T14:45:00+05:30,10549,10549,10524,10525,170
2026-07-14T14:50:00+05:30,10525,10540,10525,10540,69
2026-07-14T14:55:00+05:30,10540,10549,10529,10539,496
2026-07-14T15:00:00+05:30,10538,10541,10530,10539,246
2026-07-14T15:05:00+05:30,10539,10541,10513,10519,360
2026-07-14T15:10:00+05:30,10518,10522,10495,10500,689
2026-07-14T15:15:00+05:30,10504,10508,10459,10480,1811
2026-07-14T15:20:00+05:30,10475,10484,10467,10467,463
2026-07-14T15:25:00+05:30,10470,10480,10462,10475,1553
2026-07-15T09:15:00+05:30,10480,10577,10458,10499,1012
2026-07-15T09:20:00+05:30,10500,10517,10486,10499,922
2026-07-15T09:25:00+05:30,10499,10519,10491,10516,413
2026-07-15T09:30:00+05:30,10516,10518,10488,10490,953
2026-07-15T09:35:00+05:30,10495,10509,10495,10500,285
2026-07-15T09:40:00+05:30,10499,10504,10491,10500,564
2026-07-15T09:45:00+05:30,10500,10500,10481,10488,842
2026-07-15T09:50:00+05:30,10488,10520,10488,10509,12298
2026-07-15T09:55:00+05:30,10509,10519,10505,10508,363
2026-07-15T10:00:00+05:30,10508,10514,10505,10510,45
2026-07-15T10:05:00+05:30,10510,10512,10506,10512,95
2026-07-15T10:10:00+05:30,10512,10512,10501,10510,189
2026-07-15T10:15:00+05:30,10511,10520,10502,10507,176
2026-07-15T10:20:00+05:30,10507,10507,10498,10500,209
2026-07-15T10:25:00+05:30,10500,10509,10492,10509,633
2026-07-15T10:30:00+05:30,10509,10519,10506,10519,186
2026-07-15T10:35:00+05:30,10519,10519,10516,10519,141
2026-07-15T10:40:00+05:30,10519,10528,10510,10519,2779
2026-07-15T10:45:00+05:30,10519,10519,10502,10507,227
2026-07-15T10:50:00+05:30,10507,10508,10500,10505,47
2026-07-15T10:55:00+05:30,10505,10508,10500,10508,127
2026-07-15T11:00:00+05:30,10508,10509,10500,10502,610
2026-07-15T11:05:00+05:30,10502,10515,10502,10511,405
2026-07-15T11:10:00+05:30,10511,10556,10510,10539,1411
2026-07-15T11:15:00+05:30,10539,10542,10534,10542,107
2026-07-15T11:20:00+05:30,10542,10543,10530,10543,77
2026-07-15T11:25:00+05:30,10532,10537,10520,10520,179
2026-07-15T11:30:00+05:30,10520,10528,10520,10528,13
2026-07-15T11:35:00+05:30,10528,10529,10520,10523,245
2026-07-15T11:40:00+05:30,10523,10530,10501,10520,483
2026-07-15T11:45:00+05:30,10520,10530,10520,10521,53
2026-07-15T11:50:00+05:30,10521,10530,10521,10522,55
2026-07-15T11:55:00+05:30,10522,10530,10522,10530,57
2026-07-15T12:00:00+05:30,10530,10530,10520,10520,17
2026-07-15T12:05:00+05:30,10520,10526,10520,10520,49
2026-07-15T12:10:00+05:30,10518,10520,10500,10513,292
2026-07-15T12:15:00+05:30,10513,10513,10504,10512,49
2026-07-15T12:20:00+05:30,10512,10512,10503,10510,45
2026-07-15T12:25:00+05:30,10510,10512,10502,10512,1954
2026-07-15T12:30:00+05:30,10512,10519,10512,10519,100
2026-07-15T12:35:00+05:30,10519,10519,10504,10504,29
2026-07-15T12:40:00+05:30,10504,10510,10503,10503,523
2026-07-15T12:45:00+05:30,10503,10517,10503,10514,128
2026-07-15T12:50:00+05:30,10514,10519,10509,10509,613
2026-07-15T12:55:00+05:30,10509,10509,10472,10497,953
2026-07-15T13:00:00+05:30,10495,10500,10492,10498,201
2026-07-15T13:05:00+05:30,10498,10500,10489,10493,120
2026-07-15T13:10:00+05:30,10493,10493,10484,10486,15
2026-07-15T13:15:00+05:30,10480,10496,10480,10494,71
2026-07-15T13:20:00+05:30,10494,10500,10491,10492,21
2026-07-15T13:25:00+05:30,10492,10500,10492,10496,34
2026-07-15T13:30:00+05:30,10496,10498,10491,10495,33
2026-07-15T13:35:00+05:30,10495,10498,10495,10498,1
2026-07-15T13:40:00+05:30,10498,10498,10489,10495,51
2026-07-15T13:45:00+05:30,10495,10500,10495,10498,35
2026-07-15T13:50:00+05:30,10498,10498,10487,10492,30
2026-07-15T13:55:00+05:30,10492,10499,10492,10499,83
2026-07-15T14:00:00+05:30,10499,10500,10495,10499,13
2026-07-15T14:05:00+05:30,10499,10500,10498,10500,20
2026-07-15T14:10:00+05:30,10500,10500,10495,10499,14
2026-07-15T14:15:00+05:30,10499,10500,10496,10496,80
2026-07-15T14:20:00+05:30,10496,10500,10496,10499,73
2026-07-15T14:25:00+05:30,10499,10500,10492,10492,306
2026-07-15T14:30:00+05:30,10497,10500,10491,10500,330
2026-07-15T14:35:00+05:30,10499,10500,10491,10499,309
2026-07-15T14:40:00+05:30,10499,10500,10492,10500,110
2026-07-15T14:45:00+05:30,10500,10500,10495,10499,251
2026-07-15T14:50:00+05:30,10499,10500,10490,10499,95
2026-07-15T14:55:00+05:30,10499,10500,10485,10485,131
2026-07-15T15:00:00+05:30,10485,10521,10485,10521,1358
2026-07-15T15:05:00+05:30,10521,10537,10513,10516,1314
2026-07-15T15:10:00+05:30,10519,10544,10519,10537,852
2026-07-15T15:15:00+05:30,10538,10549,10527,10546,1098
2026-07-15T15:20:00+05:30,10548,10559,10542,10554,1546
2026-07-15T15:25:00+05:30,10553,10565,10505,10508,2844
2026-07-16T09:15:00+05:30,10531,10559,10512,10514,1236
2026-07-16T09:20:00+05:30,10512,10518,10480,10484,532
2026-07-16T09:25:00+05:30,10485,10497,10475,10481,241
2026-07-16T09:30:00+05:30,10481,10482,10415,10426,533
2026-07-16T09:35:00+05:30,10425,10433,10406,10414,365
2026-07-16T09:40:00+05:30,10414,10440,10414,10430,518
2026-07-16T09:45:00+05:30,10430,10458,10430,10450,488
2026-07-16T09:50:00+05:30,10450,10455,10448,10451,254
2026-07-16T09:55:00+05:30,10451,10467,10451,10456,274
2026-07-16T10:00:00+05:30,10453,10458,10444,10450,250
2026-07-16T10:05:00+05:30,10450,10464,10450,10464,65
2026-07-16T10:10:00+05:30,10464,10469,10460,10467,69
2026-07-16T10:15:00+05:30,10467,10480,10467,10469,505
2026-07-16T10:20:00+05:30,10469,10475,10466,10471,63
2026-07-16T10:25:00+05:30,10471,10477,10466,10466,92
2026-07-16T10:30:00+05:30,10466,10471,10465,10471,179
2026-07-16T10:35:00+05:30,10465,10470,10460,10467,648
2026-07-16T10:40:00+05:30,10467,10482,10460,10482,130
2026-07-16T10:45:00+05:30,10482,10488,10429,10473,3406
2026-07-16T10:50:00+05:30,10473,10473,10437,10466,3809
2026-07-16T10:55:00+05:30,10466,10466,10442,10450,766
2026-07-16T11:00:00+05:30,10450,10501,10444,10500,2000
2026-07-16T11:05:00+05:30,10500,10500,10485,10485,379
2026-07-16T11:10:00+05:30,10485,10486,10448,10448,1914
2026-07-16T11:15:00+05:30,10448,10454,10445,10454,214
2026-07-16T11:20:00+05:30,10447,10460,10446,10453,408
2026-07-16T11:25:00+05:30,10453,10456,10447,10447,184
2026-07-16T11:30:00+05:30,10447,10452,10447,10451,76
2026-07-16T11:35:00+05:30,10451,10454,10408,10417,3214
2026-07-16T11:40:00+05:30,10417,10425,10412,10412,190
2026-07-16T11:45:00+05:30,10412,10423,10412,10419,62
2026-07-16T11:50:00+05:30,10419,10419,10400,10411,634
2026-07-16T11:55:00+05:30,10411,10411,10401,10410,307
2026-07-16T12:00:00+05:30,10409,10409,10404,10404,118
2026-07-16T12:05:00+05:30,10404,10415,10404,10410,239
2026-07-16T12:10:00+05:30,10410,10415,10410,10410,135
2026-07-16T12:15:00+05:30,10410,10418,10407,10409,130
2026-07-16T12:20:00+05:30,10409,10414,10408,10414,66
2026-07-16T12:25:00+05:30,10414,10414,10413,10413,18
2026-07-16T12:30:00+05:30,10413,10414,10405,10405,174
2026-07-16T12:35:00+05:30,10405,10410,10401,10403,392
2026-07-16T12:40:00+05:30,10403,10414,10403,10411,173
2026-07-16T12:45:00+05:30,10411,10411,10401,10405,265
2026-07-16T12:50:00+05:30,10405,10409,10405,10406,30
2026-07-16T12:55:00+05:30,10406,10410,10400,10405,185
2026-07-16T13:00:00+05:30,10405,10405,10392,10401,878
2026-07-16T13:05:00+05:30,10401,10401,10395,10401,19
2026-07-16T13:10:00+05:30,10401,10404,10393,10399,188
2026-07-16T13:15:00+05:30,10399,10404,10397,10404,57
2026-07-16T13:20:00+05:30,10404,10408,10404,10405,39
2026-07-16T13:25:00+05:30,10405,10405,10395,10399,314
2026-07-16T13:30:00+05:30,10399,10400,10395,10399,64
2026-07-16T13:35:00+05:30,10399,10405,10396,10401,184
2026-07-16T13:40:00+05:30,10401,10418,10380,10407,1503
2026-07-16T13:45:00+05:30,10407,10414,10407,10414,126
2026-07-16T13:50:00+05:30,10414,10426,10413,10415,136
2026-07-16T13:55:00+05:30,10415,10426,10415,10417,119
2026-07-16T14:00:00+05:30,10417,10450,10417,10443,687
2026-07-16T14:05:00+05:30,10443,10444,10434,10443,71
2026-07-16T14:10:00+05:30,10443,10443,10434,10438,133
2026-07-16T14:15:00+05:30,10438,10460,10416,10446,2154
2026-07-16T14:20:00+05:30,10446,10453,10440,10445,213
2026-07-16T14:25:00+05:30,10445,10453,10429,10430,772
2026-07-16T14:30:00+05:30,10430,10438,10426,10428,528
2026-07-16T14:35:00+05:30,10428,10440,10423,10436,418
2026-07-16T14:40:00+05:30,10436,10436,10427,10433,370
2026-07-16T14:45:00+05:30,10433,10435,10428,10430,148
2026-07-16T14:50:00+05:30,10430,10445,10426,10439,408
2026-07-16T14:55:00+05:30,10439,10449,10436,10442,392
2026-07-16T15:00:00+05:30,10435,10439,10400,10409,2898
2026-07-16T15:05:00+05:30,10415,10421,10400,10411,3063
2026-07-16T15:10:00+05:30,10403,10428,10400,10420,7465
2026-07-16T15:15:00+05:30,10426,10432,10419,10430,3735
2026-07-16T15:20:00+05:30,10430,10442,10420,10420,4257
2026-07-16T15:25:00+05:30,10425,10425,10391,10407,2892
2026-07-17T09:15:00+05:30,10444,10476,10412,10415,719
2026-07-17T09:20:00+05:30,10415,10430,10371,10380,1520
2026-07-17T09:25:00+05:30,10371,10395,10345,10351,778
2026-07-17T09:30:00+05:30,10350,10383,10350,10368,1599
2026-07-17T09:35:00+05:30,10368,10380,10363,10371,147
2026-07-17T09:40:00+05:30,10371,10380,10356,10367,457
2026-07-17T09:45:00+05:30,10367,10373,10356,10357,1646
2026-07-17T09:50:00+05:30,10357,10409,10355,10409,2382
2026-07-17T09:55:00+05:30,10412,10425,10400,10418,1283
2026-07-17T10:00:00+05:30,10418,10469,10406,10460,1249
2026-07-17T10:05:00+05:30,10460,10470,10448,10453,944
2026-07-17T10:10:00+05:30,10453,10472,10453,10461,263
2026-07-17T10:15:00+05:30,10461,10506,10460,10498,539
2026-07-17T10:20:00+05:30,10498,10509,10480,10499,408
2026-07-17T10:25:00+05:30,10499,10524,10490,10520,1310
2026-07-17T10:30:00+05:30,10520,10520,10509,10511,191
2026-07-17T10:35:00+05:30,10519,10525,10511,10525,334
2026-07-17T10:40:00+05:30,10525,10525,10510,10510,162
2026-07-17T10:45:00+05:30,10510,10527,10507,10507,555
2026-07-17T10:50:00+05:30,10507,10528,10502,10524,524
2026-07-17T10:55:00+05:30,10524,10528,10516,10516,185
2026-07-17T11:00:00+05:30,10516,10525,10516,10517,144
2026-07-17T11:05:00+05:30,10517,10530,10510,10510,411
2026-07-17T11:10:00+05:30,10510,10522,10510,10522,337
2026-07-17T11:15:00+05:30,10522,10530,10515,10529,151
2026-07-17T11:20:00+05:30,10529,10531,10520,10524,279
2026-07-17T11:25:00+05:30,10524,10533,10519,10521,149
2026-07-17T11:30:00+05:30,10521,10530,10519,10522,116
2026-07-17T11:35:00+05:30,10522,10522,10514,10519,82
2026-07-17T11:40:00+05:30,10519,10532,10485,10492,818
2026-07-17T11:45:00+05:30,10492,10492,10471,10471,73
2026-07-17T11:50:00+05:30,10471,10499,10471,10499,272
2026-07-17T11:55:00+05:30,10499,10500,10496,10500,13
2026-07-17T12:00:00+05:30,10500,10500,10482,10490,63
2026-07-17T12:05:00+05:30,10490,10490,10470,10482,282
2026-07-17T12:10:00+05:30,10482,10485,10475,10485,44
2026-07-17T12:15:00+05:30,10485,10490,10480,10480,228
2026-07-17T12:20:00+05:30,10480,10480,10460,10460,192
2026-07-17T12:25:00+05:30,10460,10460,10396,10399,3375
2026-07-17T12:30:00+05:30,10399,10433,10399,10422,1224
2026-07-17T12:35:00+05:30,10422,10425,10417,10420,45
2026-07-17T12:40:00+05:30,10420,10469,10419,10434,848
2026-07-17T12:45:00+05:30,10441,10450,10421,10450,156
2026-07-17T12:50:00+05:30,10450,10450,10400,10400,678
2026-07-17T12:55:00+05:30,10400,10411,10400,10404,100
2026-07-17T13:00:00+05:30,10404,10414,10404,10414,56
2026-07-17T13:05:00+05:30,10414,10414,10402,10410,13
2026-07-17T13:10:00+05:30,10410,10411,10400,10409,83
2026-07-17T13:15:00+05:30,10409,10410,10400,10403,285
2026-07-17T13:20:00+05:30,10403,10412,10403,10403,26
2026-07-17T13:25:00+05:30,10403,10414,10401,10411,120
2026-07-17T13:30:00+05:30,10411,10411,10401,10401,198
2026-07-17T13:35:00+05:30,10401,10424,10400,10403,560
2026-07-17T13:40:00+05:30,10403,10410,10387,10400,448
2026-07-17T13:45:00+05:30,10400,10404,10396,10400,44
2026-07-17T13:50:00+05:30,10400,10406,10397,10397,268
2026-07-17T13:55:00+05:30,10397,10400,10392,10400,82
2026-07-17T14:00:00+05:30,10400,10406,10400,10401,16
2026-07-17T14:05:00+05:30,10401,10401,10390,10390,238
2026-07-17T14:10:00+05:30,10390,10396,10380,10396,449
2026-07-17T14:15:00+05:30,10390,10430,10385,10409,5560
2026-07-17T14:20:00+05:30,10409,10410,10391,10399,264
2026-07-17T14:25:00+05:30,10399,10405,10399,10405,170
2026-07-17T14:30:00+05:30,10405,10410,10395,10400,187
2026-07-17T14:35:00+05:30,10400,10443,10396,10443,10432
2026-07-17T14:40:00+05:30,10450,10475,10446,10446,681
2026-07-17T14:45:00+05:30,10443,10477,10443,10468,1664
2026-07-17T14:50:00+05:30,10470,10479,10470,10470,233
2026-07-17T14:55:00+05:30,10470,10477,10470,10470,472
2026-07-17T15:00:00+05:30,10473,10473,10421,10421,1719
2026-07-17T15:05:00+05:30,10426,10433,10420,10420,806
2026-07-17T15:10:00+05:30,10403,10408,10391,10395,1360
2026-07-17T15:15:00+05:30,10398,10398,10382,10388,11772
2026-07-17T15:20:00+05:30,10390,10390,10375,10386,1390
2026-07-17T15:25:00+05:30,10385,10389,10364,10370,1355
2026-07-20T09:15:00+05:30,10369,10446,10369,10399,1117
2026-07-20T09:20:00+05:30,10403,10406,10355,10362,686
2026-07-20T09:25:00+05:30,10362,10368,10350,10368,429
2026-07-20T09:30:00+05:30,10368,10393,10331,10393,3534
2026-07-20T09:35:00+05:30,10393,10400,10386,10390,849
2026-07-20T09:40:00+05:30,10389,10398,10341,10348,698
2026-07-20T09:45:00+05:30,10348,10348,10311,10319,1707
2026-07-20T09:50:00+05:30,10319,10352,10308,10319,3077
2026-07-20T09:55:00+05:30,10320,10322,10314,10317,302
2026-07-20T10:00:00+05:30,10315,10338,10310,10328,2140
2026-07-20T10:05:00+05:30,10329,10346,10321,10341,494
2026-07-20T10:10:00+05:30,10341,10341,10312,10320,1160
2026-07-20T10:15:00+05:30,10320,10323,10315,10319,195
2026-07-20T10:20:00+05:30,10319,10322,10317,10318,217
2026-07-20T10:25:00+05:30,10318,10323,10315,10320,118
2026-07-20T10:30:00+05:30,10320,10320,10317,10320,302
2026-07-20T10:35:00+05:30,10320,10346,10317,10341,3908
2026-07-20T10:40:00+05:30,10341,10385,10341,10379,926
2026-07-20T10:45:00+05:30,10379,10387,10349,10355,458
2026-07-20T10:50:00+05:30,10355,10374,10351,10370,267
2026-07-20T10:55:00+05:30,10370,10375,10361,10371,162
2026-07-20T11:00:00+05:30,10371,10371,10360,10360,106
2026-07-20T11:05:00+05:30,10360,10378,10360,10370,178
2026-07-20T11:10:00+05:30,10370,10376,10370,10376,73
2026-07-20T11:15:00+05:30,10376,10376,10367,10374,53
2026-07-20T11:20:00+05:30,10374,10374,10322,10330,2850
2026-07-20T11:25:00+05:30,10330,10331,10325,10329,106
2026-07-20T11:30:00+05:30,10330,10335,10325,10333,139
2026-07-20T11:35:00+05:30,10333,10333,10320,10333,954
2026-07-20T11:40:00+05:30,10333,10335,10327,10332,90
2026-07-20T11:45:00+05:30,10335,10339,10332,10338,133
2026-07-20T11:50:00+05:30,10338,10338,10333,10333,71
2026-07-20T11:55:00+05:30,10333,10337,10333,10337,24
2026-07-20T12:00:00+05:30,10337,10340,10337,10340,15
2026-07-20T12:05:00+05:30,10340,10340,10337,10337,29
2026-07-20T12:10:00+05:30,10337,10338,10334,10334,5
2026-07-20T12:15:00+05:30,10334,10340,10334,10338,39
2026-07-20T12:20:00+05:30,10338,10339,10322,10322,590
2026-07-20T12:25:00+05:30,10322,10328,10320,10327,493
2026-07-20T12:30:00+05:30,10327,10338,10325,10338,5843
2026-07-20T12:35:00+05:30,10330,10330,10324,10328,82
2026-07-20T12:40:00+05:30,10328,10328,10324,10324,41
2026-07-20T12:45:00+05:30,10324,10329,10324,10324,36
2026-07-20T12:50:00+05:30,10324,10324,10290,10294,1877
2026-07-20T12:55:00+05:30,10294,10302,10289,10302,171
2026-07-20T13:00:00+05:30,10302,10315,10301,10315,94
2026-07-20T13:05:00+05:30,10315,10322,10315,10316,82
2026-07-20T13:10:00+05:30,10316,10320,10286,10303,1618
2026-07-20T13:15:00+05:30,10305,10307,10294,10300,663
2026-07-20T13:20:00+05:30,10300,10303,10299,10300,971
2026-07-20T13:25:00+05:30,10300,10305,10298,10300,3484
2026-07-20T13:30:00+05:30,10300,10304,10299,10300,3460
2026-07-20T13:35:00+05:30,10300,10303,10294,10299,1286
2026-07-20T13:40:00+05:30,10300,10318,10299,10318,796
2026-07-20T13:45:00+05:30,10320,10340,10320,10325,426
2026-07-20T13:50:00+05:30,10325,10330,10309,10309,807
2026-07-20T13:55:00+05:30,10309,10313,10297,10307,349
2026-07-20T14:00:00+05:30,10307,10310,10307,10310,179
2026-07-20T14:05:00+05:30,10310,10310,10304,10304,220
2026-07-20T14:10:00+05:30,10303,10310,10300,10308,589
2026-07-20T14:15:00+05:30,10308,10332,10308,10330,7833
2026-07-20T14:20:00+05:30,10333,10333,10319,10324,573
2026-07-20T14:25:00+05:30,10324,10324,10321,10323,53
2026-07-20T14:30:00+05:30,10323,10323,10301,10315,445
2026-07-20T14:35:00+05:30,10315,10315,10305,10305,64
2026-07-20T14:40:00+05:30,10305,10315,10305,10315,92
2026-07-20T14:45:00+05:30,10315,10317,10306,10317,320
2026-07-20T14:50:00+05:30,10317,10320,10309,10311,248
2026-07-20T14:55:00+05:30,10311,10316,10311,10314,216
2026-07-20T15:00:00+05:30,10314,10314,10302,10303,539
2026-07-20T15:05:00+05:30,10308,10310,10294,10300,552
2026-07-20T15:10:00+05:30,10300,10303,10285,10292,1274
2026-07-20T15:15:00+05:30,10292,10307,10287,10300,644
2026-07-20T15:20:00+05:30,10302,10312,10293,10299,1327
2026-07-20T15:25:00+05:30,10297,10311,10290,10292,1779
2026-07-21T09:15:00+05:30,10299,10363,10299,10330,900
2026-07-21T09:20:00+05:30,10330,10353,10313,10341,760
2026-07-21T09:25:00+05:30,10341,10359,10330,10335,442
2026-07-21T09:30:00+05:30,10335,10353,10332,10346,883
2026-07-21T09:35:00+05:30,10346,10361,10344,10361,498
2026-07-21T09:40:00+05:30,10361,10361,10337,10346,124
2026-07-21T09:45:00+05:30,10346,10425,10345,10376,10469
2026-07-21T09:50:00+05:30,10366,10385,10350,10385,5710
2026-07-21T09:55:00+05:30,10385,10411,10378,10397,823
2026-07-21T10:00:00+05:30,10397,10397,10360,10374,950
2026-07-21T10:05:00+05:30,10374,10404,10369,10403,4868
2026-07-21T10:10:00+05:30,10403,10404,10373,10376,2009
2026-07-21T10:15:00+05:30,10376,10390,10374,10385,1410
2026-07-21T10:20:00+05:30,10386,10491,10380,10460,5232
2026-07-21T10:25:00+05:30,10460,10524,10449,10524,1775
2026-07-21T10:30:00+05:30,10524,10525,10501,10510,882
2026-07-21T10:35:00+05:30,10510,10510,10432,10433,3032
2026-07-21T10:40:00+05:30,10433,10437,10413,10421,1092
2026-07-21T10:45:00+05:30,10421,10435,10408,10417,500
2026-07-21T10:50:00+05:30,10409,10420,10394,10420,11166
2026-07-21T10:55:00+05:30,10420,10420,10406,10410,2588
2026-07-21T11:00:00+05:30,10410,10415,10410,10415,1221
2026-07-21T11:05:00+05:30,10415,10415,10407,10407,642
2026-07-21T11:10:00+05:30,10407,10410,10406,10406,103
2026-07-21T11:15:00+05:30,10406,10406,10400,10405,191
2026-07-21T11:20:00+05:30,10405,10410,10399,10405,458
2026-07-21T11:25:00+05:30,10405,10418,10404,10412,430
2026-07-21T11:30:00+05:30,10412,10414,10411,10412,426
2026-07-21T11:35:00+05:30,10412,10455,10410,10449,1685
2026-07-21T11:40:00+05:30,10449,10460,10441,10459,300
2026-07-21T11:45:00+05:30,10451,10473,10451,10473,262
2026-07-21T11:50:00+05:30,10473,10476,10426,10426,960
2026-07-21T11:55:00+05:30,10426,10439,10426,10439,118
2026-07-21T12:00:00+05:30,10439,10442,10433,10442,192
2026-07-21T12:05:00+05:30,10442,10444,10433,10433,249
2026-07-21T12:10:00+05:30,10434,10443,10426,10426,211
2026-07-21T12:15:00+05:30,10426,10444,10425,10444,72
2026-07-21T12:20:00+05:30,10444,10445,10435,10443,148
2026-07-21T12:25:00+05:30,10443,10443,10427,10436,211
2026-07-21T12:30:00+05:30,10436,10438,10430,10438,149
2026-07-21T12:35:00+05:30,10438,10440,10431,10440,79
2026-07-21T12:40:00+05:30,10440,10440,10428,10435,284
2026-07-21T12:45:00+05:30,10435,10441,10410,10418,434
2026-07-21T12:50:00+05:30,10418,10430,10402,10424,204
2026-07-21T12:55:00+05:30,10424,10424,10413,10414,46
2026-07-21T13:00:00+05:30,10414,10416,10402,10412,234
2026-07-21T13:05:00+05:30,10413,10430,10413,10425,501
2026-07-21T13:10:00+05:30,10425,10429,10420,10420,66
2026-07-21T13:15:00+05:30,10428,10428,10420,10427,270
2026-07-21T13:20:00+05:30,10427,10427,10414,10421,276
2026-07-21T13:25:00+05:30,10421,10442,10421,10436,281
2026-07-21T13:30:00+05:30,10436,10441,10401,10402,720
2026-07-21T13:35:00+05:30,10402,10431,10400,10426,1310
2026-07-21T13:40:00+05:30,10426,10445,10417,10432,1113
2026-07-21T13:45:00+05:30,10432,10432,10413,10417,1006
2026-07-21T13:50:00+05:30,10417,10419,10413,10414,269
2026-07-21T13:55:00+05:30,10414,10421,10414,10415,342
2026-07-21T14:00:00+05:30,10415,10418,10400,10413,1652
2026-07-21T14:05:00+05:30,10413,10413,10403,10405,400
2026-07-21T14:10:00+05:30,10405,10419,10405,10408,497
2026-07-21T14:15:00+05:30,10408,10411,10398,10400,2465
2026-07-21T14:20:00+05:30,10400,10410,10396,10404,5851
2026-07-21T14:25:00+05:30,10404,10430,10400,10430,523
2026-07-21T14:30:00+05:30,10428,10434,10410,10410,377
2026-07-21T14:35:00+05:30,10411,10426,10410,10411,501
2026-07-21T14:40:00+05:30,10411,10425,10410,10414,461
2026-07-21T14:45:00+05:30,10414,10434,10414,10423,1006
2026-07-21T14:50:00+05:30,10423,10427,10419,10425,344
2026-07-21T14:55:00+05:30,10425,10475,10409,10467,2748
2026-07-21T15:00:00+05:30,10465,10495,10465,10471,2540
2026-07-21T15:05:00+05:30,10469,10479,10429,10451,2668
2026-07-21T15:10:00+05:30,10448,10453,10436,10437,3167
2026-07-21T15:15:00+05:30,10445,10447,10429,10437,4397
2026-07-21T15:20:00+05:30,10436,10462,10426,10456,5325
2026-07-21T15:25:00+05:30,10455,10470,10426,10440,3055
2026-07-22T09:15:00+05:30,10446,10490,10440,10476,1426
2026-07-22T09:20:00+05:30,10476,10476,10384,10405,791
2026-07-22T09:25:00+05:30,10405,10405,10354,10354,697
2026-07-22T09:30:00+05:30,10354,10364,10339,10349,719
2026-07-22T09:35:00+05:30,10350,10350,10333,10341,590
2026-07-22T09:40:00+05:30,10341,10344,10334,10338,93
2026-07-22T09:45:00+05:30,10340,10345,10304,10310,626
2026-07-22T09:50:00+05:30,10310,10327,10310,10323,337
2026-07-22T09:55:00+05:30,10323,10356,10304,10354,1513
2026-07-22T10:00:00+05:30,10354,10374,10350,10374,420
2026-07-22T10:05:00+05:30,10374,10411,10374,10399,588
2026-07-22T10:10:00+05:30,10399,10399,10380,10385,267
2026-07-22T10:15:00+05:30,10385,10390,10377,10390,92
2026-07-22T10:20:00+05:30,10390,10391,10374,10374,71
2026-07-22T10:25:00+05:30,10374,10381,10364,10381,84
2026-07-22T10:30:00+05:30,10381,10390,10380,10390,122
2026-07-22T10:35:00+05:30,10390,10390,10380,10390,68
2026-07-22T10:40:00+05:30,10390,10390,10373,10384,35
2026-07-22T10:45:00+05:30,10384,10390,10378,10390,18
2026-07-22T10:50:00+05:30,10390,10403,10389,10399,120
2026-07-22T10:55:00+05:30,10399,10408,10393,10408,67
2026-07-22T11:00:00+05:30,10408,10420,10400,10406,408
2026-07-22T11:05:00+05:30,10406,10426,10406,10417,43
2026-07-22T11:10:00+05:30,10417,10424,10414,10415,46
2026-07-22T11:15:00+05:30,10415,10432,10415,10432,93
2026-07-22T11:20:00+05:30,10432,10462,10426,10460,246
2026-07-22T11:25:00+05:30,10460,10479,10460,10472,361
2026-07-22T11:30:00+05:30,10472,10474,10463,10470,231
2026-07-22T11:35:00+05:30,10470,10470,10462,10470,137
2026-07-22T11:40:00+05:30,10470,10489,10460,10489,319
2026-07-22T11:45:00+05:30,10489,10490,10476,10488,376
2026-07-22T11:50:00+05:30,10488,10488,10478,10488,143
2026-07-22T11:55:00+05:30,10474,10544,10474,10525,2555
2026-07-22T12:00:00+05:30,10525,10525,10500,10501,36
2026-07-22T12:05:00+05:30,10501,10508,10483,10503,1013
2026-07-22T12:10:00+05:30,10503,10517,10500,10517,88
2026-07-22T12:15:00+05:30,10517,10517,10508,10508,73
2026-07-22T12:20:00+05:30,10508,10508,10500,10508,170
2026-07-22T12:25:00+05:30,10508,10508,10500,10500,167
2026-07-22T12:30:00+05:30,10500,10500,10433,10440,4421
2026-07-22T12:35:00+05:30,10440,10485,10419,10455,1730
2026-07-22T12:40:00+05:30,10455,10481,10450,10481,244
2026-07-22T12:45:00+05:30,10481,10490,10473,10490,309
2026-07-22T12:50:00+05:30,10490,10490,10478,10488,321
2026-07-22T12:55:00+05:30,10488,10490,10470,10482,365
2026-07-22T13:00:00+05:30,10482,10484,10479,10480,421
2026-07-22T13:05:00+05:30,10480,10480,10475,10480,155
2026-07-22T13:10:00+05:30,10480,10489,10461,10476,274
2026-07-22T13:15:00+05:30,10476,10483,10474,10481,142
2026-07-22T13:20:00+05:30,10481,10483,10474,10480,134
2026-07-22T13:25:00+05:30,10480,10480,10470,10478,140
2026-07-22T13:30:00+05:30,10478,10479,10438,10460,419
2026-07-22T13:35:00+05:30,10460,10477,10452,10474,156
2026-07-22T13:40:00+05:30,10475,10477,10445,10464,315
2026-07-22T13:45:00+05:30,10464,10469,10445,10460,129
2026-07-22T13:50:00+05:30,10460,10468,10450,10466,206
2026-07-22T13:55:00+05:30,10466,10471,10454,10465,123
2026-07-22T14:00:00+05:30,10465,10466,10442,10452,225
2026-07-22T14:05:00+05:30,10452,10463,10447,10461,378
2026-07-22T14:10:00+05:30,10461,10470,10446,10460,659
2026-07-22T14:15:00+05:30,10460,10480,10444,10478,959
2026-07-22T14:20:00+05:30,10478,10483,10462,10479,527
2026-07-22T14:25:00+05:30,10479,10479,10439,10450,621
2026-07-22T14:30:00+05:30,10450,10450,10431,10448,586
2026-07-22T14:35:00+05:30,10448,10450,10433,10437,548
2026-07-22T14:40:00+05:30,10443,10445,10434,10443,468
2026-07-22T14:45:00+05:30,10443,10446,10431,10439,770
2026-07-22T14:50:00+05:30,10439,10450,10432,10448,641
2026-07-22T14:55:00+05:30,10448,10450,10438,10448,753
2026-07-22T15:00:00+05:30,10440,10449,10408,10416,1467
2026-07-22T15:05:00+05:30,10416,10430,10407,10421,1152
2026-07-22T15:10:00+05:30,10422,10445,10417,10431,1681
2026-07-22T15:15:00+05:30,10435,10445,10414,10420,1652
2026-07-22T15:20:00+05:30,10428,10441,10412,10424,1639
2026-07-22T15:25:00+05:30,10433,10443,10400,10424,1619
2026-07-23T09:15:00+05:30,10446,10467,10378,10430,2524
2026-07-23T09:20:00+05:30,10428,10488,10425,10474,1446
2026-07-23T09:25:00+05:30,10474,10517,10471,10499,683
2026-07-23T09:30:00+05:30,10499,10510,10475,10495,1034
2026-07-23T09:35:00+05:30,10511,10511,10462,10493,882
2026-07-23T09:40:00+05:30,10487,10499,10481,10486,450
2026-07-23T09:45:00+05:30,10486,10508,10486,10497,481
2026-07-23T09:50:00+05:30,10495,10513,10491,10506,321
2026-07-23T09:55:00+05:30,10506,10559,10499,10557,1797
2026-07-23T10:00:00+05:30,10540,10585,10540,10573,3481
2026-07-23T10:05:00+05:30,10570,10595,10569,10578,1864
2026-07-23T10:10:00+05:30,10583,10625,10561,10620,2982
2026-07-23T10:15:00+05:30,10620,10635,10593,10605,1808
2026-07-23T10:20:00+05:30,10605,10610,10585,10600,808
2026-07-23T10:25:00+05:30,10600,10605,10582,10600,1286
2026-07-23T10:30:00+05:30,10600,10600,10580,10589,827
2026-07-23T10:35:00+05:30,10589,10595,10565,10595,1252
2026-07-23T10:40:00+05:30,10595,10612,10588,10600,1223
2026-07-23T10:45:00+05:30,10600,10605,10581,10600,4442
2026-07-23T10:50:00+05:30,10600,10605,10588,10599,443
2026-07-23T10:55:00+05:30,10600,10605,10585,10603,1587
2026-07-23T11:00:00+05:30,10603,10605,10588,10598,504
2026-07-23T11:05:00+05:30,10590,10600,10575,10580,4096
2026-07-23T11:10:00+05:30,10580,10590,10575,10580,588
2026-07-23T11:15:00+05:30,10580,10580,10563,10578,482
2026-07-23T11:20:00+05:30,10579,10580,10571,10578,400
2026-07-23T11:25:00+05:30,10578,10587,10567,10574,471
2026-07-23T11:30:00+05:30,10579,10585,10570,10580,417
2026-07-23T11:35:00+05:30,10580,10580,10573,10580,318
2026-07-23T11:40:00+05:30,10580,10585,10575,10585,263
2026-07-23T11:45:00+05:30,10585,10585,10572,10579,100
2026-07-23T11:50:00+05:30,10579,10585,10571,10583,475
2026-07-23T11:55:00+05:30,10583,10635,10574,10634,1833
2026-07-23T12:00:00+05:30,10638,10639,10601,10612,977
2026-07-23T12:05:00+05:30,10612,10625,10608,10621,279
2026-07-23T12:10:00+05:30,10625,10627,10615,10622,1074
2026-07-23T12:15:00+05:30,10615,10622,10607,10616,429
2026-07-23T12:20:00+05:30,10616,10622,10607,10620,807
2026-07-23T12:25:00+05:30,10620,10622,10605,10616,612
2026-07-23T12:30:00+05:30,10616,10620,10605,10607,409
2026-07-23T12:35:00+05:30,10607,10620,10607,10616,572
2026-07-23T12:40:00+05:30,10616,10616,10593,10603,767
2026-07-23T12:45:00+05:30,10595,10616,10595,10603,326
2026-07-23T12:50:00+05:30,10610,10610,10602,10610,397
2026-07-23T12:55:00+05:30,10610,10620,10610,10620,271
2026-07-23T13:00:00+05:30,10620,10620,10591,10599,1118
2026-07-23T13:05:00+05:30,10599,10602,10588,10595,482
2026-07-23T13:10:00+05:30,10595,10600,10579,10600,638
2026-07-23T13:15:00+05:30,10600,10600,10589,10600,304
2026-07-23T13:20:00+05:30,10600,10601,10594,10600,2815
2026-07-23T13:25:00+05:30,10600,10604,10591,10600,5331
2026-07-23T13:30:00+05:30,10600,10607,10591,10607,353
2026-07-23T13:35:00+05:30,10600,10600,10592,10600,2149
2026-07-23T13:40:00+05:30,10613,10638,10613,10636,1987
2026-07-23T13:45:00+05:30,10636,10664,10628,10663,2264
2026-07-23T13:50:00+05:30,10663,10666,10650,10650,1527
2026-07-23T13:55:00+05:30,10650,10680,10642,10680,846
2026-07-23T14:00:00+05:30,10680,10680,10665,10672,1443
2026-07-23T14:05:00+05:30,10672,10680,10670,10670,605
2026-07-23T14:10:00+05:30,10677,10691,10670,10680,1451
2026-07-23T14:15:00+05:30,10680,10690,10675,10682,725
2026-07-23T14:20:00+05:30,10682,10692,10674,10682,543
2026-07-23T14:25:00+05:30,10682,10692,10678,10678,334
2026-07-23T14:30:00+05:30,10680,10694,10675,10694,898
2026-07-23T14:35:00+05:30,10694,10700,10650,10652,1890
2026-07-23T14:40:00+05:30,10652,10655,10610,10613,1870
2026-07-23T14:45:00+05:30,10613,10622,10602,10606,853
2026-07-23T14:50:00+05:30,10606,10623,10603,10608,887
2026-07-23T14:55:00+05:30,10608,10627,10581,10600,4245
2026-07-23T15:00:00+05:30,10600,10607,10589,10590,6597
2026-07-23T15:05:00+05:30,10590,10627,10589,10620,2381
2026-07-23T15:10:00+05:30,10620,10654,10619,10654,4217
2026-07-23T15:15:00+05:30,10654,10678,10645,10678,3867
2026-07-23T15:20:00+05:30,10670,10684,10660,10674,3792
2026-07-23T15:25:00+05:30,10673,10688,10639,10680,3409
2026-07-24T09:15:00+05:30,10625,10691,10555,10682,2340
2026-07-24T09:20:00+05:30,10682,10699,10667,10672,1287
2026-07-24T09:25:00+05:30,10681,10720,10653,10720,2538
2026-07-24T09:30:00+05:30,10720,10750,10716,10743,3138
2026-07-24T09:35:00+05:30,10743,10744,10715,10737,1947
2026-07-24T09:40:00+05:30,10739,10743,10680,10695,3352
2026-07-24T09:45:00+05:30,10695,10720,10641,10649,2601
2026-07-24T09:50:00+05:30,10649,10685,10630,10679,1977
2026-07-24T09:55:00+05:30,10679,10700,10670,10696,568
2026-07-24T10:00:00+05:30,10681,10717,10681,10705,912
2026-07-24T10:05:00+05:30,10712,10715,10690,10699,615
2026-07-24T10:10:00+05:30,10690,10697,10660,10664,1036
2026-07-24T10:15:00+05:30,10664,10693,10650,10667,1097
2026-07-24T10:20:00+05:30,10667,10667,10640,10665,650
2026-07-24T10:25:00+05:30,10665,10668,10630,10661,2557
2026-07-24T10:30:00+05:30,10653,10662,10632,10647,1819
2026-07-24T10:35:00+05:30,10647,10666,10627,10649,1994
2026-07-24T10:40:00+05:30,10649,10649,10633,10648,523
2026-07-24T10:45:00+05:30,10649,10649,10637,10647,466
2026-07-24T10:50:00+05:30,10640,10649,10630,10640,419
2026-07-24T10:55:00+05:30,10640,10640,10620,10636,582
2026-07-24T11:00:00+05:30,10636,10636,10625,10634,83
2026-07-24T11:05:00+05:30,10634,10634,10620,10620,194
2026-07-24T11:10:00+05:30,10620,10622,10574,10586,4087
2026-07-24T11:15:00+05:30,10586,10625,10584,10615,3745
2026-07-24T11:20:00+05:30,10615,10634,10609,10634,1987
2026-07-24T11:25:00+05:30,10634,10634,10614,10621,1019
2026-07-24T11:30:00+05:30,10621,10623,10615,10623,110
2026-07-24T11:35:00+05:30,10623,10634,10618,10633,189
2026-07-24T11:40:00+05:30,10633,10634,10626,10634,247
2026-07-24T11:45:00+05:30,10634,10634,10627,10634,96
2026-07-24T11:50:00+05:30,10634,10644,10627,10633,3201
2026-07-24T11:55:00+05:30,10633,10690,10627,10689,1036
2026-07-24T12:00:00+05:30,10689,10707,10675,10707,806
2026-07-24T12:05:00+05:30,10708,10725,10706,10725,655
2026-07-24T12:10:00+05:30,10725,10735,10715,10722,1574
2026-07-24T12:15:00+05:30,10714,10724,10706,10715,233
2026-07-24T12:20:00+05:30,10715,10720,10707,10718,352
2026-07-24T12:25:00+05:30,10718,10723,10705,10714,302
2026-07-24T12:30:00+05:30,10714,10716,10689,10708,540
2026-07-24T12:35:00+05:30,10708,10720,10700,10704,273
2026-07-24T12:40:00+05:30,10704,10710,10700,10708,249
2026-07-24T12:45:00+05:30,10708,10708,10693,10700,182
2026-07-24T12:50:00+05:30,10700,10708,10692,10707,287
2026-07-24T12:55:00+05:30,10707,10727,10707,10721,230
2026-07-24T13:00:00+05:30,10721,10730,10720,10727,730
2026-07-24T13:05:00+05:30,10727,10729,10714,10715,158
2026-07-24T13:10:00+05:30,10715,10720,10700,10715,381
2026-07-24T13:15:00+05:30,10707,10718,10706,10708,184
2026-07-24T13:20:00+05:30,10708,10719,10700,10714,199
2026-07-24T13:25:00+05:30,10714,10715,10700,10708,202
2026-07-24T13:30:00+05:30,10708,10714,10701,10711,275
2026-07-24T13:35:00+05:30,10711,10711,10695,10704,117
2026-07-24T13:40:00+05:30,10704,10704,10685,10694,594
2026-07-24T13:45:00+05:30,10694,10696,10681,10695,310
2026-07-24T13:50:00+05:30,10695,10710,10695,10710,333
2026-07-24T13:55:00+05:30,10710,10713,10701,10706,164
2026-07-24T14:00:00+05:30,10706,10711,10700,10711,76
2026-07-24T14:05:00+05:30,10711,10712,10701,10701,104
2026-07-24T14:10:00+05:30,10705,10705,10690,10697,169
2026-07-24T14:15:00+05:30,10699,10699,10691,10694,103
2026-07-24T14:20:00+05:30,10694,10700,10690,10700,352
2026-07-24T14:25:00+05:30,10700,10700,10689,10697,130
2026-07-24T14:30:00+05:30,10697,10697,10677,10688,154
2026-07-24T14:35:00+05:30,10688,10692,10665,10675,1028
2026-07-24T14:40:00+05:30,10675,10677,10666,10667,167
2026-07-24T14:45:00+05:30,10667,10689,10666,10672,385
2026-07-24T14:50:00+05:30,10672,10680,10666,10670,97
2026-07-24T14:55:00+05:30,10670,10709,10670,10696,567
2026-07-24T15:00:00+05:30,10693,10700,10688,10700,712
2026-07-24T15:05:00+05:30,10700,10700,10668,10674,927
2026-07-24T15:10:00+05:30,10675,10687,10665,10683,914
2026-07-24T15:15:00+05:30,10679,10694,10667,10681,1915
2026-07-24T15:20:00+05:30,10674,10680,10666,10679,3504
2026-07-24T15:25:00+05:30,10679,10696,10660,10694,4339
2026-07-27T09:15:00+05:30,10694,10829,10694,10815,4000
2026-07-27T09:20:00+05:30,10822,10825,10790,10808,1365
2026-07-27T09:25:00+05:30,10808,10808,10751,10771,1111
2026-07-27T09:30:00+05:30,10771,10783,10743,10756,1200
2026-07-27T09:35:00+05:30,10756,10765,10747,10753,384
2026-07-27T09:40:00+05:30,10753,10809,10747,10809,2358
2026-07-27T09:45:00+05:30,10809,10809,10786,10792,261
2026-07-27T09:50:00+05:30,10794,10795,10769,10777,495
2026-07-27T09:55:00+05:30,10777,10800,10770,10799,320
2026-07-27T10:00:00+05:30,10799,10800,10790,10798,293
2026-07-27T10:05:00+05:30,10798,10799,10766,10774,250
2026-07-27T10:10:00+05:30,10774,10780,10762,10776,132
2026-07-27T10:15:00+05:30,10776,10794,10768,10782,454
2026-07-27T10:20:00+05:30,10782,10787,10768,10783,240
2026-07-27T10:25:00+05:30,10784,10788,10770,10778,309
2026-07-27T10:30:00+05:30,10778,10778,10750,10758,902
2026-07-27T10:35:00+05:30,10758,10760,10715,10726,782
2026-07-27T10:40:00+05:30,10726,10727,10718,10727,123
2026-07-27T10:45:00+05:30,10727,10730,10704,10725,657
2026-07-27T10:50:00+05:30,10725,10725,10708,10721,292
2026-07-27T10:55:00+05:30,10721,10722,10685,10699,1357
2026-07-27T11:00:00+05:30,10699,10699,10681,10690,419
2026-07-27T11:05:00+05:30,10690,10694,10681,10693,278
2026-07-27T11:10:00+05:30,10693,10693,10672,10680,1226
2026-07-27T11:15:00+05:30,10680,10684,10654,10663,746
2026-07-27T11:20:00+05:30,10675,10675,10648,10659,868
2026-07-27T11:25:00+05:30,10659,10662,10636,10658,841
2026-07-27T11:30:00+05:30,10658,10671,10656,10671,428
2026-07-27T11:35:00+05:30,10671,10677,10663,10665,285
2026-07-27T11:40:00+05:30,10665,10674,10665,10670,117
2026-07-27T11:45:00+05:30,10670,10670,10631,10669,604
2026-07-27T11:50:00+05:30,10669,10675,10659,10666,308
2026-07-27T11:55:00+05:30,10666,10671,10645,10671,467
2026-07-27T12:00:00+05:30,10671,10673,10657,10666,805
2026-07-27T12:05:00+05:30,10666,10666,10655,10660,88
2026-07-27T12:10:00+05:30,10660,10691,10657,10691,950
2026-07-27T12:15:00+05:30,10691,10706,10691,10706,715
2026-07-27T12:20:00+05:30,10706,10710,10693,10704,207
2026-07-27T12:25:00+05:30,10704,10713,10694,10713,172
2026-07-27T12:30:00+05:30,10713,10719,10709,10714,106
2026-07-27T12:35:00+05:30,10714,10715,10701,10707,137
2026-07-27T12:40:00+05:30,10707,10720,10700,10719,249
2026-07-27T12:45:00+05:30,10719,10722,10718,10722,139
2026-07-27T12:50:00+05:30,10722,10725,10706,10721,245
2026-07-27T12:55:00+05:30,10721,10750,10720,10750,592
2026-07-27T13:00:00+05:30,10750,10783,10738,10783,620
2026-07-27T13:05:00+05:30,10783,10793,10769,10789,591
2026-07-27T13:10:00+05:30,10789,10791,10760,10772,534
2026-07-27T13:15:00+05:30,10772,10779,10756,10764,188
2026-07-27T13:20:00+05:30,10764,10782,10750,10753,477
2026-07-27T13:25:00+05:30,10753,10765,10736,10744,263
2026-07-27T13:30:00+05:30,10744,10750,10727,10734,199
2026-07-27T13:35:00+05:30,10728,10735,10723,10728,485
2026-07-27T13:40:00+05:30,10735,10735,10720,10731,200
2026-07-27T13:45:00+05:30,10724,10735,10724,10735,129
2026-07-27T13:50:00+05:30,10728,10763,10728,10739,1003
2026-07-27T13:55:00+05:30,10739,10748,10725,10739,171
2026-07-27T14:00:00+05:30,10743,10745,10730,10732,148
2026-07-27T14:05:00+05:30,10732,10738,10721,10723,76
2026-07-27T14:10:00+05:30,10723,10729,10721,10727,76
2026-07-27T14:15:00+05:30,10728,10729,10715,10715,94
2026-07-27T14:20:00+05:30,10722,10745,10710,10736,451
2026-07-27T14:25:00+05:30,10736,10765,10735,10757,1200
2026-07-27T14:30:00+05:30,10757,10765,10756,10765,168
2026-07-27T14:35:00+05:30,10765,10765,10753,10756,227
2026-07-27T14:40:00+05:30,10756,10768,10755,10765,583
2026-07-27T14:45:00+05:30,10766,10776,10752,10769,691
2026-07-27T14:50:00+05:30,10769,10790,10767,10785,1652
2026-07-27T14:55:00+05:30,10789,10806,10781,10800,2016
2026-07-27T15:00:00+05:30,10800,10803,10791,10798,899
2026-07-27T15:05:00+05:30,10802,10802,10780,10797,1151
2026-07-27T15:10:00+05:30,10797,10810,10781,10788,21433
2026-07-27T15:15:00+05:30,10786,10793,10779,10784,1034
2026-07-27T15:20:00+05:30,10781,10781,10758,10773,2289
2026-07-27T15:25:00+05:30,10781,10789,10735,10735,1663
2026-07-28T09:15:00+05:30,10800,10886,10780,10812,2204
2026-07-28T09:20:00+05:30,10810,10810,10767,10779,994
2026-07-28T09:25:00+05:30,10778,10810,10776,10802,359
2026-07-28T09:30:00+05:30,10808,10810,10802,10810,71
2026-07-28T09:35:00+05:30,10810,10813,10808,10813,144
2026-07-28T09:40:00+05:30,10813,10813,10792,10799,351
2026-07-28T09:45:00+05:30,10799,10805,10799,10805,96
2026-07-28T09:50:00+05:30,10805,10819,10799,10813,384
2026-07-28T09:55:00+05:30,10813,10818,10806,10809,90
2026-07-28T10:00:00+05:30,10809,10809,10784,10784,186
2026-07-28T10:05:00+05:30,10774,10788,10770,10773,1041
2026-07-28T10:10:00+05:30,10766,10766,10751,10765,534
2026-07-28T10:15:00+05:30,10768,10782,10768,10773,127
2026-07-28T10:20:00+05:30,10773,10773,10755,10758,280
2026-07-28T10:25:00+05:30,10758,10772,10758,10762,210
2026-07-28T10:30:00+05:30,10762,10783,10754,10780,1557
2026-07-28T10:35:00+05:30,10780,10793,10776,10785,638
2026-07-28T10:40:00+05:30,10784,10786,10775,10777,301
2026-07-28T10:45:00+05:30,10777,10780,10766,10771,235
2026-07-28T10:50:00+05:30,10771,10778,10771,10777,135
2026-07-28T10:55:00+05:30,10777,10779,10770,10770,159
2026-07-28T11:00:00+05:30,10770,10770,10763,10764,247
2026-07-28T11:05:00+05:30,10764,10767,10763,10766,181
2026-07-28T11:10:00+05:30,10766,10766,10742,10749,1053
2026-07-28T11:15:00+05:30,10749,10750,10741,10750,519
2026-07-28T11:20:00+05:30,10750,10770,10750,10765,253
2026-07-28T11:25:00+05:30,10749,10770,10749,10770,606
2026-07-28T11:30:00+05:30,10770,10777,10757,10757,1172
2026-07-28T11:35:00+05:30,10757,10772,10757,10770,309
2026-07-28T11:40:00+05:30,10770,10780,10769,10773,358
2026-07-28T11:45:00+05:30,10781,10801,10773,10794,4379
2026-07-28T11:50:00+05:30,10794,10803,10784,10798,424
2026-07-28T11:55:00+05:30,10793,10802,10793,10799,322
2026-07-28T12:00:00+05:30,10799,10801,10795,10800,269
2026-07-28T12:05:00+05:30,10800,10800,10795,10796,165
2026-07-28T12:10:00+05:30,10796,10802,10794,10795,145
2026-07-28T12:15:00+05:30,10795,10800,10791,10795,255
2026-07-28T12:20:00+05:30,10795,10797,10780,10796,313
2026-07-28T12:25:00+05:30,10796,10803,10786,10791,340
2026-07-28T12:30:00+05:30,10791,10800,10791,10795,225
2026-07-28T12:35:00+05:30,10795,10795,10779,10785,503
2026-07-28T12:40:00+05:30,10785,10825,10785,10808,1157
2026-07-28T12:45:00+05:30,10808,10819,10801,10801,261
2026-07-28T12:50:00+05:30,10801,10807,10799,10800,109
2026-07-28T12:55:00+05:30,10800,10807,10799,10801,141
2026-07-28T13:00:00+05:30,10801,10807,10800,10802,107
2026-07-28T13:05:00+05:30,10802,10804,10801,10801,189
2026-07-28T13:10:00+05:30,10801,10805,10793,10801,652
2026-07-28T13:15:00+05:30,10801,10804,10789,10796,687
2026-07-28T13:20:00+05:30,10796,10801,10795,10795,104
2026-07-28T13:25:00+05:30,10795,10805,10795,10802,139
2026-07-28T13:30:00+05:30,10805,10809,10800,10803,199
2026-07-28T13:35:00+05:30,10803,10803,10794,10800,289
2026-07-28T13:40:00+05:30,10800,10807,10795,10796,1232
2026-07-28T13:45:00+05:30,10796,10809,10796,10805,334
2026-07-28T13:50:00+05:30,10805,10817,10804,10808,406
2026-07-28T13:55:00+05:30,10808,10810,10804,10804,208
2026-07-28T14:00:00+05:30,10804,10808,10802,10806,186
2026-07-28T14:05:00+05:30,10806,10810,10806,10807,159
2026-07-28T14:10:00+05:30,10807,10810,10803,10803,165
2026-07-28T14:15:00+05:30,10803,10811,10803,10804,267
2026-07-28T14:20:00+05:30,10804,10822,10804,10822,386
2026-07-28T14:25:00+05:30,10822,10837,10822,10830,514
2026-07-28T14:30:00+05:30,10836,10868,10834,10868,1214
2026-07-28T14:35:00+05:30,10868,10871,10852,10870,1363
2026-07-28T14:40:00+05:30,10876,10877,10851,10852,1243
2026-07-28T14:45:00+05:30,10852,10858,10823,10824,711
2026-07-28T14:50:00+05:30,10824,10829,10809,10822,296
2026-07-28T14:55:00+05:30,10822,10837,10820,10833,207
2026-07-28T15:00:00+05:30,10839,10843,10820,10831,1137
2026-07-28T15:05:00+05:30,10826,10838,10815,10821,1107
2026-07-28T15:10:00+05:30,10822,10843,10818,10834,3455
2026-07-28T15:15:00+05:30,10830,10834,10824,10831,2465
2026-07-28T15:20:00+05:30,10832,10845,10826,10836,2702
2026-07-28T15:25:00+05:30,10835,10846,10755,10780,3976
2026-07-29T09:15:00+05:30,10875,10875,10810,10811,548
2026-07-29T09:20:00+05:30,10811,10859,10811,10840,1405
2026-07-29T09:25:00+05:30,10840,10919,10837,10910,1256
2026-07-29T09:30:00+05:30,10910,10910,10885,10899,622
2026-07-29T09:35:00+05:30,10899,10905,10889,10900,664
2026-07-29T09:40:00+05:30,10900,10900,10880,10891,241
2026-07-29T09:45:00+05:30,10891,10892,10876,10892,138
2026-07-29T09:50:00+05:30,10905,10909,10896,10900,452
2026-07-29T09:55:00+05:30,10900,10900,10881,10883,323
2026-07-29T10:00:00+05:30,10883,10900,10883,10900,290
2026-07-29T10:05:00+05:30,10900,10909,10900,10902,135
2026-07-29T10:10:00+05:30,10902,10909,10899,10899,188
2026-07-29T10:15:00+05:30,10899,10912,10895,10905,344
2026-07-29T10:20:00+05:30,10905,10909,10899,10902,285
2026-07-29T10:25:00+05:30,10902,10902,10895,10895,213
2026-07-29T10:30:00+05:30,10895,10899,10889,10899,194
2026-07-29T10:35:00+05:30,10900,10905,10896,10896,256
2026-07-29T10:40:00+05:30,10896,10905,10896,10905,91
2026-07-29T10:45:00+05:30,10905,10907,10904,10904,103
2026-07-29T10:50:00+05:30,10904,10907,10894,10899,299
2026-07-29T10:55:00+05:30,10899,10900,10894,10900,112
2026-07-29T11:00:00+05:30,10900,10900,10871,10880,890
2026-07-29T11:05:00+05:30,10880,10880,10878,10880,99
2026-07-29T11:10:00+05:30,10880,10886,10878,10884,300
2026-07-29T11:15:00+05:30,10884,10884,10864,10872,185
2026-07-29T11:20:00+05:30,10872,10888,10866,10887,280
2026-07-29T11:25:00+05:30,10880,10887,10872,10875,146
2026-07-29T11:30:00+05:30,10875,10882,10874,10880,113
2026-07-29T11:35:00+05:30,10880,10880,10874,10875,75
2026-07-29T11:40:00+05:30,10875,10880,10872,10880,47
2026-07-29T11:45:00+05:30,10880,10881,10863,10867,294
2026-07-29T11:50:00+05:30,10867,10882,10863,10882,183
2026-07-29T11:55:00+05:30,10882,10882,10878,10882,57
2026-07-29T12:00:00+05:30,10882,10887,10879,10886,15
2026-07-29T12:05:00+05:30,10886,10886,10879,10885,24
2026-07-29T12:10:00+05:30,10885,10885,10879,10885,40
2026-07-29T12:15:00+05:30,10885,10886,10878,10886,36
2026-07-29T12:20:00+05:30,10886,10887,10879,10887,18
2026-07-29T12:25:00+05:30,10887,10887,10879,10887,23
2026-07-29T12:30:00+05:30,10887,10887,10849,10874,405
2026-07-29T12:35:00+05:30,10874,10875,10864,10870,202
2026-07-29T12:40:00+05:30,10870,10870,10858,10866,11
2026-07-29T12:45:00+05:30,10866,10866,10858,10866,9
2026-07-29T12:50:00+05:30,10866,10866,10850,10855,132
2026-07-29T12:55:00+05:30,10854,10860,10851,10855,55
2026-07-29T13:00:00+05:30,10855,10875,10851,10875,170
2026-07-29T13:05:00+05:30,10875,10880,10869,10879,176
2026-07-29T13:10:00+05:30,10879,10900,10875,10891,259
2026-07-29T13:15:00+05:30,10891,10900,10885,10900,249
2026-07-29T13:20:00+05:30,10901,10915,10899,10914,543
2026-07-29T13:25:00+05:30,10914,10918,10902,10908,410
2026-07-29T13:30:00+05:30,10908,10915,10904,10905,226
2026-07-29T13:35:00+05:30,10905,10908,10905,10907,103
2026-07-29T13:40:00+05:30,10906,10906,10900,10900,63
2026-07-29T13:45:00+05:30,10900,10914,10900,10911,227
2026-07-29T13:50:00+05:30,10911,10925,10911,10917,490
2026-07-29T13:55:00+05:30,10917,10928,10915,10918,470
2026-07-29T14:00:00+05:30,10918,10930,10917,10924,211
2026-07-29T14:05:00+05:30,10924,10928,10921,10926,457
2026-07-29T14:10:00+05:30,10926,10934,10923,10923,448
2026-07-29T14:15:00+05:30,10923,10936,10913,10924,981
2026-07-29T14:20:00+05:30,10924,10950,10924,10945,396
2026-07-29T14:25:00+05:30,10943,10950,10939,10939,811
2026-07-29T14:30:00+05:30,10939,10939,10932,10936,81
2026-07-29T14:35:00+05:30,10936,10940,10933,10937,470
2026-07-29T14:40:00+05:30,10937,10946,10934,10945,213
2026-07-29T14:45:00+05:30,10945,10965,10935,10965,789
2026-07-29T14:50:00+05:30,10965,10968,10951,10953,221
2026-07-29T14:55:00+05:30,10953,10959,10949,10951,129
2026-07-29T15:00:00+05:30,10956,10958,10940,10955,688
2026-07-29T15:05:00+05:30,10955,10959,10943,10945,724
2026-07-29T15:10:00+05:30,10941,10960,10941,10959,823
2026-07-29T15:15:00+05:30,10960,10960,10949,10949,661
2026-07-29T15:20:00+05:30,10951,10954,10939,10952,1211
2026-07-29T15:25:00+05:30,10953,10953,10920,10940,1050
2026-07-30T09:15:00+05:30,10875,10980,10875,10980,1261
2026-07-30T09:20:00+05:30,10959,10973,10950,10950,222
2026-07-30T09:25:00+05:30,10949,10955,10933,10947,140
2026-07-30T09:30:00+05:30,10947,10985,10935,10975,203
2026-07-30T09:35:00+05:30,10975,10990,10957,10957,611
2026-07-30T09:40:00+05:30,10957,10964,10925,10930,477
2026-07-30T09:45:00+05:30,10930,10960,10914,10960,308
2026-07-30T09:50:00+05:30,10960,10984,10960,10984,295
2026-07-30T09:55:00+05:30,10984,10985,10944,10963,447
2026-07-30T10:00:00+05:30,10963,10978,10961,10961,398
2026-07-30T10:05:00+05:30,10961,10963,10945,10945,239
2026-07-30T10:10:00+05:30,10945,10957,10912,10912,401
2026-07-30T10:15:00+05:30,10912,10964,10912,10933,1731
2026-07-30T10:20:00+05:30,10933,10944,10917,10937,274
2026-07-30T10:25:00+05:30,10937,10946,10923,10923,359
2026-07-30T10:30:00+05:30,10923,10932,10913,10915,480
2026-07-30T10:35:00+05:30,10915,10923,10910,10914,204
2026-07-30T10:40:00+05:30,10914,10919,10914,10919,235
2026-07-30T10:45:00+05:30,10919,10962,10919,10954,1275
2026-07-30T10:50:00+05:30,10954,10983,10954,10967,775
2026-07-30T10:55:00+05:30,10967,10970,10959,10969,101
2026-07-30T11:00:00+05:30,10969,10970,10945,10953,869
2026-07-30T11:05:00+05:30,10953,10966,10931,10946,670
2026-07-30T11:10:00+05:30,10948,10965,10948,10962,183
2026-07-30T11:15:00+05:30,10962,10963,10940,10940,309
2026-07-30T11:20:00+05:30,10940,10963,10940,10940,445
2026-07-30T11:25:00+05:30,10940,10966,10939,10965,87
2026-07-30T11:30:00+05:30,10965,10980,10965,10980,385
2026-07-30T11:35:00+05:30,10972,10972,10961,10964,129
2026-07-30T11:40:00+05:30,10964,10964,10951,10955,227
2026-07-30T11:45:00+05:30,10955,10961,10916,10923,548
2026-07-30T11:50:00+05:30,10923,10926,10915,10915,811
2026-07-30T11:55:00+05:30,10915,10940,10915,10940,167
2026-07-30T12:00:00+05:30,10940,10947,10919,10924,603
2026-07-30T12:05:00+05:30,10924,10929,10909,10909,274
2026-07-30T12:10:00+05:30,10909,10920,10900,10917,1786
2026-07-30T12:15:00+05:30,10917,10930,10900,10928,291
2026-07-30T12:20:00+05:30,10928,10955,10923,10951,426
2026-07-30T12:25:00+05:30,10951,10955,10946,10951,84
2026-07-30T12:30:00+05:30,10951,10971,10950,10968,209
2026-07-30T12:35:00+05:30,10968,10979,10963,10967,344
2026-07-30T12:40:00+05:30,10967,10974,10935,10945,831
2026-07-30T12:45:00+05:30,10945,10955,10938,10938,203
2026-07-30T12:50:00+05:30,10938,10944,10934,10939,109
2026-07-30T12:55:00+05:30,10939,10945,10931,10945,319
2026-07-30T13:00:00+05:30,10945,10954,10940,10950,143
2026-07-30T13:05:00+05:30,10950,10955,10938,10946,233
2026-07-30T13:10:00+05:30,10946,10956,10929,10930,531
2026-07-30T13:15:00+05:30,10930,10942,10930,10942,32
2026-07-30T13:20:00+05:30,10942,10942,10934,10936,179
2026-07-30T13:25:00+05:30,10936,10955,10936,10944,59
2026-07-30T13:30:00+05:30,10944,10950,10922,10924,606
2026-07-30T13:35:00+05:30,10924,10929,10924,10927,317
2026-07-30T13:40:00+05:30,10933,10942,10923,10930,136
2026-07-30T13:45:00+05:30,10930,10948,10926,10926,316
2026-07-30T13:50:00+05:30,10926,10942,10911,10942,170
2026-07-30T13:55:00+05:30,10942,10948,10928,10930,187
2026-07-30T14:00:00+05:30,10930,10944,10930,10944,55
2026-07-30T14:05:00+05:30,10944,10945,10911,10912,644
2026-07-30T14:10:00+05:30,10912,10918,10902,10904,666
2026-07-30T14:15:00+05:30,10904,10914,10902,10913,488
2026-07-30T14:20:00+05:30,10923,10929,10904,10914,310
2026-07-30T14:25:00+05:30,10914,10914,10901,10910,200
2026-07-30T14:30:00+05:30,10910,10917,10901,10912,181
2026-07-30T14:35:00+05:30,10912,10934,10912,10934,211
2026-07-30T14:40:00+05:30,10934,10941,10922,10941,172
2026-07-30T14:45:00+05:30,10941,10945,10931,10937,236
2026-07-30T14:50:00+05:30,10937,10947,10932,10941,254
2026-07-30T14:55:00+05:30,10941,10950,10935,10936,356
2026-07-30T15:00:00+05:30,10936,10972,10928,10972,1567
2026-07-30T15:05:00+05:30,10972,10978,10957,10967,2180
2026-07-30T15:10:00+05:30,10967,10984,10967,10975,1560
2026-07-30T15:15:00+05:30,10971,10984,10966,10966,1717
2026-07-30T15:20:00+05:30,10970,10984,10968,10977,2845
2026-07-30T15:25:00+05:30,10975,10985,10919,10919,2235
2026-07-31T09:15:00+05:30,11000,11030,10951,11023,1091
2026-07-31T09:20:00+05:30,11023,11130,11007,11130,3393
2026-07-31T09:25:00+05:30,11121,11139,11082,11135,1649
2026-07-31T09:30:00+05:30,11135,11165,11112,11116,1540
2026-07-31T09:35:00+05:30,11116,11170,11108,11156,1480
2026-07-31T09:40:00+05:30,11156,11156,11124,11138,477
2026-07-31T09:45:00+05:30,11138,11183,11124,11176,1540
2026-07-31T09:50:00+05:30,11176,11219,11155,11204,2511
2026-07-31T09:55:00+05:30,11204,11220,11195,11211,1438
2026-07-31T10:00:00+05:30,11211,11233,11198,11198,1513
2026-07-31T10:05:00+05:30,11198,11247,11195,11240,960
2026-07-31T10:10:00+05:30,11248,11248,11215,11229,624
2026-07-31T10:15:00+05:30,11229,11250,11200,11206,1357
2026-07-31T10:20:00+05:30,11206,11216,11194,11197,956
2026-07-31T10:25:00+05:30,11197,11299,11197,11254,2622
2026-07-31T10:30:00+05:30,11254,11258,11223,11227,231
2026-07-31T10:35:00+05:30,11227,11240,11221,11239,278
2026-07-31T10:40:00+05:30,11239,11239,11218,11220,503
2026-07-31T10:45:00+05:30,11220,11238,11215,11226,454
2026-07-31T10:50:00+05:30,11226,11236,11225,11228,326
2026-07-31T10:55:00+05:30,11228,11236,11225,11225,73
2026-07-31T11:00:00+05:30,11225,11228,11207,11207,851
2026-07-31T11:05:00+05:30,11207,11264,11198,11253,1401
2026-07-31T11:10:00+05:30,11250,11264,11232,11254,951
2026-07-31T11:15:00+05:30,11254,11260,11249,11260,160
2026-07-31T11:20:00+05:30,11259,11260,11240,11240,99
2026-07-31T11:25:00+05:30,11240,11253,11209,11231,421
2026-07-31T11:30:00+05:30,11231,11244,11219,11244,214
2026-07-31T11:35:00+05:30,11287,11300,11264,11287,1386
2026-07-31T11:40:00+05:30,11287,11330,11270,11310,1107
2026-07-31T11:45:00+05:30,11310,11350,11291,11344,2730
2026-07-31T11:50:00+05:30,11347,11347,11330,11331,244
2026-07-31T11:55:00+05:30,11331,11339,11317,11320,541
2026-07-31T12:00:00+05:30,11320,11336,11319,11320,490
2026-07-31T12:05:00+05:30,11320,11458,11320,11453,3932
2026-07-31T12:10:00+05:30,11445,11467,11411,11417,1859
2026-07-31T12:15:00+05:30,11417,11427,11403,11420,656
2026-07-31T12:20:00+05:30,11420,11420,11377,11378,1266
2026-07-31T12:25:00+05:30,11378,11397,11374,11396,196
2026-07-31T12:30:00+05:30,11396,11402,11385,11395,2335
2026-07-31T12:35:00+05:30,11395,11395,11370,11381,419
2026-07-31T12:40:00+05:30,11380,11381,11331,11363,1833
2026-07-31T12:45:00+05:30,11363,11400,11363,11398,772
2026-07-31T12:50:00+05:30,11397,11400,11390,11391,239
2026-07-31T12:55:00+05:30,11391,11400,11377,11399,344
2026-07-31T13:00:00+05:30,11399,11405,11393,11405,278
2026-07-31T13:05:00+05:30,11405,11409,11388,11397,334
2026-07-31T13:10:00+05:30,11397,11400,11380,11395,69
2026-07-31T13:15:00+05:30,11395,11400,11385,11390,231
2026-07-31T13:20:00+05:30,11390,11395,11373,11382,1967
2026-07-31T13:25:00+05:30,11382,11394,11374,11388,103
2026-07-31T13:30:00+05:30,11390,11394,11375,11384,379
2026-07-31T13:35:00+05:30,11384,11395,11380,11386,93
2026-07-31T13:40:00+05:30,11386,11388,11352,11363,513
2026-07-31T13:45:00+05:30,11363,11366,11350,11358,126
2026-07-31T13:50:00+05:30,11358,11391,11350,11390,543
2026-07-31T13:55:00+05:30,11391,11391,11382,11390,177
2026-07-31T14:00:00+05:30,11390,11391,11370,11384,76
2026-07-31T14:05:00+05:30,11384,11387,11376,11383,213
2026-07-31T14:10:00+05:30,11383,11387,11371,11375,123
2026-07-31T14:15:00+05:30,11383,11384,11364,11378,195
2026-07-31T14:20:00+05:30,11378,11383,11354,11374,399
2026-07-31T14:25:00+05:30,11374,11386,11367,11382,226
2026-07-31T14:30:00+05:30,11382,11382,11350,11362,371
2026-07-31T14:35:00+05:30,11362,11362,11338,11344,460
2026-07-31T14:40:00+05:30,11344,11362,11329,11345,742
2026-07-31T14:45:00+05:30,11345,11369,11338,11360,651
2026-07-31T14:50:00+05:30,11360,11371,11359,11367,548
2026-07-31T14:55:00+05:30,11367,11367,11341,11341,475
2026-07-31T15:00:00+05:30,11343,11375,11316,11353,2836
2026-07-31T15:05:00+05:30,11353,11372,11337,11366,3763
2026-07-31T15:10:00+05:30,11366,11375,11330,11348,5287
2026-07-31T15:15:00+05:30,11336,11350,11323,11333,7717
2026-07-31T15:20:00+05:30,11320,11355,11320,11346,5408
2026-07-31T15:25:00+05:30,11347,11383,11333,11335,5976
2026-08-03T09:15:00+05:30,11313,11369,11257,11305,3316
2026-08-03T09:20:00+05:30,11307,11370,11274,11363,2056
2026-08-03T09:25:00+05:30,11363,11430,11354,11388,2313
2026-08-03T09:30:00+05:30,11384,11390,11368,11381,1128
2026-08-03T09:35:00+05:30,11381,11385,11343,11365,509
2026-08-03T09:40:00+05:30,11352,11365,11314,11314,430
2026-08-03T09:45:00+05:30,11314,11450,11314,11420,2171
2026-08-03T09:50:00+05:30,11415,11437,11415,11429,702
2026-08-03T09:55:00+05:30,11429,11447,11429,11442,519
2026-08-03T10:00:00+05:30,11445,11455,11424,11443,670
2026-08-03T10:05:00+05:30,11443,11446,11426,11440,229
2026-08-03T10:10:00+05:30,11440,11440,11430,11432,236
2026-08-03T10:15:00+05:30,11431,11445,11424,11436,177
2026-08-03T10:20:00+05:30,11436,11457,11436,11449,414
2026-08-03T10:25:00+05:30,11449,11450,11435,11438,305
2026-08-03T10:30:00+05:30,11438,11450,11432,11433,205
2026-08-03T10:35:00+05:30,11433,11450,11432,11442,95
2026-08-03T10:40:00+05:30,11443,11446,11432,11437,365
2026-08-03T10:45:00+05:30,11441,11456,11425,11439,712
2026-08-03T10:50:00+05:30,11439,11443,11425,11430,184
2026-08-03T10:55:00+05:30,11430,11474,11422,11468,2516
2026-08-03T11:00:00+05:30,11468,11526,11463,11491,2064
2026-08-03T11:05:00+05:30,11491,11524,11486,11519,947
2026-08-03T11:10:00+05:30,11518,11530,11500,11525,1047
2026-08-03T11:15:00+05:30,11525,11529,11510,11525,304
2026-08-03T11:20:00+05:30,11518,11629,11509,11601,3106
2026-08-03T11:25:00+05:30,11601,11615,11585,11608,786
2026-08-03T11:30:00+05:30,11605,11609,11572,11579,512
2026-08-03T11:35:00+05:30,11579,11592,11558,11574,430
2026-08-03T11:40:00+05:30,11574,11588,11557,11563,731
2026-08-03T11:45:00+05:30,11563,11570,11548,11563,327
2026-08-03T11:50:00+05:30,11563,11571,11555,11564,377
2026-08-03T11:55:00+05:30,11564,11564,11536,11559,402
2026-08-03T12:00:00+05:30,11559,11559,11521,11528,1108
2026-08-03T12:05:00+05:30,11536,11536,11500,11515,594
2026-08-03T12:10:00+05:30,11515,11535,11503,11522,1160
2026-08-03T12:15:00+05:30,11522,11523,11503,11520,175
2026-08-03T12:20:00+05:30,11520,11520,11465,11475,448
2026-08-03T12:25:00+05:30,11475,11497,11475,11490,228
2026-08-03T12:30:00+05:30,11490,11490,11455,11465,655
2026-08-03T12:35:00+05:30,11465,11480,11458,11480,300
2026-08-03T12:40:00+05:30,11480,11488,11463,11474,456
2026-08-03T12:45:00+05:30,11470,11485,11460,11473,283
2026-08-03T12:50:00+05:30,11473,11474,11461,11468,86
2026-08-03T12:55:00+05:30,11468,11470,11455,11470,179
2026-08-03T13:00:00+05:30,11470,11470,11459,11461,82
2026-08-03T13:05:00+05:30,11461,11472,11458,11472,125
2026-08-03T13:10:00+05:30,11472,11473,11459,11459,110
2026-08-03T13:15:00+05:30,11459,11476,11459,11474,235
2026-08-03T13:20:00+05:30,11474,11475,11460,11468,117
2026-08-03T13:25:00+05:30,11468,11470,11465,11470,69
2026-08-03T13:30:00+05:30,11470,11470,11452,11452,191
2026-08-03T13:35:00+05:30,11452,11459,11439,11447,807
2026-08-03T13:40:00+05:30,11447,11450,11433,11438,237
2026-08-03T13:45:00+05:30,11438,11443,11430,11441,347
2026-08-03T13:50:00+05:30,11441,11441,11429,11437,132
2026-08-03T13:55:00+05:30,11437,11438,11432,11438,115
2026-08-03T14:00:00+05:30,11438,11442,11431,11442,110
2026-08-03T14:05:00+05:30,11442,11477,11442,11470,462
2026-08-03T14:10:00+05:30,11470,11470,11450,11451,118
2026-08-03T14:15:00+05:30,11451,11462,11440,11455,198
2026-08-03T14:20:00+05:30,11455,11455,11448,11455,75
2026-08-03T14:25:00+05:30,11455,11467,11446,11466,164
2026-08-03T14:30:00+05:30,11466,11466,11440,11442,204
2026-08-03T14:35:00+05:30,11441,11457,11437,11457,280
2026-08-03T14:40:00+05:30,11457,11464,11448,11462,171
2026-08-03T14:45:00+05:30,11462,11465,11452,11460,205
2026-08-03T14:50:00+05:30,11460,11460,11430,11430,205
2026-08-03T14:55:00+05:30,11427,11445,11427,11441,447
2026-08-03T15:00:00+05:30,11435,11441,11413,11415,827
2026-08-03T15:05:00+05:30,11406,11426,11401,11412,926
2026-08-03T15:10:00+05:30,11401,11426,11389,11425,1674
2026-08-04T09:15:00+05:30,11530,11554,11453,11538,826
2026-08-04T09:20:00+05:30,11550,11598,11535,11535,845
2026-08-04T09:25:00+05:30,11532,11537,11478,11479,540
2026-08-04T09:30:00+05:30,11484,11515,11484,11499,848
2026-08-04T09:35:00+05:30,11499,11520,11490,11492,918
2026-08-04T09:40:00+05:30,11492,11510,11480,11490,600
2026-08-04T09:45:00+05:30,11490,11514,11480,11503,656
2026-08-04T09:50:00+05:30,11505,11505,11479,11496,523
2026-08-04T09:55:00+05:30,11496,11500,11485,11489,259
2026-08-04T10:00:00+05:30,11489,11492,11481,11484,136
2026-08-04T10:05:00+05:30,11484,11490,11478,11478,184
2026-08-04T10:10:00+05:30,11478,11527,11478,11524,810
2026-08-04T10:15:00+05:30,11524,11525,11500,11525,518
2026-08-04T10:20:00+05:30,11525,11527,11508,11513,122
2026-08-04T10:25:00+05:30,11513,11513,11497,11503,314
2026-08-04T10:30:00+05:30,11503,11507,11500,11507,47
2026-08-04T10:35:00+05:30,11507,11507,11458,11458,1215
2026-08-04T10:40:00+05:30,11458,11474,11454,11459,175
2026-08-04T10:45:00+05:30,11459,11466,11458,11466,117
2026-08-04T10:50:00+05:30,11466,11476,11466,11468,211
2026-08-04T10:55:00+05:30,11468,11469,11452,11456,252
2026-08-04T11:00:00+05:30,11461,11465,11456,11464,79
2026-08-04T11:05:00+05:30,11464,11465,11455,11460,112
2026-08-04T11:10:00+05:30,11460,11467,11450,11467,448
2026-08-04T11:15:00+05:30,11467,11478,11463,11478,245
2026-08-04T11:20:00+05:30,11478,11478,11470,11470,62
2026-08-04T11:25:00+05:30,11470,11476,11457,11457,233
2026-08-04T11:30:00+05:30,11457,11462,11415,11427,837
2026-08-04T11:35:00+05:30,11427,11434,11424,11430,132
2026-08-04T11:40:00+05:30,11430,11439,11424,11436,71
2026-08-04T11:45:00+05:30,11436,11436,11412,11416,226
2026-08-04T11:50:00+05:30,11416,11424,11410,11410,84
2026-08-04T11:55:00+05:30,11410,11424,11404,11416,1017
2026-08-04T12:00:00+05:30,11416,11421,11408,11421,176
2026-08-04T12:05:00+05:30,11421,11427,11417,11423,152
2026-08-04T12:10:00+05:30,11423,11435,11422,11429,66
2026-08-04T12:15:00+05:30,11429,11440,11429,11440,147
2026-08-04T12:20:00+05:30,11445,11446,11415,11415,155
2026-08-04T12:25:00+05:30,11415,11449,11415,11441,170
2026-08-04T12:30:00+05:30,11441,11449,11441,11443,59
2026-08-04T12:35:00+05:30,11443,11449,11429,11437,166
2026-08-04T12:40:00+05:30,11437,11439,11430,11430,50
2026-08-04T12:45:00+05:30,11430,11437,11400,11437,1328
2026-08-04T12:50:00+05:30,11437,11443,11432,11440,96
2026-08-04T12:55:00+05:30,11440,11440,11423,11429,45
2026-08-04T13:00:00+05:30,11429,11438,11429,11435,37
2026-08-04T13:05:00+05:30,11435,11435,11422,11423,57
2026-08-04T13:10:00+05:30,11423,11468,11423,11454,708
2026-08-04T13:15:00+05:30,11454,11471,11450,11460,772
2026-08-04T13:20:00+05:30,11460,11463,11455,11461,127
2026-08-04T13:25:00+05:30,11461,11461,11425,11425,77
2026-08-04T13:30:00+05:30,11425,11427,11416,11416,109
2026-08-04T13:35:00+05:30,11424,11424,11405,11415,361
2026-08-04T13:40:00+05:30,11415,11431,11415,11430,61
2026-08-04T13:45:00+05:30,11430,11430,11410,11410,192
2026-08-04T13:50:00+05:30,11410,11421,11410,11410,78
2026-08-04T13:55:00+05:30,11410,11420,11410,11420,29
2026-08-04T14:00:00+05:30,11420,11430,11420,11426,82
2026-08-04T14:05:00+05:30,11430,11442,11424,11424,123
2026-08-04T14:10:00+05:30,11424,11424,11414,11422,33
2026-08-04T14:15:00+05:30,11422,11444,11421,11444,178
2026-08-04T14:20:00+05:30,11444,11446,11429,11441,223
2026-08-04T14:25:00+05:30,11441,11441,11421,11427,194
2026-08-04T14:30:00+05:30,11422,11438,11416,11422,197
2026-08-04T14:35:00+05:30,11422,11422,11411,11411,226
2026-08-04T14:40:00+05:30,11411,11420,11411,11412,316
2026-08-04T14:45:00+05:30,11412,11422,11411,11417,187
2026-08-04T14:50:00+05:30,11417,11435,11410,11432,259
2026-08-04T14:55:00+05:30,11432,11450,11423,11429,1077
2026-08-04T15:00:00+05:30,11427,11430,11397,11406,1105
2026-08-04T15:05:00+05:30,11405,11405,11377,11377,1082
2026-08-04T15:10:00+05:30,11377,11402,11364,11364,1235
2026-08-05T09:15:00+05:30,11510,11551,11428,11542,2848
2026-08-05T09:20:00+05:30,11542,11608,11537,11593,2666
2026-08-05T09:25:00+05:30,11587,11624,11578,11616,1734
2026-08-05T09:30:00+05:30,11616,11616,11550,11550,1095
2026-08-05T09:35:00+05:30,11550,11554,11508,11530,647
2026-08-05T09:40:00+05:30,11530,11546,11528,11528,429
2026-08-05T09:45:00+05:30,11528,11528,11506,11506,524
2026-08-05T09:50:00+05:30,11506,11509,11461,11499,1219
2026-08-05T09:55:00+05:30,11499,11518,11484,11494,548
2026-08-05T10:00:00+05:30,11490,11505,11481,11485,722
2026-08-05T10:05:00+05:30,11492,11553,11490,11553,602
2026-08-05T10:10:00+05:30,11565,11566,11547,11562,823
2026-08-05T10:15:00+05:30,11562,11568,11517,11525,541
2026-08-05T10:20:00+05:30,11522,11527,11504,11524,1801
2026-08-05T10:25:00+05:30,11524,11527,11504,11514,325
2026-08-05T10:30:00+05:30,11513,11517,11500,11514,292
2026-08-05T10:35:00+05:30,11514,11518,11500,11513,277
2026-08-05T10:40:00+05:30,11513,11513,11500,11510,46
2026-08-05T10:45:00+05:30,11510,11512,11503,11509,113
2026-08-05T10:50:00+05:30,11509,11520,11500,11518,246
2026-08-05T10:55:00+05:30,11518,11521,11513,11518,48
2026-08-05T11:00:00+05:30,11520,11523,11511,11516,296
2026-08-05T11:05:00+05:30,11516,11523,11509,11519,156
2026-08-05T11:10:00+05:30,11519,11519,11501,11514,289
2026-08-05T11:15:00+05:30,11514,11514,11501,11506,256
2026-08-05T11:20:00+05:30,11506,11512,11502,11512,49
2026-08-05T11:25:00+05:30,11512,11512,11500,11508,277
2026-08-05T11:30:00+05:30,11508,11508,11435,11436,2199
2026-08-05T11:35:00+05:30,11436,11450,11431,11438,506
2026-08-05T11:40:00+05:30,11438,11451,11438,11445,170
2026-08-05T11:45:00+05:30,11445,11448,11438,11439,124
2026-08-05T11:50:00+05:30,11439,11456,11438,11448,408
2026-08-05T11:55:00+05:30,11448,11448,11434,11439,475
2026-08-05T12:00:00+05:30,11439,11448,11438,11448,121
2026-08-05T12:05:00+05:30,11448,11458,11441,11449,501
2026-08-05T12:10:00+05:30,11449,11453,11440,11441,198
2026-08-05T12:15:00+05:30,11441,11445,11437,11437,68
2026-08-05T12:20:00+05:30,11437,11443,11435,11436,180
2026-08-05T12:25:00+05:30,11436,11444,11435,11444,124
2026-08-05T12:30:00+05:30,11444,11450,11438,11443,366
2026-08-05T12:35:00+05:30,11443,11443,11420,11420,162
2026-08-05T12:40:00+05:30,11420,11426,11419,11421,99
2026-08-05T12:45:00+05:30,11421,11442,11421,11433,209
2026-08-05T12:50:00+05:30,11432,11435,11426,11435,45
2026-08-05T12:55:00+05:30,11435,11443,11428,11438,98
2026-08-05T13:00:00+05:30,11440,11445,11432,11440,144
2026-08-05T13:05:00+05:30,11440,11448,11435,11439,55
2026-08-05T13:10:00+05:30,11439,11447,11439,11445,6
2026-08-05T13:15:00+05:30,11444,11470,11440,11468,451
2026-08-05T13:20:00+05:30,11468,11477,11463,11470,413
2026-08-05T13:25:00+05:30,11470,11470,11459,11461,337
2026-08-05T13:30:00+05:30,11461,11475,11458,11469,324
2026-08-05T13:35:00+05:30,11469,11470,11462,11463,74
2026-08-05T13:40:00+05:30,11463,11469,11440,11440,245
2026-08-05T13:45:00+05:30,11440,11465,11440,11461,105
2026-08-05T13:50:00+05:30,11461,11471,11460,11468,137
2026-08-05T13:55:00+05:30,11468,11468,11461,11467,23
2026-08-05T14:00:00+05:30,11467,11470,11462,11466,68
2026-08-05T14:05:00+05:30,11466,11469,11452,11457,62
2026-08-05T14:10:00+05:30,11457,11462,11456,11456,16
2026-08-05T14:15:00+05:30,11456,11458,11451,11456,135
2026-08-05T14:20:00+05:30,11456,11487,11453,11487,640
2026-08-05T14:25:00+05:30,11479,11491,11450,11451,994
2026-08-05T14:30:00+05:30,11451,11463,11451,11454,60
2026-08-05T14:35:00+05:30,11459,11460,11450,11452,62
2026-08-05T14:40:00+05:30,11452,11457,11442,11446,143
2026-08-05T14:45:00+05:30,11447,11461,11434,11458,213
2026-08-05T14:50:00+05:30,11458,11467,11450,11466,364
2026-08-05T14:55:00+05:30,11467,11475,11453,11467,772
2026-08-05T15:00:00+05:30,11468,11468,11444,11447,519
2026-08-05T15:05:00+05:30,11448,11449,11423,11439,2875
2026-08-05T15:10:00+05:30,11439,11496,11419,11496,1275
2026-08-06T09:15:00+05:30,11496,11496,11424,11447,1116
2026-08-06T09:20:00+05:30,11447,11455,11429,11441,627
2026-08-06T09:25:00+05:30,11437,11447,11416,11419,714
2026-08-06T09:30:00+05:30,11419,11430,11409,11409,404
2026-08-06T09:35:00+05:30,11411,11467,11405,11458,1289
2026-08-06T09:40:00+05:30,11458,11566,11458,11550,6630
2026-08-06T09:45:00+05:30,11550,11552,11537,11543,353
2026-08-06T09:50:00+05:30,11543,11548,11534,11548,609
2026-08-06T09:55:00+05:30,11548,11548,11531,11531,150
2026-08-06T10:00:00+05:30,11531,11535,11509,11520,458
2026-08-06T10:05:00+05:30,11520,11539,11514,11539,567
2026-08-06T10:10:00+05:30,11539,11544,11520,11525,282
2026-08-06T10:15:00+05:30,11525,11535,11516,11525,185
2026-08-06T10:20:00+05:30,11525,11532,11523,11523,122
2026-08-06T10:25:00+05:30,11523,11525,11516,11520,58
2026-08-06T10:30:00+05:30,11520,11561,11517,11545,1140
2026-08-06T10:35:00+05:30,11545,11545,11531,11536,122
2026-08-06T10:40:00+05:30,11536,11536,11531,11535,94
2026-08-06T10:45:00+05:30,11535,11536,11525,11529,227
2026-08-06T10:50:00+05:30,11529,11529,11500,11506,212
2026-08-06T10:55:00+05:30,11506,11514,11504,11513,135
2026-08-06T11:00:00+05:30,11513,11523,11509,11519,106
2026-08-06T11:05:00+05:30,11519,11555,11517,11543,929
2026-08-06T11:10:00+05:30,11543,11558,11538,11552,318
2026-08-06T11:15:00+05:30,11552,11556,11535,11537,195
2026-08-06T11:20:00+05:30,11537,11545,11531,11544,275
2026-08-06T11:25:00+05:30,11544,11545,11541,11544,45
2026-08-06T11:30:00+05:30,11544,11544,11541,11544,47
2026-08-06T11:35:00+05:30,11544,11547,11541,11544,200
2026-08-06T11:40:00+05:30,11541,11583,11541,11559,1526
2026-08-06T11:45:00+05:30,11559,11567,11559,11565,343
2026-08-06T11:50:00+05:30,11565,11565,11550,11551,144
2026-08-06T11:55:00+05:30,11555,11559,11546,11551,387
2026-08-06T12:00:00+05:30,11551,11552,11542,11548,395
2026-08-06T12:05:00+05:30,11548,11575,11545,11569,948
2026-08-06T12:10:00+05:30,11569,11573,11543,11544,1411
2026-08-06T12:15:00+05:30,11548,11564,11542,11562,1250
2026-08-06T12:20:00+05:30,11562,11567,11545,11549,1051
2026-08-06T12:25:00+05:30,11549,11551,11535,11539,732
2026-08-06T12:30:00+05:30,11539,11544,11528,11543,436
2026-08-06T12:35:00+05:30,11543,11548,11535,11546,407
2026-08-06T12:40:00+05:30,11546,11560,11539,11559,497
2026-08-06T12:45:00+05:30,11559,11563,11547,11549,350
2026-08-06T12:50:00+05:30,11549,11555,11542,11550,450
2026-08-06T12:55:00+05:30,11550,11555,11542,11546,385
2026-08-06T13:00:00+05:30,11542,11551,11526,11534,506
2026-08-06T13:05:00+05:30,11528,11539,11510,11516,553
2026-08-06T13:10:00+05:30,11517,11523,11510,11516,431
2026-08-06T13:15:00+05:30,11520,11520,11507,11509,374
2026-08-06T13:20:00+05:30,11515,11515,11500,11500,401
2026-08-06T13:25:00+05:30,11500,11531,11500,11509,433
2026-08-06T13:30:00+05:30,11512,11570,11500,11540,665
2026-08-06T13:35:00+05:30,11546,11546,11529,11538,440
2026-08-06T13:40:00+05:30,11538,11543,11517,11528,605
2026-08-06T13:45:00+05:30,11528,11528,11500,11513,473
2026-08-06T13:50:00+05:30,11513,11513,11493,11500,462
2026-08-06T13:55:00+05:30,11500,11522,11480,11519,649
2026-08-06T14:00:00+05:30,11522,11525,11486,11510,762
2026-08-06T14:05:00+05:30,11510,11513,11491,11501,585
2026-08-06T14:10:00+05:30,11501,11541,11499,11531,481
2026-08-06T14:15:00+05:30,11531,11538,11511,11518,463
2026-08-06T14:20:00+05:30,11518,11535,11511,11524,565
2026-08-06T14:25:00+05:30,11524,11531,11512,11519,510
2026-08-06T14:30:00+05:30,11519,11527,11499,11500,731
2026-08-06T14:35:00+05:30,11500,11519,11497,11509,990
2026-08-06T14:40:00+05:30,11509,11509,11488,11493,827
2026-08-06T14:45:00+05:30,11493,11504,11487,11497,574
2026-08-06T14:50:00+05:30,11497,11497,11468,11475,715
2026-08-06T14:55:00+05:30,11472,11481,11453,11453,995
2026-08-06T15:00:00+05:30,11453,11460,11430,11430,1761
2026-08-06T15:05:00+05:30,11432,11432,11404,11410,1471
2026-08-06T15:10:00+05:30,11410,11473,11400,11416,1728
2026-08-07T09:15:00+05:30,11400,11428,11314,11339,1312
2026-08-07T09:20:00+05:30,11339,11365,11326,11350,573
2026-08-07T09:25:00+05:30,11350,11356,11326,11337,753
2026-08-07T09:30:00+05:30,11337,11341,11327,11332,248
2026-08-07T09:35:00+05:30,11337,11351,11331,11340,171
2026-08-07T09:40:00+05:30,11340,11346,11321,11337,269
2026-08-07T09:45:00+05:30,11337,11406,11337,11395,1605
2026-08-07T09:50:00+05:30,11395,11395,11382,11385,183
2026-08-07T09:55:00+05:30,11385,11389,11367,11378,612
2026-08-07T10:00:00+05:30,11378,11391,11373,11382,261
2026-08-07T10:05:00+05:30,11382,11383,11369,11373,109
2026-08-07T10:10:00+05:30,11373,11373,11366,11371,124
2026-08-07T10:15:00+05:30,11371,11371,11339,11340,280
2026-08-07T10:20:00+05:30,11340,11357,11335,11343,280
2026-08-07T10:25:00+05:30,11343,11347,11340,11347,85
2026-08-07T10:30:00+05:30,11347,11369,11341,11364,427
2026-08-07T10:35:00+05:30,11368,11390,11363,11390,162
2026-08-07T10:40:00+05:30,11391,11413,11387,11390,324
2026-08-07T10:45:00+05:30,11390,11391,11383,11390,87
2026-08-07T10:50:00+05:30,11390,11392,11380,11390,257
2026-08-07T10:55:00+05:30,11390,11390,11384,11389,98
2026-08-07T11:00:00+05:30,11389,11389,11350,11350,586
2026-08-07T11:05:00+05:30,11350,11378,11345,11369,704
2026-08-07T11:10:00+05:30,11365,11384,11365,11377,222
2026-08-07T11:15:00+05:30,11377,11390,11368,11378,596
2026-08-07T11:20:00+05:30,11378,11379,11373,11379,70
2026-08-07T11:25:00+05:30,11379,11379,11375,11379,66
2026-08-07T11:30:00+05:30,11376,11380,11361,11371,256
2026-08-07T11:35:00+05:30,11371,11376,11366,11366,134
2026-08-07T11:40:00+05:30,11366,11376,11366,11375,57
2026-08-07T11:45:00+05:30,11375,11375,11365,11369,213
2026-08-07T11:50:00+05:30,11369,11370,11365,11370,89
2026-08-07T11:55:00+05:30,11370,11370,11365,11370,54
2026-08-07T12:00:00+05:30,11370,11370,11365,11370,115
2026-08-07T12:05:00+05:30,11370,11383,11366,11381,283
2026-08-07T12:10:00+05:30,11381,11381,11365,11372,426
2026-08-07T12:15:00+05:30,11372,11375,11371,11372,77
2026-08-07T12:20:00+05:30,11372,11372,11341,11349,396
2026-08-07T12:25:00+05:30,11349,11349,11340,11346,432
2026-08-07T12:30:00+05:30,11346,11352,11342,11351,60
2026-08-07T12:35:00+05:30,11353,11353,11346,11350,203
2026-08-07T12:40:00+05:30,11350,11350,11340,11340,68
2026-08-07T12:45:00+05:30,11344,11345,11340,11345,55
2026-08-07T12:50:00+05:30,11345,11350,11340,11348,74
2026-08-07T12:55:00+05:30,11348,11358,11344,11350,80
2026-08-07T13:00:00+05:30,11346,11375,11345,11370,527
2026-08-07T13:05:00+05:30,11370,11372,11364,11370,347
2026-08-07T13:10:00+05:30,11365,11370,11349,11352,587
2026-08-07T13:15:00+05:30,11350,11350,11286,11300,751
2026-08-07T13:20:00+05:30,11300,11338,11300,11338,1103
2026-08-07T13:25:00+05:30,11338,11351,11338,11339,1032
2026-08-07T13:30:00+05:30,11339,11339,11302,11302,441
2026-08-07T13:35:00+05:30,11302,11326,11300,11326,753
2026-08-07T13:40:00+05:30,11326,11326,11301,11320,228
2026-08-07T13:45:00+05:30,11320,11331,11320,11321,43
2026-08-07T13:50:00+05:30,11321,11330,11316,11318,62
2026-08-07T13:55:00+05:30,11318,11322,11301,11302,233
2026-08-07T14:00:00+05:30,11302,11308,11285,11296,402
2026-08-07T14:05:00+05:30,11296,11305,11285,11294,344
2026-08-07T14:10:00+05:30,11294,11300,11292,11297,29
2026-08-07T14:15:00+05:30,11297,11297,11291,11291,45
2026-08-07T14:20:00+05:30,11291,11296,11291,11291,25
2026-08-07T14:25:00+05:30,11291,11318,11291,11303,747
2026-08-07T14:30:00+05:30,11303,11305,11294,11300,190
2026-08-07T14:35:00+05:30,11296,11301,11290,11299,684
2026-08-07T14:40:00+05:30,11300,11300,11284,11298,272
2026-08-07T14:45:00+05:30,11295,11311,11295,11307,156
2026-08-07T14:50:00+05:30,11307,11315,11306,11314,129
2026-08-07T14:55:00+05:30,11314,11317,11309,11313,51
2026-08-07T15:00:00+05:30,11313,11318,11304,11316,602
2026-08-07T15:05:00+05:30,11313,11313,11302,11309,919
2026-08-07T15:10:00+05:30,11309,11310,11281,11283,1161
2026-08-10T09:15:00+05:30,11263,11354,11219,11317,1819
2026-08-10T09:20:00+05:30,11317,11337,11308,11317,896
2026-08-10T09:25:00+05:30,11317,11317,11280,11292,182
2026-08-10T09:30:00+05:30,11292,11292,11233,11242,483
2026-08-10T09:35:00+05:30,11242,11268,11235,11268,259
2026-08-10T09:40:00+05:30,11268,11268,11244,11244,154
2026-08-10T09:45:00+05:30,11244,11260,11239,11259,275
2026-08-10T09:50:00+05:30,11259,11344,11251,11337,616
2026-08-10T09:55:00+05:30,11337,11362,11333,11352,784
2026-08-10T10:00:00+05:30,11352,11358,11351,11357,124
2026-08-10T10:05:00+05:30,11357,11400,11351,11381,1886
2026-08-10T10:10:00+05:30,11381,11385,11371,11385,251
2026-08-10T10:15:00+05:30,11385,11400,11385,11400,869
2026-08-10T10:20:00+05:30,11400,11413,11386,11398,428
2026-08-10T10:25:00+05:30,11398,11424,11393,11413,680
2026-08-10T10:30:00+05:30,11413,11420,11402,11402,296
2026-08-10T10:35:00+05:30,11402,11423,11402,11417,143
2026-08-10T10:40:00+05:30,11417,11425,11409,11420,202
2026-08-10T10:45:00+05:30,11420,11420,11415,11415,113
2026-08-10T10:50:00+05:30,11415,11417,11404,11406,236
2026-08-10T10:55:00+05:30,11406,11415,11406,11411,162
2026-08-10T11:00:00+05:30,11411,11411,11407,11407,161
2026-08-10T11:05:00+05:30,11407,11444,11407,11444,368
2026-08-10T11:10:00+05:30,11446,11449,11424,11435,612
2026-08-10T11:15:00+05:30,11435,11435,11420,11430,239
2026-08-10T11:20:00+05:30,11430,11430,11406,11409,305
2026-08-10T11:25:00+05:30,11406,11417,11406,11410,90
2026-08-10T11:30:00+05:30,11410,11413,11390,11400,488
2026-08-10T11:35:00+05:30,11400,11430,11400,11420,389
2026-08-10T11:40:00+05:30,11420,11430,11420,11425,308
2026-08-10T11:45:00+05:30,11425,11425,11412,11412,72
2026-08-10T11:50:00+05:30,11412,11424,11410,11422,741
2026-08-10T11:55:00+05:30,11422,11423,11410,11414,210
2026-08-10T12:00:00+05:30,11414,11424,11414,11424,100
2026-08-10T12:05:00+05:30,11424,11424,11413,11420,121
2026-08-10T12:10:00+05:30,11420,11423,11412,11423,314
2026-08-10T12:15:00+05:30,11423,11425,11416,11422,64
2026-08-10T12:20:00+05:30,11422,11429,11422,11427,157
2026-08-10T12:25:00+05:30,11427,11430,11425,11430,69
2026-08-10T12:30:00+05:30,11430,11434,11424,11424,160
2026-08-10T12:35:00+05:30,11424,11437,11424,11437,81
2026-08-10T12:40:00+05:30,11437,11447,11430,11430,365
2026-08-10T12:45:00+05:30,11430,11430,11422,11430,114
2026-08-10T12:50:00+05:30,11430,11430,11417,11421,818
2026-08-10T12:55:00+05:30,11421,11440,11421,11440,255
2026-08-10T13:00:00+05:30,11440,11440,11436,11440,322
2026-08-10T13:05:00+05:30,11440,11440,11436,11440,211
2026-08-10T13:10:00+05:30,11440,11440,11434,11439,165
2026-08-10T13:15:00+05:30,11439,11440,11436,11440,166
2026-08-10T13:20:00+05:30,11440,11440,11423,11428,438
2026-08-10T13:25:00+05:30,11428,11440,11423,11440,861
2026-08-10T13:30:00+05:30,11440,11440,11408,11433,1368
2026-08-10T13:35:00+05:30,11433,11450,11433,11450,1388
2026-08-10T13:40:00+05:30,11450,11475,11443,11471,841
2026-08-10T13:45:00+05:30,11471,11481,11468,11479,596
2026-08-10T13:50:00+05:30,11479,11484,11476,11481,323
2026-08-10T13:55:00+05:30,11481,11485,11473,11485,349
2026-08-10T14:00:00+05:30,11485,11490,11471,11478,182
2026-08-10T14:05:00+05:30,11478,11482,11468,11473,189
2026-08-10T14:10:00+05:30,11473,11497,11473,11490,502
2026-08-10T14:15:00+05:30,11490,11493,11482,11489,345
2026-08-10T14:20:00+05:30,11489,11498,11473,11475,386
2026-08-10T14:25:00+05:30,11475,11475,11414,11434,1255
2026-08-10T14:30:00+05:30,11434,11437,11417,11417,402
2026-08-10T14:35:00+05:30,11417,11417,11400,11400,603
2026-08-10T14:40:00+05:30,11400,11416,11394,11405,915
2026-08-10T14:45:00+05:30,11405,11410,11395,11400,802
2026-08-10T14:50:00+05:30,11400,11424,11387,11405,526
2026-08-10T14:55:00+05:30,11406,11417,11393,11417,520
2026-08-10T15:00:00+05:30,11422,11422,11378,11390,904
2026-08-10T15:05:00+05:30,11390,11398,11375,11385,855
2026-08-10T15:10:00+05:30,11385,11450,11347,11450,1788
2026-08-11T09:15:00+05:30,11490,11507,11412,11425,1543
2026-08-11T09:20:00+05:30,11425,11477,11423,11432,696
2026-08-11T09:25:00+05:30,11432,11458,11430,11450,350
2026-08-11T09:30:00+05:30,11450,11459,11439,11456,339
2026-08-11T09:35:00+05:30,11456,11460,11453,11454,101
2026-08-11T09:40:00+05:30,11454,11519,11443,11505,1330
2026-08-11T09:45:00+05:30,11505,11519,11505,11516,291
2026-08-11T09:50:00+05:30,11518,11549,11518,11518,1102
2026-08-11T09:55:00+05:30,11518,11531,11510,11531,878
2026-08-11T10:00:00+05:30,11531,11531,11512,11521,180
2026-08-11T10:05:00+05:30,11521,11521,11502,11515,389
2026-08-11T10:10:00+05:30,11515,11518,11509,11514,79
2026-08-11T10:15:00+05:30,11514,11525,11514,11523,261
2026-08-11T10:20:00+05:30,11521,11595,11502,11584,3522
2026-08-11T10:25:00+05:30,11585,11599,11560,11597,1520
2026-08-11T10:30:00+05:30,11597,11599,11569,11581,427
2026-08-11T10:35:00+05:30,11581,11587,11546,11568,1532
2026-08-11T10:40:00+05:30,11568,11575,11566,11573,201
2026-08-11T10:45:00+05:30,11573,11578,11555,11563,651
2026-08-11T10:50:00+05:30,11563,11584,11563,11580,423
2026-08-11T10:55:00+05:30,11580,11595,11579,11593,362
2026-08-11T11:00:00+05:30,11593,11593,11547,11552,406
2026-08-11T11:05:00+05:30,11552,11556,11541,11541,227
2026-08-11T11:10:00+05:30,11541,11556,11510,11556,591
2026-08-11T11:15:00+05:30,11556,11556,11525,11525,225
2026-08-11T11:20:00+05:30,11525,11527,11500,11520,212
2026-08-11T11:25:00+05:30,11520,11530,11520,11530,112
2026-08-11T11:30:00+05:30,11530,11530,11512,11518,970
2026-08-11T11:35:00+05:30,11518,11518,11514,11518,44
2026-08-11T11:40:00+05:30,11518,11520,11515,11520,36
2026-08-11T11:45:00+05:30,11520,11520,11506,11506,75
2026-08-11T11:50:00+05:30,11506,11535,11506,11527,428
2026-08-11T11:55:00+05:30,11527,11532,11521,11525,156
2026-08-11T12:00:00+05:30,11525,11525,11503,11512,186
2026-08-11T12:05:00+05:30,11512,11522,11505,11522,246
2026-08-11T12:10:00+05:30,11522,11535,11522,11534,396
2026-08-11T12:15:00+05:30,11534,11534,11520,11525,131
2026-08-11T12:20:00+05:30,11525,11540,11521,11540,175
2026-08-11T12:25:00+05:30,11547,11547,11535,11535,296
2026-08-11T12:30:00+05:30,11535,11536,11529,11536,56
2026-08-11T12:35:00+05:30,11536,11545,11533,11545,176
2026-08-11T12:40:00+05:30,11545,11549,11537,11545,123
2026-08-11T12:45:00+05:30,11545,11546,11545,11546,37
2026-08-11T12:50:00+05:30,11546,11546,11534,11534,139
2026-08-11T12:55:00+05:30,11534,11549,11534,11546,105
2026-08-11T13:00:00+05:30,11546,11550,11544,11549,26
2026-08-11T13:05:00+05:30,11549,11549,11540,11549,267
2026-08-11T13:10:00+05:30,11549,11554,11545,11553,260
2026-08-11T13:15:00+05:30,11553,11553,11547,11549,54
2026-08-11T13:20:00+05:30,11549,11552,11547,11552,51
2026-08-11T13:25:00+05:30,11552,11554,11541,11541,86
2026-08-11T13:30:00+05:30,11541,11564,11541,11558,399
2026-08-11T13:35:00+05:30,11558,11563,11554,11554,136
2026-08-11T13:40:00+05:30,11554,11554,11549,11553,81
2026-08-11T13:45:00+05:30,11553,11554,11549,11550,26
2026-08-11T13:50:00+05:30,11550,11593,11548,11585,857
2026-08-11T13:55:00+05:30,11585,11586,11563,11581,991
2026-08-11T14:00:00+05:30,11581,11586,11580,11584,198
2026-08-11T14:05:00+05:30,11584,11588,11578,11585,195
2026-08-11T14:10:00+05:30,11585,11590,11577,11584,214
2026-08-11T14:15:00+05:30,11584,11588,11570,11570,411
2026-08-11T14:20:00+05:30,11567,11570,11559,11559,195
2026-08-11T14:25:00+05:30,11559,11560,11551,11551,333
2026-08-11T14:30:00+05:30,11555,11560,11501,11513,1952
2026-08-11T14:35:00+05:30,11513,11524,11507,11514,628
2026-08-11T14:40:00+05:30,11514,11527,11506,11526,855
2026-08-11T14:45:00+05:30,11526,11526,11503,11503,519
2026-08-11T14:50:00+05:30,11512,11517,11498,11500,677
2026-08-11T14:55:00+05:30,11500,11510,11494,11510,908
2026-08-11T15:00:00+05:30,11506,11510,11474,11485,912
2026-08-11T15:05:00+05:30,11490,11496,11471,11484,575
2026-08-11T15:10:00+05:30,11484,11525,11475,11525,2020
2026-08-12T09:15:00+05:30,11587,11587,11503,11516,565
2026-08-12T09:20:00+05:30,11516,11561,11516,11545,1627
2026-08-12T09:25:00+05:30,11545,11569,11530,11530,610
2026-08-12T09:30:00+05:30,11530,11545,11522,11545,180
2026-08-12T09:35:00+05:30,11545,11546,11524,11541,202
2026-08-12T09:40:00+05:30,11541,11570,11534,11558,1033
2026-08-12T09:45:00+05:30,11558,11558,11534,11550,315
2026-08-12T09:50:00+05:30,11550,11550,11522,11533,280
2026-08-12T09:55:00+05:30,11533,11533,11511,11526,385
2026-08-12T10:00:00+05:30,11526,11526,11500,11514,265
2026-08-12T10:05:00+05:30,11514,11525,11510,11524,212
2026-08-12T10:10:00+05:30,11524,11532,11518,11532,251
2026-08-12T10:15:00+05:30,11532,11532,11521,11526,109
2026-08-12T10:20:00+05:30,11526,11526,11524,11525,65
2026-08-12T10:25:00+05:30,11525,11529,11512,11512,171
2026-08-12T10:30:00+05:30,11512,11538,11512,11537,296
2026-08-12T10:35:00+05:30,11529,11535,11520,11520,137
2026-08-12T10:40:00+05:30,11520,11534,11505,11507,315
2026-08-12T10:45:00+05:30,11507,11518,11496,11504,444
2026-08-12T10:50:00+05:30,11504,11518,11500,11516,139
2026-08-12T10:55:00+05:30,11516,11516,11494,11503,97
2026-08-12T11:00:00+05:30,11503,11507,11493,11498,134
2026-08-12T11:05:00+05:30,11498,11500,11493,11498,74
2026-08-12T11:10:00+05:30,11498,11504,11476,11490,517
2026-08-12T11:15:00+05:30,11490,11525,11490,11525,387
2026-08-12T11:20:00+05:30,11519,11524,11510,11510,127
2026-08-12T11:25:00+05:30,11510,11511,11503,11508,169
2026-08-12T11:30:00+05:30,11508,11508,11490,11496,300
2026-08-12T11:35:00+05:30,11496,11513,11494,11498,477
2026-08-12T11:40:00+05:30,11498,11498,11479,11492,497
2026-08-12T11:45:00+05:30,11492,11492,11481,11489,182
2026-08-12T11:50:00+05:30,11489,11495,11484,11490,79
2026-08-12T11:55:00+05:30,11490,11490,11459,11459,1227
2026-08-12T12:00:00+05:30,11461,11465,11455,11457,151
2026-08-12T12:05:00+05:30,11463,11470,11459,11466,148
2026-08-12T12:10:00+05:30,11466,11471,11458,11471,37
2026-08-12T12:15:00+05:30,11471,11471,11466,11471,38
2026-08-12T12:20:00+05:30,11471,11480,11466,11473,139
2026-08-12T12:25:00+05:30,11473,11473,11463,11471,168
2026-08-12T12:30:00+05:30,11471,11480,11465,11478,102
2026-08-12T12:35:00+05:30,11478,11478,11467,11473,37
2026-08-12T12:40:00+05:30,11473,11473,11450,11466,235
2026-08-12T12:45:00+05:30,11466,11466,11455,11465,44
2026-08-12T12:50:00+05:30,11465,11465,11456,11460,24
2026-08-12T12:55:00+05:30,11460,11461,11455,11459,105
2026-08-12T13:00:00+05:30,11459,11459,11450,11450,105
2026-08-12T13:05:00+05:30,11450,11461,11450,11461,38
2026-08-12T13:10:00+05:30,11461,11464,11461,11464,25
2026-08-12T13:15:00+05:30,11464,11465,11464,11465,28
2026-08-12T13:20:00+05:30,11465,11465,11458,11465,35
2026-08-12T13:25:00+05:30,11465,11465,11453,11455,64
2026-08-12T13:30:00+05:30,11455,11455,11453,11455,76
2026-08-12T13:35:00+05:30,11455,11456,11453,11456,434
2026-08-12T13:40:00+05:30,11456,11457,11440,11444,234
2026-08-12T13:45:00+05:30,11444,11446,11432,11445,76
2026-08-12T13:50:00+05:30,11445,11445,11434,11440,116
2026-08-12T13:55:00+05:30,11440,11442,11424,11435,101
2026-08-12T14:00:00+05:30,11435,11438,11419,11433,178
2026-08-12T14:05:00+05:30,11433,11433,11419,11430,97
2026-08-12T14:10:00+05:30,11430,11430,11414,11421,52
2026-08-12T14:15:00+05:30,11421,11427,11421,11427,120
2026-08-12T14:20:00+05:30,11427,11442,11422,11438,137
2026-08-12T14:25:00+05:30,11438,11450,11438,11445,108
2026-08-12T14:30:00+05:30,11445,11471,11442,11471,299
2026-08-12T14:35:00+05:30,11471,11471,11445,11456,179
2026-08-12T14:40:00+05:30,11456,11467,11451,11467,180
2026-08-12T14:45:00+05:30,11460,11469,11460,11467,139
2026-08-12T14:50:00+05:30,11468,11475,11462,11475,426
2026-08-12T14:55:00+05:30,11475,11517,11475,11511,1441
2026-08-12T15:00:00+05:30,11517,11521,11489,11495,649
2026-08-12T15:05:00+05:30,11492,11495,11484,11495,490
2026-08-12T15:10:00+05:30,11493,11520,11410,11414,1594
2026-08-13T09:15:00+05:30,11570,11570,11433,11444,1476
2026-08-13T09:20:00+05:30,11444,11463,11434,11440,417
2026-08-13T09:25:00+05:30,11440,11443,11420,11443,389
2026-08-13T09:30:00+05:30,11443,11449,11410,11415,641
2026-08-13T09:35:00+05:30,11415,11449,11411,11449,553
2026-08-13T09:40:00+05:30,11449,11479,11449,11460,494
2026-08-13T09:45:00+05:30,11460,11513,11460,11502,377
2026-08-13T09:50:00+05:30,11502,11509,11489,11503,419
2026-08-13T09:55:00+05:30,11503,11519,11500,11512,229
2026-08-13T10:00:00+05:30,11512,11512,11495,11498,142
2026-08-13T10:05:00+05:30,11493,11520,11486,11512,1292
2026-08-13T10:10:00+05:30,11512,11520,11490,11490,426
2026-08-13T10:15:00+05:30,11490,11500,11477,11493,150
2026-08-13T10:20:00+05:30,11488,11494,11487,11494,166
2026-08-13T10:25:00+05:30,11494,11499,11481,11492,258
2026-08-13T10:30:00+05:30,11492,11500,11484,11500,180
2026-08-13T10:35:00+05:30,11497,11520,11497,11520,121
2026-08-13T10:40:00+05:30,11520,11520,11505,11508,102
2026-08-13T10:45:00+05:30,11508,11514,11502,11514,17
2026-08-13T10:50:00+05:30,11515,11518,11507,11513,105
2026-08-13T10:55:00+05:30,11513,11516,11510,11514,48
2026-08-13T11:00:00+05:30,11516,11516,11505,11510,102
2026-08-13T11:05:00+05:30,11510,11514,11501,11507,84
2026-08-13T11:10:00+05:30,11507,11510,11507,11507,42
2026-08-13T11:15:00+05:30,11507,11509,11500,11501,163
2026-08-13T11:20:00+05:30,11501,11507,11501,11501,69
2026-08-13T11:25:00+05:30,11501,11506,11501,11502,11
2026-08-13T11:30:00+05:30,11502,11507,11500,11500,103
2026-08-13T11:35:00+05:30,11500,11500,11491,11492,85
2026-08-13T11:40:00+05:30,11492,11500,11488,11493,173
2026-08-13T11:45:00+05:30,11493,11493,11481,11493,65
2026-08-13T11:50:00+05:30,11493,11493,11490,11493,64
2026-08-13T11:55:00+05:30,11493,11500,11493,11500,66
2026-08-13T12:00:00+05:30,11500,11516,11500,11516,1149
2026-08-13T12:05:00+05:30,11516,11516,11507,11514,95
2026-08-13T12:10:00+05:30,11514,11514,11507,11513,51
2026-08-13T12:15:00+05:30,11513,11513,11503,11507,209
2026-08-13T12:20:00+05:30,11507,11513,11500,11500,63
2026-08-13T12:25:00+05:30,11500,11505,11500,11505,27
2026-08-13T12:30:00+05:30,11505,11505,11493,11493,94
2026-08-13T12:35:00+05:30,11493,11502,11493,11499,49
2026-08-13T12:40:00+05:30,11499,11503,11499,11503,36
2026-08-13T12:45:00+05:30,11503,11503,11498,11501,37
2026-08-13T12:50:00+05:30,11501,11501,11495,11497,79
2026-08-13T12:55:00+05:30,11497,11497,11492,11493,90
2026-08-13T13:00:00+05:30,11493,11498,11493,11498,86
2026-08-13T13:05:00+05:30,11498,11498,11492,11497,70
2026-08-13T13:10:00+05:30,11497,11497,11493,11496,41
2026-08-13T13:15:00+05:30,11496,11496,11492,11492,45
2026-08-13T13:20:00+05:30,11492,11498,11492,11498,59
2026-08-13T13:25:00+05:30,11498,11500,11494,11500,113
2026-08-13T13:30:00+05:30,11500,11505,11500,11502,67
2026-08-13T13:35:00+05:30,11502,11502,11493,11499,43
2026-08-13T13:40:00+05:30,11499,11499,11498,11498,81
2026-08-13T13:45:00+05:30,11498,11498,11493,11497,96
2026-08-13T13:50:00+05:30,11497,11500,11493,11499,243
2026-08-13T13:55:00+05:30,11497,11500,11494,11500,145
2026-08-13T14:00:00+05:30,11500,11500,11500,11500,156
2026-08-13T14:05:00+05:30,11500,11500,11495,11499,94
2026-08-13T14:10:00+05:30,11499,11499,11493,11498,221
2026-08-13T14:15:00+05:30,11498,11498,11495,11498,144
2026-08-13T14:20:00+05:30,11498,11500,11498,11500,65
2026-08-13T14:25:00+05:30,11500,11500,11499,11500,44
2026-08-13T14:30:00+05:30,11500,11500,11486,11499,310
2026-08-13T14:35:00+05:30,11499,11499,11492,11499,100
2026-08-13T14:40:00+05:30,11499,11500,11492,11497,282
2026-08-13T14:45:00+05:30,11497,11499,11490,11495,90
2026-08-13T14:50:00+05:30,11495,11495,11481,11485,264
2026-08-13T14:55:00+05:30,11484,11500,11483,11500,369
2026-08-13T15:00:00+05:30,11500,11519,11500,11513,806
2026-08-13T15:05:00+05:30,11513,11514,11498,11500,759
2026-08-13T15:10:00+05:30,11499,11500,11450,11450,1067
2026-08-14T09:15:00+05:30,11540,11540,11432,11436,586
2026-08-14T09:20:00+05:30,11436,11436,11421,11421,209
2026-08-14T09:25:00+05:30,11421,11421,11400,11409,549
2026-08-14T09:30:00+05:30,11409,11409,11390,11401,370
2026-08-14T09:35:00+05:30,11401,11442,11387,11399,1008
2026-08-14T09:40:00+05:30,11399,11402,11387,11400,273
2026-08-14T09:45:00+05:30,11400,11405,11388,11394,97
2026-08-14T09:50:00+05:30,11394,11463,11393,11457,689
2026-08-14T09:55:00+05:30,11451,11471,11420,11471,439
2026-08-14T10:00:00+05:30,11471,11507,11468,11500,607
2026-08-14T10:05:00+05:30,11507,11541,11500,11500,848
2026-08-14T10:10:00+05:30,11500,11504,11490,11496,82
2026-08-14T10:15:00+05:30,11496,11500,11484,11491,210
2026-08-14T10:20:00+05:30,11496,11496,11484,11490,56
2026-08-14T10:25:00+05:30,11490,11495,11473,11473,321
2026-08-14T10:30:00+05:30,11473,11482,11462,11482,198
2026-08-14T10:35:00+05:30,11482,11482,11473,11479,23
2026-08-14T10:40:00+05:30,11476,11482,11476,11480,44
2026-08-14T10:45:00+05:30,11480,11480,11471,11475,53
2026-08-14T10:50:00+05:30,11475,11497,11457,11497,5739
2026-08-14T10:55:00+05:30,11497,11497,11488,11495,30
2026-08-14T11:00:00+05:30,11495,11495,11485,11486,102
2026-08-14T11:05:00+05:30,11486,11495,11485,11490,87
2026-08-14T11:10:00+05:30,11490,11496,11490,11496,66
2026-08-14T11:15:00+05:30,11496,11496,11486,11488,610
2026-08-14T11:20:00+05:30,11488,11502,11487,11496,188
2026-08-14T11:25:00+05:30,11496,11497,11485,11485,40
2026-08-14T11:30:00+05:30,11485,11495,11485,11495,134
2026-08-14T11:35:00+05:30,11495,11495,11482,11490,63
2026-08-14T11:40:00+05:30,11490,11514,11488,11512,100
2026-08-14T11:45:00+05:30,11512,11513,11508,11508,24
2026-08-14T11:50:00+05:30,11508,11512,11500,11502,114
2026-08-14T11:55:00+05:30,11502,11528,11500,11528,196
2026-08-14T12:00:00+05:30,11532,11539,11519,11519,480
2026-08-14T12:05:00+05:30,11519,11523,11475,11480,196
2026-08-14T12:10:00+05:30,11480,11488,11472,11486,61
2026-08-14T12:15:00+05:30,11486,11486,11457,11465,158
2026-08-14T12:20:00+05:30,11465,11465,11457,11460,80
2026-08-14T12:25:00+05:30,11460,11470,11457,11465,266
2026-08-14T12:30:00+05:30,11465,11467,11458,11465,61
2026-08-14T12:35:00+05:30,11465,11465,11459,11464,28
2026-08-14T12:40:00+05:30,11464,11467,11459,11460,72
2026-08-14T12:45:00+05:30,11460,11470,11459,11470,72
2026-08-14T12:50:00+05:30,11470,11470,11450,11457,662
2026-08-14T12:55:00+05:30,11457,11457,11440,11440,127
2026-08-14T13:00:00+05:30,11440,11440,11433,11440,54
2026-08-14T13:05:00+05:30,11440,11442,11434,11442,83
2026-08-14T13:10:00+05:30,11442,11450,11436,11448,173
2026-08-14T13:15:00+05:30,11448,11450,11446,11449,105
2026-08-14T13:20:00+05:30,11449,11449,11437,11444,20
2026-08-14T13:25:00+05:30,11444,11445,11433,11445,108
2026-08-14T13:30:00+05:30,11445,11445,11436,11443,89
2026-08-14T13:35:00+05:30,11443,11443,11412,11424,239
2026-08-14T13:40:00+05:30,11424,11435,11424,11429,211
2026-08-14T13:45:00+05:30,11429,11433,11429,11430,107
2026-08-14T13:50:00+05:30,11430,11444,11430,11444,508
2026-08-14T13:55:00+05:30,11444,11445,11433,11440,508
2026-08-14T14:00:00+05:30,11440,11443,11430,11437,606
2026-08-14T14:05:00+05:30,11437,11440,11428,11439,203
2026-08-14T14:10:00+05:30,11439,11443,11427,11427,603
2026-08-14T14:15:00+05:30,11427,11427,11399,11404,1181
2026-08-14T14:20:00+05:30,11404,11404,11391,11396,127
2026-08-14T14:25:00+05:30,11407,11407,11399,11406,328
2026-08-14T14:30:00+05:30,11406,11414,11399,11403,3187
2026-08-14T14:35:00+05:30,11403,11411,11400,11405,869
2026-08-14T14:40:00+05:30,11405,11434,11399,11431,1336
2026-08-14T14:45:00+05:30,11434,11441,11428,11441,204
2026-08-14T14:50:00+05:30,11441,11442,11425,11428,325
2026-08-14T14:55:00+05:30,11425,11443,11424,11440,527
2026-08-14T15:00:00+05:30,11438,11439,11415,11428,783
2026-08-14T15:05:00+05:30,11428,11428,11408,11420,692
2026-08-14T15:10:00+05:30,11413,11441,11411,11417,1061
2026-08-17T09:15:00+05:30,11511,11511,11310,11316,2690
2026-08-17T09:20:00+05:30,11314,11370,11306,11348,848
2026-08-17T09:25:00+05:30,11348,11365,11330,11365,462
2026-08-17T09:30:00+05:30,11365,11410,11365,11409,57238
2026-08-17T09:35:00+05:30,11409,11477,11407,11449,3296
2026-08-17T09:40:00+05:30,11449,11459,11420,11439,1025
2026-08-17T09:45:00+05:30,11439,11439,11383,11419,1664
2026-08-17T09:50:00+05:30,11419,11427,11401,11415,575
2026-08-17T09:55:00+05:30,11415,11434,11411,11418,246
2026-08-17T10:00:00+05:30,11418,11429,11402,11407,525
2026-08-17T10:05:00+05:30,11407,11419,11403,11405,269
2026-08-17T10:10:00+05:30,11405,11448,11405,11422,3230
2026-08-17T10:15:00+05:30,11422,11450,11411,11435,2703
2026-08-17T10:20:00+05:30,11435,11439,11420,11431,224
2026-08-17T10:25:00+05:30,11431,11437,11424,11424,347
2026-08-17T10:30:00+05:30,11424,11436,11424,11431,219
2026-08-17T10:35:00+05:30,11431,11438,11417,11423,222
2026-08-17T10:40:00+05:30,11423,11431,11420,11424,215
2026-08-17T10:45:00+05:30,11424,11432,11424,11427,224
2026-08-17T10:50:00+05:30,11427,11435,11426,11430,113
2026-08-17T10:55:00+05:30,11430,11444,11430,11437,178
2026-08-17T11:00:00+05:30,11437,11441,11420,11423,395
2026-08-17T11:05:00+05:30,11423,11430,11416,11430,40
2026-08-17T11:10:00+05:30,11430,11430,11403,11408,483
2026-08-17T11:15:00+05:30,11408,11433,11404,11411,1625
2026-08-17T11:20:00+05:30,11411,11428,11410,11412,219
2026-08-17T11:25:00+05:30,11412,11431,11412,11422,193
2026-08-17T11:30:00+05:30,11422,11444,11413,11437,3824
2026-08-17T11:35:00+05:30,11437,11490,11437,11480,4584
2026-08-17T11:40:00+05:30,11480,11524,11480,11497,2734
2026-08-17T11:45:00+05:30,11497,11520,11491,11503,874
2026-08-17T11:50:00+05:30,11503,11517,11496,11513,764
2026-08-17T11:55:00+05:30,11513,11536,11510,11525,840
2026-08-17T12:00:00+05:30,11525,11527,11514,11515,175
2026-08-17T12:05:00+05:30,11515,11527,11513,11518,452
2026-08-17T12:10:00+05:30,11518,11528,11518,11523,76
2026-08-17T12:15:00+05:30,11523,11574,11519,11561,4344
2026-08-17T12:20:00+05:30,11561,11567,11555,11555,267
2026-08-17T12:25:00+05:30,11555,11560,11527,11539,1269
2026-08-17T12:30:00+05:30,11539,11562,11532,11559,2063
2026-08-17T12:35:00+05:30,11559,11560,11549,11549,380
2026-08-17T12:40:00+05:30,11550,11559,11545,11545,146
2026-08-17T12:45:00+05:30,11545,11545,11529,11536,790
2026-08-17T12:50:00+05:30,11536,11551,11536,11545,270
2026-08-17T12:55:00+05:30,11545,11555,11545,11555,81
2026-08-17T13:00:00+05:30,11551,11563,11547,11550,461
2026-08-17T13:05:00+05:30,11550,11553,11541,11542,171
2026-08-17T13:10:00+05:30,11550,11550,11516,11525,456
2026-08-17T13:15:00+05:30,11525,11536,11471,11488,5290
2026-08-17T13:20:00+05:30,11488,11498,11472,11472,395
2026-08-17T13:25:00+05:30,11472,11484,11469,11474,165
2026-08-17T13:30:00+05:30,11474,11488,11472,11474,134
2026-08-17T13:35:00+05:30,11474,11480,11414,11438,1022
2026-08-17T13:40:00+05:30,11438,11451,11433,11443,167
2026-08-17T13:45:00+05:30,11443,11450,11430,11431,156
2026-08-17T13:50:00+05:30,11431,11437,11421,11421,295
2026-08-17T13:55:00+05:30,11421,11445,11421,11435,276
2026-08-17T14:00:00+05:30,11435,11442,11424,11439,207
2026-08-17T14:05:00+05:30,11439,11443,11433,11433,114
2026-08-17T14:10:00+05:30,11433,11449,11422,11422,448
2026-08-17T14:15:00+05:30,11422,11441,11421,11436,456
2026-08-17T14:20:00+05:30,11436,11436,11425,11425,129
2026-08-17T14:25:00+05:30,11425,11431,11422,11425,147
2026-08-17T14:30:00+05:30,11425,11433,11425,11433,98
2026-08-17T14:35:00+05:30,11433,11437,11426,11426,125
2026-08-17T14:40:00+05:30,11426,11458,11416,11428,829
2026-08-17T14:45:00+05:30,11428,11430,11387,11394,3258
2026-08-17T14:50:00+05:30,11394,11400,11386,11395,458
2026-08-17T14:55:00+05:30,11395,11399,11384,11393,723
2026-08-17T15:00:00+05:30,11393,11400,11382,11388,1391
2026-08-17T15:05:00+05:30,11388,11424,11367,11409,24334
2026-08-17T15:10:00+05:30,11409,11437,11402,11429,1866
2026-08-18T09:15:00+05:30,11379,11435,11360,11393,1301
2026-08-18T09:20:00+05:30,11393,11393,11337,11362,492
2026-08-18T09:25:00+05:30,11362,11362,11326,11335,339
2026-08-18T09:30:00+05:30,11335,11360,11326,11355,207
2026-08-18T09:35:00+05:30,11355,11357,11346,11352,151
2026-08-18T09:40:00+05:30,11352,11352,11333,11333,73
2026-08-18T09:45:00+05:30,11333,11338,11318,11324,484
2026-08-18T09:50:00+05:30,11324,11325,11315,11317,148
2026-08-18T09:55:00+05:30,11317,11317,11302,11316,528
2026-08-18T10:00:00+05:30,11316,11321,11263,11279,887
2026-08-18T10:05:00+05:30,11279,11279,11238,11238,856
2026-08-18T10:10:00+05:30,11240,11249,11238,11248,611
2026-08-18T10:15:00+05:30,11248,11253,11226,11240,410
2026-08-18T10:20:00+05:30,11240,11240,11212,11217,606
2026-08-18T10:25:00+05:30,11217,11236,11217,11233,474
2026-08-18T10:30:00+05:30,11233,11234,11211,11215,321
2026-08-18T10:35:00+05:30,11215,11250,11212,11248,561
2026-08-18T10:40:00+05:30,11248,11290,11248,11267,1746
2026-08-18T10:45:00+05:30,11267,11268,11251,11260,342
2026-08-18T10:50:00+05:30,11260,11273,11260,11273,82
2026-08-18T10:55:00+05:30,11269,11275,11247,11256,203
2026-08-18T11:00:00+05:30,11256,11268,11248,11262,148
2026-08-18T11:05:00+05:30,11262,11267,11260,11260,122
2026-08-18T11:10:00+05:30,11260,11299,11260,11293,492
2026-08-18T11:15:00+05:30,11293,11293,11286,11288,192
2026-08-18T11:20:00+05:30,11288,11293,11286,11286,256
2026-08-18T11:25:00+05:30,11286,11299,11286,11299,175
2026-08-18T11:30:00+05:30,11299,11300,11292,11296,320
2026-08-18T11:35:00+05:30,11296,11306,11296,11300,66
2026-08-18T11:40:00+05:30,11300,11309,11300,11308,37
2026-08-18T11:45:00+05:30,11308,11312,11303,11312,22
2026-08-18T11:50:00+05:30,11312,11316,11303,11306,316
2026-08-18T11:55:00+05:30,11313,11313,11304,11313,84
2026-08-18T12:00:00+05:30,11313,11334,11312,11334,766
2026-08-18T12:05:00+05:30,11334,11342,11330,11330,76
2026-08-18T12:10:00+05:30,11330,11336,11330,11335,73
2026-08-18T12:15:00+05:30,11335,11335,11326,11328,268
2026-08-18T12:20:00+05:30,11328,11329,11309,11314,255
2026-08-18T12:25:00+05:30,11314,11314,11306,11313,30
2026-08-18T12:30:00+05:30,11313,11317,11309,11310,89
2026-08-18T12:35:00+05:30,11310,11315,11308,11311,77
2026-08-18T12:40:00+05:30,11311,11318,11311,11318,4
2026-08-18T12:45:00+05:30,11311,11325,11311,11325,93
2026-08-18T12:50:00+05:30,11325,11340,11324,11324,306
2026-08-18T12:55:00+05:30,11324,11328,11323,11323,36
2026-08-18T13:00:00+05:30,11323,11323,11315,11319,116
2026-08-18T13:05:00+05:30,11319,11319,11319,11319,1
2026-08-18T13:10:00+05:30,11319,11339,11319,11333,255
2026-08-18T13:15:00+05:30,11333,11345,11333,11339,229
2026-08-18T13:20:00+05:30,11339,11339,11333,11338,68
2026-08-18T13:25:00+05:30,11338,11338,11333,11338,27
2026-08-18T13:30:00+05:30,11338,11339,11333,11333,94
2026-08-18T13:35:00+05:30,11333,11333,11299,11316,216
2026-08-18T13:40:00+05:30,11316,11339,11316,11325,86
2026-08-18T13:45:00+05:30,11325,11332,11318,11329,78
2026-08-18T13:50:00+05:30,11329,11329,11324,11324,16
2026-08-18T13:55:00+05:30,11324,11336,11324,11330,37
2026-08-18T14:00:00+05:30,11330,11339,11321,11339,79
2026-08-18T14:05:00+05:30,11339,11339,11300,11300,111
2026-08-18T14:10:00+05:30,11300,11303,11281,11298,158
2026-08-18T14:15:00+05:30,11298,11314,11298,11311,38
2026-08-18T14:20:00+05:30,11311,11311,11304,11305,16
2026-08-18T14:25:00+05:30,11305,11327,11305,11321,138
2026-08-18T14:30:00+05:30,11321,11321,11318,11318,18
2026-08-18T14:35:00+05:30,11318,11318,11305,11305,33
2026-08-18T14:40:00+05:30,11305,11313,11303,11304,55
2026-08-18T14:45:00+05:30,11304,11320,11304,11311,48
2026-08-18T14:50:00+05:30,11311,11317,11310,11312,27
2026-08-18T14:55:00+05:30,11312,11318,11309,11316,111
2026-08-18T15:00:00+05:30,11316,11325,11290,11290,912
2026-08-18T15:05:00+05:30,11290,11293,11267,11287,811
2026-08-18T15:10:00+05:30,11287,11301,11230,11299,2005
2026-08-19T09:15:00+05:30,11264,11329,11234,11325,1684
2026-08-19T09:20:00+05:30,11325,11343,11300,11306,454
2026-08-19T09:25:00+05:30,11306,11308,11282,11290,414
2026-08-19T09:30:00+05:30,11290,11290,11273,11275,169
2026-08-19T09:35:00+05:30,11280,11283,11265,11272,259
2026-08-19T09:40:00+05:30,11272,11303,11265,11303,491
2026-08-19T09:45:00+05:30,11303,11305,11288,11305,122
2026-08-19T09:50:00+05:30,11305,11324,11305,11311,109
2026-08-19T09:55:00+05:30,11311,11319,11309,11309,261
2026-08-19T10:00:00+05:30,11309,11312,11283,11306,449
2026-08-19T10:05:00+05:30,11306,11306,11294,11302,144
2026-08-19T10:10:00+05:30,11302,11310,11299,11300,65
2026-08-19T10:15:00+05:30,11300,11312,11300,11306,98
2026-08-19T10:20:00+05:30,11306,11337,11306,11331,414
2026-08-19T10:25:00+05:30,11331,11331,11313,11313,84
2026-08-19T10:30:00+05:30,11313,11315,11310,11314,16
2026-08-19T10:35:00+05:30,11314,11314,11300,11300,92
2026-08-19T10:40:00+05:30,11300,11303,11300,11303,28
2026-08-19T10:45:00+05:30,11303,11308,11298,11298,119
2026-08-19T10:50:00+05:30,11298,11300,11294,11294,35
2026-08-19T10:55:00+05:30,11294,11326,11294,11322,298
2026-08-19T11:00:00+05:30,11322,11325,11313,11316,80
2026-08-19T11:05:00+05:30,11316,11319,11309,11315,55
2026-08-19T11:10:00+05:30,11315,11320,11315,11316,18
2026-08-19T11:15:00+05:30,11316,11325,11315,11315,14
2026-08-19T11:20:00+05:30,11315,11322,11312,11312,22
2026-08-19T11:25:00+05:30,11312,11316,11306,11308,158
2026-08-19T11:30:00+05:30,11308,11308,11305,11308,71
2026-08-19T11:35:00+05:30,11308,11308,11305,11305,33
2026-08-19T11:40:00+05:30,11305,11308,11305,11305,12
2026-08-19T11:45:00+05:30,11305,11307,11300,11307,95
2026-08-19T11:50:00+05:30,11307,11315,11299,11309,143
2026-08-19T11:55:00+05:30,11309,11309,11291,11295,165
2026-08-19T12:00:00+05:30,11295,11296,11290,11294,82
2026-08-19T12:05:00+05:30,11294,11294,11285,11290,28
2026-08-19T12:10:00+05:30,11290,11290,11282,11282,2
2026-08-19T12:15:00+05:30,11282,11291,11282,11291,68
2026-08-19T12:20:00+05:30,11291,11292,11290,11292,60
2026-08-19T12:25:00+05:30,11292,11292,11282,11288,59
2026-08-19T12:30:00+05:30,11288,11289,11287,11289,107
2026-08-19T12:35:00+05:30,11289,11290,11281,11290,62
2026-08-19T12:40:00+05:30,11290,11290,11290,11290,10
2026-08-19T12:45:00+05:30,11290,11292,11287,11292,28
2026-08-19T12:50:00+05:30,11292,11292,11288,11288,3
2026-08-19T12:55:00+05:30,11288,11292,11285,11287,46
2026-08-19T13:00:00+05:30,11287,11289,11287,11287,32
2026-08-19T13:05:00+05:30,11287,11292,11287,11292,16
2026-08-19T13:10:00+05:30,11292,11293,11288,11293,589
2026-08-19T13:15:00+05:30,11293,11321,11290,11321,1367
2026-08-19T13:20:00+05:30,11321,11329,11321,11326,245
2026-08-19T13:25:00+05:30,11326,11333,11324,11324,214
2026-08-19T13:30:00+05:30,11324,11333,11310,11310,312
2026-08-19T13:35:00+05:30,11310,11330,11310,11330,409
2026-08-19T13:40:00+05:30,11330,11350,11325,11350,1440
2026-08-19T13:45:00+05:30,11350,11350,11327,11336,593
2026-08-19T13:50:00+05:30,11336,11383,11335,11363,1836
2026-08-19T13:55:00+05:30,11363,11369,11353,11353,356
2026-08-19T14:00:00+05:30,11353,11372,11353,11366,318
2026-08-19T14:05:00+05:30,11366,11367,11352,11353,232
2026-08-19T14:10:00+05:30,11353,11359,11335,11335,417
2026-08-19T14:15:00+05:30,11335,11350,11335,11335,226
2026-08-19T14:20:00+05:30,11335,11343,11330,11333,210
2026-08-19T14:25:00+05:30,11333,11341,11330,11333,551
2026-08-19T14:30:00+05:30,11333,11345,11330,11337,460
2026-08-19T14:35:00+05:30,11337,11353,11313,11324,801
2026-08-19T14:40:00+05:30,11324,11326,11306,11306,576
2026-08-19T14:45:00+05:30,11306,11322,11300,11316,692
2026-08-19T14:50:00+05:30,11316,11338,11316,11320,641
2026-08-19T14:55:00+05:30,11320,11339,11320,11331,254
2026-08-19T15:00:00+05:30,11338,11342,11319,11341,428
2026-08-19T15:05:00+05:30,11341,11341,11319,11326,1006
2026-08-19T15:10:00+05:30,11328,11333,11270,11270,1812
2026-08-20T09:15:00+05:30,11380,11380,11318,11340,1206
2026-08-20T09:20:00+05:30,11340,11340,11303,11319,655
2026-08-20T09:25:00+05:30,11319,11333,11319,11326,152
2026-08-20T09:30:00+05:30,11326,11331,11322,11323,75
2026-08-20T09:35:00+05:30,11323,11332,11320,11325,144
2026-08-20T09:40:00+05:30,11325,11367,11325,11362,262
2026-08-20T09:45:00+05:30,11362,11363,11359,11363,42
2026-08-20T09:50:00+05:30,11363,11363,11344,11350,212
2026-08-20T09:55:00+05:30,11350,11353,11349,11350,206
2026-08-20T10:00:00+05:30,11350,11350,11343,11348,72
2026-08-20T10:05:00+05:30,11348,11356,11341,11349,218
2026-08-20T10:10:00+05:30,11349,11349,11340,11345,55
2026-08-20T10:15:00+05:30,11345,11353,11337,11353,258
2026-08-20T10:20:00+05:30,11353,11360,11319,11331,719
2026-08-20T10:25:00+05:30,11331,11337,11313,11318,152
2026-08-20T10:30:00+05:30,11318,11337,11318,11329,220
2026-08-20T10:35:00+05:30,11329,11329,11320,11328,168
2026-08-20T10:40:00+05:30,11328,11364,11320,11343,569
2026-08-20T10:45:00+05:30,11343,11348,11330,11347,184
2026-08-20T10:50:00+05:30,11347,11350,11338,11350,339
2026-08-20T10:55:00+05:30,11350,11360,11350,11360,289
2026-08-20T11:00:00+05:30,11360,11382,11355,11380,2064
2026-08-20T11:05:00+05:30,11380,11400,11372,11390,752
2026-08-20T11:10:00+05:30,11390,11423,11390,11405,1483
2026-08-20T11:15:00+05:30,11405,11405,11355,11365,389
2026-08-20T11:20:00+05:30,11365,11375,11357,11368,211
2026-08-20T11:25:00+05:30,11368,11374,11363,11365,183
2026-08-20T11:30:00+05:30,11365,11365,11354,11355,63
2026-08-20T11:35:00+05:30,11355,11374,11355,11362,91
2026-08-20T11:40:00+05:30,11362,11362,11357,11357,57
2026-08-20T11:45:00+05:30,11357,11374,11352,11369,453
2026-08-20T11:50:00+05:30,11369,11369,11369,11369,0
2026-08-20T11:55:00+05:30,11369,11375,11365,11375,211
2026-08-20T12:00:00+05:30,11375,11387,11368,11383,179
2026-08-20T12:05:00+05:30,11383,11387,11383,11383,37
2026-08-20T12:10:00+05:30,11383,11386,11372,11373,128
2026-08-20T12:15:00+05:30,11373,11410,11370,11410,1016
2026-08-20T12:20:00+05:30,11410,11416,11395,11407,773
2026-08-20T12:25:00+05:30,11407,11407,11385,11394,168
2026-08-20T12:30:00+05:30,11394,11399,11389,11389,45
2026-08-20T12:35:00+05:30,11389,11395,11366,11375,446
2026-08-20T12:40:00+05:30,11375,11375,11359,11368,175
2026-08-20T12:45:00+05:30,11368,11372,11362,11362,58
2026-08-20T12:50:00+05:30,11362,11387,11350,11373,522
2026-08-20T12:55:00+05:30,11373,11378,11350,11358,2502
2026-08-20T13:00:00+05:30,11358,11358,11350,11350,67
2026-08-20T13:05:00+05:30,11350,11356,11350,11350,247
2026-08-20T13:10:00+05:30,11350,11352,11342,11352,233
2026-08-20T13:15:00+05:30,11352,11352,11342,11342,61
2026-08-20T13:20:00+05:30,11342,11348,11342,11348,90
2026-08-20T13:25:00+05:30,11348,11348,11341,11345,99
2026-08-20T13:30:00+05:30,11343,11350,11343,11350,243
2026-08-20T13:35:00+05:30,11350,11350,11339,11347,57
2026-08-20T13:40:00+05:30,11347,11352,11337,11352,388
2026-08-20T13:45:00+05:30,11352,11353,11341,11353,120
2026-08-20T13:50:00+05:30,11353,11359,11353,11358,316
2026-08-20T13:55:00+05:30,11358,11358,11344,11354,182
2026-08-20T14:00:00+05:30,11354,11354,11333,11341,201
2026-08-20T14:05:00+05:30,11341,11372,11337,11371,411
2026-08-20T14:10:00+05:30,11371,11371,11343,11350,79
2026-08-20T14:15:00+05:30,11350,11358,11349,11349,157
2026-08-20T14:20:00+05:30,11349,11360,11349,11351,167
2026-08-20T14:25:00+05:30,11351,11355,11348,11352,130
2026-08-20T14:30:00+05:30,11352,11355,11345,11355,213
2026-08-20T14:35:00+05:30,11355,11364,11355,11359,269
2026-08-20T14:40:00+05:30,11359,11379,11359,11376,564
2026-08-20T14:45:00+05:30,11376,11385,11371,11381,110
2026-08-20T14:50:00+05:30,11381,11381,11366,11380,362
2026-08-20T14:55:00+05:30,11380,11387,11378,11383,304
2026-08-20T15:00:00+05:30,11383,11383,11358,11367,714
2026-08-20T15:05:00+05:30,11367,11374,11356,11374,1003
2026-08-20T15:10:00+05:30,11374,11375,11349,11351,1163
2026-08-21T09:15:00+05:30,11360,11410,11337,11391,1435
2026-08-21T09:20:00+05:30,11390,11396,11377,11384,652
2026-08-21T09:25:00+05:30,11384,11384,11351,11361,532
2026-08-21T09:30:00+05:30,11361,11379,11353,11355,310
2026-08-21T09:35:00+05:30,11355,11364,11351,11364,209
2026-08-21T09:40:00+05:30,11364,11378,11364,11373,91
2026-08-21T09:45:00+05:30,11373,11410,11308,11356,2687
2026-08-21T09:50:00+05:30,11356,11356,11341,11346,91
2026-08-21T09:55:00+05:30,11346,11353,11339,11351,310
2026-08-21T10:00:00+05:30,11351,11352,11342,11342,133
2026-08-21T10:05:00+05:30,11348,11349,11339,11339,152
2026-08-21T10:10:00+05:30,11339,11352,11329,11349,476
2026-08-21T10:15:00+05:30,11349,11384,11345,11384,514
2026-08-21T10:20:00+05:30,11384,11385,11380,11382,38
2026-08-21T10:25:00+05:30,11382,11394,11380,11388,269
2026-08-21T10:30:00+05:30,11388,11388,11380,11385,97
2026-08-21T10:35:00+05:30,11385,11385,11382,11384,166
2026-08-21T10:40:00+05:30,11384,11384,11378,11384,155
2026-08-21T10:45:00+05:30,11384,11385,11381,11385,38
2026-08-21T10:50:00+05:30,11385,11392,11380,11391,367
2026-08-21T10:55:00+05:30,11391,11392,11379,11380,115
2026-08-21T11:00:00+05:30,11370,11382,11370,11382,156
2026-08-21T11:05:00+05:30,11382,11383,11380,11383,16
2026-08-21T11:10:00+05:30,11383,11385,11380,11385,74
2026-08-21T11:15:00+05:30,11385,11393,11380,11388,236
2026-08-21T11:20:00+05:30,11388,11390,11378,11382,128
2026-08-21T11:25:00+05:30,11382,11382,11377,11382,13
2026-08-21T11:30:00+05:30,11377,11380,11375,11379,34
2026-08-21T11:35:00+05:30,11373,11378,11372,11378,64
2026-08-21T11:40:00+05:30,11378,11378,11372,11377,74
2026-08-21T11:45:00+05:30,11377,11379,11366,11367,217
2026-08-21T11:50:00+05:30,11367,11394,11365,11393,499
2026-08-21T11:55:00+05:30,11393,11399,11364,11385,1650
2026-08-21T12:00:00+05:30,11385,11385,11372,11383,551
2026-08-21T12:05:00+05:30,11383,11383,11368,11372,199
2026-08-21T12:10:00+05:30,11372,11383,11371,11382,354
2026-08-21T12:15:00+05:30,11382,11384,11371,11383,175
2026-08-21T12:20:00+05:30,11383,11383,11371,11377,305
2026-08-21T12:25:00+05:30,11377,11385,11371,11375,323
2026-08-21T12:30:00+05:30,11375,11385,11370,11374,607
2026-08-21T12:35:00+05:30,11374,11377,11368,11377,135
2026-08-21T12:40:00+05:30,11377,11377,11343,11345,425
2026-08-21T12:45:00+05:30,11345,11363,11345,11360,337
2026-08-21T12:50:00+05:30,11360,11360,11344,11350,186
2026-08-21T12:55:00+05:30,11350,11354,11342,11353,126
2026-08-21T13:00:00+05:30,11353,11353,11348,11351,122
2026-08-21T13:05:00+05:30,11351,11351,11340,11348,202
2026-08-21T13:10:00+05:30,11348,11348,11326,11331,193
2026-08-21T13:15:00+05:30,11331,11332,11326,11331,131
2026-08-21T13:20:00+05:30,11331,11331,11325,11325,67
2026-08-21T13:25:00+05:30,11325,11325,11318,11325,74
2026-08-21T13:30:00+05:30,11325,11325,11317,11322,189
2026-08-21T13:35:00+05:30,11322,11330,11316,11330,289
2026-08-21T13:40:00+05:30,11330,11335,11327,11330,238
2026-08-21T13:45:00+05:30,11330,11330,11326,11330,274
2026-08-21T13:50:00+05:30,11330,11334,11327,11330,225
2026-08-21T13:55:00+05:30,11330,11330,11327,11327,15
2026-08-21T14:00:00+05:30,11327,11330,11324,11325,69
2026-08-21T14:05:00+05:30,11325,11325,11316,11320,282
2026-08-21T14:10:00+05:30,11320,11320,11315,11319,33
2026-08-21T14:15:00+05:30,11319,11325,11316,11324,129
2026-08-21T14:20:00+05:30,11324,11332,11317,11332,547
2026-08-21T14:25:00+05:30,11332,11332,11325,11332,54
2026-08-21T14:30:00+05:30,11325,11331,11324,11331,58
2026-08-21T14:35:00+05:30,11331,11331,11327,11327,44
2026-08-21T14:40:00+05:30,11327,11330,11327,11330,81
2026-08-21T14:45:00+05:30,11330,11347,11325,11347,1109
2026-08-21T14:50:00+05:30,11347,11347,11333,11341,406
2026-08-21T14:55:00+05:30,11341,11344,11334,11339,356
2026-08-21T15:00:00+05:30,11339,11339,11305,11306,1137
2026-08-21T15:05:00+05:30,11310,11311,11300,11301,684
2026-08-21T15:10:00+05:30,11301,11317,11280,11280,894
2026-08-24T09:15:00+05:30,11250,11295,11230,11284,653
2026-08-24T09:20:00+05:30,11284,11360,11284,11354,1503
2026-08-24T09:25:00+05:30,11354,11354,11309,11309,645
2026-08-24T09:30:00+05:30,11309,11323,11308,11316,416
2026-08-24T09:35:00+05:30,11316,11322,11306,11310,110
2026-08-24T09:40:00+05:30,11310,11310,11301,11303,52
2026-08-24T09:45:00+05:30,11303,11306,11301,11301,63
2026-08-24T09:50:00+05:30,11301,11310,11277,11277,542
2026-08-24T09:55:00+05:30,11277,11279,11248,11248,277
2026-08-24T10:00:00+05:30,11248,11248,11207,11214,873
2026-08-24T10:05:00+05:30,11214,11220,11195,11206,337
2026-08-24T10:10:00+05:30,11206,11270,11193,11266,1499
2026-08-24T10:15:00+05:30,11266,11271,11253,11271,458
2026-08-24T10:20:00+05:30,11271,11271,11264,11269,100
2026-08-24T10:25:00+05:30,11269,11269,11264,11267,107
2026-08-24T10:30:00+05:30,11267,11271,11257,11266,309
2026-08-24T10:35:00+05:30,11261,11266,11246,11255,110
2026-08-24T10:40:00+05:30,11255,11271,11249,11270,299
2026-08-24T10:45:00+05:30,11270,11270,11261,11261,111
2026-08-24T10:50:00+05:30,11261,11299,11254,11282,1045
2026-08-24T10:55:00+05:30,11282,11291,11282,11285,126
2026-08-24T11:00:00+05:30,11282,11282,11273,11273,59
2026-08-24T11:05:00+05:30,11273,11280,11273,11280,6
2026-08-24T11:10:00+05:30,11280,11280,11260,11265,81
2026-08-24T11:15:00+05:30,11265,11271,11250,11254,1714
2026-08-24T11:20:00+05:30,11254,11273,11240,11273,1439
2026-08-24T11:25:00+05:30,11273,11273,11253,11261,567
2026-08-24T11:30:00+05:30,11261,11262,11251,11256,625
2026-08-24T11:35:00+05:30,11256,11256,11251,11256,70
2026-08-24T11:40:00+05:30,11256,11258,11252,11258,62
2026-08-24T11:45:00+05:30,11258,11264,11254,11264,128
2026-08-24T11:50:00+05:30,11264,11264,11253,11264,175
2026-08-24T11:55:00+05:30,11264,11264,11257,11258,39
2026-08-24T12:00:00+05:30,11258,11264,11258,11262,41
2026-08-24T12:05:00+05:30,11262,11264,11262,11264,19
2026-08-24T12:10:00+05:30,11264,11264,11261,11261,103
2026-08-24T12:15:00+05:30,11261,11261,11251,11255,573
2026-08-24T12:20:00+05:30,11255,11255,11252,11252,30
2026-08-24T12:25:00+05:30,11252,11296,11252,11295,1713
2026-08-24T12:30:00+05:30,11295,11296,11294,11296,619
2026-08-24T12:35:00+05:30,11296,11298,11263,11274,10222
2026-08-24T12:40:00+05:30,11274,11274,11268,11272,48
2026-08-24T12:45:00+05:30,11272,11272,11257,11265,214
2026-08-24T12:50:00+05:30,11265,11265,11249,11249,378
2026-08-24T12:55:00+05:30,11250,11250,11203,11212,501
2026-08-24T13:00:00+05:30,11212,11220,11212,11213,101
2026-08-24T13:05:00+05:30,11220,11220,11204,11204,390
2026-08-24T13:10:00+05:30,11204,11224,11202,11214,510
2026-08-24T13:15:00+05:30,11214,11215,11204,11209,329
2026-08-24T13:20:00+05:30,11209,11214,11205,11213,284
2026-08-24T13:25:00+05:30,11213,11213,11201,11207,96
2026-08-24T13:30:00+05:30,11207,11208,11195,11197,221
2026-08-24T13:35:00+05:30,11197,11205,11196,11204,139
2026-08-24T13:40:00+05:30,11204,11223,11199,11208,622
2026-08-24T13:45:00+05:30,11208,11208,11193,11198,125
2026-08-24T13:50:00+05:30,11198,11200,11182,11188,189
2026-08-24T13:55:00+05:30,11188,11195,11179,11194,753
2026-08-24T14:00:00+05:30,11194,11194,11173,11187,282
2026-08-24T14:05:00+05:30,11187,11187,11154,11175,746
2026-08-24T14:10:00+05:30,11169,11177,11169,11174,62
2026-08-24T14:15:00+05:30,11174,11192,11167,11175,237
2026-08-24T14:20:00+05:30,11175,11180,11127,11153,1008
2026-08-24T14:25:00+05:30,11153,11162,11133,11162,512
2026-08-24T14:30:00+05:30,11162,11173,11140,11154,765
2026-08-24T14:35:00+05:30,11154,11154,11120,11143,1086
2026-08-24T14:40:00+05:30,11143,11155,11114,11154,1353
2026-08-24T14:45:00+05:30,11154,11158,11111,11128,2822
2026-08-24T14:50:00+05:30,11128,11147,11121,11128,19062
2026-08-24T14:55:00+05:30,11128,11129,11101,11115,2565
2026-08-24T15:00:00+05:30,11115,11120,11070,11070,1504
2026-08-24T15:05:00+05:30,11070,11096,11061,11079,2732
2026-08-24T15:10:00+05:30,11087,11098,11050,11050,1719
2026-08-25T09:15:00+05:30,11120,11149,10811,11028,2758
2026-08-25T09:20:00+05:30,11032,11100,11029,11083,2369
2026-08-25T09:25:00+05:30,11083,11101,11080,11092,703
2026-08-25T09:30:00+05:30,11092,11116,11091,11116,1105
2026-08-25T09:35:00+05:30,11116,11116,11090,11090,202
2026-08-25T09:40:00+05:30,11090,11098,11080,11082,205
2026-08-25T09:45:00+05:30,11082,11107,11080,11090,764
2026-08-25T09:50:00+05:30,11090,11157,11085,11151,1910
2026-08-25T09:55:00+05:30,11151,11187,11150,11171,1043
2026-08-25T10:00:00+05:30,11171,11178,11160,11169,642
2026-08-25T10:05:00+05:30,11169,11176,11163,11172,352
2026-08-25T10:10:00+05:30,11172,11189,11160,11178,249
2026-08-25T10:15:00+05:30,11187,11187,11159,11164,276
2026-08-25T10:20:00+05:30,11164,11178,11158,11177,755
2026-08-25T10:25:00+05:30,11177,11200,11174,11180,520
2026-08-25T10:30:00+05:30,11180,11186,11175,11178,519
2026-08-25T10:35:00+05:30,11178,11192,11174,11186,274
2026-08-25T10:40:00+05:30,11186,11194,11181,11181,694
2026-08-25T10:45:00+05:30,11181,11182,11167,11167,282
2026-08-25T10:50:00+05:30,11167,11175,11164,11169,583
2026-08-25T10:55:00+05:30,11169,11187,11165,11187,445
2026-08-25T11:00:00+05:30,11187,11193,11169,11169,488
2026-08-25T11:05:00+05:30,11169,11171,11150,11164,700
2026-08-25T11:10:00+05:30,11164,11186,11162,11170,1086
2026-08-25T11:15:00+05:30,11170,11174,11169,11170,65
2026-08-25T11:20:00+05:30,11170,11189,11169,11184,113
2026-08-25T11:25:00+05:30,11184,11222,11179,11210,1072
2026-08-25T11:30:00+05:30,11210,11265,11208,11232,1258
2026-08-25T11:35:00+05:30,11232,11250,11228,11238,547
2026-08-25T11:40:00+05:30,11238,11240,11215,11215,424
2026-08-25T11:45:00+05:30,11215,11218,11207,11210,148
2026-08-25T11:50:00+05:30,11210,11226,11210,11226,783
2026-08-25T11:55:00+05:30,11226,11228,11207,11225,1025
2026-08-25T12:00:00+05:30,11225,11234,11187,11187,704
2026-08-25T12:05:00+05:30,11187,11213,11179,11179,861
2026-08-25T12:10:00+05:30,11179,11191,11161,11171,386
2026-08-25T12:15:00+05:30,11171,11182,11171,11172,62
2026-08-25T12:20:00+05:30,11172,11190,11172,11178,165
2026-08-25T12:25:00+05:30,11178,11205,11178,11190,692
2026-08-25T12:30:00+05:30,11190,11197,11170,11180,360
2026-08-25T12:35:00+05:30,11180,11186,11174,11177,46
2026-08-25T12:40:00+05:30,11177,11186,11170,11170,182
2026-08-25T12:45:00+05:30,11170,11184,11168,11184,199
2026-08-25T12:50:00+05:30,11184,11189,11181,11181,10
2026-08-25T12:55:00+05:30,11181,11198,11180,11183,324
2026-08-25T13:00:00+05:30,11183,11188,11177,11181,170
2026-08-25T13:05:00+05:30,11181,11181,11165,11165,103
2026-08-25T13:10:00+05:30,11165,11174,11160,11165,389
2026-08-25T13:15:00+05:30,11165,11173,11161,11168,325
2026-08-25T13:20:00+05:30,11168,11180,11152,11173,830
2026-08-25T13:25:00+05:30,11173,11177,11160,11171,212
2026-08-25T13:30:00+05:30,11171,11177,11164,11172,370
2026-08-25T13:35:00+05:30,11172,11172,11161,11171,293
2026-08-25T13:40:00+05:30,11171,11193,11170,11193,854
2026-08-25T13:45:00+05:30,11193,11199,11193,11198,76
2026-08-25T13:50:00+05:30,11198,11199,11182,11192,631
2026-08-25T13:55:00+05:30,11192,11207,11192,11202,948
2026-08-25T14:00:00+05:30,11202,11202,11191,11191,83
2026-08-25T14:05:00+05:30,11199,11208,11194,11208,138
2026-08-25T14:10:00+05:30,11208,11208,11182,11182,322
2026-08-25T14:15:00+05:30,11171,11175,11166,11170,58
2026-08-25T14:20:00+05:30,11170,11176,11162,11176,371
2026-08-25T14:25:00+05:30,11176,11181,11167,11175,1275
2026-08-25T14:30:00+05:30,11175,11195,11175,11184,2746
2026-08-25T14:35:00+05:30,11184,11195,11183,11189,600
2026-08-25T14:40:00+05:30,11189,11207,11189,11200,5500
2026-08-25T14:45:00+05:30,11200,11220,11198,11208,5019
2026-08-25T14:50:00+05:30,11208,11247,11207,11240,1460
2026-08-25T14:55:00+05:30,11240,11248,11221,11237,1081
2026-08-25T15:00:00+05:30,11237,11264,11227,11264,1828
2026-08-25T15:05:00+05:30,11264,11264,11190,11206,5227
2026-08-25T15:10:00+05:30,11206,11280,11138,11141,4954
2026-08-26T09:15:00+05:30,11270,11400,11223,11368,2906
2026-08-26T09:20:00+05:30,11363,11388,11359,11379,1359
2026-08-26T09:25:00+05:30,11379,11379,11348,11348,234
2026-08-26T09:30:00+05:30,11348,11366,11348,11356,134
2026-08-26T09:35:00+05:30,11356,11375,11356,11370,981
2026-08-26T09:40:00+05:30,11375,11375,11365,11365,216
2026-08-26T09:45:00+05:30,11366,11372,11366,11371,60
2026-08-26T09:50:00+05:30,11371,11375,11360,11360,164
2026-08-26T09:55:00+05:30,11360,11375,11348,11354,300
2026-08-26T10:00:00+05:30,11354,11419,11354,11405,4407
2026-08-26T10:05:00+05:30,11405,11414,11392,11410,403
2026-08-26T10:10:00+05:30,11410,11419,11410,11411,312
2026-08-26T10:15:00+05:30,11411,11413,11401,11402,145
2026-08-26T10:20:00+05:30,11402,11407,11401,11405,84
2026-08-26T10:25:00+05:30,11405,11446,11400,11446,1248
2026-08-26T10:30:00+05:30,11446,11447,11432,11432,223
2026-08-26T10:35:00+05:30,11432,11432,11410,11421,149
2026-08-26T10:40:00+05:30,11421,11421,11413,11418,77
2026-08-26T10:45:00+05:30,11418,11418,11405,11407,171
2026-08-26T10:50:00+05:30,11407,11409,11387,11398,475
2026-08-26T10:55:00+05:30,11398,11398,11388,11395,88
2026-08-26T11:00:00+05:30,11395,11395,11384,11384,51
2026-08-26T11:05:00+05:30,11384,11389,11380,11380,131
2026-08-26T11:10:00+05:30,11380,11380,11371,11374,85
2026-08-26T11:15:00+05:30,11374,11380,11360,11360,433
2026-08-26T11:20:00+05:30,11360,11360,11343,11349,147
2026-08-26T11:25:00+05:30,11349,11349,11345,11349,54
2026-08-26T11:30:00+05:30,11349,11349,11327,11331,165
2026-08-26T11:35:00+05:30,11331,11348,11331,11348,114
2026-08-26T11:40:00+05:30,11348,11348,11334,11345,414
2026-08-26T11:45:00+05:30,11345,11345,11335,11335,43
2026-08-26T11:50:00+05:30,11335,11335,11304,11309,1293
2026-08-26T11:55:00+05:30,11309,11310,11307,11309,96
2026-08-26T12:00:00+05:30,11309,11309,11291,11298,538
2026-08-26T12:05:00+05:30,11298,11328,11298,11328,1220
2026-08-26T12:10:00+05:30,11328,11349,11328,11344,303
2026-08-26T12:15:00+05:30,11344,11379,11339,11374,608
2026-08-26T12:20:00+05:30,11374,11377,11358,11377,236
2026-08-26T12:25:00+05:30,11377,11388,11372,11387,216
2026-08-26T12:30:00+05:30,11387,11387,11370,11380,212
2026-08-26T12:35:00+05:30,11380,11386,11375,11379,236
2026-08-26T12:40:00+05:30,11380,11385,11371,11378,482
2026-08-26T12:45:00+05:30,11378,11389,11371,11383,400
2026-08-26T12:50:00+05:30,11383,11390,11383,11390,483
2026-08-26T12:55:00+05:30,11390,11390,11384,11390,30
2026-08-26T13:00:00+05:30,11390,11390,11383,11390,169
2026-08-26T13:05:00+05:30,11390,11415,11384,11415,545
2026-08-26T13:10:00+05:30,11415,11418,11402,11405,198
2026-08-26T13:15:00+05:30,11405,11419,11400,11411,207
2026-08-26T13:20:00+05:30,11411,11417,11407,11408,103
2026-08-26T13:25:00+05:30,11408,11411,11401,11407,49
2026-08-26T13:30:00+05:30,11407,11407,11397,11401,144
2026-08-26T13:35:00+05:30,11401,11407,11401,11401,44
2026-08-26T13:40:00+05:30,11401,11401,11388,11389,310
2026-08-26T13:45:00+05:30,11389,11389,11374,11375,138
2026-08-26T13:50:00+05:30,11375,11387,11366,11386,261
2026-08-26T13:55:00+05:30,11386,11386,11379,11379,17
2026-08-26T14:00:00+05:30,11379,11385,11379,11385,23
2026-08-26T14:05:00+05:30,11385,11388,11385,11385,75
2026-08-26T14:10:00+05:30,11385,11414,11383,11409,1046
2026-08-26T14:15:00+05:30,11409,11410,11400,11400,56
2026-08-26T14:20:00+05:30,11400,11404,11400,11401,79
2026-08-26T14:25:00+05:30,11401,11409,11400,11402,45
2026-08-26T14:30:00+05:30,11400,11403,11395,11403,101
2026-08-26T14:35:00+05:30,11403,11403,11395,11397,63
2026-08-26T14:40:00+05:30,11397,11401,11391,11401,115
2026-08-26T14:45:00+05:30,11401,11407,11397,11400,110
2026-08-26T14:50:00+05:30,11400,11410,11400,11410,297
2026-08-26T14:55:00+05:30,11410,11410,11394,11406,189
2026-08-26T15:00:00+05:30,11401,11406,11365,11365,452
2026-08-26T15:05:00+05:30,11363,11371,11352,11357,760
2026-08-26T15:10:00+05:30,11356,11360,11288,11300,1412
2026-08-27T09:15:00+05:30,11440,11508,11411,11424,2000
2026-08-27T09:20:00+05:30,11424,11424,11368,11376,1182
2026-08-27T09:25:00+05:30,11376,11489,11375,11489,2189
2026-08-27T09:30:00+05:30,11489,11500,11445,11470,565
2026-08-27T09:35:00+05:30,11468,11495,11458,11488,415
2026-08-27T09:40:00+05:30,11487,11498,11481,11490,397
2026-08-27T09:45:00+05:30,11490,11490,11476,11485,353
2026-08-27T09:50:00+05:30,11485,11520,11471,11494,2464
2026-08-27T09:55:00+05:30,11494,11501,11459,11459,393
2026-08-27T10:00:00+05:30,11459,11502,11456,11484,779
2026-08-27T10:05:00+05:30,11484,11493,11481,11487,82
2026-08-27T10:10:00+05:30,11487,11487,11475,11475,26
2026-08-27T10:15:00+05:30,11475,11484,11462,11474,155
2026-08-27T10:20:00+05:30,11474,11474,11450,11457,51
2026-08-27T10:25:00+05:30,11457,11462,11431,11452,1191
2026-08-27T10:30:00+05:30,11452,11460,11449,11455,286
2026-08-27T10:35:00+05:30,11455,11459,11441,11447,284
2026-08-27T10:40:00+05:30,11447,11459,11443,11456,453
2026-08-27T10:45:00+05:30,11456,11459,11447,11458,619
2026-08-27T10:50:00+05:30,11458,11458,11446,11455,920
2026-08-27T10:55:00+05:30,11455,11456,11444,11456,796
2026-08-27T11:00:00+05:30,11456,11458,11448,11456,264
2026-08-27T11:05:00+05:30,11456,11479,11451,11470,227
2026-08-27T11:10:00+05:30,11470,11470,11462,11462,33
2026-08-27T11:15:00+05:30,11462,11478,11462,11474,43
2026-08-27T11:20:00+05:30,11474,11474,11463,11471,34
2026-08-27T11:25:00+05:30,11471,11471,11460,11462,57
2026-08-27T11:30:00+05:30,11462,11462,11454,11454,21
2026-08-27T11:35:00+05:30,11454,11470,11454,11470,158
2026-08-27T11:40:00+05:30,11470,11470,11452,11465,246
2026-08-27T11:45:00+05:30,11463,11465,11460,11464,18
2026-08-27T11:50:00+05:30,11464,11465,11459,11463,159
2026-08-27T11:55:00+05:30,11463,11466,11454,11466,118
2026-08-27T12:00:00+05:30,11466,11466,11454,11464,74
2026-08-27T12:05:00+05:30,11464,11479,11464,11474,33
2026-08-27T12:10:00+05:30,11474,11477,11468,11477,81
2026-08-27T12:15:00+05:30,11477,11479,11460,11461,87
2026-08-27T12:20:00+05:30,11461,11471,11460,11465,31
2026-08-27T12:25:00+05:30,11465,11479,11465,11478,20
2026-08-27T12:30:00+05:30,11478,11478,11469,11469,20
2026-08-27T12:35:00+05:30,11469,11475,11469,11475,43
2026-08-27T12:40:00+05:30,11475,11475,11463,11466,24
2026-08-27T12:45:00+05:30,11466,11466,11463,11464,19
2026-08-27T12:50:00+05:30,11464,11465,11463,11465,18
2026-08-27T12:55:00+05:30,11465,11465,11417,11429,379
2026-08-27T13:00:00+05:30,11429,11429,11402,11414,1028
2026-08-27T13:05:00+05:30,11414,11424,11402,11414,355
2026-08-27T13:10:00+05:30,11414,11428,11410,11425,662
2026-08-27T13:15:00+05:30,11429,11467,11422,11462,4895
2026-08-27T13:20:00+05:30,11462,11504,11456,11480,3530
2026-08-27T13:25:00+05:30,11480,11480,11440,11450,735
2026-08-27T13:30:00+05:30,11450,11456,11420,11438,606
2026-08-27T13:35:00+05:30,11438,11439,11411,11436,207
2026-08-27T13:40:00+05:30,11436,11437,11420,11430,187
2026-08-27T13:45:00+05:30,11430,11430,11400,11417,636
2026-08-27T13:50:00+05:30,11417,11433,11409,11425,492
2026-08-27T13:55:00+05:30,11425,11425,11400,11411,191
2026-08-27T14:00:00+05:30,11411,11426,11405,11426,410
2026-08-27T14:05:00+05:30,11426,11426,11418,11418,135
2026-08-27T14:10:00+05:30,11418,11435,11381,11392,1034
2026-08-27T14:15:00+05:30,11392,11400,11358,11400,753
2026-08-27T14:20:00+05:30,11400,11400,11390,11394,105
2026-08-27T14:25:00+05:30,11394,11413,11379,11410,1610
2026-08-27T14:30:00+05:30,11410,11412,11363,11386,1216
2026-08-27T14:35:00+05:30,11386,11420,11384,11411,2460
2026-08-27T14:40:00+05:30,11411,11425,11396,11405,2924
2026-08-27T14:45:00+05:30,11405,11415,11391,11412,3388
2026-08-27T14:50:00+05:30,11412,11413,11382,11397,2893
2026-08-27T14:55:00+05:30,11397,11399,11381,11386,608
2026-08-27T15:00:00+05:30,11387,11395,11351,11356,2184
2026-08-27T15:05:00+05:30,11354,11371,11340,11354,2067
2026-08-27T15:10:00+05:30,11354,11385,11331,11331,1573
2026-08-28T09:15:00+05:30,11406,11406,11299,11321,803
2026-08-28T09:20:00+05:30,11321,11342,11304,11326,744
2026-08-28T09:25:00+05:30,11326,11359,11318,11330,480
2026-08-28T09:30:00+05:30,11330,11356,11310,11350,418
2026-08-28T09:35:00+05:30,11350,11354,11343,11347,56
2026-08-28T09:40:00+05:30,11340,11368,11340,11365,198
2026-08-28T09:45:00+05:30,11365,11370,11360,11370,88
2026-08-28T09:50:00+05:30,11370,11372,11343,11355,201
2026-08-28T09:55:00+05:30,11355,11361,11351,11352,88
2026-08-28T10:00:00+05:30,11352,11387,11352,11370,547
2026-08-28T10:05:00+05:30,11370,11376,11367,11371,84
2026-08-28T10:10:00+05:30,11371,11372,11362,11362,17
2026-08-28T10:15:00+05:30,11364,11384,11356,11383,363
2026-08-28T10:20:00+05:30,11383,11383,11359,11367,132
2026-08-28T10:25:00+05:30,11367,11376,11365,11366,131
2026-08-28T10:30:00+05:30,11366,11366,11355,11360,29
2026-08-28T10:35:00+05:30,11360,11364,11350,11354,222
2026-08-28T10:40:00+05:30,11354,11357,11350,11351,18
2026-08-28T10:45:00+05:30,11351,11363,11350,11357,238
2026-08-28T10:50:00+05:30,11357,11364,11357,11364,27
2026-08-28T10:55:00+05:30,11364,11365,11355,11358,39
2026-08-28T11:00:00+05:30,11357,11365,11350,11361,193
2026-08-28T11:05:00+05:30,11361,11371,11355,11355,147
2026-08-28T11:10:00+05:30,11355,11362,11355,11362,14
2026-08-28T11:15:00+05:30,11362,11383,11356,11383,8281
2026-08-28T11:20:00+05:30,11383,11399,11382,11392,155
2026-08-28T11:25:00+05:30,11392,11398,11379,11388,255
2026-08-28T11:30:00+05:30,11388,11395,11380,11385,261
2026-08-28T11:35:00+05:30,11388,11429,11385,11401,1064
2026-08-28T11:40:00+05:30,11401,11410,11397,11398,73
2026-08-28T11:45:00+05:30,11398,11398,11386,11395,29
2026-08-28T11:50:00+05:30,11395,11395,11377,11383,29
2026-08-28T11:55:00+05:30,11383,11383,11367,11367,71
2026-08-28T12:00:00+05:30,11367,11378,11363,11376,89
2026-08-28T12:05:00+05:30,11376,11378,11355,11355,205
2026-08-28T12:10:00+05:30,11355,11356,11341,11347,2417
2026-08-28T12:15:00+05:30,11347,11354,11340,11352,260
2026-08-28T12:20:00+05:30,11352,11357,11350,11356,74
2026-08-28T12:25:00+05:30,11356,11374,11354,11363,221
2026-08-28T12:30:00+05:30,11363,11363,11350,11356,15
2026-08-28T12:35:00+05:30,11356,11368,11350,11368,26
2026-08-28T12:40:00+05:30,11368,11369,11360,11368,26
2026-08-28T12:45:00+05:30,11368,11368,11360,11364,9
2026-08-28T12:50:00+05:30,11364,11364,11350,11357,33
2026-08-28T12:55:00+05:30,11357,11360,11350,11360,12
2026-08-28T13:00:00+05:30,11360,11360,11350,11356,23
2026-08-28T13:05:00+05:30,11356,11356,11350,11355,7
2026-08-28T13:10:00+05:30,11355,11361,11350,11359,73
2026-08-28T13:15:00+05:30,11359,11359,11359,11359,7
2026-08-28T13:20:00+05:30,11359,11362,11359,11362,11
2026-08-28T13:25:00+05:30,11362,11364,11355,11357,22
2026-08-28T13:30:00+05:30,11357,11400,11357,11393,230
2026-08-28T13:35:00+05:30,11393,11400,11387,11395,135
2026-08-28T13:40:00+05:30,11395,11395,11375,11390,147
2026-08-28T13:45:00+05:30,11390,11395,11382,11394,196
2026-08-28T13:50:00+05:30,11394,11400,11391,11391,133
2026-08-28T13:55:00+05:30,11397,11399,11367,11372,190
2026-08-28T14:00:00+05:30,11372,11372,11350,11351,69
2026-08-28T14:05:00+05:30,11351,11373,11350,11359,542
2026-08-28T14:10:00+05:30,11359,11374,11353,11369,374
2026-08-28T14:15:00+05:30,11369,11390,11363,11388,274
2026-08-28T14:20:00+05:30,11388,11400,11388,11394,341
2026-08-28T14:25:00+05:30,11394,11400,11381,11400,370
2026-08-28T14:30:00+05:30,11400,11400,11387,11397,203
2026-08-28T14:35:00+05:30,11397,11398,11379,11386,270
2026-08-28T14:40:00+05:30,11386,11386,11354,11381,207
2026-08-28T14:45:00+05:30,11381,11381,11352,11363,1661
2026-08-28T14:50:00+05:30,11358,11376,11350,11355,849
2026-08-28T14:55:00+05:30,11353,11365,11330,11335,1305
2026-08-28T15:00:00+05:30,11330,11331,11260,11275,3170
2026-08-28T15:05:00+05:30,11282,11282,11250,11275,997
2026-08-28T15:10:00+05:30,11271,11277,11256,11267,752
2026-08-31T09:15:00+05:30,11340,11340,11256,11297,561
2026-08-31T09:20:00+05:30,11297,11340,11284,11284,351
2026-08-31T09:25:00+05:30,11284,11296,11250,11251,545
2026-08-31T09:30:00+05:30,11251,11274,11231,11239,392
2026-08-31T09:35:00+05:30,11239,11312,11230,11310,1261
2026-08-31T09:40:00+05:30,11310,11334,11302,11328,895
2026-08-31T09:45:00+05:30,11328,11339,11318,11328,194
2026-08-31T09:50:00+05:30,11328,11333,11305,11305,261
2026-08-31T09:55:00+05:30,11305,11305,11290,11296,90
2026-08-31T10:00:00+05:30,11297,11330,11297,11330,269
2026-08-31T10:05:00+05:30,11330,11360,11323,11343,401
2026-08-31T10:10:00+05:30,11343,11346,11325,11335,255
2026-08-31T10:15:00+05:30,11335,11335,11310,11324,484
2026-08-31T10:20:00+05:30,11324,11324,11310,11316,96
2026-08-31T10:25:00+05:30,11316,11323,11316,11323,139
2026-08-31T10:30:00+05:30,11323,11323,11298,11298,85
2026-08-31T10:35:00+05:30,11298,11320,11298,11320,137
2026-08-31T10:40:00+05:30,11315,11336,11309,11336,193
2026-08-31T10:45:00+05:30,11336,11336,11327,11333,51
2026-08-31T10:50:00+05:30,11333,11333,11321,11326,44
2026-08-31T10:55:00+05:30,11326,11332,11320,11331,49
2026-08-31T11:00:00+05:30,11331,11334,11320,11331,401
2026-08-31T11:05:00+05:30,11331,11336,11321,11336,330
2026-08-31T11:10:00+05:30,11336,11336,11321,11330,96
2026-08-31T11:15:00+05:30,11330,11330,11328,11328,47
2026-08-31T11:20:00+05:30,11328,11350,11321,11350,177
2026-08-31T11:25:00+05:30,11349,11350,11337,11345,308
2026-08-31T11:30:00+05:30,11345,11345,11323,11345,149
2026-08-31T11:35:00+05:30,11345,11345,11336,11343,89
2026-08-31T11:40:00+05:30,11344,11345,11337,11344,92
2026-08-31T11:45:00+05:30,11344,11350,11343,11350,270
2026-08-31T11:50:00+05:30,11350,11360,11349,11360,478
2026-08-31T11:55:00+05:30,11360,11360,11354,11360,62
2026-08-31T12:00:00+05:30,11360,11360,11350,11359,237
2026-08-31T12:05:00+05:30,11359,11360,11352,11360,164
2026-08-31T12:10:00+05:30,11360,11360,11354,11359,35
2026-08-31T12:15:00+05:30,11359,11359,11353,11359,61
2026-08-31T12:20:00+05:30,11359,11360,11353,11360,65
2026-08-31T12:25:00+05:30,11360,11360,11353,11360,38
2026-08-31T12:30:00+05:30,11360,11360,11353,11360,64
2026-08-31T12:35:00+05:30,11360,11370,11359,11368,919
2026-08-31T12:40:00+05:30,11368,11369,11359,11366,120
2026-08-31T12:45:00+05:30,11366,11366,11356,11362,66
2026-08-31T12:50:00+05:30,11362,11364,11351,11363,152
2026-08-31T12:55:00+05:30,11363,11365,11355,11362,49
2026-08-31T13:00:00+05:30,11362,11369,11355,11364,188
2026-08-31T13:05:00+05:30,11364,11365,11363,11364,48
2026-08-31T13:10:00+05:30,11364,11365,11354,11359,104
2026-08-31T13:15:00+05:30,11359,11359,11350,11357,206
2026-08-31T13:20:00+05:30,11357,11358,11350,11357,67
2026-08-31T13:25:00+05:30,11350,11358,11350,11350,61
2026-08-31T13:30:00+05:30,11357,11357,11345,11356,104
2026-08-31T13:35:00+05:30,11349,11355,11333,11343,205
2026-08-31T13:40:00+05:30,11348,11348,11339,11347,114
2026-08-31T13:45:00+05:30,11347,11347,11327,11335,147
2026-08-31T13:50:00+05:30,11328,11358,11328,11356,239
2026-08-31T13:55:00+05:30,11356,11364,11341,11341,713
2026-08-31T14:00:00+05:30,11346,11359,11340,11348,178
2026-08-31T14:05:00+05:30,11341,11356,11336,11350,123
2026-08-31T14:10:00+05:30,11350,11360,11345,11360,314
2026-08-31T14:15:00+05:30,11366,11370,11361,11369,443
2026-08-31T14:20:00+05:30,11369,11370,11357,11359,158
2026-08-31T14:25:00+05:30,11359,11365,11357,11357,77
2026-08-31T14:30:00+05:30,11360,11364,11357,11363,59
2026-08-31T14:35:00+05:30,11363,11363,11355,11363,93
2026-08-31T14:40:00+05:30,11358,11370,11358,11370,183
2026-08-31T14:45:00+05:30,11368,11380,11361,11370,1586
2026-08-31T14:50:00+05:30,11366,11380,11366,11379,345
2026-08-31T14:55:00+05:30,11379,11380,11366,11380,504
2026-08-31T15:00:00+05:30,11368,11374,11302,11307,1144
2026-08-31T15:05:00+05:30,11311,11311,11273,11304,1265
2026-08-31T15:10:00+05:30,11304,11325,11250,11325,1242
2026-09-01T09:15:00+05:30,11480,11500,11355,11405,2221
2026-09-01T09:20:00+05:30,11405,11408,11369,11397,864
2026-09-01T09:25:00+05:30,11397,11415,11372,11372,1860
2026-09-01T09:30:00+05:30,11372,11388,11364,11374,420
2026-09-01T09:35:00+05:30,11374,11375,11350,11355,343
2026-09-01T09:40:00+05:30,11355,11376,11342,11375,860
2026-09-01T09:45:00+05:30,11375,11376,11325,11342,925
2026-09-01T09:50:00+05:30,11344,11344,11326,11332,412
2026-09-01T09:55:00+05:30,11332,11339,11326,11331,333
2026-09-01T10:00:00+05:30,11331,11365,11330,11357,853
2026-09-01T10:05:00+05:30,11357,11375,11349,11358,536
2026-09-01T10:10:00+05:30,11358,11375,11350,11374,323
2026-09-01T10:15:00+05:30,11375,11395,11372,11390,150
2026-09-01T10:20:00+05:30,11390,11390,11382,11388,85
2026-09-01T10:25:00+05:30,11388,11392,11386,11386,26
2026-09-01T10:30:00+05:30,11386,11390,11369,11369,344
2026-09-01T10:35:00+05:30,11369,11380,11361,11369,433
2026-09-01T10:40:00+05:30,11369,11378,11349,11368,1251
2026-09-01T10:45:00+05:30,11368,11368,11344,11358,1295
2026-09-01T10:50:00+05:30,11358,11358,11352,11355,29
2026-09-01T10:55:00+05:30,11355,11376,11355,11363,169
2026-09-01T11:00:00+05:30,11370,11375,11350,11351,472
2026-09-01T11:05:00+05:30,11351,11358,11351,11358,180
2026-09-01T11:10:00+05:30,11358,11365,11358,11364,33
2026-09-01T11:15:00+05:30,11364,11364,11351,11360,99
2026-09-01T11:20:00+05:30,11360,11369,11354,11369,271
2026-09-01T11:25:00+05:30,11369,11372,11357,11372,487
2026-09-01T11:30:00+05:30,11361,11367,11351,11367,158
2026-09-01T11:35:00+05:30,11371,11371,11355,11362,77
2026-09-01T11:40:00+05:30,11362,11362,11350,11356,146
2026-09-01T11:45:00+05:30,11351,11360,11350,11350,1485
2026-09-01T11:50:00+05:30,11355,11355,11306,11350,1446
2026-09-01T11:55:00+05:30,11350,11370,11350,11359,257
2026-09-01T12:00:00+05:30,11359,11362,11358,11362,12
2026-09-01T12:05:00+05:30,11362,11362,11357,11362,188
2026-09-01T12:10:00+05:30,11362,11362,11348,11360,195
2026-09-01T12:15:00+05:30,11360,11360,11356,11356,29
2026-09-01T12:20:00+05:30,11356,11366,11350,11363,206
2026-09-01T12:25:00+05:30,11363,11363,11354,11355,32
2026-09-01T12:30:00+05:30,11355,11389,11355,11369,761
2026-09-01T12:35:00+05:30,11369,11375,11360,11375,462
2026-09-01T12:40:00+05:30,11375,11380,11368,11380,40
2026-09-01T12:45:00+05:30,11380,11383,11366,11372,96
2026-09-01T12:50:00+05:30,11372,11372,11361,11366,23
2026-09-01T12:55:00+05:30,11366,11375,11355,11364,821
2026-09-01T13:00:00+05:30,11364,11365,11358,11365,158
2026-09-01T13:05:00+05:30,11375,11376,11364,11374,785
2026-09-01T13:10:00+05:30,11374,11374,11355,11363,305
2026-09-01T13:15:00+05:30,11363,11363,11355,11361,109
2026-09-01T13:20:00+05:30,11361,11371,11357,11371,424
2026-09-01T13:25:00+05:30,11371,11371,11365,11368,14
2026-09-01T13:30:00+05:30,11368,11369,11355,11360,954
2026-09-01T13:35:00+05:30,11360,11365,11355,11358,497
2026-09-01T13:40:00+05:30,11358,11365,11351,11361,1110
2026-09-01T13:45:00+05:30,11361,11362,11353,11360,246
2026-09-01T13:50:00+05:30,11355,11355,11301,11316,858
2026-09-01T13:55:00+05:30,11316,11337,11300,11328,1057
2026-09-01T14:00:00+05:30,11328,11340,11300,11305,942
2026-09-01T14:05:00+05:30,11305,11310,11282,11287,849
2026-09-01T14:10:00+05:30,11287,11314,11285,11314,318
2026-09-01T14:15:00+05:30,11314,11326,11310,11325,512
2026-09-01T14:20:00+05:30,11325,11328,11320,11324,271
2026-09-01T14:25:00+05:30,11324,11327,11309,11327,337
2026-09-01T14:30:00+05:30,11327,11327,11312,11325,222
2026-09-01T14:35:00+05:30,11318,11337,11317,11337,296
2026-09-01T14:40:00+05:30,11337,11345,11320,11338,1159
2026-09-01T14:45:00+05:30,11338,11339,11316,11333,1321
2026-09-01T14:50:00+05:30,11333,11344,11327,11342,881
2026-09-01T14:55:00+05:30,11342,11350,11340,11350,203
2026-09-01T15:00:00+05:30,11343,11351,11340,11346,954
2026-09-01T15:05:00+05:30,11346,11357,11330,11352,2389
2026-09-01T15:10:00+05:30,11349,11365,11336,11365,3546
2026-09-02T09:15:00+05:30,11210,11226,11137,11151,1089
2026-09-02T09:20:00+05:30,11151,11159,11098,11135,740
2026-09-02T09:25:00+05:30,11135,11156,11129,11146,122
2026-09-02T09:30:00+05:30,11146,11154,11105,11134,424
2026-09-02T09:35:00+05:30,11134,11152,11120,11123,272
2026-09-02T09:40:00+05:30,11123,11124,11107,11116,95
2026-09-02T09:45:00+05:30,11116,11136,11108,11133,242
2026-09-02T09:50:00+05:30,11133,11182,11122,11154,516
2026-09-02T09:55:00+05:30,11154,11168,11151,11166,112
2026-09-02T10:00:00+05:30,11166,11186,11160,11176,237
2026-09-02T10:05:00+05:30,11176,11176,11165,11173,139
2026-09-02T10:10:00+05:30,11166,11168,11150,11168,116
2026-09-02T10:15:00+05:30,11168,11168,11150,11156,13
2026-09-02T10:20:00+05:30,11156,11177,11154,11163,76
2026-09-02T10:25:00+05:30,11163,11164,11156,11160,45
2026-09-02T10:30:00+05:30,11160,11168,11155,11158,88
2026-09-02T10:35:00+05:30,11158,11162,11137,11148,191
2026-09-02T10:40:00+05:30,11157,11162,11141,11142,46
2026-09-02T10:45:00+05:30,11142,11155,11140,11149,48
2026-09-02T10:50:00+05:30,11149,11163,11149,11150,219
2026-09-02T10:55:00+05:30,11156,11156,11140,11141,161
2026-09-02T11:00:00+05:30,11141,11145,11123,11127,134
2026-09-02T11:05:00+05:30,11127,11127,11108,11108,380
2026-09-02T11:10:00+05:30,11108,11116,11100,11100,189
2026-09-02T11:15:00+05:30,11100,11115,11100,11110,198
2026-09-02T11:20:00+05:30,11110,11114,11103,11106,91
2026-09-02T11:25:00+05:30,11104,11108,11102,11102,45
2026-09-02T11:30:00+05:30,11102,11107,11100,11102,68
2026-09-02T11:35:00+05:30,11102,11107,11100,11106,56
2026-09-02T11:40:00+05:30,11106,11107,11101,11105,31
2026-09-02T11:45:00+05:30,11105,11124,11100,11111,281
2026-09-02T11:50:00+05:30,11111,11124,11106,11122,68
2026-09-02T11:55:00+05:30,11124,11124,11108,11111,37
2026-09-02T12:00:00+05:30,11111,11124,11111,11121,66
2026-09-02T12:05:00+05:30,11121,11124,11114,11114,79
2026-09-02T12:10:00+05:30,11114,11140,11112,11133,256
2026-09-02T12:15:00+05:30,11133,11135,11120,11120,75
2026-09-02T12:20:00+05:30,11120,11126,11117,11124,48
2026-09-02T12:25:00+05:30,11124,11128,11120,11127,82
2026-09-02T12:30:00+05:30,11127,11155,11127,11155,126
2026-09-02T12:35:00+05:30,11155,11193,11154,11192,312
2026-09-02T12:40:00+05:30,11192,11194,11174,11174,159
2026-09-02T12:45:00+05:30,11174,11200,11173,11192,342
2026-09-02T12:50:00+05:30,11192,11202,11187,11187,269
2026-09-02T12:55:00+05:30,11187,11242,11185,11229,396
2026-09-02T13:00:00+05:30,11229,11247,11215,11215,385
2026-09-02T13:05:00+05:30,11215,11219,11206,11210,45
2026-09-02T13:10:00+05:30,11215,11220,11207,11220,66
2026-09-02T13:15:00+05:30,11220,11222,11214,11214,76
2026-09-02T13:20:00+05:30,11214,11220,11187,11187,185
2026-09-02T13:25:00+05:30,11187,11212,11187,11212,94
2026-09-02T13:30:00+05:30,11212,11242,11210,11239,616
2026-09-02T13:35:00+05:30,11243,11243,11210,11210,200
2026-09-02T13:40:00+05:30,11210,11210,11195,11199,114
2026-09-02T13:45:00+05:30,11199,11201,11197,11198,15
2026-09-02T13:50:00+05:30,11198,11200,11190,11192,32
2026-09-02T13:55:00+05:30,11192,11195,11185,11185,45
2026-09-02T14:00:00+05:30,11185,11192,11176,11176,39
2026-09-02T14:05:00+05:30,11174,11176,11139,11157,1220
2026-09-02T14:10:00+05:30,11157,11162,11124,11124,2711
2026-09-02T14:15:00+05:30,11126,11127,11117,11123,291
2026-09-02T14:20:00+05:30,11119,11123,11092,11099,1817
2026-09-02T14:25:00+05:30,11099,11122,11099,11119,867
2026-09-02T14:30:00+05:30,11112,11145,11110,11145,2028
2026-09-02T14:35:00+05:30,11145,11150,11131,11150,1142
2026-09-02T14:40:00+05:30,11150,11158,11128,11135,1890
2026-09-02T14:45:00+05:30,11135,11142,11124,11130,1525
2026-09-02T14:50:00+05:30,11125,11137,11125,11136,1477
2026-09-02T14:55:00+05:30,11137,11137,11110,11110,403
2026-09-02T15:00:00+05:30,11113,11113,11076,11092,1484
2026-09-02T15:05:00+05:30,11094,11100,11087,11100,2055
2026-09-02T15:10:00+05:30,11100,11110,11059,11100,1815
2026-09-03T09:15:00+05:30,11070,11156,11028,11154,973
2026-09-03T09:20:00+05:30,11154,11213,11133,11135,845
2026-09-03T09:25:00+05:30,11135,11136,11105,11122,247
2026-09-03T09:30:00+05:30,11138,11156,11126,11141,231
2026-09-03T09:35:00+05:30,11141,11162,11130,11162,527
2026-09-03T09:40:00+05:30,11162,11165,11142,11143,67
2026-09-03T09:45:00+05:30,11143,11161,11143,11161,399
2026-09-03T09:50:00+05:30,11161,11195,11161,11169,369
2026-09-03T09:55:00+05:30,11169,11171,11159,11165,485
2026-09-03T10:00:00+05:30,11165,11165,11154,11154,4
2026-09-03T10:05:00+05:30,11165,11181,11124,11155,2200
2026-09-03T10:10:00+05:30,11154,11159,11124,11143,1160
2026-09-03T10:15:00+05:30,11143,11143,11113,11123,1101
2026-09-03T10:20:00+05:30,11123,11138,11114,11123,748
2026-09-03T10:25:00+05:30,11123,11123,11111,11121,46
2026-09-03T10:30:00+05:30,11120,11122,11119,11120,35
2026-09-03T10:35:00+05:30,11120,11122,11113,11120,84
2026-09-03T10:40:00+05:30,11120,11125,11103,11125,1612
2026-09-03T10:45:00+05:30,11125,11150,11110,11141,2917
2026-09-03T10:50:00+05:30,11147,11147,11130,11130,1550
2026-09-03T10:55:00+05:30,11130,11145,11120,11129,1769
2026-09-03T11:00:00+05:30,11129,11130,11114,11118,306
2026-09-03T11:05:00+05:30,11118,11130,11110,11115,2282
2026-09-03T11:10:00+05:30,11115,11150,11115,11144,1826
2026-09-03T11:15:00+05:30,11144,11175,11136,11150,3004
2026-09-03T11:20:00+05:30,11150,11170,11149,11162,1054
2026-09-03T11:25:00+05:30,11162,11164,11138,11147,1147
2026-09-03T11:30:00+05:30,11149,11150,11147,11149,62
2026-09-03T11:35:00+05:30,11149,11150,11140,11148,70
2026-09-03T11:40:00+05:30,11148,11157,11137,11149,1438
2026-09-03T11:45:00+05:30,11149,11230,11149,11226,5837
2026-09-03T11:50:00+05:30,11226,11226,11210,11217,135
2026-09-03T11:55:00+05:30,11216,11244,11200,11244,659
2026-09-03T12:00:00+05:30,11244,11244,11225,11232,269
2026-09-03T12:05:00+05:30,11232,11260,11232,11250,5824
2026-09-03T12:10:00+05:30,11250,11250,11161,11175,2626
2026-09-03T12:15:00+05:30,11175,11180,11168,11172,109
2026-09-03T12:20:00+05:30,11168,11172,11161,11165,117
2026-09-03T12:25:00+05:30,11165,11170,11160,11163,75
2026-09-03T12:30:00+05:30,11163,11172,11162,11172,118
2026-09-03T12:35:00+05:30,11172,11191,11172,11182,201
2026-09-03T12:40:00+05:30,11182,11188,11173,11174,102
2026-09-03T12:45:00+05:30,11174,11180,11160,11173,1001
2026-09-03T12:50:00+05:30,11173,11175,11167,11175,117
2026-09-03T12:55:00+05:30,11175,11175,11165,11174,61
2026-09-03T13:00:00+05:30,11174,11174,11150,11170,3119
2026-09-03T13:05:00+05:30,11170,11175,11166,11174,59
2026-09-03T13:10:00+05:30,11174,11175,11160,11160,148
2026-09-03T13:15:00+05:30,11160,11173,11160,11170,62
2026-09-03T13:20:00+05:30,11170,11175,11166,11175,98
2026-09-03T13:25:00+05:30,11175,11195,11164,11194,1727
2026-09-03T13:30:00+05:30,11194,11232,11188,11225,2467
2026-09-03T13:35:00+05:30,11225,11232,11187,11197,1019
2026-09-03T13:40:00+05:30,11197,11211,11185,11200,2031
2026-09-03T13:45:00+05:30,11200,11200,11174,11198,548
2026-09-03T13:50:00+05:30,11198,11199,11187,11194,112
2026-09-03T13:55:00+05:30,11194,11198,11170,11191,1148
2026-09-03T14:00:00+05:30,11191,11191,11181,11187,60
2026-09-03T14:05:00+05:30,11187,11187,11152,11159,1588
2026-09-03T14:10:00+05:30,11159,11180,11158,11180,994
2026-09-03T14:15:00+05:30,11180,11180,11176,11180,3
2026-09-03T14:20:00+05:30,11180,11188,11165,11178,2151
2026-09-03T14:25:00+05:30,11178,11178,11141,11160,2658
2026-09-03T14:30:00+05:30,11156,11160,11142,11154,1160
2026-09-03T14:35:00+05:30,11154,11154,11106,11121,1020
2026-09-03T14:40:00+05:30,11121,11136,11097,11124,6238
2026-09-03T14:45:00+05:30,11124,11135,11123,11123,153
2026-09-03T14:50:00+05:30,11123,11131,11116,11127,420
2026-09-03T14:55:00+05:30,11127,11138,11115,11118,3024
2026-09-03T15:00:00+05:30,11109,11134,11100,11118,6263
2026-09-03T15:05:00+05:30,11119,11130,11103,11120,8098
2026-09-03T15:10:00+05:30,11119,11143,11099,11100,15335
2026-09-04T09:15:00+05:30,11102,11195,11102,11162,730
2026-09-04T09:20:00+05:30,11163,11166,11144,11166,401
2026-09-04T09:25:00+05:30,11166,11166,11140,11154,307
2026-09-04T09:30:00+05:30,11154,11171,11150,11150,211
2026-09-04T09:35:00+05:30,11150,11160,11142,11155,141
2026-09-04T09:40:00+05:30,11155,11208,11155,11194,380
2026-09-04T09:45:00+05:30,11194,11210,11188,11209,498
2026-09-04T09:50:00+05:30,11209,11209,11202,11202,17
2026-09-04T09:55:00+05:30,11202,11248,11202,11245,463
2026-09-04T10:00:00+05:30,11245,11268,11235,11258,682
2026-09-04T10:05:00+05:30,11258,11300,11250,11275,950
2026-09-04T10:10:00+05:30,11275,11289,11274,11285,101
2026-09-04T10:15:00+05:30,11285,11319,11285,11314,1420
2026-09-04T10:20:00+05:30,11315,11325,11307,11317,138
2026-09-04T10:25:00+05:30,11320,11343,11320,11342,1434
2026-09-04T10:30:00+05:30,11337,11355,11304,11318,1822
2026-09-04T10:35:00+05:30,11318,11320,11295,11320,240
2026-09-04T10:40:00+05:30,11320,11320,11306,11316,113
2026-09-04T10:45:00+05:30,11316,11324,11297,11301,627
2026-09-04T10:50:00+05:30,11301,11310,11296,11298,633
2026-09-04T10:55:00+05:30,11298,11309,11295,11305,919
2026-09-04T11:00:00+05:30,11305,11305,11287,11300,930
2026-09-04T11:05:00+05:30,11297,11311,11291,11307,480
2026-09-04T11:10:00+05:30,11307,11308,11295,11306,612
2026-09-04T11:15:00+05:30,11306,11309,11250,11257,1268
2026-09-04T11:20:00+05:30,11257,11263,11215,11215,856
2026-09-04T11:25:00+05:30,11215,11240,11215,11219,209
2026-09-04T11:30:00+05:30,11219,11226,11168,11175,367
2026-09-04T11:35:00+05:30,11175,11214,11175,11208,407
2026-09-04T11:40:00+05:30,11208,11208,11190,11190,38
2026-09-04T11:45:00+05:30,11190,11193,11176,11177,194
2026-09-04T11:50:00+05:30,11177,11193,11170,11186,357
2026-09-04T11:55:00+05:30,11186,11215,11186,11207,90
2026-09-04T12:00:00+05:30,11207,11214,11195,11200,1055
2026-09-04T12:05:00+05:30,11200,11200,11184,11184,110
2026-09-04T12:10:00+05:30,11184,11190,11175,11185,183
2026-09-04T12:15:00+05:30,11185,11189,11177,11189,160
2026-09-04T12:20:00+05:30,11189,11189,11156,11177,320
2026-09-04T12:25:00+05:30,11177,11177,11164,11170,160
2026-09-04T12:30:00+05:30,11170,11177,11153,11176,549
2026-09-04T12:35:00+05:30,11176,11196,11176,11180,136
2026-09-04T12:40:00+05:30,11180,11189,11170,11170,84
2026-09-04T12:45:00+05:30,11170,11178,11168,11171,312
2026-09-04T12:50:00+05:30,11171,11171,11165,11166,66
2026-09-04T12:55:00+05:30,11166,11166,11150,11159,129
2026-09-04T13:00:00+05:30,11159,11168,11143,11154,256
2026-09-04T13:05:00+05:30,11153,11170,11148,11163,397
2026-09-04T13:10:00+05:30,11169,11169,11157,11165,149
2026-09-04T13:15:00+05:30,11165,11171,11159,11171,291
2026-09-04T13:20:00+05:30,11171,11172,11151,11161,284
2026-09-04T13:25:00+05:30,11161,11161,11148,11161,742
2026-09-04T13:30:00+05:30,11161,11172,11152,11158,268
2026-09-04T13:35:00+05:30,11158,11171,11156,11161,566
2026-09-04T13:40:00+05:30,11161,11168,11159,11161,238
2026-09-04T13:45:00+05:30,11161,11165,11145,11162,263
2026-09-04T13:50:00+05:30,11162,11162,11149,11154,106
2026-09-04T13:55:00+05:30,11154,11154,11132,11137,773
2026-09-04T14:00:00+05:30,11137,11149,11135,11146,190
2026-09-04T14:05:00+05:30,11147,11150,11140,11148,355
2026-09-04T14:10:00+05:30,11148,11148,11129,11137,404
2026-09-04T14:15:00+05:30,11137,11141,11129,11129,253
2026-09-04T14:20:00+05:30,11129,11136,11116,11120,789
2026-09-04T14:25:00+05:30,11120,11120,11118,11120,51
2026-09-04T14:30:00+05:30,11120,11160,11116,11144,1509
2026-09-04T14:35:00+05:30,11142,11146,11132,11132,173
2026-09-04T14:40:00+05:30,11132,11140,11124,11140,321
2026-09-04T14:45:00+05:30,11140,11140,11132,11140,446
2026-09-04T14:50:00+05:30,11140,11140,11130,11130,311
2026-09-04T14:55:00+05:30,11130,11140,11128,11133,1680
2026-09-04T15:00:00+05:30,11133,11142,11121,11142,919
2026-09-04T15:05:00+05:30,11142,11157,11127,11138,762
2026-09-04T15:10:00+05:30,11138,11239,11100,11181,2732
2026-09-07T09:15:00+05:30,11200,11200,11064,11082,716
2026-09-07T09:20:00+05:30,11082,11082,11026,11050,956
2026-09-07T09:25:00+05:30,11050,11062,11036,11044,297
2026-09-07T09:30:00+05:30,11045,11065,11045,11054,171
2026-09-07T09:35:00+05:30,11064,11065,11057,11058,140
2026-09-07T09:40:00+05:30,11058,11063,11000,11018,1022
2026-09-07T09:45:00+05:30,11018,11048,11010,11041,351
2026-09-07T09:50:00+05:30,11041,11041,11028,11028,123
2026-09-07T09:55:00+05:30,11028,11032,11006,11015,576
2026-09-07T10:00:00+05:30,11015,11038,11010,11033,392
2026-09-07T10:05:00+05:30,11033,11034,11024,11028,27
2026-09-07T10:10:00+05:30,11028,11030,10993,10996,462
2026-09-07T10:15:00+05:30,10996,11053,10996,11041,8887
2026-09-07T10:20:00+05:30,11041,11043,11035,11038,84
2026-09-07T10:25:00+05:30,11038,11048,11024,11030,1038
2026-09-07T10:30:00+05:30,11030,11040,11012,11026,2278
2026-09-07T10:35:00+05:30,11026,11030,11019,11021,45
2026-09-07T10:40:00+05:30,11021,11030,11018,11030,35
2026-09-07T10:45:00+05:30,11030,11030,11024,11028,45
2026-09-07T10:50:00+05:30,11028,11030,11006,11015,29
2026-09-07T10:55:00+05:30,11015,11016,10990,11007,729
2026-09-07T11:00:00+05:30,11007,11012,10991,11005,390
2026-09-07T11:05:00+05:30,11005,11014,11000,11003,164
2026-09-07T11:10:00+05:30,11003,11006,11000,11002,116
2026-09-07T11:15:00+05:30,11002,11005,11000,11000,161
2026-09-07T11:20:00+05:30,11000,11009,11000,11001,170
2026-09-07T11:25:00+05:30,11001,11010,11000,11008,141
2026-09-07T11:30:00+05:30,11010,11012,11001,11004,146
2026-09-07T11:35:00+05:30,11004,11009,11001,11004,98
2026-09-07T11:40:00+05:30,11004,11013,11000,11006,192
2026-09-07T11:45:00+05:30,11006,11021,11002,11013,312
2026-09-07T11:50:00+05:30,11013,11020,11003,11013,163
2026-09-07T11:55:00+05:30,11013,11016,11001,11002,100
2026-09-07T12:00:00+05:30,11002,11019,11001,11016,241
2026-09-07T12:05:00+05:30,11016,11030,11015,11025,830
2026-09-07T12:10:00+05:30,11025,11025,11009,11022,276
2026-09-07T12:15:00+05:30,11022,11030,11010,11026,164
2026-09-07T12:20:00+05:30,11022,11030,11021,11023,157
2026-09-07T12:25:00+05:30,11023,11034,11021,11030,229
2026-09-07T12:30:00+05:30,11030,11033,11026,11033,121
2026-09-07T12:35:00+05:30,11033,11050,11028,11040,685
2026-09-07T12:40:00+05:30,11044,11105,11044,11100,3035
2026-09-07T12:45:00+05:30,11095,11099,11085,11096,406
2026-09-07T12:50:00+05:30,11096,11096,11086,11089,115
2026-09-07T12:55:00+05:30,11089,11098,11081,11096,294
2026-09-07T13:00:00+05:30,11096,11099,11092,11096,56
2026-09-07T13:05:00+05:30,11096,11098,11092,11093,23
2026-09-07T13:10:00+05:30,11093,11093,11090,11090,51
2026-09-07T13:15:00+05:30,11085,11097,11085,11090,123
2026-09-07T13:20:00+05:30,11090,11097,11085,11090,337
2026-09-07T13:25:00+05:30,11090,11100,11088,11100,25
2026-09-07T13:30:00+05:30,11100,11100,11091,11099,36
2026-09-07T13:35:00+05:30,11099,11099,11091,11096,30
2026-09-07T13:40:00+05:30,11096,11104,11089,11099,424
2026-09-07T13:45:00+05:30,11099,11101,11096,11101,283
2026-09-07T13:50:00+05:30,11101,11101,11100,11101,111
2026-09-07T13:55:00+05:30,11101,11131,11101,11123,663
2026-09-07T14:00:00+05:30,11123,11127,11119,11120,17
2026-09-07T14:05:00+05:30,11120,11120,11112,11112,68
2026-09-07T14:10:00+05:30,11112,11121,11111,11121,11
2026-09-07T14:15:00+05:30,11121,11126,11117,11119,223
2026-09-07T14:20:00+05:30,11120,11128,11120,11125,15
2026-09-07T14:25:00+05:30,11125,11128,11110,11110,365
2026-09-07T14:30:00+05:30,11110,11123,11104,11112,250
2026-09-07T14:35:00+05:30,11112,11116,11108,11116,57
2026-09-07T14:40:00+05:30,11113,11113,11100,11107,46
2026-09-07T14:45:00+05:30,11107,11115,11107,11115,60
2026-09-07T14:50:00+05:30,11114,11114,11082,11090,1049
2026-09-07T14:55:00+05:30,11090,11095,11069,11083,510
2026-09-07T15:00:00+05:30,11085,11085,11050,11050,621
2026-09-07T15:05:00+05:30,11052,11097,11050,11097,1876
2026-09-07T15:10:00+05:30,11097,11097,11005,11005,1649
2026-09-08T09:15:00+05:30,11094,11094,11007,11014,1606
2026-09-08T09:20:00+05:30,11014,11024,10970,10996,741
2026-09-08T09:25:00+05:30,10996,11020,10988,11000,742
2026-09-08T09:30:00+05:30,10998,11009,10972,10989,964
2026-09-08T09:35:00+05:30,10989,11020,10979,11014,221
2026-09-08T09:40:00+05:30,11014,11053,11005,11044,567
2026-09-08T09:45:00+05:30,11044,11076,11035,11067,737
2026-09-08T09:50:00+05:30,11067,11069,11050,11058,226
2026-09-08T09:55:00+05:30,11050,11052,11025,11031,112
2026-09-08T10:00:00+05:30,11031,11054,11028,11041,273
2026-09-08T10:05:00+05:30,11027,11050,11020,11041,85
2026-09-08T10:10:00+05:30,11039,11048,11007,11030,662
2026-09-08T10:15:00+05:30,11029,11030,11001,11005,343
2026-09-08T10:20:00+05:30,11005,11067,11004,11060,335
2026-09-08T10:25:00+05:30,11060,11060,11040,11048,335
2026-09-08T10:30:00+05:30,11048,11050,11044,11044,138
2026-09-08T10:35:00+05:30,11045,11047,11027,11028,456
2026-09-08T10:40:00+05:30,11028,11050,11028,11048,374
2026-09-08T10:45:00+05:30,11048,11064,11048,11060,172
2026-09-08T10:50:00+05:30,11060,11060,11051,11060,92
2026-09-08T10:55:00+05:30,11060,11061,11052,11052,108
2026-09-08T11:00:00+05:30,11061,11068,11045,11054,280
2026-09-08T11:05:00+05:30,11054,11089,11054,11083,618
2026-09-08T11:10:00+05:30,11083,11094,11083,11090,189
2026-09-08T11:15:00+05:30,11090,11100,11079,11079,274
2026-09-08T11:20:00+05:30,11079,11081,11070,11081,82
2026-09-08T11:25:00+05:30,11081,11098,11066,11083,120
2026-09-08T11:30:00+05:30,11083,11085,11049,11060,289
2026-09-08T11:35:00+05:30,11068,11077,11050,11051,238
2026-09-08T11:40:00+05:30,11051,11060,11050,11060,115
2026-09-08T11:45:00+05:30,11060,11063,11042,11050,126
2026-09-08T11:50:00+05:30,11050,11050,11035,11042,376
2026-09-08T11:55:00+05:30,11042,11042,11039,11042,58
2026-09-08T12:00:00+05:30,11042,11070,11040,11070,374
2026-09-08T12:05:00+05:30,11070,11084,11050,11080,1424
2026-09-08T12:10:00+05:30,11080,11084,11078,11083,78
2026-09-08T12:15:00+05:30,11083,11090,11074,11074,227
2026-09-08T12:20:00+05:30,11074,11084,11074,11083,246
2026-09-08T12:25:00+05:30,11083,11100,11080,11100,367
2026-09-08T12:30:00+05:30,11100,11113,11087,11087,242
2026-09-08T12:35:00+05:30,11087,11113,11087,11102,217
2026-09-08T12:40:00+05:30,11102,11109,11100,11105,320
2026-09-08T12:45:00+05:30,11105,11105,11043,11047,856
2026-09-08T12:50:00+05:30,11047,11064,11047,11060,142
2026-09-08T12:55:00+05:30,11060,11069,11048,11052,180
2026-09-08T13:00:00+05:30,11052,11090,11052,11089,142
2026-09-08T13:05:00+05:30,11089,11093,11072,11072,86
2026-09-08T13:10:00+05:30,11072,11082,11068,11068,45
2026-09-08T13:15:00+05:30,11068,11080,11068,11073,139
2026-09-08T13:20:00+05:30,11073,11073,11051,11055,590
2026-09-08T13:25:00+05:30,11060,11072,11060,11067,70
2026-09-08T13:30:00+05:30,11059,11078,11055,11072,173
2026-09-08T13:35:00+05:30,11072,11072,11067,11067,82
2026-09-08T13:40:00+05:30,11067,11075,11058,11071,348
2026-09-08T13:45:00+05:30,11071,11071,11050,11066,131
2026-09-08T13:50:00+05:30,11066,11070,11047,11057,1929
2026-09-08T13:55:00+05:30,11057,11073,11057,11072,99
2026-09-08T14:00:00+05:30,11072,11080,11064,11078,41
2026-09-08T14:05:00+05:30,11078,11093,11078,11087,88
2026-09-08T14:10:00+05:30,11087,11104,11084,11103,121
2026-09-08T14:15:00+05:30,11103,11105,11098,11101,50
2026-09-08T14:20:00+05:30,11101,11110,11100,11110,133
2026-09-08T14:25:00+05:30,11110,11124,11102,11110,378
2026-09-08T14:30:00+05:30,11110,11118,11087,11108,241
2026-09-08T14:35:00+05:30,11108,11110,11084,11084,152
2026-09-08T14:40:00+05:30,11084,11100,11084,11088,171
2026-09-08T14:45:00+05:30,11088,11099,11075,11083,277
2026-09-08T14:50:00+05:30,11083,11088,11072,11076,346
2026-09-08T14:55:00+05:30,11080,11095,11077,11077,528
2026-09-08T15:00:00+05:30,11076,11092,11064,11072,1325
2026-09-08T15:05:00+05:30,11078,11078,11060,11067,1228
2026-09-08T15:10:00+05:30,11067,11087,11001,11001,1434
2026-09-09T09:15:00+05:30,11049,11109,11001,11109,813
2026-09-09T09:20:00+05:30,11109,11109,11068,11094,431
2026-09-09T09:25:00+05:30,11094,11095,11066,11066,72
2026-09-09T09:30:00+05:30,11066,11090,11066,11080,74
2026-09-09T09:35:00+05:30,11080,11108,11080,11108,221
2026-09-09T09:40:00+05:30,11108,11108,11097,11099,215
2026-09-09T09:45:00+05:30,11099,11099,11064,11067,314
2026-09-09T09:50:00+05:30,11067,11074,11067,11070,25
2026-09-09T09:55:00+05:30,11070,11083,11070,11076,19
2026-09-09T10:00:00+05:30,11076,11076,11057,11060,94
2026-09-09T10:05:00+05:30,11060,11061,11045,11045,135
2026-09-09T10:10:00+05:30,11045,11058,11045,11058,77
2026-09-09T10:15:00+05:30,11058,11093,11057,11086,211
2026-09-09T10:20:00+05:30,11086,11095,11082,11084,56
2026-09-09T10:25:00+05:30,11084,11095,11079,11079,66
2026-09-09T10:30:00+05:30,11079,11096,11079,11090,43
2026-09-09T10:35:00+05:30,11090,11096,11081,11088,38
2026-09-09T10:40:00+05:30,11088,11091,11085,11085,3
2026-09-09T10:45:00+05:30,11085,11127,11085,11109,392
2026-09-09T10:50:00+05:30,11109,11109,11087,11087,231
2026-09-09T10:55:00+05:30,11087,11087,11065,11066,84
2026-09-09T11:00:00+05:30,11066,11070,11066,11066,33
2026-09-09T11:05:00+05:30,11066,11070,11056,11058,34
2026-09-09T11:10:00+05:30,11058,11058,11039,11042,162
2026-09-09T11:15:00+05:30,11042,11048,11042,11043,67
2026-09-09T11:20:00+05:30,11043,11055,11038,11038,50
2026-09-09T11:25:00+05:30,11038,11059,11037,11052,262
2026-09-09T11:30:00+05:30,11052,11070,11052,11070,420
2026-09-09T11:35:00+05:30,11070,11070,11060,11063,36
2026-09-09T11:40:00+05:30,11063,11070,11052,11070,131
2026-09-09T11:45:00+05:30,11070,11070,11064,11066,8
2026-09-09T11:50:00+05:30,11066,11066,11045,11051,94
2026-09-09T11:55:00+05:30,11051,11061,11051,11054,25
2026-09-09T12:00:00+05:30,11054,11054,11054,11054,1
2026-09-09T12:05:00+05:30,11054,11056,11042,11051,39
2026-09-09T12:10:00+05:30,11051,11060,11045,11060,52
2026-09-09T12:15:00+05:30,11060,11060,11052,11052,4
2026-09-09T12:20:00+05:30,11052,11052,11048,11049,12
2026-09-09T12:25:00+05:30,11049,11070,11048,11070,225
2026-09-09T12:30:00+05:30,11070,11090,11064,11085,1101
2026-09-09T12:35:00+05:30,11085,11090,11078,11086,543
2026-09-09T12:40:00+05:30,11086,11118,11078,11098,443
2026-09-09T12:45:00+05:30,11098,11118,11098,11103,347
2026-09-09T12:50:00+05:30,11103,11120,11103,11103,394
2026-09-09T12:55:00+05:30,11103,11120,11103,11114,134
2026-09-09T13:00:00+05:30,11114,11122,11110,11110,287
2026-09-09T13:05:00+05:30,11110,11115,11104,11110,52
2026-09-09T13:10:00+05:30,11110,11115,11110,11115,63
2026-09-09T13:15:00+05:30,11115,11125,11115,11124,78
2026-09-09T13:20:00+05:30,11124,11132,11116,11132,99
2026-09-09T13:25:00+05:30,11132,11133,11120,11125,278
2026-09-09T13:30:00+05:30,11125,11130,11125,11125,16
2026-09-09T13:35:00+05:30,11125,11131,11125,11125,17
2026-09-09T13:40:00+05:30,11125,11127,11120,11120,225
2026-09-09T13:45:00+05:30,11120,11120,11085,11095,1055
2026-09-09T13:50:00+05:30,11095,11095,11082,11095,68
2026-09-09T13:55:00+05:30,11095,11096,11063,11079,410
2026-09-09T14:00:00+05:30,11079,11090,11079,11080,44
2026-09-09T14:05:00+05:30,11080,11080,11055,11073,1397
2026-09-09T14:10:00+05:30,11073,11080,11067,11080,204
2026-09-09T14:15:00+05:30,11080,11080,11074,11080,443
2026-09-09T14:20:00+05:30,11080,11080,11076,11080,202
2026-09-09T14:25:00+05:30,11080,11105,11080,11103,476
2026-09-09T14:30:00+05:30,11105,11105,11056,11056,153
2026-09-09T14:35:00+05:30,11056,11061,11054,11054,19
2026-09-09T14:40:00+05:30,11055,11070,11053,11070,173
2026-09-09T14:45:00+05:30,11070,11075,11067,11068,155
2026-09-09T14:50:00+05:30,11068,11071,11062,11063,89
2026-09-09T14:55:00+05:30,11063,11064,11061,11061,131
2026-09-09T15:00:00+05:30,11063,11063,11043,11048,350
2026-09-09T15:05:00+05:30,11040,11058,11032,11058,523
2026-09-09T15:10:00+05:30,11053,11059,11020,11057,1872
2026-09-10T09:15:00+05:30,11078,11078,11017,11017,218
2026-09-10T09:20:00+05:30,11017,11028,11011,11026,266
2026-09-10T09:25:00+05:30,11026,11049,11023,11035,128
2026-09-10T09:30:00+05:30,11035,11043,11010,11014,387
2026-09-10T09:35:00+05:30,11014,11015,11009,11009,221
2026-09-10T09:40:00+05:30,11009,11009,10981,10991,461
2026-09-10T09:45:00+05:30,10991,11024,10990,11014,214
2026-09-10T09:50:00+05:30,11014,11028,11014,11021,122
2026-09-10T09:55:00+05:30,11021,11021,11014,11015,6
2026-09-10T10:00:00+05:30,11015,11015,11001,11001,66
2026-09-10T10:05:00+05:30,11001,11009,10971,10980,1363
2026-09-10T10:10:00+05:30,10980,10989,10980,10989,108
2026-09-10T10:15:00+05:30,10989,10990,10979,10990,450
2026-09-10T10:20:00+05:30,10990,10990,10986,10987,25
2026-09-10T10:25:00+05:30,10987,10990,10980,10989,140
2026-09-10T10:30:00+05:30,10989,10989,10975,10978,33
2026-09-10T10:35:00+05:30,10978,10995,10978,10995,1087
2026-09-10T10:40:00+05:30,10995,10999,10984,10998,53
2026-09-10T10:45:00+05:30,10998,11005,10988,10988,811
2026-09-10T10:50:00+05:30,10988,10991,10965,10980,957
2026-09-10T10:55:00+05:30,10980,10984,10979,10981,81
2026-09-10T11:00:00+05:30,10981,10985,10977,10985,165
2026-09-10T11:05:00+05:30,10985,10989,10978,10989,129
2026-09-10T11:10:00+05:30,10989,10996,10985,10996,21
2026-09-10T11:15:00+05:30,10989,11001,10988,11000,101
2026-09-10T11:20:00+05:30,11000,11003,10990,10996,45
2026-09-10T11:25:00+05:30,10996,11007,10996,11007,339
2026-09-10T11:30:00+05:30,11007,11007,11000,11000,29
2026-09-10T11:35:00+05:30,11000,11007,10994,10994,121
2026-09-10T11:40:00+05:30,10994,11004,10989,10996,63
2026-09-10T11:45:00+05:30,10996,10998,10993,10995,28
2026-09-10T11:50:00+05:30,10995,11002,10995,11002,159
2026-09-10T11:55:00+05:30,11002,11010,11002,11005,10
2026-09-10T12:00:00+05:30,11005,11006,10999,11000,32
2026-09-10T12:05:00+05:30,11000,11005,11000,11000,18
2026-09-10T12:10:00+05:30,11000,11019,11000,11014,225
2026-09-10T12:15:00+05:30,11014,11014,11011,11013,36
2026-09-10T12:20:00+05:30,11013,11029,11013,11020,251
2026-09-10T12:25:00+05:30,11020,11020,11013,11019,6
2026-09-10T12:30:00+05:30,11019,11020,11018,11018,28
2026-09-10T12:35:00+05:30,11018,11018,11013,11013,26
2026-09-10T12:40:00+05:30,11013,11018,11009,11009,26
2026-09-10T12:45:00+05:30,11009,11012,11001,11001,189
2026-09-10T12:50:00+05:30,11001,11029,11001,11020,108
2026-09-10T12:55:00+05:30,11020,11027,11008,11016,57
2026-09-10T13:00:00+05:30,11016,11023,11009,11023,3
2026-09-10T13:05:00+05:30,11023,11023,11001,11001,342
2026-09-10T13:10:00+05:30,11001,11013,11001,11013,44
2026-09-10T13:15:00+05:30,11013,11013,11005,11005,15
2026-09-10T13:20:00+05:30,11005,11005,11005,11005,7
2026-09-10T13:25:00+05:30,11000,11000,10988,10988,258
2026-09-10T13:30:00+05:30,10988,10994,10988,10990,35
2026-09-10T13:35:00+05:30,10990,11000,10990,10996,62
2026-09-10T13:40:00+05:30,10996,11007,10990,11007,160
2026-09-10T13:45:00+05:30,11007,11007,10984,11001,93
2026-09-10T13:50:00+05:30,11001,11001,10995,10995,7
2026-09-10T13:55:00+05:30,10995,10995,10991,10995,7
2026-09-10T14:00:00+05:30,10995,10995,10987,10992,30
2026-09-10T14:05:00+05:30,10992,10992,10980,10984,31
2026-09-10T14:10:00+05:30,10984,10991,10984,10987,12
2026-09-10T14:15:00+05:30,10987,10992,10979,10982,92
2026-09-10T14:20:00+05:30,10982,11000,10979,11000,362
2026-09-10T14:25:00+05:30,11000,11010,11000,11009,97
2026-09-10T14:30:00+05:30,11009,11010,11003,11003,46
2026-09-10T14:35:00+05:30,11003,11010,11003,11010,31
2026-09-10T14:40:00+05:30,11010,11016,11002,11016,271
2026-09-10T14:45:00+05:30,11016,11020,11008,11008,424
2026-09-10T14:50:00+05:30,11008,11011,11007,11010,37
2026-09-10T14:55:00+05:30,11010,11015,11000,11010,270
2026-09-10T15:00:00+05:30,11005,11029,11000,11028,994
2026-09-10T15:05:00+05:30,11028,11042,11013,11018,2373
2026-09-10T15:10:00+05:30,11020,11074,11000,11074,1778
2026-09-11T09:15:00+05:30,10990,10999,10922,10975,1033
2026-09-11T09:20:00+05:30,10975,10975,10925,10945,1116
2026-09-11T09:25:00+05:30,10945,10957,10922,10944,407
2026-09-11T09:30:00+05:30,10944,10954,10928,10953,359
2026-09-11T09:35:00+05:30,10958,11048,10954,11035,1398
2026-09-11T09:40:00+05:30,11034,11034,11017,11028,464
2026-09-11T09:45:00+05:30,11028,11030,11023,11029,357
2026-09-11T09:50:00+05:30,11029,11039,11017,11020,521
2026-09-11T09:55:00+05:30,11020,11036,11010,11023,612
2026-09-11T10:00:00+05:30,11023,11035,11021,11035,152
2026-09-11T10:05:00+05:30,11035,11049,11030,11048,239
2026-09-11T10:10:00+05:30,11049,11070,11049,11070,961
2026-09-11T10:15:00+05:30,11070,11146,11064,11118,4587
2026-09-11T10:20:00+05:30,11118,11120,11102,11103,757
2026-09-11T10:25:00+05:30,11103,11107,11067,11070,841
2026-09-11T10:30:00+05:30,11077,11098,11063,11091,710
2026-09-11T10:35:00+05:30,11098,11100,11085,11096,337
2026-09-11T10:40:00+05:30,11096,11096,11057,11073,530
2026-09-11T10:45:00+05:30,11073,11075,11049,11064,386
2026-09-11T10:50:00+05:30,11064,11064,11033,11043,666
2026-09-11T10:55:00+05:30,11045,11047,11020,11025,577
2026-09-11T11:00:00+05:30,11025,11049,11021,11031,802
2026-09-11T11:05:00+05:30,11031,11039,11026,11038,570
2026-09-11T11:10:00+05:30,11038,11041,11029,11040,385
2026-09-11T11:15:00+05:30,11040,11054,11034,11040,410
2026-09-11T11:20:00+05:30,11040,11049,11025,11025,409
2026-09-11T11:25:00+05:30,11025,11025,11018,11025,641
2026-09-11T11:30:00+05:30,11028,11033,11015,11024,477
2026-09-11T11:35:00+05:30,11024,11035,11016,11023,397
2026-09-11T11:40:00+05:30,11023,11036,11020,11032,432
2026-09-11T11:45:00+05:30,11032,11043,11022,11025,442
2026-09-11T11:50:00+05:30,11025,11035,11021,11030,302
2026-09-11T11:55:00+05:30,11030,11035,11016,11022,538
2026-09-11T12:00:00+05:30,11022,11033,11012,11025,361
2026-09-11T12:05:00+05:30,11025,11034,11013,11028,340
2026-09-11T12:10:00+05:30,11028,11034,11012,11014,547
2026-09-11T12:15:00+05:30,11014,11015,11003,11010,580
2026-09-11T12:20:00+05:30,11010,11035,11005,11030,905
2026-09-11T12:25:00+05:30,11030,11045,11030,11038,331
2026-09-11T12:30:00+05:30,11038,11040,11031,11039,228
2026-09-11T12:35:00+05:30,11039,11060,11030,11045,740
2026-09-11T12:40:00+05:30,11045,11050,11043,11044,200
2026-09-11T12:45:00+05:30,11044,11050,11040,11046,160
2026-09-11T12:50:00+05:30,11046,11046,11015,11028,861
2026-09-11T12:55:00+05:30,11028,11059,11028,11059,711
2026-09-11T13:00:00+05:30,11059,11059,11028,11028,675
2026-09-11T13:05:00+05:30,11028,11034,11022,11032,480
2026-09-11T13:10:00+05:30,11032,11045,11025,11045,924
2026-09-11T13:15:00+05:30,11045,11054,11045,11050,135
2026-09-11T13:20:00+05:30,11053,11055,11045,11054,366
2026-09-11T13:25:00+05:30,11054,11060,11048,11052,363
2026-09-11T13:30:00+05:30,11052,11060,11050,11054,466
2026-09-11T13:35:00+05:30,11060,11061,11048,11053,191
2026-09-11T13:40:00+05:30,11053,11058,11040,11048,626
2026-09-11T13:45:00+05:30,11048,11061,11040,11047,269
2026-09-11T13:50:00+05:30,11047,11070,11047,11070,620
2026-09-11T13:55:00+05:30,11070,11083,11070,11076,228
2026-09-11T14:00:00+05:30,11076,11105,11076,11095,458
2026-09-11T14:05:00+05:30,11095,11104,11089,11093,398
2026-09-11T14:10:00+05:30,11091,11100,11083,11100,464
2026-09-11T14:15:00+05:30,11100,11105,11099,11105,297
2026-09-11T14:20:00+05:30,11105,11105,11102,11105,1010
2026-09-11T14:25:00+05:30,11105,11120,11105,11113,609
2026-09-11T14:30:00+05:30,11113,11123,11112,11117,951
2026-09-11T14:35:00+05:30,11117,11124,11093,11106,452
2026-09-11T14:40:00+05:30,11106,11119,11106,11109,513
2026-09-11T14:45:00+05:30,11109,11109,11098,11109,426
2026-09-11T14:50:00+05:30,11109,11123,11105,11123,698
2026-09-11T14:55:00+05:30,11123,11123,11110,11122,1100
2026-09-11T15:00:00+05:30,11122,11122,11068,11093,3370
2026-09-11T15:05:00+05:30,11095,11111,11092,11110,947
2026-09-11T15:10:00+05:30,11109,11140,11056,11140,1849
2026-09-15T09:15:00+05:30,11134,11208,11109,11144,3040
2026-09-15T09:20:00+05:30,11147,11165,11109,11124,1375
2026-09-15T09:25:00+05:30,11124,11124,11101,11109,461
2026-09-15T09:30:00+05:30,11118,11119,11118,11119,7
