date,open,high,low,close,volume
2026-06-08T09:15:00+05:30,6571,6642.5,6556,6627.5,21791
2026-06-08T09:20:00+05:30,6627.5,6659,6624,6649,12162
2026-06-08T09:25:00+05:30,6644.5,6679,6627,6671.5,19209
2026-06-08T09:30:00+05:30,6672,6682,6662.5,6674.5,13059
2026-06-08T09:35:00+05:30,6676.5,6681.5,6647,6656,11594
2026-06-08T09:40:00+05:30,6659.5,6670,6654.5,6667.5,4080
2026-06-08T09:45:00+05:30,6670,6687,6656.5,6665,6307
2026-06-08T09:50:00+05:30,6665,6709.5,6665,6707,12643
2026-06-08T09:55:00+05:30,6703,6710,6675,6696,12471
2026-06-08T10:00:00+05:30,6695,6697,6671,6671,7835
2026-06-08T10:05:00+05:30,6671,6671,6657,6660,4285
2026-06-08T10:10:00+05:30,6660,6679,6659,6672,5672
2026-06-08T10:15:00+05:30,6672.5,6677,6668.5,6671.5,2337
2026-06-08T10:20:00+05:30,6671.5,6673.5,6661.5,6664.5,2450
2026-06-08T10:25:00+05:30,6664.5,6667,6651.5,6660.5,6870
2026-06-08T10:30:00+05:30,6660.5,6670,6634.5,6635.5,11426
2026-06-08T10:35:00+05:30,6634.5,6641,6634,6640,5479
2026-06-08T10:40:00+05:30,6640,6640.5,6626.5,6626.5,3422
2026-06-08T10:45:00+05:30,6626.5,6635,6621.5,6628.5,2895
2026-06-08T10:50:00+05:30,6628.5,6635,6604.5,6606.5,10111
2026-06-08T10:55:00+05:30,6606.5,6614.5,6597,6599,8414
2026-06-08T11:00:00+05:30,6599,6610.5,6598.5,6605.5,3808
2026-06-08T11:05:00+05:30,6605.5,6610,6602.5,6609,2456
2026-06-08T11:10:00+05:30,6609,6609,6602,6605.5,1809
2026-06-08T11:15:00+05:30,6605.5,6620.5,6605.5,6613,6072
2026-06-08T11:20:00+05:30,6613,6615.5,6608,6608,2550
2026-06-08T11:25:00+05:30,6608,6611,6603.5,6605,2276
2026-06-08T11:30:00+05:30,6605,6611,6602.5,6605,4148
2026-06-08T11:35:00+05:30,6605,6618,6605,6617.5,8210
2026-06-08T11:40:00+05:30,6617.5,6629,6615,6619,7244
2026-06-08T11:45:00+05:30,6619,6624.5,6617.5,6618,5062
2026-06-08T11:50:00+05:30,6618,6618,6605,6607,5741
2026-06-08T11:55:00+05:30,6609,6612.5,6602,6602.5,6619
2026-06-08T12:00:00+05:30,6602.5,6607.5,6601.5,6602,2103
2026-06-08T12:05:00+05:30,6602,6607,6598,6604,4331
2026-06-08T12:10:00+05:30,6604,6608,6593.5,6594,7935
2026-06-08T12:15:00+05:30,6594,6601,6591,6595,4249
2026-06-08T12:20:00+05:30,6595,6601,6593,6595.5,1807
2026-06-08T12:25:00+05:30,6593.5,6599.5,6593,6596,1624
2026-06-08T12:30:00+05:30,6596,6599.5,6594,6596.5,2052
2026-06-08T12:35:00+05:30,6596.5,6603,6594.5,6596.5,3859
2026-06-08T12:40:00+05:30,6596.5,6600,6593,6600,2250
2026-06-08T12:45:00+05:30,6597.5,6601,6595.5,6597,1889
2026-06-08T12:50:00+05:30,6597,6599.5,6586,6592.5,4045
2026-06-08T12:55:00+05:30,6592.5,6599,6587,6593,4544
2026-06-08T13:00:00+05:30,6593,6595,6585.5,6588,4979
2026-06-08T13:05:00+05:30,6588,6592.5,6585.5,6592.5,1521
2026-06-08T13:10:00+05:30,6592.5,6593,6585,6585,2270
2026-06-08T13:15:00+05:30,6585,6589,6581,6584,2762
2026-06-08T13:20:00+05:30,6584,6588.5,6575,6579,3453
2026-06-08T13:25:00+05:30,6576.5,6579.5,6568,6570,7769
2026-06-08T13:30:00+05:30,6570,6576,6566,6566,4892
2026-06-08T13:35:00+05:30,6566,6573.5,6566,6567.5,3168
2026-06-08T13:40:00+05:30,6570,6572,6561.5,6561.5,3038
2026-06-08T13:45:00+05:30,6560,6567.5,6556,6562,4051
2026-06-08T13:50:00+05:30,6562,6564.5,6547,6548,6588
2026-06-08T13:55:00+05:30,6548,6558,6547.5,6554,4902
2026-06-08T14:00:00+05:30,6552,6557,6546,6546,3767
2026-06-08T14:05:00+05:30,6546,6556.5,6546,6556.5,2498
2026-06-08T14:10:00+05:30,6556.5,6566.5,6555,6555,1975
2026-06-08T14:15:00+05:30,6554,6558.5,6552,6553.5,1088
2026-06-08T14:20:00+05:30,6557.5,6559.5,6552,6553,987
2026-06-08T14:25:00+05:30,6552.5,6556.5,6549,6549,2176
2026-06-08T14:30:00+05:30,6549,6551.5,6546.5,6546.5,1529
2026-06-08T14:35:00+05:30,6546.5,6555,6540,6549,9276
2026-06-08T14:40:00+05:30,6549,6550.5,6539,6546,3976
2026-06-08T14:45:00+05:30,6547.5,6551.5,6543,6546,6568
2026-06-08T14:50:00+05:30,6545.5,6548.5,6540,6542,5490
2026-06-08T14:55:00+05:30,6542,6551,6539,6551,8700
2026-06-08T15:00:00+05:30,6542,6542,6521,6529.5,8476
2026-06-08T15:05:00+05:30,6527.5,6533.5,6522.5,6531.5,8248
2026-06-08T15:10:00+05:30,6531.5,6532.5,6515,6520,16216
2026-06-08T15:15:00+05:30,6520,6521.5,6512,6521,12155
2026-06-08T15:20:00+05:30,6521,6522.5,6509,6518,16035
2026-06-08T15:25:00+05:30,6518,6535,6506,6513,16068
2026-06-09T09:15:00+05:30,6535,6606.5,6535,6587,20112
2026-06-09T09:20:00+05:30,6587,6592.5,6571.5,6591,5741
2026-06-09T09:25:00+05:30,6591,6595.5,6571,6580,5454
2026-06-09T09:30:00+05:30,6580,6636,6579.5,6616,16087
2026-06-09T09:35:00+05:30,6616,6729,6613,6712,59681
2026-06-09T09:40:00+05:30,6713.5,6720,6665,6710.5,35012
2026-06-09T09:45:00+05:30,6709,6784.5,6709,6773,64078
2026-06-09T09:50:00+05:30,6773,6790,6748,6751,31805
2026-06-09T09:55:00+05:30,6751,6764,6732.5,6736.5,16754
2026-06-09T10:00:00+05:30,6736.5,6755,6736.5,6737,10629
2026-06-09T10:05:00+05:30,6736,6759.5,6731.5,6747.5,11096
2026-06-09T10:10:00+05:30,6747.5,6758,6740,6742.5,8949
2026-06-09T10:15:00+05:30,6742,6773,6742,6750.5,17097
2026-06-09T10:20:00+05:30,6748,6759,6735,6737.5,6386
2026-06-09T10:25:00+05:30,6735,6741.5,6726.5,6735.5,9478
2026-06-09T10:30:00+05:30,6735.5,6745.5,6728,6729.5,6390
2026-06-09T10:35:00+05:30,6729.5,6735,6713,6718,8939
2026-06-09T10:40:00+05:30,6718,6724.5,6706.5,6722,12216
2026-06-09T10:45:00+05:30,6722,6745,6722,6737.5,8825
2026-06-09T10:50:00+05:30,6737.5,6744,6729,6738,5878
2026-06-09T10:55:00+05:30,6738,6739,6719.5,6720,4321
2026-06-09T11:00:00+05:30,6720,6741,6720,6737,7328
2026-06-09T11:05:00+05:30,6737,6745,6728,6734.5,7011
2026-06-09T11:10:00+05:30,6734.5,6737.5,6727,6727.5,3147
2026-06-09T11:15:00+05:30,6727,6734,6722.5,6729,5173
2026-06-09T11:20:00+05:30,6729,6730,6721,6726.5,5027
2026-06-09T11:25:00+05:30,6726.5,6739,6725.5,6739,4141
2026-06-09T11:30:00+05:30,6739,6746.5,6732.5,6733.5,10001
2026-06-09T11:35:00+05:30,6733.5,6741,6720,6724,9062
2026-06-09T11:40:00+05:30,6724,6724.5,6684.5,6695.5,39219
2026-06-09T11:45:00+05:30,6695,6700,6693,6697.5,9664
2026-06-09T11:50:00+05:30,6697,6740,6691.5,6737.5,17216
2026-06-09T11:55:00+05:30,6737.5,6757,6725,6729,36666
2026-06-09T12:00:00+05:30,6729,6730,6725,6725,21180
2026-06-09T12:05:00+05:30,6725,6737.5,6717.5,6737.5,9033
2026-06-09T12:10:00+05:30,6737.5,6749,6729,6748.5,11226
2026-06-09T12:15:00+05:30,6749,6756.5,6742,6749.5,7712
2026-06-09T12:20:00+05:30,6749.5,6755.5,6737.5,6741,7611
2026-06-09T12:25:00+05:30,6741,6745.5,6735,6740,4781
2026-06-09T12:30:00+05:30,6740,6748,6738,6742,3018
2026-06-09T12:35:00+05:30,6742,6742,6725,6725,14229
2026-06-09T12:40:00+05:30,6725,6732,6725,6727.5,6660
2026-06-09T12:45:00+05:30,6727.5,6728.5,6725,6725.5,13660
2026-06-09T12:50:00+05:30,6725.5,6729.5,6725,6725,13748
2026-06-09T12:55:00+05:30,6725,6725.5,6719,6723.5,5909
2026-06-09T13:00:00+05:30,6723.5,6730,6722,6728.5,1953
2026-06-09T13:05:00+05:30,6728.5,6730,6725,6727.5,2091
2026-06-09T13:10:00+05:30,6727.5,6729.5,6725,6727.5,1857
2026-06-09T13:15:00+05:30,6730,6731.5,6725,6725,4017
2026-06-09T13:20:00+05:30,6725,6732,6725,6727,2636
2026-06-09T13:25:00+05:30,6727,6733,6725,6730.5,4450
2026-06-09T13:30:00+05:30,6730.5,6744,6729,6738.5,3702
2026-06-09T13:35:00+05:30,6738.5,6740,6735.5,6738.5,2417
2026-06-09T13:40:00+05:30,6738.5,6746.5,6732,6736,4531
2026-06-09T13:45:00+05:30,6736,6743,6734,6736.5,4231
2026-06-09T13:50:00+05:30,6736.5,6740.5,6732,6737,5151
2026-06-09T13:55:00+05:30,6740.5,6742,6725,6738.5,5617
2026-06-09T14:00:00+05:30,6738.5,6745,6737,6742,3744
2026-06-09T14:05:00+05:30,6742,6759,6742,6750,7074
2026-06-09T14:10:00+05:30,6750,6752.5,6744,6749.5,4523
2026-06-09T14:15:00+05:30,6749,6757,6747.5,6749.5,4734
2026-06-09T14:20:00+05:30,6749.5,6753,6747.5,6750,3213
2026-06-09T14:25:00+05:30,6750,6756.5,6749.5,6753,3832
2026-06-09T14:30:00+05:30,6753,6764.5,6753,6753.5,12264
2026-06-09T14:35:00+05:30,6753.5,6761.5,6749,6759,14390
2026-06-09T14:40:00+05:30,6759,6764.5,6754,6754,13603
2026-06-09T14:45:00+05:30,6754,6758,6749,6751,10183
2026-06-09T14:50:00+05:30,6750.5,6762.5,6748.5,6757.5,15631
2026-06-09T14:55:00+05:30,6757.5,6758.5,6745,6753.5,15492
2026-06-09T15:00:00+05:30,6753.5,6753.5,6742,6747,19863
2026-06-09T15:05:00+05:30,6747,6750,6736,6746,21174
2026-06-09T15:10:00+05:30,6746,6750,6742,6749,17030
2026-06-09T15:15:00+05:30,6746.5,6773,6744,6764,34865
2026-06-09T15:20:00+05:30,6764,6770.5,6755,6760,21563
2026-06-09T15:25:00+05:30,6756.5,6774,6755,6759,8472
2026-06-10T09:15:00+05:30,6750,6815,6746.5,6781.5,12664
2026-06-10T09:20:00+05:30,6781.5,6786,6764,6767,6035
2026-06-10T09:25:00+05:30,6767,6769.5,6743,6755,6759
2026-06-10T09:30:00+05:30,6752.5,6762,6752,6758,4424
2026-06-10T09:35:00+05:30,6758,6765,6752.5,6762.5,11356
2026-06-10T09:40:00+05:30,6762.5,6778.5,6760,6777,3575
2026-06-10T09:45:00+05:30,6773.5,6782,6768.5,6771,5312
2026-06-10T09:50:00+05:30,6771.5,6771.5,6750,6756.5,8125
2026-06-10T09:55:00+05:30,6756.5,6765,6750.5,6756,7123
2026-06-10T10:00:00+05:30,6756,6768.5,6753,6763,9581
2026-06-10T10:05:00+05:30,6763,6779.5,6763,6772,8035
2026-06-10T10:10:00+05:30,6771,6777.5,6763,6767,5320
2026-06-10T10:15:00+05:30,6765.5,6771,6759,6763.5,8378
2026-06-10T10:20:00+05:30,6763.5,6776.5,6760,6773,5047
2026-06-10T10:25:00+05:30,6775,6799,6774.5,6786.5,10187
2026-06-10T10:30:00+05:30,6786.5,6794.5,6776,6794,4039
2026-06-10T10:35:00+05:30,6794,6798,6781,6783.5,5547
2026-06-10T10:40:00+05:30,6783.5,6794.5,6776.5,6791.5,7477
2026-06-10T10:45:00+05:30,6791.5,6791.5,6781,6790.5,3147
2026-06-10T10:50:00+05:30,6790.5,6803.5,6787.5,6787.5,6229
2026-06-10T10:55:00+05:30,6787.5,6793,6782.5,6787.5,2192
2026-06-10T11:00:00+05:30,6787.5,6790,6778,6779.5,2701
2026-06-10T11:05:00+05:30,6779.5,6805,6778,6805,5359
2026-06-10T11:10:00+05:30,6805,6810,6794.5,6802,11091
2026-06-10T11:15:00+05:30,6802,6805,6798,6800.5,7758
2026-06-10T11:20:00+05:30,6800.5,6806.5,6800,6806.5,4737
2026-06-10T11:25:00+05:30,6805.5,6808,6800,6800.5,2264
2026-06-10T11:30:00+05:30,6800.5,6810,6800,6802.5,4330
2026-06-10T11:35:00+05:30,6802.5,6808.5,6800,6800.5,6395
2026-06-10T11:40:00+05:30,6800.5,6800.5,6787,6800,13184
2026-06-10T11:45:00+05:30,6800,6802,6785.5,6795,8022
2026-06-10T11:50:00+05:30,6795,6798,6790,6795.5,1395
2026-06-10T11:55:00+05:30,6795.5,6796.5,6790,6790,1448
2026-06-10T12:00:00+05:30,6790,6790,6762.5,6765.5,5711
2026-06-10T12:05:00+05:30,6765,6774.5,6763,6765,1257
2026-06-10T12:10:00+05:30,6765,6774.5,6759,6770.5,3367
2026-06-10T12:15:00+05:30,6770.5,6773,6763.5,6768,1809
2026-06-10T12:20:00+05:30,6768,6768.5,6761.5,6762.5,1695
2026-06-10T12:25:00+05:30,6762.5,6770.5,6761.5,6763.5,2062
2026-06-10T12:30:00+05:30,6763.5,6770,6761.5,6770,2067
2026-06-10T12:35:00+05:30,6770,6770,6761.5,6762,2772
2026-06-10T12:40:00+05:30,6762,6762.5,6750.5,6754.5,2053
2026-06-10T12:45:00+05:30,6754.5,6760.5,6749,6751,2214
2026-06-10T12:50:00+05:30,6752,6755.5,6750,6753.5,2451
2026-06-10T12:55:00+05:30,6753.5,6757,6748.5,6755.5,1604
2026-06-10T13:00:00+05:30,6755.5,6760.5,6753.5,6753.5,1135
2026-06-10T13:05:00+05:30,6753.5,6755.5,6745.5,6749.5,2039
2026-06-10T13:10:00+05:30,6749.5,6750,6735,6740.5,3767
2026-06-10T13:15:00+05:30,6740.5,6743.5,6733.5,6735,896
2026-06-10T13:20:00+05:30,6735,6736.5,6718,6719,3982
2026-06-10T13:25:00+05:30,6719,6732,6714,6729,10440
2026-06-10T13:30:00+05:30,6729,6750,6727,6750,8228
2026-06-10T13:35:00+05:30,6744.5,6744.5,6729.5,6735,1114
2026-06-10T13:40:00+05:30,6733,6740,6733,6734.5,2458
2026-06-10T13:45:00+05:30,6735,6735,6731.5,6733,1047
2026-06-10T13:50:00+05:30,6733.5,6734,6726,6727,1009
2026-06-10T13:55:00+05:30,6727,6730,6722,6725.5,1363
2026-06-10T14:00:00+05:30,6725.5,6730,6722.5,6728.5,1736
2026-06-10T14:05:00+05:30,6728.5,6731,6723.5,6725,1203
2026-06-10T14:10:00+05:30,6725,6727.5,6718,6719.5,1350
2026-06-10T14:15:00+05:30,6719,6722,6716,6717.5,2154
2026-06-10T14:20:00+05:30,6717,6723,6716.5,6717,13469
2026-06-10T14:25:00+05:30,6716.5,6719.5,6711.5,6717,2844
2026-06-10T14:30:00+05:30,6717,6719,6706,6710,8393
2026-06-10T14:35:00+05:30,6710,6725,6704,6705,10340
2026-06-10T14:40:00+05:30,6705,6705,6670.5,6686,13705
2026-06-10T14:45:00+05:30,6686,6686,6668,6668,4521
2026-06-10T14:50:00+05:30,6668.5,6673,6657,6661.5,4632
2026-06-10T14:55:00+05:30,6665,6673,6660.5,6667,5795
2026-06-10T15:00:00+05:30,6664.5,6670,6662.5,6663.5,6041
2026-06-10T15:05:00+05:30,6659.5,6663.5,6646.5,6649,7605
2026-06-10T15:10:00+05:30,6649.5,6649.5,6632.5,6633,5190
2026-06-10T15:15:00+05:30,6632,6641.5,6610,6641,24979
2026-06-10T15:20:00+05:30,6640,6642,6630.5,6640,7750
2026-06-10T15:25:00+05:30,6640,6665,6640,6665,6754
2026-06-11T09:15:00+05:30,6635,6688,6625,6686,6332
2026-06-11T09:20:00+05:30,6690,6713,6679.5,6679.5,5678
2026-06-11T09:25:00+05:30,6679.5,6698.5,6673,6696,4570
2026-06-11T09:30:00+05:30,6696.5,6696.5,6668.5,6678,2866
2026-06-11T09:35:00+05:30,6678,6684,6669,6684,1307
2026-06-11T09:40:00+05:30,6684.5,6690,6678,6690,985
2026-06-11T09:45:00+05:30,6690,6696,6681.5,6686,1717
2026-06-11T09:50:00+05:30,6686,6687,6675,6679,1288
2026-06-11T09:55:00+05:30,6678.5,6683.5,6668.5,6677,2132
2026-06-11T10:00:00+05:30,6677,6680,6671,6671,390
2026-06-11T10:05:00+05:30,6671,6690.5,6670,6687.5,1178
2026-06-11T10:10:00+05:30,6687.5,6694.5,6687,6687.5,746
2026-06-11T10:15:00+05:30,6687.5,6694.5,6687.5,6693,329
2026-06-11T10:20:00+05:30,6693,6705,6687.5,6702,2669
2026-06-11T10:25:00+05:30,6706,6709.5,6701,6704,1286
2026-06-11T10:30:00+05:30,6704,6705,6698.5,6698.5,618
2026-06-11T10:35:00+05:30,6693.5,6702.5,6691,6699.5,647
2026-06-11T10:40:00+05:30,6699.5,6704,6695,6703.5,845
2026-06-11T10:45:00+05:30,6703.5,6709.5,6700,6704.5,1381
2026-06-11T10:50:00+05:30,6704.5,6704.5,6691.5,6695.5,970
2026-06-11T10:55:00+05:30,6696,6702,6693.5,6697.5,1043
2026-06-11T11:00:00+05:30,6697.5,6718,6697.5,6710,4342
2026-06-11T11:05:00+05:30,6711,6720,6702,6705,6831
2026-06-11T11:10:00+05:30,6705,6705,6696.5,6703,1363
2026-06-11T11:15:00+05:30,6702.5,6710,6696,6710,2570
2026-06-11T11:20:00+05:30,6710,6712,6705,6708,1152
2026-06-11T11:25:00+05:30,6708,6708.5,6693,6704.5,17514
2026-06-11T11:30:00+05:30,6704.5,6706.5,6697.5,6701.5,863
2026-06-11T11:35:00+05:30,6701.5,6707,6700,6702.5,588
2026-06-11T11:40:00+05:30,6702.5,6720,6702.5,6714.5,1491
2026-06-11T11:45:00+05:30,6714.5,6720,6711,6714.5,2603
2026-06-11T11:50:00+05:30,6716,6716,6700.5,6703,4716
2026-06-11T11:55:00+05:30,6703,6708,6700,6701.5,1400
2026-06-11T12:00:00+05:30,6701.5,6712,6701.5,6710,902
2026-06-11T12:05:00+05:30,6710,6712.5,6705.5,6707.5,675
2026-06-11T12:10:00+05:30,6707.5,6709,6700,6704.5,1371
2026-06-11T12:15:00+05:30,6704.5,6710,6703.5,6706,677
2026-06-11T12:20:00+05:30,6706,6709,6701.5,6708,535
2026-06-11T12:25:00+05:30,6708,6714,6704,6711,1382
2026-06-11T12:30:00+05:30,6708.5,6711,6702.5,6706,1069
2026-06-11T12:35:00+05:30,6710.5,6715.5,6696.5,6705.5,9225
2026-06-11T12:40:00+05:30,6705.5,6708,6701.5,6706,1198
2026-06-11T12:45:00+05:30,6706,6710,6696,6698,2017
2026-06-11T12:50:00+05:30,6700,6704.5,6697,6703.5,1445
2026-06-11T12:55:00+05:30,6703.5,6710,6701.5,6710,836
2026-06-11T13:00:00+05:30,6709,6715.5,6704.5,6710.5,2289
2026-06-11T13:05:00+05:30,6710.5,6712,6705.5,6705.5,1002
2026-06-11T13:10:00+05:30,6705.5,6709.5,6701,6704,1162
2026-06-11T13:15:00+05:30,6704.5,6707,6700,6705,974
2026-06-11T13:20:00+05:30,6705,6706,6697,6701,976
2026-06-11T13:25:00+05:30,6701,6701,6663,6676.5,27059
2026-06-11T13:30:00+05:30,6678.5,6685.5,6676,6680,1710
2026-06-11T13:35:00+05:30,6680.5,6684,6668,6670.5,3409
2026-06-11T13:40:00+05:30,6671,6675,6653,6663.5,2934
2026-06-11T13:45:00+05:30,6663.5,6669,6658.5,6666,2045
2026-06-11T13:50:00+05:30,6666,6675,6664,6675,1370
2026-06-11T13:55:00+05:30,6674.5,6674.5,6664,6666.5,1862
2026-06-11T14:00:00+05:30,6667.5,6672,6663.5,6670,1961
2026-06-11T14:05:00+05:30,6670,6670.5,6660.5,6662,1135
2026-06-11T14:10:00+05:30,6661.5,6669,6661,6665,1358
2026-06-11T14:15:00+05:30,6665,6668.5,6655.5,6659,1865
2026-06-11T14:20:00+05:30,6660,6660,6655,6657,1405
2026-06-11T14:25:00+05:30,6657,6669.5,6656,6669.5,4085
2026-06-11T14:30:00+05:30,6667.5,6674,6665,6668.5,1855
2026-06-11T14:35:00+05:30,6668,6669,6657,6659.5,1164
2026-06-11T14:40:00+05:30,6660,6660,6656,6657,3761
2026-06-11T14:45:00+05:30,6656,6658.5,6646,6658,2237
2026-06-11T14:50:00+05:30,6658,6658.5,6653,6658.5,1469
2026-06-11T14:55:00+05:30,6658.5,6660,6651,6657,1279
2026-06-11T15:00:00+05:30,6663.5,6663.5,6638,6638,12368
2026-06-11T15:05:00+05:30,6638.5,6652,6638.5,6648.5,9384
2026-06-11T15:10:00+05:30,6648.5,6650.5,6643.5,6650.5,4151
2026-06-11T15:15:00+05:30,6650,6664,6643.5,6658,8153
2026-06-11T15:20:00+05:30,6658.5,6670,6652.5,6669,9376
2026-06-11T15:25:00+05:30,6669,6676,6665,6676,8764
2026-06-12T09:15:00+05:30,6719.5,6738.5,6702,6703.5,8881
2026-06-12T09:20:00+05:30,6704.5,6707,6689,6689,1908
2026-06-12T09:25:00+05:30,6686,6700,6682.5,6690,1295
2026-06-12T09:30:00+05:30,6690,6697.5,6685.5,6694,1624
2026-06-12T09:35:00+05:30,6694,6694.5,6675,6675,2504
2026-06-12T09:40:00+05:30,6675,6683.5,6669.5,6669.5,806
2026-06-12T09:45:00+05:30,6670,6679.5,6667,6679.5,394
2026-06-12T09:50:00+05:30,6677,6678,6665,6666,1664
2026-06-12T09:55:00+05:30,6666,6669.5,6661.5,6665.5,501
2026-06-12T10:00:00+05:30,6665.5,6665.5,6630.5,6639,2188
2026-06-12T10:05:00+05:30,6640,6640.5,6630,6630,2623
2026-06-12T10:10:00+05:30,6630,6644,6626,6642.5,2683
2026-06-12T10:15:00+05:30,6648,6675.5,6644,6675.5,2375
2026-06-12T10:20:00+05:30,6673,6685,6672.5,6677,1754
2026-06-12T10:25:00+05:30,6677,6679.5,6672,6676.5,947
2026-06-12T10:30:00+05:30,6676.5,6687,6676.5,6685,849
2026-06-12T10:35:00+05:30,6684.5,6684.5,6680.5,6682,583
2026-06-12T10:40:00+05:30,6682,6684,6663,6665.5,778
2026-06-12T10:45:00+05:30,6665.5,6669.5,6660,6665,1251
2026-06-12T10:50:00+05:30,6665,6668,6660,6663.5,804
2026-06-12T10:55:00+05:30,6663.5,6668,6661.5,6663.5,596
2026-06-12T11:00:00+05:30,6663.5,6666,6659.5,6663.5,660
2026-06-12T11:05:00+05:30,6663.5,6666.5,6660,6660,1005
2026-06-12T11:10:00+05:30,6660,6665,6652.5,6660,1300
2026-06-12T11:15:00+05:30,6661,6673.5,6661,6673.5,605
2026-06-12T11:20:00+05:30,6674,6681,6670.5,6678,908
2026-06-12T11:25:00+05:30,6678,6684,6677.5,6679.5,607
2026-06-12T11:30:00+05:30,6683,6683.5,6677,6677,302
2026-06-12T11:35:00+05:30,6678,6681.5,6675,6676,89
2026-06-12T11:40:00+05:30,6676,6680,6674.5,6676.5,82
2026-06-12T11:45:00+05:30,6676.5,6678.5,6673.5,6675.5,231
2026-06-12T11:50:00+05:30,6675.5,6680,6673.5,6677,1859
2026-06-12T11:55:00+05:30,6677,6683.5,6677,6680,539
2026-06-12T12:00:00+05:30,6680,6682.5,6677.5,6680,169
2026-06-12T12:05:00+05:30,6680,6682,6674,6674.5,181
2026-06-12T12:10:00+05:30,6674.5,6674.5,6668,6668.5,349
2026-06-12T12:15:00+05:30,6668.5,6672,6666.5,6666.5,92
2026-06-12T12:20:00+05:30,6666.5,6667.5,6650,6651,2204
2026-06-12T12:25:00+05:30,6651,6660,6646,6650.5,3875
2026-06-12T12:30:00+05:30,6650,6650.5,6637,6637,2588
2026-06-12T12:35:00+05:30,6635.5,6642,6635.5,6638,470
2026-06-12T12:40:00+05:30,6640.5,6640.5,6633,6633,201
2026-06-12T12:45:00+05:30,6633,6635.5,6630,6633,1151
2026-06-12T12:50:00+05:30,6633,6633,6630,6630.5,190
2026-06-12T12:55:00+05:30,6630.5,6638.5,6630,6635.5,728
2026-06-12T13:00:00+05:30,6633,6638,6632,6635.5,814
2026-06-12T13:05:00+05:30,6635.5,6644,6634.5,6640,78
2026-06-12T13:10:00+05:30,6640,6651,6639,6643,1115
2026-06-12T13:15:00+05:30,6643,6644,6635.5,6640,228
2026-06-12T13:20:00+05:30,6640,6642.5,6633,6633.5,250
2026-06-12T13:25:00+05:30,6633.5,6651.5,6630,6647,2791
2026-06-12T13:30:00+05:30,6647.5,6654,6646,6652.5,1284
2026-06-12T13:35:00+05:30,6650,6655,6645.5,6651.5,1032
2026-06-12T13:40:00+05:30,6651.5,6658,6650,6652,1925
2026-06-12T13:45:00+05:30,6651.5,6660.5,6650,6657,3869
2026-06-12T13:50:00+05:30,6655,6664.5,6650.5,6661,1208
2026-06-12T13:55:00+05:30,6661,6662,6655,6660,2275
2026-06-12T14:00:00+05:30,6660,6667,6659,6664,1841
2026-06-12T14:05:00+05:30,6664,6665.5,6652.5,6654.5,4071
2026-06-12T14:10:00+05:30,6654.5,6661,6647.5,6651.5,5467
2026-06-12T14:15:00+05:30,6655,6664,6652,6660.5,2028
2026-06-12T14:20:00+05:30,6660.5,6663,6660,6660.5,803
2026-06-12T14:25:00+05:30,6660.5,6662.5,6640,6641,7907
2026-06-12T14:30:00+05:30,6644,6647.5,6634,6641,5992
2026-06-12T14:35:00+05:30,6640.5,6645.5,6636.5,6642.5,5084
2026-06-12T14:40:00+05:30,6643,6659,6643,6659,2004
2026-06-12T14:45:00+05:30,6656,6660.5,6651,6657.5,1630
2026-06-12T14:50:00+05:30,6653.5,6659.5,6640.5,6644.5,2469
2026-06-12T14:55:00+05:30,6644.5,6652.5,6632,6632.5,7545
2026-06-12T15:00:00+05:30,6633,6651.5,6622,6648,15224
2026-06-12T15:05:00+05:30,6648,6656,6642,6642,3775
2026-06-12T15:10:00+05:30,6638.5,6638.5,6630.5,6635,7608
2026-06-12T15:15:00+05:30,6635,6646.5,6632,6638.5,4488
2026-06-12T15:20:00+05:30,6638.5,6642.5,6632.5,6642.5,5322
2026-06-12T15:25:00+05:30,6642.5,6642.5,6632.5,6633,5121
2026-06-15T09:15:00+05:30,6651,6676.5,6613,6620,6173
2026-06-15T09:20:00+05:30,6619.5,6632,6610.5,6616,2756
2026-06-15T09:25:00+05:30,6615,6649,6613.5,6638,4055
2026-06-15T09:30:00+05:30,6639,6641,6625,6627,2506
2026-06-15T09:35:00+05:30,6629,6632,6618.5,6625,2253
2026-06-15T09:40:00+05:30,6622,6625,6618.5,6624.5,810
2026-06-15T09:45:00+05:30,6623,6631.5,6623,6628,849
2026-06-15T09:50:00+05:30,6628,6638,6625,6628.5,2244
2026-06-15T09:55:00+05:30,6625,6630.5,6625,6630,316
2026-06-15T10:00:00+05:30,6625,6627,6617.5,6624.5,1346
2026-06-15T10:05:00+05:30,6621.5,6623.5,6618,6618,614
2026-06-15T10:10:00+05:30,6622,6628.5,6619,6623.5,830
2026-06-15T10:15:00+05:30,6623.5,6627,6618.5,6623,1209
2026-06-15T10:20:00+05:30,6623,6641.5,6621,6640,2744
2026-06-15T10:25:00+05:30,6640.5,6658,6640.5,6650,4505
2026-06-15T10:30:00+05:30,6650,6653.5,6647.5,6652,858
2026-06-15T10:35:00+05:30,6653,6655,6648.5,6651.5,1033
2026-06-15T10:40:00+05:30,6651.5,6655,6646.5,6646.5,435
2026-06-15T10:45:00+05:30,6646.5,6653,6646.5,6652,986
2026-06-15T10:50:00+05:30,6652,6657,6650,6650,925
2026-06-15T10:55:00+05:30,6650,6659,6650,6658,986
2026-06-15T11:00:00+05:30,6657.5,6660,6653,6657,979
2026-06-15T11:05:00+05:30,6658.5,6659.5,6654,6654,578
2026-06-15T11:10:00+05:30,6656,6656,6645,6645,1226
2026-06-15T11:15:00+05:30,6646,6651.5,6640.5,6646.5,1630
2026-06-15T11:20:00+05:30,6648,6652.5,6646.5,6647.5,336
2026-06-15T11:25:00+05:30,6649,6657,6648,6657,1134
2026-06-15T11:30:00+05:30,6657,6658.5,6654,6656,770
2026-06-15T11:35:00+05:30,6656,6663,6655,6660,1239
2026-06-15T11:40:00+05:30,6660,6667,6660,6667,2056
2026-06-15T11:45:00+05:30,6667,6667,6661,6662,640
2026-06-15T11:50:00+05:30,6662,6664,6660,6660.5,734
2026-06-15T11:55:00+05:30,6660.5,6663,6646,6656.5,1865
2026-06-15T12:00:00+05:30,6656.5,6660,6653.5,6658.5,401
2026-06-15T12:05:00+05:30,6658.5,6660.5,6646,6647,3912
2026-06-15T12:10:00+05:30,6647,6648,6636.5,6645.5,2074
2026-06-15T12:15:00+05:30,6645.5,6646.5,6625.5,6629,6356
2026-06-15T12:20:00+05:30,6629,6633.5,6622,6632.5,2679
2026-06-15T12:25:00+05:30,6632.5,6641.5,6632,6638,1498
2026-06-15T12:30:00+05:30,6638,6642.5,6633,6639.5,3913
2026-06-15T12:35:00+05:30,6639.5,6642,6634,6634,1687
2026-06-15T12:40:00+05:30,6634,6635,6620,6625,7320
2026-06-15T12:45:00+05:30,6624.5,6625,6621,6624,1332
2026-06-15T12:50:00+05:30,6618,6620,6615,6619,1989
2026-06-15T12:55:00+05:30,6619,6619.5,6615,6615.5,1001
2026-06-15T13:00:00+05:30,6616.5,6620,6615,6619,1120
2026-06-15T13:05:00+05:30,6619,6620,6616.5,6618.5,832
2026-06-15T13:10:00+05:30,6618.5,6626,6618,6621.5,7057
2026-06-15T13:15:00+05:30,6621,6626.5,6621,6621,836
2026-06-15T13:20:00+05:30,6621,6624,6615,6619,1712
2026-06-15T13:25:00+05:30,6619,6620,6615,6619.5,1853
2026-06-15T13:30:00+05:30,6616.5,6624.5,6616,6618.5,1903
2026-06-15T13:35:00+05:30,6618.5,6620,6616,6619.5,1941
2026-06-15T13:40:00+05:30,6619.5,6620,6617,6617.5,1101
2026-06-15T13:45:00+05:30,6617.5,6620,6615.5,6618,932
2026-06-15T13:50:00+05:30,6619,6620,6615.5,6619.5,1851
2026-06-15T13:55:00+05:30,6619.5,6625,6617.5,6621.5,10808
2026-06-15T14:00:00+05:30,6621.5,6636,6621.5,6632,2762
2026-06-15T14:05:00+05:30,6632,6633,6628,6631,1092
2026-06-15T14:10:00+05:30,6631,6633,6615.5,6617,7250
2026-06-15T14:15:00+05:30,6617,6618,6612,6616,2019
2026-06-15T14:20:00+05:30,6616,6626,6616,6626,1075
2026-06-15T14:25:00+05:30,6626,6626,6615,6620,1492
2026-06-15T14:30:00+05:30,6618,6622,6616,6618.5,1756
2026-06-15T14:35:00+05:30,6615,6619,6614.5,6618,1502
2026-06-15T14:40:00+05:30,6615.5,6626,6615,6616,4237
2026-06-15T14:45:00+05:30,6615.5,6622.5,6615,6618,1322
2026-06-15T14:50:00+05:30,6620.5,6623.5,6615,6619,1336
2026-06-15T14:55:00+05:30,6619,6624.5,6615.5,6617.5,2181
2026-06-15T15:00:00+05:30,6618,6621,6601,6610.5,12242
2026-06-15T15:05:00+05:30,6610.5,6612,6600.5,6604,5665
2026-06-15T15:10:00+05:30,6604,6605.5,6592,6600,8272
2026-06-15T15:15:00+05:30,6600,6619,6600,6616,10424
2026-06-15T15:20:00+05:30,6615,6618.5,6612.5,6615.5,6355
2026-06-15T15:25:00+05:30,6615.5,6616,6608,6615,7268
2026-06-16T09:15:00+05:30,6620,6647.5,6616,6642.5,3756
2026-06-16T09:20:00+05:30,6635,6635,6608,6615.5,3786
2026-06-16T09:25:00+05:30,6615,6634.5,6615,6634.5,4218
2026-06-16T09:30:00+05:30,6635,6635,6616,6617,2689
2026-06-16T09:35:00+05:30,6617.5,6619,6600,6603,3400
2026-06-16T09:40:00+05:30,6603,6620,6593,6618,4105
2026-06-16T09:45:00+05:30,6616.5,6620,6608,6608.5,2715
2026-06-16T09:50:00+05:30,6608.5,6620,6606,6615,2063
2026-06-16T09:55:00+05:30,6615,6615.5,6602,6606,1134
2026-06-16T10:00:00+05:30,6606,6609,6595,6598,2417
2026-06-16T10:05:00+05:30,6598,6599.5,6590,6598,2913
2026-06-16T10:10:00+05:30,6598,6599,6589.5,6594,2034
2026-06-16T10:15:00+05:30,6593.5,6596,6590.5,6594.5,1147
2026-06-16T10:20:00+05:30,6596,6604.5,6595.5,6601.5,2160
2026-06-16T10:25:00+05:30,6601.5,6604.5,6599,6601,1591
2026-06-16T10:30:00+05:30,6600,6609,6600,6604.5,1342
2026-06-16T10:35:00+05:30,6604.5,6617.5,6600.5,6615,1786
2026-06-16T10:40:00+05:30,6615,6616,6611,6615,1309
2026-06-16T10:45:00+05:30,6612,6612.5,6605,6610.5,1106
2026-06-16T10:50:00+05:30,6612.5,6613.5,6605.5,6609,1749
2026-06-16T10:55:00+05:30,6608.5,6609.5,6602,6602.5,1934
2026-06-16T11:00:00+05:30,6602,6604.5,6600,6602.5,249
2026-06-16T11:05:00+05:30,6602,6605,6592.5,6593,3531
2026-06-16T11:10:00+05:30,6592.5,6594.5,6575,6578.5,6316
2026-06-16T11:15:00+05:30,6578.5,6583,6571,6578.5,4146
2026-06-16T11:20:00+05:30,6578.5,6582,6576.5,6580,4213
2026-06-16T11:25:00+05:30,6580,6581,6575.5,6581,1183
2026-06-16T11:30:00+05:30,6581,6603.5,6581,6603.5,7421
2026-06-16T11:35:00+05:30,6603.5,6615,6601.5,6609,2938
2026-06-16T11:40:00+05:30,6609,6618,6609,6617.5,2692
2026-06-16T11:45:00+05:30,6617.5,6628.5,6617.5,6624,4431
2026-06-16T11:50:00+05:30,6624,6660,6620.5,6659.5,7788
2026-06-16T11:55:00+05:30,6659.5,6662.5,6650,6657,3949
2026-06-16T12:00:00+05:30,6657,6665,6654,6659.5,4693
2026-06-16T12:05:00+05:30,6659.5,6665,6656.5,6665,2684
2026-06-16T12:10:00+05:30,6665,6673.5,6661.5,6665,8738
2026-06-16T12:15:00+05:30,6665,6679,6665,6671,3382
2026-06-16T12:20:00+05:30,6671,6689,6671,6686,5293
2026-06-16T12:25:00+05:30,6685,6686,6663,6668,7545
2026-06-16T12:30:00+05:30,6668,6673,6662.5,6670,8316
2026-06-16T12:35:00+05:30,6670,6672,6664,6670.5,2571
2026-06-16T12:40:00+05:30,6670.5,6672.5,6664,6672,2534
2026-06-16T12:45:00+05:30,6672,6675,6645,6664,17205
2026-06-16T12:50:00+05:30,6664,6665,6654,6656,2060
2026-06-16T12:55:00+05:30,6659.5,6659.5,6644.5,6648,2968
2026-06-16T13:00:00+05:30,6648.5,6651,6641.5,6649,2295
2026-06-16T13:05:00+05:30,6649,6652.5,6640,6652.5,1908
2026-06-16T13:10:00+05:30,6652.5,6659,6648.5,6651,2451
2026-06-16T13:15:00+05:30,6651,6671.5,6647.5,6665,2598
2026-06-16T13:20:00+05:30,6665,6672,6663.5,6670.5,2088
2026-06-16T13:25:00+05:30,6667.5,6673,6664,6665,1997
2026-06-16T13:30:00+05:30,6665,6667.5,6663,6664.5,560
2026-06-16T13:35:00+05:30,6664,6667,6658,6665,830
2026-06-16T13:40:00+05:30,6665,6689,6658.5,6685,7816
2026-06-16T13:45:00+05:30,6685,6700.5,6682,6691.5,16947
2026-06-16T13:50:00+05:30,6688.5,6699,6687,6693.5,3326
2026-06-16T13:55:00+05:30,6693,6715,6693,6708.5,12819
2026-06-16T14:00:00+05:30,6708.5,6722,6703,6716.5,10679
2026-06-16T14:05:00+05:30,6716.5,6728,6714,6724,7670
2026-06-16T14:10:00+05:30,6724,6727.5,6714.5,6722.5,10658
2026-06-16T14:15:00+05:30,6722.5,6729,6719,6729,3172
2026-06-16T14:20:00+05:30,6729,6730,6722,6727,4732
2026-06-16T14:25:00+05:30,6730.5,6732,6723,6727,3084
2026-06-16T14:30:00+05:30,6727,6732,6715.5,6718,3301
2026-06-16T14:35:00+05:30,6715,6718.5,6703.5,6706,4788
2026-06-16T14:40:00+05:30,6707.5,6711.5,6695,6697,4294
2026-06-16T14:45:00+05:30,6695,6700,6695,6697.5,1516
2026-06-16T14:50:00+05:30,6695.5,6700,6693.5,6698,1437
2026-06-16T14:55:00+05:30,6698,6700,6697.5,6700,3441
2026-06-16T15:00:00+05:30,6700,6716.5,6693.5,6701.5,14760
2026-06-16T15:05:00+05:30,6701.5,6712.5,6701.5,6708,3916
2026-06-16T15:10:00+05:30,6711.5,6717,6706,6714,4460
2026-06-16T15:15:00+05:30,6715.5,6718.5,6707.5,6714.5,10316
2026-06-16T15:20:00+05:30,6714.5,6729,6713,6724,7115
2026-06-16T15:25:00+05:30,6724,6732,6716,6730,7797
2026-06-17T09:15:00+05:30,6730,6759.5,6730,6741,7458
2026-06-17T09:20:00+05:30,6741,6749.5,6730.5,6731.5,3752
2026-06-17T09:25:00+05:30,6731.5,6734,6714.5,6720,5309
2026-06-17T09:30:00+05:30,6720,6720,6698,6700.5,3478
2026-06-17T09:35:00+05:30,6700,6705.5,6695.5,6702,2613
2026-06-17T09:40:00+05:30,6702.5,6708,6691,6695,4202
2026-06-17T09:45:00+05:30,6695,6695,6685,6693,2663
2026-06-17T09:50:00+05:30,6692.5,6694.5,6681.5,6689,4216
2026-06-17T09:55:00+05:30,6691.5,6700,6689.5,6699.5,2056
2026-06-17T10:00:00+05:30,6698.5,6713,6695.5,6702.5,3014
2026-06-17T10:05:00+05:30,6700,6703.5,6694.5,6700.5,1877
2026-06-17T10:10:00+05:30,6700,6706.5,6699,6706.5,1791
2026-06-17T10:15:00+05:30,6706.5,6706.5,6692,6695.5,3381
2026-06-17T10:20:00+05:30,6695.5,6700,6691.5,6696.5,2371
2026-06-17T10:25:00+05:30,6696.5,6700,6690,6690,2839
2026-06-17T10:30:00+05:30,6690,6690.5,6686,6690,3696
2026-06-17T10:35:00+05:30,6690,6691.5,6682,6690,17135
2026-06-17T10:40:00+05:30,6690,6690,6675,6681,9985
2026-06-17T10:45:00+05:30,6681,6685.5,6677,6684,11334
2026-06-17T10:50:00+05:30,6684,6688.5,6678.5,6678.5,1633
2026-06-17T10:55:00+05:30,6678.5,6687,6678,6678,1325
2026-06-17T11:00:00+05:30,6678,6685,6677,6684.5,1536
2026-06-17T11:05:00+05:30,6684.5,6684.5,6678.5,6679,2466
2026-06-17T11:10:00+05:30,6676.5,6679.5,6672.5,6679.5,1789
2026-06-17T11:15:00+05:30,6679.5,6680.5,6671,6675,2343
2026-06-17T11:20:00+05:30,6675,6678,6672.5,6672.5,1290
2026-06-17T11:25:00+05:30,6672.5,6683,6672.5,6679,1567
2026-06-17T11:30:00+05:30,6680.5,6689.5,6679,6685.5,2072
2026-06-17T11:35:00+05:30,6685.5,6690,6683,6686,2910
2026-06-17T11:40:00+05:30,6686,6688.5,6680,6683.5,1824
2026-06-17T11:45:00+05:30,6683.5,6684,6676.5,6676.5,3821
2026-06-17T11:50:00+05:30,6677,6678,6668,6672.5,3177
2026-06-17T11:55:00+05:30,6673.5,6675,6668.5,6670,12723
2026-06-17T12:00:00+05:30,6670,6676,6669.5,6674.5,10822
2026-06-17T12:05:00+05:30,6675,6675,6669,6671,1409
2026-06-17T12:10:00+05:30,6671,6677,6671,6677,2090
2026-06-17T12:15:00+05:30,6677,6680,6661,6678.5,6132
2026-06-17T12:20:00+05:30,6678.5,6682,6675,6678,7925
2026-06-17T12:25:00+05:30,6678,6682,6668,6668.5,4533
2026-06-17T12:30:00+05:30,6668.5,6668.5,6661.5,6665,3081
2026-06-17T12:35:00+05:30,6665,6674.5,6660,6667.5,2505
2026-06-17T12:40:00+05:30,6667.5,6675,6667.5,6670,1818
2026-06-17T12:45:00+05:30,6670,6677,6667,6671.5,3347
2026-06-17T12:50:00+05:30,6671.5,6675,6663.5,6663.5,1574
2026-06-17T12:55:00+05:30,6664,6670,6664,6666,1304
2026-06-17T13:00:00+05:30,6668,6668,6660,6662,1403
2026-06-17T13:05:00+05:30,6662,6667.5,6660.5,6661.5,1619
2026-06-17T13:10:00+05:30,6664.5,6667.5,6660,6663,1685
2026-06-17T13:15:00+05:30,6663,6667.5,6660,6664.5,1799
2026-06-17T13:20:00+05:30,6664.5,6666,6660.5,6661,1399
2026-06-17T13:25:00+05:30,6661,6665,6659.5,6660.5,1315
2026-06-17T13:30:00+05:30,6664,6664.5,6658.5,6659,1466
2026-06-17T13:35:00+05:30,6659,6665.5,6658,6661.5,1398
2026-06-17T13:40:00+05:30,6664.5,6666.5,6660,6661.5,1130
2026-06-17T13:45:00+05:30,6661,6664,6659,6660,1467
2026-06-17T13:50:00+05:30,6660,6668.5,6660,6668.5,1846
2026-06-17T13:55:00+05:30,6668.5,6668.5,6660.5,6660.5,1286
2026-06-17T14:00:00+05:30,6660.5,6670,6660.5,6664,1839
2026-06-17T14:05:00+05:30,6665.5,6666,6655,6656.5,1809
2026-06-17T14:10:00+05:30,6657.5,6662,6655,6657,1359
2026-06-17T14:15:00+05:30,6657,6660,6655,6659,1450
2026-06-17T14:20:00+05:30,6659,6659,6653,6655.5,1332
2026-06-17T14:25:00+05:30,6654,6655.5,6648,6649.5,3001
2026-06-17T14:30:00+05:30,6649.5,6656,6648.5,6652.5,1273
2026-06-17T14:35:00+05:30,6652.5,6653,6645.5,6645.5,1905
2026-06-17T14:40:00+05:30,6645.5,6649.5,6641,6644,2429
2026-06-17T14:45:00+05:30,6647.5,6647.5,6641,6643,1607
2026-06-17T14:50:00+05:30,6643,6648,6642,6643,2222
2026-06-17T14:55:00+05:30,6643,6655,6641,6653,2779
2026-06-17T15:00:00+05:30,6653,6669.5,6653,6666,6797
2026-06-17T15:05:00+05:30,6666.5,6671,6665.5,6665.5,4566
2026-06-17T15:10:00+05:30,6668.5,6670,6656.5,6656.5,5207
2026-06-17T15:15:00+05:30,6658.5,6664,6658.5,6662,6212
2026-06-17T15:20:00+05:30,6663.5,6664,6660,6664,5970
2026-06-17T15:25:00+05:30,6664,6666.5,6652,6659.5,6740
2026-06-18T09:15:00+05:30,6661.5,6663.5,6640.5,6652,2819
2026-06-18T09:20:00+05:30,6652,6671.5,6651.5,6664,2827
2026-06-18T09:25:00+05:30,6664,6675.5,6660.5,6667,4980
2026-06-18T09:30:00+05:30,6666.5,6669,6656,6658.5,4206
2026-06-18T09:35:00+05:30,6660.5,6661,6650.5,6654,2892
2026-06-18T09:40:00+05:30,6654,6664,6650,6660,1788
2026-06-18T09:45:00+05:30,6657,6660.5,6644.5,6648,2360
2026-06-18T09:50:00+05:30,6648,6659,6648,6652,1650
2026-06-18T09:55:00+05:30,6652,6657,6650,6655,526
2026-06-18T10:00:00+05:30,6655,6659.5,6650,6654,769
2026-06-18T10:05:00+05:30,6654,6660,6653,6653.5,858
2026-06-18T10:10:00+05:30,6653.5,6661.5,6651,6651,2513
2026-06-18T10:15:00+05:30,6653,6662,6651.5,6662,707
2026-06-18T10:20:00+05:30,6662,6675,6661.5,6666.5,6850
2026-06-18T10:25:00+05:30,6666.5,6670,6660.5,6666.5,5363
2026-06-18T10:30:00+05:30,6666,6666,6654.5,6663.5,2702
2026-06-18T10:35:00+05:30,6663.5,6666.5,6655,6655,1865
2026-06-18T10:40:00+05:30,6654.5,6665,6651,6660.5,2379
2026-06-18T10:45:00+05:30,6660.5,6665,6651,6655,3358
2026-06-18T10:50:00+05:30,6655.5,6662.5,6653,6656,2254
2026-06-18T10:55:00+05:30,6656,6665.5,6656,6665.5,3051
2026-06-18T11:00:00+05:30,6665.5,6665.5,6646,6647,12262
2026-06-18T11:05:00+05:30,6644.5,6653,6644,6647,19224
2026-06-18T11:10:00+05:30,6648.5,6649.5,6644.5,6644.5,2518
2026-06-18T11:15:00+05:30,6644.5,6650.5,6643,6645,1701
2026-06-18T11:20:00+05:30,6643.5,6644.5,6636,6639.5,3408
2026-06-18T11:25:00+05:30,6639.5,6643.5,6637,6643.5,1296
2026-06-18T11:30:00+05:30,6641,6650,6640.5,6649.5,2005
2026-06-18T11:35:00+05:30,6650,6650,6645,6647.5,1611
2026-06-18T11:40:00+05:30,6647,6648,6643,6647,788
2026-06-18T11:45:00+05:30,6647,6647.5,6638,6647,3740
2026-06-18T11:50:00+05:30,6647.5,6648,6639,6641,3300
2026-06-18T11:55:00+05:30,6643,6643.5,6637,6641.5,1392
2026-06-18T12:00:00+05:30,6641.5,6648,6640,6647.5,3016
2026-06-18T12:05:00+05:30,6646.5,6649,6643.5,6646.5,6263
2026-06-18T12:10:00+05:30,6646.5,6647,6641,6644.5,2114
2026-06-18T12:15:00+05:30,6645,6646.5,6642.5,6645,1024
2026-06-18T12:20:00+05:30,6645,6650,6642.5,6644,1043
2026-06-18T12:25:00+05:30,6644,6657,6644,6650,2093
2026-06-18T12:30:00+05:30,6651,6660,6650,6656,1629
2026-06-18T12:35:00+05:30,6656,6662,6648.5,6649,4233
2026-06-18T12:40:00+05:30,6649,6649,6645.5,6646.5,1623
2026-06-18T12:45:00+05:30,6646.5,6652.5,6646,6649,6392
2026-06-18T12:50:00+05:30,6649,6650,6646,6647.5,1841
2026-06-18T12:55:00+05:30,6647.5,6653,6645,6646,3470
2026-06-18T13:00:00+05:30,6646,6649.5,6645,6647.5,1325
2026-06-18T13:05:00+05:30,6649,6649,6641.5,6642.5,2636
2026-06-18T13:10:00+05:30,6642.5,6645.5,6641.5,6645.5,1173
2026-06-18T13:15:00+05:30,6645.5,6651.5,6641,6649.5,2780
2026-06-18T13:20:00+05:30,6649.5,6651,6646.5,6648,1073
2026-06-18T13:25:00+05:30,6648,6650,6644.5,6649.5,1966
2026-06-18T13:30:00+05:30,6650,6652,6647,6648.5,3946
2026-06-18T13:35:00+05:30,6648.5,6649,6645,6647.5,1902
2026-06-18T13:40:00+05:30,6647.5,6649,6644,6644,692
2026-06-18T13:45:00+05:30,6645.5,6650.5,6642.5,6645.5,1068
2026-06-18T13:50:00+05:30,6645.5,6648,6643,6644.5,820
2026-06-18T13:55:00+05:30,6644,6658.5,6643.5,6647.5,6329
2026-06-18T14:00:00+05:30,6647.5,6674.5,6647.5,6666,22943
2026-06-18T14:05:00+05:30,6666,6670,6656,6660.5,26795
2026-06-18T14:10:00+05:30,6660.5,6692,6659.5,6688.5,19794
2026-06-18T14:15:00+05:30,6688.5,6736.5,6688.5,6730.5,34492
2026-06-18T14:20:00+05:30,6730.5,6745,6722,6730,6075
2026-06-18T14:25:00+05:30,6730,6755,6730,6746.5,5614
2026-06-18T14:30:00+05:30,6746.5,6758,6726.5,6757.5,15037
2026-06-18T14:35:00+05:30,6757.5,6757.5,6737,6743.5,17116
2026-06-18T14:40:00+05:30,6743.5,6756,6742,6748,7443
2026-06-18T14:45:00+05:30,6748,6751,6739,6742,4400
2026-06-18T14:50:00+05:30,6742,6757,6737,6756,11755
2026-06-18T14:55:00+05:30,6756,6766,6752,6762,11365
2026-06-18T15:00:00+05:30,6763.5,6767,6761.5,6764.5,9912
2026-06-18T15:05:00+05:30,6765.5,6765.5,6760,6762,6908
2026-06-18T15:10:00+05:30,6762,6762,6757.5,6762,10255
2026-06-18T15:15:00+05:30,6761,6773.5,6756,6773,9043
2026-06-18T15:20:00+05:30,6770.5,6778,6770.5,6778,9140
2026-06-18T15:25:00+05:30,6779,6781.5,6765,6768,10728
2026-06-19T09:15:00+05:30,6790,6795,6755.5,6766,23747
2026-06-19T09:20:00+05:30,6766,6774,6758,6761,5246
2026-06-19T09:25:00+05:30,6761,6770,6757,6759.5,2131
2026-06-19T09:30:00+05:30,6761,6763.5,6752,6761,4171
2026-06-19T09:35:00+05:30,6761,6762,6745,6754,3233
2026-06-19T09:40:00+05:30,6754.5,6758,6744,6751.5,1818
2026-06-19T09:45:00+05:30,6751.5,6755.5,6740,6753,3144
2026-06-19T09:50:00+05:30,6751,6756.5,6749,6752.5,1251
2026-06-19T09:55:00+05:30,6755,6762.5,6754,6759.5,1221
2026-06-19T10:00:00+05:30,6759,6759.5,6748,6754,1114
2026-06-19T10:05:00+05:30,6753.5,6758.5,6749.5,6751,1446
2026-06-19T10:10:00+05:30,6751,6773,6751,6768.5,2430
2026-06-19T10:15:00+05:30,6766.5,6785,6764,6775,9470
2026-06-19T10:20:00+05:30,6775,6776.5,6761.5,6766,4351
2026-06-19T10:25:00+05:30,6766,6766,6751,6756,3591
2026-06-19T10:30:00+05:30,6757.5,6766,6755.5,6764.5,1200
2026-06-19T10:35:00+05:30,6761,6767,6758,6764.5,781
2026-06-19T10:40:00+05:30,6767,6769,6762.5,6765,1846
2026-06-19T10:45:00+05:30,6765,6771.5,6762.5,6771.5,3098
2026-06-19T10:50:00+05:30,6771.5,6771.5,6762.5,6762.5,914
2026-06-19T10:55:00+05:30,6765,6766,6755,6757,1816
2026-06-19T11:00:00+05:30,6755,6760,6755,6760,1014
2026-06-19T11:05:00+05:30,6760,6760,6755,6758.5,603
2026-06-19T11:10:00+05:30,6758.5,6759,6752.5,6755,814
2026-06-19T11:15:00+05:30,6755,6757.5,6745.5,6756.5,4028
2026-06-19T11:20:00+05:30,6757,6757,6747.5,6753,925
2026-06-19T11:25:00+05:30,6753,6753,6748,6751.5,427
2026-06-19T11:30:00+05:30,6750.5,6759.5,6748.5,6759,922
2026-06-19T11:35:00+05:30,6758,6763.5,6755,6757.5,1662
2026-06-19T11:40:00+05:30,6757.5,6758,6748.5,6750,4463
2026-06-19T11:45:00+05:30,6750,6750,6748,6750,3809
2026-06-19T11:50:00+05:30,6750,6750,6748.5,6750,728
2026-06-19T11:55:00+05:30,6750,6755.5,6746.5,6755.5,4033
2026-06-19T12:00:00+05:30,6755.5,6758,6751,6754,1125
2026-06-19T12:05:00+05:30,6754,6754.5,6747,6749,566
2026-06-19T12:10:00+05:30,6749,6760,6738.5,6741,3567
2026-06-19T12:15:00+05:30,6741,6749.5,6740,6741,5592
2026-06-19T12:20:00+05:30,6741,6747.5,6740,6743,7467
2026-06-19T12:25:00+05:30,6743,6745,6741,6741,310
2026-06-19T12:30:00+05:30,6741,6744.5,6741,6742,551
2026-06-19T12:35:00+05:30,6742,6755,6742,6748.5,10354
2026-06-19T12:40:00+05:30,6748.5,6752,6740.5,6750,17081
2026-06-19T12:45:00+05:30,6750,6758.5,6748,6751,5233
2026-06-19T12:50:00+05:30,6751,6754.5,6745,6750,1349
2026-06-19T12:55:00+05:30,6750,6750,6745,6747.5,576
2026-06-19T13:00:00+05:30,6747.5,6747.5,6742.5,6745,1067
2026-06-19T13:05:00+05:30,6745,6747,6736.5,6742.5,1099
2026-06-19T13:10:00+05:30,6742.5,6749,6739,6749,981
2026-06-19T13:15:00+05:30,6749,6753,6747,6749.5,2503
2026-06-19T13:20:00+05:30,6749.5,6756.5,6747,6754.5,5974
2026-06-19T13:25:00+05:30,6754.5,6757.5,6750,6752.5,1065
2026-06-19T13:30:00+05:30,6750,6770,6750,6761,15628
2026-06-19T13:35:00+05:30,6761,6761,6747.5,6750,2498
2026-06-19T13:40:00+05:30,6750,6750,6747.5,6748.5,504
2026-06-19T13:45:00+05:30,6748.5,6750,6748,6750,4055
2026-06-19T13:50:00+05:30,6750,6750,6747,6748.5,450
2026-06-19T13:55:00+05:30,6748.5,6750,6746,6750,385
2026-06-19T14:00:00+05:30,6750,6750,6745.5,6748,1101
2026-06-19T14:05:00+05:30,6748,6749,6730.5,6730.5,4532
2026-06-19T14:10:00+05:30,6735,6735,6730,6734.5,1547
2026-06-19T14:15:00+05:30,6735,6737.5,6730,6732,1743
2026-06-19T14:20:00+05:30,6732,6734,6720,6732,7797
2026-06-19T14:25:00+05:30,6729,6736,6728,6733,2204
2026-06-19T14:30:00+05:30,6734,6742.5,6730,6741.5,1384
2026-06-19T14:35:00+05:30,6742,6754,6737,6754,5207
2026-06-19T14:40:00+05:30,6754,6760,6749,6757.5,6022
2026-06-19T14:45:00+05:30,6757.5,6760,6743.5,6752,4731
2026-06-19T14:50:00+05:30,6752,6753,6728,6733.5,5041
2026-06-19T14:55:00+05:30,6735.5,6735.5,6728,6734,4194
2026-06-19T15:00:00+05:30,6728,6750,6716.5,6743,26370
2026-06-19T15:05:00+05:30,6742,6742.5,6730,6741,17778
2026-06-19T15:10:00+05:30,6742,6750,6741,6743.5,19188
2026-06-19T15:15:00+05:30,6744,6754,6735.5,6751,24057
2026-06-19T15:20:00+05:30,6751,6761,6741.5,6751.5,30087
2026-06-19T15:25:00+05:30,6751.5,6751.5,6735.5,6749.5,16575
2026-06-22T09:15:00+05:30,6755,6758,6735,6740.5,2989
2026-06-22T09:20:00+05:30,6740.5,6754.5,6730,6730,3016
2026-06-22T09:25:00+05:30,6731.5,6746,6714,6743.5,14108
2026-06-22T09:30:00+05:30,6743.5,6743.5,6725.5,6728.5,1034
2026-06-22T09:35:00+05:30,6728.5,6733.5,6724,6729.5,479
2026-06-22T09:40:00+05:30,6727,6729.5,6724.5,6724.5,372
2026-06-22T09:45:00+05:30,6724.5,6728.5,6722,6722,407
2026-06-22T09:50:00+05:30,6716,6725.5,6716,6721.5,1828
2026-06-22T09:55:00+05:30,6722.5,6728.5,6721,6725,503
2026-06-22T10:00:00+05:30,6725,6742,6725,6742,1286
2026-06-22T10:05:00+05:30,6742,6747.5,6737,6747,447
2026-06-22T10:10:00+05:30,6747,6749,6739,6739,601
2026-06-22T10:15:00+05:30,6739,6743.5,6736,6736,309
2026-06-22T10:20:00+05:30,6736,6749.5,6736,6744.5,742
2026-06-22T10:25:00+05:30,6747,6747,6739.5,6740,263
2026-06-22T10:30:00+05:30,6740,6744,6735.5,6740,561
2026-06-22T10:35:00+05:30,6740,6743.5,6736,6738,922
2026-06-22T10:40:00+05:30,6738,6739.5,6727,6731.5,1236
2026-06-22T10:45:00+05:30,6731.5,6732.5,6726,6732.5,224
2026-06-22T10:50:00+05:30,6732.5,6732.5,6727,6732,265
2026-06-22T10:55:00+05:30,6732,6739,6728,6739,846
2026-06-22T11:00:00+05:30,6743,6745,6737,6740,571
2026-06-22T11:05:00+05:30,6739.5,6740.5,6730,6730,770
2026-06-22T11:10:00+05:30,6730,6732,6727.5,6730,171
2026-06-22T11:15:00+05:30,6730,6734,6724,6726.5,640
2026-06-22T11:20:00+05:30,6726.5,6729.5,6722,6729.5,377
2026-06-22T11:25:00+05:30,6729.5,6729.5,6722,6722,1057
2026-06-22T11:30:00+05:30,6722,6734.5,6721,6730.5,1702
2026-06-22T11:35:00+05:30,6730.5,6743.5,6730,6739,1081
2026-06-22T11:40:00+05:30,6739,6740.5,6731,6738,320
2026-06-22T11:45:00+05:30,6738,6745,6737.5,6743,775
2026-06-22T11:50:00+05:30,6743,6746,6739,6739,1385
2026-06-22T11:55:00+05:30,6739,6745,6739,6740,367
2026-06-22T12:00:00+05:30,6740,6747,6737,6737,3809
2026-06-22T12:05:00+05:30,6737,6739.5,6728,6729.5,664
2026-06-22T12:10:00+05:30,6729.5,6733.5,6728,6730,296
2026-06-22T12:15:00+05:30,6730,6740,6728,6731,11926
2026-06-22T12:20:00+05:30,6731,6733.5,6725,6729.5,2248
2026-06-22T12:25:00+05:30,6729.5,6730,6727,6729.5,215
2026-06-22T12:30:00+05:30,6729.5,6730,6729,6729,585
2026-06-22T12:35:00+05:30,6727,6731,6723,6730,10507
2026-06-22T12:40:00+05:30,6730,6730,6726,6729.5,2145
2026-06-22T12:45:00+05:30,6729.5,6732,6727.5,6728.5,2631
2026-06-22T12:50:00+05:30,6728.5,6732,6728.5,6730,2327
2026-06-22T12:55:00+05:30,6730,6730,6728.5,6730,706
2026-06-22T13:00:00+05:30,6730,6730,6728.5,6730,1483
2026-06-22T13:05:00+05:30,6730,6730,6728.5,6730,1207
2026-06-22T13:10:00+05:30,6730,6730,6726.5,6730,338
2026-06-22T13:15:00+05:30,6730,6733,6728,6730.5,1576
2026-06-22T13:20:00+05:30,6732.5,6741.5,6730.5,6741.5,908
2026-06-22T13:25:00+05:30,6741.5,6745,6734.5,6737.5,1017
2026-06-22T13:30:00+05:30,6737.5,6739.5,6734.5,6739.5,420
2026-06-22T13:35:00+05:30,6739.5,6758,6739.5,6751,1435
2026-06-22T13:40:00+05:30,6751,6764,6750.5,6755,1834
2026-06-22T13:45:00+05:30,6759,6764.5,6755,6763,546
2026-06-22T13:50:00+05:30,6762,6765.5,6761,6763,471
2026-06-22T13:55:00+05:30,6763,6766,6756,6759,1815
2026-06-22T14:00:00+05:30,6759.5,6761,6754.5,6757.5,873
2026-06-22T14:05:00+05:30,6757.5,6761,6755.5,6756.5,542
2026-06-22T14:10:00+05:30,6756.5,6760,6756,6759.5,371
2026-06-22T14:15:00+05:30,6759.5,6759.5,6747,6754,3723
2026-06-22T14:20:00+05:30,6754,6760.5,6747.5,6751,12706
2026-06-22T14:25:00+05:30,6751,6754.5,6750,6754.5,414
2026-06-22T14:30:00+05:30,6755.5,6772.5,6750,6765,2601
2026-06-22T14:35:00+05:30,6765,6775,6765,6770,1672
2026-06-22T14:40:00+05:30,6770,6778,6770,6778,2725
2026-06-22T14:45:00+05:30,6778,6782.5,6771.5,6781.5,4134
2026-06-22T14:50:00+05:30,6781,6787.5,6778,6782.5,4100
2026-06-22T14:55:00+05:30,6782.5,6783.5,6772,6778,3265
2026-06-22T15:00:00+05:30,6778.5,6796.5,6778.5,6796,16191
2026-06-22T15:05:00+05:30,6796,6798,6789.5,6795.5,16761
2026-06-22T15:10:00+05:30,6795.5,6799,6788.5,6792,16629
2026-06-22T15:15:00+05:30,6792,6794.5,6769.5,6782.5,18056
2026-06-22T15:20:00+05:30,6777,6785.5,6776,6782.5,20651
2026-06-22T15:25:00+05:30,6782,6788,6767,6785,14028
2026-06-23T09:15:00+05:30,6790,6835,6775,6827,17283
2026-06-23T09:20:00+05:30,6825.5,6844,6819.5,6822,9462
2026-06-23T09:25:00+05:30,6822.5,6865,6822.5,6862.5,21890
2026-06-23T09:30:00+05:30,6867,6881,6852,6875.5,18334
2026-06-23T09:35:00+05:30,6873,6887.5,6866.5,6872,11655
2026-06-23T09:40:00+05:30,6870.5,6874,6857.5,6858,8195
2026-06-23T09:45:00+05:30,6862,6880,6860,6875,19204
2026-06-23T09:50:00+05:30,6874,6878.5,6868,6870.5,5708
2026-06-23T09:55:00+05:30,6869.5,6876.5,6867,6869.5,3453
2026-06-23T10:00:00+05:30,6870.5,6875.5,6858,6858,3061
2026-06-23T10:05:00+05:30,6858,6868,6851,6863,8393
2026-06-23T10:10:00+05:30,6860,6868,6859.5,6860.5,3600
2026-06-23T10:15:00+05:30,6860,6860,6852,6854.5,3659
2026-06-23T10:20:00+05:30,6856,6865,6853,6860,1597
2026-06-23T10:25:00+05:30,6862,6867.5,6857,6864.5,3181
2026-06-23T10:30:00+05:30,6867,6867,6852,6854.5,2920
2026-06-23T10:35:00+05:30,6856.5,6861.5,6845,6857,4482
2026-06-23T10:40:00+05:30,6857,6857,6835,6839.5,3974
2026-06-23T10:45:00+05:30,6841.5,6841.5,6834,6835.5,1273
2026-06-23T10:50:00+05:30,6835.5,6838,6830,6836,3316
2026-06-23T10:55:00+05:30,6836.5,6842.5,6832,6841,1622
2026-06-23T11:00:00+05:30,6837,6865,6837,6860,2253
2026-06-23T11:05:00+05:30,6860,6861.5,6852,6852,1997
2026-06-23T11:10:00+05:30,6852,6864,6852,6858,983
2026-06-23T11:15:00+05:30,6858,6862,6854,6861,951
2026-06-23T11:20:00+05:30,6861,6862.5,6855,6856,1614
2026-06-23T11:25:00+05:30,6856,6860,6833,6835,5223
2026-06-23T11:30:00+05:30,6835,6836.5,6825.5,6831,3655
2026-06-23T11:35:00+05:30,6831,6832,6826,6826,1106
2026-06-23T11:40:00+05:30,6826,6827,6812,6820,4360
2026-06-23T11:45:00+05:30,6820,6820,6801,6810,4876
2026-06-23T11:50:00+05:30,6810,6810.5,6801,6806,2447
2026-06-23T11:55:00+05:30,6806,6806,6780,6780,5514
2026-06-23T12:00:00+05:30,6780,6788,6769,6785.5,7065
2026-06-23T12:05:00+05:30,6785.5,6786,6776.5,6777,1471
2026-06-23T12:10:00+05:30,6777,6785.5,6770,6773,1989
2026-06-23T12:15:00+05:30,6772,6776.5,6770.5,6774,910
2026-06-23T12:20:00+05:30,6774,6774,6761.5,6764,1121
2026-06-23T12:25:00+05:30,6764,6774,6764,6769,949
2026-06-23T12:30:00+05:30,6769,6777.5,6765,6768,2111
2026-06-23T12:35:00+05:30,6768,6770,6761,6766.5,4729
2026-06-23T12:40:00+05:30,6766,6766.5,6760.5,6762,685
2026-06-23T12:45:00+05:30,6762,6764.5,6751,6751,1529
2026-06-23T12:50:00+05:30,6753,6753,6745,6747.5,9363
2026-06-23T12:55:00+05:30,6745.5,6750.5,6744,6747,1123
2026-06-23T13:00:00+05:30,6747,6747,6730.5,6731,2385
2026-06-23T13:05:00+05:30,6731,6737.5,6731,6736,1213
2026-06-23T13:10:00+05:30,6736,6736,6730,6732,536
2026-06-23T13:15:00+05:30,6732,6745,6727,6739.5,5258
2026-06-23T13:20:00+05:30,6740.5,6749,6740.5,6746.5,504
2026-06-23T13:25:00+05:30,6746.5,6749.5,6742.5,6745,695
2026-06-23T13:30:00+05:30,6746,6746,6732.5,6735,1720
2026-06-23T13:35:00+05:30,6735,6737.5,6731,6737.5,400
2026-06-23T13:40:00+05:30,6736,6747,6735.5,6744,561
2026-06-23T13:45:00+05:30,6744,6748,6736.5,6746,1470
2026-06-23T13:50:00+05:30,6746,6746,6736,6738,370
2026-06-23T13:55:00+05:30,6738,6741,6731.5,6733,932
2026-06-23T14:00:00+05:30,6731.5,6750.5,6731.5,6750.5,382
2026-06-23T14:05:00+05:30,6750.5,6753,6741,6745,1444
2026-06-23T14:10:00+05:30,6747,6751.5,6745,6749,1038
2026-06-23T14:15:00+05:30,6749,6758.5,6749,6750,739
2026-06-23T14:20:00+05:30,6750,6757.5,6748.5,6754,626
2026-06-23T14:25:00+05:30,6754,6756,6750.5,6751.5,573
2026-06-23T14:30:00+05:30,6751.5,6756,6747,6747,566
2026-06-23T14:35:00+05:30,6747,6748.5,6742,6746.5,337
2026-06-23T14:40:00+05:30,6746.5,6762,6742,6754,1954
2026-06-23T14:45:00+05:30,6754,6764,6754,6764,2325
2026-06-23T14:50:00+05:30,6761.5,6770,6761,6768,2851
2026-06-23T14:55:00+05:30,6768,6776.5,6768,6769,3467
2026-06-23T15:00:00+05:30,6769,6776,6740.5,6753,9791
2026-06-23T15:05:00+05:30,6753,6759.5,6750,6754.5,6486
2026-06-23T15:10:00+05:30,6754.5,6755,6748,6751.5,4083
2026-06-23T15:15:00+05:30,6751.5,6751.5,6736.5,6739,5123
2026-06-23T15:20:00+05:30,6739,6747.5,6738,6743,6902
2026-06-23T15:25:00+05:30,6743,6753,6735,6753,6009
2026-06-24T09:15:00+05:30,6750,6825,6750,6820,15077
2026-06-24T09:20:00+05:30,6820,6820,6795,6795,4681
2026-06-24T09:25:00+05:30,6795,6805,6791,6799.5,2405
2026-06-24T09:30:00+05:30,6799.5,6801,6776.5,6777,3726
2026-06-24T09:35:00+05:30,6777,6780.5,6771,6779,2357
2026-06-24T09:40:00+05:30,6779,6780.5,6762.5,6765.5,1865
2026-06-24T09:45:00+05:30,6762.5,6763.5,6735,6735,3217
2026-06-24T09:50:00+05:30,6738,6750,6732,6750,2319
2026-06-24T09:55:00+05:30,6750,6754,6744.5,6745,2035
2026-06-24T10:00:00+05:30,6749.5,6749.5,6735.5,6742.5,2381
2026-06-24T10:05:00+05:30,6742.5,6742.5,6733,6735.5,881
2026-06-24T10:10:00+05:30,6735.5,6743.5,6733,6734,2091
2026-06-24T10:15:00+05:30,6734,6736.5,6725,6731,2610
2026-06-24T10:20:00+05:30,6733,6746.5,6729.5,6744.5,1713
2026-06-24T10:25:00+05:30,6745.5,6755,6742,6742,3002
2026-06-24T10:30:00+05:30,6742,6754,6741.5,6750.5,1615
2026-06-24T10:35:00+05:30,6748,6751.5,6736.5,6740,2768
2026-06-24T10:40:00+05:30,6740,6748.5,6738,6748.5,822
2026-06-24T10:45:00+05:30,6748.5,6752,6735.5,6736.5,1489
2026-06-24T10:50:00+05:30,6736.5,6743,6731,6739,1988
2026-06-24T10:55:00+05:30,6739,6751.5,6735,6745,4385
2026-06-24T11:00:00+05:30,6745,6753.5,6739.5,6745,2068
2026-06-24T11:05:00+05:30,6748,6748,6730,6737,12964
2026-06-24T11:10:00+05:30,6736.5,6740.5,6731,6735,3547
2026-06-24T11:15:00+05:30,6735,6736.5,6732,6734.5,988
2026-06-24T11:20:00+05:30,6735.5,6747.5,6730.5,6746.5,1840
2026-06-24T11:25:00+05:30,6746.5,6753.5,6740.5,6749.5,1912
2026-06-24T11:30:00+05:30,6749.5,6752,6745,6752,1253
2026-06-24T11:35:00+05:30,6749,6755.5,6749,6754.5,1120
2026-06-24T11:40:00+05:30,6754.5,6755.5,6740,6746,5547
2026-06-24T11:45:00+05:30,6745.5,6749.5,6735,6735.5,11540
2026-06-24T11:50:00+05:30,6735.5,6750,6735.5,6738.5,4107
2026-06-24T11:55:00+05:30,6737.5,6742,6735,6737,1018
2026-06-24T12:00:00+05:30,6737,6751.5,6735,6750,12576
2026-06-24T12:05:00+05:30,6750,6753.5,6747.5,6750.5,596
2026-06-24T12:10:00+05:30,6753.5,6753.5,6749.5,6749.5,909
2026-06-24T12:15:00+05:30,6749.5,6754.5,6749.5,6754.5,1091
2026-06-24T12:20:00+05:30,6754.5,6758,6751,6751,1763
2026-06-24T12:25:00+05:30,6752,6755,6745,6750,4143
2026-06-24T12:30:00+05:30,6750,6752,6745.5,6749.5,6186
2026-06-24T12:35:00+05:30,6749.5,6758.5,6748,6758,7059
2026-06-24T12:40:00+05:30,6758,6759,6752.5,6754.5,1907
2026-06-24T12:45:00+05:30,6754.5,6755,6750.5,6754.5,846
2026-06-24T12:50:00+05:30,6754.5,6757,6751,6753.5,989
2026-06-24T12:55:00+05:30,6752.5,6755,6752,6753.5,385
2026-06-24T13:00:00+05:30,6753.5,6759,6753.5,6759,902
2026-06-24T13:05:00+05:30,6756.5,6759,6755,6759,721
2026-06-24T13:10:00+05:30,6759,6759,6754.5,6757,1358
2026-06-24T13:15:00+05:30,6757,6770,6756.5,6769,3042
2026-06-24T13:20:00+05:30,6769,6770,6760,6762,1372
2026-06-24T13:25:00+05:30,6762,6762,6755,6756.5,1970
2026-06-24T13:30:00+05:30,6756.5,6759,6752,6755,1887
2026-06-24T13:35:00+05:30,6755,6757,6742,6742,4209
2026-06-24T13:40:00+05:30,6741.5,6745.5,6734,6741.5,3618
2026-06-24T13:45:00+05:30,6741.5,6757,6739,6753,5559
2026-06-24T13:50:00+05:30,6753,6758,6750,6750.5,961
2026-06-24T13:55:00+05:30,6750.5,6770,6750.5,6765,3381
2026-06-24T14:00:00+05:30,6765,6770,6762,6769.5,1709
2026-06-24T14:05:00+05:30,6769.5,6778,6768.5,6776,2291
2026-06-24T14:10:00+05:30,6775.5,6784.5,6773,6783,2285
2026-06-24T14:15:00+05:30,6786,6786,6771,6774,2083
2026-06-24T14:20:00+05:30,6774,6778,6771,6777,1803
2026-06-24T14:25:00+05:30,6777,6777,6760.5,6761,4432
2026-06-24T14:30:00+05:30,6763,6768,6762,6766,1704
2026-06-24T14:35:00+05:30,6766.5,6768,6762,6767,2440
2026-06-24T14:40:00+05:30,6765,6773.5,6765,6772,2661
2026-06-24T14:45:00+05:30,6770.5,6772,6762.5,6766,2697
2026-06-24T14:50:00+05:30,6766,6771,6766,6769.5,1925
2026-06-24T14:55:00+05:30,6770,6770,6760.5,6764,3308
2026-06-24T15:00:00+05:30,6760,6768.5,6755.5,6766,7470
2026-06-24T15:05:00+05:30,6765.5,6766.5,6758.5,6762,4307
2026-06-24T15:10:00+05:30,6762,6762.5,6744.5,6747.5,9416
2026-06-24T15:15:00+05:30,6746.5,6755,6743.5,6748,8630
2026-06-24T15:20:00+05:30,6747,6749,6742,6743.5,3925
2026-06-24T15:25:00+05:30,6743.5,6758,6742.5,6754,10566
2026-06-25T09:15:00+05:30,6760,6761.5,6730.5,6750,4733
2026-06-25T09:20:00+05:30,6749.5,6749.5,6730,6741.5,1689
2026-06-25T09:25:00+05:30,6743,6744,6726,6734,1806
2026-06-25T09:30:00+05:30,6734,6742.5,6734,6740.5,608
2026-06-25T09:35:00+05:30,6740.5,6742,6732.5,6737.5,1604
2026-06-25T09:40:00+05:30,6740.5,6749,6738.5,6745.5,951
2026-06-25T09:45:00+05:30,6745.5,6757.5,6732.5,6741,2182
2026-06-25T09:50:00+05:30,6741,6745.5,6737.5,6744,406
2026-06-25T09:55:00+05:30,6744,6744,6715,6718.5,3990
2026-06-25T10:00:00+05:30,6716,6724.5,6712.5,6713,1596
2026-06-25T10:05:00+05:30,6712.5,6713,6705,6709.5,5545
2026-06-25T10:10:00+05:30,6710.5,6711,6702,6703,1895
2026-06-25T10:15:00+05:30,6702,6713,6701,6708.5,3177
2026-06-25T10:20:00+05:30,6708,6718.5,6707.5,6714,2439
2026-06-25T10:25:00+05:30,6711,6724,6710,6717.5,1369
2026-06-25T10:30:00+05:30,6717.5,6731,6709.5,6727.5,2109
2026-06-25T10:35:00+05:30,6727.5,6731,6707,6708,8523
2026-06-25T10:40:00+05:30,6708,6716.5,6696,6701,11240
2026-06-25T10:45:00+05:30,6700.5,6718.5,6698.5,6714,3463
2026-06-25T10:50:00+05:30,6714,6725,6714,6720,2721
2026-06-25T10:55:00+05:30,6717,6724,6715,6719.5,1437
2026-06-25T11:00:00+05:30,6719.5,6723.5,6715,6719.5,1753
2026-06-25T11:05:00+05:30,6716.5,6719.5,6715,6716.5,1552
2026-06-25T11:10:00+05:30,6718,6726,6715,6719.5,1686
2026-06-25T11:15:00+05:30,6722,6722,6710,6710.5,2055
2026-06-25T11:20:00+05:30,6710.5,6727.5,6710,6725,2619
2026-06-25T11:25:00+05:30,6725,6730,6724,6724.5,1051
2026-06-25T11:30:00+05:30,6727,6737.5,6725,6736,2337
2026-06-25T11:35:00+05:30,6733.5,6736.5,6719.5,6723.5,1412
2026-06-25T11:40:00+05:30,6723.5,6723.5,6714.5,6716,1927
2026-06-25T11:45:00+05:30,6716,6719.5,6710,6714,2238
2026-06-25T11:50:00+05:30,6714,6716.5,6712,6713.5,1125
2026-06-25T11:55:00+05:30,6713.5,6718,6710,6711,1977
2026-06-25T12:00:00+05:30,6711,6717.5,6700,6700.5,7223
2026-06-25T12:05:00+05:30,6700.5,6704,6695.5,6696.5,5122
2026-06-25T12:10:00+05:30,6696.5,6705,6696.5,6700,7070
2026-06-25T12:15:00+05:30,6700,6706.5,6700,6705,2032
2026-06-25T12:20:00+05:30,6705,6713,6699.5,6700,12909
2026-06-25T12:25:00+05:30,6701.5,6705,6696,6700,5471
2026-06-25T12:30:00+05:30,6702.5,6716.5,6698.5,6714,5202
2026-06-25T12:35:00+05:30,6714,6723.5,6709,6712,5779
2026-06-25T12:40:00+05:30,6712,6715.5,6705,6709.5,1565
2026-06-25T12:45:00+05:30,6709.5,6710,6708,6708,702
2026-06-25T12:50:00+05:30,6708.5,6715.5,6705.5,6708.5,2286
2026-06-25T12:55:00+05:30,6708.5,6708.5,6698.5,6704.5,1883
2026-06-25T13:00:00+05:30,6703.5,6706,6695.5,6706,3123
2026-06-25T13:05:00+05:30,6703.5,6712,6701,6711.5,719
2026-06-25T13:10:00+05:30,6710,6711.5,6698,6698,878
2026-06-25T13:15:00+05:30,6698.5,6700,6696.5,6697.5,748
2026-06-25T13:20:00+05:30,6698,6705,6697,6702.5,627
2026-06-25T13:25:00+05:30,6702.5,6704,6700,6700,625
2026-06-25T13:30:00+05:30,6700,6705,6700,6700,975
2026-06-25T13:35:00+05:30,6702,6702,6696,6699.5,613
2026-06-25T13:40:00+05:30,6699.5,6704.5,6697.5,6701,1047
2026-06-25T13:45:00+05:30,6701,6709.5,6701,6707.5,817
2026-06-25T13:50:00+05:30,6707,6716,6704.5,6710,1911
2026-06-25T13:55:00+05:30,6710,6710,6703,6708.5,941
2026-06-25T14:00:00+05:30,6708.5,6711.5,6705,6706,1362
2026-06-25T14:05:00+05:30,6706,6711.5,6705.5,6706.5,842
2026-06-25T14:10:00+05:30,6706.5,6708.5,6700.5,6704.5,1038
2026-06-25T14:15:00+05:30,6702,6707.5,6696,6704,1399
2026-06-25T14:20:00+05:30,6702,6706.5,6700.5,6702,895
2026-06-25T14:25:00+05:30,6700,6702,6689,6698,1855
2026-06-25T14:30:00+05:30,6696,6701,6691,6692,789
2026-06-25T14:35:00+05:30,6691.5,6699.5,6690,6699,1265
2026-06-25T14:40:00+05:30,6698,6712.5,6698,6710,3204
2026-06-25T14:45:00+05:30,6711.5,6714.5,6707,6709,2133
2026-06-25T14:50:00+05:30,6709.5,6714.5,6706,6711.5,3910
2026-06-25T14:55:00+05:30,6710,6714.5,6710,6713,1316
2026-06-25T15:00:00+05:30,6713,6719.5,6697.5,6711,8235
2026-06-25T15:05:00+05:30,6711,6729,6711,6713.5,8946
2026-06-25T15:10:00+05:30,6713.5,6720,6713.5,6718,6018
2026-06-25T15:15:00+05:30,6718,6718.5,6706.5,6710.5,6899
2026-06-25T15:20:00+05:30,6710,6718.5,6707,6707.5,8757
2026-06-25T15:25:00+05:30,6707.5,6718.5,6700,6700.5,8105
2026-06-29T09:15:00+05:30,6700,6700,6627.5,6650,78962
2026-06-29T09:20:00+05:30,6651,6661,6633.5,6650,17569
2026-06-29T09:25:00+05:30,6650,6660,6617.5,6629,17326
2026-06-29T09:30:00+05:30,6629,6650.5,6627,6641.5,4085
2026-06-29T09:35:00+05:30,6641,6649,6637,6640,6922
2026-06-29T09:40:00+05:30,6640,6666,6634,6666,28553
2026-06-29T09:45:00+05:30,6668,6680,6656.5,6673,6542
2026-06-29T09:50:00+05:30,6670,6680,6670,6676.5,2215
2026-06-29T09:55:00+05:30,6676.5,6699,6671,6698,5614
2026-06-29T10:00:00+05:30,6698,6719,6698,6710,10762
2026-06-29T10:05:00+05:30,6711,6719.5,6704,6712.5,3468
2026-06-29T10:10:00+05:30,6712.5,6726,6708.5,6709,5386
2026-06-29T10:15:00+05:30,6709,6719.5,6709,6714,3284
2026-06-29T10:20:00+05:30,6714,6721,6710,6721,1407
2026-06-29T10:25:00+05:30,6721,6725,6710.5,6721,6243
2026-06-29T10:30:00+05:30,6720,6722.5,6710.5,6712.5,1507
2026-06-29T10:35:00+05:30,6712.5,6723.5,6708.5,6720,3881
2026-06-29T10:40:00+05:30,6723,6730,6715,6721.5,1956
2026-06-29T10:45:00+05:30,6721.5,6724,6715,6718.5,1291
2026-06-29T10:50:00+05:30,6718.5,6725,6701.5,6723,7860
2026-06-29T10:55:00+05:30,6723,6735,6716.5,6720,8068
2026-06-29T11:00:00+05:30,6720,6728.5,6717.5,6719.5,2233
2026-06-29T11:05:00+05:30,6719.5,6721,6703.5,6709.5,1861
2026-06-29T11:10:00+05:30,6709.5,6709.5,6695.5,6700,3807
2026-06-29T11:15:00+05:30,6700,6707,6694,6700,1570
2026-06-29T11:20:00+05:30,6700,6704,6693,6693,1440
2026-06-29T11:25:00+05:30,6693,6697,6690,6695,1165
2026-06-29T11:30:00+05:30,6694,6697,6685.5,6687.5,2435
2026-06-29T11:35:00+05:30,6687.5,6691.5,6687,6688.5,1914
2026-06-29T11:40:00+05:30,6688.5,6695,6686,6686,2671
2026-06-29T11:45:00+05:30,6686,6690,6683,6690,1352
2026-06-29T11:50:00+05:30,6690,6692,6688,6692,2563
2026-06-29T11:55:00+05:30,6686.5,6689.5,6670,6670,1997
2026-06-29T12:00:00+05:30,6670,6675,6665,6665,2232
2026-06-29T12:05:00+05:30,6665,6672.5,6652,6660.5,40869
2026-06-29T12:10:00+05:30,6660.5,6665,6657.5,6657.5,4073
2026-06-29T12:15:00+05:30,6657.5,6670,6656.5,6664,3857
2026-06-29T12:20:00+05:30,6664,6669.5,6660,6662.5,2666
2026-06-29T12:25:00+05:30,6662.5,6663.5,6653.5,6659,1623
2026-06-29T12:30:00+05:30,6658.5,6663.5,6653,6660.5,2170
2026-06-29T12:35:00+05:30,6659,6661,6651.5,6653.5,1721
2026-06-29T12:40:00+05:30,6653.5,6655,6643.5,6655,5201
2026-06-29T12:45:00+05:30,6650.5,6655,6648.5,6650,1626
2026-06-29T12:50:00+05:30,6650,6657.5,6645.5,6648.5,2024
2026-06-29T12:55:00+05:30,6649.5,6649.5,6645,6645,1869
2026-06-29T13:00:00+05:30,6645,6649,6645,6645.5,1476
2026-06-29T13:05:00+05:30,6645.5,6645.5,6637,6643,1575
2026-06-29T13:10:00+05:30,6643,6645,6637.5,6641,1160
2026-06-29T13:15:00+05:30,6641,6642.5,6638.5,6640,776
2026-06-29T13:20:00+05:30,6640,6642,6632.5,6642,1789
2026-06-29T13:25:00+05:30,6642,6647,6640,6643,787
2026-06-29T13:30:00+05:30,6643,6643,6635,6635,940
2026-06-29T13:35:00+05:30,6635.5,6641,6635,6636.5,647
2026-06-29T13:40:00+05:30,6637,6637,6611.5,6611.5,6718
2026-06-29T13:45:00+05:30,6605,6614.5,6605,6612,1967
2026-06-29T13:50:00+05:30,6611.5,6611.5,6596,6599,6482
2026-06-29T13:55:00+05:30,6599,6601,6588,6589,3014
2026-06-29T14:00:00+05:30,6589,6593.5,6584,6587,2404
2026-06-29T14:05:00+05:30,6588.5,6596,6588,6592,2677
2026-06-29T14:10:00+05:30,6592,6595.5,6588,6591.5,3056
2026-06-29T14:15:00+05:30,6591.5,6597.5,6589.5,6592,1639
2026-06-29T14:20:00+05:30,6594,6595,6590,6590,934
2026-06-29T14:25:00+05:30,6590,6592.5,6589,6591.5,784
2026-06-29T14:30:00+05:30,6590,6594,6588,6588,1008
2026-06-29T14:35:00+05:30,6588,6592,6583.5,6584,2313
2026-06-29T14:40:00+05:30,6584,6593,6583.5,6587,2529
2026-06-29T14:45:00+05:30,6587.5,6587.5,6574,6577.5,4096
2026-06-29T14:50:00+05:30,6577.5,6582.5,6573,6573.5,2696
2026-06-29T14:55:00+05:30,6573.5,6579,6572,6575.5,2681
2026-06-29T15:00:00+05:30,6567.5,6583.5,6564,6576,13407
2026-06-29T15:05:00+05:30,6573.5,6577.5,6572,6575.5,8306
2026-06-29T15:10:00+05:30,6575,6575,6558,6563,9001
2026-06-29T15:15:00+05:30,6564.5,6571,6548,6548.5,30509
2026-06-29T15:20:00+05:30,6548,6560,6540,6557,29288
2026-06-29T15:25:00+05:30,6557,6559,6535.5,6550,10748
2026-06-30T09:15:00+05:30,6560.5,6570,6544.5,6553.5,8730
2026-06-30T09:20:00+05:30,6551.5,6559.5,6550,6557,3606
2026-06-30T09:25:00+05:30,6557,6573,6554.5,6565.5,16129
2026-06-30T09:30:00+05:30,6564,6572.5,6552.5,6554.5,1938
2026-06-30T09:35:00+05:30,6554.5,6557.5,6544.5,6555.5,3306
2026-06-30T09:40:00+05:30,6555,6570,6553,6568.5,2464
2026-06-30T09:45:00+05:30,6568.5,6580,6555.5,6559.5,2223
2026-06-30T09:50:00+05:30,6558.5,6568,6558.5,6564.5,1013
2026-06-30T09:55:00+05:30,6559,6572.5,6559,6566.5,1191
2026-06-30T10:00:00+05:30,6567,6570,6561.5,6563,691
2026-06-30T10:05:00+05:30,6563,6563,6551,6552.5,2261
2026-06-30T10:10:00+05:30,6552,6553.5,6540.5,6542,1530
2026-06-30T10:15:00+05:30,6542,6544.5,6536,6541,1988
2026-06-30T10:20:00+05:30,6541,6555,6540,6546.5,5906
2026-06-30T10:25:00+05:30,6545,6555,6544.5,6555,1947
2026-06-30T10:30:00+05:30,6555,6555,6550.5,6553,490
2026-06-30T10:35:00+05:30,6553,6555,6550,6555,1270
2026-06-30T10:40:00+05:30,6552,6571,6552,6571,2215
2026-06-30T10:45:00+05:30,6571,6573,6560,6570,2973
2026-06-30T10:50:00+05:30,6572.5,6589.5,6570,6578.5,3808
2026-06-30T10:55:00+05:30,6578.5,6594.5,6575,6586.5,3834
2026-06-30T11:00:00+05:30,6587,6593,6585,6591,2373
2026-06-30T11:05:00+05:30,6591,6591,6585.5,6588,1029
2026-06-30T11:10:00+05:30,6588,6592,6580,6584,6116
2026-06-30T11:15:00+05:30,6582.5,6592,6582,6588.5,1843
2026-06-30T11:20:00+05:30,6592.5,6605,6589,6596.5,12260
2026-06-30T11:25:00+05:30,6596.5,6596.5,6590,6593,895
2026-06-30T11:30:00+05:30,6591,6591,6580,6587,1054
2026-06-30T11:35:00+05:30,6587,6590,6580,6587,2129
2026-06-30T11:40:00+05:30,6587,6587,6576,6579.5,1980
2026-06-30T11:45:00+05:30,6579.5,6579.5,6573.5,6573.5,1134
2026-06-30T11:50:00+05:30,6575,6579.5,6568.5,6576,8262
2026-06-30T11:55:00+05:30,6576,6581,6566,6570,26600
2026-06-30T12:00:00+05:30,6572.5,6592.5,6570,6581.5,33662
2026-06-30T12:05:00+05:30,6581.5,6587.5,6578.5,6582,846
2026-06-30T12:10:00+05:30,6582,6584.5,6573.5,6577,1277
2026-06-30T12:15:00+05:30,6578.5,6579,6575,6575,1632
2026-06-30T12:20:00+05:30,6575,6584,6569.5,6569.5,6944
2026-06-30T12:25:00+05:30,6570,6581.5,6569.5,6571.5,12936
2026-06-30T12:30:00+05:30,6574,6574,6549,6552,4918
2026-06-30T12:35:00+05:30,6551,6556.5,6547,6553.5,8075
2026-06-30T12:40:00+05:30,6550,6554,6546,6548.5,10281
2026-06-30T12:45:00+05:30,6548.5,6555,6548,6554,1758
2026-06-30T12:50:00+05:30,6555,6574.5,6554.5,6571,2766
2026-06-30T12:55:00+05:30,6573,6577,6563.5,6563.5,1990
2026-06-30T13:00:00+05:30,6566.5,6580,6566.5,6579.5,3156
2026-06-30T13:05:00+05:30,6579.5,6584,6576.5,6577,2075
2026-06-30T13:10:00+05:30,6577,6580,6574,6575,2597
2026-06-30T13:15:00+05:30,6575,6582.5,6575,6581.5,2150
2026-06-30T13:20:00+05:30,6581,6587.5,6575.5,6586.5,1490
2026-06-30T13:25:00+05:30,6586.5,6596,6584,6592.5,4653
2026-06-30T13:30:00+05:30,6593.5,6595,6591.5,6592.5,2345
2026-06-30T13:35:00+05:30,6595,6596.5,6593,6593.5,1693
2026-06-30T13:40:00+05:30,6594,6597.5,6592.5,6593.5,1489
2026-06-30T13:45:00+05:30,6591.5,6594.5,6585.5,6588.5,1328
2026-06-30T13:50:00+05:30,6588.5,6595.5,6588,6591.5,1785
2026-06-30T13:55:00+05:30,6588.5,6589.5,6572,6576.5,8443
2026-06-30T14:00:00+05:30,6577.5,6580,6567.5,6577,7699
2026-06-30T14:05:00+05:30,6577.5,6582.5,6569.5,6577.5,13146
2026-06-30T14:10:00+05:30,6577.5,6589.5,6573,6585,6349
2026-06-30T14:15:00+05:30,6585,6599,6580,6597,6216
2026-06-30T14:20:00+05:30,6597,6625.5,6595,6615,6285
2026-06-30T14:25:00+05:30,6621.5,6642,6619,6636.5,11483
2026-06-30T14:30:00+05:30,6638,6638,6620,6631.5,3752
2026-06-30T14:35:00+05:30,6631.5,6643.5,6624,6632.5,3853
2026-06-30T14:40:00+05:30,6632.5,6635,6626,6626,1386
2026-06-30T14:45:00+05:30,6625.5,6646.5,6620.5,6639,3021
2026-06-30T14:50:00+05:30,6639.5,6641.5,6620.5,6621.5,5607
2026-06-30T14:55:00+05:30,6621.5,6626,6603.5,6609.5,27477
2026-06-30T15:00:00+05:30,6607,6607,6579.5,6587.5,22758
2026-06-30T15:05:00+05:30,6585.5,6589.5,6577,6580,27020
2026-06-30T15:10:00+05:30,6579.5,6586,6565.5,6566,57355
2026-06-30T15:15:00+05:30,6567,6585,6567,6578.5,62002
2026-06-30T15:20:00+05:30,6578.5,6585,6574.5,6581.5,36184
2026-06-30T15:25:00+05:30,6581.5,6601,6578.5,6599,20732
2026-07-01T09:15:00+05:30,6599,6665.5,6599,6634,4871
2026-07-01T09:20:00+05:30,6630.5,6642.5,6606.5,6611.5,2190
2026-07-01T09:25:00+05:30,6611.5,6614,6583,6597.5,5094
2026-07-01T09:30:00+05:30,6599,6603,6585,6592,3623
2026-07-01T09:35:00+05:30,6591,6592,6570,6576,2693
2026-07-01T09:40:00+05:30,6576,6577,6556,6567,2584
2026-07-01T09:45:00+05:30,6567,6579,6559,6570.5,3681
2026-07-01T09:50:00+05:30,6570.5,6582.5,6566.5,6575,1150
2026-07-01T09:55:00+05:30,6575,6587.5,6571,6583,2741
2026-07-01T10:00:00+05:30,6583,6596,6578.5,6586.5,4102
2026-07-01T10:05:00+05:30,6586.5,6597,6584,6587,3806
2026-07-01T10:10:00+05:30,6587,6587,6577,6579,5852
2026-07-01T10:15:00+05:30,6579,6587,6564.5,6572.5,3386
2026-07-01T10:20:00+05:30,6572,6576.5,6563.5,6569.5,3441
2026-07-01T10:25:00+05:30,6568,6569.5,6558,6563.5,3086
2026-07-01T10:30:00+05:30,6563.5,6563.5,6550,6555,2072
2026-07-01T10:35:00+05:30,6554,6568,6549.5,6562,2641
2026-07-01T10:40:00+05:30,6563.5,6566,6555,6556,945
2026-07-01T10:45:00+05:30,6556,6566.5,6555.5,6563.5,1257
2026-07-01T10:50:00+05:30,6566,6578,6564.5,6576,1400
2026-07-01T10:55:00+05:30,6576,6576,6560.5,6560.5,2276
2026-07-01T11:00:00+05:30,6560.5,6564,6531.5,6538.5,3664
2026-07-01T11:05:00+05:30,6535,6540.5,6530.5,6532.5,1863
2026-07-01T11:10:00+05:30,6532.5,6562,6532.5,6562,6063
2026-07-01T11:15:00+05:30,6565,6567,6561.5,6565.5,735
2026-07-01T11:20:00+05:30,6565.5,6571.5,6558,6568,1274
2026-07-01T11:25:00+05:30,6570,6571,6563,6568,534
2026-07-01T11:30:00+05:30,6568,6568.5,6561.5,6566.5,819
2026-07-01T11:35:00+05:30,6566.5,6571.5,6561,6564,3729
2026-07-01T11:40:00+05:30,6564,6572,6563,6570.5,1823
2026-07-01T11:45:00+05:30,6569.5,6574.5,6568.5,6572.5,1949
2026-07-01T11:50:00+05:30,6572.5,6577.5,6570,6572.5,459
2026-07-01T11:55:00+05:30,6572,6577,6571.5,6576.5,1336
2026-07-01T12:00:00+05:30,6576.5,6576.5,6568,6571,7935
2026-07-01T12:05:00+05:30,6571,6571.5,6567,6570,2173
2026-07-01T12:10:00+05:30,6570,6570,6565,6569,4649
2026-07-01T12:15:00+05:30,6569,6570,6569,6569.5,1597
2026-07-01T12:20:00+05:30,6569.5,6570,6566.5,6569.5,1918
2026-07-01T12:25:00+05:30,6569.5,6571,6567.5,6569,8984
2026-07-01T12:30:00+05:30,6569.5,6571.5,6569,6569.5,5313
2026-07-01T12:35:00+05:30,6569.5,6583,6569,6572.5,5026
2026-07-01T12:40:00+05:30,6572.5,6574,6570,6570,578
2026-07-01T12:45:00+05:30,6570,6570,6569,6570,590
2026-07-01T12:50:00+05:30,6570,6575,6567.5,6575,3288
2026-07-01T12:55:00+05:30,6575,6580,6570.5,6580,2423
2026-07-01T13:00:00+05:30,6580,6590,6575.5,6588.5,7469
2026-07-01T13:05:00+05:30,6589,6591.5,6576.5,6580,3371
2026-07-01T13:10:00+05:30,6580,6580,6561.5,6572,3840
2026-07-01T13:15:00+05:30,6572,6575,6567,6569,36916
2026-07-01T13:20:00+05:30,6569,6569.5,6543,6548,5976
2026-07-01T13:25:00+05:30,6549,6550,6549,6550,1195
2026-07-01T13:30:00+05:30,6550,6550,6547.5,6549.5,2207
2026-07-01T13:35:00+05:30,6549.5,6564,6549.5,6563.5,2579
2026-07-01T13:40:00+05:30,6564,6564.5,6557,6560,1283
2026-07-01T13:45:00+05:30,6560,6560,6553.5,6557.5,1714
2026-07-01T13:50:00+05:30,6557.5,6560,6557.5,6559.5,2124
2026-07-01T13:55:00+05:30,6560,6564,6552,6553,2789
2026-07-01T14:00:00+05:30,6553,6556.5,6550,6556.5,1409
2026-07-01T14:05:00+05:30,6556.5,6567,6552.5,6560,10393
2026-07-01T14:10:00+05:30,6560,6572,6559,6570,8534
2026-07-01T14:15:00+05:30,6570,6570.5,6563,6563,1892
2026-07-01T14:20:00+05:30,6565,6566.5,6558,6559,882
2026-07-01T14:25:00+05:30,6559,6561.5,6554.5,6558,1044
2026-07-01T14:30:00+05:30,6556,6560,6553.5,6553.5,692
2026-07-01T14:35:00+05:30,6554.5,6558,6550,6552,2009
2026-07-01T14:40:00+05:30,6551.5,6564,6550,6561,8380
2026-07-01T14:45:00+05:30,6560.5,6563,6557.5,6560,1142
2026-07-01T14:50:00+05:30,6560,6564,6557,6558.5,4015
2026-07-01T14:55:00+05:30,6558.5,6558.5,6550,6557,4693
2026-07-01T15:00:00+05:30,6553.5,6555.5,6540,6546.5,18864
2026-07-01T15:05:00+05:30,6547,6547,6540,6543,11880
2026-07-01T15:10:00+05:30,6543.5,6547,6540,6540,12514
2026-07-01T15:15:00+05:30,6540,6547,6540,6545.5,11846
2026-07-01T15:20:00+05:30,6546,6551.5,6541,6551,13124
2026-07-01T15:25:00+05:30,6551.5,6552,6540.5,6542,7304
2026-07-02T09:15:00+05:30,6600,6600,6545,6570,2568
2026-07-02T09:20:00+05:30,6575.5,6584,6572,6572,2953
2026-07-02T09:25:00+05:30,6571.5,6576.5,6558.5,6563,2267
2026-07-02T09:30:00+05:30,6560.5,6574.5,6560.5,6571,1862
2026-07-02T09:35:00+05:30,6571,6571,6561,6567,1167
2026-07-02T09:40:00+05:30,6567,6582.5,6567,6574,1856
2026-07-02T09:45:00+05:30,6574,6590,6574,6590,2772
2026-07-02T09:50:00+05:30,6592,6592,6583,6587.5,2535
2026-07-02T09:55:00+05:30,6587.5,6587.5,6577,6580,918
2026-07-02T10:00:00+05:30,6582,6587.5,6576.5,6584.5,688
2026-07-02T10:05:00+05:30,6584.5,6589.5,6582,6587,1592
2026-07-02T10:10:00+05:30,6587,6619,6587,6614,4722
2026-07-02T10:15:00+05:30,6613.5,6625,6607.5,6609,2503
2026-07-02T10:20:00+05:30,6609,6610.5,6604,6605,1463
2026-07-02T10:25:00+05:30,6605,6614.5,6605,6614,999
2026-07-02T10:30:00+05:30,6614,6614,6610,6613,1600
2026-07-02T10:35:00+05:30,6613,6614,6606.5,6610.5,1801
2026-07-02T10:40:00+05:30,6609,6615.5,6607.5,6612.5,899
2026-07-02T10:45:00+05:30,6612.5,6615,6606.5,6607,881
2026-07-02T10:50:00+05:30,6608.5,6608.5,6602.5,6603,1586
2026-07-02T10:55:00+05:30,6603,6610,6603,6607,756
2026-07-02T11:00:00+05:30,6607,6612.5,6605,6610,455
2026-07-02T11:05:00+05:30,6610,6613.5,6606.5,6610.5,494
2026-07-02T11:10:00+05:30,6610.5,6613.5,6610,6613.5,460
2026-07-02T11:15:00+05:30,6615,6615,6605,6607,624
2026-07-02T11:20:00+05:30,6607,6610,6605,6607.5,255
2026-07-02T11:25:00+05:30,6607.5,6612,6605,6606.5,530
2026-07-02T11:30:00+05:30,6606.5,6614.5,6602,6610.5,2495
2026-07-02T11:35:00+05:30,6610.5,6618,6610.5,6612,537
2026-07-02T11:40:00+05:30,6612,6615.5,6600.5,6605,3399
2026-07-02T11:45:00+05:30,6608,6610,6602.5,6604,709
2026-07-02T11:50:00+05:30,6604,6611.5,6602.5,6610,1030
2026-07-02T11:55:00+05:30,6610,6644.5,6608.5,6633,8239
2026-07-02T12:00:00+05:30,6634.5,6644,6633.5,6640.5,2929
2026-07-02T12:05:00+05:30,6640.5,6648,6637.5,6642,3299
2026-07-02T12:10:00+05:30,6642,6642,6630,6636.5,3883
2026-07-02T12:15:00+05:30,6637.5,6654.5,6636,6649.5,6875
2026-07-02T12:20:00+05:30,6649.5,6660,6646.5,6652.5,11261
2026-07-02T12:25:00+05:30,6652.5,6664.5,6652.5,6659,5522
2026-07-02T12:30:00+05:30,6659,6664,6657,6658.5,1315
2026-07-02T12:35:00+05:30,6657,6665.5,6655,6662.5,2298
2026-07-02T12:40:00+05:30,6665,6665.5,6655.5,6657.5,1453
2026-07-02T12:45:00+05:30,6657.5,6667,6655,6664.5,1940
2026-07-02T12:50:00+05:30,6665.5,6679,6660,6677.5,6872
2026-07-02T12:55:00+05:30,6677.5,6682.5,6675,6678,2812
2026-07-02T13:00:00+05:30,6678,6691.5,6678,6691.5,4311
2026-07-02T13:05:00+05:30,6689.5,6700,6689.5,6698,2254
2026-07-02T13:10:00+05:30,6700,6710,6699,6700,4333
2026-07-02T13:15:00+05:30,6699.5,6704,6695,6700,2105
2026-07-02T13:20:00+05:30,6700,6700.5,6692.5,6699.5,2203
2026-07-02T13:25:00+05:30,6699.5,6700,6679,6680,4758
2026-07-02T13:30:00+05:30,6680,6711,6678,6711,10059
2026-07-02T13:35:00+05:30,6711,6714.5,6700,6707.5,4705
2026-07-02T13:40:00+05:30,6707.5,6714,6703.5,6706,2086
2026-07-02T13:45:00+05:30,6706,6714,6703.5,6712.5,16059
2026-07-02T13:50:00+05:30,6714,6718.5,6706,6709.5,2896
2026-07-02T13:55:00+05:30,6709.5,6716,6706.5,6712,1670
2026-07-02T14:00:00+05:30,6712,6715,6705,6705.5,1324
2026-07-02T14:05:00+05:30,6702,6705,6697.5,6700,1572
2026-07-02T14:10:00+05:30,6701,6701.5,6695.5,6699,1110
2026-07-02T14:15:00+05:30,6699,6700.5,6697,6697.5,834
2026-07-02T14:20:00+05:30,6698.5,6700,6695,6696,1324
2026-07-02T14:25:00+05:30,6696,6700,6693.5,6696.5,21553
2026-07-02T14:30:00+05:30,6694,6695,6691,6692,4557
2026-07-02T14:35:00+05:30,6692.5,6694.5,6689.5,6689.5,3054
2026-07-02T14:40:00+05:30,6689.5,6690,6677,6679.5,3521
2026-07-02T14:45:00+05:30,6679.5,6681,6675,6679,1454
2026-07-02T14:50:00+05:30,6679,6683,6676.5,6680,4674
2026-07-02T14:55:00+05:30,6678.5,6689.5,6669.5,6687,4765
2026-07-02T15:00:00+05:30,6687,6692,6684,6686,18448
2026-07-02T15:05:00+05:30,6686.5,6688.5,6685,6686.5,6127
2026-07-02T15:10:00+05:30,6687,6689.5,6685,6686,8629
2026-07-02T15:15:00+05:30,6685.5,6686,6674,6683.5,26211
2026-07-02T15:20:00+05:30,6680.5,6699,6680.5,6687.5,17181
2026-07-02T15:25:00+05:30,6688,6726,6670,6726,52149
2026-07-03T09:15:00+05:30,6685.5,6788.5,6685.5,6778.5,11905
2026-07-03T09:20:00+05:30,6781,6781.5,6763,6763,5567
2026-07-03T09:25:00+05:30,6764.5,6776,6753.5,6766,4121
2026-07-03T09:30:00+05:30,6766,6785,6761,6775,3608
2026-07-03T09:35:00+05:30,6775,6798.5,6773.5,6788.5,8483
2026-07-03T09:40:00+05:30,6784.5,6791,6777.5,6788.5,2276
2026-07-03T09:45:00+05:30,6789.5,6804.5,6775,6787.5,8513
2026-07-03T09:50:00+05:30,6787.5,6798,6779,6793,3335
2026-07-03T09:55:00+05:30,6793,6795,6768,6773.5,9368
2026-07-03T10:00:00+05:30,6773.5,6780,6769,6769,2191
2026-07-03T10:05:00+05:30,6770,6776.5,6764.5,6765.5,2650
2026-07-03T10:10:00+05:30,6765.5,6773,6758,6767,3359
2026-07-03T10:15:00+05:30,6766,6787,6763.5,6782,6688
2026-07-03T10:20:00+05:30,6782,6785,6777,6784.5,2307
2026-07-03T10:25:00+05:30,6782,6783.5,6775.5,6778,2512
2026-07-03T10:30:00+05:30,6778,6785,6777,6784,1548
2026-07-03T10:35:00+05:30,6785,6792.5,6784.5,6786,551
2026-07-03T10:40:00+05:30,6786,6792.5,6786,6790,2738
2026-07-03T10:45:00+05:30,6790,6791,6776.5,6776.5,1844
2026-07-03T10:50:00+05:30,6776.5,6777.5,6764.5,6767.5,2035
2026-07-03T10:55:00+05:30,6767.5,6777.5,6766.5,6768.5,1895
2026-07-03T11:00:00+05:30,6769.5,6776.5,6767.5,6775,1324
2026-07-03T11:05:00+05:30,6775,6792,6771.5,6774,7954
2026-07-03T11:10:00+05:30,6774,6784,6771,6782.5,1860
2026-07-03T11:15:00+05:30,6777,6783.5,6776,6779.5,2177
2026-07-03T11:20:00+05:30,6779.5,6794,6779.5,6786.5,3107
2026-07-03T11:25:00+05:30,6782,6794.5,6774.5,6776.5,10539
2026-07-03T11:30:00+05:30,6776,6796.5,6776,6789.5,5627
2026-07-03T11:35:00+05:30,6789.5,6791.5,6772,6789,11412
2026-07-03T11:40:00+05:30,6789,6789,6767.5,6767.5,7068
2026-07-03T11:45:00+05:30,6770,6772,6761.5,6765,5185
2026-07-03T11:50:00+05:30,6765,6770,6763,6766.5,1207
2026-07-03T11:55:00+05:30,6766.5,6778,6766.5,6774,4257
2026-07-03T12:00:00+05:30,6774,6785,6773.5,6785,5207
2026-07-03T12:05:00+05:30,6785,6790,6781,6790,927
2026-07-03T12:10:00+05:30,6788.5,6793.5,6785,6791.5,1296
2026-07-03T12:15:00+05:30,6792,6794,6775.5,6778,3322
2026-07-03T12:20:00+05:30,6778,6780,6775.5,6778,2235
2026-07-03T12:25:00+05:30,6778,6780,6776.5,6779,997
2026-07-03T12:30:00+05:30,6779,6790,6778,6788.5,7479
2026-07-03T12:35:00+05:30,6789,6793,6785,6785,1199
2026-07-03T12:40:00+05:30,6786.5,6794,6783,6784.5,3310
2026-07-03T12:45:00+05:30,6784.5,6795.5,6782,6791,3976
2026-07-03T12:50:00+05:30,6791.5,6798,6791.5,6793,1796
2026-07-03T12:55:00+05:30,6791,6795.5,6786,6792,23445
2026-07-03T13:00:00+05:30,6792,6795,6786.5,6791.5,2057
2026-07-03T13:05:00+05:30,6791.5,6795,6786,6791.5,7275
2026-07-03T13:10:00+05:30,6791.5,6796,6786.5,6791,7890
2026-07-03T13:15:00+05:30,6792,6795,6788,6792.5,19012
2026-07-03T13:20:00+05:30,6792.5,6793,6786,6788.5,1040
2026-07-03T13:25:00+05:30,6788.5,6791,6780,6783.5,1383
2026-07-03T13:30:00+05:30,6783.5,6789,6781,6784,752
2026-07-03T13:35:00+05:30,6784,6785,6770,6772,2410
2026-07-03T13:40:00+05:30,6771.5,6775.5,6770,6772,1176
2026-07-03T13:45:00+05:30,6772,6772,6766,6768,1975
2026-07-03T13:50:00+05:30,6768,6778.5,6767.5,6773,837
2026-07-03T13:55:00+05:30,6773,6780,6768.5,6772,2532
2026-07-03T14:00:00+05:30,6772,6773,6758.5,6761,4313
2026-07-03T14:05:00+05:30,6761,6762.5,6747,6760,14814
2026-07-03T14:10:00+05:30,6760,6766,6752,6761,8733
2026-07-03T14:15:00+05:30,6761,6775,6756,6769.5,9658
2026-07-03T14:20:00+05:30,6769.5,6769.5,6742,6748,10918
2026-07-03T14:25:00+05:30,6748.5,6755.5,6745.5,6753,1489
2026-07-03T14:30:00+05:30,6753,6763.5,6749,6759.5,1418
2026-07-03T14:35:00+05:30,6759.5,6764.5,6747,6750,2959
2026-07-03T14:40:00+05:30,6749.5,6753.5,6737,6745.5,9192
2026-07-03T14:45:00+05:30,6745.5,6747.5,6727,6734,19000
2026-07-03T14:50:00+05:30,6734,6735.5,6725,6730,5538
2026-07-03T14:55:00+05:30,6730,6748.5,6728.5,6746.5,4242
2026-07-03T15:00:00+05:30,6744.5,6760,6744.5,6756,5611
2026-07-03T15:05:00+05:30,6753.5,6762.5,6753.5,6760.5,4065
2026-07-03T15:10:00+05:30,6760.5,6764,6752,6756.5,5048
2026-07-03T15:15:00+05:30,6755,6760.5,6753,6755,3915
2026-07-03T15:20:00+05:30,6758,6763,6753,6755.5,9064
2026-07-03T15:25:00+05:30,6757,6764,6745,6758,10022
2026-07-06T09:15:00+05:30,6785,6809.5,6765,6782,6086
2026-07-06T09:20:00+05:30,6782,6817,6782,6788.5,22806
2026-07-06T09:25:00+05:30,6788.5,6819,6788.5,6816,22608
2026-07-06T09:30:00+05:30,6820,6824.5,6798,6801.5,10669
2026-07-06T09:35:00+05:30,6801.5,6805.5,6792.5,6801,5979
2026-07-06T09:40:00+05:30,6799.5,6800,6794.5,6796,4503
2026-07-06T09:45:00+05:30,6795,6796,6778,6785,13696
2026-07-06T09:50:00+05:30,6785,6789,6755,6756.5,6040
2026-07-06T09:55:00+05:30,6756.5,6774.5,6753.5,6767,6432
2026-07-06T10:00:00+05:30,6767,6795,6763,6788,2136
2026-07-06T10:05:00+05:30,6788,6792,6779,6789.5,5673
2026-07-06T10:10:00+05:30,6789.5,6790,6768.5,6777.5,4405
2026-07-06T10:15:00+05:30,6777.5,6788.5,6775.5,6778.5,12290
2026-07-06T10:20:00+05:30,6780,6803,6768.5,6794.5,23216
2026-07-06T10:25:00+05:30,6794.5,6797.5,6785,6789.5,3917
2026-07-06T10:30:00+05:30,6789.5,6796.5,6786.5,6789,1583
2026-07-06T10:35:00+05:30,6789,6799,6783,6791.5,7172
2026-07-06T10:40:00+05:30,6791.5,6797,6789.5,6790,1255
2026-07-06T10:45:00+05:30,6791,6791.5,6786,6788,892
2026-07-06T10:50:00+05:30,6788,6794,6772.5,6788,7150
2026-07-06T10:55:00+05:30,6790,6791.5,6782,6782,1325
2026-07-06T11:00:00+05:30,6782,6800,6782,6792.5,16111
2026-07-06T11:05:00+05:30,6792.5,6797.5,6789.5,6793,1766
2026-07-06T11:10:00+05:30,6793,6814,6792.5,6813.5,1877
2026-07-06T11:15:00+05:30,6813.5,6822,6805,6813,5779
2026-07-06T11:20:00+05:30,6813,6817,6808,6811,4087
2026-07-06T11:25:00+05:30,6810,6810,6797.5,6799.5,807
2026-07-06T11:30:00+05:30,6799.5,6808.5,6799.5,6800,2697
2026-07-06T11:35:00+05:30,6800,6812,6800,6806,1504
2026-07-06T11:40:00+05:30,6806,6809,6805.5,6808.5,893
2026-07-06T11:45:00+05:30,6808.5,6811.5,6801.5,6807,2086
2026-07-06T11:50:00+05:30,6806,6808.5,6799,6799.5,1008
2026-07-06T11:55:00+05:30,6801.5,6801.5,6783,6785.5,20686
2026-07-06T12:00:00+05:30,6785.5,6787.5,6779,6781,4319
2026-07-06T12:05:00+05:30,6781,6789,6775.5,6782.5,22781
2026-07-06T12:10:00+05:30,6782.5,6791,6779.5,6787,4456
2026-07-06T12:15:00+05:30,6787,6797,6786,6788,3740
2026-07-06T12:20:00+05:30,6786.5,6790,6786.5,6790,538
2026-07-06T12:25:00+05:30,6790,6791.5,6788.5,6791,1270
2026-07-06T12:30:00+05:30,6791,6791.5,6787,6790.5,3028
2026-07-06T12:35:00+05:30,6790.5,6790.5,6789,6790,858
2026-07-06T12:40:00+05:30,6790,6790,6782.5,6789,4265
2026-07-06T12:45:00+05:30,6789,6789.5,6782.5,6787,9256
2026-07-06T12:50:00+05:30,6787.5,6803,6787,6800,4273
2026-07-06T12:55:00+05:30,6800,6801.5,6795.5,6795.5,635
2026-07-06T13:00:00+05:30,6795,6804.5,6795,6800,1619
2026-07-06T13:05:00+05:30,6800,6803,6797,6800,1668
2026-07-06T13:10:00+05:30,6802.5,6803.5,6796.5,6796.5,1504
2026-07-06T13:15:00+05:30,6796.5,6801.5,6796.5,6798,533
2026-07-06T13:20:00+05:30,6798,6801.5,6797,6801.5,822
2026-07-06T13:25:00+05:30,6801.5,6808.5,6800,6808.5,453
2026-07-06T13:30:00+05:30,6808.5,6808.5,6802,6802,1245
2026-07-06T13:35:00+05:30,6802,6807,6798.5,6807,1335
2026-07-06T13:40:00+05:30,6807,6816.5,6802,6814,3798
2026-07-06T13:45:00+05:30,6814,6818.5,6812,6815,732
2026-07-06T13:50:00+05:30,6814.5,6815,6813,6813,1051
2026-07-06T13:55:00+05:30,6813,6816,6805,6806.5,1058
2026-07-06T14:00:00+05:30,6806.5,6811.5,6806,6809.5,915
2026-07-06T14:05:00+05:30,6809.5,6811,6807,6811,775
2026-07-06T14:10:00+05:30,6809.5,6811.5,6809.5,6811,354
2026-07-06T14:15:00+05:30,6811,6815,6810,6814,666
2026-07-06T14:20:00+05:30,6814,6814.5,6812,6814,334
2026-07-06T14:25:00+05:30,6814,6814,6810,6811.5,930
2026-07-06T14:30:00+05:30,6813,6821,6812.5,6819,2196
2026-07-06T14:35:00+05:30,6817,6822.5,6816,6820.5,2552
2026-07-06T14:40:00+05:30,6820,6820.5,6815,6816.5,888
2026-07-06T14:45:00+05:30,6816.5,6818,6810.5,6815,1271
2026-07-06T14:50:00+05:30,6815,6818,6811.5,6818,903
2026-07-06T14:55:00+05:30,6818,6822,6813,6819.5,3696
2026-07-06T15:00:00+05:30,6820.5,6840,6818,6835.5,9036
2026-07-06T15:05:00+05:30,6838.5,6849,6837,6845.5,7913
2026-07-06T15:10:00+05:30,6845,6862,6843,6861,6763
2026-07-06T15:15:00+05:30,6861,6868,6858,6858,9973
2026-07-06T15:20:00+05:30,6858.5,6858.5,6848,6858.5,19126
2026-07-06T15:25:00+05:30,6860,6890,6857.5,6857.5,29259
2026-07-07T09:15:00+05:30,6898,6910,6863.5,6895.5,21970
2026-07-07T09:20:00+05:30,6900,6907,6888.5,6903.5,11056
2026-07-07T09:25:00+05:30,6903,6907,6888.5,6895.5,6009
2026-07-07T09:30:00+05:30,6897,6934,6897,6918,17654
2026-07-07T09:35:00+05:30,6918,6940,6910,6932,16590
2026-07-07T09:40:00+05:30,6936.5,6941.5,6928,6933.5,12069
2026-07-07T09:45:00+05:30,6933.5,6948,6930,6942,6998
2026-07-07T09:50:00+05:30,6940,6959,6936.5,6943,13514
2026-07-07T09:55:00+05:30,6943,6943,6926,6927.5,5494
2026-07-07T10:00:00+05:30,6924,6937,6923.5,6933.5,5760
2026-07-07T10:05:00+05:30,6937,6937.5,6901,6903,5129
2026-07-07T10:10:00+05:30,6902.5,6906,6871,6876,8739
2026-07-07T10:15:00+05:30,6875,6876,6865.5,6872.5,8530
2026-07-07T10:20:00+05:30,6873,6876.5,6836,6839.5,13350
2026-07-07T10:25:00+05:30,6837.5,6858,6835.5,6850,4452
2026-07-07T10:30:00+05:30,6851,6858.5,6845,6848.5,4334
2026-07-07T10:35:00+05:30,6848.5,6852,6843.5,6848,2836
2026-07-07T10:40:00+05:30,6849,6861.5,6847.5,6861.5,5181
2026-07-07T10:45:00+05:30,6861.5,6861.5,6855,6860,2028
2026-07-07T10:50:00+05:30,6860,6860,6851,6856,3116
2026-07-07T10:55:00+05:30,6856,6856,6843.5,6848,3234
2026-07-07T11:00:00+05:30,6848,6853,6844,6853,1561
2026-07-07T11:05:00+05:30,6851,6853.5,6844,6845,2244
2026-07-07T11:10:00+05:30,6847.5,6847.5,6823.5,6824,6397
2026-07-07T11:15:00+05:30,6826,6830,6820,6824,3550
2026-07-07T11:20:00+05:30,6827.5,6827.5,6820,6825,2520
2026-07-07T11:25:00+05:30,6825,6830.5,6820,6825,5535
2026-07-07T11:30:00+05:30,6825,6825.5,6816,6823,8319
2026-07-07T11:35:00+05:30,6823.5,6830,6816,6829,2199
2026-07-07T11:40:00+05:30,6829,6832.5,6818,6823,3879
2026-07-07T11:45:00+05:30,6823,6823,6800,6801,6942
2026-07-07T11:50:00+05:30,6804.5,6813,6800.5,6810,2745
2026-07-07T11:55:00+05:30,6810,6810.5,6803.5,6804.5,2290
2026-07-07T12:00:00+05:30,6806.5,6814.5,6804,6806.5,3801
2026-07-07T12:05:00+05:30,6806.5,6813,6805,6808.5,2461
2026-07-07T12:10:00+05:30,6808.5,6810,6801.5,6801.5,3875
2026-07-07T12:15:00+05:30,6804,6807.5,6781.5,6792,9497
2026-07-07T12:20:00+05:30,6792.5,6796,6786.5,6789,3393
2026-07-07T12:25:00+05:30,6789.5,6794.5,6787.5,6794,4312
2026-07-07T12:30:00+05:30,6794.5,6794.5,6784,6793,7541
2026-07-07T12:35:00+05:30,6793,6806.5,6789.5,6805.5,1914
2026-07-07T12:40:00+05:30,6806.5,6811,6806.5,6808.5,1674
2026-07-07T12:45:00+05:30,6808.5,6810,6801.5,6803,2721
2026-07-07T12:50:00+05:30,6804,6808,6799.5,6803,1818
2026-07-07T12:55:00+05:30,6804.5,6804.5,6792.5,6794,2882
2026-07-07T13:00:00+05:30,6793,6795,6789,6789,2078
2026-07-07T13:05:00+05:30,6790.5,6799,6779,6782.5,5055
2026-07-07T13:10:00+05:30,6782.5,6785.5,6770,6781.5,6162
2026-07-07T13:15:00+05:30,6784,6784,6770.5,6774,2439
2026-07-07T13:20:00+05:30,6774,6780,6774,6777,1691
2026-07-07T13:25:00+05:30,6777.5,6782.5,6775.5,6782.5,1822
2026-07-07T13:30:00+05:30,6782.5,6785,6777,6780,2193
2026-07-07T13:35:00+05:30,6781,6785,6774,6777.5,3198
2026-07-07T13:40:00+05:30,6778.5,6779.5,6771,6776,1905
2026-07-07T13:45:00+05:30,6777,6783,6775.5,6780.5,2082
2026-07-07T13:50:00+05:30,6780.5,6795,6779,6790,9402
2026-07-07T13:55:00+05:30,6791,6791,6780.5,6789,3493
2026-07-07T14:00:00+05:30,6789,6797,6786.5,6787.5,3055
2026-07-07T14:05:00+05:30,6787.5,6789.5,6784,6788,1938
2026-07-07T14:10:00+05:30,6789.5,6794,6787.5,6791,3112
2026-07-07T14:15:00+05:30,6792.5,6794,6775.5,6776,4627
2026-07-07T14:20:00+05:30,6779,6781.5,6773.5,6777,2914
2026-07-07T14:25:00+05:30,6779,6779.5,6772.5,6778,2316
2026-07-07T14:30:00+05:30,6778,6779,6771,6773,2220
2026-07-07T14:35:00+05:30,6775,6775,6762,6769.5,3278
2026-07-07T14:40:00+05:30,6766.5,6779.5,6763,6779,8418
2026-07-07T14:45:00+05:30,6779,6779,6762.5,6762.5,5576
2026-07-07T14:50:00+05:30,6766,6767.5,6757.5,6762.5,8410
2026-07-07T14:55:00+05:30,6762.5,6774,6760,6771.5,9734
2026-07-07T15:00:00+05:30,6774.5,6780.5,6760.5,6780.5,23535
2026-07-07T15:05:00+05:30,6783,6783,6771.5,6778.5,15476
2026-07-07T15:10:00+05:30,6778.5,6781.5,6773.5,6781.5,8527
2026-07-07T15:15:00+05:30,6781.5,6781.5,6773,6774,8464
2026-07-07T15:20:00+05:30,6774.5,6774.5,6759,6765.5,12809
2026-07-07T15:25:00+05:30,6766.5,6769,6754,6760,9939
2026-07-08T09:15:00+05:30,6784,6808,6760,6800,9882
2026-07-08T09:20:00+05:30,6798,6813.5,6792.5,6800,6790
2026-07-08T09:25:00+05:30,6801,6811,6791.5,6807,4504
2026-07-08T09:30:00+05:30,6809,6825,6806.5,6810.5,6650
2026-07-08T09:35:00+05:30,6808,6812,6791,6798,4331
2026-07-08T09:40:00+05:30,6798,6814,6787,6788,5001
2026-07-08T09:45:00+05:30,6788,6793.5,6782,6787.5,1765
2026-07-08T09:50:00+05:30,6784,6805,6778,6800.5,4734
2026-07-08T09:55:00+05:30,6800.5,6808,6793.5,6797.5,1406
2026-07-08T10:00:00+05:30,6797.5,6815,6797.5,6814.5,2555
2026-07-08T10:05:00+05:30,6814.5,6819,6813,6815.5,5442
2026-07-08T10:10:00+05:30,6813,6819.5,6810,6819,1138
2026-07-08T10:15:00+05:30,6819,6837,6819,6837,12837
2026-07-08T10:20:00+05:30,6837,6840,6826,6829.5,4984
2026-07-08T10:25:00+05:30,6827,6844,6826,6841,2464
2026-07-08T10:30:00+05:30,6841,6855,6835.5,6855,5432
2026-07-08T10:35:00+05:30,6849.5,6859.5,6843.5,6843.5,2860
2026-07-08T10:40:00+05:30,6845,6860,6844.5,6856,4919
2026-07-08T10:45:00+05:30,6855.5,6858,6846.5,6855.5,2010
2026-07-08T10:50:00+05:30,6855.5,6857.5,6851,6852,2368
2026-07-08T10:55:00+05:30,6852,6856.5,6845.5,6849,1359
2026-07-08T11:00:00+05:30,6848.5,6849,6847.5,6849,677
2026-07-08T11:05:00+05:30,6848.5,6857,6843,6856,2091
2026-07-08T11:10:00+05:30,6856,6864.5,6848.5,6850,5108
2026-07-08T11:15:00+05:30,6849.5,6849.5,6821.5,6822.5,2909
2026-07-08T11:20:00+05:30,6823,6824,6798,6807,14939
2026-07-08T11:25:00+05:30,6807,6812,6805,6810,2945
2026-07-08T11:30:00+05:30,6809,6810.5,6798,6803,2530
2026-07-08T11:35:00+05:30,6799.5,6820,6799.5,6811.5,12473
2026-07-08T11:40:00+05:30,6811.5,6818,6809.5,6811,2049
2026-07-08T11:45:00+05:30,6811,6816,6807,6809.5,2853
2026-07-08T11:50:00+05:30,6808.5,6814.5,6807,6813,2414
2026-07-08T11:55:00+05:30,6812.5,6820,6810,6819,2044
2026-07-08T12:00:00+05:30,6819,6829.5,6814.5,6829,7213
2026-07-08T12:05:00+05:30,6827,6834,6816,6816,4044
2026-07-08T12:10:00+05:30,6816,6825,6815,6825,2115
2026-07-08T12:15:00+05:30,6825,6825,6820,6824,2299
2026-07-08T12:20:00+05:30,6824,6825,6811,6815.5,4376
2026-07-08T12:25:00+05:30,6815.5,6822,6813,6822,2790
2026-07-08T12:30:00+05:30,6822,6825,6819,6824.5,2586
2026-07-08T12:35:00+05:30,6824.5,6825,6820.5,6821.5,2352
2026-07-08T12:40:00+05:30,6821.5,6823,6814.5,6820.5,1736
2026-07-08T12:45:00+05:30,6819.5,6823.5,6815.5,6821,1980
2026-07-08T12:50:00+05:30,6821,6823.5,6814.5,6816,1899
2026-07-08T12:55:00+05:30,6816,6819,6800,6808,3866
2026-07-08T13:00:00+05:30,6808,6811,6798,6802,5703
2026-07-08T13:05:00+05:30,6802,6803,6788,6791.5,2278
2026-07-08T13:10:00+05:30,6791.5,6795,6790,6790,1731
2026-07-08T13:15:00+05:30,6790,6795.5,6780,6787.5,5049
2026-07-08T13:20:00+05:30,6786,6789,6780,6788,2341
2026-07-08T13:25:00+05:30,6786.5,6790,6782,6782.5,1887
2026-07-08T13:30:00+05:30,6782.5,6785.5,6777,6783,2147
2026-07-08T13:35:00+05:30,6781,6785.5,6775.5,6780,2081
2026-07-08T13:40:00+05:30,6780,6783,6776,6781,1424
2026-07-08T13:45:00+05:30,6781,6785,6770,6770,4633
2026-07-08T13:50:00+05:30,6772.5,6777,6755,6755,3389
2026-07-08T13:55:00+05:30,6758,6759.5,6738.5,6738.5,5649
2026-07-08T14:00:00+05:30,6737.5,6742,6726.5,6729.5,5036
2026-07-08T14:05:00+05:30,6728,6733.5,6717.5,6717.5,6423
2026-07-08T14:10:00+05:30,6720,6723.5,6711.5,6715.5,3163
2026-07-08T14:15:00+05:30,6713,6730,6709.5,6718,3994
2026-07-08T14:20:00+05:30,6718,6727.5,6712,6721,2742
2026-07-08T14:25:00+05:30,6721,6723,6701.5,6704.5,2288
2026-07-08T14:30:00+05:30,6704.5,6721,6696,6704,19869
2026-07-08T14:35:00+05:30,6703,6706,6693,6696,3356
2026-07-08T14:40:00+05:30,6696.5,6727.5,6696.5,6726,6691
2026-07-08T14:45:00+05:30,6726.5,6740,6722,6733,4165
2026-07-08T14:50:00+05:30,6725.5,6743.5,6723,6734.5,4152
2026-07-08T14:55:00+05:30,6734,6742.5,6729.5,6742.5,3329
2026-07-08T15:00:00+05:30,6750.5,6778,6750.5,6770,7565
2026-07-08T15:05:00+05:30,6770,6771.5,6751.5,6764.5,7232
2026-07-08T15:10:00+05:30,6762,6771.5,6759,6763,7427
2026-07-08T15:15:00+05:30,6767,6770,6749,6751,12924
2026-07-08T15:20:00+05:30,6753.5,6755,6749.5,6752,18678
2026-07-08T15:25:00+05:30,6752,6754,6735,6740,15975
2026-07-09T09:15:00+05:30,6741.5,6820,6740.5,6819.5,6032
2026-07-09T09:20:00+05:30,6816.5,6842.5,6811.5,6833,7641
2026-07-09T09:25:00+05:30,6832.5,6885,6832.5,6876,76660
2026-07-09T09:30:00+05:30,6876,6934.5,6871.5,6894.5,19231
2026-07-09T09:35:00+05:30,6894.5,6908,6892,6898,6916
2026-07-09T09:40:00+05:30,6896.5,6919.5,6896.5,6904.5,6932
2026-07-09T09:45:00+05:30,6904.5,6915,6902,6903.5,19766
2026-07-09T09:50:00+05:30,6903.5,6939,6898.5,6937.5,14670
2026-07-09T09:55:00+05:30,6937.5,6945,6918,6918,7488
2026-07-09T10:00:00+05:30,6918,6920.5,6887,6904,9255
2026-07-09T10:05:00+05:30,6904,6911.5,6900,6902.5,3004
2026-07-09T10:10:00+05:30,6902.5,6908,6896,6900,2025
2026-07-09T10:15:00+05:30,6897,6908,6897,6898.5,3619
2026-07-09T10:20:00+05:30,6898.5,6904,6891.5,6900.5,3431
2026-07-09T10:25:00+05:30,6901,6904.5,6895.5,6898,3414
2026-07-09T10:30:00+05:30,6898,6899,6889.5,6892,2450
2026-07-09T10:35:00+05:30,6892,6894.5,6882,6889,3870
2026-07-09T10:40:00+05:30,6889,6911,6888.5,6892,6006
2026-07-09T10:45:00+05:30,6892,6904.5,6884.5,6884.5,5687
2026-07-09T10:50:00+05:30,6887.5,6892,6882.5,6886.5,1966
2026-07-09T10:55:00+05:30,6886.5,6892.5,6875,6876.5,2973
2026-07-09T11:00:00+05:30,6877.5,6877.5,6859,6866.5,8979
2026-07-09T11:05:00+05:30,6866.5,6867.5,6857,6858.5,1965
2026-07-09T11:10:00+05:30,6856.5,6860,6852.5,6858.5,2121
2026-07-09T11:15:00+05:30,6855.5,6861.5,6849,6854,3170
2026-07-09T11:20:00+05:30,6854,6860,6854,6860,1421
2026-07-09T11:25:00+05:30,6857.5,6861,6852.5,6857.5,3118
2026-07-09T11:30:00+05:30,6856,6860,6854,6860,1546
2026-07-09T11:35:00+05:30,6860,6860,6851,6852,1952
2026-07-09T11:40:00+05:30,6852,6859,6850,6857.5,2228
2026-07-09T11:45:00+05:30,6856,6858.5,6850.5,6850.5,8352
2026-07-09T11:50:00+05:30,6850.5,6855,6848.5,6852,2107
2026-07-09T11:55:00+05:30,6852,6858,6851.5,6856,2481
2026-07-09T12:00:00+05:30,6856.5,6857,6855.5,6857,737
2026-07-09T12:05:00+05:30,6857,6885.5,6854.5,6873.5,6397
2026-07-09T12:10:00+05:30,6873.5,6878,6863,6865.5,3256
2026-07-09T12:15:00+05:30,6865.5,6875,6861.5,6864,5208
2026-07-09T12:20:00+05:30,6864,6866.5,6859.5,6860.5,661
2026-07-09T12:25:00+05:30,6860.5,6863.5,6860,6862,796
2026-07-09T12:30:00+05:30,6862,6865,6860.5,6864.5,887
2026-07-09T12:35:00+05:30,6863.5,6864,6858.5,6859,768
2026-07-09T12:40:00+05:30,6858.5,6859,6854,6855,828
2026-07-09T12:45:00+05:30,6855,6856.5,6854,6855,646
2026-07-09T12:50:00+05:30,6855,6860.5,6854,6857.5,1018
2026-07-09T12:55:00+05:30,6857,6857.5,6843.5,6844.5,1788
2026-07-09T13:00:00+05:30,6844.5,6849,6842,6843.5,1446
2026-07-09T13:05:00+05:30,6843.5,6847,6841,6843,1678
2026-07-09T13:10:00+05:30,6844,6848.5,6843,6844.5,828
2026-07-09T13:15:00+05:30,6844.5,6845,6832.5,6836.5,2983
2026-07-09T13:20:00+05:30,6836,6846,6833,6839.5,1763
2026-07-09T13:25:00+05:30,6839.5,6839.5,6833,6835,1879
2026-07-09T13:30:00+05:30,6835,6837.5,6832,6835.5,594
2026-07-09T13:35:00+05:30,6835.5,6849,6835,6846,978
2026-07-09T13:40:00+05:30,6842.5,6844.5,6836.5,6837,1786
2026-07-09T13:45:00+05:30,6837,6837,6829,6834,1445
2026-07-09T13:50:00+05:30,6834,6834,6826,6829,2602
2026-07-09T13:55:00+05:30,6829,6830,6820.5,6825,1972
2026-07-09T14:00:00+05:30,6825,6828,6815,6817.5,2554
2026-07-09T14:05:00+05:30,6817.5,6822,6808.5,6813.5,2285
2026-07-09T14:10:00+05:30,6812.5,6812.5,6801.5,6803.5,1497
2026-07-09T14:15:00+05:30,6806,6814,6803,6811,864
2026-07-09T14:20:00+05:30,6811,6818.5,6811,6811,2094
2026-07-09T14:25:00+05:30,6811,6812.5,6801,6803,1046
2026-07-09T14:30:00+05:30,6803,6812.5,6803,6806.5,874
2026-07-09T14:35:00+05:30,6806.5,6809.5,6798,6805,3051
2026-07-09T14:40:00+05:30,6803.5,6809.5,6800,6807,738
2026-07-09T14:45:00+05:30,6807,6809.5,6801.5,6805.5,1538
2026-07-09T14:50:00+05:30,6805.5,6810.5,6800.5,6801.5,1934
2026-07-09T14:55:00+05:30,6806,6816.5,6801,6811.5,1398
2026-07-09T15:00:00+05:30,6810,6812,6801,6808.5,4356
2026-07-09T15:05:00+05:30,6808,6809.5,6800,6806,4677
2026-07-09T15:10:00+05:30,6805.5,6812,6802,6807,6388
2026-07-09T15:15:00+05:30,6807.5,6821.5,6807.5,6815,7325
2026-07-09T15:20:00+05:30,6815,6821,6811,6819.5,9616
2026-07-09T15:25:00+05:30,6817.5,6827,6809.5,6820.5,8616
2026-07-10T09:15:00+05:30,6870,6871.5,6775,6782,7748
2026-07-10T09:20:00+05:30,6782,6795,6776,6781,4531
2026-07-10T09:25:00+05:30,6784.5,6798.5,6778,6794.5,4137
2026-07-10T09:30:00+05:30,6796,6818,6796,6818,3161
2026-07-10T09:35:00+05:30,6814.5,6816.5,6807,6812,1680
2026-07-10T09:40:00+05:30,6812,6820,6802.5,6806.5,3970
2026-07-10T09:45:00+05:30,6807,6816,6806.5,6808.5,1002
2026-07-10T09:50:00+05:30,6808,6819.5,6802,6816,1186
2026-07-10T09:55:00+05:30,6814.5,6831,6814,6831,1154
2026-07-10T10:00:00+05:30,6829.5,6836.5,6823,6823,848
2026-07-10T10:05:00+05:30,6823.5,6837.5,6823,6834,873
2026-07-10T10:10:00+05:30,6834,6855,6834,6853.5,2137
2026-07-10T10:15:00+05:30,6855,6862.5,6847.5,6857,3048
2026-07-10T10:20:00+05:30,6858,6860,6853,6855.5,1790
2026-07-10T10:25:00+05:30,6855.5,6856,6834.5,6846,15394
2026-07-10T10:30:00+05:30,6846,6850.5,6842,6842,2919
2026-07-10T10:35:00+05:30,6844,6844,6833,6841.5,4233
2026-07-10T10:40:00+05:30,6841.5,6850,6838.5,6848,3718
2026-07-10T10:45:00+05:30,6845,6852,6837.5,6840,3981
2026-07-10T10:50:00+05:30,6840,6849.5,6840,6847,3615
2026-07-10T10:55:00+05:30,6847,6847.5,6836,6840.5,3625
2026-07-10T11:00:00+05:30,6840.5,6840.5,6833.5,6839.5,768
2026-07-10T11:05:00+05:30,6839.5,6848.5,6833,6846,6976
2026-07-10T11:10:00+05:30,6846,6855,6846,6853.5,923
2026-07-10T11:15:00+05:30,6853.5,6857.5,6850.5,6850.5,670
2026-07-10T11:20:00+05:30,6850.5,6851,6840,6849,3854
2026-07-10T11:25:00+05:30,6849,6853,6847,6847,661
2026-07-10T11:30:00+05:30,6847,6852,6847,6848.5,606
2026-07-10T11:35:00+05:30,6850.5,6850.5,6828,6828,3482
2026-07-10T11:40:00+05:30,6828.5,6830,6817.5,6819,3354
2026-07-10T11:45:00+05:30,6819,6826.5,6818.5,6823,6803
2026-07-10T11:50:00+05:30,6823,6825,6812,6813,1253
2026-07-10T11:55:00+05:30,6813,6823,6811,6822,1189
2026-07-10T12:00:00+05:30,6823,6834,6823,6830.5,3112
2026-07-10T12:05:00+05:30,6832,6840,6818.5,6818.5,5141
2026-07-10T12:10:00+05:30,6818.5,6825,6818,6822.5,1172
2026-07-10T12:15:00+05:30,6822,6823.5,6815.5,6820,1167
2026-07-10T12:20:00+05:30,6820,6825,6816.5,6820,1050
2026-07-10T12:25:00+05:30,6820.5,6825,6819,6821,1088
2026-07-10T12:30:00+05:30,6821.5,6823,6813.5,6815,1650
2026-07-10T12:35:00+05:30,6813.5,6818,6805.5,6805.5,1891
2026-07-10T12:40:00+05:30,6805.5,6810.5,6801.5,6804,1637
2026-07-10T12:45:00+05:30,6803.5,6807,6803,6805,999
2026-07-10T12:50:00+05:30,6805,6808.5,6803,6804,1012
2026-07-10T12:55:00+05:30,6804,6807,6798,6805,2155
2026-07-10T13:00:00+05:30,6805,6805,6793,6795.5,1181
2026-07-10T13:05:00+05:30,6795.5,6798.5,6792,6792,1144
2026-07-10T13:10:00+05:30,6792,6796.5,6792,6796.5,306
2026-07-10T13:15:00+05:30,6795,6796.5,6790,6792,563
2026-07-10T13:20:00+05:30,6792,6798,6787.5,6791.5,1175
2026-07-10T13:25:00+05:30,6791,6792.5,6783,6784.5,1836
2026-07-10T13:30:00+05:30,6784.5,6794.5,6782.5,6791,1375
2026-07-10T13:35:00+05:30,6791,6798.5,6789,6795,1293
2026-07-10T13:40:00+05:30,6795,6801,6794.5,6798,2610
2026-07-10T13:45:00+05:30,6798,6800.5,6794,6800,2145
2026-07-10T13:50:00+05:30,6800,6800,6796,6796.5,1601
2026-07-10T13:55:00+05:30,6797,6797,6791,6793.5,624
2026-07-10T14:00:00+05:30,6793,6796.5,6791,6792.5,493
2026-07-10T14:05:00+05:30,6792,6794.5,6787,6789,1167
2026-07-10T14:10:00+05:30,6789,6793,6784,6790,1291
2026-07-10T14:15:00+05:30,6790,6793,6790,6792,941
2026-07-10T14:20:00+05:30,6792,6798,6790,6797.5,444
2026-07-10T14:25:00+05:30,6797.5,6814.5,6795,6814,312
2026-07-10T14:30:00+05:30,6813,6819,6806,6815,1132
2026-07-10T14:35:00+05:30,6815,6815,6801.5,6804.5,3634
2026-07-10T14:40:00+05:30,6805,6809,6799.5,6800.5,14773
2026-07-10T14:45:00+05:30,6800,6820.5,6798.5,6820,8183
2026-07-10T14:50:00+05:30,6820,6820.5,6806.5,6808.5,4916
2026-07-10T14:55:00+05:30,6808.5,6813,6806.5,6810,3501
2026-07-10T15:00:00+05:30,6810,6823,6806,6821,4488
2026-07-10T15:05:00+05:30,6821,6836.5,6820,6834.5,4394
2026-07-10T15:10:00+05:30,6834.5,6840,6833.5,6837.5,4366
2026-07-10T15:15:00+05:30,6837.5,6852.5,6834.5,6841.5,10916
2026-07-10T15:20:00+05:30,6842,6842,6835,6836.5,6052
2026-07-10T15:25:00+05:30,6836.5,6843,6830,6830.5,6942
2026-07-13T09:15:00+05:30,6830,6855,6792.5,6855,8005
2026-07-13T09:20:00+05:30,6848,6848,6820,6822,4024
2026-07-13T09:25:00+05:30,6825,6827.5,6812,6827,4838
2026-07-13T09:30:00+05:30,6820.5,6827,6815,6820.5,1078
2026-07-13T09:35:00+05:30,6817,6823,6805,6821,3311
2026-07-13T09:40:00+05:30,6817.5,6823,6811.5,6816,2130
2026-07-13T09:45:00+05:30,6816,6818.5,6806,6813,2118
2026-07-13T09:50:00+05:30,6812,6816,6807,6811,801
2026-07-13T09:55:00+05:30,6812.5,6812.5,6796,6802.5,1199
2026-07-13T10:00:00+05:30,6804.5,6816,6804.5,6813,742
2026-07-13T10:05:00+05:30,6815,6822,6812,6820,1378
2026-07-13T10:10:00+05:30,6820,6825.5,6817,6817,699
2026-07-13T10:15:00+05:30,6815.5,6819.5,6786.5,6803.5,4625
2026-07-13T10:20:00+05:30,6803.5,6804,6788,6792,2677
2026-07-13T10:25:00+05:30,6792,6806,6791,6801.5,3498
2026-07-13T10:30:00+05:30,6799,6809,6797.5,6806.5,829
2026-07-13T10:35:00+05:30,6806.5,6809.5,6795,6802.5,3069
2026-07-13T10:40:00+05:30,6800.5,6803,6795,6802,903
2026-07-13T10:45:00+05:30,6802,6808.5,6799,6800,529
2026-07-13T10:50:00+05:30,6800,6801.5,6792,6796,1221
2026-07-13T10:55:00+05:30,6796.5,6797.5,6792.5,6797.5,378
2026-07-13T11:00:00+05:30,6797.5,6800,6794,6800,458
2026-07-13T11:05:00+05:30,6800,6801,6796.5,6798.5,367
2026-07-13T11:10:00+05:30,6798.5,6811.5,6798.5,6811.5,3964
2026-07-13T11:15:00+05:30,6811.5,6811.5,6803,6805,580
2026-07-13T11:20:00+05:30,6805,6807,6803,6803,299
2026-07-13T11:25:00+05:30,6803,6807,6798.5,6803,585
2026-07-13T11:30:00+05:30,6803,6803,6801.5,6803,247
2026-07-13T11:35:00+05:30,6803,6803.5,6801,6803.5,125
2026-07-13T11:40:00+05:30,6803.5,6805,6801,6804,247
2026-07-13T11:45:00+05:30,6804,6807,6801,6803,581
2026-07-13T11:50:00+05:30,6806.5,6807,6803,6807,415
2026-07-13T11:55:00+05:30,6807,6819.5,6804.5,6811.5,1568
2026-07-13T12:00:00+05:30,6814,6814,6810,6810,702
2026-07-13T12:05:00+05:30,6813,6817,6807,6808.5,1789
2026-07-13T12:10:00+05:30,6807,6812.5,6804,6808.5,716
2026-07-13T12:15:00+05:30,6808.5,6810,6805,6807.5,275
2026-07-13T12:20:00+05:30,6807.5,6810,6805.5,6808.5,373
2026-07-13T12:25:00+05:30,6808.5,6812,6808.5,6810,390
2026-07-13T12:30:00+05:30,6810,6815,6805.5,6815,1006
2026-07-13T12:35:00+05:30,6815,6817,6810,6811.5,1965
2026-07-13T12:40:00+05:30,6812,6831,6810,6829.5,5103
2026-07-13T12:45:00+05:30,6829.5,6832.5,6827,6832,2354
2026-07-13T12:50:00+05:30,6832,6839,6831.5,6833.5,1694
2026-07-13T12:55:00+05:30,6834.5,6842,6832.5,6841,9805
2026-07-13T13:00:00+05:30,6849,6879,6840,6870,7226
2026-07-13T13:05:00+05:30,6866,6871.5,6865.5,6867,1458
2026-07-13T13:10:00+05:30,6865,6871.5,6865,6870,550
2026-07-13T13:15:00+05:30,6870,6875,6867,6870.5,860
2026-07-13T13:20:00+05:30,6870.5,6879,6870,6873,917
2026-07-13T13:25:00+05:30,6873,6875,6864.5,6864.5,611
2026-07-13T13:30:00+05:30,6864.5,6867,6857,6860,989
2026-07-13T13:35:00+05:30,6860,6868,6860,6868,465
2026-07-13T13:40:00+05:30,6868,6868,6863.5,6864,78
2026-07-13T13:45:00+05:30,6864,6894,6864,6890,4298
2026-07-13T13:50:00+05:30,6890,6920,6886.5,6911,7585
2026-07-13T13:55:00+05:30,6911,6919,6904,6919,4059
2026-07-13T14:00:00+05:30,6919,6922,6914.5,6922,5824
2026-07-13T14:05:00+05:30,6922,6935,6910,6911,7402
2026-07-13T14:10:00+05:30,6913.5,6919,6905.5,6918.5,2164
2026-07-13T14:15:00+05:30,6918.5,6924.5,6913,6924,5069
2026-07-13T14:20:00+05:30,6924,6927,6907,6908.5,2952
2026-07-13T14:25:00+05:30,6908,6912,6903,6906,3076
2026-07-13T14:30:00+05:30,6906,6912.5,6903.5,6909,1907
2026-07-13T14:35:00+05:30,6909,6929.5,6906,6923,11137
2026-07-13T14:40:00+05:30,6923,6932.5,6922.5,6930.5,3899
2026-07-13T14:45:00+05:30,6930,6940,6928,6936,11253
2026-07-13T14:50:00+05:30,6936,6952.5,6933,6946.5,12775
2026-07-13T14:55:00+05:30,6946.5,6958,6938,6945.5,12265
2026-07-13T15:00:00+05:30,6944.5,6954,6938.5,6942.5,9349
2026-07-13T15:05:00+05:30,6942.5,6944.5,6940.5,6944,9115
2026-07-13T15:10:00+05:30,6943,6943,6922,6926.5,14350
2026-07-13T15:15:00+05:30,6926.5,6952,6922,6950,13516
2026-07-13T15:20:00+05:30,6952,6955,6938,6941,22529
2026-07-13T15:25:00+05:30,6941,6945,6916.5,6942.5,12341
2026-07-14T09:15:00+05:30,6960,6966,6909,6951.5,21469
2026-07-14T09:20:00+05:30,6949,6954,6932,6950,7362
2026-07-14T09:25:00+05:30,6941.5,6959,6934.5,6956,6340
2026-07-14T09:30:00+05:30,6959.5,6973.5,6943,6960,14968
2026-07-14T09:35:00+05:30,6959.5,6960,6946.5,6950,5354
2026-07-14T09:40:00+05:30,6950,6979,6943,6972,7797
2026-07-14T09:45:00+05:30,6976,6987.5,6969.5,6985.5,15341
2026-07-14T09:50:00+05:30,6985.5,6996,6978,6987.5,22503
2026-07-14T09:55:00+05:30,6985.5,7009,6983.5,7005,30640
2026-07-14T10:00:00+05:30,7005,7014,6997,7009,28056
2026-07-14T10:05:00+05:30,7009,7027,7003.5,7016.5,33584
2026-07-14T10:10:00+05:30,7016.5,7028,7006,7023.5,21993
2026-07-14T10:15:00+05:30,7026,7028,6994,7000,17957
2026-07-14T10:20:00+05:30,7000,7012.5,6975,7007,16365
2026-07-14T10:25:00+05:30,7007,7011.5,6994,7001.5,20559
2026-07-14T10:30:00+05:30,7007.5,7039.5,7006.5,7033.5,19305
2026-07-14T10:35:00+05:30,7033.5,7053,7025,7053,24357
2026-07-14T10:40:00+05:30,7049.5,7065,7045,7053,16587
2026-07-14T10:45:00+05:30,7053,7070,7053,7068.5,15810
2026-07-14T10:50:00+05:30,7066.5,7084,7066.5,7073.5,21304
2026-07-14T10:55:00+05:30,7073.5,7110,7071,7105,30306
2026-07-14T11:00:00+05:30,7106.5,7107,7057.5,7065.5,18081
2026-07-14T11:05:00+05:30,7064,7074,7045.5,7053,21285
2026-07-14T11:10:00+05:30,7054,7059,7032,7036.5,12125
2026-07-14T11:15:00+05:30,7036.5,7065.5,7028,7055,12496
2026-07-14T11:20:00+05:30,7053,7077,7048,7070,7449
2026-07-14T11:25:00+05:30,7070,7080,7064,7071,6717
2026-07-14T11:30:00+05:30,7071,7077.5,7056,7066,5241
2026-07-14T11:35:00+05:30,7067.5,7071,7063,7067,6210
2026-07-14T11:40:00+05:30,7067,7072.5,7066.5,7072.5,4890
2026-07-14T11:45:00+05:30,7079,7087,7063.5,7065,12649
2026-07-14T11:50:00+05:30,7066,7070,7051,7061.5,9423
2026-07-14T11:55:00+05:30,7061,7077,7057,7074,8588
2026-07-14T12:00:00+05:30,7074,7095,7073,7093.5,15818
2026-07-14T12:05:00+05:30,7093.5,7115.5,7091,7115,22786
2026-07-14T12:10:00+05:30,7116,7135,7116,7122.5,26944
2026-07-14T12:15:00+05:30,7122.5,7133,7122.5,7127.5,10850
2026-07-14T12:20:00+05:30,7127.5,7130,7097,7123.5,46186
2026-07-14T12:25:00+05:30,7123.5,7144,7123,7141.5,14658
2026-07-14T12:30:00+05:30,7141.5,7153,7125,7144,20731
2026-07-14T12:35:00+05:30,7145,7146.5,7126,7126,8247
2026-07-14T12:40:00+05:30,7122,7148,7120,7139.5,9368
2026-07-14T12:45:00+05:30,7139.5,7139.5,7125,7130,6353
2026-07-14T12:50:00+05:30,7131,7142,7128,7142,8847
2026-07-14T12:55:00+05:30,7143,7154.5,7139,7146,14795
2026-07-14T13:00:00+05:30,7146,7159,7144,7151.5,16629
2026-07-14T13:05:00+05:30,7151.5,7155,7121,7125,15208
2026-07-14T13:10:00+05:30,7123,7132.5,7122.5,7132.5,5067
2026-07-14T13:15:00+05:30,7131,7140,7125,7129,9481
2026-07-14T13:20:00+05:30,7130,7138,7126,7130,7387
2026-07-14T13:25:00+05:30,7130,7131,7115,7123.5,7040
2026-07-14T13:30:00+05:30,7123.5,7133.5,7120.5,7126,4791
2026-07-14T13:35:00+05:30,7126,7130,7100,7107.5,10938
2026-07-14T13:40:00+05:30,7109.5,7123,7107,7121,4487
2026-07-14T13:45:00+05:30,7121,7140,7119,7137.5,8938
2026-07-14T13:50:00+05:30,7137.5,7140,7100,7119,10220
2026-07-14T13:55:00+05:30,7120.5,7128,7118.5,7124,3726
2026-07-14T14:00:00+05:30,7126.5,7135,7124,7131,5133
2026-07-14T14:05:00+05:30,7131,7139,7129.5,7137,6922
2026-07-14T14:10:00+05:30,7137.5,7139,7126.5,7134,5483
2026-07-14T14:15:00+05:30,7134,7135.5,7120,7134.5,6410
2026-07-14T14:20:00+05:30,7134.5,7140,7131,7136.5,5975
2026-07-14T14:25:00+05:30,7139,7147.5,7125.5,7129.5,21927
2026-07-14T14:30:00+05:30,7129.5,7137.5,7129,7135.5,2303
2026-07-14T14:35:00+05:30,7136.5,7140,7131,7139.5,6953
2026-07-14T14:40:00+05:30,7140,7159,7137,7153.5,18984
2026-07-14T14:45:00+05:30,7153.5,7156,7140,7143,5477
2026-07-14T14:50:00+05:30,7145.5,7157,7143,7150,10279
2026-07-14T14:55:00+05:30,7150,7170,7150,7162.5,19337
2026-07-14T15:00:00+05:30,7164,7175,7159,7171.5,13297
2026-07-14T15:05:00+05:30,7179,7186.5,7171,7183.5,17474
2026-07-14T15:10:00+05:30,7183.5,7194.5,7176,7193.5,23262
2026-07-14T15:15:00+05:30,7194,7204,7190,7198,34794
2026-07-14T15:20:00+05:30,7198,7205,7183,7189,35210
2026-07-14T15:25:00+05:30,7189,7208.5,7172,7195,20229
2026-07-15T09:15:00+05:30,7260,7289.5,7239,7289,80957
2026-07-15T09:20:00+05:30,7289,7323,7285,7302.5,42241
2026-07-15T09:25:00+05:30,7305.5,7324.5,7303,7320,21772
2026-07-15T09:30:00+05:30,7315,7324,7312,7320,16347
2026-07-15T09:35:00+05:30,7322,7323.5,7312,7312,8594
2026-07-15T09:40:00+05:30,7313,7316.5,7304,7315,10618
2026-07-15T09:45:00+05:30,7311,7322,7272,7320,23891
2026-07-15T09:50:00+05:30,7320,7322,7310,7311.5,11682
2026-07-15T09:55:00+05:30,7315,7330,7312,7319,13348
2026-07-15T10:00:00+05:30,7319.5,7320,7300,7309,9063
2026-07-15T10:05:00+05:30,7308,7312,7281,7311,15415
2026-07-15T10:10:00+05:30,7311,7312.5,7301,7303,2772
2026-07-15T10:15:00+05:30,7302,7309.5,7300,7304.5,6196
2026-07-15T10:20:00+05:30,7302.5,7305,7300,7301,6755
2026-07-15T10:25:00+05:30,7301,7311,7300,7307,4742
2026-07-15T10:30:00+05:30,7306.5,7320,7306.5,7319.5,9434
2026-07-15T10:35:00+05:30,7319.5,7320,7303.5,7304,4791
2026-07-15T10:40:00+05:30,7304,7310,7286,7289.5,7300
2026-07-15T10:45:00+05:30,7289,7289,7273.5,7275.5,10738
2026-07-15T10:50:00+05:30,7276.5,7282.5,7270.5,7282,5924
2026-07-15T10:55:00+05:30,7282,7282,7264,7275,6743
2026-07-15T11:00:00+05:30,7275,7275,7268.5,7270,3768
2026-07-15T11:05:00+05:30,7270,7273,7260,7269.5,10147
2026-07-15T11:10:00+05:30,7269,7284,7264.5,7278,4076
2026-07-15T11:15:00+05:30,7278,7278,7267,7275,4169
2026-07-15T11:20:00+05:30,7275,7278,7273.5,7275.5,829
2026-07-15T11:25:00+05:30,7273.5,7277,7270,7272,715
2026-07-15T11:30:00+05:30,7272,7283,7271,7283,2336
2026-07-15T11:35:00+05:30,7283,7287.5,7280.5,7285,5126
2026-07-15T11:40:00+05:30,7285,7297.5,7280.5,7286,6930
2026-07-15T11:45:00+05:30,7286,7306.5,7286,7305.5,12053
2026-07-15T11:50:00+05:30,7307,7307.5,7300,7303.5,4081
2026-07-15T11:55:00+05:30,7304,7306.5,7297.5,7298.5,3824
2026-07-15T12:00:00+05:30,7298.5,7302.5,7290,7292.5,3582
2026-07-15T12:05:00+05:30,7292,7298.5,7291,7296,3055
2026-07-15T12:10:00+05:30,7296,7309,7294.5,7307,3639
2026-07-15T12:15:00+05:30,7306,7318,7305.5,7311.5,6538
2026-07-15T12:20:00+05:30,7307.5,7319.5,7306.5,7310,8969
2026-07-15T12:25:00+05:30,7310,7315.5,7303,7310.5,5410
2026-07-15T12:30:00+05:30,7310.5,7311,7304,7309,2901
2026-07-15T12:35:00+05:30,7308,7308,7295,7299,5293
2026-07-15T12:40:00+05:30,7299,7302,7289,7296,9157
2026-07-15T12:45:00+05:30,7291.5,7296,7290.5,7294,2781
2026-07-15T12:50:00+05:30,7294,7294,7289.5,7290,2903
2026-07-15T12:55:00+05:30,7291,7292,7262.5,7270.5,15365
2026-07-15T13:00:00+05:30,7269,7282,7267,7281.5,4905
2026-07-15T13:05:00+05:30,7280,7283,7275,7280.5,4951
2026-07-15T13:10:00+05:30,7280.5,7284,7278,7282.5,4169
2026-07-15T13:15:00+05:30,7282.5,7288.5,7280,7288,3561
2026-07-15T13:20:00+05:30,7288,7292,7280.5,7286.5,5760
2026-07-15T13:25:00+05:30,7285,7290.5,7280.5,7289,3706
2026-07-15T13:30:00+05:30,7289,7291.5,7280,7291.5,13207
2026-07-15T13:35:00+05:30,7291.5,7295,7286,7292.5,4596
2026-07-15T13:40:00+05:30,7292.5,7295,7288,7290,3321
2026-07-15T13:45:00+05:30,7290,7295.5,7288.5,7293,2891
2026-07-15T13:50:00+05:30,7293,7295.5,7274.5,7279,10120
2026-07-15T13:55:00+05:30,7279,7285,7279,7285,2408
2026-07-15T14:00:00+05:30,7284,7285,7270.5,7274,5274
2026-07-15T14:05:00+05:30,7274.5,7275,7272.5,7272.5,4833
2026-07-15T14:10:00+05:30,7272,7275,7268.5,7270,3872
2026-07-15T14:15:00+05:30,7270.5,7275,7269,7275,3399
2026-07-15T14:20:00+05:30,7275,7279.5,7268,7278,8302
2026-07-15T14:25:00+05:30,7278,7280,7271.5,7274.5,4060
2026-07-15T14:30:00+05:30,7275,7275,7267.5,7274,4056
2026-07-15T14:35:00+05:30,7274.5,7275,7270,7275,3097
2026-07-15T14:40:00+05:30,7275,7275.5,7271,7274.5,7404
2026-07-15T14:45:00+05:30,7275,7275,7271,7275,3470
2026-07-15T14:50:00+05:30,7275,7279.5,7270,7271,11551
2026-07-15T14:55:00+05:30,7271,7275,7260,7262,4843
2026-07-15T15:00:00+05:30,7262,7264,7251,7258,12172
2026-07-15T15:05:00+05:30,7258.5,7260,7247,7247,7825
2026-07-15T15:10:00+05:30,7248.5,7252.5,7242.5,7246.5,16229
2026-07-15T15:15:00+05:30,7246.5,7248.5,7234,7242,19505
2026-07-15T15:20:00+05:30,7243.5,7259,7239.5,7257,9622
2026-07-15T15:25:00+05:30,7257.5,7320,7251.5,7300,79066
2026-07-16T09:15:00+05:30,7320,7330,7274,7303.5,11591
2026-07-16T09:20:00+05:30,7300,7311.5,7286.5,7289,5631
2026-07-16T09:25:00+05:30,7289,7299.5,7287.5,7290.5,6098
2026-07-16T09:30:00+05:30,7290,7296,7285,7294,4468
2026-07-16T09:35:00+05:30,7291,7296.5,7285,7293,5129
2026-07-16T09:40:00+05:30,7293,7295,7287,7291.5,1911
2026-07-16T09:45:00+05:30,7291.5,7306,7286,7303,16248
2026-07-16T09:50:00+05:30,7303,7313.5,7303,7308,3879
2026-07-16T09:55:00+05:30,7308,7323.5,7307,7315,5393
2026-07-16T10:00:00+05:30,7314.5,7317.5,7309.5,7316,2196
2026-07-16T10:05:00+05:30,7316,7318,7312,7314.5,3174
2026-07-16T10:10:00+05:30,7313.5,7322.5,7310,7320,4809
2026-07-16T10:15:00+05:30,7320,7322.5,7316.5,7320.5,2218
2026-07-16T10:20:00+05:30,7320.5,7345,7320.5,7338,7886
2026-07-16T10:25:00+05:30,7340,7349,7336.5,7345,5003
2026-07-16T10:30:00+05:30,7345,7389.5,7342.5,7388,12312
2026-07-16T10:35:00+05:30,7386.5,7390,7366.5,7375,9287
2026-07-16T10:40:00+05:30,7373.5,7384,7372,7375,6214
2026-07-16T10:45:00+05:30,7375,7378.5,7370,7375,12918
2026-07-16T10:50:00+05:30,7375,7376.5,7371.5,7375,11022
2026-07-16T10:55:00+05:30,7375,7377,7372,7375,2184
2026-07-16T11:00:00+05:30,7375.5,7380,7369.5,7379,25114
2026-07-16T11:05:00+05:30,7380,7380,7368,7373,41615
2026-07-16T11:10:00+05:30,7375,7376.5,7349,7353.5,75394
2026-07-16T11:15:00+05:30,7353.5,7358.5,7350,7358,13595
2026-07-16T11:20:00+05:30,7357.5,7365,7357.5,7362.5,3159
2026-07-16T11:25:00+05:30,7363,7364,7359.5,7359.5,2169
2026-07-16T11:30:00+05:30,7359.5,7375,7353.5,7373,6926
2026-07-16T11:35:00+05:30,7373,7373,7362,7368,2873
2026-07-16T11:40:00+05:30,7366,7384.5,7363,7382,4859
2026-07-16T11:45:00+05:30,7382,7383,7376,7378,3095
2026-07-16T11:50:00+05:30,7378,7387.5,7370,7387.5,5967
2026-07-16T11:55:00+05:30,7387.5,7388,7377.5,7383.5,7085
2026-07-16T12:00:00+05:30,7383,7384,7364,7364,6193
2026-07-16T12:05:00+05:30,7364,7369,7360.5,7365,5859
2026-07-16T12:10:00+05:30,7365.5,7367.5,7351,7364.5,10986
2026-07-16T12:15:00+05:30,7364.5,7375.5,7363,7372,5890
2026-07-16T12:20:00+05:30,7372,7375,7352,7356.5,10928
2026-07-16T12:25:00+05:30,7356.5,7369.5,7356.5,7364,6358
2026-07-16T12:30:00+05:30,7364,7365,7358,7365,5578
2026-07-16T12:35:00+05:30,7365,7374.5,7364,7370.5,5465
2026-07-16T12:40:00+05:30,7371.5,7372.5,7364.5,7371.5,6143
2026-07-16T12:45:00+05:30,7371.5,7372,7357.5,7361.5,6723
2026-07-16T12:50:00+05:30,7361,7365,7346,7348,5392
2026-07-16T12:55:00+05:30,7348,7352,7345.5,7347.5,5167
2026-07-16T13:00:00+05:30,7347.5,7351,7342.5,7345,4975
2026-07-16T13:05:00+05:30,7346,7351,7342.5,7351,5376
2026-07-16T13:10:00+05:30,7350.5,7350.5,7343,7345,5227
2026-07-16T13:15:00+05:30,7347.5,7357,7345,7353,8462
2026-07-16T13:20:00+05:30,7353,7371,7351.5,7371,5746
2026-07-16T13:25:00+05:30,7369.5,7372,7352.5,7357,10129
2026-07-16T13:30:00+05:30,7354.5,7356,7346.5,7349,7188
2026-07-16T13:35:00+05:30,7348,7352,7341.5,7342.5,6194
2026-07-16T13:40:00+05:30,7342.5,7344,7332.5,7333.5,13134
2026-07-16T13:45:00+05:30,7333.5,7336.5,7326.5,7333,5851
2026-07-16T13:50:00+05:30,7330,7340.5,7328.5,7338.5,5175
2026-07-16T13:55:00+05:30,7338.5,7342.5,7318.5,7321.5,25079
2026-07-16T14:00:00+05:30,7320.5,7327,7310,7314,8565
2026-07-16T14:05:00+05:30,7314,7325,7313.5,7323,2750
2026-07-16T14:10:00+05:30,7322.5,7325.5,7320,7320,2721
2026-07-16T14:15:00+05:30,7321,7329.5,7318.5,7324.5,4397
2026-07-16T14:20:00+05:30,7324.5,7328.5,7322.5,7325,5319
2026-07-16T14:25:00+05:30,7325,7330.5,7322,7324,4532
2026-07-16T14:30:00+05:30,7324,7332.5,7321,7321,4785
2026-07-16T14:35:00+05:30,7320.5,7323.5,7313.5,7318,7226
2026-07-16T14:40:00+05:30,7320,7329,7315.5,7325.5,6513
2026-07-16T14:45:00+05:30,7326.5,7335,7322.5,7333.5,5149
2026-07-16T14:50:00+05:30,7331.5,7339,7322,7327,7329
2026-07-16T14:55:00+05:30,7327,7327,7312.5,7314,8403
2026-07-16T15:00:00+05:30,7314,7325.5,7309.5,7312,13330
2026-07-16T15:05:00+05:30,7310,7317,7303.5,7309.5,15488
2026-07-16T15:10:00+05:30,7309,7317.5,7309,7311,11243
2026-07-16T15:15:00+05:30,7311.5,7316,7308,7312,11523
2026-07-16T15:20:00+05:30,7312,7318,7309,7316.5,14275
2026-07-16T15:25:00+05:30,7312.5,7340,7308,7327,19109
2026-07-17T09:15:00+05:30,7316,7316.5,7271.5,7273,16639
2026-07-17T09:20:00+05:30,7271.5,7273.5,7253.5,7259.5,7421
2026-07-17T09:25:00+05:30,7258.5,7280.5,7250,7278,10624
2026-07-17T09:30:00+05:30,7274.5,7282,7265,7273.5,5134
2026-07-17T09:35:00+05:30,7274.5,7280.5,7242.5,7249.5,5921
2026-07-17T09:40:00+05:30,7249.5,7255,7239,7244.5,2622
2026-07-17T09:45:00+05:30,7241,7270,7237,7268.5,4385
2026-07-17T09:50:00+05:30,7270,7287,7264.5,7281.5,7697
2026-07-17T09:55:00+05:30,7280,7282,7269.5,7270.5,2341
2026-07-17T10:00:00+05:30,7268.5,7271.5,7258,7261.5,4355
2026-07-17T10:05:00+05:30,7262,7284.5,7261.5,7281,5382
2026-07-17T10:10:00+05:30,7281,7283.5,7274,7274,2066
2026-07-17T10:15:00+05:30,7274.5,7282,7265,7280.5,9908
2026-07-17T10:20:00+05:30,7281.5,7286,7266.5,7286,8890
2026-07-17T10:25:00+05:30,7285,7293.5,7279,7285.5,7828
2026-07-17T10:30:00+05:30,7290,7305,7283,7283,8275
2026-07-17T10:35:00+05:30,7286.5,7288,7279.5,7287.5,1917
2026-07-17T10:40:00+05:30,7288,7290,7279.5,7280,8250
2026-07-17T10:45:00+05:30,7280,7290,7276.5,7285,2914
2026-07-17T10:50:00+05:30,7285,7288,7282,7283,2259
2026-07-17T10:55:00+05:30,7283,7290,7281,7287,1872
2026-07-17T11:00:00+05:30,7285.5,7290,7285,7289,1711
2026-07-17T11:05:00+05:30,7289.5,7295,7287.5,7289,1891
2026-07-17T11:10:00+05:30,7290.5,7294,7285.5,7286,1793
2026-07-17T11:15:00+05:30,7286,7291,7274,7283,10818
2026-07-17T11:20:00+05:30,7281.5,7282.5,7274.5,7276.5,3424
2026-07-17T11:25:00+05:30,7278,7280,7273,7276,10677
2026-07-17T11:30:00+05:30,7276,7277.5,7254.5,7259.5,6965
2026-07-17T11:35:00+05:30,7259.5,7266.5,7252.5,7266.5,4408
2026-07-17T11:40:00+05:30,7266.5,7271,7257.5,7260.5,4688
2026-07-17T11:45:00+05:30,7260.5,7262,7257.5,7261,2090
2026-07-17T11:50:00+05:30,7260,7265,7240,7248,5775
2026-07-17T11:55:00+05:30,7248,7257.5,7244,7255.5,16897
2026-07-17T12:00:00+05:30,7254.5,7262,7246.5,7247.5,2143
2026-07-17T12:05:00+05:30,7247.5,7253.5,7231,7253,3995
2026-07-17T12:10:00+05:30,7252.5,7252.5,7240.5,7243.5,8586
2026-07-17T12:15:00+05:30,7243.5,7247.5,7236,7245.5,3215
2026-07-17T12:20:00+05:30,7245.5,7248.5,7241.5,7244,3224
2026-07-17T12:25:00+05:30,7244,7251,7237.5,7240.5,3090
2026-07-17T12:30:00+05:30,7238,7245.5,7238,7245.5,2562
2026-07-17T12:35:00+05:30,7245.5,7248,7242,7247,2233
2026-07-17T12:40:00+05:30,7247.5,7250,7242.5,7242.5,2161
2026-07-17T12:45:00+05:30,7242.5,7261,7242.5,7260,8250
2026-07-17T12:50:00+05:30,7260,7267.5,7255,7262,5657
2026-07-17T12:55:00+05:30,7262,7262,7240,7246,11153
2026-07-17T13:00:00+05:30,7246,7254,7241.5,7249.5,4300
2026-07-17T13:05:00+05:30,7249.5,7254.5,7247,7254,3001
2026-07-17T13:10:00+05:30,7254,7255,7249,7249.5,5430
2026-07-17T13:15:00+05:30,7249.5,7256.5,7246,7255.5,5857
2026-07-17T13:20:00+05:30,7255.5,7259.5,7250.5,7254.5,2704
2026-07-17T13:25:00+05:30,7254.5,7259,7253.5,7255.5,3018
2026-07-17T13:30:00+05:30,7255.5,7255.5,7240,7240,3732
2026-07-17T13:35:00+05:30,7239.5,7244.5,7234.5,7237.5,5194
2026-07-17T13:40:00+05:30,7237.5,7237.5,7222,7227,4597
2026-07-17T13:45:00+05:30,7227,7230,7219,7226,13099
2026-07-17T13:50:00+05:30,7227.5,7227.5,7218,7218,5785
2026-07-17T13:55:00+05:30,7222.5,7225.5,7204,7218.5,21808
2026-07-17T14:00:00+05:30,7218.5,7221.5,7212.5,7213.5,2151
2026-07-17T14:05:00+05:30,7213.5,7215.5,7207,7209.5,2874
2026-07-17T14:10:00+05:30,7212,7218.5,7209.5,7216,2731
2026-07-17T14:15:00+05:30,7216,7219,7208,7211,6407
2026-07-17T14:20:00+05:30,7211,7218,7210.5,7214,2992
2026-07-17T14:25:00+05:30,7213.5,7226,7213,7216,9533
2026-07-17T14:30:00+05:30,7216,7223.5,7212,7217,4030
2026-07-17T14:35:00+05:30,7217,7220,7200,7209.5,14030
2026-07-17T14:40:00+05:30,7209.5,7217,7209.5,7213.5,2712
2026-07-17T14:45:00+05:30,7216,7219,7208,7214,3313
2026-07-17T14:50:00+05:30,7214,7216,7203,7207.5,3359
2026-07-17T14:55:00+05:30,7211,7215,7209,7210.5,2951
2026-07-17T15:00:00+05:30,7211.5,7220.5,7211,7218,8989
2026-07-17T15:05:00+05:30,7219.5,7285,7219.5,7283.5,27095
2026-07-17T15:10:00+05:30,7282.5,7282.5,7255,7258,9269
2026-07-17T15:15:00+05:30,7257,7261,7256,7257.5,4952
2026-07-17T15:20:00+05:30,7258.5,7267,7257,7264,6516
2026-07-17T15:25:00+05:30,7264,7264,7250,7256,7955
2026-07-20T09:15:00+05:30,7260,7318.5,7237.5,7318.5,10399
2026-07-20T09:20:00+05:30,7318.5,7328,7303,7306,8594
2026-07-20T09:25:00+05:30,7308.5,7309,7279.5,7280,3676
2026-07-20T09:30:00+05:30,7280,7309.5,7280,7308.5,3260
2026-07-20T09:35:00+05:30,7309,7309,7299.5,7307,1040
2026-07-20T09:40:00+05:30,7307.5,7308.5,7295,7295,1231
2026-07-20T09:45:00+05:30,7294,7300.5,7288,7288,2525
2026-07-20T09:50:00+05:30,7291,7299.5,7291,7291.5,802
2026-07-20T09:55:00+05:30,7291.5,7321.5,7291.5,7317.5,3130
2026-07-20T10:00:00+05:30,7320,7342.5,7314.5,7339.5,4080
2026-07-20T10:05:00+05:30,7339.5,7339.5,7325.5,7327.5,3387
2026-07-20T10:10:00+05:30,7327.5,7332.5,7317,7320,6062
2026-07-20T10:15:00+05:30,7320,7320,7315,7315,863
2026-07-20T10:20:00+05:30,7315,7327.5,7314,7321,2400
2026-07-20T10:25:00+05:30,7321,7329.5,7318,7321,1488
2026-07-20T10:30:00+05:30,7321,7322.5,7316,7317,924
2026-07-20T10:35:00+05:30,7317,7330,7316,7329,1709
2026-07-20T10:40:00+05:30,7329,7330,7325.5,7329.5,736
2026-07-20T10:45:00+05:30,7327.5,7329,7320,7322.5,2984
2026-07-20T10:50:00+05:30,7322.5,7329.5,7320.5,7328.5,1360
2026-07-20T10:55:00+05:30,7328.5,7346.5,7328.5,7344,6203
2026-07-20T11:00:00+05:30,7344.5,7347,7341,7344.5,1836
2026-07-20T11:05:00+05:30,7342,7353.5,7341,7351,7032
2026-07-20T11:10:00+05:30,7351,7355,7348.5,7350,3157
2026-07-20T11:15:00+05:30,7350,7355.5,7350,7355,2364
2026-07-20T11:20:00+05:30,7353.5,7355,7350,7350.5,1801
2026-07-20T11:25:00+05:30,7350.5,7354.5,7349,7354,2756
2026-07-20T11:30:00+05:30,7354,7358,7350,7351,999
2026-07-20T11:35:00+05:30,7351,7363.5,7350,7358.5,1955
2026-07-20T11:40:00+05:30,7358.5,7367,7357.5,7365,1911
2026-07-20T11:45:00+05:30,7365,7366,7357,7357,1344
2026-07-20T11:50:00+05:30,7357,7370,7356.5,7369.5,3318
2026-07-20T11:55:00+05:30,7368,7375,7367,7370,3357
2026-07-20T12:00:00+05:30,7370,7392,7370,7391,37506
2026-07-20T12:05:00+05:30,7391,7405,7387,7404.5,14562
2026-07-20T12:10:00+05:30,7404.5,7423.5,7398,7413,9910
2026-07-20T12:15:00+05:30,7415,7420,7410,7417.5,7445
2026-07-20T12:20:00+05:30,7417.5,7425,7414.5,7419,3842
2026-07-20T12:25:00+05:30,7418,7423.5,7409,7412.5,3505
2026-07-20T12:30:00+05:30,7412.5,7438.5,7412.5,7427,9760
2026-07-20T12:35:00+05:30,7429,7435,7415,7416,7641
2026-07-20T12:40:00+05:30,7416,7419.5,7402.5,7407.5,7403
2026-07-20T12:45:00+05:30,7407.5,7413.5,7407.5,7411.5,2302
2026-07-20T12:50:00+05:30,7411.5,7411.5,7396,7409,5043
2026-07-20T12:55:00+05:30,7409,7409.5,7400,7404,2828
2026-07-20T13:00:00+05:30,7404,7410.5,7398,7400,4677
2026-07-20T13:05:00+05:30,7400,7405,7396,7400.5,3717
2026-07-20T13:10:00+05:30,7400.5,7412.5,7400,7410,1775
2026-07-20T13:15:00+05:30,7412,7415,7406,7410,2055
2026-07-20T13:20:00+05:30,7410,7414,7400.5,7400.5,4140
2026-07-20T13:25:00+05:30,7400.5,7404,7386.5,7392,14205
2026-07-20T13:30:00+05:30,7392,7397.5,7383.5,7396,6778
2026-07-20T13:35:00+05:30,7396,7400,7391,7400,3628
2026-07-20T13:40:00+05:30,7399.5,7400,7386.5,7388,5045
2026-07-20T13:45:00+05:30,7388,7393,7385,7389.5,6070
2026-07-20T13:50:00+05:30,7389.5,7393,7383,7387,5523
2026-07-20T13:55:00+05:30,7386.5,7390,7370,7372,7775
2026-07-20T14:00:00+05:30,7372.5,7380.5,7363,7375,8244
2026-07-20T14:05:00+05:30,7378,7378,7368.5,7374.5,5557
2026-07-20T14:10:00+05:30,7374.5,7376,7352,7354.5,7172
2026-07-20T14:15:00+05:30,7359.5,7361.5,7348.5,7356.5,5133
2026-07-20T14:20:00+05:30,7356.5,7356.5,7324,7324,18511
2026-07-20T14:25:00+05:30,7322.5,7342.5,7316.5,7342.5,10069
2026-07-20T14:30:00+05:30,7343.5,7343.5,7315.5,7321,10222
2026-07-20T14:35:00+05:30,7321.5,7324,7306,7318,6590
2026-07-20T14:40:00+05:30,7318,7318.5,7314,7317,4344
2026-07-20T14:45:00+05:30,7318,7325.5,7305,7321.5,7277
2026-07-20T14:50:00+05:30,7317.5,7320.5,7313.5,7320.5,5622
2026-07-20T14:55:00+05:30,7320,7325.5,7317.5,7320.5,6300
2026-07-20T15:00:00+05:30,7320.5,7333.5,7320.5,7330,7120
2026-07-20T15:05:00+05:30,7329.5,7331,7324.5,7326,5380
2026-07-20T15:10:00+05:30,7325,7330.5,7324.5,7330.5,6688
2026-07-20T15:15:00+05:30,7329.5,7334,7329.5,7332.5,9800
2026-07-20T15:20:00+05:30,7330,7330.5,7286.5,7296,23002
2026-07-20T15:25:00+05:30,7299,7315,7296,7315,11134
2026-07-21T09:15:00+05:30,7318,7341.5,7294,7306.5,4576
2026-07-21T09:20:00+05:30,7304.5,7306.5,7281.5,7281.5,3871
2026-07-21T09:25:00+05:30,7281,7289,7275,7285,3595
2026-07-21T09:30:00+05:30,7285,7292,7279,7288,1056
2026-07-21T09:35:00+05:30,7290,7309.5,7290,7306,1089
2026-07-21T09:40:00+05:30,7306,7311,7303,7306.5,2791
2026-07-21T09:45:00+05:30,7306.5,7316,7306,7314,2921
2026-07-21T09:50:00+05:30,7314,7324,7296.5,7296.5,2672
2026-07-21T09:55:00+05:30,7296.5,7301.5,7290,7292,1753
2026-07-21T10:00:00+05:30,7292.5,7292.5,7286,7287,964
2026-07-21T10:05:00+05:30,7287,7301,7285,7292.5,2005
2026-07-21T10:10:00+05:30,7292.5,7297,7291.5,7295,834
2026-07-21T10:15:00+05:30,7295.5,7302.5,7285.5,7285.5,1071
2026-07-21T10:20:00+05:30,7289,7309,7288.5,7305,2688
2026-07-21T10:25:00+05:30,7305,7309,7285.5,7287,1632
2026-07-21T10:30:00+05:30,7287,7295,7285.5,7289,1621
2026-07-21T10:35:00+05:30,7289,7291.5,7285,7287.5,756
2026-07-21T10:40:00+05:30,7285,7294.5,7280,7290.5,1030
2026-07-21T10:45:00+05:30,7290.5,7308,7290.5,7307.5,1653
2026-07-21T10:50:00+05:30,7307,7307,7294,7297,1104
2026-07-21T10:55:00+05:30,7297,7306,7297,7302,1428
2026-07-21T11:00:00+05:30,7301.5,7301.5,7288,7288,949
2026-07-21T11:05:00+05:30,7288,7296,7285.5,7285.5,725
2026-07-21T11:10:00+05:30,7285.5,7290,7280,7280.5,733
2026-07-21T11:15:00+05:30,7280.5,7284,7280.5,7282,437
2026-07-21T11:20:00+05:30,7282,7292.5,7280,7285,1294
2026-07-21T11:25:00+05:30,7285,7286,7280.5,7281.5,1218
2026-07-21T11:30:00+05:30,7282.5,7294,7277,7292.5,1434
2026-07-21T11:35:00+05:30,7292.5,7307.5,7289.5,7305.5,2375
2026-07-21T11:40:00+05:30,7305,7312,7300,7306.5,1334
2026-07-21T11:45:00+05:30,7306.5,7312,7305,7310,855
2026-07-21T11:50:00+05:30,7310,7310,7304.5,7306,908
2026-07-21T11:55:00+05:30,7306,7310,7305,7309,692
2026-07-21T12:00:00+05:30,7310,7310,7305,7307.5,950
2026-07-21T12:05:00+05:30,7308,7312,7303,7307,2027
2026-07-21T12:10:00+05:30,7307,7310,7303,7307,1274
2026-07-21T12:15:00+05:30,7307,7312,7306.5,7312,602
2026-07-21T12:20:00+05:30,7312,7313,7310,7310,513
2026-07-21T12:25:00+05:30,7310,7310.5,7305,7307.5,1393
2026-07-21T12:30:00+05:30,7307.5,7325,7307,7321.5,2284
2026-07-21T12:35:00+05:30,7321.5,7324.5,7316,7320.5,734
2026-07-21T12:40:00+05:30,7320.5,7325,7304,7308.5,3224
2026-07-21T12:45:00+05:30,7309,7311.5,7293,7294,1929
2026-07-21T12:50:00+05:30,7294,7300,7287.5,7288.5,2828
2026-07-21T12:55:00+05:30,7288.5,7297.5,7288.5,7297.5,842
2026-07-21T13:00:00+05:30,7297,7299,7290,7294.5,1799
2026-07-21T13:05:00+05:30,7292,7297.5,7289,7293.5,3537
2026-07-21T13:10:00+05:30,7293.5,7301,7293.5,7297,1002
2026-07-21T13:15:00+05:30,7297,7299.5,7293,7293,1150
2026-07-21T13:20:00+05:30,7293,7299.5,7293,7296.5,893
2026-07-21T13:25:00+05:30,7296.5,7300.5,7295,7299,730
2026-07-21T13:30:00+05:30,7299,7301,7295,7299.5,3661
2026-07-21T13:35:00+05:30,7299.5,7301,7299,7299.5,1319
2026-07-21T13:40:00+05:30,7299.5,7300,7297.5,7299.5,1785
2026-07-21T13:45:00+05:30,7299.5,7300,7294,7294,2567
2026-07-21T13:50:00+05:30,7294.5,7300.5,7286.5,7299.5,9395
2026-07-21T13:55:00+05:30,7299.5,7307.5,7294,7307,6459
2026-07-21T14:00:00+05:30,7307,7315,7307,7313,869
2026-07-21T14:05:00+05:30,7311,7321,7307.5,7321,1945
2026-07-21T14:10:00+05:30,7323,7341.5,7320.5,7339.5,5601
2026-07-21T14:15:00+05:30,7338,7343.5,7334,7342.5,2354
2026-07-21T14:20:00+05:30,7342.5,7344,7325,7325,2597
2026-07-21T14:25:00+05:30,7325,7327.5,7321,7324,1459
2026-07-21T14:30:00+05:30,7324,7327,7323.5,7326,871
2026-07-21T14:35:00+05:30,7326,7327,7320,7324,1252
2026-07-21T14:40:00+05:30,7324,7326.5,7321,7326.5,1147
2026-07-21T14:45:00+05:30,7326.5,7335,7321,7332.5,3485
2026-07-21T14:50:00+05:30,7332.5,7335,7326,7329.5,1742
2026-07-21T14:55:00+05:30,7329,7330,7324,7326,4145
2026-07-21T15:00:00+05:30,7323.5,7337,7322.5,7329,11077
2026-07-21T15:05:00+05:30,7327.5,7330,7327,7327.5,4643
2026-07-21T15:10:00+05:30,7327,7333.5,7325,7328.5,4610
2026-07-21T15:15:00+05:30,7328.5,7343.5,7328.5,7341,5302
2026-07-21T15:20:00+05:30,7341,7341,7321,7326.5,10492
2026-07-21T15:25:00+05:30,7323,7330,7322,7330,8480
2026-07-22T09:15:00+05:30,7330,7330,7219.5,7270,17890
2026-07-22T09:20:00+05:30,7270,7289.5,7268,7268.5,3554
2026-07-22T09:25:00+05:30,7267.5,7270.5,7247,7249,4679
2026-07-22T09:30:00+05:30,7249,7253.5,7233,7234.5,3372
2026-07-22T09:35:00+05:30,7233,7247,7232,7232,2513
2026-07-22T09:40:00+05:30,7232,7240.5,7228,7238,2928
2026-07-22T09:45:00+05:30,7237.5,7250.5,7232.5,7236,3499
2026-07-22T09:50:00+05:30,7236,7241,7232,7235,1966
2026-07-22T09:55:00+05:30,7235.5,7246,7235.5,7238,1978
2026-07-22T10:00:00+05:30,7238.5,7243,7230,7235.5,3056
2026-07-22T10:05:00+05:30,7235.5,7270,7232,7266,3865
2026-07-22T10:10:00+05:30,7266,7271.5,7257.5,7264,1810
2026-07-22T10:15:00+05:30,7264.5,7278,7260.5,7271.5,3510
2026-07-22T10:20:00+05:30,7270.5,7297,7267,7296.5,4293
2026-07-22T10:25:00+05:30,7294,7298,7281.5,7295.5,2337
2026-07-22T10:30:00+05:30,7295.5,7339,7286,7339,18042
2026-07-22T10:35:00+05:30,7339,7355.5,7334,7345,9048
2026-07-22T10:40:00+05:30,7345,7365,7344.5,7363,5335
2026-07-22T10:45:00+05:30,7362,7368.5,7353.5,7354,5467
2026-07-22T10:50:00+05:30,7358,7369,7356.5,7366,5744
2026-07-22T10:55:00+05:30,7366,7378.5,7365,7371.5,2912
2026-07-22T11:00:00+05:30,7371.5,7372,7362,7371.5,2871
2026-07-22T11:05:00+05:30,7371.5,7390,7371.5,7388,4362
2026-07-22T11:10:00+05:30,7388.5,7393.5,7388,7391,10799
2026-07-22T11:15:00+05:30,7391,7395.5,7388,7395,20336
2026-07-22T11:20:00+05:30,7395,7398,7390,7390,8753
2026-07-22T11:25:00+05:30,7390,7395,7390,7390,42995
2026-07-22T11:30:00+05:30,7390,7392.5,7382.5,7391,5715
2026-07-22T11:35:00+05:30,7391,7391,7375.5,7382,5830
2026-07-22T11:40:00+05:30,7382,7385,7381,7385,1675
2026-07-22T11:45:00+05:30,7385,7392,7382,7387.5,6962
2026-07-22T11:50:00+05:30,7387.5,7391.5,7380,7384.5,2063
2026-07-22T11:55:00+05:30,7384.5,7385,7380,7383,1298
2026-07-22T12:00:00+05:30,7384.5,7385,7375,7380,5540
2026-07-22T12:05:00+05:30,7380,7384.5,7375.5,7383,2728
2026-07-22T12:10:00+05:30,7382.5,7384.5,7378.5,7382,923
2026-07-22T12:15:00+05:30,7381.5,7384,7377,7378,1399
2026-07-22T12:20:00+05:30,7378,7380,7373.5,7379,11320
2026-07-22T12:25:00+05:30,7379,7380,7371,7371,9527
2026-07-22T12:30:00+05:30,7371,7377.5,7365,7365,3017
2026-07-22T12:35:00+05:30,7368,7369.5,7361.5,7363.5,1883
2026-07-22T12:40:00+05:30,7363.5,7370,7361,7368.5,2681
2026-07-22T12:45:00+05:30,7369,7370,7365,7369.5,3519
2026-07-22T12:50:00+05:30,7368,7370,7365,7367,1796
2026-07-22T12:55:00+05:30,7367.5,7370,7366,7368.5,1489
2026-07-22T13:00:00+05:30,7368.5,7382.5,7366,7373.5,10826
2026-07-22T13:05:00+05:30,7371,7374,7367,7368,3531
2026-07-22T13:10:00+05:30,7369,7370,7362.5,7367.5,1846
2026-07-22T13:15:00+05:30,7367,7368,7364.5,7366.5,1107
2026-07-22T13:20:00+05:30,7366.5,7370,7364,7366.5,1762
2026-07-22T13:25:00+05:30,7366.5,7369.5,7365,7368,1169
2026-07-22T13:30:00+05:30,7368.5,7370,7365,7369.5,4639
2026-07-22T13:35:00+05:30,7370,7371,7364,7366.5,7400
2026-07-22T13:40:00+05:30,7366,7367.5,7355,7361.5,4825
2026-07-22T13:45:00+05:30,7359.5,7367,7359,7365,879
2026-07-22T13:50:00+05:30,7364.5,7367,7361,7363.5,715
2026-07-22T13:55:00+05:30,7361,7368.5,7359,7363.5,1629
2026-07-22T14:00:00+05:30,7363,7366.5,7362,7364.5,979
2026-07-22T14:05:00+05:30,7365.5,7368,7362,7363,797
2026-07-22T14:10:00+05:30,7362,7366.5,7360.5,7364,1498
2026-07-22T14:15:00+05:30,7363.5,7368,7362.5,7367.5,761
2026-07-22T14:20:00+05:30,7367.5,7370,7364.5,7369,970
2026-07-22T14:25:00+05:30,7369.5,7372.5,7365,7368,1254
2026-07-22T14:30:00+05:30,7366.5,7368.5,7358.5,7360,703
2026-07-22T14:35:00+05:30,7359.5,7378.5,7359.5,7377.5,2625
2026-07-22T14:40:00+05:30,7376,7386,7376,7384,1473
2026-07-22T14:45:00+05:30,7384,7388,7380.5,7386.5,1670
2026-07-22T14:50:00+05:30,7384,7388,7384,7388,1180
2026-07-22T14:55:00+05:30,7387.5,7388.5,7384,7385.5,1122
2026-07-22T15:00:00+05:30,7387.5,7391,7385,7387,3921
2026-07-22T15:05:00+05:30,7386.5,7390,7386,7389.5,3624
2026-07-22T15:10:00+05:30,7390,7394,7390,7393.5,6445
2026-07-22T15:15:00+05:30,7393.5,7394.5,7385.5,7387,8929
2026-07-22T15:20:00+05:30,7388,7391,7372.5,7381,17742
2026-07-22T15:25:00+05:30,7384,7388,7380,7387.5,7212
2026-07-23T09:15:00+05:30,7355,7365.5,7315.5,7316,6321
2026-07-23T09:20:00+05:30,7316,7342,7315,7334,4153
2026-07-23T09:25:00+05:30,7334,7334,7312.5,7316.5,2937
2026-07-23T09:30:00+05:30,7316.5,7324,7306,7313.5,2589
2026-07-23T09:35:00+05:30,7310,7311.5,7301.5,7308,3006
2026-07-23T09:40:00+05:30,7306,7315,7296,7305,8133
2026-07-23T09:45:00+05:30,7301,7306.5,7296,7301.5,2532
2026-07-23T09:50:00+05:30,7302,7304.5,7296.5,7301,2605
2026-07-23T09:55:00+05:30,7303,7337,7300.5,7327,2292
2026-07-23T10:00:00+05:30,7329.5,7350,7328.5,7344.5,2088
2026-07-23T10:05:00+05:30,7344.5,7346.5,7335.5,7345,1780
2026-07-23T10:10:00+05:30,7345,7345,7337,7340.5,726
2026-07-23T10:15:00+05:30,7340.5,7347,7335,7346,686
2026-07-23T10:20:00+05:30,7346,7348,7341.5,7347.5,1049
2026-07-23T10:25:00+05:30,7347.5,7362,7345.5,7357.5,4097
2026-07-23T10:30:00+05:30,7361.5,7362,7344,7353,1243
2026-07-23T10:35:00+05:30,7353,7371,7343,7366.5,1670
2026-07-23T10:40:00+05:30,7366.5,7372,7360,7366,1148
2026-07-23T10:45:00+05:30,7365,7369.5,7357,7369.5,1639
2026-07-23T10:50:00+05:30,7369,7379.5,7362,7362,1949
2026-07-23T10:55:00+05:30,7362,7367.5,7360,7364,481
2026-07-23T11:00:00+05:30,7364,7364,7350,7359,1707
2026-07-23T11:05:00+05:30,7359,7363,7349,7349.5,1620
2026-07-23T11:10:00+05:30,7349.5,7351.5,7329,7332.5,3735
2026-07-23T11:15:00+05:30,7332.5,7335,7327.5,7331,4225
2026-07-23T11:20:00+05:30,7331,7334,7321.5,7331,2182
2026-07-23T11:25:00+05:30,7329.5,7339,7322.5,7322.5,7098
2026-07-23T11:30:00+05:30,7322.5,7323,7309.5,7309.5,8042
2026-07-23T11:35:00+05:30,7309.5,7313.5,7300,7313.5,17411
2026-07-23T11:40:00+05:30,7313.5,7314.5,7302.5,7304.5,3986
2026-07-23T11:45:00+05:30,7304.5,7305,7295,7300,4688
2026-07-23T11:50:00+05:30,7300,7300,7293,7300,1296
2026-07-23T11:55:00+05:30,7300,7305,7291,7305,2562
2026-07-23T12:00:00+05:30,7305,7305,7291.5,7294.5,2095
2026-07-23T12:05:00+05:30,7294.5,7299,7287,7291,2879
2026-07-23T12:10:00+05:30,7292,7293,7280,7290,3031
2026-07-23T12:15:00+05:30,7290,7290,7270.5,7274.5,2011
2026-07-23T12:20:00+05:30,7274.5,7279,7271,7273.5,1241
2026-07-23T12:25:00+05:30,7273.5,7278.5,7268,7274.5,1706
2026-07-23T12:30:00+05:30,7274.5,7285.5,7274,7280.5,1175
2026-07-23T12:35:00+05:30,7281,7286,7279,7285.5,1822
2026-07-23T12:40:00+05:30,7285.5,7288,7273.5,7276.5,2558
2026-07-23T12:45:00+05:30,7276.5,7283,7271.5,7278.5,1404
2026-07-23T12:50:00+05:30,7278.5,7281.5,7275,7278.5,300
2026-07-23T12:55:00+05:30,7278.5,7296.5,7276.5,7296.5,2283
2026-07-23T13:00:00+05:30,7296.5,7296.5,7281,7288.5,1346
2026-07-23T13:05:00+05:30,7288.5,7288.5,7279.5,7282.5,754
2026-07-23T13:10:00+05:30,7282.5,7290,7280,7282.5,772
2026-07-23T13:15:00+05:30,7282.5,7282.5,7275,7279,972
2026-07-23T13:20:00+05:30,7279.5,7280.5,7274,7280,1648
2026-07-23T13:25:00+05:30,7280,7291,7278.5,7291,1609
2026-07-23T13:30:00+05:30,7291,7291,7279,7282.5,1433
2026-07-23T13:35:00+05:30,7279.5,7289,7277,7287,977
2026-07-23T13:40:00+05:30,7287,7288,7280.5,7282,712
2026-07-23T13:45:00+05:30,7282,7288.5,7281,7287,1123
2026-07-23T13:50:00+05:30,7287,7287.5,7280,7282.5,1121
2026-07-23T13:55:00+05:30,7282.5,7286.5,7277,7280.5,2065
2026-07-23T14:00:00+05:30,7280.5,7281.5,7277.5,7281,812
2026-07-23T14:05:00+05:30,7284.5,7287.5,7278,7281,948
2026-07-23T14:10:00+05:30,7281,7283,7277,7281,821
2026-07-23T14:15:00+05:30,7281,7290.5,7280,7288,2067
2026-07-23T14:20:00+05:30,7288,7290.5,7285,7286,1098
2026-07-23T14:25:00+05:30,7285,7304.5,7285,7300.5,5395
2026-07-23T14:30:00+05:30,7301.5,7305,7291.5,7304.5,2745
2026-07-23T14:35:00+05:30,7305,7305,7285.5,7285.5,2530
2026-07-23T14:40:00+05:30,7287.5,7287.5,7274.5,7282.5,2572
2026-07-23T14:45:00+05:30,7281,7285.5,7278,7285.5,3319
2026-07-23T14:50:00+05:30,7284.5,7289.5,7282,7288.5,2065
2026-07-23T14:55:00+05:30,7288.5,7293.5,7283,7289.5,1662
2026-07-23T15:00:00+05:30,7287.5,7299,7285.5,7296.5,5783
2026-07-23T15:05:00+05:30,7296.5,7307.5,7291.5,7307.5,33037
2026-07-23T15:10:00+05:30,7307.5,7316,7302.5,7309.5,8002
2026-07-23T15:15:00+05:30,7309,7314.5,7306.5,7309.5,5312
2026-07-23T15:20:00+05:30,7306.5,7308,7301,7306,6734
2026-07-23T15:25:00+05:30,7306,7316,7300,7300,12593
2026-07-24T09:15:00+05:30,7230,7262,7210,7257,11532
2026-07-24T09:20:00+05:30,7256,7271.5,7252,7252,3794
2026-07-24T09:25:00+05:30,7253.5,7265.5,7247.5,7261.5,5339
2026-07-24T09:30:00+05:30,7261.5,7271.5,7258.5,7262,5659
2026-07-24T09:35:00+05:30,7266,7280,7264.5,7272.5,6999
2026-07-24T09:40:00+05:30,7272.5,7280,7268,7268.5,3940
2026-07-24T09:45:00+05:30,7268,7272,7264,7264,5207
2026-07-24T09:50:00+05:30,7264,7268,7256,7258,4775
2026-07-24T09:55:00+05:30,7257,7260,7251.5,7255.5,3431
2026-07-24T10:00:00+05:30,7257.5,7259,7242,7244,6413
2026-07-24T10:05:00+05:30,7245,7252.5,7240,7248,4401
2026-07-24T10:10:00+05:30,7248,7252.5,7243,7246.5,1812
2026-07-24T10:15:00+05:30,7246.5,7256.5,7245.5,7251,1222
2026-07-24T10:20:00+05:30,7251.5,7265,7251.5,7255.5,1580
2026-07-24T10:25:00+05:30,7255.5,7260,7254.5,7257,1986
2026-07-24T10:30:00+05:30,7257,7271,7228,7229,8773
2026-07-24T10:35:00+05:30,7229,7229.5,7217,7219.5,1634
2026-07-24T10:40:00+05:30,7219.5,7227.5,7210,7221,15333
2026-07-24T10:45:00+05:30,7221,7221,7205,7210,8494
2026-07-24T10:50:00+05:30,7210,7210,7202,7204.5,2951
2026-07-24T10:55:00+05:30,7201.5,7205,7185,7185,7148
2026-07-24T11:00:00+05:30,7185,7199,7181,7190,5686
2026-07-24T11:05:00+05:30,7190,7190,7177,7180.5,2984
2026-07-24T11:10:00+05:30,7180.5,7189.5,7178.5,7186,1282
2026-07-24T11:15:00+05:30,7185,7208,7185,7205.5,2015
2026-07-24T11:20:00+05:30,7205.5,7208,7199,7199,1233
2026-07-24T11:25:00+05:30,7199,7203,7196.5,7198,882
2026-07-24T11:30:00+05:30,7198,7206,7196,7203.5,808
2026-07-24T11:35:00+05:30,7203.5,7208,7201.5,7204,1283
2026-07-24T11:40:00+05:30,7204,7215,7204,7212.5,7492
2026-07-24T11:45:00+05:30,7212.5,7223,7210,7222.5,2859
2026-07-24T11:50:00+05:30,7220.5,7223.5,7205.5,7207.5,11996
2026-07-24T11:55:00+05:30,7207.5,7220.5,7207.5,7217.5,3264
2026-07-24T12:00:00+05:30,7220.5,7225,7218,7225,965
2026-07-24T12:05:00+05:30,7224.5,7229.5,7210,7214.5,6596
2026-07-24T12:10:00+05:30,7216,7222.5,7214,7216.5,966
2026-07-24T12:15:00+05:30,7216.5,7223,7215,7220.5,687
2026-07-24T12:20:00+05:30,7221.5,7230,7219,7230,1127
2026-07-24T12:25:00+05:30,7235.5,7246.5,7232,7246.5,1053
2026-07-24T12:30:00+05:30,7245,7248,7235,7235,1497
2026-07-24T12:35:00+05:30,7237,7237,7222.5,7232.5,1994
2026-07-24T12:40:00+05:30,7232.5,7240,7216.5,7235.5,6510
2026-07-24T12:45:00+05:30,7237,7255,7235.5,7255,2359
2026-07-24T12:50:00+05:30,7255,7265,7254.5,7264.5,4763
2026-07-24T12:55:00+05:30,7263,7265.5,7259.5,7261,2106
2026-07-24T13:00:00+05:30,7260.5,7263,7253,7255.5,1976
2026-07-24T13:05:00+05:30,7255,7263,7252.5,7263,1902
2026-07-24T13:10:00+05:30,7262.5,7263.5,7257.5,7258.5,1619
2026-07-24T13:15:00+05:30,7259.5,7266,7257,7265,1824
2026-07-24T13:20:00+05:30,7261.5,7264.5,7255.5,7258,1722
2026-07-24T13:25:00+05:30,7258,7267,7253.5,7264,2514
2026-07-24T13:30:00+05:30,7264,7274.5,7262,7264.5,2487
2026-07-24T13:35:00+05:30,7267,7267,7260,7263.5,1707
2026-07-24T13:40:00+05:30,7263.5,7264.5,7252,7257.5,2778
2026-07-24T13:45:00+05:30,7257.5,7259.5,7226,7228.5,8794
2026-07-24T13:50:00+05:30,7228.5,7231,7224,7224,1746
2026-07-24T13:55:00+05:30,7224,7225,7220.5,7225,1036
2026-07-24T14:00:00+05:30,7224,7226.5,7221,7225,1383
2026-07-24T14:05:00+05:30,7225,7230.5,7216.5,7217.5,4216
2026-07-24T14:10:00+05:30,7217.5,7227,7217.5,7222.5,7888
2026-07-24T14:15:00+05:30,7222.5,7226.5,7220,7226,3504
2026-07-24T14:20:00+05:30,7226,7226.5,7223,7225,1519
2026-07-24T14:25:00+05:30,7225,7225.5,7222,7224.5,1616
2026-07-24T14:30:00+05:30,7224.5,7227,7223,7225,3793
2026-07-24T14:35:00+05:30,7224.5,7225,7223,7223,1024
2026-07-24T14:40:00+05:30,7223.5,7223.5,7218,7221,2451
2026-07-24T14:45:00+05:30,7221,7225,7220,7223.5,978
2026-07-24T14:50:00+05:30,7223.5,7227,7223.5,7225,3031
2026-07-24T14:55:00+05:30,7225,7255.5,7224,7247,14324
2026-07-24T15:00:00+05:30,7247,7250,7241.5,7249,7118
2026-07-24T15:05:00+05:30,7249,7250.5,7241.5,7241.5,5436
2026-07-24T15:10:00+05:30,7244.5,7251.5,7243,7249.5,7222
2026-07-24T15:15:00+05:30,7246,7258,7240.5,7249,25117
2026-07-24T15:20:00+05:30,7249,7257,7242,7249.5,14437
2026-07-24T15:25:00+05:30,7249.5,7250,7219.5,7220,8157
2026-07-27T09:15:00+05:30,7222,7281,7220.5,7252,31382
2026-07-27T09:20:00+05:30,7249.5,7314,7245.5,7313.5,45802
2026-07-27T09:25:00+05:30,7314.5,7333,7306,7323.5,8114
2026-07-27T09:30:00+05:30,7320.5,7343,7319.5,7332,12177
2026-07-27T09:35:00+05:30,7328.5,7337.5,7316,7330,1973
2026-07-27T09:40:00+05:30,7332.5,7333,7316,7321.5,1216
2026-07-27T09:45:00+05:30,7323,7327,7316,7320.5,1891
2026-07-27T09:50:00+05:30,7320.5,7343.5,7320.5,7331.5,8688
2026-07-27T09:55:00+05:30,7331.5,7350,7328.5,7350,1689
2026-07-27T10:00:00+05:30,7347,7347,7333,7333,6743
2026-07-27T10:05:00+05:30,7335.5,7350,7332.5,7348.5,4541
2026-07-27T10:10:00+05:30,7348.5,7356,7346,7349,26977
2026-07-27T10:15:00+05:30,7346,7350,7335.5,7349,3154
2026-07-27T10:20:00+05:30,7349,7374.5,7340.5,7372,34563
2026-07-27T10:25:00+05:30,7372,7395,7364,7377,7345
2026-07-27T10:30:00+05:30,7377,7380.5,7366.5,7379,2364
2026-07-27T10:35:00+05:30,7379,7386,7358.5,7361.5,3789
2026-07-27T10:40:00+05:30,7361.5,7371.5,7361.5,7366,1591
2026-07-27T10:45:00+05:30,7366.5,7380,7366.5,7374,1118
2026-07-27T10:50:00+05:30,7374.5,7378.5,7361.5,7363,3981
2026-07-27T10:55:00+05:30,7363,7371,7360,7360,1040
2026-07-27T11:00:00+05:30,7360,7372,7358.5,7368.5,1878
2026-07-27T11:05:00+05:30,7368.5,7373,7356.5,7360,2078
2026-07-27T11:10:00+05:30,7360,7365.5,7350,7352.5,1955
2026-07-27T11:15:00+05:30,7352,7364.5,7350,7358.5,1565
2026-07-27T11:20:00+05:30,7358.5,7365,7357,7359.5,1375
2026-07-27T11:25:00+05:30,7359.5,7360,7350,7355,7955
2026-07-27T11:30:00+05:30,7355,7372.5,7348,7368.5,4600
2026-07-27T11:35:00+05:30,7368.5,7385,7368,7382,2616
2026-07-27T11:40:00+05:30,7380.5,7384,7371,7382,9563
2026-07-27T11:45:00+05:30,7382,7392.5,7377.5,7378,3707
2026-07-27T11:50:00+05:30,7374.5,7387.5,7374.5,7380.5,3551
2026-07-27T11:55:00+05:30,7380.5,7400,7376.5,7396,4992
2026-07-27T12:00:00+05:30,7396.5,7400,7395,7397,4533
2026-07-27T12:05:00+05:30,7397,7397.5,7377,7383,5972
2026-07-27T12:10:00+05:30,7383,7390,7382.5,7382.5,3012
2026-07-27T12:15:00+05:30,7382.5,7394,7381,7392.5,7183
2026-07-27T12:20:00+05:30,7393.5,7410,7390.5,7402.5,26739
2026-07-27T12:25:00+05:30,7408,7415,7404,7408.5,8564
2026-07-27T12:30:00+05:30,7408.5,7422,7404,7407,7656
2026-07-27T12:35:00+05:30,7407,7408,7394.5,7395.5,4030
2026-07-27T12:40:00+05:30,7395.5,7420,7395.5,7420,4984
2026-07-27T12:45:00+05:30,7420,7422,7405.5,7415.5,5803
2026-07-27T12:50:00+05:30,7415.5,7438,7413,7434.5,16252
2026-07-27T12:55:00+05:30,7437.5,7449,7434,7443,8308
2026-07-27T13:00:00+05:30,7443,7453,7427,7434,16911
2026-07-27T13:05:00+05:30,7434,7439,7431,7431.5,2136
2026-07-27T13:10:00+05:30,7431.5,7459,7431.5,7444,25558
2026-07-27T13:15:00+05:30,7443.5,7448.5,7435,7441,5051
2026-07-27T13:20:00+05:30,7441,7450,7431.5,7445,11281
2026-07-27T13:25:00+05:30,7444.5,7452,7440,7444,7518
2026-07-27T13:30:00+05:30,7444.5,7444.5,7419.5,7423.5,4092
2026-07-27T13:35:00+05:30,7423.5,7438.5,7421,7433.5,1677
2026-07-27T13:40:00+05:30,7433.5,7438.5,7427.5,7432,1320
2026-07-27T13:45:00+05:30,7435,7441,7426.5,7427,1559
2026-07-27T13:50:00+05:30,7427,7432,7422,7428,1091
2026-07-27T13:55:00+05:30,7428.5,7431.5,7422.5,7425,1401
2026-07-27T14:00:00+05:30,7423.5,7425.5,7413,7417.5,3289
2026-07-27T14:05:00+05:30,7417.5,7425.5,7411,7415,2208
2026-07-27T14:10:00+05:30,7415,7417,7410.5,7416,3879
2026-07-27T14:15:00+05:30,7417,7420,7412.5,7418.5,3376
2026-07-27T14:20:00+05:30,7418.5,7426,7408.5,7421.5,3661
2026-07-27T14:25:00+05:30,7423,7423,7412.5,7417,2600
2026-07-27T14:30:00+05:30,7417,7421.5,7411.5,7411.5,3283
2026-07-27T14:35:00+05:30,7414.5,7422,7411,7419,5047
2026-07-27T14:40:00+05:30,7419,7423.5,7413.5,7418,2941
2026-07-27T14:45:00+05:30,7418,7419,7410,7416.5,2958
2026-07-27T14:50:00+05:30,7416.5,7419.5,7410.5,7416,2923
2026-07-27T14:55:00+05:30,7413.5,7420,7410,7415,4493
2026-07-27T15:00:00+05:30,7417.5,7419,7405.5,7411.5,6447
2026-07-27T15:05:00+05:30,7412.5,7421.5,7406,7415.5,12328
2026-07-27T15:10:00+05:30,7415.5,7419,7409,7416,9327
2026-07-27T15:15:00+05:30,7415.5,7422,7410,7417.5,9843
2026-07-27T15:20:00+05:30,7418.5,7420,7405.5,7420,14481
2026-07-27T15:25:00+05:30,7420,7440,7409.5,7440,12784
2026-07-28T09:15:00+05:30,7448,7462,7380,7395.5,12020
2026-07-28T09:20:00+05:30,7392,7400,7386.5,7389.5,5352
2026-07-28T09:25:00+05:30,7392.5,7400,7390,7400,10704
2026-07-28T09:30:00+05:30,7400,7447,7397.5,7447,17425
2026-07-28T09:35:00+05:30,7448,7466,7444,7457,7343
2026-07-28T09:40:00+05:30,7452.5,7465,7452,7456,4407
2026-07-28T09:45:00+05:30,7459,7473,7459,7470,5688
2026-07-28T09:50:00+05:30,7470,7472,7461,7465.5,2830
2026-07-28T09:55:00+05:30,7462,7466,7452.5,7453.5,3578
2026-07-28T10:00:00+05:30,7456.5,7470,7446,7449.5,5826
2026-07-28T10:05:00+05:30,7449.5,7460,7445.5,7460,4091
2026-07-28T10:10:00+05:30,7460,7460,7446,7451,3085
2026-07-28T10:15:00+05:30,7452.5,7452.5,7434,7434.5,3502
2026-07-28T10:20:00+05:30,7435,7451,7431.5,7439,4812
2026-07-28T10:25:00+05:30,7439,7443.5,7430.5,7437.5,3694
2026-07-28T10:30:00+05:30,7437.5,7445,7435,7442.5,2093
2026-07-28T10:35:00+05:30,7442.5,7472,7440,7472,5544
2026-07-28T10:40:00+05:30,7472,7479,7460,7472,7327
2026-07-28T10:45:00+05:30,7472,7473.5,7448.5,7454.5,3149
2026-07-28T10:50:00+05:30,7454,7456,7436.5,7441,2262
2026-07-28T10:55:00+05:30,7441,7453.5,7397,7405,11175
2026-07-28T11:00:00+05:30,7405,7431,7403,7412,3774
2026-07-28T11:05:00+05:30,7412,7412,7391,7392.5,4464
2026-07-28T11:10:00+05:30,7392.5,7400,7392,7397.5,2357
2026-07-28T11:15:00+05:30,7397,7399,7390.5,7395,2579
2026-07-28T11:20:00+05:30,7395,7399,7392,7397,1820
2026-07-28T11:25:00+05:30,7397.5,7400,7391,7397.5,5237
2026-07-28T11:30:00+05:30,7397.5,7397.5,7391,7394.5,3803
2026-07-28T11:35:00+05:30,7394.5,7397,7390,7392,2882
2026-07-28T11:40:00+05:30,7392,7398,7382,7395,3973
2026-07-28T11:45:00+05:30,7395,7400,7389,7397,1535
2026-07-28T11:50:00+05:30,7397,7400,7383.5,7392,2538
2026-07-28T11:55:00+05:30,7392,7400,7383,7395.5,9391
2026-07-28T12:00:00+05:30,7395.5,7400,7390,7396,2278
2026-07-28T12:05:00+05:30,7395,7400,7393,7400,1977
2026-07-28T12:10:00+05:30,7400,7400,7393.5,7400,2650
2026-07-28T12:15:00+05:30,7400,7400,7390,7390,3408
2026-07-28T12:20:00+05:30,7390,7397.5,7390,7395,1995
2026-07-28T12:25:00+05:30,7395,7400,7392.5,7394.5,1822
2026-07-28T12:30:00+05:30,7394.5,7400,7392,7396.5,3109
2026-07-28T12:35:00+05:30,7396.5,7400,7394,7396.5,6277
2026-07-28T12:40:00+05:30,7399.5,7400,7395,7398.5,2060
2026-07-28T12:45:00+05:30,7399.5,7400,7393.5,7395.5,1968
2026-07-28T12:50:00+05:30,7396.5,7400,7392.5,7396,1844
2026-07-28T12:55:00+05:30,7395.5,7399.5,7392,7395,1904
2026-07-28T13:00:00+05:30,7394.5,7397,7378,7378,4767
2026-07-28T13:05:00+05:30,7378.5,7382.5,7362.5,7373,19577
2026-07-28T13:10:00+05:30,7373.5,7383.5,7362.5,7362.5,9054
2026-07-28T13:15:00+05:30,7363.5,7367.5,7358,7364,3550
2026-07-28T13:20:00+05:30,7364,7368,7355,7357,2921
2026-07-28T13:25:00+05:30,7356,7360,7350.5,7354,2425
2026-07-28T13:30:00+05:30,7354.5,7385,7354.5,7380,8233
2026-07-28T13:35:00+05:30,7380,7388.5,7374.5,7380,5509
2026-07-28T13:40:00+05:30,7380,7381,7377.5,7380,4589
2026-07-28T13:45:00+05:30,7380,7390,7378,7383.5,5082
2026-07-28T13:50:00+05:30,7383.5,7390,7383.5,7389,2591
2026-07-28T13:55:00+05:30,7390,7390,7384,7388,3037
2026-07-28T14:00:00+05:30,7387,7390,7383,7383,1821
2026-07-28T14:05:00+05:30,7386,7390,7383.5,7389.5,2275
2026-07-28T14:10:00+05:30,7389.5,7420,7389.5,7420,5804
2026-07-28T14:15:00+05:30,7420,7420,7410,7411,3647
2026-07-28T14:20:00+05:30,7411,7415,7410,7415,2499
2026-07-28T14:25:00+05:30,7415,7415,7400,7406,7453
2026-07-28T14:30:00+05:30,7406,7410,7397,7400.5,6014
2026-07-28T14:35:00+05:30,7402.5,7415,7399,7415,6738
2026-07-28T14:40:00+05:30,7415,7417,7410,7416,6704
2026-07-28T14:45:00+05:30,7412.5,7419.5,7407.5,7411.5,6176
2026-07-28T14:50:00+05:30,7410,7414.5,7407.5,7413,5668
2026-07-28T14:55:00+05:30,7413,7429.5,7404,7428.5,7634
2026-07-28T15:00:00+05:30,7428.5,7428.5,7403,7418.5,11936
2026-07-28T15:05:00+05:30,7411.5,7416.5,7403.5,7415,10191
2026-07-28T15:10:00+05:30,7418,7422,7412.5,7416,8052
2026-07-28T15:15:00+05:30,7416,7418.5,7412.5,7418,7167
2026-07-28T15:20:00+05:30,7417,7447,7413,7443.5,23214
2026-07-28T15:25:00+05:30,7442.5,7444.5,7422.5,7426,13923
2026-07-29T09:15:00+05:30,7428.5,7550,7428.5,7511,29981
2026-07-29T09:20:00+05:30,7512.5,7520.5,7492,7504.5,8432
2026-07-29T09:25:00+05:30,7501,7529,7494,7526,5194
2026-07-29T09:30:00+05:30,7531,7588,7525,7559,14527
2026-07-29T09:35:00+05:30,7556.5,7560,7550,7552,6490
2026-07-29T09:40:00+05:30,7552,7575,7548.5,7570,6174
2026-07-29T09:45:00+05:30,7572.5,7579,7557.5,7579,13725
2026-07-29T09:50:00+05:30,7579.5,7579.5,7567,7568,3706
2026-07-29T09:55:00+05:30,7564.5,7580,7550,7555,9604
2026-07-29T10:00:00+05:30,7555,7567,7553,7562,3419
2026-07-29T10:05:00+05:30,7562,7566.5,7555,7564,2135
2026-07-29T10:10:00+05:30,7564,7584.5,7560.5,7581,9430
2026-07-29T10:15:00+05:30,7579.5,7585,7570.5,7572.5,6624
2026-07-29T10:20:00+05:30,7577,7580,7565,7576.5,2496
2026-07-29T10:25:00+05:30,7573.5,7579,7573.5,7577.5,2367
2026-07-29T10:30:00+05:30,7575.5,7578,7566,7571,2713
2026-07-29T10:35:00+05:30,7571,7622.5,7570.5,7620,18355
2026-07-29T10:40:00+05:30,7621.5,7627,7610.5,7612,16694
2026-07-29T10:45:00+05:30,7612.5,7615,7595,7596.5,6593
2026-07-29T10:50:00+05:30,7596,7610,7593,7610,7211
2026-07-29T10:55:00+05:30,7610,7625.5,7609,7617.5,11483
2026-07-29T11:00:00+05:30,7617.5,7630,7615,7623.5,11146
2026-07-29T11:05:00+05:30,7623.5,7649.5,7618,7637,24015
2026-07-29T11:10:00+05:30,7637,7647,7626,7641.5,6613
2026-07-29T11:15:00+05:30,7641.5,7659.5,7631.5,7659,71134
2026-07-29T11:20:00+05:30,7659,7674.5,7651.5,7671.5,42525
2026-07-29T11:25:00+05:30,7671.5,7688.5,7671,7684.5,12255
2026-07-29T11:30:00+05:30,7684,7684,7670,7678,11624
2026-07-29T11:35:00+05:30,7678,7695,7675.5,7681,18913
2026-07-29T11:40:00+05:30,7688,7693,7675,7679,11975
2026-07-29T11:45:00+05:30,7679,7681.5,7675,7679,9632
2026-07-29T11:50:00+05:30,7675,7687.5,7674,7678.5,19482
2026-07-29T11:55:00+05:30,7678.5,7687,7673.5,7676,12170
2026-07-29T12:00:00+05:30,7676,7691.5,7670,7691.5,17806
2026-07-29T12:05:00+05:30,7690,7693.5,7682.5,7692,5686
2026-07-29T12:10:00+05:30,7692,7693,7676.5,7685.5,4147
2026-07-29T12:15:00+05:30,7685.5,7691,7682.5,7689,1738
2026-07-29T12:20:00+05:30,7689,7698.5,7685,7690,3902
2026-07-29T12:25:00+05:30,7691.5,7725,7689,7725,34166
2026-07-29T12:30:00+05:30,7725,7748,7716,7748,21937
2026-07-29T12:35:00+05:30,7746.5,7761,7741.5,7752.5,16417
2026-07-29T12:40:00+05:30,7755,7769,7750,7766.5,9279
2026-07-29T12:45:00+05:30,7766.5,7777,7742,7750.5,31022
2026-07-29T12:50:00+05:30,7750.5,7763.5,7750,7753.5,29297
2026-07-29T12:55:00+05:30,7751.5,7760,7741.5,7747.5,33837
2026-07-29T13:00:00+05:30,7750,7757.5,7743,7750.5,48070
2026-07-29T13:05:00+05:30,7751.5,7753,7745,7745.5,46057
2026-07-29T13:10:00+05:30,7745.5,7752,7713,7715,60038
2026-07-29T13:15:00+05:30,7716,7744,7712.5,7740.5,14965
2026-07-29T13:20:00+05:30,7741,7779,7740.5,7776.5,21138
2026-07-29T13:25:00+05:30,7776.5,7783,7770,7780.5,10058
2026-07-29T13:30:00+05:30,7780.5,7787.5,7780,7782,9029
2026-07-29T13:35:00+05:30,7782.5,7785,7772,7772,8596
2026-07-29T13:40:00+05:30,7774.5,7777,7770,7771.5,5033
2026-07-29T13:45:00+05:30,7771,7772.5,7755,7757,7499
2026-07-29T13:50:00+05:30,7757,7765,7752.5,7761,14786
2026-07-29T13:55:00+05:30,7760.5,7765,7760,7760.5,5108
2026-07-29T14:00:00+05:30,7760.5,7764.5,7753,7753.5,32458
2026-07-29T14:05:00+05:30,7753.5,7773,7753.5,7768,26283
2026-07-29T14:10:00+05:30,7768,7771,7756.5,7764,11242
2026-07-29T14:15:00+05:30,7764,7767,7752.5,7755,5023
2026-07-29T14:20:00+05:30,7755,7766,7755,7760,7051
2026-07-29T14:25:00+05:30,7760,7767,7753,7761,6069
2026-07-29T14:30:00+05:30,7761,7763.5,7735,7741,14098
2026-07-29T14:35:00+05:30,7741,7752.5,7735,7751.5,10746
2026-07-29T14:40:00+05:30,7751.5,7758.5,7749,7755,5081
2026-07-29T14:45:00+05:30,7751.5,7754,7745,7752,3791
2026-07-29T14:50:00+05:30,7751,7757,7745,7755,7277
2026-07-29T14:55:00+05:30,7755,7764,7752.5,7752.5,11000
2026-07-29T15:00:00+05:30,7753.5,7778,7751.5,7774,9174
2026-07-29T15:05:00+05:30,7776,7800,7766,7770.5,25704
2026-07-29T15:10:00+05:30,7770.5,7781.5,7770,7777,8810
2026-07-29T15:15:00+05:30,7777,7784,7775,7778,15906
2026-07-29T15:20:00+05:30,7779,7803,7773.5,7793,33844
2026-07-29T15:25:00+05:30,7791,7818.5,7786,7814.5,24959
2026-07-30T09:15:00+05:30,7885.5,7885.5,7799.5,7833.5,62229
2026-07-30T09:20:00+05:30,7836,7837,7808.5,7820.5,8556
2026-07-30T09:25:00+05:30,7818,7822,7795,7798,8391
2026-07-30T09:30:00+05:30,7798,7829,7795,7815,5188
2026-07-30T09:35:00+05:30,7817,7847,7806,7815.5,9144
2026-07-30T09:40:00+05:30,7817,7820,7797,7820,4639
2026-07-30T09:45:00+05:30,7820,7822,7800,7811.5,2442
2026-07-30T09:50:00+05:30,7811.5,7843.5,7807,7836,5221
2026-07-30T09:55:00+05:30,7830,7833,7812.5,7827.5,3323
2026-07-30T10:00:00+05:30,7833,7843.5,7828,7833,4117
2026-07-30T10:05:00+05:30,7829,7840,7828.5,7838,4039
2026-07-30T10:10:00+05:30,7840,7849.5,7829,7835.5,5005
2026-07-30T10:15:00+05:30,7835,7835,7824.5,7825,2800
2026-07-30T10:20:00+05:30,7824.5,7841.5,7820,7839,3858
2026-07-30T10:25:00+05:30,7839,7867,7836.5,7854,8210
2026-07-30T10:30:00+05:30,7854,7861.5,7850,7858.5,3462
2026-07-30T10:35:00+05:30,7858.5,7860,7850,7858.5,4314
2026-07-30T10:40:00+05:30,7859,7869.5,7854,7857.5,2477
2026-07-30T10:45:00+05:30,7857.5,7864.5,7854,7860,2261
2026-07-30T10:50:00+05:30,7860,7860.5,7850,7851.5,19005
2026-07-30T10:55:00+05:30,7851.5,7857.5,7844,7847,6379
2026-07-30T11:00:00+05:30,7850,7855,7847.5,7850,19996
2026-07-30T11:05:00+05:30,7850,7855.5,7841,7850,19969
2026-07-30T11:10:00+05:30,7850,7867,7850,7866.5,10695
2026-07-30T11:15:00+05:30,7867,7872.5,7855,7857,6187
2026-07-30T11:20:00+05:30,7857,7858.5,7851,7853.5,2672
2026-07-30T11:25:00+05:30,7853.5,7858,7850,7854.5,9445
2026-07-30T11:30:00+05:30,7854.5,7862.5,7853,7862.5,1612
2026-07-30T11:35:00+05:30,7862.5,7862.5,7857,7857.5,1883
2026-07-30T11:40:00+05:30,7857.5,7860,7850.5,7850.5,1175
2026-07-30T11:45:00+05:30,7851,7857,7850,7857,1755
2026-07-30T11:50:00+05:30,7856,7857,7852,7852.5,1487
2026-07-30T11:55:00+05:30,7852.5,7860,7852,7856,1376
2026-07-30T12:00:00+05:30,7856,7862,7853.5,7860,2885
2026-07-30T12:05:00+05:30,7862,7885.5,7855,7880.5,8659
2026-07-30T12:10:00+05:30,7883.5,7890,7872,7884,7342
2026-07-30T12:15:00+05:30,7884,7891.5,7880,7880.5,4741
2026-07-30T12:20:00+05:30,7880.5,7884.5,7870,7878,3296
2026-07-30T12:25:00+05:30,7878,7907,7877.5,7903,10266
2026-07-30T12:30:00+05:30,7905,7905,7893,7896,12280
2026-07-30T12:35:00+05:30,7896.5,7903,7896,7900,3961
2026-07-30T12:40:00+05:30,7900,7905,7896,7900,6934
2026-07-30T12:45:00+05:30,7900,7902.5,7898,7898.5,4010
2026-07-30T12:50:00+05:30,7898,7904,7898,7903,2365
2026-07-30T12:55:00+05:30,7903.5,7904,7898,7901.5,2755
2026-07-30T13:00:00+05:30,7900.5,7905.5,7898.5,7901,2131
2026-07-30T13:05:00+05:30,7901,7914,7901,7914,4504
2026-07-30T13:10:00+05:30,7909,7911.5,7904.5,7905.5,2314
2026-07-30T13:15:00+05:30,7905.5,7905.5,7900,7903,21836
2026-07-30T13:20:00+05:30,7903,7911,7902,7908,3101
2026-07-30T13:25:00+05:30,7907.5,7922,7904,7912,8061
2026-07-30T13:30:00+05:30,7912,7919,7911,7913.5,3616
2026-07-30T13:35:00+05:30,7914,7929,7912,7922.5,6591
2026-07-30T13:40:00+05:30,7922,7926,7915,7925,3608
2026-07-30T13:45:00+05:30,7925,7938,7924,7926,13493
2026-07-30T13:50:00+05:30,7928,7931.5,7921,7929,13315
2026-07-30T13:55:00+05:30,7929,7931,7915,7920,16630
2026-07-30T14:00:00+05:30,7920,7920,7911,7918,7527
2026-07-30T14:05:00+05:30,7917,7923,7912,7917,6154
2026-07-30T14:10:00+05:30,7919,7922,7904,7905,7397
2026-07-30T14:15:00+05:30,7905,7912,7867,7875,26579
2026-07-30T14:20:00+05:30,7872.5,7890,7864.5,7888.5,13981
2026-07-30T14:25:00+05:30,7888.5,7895.5,7882.5,7884.5,8014
2026-07-30T14:30:00+05:30,7884.5,7885.5,7870,7872.5,8845
2026-07-30T14:35:00+05:30,7872.5,7878.5,7856,7858.5,13997
2026-07-30T14:40:00+05:30,7858.5,7870,7850.5,7854.5,10804
2026-07-30T14:45:00+05:30,7854,7868.5,7854,7864.5,10984
2026-07-30T14:50:00+05:30,7864,7868,7860,7863,8960
2026-07-30T14:55:00+05:30,7865,7865,7850.5,7851.5,9296
2026-07-30T15:00:00+05:30,7851.5,7865.5,7842.5,7864,16549
2026-07-30T15:05:00+05:30,7864,7864,7856,7859,10207
2026-07-30T15:10:00+05:30,7859,7862,7844,7847,11693
2026-07-30T15:15:00+05:30,7839,7840,7809,7811,23569
2026-07-30T15:20:00+05:30,7815,7824,7810.5,7820.5,15083
2026-07-30T15:25:00+05:30,7820.5,7823,7808,7810,10894
2026-07-31T09:15:00+05:30,7873,8085,7870.5,8060.5,98153
2026-07-31T09:20:00+05:30,8061,8066,8008.5,8027,29391
2026-07-31T09:25:00+05:30,8025.5,8048,8003,8028,14885
2026-07-31T09:30:00+05:30,8028,8043,8005.5,8008,9129
2026-07-31T09:35:00+05:30,8006.5,8040,8003.5,8022,16996
2026-07-31T09:40:00+05:30,8022,8035,8010.5,8012.5,10806
2026-07-31T09:45:00+05:30,8012.5,8027,8007,8012.5,9024
2026-07-31T09:50:00+05:30,8012.5,8037.5,7994.5,8031,29258
2026-07-31T09:55:00+05:30,8031,8046.5,8027,8027.5,13828
2026-07-31T10:00:00+05:30,8027.5,8055,8020.5,8034.5,10662
2026-07-31T10:05:00+05:30,8034.5,8038,8019,8024.5,10932
2026-07-31T10:10:00+05:30,8024.5,8028,8018,8018,4726
2026-07-31T10:15:00+05:30,8018,8020,7967,7977,14897
2026-07-31T10:20:00+05:30,7977.5,7997,7974,7997,9669
2026-07-31T10:25:00+05:30,8001.5,8001.5,7965,7969.5,10367
2026-07-31T10:30:00+05:30,7970,7997.5,7969.5,7996,8959
2026-07-31T10:35:00+05:30,7991.5,8018.5,7991,8006,16998
2026-07-31T10:40:00+05:30,8006,8025,8006,8017.5,8485
2026-07-31T10:45:00+05:30,8017.5,8018.5,8008,8010,6485
2026-07-31T10:50:00+05:30,8010,8014,8001,8001,13246
2026-07-31T10:55:00+05:30,8001,8010,8001,8006.5,9382
2026-07-31T11:00:00+05:30,8006.5,8010,7992,7996.5,5056
2026-07-31T11:05:00+05:30,7995.5,7996.5,7973,7979,7963
2026-07-31T11:10:00+05:30,7979,7999,7979,7990,14715
2026-07-31T11:15:00+05:30,7989.5,8009.5,7989.5,7994,11503
2026-07-31T11:20:00+05:30,7994,7998,7987,7990,11355
2026-07-31T11:25:00+05:30,7990,8003.5,7983,8000.5,8443
2026-07-31T11:30:00+05:30,8000.5,8009,7986,7996,8673
2026-07-31T11:35:00+05:30,7995,8009,7986.5,8003,4357
2026-07-31T11:40:00+05:30,8003,8019.5,8002,8019.5,9919
2026-07-31T11:45:00+05:30,8020,8025,8014,8019,4784
2026-07-31T11:50:00+05:30,8018.5,8022.5,8014,8018,5864
2026-07-31T11:55:00+05:30,8016.5,8020,8005,8014,2273
2026-07-31T12:00:00+05:30,8011,8014,8003,8011,3849
2026-07-31T12:05:00+05:30,8011,8035,8011,8031.5,4534
2026-07-31T12:10:00+05:30,8031.5,8033.5,8020,8025.5,3252
2026-07-31T12:15:00+05:30,8023,8030,8023,8025.5,2444
2026-07-31T12:20:00+05:30,8027.5,8032.5,8024,8031,3822
2026-07-31T12:25:00+05:30,8032,8032,8019,8023,2591
2026-07-31T12:30:00+05:30,8024.5,8027,8013,8018.5,2616
2026-07-31T12:35:00+05:30,8018.5,8033,8014.5,8029.5,5088
2026-07-31T12:40:00+05:30,8030,8035,8020,8028.5,4016
2026-07-31T12:45:00+05:30,8029,8035,8022,8029.5,7994
2026-07-31T12:50:00+05:30,8029.5,8037.5,8022.5,8034.5,7314
2026-07-31T12:55:00+05:30,8037.5,8049.5,8030,8034.5,14799
2026-07-31T13:00:00+05:30,8033.5,8045,8030,8042,2308
2026-07-31T13:05:00+05:30,8043,8055,8039.5,8046.5,9897
2026-07-31T13:10:00+05:30,8046.5,8050,8034.5,8048,7925
2026-07-31T13:15:00+05:30,8048.5,8056,8047.5,8051,2635
2026-07-31T13:20:00+05:30,8051,8051.5,8022.5,8023,6695
2026-07-31T13:25:00+05:30,8023,8040,8022,8038.5,2001
2026-07-31T13:30:00+05:30,8040,8041,8034,8036,1510
2026-07-31T13:35:00+05:30,8035,8040,8031.5,8035,1606
2026-07-31T13:40:00+05:30,8035,8037.5,8027,8028,2207
2026-07-31T13:45:00+05:30,8028,8038,8020,8038,5889
2026-07-31T13:50:00+05:30,8038,8050,8035,8049.5,9521
2026-07-31T13:55:00+05:30,8047,8054.5,8045.5,8050,5381
2026-07-31T14:00:00+05:30,8049,8050,8015,8020,10160
2026-07-31T14:05:00+05:30,8020,8022.5,8015,8015,12034
2026-07-31T14:10:00+05:30,8015,8031,8009,8015,7713
2026-07-31T14:15:00+05:30,8015,8020,8010,8015.5,4939
2026-07-31T14:20:00+05:30,8014,8018,8011.5,8016,1513
2026-07-31T14:25:00+05:30,8016,8023,7993,7999.5,5536
2026-07-31T14:30:00+05:30,7999,8004.5,7978,7994,11050
2026-07-31T14:35:00+05:30,7994,8010,7991,8007,2131
2026-07-31T14:40:00+05:30,8007,8020,8000.5,8014.5,3767
2026-07-31T14:45:00+05:30,8014.5,8020,8004.5,8006,6369
2026-07-31T14:50:00+05:30,8006,8020,7999.5,8017,6386
2026-07-31T14:55:00+05:30,8017,8021.5,8008.5,8013,4732
2026-07-31T15:00:00+05:30,8011.5,8048,8011.5,8035.5,13835
2026-07-31T15:05:00+05:30,8037.5,8038,8025,8032.5,7508
2026-07-31T15:10:00+05:30,8037.5,8042,8029,8038.5,19172
2026-07-31T15:15:00+05:30,8036,8069.5,8032,8069.5,21472
2026-07-31T15:20:00+05:30,8066.5,8085,8055.5,8084.5,18378
2026-07-31T15:25:00+05:30,8083.5,8090,8047,8085,64767
2026-08-03T09:15:00+05:30,8380,8500,8105,8140.5,246769
2026-08-03T09:20:00+05:30,8140,8373,8133,8364,174984
2026-08-03T09:25:00+05:30,8364,8375,8271,8294,132595
2026-08-03T09:30:00+05:30,8296,8340,8291.5,8327,22908
2026-08-03T09:35:00+05:30,8326.5,8328,8298.5,8307.5,32082
2026-08-03T09:40:00+05:30,8310.5,8386,8306.5,8386,52043
2026-08-03T09:45:00+05:30,8384.5,8407,8370,8389.5,53051
2026-08-03T09:50:00+05:30,8390,8412.5,8383,8394,29490
2026-08-03T09:55:00+05:30,8395.5,8405,8344,8353,35344
2026-08-03T10:00:00+05:30,8352,8380,8323,8374,26018
2026-08-03T10:05:00+05:30,8375.5,8398.5,8375,8377.5,22710
2026-08-03T10:10:00+05:30,8376,8427.5,8372,8421,35882
2026-08-03T10:15:00+05:30,8421,8429.5,8396.5,8403,25668
2026-08-03T10:20:00+05:30,8401,8427,8398.5,8422,14239
2026-08-03T10:25:00+05:30,8422,8441.5,8413.5,8435,19540
2026-08-03T10:30:00+05:30,8432,8436.5,8416,8428.5,12371
2026-08-03T10:35:00+05:30,8428.5,8449,8420,8449,12626
2026-08-03T10:40:00+05:30,8449,8450,8420,8431.5,14436
2026-08-03T10:45:00+05:30,8433,8436,8430,8434,4660
2026-08-03T10:50:00+05:30,8431,8444.5,8427.5,8442.5,6877
2026-08-03T10:55:00+05:30,8442.5,8444,8435.5,8439,4810
2026-08-03T11:00:00+05:30,8439,8444,8426,8436,13504
2026-08-03T11:05:00+05:30,8436,8443.5,8431,8442.5,5807
2026-08-03T11:10:00+05:30,8442,8450,8439,8441.5,9880
2026-08-03T11:15:00+05:30,8439,8452,8437,8438.5,11242
2026-08-03T11:20:00+05:30,8442,8467,8439.5,8459,11900
2026-08-03T11:25:00+05:30,8460,8464,8450,8455,8475
2026-08-03T11:30:00+05:30,8455,8460,8448,8451.5,6638
2026-08-03T11:35:00+05:30,8456.5,8460,8450,8451,8218
2026-08-03T11:40:00+05:30,8451,8484,8450,8476,29690
2026-08-03T11:45:00+05:30,8478,8494.5,8475,8478.5,22456
2026-08-03T11:50:00+05:30,8479.5,8485,8452.5,8457.5,13528
2026-08-03T11:55:00+05:30,8461.5,8469.5,8455,8469,9542
2026-08-03T12:00:00+05:30,8467.5,8478.5,8465.5,8467,6174
2026-08-03T12:05:00+05:30,8466.5,8473,8460,8471,6983
2026-08-03T12:10:00+05:30,8468,8478,8460.5,8462.5,11744
2026-08-03T12:15:00+05:30,8462.5,8467,8460,8465,11333
2026-08-03T12:20:00+05:30,8463.5,8470,8451,8453,20642
2026-08-03T12:25:00+05:30,8453,8471,8450,8465,11964
2026-08-03T12:30:00+05:30,8465,8472,8462,8464,7947
2026-08-03T12:35:00+05:30,8465,8471,8464,8467,4756
2026-08-03T12:40:00+05:30,8469.5,8470.5,8462.5,8464,6294
2026-08-03T12:45:00+05:30,8464,8466,8451,8457.5,11352
2026-08-03T12:50:00+05:30,8457.5,8478,8454,8469,7761
2026-08-03T12:55:00+05:30,8469.5,8478,8461,8478,4555
2026-08-03T13:00:00+05:30,8478,8478,8468,8472,4132
2026-08-03T13:05:00+05:30,8473.5,8473.5,8461,8461,3847
2026-08-03T13:10:00+05:30,8462,8465,8451,8460,6469
2026-08-03T13:15:00+05:30,8460,8460,8450,8460,10024
2026-08-03T13:20:00+05:30,8460,8463,8454.5,8463,4463
2026-08-03T13:25:00+05:30,8459,8467.5,8455.5,8463,5215
2026-08-03T13:30:00+05:30,8461.5,8465,8450.5,8457,12662
2026-08-03T13:35:00+05:30,8459,8460,8449.5,8453,6659
2026-08-03T13:40:00+05:30,8454.5,8454.5,8401,8407.5,20640
2026-08-03T13:45:00+05:30,8404,8412,8398,8404.5,13603
2026-08-03T13:50:00+05:30,8404.5,8405,8303.5,8325,71134
2026-08-03T13:55:00+05:30,8324.5,8357.5,8320,8352,18096
2026-08-03T14:00:00+05:30,8352,8352,8333.5,8341,20520
2026-08-03T14:05:00+05:30,8341,8350,8322.5,8345,12033
2026-08-03T14:10:00+05:30,8348,8352,8344,8348,7467
2026-08-03T14:15:00+05:30,8349.5,8368,8346.5,8356.5,16285
2026-08-03T14:20:00+05:30,8355,8355,8343,8350.5,8380
2026-08-03T14:25:00+05:30,8350.5,8358,8342.5,8357,10807
2026-08-03T14:30:00+05:30,8356,8367,8346,8362,21914
2026-08-03T14:35:00+05:30,8365,8367,8350,8360,10026
2026-08-03T14:40:00+05:30,8360,8363.5,8347,8351,7834
2026-08-03T14:45:00+05:30,8352.5,8367.5,8351,8360,14099
2026-08-03T14:50:00+05:30,8360,8364,8349,8349,12343
2026-08-03T14:55:00+05:30,8350,8352,8330,8330,23374
2026-08-03T15:00:00+05:30,8331.5,8347,8328,8337.5,41334
2026-08-03T15:05:00+05:30,8334.5,8347,8326,8330,53698
2026-08-03T15:10:00+05:30,8330,8355.5,8322.5,8330,65426
2026-08-04T09:15:00+05:30,8451,8460.5,8386.5,8407.5,29240
2026-08-04T09:20:00+05:30,8402.5,8404.5,8380,8394.5,14084
2026-08-04T09:25:00+05:30,8391,8400,8375.5,8390.5,12339
2026-08-04T09:30:00+05:30,8391.5,8391.5,8325.5,8327.5,24854
2026-08-04T09:35:00+05:30,8329,8334.5,8301,8314,29545
2026-08-04T09:40:00+05:30,8314,8320,8268,8294,75347
2026-08-04T09:45:00+05:30,8294,8311.5,8280,8305,18292
2026-08-04T09:50:00+05:30,8307,8316,8275,8279,13481
2026-08-04T09:55:00+05:30,8279,8285,8266,8281,16347
2026-08-04T10:00:00+05:30,8280,8280,8257.5,8262.5,16484
2026-08-04T10:05:00+05:30,8264,8273.5,8262,8273,7700
2026-08-04T10:10:00+05:30,8273,8278,8266,8271.5,13473
2026-08-04T10:15:00+05:30,8271,8271,8250,8252,10765
2026-08-04T10:20:00+05:30,8251,8261.5,8243,8257,13878
2026-08-04T10:25:00+05:30,8257,8275,8249,8270.5,13588
2026-08-04T10:30:00+05:30,8269,8278,8253.5,8272,14962
2026-08-04T10:35:00+05:30,8275,8276,8265,8275,22889
2026-08-04T10:40:00+05:30,8275,8293.5,8271.5,8292.5,22458
2026-08-04T10:45:00+05:30,8291,8309.5,8286.5,8309,14726
2026-08-04T10:50:00+05:30,8308,8347,8308,8338,19483
2026-08-04T10:55:00+05:30,8340,8342.5,8319,8342.5,14996
2026-08-04T11:00:00+05:30,8338,8364,8330,8338.5,23514
2026-08-04T11:05:00+05:30,8338.5,8348,8331.5,8346,8302
2026-08-04T11:10:00+05:30,8345,8358,8342.5,8354,15586
2026-08-04T11:15:00+05:30,8353.5,8358.5,8350,8354.5,10019
2026-08-04T11:20:00+05:30,8355,8358,8329,8332.5,10957
2026-08-04T11:25:00+05:30,8331.5,8337.5,8325.5,8334,13455
2026-08-04T11:30:00+05:30,8335,8343,8332,8337,7096
2026-08-04T11:35:00+05:30,8337,8337,8325,8328,8999
2026-08-04T11:40:00+05:30,8328,8330,8321,8324.5,8391
2026-08-04T11:45:00+05:30,8330.5,8346,8323,8339.5,12003
2026-08-04T11:50:00+05:30,8339.5,8346.5,8331.5,8332,11072
2026-08-04T11:55:00+05:30,8332.5,8348.5,8331,8343.5,9951
2026-08-04T12:00:00+05:30,8341.5,8352.5,8339.5,8344,8108
2026-08-04T12:05:00+05:30,8344,8348.5,8339.5,8343.5,6770
2026-08-04T12:10:00+05:30,8343,8374,8338.5,8373,16830
2026-08-04T12:15:00+05:30,8373,8384.5,8369,8370,13866
2026-08-04T12:20:00+05:30,8371,8378.5,8358,8369,10272
2026-08-04T12:25:00+05:30,8373,8375,8346.5,8347.5,9149
2026-08-04T12:30:00+05:30,8348,8365,8348,8356,9197
2026-08-04T12:35:00+05:30,8355,8367.5,8354,8361,12840
2026-08-04T12:40:00+05:30,8362,8369,8358.5,8364.5,8959
2026-08-04T12:45:00+05:30,8364.5,8364.5,8353,8358.5,8120
2026-08-04T12:50:00+05:30,8355.5,8369,8355,8367,7602
2026-08-04T12:55:00+05:30,8366,8375.5,8363,8363.5,8984
2026-08-04T13:00:00+05:30,8364,8366,8356.5,8357,6579
2026-08-04T13:05:00+05:30,8356.5,8380,8355.5,8379,18926
2026-08-04T13:10:00+05:30,8379,8382,8360,8360,5505
2026-08-04T13:15:00+05:30,8361,8368,8355,8358,8902
2026-08-04T13:20:00+05:30,8358,8361.5,8351,8353.5,8272
2026-08-04T13:25:00+05:30,8352.5,8360.5,8351,8352,6515
2026-08-04T13:30:00+05:30,8352,8354.5,8345,8350.5,6564
2026-08-04T13:35:00+05:30,8349.5,8350.5,8344.5,8346.5,5933
2026-08-04T13:40:00+05:30,8347.5,8363,8345,8354,11217
2026-08-04T13:45:00+05:30,8354,8366.5,8350.5,8358.5,8630
2026-08-04T13:50:00+05:30,8359,8364,8353.5,8364,9483
2026-08-04T13:55:00+05:30,8361.5,8362,8353.5,8354.5,5524
2026-08-04T14:00:00+05:30,8355.5,8359.5,8351,8355.5,7503
2026-08-04T14:05:00+05:30,8356,8358.5,8348,8348,4612
2026-08-04T14:10:00+05:30,8348.5,8359.5,8348,8348,6537
2026-08-04T14:15:00+05:30,8348,8363.5,8345.5,8356.5,6861
2026-08-04T14:20:00+05:30,8355,8360.5,8350,8355,7481
2026-08-04T14:25:00+05:30,8351,8356.5,8348,8352.5,7260
2026-08-04T14:30:00+05:30,8352.5,8359.5,8352,8354,10465
2026-08-04T14:35:00+05:30,8354,8362,8352.5,8360.5,8724
2026-08-04T14:40:00+05:30,8360.5,8370,8360,8365.5,7707
2026-08-04T14:45:00+05:30,8365.5,8379,8364.5,8373.5,14121
2026-08-04T14:50:00+05:30,8374.5,8374.5,8362,8362,8607
2026-08-04T14:55:00+05:30,8361,8385,8361,8375,14927
2026-08-04T15:00:00+05:30,8374.5,8395,8365,8387,27267
2026-08-04T15:05:00+05:30,8387,8394,8377,8387,31541
2026-08-04T15:10:00+05:30,8387,8393,8371,8371,19082
2026-08-05T09:15:00+05:30,8389.5,8441,8389.5,8415,15319
2026-08-05T09:20:00+05:30,8414.5,8416.5,8365,8369.5,11297
2026-08-05T09:25:00+05:30,8369.5,8384,8365,8375.5,4936
2026-08-05T09:30:00+05:30,8378,8390,8370.5,8381,7876
2026-08-05T09:35:00+05:30,8383,8399,8380.5,8392.5,3050
2026-08-05T09:40:00+05:30,8394.5,8399.5,8387,8397.5,2763
2026-08-05T09:45:00+05:30,8399.5,8407,8367.5,8367.5,7589
2026-08-05T09:50:00+05:30,8366.5,8366.5,8335,8345,10817
2026-08-05T09:55:00+05:30,8345,8349.5,8341,8342,3470
2026-08-05T10:00:00+05:30,8344,8350.5,8340,8343,3129
2026-08-05T10:05:00+05:30,8343,8345,8333,8345,2729
2026-08-05T10:10:00+05:30,8341,8360,8341,8359.5,2813
2026-08-05T10:15:00+05:30,8360,8360,8340.5,8347.5,2120
2026-08-05T10:20:00+05:30,8347.5,8358.5,8345,8358,1931
2026-08-05T10:25:00+05:30,8354,8363,8344.5,8360,4322
2026-08-05T10:30:00+05:30,8358.5,8364,8352,8360,1652
2026-08-05T10:35:00+05:30,8361,8379,8360,8376,3196
2026-08-05T10:40:00+05:30,8379,8383,8369.5,8380,5478
2026-08-05T10:45:00+05:30,8380,8398,8380,8389,3890
2026-08-05T10:50:00+05:30,8389.5,8408.5,8386.5,8407.5,3527
2026-08-05T10:55:00+05:30,8411.5,8415.5,8398,8401.5,6424
2026-08-05T11:00:00+05:30,8401.5,8409,8400,8405.5,3015
2026-08-05T11:05:00+05:30,8405.5,8410.5,8402.5,8405.5,2921
2026-08-05T11:10:00+05:30,8405,8412,8405,8408,2525
2026-08-05T11:15:00+05:30,8407.5,8420,8406.5,8413,2811
2026-08-05T11:20:00+05:30,8415,8418.5,8403,8404.5,8640
2026-08-05T11:25:00+05:30,8404.5,8419,8403,8408.5,4923
2026-08-05T11:30:00+05:30,8408.5,8412,8393,8393,2380
2026-08-05T11:35:00+05:30,8393,8398,8381,8386.5,8792
2026-08-05T11:40:00+05:30,8384,8409,8383.5,8402.5,9820
2026-08-05T11:45:00+05:30,8402.5,8409.5,8402,8405,1789
2026-08-05T11:50:00+05:30,8405,8407.5,8396.5,8400,2032
2026-08-05T11:55:00+05:30,8399,8403.5,8392,8393,2331
2026-08-05T12:00:00+05:30,8392.5,8396,8391.5,8395,1522
2026-08-05T12:05:00+05:30,8392.5,8395,8381,8385,4185
2026-08-05T12:10:00+05:30,8384,8388,8381,8382.5,2714
2026-08-05T12:15:00+05:30,8381.5,8385,8377.5,8383,5694
2026-08-05T12:20:00+05:30,8382.5,8389.5,8382.5,8385,3210
2026-08-05T12:25:00+05:30,8385,8398.5,8385,8390.5,2746
2026-08-05T12:30:00+05:30,8391,8393.5,8374,8380,5254
2026-08-05T12:35:00+05:30,8380,8380,8374.5,8378,1551
2026-08-05T12:40:00+05:30,8376.5,8380,8374.5,8379,3459
2026-08-05T12:45:00+05:30,8379,8380,8376.5,8376.5,3167
2026-08-05T12:50:00+05:30,8378.5,8379.5,8373,8378.5,2031
2026-08-05T12:55:00+05:30,8378.5,8380,8367.5,8369,5454
2026-08-05T13:00:00+05:30,8370,8370.5,8364.5,8364.5,2806
2026-08-05T13:05:00+05:30,8364.5,8390,8363,8385.5,5837
2026-08-05T13:10:00+05:30,8385.5,8389.5,8381,8388,3791
2026-08-05T13:15:00+05:30,8388,8388.5,8380,8388.5,1372
2026-08-05T13:20:00+05:30,8388,8390,8387,8390,1436
2026-08-05T13:25:00+05:30,8390,8393,8389.5,8392,1874
2026-08-05T13:30:00+05:30,8391,8392.5,8375,8375,1741
2026-08-05T13:35:00+05:30,8375,8382,8372.5,8380,1133
2026-08-05T13:40:00+05:30,8380,8388,8377,8386,2994
2026-08-05T13:45:00+05:30,8386,8387,8380.5,8383,1373
2026-08-05T13:50:00+05:30,8383,8385,8381,8382,1394
2026-08-05T13:55:00+05:30,8382,8386,8379.5,8384.5,1315
2026-08-05T14:00:00+05:30,8381.5,8385.5,8381.5,8385,784
2026-08-05T14:05:00+05:30,8385,8388,8378,8380,1492
2026-08-05T14:10:00+05:30,8380,8383,8377,8377.5,1825
2026-08-05T14:15:00+05:30,8380,8384.5,8376,8382,3950
2026-08-05T14:20:00+05:30,8383,8387,8380.5,8384,2393
2026-08-05T14:25:00+05:30,8384,8390,8382.5,8386.5,6800
2026-08-05T14:30:00+05:30,8386.5,8399,8386.5,8399,3089
2026-08-05T14:35:00+05:30,8399,8400,8395.5,8400,3429
2026-08-05T14:40:00+05:30,8400,8400,8387.5,8400,7250
2026-08-05T14:45:00+05:30,8400,8400,8398.5,8399.5,4585
2026-08-05T14:50:00+05:30,8400,8400,8394,8395.5,5285
2026-08-05T14:55:00+05:30,8396.5,8400,8392.5,8392.5,7660
2026-08-05T15:00:00+05:30,8390.5,8390.5,8378.5,8383,9472
2026-08-05T15:05:00+05:30,8383.5,8385.5,8379,8382,9670
2026-08-05T15:10:00+05:30,8382,8393,8377.5,8388,12532
2026-08-06T09:15:00+05:30,8408,8408,8388.5,8396,5562
2026-08-06T09:20:00+05:30,8396,8399.5,8380,8395.5,9589
2026-08-06T09:25:00+05:30,8395.5,8414.5,8395.5,8407,4937
2026-08-06T09:30:00+05:30,8406,8410.5,8397,8407.5,7183
2026-08-06T09:35:00+05:30,8407.5,8420,8400,8416,9558
2026-08-06T09:40:00+05:30,8413.5,8417,8405.5,8408.5,4213
2026-08-06T09:45:00+05:30,8407.5,8410,8402,8404.5,3976
2026-08-06T09:50:00+05:30,8416.5,8442,8415,8440,14202
2026-08-06T09:55:00+05:30,8441.5,8441.5,8425,8430,5198
2026-08-06T10:00:00+05:30,8429.5,8430,8410.5,8421.5,2540
2026-08-06T10:05:00+05:30,8418,8428,8418,8425.5,1954
2026-08-06T10:10:00+05:30,8425,8440,8422.5,8437,2581
2026-08-06T10:15:00+05:30,8436,8437,8423,8423.5,3525
2026-08-06T10:20:00+05:30,8424.5,8427,8417,8421.5,1773
2026-08-06T10:25:00+05:30,8423.5,8425,8418,8420,1367
2026-08-06T10:30:00+05:30,8420,8426,8419.5,8421.5,3208
2026-08-06T10:35:00+05:30,8419,8423.5,8419,8420.5,716
2026-08-06T10:40:00+05:30,8422,8422,8415,8418,863
2026-08-06T10:45:00+05:30,8418,8429,8416,8426,3838
2026-08-06T10:50:00+05:30,8424.5,8432,8424.5,8427,2170
2026-08-06T10:55:00+05:30,8426,8448,8423.5,8432,5247
2026-08-06T11:00:00+05:30,8433.5,8441,8433,8441,2538
2026-08-06T11:05:00+05:30,8441,8446,8440,8441,2792
2026-08-06T11:10:00+05:30,8441,8445.5,8435,8443.5,3989
2026-08-06T11:15:00+05:30,8443.5,8443.5,8434.5,8442,2019
2026-08-06T11:20:00+05:30,8442,8443,8425.5,8435.5,4691
2026-08-06T11:25:00+05:30,8437,8437,8415,8419,8097
2026-08-06T11:30:00+05:30,8418.5,8422.5,8412.5,8416,1591
2026-08-06T11:35:00+05:30,8416,8416,8407,8411,7936
2026-08-06T11:40:00+05:30,8409.5,8409.5,8392,8403.5,4506
2026-08-06T11:45:00+05:30,8403.5,8408,8401,8404,2937
2026-08-06T11:50:00+05:30,8403.5,8408,8403.5,8404,2737
2026-08-06T11:55:00+05:30,8404,8410.5,8402,8408.5,1221
2026-08-06T12:00:00+05:30,8409,8409,8396.5,8408.5,2377
2026-08-06T12:05:00+05:30,8409,8411,8404,8406,1661
2026-08-06T12:10:00+05:30,8406,8408.5,8393.5,8402,2978
2026-08-06T12:15:00+05:30,8401,8402,8391.5,8391.5,9587
2026-08-06T12:20:00+05:30,8391.5,8400,8391.5,8400,3934
2026-08-06T12:25:00+05:30,8400,8402.5,8384,8386,7026
2026-08-06T12:30:00+05:30,8386,8393.5,8384,8391.5,2600
2026-08-06T12:35:00+05:30,8391.5,8393.5,8387.5,8389,2093
2026-08-06T12:40:00+05:30,8389,8389,8373,8377.5,3744
2026-08-06T12:45:00+05:30,8377.5,8385,8375,8384.5,2616
2026-08-06T12:50:00+05:30,8384.5,8388,8380.5,8385,2231
2026-08-06T12:55:00+05:30,8384,8393.5,8382,8393.5,1448
2026-08-06T13:00:00+05:30,8392,8397,8387,8396.5,1912
2026-08-06T13:05:00+05:30,8399,8400,8392,8398,1536
2026-08-06T13:10:00+05:30,8397,8399.5,8393.5,8398,1574
2026-08-06T13:15:00+05:30,8394.5,8400,8386.5,8400,2365
2026-08-06T13:20:00+05:30,8404.5,8414,8380.5,8380.5,6314
2026-08-06T13:25:00+05:30,8380.5,8391,8380,8382,2688
2026-08-06T13:30:00+05:30,8381,8385.5,8379,8379,3209
2026-08-06T13:35:00+05:30,8380.5,8382,8371.5,8376,2461
2026-08-06T13:40:00+05:30,8374.5,8379.5,8374.5,8377,1715
2026-08-06T13:45:00+05:30,8377,8380,8373.5,8377.5,2048
2026-08-06T13:50:00+05:30,8377.5,8383.5,8376.5,8377.5,1729
2026-08-06T13:55:00+05:30,8378,8380.5,8374.5,8378.5,1454
2026-08-06T14:00:00+05:30,8378,8378.5,8367.5,8369,3461
2026-08-06T14:05:00+05:30,8369,8369,8359,8364,5062
2026-08-06T14:10:00+05:30,8364.5,8369.5,8360,8364,4306
2026-08-06T14:15:00+05:30,8365,8372,8364.5,8364.5,2737
2026-08-06T14:20:00+05:30,8364.5,8367.5,8360,8362.5,1674
2026-08-06T14:25:00+05:30,8361.5,8363.5,8352,8353.5,2928
2026-08-06T14:30:00+05:30,8354,8360,8344.5,8346,4836
2026-08-06T14:35:00+05:30,8346,8347,8329,8330.5,5806
2026-08-06T14:40:00+05:30,8330.5,8334.5,8325.5,8329,4535
2026-08-06T14:45:00+05:30,8329,8350.5,8328.5,8347.5,7228
2026-08-06T14:50:00+05:30,8350,8350.5,8331.5,8338,4274
2026-08-06T14:55:00+05:30,8343,8344,8320.5,8320.5,9235
2026-08-06T15:00:00+05:30,8324.5,8330,8308.5,8308.5,13401
2026-08-06T15:05:00+05:30,8308.5,8310,8290,8294,23779
2026-08-06T15:10:00+05:30,8294,8295,8268.5,8282.5,14813
2026-08-07T09:15:00+05:30,8285.5,8330,8263.5,8312,8850
2026-08-07T09:20:00+05:30,8309.5,8330.5,8301,8305,4960
2026-08-07T09:25:00+05:30,8301,8318.5,8301,8317.5,2461
2026-08-07T09:30:00+05:30,8315,8326.5,8303.5,8311,3813
2026-08-07T09:35:00+05:30,8313.5,8328.5,8312,8319,2044
2026-08-07T09:40:00+05:30,8319,8332.5,8317.5,8326.5,3330
2026-08-07T09:45:00+05:30,8327.5,8334,8318.5,8320,2441
2026-08-07T09:50:00+05:30,8318.5,8326.5,8318.5,8322,1382
2026-08-07T09:55:00+05:30,8322,8326,8308.5,8313.5,4189
2026-08-07T10:00:00+05:30,8312,8312,8301,8302.5,2391
2026-08-07T10:05:00+05:30,8302.5,8304,8300,8301.5,2579
2026-08-07T10:10:00+05:30,8302,8305,8290.5,8299,3424
2026-08-07T10:15:00+05:30,8298.5,8300,8289,8300,3107
2026-08-07T10:20:00+05:30,8300,8300,8295,8295,1157
2026-08-07T10:25:00+05:30,8294,8295,8283,8289.5,1952
2026-08-07T10:30:00+05:30,8289.5,8289.5,8250,8256,6063
2026-08-07T10:35:00+05:30,8256,8282.5,8256,8282.5,4450
2026-08-07T10:40:00+05:30,8282.5,8294,8277,8283,1905
2026-08-07T10:45:00+05:30,8286.5,8298.5,8285.5,8294,1906
2026-08-07T10:50:00+05:30,8297,8301,8287,8287,1846
2026-08-07T10:55:00+05:30,8287,8292,8282.5,8286.5,1556
2026-08-07T11:00:00+05:30,8284.5,8286.5,8273.5,8275,1542
2026-08-07T11:05:00+05:30,8275,8276,8264.5,8266,3181
2026-08-07T11:10:00+05:30,8266,8267.5,8255,8259,2452
2026-08-07T11:15:00+05:30,8260.5,8277.5,8258.5,8273.5,6195
2026-08-07T11:20:00+05:30,8273.5,8297,8265.5,8291,9102
2026-08-07T11:25:00+05:30,8291,8292,8265,8282,7829
2026-08-07T11:30:00+05:30,8282,8288,8273,8276,2323
2026-08-07T11:35:00+05:30,8276,8312.5,8276,8309.5,4889
2026-08-07T11:40:00+05:30,8304.5,8315,8302,8309.5,3926
2026-08-07T11:45:00+05:30,8308.5,8308.5,8276.5,8282,3166
2026-08-07T11:50:00+05:30,8282,8293.5,8275,8289.5,2159
2026-08-07T11:55:00+05:30,8288,8293.5,8283,8283,872
2026-08-07T12:00:00+05:30,8283,8286,8271.5,8278.5,2363
2026-08-07T12:05:00+05:30,8278.5,8278.5,8264,8266,4162
2026-08-07T12:10:00+05:30,8266,8286,8266,8284,2153
2026-08-07T12:15:00+05:30,8285.5,8298,8282.5,8294,1063
2026-08-07T12:20:00+05:30,8294,8306,8285.5,8288.5,1980
2026-08-07T12:25:00+05:30,8288.5,8293.5,8282.5,8284,1130
2026-08-07T12:30:00+05:30,8284,8284,8261,8266.5,2528
2026-08-07T12:35:00+05:30,8266.5,8269.5,8263,8269.5,4627
2026-08-07T12:40:00+05:30,8269.5,8274.5,8260,8263,3586
2026-08-07T12:45:00+05:30,8263,8277,8260,8263,1462
2026-08-07T12:50:00+05:30,8263,8265,8261.5,8263,1126
2026-08-07T12:55:00+05:30,8263,8264,8260,8261.5,1031
2026-08-07T13:00:00+05:30,8261.5,8261.5,8251,8257,2022
2026-08-07T13:05:00+05:30,8257,8261.5,8244,8246.5,5348
2026-08-07T13:10:00+05:30,8246.5,8247.5,8233.5,8237,4777
2026-08-07T13:15:00+05:30,8237,8279,8236.5,8263.5,3078
2026-08-07T13:20:00+05:30,8263.5,8263.5,8251,8260,1400
2026-08-07T13:25:00+05:30,8257,8263.5,8252,8252,1057
2026-08-07T13:30:00+05:30,8252,8275,8251,8275,1981
2026-08-07T13:35:00+05:30,8275,8284,8267,8277.5,2333
2026-08-07T13:40:00+05:30,8277.5,8280.5,8275,8276,892
2026-08-07T13:45:00+05:30,8276,8280,8276,8276.5,1025
2026-08-07T13:50:00+05:30,8276.5,8281,8272.5,8274,1920
2026-08-07T13:55:00+05:30,8274,8275,8258.5,8268.5,3108
2026-08-07T14:00:00+05:30,8268.5,8272,8256.5,8267,5520
2026-08-07T14:05:00+05:30,8267,8267,8254,8257,2740
2026-08-07T14:10:00+05:30,8257,8261,8248.5,8256.5,3087
2026-08-07T14:15:00+05:30,8256.5,8261,8251,8257,2341
2026-08-07T14:20:00+05:30,8257,8260.5,8250.5,8254.5,2397
2026-08-07T14:25:00+05:30,8254.5,8288,8252,8280,3491
2026-08-07T14:30:00+05:30,8280,8283.5,8276,8281,2409
2026-08-07T14:35:00+05:30,8277,8283.5,8274.5,8277.5,2368
2026-08-07T14:40:00+05:30,8276,8282.5,8263.5,8269.5,3781
2026-08-07T14:45:00+05:30,8269.5,8270.5,8263,8268,5696
2026-08-07T14:50:00+05:30,8268,8275,8262.5,8268,6901
2026-08-07T14:55:00+05:30,8270,8272,8261,8262.5,6653
2026-08-07T15:00:00+05:30,8262.5,8273.5,8257,8268,6146
2026-08-07T15:05:00+05:30,8263,8271.5,8255,8258,10067
2026-08-07T15:10:00+05:30,8258,8261.5,8246,8252,14182
2026-08-10T09:15:00+05:30,8285,8329.5,8265,8329.5,13494
2026-08-10T09:20:00+05:30,8330,8350,8321.5,8345,8903
2026-08-10T09:25:00+05:30,8345,8345,8311,8320.5,6460
2026-08-10T09:30:00+05:30,8320.5,8339.5,8307,8307,7266
2026-08-10T09:35:00+05:30,8307,8321.5,8305,8305,7997
2026-08-10T09:40:00+05:30,8305,8310.5,8295,8307.5,9019
2026-08-10T09:45:00+05:30,8307.5,8324,8303,8318.5,5177
2026-08-10T09:50:00+05:30,8318.5,8325,8312,8316.5,6118
2026-08-10T09:55:00+05:30,8316.5,8317.5,8292,8296.5,4947
2026-08-10T10:00:00+05:30,8299.5,8314,8291.5,8300.5,7200
2026-08-10T10:05:00+05:30,8305,8305,8283.5,8289.5,10553
2026-08-10T10:10:00+05:30,8289.5,8301,8289.5,8300,3097
2026-08-10T10:15:00+05:30,8300,8312,8299.5,8301.5,3964
2026-08-10T10:20:00+05:30,8301.5,8309,8294,8301,4030
2026-08-10T10:25:00+05:30,8301,8312,8301,8311.5,3011
2026-08-10T10:30:00+05:30,8312,8315.5,8290.5,8297,7072
2026-08-10T10:35:00+05:30,8297,8317.5,8296.5,8317.5,3261
2026-08-10T10:40:00+05:30,8317,8317,8298,8305.5,5231
2026-08-10T10:45:00+05:30,8305,8308,8296,8298.5,3746
2026-08-10T10:50:00+05:30,8298.5,8304.5,8293,8298.5,3047
2026-08-10T10:55:00+05:30,8298.5,8302.5,8293.5,8302,2498
2026-08-10T11:00:00+05:30,8302.5,8302.5,8284,8293.5,7201
2026-08-10T11:05:00+05:30,8292.5,8296,8284.5,8284.5,2850
2026-08-10T11:10:00+05:30,8281,8291,8281,8290,5149
2026-08-10T11:15:00+05:30,8289.5,8304.5,8289.5,8300,16770
2026-08-10T11:20:00+05:30,8302.5,8305.5,8292.5,8295,5307
2026-08-10T11:25:00+05:30,8295,8299.5,8280,8284,4269
2026-08-10T11:30:00+05:30,8284,8286,8278,8281.5,5566
2026-08-10T11:35:00+05:30,8280,8283,8276,8283,3056
2026-08-10T11:40:00+05:30,8282,8291,8280.5,8283.5,2898
2026-08-10T11:45:00+05:30,8283.5,8288,8280.5,8286,2848
2026-08-10T11:50:00+05:30,8286,8294.5,8282,8285,4873
2026-08-10T11:55:00+05:30,8285,8290,8282.5,8284.5,2489
2026-08-10T12:00:00+05:30,8283,8285,8275.5,8281,3688
2026-08-10T12:05:00+05:30,8281,8283.5,8270.5,8283.5,3716
2026-08-10T12:10:00+05:30,8284,8286,8275,8282,3726
2026-08-10T12:15:00+05:30,8280,8287,8277,8281,3063
2026-08-10T12:20:00+05:30,8281,8281,8279.5,8280,2331
2026-08-10T12:25:00+05:30,8279.5,8281,8271.5,8273,2924
2026-08-10T12:30:00+05:30,8273,8276.5,8258.5,8268,4348
2026-08-10T12:35:00+05:30,8268,8274,8263.5,8268.5,3562
2026-08-10T12:40:00+05:30,8268.5,8274.5,8265,8274,2334
2026-08-10T12:45:00+05:30,8273.5,8278.5,8271.5,8278,2629
2026-08-10T12:50:00+05:30,8278,8280,8273.5,8280,2303
2026-08-10T12:55:00+05:30,8280,8280,8279.5,8280,1906
2026-08-10T13:00:00+05:30,8280,8280.5,8279.5,8280.5,2185
2026-08-10T13:05:00+05:30,8280.5,8295,8280,8287.5,8281
2026-08-10T13:10:00+05:30,8287.5,8297.5,8283.5,8290,3857
2026-08-10T13:15:00+05:30,8290,8292,8282,8286.5,2810
2026-08-10T13:20:00+05:30,8286.5,8288,8277,8283.5,2421
2026-08-10T13:25:00+05:30,8281.5,8285,8274,8283,3550
2026-08-10T13:30:00+05:30,8279,8284.5,8273.5,8282.5,2437
2026-08-10T13:35:00+05:30,8282.5,8284,8263,8278.5,5300
2026-08-10T13:40:00+05:30,8278.5,8279,8265,8278.5,2937
2026-08-10T13:45:00+05:30,8278.5,8282.5,8268.5,8279,4867
2026-08-10T13:50:00+05:30,8279,8283.5,8276,8282.5,6058
2026-08-10T13:55:00+05:30,8280.5,8284,8275.5,8281,4752
2026-08-10T14:00:00+05:30,8281,8281,8276,8279,3554
2026-08-10T14:05:00+05:30,8279.5,8282,8275,8280,2719
2026-08-10T14:10:00+05:30,8280,8280,8271,8276,4214
2026-08-10T14:15:00+05:30,8276,8277,8269,8277,5091
2026-08-10T14:20:00+05:30,8277,8283,8277,8279.5,4280
2026-08-10T14:25:00+05:30,8279,8281.5,8278.5,8280.5,7802
2026-08-10T14:30:00+05:30,8280.5,8284,8270,8275,4171
2026-08-10T14:35:00+05:30,8275,8275,8271,8273,3559
2026-08-10T14:40:00+05:30,8273,8275,8271,8275,3696
2026-08-10T14:45:00+05:30,8275,8276,8273,8274,6770
2026-08-10T14:50:00+05:30,8274,8295.5,8273,8292,16269
2026-08-10T14:55:00+05:30,8292.5,8310,8292,8300,15640
2026-08-10T15:00:00+05:30,8300,8300,8285.5,8289.5,5878
2026-08-10T15:05:00+05:30,8291.5,8291.5,8278.5,8287.5,5970
2026-08-10T15:10:00+05:30,8283.5,8297,8282.5,8297,7388
2026-08-11T09:15:00+05:30,8315,8325,8290,8308.5,3414
2026-08-11T09:20:00+05:30,8308.5,8313.5,8293,8300.5,3767
2026-08-11T09:25:00+05:30,8300.5,8307,8286,8291.5,1736
2026-08-11T09:30:00+05:30,8291.5,8303,8285.5,8296.5,2103
2026-08-11T09:35:00+05:30,8296.5,8344,8293,8334.5,11059
2026-08-11T09:40:00+05:30,8335,8335,8307.5,8310,4730
2026-08-11T09:45:00+05:30,8311,8319.5,8300,8310,4853
2026-08-11T09:50:00+05:30,8308.5,8315,8308,8312.5,3475
2026-08-11T09:55:00+05:30,8312.5,8312.5,8297.5,8308,3562
2026-08-11T10:00:00+05:30,8308,8312,8304.5,8308.5,2818
2026-08-11T10:05:00+05:30,8308,8319,8306,8316.5,4280
2026-08-11T10:10:00+05:30,8316.5,8325,8316,8323,2791
2026-08-11T10:15:00+05:30,8323,8335,8321,8335,2906
2026-08-11T10:20:00+05:30,8334,8374,8334,8358.5,12030
2026-08-11T10:25:00+05:30,8363,8393,8358.5,8378.5,12843
2026-08-11T10:30:00+05:30,8373,8397.5,8373,8397.5,11562
2026-08-11T10:35:00+05:30,8397.5,8410,8389.5,8403.5,22865
2026-08-11T10:40:00+05:30,8403.5,8424.5,8398.5,8421.5,10693
2026-08-11T10:45:00+05:30,8424,8445,8424,8442,22897
2026-08-11T10:50:00+05:30,8444,8449,8427.5,8433.5,10154
2026-08-11T10:55:00+05:30,8433.5,8436,8420.5,8432.5,6506
2026-08-11T11:00:00+05:30,8434,8443,8433,8439,4470
2026-08-11T11:05:00+05:30,8439,8440,8421,8426.5,5513
2026-08-11T11:10:00+05:30,8426.5,8433,8424,8427,3757
2026-08-11T11:15:00+05:30,8429.5,8430,8422.5,8423.5,3636
2026-08-11T11:20:00+05:30,8424,8426,8422,8424.5,2922
2026-08-11T11:25:00+05:30,8424.5,8428,8422.5,8423.5,4262
2026-08-11T11:30:00+05:30,8423.5,8428,8422,8425.5,2643
2026-08-11T11:35:00+05:30,8425.5,8448,8424.5,8447,7783
2026-08-11T11:40:00+05:30,8445.5,8447,8430,8435,4793
2026-08-11T11:45:00+05:30,8432,8444.5,8432,8440,11768
2026-08-11T11:50:00+05:30,8440,8474,8439.5,8456.5,16834
2026-08-11T11:55:00+05:30,8456.5,8484,8449,8469,25361
2026-08-11T12:00:00+05:30,8469,8489,8469,8481,9144
2026-08-11T12:05:00+05:30,8481.5,8490,8476,8479,13962
2026-08-11T12:10:00+05:30,8479,8490,8478.5,8481.5,7278
2026-08-11T12:15:00+05:30,8481.5,8487,8477.5,8481,6509
2026-08-11T12:20:00+05:30,8481,8485,8478,8482,5588
2026-08-11T12:25:00+05:30,8483,8484.5,8478.5,8484.5,3929
2026-08-11T12:30:00+05:30,8484.5,8489,8478.5,8488.5,4438
2026-08-11T12:35:00+05:30,8488.5,8506,8487.5,8505.5,11789
2026-08-11T12:40:00+05:30,8505.5,8509,8487,8494.5,5136
2026-08-11T12:45:00+05:30,8494.5,8500,8490,8498,3884
2026-08-11T12:50:00+05:30,8498,8500,8494,8495,3168
2026-08-11T12:55:00+05:30,8495,8495,8487.5,8489,4188
2026-08-11T13:00:00+05:30,8489,8495,8489,8494,2621
2026-08-11T13:05:00+05:30,8494,8494,8484,8492,4138
2026-08-11T13:10:00+05:30,8492,8493.5,8487,8489,3227
2026-08-11T13:15:00+05:30,8490.5,8491,8484,8489.5,3302
2026-08-11T13:20:00+05:30,8490,8490,8485,8490,2807
2026-08-11T13:25:00+05:30,8491,8491,8473.5,8486,10801
2026-08-11T13:30:00+05:30,8482.5,8486.5,8464,8468,13188
2026-08-11T13:35:00+05:30,8466.5,8468.5,8460.5,8466,4546
2026-08-11T13:40:00+05:30,8466,8477.5,8462.5,8476,5998
2026-08-11T13:45:00+05:30,8476,8480.5,8471,8477.5,4790
2026-08-11T13:50:00+05:30,8477.5,8480,8471.5,8478,3475
2026-08-11T13:55:00+05:30,8478.5,8481,8472.5,8476,2928
2026-08-11T14:00:00+05:30,8476,8479.5,8472,8477.5,3771
2026-08-11T14:05:00+05:30,8475,8479.5,8468.5,8472.5,5221
2026-08-11T14:10:00+05:30,8472.5,8490,8471,8490,10053
2026-08-11T14:15:00+05:30,8487.5,8498,8487.5,8493,5103
2026-08-11T14:20:00+05:30,8493,8500.5,8490.5,8497,8969
2026-08-11T14:25:00+05:30,8498.5,8498.5,8480,8486,8570
2026-08-11T14:30:00+05:30,8485.5,8488,8483,8486.5,3755
2026-08-11T14:35:00+05:30,8489.5,8490,8484,8486.5,3289
2026-08-11T14:40:00+05:30,8486.5,8495,8481.5,8495,5029
2026-08-11T14:45:00+05:30,8494,8512,8494,8508,14894
2026-08-11T14:50:00+05:30,8506,8518.5,8495,8499.5,10802
2026-08-11T14:55:00+05:30,8501,8517.5,8501,8513.5,15042
2026-08-11T15:00:00+05:30,8516,8539,8510,8532,27782
2026-08-11T15:05:00+05:30,8532,8573.5,8529.5,8552,42421
2026-08-11T15:10:00+05:30,8552,8560,8542,8560,39050
2026-08-12T09:15:00+05:30,8630,8674,8585,8640.5,72811
2026-08-12T09:20:00+05:30,8640.5,8645.5,8616,8619,31587
2026-08-12T09:25:00+05:30,8621.5,8621.5,8607,8614,9610
2026-08-12T09:30:00+05:30,8614,8650,8613.5,8630.5,16273
2026-08-12T09:35:00+05:30,8630.5,8641.5,8624.5,8628,7357
2026-08-12T09:40:00+05:30,8628,8632,8608,8613,7207
2026-08-12T09:45:00+05:30,8613,8624.5,8601,8609,6954
2026-08-12T09:50:00+05:30,8609,8615,8596,8604.5,6641
2026-08-12T09:55:00+05:30,8603.5,8604.5,8590,8600,7826
2026-08-12T10:00:00+05:30,8600.5,8612,8590,8603.5,10677
2026-08-12T10:05:00+05:30,8606.5,8611.5,8603,8604,4285
2026-08-12T10:10:00+05:30,8604,8604,8595.5,8604,5799
2026-08-12T10:15:00+05:30,8604,8622,8603,8609,5197
2026-08-12T10:20:00+05:30,8609,8613,8599,8602,6607
2026-08-12T10:25:00+05:30,8601,8605,8600,8603.5,3087
2026-08-12T10:30:00+05:30,8603.5,8607,8593,8605,6104
2026-08-12T10:35:00+05:30,8605.5,8614,8598.5,8614,5745
2026-08-12T10:40:00+05:30,8615,8617,8605.5,8608,7464
2026-08-12T10:45:00+05:30,8608,8613,8594.5,8606,9458
2026-08-12T10:50:00+05:30,8605.5,8608,8600,8600.5,3790
2026-08-12T10:55:00+05:30,8600,8605,8575,8575,10382
2026-08-12T11:00:00+05:30,8578,8585,8575,8584.5,4865
2026-08-12T11:05:00+05:30,8583,8584.5,8574,8576.5,4455
2026-08-12T11:10:00+05:30,8577.5,8592,8571,8572.5,3746
2026-08-12T11:15:00+05:30,8572.5,8579,8550,8560,5501
2026-08-12T11:20:00+05:30,8557.5,8580.5,8557.5,8569.5,3657
2026-08-12T11:25:00+05:30,8569.5,8588.5,8553.5,8554.5,5363
2026-08-12T11:30:00+05:30,8557.5,8565,8554,8562,2858
2026-08-12T11:35:00+05:30,8562,8563.5,8559.5,8563,1838
2026-08-12T11:40:00+05:30,8563,8564.5,8552.5,8555,4431
2026-08-12T11:45:00+05:30,8555,8572,8550.5,8572,7287
2026-08-12T11:50:00+05:30,8572,8587.5,8572,8577.5,4175
2026-08-12T11:55:00+05:30,8579.5,8589.5,8578.5,8588.5,2248
2026-08-12T12:00:00+05:30,8587,8604,8574.5,8580,17844
2026-08-12T12:05:00+05:30,8580,8593,8578.5,8591.5,2136
2026-08-12T12:10:00+05:30,8592.5,8597,8583,8584,2304
2026-08-12T12:15:00+05:30,8583.5,8587.5,8580,8583,2359
2026-08-12T12:20:00+05:30,8583.5,8583.5,8566,8566,6023
2026-08-12T12:25:00+05:30,8566,8572,8562,8567,2881
2026-08-12T12:30:00+05:30,8567.5,8572,8566,8566,2607
2026-08-12T12:35:00+05:30,8567.5,8569.5,8549.5,8549.5,5050
2026-08-12T12:40:00+05:30,8549.5,8550.5,8532.5,8543.5,5964
2026-08-12T12:45:00+05:30,8543.5,8549.5,8541.5,8543,3168
2026-08-12T12:50:00+05:30,8543.5,8553.5,8535,8553,3279
2026-08-12T12:55:00+05:30,8552,8560,8549,8559,4806
2026-08-12T13:00:00+05:30,8559,8559,8540.5,8555,2953
2026-08-12T13:05:00+05:30,8555,8557.5,8539,8545,4365
2026-08-12T13:10:00+05:30,8545,8556.5,8545,8546.5,2874
2026-08-12T13:15:00+05:30,8546.5,8556,8542,8548.5,3645
2026-08-12T13:20:00+05:30,8548.5,8556,8543.5,8551.5,3866
2026-08-12T13:25:00+05:30,8551.5,8555,8544.5,8553.5,2787
2026-08-12T13:30:00+05:30,8553.5,8562.5,8547,8555,3341
2026-08-12T13:35:00+05:30,8555,8558,8543,8549,2983
2026-08-12T13:40:00+05:30,8550.5,8556,8542,8556,4585
2026-08-12T13:45:00+05:30,8556,8559.5,8550,8552,3319
2026-08-12T13:50:00+05:30,8552,8561,8551.5,8558.5,4190
2026-08-12T13:55:00+05:30,8554.5,8558,8523.5,8523.5,8888
2026-08-12T14:00:00+05:30,8520,8532.5,8505.5,8507,6508
2026-08-12T14:05:00+05:30,8505,8511.5,8485.5,8492,14443
2026-08-12T14:10:00+05:30,8491.5,8494.5,8485,8485,5903
2026-08-12T14:15:00+05:30,8485,8515,8484,8490.5,4914
2026-08-12T14:20:00+05:30,8490.5,8495.5,8485,8485,4252
2026-08-12T14:25:00+05:30,8486,8501.5,8475.5,8489,10254
2026-08-12T14:30:00+05:30,8492,8499,8487,8493.5,7455
2026-08-12T14:35:00+05:30,8493.5,8495,8486.5,8490,5760
2026-08-12T14:40:00+05:30,8490,8497,8488,8497,3698
2026-08-12T14:45:00+05:30,8497.5,8503.5,8487,8487.5,9496
2026-08-12T14:50:00+05:30,8487.5,8494.5,8484,8492,8807
2026-08-12T14:55:00+05:30,8493,8494.5,8482,8482,6459
2026-08-12T15:00:00+05:30,8484,8494,8483.5,8484.5,9783
2026-08-12T15:05:00+05:30,8486.5,8488,8475.5,8482.5,11718
2026-08-12T15:10:00+05:30,8481.5,8489,8471.5,8480,15519
2026-08-13T09:15:00+05:30,8539.5,8539.5,8440,8457,18010
2026-08-13T09:20:00+05:30,8457,8498.5,8450.5,8482.5,7923
2026-08-13T09:25:00+05:30,8479.5,8488.5,8451,8470.5,12020
2026-08-13T09:30:00+05:30,8470.5,8488.5,8455,8474.5,9731
2026-08-13T09:35:00+05:30,8472.5,8475.5,8458.5,8461.5,3498
2026-08-13T09:40:00+05:30,8465,8473,8456,8469.5,5376
2026-08-13T09:45:00+05:30,8469.5,8479,8468,8479,3042
2026-08-13T09:50:00+05:30,8479,8480,8445,8460,5404
2026-08-13T09:55:00+05:30,8460,8470,8457,8467.5,2161
2026-08-13T10:00:00+05:30,8461,8467,8444.5,8449,6123
2026-08-13T10:05:00+05:30,8449,8462.5,8438.5,8461.5,6418
2026-08-13T10:10:00+05:30,8461.5,8470,8451.5,8457,4758
2026-08-13T10:15:00+05:30,8457,8462.5,8425,8428.5,6596
2026-08-13T10:20:00+05:30,8428.5,8433,8423.5,8431.5,4504
2026-08-13T10:25:00+05:30,8431.5,8431.5,8424,8428.5,2287
2026-08-13T10:30:00+05:30,8428.5,8429,8414,8421.5,6078
2026-08-13T10:35:00+05:30,8421.5,8440,8421.5,8440,1556
2026-08-13T10:40:00+05:30,8440,8460.5,8434,8455.5,12931
2026-08-13T10:45:00+05:30,8455.5,8466.5,8448,8456.5,17091
2026-08-13T10:50:00+05:30,8442,8442,8433.5,8437.5,5859
2026-08-13T10:55:00+05:30,8437.5,8440,8431.5,8439.5,1363
2026-08-13T11:00:00+05:30,8439.5,8440,8431.5,8434,8710
2026-08-13T11:05:00+05:30,8434,8436.5,8426.5,8430,1479
2026-08-13T11:10:00+05:30,8427,8429.5,8420.5,8423.5,1969
2026-08-13T11:15:00+05:30,8423.5,8439,8423.5,8437.5,1894
2026-08-13T11:20:00+05:30,8437.5,8473,8434,8449,24465
2026-08-13T11:25:00+05:30,8449,8452.5,8434,8434,6198
2026-08-13T11:30:00+05:30,8434,8435.5,8431,8435.5,1640
2026-08-13T11:35:00+05:30,8435,8436,8430.5,8436,2021
2026-08-13T11:40:00+05:30,8436,8439.5,8435,8435.5,2311
2026-08-13T11:45:00+05:30,8431,8436,8430,8436,1238
2026-08-13T11:50:00+05:30,8435,8438,8433.5,8436,1212
2026-08-13T11:55:00+05:30,8436,8440,8433,8434,1816
2026-08-13T12:00:00+05:30,8436,8440,8435,8440,768
2026-08-13T12:05:00+05:30,8439.5,8440,8433,8435,1195
2026-08-13T12:10:00+05:30,8435,8440,8433,8438,2201
2026-08-13T12:15:00+05:30,8438,8440.5,8435,8440,2734
2026-08-13T12:20:00+05:30,8440,8442,8438,8442,6925
2026-08-13T12:25:00+05:30,8442,8449,8442,8447,5963
2026-08-13T12:30:00+05:30,8447,8454.5,8439.5,8440,5907
2026-08-13T12:35:00+05:30,8440,8440,8438,8439.5,4131
2026-08-13T12:40:00+05:30,8439.5,8453,8439.5,8453,7699
2026-08-13T12:45:00+05:30,8453,8453,8443,8445,3096
2026-08-13T12:50:00+05:30,8445,8445,8439.5,8440,14944
2026-08-13T12:55:00+05:30,8440,8447,8440,8445,2587
2026-08-13T13:00:00+05:30,8447,8452,8445,8448.5,996
2026-08-13T13:05:00+05:30,8448.5,8453.5,8440,8445.5,3546
2026-08-13T13:10:00+05:30,8448.5,8450,8446,8448.5,538
2026-08-13T13:15:00+05:30,8448.5,8463,8448.5,8456,2347
2026-08-13T13:20:00+05:30,8456,8456.5,8451.5,8452.5,672
2026-08-13T13:25:00+05:30,8452.5,8456.5,8451.5,8454.5,540
2026-08-13T13:30:00+05:30,8454.5,8458.5,8454.5,8457,734
2026-08-13T13:35:00+05:30,8457,8457.5,8456,8457,755
2026-08-13T13:40:00+05:30,8457,8458.5,8450,8453,1606
2026-08-13T13:45:00+05:30,8453,8455,8450,8451.5,994
2026-08-13T13:50:00+05:30,8451.5,8453,8450,8450.5,946
2026-08-13T13:55:00+05:30,8450.5,8455.5,8450.5,8455,437
2026-08-13T14:00:00+05:30,8456,8459.5,8455,8455.5,618
2026-08-13T14:05:00+05:30,8458.5,8466.5,8457,8457.5,3219
2026-08-13T14:10:00+05:30,8457.5,8463.5,8457.5,8461.5,992
2026-08-13T14:15:00+05:30,8461.5,8465,8455.5,8460,1705
2026-08-13T14:20:00+05:30,8460,8462.5,8446,8446,2492
2026-08-13T14:25:00+05:30,8446,8452,8443,8452,866
2026-08-13T14:30:00+05:30,8452.5,8452.5,8443.5,8451,1474
2026-08-13T14:35:00+05:30,8451,8453.5,8451,8453,292
2026-08-13T14:40:00+05:30,8453,8453.5,8444.5,8448,1719
2026-08-13T14:45:00+05:30,8448,8452,8440.5,8447.5,3233
2026-08-13T14:50:00+05:30,8449,8453,8446,8451.5,1727
2026-08-13T14:55:00+05:30,8453.5,8460.5,8451.5,8454.5,3958
2026-08-13T15:00:00+05:30,8451.5,8460,8437.5,8457,17587
2026-08-13T15:05:00+05:30,8459,8459,8433.5,8443,13367
2026-08-13T15:10:00+05:30,8442,8452.5,8439,8446.5,11281
2026-08-14T09:15:00+05:30,8499.5,8530,8465.5,8527,17016
2026-08-14T09:20:00+05:30,8527,8534.5,8505.5,8529.5,6338
2026-08-14T09:25:00+05:30,8533.5,8537,8515,8521.5,5200
2026-08-14T09:30:00+05:30,8521.5,8564,8518.5,8558.5,19157
2026-08-14T09:35:00+05:30,8556.5,8565,8547.5,8565,7790
2026-08-14T09:40:00+05:30,8565,8574.5,8555.5,8560.5,9751
2026-08-14T09:45:00+05:30,8560.5,8565,8515,8521.5,8836
2026-08-14T09:50:00+05:30,8522,8534,8520.5,8528,4952
2026-08-14T09:55:00+05:30,8531.5,8537,8523,8534.5,4515
2026-08-14T10:00:00+05:30,8534.5,8549,8534,8536,3709
2026-08-14T10:05:00+05:30,8536.5,8554,8533.5,8540,5846
2026-08-14T10:10:00+05:30,8536.5,8550,8520,8527.5,4879
2026-08-14T10:15:00+05:30,8529.5,8548,8527.5,8545.5,3188
2026-08-14T10:20:00+05:30,8542.5,8550,8540,8545,3936
2026-08-14T10:25:00+05:30,8546,8550,8533.5,8539,4742
2026-08-14T10:30:00+05:30,8538.5,8546,8533,8542.5,3521
2026-08-14T10:35:00+05:30,8542.5,8542.5,8534,8536.5,1623
2026-08-14T10:40:00+05:30,8537,8541,8522,8530.5,5510
2026-08-14T10:45:00+05:30,8531,8540.5,8527,8535.5,2596
2026-08-14T10:50:00+05:30,8536,8536.5,8531.5,8534,1898
2026-08-14T10:55:00+05:30,8534.5,8535,8511,8514,2517
2026-08-14T11:00:00+05:30,8513,8523.5,8509,8522,7111
2026-08-14T11:05:00+05:30,8523.5,8525.5,8520,8524,1332
2026-08-14T11:10:00+05:30,8524,8528.5,8511,8527.5,23218
2026-08-14T11:15:00+05:30,8527.5,8530,8518.5,8521,1778
2026-08-14T11:20:00+05:30,8520.5,8524.5,8516.5,8523,5012
2026-08-14T11:25:00+05:30,8521.5,8527.5,8521.5,8524,2181
2026-08-14T11:30:00+05:30,8524,8528.5,8519.5,8527,1717
2026-08-14T11:35:00+05:30,8527.5,8529.5,8523.5,8526.5,1427
2026-08-14T11:40:00+05:30,8526.5,8539.5,8526.5,8535,4265
2026-08-14T11:45:00+05:30,8535,8545,8532,8545,4757
2026-08-14T11:50:00+05:30,8545,8546.5,8538.5,8542,1597
2026-08-14T11:55:00+05:30,8542,8544,8538,8542,1379
2026-08-14T12:00:00+05:30,8542,8543,8535,8538,3779
2026-08-14T12:05:00+05:30,8538,8542,8538,8539.5,3079
2026-08-14T12:10:00+05:30,8539.5,8540.5,8534,8535,2706
2026-08-14T12:15:00+05:30,8535,8539,8535,8538,1995
2026-08-14T12:20:00+05:30,8538,8540,8534.5,8535,2266
2026-08-14T12:25:00+05:30,8535,8535,8515.5,8519.5,2488
2026-08-14T12:30:00+05:30,8519.5,8526.5,8517,8518,2089
2026-08-14T12:35:00+05:30,8518,8524,8516.5,8520,1666
2026-08-14T12:40:00+05:30,8520,8524.5,8520,8523.5,1214
2026-08-14T12:45:00+05:30,8523.5,8525,8517,8519.5,3784
2026-08-14T12:50:00+05:30,8519.5,8522.5,8519.5,8521,3491
2026-08-14T12:55:00+05:30,8521,8530,8521,8527,3052
2026-08-14T13:00:00+05:30,8527,8530,8526.5,8529.5,1084
2026-08-14T13:05:00+05:30,8530,8530,8515,8519,5550
2026-08-14T13:10:00+05:30,8519,8520,8513,8515.5,2558
2026-08-14T13:15:00+05:30,8516,8517,8514,8515.5,1350
2026-08-14T13:20:00+05:30,8517,8517,8502,8505.5,9469
2026-08-14T13:25:00+05:30,8506,8512.5,8500.5,8512.5,2709
2026-08-14T13:30:00+05:30,8513.5,8515,8509,8509,1478
2026-08-14T13:35:00+05:30,8509.5,8515,8509,8514.5,1466
2026-08-14T13:40:00+05:30,8515,8526.5,8514.5,8523.5,1909
2026-08-14T13:45:00+05:30,8524,8529,8518,8526,2236
2026-08-14T13:50:00+05:30,8526,8527,8520,8522.5,1105
2026-08-14T13:55:00+05:30,8523,8526,8517.5,8523.5,1389
2026-08-14T14:00:00+05:30,8525.5,8525.5,8516.5,8518,1740
2026-08-14T14:05:00+05:30,8518,8523,8515,8517,1254
2026-08-14T14:10:00+05:30,8518,8520.5,8511.5,8515.5,1949
2026-08-14T14:15:00+05:30,8515.5,8515.5,8486,8494.5,4799
2026-08-14T14:20:00+05:30,8496,8497,8490,8495.5,1422
2026-08-14T14:25:00+05:30,8495.5,8497.5,8493,8495.5,1741
2026-08-14T14:30:00+05:30,8497,8499.5,8490,8494,2255
2026-08-14T14:35:00+05:30,8494.5,8495.5,8490.5,8495.5,1086
2026-08-14T14:40:00+05:30,8495.5,8500,8490,8499.5,6998
2026-08-14T14:45:00+05:30,8499.5,8509,8498,8508.5,1968
2026-08-14T14:50:00+05:30,8509,8512,8507,8510.5,3960
2026-08-14T14:55:00+05:30,8511.5,8518.5,8503.5,8515.5,16859
2026-08-14T15:00:00+05:30,8515.5,8526.5,8508,8526.5,7073
2026-08-14T15:05:00+05:30,8526,8530,8508,8529.5,17270
2026-08-14T15:10:00+05:30,8528.5,8530,8470,8475,16658
2026-08-17T09:15:00+05:30,8532,8534,8493,8523.5,7173
2026-08-17T09:20:00+05:30,8520,8532,8510.5,8530.5,3955
2026-08-17T09:25:00+05:30,8532,8542,8522.5,8529.5,4890
2026-08-17T09:30:00+05:30,8527.5,8550,8522.5,8536.5,7386
2026-08-17T09:35:00+05:30,8533.5,8533.5,8523.5,8529.5,2350
2026-08-17T09:40:00+05:30,8529.5,8530,8508.5,8514,3274
2026-08-17T09:45:00+05:30,8514,8529.5,8503,8522,7867
2026-08-17T09:50:00+05:30,8524,8527,8518,8524,3347
2026-08-17T09:55:00+05:30,8523,8546,8520,8528,5912
2026-08-17T10:00:00+05:30,8528,8535,8516.5,8521.5,2843
2026-08-17T10:05:00+05:30,8521.5,8521.5,8501,8508.5,6840
2026-08-17T10:10:00+05:30,8508.5,8510,8481.5,8485.5,6044
2026-08-17T10:15:00+05:30,8485.5,8506,8485,8504,5247
2026-08-17T10:20:00+05:30,8503.5,8505,8490,8492,1574
2026-08-17T10:25:00+05:30,8491,8493.5,8485.5,8490,2532
2026-08-17T10:30:00+05:30,8491.5,8496,8488,8492,2062
2026-08-17T10:35:00+05:30,8492,8504,8490,8504,2483
2026-08-17T10:40:00+05:30,8504,8504,8492,8496,3491
2026-08-17T10:45:00+05:30,8496,8496.5,8486,8489.5,2404
2026-08-17T10:50:00+05:30,8489.5,8500,8488,8498,1693
2026-08-17T10:55:00+05:30,8498,8500,8496,8498.5,1314
2026-08-17T11:00:00+05:30,8498.5,8499.5,8491,8493.5,1293
2026-08-17T11:05:00+05:30,8492.5,8494,8487.5,8489.5,1977
2026-08-17T11:10:00+05:30,8489.5,8494.5,8487,8491.5,1128
2026-08-17T11:15:00+05:30,8491.5,8500,8491.5,8498.5,1812
2026-08-17T11:20:00+05:30,8498.5,8499.5,8494,8496,1748
2026-08-17T11:25:00+05:30,8496,8501,8490,8492.5,1714
2026-08-17T11:30:00+05:30,8492.5,8495,8487,8487,2770
2026-08-17T11:35:00+05:30,8487,8494.5,8483.5,8489,2318
2026-08-17T11:40:00+05:30,8489,8489,8480.5,8480.5,1819
2026-08-17T11:45:00+05:30,8480.5,8489,8479.5,8484,5111
2026-08-17T11:50:00+05:30,8484,8490,8484,8488,1414
2026-08-17T11:55:00+05:30,8488,8490,8484.5,8485,1287
2026-08-17T12:00:00+05:30,8485,8488,8478,8480,2777
2026-08-17T12:05:00+05:30,8480,8480,8478,8480,913
2026-08-17T12:10:00+05:30,8480,8482,8478,8478,1634
2026-08-17T12:15:00+05:30,8478,8480,8477,8480,1261
2026-08-17T12:20:00+05:30,8480,8493,8479.5,8492,4307
2026-08-17T12:25:00+05:30,8492,8494.5,8491,8494.5,1374
2026-08-17T12:30:00+05:30,8494.5,8494.5,8488.5,8490,952
2026-08-17T12:35:00+05:30,8489.5,8492.5,8485,8490,1640
2026-08-17T12:40:00+05:30,8490,8491,8488,8491,640
2026-08-17T12:45:00+05:30,8491,8493,8483,8487.5,1297
2026-08-17T12:50:00+05:30,8485.5,8491.5,8485.5,8490,825
2026-08-17T12:55:00+05:30,8490,8491.5,8489.5,8490,957
2026-08-17T13:00:00+05:30,8490,8493,8463.5,8483.5,13590
2026-08-17T13:05:00+05:30,8483.5,8488.5,8480,8480.5,3892
2026-08-17T13:10:00+05:30,8480,8488,8479.5,8487.5,2317
2026-08-17T13:15:00+05:30,8488,8491.5,8484,8485.5,1287
2026-08-17T13:20:00+05:30,8485.5,8489,8482.5,8487,1432
2026-08-17T13:25:00+05:30,8487,8487,8485,8486,679
2026-08-17T13:30:00+05:30,8486,8487.5,8485.5,8487,981
2026-08-17T13:35:00+05:30,8487,8493,8487,8488.5,879
2026-08-17T13:40:00+05:30,8488.5,8506,8486.5,8500,16356
2026-08-17T13:45:00+05:30,8500,8504.5,8490,8500,22830
2026-08-17T13:50:00+05:30,8501.5,8505,8498.5,8502,3701
2026-08-17T13:55:00+05:30,8502,8506.5,8501.5,8504,5389
2026-08-17T14:00:00+05:30,8505.5,8516,8504,8514.5,1677
2026-08-17T14:05:00+05:30,8514,8541.5,8512,8539,3251
2026-08-17T14:10:00+05:30,8538,8539,8527,8528,1314
2026-08-17T14:15:00+05:30,8528.5,8533.5,8525.5,8530,1493
2026-08-17T14:20:00+05:30,8528,8532,8527,8527.5,1478
2026-08-17T14:25:00+05:30,8528,8530,8524.5,8528.5,1270
2026-08-17T14:30:00+05:30,8526,8532.5,8518.5,8524,1877
2026-08-17T14:35:00+05:30,8524,8529,8521,8525.5,2067
2026-08-17T14:40:00+05:30,8525,8530,8523.5,8527,2494
2026-08-17T14:45:00+05:30,8527,8528.5,8521.5,8525,2171
2026-08-17T14:50:00+05:30,8525,8530,8523.5,8525.5,2832
2026-08-17T14:55:00+05:30,8525.5,8531.5,8525,8526,4479
2026-08-17T15:00:00+05:30,8526,8528,8516,8525,6592
2026-08-17T15:05:00+05:30,8525,8526,8512,8520,5069
2026-08-17T15:10:00+05:30,8520,8540,8506,8540,7904
2026-08-18T09:15:00+05:30,8510,8576,8504,8566.5,25170
2026-08-18T09:20:00+05:30,8567.5,8580,8561,8568.5,9896
2026-08-18T09:25:00+05:30,8567.5,8591.5,8562,8591,33585
2026-08-18T09:30:00+05:30,8591,8607,8578,8596,15835
2026-08-18T09:35:00+05:30,8596,8612,8591,8608,11687
2026-08-18T09:40:00+05:30,8608,8630,8596,8625,17202
2026-08-18T09:45:00+05:30,8625,8625,8602.5,8616.5,8592
2026-08-18T09:50:00+05:30,8615.5,8618.5,8609.5,8611.5,4922
2026-08-18T09:55:00+05:30,8610.5,8617.5,8605.5,8615.5,5795
2026-08-18T10:00:00+05:30,8615.5,8617,8580,8601,38007
2026-08-18T10:05:00+05:30,8603,8614,8596.5,8613.5,3466
2026-08-18T10:10:00+05:30,8613,8616,8607,8612.5,2897
2026-08-18T10:15:00+05:30,8611,8612.5,8603,8603.5,2855
2026-08-18T10:20:00+05:30,8603.5,8606.5,8600,8602.5,2214
2026-08-18T10:25:00+05:30,8602.5,8604,8599,8604,1601
2026-08-18T10:30:00+05:30,8604.5,8608.5,8595,8595,3088
2026-08-18T10:35:00+05:30,8598,8604,8594,8603.5,2118
2026-08-18T10:40:00+05:30,8603.5,8604,8597,8602.5,1867
2026-08-18T10:45:00+05:30,8600,8603,8596,8600.5,2986
2026-08-18T10:50:00+05:30,8601.5,8603,8594.5,8601,2490
2026-08-18T10:55:00+05:30,8601,8601,8593,8599.5,3335
2026-08-18T11:00:00+05:30,8599.5,8599.5,8583,8589.5,4933
2026-08-18T11:05:00+05:30,8591,8595,8589.5,8595,1258
2026-08-18T11:10:00+05:30,8594.5,8595,8589,8590.5,1330
2026-08-18T11:15:00+05:30,8590.5,8597,8587.5,8591.5,2970
2026-08-18T11:20:00+05:30,8591.5,8593,8584.5,8589.5,1641
2026-08-18T11:25:00+05:30,8589.5,8591.5,8585,8590,1566
2026-08-18T11:30:00+05:30,8590,8595,8586.5,8592,2506
2026-08-18T11:35:00+05:30,8592,8596,8589,8590,2324
2026-08-18T11:40:00+05:30,8590,8590.5,8585,8588,2990
2026-08-18T11:45:00+05:30,8588,8588,8580,8581.5,3884
2026-08-18T11:50:00+05:30,8581.5,8586.5,8579,8584.5,2259
2026-08-18T11:55:00+05:30,8584.5,8585,8566,8575,4901
2026-08-18T12:00:00+05:30,8575,8575,8564.5,8569.5,3389
2026-08-18T12:05:00+05:30,8569.5,8575,8562,8575,6258
2026-08-18T12:10:00+05:30,8575,8578.5,8569.5,8578.5,2504
2026-08-18T12:15:00+05:30,8578.5,8586,8575,8586,8250
2026-08-18T12:20:00+05:30,8585.5,8595.5,8585.5,8588,10717
2026-08-18T12:25:00+05:30,8588,8590,8587.5,8590,1733
2026-08-18T12:30:00+05:30,8590,8590,8574.5,8580,10211
2026-08-18T12:35:00+05:30,8580,8580,8571.5,8574.5,2170
2026-08-18T12:40:00+05:30,8574.5,8575,8563,8568,4640
2026-08-18T12:45:00+05:30,8567,8575,8565,8575,2095
2026-08-18T12:50:00+05:30,8575,8578,8572,8578,3938
2026-08-18T12:55:00+05:30,8577.5,8580,8577.5,8580,2317
2026-08-18T13:00:00+05:30,8580,8580.5,8578.5,8580,3037
2026-08-18T13:05:00+05:30,8580,8580,8578,8579.5,2692
2026-08-18T13:10:00+05:30,8580,8586,8579.5,8585,2583
2026-08-18T13:15:00+05:30,8585,8588,8580.5,8585,3288
2026-08-18T13:20:00+05:30,8586,8588,8572.5,8580,4338
2026-08-18T13:25:00+05:30,8579.5,8580,8575,8579.5,2769
2026-08-18T13:30:00+05:30,8579,8580,8573.5,8578.5,3332
2026-08-18T13:35:00+05:30,8580,8580,8572,8575,2150
2026-08-18T13:40:00+05:30,8575,8575,8574.5,8575,3158
2026-08-18T13:45:00+05:30,8575,8575,8574.5,8575,2745
2026-08-18T13:50:00+05:30,8575,8582,8574.5,8581.5,4120
2026-08-18T13:55:00+05:30,8582,8583.5,8580,8580,2710
2026-08-18T14:00:00+05:30,8579,8579,8562.5,8568.5,5799
2026-08-18T14:05:00+05:30,8567.5,8572.5,8556,8556,2715
2026-08-18T14:10:00+05:30,8559,8567,8558.5,8566,2013
2026-08-18T14:15:00+05:30,8564,8566,8562,8563.5,1833
2026-08-18T14:20:00+05:30,8564,8564,8558,8561,1224
2026-08-18T14:25:00+05:30,8561,8563.5,8559,8563,1190
2026-08-18T14:30:00+05:30,8563,8574.5,8561,8572,3955
2026-08-18T14:35:00+05:30,8572,8574.5,8570.5,8571,1747
2026-08-18T14:40:00+05:30,8571,8574,8568,8568,3058
2026-08-18T14:45:00+05:30,8568,8575,8568,8575,1572
2026-08-18T14:50:00+05:30,8575,8575,8565,8568.5,2151
2026-08-18T14:55:00+05:30,8568.5,8574,8568,8572.5,4073
2026-08-18T15:00:00+05:30,8572.5,8582.5,8569,8570.5,10194
2026-08-18T15:05:00+05:30,8570.5,8571.5,8550,8570,10743
2026-08-18T15:10:00+05:30,8570,8575,8546,8575,13586
2026-08-19T09:15:00+05:30,8600,8600,8528.5,8558,6218
2026-08-19T09:20:00+05:30,8557,8565.5,8553,8554.5,1214
2026-08-19T09:25:00+05:30,8554.5,8572,8550,8554,3239
2026-08-19T09:30:00+05:30,8547.5,8551,8541.5,8545.5,2707
2026-08-19T09:35:00+05:30,8546.5,8549.5,8521.5,8525.5,5066
2026-08-19T09:40:00+05:30,8520,8532.5,8515.5,8532.5,2665
2026-08-19T09:45:00+05:30,8530,8544,8524.5,8539,3929
2026-08-19T09:50:00+05:30,8542,8559.5,8540,8550,4347
2026-08-19T09:55:00+05:30,8551.5,8556,8546.5,8552.5,1671
2026-08-19T10:00:00+05:30,8552.5,8552.5,8548,8550,472
2026-08-19T10:05:00+05:30,8552,8553,8545.5,8548.5,1497
2026-08-19T10:10:00+05:30,8551.5,8567.5,8549.5,8567,1668
2026-08-19T10:15:00+05:30,8567,8569,8561.5,8567.5,1369
2026-08-19T10:20:00+05:30,8567.5,8570.5,8565,8569,791
2026-08-19T10:25:00+05:30,8569,8571.5,8564,8569.5,1577
2026-08-19T10:30:00+05:30,8569,8571,8552.5,8552.5,1341
2026-08-19T10:35:00+05:30,8550.5,8561,8533.5,8538.5,6236
2026-08-19T10:40:00+05:30,8538.5,8538.5,8521,8523.5,2936
2026-08-19T10:45:00+05:30,8521.5,8525,8519,8522.5,1339
2026-08-19T10:50:00+05:30,8523,8526,8521,8524.5,499
2026-08-19T10:55:00+05:30,8525.5,8525.5,8516,8522,11670
2026-08-19T11:00:00+05:30,8523.5,8523.5,8516,8519,713
2026-08-19T11:05:00+05:30,8519,8522,8513.5,8520,2080
2026-08-19T11:10:00+05:30,8520,8520,8516,8518.5,1040
2026-08-19T11:15:00+05:30,8516,8519,8515,8516,572
2026-08-19T11:20:00+05:30,8518,8518.5,8514,8518.5,585
2026-08-19T11:25:00+05:30,8518.5,8520,8515,8518,1147
2026-08-19T11:30:00+05:30,8518,8519,8516,8518.5,593
2026-08-19T11:35:00+05:30,8518.5,8518.5,8514.5,8514.5,653
2026-08-19T11:40:00+05:30,8514.5,8519.5,8513.5,8519.5,524
2026-08-19T11:45:00+05:30,8519.5,8519.5,8513.5,8514.5,2681
2026-08-19T11:50:00+05:30,8513,8515.5,8511,8515,486
2026-08-19T11:55:00+05:30,8515,8515.5,8514,8515,1160
2026-08-19T12:00:00+05:30,8515,8532,8514.5,8526,6675
2026-08-19T12:05:00+05:30,8526,8540,8526,8531.5,1323
2026-08-19T12:10:00+05:30,8531.5,8539,8516.5,8539,9331
2026-08-19T12:15:00+05:30,8539,8539.5,8530.5,8536,857
2026-08-19T12:20:00+05:30,8536,8536.5,8528.5,8528.5,1094
2026-08-19T12:25:00+05:30,8528.5,8531.5,8524.5,8531.5,1418
2026-08-19T12:30:00+05:30,8531.5,8531.5,8523.5,8527.5,882
2026-08-19T12:35:00+05:30,8527.5,8529,8522.5,8525.5,784
2026-08-19T12:40:00+05:30,8525.5,8527,8516.5,8522.5,1289
2026-08-19T12:45:00+05:30,8522.5,8522.5,8512,8515,1694
2026-08-19T12:50:00+05:30,8515,8522.5,8513.5,8522.5,1593
2026-08-19T12:55:00+05:30,8522.5,8529,8515,8515,2089
2026-08-19T13:00:00+05:30,8515,8519,8515,8518.5,514
2026-08-19T13:05:00+05:30,8519,8527.5,8518.5,8525,730
2026-08-19T13:10:00+05:30,8525,8528,8516.5,8518.5,924
2026-08-19T13:15:00+05:30,8522,8522,8510.5,8516.5,1957
2026-08-19T13:20:00+05:30,8515.5,8520.5,8508,8516.5,2593
2026-08-19T13:25:00+05:30,8516.5,8524.5,8513.5,8515.5,2318
2026-08-19T13:30:00+05:30,8515.5,8521,8515.5,8519,894
2026-08-19T13:35:00+05:30,8519,8519.5,8513,8518,1443
2026-08-19T13:40:00+05:30,8518,8532,8518,8532,4721
2026-08-19T13:45:00+05:30,8528,8532,8524,8529,2284
2026-08-19T13:50:00+05:30,8529,8531,8529,8530,601
2026-08-19T13:55:00+05:30,8530,8547,8529.5,8537,3478
2026-08-19T14:00:00+05:30,8537,8539.5,8529.5,8537.5,2291
2026-08-19T14:05:00+05:30,8535,8539.5,8535,8538,859
2026-08-19T14:10:00+05:30,8537,8539,8536,8537.5,963
2026-08-19T14:15:00+05:30,8537.5,8539,8535.5,8536.5,1026
2026-08-19T14:20:00+05:30,8538,8543,8530,8530,5052
2026-08-19T14:25:00+05:30,8530,8532,8527.5,8528.5,978
2026-08-19T14:30:00+05:30,8528.5,8534,8528,8533,853
2026-08-19T14:35:00+05:30,8533,8540.5,8529.5,8530,1478
2026-08-19T14:40:00+05:30,8530.5,8531.5,8529,8529.5,818
2026-08-19T14:45:00+05:30,8529.5,8533.5,8523,8530,2001
2026-08-19T14:50:00+05:30,8530.5,8539.5,8530,8537,2368
2026-08-19T14:55:00+05:30,8539,8540.5,8531,8536.5,2901
2026-08-19T15:00:00+05:30,8534,8542.5,8533,8539.5,4444
2026-08-19T15:05:00+05:30,8536,8539,8532,8537.5,4037
2026-08-19T15:10:00+05:30,8536.5,8537,8520.5,8527,6064
2026-08-20T09:15:00+05:30,8590,8590,8554,8557,5575
2026-08-20T09:20:00+05:30,8557,8559,8548,8557.5,873
2026-08-20T09:25:00+05:30,8557.5,8588,8557.5,8588,4675
2026-08-20T09:30:00+05:30,8585,8595,8569,8574,5720
2026-08-20T09:35:00+05:30,8573.5,8575,8552,8561.5,2506
2026-08-20T09:40:00+05:30,8561.5,8565,8557,8557,590
2026-08-20T09:45:00+05:30,8557,8559.5,8553,8559.5,659
2026-08-20T09:50:00+05:30,8556,8571,8550,8569,1595
2026-08-20T09:55:00+05:30,8569,8575,8558,8575,771
2026-08-20T10:00:00+05:30,8575,8581,8570,8571.5,1150
2026-08-20T10:05:00+05:30,8571.5,8576.5,8557,8557,1068
2026-08-20T10:10:00+05:30,8557,8559,8540.5,8545,2966
2026-08-20T10:15:00+05:30,8543,8547.5,8536,8536.5,1120
2026-08-20T10:20:00+05:30,8536.5,8543.5,8536.5,8540.5,614
2026-08-20T10:25:00+05:30,8540.5,8544.5,8536,8540,661
2026-08-20T10:30:00+05:30,8540,8544.5,8536,8536,367
2026-08-20T10:35:00+05:30,8536,8547,8532,8544.5,7433
2026-08-20T10:40:00+05:30,8544.5,8567,8541.5,8548,3112
2026-08-20T10:45:00+05:30,8548,8564.5,8548,8551.5,1389
2026-08-20T10:50:00+05:30,8551.5,8558.5,8550,8556,490
2026-08-20T10:55:00+05:30,8556,8564.5,8550,8551,917
2026-08-20T11:00:00+05:30,8551.5,8562.5,8549.5,8561,1239
2026-08-20T11:05:00+05:30,8561,8561,8551,8555.5,924
2026-08-20T11:10:00+05:30,8555.5,8573.5,8547,8567,2794
2026-08-20T11:15:00+05:30,8567,8571.5,8551,8560,4710
2026-08-20T11:20:00+05:30,8560,8565.5,8554.5,8556,4474
2026-08-20T11:25:00+05:30,8557.5,8560,8552,8557,795
2026-08-20T11:30:00+05:30,8557,8557.5,8544,8551,906
2026-08-20T11:35:00+05:30,8554.5,8575,8554.5,8570.5,3418
2026-08-20T11:40:00+05:30,8571,8571,8560,8565.5,776
2026-08-20T11:45:00+05:30,8565.5,8568.5,8565.5,8567.5,1018
2026-08-20T11:50:00+05:30,8567.5,8569,8561.5,8565.5,974
2026-08-20T11:55:00+05:30,8565.5,8568.5,8557.5,8558.5,4340
2026-08-20T12:00:00+05:30,8558.5,8578,8557.5,8574.5,9232
2026-08-20T12:05:00+05:30,8574.5,8589,8574.5,8575.5,2199
2026-08-20T12:10:00+05:30,8575.5,8579.5,8570.5,8572.5,1014
2026-08-20T12:15:00+05:30,8572.5,8580,8570,8572,1341
2026-08-20T12:20:00+05:30,8572,8577,8568.5,8574,1166
2026-08-20T12:25:00+05:30,8574,8576.5,8565,8567,678
2026-08-20T12:30:00+05:30,8567,8568.5,8563,8565,578
2026-08-20T12:35:00+05:30,8565,8566.5,8562,8566,530
2026-08-20T12:40:00+05:30,8566,8568,8564,8564,599
2026-08-20T12:45:00+05:30,8567.5,8569,8563.5,8565,593
2026-08-20T12:50:00+05:30,8566,8573,8563,8570,10227
2026-08-20T12:55:00+05:30,8570,8572,8566.5,8570,657
2026-08-20T13:00:00+05:30,8570,8571,8560,8560,1072
2026-08-20T13:05:00+05:30,8560.5,8562,8549.5,8558,1358
2026-08-20T13:10:00+05:30,8558,8570.5,8551.5,8566,10536
2026-08-20T13:15:00+05:30,8568,8572.5,8561,8568.5,2310
2026-08-20T13:20:00+05:30,8571,8573,8567,8570,467
2026-08-20T13:25:00+05:30,8569.5,8571,8559,8560.5,1154
2026-08-20T13:30:00+05:30,8564,8567.5,8559.5,8564,684
2026-08-20T13:35:00+05:30,8566.5,8567,8561.5,8563.5,685
2026-08-20T13:40:00+05:30,8564,8573.5,8559,8573.5,11981
2026-08-20T13:45:00+05:30,8573.5,8575,8566,8569.5,1794
2026-08-20T13:50:00+05:30,8569.5,8571,8568,8570.5,620
2026-08-20T13:55:00+05:30,8570,8571,8568,8568.5,469
2026-08-20T14:00:00+05:30,8568.5,8573.5,8564,8570,5115
2026-08-20T14:05:00+05:30,8569.5,8581,8569.5,8577,924
2026-08-20T14:10:00+05:30,8577,8584,8575,8575,2284
2026-08-20T14:15:00+05:30,8576,8597.5,8572.5,8586,8247
2026-08-20T14:20:00+05:30,8588,8588,8571,8580,4882
2026-08-20T14:25:00+05:30,8580,8585,8579.5,8583.5,498
2026-08-20T14:30:00+05:30,8584,8584,8571,8579,3600
2026-08-20T14:35:00+05:30,8579,8580,8572,8572.5,2581
2026-08-20T14:40:00+05:30,8572.5,8579,8572,8579,7024
2026-08-20T14:45:00+05:30,8579,8585.5,8574.5,8584,4078
2026-08-20T14:50:00+05:30,8585.5,8587.5,8580,8587,5967
2026-08-20T14:55:00+05:30,8586,8588.5,8578,8578,3095
2026-08-20T15:00:00+05:30,8578,8582,8574,8580,2237
2026-08-20T15:05:00+05:30,8580,8585,8574,8585,5280
2026-08-20T15:10:00+05:30,8583.5,8583.5,8570,8579,6959
2026-08-21T09:15:00+05:30,8600,8610,8569.5,8579.5,8385
2026-08-21T09:20:00+05:30,8579,8582.5,8563,8569.5,2146
2026-08-21T09:25:00+05:30,8567,8569,8535.5,8543.5,5461
2026-08-21T09:30:00+05:30,8543.5,8554.5,8541.5,8546,2819
2026-08-21T09:35:00+05:30,8541,8547.5,8531.5,8537,3659
2026-08-21T09:40:00+05:30,8537,8551.5,8522.5,8546,6926
2026-08-21T09:45:00+05:30,8544.5,8561.5,8542.5,8549.5,4233
2026-08-21T09:50:00+05:30,8549.5,8559.5,8548,8551,869
2026-08-21T09:55:00+05:30,8551.5,8551.5,8531,8531,2027
2026-08-21T10:00:00+05:30,8531,8538.5,8531,8534.5,903
2026-08-21T10:05:00+05:30,8533,8538,8532,8535,1998
2026-08-21T10:10:00+05:30,8536,8539.5,8534.5,8535.5,879
2026-08-21T10:15:00+05:30,8540,8543,8534.5,8538,2302
2026-08-21T10:20:00+05:30,8538,8543.5,8538,8542.5,875
2026-08-21T10:25:00+05:30,8542.5,8547.5,8541.5,8545,546
2026-08-21T10:30:00+05:30,8545,8563,8545,8553,3615
2026-08-21T10:35:00+05:30,8553,8555,8550.5,8554.5,1155
2026-08-21T10:40:00+05:30,8551.5,8558,8551.5,8551.5,1756
2026-08-21T10:45:00+05:30,8554,8554.5,8551,8551.5,926
2026-08-21T10:50:00+05:30,8551.5,8555,8549.5,8553,2341
2026-08-21T10:55:00+05:30,8550,8553.5,8545,8546,1887
2026-08-21T11:00:00+05:30,8550,8552,8547,8548,864
2026-08-21T11:05:00+05:30,8548,8553,8547.5,8550,1217
2026-08-21T11:10:00+05:30,8550,8553,8548.5,8550,3324
2026-08-21T11:15:00+05:30,8548.5,8550.5,8546.5,8548,850
2026-08-21T11:20:00+05:30,8547,8553.5,8546.5,8549.5,1205
2026-08-21T11:25:00+05:30,8549.5,8552,8538.5,8538.5,1421
2026-08-21T11:30:00+05:30,8537,8540.5,8529,8529,2494
2026-08-21T11:35:00+05:30,8531.5,8533,8522,8522.5,3082
2026-08-21T11:40:00+05:30,8522,8523,8505.5,8507.5,3105
2026-08-21T11:45:00+05:30,8507.5,8514,8507.5,8510,610
2026-08-21T11:50:00+05:30,8510,8512.5,8508.5,8512,355
2026-08-21T11:55:00+05:30,8512,8514,8510,8510.5,525
2026-08-21T12:00:00+05:30,8510.5,8516.5,8510,8510,764
2026-08-21T12:05:00+05:30,8510,8513,8508.5,8511,1245
2026-08-21T12:10:00+05:30,8511,8513.5,8511,8512,1355
2026-08-21T12:15:00+05:30,8512,8530,8511,8526,2294
2026-08-21T12:20:00+05:30,8526.5,8530,8525.5,8527,2088
2026-08-21T12:25:00+05:30,8527,8535,8514.5,8516.5,3046
2026-08-21T12:30:00+05:30,8516.5,8532.5,8516.5,8519,5397
2026-08-21T12:35:00+05:30,8519,8522,8519,8520,1625
2026-08-21T12:40:00+05:30,8520,8522,8519,8519.5,608
2026-08-21T12:45:00+05:30,8519.5,8520,8511.5,8516.5,1982
2026-08-21T12:50:00+05:30,8516.5,8520,8509.5,8509.5,2357
2026-08-21T12:55:00+05:30,8509.5,8510,8509,8510,777
2026-08-21T13:00:00+05:30,8510,8524,8509.5,8521,5480
2026-08-21T13:05:00+05:30,8521,8530,8520.5,8529,991
2026-08-21T13:10:00+05:30,8529,8542,8516.5,8520,5382
2026-08-21T13:15:00+05:30,8518,8530,8517.5,8527,7463
2026-08-21T13:20:00+05:30,8526.5,8530,8522,8523.5,760
2026-08-21T13:25:00+05:30,8523.5,8535.5,8523.5,8533.5,2644
2026-08-21T13:30:00+05:30,8533.5,8541,8524.5,8524.5,2583
2026-08-21T13:35:00+05:30,8524.5,8526.5,8524.5,8524.5,625
2026-08-21T13:40:00+05:30,8524.5,8528,8524.5,8524.5,420
2026-08-21T13:45:00+05:30,8525,8527,8520.5,8521.5,1399
2026-08-21T13:50:00+05:30,8521.5,8524.5,8520,8520.5,540
2026-08-21T13:55:00+05:30,8520.5,8524.5,8520.5,8522,1550
2026-08-21T14:00:00+05:30,8520,8520,8518,8520,876
2026-08-21T14:05:00+05:30,8519,8528,8518.5,8524.5,11284
2026-08-21T14:10:00+05:30,8524.5,8526,8520,8520,3553
2026-08-21T14:15:00+05:30,8520,8522,8520,8521,2278
2026-08-21T14:20:00+05:30,8521,8521,8516.5,8520,552
2026-08-21T14:25:00+05:30,8519,8523,8519,8522.5,2973
2026-08-21T14:30:00+05:30,8522.5,8528.5,8521.5,8524,4629
2026-08-21T14:35:00+05:30,8521.5,8525,8521,8524.5,704
2026-08-21T14:40:00+05:30,8524.5,8527.5,8524,8525,6009
2026-08-21T14:45:00+05:30,8526,8526.5,8524.5,8525.5,942
2026-08-21T14:50:00+05:30,8524.5,8528.5,8524.5,8527.5,912
2026-08-21T14:55:00+05:30,8527.5,8528.5,8524.5,8527.5,1226
2026-08-21T15:00:00+05:30,8527.5,8527.5,8517,8522.5,3064
2026-08-21T15:05:00+05:30,8519.5,8528,8519,8525,3557
2026-08-21T15:10:00+05:30,8526,8529,8521.5,8528.5,4226
2026-08-24T09:15:00+05:30,8558.5,8563.5,8457.5,8490.5,21616
2026-08-24T09:20:00+05:30,8490.5,8523,8490.5,8504,8324
2026-08-24T09:25:00+05:30,8501.5,8508.5,8484,8492,3467
2026-08-24T09:30:00+05:30,8494,8497.5,8485.5,8488,2221
2026-08-24T09:35:00+05:30,8485,8503,8485,8494.5,4333
2026-08-24T09:40:00+05:30,8494.5,8497,8482,8485,5188
2026-08-24T09:45:00+05:30,8485,8489.5,8475.5,8489.5,2673
2026-08-24T09:50:00+05:30,8489,8504,8485.5,8485.5,5492
2026-08-24T09:55:00+05:30,8485.5,8495.5,8482,8485.5,2528
2026-08-24T10:00:00+05:30,8485.5,8493.5,8485.5,8490,6821
2026-08-24T10:05:00+05:30,8492.5,8506,8489,8503.5,1615
2026-08-24T10:10:00+05:30,8503.5,8506,8495,8503,1318
2026-08-24T10:15:00+05:30,8503,8507,8480,8489,2614
2026-08-24T10:20:00+05:30,8489,8492,8485,8485,970
2026-08-24T10:25:00+05:30,8485,8493,8484.5,8488.5,1630
2026-08-24T10:30:00+05:30,8488.5,8495,8488,8490,1113
2026-08-24T10:35:00+05:30,8490,8492,8482,8485.5,655
2026-08-24T10:40:00+05:30,8482.5,8485.5,8481,8483,1051
2026-08-24T10:45:00+05:30,8481.5,8497,8475.5,8493,8731
2026-08-24T10:50:00+05:30,8493,8498.5,8487,8497.5,1594
2026-08-24T10:55:00+05:30,8497,8503,8489,8489.5,10163
2026-08-24T11:00:00+05:30,8486.5,8500,8486.5,8494.5,1007
2026-08-24T11:05:00+05:30,8494.5,8524.5,8492,8524,4867
2026-08-24T11:10:00+05:30,8524,8532.5,8515.5,8518.5,7954
2026-08-24T11:15:00+05:30,8516,8532.5,8516,8532.5,14560
2026-08-24T11:20:00+05:30,8531,8535,8523,8526,1996
2026-08-24T11:25:00+05:30,8526,8527,8520.5,8522.5,725
2026-08-24T11:30:00+05:30,8522.5,8522.5,8500,8506.5,4081
2026-08-24T11:35:00+05:30,8506.5,8506.5,8498.5,8500,1820
2026-08-24T11:40:00+05:30,8500,8512.5,8500,8505,948
2026-08-24T11:45:00+05:30,8505,8508,8504,8504,444
2026-08-24T11:50:00+05:30,8504,8509.5,8504,8505,519
2026-08-24T11:55:00+05:30,8505,8507,8497,8497,2500
2026-08-24T12:00:00+05:30,8497,8507.5,8495,8503.5,10200
2026-08-24T12:05:00+05:30,8503.5,8508.5,8503,8507,940
2026-08-24T12:10:00+05:30,8507,8510.5,8497.5,8499.5,866
2026-08-24T12:15:00+05:30,8499.5,8499.5,8492.5,8496.5,683
2026-08-24T12:20:00+05:30,8496.5,8499.5,8495.5,8499.5,557
2026-08-24T12:25:00+05:30,8499.5,8500,8493.5,8497.5,4020
2026-08-24T12:30:00+05:30,8497.5,8500,8495,8498.5,740
2026-08-24T12:35:00+05:30,8498.5,8500,8494.5,8495.5,1173
2026-08-24T12:40:00+05:30,8495.5,8500,8495,8498,842
2026-08-24T12:45:00+05:30,8498,8516.5,8498,8516.5,9292
2026-08-24T12:50:00+05:30,8516.5,8517,8507,8508.5,1236
2026-08-24T12:55:00+05:30,8508.5,8511.5,8503.5,8508.5,562
2026-08-24T13:00:00+05:30,8508.5,8512,8502,8503.5,1835
2026-08-24T13:05:00+05:30,8505,8509,8503,8504,635
2026-08-24T13:10:00+05:30,8506.5,8508,8501.5,8502.5,2825
2026-08-24T13:15:00+05:30,8502.5,8511.5,8500,8509.5,6106
2026-08-24T13:20:00+05:30,8509.5,8511,8505.5,8507.5,387
2026-08-24T13:25:00+05:30,8507.5,8513.5,8504.5,8510.5,1217
2026-08-24T13:30:00+05:30,8511.5,8513.5,8508.5,8509.5,760
2026-08-24T13:35:00+05:30,8509.5,8529.5,8509.5,8529.5,4911
2026-08-24T13:40:00+05:30,8527,8531.5,8523,8524,11736
2026-08-24T13:45:00+05:30,8524,8524,8512,8522,1539
2026-08-24T13:50:00+05:30,8522,8522.5,8506,8506.5,448
2026-08-24T13:55:00+05:30,8506.5,8507,8502,8504.5,549
2026-08-24T14:00:00+05:30,8504.5,8515,8504.5,8507,4703
2026-08-24T14:05:00+05:30,8507,8513,8506,8510.5,1209
2026-08-24T14:10:00+05:30,8511,8513.5,8506.5,8509,529
2026-08-24T14:15:00+05:30,8509,8509,8500,8503.5,417
2026-08-24T14:20:00+05:30,8503.5,8504.5,8499.5,8500.5,324
2026-08-24T14:25:00+05:30,8500.5,8508.5,8500.5,8506,816
2026-08-24T14:30:00+05:30,8506,8513,8505,8511.5,1761
2026-08-24T14:35:00+05:30,8511.5,8513.5,8506,8508,437
2026-08-24T14:40:00+05:30,8507.5,8508,8505,8506,459
2026-08-24T14:45:00+05:30,8506,8509,8502.5,8507.5,1158
2026-08-24T14:50:00+05:30,8507.5,8508,8500,8503,1948
2026-08-24T14:55:00+05:30,8503,8507.5,8501,8502,2812
2026-08-24T15:00:00+05:30,8502,8511,8498.5,8509.5,8452
2026-08-24T15:05:00+05:30,8509.5,8515,8503,8512,8280
2026-08-24T15:10:00+05:30,8512,8513.5,8500,8500,10939
2026-08-25T09:15:00+05:30,8500,8563,8497,8550.5,8868
2026-08-25T09:20:00+05:30,8549.5,8560,8542,8545,8122
2026-08-25T09:25:00+05:30,8545,8596.5,8545,8590.5,15333
2026-08-25T09:30:00+05:30,8590.5,8591,8567,8567,5641
2026-08-25T09:35:00+05:30,8567,8593.5,8567,8592,7344
2026-08-25T09:40:00+05:30,8592,8608.5,8590.5,8597,12011
2026-08-25T09:45:00+05:30,8599.5,8610,8596,8609,9740
2026-08-25T09:50:00+05:30,8609,8615,8597.5,8604,13342
2026-08-25T09:55:00+05:30,8604.5,8605.5,8571.5,8574.5,7137
2026-08-25T10:00:00+05:30,8574.5,8577.5,8561,8570,7589
2026-08-25T10:05:00+05:30,8573,8573,8563.5,8565,2180
2026-08-25T10:10:00+05:30,8566,8570,8549,8551.5,6061
2026-08-25T10:15:00+05:30,8551.5,8554,8539,8543,4689
2026-08-25T10:20:00+05:30,8543,8543,8525,8525,4496
2026-08-25T10:25:00+05:30,8525,8537,8520.5,8532,2418
2026-08-25T10:30:00+05:30,8532,8535,8528.5,8532.5,1506
2026-08-25T10:35:00+05:30,8533.5,8537,8510,8515,2700
2026-08-25T10:40:00+05:30,8515,8523,8515,8515,2068
2026-08-25T10:45:00+05:30,8515.5,8515.5,8510,8515,990
2026-08-25T10:50:00+05:30,8515,8519.5,8511.5,8512.5,960
2026-08-25T10:55:00+05:30,8512.5,8521,8512,8519,484
2026-08-25T11:00:00+05:30,8519,8538,8516.5,8538,753
2026-08-25T11:05:00+05:30,8538,8557,8538,8552,11558
2026-08-25T11:10:00+05:30,8552,8605,8552,8605,7435
2026-08-25T11:15:00+05:30,8605,8627.5,8600,8627,14720
2026-08-25T11:20:00+05:30,8627,8639,8617.5,8622,7966
2026-08-25T11:25:00+05:30,8622,8622.5,8605.5,8615,11680
2026-08-25T11:30:00+05:30,8614,8615,8594.5,8600,6147
2026-08-25T11:35:00+05:30,8600,8600,8594,8600,2612
2026-08-25T11:40:00+05:30,8600,8600,8579.5,8600,8910
2026-08-25T11:45:00+05:30,8600,8617.5,8595.5,8615,9829
2026-08-25T11:50:00+05:30,8615,8615.5,8605,8605,3729
2026-08-25T11:55:00+05:30,8607,8608,8600,8607.5,4983
2026-08-25T12:00:00+05:30,8607.5,8615,8606.5,8610,10210
2026-08-25T12:05:00+05:30,8610,8611,8597,8606.5,3108
2026-08-25T12:10:00+05:30,8606.5,8610,8600.5,8605.5,1687
2026-08-25T12:15:00+05:30,8605.5,8606,8594,8600,7681
2026-08-25T12:20:00+05:30,8600,8606,8598,8604.5,7638
2026-08-25T12:25:00+05:30,8604.5,8610,8598,8600.5,5658
2026-08-25T12:30:00+05:30,8600.5,8601.5,8598.5,8600,2354
2026-08-25T12:35:00+05:30,8600,8605,8593,8603.5,6071
2026-08-25T12:40:00+05:30,8605,8607.5,8600,8602.5,3488
2026-08-25T12:45:00+05:30,8600,8602,8592.5,8600,4532
2026-08-25T12:50:00+05:30,8600,8602,8596.5,8601.5,2927
2026-08-25T12:55:00+05:30,8602,8606.5,8599.5,8606,4929
2026-08-25T13:00:00+05:30,8606,8609.5,8598.5,8605,2015
2026-08-25T13:05:00+05:30,8605,8608,8596,8600,3715
2026-08-25T13:10:00+05:30,8600,8600,8595,8596,1610
2026-08-25T13:15:00+05:30,8599.5,8602.5,8593.5,8602.5,8306
2026-08-25T13:20:00+05:30,8602.5,8636,8600,8630.5,17571
2026-08-25T13:25:00+05:30,8630.5,8640,8616,8620,15209
2026-08-25T13:30:00+05:30,8620,8632.5,8619.5,8623,6370
2026-08-25T13:35:00+05:30,8620,8626,8620,8624,3790
2026-08-25T13:40:00+05:30,8624,8624.5,8609.5,8622,7389
2026-08-25T13:45:00+05:30,8624.5,8648,8620,8644.5,11807
2026-08-25T13:50:00+05:30,8644.5,8649,8636.5,8636.5,8005
2026-08-25T13:55:00+05:30,8638,8639.5,8631,8631.5,6835
2026-08-25T14:00:00+05:30,8634,8634,8619.5,8626,4774
2026-08-25T14:05:00+05:30,8626,8626,8613.5,8617.5,4234
2026-08-25T14:10:00+05:30,8617.5,8620.5,8600,8613.5,6246
2026-08-25T14:15:00+05:30,8614.5,8622,8610,8620,6002
2026-08-25T14:20:00+05:30,8617,8628.5,8613,8621.5,6422
2026-08-25T14:25:00+05:30,8624,8633.5,8615.5,8623.5,9533
2026-08-25T14:30:00+05:30,8623.5,8635,8620,8634,9642
2026-08-25T14:35:00+05:30,8634,8634,8623,8632.5,5314
2026-08-25T14:40:00+05:30,8632.5,8638.5,8617.5,8629,13939
2026-08-25T14:45:00+05:30,8629,8630,8617.5,8620,6346
2026-08-25T14:50:00+05:30,8620,8665,8613.5,8662,29273
2026-08-25T14:55:00+05:30,8662,8668.5,8649.5,8656,17992
2026-08-25T15:00:00+05:30,8656,8669,8635,8635,26838
2026-08-25T15:05:00+05:30,8638.5,8662,8630,8655.5,17635
2026-08-25T15:10:00+05:30,8659.5,8686,8651.5,8675,20980
2026-08-26T09:15:00+05:30,8739.5,8798,8701,8798,39384
2026-08-26T09:20:00+05:30,8796.5,8825,8795,8824.5,20717
2026-08-26T09:25:00+05:30,8826.5,8860,8826.5,8855,27043
2026-08-26T09:30:00+05:30,8851,8860,8831.5,8846.5,13755
2026-08-26T09:35:00+05:30,8847.5,8865,8841,8857.5,12549
2026-08-26T09:40:00+05:30,8857.5,8885,8853,8882.5,26124
2026-08-26T09:45:00+05:30,8885,8907.5,8879.5,8890,18013
2026-08-26T09:50:00+05:30,8890,8915,8890,8915,17948
2026-08-26T09:55:00+05:30,8915,8915,8899.5,8907.5,11758
2026-08-26T10:00:00+05:30,8907.5,8907.5,8891,8902,9916
2026-08-26T10:05:00+05:30,8902,8905,8890,8893,10329
2026-08-26T10:10:00+05:30,8890.5,8898.5,8883,8897.5,9968
2026-08-26T10:15:00+05:30,8897.5,8904,8890.5,8893.5,14995
2026-08-26T10:20:00+05:30,8893.5,8900,8890,8897,4730
2026-08-26T10:25:00+05:30,8897,8901,8895,8900.5,4348
2026-08-26T10:30:00+05:30,8900.5,8904.5,8886,8899.5,13105
2026-08-26T10:35:00+05:30,8900,8910,8894.5,8909.5,13041
2026-08-26T10:40:00+05:30,8909.5,8909.5,8897.5,8904,3395
2026-08-26T10:45:00+05:30,8905,8906.5,8895,8896,5459
2026-08-26T10:50:00+05:30,8896.5,8903,8892,8897.5,4487
2026-08-26T10:55:00+05:30,8897.5,8898,8882.5,8884,7551
2026-08-26T11:00:00+05:30,8884,8888,8878.5,8878.5,5929
2026-08-26T11:05:00+05:30,8879.5,8890,8872,8888.5,5233
2026-08-26T11:10:00+05:30,8888.5,8903.5,8888,8898,6656
2026-08-26T11:15:00+05:30,8898,8900,8893,8900,2612
2026-08-26T11:20:00+05:30,8900,8908,8899,8907,4090
2026-08-26T11:25:00+05:30,8906.5,8907,8895.5,8903,4485
2026-08-26T11:30:00+05:30,8903,8907,8901.5,8903.5,3141
2026-08-26T11:35:00+05:30,8903.5,8906,8898.5,8901,3649
2026-08-26T11:40:00+05:30,8901.5,8905,8900,8902.5,2362
2026-08-26T11:45:00+05:30,8902.5,8905,8898,8902,2781
2026-08-26T11:50:00+05:30,8902,8909,8898,8904,5036
2026-08-26T11:55:00+05:30,8904,8909,8902.5,8905.5,3982
2026-08-26T12:00:00+05:30,8905.5,8912.5,8905,8909,7931
2026-08-26T12:05:00+05:30,8911,8933.5,8903.5,8930,11617
2026-08-26T12:10:00+05:30,8930,8937.5,8928.5,8937.5,13991
2026-08-26T12:15:00+05:30,8937.5,8970,8937,8967.5,22405
2026-08-26T12:20:00+05:30,8967.5,8995,8967.5,8981,16317
2026-08-26T12:25:00+05:30,8981,8990,8971.5,8987.5,9078
2026-08-26T12:30:00+05:30,8987.5,8988,8979.5,8986,8747
2026-08-26T12:35:00+05:30,8986,8988,8981,8984,6234
2026-08-26T12:40:00+05:30,8987.5,8990,8980.5,8982,6581
2026-08-26T12:45:00+05:30,8985,8987,8979.5,8984,5086
2026-08-26T12:50:00+05:30,8984.5,8989,8982.5,8984.5,7298
2026-08-26T12:55:00+05:30,8984.5,8987,8984.5,8984.5,3663
2026-08-26T13:00:00+05:30,8985.5,8986,8977.5,8986,8003
2026-08-26T13:05:00+05:30,8986,8989,8976,8980,9031
2026-08-26T13:10:00+05:30,8980,8990,8979.5,8990,5830
2026-08-26T13:15:00+05:30,8990,9012.5,8989.5,9010.5,29149
2026-08-26T13:20:00+05:30,9010.5,9016.5,8998,9003,10207
2026-08-26T13:25:00+05:30,9003,9006,8981,8998.5,11196
2026-08-26T13:30:00+05:30,8998.5,9006,8991.5,9002,11064
2026-08-26T13:35:00+05:30,9002,9002,8992,8999.5,6258
2026-08-26T13:40:00+05:30,8999.5,9010,8999.5,9009.5,6679
2026-08-26T13:45:00+05:30,9009.5,9019.5,9004.5,9012.5,13413
2026-08-26T13:50:00+05:30,9014,9017,9010,9015.5,2737
2026-08-26T13:55:00+05:30,9015.5,9018,9006,9006.5,8134
2026-08-26T14:00:00+05:30,9006.5,9011.5,9004,9010.5,2122
2026-08-26T14:05:00+05:30,9007,9017.5,9006,9010.5,3278
2026-08-26T14:10:00+05:30,9009,9017.5,9009,9017,4872
2026-08-26T14:15:00+05:30,9017,9017.5,9010.5,9013.5,2565
2026-08-26T14:20:00+05:30,9013.5,9019,9013,9014,2186
2026-08-26T14:25:00+05:30,9014,9024.5,9014,9016,4564
2026-08-26T14:30:00+05:30,9016,9018,9003.5,9004.5,7385
2026-08-26T14:35:00+05:30,9006.5,9015,9001,9012,5734
2026-08-26T14:40:00+05:30,9012.5,9017,9012,9014.5,3376
2026-08-26T14:45:00+05:30,9014.5,9016.5,9010,9014,3042
2026-08-26T14:50:00+05:30,9012,9015,9010.5,9015,5042
2026-08-26T14:55:00+05:30,9015,9017.5,9013,9016,9677
2026-08-26T15:00:00+05:30,9016,9017.5,9014,9015.5,11314
2026-08-26T15:05:00+05:30,9016,9036,9015.5,9020.5,26197
2026-08-26T15:10:00+05:30,9020,9043,9012,9030,27162
2026-08-27T09:15:00+05:30,9045,9150,9036.5,9090,65908
2026-08-27T09:20:00+05:30,9090,9123,9065,9116,20277
2026-08-27T09:25:00+05:30,9109,9116.5,9060.5,9091.5,20714
2026-08-27T09:30:00+05:30,9091.5,9113,9090.5,9096,10249
2026-08-27T09:35:00+05:30,9092,9109,9079.5,9079.5,6224
2026-08-27T09:40:00+05:30,9077.5,9110,9075.5,9085,8541
2026-08-27T09:45:00+05:30,9085,9085,9045,9046,13597
2026-08-27T09:50:00+05:30,9046,9048,9035,9043,6896
2026-08-27T09:55:00+05:30,9043,9054,9040,9046.5,11159
2026-08-27T10:00:00+05:30,9046.5,9062,9044.5,9055,3957
2026-08-27T10:05:00+05:30,9056,9064,9047,9055.5,5032
2026-08-27T10:10:00+05:30,9055,9070.5,9052.5,9069.5,5621
2026-08-27T10:15:00+05:30,9069.5,9070,9060,9070,5409
2026-08-27T10:20:00+05:30,9070,9070,9061.5,9069.5,2720
2026-08-27T10:25:00+05:30,9073.5,9081.5,9066.5,9080.5,14295
2026-08-27T10:30:00+05:30,9082.5,9099,9082.5,9096.5,7153
2026-08-27T10:35:00+05:30,9098,9100,9086.5,9093.5,6960
2026-08-27T10:40:00+05:30,9092.5,9095,9091,9095,2368
2026-08-27T10:45:00+05:30,9094,9105,9093.5,9103.5,4125
2026-08-27T10:50:00+05:30,9103,9108,9099,9103.5,7187
2026-08-27T10:55:00+05:30,9104,9107.5,9096.5,9105,4979
2026-08-27T11:00:00+05:30,9104,9107.5,9102.5,9103.5,3299
2026-08-27T11:05:00+05:30,9103.5,9104,9098,9100,3547
2026-08-27T11:10:00+05:30,9100.5,9106,9099,9103,4364
2026-08-27T11:15:00+05:30,9105,9108.5,9087,9088.5,9149
2026-08-27T11:20:00+05:30,9087,9094,9086,9093,2584
2026-08-27T11:25:00+05:30,9092.5,9117,9090.5,9114,10175
2026-08-27T11:30:00+05:30,9113.5,9125,9110.5,9111,7105
2026-08-27T11:35:00+05:30,9111,9114.5,9081,9089,5580
2026-08-27T11:40:00+05:30,9089,9105.5,9089,9100,8026
2026-08-27T11:45:00+05:30,9099.5,9106,9081.5,9084,6213
2026-08-27T11:50:00+05:30,9081.5,9088.5,9075,9078.5,3305
2026-08-27T11:55:00+05:30,9078.5,9100,9076.5,9098,3906
2026-08-27T12:00:00+05:30,9097.5,9106,9096,9103,12428
2026-08-27T12:05:00+05:30,9102.5,9109,9096,9096.5,10330
2026-08-27T12:10:00+05:30,9097.5,9105,9097.5,9104.5,1883
2026-08-27T12:15:00+05:30,9104,9105,9104,9105,2867
2026-08-27T12:20:00+05:30,9104.5,9108,9103.5,9106.5,11915
2026-08-27T12:25:00+05:30,9106.5,9115,9097,9100,15741
2026-08-27T12:30:00+05:30,9100,9106,9092,9096,4984
2026-08-27T12:35:00+05:30,9096.5,9103.5,9096.5,9103,1724
2026-08-27T12:40:00+05:30,9102.5,9106,9094.5,9097.5,5004
2026-08-27T12:45:00+05:30,9097.5,9100,9096.5,9099,1929
2026-08-27T12:50:00+05:30,9098.5,9100,9086,9089.5,6504
2026-08-27T12:55:00+05:30,9089.5,9092,9068.5,9077,6089
2026-08-27T13:00:00+05:30,9077,9077,9066,9075,3043
2026-08-27T13:05:00+05:30,9074.5,9076.5,9070,9074.5,3428
2026-08-27T13:10:00+05:30,9074.5,9087,9070,9086,6677
2026-08-27T13:15:00+05:30,9085,9087,9068.5,9080.5,5082
2026-08-27T13:20:00+05:30,9079.5,9086.5,9075,9080.5,3980
2026-08-27T13:25:00+05:30,9080.5,9082,9068,9072.5,1936
2026-08-27T13:30:00+05:30,9072.5,9073,9067,9071.5,2407
2026-08-27T13:35:00+05:30,9070.5,9074,9066.5,9070,2439
2026-08-27T13:40:00+05:30,9069.5,9075,9069.5,9073.5,2179
2026-08-27T13:45:00+05:30,9073.5,9079,9069.5,9071.5,2481
2026-08-27T13:50:00+05:30,9071.5,9081,9071,9074,4506
2026-08-27T13:55:00+05:30,9074,9081,9072,9076,8800
2026-08-27T14:00:00+05:30,9076,9085,9075.5,9080,3581
2026-08-27T14:05:00+05:30,9077,9079.5,9070,9070.5,2958
2026-08-27T14:10:00+05:30,9070.5,9076,9052.5,9056,3923
2026-08-27T14:15:00+05:30,9055,9057,9050,9050,4078
2026-08-27T14:20:00+05:30,9050,9050.5,9047.5,9049.5,4305
2026-08-27T14:25:00+05:30,9050,9056,9048,9055.5,9466
2026-08-27T14:30:00+05:30,9052,9055,9049,9054,2642
2026-08-27T14:35:00+05:30,9052.5,9056.5,9045.5,9049.5,6353
2026-08-27T14:40:00+05:30,9048.5,9054.5,9047,9054,3139
2026-08-27T14:45:00+05:30,9053.5,9054.5,9050,9052.5,3453
2026-08-27T14:50:00+05:30,9054,9055,9053,9054,3995
2026-08-27T14:55:00+05:30,9054,9073,9052.5,9065,17294
2026-08-27T15:00:00+05:30,9065,9068.5,9055.5,9068,6525
2026-08-27T15:05:00+05:30,9065.5,9070,9062,9070,7162
2026-08-27T15:10:00+05:30,9069,9096.5,9060,9060,10712
2026-08-28T09:15:00+05:30,9099.5,9131.5,9080.5,9101,14249
2026-08-28T09:20:00+05:30,9101,9141.5,9099,9100.5,14277
2026-08-28T09:25:00+05:30,9100.5,9116.5,9091,9114,9482
2026-08-28T09:30:00+05:30,9110.5,9133,9109,9123.5,5918
2026-08-28T09:35:00+05:30,9123.5,9187,9123,9180.5,37834
2026-08-28T09:40:00+05:30,9182,9187,9164,9175,13518
2026-08-28T09:45:00+05:30,9177,9177,9165,9167.5,7941
2026-08-28T09:50:00+05:30,9167,9183,9160,9162.5,13048
2026-08-28T09:55:00+05:30,9160,9160,9147.5,9154,5834
2026-08-28T10:00:00+05:30,9154,9163.5,9143,9145,7468
2026-08-28T10:05:00+05:30,9143.5,9154,9143.5,9147,5255
2026-08-28T10:10:00+05:30,9146.5,9150.5,9142,9147,4062
2026-08-28T10:15:00+05:30,9147,9150,9143,9150,1636
2026-08-28T10:20:00+05:30,9150,9158,9144.5,9157.5,1868
2026-08-28T10:25:00+05:30,9155.5,9159.5,9153.5,9153.5,4224
2026-08-28T10:30:00+05:30,9154,9176.5,9151.5,9175.5,3870
2026-08-28T10:35:00+05:30,9175.5,9190,9175,9182.5,15000
2026-08-28T10:40:00+05:30,9179.5,9184,9175,9184,15272
2026-08-28T10:45:00+05:30,9185,9188.5,9180,9180,8386
2026-08-28T10:50:00+05:30,9180,9235,9180,9234,43620
2026-08-28T10:55:00+05:30,9235,9244.5,9226.5,9240,20075
2026-08-28T11:00:00+05:30,9241,9247,9236.5,9240,13784
2026-08-28T11:05:00+05:30,9236,9247,9236,9243.5,24210
2026-08-28T11:10:00+05:30,9246,9264,9240,9262,20062
2026-08-28T11:15:00+05:30,9260,9270,9244.5,9245,7221
2026-08-28T11:20:00+05:30,9244.5,9248.5,9240,9242.5,4307
2026-08-28T11:25:00+05:30,9247.5,9247.5,9240,9246,11204
2026-08-28T11:30:00+05:30,9245.5,9245.5,9209.5,9225.5,20036
2026-08-28T11:35:00+05:30,9227,9228,9209,9213.5,11527
2026-08-28T11:40:00+05:30,9213.5,9217.5,9204,9212,4701
2026-08-28T11:45:00+05:30,9214.5,9214.5,9197,9200,23877
2026-08-28T11:50:00+05:30,9200,9218,9199.5,9211,4084
2026-08-28T11:55:00+05:30,9213.5,9218,9205.5,9217,3907
2026-08-28T12:00:00+05:30,9215.5,9220,9210,9210.5,5569
2026-08-28T12:05:00+05:30,9213.5,9217,9210.5,9214,3668
2026-08-28T12:10:00+05:30,9215.5,9219,9213,9214,5198
2026-08-28T12:15:00+05:30,9214,9217,9208,9211,5167
2026-08-28T12:20:00+05:30,9211,9217,9207.5,9215,5952
2026-08-28T12:25:00+05:30,9215,9224,9214.5,9220,6533
2026-08-28T12:30:00+05:30,9220,9226,9219,9222,9888
2026-08-28T12:35:00+05:30,9222,9222.5,9200,9205,15797
2026-08-28T12:40:00+05:30,9205,9215,9205,9213,4502
2026-08-28T12:45:00+05:30,9213,9218,9207,9209.5,6349
2026-08-28T12:50:00+05:30,9209.5,9213.5,9200,9205.5,7773
2026-08-28T12:55:00+05:30,9208,9216,9200,9213,14790
2026-08-28T13:00:00+05:30,9215.5,9219.5,9204,9216,16037
2026-08-28T13:05:00+05:30,9216,9221.5,9208,9218.5,5836
2026-08-28T13:10:00+05:30,9221,9223.5,9210,9215,7693
2026-08-28T13:15:00+05:30,9217.5,9223,9211,9223,7908
2026-08-28T13:20:00+05:30,9223,9228.5,9217,9225,5842
2026-08-28T13:25:00+05:30,9227.5,9228.5,9217.5,9218,5357
2026-08-28T13:30:00+05:30,9220,9220.5,9205,9206.5,6504
2026-08-28T13:35:00+05:30,9206.5,9209,9189.5,9189.5,7532
2026-08-28T13:40:00+05:30,9189.5,9195.5,9155.5,9162,11527
2026-08-28T13:45:00+05:30,9157.5,9169,9156,9158.5,10230
2026-08-28T13:50:00+05:30,9161,9164,9146.5,9153,6953
2026-08-28T13:55:00+05:30,9155.5,9170.5,9154,9165.5,9146
2026-08-28T14:00:00+05:30,9163.5,9163.5,9151.5,9159.5,6399
2026-08-28T14:05:00+05:30,9159.5,9165,9157.5,9164,5304
2026-08-28T14:10:00+05:30,9166,9169,9161.5,9164,9089
2026-08-28T14:15:00+05:30,9166.5,9168,9156.5,9165,6274
2026-08-28T14:20:00+05:30,9165,9169,9161,9168,5227
2026-08-28T14:25:00+05:30,9168,9175,9162.5,9163.5,5610
2026-08-28T14:30:00+05:30,9165.5,9168.5,9158,9165,10075
2026-08-28T14:35:00+05:30,9165,9173.5,9162,9165.5,4926
2026-08-28T14:40:00+05:30,9166,9173,9163,9169,5232
2026-08-28T14:45:00+05:30,9170,9176,9163,9163,8383
2026-08-28T14:50:00+05:30,9163,9169,9161,9166,6796
2026-08-28T14:55:00+05:30,9167,9177,9164,9171,11515
2026-08-28T15:00:00+05:30,9168.5,9195,9167,9193.5,46549
2026-08-28T15:05:00+05:30,9190,9200,9180,9195.5,26591
2026-08-28T15:10:00+05:30,9199,9230,9194,9215,17937
2026-08-31T09:15:00+05:30,9239,9242,9175.5,9198,7827
2026-08-31T09:20:00+05:30,9198,9200,9175,9177.5,2769
2026-08-31T09:25:00+05:30,9177.5,9189,9161,9174,5754
2026-08-31T09:30:00+05:30,9177.5,9195.5,9174.5,9191.5,3458
2026-08-31T09:35:00+05:30,9191.5,9200,9187,9200,5787
2026-08-31T09:40:00+05:30,9200,9217.5,9196,9217.5,28752
2026-08-31T09:45:00+05:30,9217.5,9238,9214,9235,8150
2026-08-31T09:50:00+05:30,9235,9256,9233.5,9243,26318
2026-08-31T09:55:00+05:30,9243,9245,9201.5,9207.5,10562
2026-08-31T10:00:00+05:30,9203,9215,9203,9211.5,6375
2026-08-31T10:05:00+05:30,9205,9215,9205,9212.5,2320
2026-08-31T10:10:00+05:30,9213,9213,9182.5,9191.5,9082
2026-08-31T10:15:00+05:30,9191.5,9200,9183,9188.5,2276
2026-08-31T10:20:00+05:30,9189,9194,9183,9190,2003
2026-08-31T10:25:00+05:30,9193.5,9195,9187.5,9195,1936
2026-08-31T10:30:00+05:30,9193.5,9207.5,9191,9207,4475
2026-08-31T10:35:00+05:30,9207,9208,9192.5,9194,2722
2026-08-31T10:40:00+05:30,9194,9194,9184,9188.5,2572
2026-08-31T10:45:00+05:30,9188.5,9195,9185.5,9190,2948
2026-08-31T10:50:00+05:30,9190,9193,9185,9185,1558
2026-08-31T10:55:00+05:30,9188,9196,9186.5,9195.5,4300
2026-08-31T11:00:00+05:30,9196,9196,9189,9189.5,1898
2026-08-31T11:05:00+05:30,9189.5,9195.5,9185,9189,2666
2026-08-31T11:10:00+05:30,9188.5,9190,9183,9185.5,1304
2026-08-31T11:15:00+05:30,9185.5,9190,9181,9184.5,2661
2026-08-31T11:20:00+05:30,9184.5,9185,9181,9183,1984
2026-08-31T11:25:00+05:30,9183,9183,9172.5,9175,2892
2026-08-31T11:30:00+05:30,9175,9175,9150,9158.5,5730
2026-08-31T11:35:00+05:30,9155.5,9164.5,9152,9154.5,6988
2026-08-31T11:40:00+05:30,9154.5,9175,9152,9173,7577
2026-08-31T11:45:00+05:30,9173,9183,9171,9175.5,10125
2026-08-31T11:50:00+05:30,9175.5,9194.5,9175,9194,5623
2026-08-31T11:55:00+05:30,9191.5,9200,9184.5,9195.5,13976
2026-08-31T12:00:00+05:30,9194.5,9198,9178,9178.5,8492
2026-08-31T12:05:00+05:30,9178.5,9187,9173.5,9180,6874
2026-08-31T12:10:00+05:30,9180,9190.5,9175,9187.5,13581
2026-08-31T12:15:00+05:30,9187.5,9212,9187.5,9208.5,2916
2026-08-31T12:20:00+05:30,9204.5,9224.5,9204.5,9223.5,5544
2026-08-31T12:25:00+05:30,9223.5,9234,9212.5,9213.5,3100
2026-08-31T12:30:00+05:30,9214,9219,9203,9216.5,2102
2026-08-31T12:35:00+05:30,9216.5,9217,9203.5,9205.5,1592
2026-08-31T12:40:00+05:30,9205.5,9207,9203,9204,1705
2026-08-31T12:45:00+05:30,9204,9210,9202,9207.5,1614
2026-08-31T12:50:00+05:30,9207.5,9208.5,9201.5,9205.5,1670
2026-08-31T12:55:00+05:30,9205.5,9223,9198,9219,12898
2026-08-31T13:00:00+05:30,9219,9232,9215,9216,3562
2026-08-31T13:05:00+05:30,9216,9226,9210,9215,2210
2026-08-31T13:10:00+05:30,9215,9215,9210,9214,2688
2026-08-31T13:15:00+05:30,9214,9215,9208,9213.5,2724
2026-08-31T13:20:00+05:30,9214,9214.5,9209,9212,2850
2026-08-31T13:25:00+05:30,9212,9215,9210,9214,2876
2026-08-31T13:30:00+05:30,9215,9230,9213.5,9219.5,9490
2026-08-31T13:35:00+05:30,9219.5,9220,9212,9216,3658
2026-08-31T13:40:00+05:30,9216,9219,9211.5,9219,3980
2026-08-31T13:45:00+05:30,9219.5,9220,9217.5,9219.5,4613
2026-08-31T13:50:00+05:30,9220,9224,9210,9212.5,7754
2026-08-31T13:55:00+05:30,9212.5,9215,9211.5,9215,4536
2026-08-31T14:00:00+05:30,9215,9215,9213.5,9215,5966
2026-08-31T14:05:00+05:30,9215,9230,9212,9230,8806
2026-08-31T14:10:00+05:30,9230,9236,9225,9231.5,6520
2026-08-31T14:15:00+05:30,9231.5,9234,9225.5,9232,6237
2026-08-31T14:20:00+05:30,9231,9237,9222.5,9222.5,7123
2026-08-31T14:25:00+05:30,9222.5,9228,9212,9224,6920
2026-08-31T14:30:00+05:30,9224,9225,9210.5,9218,8292
2026-08-31T14:35:00+05:30,9218,9220,9206.5,9219.5,8220
2026-08-31T14:40:00+05:30,9219.5,9221.5,9205,9207,9262
2026-08-31T14:45:00+05:30,9209.5,9240,9198.5,9239.5,19917
2026-08-31T14:50:00+05:30,9240,9240.5,9218,9230.5,16439
2026-08-31T14:55:00+05:30,9231.5,9234,9221,9222,18249
2026-08-31T15:00:00+05:30,9221.5,9221.5,9191,9198,20014
2026-08-31T15:05:00+05:30,9200,9200,9185.5,9188,20341
2026-08-31T15:10:00+05:30,9188.5,9192.5,9140,9190,22258
2026-09-01T09:15:00+05:30,9251.5,9262.5,9170,9182,51781
2026-09-01T09:20:00+05:30,9182,9182,9152,9171.5,7523
2026-09-01T09:25:00+05:30,9166.5,9166.5,9140,9163,8478
2026-09-01T09:30:00+05:30,9163,9181,9160,9177.5,5266
2026-09-01T09:35:00+05:30,9177.5,9191,9177.5,9187,4127
2026-09-01T09:40:00+05:30,9188,9193,9182.5,9187,2669
2026-09-01T09:45:00+05:30,9187,9191,9181.5,9185,2357
2026-09-01T09:50:00+05:30,9185,9196.5,9182,9196.5,2011
2026-09-01T09:55:00+05:30,9200,9212,9186,9186,4457
2026-09-01T10:00:00+05:30,9190,9198,9184.5,9194.5,758
2026-09-01T10:05:00+05:30,9195,9195,9185,9194.5,1947
2026-09-01T10:10:00+05:30,9194.5,9198,9186,9188,2441
2026-09-01T10:15:00+05:30,9185,9195,9185,9190,1297
2026-09-01T10:20:00+05:30,9190,9195,9182,9182,1772
2026-09-01T10:25:00+05:30,9185,9185,9180,9183,1988
2026-09-01T10:30:00+05:30,9183,9200.5,9182.5,9190,1954
2026-09-01T10:35:00+05:30,9187,9196.5,9183.5,9194.5,1715
2026-09-01T10:40:00+05:30,9193,9203.5,9191,9200.5,1697
2026-09-01T10:45:00+05:30,9200.5,9204,9198,9204,1382
2026-09-01T10:50:00+05:30,9201,9202.5,9185.5,9198,4435
2026-09-01T10:55:00+05:30,9198,9202,9187,9189.5,2283
2026-09-01T11:00:00+05:30,9189.5,9189.5,9175.5,9180,5009
2026-09-01T11:05:00+05:30,9180,9183.5,9177,9180,3508
2026-09-01T11:10:00+05:30,9180,9180,9177.5,9180,1278
2026-09-01T11:15:00+05:30,9180,9180,9179,9179,1268
2026-09-01T11:20:00+05:30,9179,9180,9148,9155,19400
2026-09-01T11:25:00+05:30,9155,9162,9148,9149.5,3860
2026-09-01T11:30:00+05:30,9150,9161.5,9149,9161,3168
2026-09-01T11:35:00+05:30,9161,9163,9142,9148.5,2687
2026-09-01T11:40:00+05:30,9147,9150,9130,9137,6886
2026-09-01T11:45:00+05:30,9135,9143,9133.5,9140,1246
2026-09-01T11:50:00+05:30,9138,9139.5,9116.5,9122,4882
2026-09-01T11:55:00+05:30,9123,9128.5,9121,9126,1983
2026-09-01T12:00:00+05:30,9125,9127.5,9117,9127,1809
2026-09-01T12:05:00+05:30,9127,9131.5,9125,9130.5,2061
2026-09-01T12:10:00+05:30,9130.5,9135.5,9123,9125,4844
2026-09-01T12:15:00+05:30,9125,9127.5,9117.5,9123.5,3225
2026-09-01T12:20:00+05:30,9122,9132,9120,9125,23400
2026-09-01T12:25:00+05:30,9125,9129.5,9121.5,9124.5,1584
2026-09-01T12:30:00+05:30,9124.5,9151,9123.5,9151,13542
2026-09-01T12:35:00+05:30,9151,9163.5,9144.5,9154.5,4782
2026-09-01T12:40:00+05:30,9154.5,9160,9148.5,9154.5,2635
2026-09-01T12:45:00+05:30,9154.5,9157.5,9145,9146.5,2743
2026-09-01T12:50:00+05:30,9146.5,9147,9133,9134.5,10353
2026-09-01T12:55:00+05:30,9134.5,9146.5,9127.5,9142,7027
2026-09-01T13:00:00+05:30,9141,9142.5,9133.5,9140,2254
2026-09-01T13:05:00+05:30,9140,9143.5,9128,9143,15144
2026-09-01T13:10:00+05:30,9143,9164.5,9136,9150,10170
2026-09-01T13:15:00+05:30,9148.5,9166.5,9148.5,9163,12406
2026-09-01T13:20:00+05:30,9163,9173,9161,9166,4436
2026-09-01T13:25:00+05:30,9166,9182,9155,9182,7744
2026-09-01T13:30:00+05:30,9180,9188,9176,9182,10778
2026-09-01T13:35:00+05:30,9182,9183,9168.5,9169,3186
2026-09-01T13:40:00+05:30,9169,9178,9162.5,9175.5,5284
2026-09-01T13:45:00+05:30,9176,9181,9171.5,9171.5,4063
2026-09-01T13:50:00+05:30,9171.5,9184.5,9167.5,9175,8001
2026-09-01T13:55:00+05:30,9174.5,9175,9166,9168.5,2749
2026-09-01T14:00:00+05:30,9167.5,9167.5,9136,9143,7340
2026-09-01T14:05:00+05:30,9143,9143,9113,9119,8733
2026-09-01T14:10:00+05:30,9118,9119,9101,9105,4779
2026-09-01T14:15:00+05:30,9105,9107,9088.5,9092,5014
2026-09-01T14:20:00+05:30,9088,9129,9087,9127,7744
2026-09-01T14:25:00+05:30,9126,9131.5,9113,9119,6528
2026-09-01T14:30:00+05:30,9119,9150,9117.5,9135,24883
2026-09-01T14:35:00+05:30,9135,9147,9134.5,9137,5274
2026-09-01T14:40:00+05:30,9138.5,9145,9137.5,9139,4895
2026-09-01T14:45:00+05:30,9138,9144.5,9134.5,9144.5,6281
2026-09-01T14:50:00+05:30,9143.5,9145.5,9134.5,9143.5,7153
2026-09-01T14:55:00+05:30,9144,9164.5,9143,9153,12312
2026-09-01T15:00:00+05:30,9153,9156,9144.5,9153.5,14007
2026-09-01T15:05:00+05:30,9153,9153.5,9142.5,9150,13448
2026-09-01T15:10:00+05:30,9149.5,9159,9140.5,9153.5,13744
2026-09-02T09:15:00+05:30,9121.5,9195,9105,9170,23528
2026-09-02T09:20:00+05:30,9170,9189,9145.5,9145.5,4738
2026-09-02T09:25:00+05:30,9145.5,9151,9127,9147,4369
2026-09-02T09:30:00+05:30,9147,9147,9122.5,9130.5,2528
2026-09-02T09:35:00+05:30,9130.5,9134,9108,9119,4418
2026-09-02T09:40:00+05:30,9119,9124.5,9116.5,9119,2291
2026-09-02T09:45:00+05:30,9119.5,9145,9119,9140.5,3171
2026-09-02T09:50:00+05:30,9141,9143.5,9130,9130,1867
2026-09-02T09:55:00+05:30,9130,9131.5,9119,9127.5,1158
2026-09-02T10:00:00+05:30,9127.5,9144,9127.5,9139.5,1408
2026-09-02T10:05:00+05:30,9139.5,9142,9135.5,9140,1434
2026-09-02T10:10:00+05:30,9138.5,9141,9130,9130,1115
2026-09-02T10:15:00+05:30,9130.5,9133,9126,9128.5,959
2026-09-02T10:20:00+05:30,9128.5,9135,9122.5,9125,1898
2026-09-02T10:25:00+05:30,9122.5,9125,9115.5,9115.5,3306
2026-09-02T10:30:00+05:30,9116,9124.5,9104.5,9117.5,3873
2026-09-02T10:35:00+05:30,9115,9121.5,9113.5,9118,1466
2026-09-02T10:40:00+05:30,9118.5,9118.5,9106.5,9114.5,1995
2026-09-02T10:45:00+05:30,9115.5,9117,9106.5,9107.5,4161
2026-09-02T10:50:00+05:30,9107,9115,9107,9110,1599
2026-09-02T10:55:00+05:30,9110,9120,9107.5,9117.5,1428
2026-09-02T11:00:00+05:30,9118,9121,9115,9117,1105
2026-09-02T11:05:00+05:30,9117,9124,9116,9121.5,910
2026-09-02T11:10:00+05:30,9121.5,9126,9118,9124,1314
2026-09-02T11:15:00+05:30,9124,9127,9118.5,9123,1170
2026-09-02T11:20:00+05:30,9123,9143.5,9120.5,9141.5,9424
2026-09-02T11:25:00+05:30,9141.5,9161,9136.5,9149.5,2983
2026-09-02T11:30:00+05:30,9150,9168,9149.5,9167,1962
2026-09-02T11:35:00+05:30,9167,9194.5,9167,9184,4760
2026-09-02T11:40:00+05:30,9184,9197.5,9177.5,9192.5,3355
2026-09-02T11:45:00+05:30,9191.5,9205,9190,9204.5,3265
2026-09-02T11:50:00+05:30,9204.5,9204.5,9174.5,9179.5,4668
2026-09-02T11:55:00+05:30,9176.5,9180.5,9165,9167.5,4478
2026-09-02T12:00:00+05:30,9168,9169,9159,9166.5,2404
2026-09-02T12:05:00+05:30,9166.5,9170,9152,9154.5,4670
2026-09-02T12:10:00+05:30,9154.5,9163,9153,9162,4028
2026-09-02T12:15:00+05:30,9163,9166.5,9146.5,9166.5,12391
2026-09-02T12:20:00+05:30,9166.5,9167.5,9159,9162,1271
2026-09-02T12:25:00+05:30,9162,9169,9134,9138.5,3787
2026-09-02T12:30:00+05:30,9138.5,9145,9130,9145,5686
2026-09-02T12:35:00+05:30,9145,9150,9141,9150,2752
2026-09-02T12:40:00+05:30,9150,9165,9149.5,9165,5864
2026-09-02T12:45:00+05:30,9165,9188.5,9162.5,9185,3261
2026-09-02T12:50:00+05:30,9185,9205,9185,9203,3648
2026-09-02T12:55:00+05:30,9203,9220.5,9203,9210,3403
2026-09-02T13:00:00+05:30,9210,9229,9204,9225,7758
2026-09-02T13:05:00+05:30,9225,9230,9221,9229,2495
2026-09-02T13:10:00+05:30,9229,9239,9216.5,9232,4914
2026-09-02T13:15:00+05:30,9232,9232,9223,9228,2206
2026-09-02T13:20:00+05:30,9225,9233.5,9219,9232,3154
2026-09-02T13:25:00+05:30,9232,9232,9211.5,9227,11290
2026-09-02T13:30:00+05:30,9227,9239,9222,9237.5,6489
2026-09-02T13:35:00+05:30,9237.5,9239.5,9222,9226,2283
2026-09-02T13:40:00+05:30,9226,9230,9213,9220,2865
2026-09-02T13:45:00+05:30,9220,9220,9213,9219,2246
2026-09-02T13:50:00+05:30,9219,9224.5,9215,9219,4596
2026-09-02T13:55:00+05:30,9221,9226.5,9217,9223.5,2001
2026-09-02T14:00:00+05:30,9222.5,9228,9221,9226.5,2175
2026-09-02T14:05:00+05:30,9225.5,9228,9220.5,9227,1836
2026-09-02T14:10:00+05:30,9227,9238,9225,9228.5,3114
2026-09-02T14:15:00+05:30,9226,9236.5,9224.5,9233,3672
2026-09-02T14:20:00+05:30,9233,9233,9221.5,9225,3088
2026-09-02T14:25:00+05:30,9225,9243,9221,9243,3266
2026-09-02T14:30:00+05:30,9240,9248,9237.5,9247,5345
2026-09-02T14:35:00+05:30,9246.5,9299,9242,9296,15436
2026-09-02T14:40:00+05:30,9296,9297,9281,9289,11204
2026-09-02T14:45:00+05:30,9289.5,9299,9286,9288.5,8991
2026-09-02T14:50:00+05:30,9288,9290.5,9276.5,9283,9995
2026-09-02T14:55:00+05:30,9282,9288,9274,9286,11174
2026-09-02T15:00:00+05:30,9285.5,9287,9272,9278.5,17105
2026-09-02T15:05:00+05:30,9278.5,9287,9269.5,9283.5,24072
2026-09-02T15:10:00+05:30,9283.5,9287.5,9258.5,9270,40636
2026-09-03T09:15:00+05:30,9253,9264.5,9188,9226.5,14953
2026-09-03T09:20:00+05:30,9226.5,9238.5,9216,9219.5,6880
2026-09-03T09:25:00+05:30,9215.5,9219,9210,9217,4823
2026-09-03T09:30:00+05:30,9217,9246.5,9214.5,9227.5,8520
2026-09-03T09:35:00+05:30,9227.5,9234,9225.5,9231,4993
2026-09-03T09:40:00+05:30,9231,9237,9221.5,9237,6871
2026-09-03T09:45:00+05:30,9237,9237,9225,9227,3859
2026-09-03T09:50:00+05:30,9227,9233,9224,9231.5,2815
2026-09-03T09:55:00+05:30,9229.5,9282,9228,9273,21581
2026-09-03T10:00:00+05:30,9272.5,9273.5,9256.5,9263.5,7753
2026-09-03T10:05:00+05:30,9267.5,9268,9251.5,9261,4100
2026-09-03T10:10:00+05:30,9261,9261,9245.5,9247,3038
2026-09-03T10:15:00+05:30,9247,9247,9235.5,9236.5,1912
2026-09-03T10:20:00+05:30,9236.5,9238,9217.5,9222.5,5939
2026-09-03T10:25:00+05:30,9222.5,9244,9220,9243.5,2691
2026-09-03T10:30:00+05:30,9243.5,9245,9233,9241.5,5491
2026-09-03T10:35:00+05:30,9241.5,9255,9233.5,9250,4848
2026-09-03T10:40:00+05:30,9250,9262.5,9245,9258,8560
2026-09-03T10:45:00+05:30,9258,9258,9244,9248,2365
2026-09-03T10:50:00+05:30,9248,9253,9243,9243.5,1361
2026-09-03T10:55:00+05:30,9243,9243.5,9229,9229,2872
2026-09-03T11:00:00+05:30,9229,9232,9220.5,9221.5,4326
2026-09-03T11:05:00+05:30,9220,9229,9184,9206,13688
2026-09-03T11:10:00+05:30,9204,9219.5,9203.5,9212.5,3671
2026-09-03T11:15:00+05:30,9211,9212.5,9194.5,9200,4251
2026-09-03T11:20:00+05:30,9200,9200,9199.5,9200,1643
2026-09-03T11:25:00+05:30,9199.5,9211,9196,9203,15524
2026-09-03T11:30:00+05:30,9203,9208,9198.5,9200,4881
2026-09-03T11:35:00+05:30,9200,9209,9199.5,9204.5,11100
2026-09-03T11:40:00+05:30,9204.5,9208.5,9202,9203,5485
2026-09-03T11:45:00+05:30,9202,9211.5,9199.5,9200,13878
2026-09-03T11:50:00+05:30,9200,9200,9196.5,9197,1630
2026-09-03T11:55:00+05:30,9198,9212,9198,9210,10282
2026-09-03T12:00:00+05:30,9211,9211,9197.5,9206.5,4197
2026-09-03T12:05:00+05:30,9207,9242.5,9204,9235.5,8025
2026-09-03T12:10:00+05:30,9235.5,9251,9224,9229.5,44517
2026-09-03T12:15:00+05:30,9235,9244,9227,9231.5,26020
2026-09-03T12:20:00+05:30,9231.5,9252.5,9230,9235.5,8418
2026-09-03T12:25:00+05:30,9233.5,9240,9229.5,9240,2934
2026-09-03T12:30:00+05:30,9238,9240,9230.5,9239.5,3575
2026-09-03T12:35:00+05:30,9240,9240,9234.5,9239,4075
2026-09-03T12:40:00+05:30,9239,9239,9229,9230.5,3372
2026-09-03T12:45:00+05:30,9230,9237.5,9222,9223,3533
2026-09-03T12:50:00+05:30,9223,9234,9223,9227.5,2504
2026-09-03T12:55:00+05:30,9227,9248.5,9227,9239,8497
2026-09-03T13:00:00+05:30,9238.5,9241.5,9230,9236.5,1933
2026-09-03T13:05:00+05:30,9236.5,9238,9232,9235.5,1374
2026-09-03T13:10:00+05:30,9235.5,9238,9229.5,9230,2501
2026-09-03T13:15:00+05:30,9231.5,9237.5,9227.5,9235.5,1544
2026-09-03T13:20:00+05:30,9235.5,9238.5,9231,9233,2386
2026-09-03T13:25:00+05:30,9233.5,9240.5,9230.5,9237,2578
2026-09-03T13:30:00+05:30,9237,9241,9234.5,9239.5,2714
2026-09-03T13:35:00+05:30,9239.5,9241,9233.5,9238.5,3787
2026-09-03T13:40:00+05:30,9238.5,9238.5,9230.5,9231,2004
2026-09-03T13:45:00+05:30,9231,9235,9228.5,9228.5,2586
2026-09-03T13:50:00+05:30,9228.5,9230.5,9226.5,9230,6257
2026-09-03T13:55:00+05:30,9230,9230.5,9229.5,9230,4157
2026-09-03T14:00:00+05:30,9230,9230.5,9229.5,9230,4585
2026-09-03T14:05:00+05:30,9230,9230,9218,9218.5,5376
2026-09-03T14:10:00+05:30,9218.5,9218.5,9212.5,9218.5,3123
2026-09-03T14:15:00+05:30,9218.5,9219,9213.5,9215,2221
2026-09-03T14:20:00+05:30,9214,9220.5,9212,9217.5,2386
2026-09-03T14:25:00+05:30,9217,9222.5,9216,9220,3403
2026-09-03T14:30:00+05:30,9218.5,9220,9204,9211,3386
2026-09-03T14:35:00+05:30,9211,9213,9210,9211.5,2260
2026-09-03T14:40:00+05:30,9212,9213,9203,9207,3816
2026-09-03T14:45:00+05:30,9198,9219,9198,9209.5,4466
2026-09-03T14:50:00+05:30,9212.5,9223.5,9210.5,9221.5,8399
2026-09-03T14:55:00+05:30,9221.5,9221.5,9214,9221,18246
2026-09-03T15:00:00+05:30,9218.5,9221.5,9205.5,9214.5,22614
2026-09-03T15:05:00+05:30,9213.5,9219,9204.5,9213.5,12806
2026-09-03T15:10:00+05:30,9213,9228,9213,9228,14857
2026-09-04T09:15:00+05:30,9244,9269,9230,9230,8097
2026-09-04T09:20:00+05:30,9230,9235.5,9186,9194,10226
2026-09-04T09:25:00+05:30,9194,9196.5,9148,9155,13684
2026-09-04T09:30:00+05:30,9151.5,9173.5,9151,9167,3808
2026-09-04T09:35:00+05:30,9165.5,9174,9160,9164.5,3223
2026-09-04T09:40:00+05:30,9161,9162,9151,9159,2781
2026-09-04T09:45:00+05:30,9156.5,9177.5,9156.5,9171,3117
2026-09-04T09:50:00+05:30,9171,9183,9171,9177,2646
2026-09-04T09:55:00+05:30,9177.5,9199.5,9177,9192.5,3971
2026-09-04T10:00:00+05:30,9192.5,9199,9192.5,9195,743
2026-09-04T10:05:00+05:30,9191.5,9202.5,9190.5,9197.5,2090
2026-09-04T10:10:00+05:30,9197.5,9197.5,9195,9196.5,535
2026-09-04T10:15:00+05:30,9196.5,9197.5,9195,9195,597
2026-09-04T10:20:00+05:30,9195,9195.5,9185,9185.5,2229
2026-09-04T10:25:00+05:30,9185.5,9193.5,9183.5,9192,1419
2026-09-04T10:30:00+05:30,9190,9192,9181.5,9187.5,1857
2026-09-04T10:35:00+05:30,9187,9193,9186,9186,650
2026-09-04T10:40:00+05:30,9186.5,9188,9177,9180,1485
2026-09-04T10:45:00+05:30,9180,9187,9176,9184,772
2026-09-04T10:50:00+05:30,9184,9185,9180,9181.5,482
2026-09-04T10:55:00+05:30,9181.5,9184.5,9176,9182.5,2593
2026-09-04T11:00:00+05:30,9182.5,9188,9180,9183,1894
2026-09-04T11:05:00+05:30,9182,9187,9173,9181,14404
2026-09-04T11:10:00+05:30,9180.5,9190,9170,9182,13925
2026-09-04T11:15:00+05:30,9182,9184,9180,9181,1093
2026-09-04T11:20:00+05:30,9181,9185,9180,9185,1170
2026-09-04T11:25:00+05:30,9183,9186,9180,9181,979
2026-09-04T11:30:00+05:30,9180,9198.5,9180,9198.5,1627
2026-09-04T11:35:00+05:30,9198.5,9220,9196.5,9211.5,3394
2026-09-04T11:40:00+05:30,9210.5,9229,9209,9226.5,7748
2026-09-04T11:45:00+05:30,9226.5,9226.5,9218.5,9218.5,1697
2026-09-04T11:50:00+05:30,9219,9223,9212.5,9212.5,1044
2026-09-04T11:55:00+05:30,9212.5,9220,9202,9203.5,1737
2026-09-04T12:00:00+05:30,9203.5,9207,9189,9190,2712
2026-09-04T12:05:00+05:30,9190,9190,9182,9185,1170
2026-09-04T12:10:00+05:30,9185,9187,9181.5,9182,1076
2026-09-04T12:15:00+05:30,9182,9189,9180,9185,887
2026-09-04T12:20:00+05:30,9183,9189.5,9182.5,9182.5,1214
2026-09-04T12:25:00+05:30,9183,9186.5,9180,9181,887
2026-09-04T12:30:00+05:30,9181.5,9189.5,9168.5,9183.5,17888
2026-09-04T12:35:00+05:30,9182,9189.5,9180,9184,1124
2026-09-04T12:40:00+05:30,9184,9184.5,9180,9180.5,706
2026-09-04T12:45:00+05:30,9180.5,9185.5,9176.5,9180.5,8736
2026-09-04T12:50:00+05:30,9181.5,9186,9180,9180.5,2148
2026-09-04T12:55:00+05:30,9180.5,9183.5,9180,9180,1593
2026-09-04T13:00:00+05:30,9180.5,9180.5,9147,9155,7363
2026-09-04T13:05:00+05:30,9155,9160.5,9153,9155,708
2026-09-04T13:10:00+05:30,9155,9167.5,9154.5,9157.5,1519
2026-09-04T13:15:00+05:30,9160.5,9161.5,9154.5,9155,919
2026-09-04T13:20:00+05:30,9154.5,9163,9140,9163,3387
2026-09-04T13:25:00+05:30,9163,9163,9150,9153,1477
2026-09-04T13:30:00+05:30,9153,9158,9152,9154.5,1502
2026-09-04T13:35:00+05:30,9154.5,9155,9149,9153,1460
2026-09-04T13:40:00+05:30,9153.5,9154.5,9147.5,9149,1208
2026-09-04T13:45:00+05:30,9151,9153,9145,9147,1324
2026-09-04T13:50:00+05:30,9147,9149.5,9141.5,9142.5,1438
2026-09-04T13:55:00+05:30,9143,9145.5,9140,9141,1658
2026-09-04T14:00:00+05:30,9141,9142,9135,9141,1740
2026-09-04T14:05:00+05:30,9140.5,9145.5,9135,9135.5,1838
2026-09-04T14:10:00+05:30,9135.5,9142.5,9133.5,9135.5,1303
2026-09-04T14:15:00+05:30,9135,9137.5,9131.5,9132.5,1303
2026-09-04T14:20:00+05:30,9134,9139,9132.5,9138,1631
2026-09-04T14:25:00+05:30,9136,9146,9135,9141,2180
2026-09-04T14:30:00+05:30,9141,9158.5,9141,9155.5,3761
2026-09-04T14:35:00+05:30,9155.5,9157,9143.5,9146,4253
2026-09-04T14:40:00+05:30,9146,9154,9143,9149.5,8424
2026-09-04T14:45:00+05:30,9149,9150,9143,9147,3360
2026-09-04T14:50:00+05:30,9144,9147.5,9136.5,9141,2480
2026-09-04T14:55:00+05:30,9141,9149,9137,9144,2613
2026-09-04T15:00:00+05:30,9144,9149,9140.5,9142,4126
2026-09-04T15:05:00+05:30,9142,9150,9142,9148.5,9039
2026-09-04T15:10:00+05:30,9148.5,9151.5,9121,9121,11866
2026-09-07T09:15:00+05:30,9119.5,9174,9119.5,9174,6258
2026-09-07T09:20:00+05:30,9174,9176,9154.5,9158,3473
2026-09-07T09:25:00+05:30,9158,9164,9140.5,9148,3203
2026-09-07T09:30:00+05:30,9153,9196,9153,9196,6435
2026-09-07T09:35:00+05:30,9194.5,9195,9178,9191.5,3201
2026-09-07T09:40:00+05:30,9191.5,9191.5,9183,9184,695
2026-09-07T09:45:00+05:30,9184,9191.5,9179.5,9191.5,1110
2026-09-07T09:50:00+05:30,9191.5,9196,9184.5,9188,1909
2026-09-07T09:55:00+05:30,9188.5,9195,9184,9189,1470
2026-09-07T10:00:00+05:30,9189,9190.5,9187,9188,536
2026-09-07T10:05:00+05:30,9188,9194,9185.5,9193.5,1880
2026-09-07T10:10:00+05:30,9193,9214,9191,9210,5885
2026-09-07T10:15:00+05:30,9212,9241,9209.5,9239.5,8484
2026-09-07T10:20:00+05:30,9237,9241,9227.5,9229,2393
2026-09-07T10:25:00+05:30,9227,9232,9221.5,9227.5,1788
2026-09-07T10:30:00+05:30,9227.5,9228,9220,9226.5,1616
2026-09-07T10:35:00+05:30,9231,9281,9231,9280,15885
2026-09-07T10:40:00+05:30,9281.5,9288,9271,9281,4551
2026-09-07T10:45:00+05:30,9282,9288.5,9255.5,9258.5,12066
2026-09-07T10:50:00+05:30,9260.5,9278.5,9252,9267,23476
2026-09-07T10:55:00+05:30,9270,9272.5,9265,9269,2506
2026-09-07T11:00:00+05:30,9269,9275,9244.5,9248,5594
2026-09-07T11:05:00+05:30,9248,9270,9244,9259,28294
2026-09-07T11:10:00+05:30,9257,9272.5,9254.5,9266,9891
2026-09-07T11:15:00+05:30,9265,9273,9246,9246,4721
2026-09-07T11:20:00+05:30,9244,9268,9244,9265,29138
2026-09-07T11:25:00+05:30,9274,9276.5,9255,9261.5,14691
2026-09-07T11:30:00+05:30,9261.5,9261.5,9248.5,9252,1675
2026-09-07T11:35:00+05:30,9252,9252,9241,9243,1988
2026-09-07T11:40:00+05:30,9245,9259,9239,9257.5,14752
2026-09-07T11:45:00+05:30,9257.5,9267.5,9252.5,9262.5,1513
2026-09-07T11:50:00+05:30,9265,9273,9262.5,9270,3510
2026-09-07T11:55:00+05:30,9270,9272,9247.5,9247.5,11955
2026-09-07T12:00:00+05:30,9247.5,9250,9245,9250,1384
2026-09-07T12:05:00+05:30,9250,9253.5,9247,9247,3342
2026-09-07T12:10:00+05:30,9247,9255,9246.5,9255,1429
2026-09-07T12:15:00+05:30,9255,9263.5,9245,9245,2130
2026-09-07T12:20:00+05:30,9245,9252,9238,9242,3017
2026-09-07T12:25:00+05:30,9239.5,9241.5,9225.5,9228.5,3297
2026-09-07T12:30:00+05:30,9228.5,9230.5,9220.5,9230,9973
2026-09-07T12:35:00+05:30,9230,9230,9222.5,9223,1253
2026-09-07T12:40:00+05:30,9225.5,9227,9220,9220.5,1655
2026-09-07T12:45:00+05:30,9222.5,9222.5,9215,9219.5,1806
2026-09-07T12:50:00+05:30,9218.5,9223.5,9216,9216,1455
2026-09-07T12:55:00+05:30,9218.5,9218.5,9211.5,9213.5,3015
2026-09-07T13:00:00+05:30,9213.5,9215,9213,9215,1691
2026-09-07T13:05:00+05:30,9214.5,9215.5,9210,9212.5,1521
2026-09-07T13:10:00+05:30,9213,9216,9212.5,9215.5,1526
2026-09-07T13:15:00+05:30,9215,9227.5,9215,9222,3663
2026-09-07T13:20:00+05:30,9222,9230.5,9219.5,9229.5,1957
2026-09-07T13:25:00+05:30,9229.5,9230.5,9224.5,9230,2850
2026-09-07T13:30:00+05:30,9229,9230,9220,9221.5,2775
2026-09-07T13:35:00+05:30,9221.5,9224,9210,9219.5,2671
2026-09-07T13:40:00+05:30,9219.5,9220.5,9215.5,9217.5,1038
2026-09-07T13:45:00+05:30,9218,9220,9217,9217.5,1353
2026-09-07T13:50:00+05:30,9217.5,9220,9214,9220,1122
2026-09-07T13:55:00+05:30,9225,9269.5,9225,9269,20416
2026-09-07T14:00:00+05:30,9269,9275,9265,9274.5,8563
2026-09-07T14:05:00+05:30,9272.5,9290.5,9270,9273,14452
2026-09-07T14:10:00+05:30,9273,9283.5,9269,9274,19761
2026-09-07T14:15:00+05:30,9274,9285,9264.5,9274.5,9574
2026-09-07T14:20:00+05:30,9274.5,9275,9266,9274.5,8758
2026-09-07T14:25:00+05:30,9274.5,9288.5,9274,9288,13771
2026-09-07T14:30:00+05:30,9286.5,9291,9278,9285,9739
2026-09-07T14:35:00+05:30,9285,9290,9282,9285.5,3300
2026-09-07T14:40:00+05:30,9287,9289,9280,9284,9264
2026-09-07T14:45:00+05:30,9285,9288,9281,9283,4270
2026-09-07T14:50:00+05:30,9284,9310,9279.5,9282,14495
2026-09-07T14:55:00+05:30,9281.5,9285,9280,9284,4554
2026-09-07T15:00:00+05:30,9281.5,9297.5,9281.5,9288.5,14115
2026-09-07T15:05:00+05:30,9290,9294,9275,9285,22603
2026-09-07T15:10:00+05:30,9285,9300,9280,9299,21664
2026-09-08T09:15:00+05:30,9375.5,9382,9253,9308,30107
2026-09-08T09:20:00+05:30,9308,9340,9306,9325.5,18851
2026-09-08T09:25:00+05:30,9322.5,9325,9308,9319,6879
2026-09-08T09:30:00+05:30,9318.5,9350.5,9317,9350,10071
2026-09-08T09:35:00+05:30,9350,9354,9336.5,9351.5,12939
2026-09-08T09:40:00+05:30,9351.5,9373.5,9340.5,9371,10283
2026-09-08T09:45:00+05:30,9367.5,9421,9365.5,9404,21266
2026-09-08T09:50:00+05:30,9404,9410,9398,9398,11124
2026-09-08T09:55:00+05:30,9396.5,9405.5,9396.5,9400.5,33142
2026-09-08T10:00:00+05:30,9404.5,9406,9387.5,9390,6045
2026-09-08T10:05:00+05:30,9390,9400,9390,9391.5,11756
2026-09-08T10:10:00+05:30,9391.5,9394.5,9377,9394.5,16264
2026-09-08T10:15:00+05:30,9392,9405,9392,9404,6188
2026-09-08T10:20:00+05:30,9404,9406,9400,9400,2934
2026-09-08T10:25:00+05:30,9400,9448,9400,9442.5,16921
2026-09-08T10:30:00+05:30,9444.5,9444.5,9429.5,9436.5,6354
2026-09-08T10:35:00+05:30,9436.5,9445,9431.5,9439,6718
2026-09-08T10:40:00+05:30,9439,9450,9437,9447.5,8753
2026-09-08T10:45:00+05:30,9447.5,9447.5,9419.5,9419.5,6002
2026-09-08T10:50:00+05:30,9419.5,9445,9419.5,9434.5,4353
2026-09-08T10:55:00+05:30,9439,9475.5,9430,9467.5,27862
2026-09-08T11:00:00+05:30,9467,9483,9453,9477,34912
2026-09-08T11:05:00+05:30,9478,9492,9477,9488,15209
2026-09-08T11:10:00+05:30,9488,9525.5,9486,9512,16310
2026-09-08T11:15:00+05:30,9513.5,9519.5,9504,9507.5,11994
2026-09-08T11:20:00+05:30,9508.5,9512,9490.5,9499.5,29026
2026-09-08T11:25:00+05:30,9499.5,9500,9485,9496.5,6665
2026-09-08T11:30:00+05:30,9500,9514.5,9491.5,9511,16008
2026-09-08T11:35:00+05:30,9511,9535.5,9500,9533.5,22967
2026-09-08T11:40:00+05:30,9535,9544.5,9515,9515,11618
2026-09-08T11:45:00+05:30,9516.5,9518.5,9500,9502,5792
2026-09-08T11:50:00+05:30,9502,9515,9500,9508,4938
2026-09-08T11:55:00+05:30,9508,9510,9495.5,9500.5,20355
2026-09-08T12:00:00+05:30,9500.5,9540,9489.5,9540,57862
2026-09-08T12:05:00+05:30,9540,9540,9515.5,9517,7470
2026-09-08T12:10:00+05:30,9517,9528.5,9510,9526.5,10504
2026-09-08T12:15:00+05:30,9529,9529,9508,9511,5563
2026-09-08T12:20:00+05:30,9513,9522,9504.5,9505,7999
2026-09-08T12:25:00+05:30,9505,9514.5,9500,9510,14345
2026-09-08T12:30:00+05:30,9512.5,9512.5,9500,9502,3319
2026-09-08T12:35:00+05:30,9502,9520,9498,9513.5,10800
2026-09-08T12:40:00+05:30,9513.5,9517,9503.5,9505.5,1636
2026-09-08T12:45:00+05:30,9507.5,9514.5,9505,9508,1789
2026-09-08T12:50:00+05:30,9508,9518,9508,9515,1584
2026-09-08T12:55:00+05:30,9515,9522,9509,9509,2273
2026-09-08T13:00:00+05:30,9509,9514.5,9505,9513,1693
2026-09-08T13:05:00+05:30,9509.5,9513,9509,9509,1285
2026-09-08T13:10:00+05:30,9509,9512.5,9500.5,9509,4320
2026-09-08T13:15:00+05:30,9508,9508,9494.5,9502,11002
2026-09-08T13:20:00+05:30,9502,9503,9498,9500,8893
2026-09-08T13:25:00+05:30,9500,9505.5,9491.5,9500,12811
2026-09-08T13:30:00+05:30,9500,9503.5,9498.5,9503.5,5181
2026-09-08T13:35:00+05:30,9503.5,9505,9500,9501.5,3267
2026-09-08T13:40:00+05:30,9501.5,9505,9501,9503,2783
2026-09-08T13:45:00+05:30,9503,9505.5,9501.5,9502,2348
2026-09-08T13:50:00+05:30,9501.5,9509,9501.5,9504.5,2395
2026-09-08T13:55:00+05:30,9504.5,9517,9501.5,9511,3630
2026-09-08T14:00:00+05:30,9514,9520,9510,9517.5,2605
2026-09-08T14:05:00+05:30,9522,9528,9518.5,9526,4454
2026-09-08T14:10:00+05:30,9528,9528,9517.5,9525,3799
2026-09-08T14:15:00+05:30,9527,9554.5,9524,9533,12837
2026-09-08T14:20:00+05:30,9536.5,9553,9533,9542.5,9517
2026-09-08T14:25:00+05:30,9541.5,9546.5,9528.5,9528.5,5599
2026-09-08T14:30:00+05:30,9531.5,9536.5,9525.5,9530.5,7679
2026-09-08T14:35:00+05:30,9530,9541.5,9528,9537.5,5999
2026-09-08T14:40:00+05:30,9535,9545.5,9524.5,9527.5,7997
2026-09-08T14:45:00+05:30,9527.5,9543.5,9524,9543.5,10534
2026-09-08T14:50:00+05:30,9541,9548.5,9532,9541,11196
2026-09-08T14:55:00+05:30,9544,9555,9540,9540,13649
2026-09-08T15:00:00+05:30,9544,9561.5,9536,9557,13473
2026-09-08T15:05:00+05:30,9558,9576,9558,9576,20021
2026-09-08T15:10:00+05:30,9576,9588,9551,9570,31683
2026-09-09T09:15:00+05:30,9575,9615,9550,9551,27844
2026-09-09T09:20:00+05:30,9551,9570,9538,9555.5,16236
2026-09-09T09:25:00+05:30,9555.5,9555.5,9525,9544,9642
2026-09-09T09:30:00+05:30,9539,9539,9490,9495,9711
2026-09-09T09:35:00+05:30,9494,9509.5,9491.5,9507,4423
2026-09-09T09:40:00+05:30,9507,9543,9506,9531,11519
2026-09-09T09:45:00+05:30,9531,9531,9509.5,9524.5,2747
2026-09-09T09:50:00+05:30,9523,9534.5,9513.5,9527,2142
2026-09-09T09:55:00+05:30,9530.5,9536,9512.5,9519.5,3924
2026-09-09T10:00:00+05:30,9522,9527.5,9515,9526,2090
2026-09-09T10:05:00+05:30,9524.5,9527.5,9512.5,9515,1950
2026-09-09T10:10:00+05:30,9515,9525.5,9500,9508.5,8726
2026-09-09T10:15:00+05:30,9507,9512,9506,9508,879
2026-09-09T10:20:00+05:30,9507.5,9511,9453.5,9459,10710
2026-09-09T10:25:00+05:30,9459,9493.5,9452,9490.5,6094
2026-09-09T10:30:00+05:30,9491,9501,9490,9499.5,5092
2026-09-09T10:35:00+05:30,9499.5,9503.5,9484.5,9484.5,1982
2026-09-09T10:40:00+05:30,9484.5,9486.5,9463,9478,3654
2026-09-09T10:45:00+05:30,9480.5,9496,9478,9494.5,1537
2026-09-09T10:50:00+05:30,9495,9499,9490.5,9498,2067
2026-09-09T10:55:00+05:30,9497.5,9498,9490,9494.5,1758
2026-09-09T11:00:00+05:30,9494.5,9495,9469,9473,3467
2026-09-09T11:05:00+05:30,9466,9469,9459,9468,4612
2026-09-09T11:10:00+05:30,9468,9477,9465,9467.5,3927
2026-09-09T11:15:00+05:30,9468,9471.5,9455,9455.5,6490
2026-09-09T11:20:00+05:30,9453,9460,9445.5,9448.5,5411
2026-09-09T11:25:00+05:30,9449.5,9449.5,9441,9445,2761
2026-09-09T11:30:00+05:30,9445,9450,9441,9450,1850
2026-09-09T11:35:00+05:30,9450,9466,9449.5,9465.5,2737
2026-09-09T11:40:00+05:30,9465.5,9480.5,9465,9475,6298
2026-09-09T11:45:00+05:30,9475,9475,9442.5,9443.5,6679
2026-09-09T11:50:00+05:30,9442,9442,9415,9420.5,5241
2026-09-09T11:55:00+05:30,9422.5,9429,9420,9423.5,2576
2026-09-09T12:00:00+05:30,9424.5,9425,9418,9423,2997
2026-09-09T12:05:00+05:30,9423,9425,9410,9418,2171
2026-09-09T12:10:00+05:30,9418,9430,9415.5,9425.5,3108
2026-09-09T12:15:00+05:30,9428.5,9441,9425.5,9440.5,16714
2026-09-09T12:20:00+05:30,9440.5,9440.5,9435,9440,1796
2026-09-09T12:25:00+05:30,9440.5,9450,9435.5,9441,2892
2026-09-09T12:30:00+05:30,9442.5,9447.5,9439.5,9444,1887
2026-09-09T12:35:00+05:30,9444,9445,9433,9445,2056
2026-09-09T12:40:00+05:30,9445,9446.5,9437.5,9443.5,6684
2026-09-09T12:45:00+05:30,9443.5,9455,9443.5,9455,845
2026-09-09T12:50:00+05:30,9455,9462.5,9454.5,9457.5,2495
2026-09-09T12:55:00+05:30,9457.5,9459.5,9435.5,9452.5,14228
2026-09-09T13:00:00+05:30,9452.5,9458,9452,9454,2898
2026-09-09T13:05:00+05:30,9454,9454.5,9445.5,9452.5,1660
2026-09-09T13:10:00+05:30,9452.5,9453.5,9446.5,9452,1895
2026-09-09T13:15:00+05:30,9452,9454,9449,9449,621
2026-09-09T13:20:00+05:30,9449.5,9454.5,9447,9454.5,986
2026-09-09T13:25:00+05:30,9454.5,9463,9450,9462,2019
2026-09-09T13:30:00+05:30,9462,9465,9459,9463.5,1600
2026-09-09T13:35:00+05:30,9463.5,9469.5,9463,9468.5,2227
2026-09-09T13:40:00+05:30,9468,9468.5,9454,9465.5,11709
2026-09-09T13:45:00+05:30,9465,9465,9457,9457,771
2026-09-09T13:50:00+05:30,9458.5,9458.5,9455,9455,672
2026-09-09T13:55:00+05:30,9455,9457.5,9454,9455.5,832
2026-09-09T14:00:00+05:30,9455.5,9464,9455.5,9464,1140
2026-09-09T14:05:00+05:30,9464.5,9467,9464,9466.5,937
2026-09-09T14:10:00+05:30,9467,9471,9463,9467,2478
2026-09-09T14:15:00+05:30,9468,9472,9461.5,9469,1449
2026-09-09T14:20:00+05:30,9469.5,9507.5,9469,9507.5,6920
2026-09-09T14:25:00+05:30,9507.5,9511.5,9490,9493,6812
2026-09-09T14:30:00+05:30,9493.5,9498,9490,9498,5317
2026-09-09T14:35:00+05:30,9499,9513.5,9489.5,9500,8792
2026-09-09T14:40:00+05:30,9500,9500,9481.5,9482,6974
2026-09-09T14:45:00+05:30,9485,9497.5,9485,9495,5009
2026-09-09T14:50:00+05:30,9495,9496.5,9481.5,9482,6995
2026-09-09T14:55:00+05:30,9482,9488,9477.5,9481,9987
2026-09-09T15:00:00+05:30,9480,9481,9458.5,9462,12883
2026-09-09T15:05:00+05:30,9462,9465,9457.5,9458.5,15474
2026-09-09T15:10:00+05:30,9457,9457,9436.5,9443,10837
2026-09-10T09:15:00+05:30,9600.5,9604,9458.5,9472,38272
2026-09-10T09:20:00+05:30,9468.5,9480,9438,9441.5,11280
2026-09-10T09:25:00+05:30,9440,9481,9438,9461,9331
2026-09-10T09:30:00+05:30,9461,9480,9438.5,9442,16313
2026-09-10T09:35:00+05:30,9442,9451.5,9440,9451.5,3560
2026-09-10T09:40:00+05:30,9451.5,9454,9447,9447,4561
2026-09-10T09:45:00+05:30,9447,9473.5,9447,9464,4395
2026-09-10T09:50:00+05:30,9464,9491,9463,9477,6337
2026-09-10T09:55:00+05:30,9477,9477.5,9461.5,9468.5,1934
2026-09-10T10:00:00+05:30,9468.5,9470,9450,9455,5929
2026-09-10T10:05:00+05:30,9455,9464,9448.5,9455.5,5112
2026-09-10T10:10:00+05:30,9455.5,9463,9451,9452,1335
2026-09-10T10:15:00+05:30,9451,9468,9451,9466.5,1621
2026-09-10T10:20:00+05:30,9466.5,9477.5,9460.5,9465,4764
2026-09-10T10:25:00+05:30,9465,9468.5,9462,9468.5,1160
2026-09-10T10:30:00+05:30,9471.5,9492.5,9471.5,9481,6608
2026-09-10T10:35:00+05:30,9481,9489.5,9468,9487,4312
2026-09-10T10:40:00+05:30,9487,9522.5,9487,9514,10077
2026-09-10T10:45:00+05:30,9514,9519,9472,9480,8414
2026-09-10T10:50:00+05:30,9480,9483,9450,9451,3469
2026-09-10T10:55:00+05:30,9451,9452.5,9431,9433.5,9648
2026-09-10T11:00:00+05:30,9433.5,9436,9413,9418,6168
2026-09-10T11:05:00+05:30,9418,9427,9414.5,9426.5,2238
2026-09-10T11:10:00+05:30,9426.5,9428.5,9416.5,9421,3001
2026-09-10T11:15:00+05:30,9421,9421,9415,9418.5,1772
2026-09-10T11:20:00+05:30,9418.5,9419.5,9406.5,9414,3802
2026-09-10T11:25:00+05:30,9414.5,9424,9414,9419.5,1640
2026-09-10T11:30:00+05:30,9419.5,9424.5,9414.5,9414.5,2046
2026-09-10T11:35:00+05:30,9416.5,9420.5,9411.5,9413,2486
2026-09-10T11:40:00+05:30,9413,9417.5,9411.5,9417.5,860
2026-09-10T11:45:00+05:30,9417.5,9420,9409,9411,3598
2026-09-10T11:50:00+05:30,9411,9416.5,9408,9415,2225
2026-09-10T11:55:00+05:30,9416,9423,9415.5,9423,1025
2026-09-10T12:00:00+05:30,9423,9426,9423,9426,1622
2026-09-10T12:05:00+05:30,9428,9428,9420.5,9421,2743
2026-09-10T12:10:00+05:30,9421,9422,9411,9418.5,3528
2026-09-10T12:15:00+05:30,9419,9427,9414,9414,6398
2026-09-10T12:20:00+05:30,9414,9420,9414,9418,559
2026-09-10T12:25:00+05:30,9418,9419,9401,9405,4743
2026-09-10T12:30:00+05:30,9405,9410.5,9402,9410,1177
2026-09-10T12:35:00+05:30,9410,9412.5,9401,9406.5,2251
2026-09-10T12:40:00+05:30,9406.5,9407,9404,9406,469
2026-09-10T12:45:00+05:30,9406,9415,9405.5,9414.5,5623
2026-09-10T12:50:00+05:30,9414.5,9415,9406,9408.5,3360
2026-09-10T12:55:00+05:30,9408.5,9408.5,9405,9405,1277
2026-09-10T13:00:00+05:30,9405,9408.5,9404,9408.5,1079
2026-09-10T13:05:00+05:30,9408.5,9408.5,9404,9404,920
2026-09-10T13:10:00+05:30,9404,9408.5,9404,9407,577
2026-09-10T13:15:00+05:30,9407,9409.5,9406.5,9408,2052
2026-09-10T13:20:00+05:30,9408,9408.5,9406.5,9407,1276
2026-09-10T13:25:00+05:30,9406.5,9410,9393.5,9401.5,5149
2026-09-10T13:30:00+05:30,9401,9404.5,9394,9400,3222
2026-09-10T13:35:00+05:30,9399,9403.5,9397.5,9399,1791
2026-09-10T13:40:00+05:30,9399,9407,9399,9404,855
2026-09-10T13:45:00+05:30,9404,9407.5,9400.5,9406.5,551
2026-09-10T13:50:00+05:30,9406.5,9411,9402,9404,686
2026-09-10T13:55:00+05:30,9404,9408.5,9400,9402,573
2026-09-10T14:00:00+05:30,9402,9404.5,9389.5,9397.5,5185
2026-09-10T14:05:00+05:30,9399.5,9400,9391,9395,4181
2026-09-10T14:10:00+05:30,9396.5,9399,9391.5,9395,1244
2026-09-10T14:15:00+05:30,9395,9398.5,9391.5,9391.5,687
2026-09-10T14:20:00+05:30,9391.5,9401,9391.5,9397.5,1000
2026-09-10T14:25:00+05:30,9397.5,9402.5,9392,9393.5,590
2026-09-10T14:30:00+05:30,9392,9396,9391,9392,825
2026-09-10T14:35:00+05:30,9392,9393,9386.5,9387,845
2026-09-10T14:40:00+05:30,9387,9395,9387,9394.5,629
2026-09-10T14:45:00+05:30,9394,9395,9387.5,9390.5,5708
2026-09-10T14:50:00+05:30,9390.5,9406,9389.5,9402,7876
2026-09-10T14:55:00+05:30,9403,9418.5,9401,9406,6020
2026-09-10T15:00:00+05:30,9408.5,9421,9404.5,9409,7624
2026-09-10T15:05:00+05:30,9408.5,9419,9406.5,9409,9961
2026-09-10T15:10:00+05:30,9411,9415,9397,9415,10764
2026-09-11T09:15:00+05:30,9370,9400,9334,9361,10078
2026-09-11T09:20:00+05:30,9361,9361.5,9321,9333,4109
2026-09-11T09:25:00+05:30,9333,9344,9328,9335,4964
2026-09-11T09:30:00+05:30,9335,9360.5,9335,9355,3982
2026-09-11T09:35:00+05:30,9353.5,9375,9349,9358,4317
2026-09-11T09:40:00+05:30,9354.5,9355.5,9342,9347,3827
2026-09-11T09:45:00+05:30,9347,9352,9345,9349,937
2026-09-11T09:50:00+05:30,9349,9364,9349,9363,1973
2026-09-11T09:55:00+05:30,9363,9363,9355,9356,1205
2026-09-11T10:00:00+05:30,9356.5,9360,9354,9359.5,969
2026-09-11T10:05:00+05:30,9359.5,9369.5,9358,9359.5,1399
2026-09-11T10:10:00+05:30,9359.5,9360,9345,9350,2406
2026-09-11T10:15:00+05:30,9350,9369,9349.5,9356.5,13659
2026-09-11T10:20:00+05:30,9356.5,9380,9344,9347.5,5618
2026-09-11T10:25:00+05:30,9348,9356.5,9334,9334,5018
2026-09-11T10:30:00+05:30,9334,9343.5,9334,9340.5,1075
2026-09-11T10:35:00+05:30,9340.5,9344,9328,9328,2213
2026-09-11T10:40:00+05:30,9330,9342.5,9326,9342,7617
2026-09-11T10:45:00+05:30,9343.5,9381.5,9337,9358,7821
2026-09-11T10:50:00+05:30,9362.5,9391,9358.5,9361,25607
2026-09-11T10:55:00+05:30,9361,9367,9357,9359.5,2736
2026-09-11T11:00:00+05:30,9359.5,9408.5,9352.5,9385,17299
2026-09-11T11:05:00+05:30,9385,9415,9377,9400,50151
2026-09-11T11:10:00+05:30,9400,9407,9382,9389,5706
2026-09-11T11:15:00+05:30,9388.5,9396,9384.5,9391.5,3563
2026-09-11T11:20:00+05:30,9392.5,9404,9383.5,9384.5,35733
2026-09-11T11:25:00+05:30,9384.5,9384.5,9360,9380,6296
2026-09-11T11:30:00+05:30,9380,9380,9348.5,9360,7116
2026-09-11T11:35:00+05:30,9360,9367.5,9358.5,9367,3016
2026-09-11T11:40:00+05:30,9366.5,9369,9351.5,9356,4454
2026-09-11T11:45:00+05:30,9356,9363.5,9356,9359.5,1660
2026-09-11T11:50:00+05:30,9359.5,9367,9358,9360,1904
2026-09-11T11:55:00+05:30,9361.5,9365,9350,9350,3477
2026-09-11T12:00:00+05:30,9350,9352,9345,9350,2297
2026-09-11T12:05:00+05:30,9349.5,9357.5,9340,9354,8527
2026-09-11T12:10:00+05:30,9354,9364,9349,9354.5,21599
2026-09-11T12:15:00+05:30,9354.5,9364,9349,9358,9745
2026-09-11T12:20:00+05:30,9358,9370.5,9358,9364.5,9027
2026-09-11T12:25:00+05:30,9364.5,9373.5,9351,9364,18372
2026-09-11T12:30:00+05:30,9364,9370.5,9358.5,9367,10929
2026-09-11T12:35:00+05:30,9373,9375,9364,9365.5,4262
2026-09-11T12:40:00+05:30,9365.5,9372,9365.5,9371.5,1453
2026-09-11T12:45:00+05:30,9371.5,9373.5,9361,9366,1954
2026-09-11T12:50:00+05:30,9366,9372,9363.5,9364,1830
2026-09-11T12:55:00+05:30,9364.5,9370,9363.5,9368.5,2356
2026-09-11T13:00:00+05:30,9368.5,9370,9347,9353.5,2853
2026-09-11T13:05:00+05:30,9353.5,9359,9347.5,9349.5,3741
2026-09-11T13:10:00+05:30,9349.5,9353.5,9345,9349,2017
2026-09-11T13:15:00+05:30,9349,9353.5,9344,9350,10317
2026-09-11T13:20:00+05:30,9349.5,9350,9339,9339,4646
2026-09-11T13:25:00+05:30,9339,9341,9316,9324.5,8231
2026-09-11T13:30:00+05:30,9324.5,9332,9321.5,9332,6329
2026-09-11T13:35:00+05:30,9332,9335,9320,9325,3745
2026-09-11T13:40:00+05:30,9325.5,9325.5,9310.5,9321.5,4548
2026-09-11T13:45:00+05:30,9321.5,9328,9321.5,9327.5,5868
2026-09-11T13:50:00+05:30,9327.5,9339,9324.5,9327.5,8250
2026-09-11T13:55:00+05:30,9334,9341.5,9327,9327,10132
2026-09-11T14:00:00+05:30,9327,9339,9327,9335,2663
2026-09-11T14:05:00+05:30,9335,9339,9331,9335,4252
2026-09-11T14:10:00+05:30,9338,9339,9332.5,9335.5,2863
2026-09-11T14:15:00+05:30,9335.5,9343,9335.5,9343,3018
2026-09-11T14:20:00+05:30,9343.5,9346.5,9334,9339.5,5527
2026-09-11T14:25:00+05:30,9339.5,9340.5,9327.5,9329,4417
2026-09-11T14:30:00+05:30,9329.5,9330,9316.5,9318,4754
2026-09-11T14:35:00+05:30,9318,9324,9316.5,9321.5,2853
2026-09-11T14:40:00+05:30,9321.5,9324,9313.5,9315,14835
2026-09-11T14:45:00+05:30,9315,9331.5,9315,9316.5,9073
2026-09-11T14:50:00+05:30,9318,9321.5,9316,9321.5,3032
2026-09-11T14:55:00+05:30,9321.5,9321.5,9315,9319.5,5245
2026-09-11T15:00:00+05:30,9319,9321,9313.5,9319,4674
2026-09-11T15:05:00+05:30,9319,9325,9315,9322.5,6389
2026-09-11T15:10:00+05:30,9322,9344,9317,9344,15729
2026-09-15T09:15:00+05:30,9367.5,9397.5,9252,9252.5,16583
2026-09-15T09:20:00+05:30,9252.5,9266.5,9252.5,9258.5,3831
2026-09-15T09:25:00+05:30,9258.5,9258.5,9218,9227.5,4796
2026-09-15T09:30:00+05:30,9227,9235.5,9221,9235,775
