date,open,high,low,close,volume
2026-06-08T09:15:00+05:30,4166.6,4175,4148.8,4173.3,41143
2026-06-08T09:20:00+05:30,4174,4177.8,4167.5,4173.9,14098
2026-06-08T09:25:00+05:30,4173.9,4188.8,4170.5,4183.9,13774
2026-06-08T09:30:00+05:30,4185.3,4200,4179.6,4198.1,15711
2026-06-08T09:35:00+05:30,4198.3,4199,4170.7,4174.8,11576
2026-06-08T09:40:00+05:30,4174.3,4185.4,4170.9,4178.1,6548
2026-06-08T09:45:00+05:30,4178,4186,4171,4172.9,9507
2026-06-08T09:50:00+05:30,4172.8,4180,4169.6,4178.3,5114
2026-06-08T09:55:00+05:30,4178.3,4191.6,4177.3,4191.5,7474
2026-06-08T10:00:00+05:30,4191.6,4191.6,4174.8,4178,4800
2026-06-08T10:05:00+05:30,4178,4186,4170,4183.4,5990
2026-06-08T10:10:00+05:30,4183.4,4188,4180.2,4184.3,5100
2026-06-08T10:15:00+05:30,4184.3,4191.2,4183,4187,4714
2026-06-08T10:20:00+05:30,4187,4191,4182,4183.6,4824
2026-06-08T10:25:00+05:30,4183.6,4183.8,4172.1,4174.8,6251
2026-06-08T10:30:00+05:30,4174.8,4191.9,4173,4188.6,5524
2026-06-08T10:35:00+05:30,4188.6,4192.7,4187.1,4192.7,3214
2026-06-08T10:40:00+05:30,4193,4198,4192,4192,3735
2026-06-08T10:45:00+05:30,4192,4195,4186.3,4194,3648
2026-06-08T10:50:00+05:30,4194,4199,4190.5,4190.8,6667
2026-06-08T10:55:00+05:30,4193.5,4198,4189.8,4197.9,2889
2026-06-08T11:00:00+05:30,4197.9,4199.9,4193.8,4199,4570
2026-06-08T11:05:00+05:30,4199,4199,4195,4198.9,2359
2026-06-08T11:10:00+05:30,4198.9,4207.7,4194.3,4202.3,12311
2026-06-08T11:15:00+05:30,4202.3,4208,4200,4202.5,4324
2026-06-08T11:20:00+05:30,4202.5,4203.1,4200,4202,3115
2026-06-08T11:25:00+05:30,4202,4204.5,4200,4202.3,4641
2026-06-08T11:30:00+05:30,4202.3,4204,4201.7,4202.6,1559
2026-06-08T11:35:00+05:30,4202.6,4207.9,4202,4206.4,1954
2026-06-08T11:40:00+05:30,4207,4209,4204.8,4209,2022
2026-06-08T11:45:00+05:30,4208.5,4212.5,4204.8,4204.8,2582
2026-06-08T11:50:00+05:30,4204.8,4204.9,4201,4203,2161
2026-06-08T11:55:00+05:30,4203,4205.3,4201.5,4203.6,1088
2026-06-08T12:00:00+05:30,4203.6,4203.9,4200.2,4202.7,1420
2026-06-08T12:05:00+05:30,4202.7,4209.4,4201,4202.3,1622
2026-06-08T12:10:00+05:30,4202.3,4207.2,4200.5,4203.4,1068
2026-06-08T12:15:00+05:30,4203.4,4206.8,4201.6,4203,1767
2026-06-08T12:20:00+05:30,4203,4209,4202.2,4207,2566
2026-06-08T12:25:00+05:30,4207,4209.9,4205.4,4209.2,854
2026-06-08T12:30:00+05:30,4209.2,4210,4206.3,4207.6,1339
2026-06-08T12:35:00+05:30,4207.6,4210,4206.1,4210,1674
2026-06-08T12:40:00+05:30,4210,4216.9,4208.3,4214.8,3597
2026-06-08T12:45:00+05:30,4216.3,4236,4214.8,4236,10131
2026-06-08T12:50:00+05:30,4236,4239.7,4228.1,4232.1,9093
2026-06-08T12:55:00+05:30,4232.1,4233.1,4229.2,4231.9,4306
2026-06-08T13:00:00+05:30,4231.9,4232,4218,4219.6,5663
2026-06-08T13:05:00+05:30,4219.6,4223.8,4214.7,4215.2,5482
2026-06-08T13:10:00+05:30,4215.2,4219.9,4214,4216.4,3573
2026-06-08T13:15:00+05:30,4216.4,4218.7,4208.5,4210,4162
2026-06-08T13:20:00+05:30,4210.3,4212.8,4209.7,4211.5,1074
2026-06-08T13:25:00+05:30,4211.5,4214.4,4207.6,4209.9,4916
2026-06-08T13:30:00+05:30,4209.9,4212.6,4206,4209.5,1399
2026-06-08T13:35:00+05:30,4209.5,4210.1,4206.8,4208.4,1778
2026-06-08T13:40:00+05:30,4207,4209.1,4201.2,4203,3695
2026-06-08T13:45:00+05:30,4203,4207.1,4200,4205.6,8608
2026-06-08T13:50:00+05:30,4205.6,4207.7,4195.2,4195.9,12611
2026-06-08T13:55:00+05:30,4197.9,4199.9,4190,4199.9,9398
2026-06-08T14:00:00+05:30,4199.7,4204.5,4195.6,4197.7,10026
2026-06-08T14:05:00+05:30,4197.7,4198.7,4190.3,4193,6649
2026-06-08T14:10:00+05:30,4193,4198,4184.1,4184.6,19204
2026-06-08T14:15:00+05:30,4184.6,4192.9,4183.9,4188.4,10607
2026-06-08T14:20:00+05:30,4188.4,4193.9,4186,4190.6,6557
2026-06-08T14:25:00+05:30,4190.6,4195.5,4186.9,4193.9,4313
2026-06-08T14:30:00+05:30,4193.9,4197.9,4190.8,4195,5965
2026-06-08T14:35:00+05:30,4195,4210,4192,4207.8,8685
2026-06-08T14:40:00+05:30,4207.8,4223.4,4206.1,4222.4,14662
2026-06-08T14:45:00+05:30,4222.8,4275,4220,4268.8,55991
2026-06-08T14:50:00+05:30,4267,4285,4247.5,4254.5,64837
2026-06-08T14:55:00+05:30,4255.3,4261.6,4244,4253.5,31972
2026-06-08T15:00:00+05:30,4254.3,4257.8,4231.3,4235,43056
2026-06-08T15:05:00+05:30,4235,4245,4230,4244.5,24035
2026-06-08T15:10:00+05:30,4245.1,4248,4236,4239.2,20793
2026-06-08T15:15:00+05:30,4239.2,4241,4234.6,4236.5,18968
2026-06-08T15:20:00+05:30,4236.5,4239.1,4222.4,4223,24383
2026-06-08T15:25:00+05:30,4223,4231.6,4221.1,4229.7,17613
2026-06-09T09:15:00+05:30,4238,4263.7,4220.5,4257,46110
2026-06-09T09:20:00+05:30,4257,4257.7,4240,4246.1,12768
2026-06-09T09:25:00+05:30,4246.1,4246.1,4230,4237.8,18423
2026-06-09T09:30:00+05:30,4237.8,4257,4235.8,4252.2,16407
2026-06-09T09:35:00+05:30,4252.2,4265,4250,4261.8,25434
2026-06-09T09:40:00+05:30,4260.6,4263.5,4238,4241.8,13838
2026-06-09T09:45:00+05:30,4241.8,4249.8,4238,4242.9,10084
2026-06-09T09:50:00+05:30,4242.9,4247.3,4230,4236.5,16183
2026-06-09T09:55:00+05:30,4237.6,4237.9,4188,4211,44365
2026-06-09T10:00:00+05:30,4211,4218.8,4192,4193.8,16531
2026-06-09T10:05:00+05:30,4193,4204,4193,4204,7687
2026-06-09T10:10:00+05:30,4203,4219.6,4203,4219.3,15193
2026-06-09T10:15:00+05:30,4219.2,4227.6,4215,4221.2,9669
2026-06-09T10:20:00+05:30,4221.2,4234,4219.5,4228.8,11818
2026-06-09T10:25:00+05:30,4227,4229.9,4220,4223.9,4440
2026-06-09T10:30:00+05:30,4223.9,4227.9,4221,4221,4169
2026-06-09T10:35:00+05:30,4221,4223.8,4218.6,4223.2,4959
2026-06-09T10:40:00+05:30,4223.8,4229.5,4219.5,4228.8,5877
2026-06-09T10:45:00+05:30,4228.8,4232.8,4219.5,4222,6302
2026-06-09T10:50:00+05:30,4222,4224.8,4215.1,4224.1,5542
2026-06-09T10:55:00+05:30,4224.9,4227.6,4221,4221,3363
2026-06-09T11:00:00+05:30,4221,4225,4220.1,4224.2,2389
2026-06-09T11:05:00+05:30,4224.2,4229.7,4224.2,4226.6,3645
2026-06-09T11:10:00+05:30,4226.6,4229.9,4222,4225,5456
2026-06-09T11:15:00+05:30,4225,4230.5,4220.4,4228.9,5378
2026-06-09T11:20:00+05:30,4228.9,4242,4228.9,4241,15739
2026-06-09T11:25:00+05:30,4241,4247.8,4231.8,4246,20587
2026-06-09T11:30:00+05:30,4246,4252,4245,4247.8,8990
2026-06-09T11:35:00+05:30,4247.8,4255,4247.8,4254.9,10854
2026-06-09T11:40:00+05:30,4254.9,4256.6,4248.1,4256,8010
2026-06-09T11:45:00+05:30,4255.8,4259.5,4252.6,4257,12031
2026-06-09T11:50:00+05:30,4257,4257.2,4252,4255.1,5067
2026-06-09T11:55:00+05:30,4256.2,4256.4,4252.6,4253,4442
2026-06-09T12:00:00+05:30,4253,4255.8,4252.1,4253,4630
2026-06-09T12:05:00+05:30,4252.7,4254,4248.5,4250.2,5109
2026-06-09T12:10:00+05:30,4250.2,4253.2,4250.2,4251.7,1285
2026-06-09T12:15:00+05:30,4251.7,4254,4251.2,4252.4,6054
2026-06-09T12:20:00+05:30,4252,4254.5,4252,4253.3,1707
2026-06-09T12:25:00+05:30,4253.3,4253.7,4245.3,4246,13837
2026-06-09T12:30:00+05:30,4244.2,4246,4241.5,4244,2850
2026-06-09T12:35:00+05:30,4244,4253.3,4241,4252,10415
2026-06-09T12:40:00+05:30,4252,4253.3,4245.3,4247.9,2449
2026-06-09T12:45:00+05:30,4246.1,4247.3,4240.5,4243.3,3060
2026-06-09T12:50:00+05:30,4243.3,4245,4240.9,4243.7,2098
2026-06-09T12:55:00+05:30,4242.9,4243,4240,4241.9,2197
2026-06-09T13:00:00+05:30,4241.9,4245.7,4240.6,4240.8,2933
2026-06-09T13:05:00+05:30,4240.8,4244.6,4240.8,4244,1423
2026-06-09T13:10:00+05:30,4243,4244,4240.5,4243,2733
2026-06-09T13:15:00+05:30,4243,4245.7,4242,4244,4455
2026-06-09T13:20:00+05:30,4244,4245.2,4240,4240,3747
2026-06-09T13:25:00+05:30,4240,4241.6,4237.4,4239.1,3939
2026-06-09T13:30:00+05:30,4239.1,4244.9,4236.2,4243.8,5299
2026-06-09T13:35:00+05:30,4243.8,4249.3,4242.3,4243.9,5025
2026-06-09T13:40:00+05:30,4243.9,4246.8,4242.5,4244,1820
2026-06-09T13:45:00+05:30,4244,4244.9,4241.9,4244,1699
2026-06-09T13:50:00+05:30,4244,4249.9,4244,4248.3,2303
2026-06-09T13:55:00+05:30,4248.3,4252.3,4243.1,4251.8,4358
2026-06-09T14:00:00+05:30,4250.8,4251.7,4246.8,4249,1896
2026-06-09T14:05:00+05:30,4249,4252.8,4249,4251.6,3833
2026-06-09T14:10:00+05:30,4251.6,4257.4,4250.2,4250.8,4901
2026-06-09T14:15:00+05:30,4250.8,4254,4250.8,4252.1,2605
2026-06-09T14:20:00+05:30,4254,4255.2,4251.5,4252.4,3117
2026-06-09T14:25:00+05:30,4253,4254.1,4252.4,4253,1346
2026-06-09T14:30:00+05:30,4253,4253,4247.2,4249.2,3023
2026-06-09T14:35:00+05:30,4249.2,4254.6,4246.7,4253.5,8056
2026-06-09T14:40:00+05:30,4253.5,4266.9,4253.5,4261.1,11600
2026-06-09T14:45:00+05:30,4261.1,4262.3,4255,4259,8558
2026-06-09T14:50:00+05:30,4259,4265,4259,4265,8529
2026-06-09T14:55:00+05:30,4265,4265,4257,4257.8,8702
2026-06-09T15:00:00+05:30,4259.3,4265,4245.7,4265,14206
2026-06-09T15:05:00+05:30,4264.6,4271.9,4262.2,4264.9,15768
2026-06-09T15:10:00+05:30,4264.5,4266.2,4260.3,4265.9,11162
2026-06-09T15:15:00+05:30,4265.9,4267,4260.1,4261.8,12096
2026-06-09T15:20:00+05:30,4261.8,4270.8,4259.4,4266.4,24595
2026-06-09T15:25:00+05:30,4267,4270.2,4261.7,4270.2,16039
2026-06-10T09:15:00+05:30,4284.5,4321,4275.1,4297.2,65587
2026-06-10T09:20:00+05:30,4296.1,4312,4270.8,4271.1,25157
2026-06-10T09:25:00+05:30,4271.1,4273.8,4257.2,4267.5,19099
2026-06-10T09:30:00+05:30,4267.5,4268.6,4252,4257.4,17066
2026-06-10T09:35:00+05:30,4257.6,4264.6,4254,4264,8794
2026-06-10T09:40:00+05:30,4262.6,4265,4259.2,4264.7,6541
2026-06-10T09:45:00+05:30,4265,4282,4258.5,4282,13223
2026-06-10T09:50:00+05:30,4281.3,4284.2,4266,4266,11734
2026-06-10T09:55:00+05:30,4267,4274.3,4264,4268.4,10677
2026-06-10T10:00:00+05:30,4268.4,4274,4268,4271.5,3922
2026-06-10T10:05:00+05:30,4271.5,4275.4,4267.2,4272.2,5434
2026-06-10T10:10:00+05:30,4272.2,4279.3,4271.2,4272,6388
2026-06-10T10:15:00+05:30,4272,4282,4268.7,4280,5497
2026-06-10T10:20:00+05:30,4280,4280,4274.6,4277.2,3327
2026-06-10T10:25:00+05:30,4277.2,4278.1,4270,4274.6,2865
2026-06-10T10:30:00+05:30,4274.6,4281,4274.6,4279.9,3948
2026-06-10T10:35:00+05:30,4279.9,4279.9,4273,4273.7,4052
2026-06-10T10:40:00+05:30,4272.7,4283.1,4272.6,4276.6,7644
2026-06-10T10:45:00+05:30,4276.6,4279,4275,4275,2466
2026-06-10T10:50:00+05:30,4275,4278.6,4275,4277.5,2256
2026-06-10T10:55:00+05:30,4277.5,4279.8,4276.1,4279.3,2389
2026-06-10T11:00:00+05:30,4279.5,4289.7,4275,4288,10913
2026-06-10T11:05:00+05:30,4286.4,4287.3,4282.2,4284,3923
2026-06-10T11:10:00+05:30,4284,4293,4284,4290.4,3967
2026-06-10T11:15:00+05:30,4290.4,4291.9,4284,4284,18313
2026-06-10T11:20:00+05:30,4284,4292,4282,4292,9224
2026-06-10T11:25:00+05:30,4292,4294,4291.1,4292.6,3047
2026-06-10T11:30:00+05:30,4292.6,4292.6,4290,4290.8,9348
2026-06-10T11:35:00+05:30,4290.5,4292,4290,4290,2590
2026-06-10T11:40:00+05:30,4290,4291.6,4278.3,4278.6,7435
2026-06-10T11:45:00+05:30,4278.6,4287.8,4278.6,4285.8,2059
2026-06-10T11:50:00+05:30,4285.8,4287.6,4285.8,4286.4,1235
2026-06-10T11:55:00+05:30,4286.3,4291.2,4283.3,4290.1,6582
2026-06-10T12:00:00+05:30,4290.4,4291,4280,4281.1,18457
2026-06-10T12:05:00+05:30,4281.1,4284,4278.1,4278.9,3440
2026-06-10T12:10:00+05:30,4278.9,4290,4278,4286.6,11937
2026-06-10T12:15:00+05:30,4286.6,4290.2,4285.9,4289.5,14333
2026-06-10T12:20:00+05:30,4289.5,4291,4287.1,4287.9,1339
2026-06-10T12:25:00+05:30,4287.9,4288,4280.5,4282.2,2112
2026-06-10T12:30:00+05:30,4282.2,4284,4279.8,4279.8,2195
2026-06-10T12:35:00+05:30,4279.8,4281.4,4275.1,4276.7,3215
2026-06-10T12:40:00+05:30,4276.7,4277.4,4270.9,4271.5,7175
2026-06-10T12:45:00+05:30,4271.5,4274,4267.3,4273.2,6890
2026-06-10T12:50:00+05:30,4273.2,4283,4270.1,4283,7033
2026-06-10T12:55:00+05:30,4282.9,4285.8,4278.4,4284,1977
2026-06-10T13:00:00+05:30,4284.5,4288,4282.9,4286.6,4668
2026-06-10T13:05:00+05:30,4286.6,4288.5,4282.2,4285.7,2410
2026-06-10T13:10:00+05:30,4285.7,4286.9,4282.2,4283.5,2395
2026-06-10T13:15:00+05:30,4283.5,4283.8,4281,4281,1765
2026-06-10T13:20:00+05:30,4281,4283.5,4281,4281,2919
2026-06-10T13:25:00+05:30,4281,4282.9,4277,4282.3,3511
2026-06-10T13:30:00+05:30,4282.3,4284.7,4277.1,4277.5,2285
2026-06-10T13:35:00+05:30,4277.5,4279,4275,4278.4,2426
2026-06-10T13:40:00+05:30,4278.3,4286.6,4277.7,4279.8,2753
2026-06-10T13:45:00+05:30,4279.8,4281.8,4275,4276,2571
2026-06-10T13:50:00+05:30,4276.6,4276.6,4270.5,4273.2,2348
2026-06-10T13:55:00+05:30,4273.2,4273.3,4270.1,4272.6,3321
2026-06-10T14:00:00+05:30,4272.6,4276.3,4271.4,4274.9,3841
2026-06-10T14:05:00+05:30,4273.6,4274.5,4267.2,4269.3,4425
2026-06-10T14:10:00+05:30,4270,4271.2,4264,4268.2,11475
2026-06-10T14:15:00+05:30,4268.2,4272.6,4266.3,4271.3,5693
2026-06-10T14:20:00+05:30,4271.3,4275.9,4269.8,4271,4086
2026-06-10T14:25:00+05:30,4271,4271.2,4265,4266,3681
2026-06-10T14:30:00+05:30,4266,4267.4,4261,4266.8,4592
2026-06-10T14:35:00+05:30,4266.8,4268.2,4255,4255.6,6005
2026-06-10T14:40:00+05:30,4255,4260.3,4250,4252,11452
2026-06-10T14:45:00+05:30,4250,4250,4232,4232,15977
2026-06-10T14:50:00+05:30,4233.6,4238,4231,4235.4,6814
2026-06-10T14:55:00+05:30,4236.1,4244.8,4235.4,4242.1,8483
2026-06-10T15:00:00+05:30,4241.9,4242.3,4233.1,4234.1,36917
2026-06-10T15:05:00+05:30,4234.1,4235.3,4216.6,4224.7,22099
2026-06-10T15:10:00+05:30,4224.7,4227.7,4210.4,4211.9,23369
2026-06-10T15:15:00+05:30,4211.7,4211.9,4197.6,4205,41090
2026-06-10T15:20:00+05:30,4205,4217.7,4205,4217,21815
2026-06-10T15:25:00+05:30,4216.9,4224,4215.4,4220,20712
2026-06-11T09:15:00+05:30,4185,4205,4179.3,4203,25373
2026-06-11T09:20:00+05:30,4202.9,4223.4,4202.1,4207.5,17554
2026-06-11T09:25:00+05:30,4206.3,4219,4198,4215.5,13109
2026-06-11T09:30:00+05:30,4215.5,4217.9,4208,4211.5,7683
2026-06-11T09:35:00+05:30,4211.5,4215.5,4205,4215.2,5296
2026-06-11T09:40:00+05:30,4215.2,4215.2,4199.5,4205.9,7318
2026-06-11T09:45:00+05:30,4204.9,4209,4203,4207,3877
2026-06-11T09:50:00+05:30,4207,4211,4205.7,4208,6177
2026-06-11T09:55:00+05:30,4206.3,4208.9,4195,4195.1,4066
2026-06-11T10:00:00+05:30,4195.1,4198.2,4188,4190.2,6627
2026-06-11T10:05:00+05:30,4190.2,4202,4188.5,4202,4247
2026-06-11T10:10:00+05:30,4199.2,4205.9,4197.8,4197.8,10289
2026-06-11T10:15:00+05:30,4195,4201,4195,4201,2374
2026-06-11T10:20:00+05:30,4201,4205.2,4200.7,4202.2,2727
2026-06-11T10:25:00+05:30,4202.2,4202.2,4194,4200.7,2874
2026-06-11T10:30:00+05:30,4200.7,4211,4200.1,4210.3,17022
2026-06-11T10:35:00+05:30,4207.8,4209.9,4201.7,4203.6,2506
2026-06-11T10:40:00+05:30,4203.6,4207.1,4201.5,4202.3,2926
2026-06-11T10:45:00+05:30,4202.3,4206.1,4199,4201,3260
2026-06-11T10:50:00+05:30,4201,4201,4188,4189.3,3329
2026-06-11T10:55:00+05:30,4189.3,4189.5,4182.7,4185.8,6447
2026-06-11T11:00:00+05:30,4185.8,4191,4185.3,4189,3765
2026-06-11T11:05:00+05:30,4189,4194.4,4188,4194.4,4295
2026-06-11T11:10:00+05:30,4194.4,4194.4,4188.9,4188.9,1173
2026-06-11T11:15:00+05:30,4188.9,4194.3,4188.1,4189.3,2535
2026-06-11T11:20:00+05:30,4189.3,4198.8,4187.8,4197.6,5447
2026-06-11T11:25:00+05:30,4197.6,4202,4196,4200,6051
2026-06-11T11:30:00+05:30,4201.8,4201.8,4194.3,4194.3,10174
2026-06-11T11:35:00+05:30,4193.1,4197.3,4191,4196.5,4681
2026-06-11T11:40:00+05:30,4196.5,4201.4,4195.6,4200,2579
2026-06-11T11:45:00+05:30,4201,4201,4198,4198,2687
2026-06-11T11:50:00+05:30,4198,4200.7,4197.4,4200,2017
2026-06-11T11:55:00+05:30,4200,4202.9,4199.5,4200,2151
2026-06-11T12:00:00+05:30,4200,4200.5,4198.7,4198.7,2084
2026-06-11T12:05:00+05:30,4198.7,4199.3,4191.9,4193,8793
2026-06-11T12:10:00+05:30,4193,4193.4,4182.5,4184.6,5741
2026-06-11T12:15:00+05:30,4185.4,4190,4185.4,4187,2869
2026-06-11T12:20:00+05:30,4187,4187.4,4183,4186.5,5665
2026-06-11T12:25:00+05:30,4186.5,4192.9,4186.3,4188,6759
2026-06-11T12:30:00+05:30,4188.8,4192,4188.8,4192,2516
2026-06-11T12:35:00+05:30,4191.9,4192,4184,4186.1,10479
2026-06-11T12:40:00+05:30,4186.1,4186.5,4171,4172.6,13957
2026-06-11T12:45:00+05:30,4171.1,4174.8,4165.1,4168.6,22003
2026-06-11T12:50:00+05:30,4168.6,4178,4168.6,4177,8760
2026-06-11T12:55:00+05:30,4177,4186.3,4173,4185.7,7120
2026-06-11T13:00:00+05:30,4185.7,4189.6,4180,4180.5,4826
2026-06-11T13:05:00+05:30,4180.5,4182.1,4178.3,4180.1,8693
2026-06-11T13:10:00+05:30,4180.1,4182.2,4170.1,4172,11046
2026-06-11T13:15:00+05:30,4172,4182.6,4172,4180.8,6460
2026-06-11T13:20:00+05:30,4180.8,4183.8,4178.4,4182,3640
2026-06-11T13:25:00+05:30,4182,4182.5,4178.4,4182,3315
2026-06-11T13:30:00+05:30,4182,4191,4182,4186.7,6697
2026-06-11T13:35:00+05:30,4186.7,4190,4179.9,4182,3096
2026-06-11T13:40:00+05:30,4182,4182.4,4175.8,4178.5,4053
2026-06-11T13:45:00+05:30,4178.5,4185.9,4177.1,4183.1,4127
2026-06-11T13:50:00+05:30,4182.9,4186.2,4180.3,4186.2,3534
2026-06-11T13:55:00+05:30,4186.2,4191.5,4183.7,4189.8,5256
2026-06-11T14:00:00+05:30,4189.8,4195,4189.8,4193.8,5805
2026-06-11T14:05:00+05:30,4193.8,4194,4185.9,4188.5,4466
2026-06-11T14:10:00+05:30,4188.5,4191.5,4183.1,4185,6308
2026-06-11T14:15:00+05:30,4185.3,4189.8,4185,4185.3,2976
2026-06-11T14:20:00+05:30,4185.3,4191.9,4184.8,4184.8,4048
2026-06-11T14:25:00+05:30,4184.8,4201,4183.2,4199.5,9165
2026-06-11T14:30:00+05:30,4199.5,4200.5,4191.7,4192.9,5616
2026-06-11T14:35:00+05:30,4192.9,4195.2,4181.5,4185.8,7016
2026-06-11T14:40:00+05:30,4185.8,4190.7,4183,4187.8,5556
2026-06-11T14:45:00+05:30,4189,4190,4180.9,4188.7,9492
2026-06-11T14:50:00+05:30,4186.9,4186.9,4181,4183.2,5262
2026-06-11T14:55:00+05:30,4183.2,4183.8,4175,4181.3,8478
2026-06-11T15:00:00+05:30,4181.3,4187.9,4176.2,4178.1,18108
2026-06-11T15:05:00+05:30,4178.1,4178.9,4172,4172.2,14521
2026-06-11T15:10:00+05:30,4173.4,4176.8,4168,4173.6,18821
2026-06-11T15:15:00+05:30,4173.6,4177.3,4170.3,4171.4,18605
2026-06-11T15:20:00+05:30,4171.4,4174.4,4163.4,4168.8,24358
2026-06-11T15:25:00+05:30,4168.6,4169,4160,4167.1,20855
2026-06-12T09:15:00+05:30,4216,4224,4200.9,4216.6,42656
2026-06-12T09:20:00+05:30,4215.3,4219,4212.1,4214.4,7820
2026-06-12T09:25:00+05:30,4218,4218.7,4199.7,4199.9,12174
2026-06-12T09:30:00+05:30,4199.7,4213.8,4199.3,4213.8,7429
2026-06-12T09:35:00+05:30,4214,4215.5,4205.5,4209.3,4944
2026-06-12T09:40:00+05:30,4208.6,4213.2,4203.4,4203.4,7308
2026-06-12T09:45:00+05:30,4203.4,4209.9,4201.2,4208.2,2966
2026-06-12T09:50:00+05:30,4207.1,4208.3,4192,4193.4,5475
2026-06-12T09:55:00+05:30,4191.5,4194.9,4187.2,4190.7,6561
2026-06-12T10:00:00+05:30,4190.4,4190.4,4180.1,4186,6660
2026-06-12T10:05:00+05:30,4186.8,4189.9,4183.4,4187.5,4399
2026-06-12T10:10:00+05:30,4187.5,4194.9,4180.1,4191.1,5952
2026-06-12T10:15:00+05:30,4191.1,4194,4187.4,4192.2,2230
2026-06-12T10:20:00+05:30,4192.2,4197.7,4190.8,4194.7,3244
2026-06-12T10:25:00+05:30,4194.7,4197,4189.7,4192,3445
2026-06-12T10:30:00+05:30,4192,4195,4187.4,4190,3206
2026-06-12T10:35:00+05:30,4190,4197.7,4190,4195,2004
2026-06-12T10:40:00+05:30,4195,4195,4188.6,4188.9,2087
2026-06-12T10:45:00+05:30,4188,4190.7,4184.2,4187.3,4384
2026-06-12T10:50:00+05:30,4187.3,4188.2,4185,4187.2,1721
2026-06-12T10:55:00+05:30,4187.2,4191.4,4185.7,4191.4,1811
2026-06-12T11:00:00+05:30,4188.8,4194.9,4188.8,4193.5,2835
2026-06-12T11:05:00+05:30,4193.5,4193.5,4187.3,4190,1394
2026-06-12T11:10:00+05:30,4190.8,4200,4189.6,4197.8,3728
2026-06-12T11:15:00+05:30,4198.9,4201,4197,4198.2,3420
2026-06-12T11:20:00+05:30,4198.2,4205.2,4197,4203.4,3906
2026-06-12T11:25:00+05:30,4203.4,4203.4,4190.5,4192.9,4814
2026-06-12T11:30:00+05:30,4192.9,4197.9,4192,4194.7,3015
2026-06-12T11:35:00+05:30,4196.6,4198,4195,4198,1601
2026-06-12T11:40:00+05:30,4198,4202.8,4192,4199.6,22701
2026-06-12T11:45:00+05:30,4199.6,4200,4194.3,4195.4,4005
2026-06-12T11:50:00+05:30,4195.4,4203.5,4193,4200,4992
2026-06-12T11:55:00+05:30,4202.9,4206,4200,4203,14617
2026-06-12T12:00:00+05:30,4203,4208,4201,4205.4,22285
2026-06-12T12:05:00+05:30,4205.4,4206.6,4195,4196,2436
2026-06-12T12:10:00+05:30,4196,4201.6,4193.3,4195.5,18185
2026-06-12T12:15:00+05:30,4195.5,4198.2,4190,4190.3,3805
2026-06-12T12:20:00+05:30,4190.3,4191.8,4186.1,4191.2,4128
2026-06-12T12:25:00+05:30,4191.2,4192.1,4189.7,4192.1,2208
2026-06-12T12:30:00+05:30,4192.1,4194,4188.2,4190.4,3461
2026-06-12T12:35:00+05:30,4190.4,4190.4,4187,4189,1610
2026-06-12T12:40:00+05:30,4189,4190.1,4182,4183.1,5660
2026-06-12T12:45:00+05:30,4183.1,4187,4181,4184,1880
2026-06-12T12:50:00+05:30,4184,4187,4183.8,4186.6,1812
2026-06-12T12:55:00+05:30,4186.6,4189.4,4184,4186.1,2330
2026-06-12T13:00:00+05:30,4186.1,4186.7,4177.2,4181,13131
2026-06-12T13:05:00+05:30,4181,4184.5,4179.4,4181.3,3103
2026-06-12T13:10:00+05:30,4181.3,4185,4179,4181.2,2106
2026-06-12T13:15:00+05:30,4181.7,4184.2,4180,4183.1,2291
2026-06-12T13:20:00+05:30,4183.1,4184.4,4180,4181,2064
2026-06-12T13:25:00+05:30,4179.4,4183.9,4166.5,4182,35997
2026-06-12T13:30:00+05:30,4182,4185,4177.9,4183.2,4664
2026-06-12T13:35:00+05:30,4182.2,4186.9,4180.1,4186.9,7087
2026-06-12T13:40:00+05:30,4187,4195,4186,4193.4,13180
2026-06-12T13:45:00+05:30,4193.4,4195,4190,4191.5,2489
2026-06-12T13:50:00+05:30,4191.5,4192,4186.8,4190.1,9594
2026-06-12T13:55:00+05:30,4190.1,4194,4189,4193.8,7094
2026-06-12T14:00:00+05:30,4193.8,4194,4186,4187.7,6852
2026-06-12T14:05:00+05:30,4187.7,4190,4186,4186.4,5188
2026-06-12T14:10:00+05:30,4186.4,4190,4183.5,4190,5109
2026-06-12T14:15:00+05:30,4190,4198,4189.8,4192.3,9338
2026-06-12T14:20:00+05:30,4192.3,4196,4191.2,4191.7,4178
2026-06-12T14:25:00+05:30,4191.9,4194.6,4188,4193.1,7068
2026-06-12T14:30:00+05:30,4192.9,4194.6,4189.3,4191.2,4477
2026-06-12T14:35:00+05:30,4191.3,4192.5,4185.4,4192.5,4445
2026-06-12T14:40:00+05:30,4192,4198.2,4192,4196.1,20519
2026-06-12T14:45:00+05:30,4196.1,4197.3,4193.3,4195.4,6264
2026-06-12T14:50:00+05:30,4197,4198.7,4190.8,4194.7,22187
2026-06-12T14:55:00+05:30,4194.7,4196.4,4190.6,4193.1,5792
2026-06-12T15:00:00+05:30,4192.7,4197.9,4188,4197.4,22286
2026-06-12T15:05:00+05:30,4197.4,4204.2,4195.9,4197.2,29065
2026-06-12T15:10:00+05:30,4195.6,4195.6,4190.6,4193.5,11382
2026-06-12T15:15:00+05:30,4192.3,4193.5,4189.9,4192.7,30250
2026-06-12T15:20:00+05:30,4192.7,4193.5,4189,4191.7,87983
2026-06-12T15:25:00+05:30,4191.7,4195.3,4190.4,4192,27034
2026-06-15T09:15:00+05:30,4235,4238,4210.4,4226.9,59132
2026-06-15T09:20:00+05:30,4226.9,4233.4,4217.3,4221.6,19036
2026-06-15T09:25:00+05:30,4223,4225,4212.1,4214.6,14747
2026-06-15T09:30:00+05:30,4214.6,4228,4202.6,4209.4,24641
2026-06-15T09:35:00+05:30,4209.4,4215,4208,4210,14621
2026-06-15T09:40:00+05:30,4212,4218,4210,4216.3,9541
2026-06-15T09:45:00+05:30,4216.3,4220,4214.8,4217.8,7852
2026-06-15T09:50:00+05:30,4217.9,4223.6,4215.6,4221.2,12644
2026-06-15T09:55:00+05:30,4221.9,4228.7,4221,4225.8,12297
2026-06-15T10:00:00+05:30,4225,4227.8,4212,4212,7903
2026-06-15T10:05:00+05:30,4212,4222.8,4212,4222.5,7178
2026-06-15T10:10:00+05:30,4221.1,4224.7,4217.7,4219.7,7675
2026-06-15T10:15:00+05:30,4219.7,4221,4216.5,4220,3811
2026-06-15T10:20:00+05:30,4220,4225.2,4220,4223.3,6423
2026-06-15T10:25:00+05:30,4224.5,4226.2,4221.6,4225,6879
2026-06-15T10:30:00+05:30,4226,4227,4220,4221.1,4896
2026-06-15T10:35:00+05:30,4222,4223.5,4220,4220.9,2961
2026-06-15T10:40:00+05:30,4220.5,4223,4219,4221.5,3034
2026-06-15T10:45:00+05:30,4221.5,4221.9,4217.5,4220.1,4551
2026-06-15T10:50:00+05:30,4220.6,4222.8,4218,4220.1,3731
2026-06-15T10:55:00+05:30,4220.1,4229.9,4218.6,4225,6447
2026-06-15T11:00:00+05:30,4224.9,4226,4221.1,4224.5,7133
2026-06-15T11:05:00+05:30,4224.6,4225,4222.2,4222.9,4115
2026-06-15T11:10:00+05:30,4224.5,4225.4,4222.9,4223.9,2778
2026-06-15T11:15:00+05:30,4224,4224.6,4221.8,4223.2,2660
2026-06-15T11:20:00+05:30,4223.2,4224.9,4221.3,4223.1,2755
2026-06-15T11:25:00+05:30,4223.1,4225,4221,4225,1469
2026-06-15T11:30:00+05:30,4223.4,4225,4221,4221.1,4938
2026-06-15T11:35:00+05:30,4221.1,4224.1,4218.1,4222.5,4790
2026-06-15T11:40:00+05:30,4222.5,4231,4221.3,4230.8,8651
2026-06-15T11:45:00+05:30,4230.8,4230.8,4223.9,4227.6,5830
2026-06-15T11:50:00+05:30,4227.6,4234,4226.6,4234,9637
2026-06-15T11:55:00+05:30,4232.8,4235,4230.1,4233.1,5704
2026-06-15T12:00:00+05:30,4233.1,4234,4228,4228,4703
2026-06-15T12:05:00+05:30,4228.6,4228.6,4221.7,4221.8,3461
2026-06-15T12:10:00+05:30,4223.1,4223.9,4220.5,4222.3,4908
2026-06-15T12:15:00+05:30,4222.3,4223.8,4217,4220,5233
2026-06-15T12:20:00+05:30,4220,4221.9,4219,4221.2,2269
2026-06-15T12:25:00+05:30,4220,4222.3,4219,4219.8,1624
2026-06-15T12:30:00+05:30,4219.8,4227.8,4217.5,4227,9086
2026-06-15T12:35:00+05:30,4227.8,4228.4,4225,4225.6,2638
2026-06-15T12:40:00+05:30,4225,4229.9,4225,4225.9,7305
2026-06-15T12:45:00+05:30,4225.9,4229,4225.1,4226.2,3822
2026-06-15T12:50:00+05:30,4226.3,4244,4225.8,4237.3,18218
2026-06-15T12:55:00+05:30,4237.3,4240,4235,4238.4,7676
2026-06-15T13:00:00+05:30,4238.4,4254,4236.9,4243.4,27771
2026-06-15T13:05:00+05:30,4243.4,4248,4240.2,4242.9,6573
2026-06-15T13:10:00+05:30,4243.3,4252.6,4241.5,4245.9,11190
2026-06-15T13:15:00+05:30,4245.9,4260,4244,4255.5,22256
2026-06-15T13:20:00+05:30,4255.9,4263,4254.9,4262.6,11965
2026-06-15T13:25:00+05:30,4262.6,4275,4260,4271.1,19273
2026-06-15T13:30:00+05:30,4271.4,4285,4265,4281.5,25518
2026-06-15T13:35:00+05:30,4284,4316,4281.8,4316,40853
2026-06-15T13:40:00+05:30,4315.6,4332,4313.7,4330.4,68499
2026-06-15T13:45:00+05:30,4330.4,4339,4323.3,4335.5,36300
2026-06-15T13:50:00+05:30,4335.5,4344,4326.5,4339.2,31617
2026-06-15T13:55:00+05:30,4339.2,4339.4,4320.8,4325.6,23194
2026-06-15T14:00:00+05:30,4324,4330.8,4322.1,4325.8,15424
2026-06-15T14:05:00+05:30,4324,4325.8,4311.2,4317,22641
2026-06-15T14:10:00+05:30,4317,4321.9,4315,4319.7,9490
2026-06-15T14:15:00+05:30,4320,4322.1,4315,4318.4,12169
2026-06-15T14:20:00+05:30,4319.9,4330,4318.1,4326.4,12100
2026-06-15T14:25:00+05:30,4326.4,4327.8,4323.6,4324.9,8701
2026-06-15T14:30:00+05:30,4324.6,4330,4324,4325,13310
2026-06-15T14:35:00+05:30,4325.1,4327.9,4311.7,4315.3,16217
2026-06-15T14:40:00+05:30,4315.3,4315.5,4306.2,4307.6,12002
2026-06-15T14:45:00+05:30,4307.6,4310.3,4301.1,4303.3,12581
2026-06-15T14:50:00+05:30,4303.3,4311,4300,4309,20620
2026-06-15T14:55:00+05:30,4310,4312.4,4305.2,4307.7,12516
2026-06-15T15:00:00+05:30,4308.3,4310.7,4286.7,4290.1,32436
2026-06-15T15:05:00+05:30,4290.1,4290.2,4281.2,4281.5,27796
2026-06-15T15:10:00+05:30,4281.5,4282.9,4270,4275.4,31843
2026-06-15T15:15:00+05:30,4275.4,4287.9,4275.4,4284.7,31737
2026-06-15T15:20:00+05:30,4284.7,4290.2,4278,4287.1,30188
2026-06-15T15:25:00+05:30,4287.5,4296,4281.5,4290,27705
2026-06-16T09:15:00+05:30,4299.8,4311.9,4280,4304.9,24735
2026-06-16T09:20:00+05:30,4303.8,4314.7,4296.6,4302.2,16403
2026-06-16T09:25:00+05:30,4302.2,4307.1,4293,4302.8,9475
2026-06-16T09:30:00+05:30,4302.6,4305.6,4291.5,4294.2,6274
2026-06-16T09:35:00+05:30,4292,4297.8,4285,4285,9257
2026-06-16T09:40:00+05:30,4286.5,4297.8,4285,4291.2,8169
2026-06-16T09:45:00+05:30,4291.2,4295,4286.7,4287.4,5428
2026-06-16T09:50:00+05:30,4287.4,4294.9,4285.5,4292.8,3433
2026-06-16T09:55:00+05:30,4292.3,4293.3,4288,4288.5,2802
2026-06-16T10:00:00+05:30,4288.2,4289.8,4265,4267,17355
2026-06-16T10:05:00+05:30,4268,4276.2,4267.4,4271.4,6851
2026-06-16T10:10:00+05:30,4271.2,4271.2,4266,4270.4,4666
2026-06-16T10:15:00+05:30,4269.1,4269.1,4260.1,4262.2,7972
2026-06-16T10:20:00+05:30,4263,4273.2,4262.4,4269.3,6290
2026-06-16T10:25:00+05:30,4269.3,4271.4,4261,4261.7,8962
2026-06-16T10:30:00+05:30,4263.5,4273.8,4260,4271,6292
2026-06-16T10:35:00+05:30,4271,4277.2,4269.8,4270,7975
2026-06-16T10:40:00+05:30,4270,4270.4,4265.1,4269,3722
2026-06-16T10:45:00+05:30,4269,4275,4268.7,4273.1,3313
2026-06-16T10:50:00+05:30,4271.6,4275.2,4270,4271.5,3102
2026-06-16T10:55:00+05:30,4272.3,4273,4268,4271.2,2135
2026-06-16T11:00:00+05:30,4271.2,4271.2,4262.1,4263,4558
2026-06-16T11:05:00+05:30,4263,4265,4260.1,4261.5,3162
2026-06-16T11:10:00+05:30,4261.5,4262.6,4251,4257,11241
2026-06-16T11:15:00+05:30,4257,4262,4257,4260.8,3440
2026-06-16T11:20:00+05:30,4261.3,4267.5,4260.5,4267.1,3944
2026-06-16T11:25:00+05:30,4267.1,4269.5,4262,4265,3757
2026-06-16T11:30:00+05:30,4265,4268.6,4265,4268.6,3742
2026-06-16T11:35:00+05:30,4267.8,4269.7,4260,4263,19905
2026-06-16T11:40:00+05:30,4263,4263,4257.8,4258.2,2161
2026-06-16T11:45:00+05:30,4258.2,4262.8,4257.2,4260.9,2918
2026-06-16T11:50:00+05:30,4260.9,4268.6,4260,4268.1,4176
2026-06-16T11:55:00+05:30,4268.1,4268.1,4261.8,4264.8,3240
2026-06-16T12:00:00+05:30,4264.8,4265.3,4244.7,4247,10449
2026-06-16T12:05:00+05:30,4247,4256.1,4247,4256.1,4083
2026-06-16T12:10:00+05:30,4255,4259.2,4255,4258.8,2909
2026-06-16T12:15:00+05:30,4258.8,4260,4248,4248.9,20187
2026-06-16T12:20:00+05:30,4250.4,4252.7,4248,4250.9,6700
2026-06-16T12:25:00+05:30,4251.2,4256.5,4247.6,4247.6,20178
2026-06-16T12:30:00+05:30,4247.6,4249.3,4243.3,4244.7,6220
2026-06-16T12:35:00+05:30,4244.7,4252,4242,4245,7059
2026-06-16T12:40:00+05:30,4245,4245,4240.5,4244.7,4676
2026-06-16T12:45:00+05:30,4244.7,4247,4243,4247,2597
2026-06-16T12:50:00+05:30,4247,4249.9,4244.4,4245.4,2443
2026-06-16T12:55:00+05:30,4245.4,4250,4245.4,4250,2274
2026-06-16T13:00:00+05:30,4250,4250,4246,4248.3,2992
2026-06-16T13:05:00+05:30,4248.1,4255,4246.5,4255,3069
2026-06-16T13:10:00+05:30,4255,4258,4254,4254.4,2879
2026-06-16T13:15:00+05:30,4254.4,4258,4254.1,4256.4,5330
2026-06-16T13:20:00+05:30,4257.7,4262,4255.8,4261.5,6130
2026-06-16T13:25:00+05:30,4261.5,4275,4260.9,4274.2,14280
2026-06-16T13:30:00+05:30,4274,4274,4261,4268.2,4993
2026-06-16T13:35:00+05:30,4268.2,4270,4265,4265,6123
2026-06-16T13:40:00+05:30,4265,4267.6,4262.7,4262.7,2278
2026-06-16T13:45:00+05:30,4262.7,4269,4262.7,4267,3149
2026-06-16T13:50:00+05:30,4267,4268.5,4261.1,4262.8,3085
2026-06-16T13:55:00+05:30,4263.4,4268,4263.4,4266.7,4423
2026-06-16T14:00:00+05:30,4266.7,4268,4263.1,4263.9,4213
2026-06-16T14:05:00+05:30,4263,4266.5,4263,4266.5,3612
2026-06-16T14:10:00+05:30,4266.5,4268.8,4265.6,4265.6,5489
2026-06-16T14:15:00+05:30,4265.6,4266.6,4262.1,4264,2329
2026-06-16T14:20:00+05:30,4264,4265.1,4257.7,4258,3271
2026-06-16T14:25:00+05:30,4258,4260,4255.2,4259.4,4689
2026-06-16T14:30:00+05:30,4259.4,4263.3,4258.6,4259,4224
2026-06-16T14:35:00+05:30,4259.4,4259.7,4256.4,4259.7,3661
2026-06-16T14:40:00+05:30,4259.4,4260,4251.4,4252.5,9564
2026-06-16T14:45:00+05:30,4252.3,4252.9,4243.5,4245.2,10938
2026-06-16T14:50:00+05:30,4245.2,4254.9,4244.1,4254.6,10201
2026-06-16T14:55:00+05:30,4254.7,4256.6,4252.1,4253.8,6343
2026-06-16T15:00:00+05:30,4253.8,4259,4253.1,4256.9,17279
2026-06-16T15:05:00+05:30,4256.9,4261,4254.7,4257.3,16873
2026-06-16T15:10:00+05:30,4257.3,4257.3,4250.2,4254.5,17605
2026-06-16T15:15:00+05:30,4254.5,4256.9,4253.4,4253.4,22027
2026-06-16T15:20:00+05:30,4253.4,4257,4251,4256.7,28930
2026-06-16T15:25:00+05:30,4256.7,4261.8,4256.2,4260,30763
2026-06-17T09:15:00+05:30,4276.5,4292,4270,4275.3,27326
2026-06-17T09:20:00+05:30,4275,4285,4272.1,4284.5,8992
2026-06-17T09:25:00+05:30,4284.5,4288,4278.5,4284.3,9923
2026-06-17T09:30:00+05:30,4284.3,4284.9,4275.2,4275.9,6669
2026-06-17T09:35:00+05:30,4275.2,4277.8,4272.7,4275.3,3962
2026-06-17T09:40:00+05:30,4275.3,4285,4272,4284.6,5068
2026-06-17T09:45:00+05:30,4283.8,4318.5,4283.8,4316,36271
2026-06-17T09:50:00+05:30,4316.9,4325.5,4312.3,4324.2,37650
2026-06-17T09:55:00+05:30,4324.2,4325.5,4304.3,4308.3,28283
2026-06-17T10:00:00+05:30,4308,4310,4304.4,4305,11342
2026-06-17T10:05:00+05:30,4305.2,4313.2,4304,4313.1,6566
2026-06-17T10:10:00+05:30,4313.1,4314,4306,4308,5980
2026-06-17T10:15:00+05:30,4307.5,4321,4307,4320.3,19691
2026-06-17T10:20:00+05:30,4320.3,4324,4315,4316.9,11935
2026-06-17T10:25:00+05:30,4316.9,4317,4307.5,4308.6,7761
2026-06-17T10:30:00+05:30,4308.6,4318,4308.1,4317.9,4317
2026-06-17T10:35:00+05:30,4317,4317,4313.7,4315,6898
2026-06-17T10:40:00+05:30,4315,4318,4310.6,4315.8,4713
2026-06-17T10:45:00+05:30,4315.8,4322,4315.8,4316,7493
2026-06-17T10:50:00+05:30,4316.3,4318.9,4314.3,4318.7,4378
2026-06-17T10:55:00+05:30,4317.8,4320.5,4314.4,4315.3,11771
2026-06-17T11:00:00+05:30,4316,4319.9,4315.3,4315.5,7027
2026-06-17T11:05:00+05:30,4315.5,4317.9,4315.3,4315.5,7027
2026-06-17T11:10:00+05:30,4315.5,4317.9,4315,4317.5,16177
2026-06-17T11:15:00+05:30,4317.8,4323.8,4317.8,4322,12059
2026-06-17T11:20:00+05:30,4322,4324,4320,4320.6,6184
2026-06-17T11:25:00+05:30,4320,4323,4318,4322.9,8288
2026-06-17T11:30:00+05:30,4322.9,4348.6,4320,4345,50004
2026-06-17T11:35:00+05:30,4344.7,4355,4343.4,4345.5,33490
2026-06-17T11:40:00+05:30,4345.5,4363,4345,4361.7,23179
2026-06-17T11:45:00+05:30,4361.6,4376.9,4360,4363.6,38758
2026-06-17T11:50:00+05:30,4363.6,4369.9,4361.1,4365.6,11754
2026-06-17T11:55:00+05:30,4365.6,4375,4365.1,4374.4,26554
2026-06-17T12:00:00+05:30,4372.4,4387.9,4372.4,4387.9,40960
2026-06-17T12:05:00+05:30,4387.2,4395.7,4377,4383.3,30239
2026-06-17T12:10:00+05:30,4383.3,4394.9,4382.3,4392,20507
2026-06-17T12:15:00+05:30,4392,4397,4388.3,4395.9,21101
2026-06-17T12:20:00+05:30,4395.9,4425,4394,4424.1,82292
2026-06-17T12:25:00+05:30,4424.1,4428,4413,4422.7,48644
2026-06-17T12:30:00+05:30,4422,4433,4415,4416.6,41171
2026-06-17T12:35:00+05:30,4416.6,4416.6,4406.8,4409.8,29628
2026-06-17T12:40:00+05:30,4409.8,4419,4404.5,4417.5,16072
2026-06-17T12:45:00+05:30,4417.5,4417.5,4397,4398,14272
2026-06-17T12:50:00+05:30,4398,4400,4387.8,4388.4,17526
2026-06-17T12:55:00+05:30,4388.4,4388.4,4381,4384.7,13287
2026-06-17T13:00:00+05:30,4384.7,4386,4381,4383.4,6933
2026-06-17T13:05:00+05:30,4382.9,4389.2,4382.1,4386.8,11405
2026-06-17T13:10:00+05:30,4386.8,4387.9,4382.5,4383.9,6059
2026-06-17T13:15:00+05:30,4382.4,4395.6,4380.3,4395,9268
2026-06-17T13:20:00+05:30,4393.2,4408.6,4393.2,4405.4,22791
2026-06-17T13:25:00+05:30,4405,4414.7,4404.2,4411,14588
2026-06-17T13:30:00+05:30,4411.6,4414,4400.1,4404.5,14021
2026-06-17T13:35:00+05:30,4404.7,4409.4,4400,4409,8909
2026-06-17T13:40:00+05:30,4408,4409,4401,4402.6,4461
2026-06-17T13:45:00+05:30,4402.6,4406.6,4393.8,4405.1,21100
2026-06-17T13:50:00+05:30,4405.1,4416.9,4404,4414,16577
2026-06-17T13:55:00+05:30,4414,4417.6,4410.1,4413,10086
2026-06-17T14:00:00+05:30,4413,4415,4407.3,4410,6352
2026-06-17T14:05:00+05:30,4410,4411.9,4403.5,4404.2,5765
2026-06-17T14:10:00+05:30,4403.5,4410,4402.5,4409.4,5810
2026-06-17T14:15:00+05:30,4407.6,4409.9,4403,4404.9,5506
2026-06-17T14:20:00+05:30,4404.9,4418,4404.4,4413.3,11202
2026-06-17T14:25:00+05:30,4413.3,4415.9,4407,4410.2,4482
2026-06-17T14:30:00+05:30,4410.2,4411.2,4405,4408.3,6491
2026-06-17T14:35:00+05:30,4408.3,4415,4408.2,4414.4,7323
2026-06-17T14:40:00+05:30,4413.9,4419,4411.2,4413,9220
2026-06-17T14:45:00+05:30,4413.5,4416,4411,4414.9,11118
2026-06-17T14:50:00+05:30,4414.9,4421.3,4414.8,4416,12480
2026-06-17T14:55:00+05:30,4415.9,4444,4415.4,4443,46829
2026-06-17T15:00:00+05:30,4441,4449.6,4435.1,4439.6,35945
2026-06-17T15:05:00+05:30,4440,4449.6,4440,4449,21494
2026-06-17T15:10:00+05:30,4449,4455,4445.1,4451.4,37166
2026-06-17T15:15:00+05:30,4451.4,4459.9,4447.9,4458,38894
2026-06-17T15:20:00+05:30,4458.6,4475.8,4457,4473.3,62828
2026-06-17T15:25:00+05:30,4473.6,4485,4471.3,4484,61889
2026-06-18T09:15:00+05:30,4476,4480.5,4433.3,4441.5,46440
2026-06-18T09:20:00+05:30,4441,4444.9,4428.1,4438.1,24306
2026-06-18T09:25:00+05:30,4439.6,4460,4437.4,4445,27771
2026-06-18T09:30:00+05:30,4445,4448.7,4436,4440,17745
2026-06-18T09:35:00+05:30,4440,4444.9,4433.2,4439,20230
2026-06-18T09:40:00+05:30,4439,4448.9,4428.5,4448.2,42093
2026-06-18T09:45:00+05:30,4446,4460.1,4440,4446.4,44738
2026-06-18T09:50:00+05:30,4446.4,4448,4435,4441.8,21958
2026-06-18T09:55:00+05:30,4441.8,4443.9,4438.1,4440,8634
2026-06-18T10:00:00+05:30,4440,4441.9,4436.4,4440,8923
2026-06-18T10:05:00+05:30,4440,4441.4,4435.6,4440.2,5638
2026-06-18T10:10:00+05:30,4440,4443.4,4437.1,4442,14263
2026-06-18T10:15:00+05:30,4442,4444,4435.4,4439.1,7852
2026-06-18T10:20:00+05:30,4439,4443.5,4438.3,4441.7,9091
2026-06-18T10:25:00+05:30,4441.3,4445.5,4440,4443.5,8193
2026-06-18T10:30:00+05:30,4443,4445,4440,4445,7413
2026-06-18T10:35:00+05:30,4445,4446,4434,4437.3,18427
2026-06-18T10:40:00+05:30,4437.3,4438,4425,4436.4,23573
2026-06-18T10:45:00+05:30,4435.9,4440,4431,4431.8,6698
2026-06-18T10:50:00+05:30,4432,4434.9,4431,4433,3796
2026-06-18T10:55:00+05:30,4433.4,4435,4430,4434,4608
2026-06-18T11:00:00+05:30,4433.2,4435.9,4427.1,4428,7169
2026-06-18T11:05:00+05:30,4428.3,4435.9,4426.6,4435.3,7545
2026-06-18T11:10:00+05:30,4435.3,4439,4433.1,4434,3804
2026-06-18T11:15:00+05:30,4434,4434,4422.8,4425.4,9000
2026-06-18T11:20:00+05:30,4425.3,4425.3,4411,4417.1,15700
2026-06-18T11:25:00+05:30,4417.1,4419.9,4405.9,4410,13692
2026-06-18T11:30:00+05:30,4411,4423.1,4405,4420.3,15389
2026-06-18T11:35:00+05:30,4421.9,4427,4420,4420.7,7040
2026-06-18T11:40:00+05:30,4420.7,4422,4414.3,4415.4,4313
2026-06-18T11:45:00+05:30,4415.4,4418.7,4410.5,4413,3130
2026-06-18T11:50:00+05:30,4413.5,4419.7,4411.3,4418.8,2917
2026-06-18T11:55:00+05:30,4418.8,4427,4418.8,4426.3,9006
2026-06-18T12:00:00+05:30,4426.3,4431,4424.1,4428.6,7144
2026-06-18T12:05:00+05:30,4428.6,4429.1,4424.6,4425.5,3905
2026-06-18T12:10:00+05:30,4425.5,4428.8,4423,4428.8,3614
2026-06-18T12:15:00+05:30,4428.8,4428.8,4425.5,4425.8,2628
2026-06-18T12:20:00+05:30,4425.8,4428.6,4424.7,4428,2485
2026-06-18T12:25:00+05:30,4428,4430.8,4426,4430.3,6149
2026-06-18T12:30:00+05:30,4430.8,4430.8,4425,4428.6,3195
2026-06-18T12:35:00+05:30,4428.6,4428.6,4420.2,4422.7,4221
2026-06-18T12:40:00+05:30,4422.7,4424,4421,4422.9,3403
2026-06-18T12:45:00+05:30,4422.9,4426,4422.3,4425.9,2719
2026-06-18T12:50:00+05:30,4426,4428.5,4424.5,4428.3,2511
2026-06-18T12:55:00+05:30,4428.3,4431.8,4425.7,4429.5,5162
2026-06-18T13:00:00+05:30,4429.5,4430,4426.5,4430,2513
2026-06-18T13:05:00+05:30,4429.9,4430.4,4426.2,4429,2197
2026-06-18T13:10:00+05:30,4429,4434,4427.4,4429.8,6093
2026-06-18T13:15:00+05:30,4429,4429,4420.5,4422.6,6394
2026-06-18T13:20:00+05:30,4422.6,4424.6,4422.1,4424.5,2732
2026-06-18T13:25:00+05:30,4422.1,4424.1,4416.6,4423.3,4922
2026-06-18T13:30:00+05:30,4423.8,4425,4420,4423.6,2787
2026-06-18T13:35:00+05:30,4423,4424.7,4418,4418.5,2004
2026-06-18T13:40:00+05:30,4418.5,4419.9,4415.5,4417.7,3144
2026-06-18T13:45:00+05:30,4417.7,4419.8,4415.1,4415.9,4557
2026-06-18T13:50:00+05:30,4415.9,4418,4411.9,4415.7,3728
2026-06-18T13:55:00+05:30,4415.6,4417,4409,4410.2,6931
2026-06-18T14:00:00+05:30,4410.1,4411.7,4402.3,4403.8,11157
2026-06-18T14:05:00+05:30,4403.8,4405.1,4401,4401,7281
2026-06-18T14:10:00+05:30,4400.8,4405,4400.3,4404,4647
2026-06-18T14:15:00+05:30,4403.5,4408,4403,4404.2,7985
2026-06-18T14:20:00+05:30,4404.3,4408.5,4400.2,4408.2,7570
2026-06-18T14:25:00+05:30,4408,4413.5,4400.5,4401.6,11658
2026-06-18T14:30:00+05:30,4401.6,4401.6,4393.2,4400.3,16964
2026-06-18T14:35:00+05:30,4398.5,4400,4395.3,4397.6,3296
2026-06-18T14:40:00+05:30,4397.6,4398.5,4395.4,4398.5,4851
2026-06-18T14:45:00+05:30,4398.5,4398.5,4388,4389.9,13678
2026-06-18T14:50:00+05:30,4389.1,4395.9,4386.5,4392.1,10135
2026-06-18T14:55:00+05:30,4392.6,4406.5,4392.6,4405.3,9258
2026-06-18T15:00:00+05:30,4405.3,4416,4400.8,4415,28257
2026-06-18T15:05:00+05:30,4415,4415,4407,4414.4,20651
2026-06-18T15:10:00+05:30,4414.4,4414.4,4408.8,4410.9,19980
2026-06-18T15:15:00+05:30,4408.7,4419.4,4407.5,4415.8,39218
2026-06-18T15:20:00+05:30,4416.2,4417.4,4404.9,4405.6,33948
2026-06-18T15:25:00+05:30,4404.7,4420,4401.3,4419.2,27268
2026-06-19T09:15:00+05:30,4411.5,4411.5,4391.3,4397.5,19592
2026-06-19T09:20:00+05:30,4397.5,4405,4392,4402.2,11904
2026-06-19T09:25:00+05:30,4403.5,4415,4401,4415,15063
2026-06-19T09:30:00+05:30,4413.9,4415,4392,4396.4,27007
2026-06-19T09:35:00+05:30,4396.4,4398.7,4385.7,4388,8129
2026-06-19T09:40:00+05:30,4386.4,4394.5,4386.4,4390.9,5030
2026-06-19T09:45:00+05:30,4390.9,4405,4388.4,4405,6621
2026-06-19T09:50:00+05:30,4405,4410,4401,4409.8,5625
2026-06-19T09:55:00+05:30,4410,4415,4401,4402.6,11945
2026-06-19T10:00:00+05:30,4405,4405,4395.1,4399.4,6673
2026-06-19T10:05:00+05:30,4398.6,4404.4,4397.2,4400,8963
2026-06-19T10:10:00+05:30,4398.7,4406.1,4398.3,4406.1,3322
2026-06-19T10:15:00+05:30,4405.7,4410,4401.2,4406,3478
2026-06-19T10:20:00+05:30,4406,4409.2,4400,4402.4,2334
2026-06-19T10:25:00+05:30,4402.4,4404,4399,4402,4578
2026-06-19T10:30:00+05:30,4402,4405,4397.8,4401.8,8078
2026-06-19T10:35:00+05:30,4401.8,4409,4399.4,4406.8,3720
2026-06-19T10:40:00+05:30,4406.8,4410,4402.6,4409.4,9712
2026-06-19T10:45:00+05:30,4409.4,4429,4406.4,4429,38615
2026-06-19T10:50:00+05:30,4426.3,4433,4408.2,4414,35352
2026-06-19T10:55:00+05:30,4414.7,4420.4,4404.9,4407,18251
2026-06-19T11:00:00+05:30,4407.1,4416.3,4405,4412.8,13687
2026-06-19T11:05:00+05:30,4412.8,4432.6,4412.6,4432.3,19903
2026-06-19T11:10:00+05:30,4432.3,4435.6,4415,4420.8,28753
2026-06-19T11:15:00+05:30,4420.8,4422.8,4403.1,4408.9,16448
2026-06-19T11:20:00+05:30,4409,4411.5,4405,4409.1,6528
2026-06-19T11:25:00+05:30,4409.1,4411.5,4405.4,4411,5530
2026-06-19T11:30:00+05:30,4411,4415,4405.1,4413,10797
2026-06-19T11:35:00+05:30,4414.6,4419.5,4412.2,4419,9092
2026-06-19T11:40:00+05:30,4419,4420,4412.4,4417,7200
2026-06-19T11:45:00+05:30,4416.4,4418.1,4406.6,4410.8,13742
2026-06-19T11:50:00+05:30,4410.8,4413.9,4406.4,4409.3,29649
2026-06-19T11:55:00+05:30,4409.3,4410,4406,4409.7,2575
2026-06-19T12:00:00+05:30,4409.7,4413,4408.3,4408.5,4228
2026-06-19T12:05:00+05:30,4408.6,4409.8,4397.3,4401.5,8353
2026-06-19T12:10:00+05:30,4401.5,4404.4,4400,4402.9,3795
2026-06-19T12:15:00+05:30,4402.9,4406.6,4401.6,4404.7,2541
2026-06-19T12:20:00+05:30,4404.7,4407.5,4403.3,4404.2,2339
2026-06-19T12:25:00+05:30,4404.2,4408,4404.1,4407,3335
2026-06-19T12:30:00+05:30,4407,4407.9,4401,4403,4034
2026-06-19T12:35:00+05:30,4403,4404.7,4398.9,4403.8,7825
2026-06-19T12:40:00+05:30,4403.8,4404.4,4397,4402.5,2409
2026-06-19T12:45:00+05:30,4402.5,4411.8,4402.1,4411.3,7430
2026-06-19T12:50:00+05:30,4411.3,4412.8,4405,4406.7,3014
2026-06-19T12:55:00+05:30,4406.7,4406.7,4397,4398.8,4318
2026-06-19T13:00:00+05:30,4398.8,4402.4,4392,4393,6690
2026-06-19T13:05:00+05:30,4393,4396.6,4390.7,4393.7,6874
2026-06-19T13:10:00+05:30,4393.7,4396.3,4393,4396.3,1256
2026-06-19T13:15:00+05:30,4396.3,4397.3,4393.8,4395.4,1870
2026-06-19T13:20:00+05:30,4395.4,4395.9,4390,4390,4327
2026-06-19T13:25:00+05:30,4390,4395.4,4390,4395.2,921
2026-06-19T13:30:00+05:30,4395.4,4400,4395,4400,1098
2026-06-19T13:35:00+05:30,4398.8,4401.8,4396.3,4401.8,2259
2026-06-19T13:40:00+05:30,4403.9,4406.5,4401.1,4404.4,3990
2026-06-19T13:45:00+05:30,4404.4,4414.9,4404.4,4414.3,8543
2026-06-19T13:50:00+05:30,4414.3,4418,4411,4415.8,9139
2026-06-19T13:55:00+05:30,4417,4417.4,4413.2,4416.2,4218
2026-06-19T14:00:00+05:30,4416.2,4418,4408,4409,11837
2026-06-19T14:05:00+05:30,4409,4413.5,4408,4409.6,4850
2026-06-19T14:10:00+05:30,4409.6,4410.1,4406,4409,3273
2026-06-19T14:15:00+05:30,4409,4410.8,4403.8,4405.5,3299
2026-06-19T14:20:00+05:30,4405.5,4407,4396.5,4396.5,5901
2026-06-19T14:25:00+05:30,4396.5,4399.4,4395.7,4397.8,3360
2026-06-19T14:30:00+05:30,4399,4403.7,4397.8,4402.6,2001
2026-06-19T14:35:00+05:30,4402.9,4407,4400.6,4401.9,3830
2026-06-19T14:40:00+05:30,4401.9,4402.2,4398,4400,2273
2026-06-19T14:45:00+05:30,4400,4405.8,4397,4404.3,6698
2026-06-19T14:50:00+05:30,4404.1,4405,4390.9,4395.6,5298
2026-06-19T14:55:00+05:30,4395.6,4397.5,4392.1,4394.1,10112
2026-06-19T15:00:00+05:30,4394.1,4420,4391.8,4412,44153
2026-06-19T15:05:00+05:30,4411.9,4414,4400.7,4402,22468
2026-06-19T15:10:00+05:30,4402.4,4413,4402.1,4406,24689
2026-06-19T15:15:00+05:30,4406,4411,4404.2,4410.9,18971
2026-06-19T15:20:00+05:30,4411.3,4411.4,4405.4,4408,27085
2026-06-19T15:25:00+05:30,4408,4414,4395,4395,109462
2026-06-22T09:15:00+05:30,4424.1,4452.7,4413.2,4436.6,51023
2026-06-22T09:20:00+05:30,4436.6,4437,4417,4427,13900
2026-06-22T09:25:00+05:30,4427.4,4429.7,4417.4,4419.3,8304
2026-06-22T09:30:00+05:30,4418,4419.7,4408.1,4414.6,11086
2026-06-22T09:35:00+05:30,4414.6,4414.6,4402.6,4405.9,11106
2026-06-22T09:40:00+05:30,4405.6,4407.5,4393.2,4402,12973
2026-06-22T09:45:00+05:30,4403.2,4403.3,4395.1,4401,5816
2026-06-22T09:50:00+05:30,4401,4401.1,4395.1,4395.3,4201
2026-06-22T09:55:00+05:30,4395.8,4400,4395.1,4397.4,3392
2026-06-22T10:00:00+05:30,4397.4,4399.5,4395,4396,9443
2026-06-22T10:05:00+05:30,4397.2,4398.3,4390,4397.8,6108
2026-06-22T10:10:00+05:30,4396.2,4399.5,4393.4,4397.7,3074
2026-06-22T10:15:00+05:30,4397.7,4402,4392,4393.2,9078
2026-06-22T10:20:00+05:30,4394.8,4398,4386,4396.9,17223
2026-06-22T10:25:00+05:30,4396.9,4409.8,4395.1,4408,9865
2026-06-22T10:30:00+05:30,4408,4415.5,4406,4414.6,7598
2026-06-22T10:35:00+05:30,4414.6,4424.3,4409.8,4422.5,11350
2026-06-22T10:40:00+05:30,4422.5,4424,4417,4422,7374
2026-06-22T10:45:00+05:30,4421.6,4424,4417,4417,5374
2026-06-22T10:50:00+05:30,4417,4420.6,4417,4417.1,4735
2026-06-22T10:55:00+05:30,4417.1,4422.6,4417,4417.5,3686
2026-06-22T11:00:00+05:30,4417.5,4422,4416,4421,6405
2026-06-22T11:05:00+05:30,4421,4422.8,4419.3,4420.5,2430
2026-06-22T11:10:00+05:30,4420.5,4421.9,4417,4418.3,2427
2026-06-22T11:15:00+05:30,4418.3,4419.9,4417,4417.5,1362
2026-06-22T11:20:00+05:30,4417.5,4420,4417,4418.4,1324
2026-06-22T11:25:00+05:30,4418.4,4422.5,4416,4416.4,2302
2026-06-22T11:30:00+05:30,4416.4,4425,4416.4,4424.6,6085
2026-06-22T11:35:00+05:30,4424.6,4428,4424.1,4426.7,4080
2026-06-22T11:40:00+05:30,4426.7,4428.8,4420,4421.2,3327
2026-06-22T11:45:00+05:30,4421.2,4421.9,4419,4420,1883
2026-06-22T11:50:00+05:30,4420,4421,4417,4417.8,4575
2026-06-22T11:55:00+05:30,4417.8,4419.3,4417,4417.1,1921
2026-06-22T12:00:00+05:30,4417.1,4418.3,4412.9,4414.6,4035
2026-06-22T12:05:00+05:30,4414.6,4416.3,4408,4410.4,8736
2026-06-22T12:10:00+05:30,4411,4412.4,4408.8,4410.1,2131
2026-06-22T12:15:00+05:30,4410.1,4411.9,4408.9,4411.1,2093
2026-06-22T12:20:00+05:30,4411.1,4415.2,4409.7,4414.6,2443
2026-06-22T12:25:00+05:30,4414.6,4415.9,4412.8,4414.9,3340
2026-06-22T12:30:00+05:30,4414.9,4418.9,4412.8,4417.3,3511
2026-06-22T12:35:00+05:30,4417.3,4417.4,4415,4415,1589
2026-06-22T12:40:00+05:30,4415,4418.6,4414.3,4418.6,1812
2026-06-22T12:45:00+05:30,4418.6,4419.4,4414.1,4416.5,1925
2026-06-22T12:50:00+05:30,4416.5,4418.2,4415.5,4416.8,1189
2026-06-22T12:55:00+05:30,4416.8,4427,4416.8,4425.2,5028
2026-06-22T13:00:00+05:30,4426.5,4426.7,4417.6,4417.6,8936
2026-06-22T13:05:00+05:30,4417.6,4422.8,4416,4421.3,3263
2026-06-22T13:10:00+05:30,4419.4,4421.1,4414.4,4416.2,3207
2026-06-22T13:15:00+05:30,4417.5,4420.4,4416.3,4418.1,2475
2026-06-22T13:20:00+05:30,4418.1,4420.1,4416.5,4416.7,1427
2026-06-22T13:25:00+05:30,4416.7,4420.5,4415,4415.9,3357
2026-06-22T13:30:00+05:30,4415.9,4420.3,4415,4418.1,2532
2026-06-22T13:35:00+05:30,4418.1,4422,4416,4418,1330
2026-06-22T13:40:00+05:30,4417.9,4420.8,4415,4420.4,1763
2026-06-22T13:45:00+05:30,4420.2,4425,4420.2,4423.5,2153
2026-06-22T13:50:00+05:30,4423.5,4428.5,4423.5,4428.5,6039
2026-06-22T13:55:00+05:30,4428.5,4430,4426.4,4426.9,10698
2026-06-22T14:00:00+05:30,4426.9,4428.3,4425,4427.5,5671
2026-06-22T14:05:00+05:30,4427.5,4427.9,4423.5,4426.2,5290
2026-06-22T14:10:00+05:30,4426.2,4428,4424.9,4425,4058
2026-06-22T14:15:00+05:30,4425,4430.4,4424.6,4430.4,7724
2026-06-22T14:20:00+05:30,4430.4,4432,4428.1,4429.1,3402
2026-06-22T14:25:00+05:30,4429.1,4452.7,4427.3,4452.6,34495
2026-06-22T14:30:00+05:30,4452.2,4461,4440.5,4440.6,34169
2026-06-22T14:35:00+05:30,4440.6,4500,4438,4494,239549
2026-06-22T14:40:00+05:30,4493.1,4498.9,4476.3,4490.2,71922
2026-06-22T14:45:00+05:30,4490.2,4508,4487.5,4502.5,108106
2026-06-22T14:50:00+05:30,4502.5,4514.7,4501.9,4510.5,38271
2026-06-22T14:55:00+05:30,4510.5,4520,4505.7,4515,77581
2026-06-22T15:00:00+05:30,4516.7,4522.6,4515,4515.9,71948
2026-06-22T15:05:00+05:30,4516,4516.5,4503.3,4505.9,54658
2026-06-22T15:10:00+05:30,4505.9,4513.8,4501,4511.7,73952
2026-06-22T15:15:00+05:30,4511.7,4519.6,4506.6,4518.5,52461
2026-06-22T15:20:00+05:30,4519,4528.5,4516.1,4525,57932
2026-06-22T15:25:00+05:30,4525,4527.2,4518.1,4522,52843
2026-06-23T09:15:00+05:30,4533.9,4533.9,4502.1,4519.8,48633
2026-06-23T09:20:00+05:30,4517.8,4522,4504,4506.7,22517
2026-06-23T09:25:00+05:30,4507.8,4514.3,4500,4511,10939
2026-06-23T09:30:00+05:30,4511,4516.9,4503,4503,11948
2026-06-23T09:35:00+05:30,4503,4506.9,4490,4492.5,18726
2026-06-23T09:40:00+05:30,4492.9,4503.3,4482,4502.3,15763
2026-06-23T09:45:00+05:30,4502.3,4503.3,4486.4,4489.9,9784
2026-06-23T09:50:00+05:30,4489.9,4492.6,4482,4491.5,6688
2026-06-23T09:55:00+05:30,4491.5,4503.3,4485.5,4495.9,10633
2026-06-23T10:00:00+05:30,4495.9,4509.8,4495.9,4507,12724
2026-06-23T10:05:00+05:30,4507.1,4522,4504,4520.9,18421
2026-06-23T10:10:00+05:30,4520,4535,4520,4532,30647
2026-06-23T10:15:00+05:30,4532,4534.7,4522.2,4523.4,24603
2026-06-23T10:20:00+05:30,4524.8,4526.2,4516.1,4519,15095
2026-06-23T10:25:00+05:30,4518.5,4521,4508.9,4514.7,12950
2026-06-23T10:30:00+05:30,4514.7,4514.7,4510.1,4514.2,5406
2026-06-23T10:35:00+05:30,4514.7,4515,4506.3,4509.6,6945
2026-06-23T10:40:00+05:30,4509.7,4521.1,4508,4513.9,14125
2026-06-23T10:45:00+05:30,4515.7,4515.9,4507.3,4509.2,3127
2026-06-23T10:50:00+05:30,4509.2,4511,4502.5,4504,7595
2026-06-23T10:55:00+05:30,4504,4513.6,4503.3,4509.4,21886
2026-06-23T11:00:00+05:30,4509.4,4511.3,4504,4511.3,28510
2026-06-23T11:05:00+05:30,4511.3,4525,4510.6,4524.4,12531
2026-06-23T11:10:00+05:30,4524.1,4524.4,4516.2,4520.3,6043
2026-06-23T11:15:00+05:30,4520.3,4521,4511,4513.8,4220
2026-06-23T11:20:00+05:30,4513.8,4513.8,4503,4507.7,5272
2026-06-23T11:25:00+05:30,4506.5,4510.7,4501.1,4501.5,4819
2026-06-23T11:30:00+05:30,4501.5,4501.5,4486,4498.3,23171
2026-06-23T11:35:00+05:30,4498.3,4510.7,4496.1,4504.9,10389
2026-06-23T11:40:00+05:30,4504.9,4506.7,4490,4493.2,9248
2026-06-23T11:45:00+05:30,4493.2,4498.1,4483.3,4493,12774
2026-06-23T11:50:00+05:30,4493,4493.6,4488.9,4491,6155
2026-06-23T11:55:00+05:30,4492.3,4500.9,4477.6,4490.1,45622
2026-06-23T12:00:00+05:30,4490.1,4490.7,4481,4483.7,11612
2026-06-23T12:05:00+05:30,4483.7,4485.9,4477,4480.8,12471
2026-06-23T12:10:00+05:30,4480.8,4500,4478,4500,25285
2026-06-23T12:15:00+05:30,4500,4500,4486,4491.3,11291
2026-06-23T12:20:00+05:30,4491.3,4492,4478,4485.1,11444
2026-06-23T12:25:00+05:30,4485.1,4496,4482.7,4495.4,8928
2026-06-23T12:30:00+05:30,4496,4496,4487.5,4490.9,4316
2026-06-23T12:35:00+05:30,4488.7,4495,4488.3,4493.9,5331
2026-06-23T12:40:00+05:30,4493.2,4495.1,4488,4488.3,6777
2026-06-23T12:45:00+05:30,4488.9,4494,4487.5,4490.4,5185
2026-06-23T12:50:00+05:30,4489.8,4491.4,4482.2,4486,4716
2026-06-23T12:55:00+05:30,4486,4486.5,4481,4486,8736
2026-06-23T13:00:00+05:30,4486,4486,4480,4483.9,5055
2026-06-23T13:05:00+05:30,4485.3,4491.4,4483.8,4491.4,5226
2026-06-23T13:10:00+05:30,4491.4,4491.4,4483,4483.9,3415
2026-06-23T13:15:00+05:30,4483.9,4484.5,4473.3,4477,13315
2026-06-23T13:20:00+05:30,4477,4480,4475.1,4479.5,4167
2026-06-23T13:25:00+05:30,4479.5,4479.5,4461.4,4469.4,14177
2026-06-23T13:30:00+05:30,4469.4,4469.4,4453.3,4456.8,34471
2026-06-23T13:35:00+05:30,4456.8,4458.5,4446.7,4453.4,46363
2026-06-23T13:40:00+05:30,4453.4,4469,4452.4,4466,12252
2026-06-23T13:45:00+05:30,4466,4475.8,4466,4475,6096
2026-06-23T13:50:00+05:30,4475,4475,4468.8,4472.3,6641
2026-06-23T13:55:00+05:30,4472.3,4475,4468.6,4472.8,3954
2026-06-23T14:00:00+05:30,4472.8,4484.6,4470,4481.9,9673
2026-06-23T14:05:00+05:30,4481.9,4485,4475,4479.4,3933
2026-06-23T14:10:00+05:30,4479.4,4487.7,4479.4,4484.3,3531
2026-06-23T14:15:00+05:30,4484.3,4485.5,4480.1,4485,3301
2026-06-23T14:20:00+05:30,4485,4488,4483.6,4485.8,4396
2026-06-23T14:25:00+05:30,4485.8,4489.9,4480,4481,4579
2026-06-23T14:30:00+05:30,4481,4487,4480,4480,8504
2026-06-23T14:35:00+05:30,4480,4500,4477.1,4490.7,64335
2026-06-23T14:40:00+05:30,4490.7,4522,4487.1,4520,103171
2026-06-23T14:45:00+05:30,4520.1,4522,4506.4,4509.6,24701
2026-06-23T14:50:00+05:30,4509.6,4510.9,4502.2,4505,12436
2026-06-23T14:55:00+05:30,4505,4510,4501.1,4502.6,11824
2026-06-23T15:00:00+05:30,4504.9,4506.9,4488,4501.8,119499
2026-06-23T15:05:00+05:30,4501.8,4507,4500,4500,18496
2026-06-23T15:10:00+05:30,4500,4502.2,4500,4500,62951
2026-06-23T15:15:00+05:30,4500.6,4501,4493.5,4496.3,72088
2026-06-23T15:20:00+05:30,4496.3,4503,4496.3,4500.2,41900
2026-06-23T15:25:00+05:30,4500.2,4506.9,4500,4506,68771
2026-06-24T09:15:00+05:30,4490.1,4505.6,4481,4485,29695
2026-06-24T09:20:00+05:30,4485,4503.4,4472.8,4495,18374
2026-06-24T09:25:00+05:30,4494.9,4495,4482,4495,11851
2026-06-24T09:30:00+05:30,4495,4498,4484,4485.4,7711
2026-06-24T09:35:00+05:30,4485.4,4489,4477.4,4484.4,7688
2026-06-24T09:40:00+05:30,4484.4,4487.5,4475.1,4479.3,4755
2026-06-24T09:45:00+05:30,4478.5,4480,4455,4455,14541
2026-06-24T09:50:00+05:30,4455,4471.6,4455,4471.6,8216
2026-06-24T09:55:00+05:30,4467.5,4477.1,4467.5,4471,5810
2026-06-24T10:00:00+05:30,4471,4480.3,4467.3,4472.7,8093
2026-06-24T10:05:00+05:30,4472.7,4493.6,4472,4493.4,6695
2026-06-24T10:10:00+05:30,4493.4,4493.4,4473.9,4480.6,9636
2026-06-24T10:15:00+05:30,4480.6,4481.9,4469.1,4469.1,4880
2026-06-24T10:20:00+05:30,4468.1,4470.6,4464.6,4469.6,4200
2026-06-24T10:25:00+05:30,4469.6,4472,4468,4470,2265
2026-06-24T10:30:00+05:30,4470,4470.5,4463.6,4467,4344
2026-06-24T10:35:00+05:30,4466.8,4467.1,4455.4,4458.9,7025
2026-06-24T10:40:00+05:30,4458.9,4467.1,4458,4464.8,3223
2026-06-24T10:45:00+05:30,4464.8,4469.9,4462.3,4467.7,4415
2026-06-24T10:50:00+05:30,4467.7,4467.7,4456,4457.1,3955
2026-06-24T10:55:00+05:30,4456.7,4467.7,4456.7,4465,3737
2026-06-24T11:00:00+05:30,4465,4469,4463,4468.7,2449
2026-06-24T11:05:00+05:30,4468.7,4474.3,4468.1,4472.7,2718
2026-06-24T11:10:00+05:30,4471.5,4474.7,4468.3,4469.8,3555
2026-06-24T11:15:00+05:30,4469.8,4471.4,4462,4464,5625
2026-06-24T11:20:00+05:30,4464,4467.7,4462.1,4463,3853
2026-06-24T11:25:00+05:30,4463,4463.4,4455,4458.4,6037
2026-06-24T11:30:00+05:30,4457.3,4458.3,4444,4451,18478
2026-06-24T11:35:00+05:30,4453.7,4458,4451.4,4458,2508
2026-06-24T11:40:00+05:30,4459.7,4460.9,4453.8,4460.3,3966
2026-06-24T11:45:00+05:30,4460.3,4464,4460,4463.1,2907
2026-06-24T11:50:00+05:30,4463.1,4466,4452.5,4452.9,8176
2026-06-24T11:55:00+05:30,4452.9,4462.4,4422.2,4440.5,18757
2026-06-24T12:00:00+05:30,4440.3,4454.4,4430,4430,25882
2026-06-24T12:05:00+05:30,4431.9,4432.7,4411,4415,21749
2026-06-24T12:10:00+05:30,4413,4420,4309.1,4345.1,134798
2026-06-24T12:15:00+05:30,4344,4375.6,4340.1,4375.3,40723
2026-06-24T12:20:00+05:30,4374.7,4384,4362,4368.2,23768
2026-06-24T12:25:00+05:30,4368.2,4380,4365.9,4376,9437
2026-06-24T12:30:00+05:30,4376,4377.1,4360,4370.9,11268
2026-06-24T12:35:00+05:30,4370.9,4379.5,4370,4377,15079
2026-06-24T12:40:00+05:30,4377,4378.2,4374,4378,4750
2026-06-24T12:45:00+05:30,4378,4388.7,4377.7,4380.1,12062
2026-06-24T12:50:00+05:30,4380.1,4383.7,4376.6,4383,6433
2026-06-24T12:55:00+05:30,4382,4407.5,4382,4399.9,35628
2026-06-24T13:00:00+05:30,4401,4421.9,4398,4419,15933
2026-06-24T13:05:00+05:30,4419,4424,4404.9,4423.7,13816
2026-06-24T13:10:00+05:30,4422,4424,4409.3,4413.6,19054
2026-06-24T13:15:00+05:30,4413.6,4416.2,4405,4406.1,12083
2026-06-24T13:20:00+05:30,4406.9,4416.5,4405.1,4411,3878
2026-06-24T13:25:00+05:30,4411,4411.8,4405,4408.3,2784
2026-06-24T13:30:00+05:30,4407,4408.5,4402.6,4403.9,8153
2026-06-24T13:35:00+05:30,4403.9,4407.8,4393.1,4396,7853
2026-06-24T13:40:00+05:30,4396,4398,4382,4387,15574
2026-06-24T13:45:00+05:30,4387,4397.9,4387,4390.5,5109
2026-06-24T13:50:00+05:30,4390.5,4396,4388.7,4390.9,3728
2026-06-24T13:55:00+05:30,4390.9,4394.8,4384.3,4391.3,3691
2026-06-24T14:00:00+05:30,4391.3,4391.8,4382.1,4386.8,11110
2026-06-24T14:05:00+05:30,4386.8,4389.9,4382,4386,5000
2026-06-24T14:10:00+05:30,4386,4389.5,4383.3,4387.2,2812
2026-06-24T14:15:00+05:30,4387.2,4390,4384.8,4390,2241
2026-06-24T14:20:00+05:30,4390,4390.3,4383.5,4386,3306
2026-06-24T14:25:00+05:30,4386,4387.3,4380,4385.9,6226
2026-06-24T14:30:00+05:30,4385,4386.6,4380,4386.6,4941
2026-06-24T14:35:00+05:30,4386.4,4386.4,4375.2,4379.2,10926
2026-06-24T14:40:00+05:30,4379.2,4382,4375.1,4377.5,7781
2026-06-24T14:45:00+05:30,4375.9,4377,4364.4,4369.6,15121
2026-06-24T14:50:00+05:30,4369.6,4374.4,4365,4371.2,6997
2026-06-24T14:55:00+05:30,4371.2,4374.9,4369,4373.4,10909
2026-06-24T15:00:00+05:30,4371.3,4390.4,4369.6,4377.5,35061
2026-06-24T15:05:00+05:30,4374.6,4379.5,4370.1,4373.4,21987
2026-06-24T15:10:00+05:30,4371.9,4373.4,4366,4367.6,25955
2026-06-24T15:15:00+05:30,4367.6,4367.6,4355.5,4362.3,31497
2026-06-24T15:20:00+05:30,4362.7,4364.9,4360,4362.1,32329
2026-06-24T15:25:00+05:30,4362.1,4369.5,4355.1,4368,35209
2026-06-25T09:15:00+05:30,4384.9,4399.5,4356,4364.4,38734
2026-06-25T09:20:00+05:30,4364.4,4378.1,4356.7,4368,33444
2026-06-25T09:25:00+05:30,4368,4368.6,4351.2,4366,11780
2026-06-25T09:30:00+05:30,4367,4380,4365.1,4378,11895
2026-06-25T09:35:00+05:30,4378,4383,4370.5,4373.5,11439
2026-06-25T09:40:00+05:30,4373.5,4378.8,4373,4374,3307
2026-06-25T09:45:00+05:30,4374,4376.2,4368.5,4371.4,4581
2026-06-25T09:50:00+05:30,4371.4,4373.7,4361.8,4362.9,5662
2026-06-25T09:55:00+05:30,4362,4363.9,4356,4361,4636
2026-06-25T10:00:00+05:30,4361.1,4368.1,4358.8,4363.9,4173
2026-06-25T10:05:00+05:30,4364.1,4369.7,4361,4369.7,3537
2026-06-25T10:10:00+05:30,4369.7,4369.9,4363,4363.8,4557
2026-06-25T10:15:00+05:30,4365,4376,4363.1,4374,5091
2026-06-25T10:20:00+05:30,4374.7,4377,4370.9,4371.3,2905
2026-06-25T10:25:00+05:30,4371.3,4374,4366.3,4368.6,2098
2026-06-25T10:30:00+05:30,4368.6,4371.2,4364.7,4366.3,2076
2026-06-25T10:35:00+05:30,4366.3,4370.9,4365.2,4370.5,1417
2026-06-25T10:40:00+05:30,4370.5,4372.6,4367.1,4370.6,2161
2026-06-25T10:45:00+05:30,4370.6,4375,4369.8,4370.4,2654
2026-06-25T10:50:00+05:30,4371.8,4384.2,4370,4383.9,9637
2026-06-25T10:55:00+05:30,4383.9,4384,4376.2,4381.4,6034
2026-06-25T11:00:00+05:30,4380.2,4388,4377,4388,11570
2026-06-25T11:05:00+05:30,4388,4388.2,4380,4382,2776
2026-06-25T11:10:00+05:30,4380.4,4385,4380,4384.6,3112
2026-06-25T11:15:00+05:30,4384.6,4384.6,4378.2,4382.1,4813
2026-06-25T11:20:00+05:30,4382.1,4383.9,4375.8,4383.2,9428
2026-06-25T11:25:00+05:30,4383.2,4383.5,4378,4381.4,3176
2026-06-25T11:30:00+05:30,4381.4,4382.6,4371.5,4379.4,9074
2026-06-25T11:35:00+05:30,4379.4,4379.4,4373.6,4376,4441
2026-06-25T11:40:00+05:30,4376,4379.6,4376,4377.1,4688
2026-06-25T11:45:00+05:30,4377.1,4380.9,4369.8,4379.1,21327
2026-06-25T11:50:00+05:30,4379.1,4380.5,4370.4,4374,9970
2026-06-25T11:55:00+05:30,4374,4375.7,4372.3,4372.8,7390
2026-06-25T12:00:00+05:30,4372.8,4379.9,4372,4378.6,4298
2026-06-25T12:05:00+05:30,4378.6,4384,4378.6,4383,2207
2026-06-25T12:10:00+05:30,4383,4383.4,4380,4382.2,1672
2026-06-25T12:15:00+05:30,4382.2,4382.2,4375.3,4375.3,11578
2026-06-25T12:20:00+05:30,4375.3,4381.4,4373.3,4375.4,17110
2026-06-25T12:25:00+05:30,4374.9,4374.9,4361.6,4365.7,13507
2026-06-25T12:30:00+05:30,4365.7,4371,4363.1,4369,6948
2026-06-25T12:35:00+05:30,4370,4374,4366.3,4372.3,5361
2026-06-25T12:40:00+05:30,4372.3,4374.1,4367.3,4368.5,6935
2026-06-25T12:45:00+05:30,4368.5,4374.7,4365,4374.3,10668
2026-06-25T12:50:00+05:30,4374.3,4379.6,4372.2,4379.5,5051
2026-06-25T12:55:00+05:30,4379.6,4383.5,4377.7,4382,6099
2026-06-25T13:00:00+05:30,4382.7,4384.1,4380,4382.4,3609
2026-06-25T13:05:00+05:30,4384.2,4386.9,4381.7,4386.5,5830
2026-06-25T13:10:00+05:30,4386.5,4392,4381.8,4383.5,8639
2026-06-25T13:15:00+05:30,4382.4,4387,4382,4386,2908
2026-06-25T13:20:00+05:30,4386,4399.9,4385.8,4398.2,18701
2026-06-25T13:25:00+05:30,4397.9,4398,4389.2,4394.1,5953
2026-06-25T13:30:00+05:30,4394.1,4394.1,4387.2,4388.9,5797
2026-06-25T13:35:00+05:30,4388.9,4397.9,4387.6,4395.1,7612
2026-06-25T13:40:00+05:30,4395.1,4405,4395,4400.8,12792
2026-06-25T13:45:00+05:30,4400.8,4409.9,4398.2,4405.8,12211
2026-06-25T13:50:00+05:30,4407.7,4409.8,4399,4401.2,10244
2026-06-25T13:55:00+05:30,4399.7,4401,4395.1,4397.4,9845
2026-06-25T14:00:00+05:30,4397.5,4398.9,4395,4398,5183
2026-06-25T14:05:00+05:30,4397.9,4398.6,4395,4396.3,4143
2026-06-25T14:10:00+05:30,4398,4398.4,4387.7,4393.2,22120
2026-06-25T14:15:00+05:30,4393.2,4398,4390,4393.7,11711
2026-06-25T14:20:00+05:30,4393.7,4397,4391.9,4395,7795
2026-06-25T14:25:00+05:30,4396.4,4396.6,4383.7,4389.5,10124
2026-06-25T14:30:00+05:30,4388.2,4389.5,4380,4380,11314
2026-06-25T14:35:00+05:30,4380.1,4385,4372.9,4376.3,19249
2026-06-25T14:40:00+05:30,4376.3,4384,4375.9,4376.2,15921
2026-06-25T14:45:00+05:30,4375.6,4376,4366.8,4368.9,11434
2026-06-25T14:50:00+05:30,4369.8,4375.5,4365,4370.9,8937
2026-06-25T14:55:00+05:30,4370.9,4374,4370,4372.2,4176
2026-06-25T15:00:00+05:30,4372.2,4375.5,4365.1,4370.1,26844
2026-06-25T15:05:00+05:30,4370.1,4379.9,4369.1,4372.5,27087
2026-06-25T15:10:00+05:30,4372.5,4374.5,4369.6,4370.8,16834
2026-06-25T15:15:00+05:30,4372.1,4372.3,4368.5,4370,18401
2026-06-25T15:20:00+05:30,4370,4370,4361.4,4363.1,27929
2026-06-25T15:25:00+05:30,4363.1,4365.2,4352,4361,21423
2026-06-29T09:15:00+05:30,4368,4378.2,4326.5,4326.5,28540
2026-06-29T09:20:00+05:30,4327.4,4332.9,4321.1,4326.9,12142
2026-06-29T09:25:00+05:30,4325.1,4342.9,4320.9,4342.9,11735
2026-06-29T09:30:00+05:30,4342.2,4342.2,4315,4318.6,14034
2026-06-29T09:35:00+05:30,4318,4325.9,4311.1,4325.5,7861
2026-06-29T09:40:00+05:30,4323.7,4332.7,4320,4326.3,9200
2026-06-29T09:45:00+05:30,4326.3,4327.8,4316,4317.5,5638
2026-06-29T09:50:00+05:30,4316.5,4325,4315.5,4318.1,4837
2026-06-29T09:55:00+05:30,4318.1,4321.1,4311.6,4312.6,6821
2026-06-29T10:00:00+05:30,4311.3,4323.7,4311,4321.2,38575
2026-06-29T10:05:00+05:30,4321.2,4328.9,4319.3,4323,9261
2026-06-29T10:10:00+05:30,4323,4323,4313.4,4314.1,4675
2026-06-29T10:15:00+05:30,4314.1,4315,4294.2,4297.6,21216
2026-06-29T10:20:00+05:30,4299.4,4299.4,4290.3,4295,8459
2026-06-29T10:25:00+05:30,4295,4308.7,4294.7,4303.6,9026
2026-06-29T10:30:00+05:30,4303.6,4303.6,4295.3,4297.9,5842
2026-06-29T10:35:00+05:30,4297.9,4299,4275,4289.1,23008
2026-06-29T10:40:00+05:30,4288.9,4291.7,4280.1,4290,10642
2026-06-29T10:45:00+05:30,4289.1,4291.5,4280,4282.4,7634
2026-06-29T10:50:00+05:30,4281.9,4282.6,4269.9,4277.4,13752
2026-06-29T10:55:00+05:30,4277.4,4284,4275.3,4279.7,5165
2026-06-29T11:00:00+05:30,4279.7,4286,4279,4282.6,4943
2026-06-29T11:05:00+05:30,4283.6,4285.9,4278.5,4282.8,4082
2026-06-29T11:10:00+05:30,4282.4,4284.5,4278.5,4280.5,3341
2026-06-29T11:15:00+05:30,4280.5,4289,4278.8,4289,2693
2026-06-29T11:20:00+05:30,4289.6,4303,4286.9,4303,15860
2026-06-29T11:25:00+05:30,4302.8,4308,4293.9,4297,13168
2026-06-29T11:30:00+05:30,4298,4313.3,4297.8,4302.6,21719
2026-06-29T11:35:00+05:30,4302.6,4311,4301.5,4309,9333
2026-06-29T11:40:00+05:30,4308.6,4315.5,4306.4,4309,12469
2026-06-29T11:45:00+05:30,4309,4309.9,4304.1,4304.9,4152
2026-06-29T11:50:00+05:30,4304.7,4307.4,4302,4302,4041
2026-06-29T11:55:00+05:30,4302,4312.9,4301.6,4308.9,21576
2026-06-29T12:00:00+05:30,4308.9,4311.6,4306.4,4308.9,5175
2026-06-29T12:05:00+05:30,4307.4,4311.9,4305.3,4307.8,4150
2026-06-29T12:10:00+05:30,4306.5,4312.7,4303.7,4309.9,5232
2026-06-29T12:15:00+05:30,4315.4,4315.9,4300,4303.8,30109
2026-06-29T12:20:00+05:30,4303.8,4313.4,4303,4307.1,7540
2026-06-29T12:25:00+05:30,4307,4307.3,4300.8,4302.9,3829
2026-06-29T12:30:00+05:30,4302.9,4304.8,4299.1,4300,7087
2026-06-29T12:35:00+05:30,4300,4306,4297,4300.1,5146
2026-06-29T12:40:00+05:30,4300,4303.7,4300,4302.9,4093
2026-06-29T12:45:00+05:30,4302.9,4309.9,4302.2,4306,3671
2026-06-29T12:50:00+05:30,4303.1,4309,4303.1,4309,4332
2026-06-29T12:55:00+05:30,4309,4320.6,4309,4318,9192
2026-06-29T13:00:00+05:30,4318,4320.6,4315,4315.8,3855
2026-06-29T13:05:00+05:30,4315.8,4321,4315,4320,5208
2026-06-29T13:10:00+05:30,4323,4330,4318.5,4327,13262
2026-06-29T13:15:00+05:30,4325.1,4326.6,4316,4318.8,3891
2026-06-29T13:20:00+05:30,4318.8,4328,4318.8,4326,4107
2026-06-29T13:25:00+05:30,4325.5,4330.8,4325.4,4327,3513
2026-06-29T13:30:00+05:30,4327,4328.7,4325,4325,2974
2026-06-29T13:35:00+05:30,4325,4328.7,4325,4327.4,1648
2026-06-29T13:40:00+05:30,4326.2,4327.5,4316.4,4325,10658
2026-06-29T13:45:00+05:30,4325,4328.1,4323.9,4325,4068
2026-06-29T13:50:00+05:30,4325,4325,4320.6,4325,6494
2026-06-29T13:55:00+05:30,4323.1,4327.2,4322.6,4325.9,3583
2026-06-29T14:00:00+05:30,4325.9,4334.9,4325.3,4325.3,6196
2026-06-29T14:05:00+05:30,4325.3,4328,4325,4325.1,1214
2026-06-29T14:10:00+05:30,4325,4327.8,4325,4325.6,1131
2026-06-29T14:15:00+05:30,4325.4,4330.2,4325,4330.2,2809
2026-06-29T14:20:00+05:30,4330.2,4340.2,4328,4328,13448
2026-06-29T14:25:00+05:30,4328,4330,4321.9,4325,4131
2026-06-29T14:30:00+05:30,4325,4330,4324.4,4326.9,9763
2026-06-29T14:35:00+05:30,4325.5,4325.5,4320.2,4325,6334
2026-06-29T14:40:00+05:30,4325,4326,4320.2,4322.6,8085
2026-06-29T14:45:00+05:30,4322.6,4326.7,4320.7,4324.7,8672
2026-06-29T14:50:00+05:30,4324.7,4324.7,4315,4322.4,9126
2026-06-29T14:55:00+05:30,4323.6,4323.6,4316.4,4316.4,11370
2026-06-29T15:00:00+05:30,4318.9,4337.2,4317.1,4330.7,60832
2026-06-29T15:05:00+05:30,4330.7,4339.9,4329.1,4337.7,44701
2026-06-29T15:10:00+05:30,4336.4,4342.9,4333.6,4342.9,46313
2026-06-29T15:15:00+05:30,4343.5,4353,4342.9,4351.2,46704
2026-06-29T15:20:00+05:30,4350.7,4369.1,4350.7,4354.5,53093
2026-06-29T15:25:00+05:30,4354.8,4366.5,4325.3,4351,36511
2026-06-30T09:15:00+05:30,4356.3,4370.7,4326.1,4365.4,21795
2026-06-30T09:20:00+05:30,4364.8,4395,4360.6,4378.4,29003
2026-06-30T09:25:00+05:30,4377,4397.2,4377,4391,26020
2026-06-30T09:30:00+05:30,4392,4392.8,4381,4382.7,8870
2026-06-30T09:35:00+05:30,4382.7,4388.7,4375,4384.6,12060
2026-06-30T09:40:00+05:30,4383.3,4399,4382.8,4396,19612
2026-06-30T09:45:00+05:30,4396,4398.4,4384.2,4386.7,7932
2026-06-30T09:50:00+05:30,4385.2,4393.5,4383.3,4389.6,5833
2026-06-30T09:55:00+05:30,4389.6,4389.6,4382.8,4385.4,4672
2026-06-30T10:00:00+05:30,4385.4,4389.3,4375,4386.6,15574
2026-06-30T10:05:00+05:30,4386.6,4388,4371,4375.1,16956
2026-06-30T10:10:00+05:30,4376.8,4383.9,4371.1,4375.5,22362
2026-06-30T10:15:00+05:30,4375.5,4378.4,4375,4376.3,2751
2026-06-30T10:20:00+05:30,4376.4,4380.7,4370.7,4377.1,20210
2026-06-30T10:25:00+05:30,4375,4377.4,4368.2,4370,5872
2026-06-30T10:30:00+05:30,4368.5,4370.8,4357.6,4364.1,21502
2026-06-30T10:35:00+05:30,4364.1,4367.9,4360,4362.8,2823
2026-06-30T10:40:00+05:30,4363,4363,4359.9,4361.4,3485
2026-06-30T10:45:00+05:30,4361.5,4369,4358.5,4369,3005
2026-06-30T10:50:00+05:30,4368.2,4375,4367.5,4367.5,5654
2026-06-30T10:55:00+05:30,4367.5,4368,4362,4362,1402
2026-06-30T11:00:00+05:30,4362,4372.6,4359.7,4371.9,3953
2026-06-30T11:05:00+05:30,4371.9,4377.2,4369.5,4377.2,5181
2026-06-30T11:10:00+05:30,4376.9,4380.8,4371.7,4380.4,7521
2026-06-30T11:15:00+05:30,4380.4,4390,4379,4389.1,6739
2026-06-30T11:20:00+05:30,4389.1,4414.5,4387,4410.9,33643
2026-06-30T11:25:00+05:30,4410.9,4412,4402,4402.6,7361
2026-06-30T11:30:00+05:30,4403,4404,4400.2,4403.5,6363
2026-06-30T11:35:00+05:30,4402.9,4410,4401,4409.8,6258
2026-06-30T11:40:00+05:30,4408.1,4412,4402.8,4406.2,11299
2026-06-30T11:45:00+05:30,4406.2,4407.7,4401,4401,3572
2026-06-30T11:50:00+05:30,4401,4403.9,4400,4402.7,2274
2026-06-30T11:55:00+05:30,4402.7,4406,4400,4400.3,2114
2026-06-30T12:00:00+05:30,4402,4403.1,4398.1,4400.6,10984
2026-06-30T12:05:00+05:30,4400.6,4400.8,4392.8,4395,7024
2026-06-30T12:10:00+05:30,4395,4395,4388.5,4390.7,3609
2026-06-30T12:15:00+05:30,4389.4,4396.6,4385.6,4394.8,4819
2026-06-30T12:20:00+05:30,4393.1,4395.2,4390.1,4392.2,1677
2026-06-30T12:25:00+05:30,4392.9,4393.7,4390.2,4392,2808
2026-06-30T12:30:00+05:30,4392,4392.1,4376.8,4379.9,9693
2026-06-30T12:35:00+05:30,4379.9,4389,4379.7,4389,4133
2026-06-30T12:40:00+05:30,4389,4389,4385,4385,758
2026-06-30T12:45:00+05:30,4386.4,4387,4382.1,4382.5,887
2026-06-30T12:50:00+05:30,4382.1,4383.7,4378.1,4381.1,1869
2026-06-30T12:55:00+05:30,4381.1,4382.5,4379,4380.8,617
2026-06-30T13:00:00+05:30,4380.8,4384.8,4379.8,4382.7,960
2026-06-30T13:05:00+05:30,4382.5,4395.6,4382.5,4390,13226
2026-06-30T13:10:00+05:30,4390,4394.2,4383.6,4384.2,3050
2026-06-30T13:15:00+05:30,4384.8,4402.6,4384.1,4400,28768
2026-06-30T13:20:00+05:30,4400,4401.8,4393,4394,4646
2026-06-30T13:25:00+05:30,4394,4399.8,4394,4397,1687
2026-06-30T13:30:00+05:30,4397,4398.7,4391.4,4397.5,2688
2026-06-30T13:35:00+05:30,4397.5,4399.9,4394.8,4397.8,1398
2026-06-30T13:40:00+05:30,4396.7,4401.9,4396,4400,8916
2026-06-30T13:45:00+05:30,4400.3,4401,4397.8,4399.6,18619
2026-06-30T13:50:00+05:30,4399.6,4401.5,4395.6,4398.4,1268
2026-06-30T13:55:00+05:30,4398.4,4404,4393.6,4402.1,12839
2026-06-30T14:00:00+05:30,4402.1,4403,4399.1,4399.5,9354
2026-06-30T14:05:00+05:30,4400,4403,4399.3,4400,7132
2026-06-30T14:10:00+05:30,4400.3,4401,4399.1,4400,6095
2026-06-30T14:15:00+05:30,4400.6,4401.6,4396.6,4399.6,6256
2026-06-30T14:20:00+05:30,4399.6,4409.5,4396.6,4409.5,20492
2026-06-30T14:25:00+05:30,4408.3,4423.5,4408.3,4413.1,26850
2026-06-30T14:30:00+05:30,4412.2,4414.8,4406,4407,3213
2026-06-30T14:35:00+05:30,4406.7,4409.8,4403.2,4407.8,2120
2026-06-30T14:40:00+05:30,4406.2,4418,4406,4415.8,5942
2026-06-30T14:45:00+05:30,4415.8,4416.2,4410,4412.7,3119
2026-06-30T14:50:00+05:30,4412.7,4412.9,4407.6,4407.9,3181
2026-06-30T14:55:00+05:30,4409,4409,4401.4,4404.1,3149
2026-06-30T15:00:00+05:30,4402,4402,4383.9,4384,30073
2026-06-30T15:05:00+05:30,4384,4384,4375,4375.3,21778
2026-06-30T15:10:00+05:30,4375.3,4378.7,4366.5,4378.6,40165
2026-06-30T15:15:00+05:30,4378.6,4380.6,4374.7,4378.8,26484
2026-06-30T15:20:00+05:30,4378.1,4387.4,4376.2,4381.7,54887
2026-06-30T15:25:00+05:30,4381.7,4390,4377.7,4377.7,31105
2026-07-01T09:15:00+05:30,4387.9,4406.7,4387.9,4398.4,15182
2026-07-01T09:20:00+05:30,4398.4,4399.9,4392.5,4393.5,7246
2026-07-01T09:25:00+05:30,4393.4,4393.4,4382,4389.1,10082
2026-07-01T09:30:00+05:30,4387.4,4398.5,4382.4,4397.4,9006
2026-07-01T09:35:00+05:30,4398.7,4412.4,4398,4401.1,9653
2026-07-01T09:40:00+05:30,4401.1,4403,4393,4399.5,3351
2026-07-01T09:45:00+05:30,4399.5,4400.1,4392,4393.1,2944
2026-07-01T09:50:00+05:30,4393,4396.7,4391.2,4395,3055
2026-07-01T09:55:00+05:30,4394.6,4397.6,4392,4396,2012
2026-07-01T10:00:00+05:30,4398.9,4414,4397.7,4411.1,7358
2026-07-01T10:05:00+05:30,4411.1,4418,4405.4,4415.8,14403
2026-07-01T10:10:00+05:30,4416.2,4418,4406.6,4413,11503
2026-07-01T10:15:00+05:30,4413.8,4421.9,4412,4420,9743
2026-07-01T10:20:00+05:30,4421.5,4424.9,4417.6,4418.1,7445
2026-07-01T10:25:00+05:30,4418.1,4421.5,4412,4420,6834
2026-07-01T10:30:00+05:30,4420,4424,4419,4420.5,4812
2026-07-01T10:35:00+05:30,4420.5,4423,4416.1,4417.9,4216
2026-07-01T10:40:00+05:30,4417.9,4419,4415,4418.1,2909
2026-07-01T10:45:00+05:30,4417.5,4433.6,4417.5,4433.6,15398
2026-07-01T10:50:00+05:30,4433.1,4448,4428.8,4442,29227
2026-07-01T10:55:00+05:30,4442,4444.7,4432.5,4443.3,9875
2026-07-01T11:00:00+05:30,4443,4464,4443,4457.5,28553
2026-07-01T11:05:00+05:30,4457.5,4460,4449.5,4451.6,6684
2026-07-01T11:10:00+05:30,4450.5,4454.8,4449.5,4453.5,4945
2026-07-01T11:15:00+05:30,4453.5,4454.8,4446.5,4447.8,5225
2026-07-01T11:20:00+05:30,4447.2,4448,4444,4446,7230
2026-07-01T11:25:00+05:30,4446,4449.4,4444.1,4448.9,2609
2026-07-01T11:30:00+05:30,4448,4449,4445,4445.2,1698
2026-07-01T11:35:00+05:30,4445.2,4445.6,4437.5,4441,7097
2026-07-01T11:40:00+05:30,4441,4444,4437.5,4443.8,2525
2026-07-01T11:45:00+05:30,4443.8,4443.8,4438.5,4442,2505
2026-07-01T11:50:00+05:30,4441,4441.8,4437,4438.7,3116
2026-07-01T11:55:00+05:30,4438.7,4440,4432.2,4437.8,4326
2026-07-01T12:00:00+05:30,4437.8,4441,4433.1,4435,2844
2026-07-01T12:05:00+05:30,4435,4441.2,4433.1,4441.1,3979
2026-07-01T12:10:00+05:30,4441.1,4443,4436.9,4440.1,3784
2026-07-01T12:15:00+05:30,4440.3,4441.7,4436.2,4439.3,6905
2026-07-01T12:20:00+05:30,4439.3,4442.7,4437,4439.5,2130
2026-07-01T12:25:00+05:30,4439.5,4439.5,4429.7,4432.1,6841
2026-07-01T12:30:00+05:30,4432.2,4438.4,4431.8,4434.1,1600
2026-07-01T12:35:00+05:30,4435.8,4436.8,4431.5,4432.7,1454
2026-07-01T12:40:00+05:30,4432.7,4434.4,4420.9,4426.9,6211
2026-07-01T12:45:00+05:30,4426.9,4436,4425.3,4433,2231
2026-07-01T12:50:00+05:30,4433,4435,4430,4434.8,1955
2026-07-01T12:55:00+05:30,4434.8,4437.7,4433,4435.5,1864
2026-07-01T13:00:00+05:30,4435.5,4437,4428,4432.5,2203
2026-07-01T13:05:00+05:30,4432.5,4433.5,4430,4431.2,1297
2026-07-01T13:10:00+05:30,4431.2,4435,4430,4434.3,3847
2026-07-01T13:15:00+05:30,4434.3,4434.5,4430.3,4431.6,1823
2026-07-01T13:20:00+05:30,4433,4435,4430.1,4432.2,1276
2026-07-01T13:25:00+05:30,4432.1,4433,4430,4430.3,1321
2026-07-01T13:30:00+05:30,4431.9,4433,4430,4430.9,1492
2026-07-01T13:35:00+05:30,4430.9,4434,4430.6,4432.1,2603
2026-07-01T13:40:00+05:30,4432.1,4437.5,4432,4435,3257
2026-07-01T13:45:00+05:30,4434.3,4435,4431.1,4432,625
2026-07-01T13:50:00+05:30,4432,4454.8,4431.1,4439,13542
2026-07-01T13:55:00+05:30,4438.6,4440.3,4434.2,4434.9,1310
2026-07-01T14:00:00+05:30,4433,4437.1,4431.1,4436.7,1132
2026-07-01T14:05:00+05:30,4435.6,4442,4434.3,4441.5,1560
2026-07-01T14:10:00+05:30,4441.5,4443.4,4438.8,4438.9,2026
2026-07-01T14:15:00+05:30,4438.9,4440.4,4433,4434,1130
2026-07-01T14:20:00+05:30,4434,4437,4432.3,4436.6,1915
2026-07-01T14:25:00+05:30,4436.6,4440.6,4434.1,4436.2,2964
2026-07-01T14:30:00+05:30,4435.6,4437.6,4435,4436.8,2319
2026-07-01T14:35:00+05:30,4437.2,4437.3,4430,4431.3,5219
2026-07-01T14:40:00+05:30,4430,4438.1,4427.9,4437.5,4112
2026-07-01T14:45:00+05:30,4437.5,4437.5,4428.1,4428.1,1928
2026-07-01T14:50:00+05:30,4428.1,4455.6,4428.1,4454.8,13112
2026-07-01T14:55:00+05:30,4454.8,4454.8,4443,4443.2,6945
2026-07-01T15:00:00+05:30,4444.1,4444.7,4435,4443.9,12830
2026-07-01T15:05:00+05:30,4443.9,4445,4436.7,4437.4,7238
2026-07-01T15:10:00+05:30,4437.4,4440.5,4436.5,4440.5,9531
2026-07-01T15:15:00+05:30,4440,4443.8,4435,4435,14541
2026-07-01T15:20:00+05:30,4435.7,4435.7,4425,4430,23150
2026-07-01T15:25:00+05:30,4430,4431.6,4425,4426.6,17180
2026-07-02T09:15:00+05:30,4431,4459.6,4431,4444.9,15322
2026-07-02T09:20:00+05:30,4445.5,4445.5,4428.5,4437.6,8850
2026-07-02T09:25:00+05:30,4437.7,4439.7,4428.5,4430.9,5955
2026-07-02T09:30:00+05:30,4430.3,4430.9,4414.3,4418.2,8414
2026-07-02T09:35:00+05:30,4417,4420,4413,4418.6,7280
2026-07-02T09:40:00+05:30,4418.1,4419.9,4411.2,4417.5,7875
2026-07-02T09:45:00+05:30,4417.5,4433.2,4416,4433.2,5962
2026-07-02T09:50:00+05:30,4433.2,4435,4426.9,4435,4178
2026-07-02T09:55:00+05:30,4435,4439,4430.3,4435,2950
2026-07-02T10:00:00+05:30,4435,4444,4435,4444,6180
2026-07-02T10:05:00+05:30,4444,4444.8,4435.8,4436,3716
2026-07-02T10:10:00+05:30,4436,4443.2,4436,4438,3810
2026-07-02T10:15:00+05:30,4437.1,4443.2,4436.6,4441,2424
2026-07-02T10:20:00+05:30,4441,4441,4436,4439.4,1281
2026-07-02T10:25:00+05:30,4439.4,4440,4435.2,4436.1,1890
2026-07-02T10:30:00+05:30,4437,4447,4436.3,4447,4921
2026-07-02T10:35:00+05:30,4447,4447,4444,4446.5,2190
2026-07-02T10:40:00+05:30,4446.5,4446.5,4442.5,4444,1726
2026-07-02T10:45:00+05:30,4444,4444,4438,4440.7,2590
2026-07-02T10:50:00+05:30,4440.7,4444.8,4439,4441.7,2163
2026-07-02T10:55:00+05:30,4442.3,4446.7,4441.6,4446.4,1829
2026-07-02T11:00:00+05:30,4446.5,4446.6,4442.1,4444.9,1711
2026-07-02T11:05:00+05:30,4445,4445,4440,4442.2,943
2026-07-02T11:10:00+05:30,4444,4445,4441,4441,3132
2026-07-02T11:15:00+05:30,4442.9,4443.9,4440,4443.1,1241
2026-07-02T11:20:00+05:30,4443.1,4443.1,4437.4,4439.1,886
2026-07-02T11:25:00+05:30,4439.1,4441,4435.8,4438,1460
2026-07-02T11:30:00+05:30,4436.2,4438,4434.5,4435,1078
2026-07-02T11:35:00+05:30,4436.2,4437,4434.5,4435.9,1705
2026-07-02T11:40:00+05:30,4435.9,4435.9,4431.2,4433.8,2557
2026-07-02T11:45:00+05:30,4433.8,4435.5,4431.1,4431.6,1248
2026-07-02T11:50:00+05:30,4433.4,4435,4431.8,4434,2343
2026-07-02T11:55:00+05:30,4434.3,4439.1,4433,4435.9,4339
2026-07-02T12:00:00+05:30,4435.9,4438.4,4433.7,4435.8,2373
2026-07-02T12:05:00+05:30,4435.8,4439,4434.3,4434.5,693
2026-07-02T12:10:00+05:30,4436,4436,4428.1,4431.1,2292
2026-07-02T12:15:00+05:30,4433,4433.3,4428.9,4432.9,1746
2026-07-02T12:20:00+05:30,4432.8,4433,4430,4430.2,1059
2026-07-02T12:25:00+05:30,4432.1,4432.6,4430,4431,969
2026-07-02T12:30:00+05:30,4431,4432.9,4429,4430.8,4370
2026-07-02T12:35:00+05:30,4430.7,4431,4426.4,4426.9,2623
2026-07-02T12:40:00+05:30,4426.4,4430,4425,4425,3161
2026-07-02T12:45:00+05:30,4425,4425,4420,4420.9,3355
2026-07-02T12:50:00+05:30,4420.2,4427.3,4418,4426.6,2220
2026-07-02T12:55:00+05:30,4426.6,4426.6,4420.1,4421.9,1174
2026-07-02T13:00:00+05:30,4421.9,4425,4420.7,4425,1384
2026-07-02T13:05:00+05:30,4425,4428.2,4422.8,4427.1,1252
2026-07-02T13:10:00+05:30,4427,4429.9,4426.4,4428.3,823
2026-07-02T13:15:00+05:30,4429,4432.9,4428.2,4432.9,2025
2026-07-02T13:20:00+05:30,4432.9,4440,4431.8,4437.6,2649
2026-07-02T13:25:00+05:30,4437.6,4438.3,4431.5,4431.6,1612
2026-07-02T13:30:00+05:30,4431.6,4432.4,4429,4432.4,972
2026-07-02T13:35:00+05:30,4431.9,4433.5,4428.1,4430.9,1014
2026-07-02T13:40:00+05:30,4430,4432.4,4429,4429.6,820
2026-07-02T13:45:00+05:30,4429.6,4429.6,4420,4422.2,1901
2026-07-02T13:50:00+05:30,4422.2,4427.5,4420.7,4427.3,1190
2026-07-02T13:55:00+05:30,4427.3,4428.5,4422.5,4427.9,877
2026-07-02T14:00:00+05:30,4427.9,4429.8,4425.1,4426.8,1562
2026-07-02T14:05:00+05:30,4426.8,4429,4422.9,4424.5,793
2026-07-02T14:10:00+05:30,4424.5,4425,4422,4423.6,529
2026-07-02T14:15:00+05:30,4423.6,4424.3,4422,4422,1242
2026-07-02T14:20:00+05:30,4422,4426,4422,4423.4,4411
2026-07-02T14:25:00+05:30,4423.4,4424,4410.9,4413,8116
2026-07-02T14:30:00+05:30,4413,4425,4411.1,4420.6,4059
2026-07-02T14:35:00+05:30,4420.6,4424.6,4416.4,4420.1,5693
2026-07-02T14:40:00+05:30,4421.9,4424.8,4418.5,4421.1,3163
2026-07-02T14:45:00+05:30,4421.1,4434,4419.2,4433.8,10488
2026-07-02T14:50:00+05:30,4433.6,4438,4429.9,4434.2,6205
2026-07-02T14:55:00+05:30,4434.2,4439,4431.6,4439,4356
2026-07-02T15:00:00+05:30,4438.9,4439,4434,4436,7442
2026-07-02T15:05:00+05:30,4436.4,4439.9,4434,4439.1,10672
2026-07-02T15:10:00+05:30,4439.1,4439.1,4432.1,4434.6,10472
2026-07-02T15:15:00+05:30,4433.5,4435.1,4430.4,4432.6,10124
2026-07-02T15:20:00+05:30,4432.6,4437.1,4430,4430.1,16769
2026-07-02T15:25:00+05:30,4433.6,4433.6,4425.1,4425.1,8062
2026-07-03T09:15:00+05:30,4456.2,4477.6,4444.9,4453.3,29756
2026-07-03T09:20:00+05:30,4453.3,4478,4450.1,4472.5,18821
2026-07-03T09:25:00+05:30,4472.5,4478,4467.2,4473,16980
2026-07-03T09:30:00+05:30,4473.4,4484,4469.4,4477.9,23513
2026-07-03T09:35:00+05:30,4475.6,4494.6,4475.6,4481.6,26284
2026-07-03T09:40:00+05:30,4482,4497.8,4482,4497,17612
2026-07-03T09:45:00+05:30,4497,4502.4,4472.2,4481.4,35299
2026-07-03T09:50:00+05:30,4481.4,4494,4480,4492.5,8492
2026-07-03T09:55:00+05:30,4494,4497.2,4484,4488.3,16070
2026-07-03T10:00:00+05:30,4488.3,4489.1,4479.5,4481.3,4211
2026-07-03T10:05:00+05:30,4481,4490,4480,4487,6809
2026-07-03T10:10:00+05:30,4487,4487,4479,4481.6,4988
2026-07-03T10:15:00+05:30,4480.6,4484.2,4479.2,4480,6630
2026-07-03T10:20:00+05:30,4480,4482.8,4477.8,4480,5027
2026-07-03T10:25:00+05:30,4480,4485,4480,4484.9,3845
2026-07-03T10:30:00+05:30,4485.4,4488,4480,4480.3,5037
2026-07-03T10:35:00+05:30,4480.8,4482,4478.7,4481,2177
2026-07-03T10:40:00+05:30,4481,4485,4480,4480.6,2772
2026-07-03T10:45:00+05:30,4480.6,4482.9,4478.4,4482.3,6282
2026-07-03T10:50:00+05:30,4480.2,4482.2,4479.6,4481.1,4437
2026-07-03T10:55:00+05:30,4481,4485,4480,4480.8,3350
2026-07-03T11:00:00+05:30,4480.8,4482,4478.6,4480,5205
2026-07-03T11:05:00+05:30,4480,4481.8,4479.7,4480,8901
2026-07-03T11:10:00+05:30,4480,4480.8,4465.3,4469.8,15358
2026-07-03T11:15:00+05:30,4469.8,4474.4,4467.1,4473.7,3413
2026-07-03T11:20:00+05:30,4473.9,4474,4469.5,4470.1,1789
2026-07-03T11:25:00+05:30,4470.5,4473.5,4465.8,4470,7802
2026-07-03T11:30:00+05:30,4470,4471.9,4465.2,4470,21263
2026-07-03T11:35:00+05:30,4470,4472,4464.3,4465,5383
2026-07-03T11:40:00+05:30,4465,4467.5,4463.1,4466.7,12265
2026-07-03T11:45:00+05:30,4466.7,4466.7,4462.7,4465.1,15123
2026-07-03T11:50:00+05:30,4465.1,4473,4465,4471.9,3353
2026-07-03T11:55:00+05:30,4471.9,4477.2,4471.6,4477.2,2028
2026-07-03T12:00:00+05:30,4477.2,4477.2,4474.1,4476.3,2370
2026-07-03T12:05:00+05:30,4476.5,4477,4471.7,4473.8,1629
2026-07-03T12:10:00+05:30,4474,4475,4469.1,4470.3,1036
2026-07-03T12:15:00+05:30,4470.3,4475,4470,4474.5,1788
2026-07-03T12:20:00+05:30,4474.5,4474.8,4471.4,4473.7,1000
2026-07-03T12:25:00+05:30,4473.7,4474.7,4471.9,4473.4,2351
2026-07-03T12:30:00+05:30,4473.4,4475,4472.6,4472.6,645
2026-07-03T12:35:00+05:30,4472.4,4475,4465.4,4469.1,3490
2026-07-03T12:40:00+05:30,4469.1,4469.3,4465.2,4467,2514
2026-07-03T12:45:00+05:30,4466.4,4471.3,4465.4,4471.3,1998
2026-07-03T12:50:00+05:30,4471.3,4474.8,4469.4,4469.4,5329
2026-07-03T12:55:00+05:30,4470.1,4470.1,4468,4468.6,748
2026-07-03T13:00:00+05:30,4468.7,4469.9,4467,4468.1,1871
2026-07-03T13:05:00+05:30,4468.1,4468.4,4464.1,4465,3427
2026-07-03T13:10:00+05:30,4465,4469.9,4465,4466.5,3598
2026-07-03T13:15:00+05:30,4466.5,4467.9,4462.1,4466.2,10080
2026-07-03T13:20:00+05:30,4467.9,4467.9,4463.1,4465.6,2441
2026-07-03T13:25:00+05:30,4465.6,4467.2,4464.9,4465,5667
2026-07-03T13:30:00+05:30,4465,4465.5,4452.2,4461.6,12368
2026-07-03T13:35:00+05:30,4461.6,4465,4459.7,4463,9374
2026-07-03T13:40:00+05:30,4463,4465,4462,4462.3,1598
2026-07-03T13:45:00+05:30,4462.1,4468.5,4462,4464.5,2602
2026-07-03T13:50:00+05:30,4464.5,4468,4464.1,4466.5,1474
2026-07-03T13:55:00+05:30,4466.5,4466.5,4455,4455.3,2327
2026-07-03T14:00:00+05:30,4455.3,4457.3,4447.9,4448,6970
2026-07-03T14:05:00+05:30,4448,4453.4,4446.5,4453.4,4571
2026-07-03T14:10:00+05:30,4453.5,4459,4452.3,4453.9,3926
2026-07-03T14:15:00+05:30,4454.3,4456.3,4453,4455.2,2619
2026-07-03T14:20:00+05:30,4455.2,4456.3,4450,4456.3,3140
2026-07-03T14:25:00+05:30,4456.3,4460,4453.8,4458,2932
2026-07-03T14:30:00+05:30,4459.5,4464,4457.2,4460,3111
2026-07-03T14:35:00+05:30,4460,4461.4,4455.1,4455.3,2966
2026-07-03T14:40:00+05:30,4455.3,4462.3,4455.3,4461.5,4609
2026-07-03T14:45:00+05:30,4461.5,4463.5,4441.3,4441.3,24229
2026-07-03T14:50:00+05:30,4443.1,4443.1,4424.8,4429.8,13668
2026-07-03T14:55:00+05:30,4428.5,4433.8,4424,4426,5552
2026-07-03T15:00:00+05:30,4428,4437.1,4426.4,4433.4,11480
2026-07-03T15:05:00+05:30,4433.4,4437.6,4433,4434.9,7371
2026-07-03T15:10:00+05:30,4435,4435,4425.1,4427.6,8642
2026-07-03T15:15:00+05:30,4427.5,4429.9,4422.3,4429.3,14658
2026-07-03T15:20:00+05:30,4429.1,4430,4425.9,4427.8,14468
2026-07-03T15:25:00+05:30,4427.4,4428.1,4421.3,4427,11764
2026-07-06T09:15:00+05:30,4432,4457.2,4427.9,4455.2,27112
2026-07-06T09:20:00+05:30,4452.7,4483,4450,4477.9,28434
2026-07-06T09:25:00+05:30,4477.9,4498.2,4476.6,4483.8,35743
2026-07-06T09:30:00+05:30,4483.8,4485,4469.9,4470,16728
2026-07-06T09:35:00+05:30,4470,4470.4,4460,4461.9,9387
2026-07-06T09:40:00+05:30,4461.9,4466.4,4460.4,4463.7,7251
2026-07-06T09:45:00+05:30,4466,4468.3,4460.4,4463.4,4330
2026-07-06T09:50:00+05:30,4463.4,4469.9,4457.6,4467.3,6206
2026-07-06T09:55:00+05:30,4467.3,4476,4466.8,4470.2,10622
2026-07-06T10:00:00+05:30,4470.2,4474,4468.6,4469,3264
2026-07-06T10:05:00+05:30,4469,4472,4468.4,4470.6,3179
2026-07-06T10:10:00+05:30,4470.6,4481,4470.3,4473,9298
2026-07-06T10:15:00+05:30,4473,4478.9,4471.1,4477.6,2396
2026-07-06T10:20:00+05:30,4477.6,4479.4,4473.1,4476.9,4173
2026-07-06T10:25:00+05:30,4476.9,4477.6,4475.1,4475.8,2061
2026-07-06T10:30:00+05:30,4476,4477.6,4460.6,4465,6528
2026-07-06T10:35:00+05:30,4464.1,4473.9,4464.1,4467.1,3283
2026-07-06T10:40:00+05:30,4467.1,4474,4466,4474,2584
2026-07-06T10:45:00+05:30,4474,4474,4466.2,4469.4,2020
2026-07-06T10:50:00+05:30,4469.1,4469.1,4462.2,4465.3,2928
2026-07-06T10:55:00+05:30,4464.3,4464.3,4458.6,4460.4,4481
2026-07-06T11:00:00+05:30,4460.4,4470,4459.5,4470,4438
2026-07-06T11:05:00+05:30,4470,4471.4,4464.9,4466,2786
2026-07-06T11:10:00+05:30,4466,4467.9,4463.6,4465,3383
2026-07-06T11:15:00+05:30,4465,4467.7,4465,4466.4,2530
2026-07-06T11:20:00+05:30,4466.4,4468.7,4463.7,4467,3388
2026-07-06T11:25:00+05:30,4467,4470,4464.1,4467.1,2241
2026-07-06T11:30:00+05:30,4467.1,4472.4,4467.1,4471.6,4823
2026-07-06T11:35:00+05:30,4469.3,4484,4468,4480.6,12386
2026-07-06T11:40:00+05:30,4479.8,4481,4475.1,4475.7,3349
2026-07-06T11:45:00+05:30,4475.7,4476.7,4470,4470.8,2122
2026-07-06T11:50:00+05:30,4470.8,4477,4469,4473.7,2540
2026-07-06T11:55:00+05:30,4473.7,4476.4,4470.5,4474.5,1786
2026-07-06T12:00:00+05:30,4473.7,4474.3,4471.2,4473,2368
2026-07-06T12:05:00+05:30,4472.9,4477.6,4472,4477.6,2683
2026-07-06T12:10:00+05:30,4477.6,4478,4475.2,4477.3,3078
2026-07-06T12:15:00+05:30,4477.3,4477.4,4474.4,4477,2328
2026-07-06T12:20:00+05:30,4475.3,4477,4474.1,4476.8,3975
2026-07-06T12:25:00+05:30,4476.3,4477.2,4475.3,4475.6,2748
2026-07-06T12:30:00+05:30,4475.6,4478.2,4475,4477.5,4153
2026-07-06T12:35:00+05:30,4477.5,4477.7,4474.2,4476.6,2275
2026-07-06T12:40:00+05:30,4476.5,4476.5,4463,4464.6,6665
2026-07-06T12:45:00+05:30,4464.5,4466.1,4462.3,4462.7,2956
2026-07-06T12:50:00+05:30,4463.5,4463.8,4452,4456.1,11399
2026-07-06T12:55:00+05:30,4456.1,4456.1,4450.1,4452,3145
2026-07-06T13:00:00+05:30,4452,4453.8,4448,4448.5,4084
2026-07-06T13:05:00+05:30,4448.5,4450,4445.7,4447.9,3111
2026-07-06T13:10:00+05:30,4448.4,4451.9,4436.5,4436.5,5793
2026-07-06T13:15:00+05:30,4438.6,4438.6,4432.6,4435.8,6926
2026-07-06T13:20:00+05:30,4435.8,4448,4434,4447,6224
2026-07-06T13:25:00+05:30,4447,4450,4443,4450,2985
2026-07-06T13:30:00+05:30,4450,4455.1,4449,4451.2,3747
2026-07-06T13:35:00+05:30,4451.2,4452.1,4446.9,4449.6,2724
2026-07-06T13:40:00+05:30,4449.6,4453,4444,4445.6,2807
2026-07-06T13:45:00+05:30,4444.3,4447.7,4443,4443,2023
2026-07-06T13:50:00+05:30,4445.1,4445.1,4440.1,4443,2272
2026-07-06T13:55:00+05:30,4443,4443.3,4440,4442.2,2184
2026-07-06T14:00:00+05:30,4442.2,4446.9,4441.6,4446.5,1436
2026-07-06T14:05:00+05:30,4446.5,4447.3,4441,4445,2234
2026-07-06T14:10:00+05:30,4445,4446.1,4443.3,4445,1476
2026-07-06T14:15:00+05:30,4444,4445,4443,4443.2,1032
2026-07-06T14:20:00+05:30,4443.2,4443.4,4437,4440.1,4152
2026-07-06T14:25:00+05:30,4440.1,4443.1,4438.5,4443.1,2232
2026-07-06T14:30:00+05:30,4443.1,4448.6,4442.7,4448,2740
2026-07-06T14:35:00+05:30,4448.6,4448.6,4444.4,4444.4,1879
2026-07-06T14:40:00+05:30,4444.4,4445.3,4442.2,4442.4,1995
2026-07-06T14:45:00+05:30,4442.4,4442.4,4435,4436.3,3214
2026-07-06T14:50:00+05:30,4436.3,4440,4435,4439.3,4427
2026-07-06T14:55:00+05:30,4439.3,4441.4,4434.6,4435.8,4417
2026-07-06T15:00:00+05:30,4437.4,4443.6,4435.9,4439.9,18401
2026-07-06T15:05:00+05:30,4439.9,4445,4439.9,4442.7,5866
2026-07-06T15:10:00+05:30,4442.7,4442.9,4437.5,4438.3,8976
2026-07-06T15:15:00+05:30,4438.9,4445,4438.7,4440.5,15311
2026-07-06T15:20:00+05:30,4441,4442.2,4438.1,4440.8,16932
2026-07-06T15:25:00+05:30,4442.5,4443.1,4439.5,4440.5,14402
2026-07-07T09:15:00+05:30,4440,4441.4,4411.1,4416,21946
2026-07-07T09:20:00+05:30,4416,4416,4389,4393.1,16627
2026-07-07T09:25:00+05:30,4394,4403.9,4392.7,4399,5999
2026-07-07T09:30:00+05:30,4399,4410,4393,4403.7,7108
2026-07-07T09:35:00+05:30,4403.7,4414,4403,4408,7006
2026-07-07T09:40:00+05:30,4408,4409.7,4400,4403.8,4701
2026-07-07T09:45:00+05:30,4403.8,4403.8,4380,4382.6,12111
2026-07-07T09:50:00+05:30,4381.7,4389.8,4381,4386,6485
2026-07-07T09:55:00+05:30,4386,4386.4,4380.5,4382.6,5222
2026-07-07T10:00:00+05:30,4382.6,4403.6,4382.6,4390.5,8341
2026-07-07T10:05:00+05:30,4390,4395,4388,4392.3,3288
2026-07-07T10:10:00+05:30,4392.3,4393.1,4385,4387,3608
2026-07-07T10:15:00+05:30,4387,4394.3,4386,4393.1,4278
2026-07-07T10:20:00+05:30,4393,4399.8,4391.8,4395.4,4362
2026-07-07T10:25:00+05:30,4395.4,4398.6,4391.2,4397.5,3311
2026-07-07T10:30:00+05:30,4397.5,4399.9,4395.3,4398,3149
2026-07-07T10:35:00+05:30,4398.8,4398.8,4391,4394.3,10226
2026-07-07T10:40:00+05:30,4394.3,4395.5,4384,4385,6517
2026-07-07T10:45:00+05:30,4385,4387.5,4382,4387.3,2674
2026-07-07T10:50:00+05:30,4387.3,4387.3,4375.1,4379.3,7981
2026-07-07T10:55:00+05:30,4379.3,4390,4378.1,4388.4,6854
2026-07-07T11:00:00+05:30,4388.4,4406,4388.4,4406,12070
2026-07-07T11:05:00+05:30,4408,4409,4402.2,4404.2,5401
2026-07-07T11:10:00+05:30,4404.2,4407.6,4403.6,4405,2525
2026-07-07T11:15:00+05:30,4405,4413.2,4403.2,4404.4,7792
2026-07-07T11:20:00+05:30,4404.4,4423.7,4404,4419.5,20744
2026-07-07T11:25:00+05:30,4419.5,4424.6,4416,4424.3,6131
2026-07-07T11:30:00+05:30,4424.3,4428.4,4419.8,4421.3,5538
2026-07-07T11:35:00+05:30,4421.3,4421.7,4415.6,4417.4,2451
2026-07-07T11:40:00+05:30,4417.4,4423.5,4415.5,4417,2774
2026-07-07T11:45:00+05:30,4417,4419.9,4416.3,4417.1,1775
2026-07-07T11:50:00+05:30,4417.1,4417.1,4410,4411.5,3780
2026-07-07T11:55:00+05:30,4411.5,4412.3,4410.2,4411.1,3319
2026-07-07T12:00:00+05:30,4410.2,4414.6,4410.2,4413.9,6059
2026-07-07T12:05:00+05:30,4413.8,4414.3,4407.8,4409.8,3418
2026-07-07T12:10:00+05:30,4409.8,4409.9,4399.6,4399.6,5647
2026-07-07T12:15:00+05:30,4399.6,4406.1,4399.6,4400.8,2818
2026-07-07T12:20:00+05:30,4401,4404.5,4400,4402.8,3211
2026-07-07T12:25:00+05:30,4402.9,4406.6,4400,4402,2744
2026-07-07T12:30:00+05:30,4402,4407,4400.2,4404.7,2756
2026-07-07T12:35:00+05:30,4404.7,4406.4,4392.7,4403.9,7360
2026-07-07T12:40:00+05:30,4403.9,4403.9,4402,4403,1096
2026-07-07T12:45:00+05:30,4403,4404.8,4400,4403.1,2776
2026-07-07T12:50:00+05:30,4403.1,4405.5,4398.4,4403.5,2468
2026-07-07T12:55:00+05:30,4403.5,4405.3,4401.9,4403.7,1645
2026-07-07T13:00:00+05:30,4402.8,4404,4400.1,4402.2,2994
2026-07-07T13:05:00+05:30,4402.2,4404,4400,4401.7,1818
2026-07-07T13:10:00+05:30,4401.7,4402,4389.6,4391.1,10872
2026-07-07T13:15:00+05:30,4391.1,4402.5,4387,4400,8824
2026-07-07T13:20:00+05:30,4400,4401.2,4395.4,4396.8,8113
2026-07-07T13:25:00+05:30,4396.8,4405,4396.5,4403.2,2641
2026-07-07T13:30:00+05:30,4404,4404,4402,4402.5,1717
2026-07-07T13:35:00+05:30,4402.5,4403.5,4401.5,4402,1204
2026-07-07T13:40:00+05:30,4402,4404,4400.1,4402.3,2164
2026-07-07T13:45:00+05:30,4402.3,4405,4402.3,4404,2304
2026-07-07T13:50:00+05:30,4403.4,4406.5,4403,4406,2126
2026-07-07T13:55:00+05:30,4406,4409.6,4405.2,4409.5,1773
2026-07-07T14:00:00+05:30,4409.5,4409.5,4405,4409.5,2248
2026-07-07T14:05:00+05:30,4407.7,4415,4407.7,4412,3869
2026-07-07T14:10:00+05:30,4412,4412,4407.9,4408.2,1408
2026-07-07T14:15:00+05:30,4408,4410.6,4404.9,4407.8,2663
2026-07-07T14:20:00+05:30,4407.8,4408.5,4404.9,4404.9,1687
2026-07-07T14:25:00+05:30,4404.9,4410.1,4404.2,4408.9,3261
2026-07-07T14:30:00+05:30,4409.7,4410.1,4407.9,4409.8,2804
2026-07-07T14:35:00+05:30,4408.5,4410.5,4405.6,4409.3,3038
2026-07-07T14:40:00+05:30,4407.7,4410.2,4405,4406.4,3959
2026-07-07T14:45:00+05:30,4406.4,4409.4,4405.5,4407.2,3334
2026-07-07T14:50:00+05:30,4407.2,4410.2,4403,4403.6,3200
2026-07-07T14:55:00+05:30,4403.6,4405.5,4402,4404.9,2732
2026-07-07T15:00:00+05:30,4400.8,4403.2,4395,4400,24873
2026-07-07T15:05:00+05:30,4401.7,4402.4,4397.3,4399.5,13831
2026-07-07T15:10:00+05:30,4399.3,4403,4397.7,4402.6,11356
2026-07-07T15:15:00+05:30,4403.6,4405.7,4396.4,4401.3,14576
2026-07-07T15:20:00+05:30,4400.6,4404.6,4400,4402.4,23784
2026-07-07T15:25:00+05:30,4402.4,4403.9,4396.1,4401,18778
2026-07-08T09:15:00+05:30,4382.6,4399,4373.3,4391.7,16162
2026-07-08T09:20:00+05:30,4392,4400,4384.1,4384.8,12324
2026-07-08T09:25:00+05:30,4384.1,4395.9,4376.1,4392.9,11111
2026-07-08T09:30:00+05:30,4392.9,4395,4387,4394.8,4070
2026-07-08T09:35:00+05:30,4394.8,4398,4386.9,4393.1,8274
2026-07-08T09:40:00+05:30,4393.5,4399,4387.1,4390.5,5779
2026-07-08T09:45:00+05:30,4388.8,4390.4,4377.6,4380.5,4789
2026-07-08T09:50:00+05:30,4379,4383.6,4376.1,4376.1,3869
2026-07-08T09:55:00+05:30,4376.1,4384.9,4375.7,4384,3081
2026-07-08T10:00:00+05:30,4384,4384.4,4377,4379.8,3445
2026-07-08T10:05:00+05:30,4379.8,4379.8,4371,4375.1,8341
2026-07-08T10:10:00+05:30,4375.1,4382,4374.1,4381.9,1626
2026-07-08T10:15:00+05:30,4380.8,4386.1,4380,4384.5,3076
2026-07-08T10:20:00+05:30,4384.5,4397,4383.4,4395.6,3836
2026-07-08T10:25:00+05:30,4395.6,4407.9,4393.1,4402.5,7522
2026-07-08T10:30:00+05:30,4401.7,4410,4399,4407.9,5767
2026-07-08T10:35:00+05:30,4407.9,4408.4,4403.5,4407.3,3646
2026-07-08T10:40:00+05:30,4408,4409.5,4401.5,4408,2754
2026-07-08T10:45:00+05:30,4407.8,4412.8,4406,4406.5,2793
2026-07-08T10:50:00+05:30,4408,4420,4406.4,4412.3,9187
2026-07-08T10:55:00+05:30,4412.2,4417.5,4408.7,4416,3951
2026-07-08T11:00:00+05:30,4415.9,4428,4415.9,4426.6,16183
2026-07-08T11:05:00+05:30,4426.6,4432.6,4426.6,4427.9,6349
2026-07-08T11:10:00+05:30,4429,4429,4425,4426.4,2129
2026-07-08T11:15:00+05:30,4426.7,4428.8,4423.6,4425.2,4365
2026-07-08T11:20:00+05:30,4425.2,4429,4425,4429,2343
2026-07-08T11:25:00+05:30,4429,4431,4429,4430,2761
2026-07-08T11:30:00+05:30,4430,4433.7,4427,4429,2770
2026-07-08T11:35:00+05:30,4427.5,4428.1,4422.5,4424.2,2546
2026-07-08T11:40:00+05:30,4424.2,4427.8,4421.9,4423,3299
2026-07-08T11:45:00+05:30,4423,4424,4421.1,4424,3366
2026-07-08T11:50:00+05:30,4424,4426.6,4422,4425.5,3049
2026-07-08T11:55:00+05:30,4425.1,4425.1,4415,4418,4613
2026-07-08T12:00:00+05:30,4418,4420.3,4418,4418.7,3009
2026-07-08T12:05:00+05:30,4418.1,4421,4417,4419.1,2344
2026-07-08T12:10:00+05:30,4419.7,4422.5,4419.1,4421.4,995
2026-07-08T12:15:00+05:30,4421.4,4423.8,4418.5,4419.3,1849
2026-07-08T12:20:00+05:30,4419.3,4419.8,4416.6,4417,2819
2026-07-08T12:25:00+05:30,4417,4419,4400.6,4402.8,19204
2026-07-08T12:30:00+05:30,4402.8,4408,4395.8,4407.9,4719
2026-07-08T12:35:00+05:30,4406.7,4410,4404.8,4405.1,1604
2026-07-08T12:40:00+05:30,4405.5,4407.4,4403,4407,2508
2026-07-08T12:45:00+05:30,4407,4412.2,4407,4409.8,3504
2026-07-08T12:50:00+05:30,4410.8,4412.1,4407.8,4411.4,1060
2026-07-08T12:55:00+05:30,4411.4,4411.4,4405.7,4406.1,1599
2026-07-08T13:00:00+05:30,4406.1,4408.3,4406.1,4407.1,851
2026-07-08T13:05:00+05:30,4407,4407.8,4403.3,4404.4,1195
2026-07-08T13:10:00+05:30,4403.5,4406.9,4403,4406,1603
2026-07-08T13:15:00+05:30,4406,4411.7,4403,4409,1803
2026-07-08T13:20:00+05:30,4409,4410.6,4402.9,4402.9,1202
2026-07-08T13:25:00+05:30,4402.9,4405,4402.1,4403,956
2026-07-08T13:30:00+05:30,4403,4408.3,4403,4405.9,1565
2026-07-08T13:35:00+05:30,4405.9,4411,4402.7,4410.9,6946
2026-07-08T13:40:00+05:30,4410.9,4417,4402.9,4408.2,7313
2026-07-08T13:45:00+05:30,4408.2,4417,4392.5,4395.2,34911
2026-07-08T13:50:00+05:30,4395.2,4396.6,4371.5,4373,14824
2026-07-08T13:55:00+05:30,4373.2,4382.8,4357.4,4359.4,50215
2026-07-08T14:00:00+05:30,4358.4,4369.2,4351.1,4358.6,49503
2026-07-08T14:05:00+05:30,4359.8,4368.8,4348,4354,31156
2026-07-08T14:10:00+05:30,4354,4363.2,4327.1,4330,40586
2026-07-08T14:15:00+05:30,4330,4342.1,4324.6,4334,30508
2026-07-08T14:20:00+05:30,4334,4347.9,4332,4345,32323
2026-07-08T14:25:00+05:30,4345,4351,4335.5,4339.6,52520
2026-07-08T14:30:00+05:30,4340.9,4354,4335.9,4342.1,23679
2026-07-08T14:35:00+05:30,4340.9,4358.6,4340.9,4344.6,58269
2026-07-08T14:40:00+05:30,4344.6,4352.8,4337.3,4342.4,20658
2026-07-08T14:45:00+05:30,4340.5,4354.5,4332,4351.1,18592
2026-07-08T14:50:00+05:30,4351.1,4356.6,4341.4,4351.3,9098
2026-07-08T14:55:00+05:30,4351.3,4360,4347.1,4357.5,17601
2026-07-08T15:00:00+05:30,4356.6,4376.5,4356.6,4364.3,37027
2026-07-08T15:05:00+05:30,4363.2,4375,4358.9,4375,40582
2026-07-08T15:10:00+05:30,4374.8,4384,4372.6,4380.3,44057
2026-07-08T15:15:00+05:30,4379.8,4386.3,4371.9,4381.6,51062
2026-07-08T15:20:00+05:30,4381.7,4382.4,4347.9,4348,87290
2026-07-08T15:25:00+05:30,4348.6,4349.9,4305.8,4328.8,56331
2026-07-09T09:15:00+05:30,4350,4358,4335.7,4350.7,24530
2026-07-09T09:20:00+05:30,4346.8,4358.8,4346,4358.4,11572
2026-07-09T09:25:00+05:30,4356.1,4358,4346.4,4347.7,7401
2026-07-09T09:30:00+05:30,4347.7,4348.7,4333.5,4338,12272
2026-07-09T09:35:00+05:30,4337.1,4348.3,4335,4341.8,10748
2026-07-09T09:40:00+05:30,4341.8,4345,4335.5,4336,6565
2026-07-09T09:45:00+05:30,4336.2,4340.7,4333.1,4336,5525
2026-07-09T09:50:00+05:30,4337.2,4342.1,4331,4336.5,6319
2026-07-09T09:55:00+05:30,4336.5,4345.7,4335.6,4339.2,4413
2026-07-09T10:00:00+05:30,4339.4,4359.1,4339.4,4352,10619
2026-07-09T10:05:00+05:30,4352,4380,4351.6,4375.1,17760
2026-07-09T10:10:00+05:30,4375.1,4382.4,4373.2,4373.2,7254
2026-07-09T10:15:00+05:30,4373.2,4374,4366.1,4367.9,3442
2026-07-09T10:20:00+05:30,4367.8,4369.4,4360.5,4368,4781
2026-07-09T10:25:00+05:30,4366.9,4368.2,4354,4363.7,13798
2026-07-09T10:30:00+05:30,4363,4364.3,4348,4354.3,6149
2026-07-09T10:35:00+05:30,4354.3,4356.7,4345,4350,4480
2026-07-09T10:40:00+05:30,4349.9,4365.7,4349.9,4357.1,7200
2026-07-09T10:45:00+05:30,4357.1,4365,4352.7,4362.6,6019
2026-07-09T10:50:00+05:30,4362.6,4367.4,4354.2,4355.9,27086
2026-07-09T10:55:00+05:30,4359.3,4366,4356.3,4358.3,13040
2026-07-09T11:00:00+05:30,4359.5,4362.1,4350,4351.4,18723
2026-07-09T11:05:00+05:30,4351.4,4362,4350,4360.8,14774
2026-07-09T11:10:00+05:30,4360.8,4361.7,4357.8,4360.8,11776
2026-07-09T11:15:00+05:30,4360.8,4363.7,4358.9,4363.7,7382
2026-07-09T11:20:00+05:30,4363.7,4364,4360.7,4363.8,3664
2026-07-09T11:25:00+05:30,4363.8,4372,4360.6,4370.7,4862
2026-07-09T11:30:00+05:30,4369.4,4374.6,4368.6,4372,4111
2026-07-09T11:35:00+05:30,4371.7,4389,4369.7,4379.9,16681
2026-07-09T11:40:00+05:30,4379.9,4382.4,4378,4380.1,3000
2026-07-09T11:45:00+05:30,4380.9,4381.3,4372.4,4380,3714
2026-07-09T11:50:00+05:30,4380,4380,4375.6,4379.7,1813
2026-07-09T11:55:00+05:30,4379.7,4380,4375.5,4379.2,1669
2026-07-09T12:00:00+05:30,4379.2,4383.5,4378.7,4381.8,3332
2026-07-09T12:05:00+05:30,4381.8,4386.1,4380.3,4386,2913
2026-07-09T12:10:00+05:30,4386,4386.9,4380.9,4384,1943
2026-07-09T12:15:00+05:30,4384,4385.2,4381,4381,1461
2026-07-09T12:20:00+05:30,4381,4385.7,4380,4384.8,3223
2026-07-09T12:25:00+05:30,4383.8,4384,4379.4,4382.9,1713
2026-07-09T12:30:00+05:30,4382.9,4390.9,4382,4386.6,3152
2026-07-09T12:35:00+05:30,4386.6,4388.4,4384.2,4384.2,1704
2026-07-09T12:40:00+05:30,4384.2,4384.2,4376,4378,1672
2026-07-09T12:45:00+05:30,4376.1,4383.3,4375.8,4383.3,50180
2026-07-09T12:50:00+05:30,4383.3,4390.9,4381.9,4387.5,4804
2026-07-09T12:55:00+05:30,4387.5,4393.5,4385.7,4389.6,3175
2026-07-09T13:00:00+05:30,4389.6,4397.5,4386.6,4397.1,3019
2026-07-09T13:05:00+05:30,4397,4397.1,4393.2,4394.3,2518
2026-07-09T13:10:00+05:30,4394.3,4396.9,4391.7,4396.2,2098
2026-07-09T13:15:00+05:30,4396.2,4397.4,4394,4395.8,2142
2026-07-09T13:20:00+05:30,4395.9,4397.3,4391.4,4391.4,1938
2026-07-09T13:25:00+05:30,4391.4,4394.3,4389,4390.5,2685
2026-07-09T13:30:00+05:30,4389.3,4390.5,4386.6,4389.1,2120
2026-07-09T13:35:00+05:30,4389.1,4389.1,4383.5,4387.3,1571
2026-07-09T13:40:00+05:30,4388.3,4388.3,4385.1,4386.8,1513
2026-07-09T13:45:00+05:30,4386.1,4387.9,4385.9,4387.9,1076
2026-07-09T13:50:00+05:30,4387.9,4388,4385.2,4388,1073
2026-07-09T13:55:00+05:30,4387.8,4389.9,4385,4386,2808
2026-07-09T14:00:00+05:30,4386,4387.9,4385,4385.8,1946
2026-07-09T14:05:00+05:30,4385.8,4387.1,4385.1,4386.9,1004
2026-07-09T14:10:00+05:30,4386,4386,4375.1,4378.8,6901
2026-07-09T14:15:00+05:30,4378.8,4379.7,4375,4377.5,4282
2026-07-09T14:20:00+05:30,4380.4,4380.4,4377,4378.4,3817
2026-07-09T14:25:00+05:30,4378.4,4380,4375,4377.1,6653
2026-07-09T14:30:00+05:30,4377.1,4381,4377.1,4378.9,2990
2026-07-09T14:35:00+05:30,4378.9,4378.9,4375.1,4377.6,10318
2026-07-09T14:40:00+05:30,4377.6,4381,4375,4378.9,3794
2026-07-09T14:45:00+05:30,4378.9,4380.7,4375.6,4378.4,4438
2026-07-09T14:50:00+05:30,4378.1,4382.9,4375.7,4382.1,3487
2026-07-09T14:55:00+05:30,4382.1,4382.9,4379.1,4382,4033
2026-07-09T15:00:00+05:30,4381,4381,4371,4375.1,34176
2026-07-09T15:05:00+05:30,4374.7,4379.6,4372.1,4378.9,11580
2026-07-09T15:10:00+05:30,4377.1,4378.3,4374.8,4375.4,12949
2026-07-09T15:15:00+05:30,4375.4,4381.8,4375,4378,18281
2026-07-09T15:20:00+05:30,4380,4387.9,4376,4386.5,23882
2026-07-09T15:25:00+05:30,4386,4394,4384.9,4394,20214
2026-07-10T09:15:00+05:30,4396,4407.9,4396,4402,21386
2026-07-10T09:20:00+05:30,4403.6,4415,4400,4407.5,8220
2026-07-10T09:25:00+05:30,4406.9,4410,4404,4405,2988
2026-07-10T09:30:00+05:30,4405,4417.5,4402.8,4414.5,6626
2026-07-10T09:35:00+05:30,4414.5,4421,4410.2,4417.7,17566
2026-07-10T09:40:00+05:30,4418.1,4422.3,4416.4,4422,12026
2026-07-10T09:45:00+05:30,4422.6,4442.1,4422.6,4442.1,37779
2026-07-10T09:50:00+05:30,4441.8,4451,4435,4447.7,22229
2026-07-10T09:55:00+05:30,4447.7,4454,4442.1,4442.1,15906
2026-07-10T10:00:00+05:30,4442.1,4459,4437.5,4458,20681
2026-07-10T10:05:00+05:30,4458,4468.3,4456,4464.6,18959
2026-07-10T10:10:00+05:30,4466.2,4471.7,4463.4,4467.1,16329
2026-07-10T10:15:00+05:30,4468,4470.5,4464.2,4465.1,12559
2026-07-10T10:20:00+05:30,4465.1,4476,4465.1,4473.2,18008
2026-07-10T10:25:00+05:30,4473.2,4491,4473.2,4491,41746
2026-07-10T10:30:00+05:30,4491,4496,4483,4485.2,20028
2026-07-10T10:35:00+05:30,4485,4492,4484.1,4492,10987
2026-07-10T10:40:00+05:30,4492,4505,4489.1,4504.9,38383
2026-07-10T10:45:00+05:30,4504.9,4510.6,4498,4508.1,29331
2026-07-10T10:50:00+05:30,4508.1,4509,4492.2,4494,15189
2026-07-10T10:55:00+05:30,4493,4522.3,4493,4518.4,38527
2026-07-10T11:00:00+05:30,4518.7,4521.6,4514,4519.6,15294
2026-07-10T11:05:00+05:30,4519.9,4520,4504.5,4506.6,12839
2026-07-10T11:10:00+05:30,4504.6,4507.4,4501.1,4505,12693
2026-07-10T11:15:00+05:30,4505,4506.2,4500.3,4502,7703
2026-07-10T11:20:00+05:30,4501.1,4504.7,4500,4503.6,13137
2026-07-10T11:25:00+05:30,4503.6,4510,4503,4507,10314
2026-07-10T11:30:00+05:30,4509.2,4518,4508.9,4515,13225
2026-07-10T11:35:00+05:30,4515,4515.9,4511.1,4512.4,5014
2026-07-10T11:40:00+05:30,4512.4,4513.9,4507,4508,7005
2026-07-10T11:45:00+05:30,4508.8,4516,4505.4,4515.9,9284
2026-07-10T11:50:00+05:30,4515.9,4517.2,4511.4,4514.1,7020
2026-07-10T11:55:00+05:30,4514.1,4518,4508.8,4518,7223
2026-07-10T12:00:00+05:30,4517,4520,4514.2,4517.6,9404
2026-07-10T12:05:00+05:30,4519.7,4522,4514.3,4519.9,13665
2026-07-10T12:10:00+05:30,4519.9,4524.9,4518.4,4520.1,15410
2026-07-10T12:15:00+05:30,4520,4521.8,4515,4516.4,8022
2026-07-10T12:20:00+05:30,4515,4516.9,4504.2,4504.2,9258
2026-07-10T12:25:00+05:30,4504.5,4510,4494.4,4509,22870
2026-07-10T12:30:00+05:30,4508.9,4513.2,4506.7,4512.1,5218
2026-07-10T12:35:00+05:30,4512.1,4513.6,4510.1,4512,2507
2026-07-10T12:40:00+05:30,4512,4513.2,4507,4509.2,4404
2026-07-10T12:45:00+05:30,4509.2,4511,4507.4,4508.9,2138
2026-07-10T12:50:00+05:30,4508.9,4509.8,4496.1,4499.3,10899
2026-07-10T12:55:00+05:30,4499.3,4504.4,4497,4503,7583
2026-07-10T13:00:00+05:30,4503,4504.5,4500.1,4502,4081
2026-07-10T13:05:00+05:30,4502,4506.5,4500,4503,7725
2026-07-10T13:10:00+05:30,4503,4504,4500,4503.2,2812
2026-07-10T13:15:00+05:30,4503.2,4505,4495.2,4498.9,18177
2026-07-10T13:20:00+05:30,4498.9,4503.3,4495.8,4501.1,3818
2026-07-10T13:25:00+05:30,4501.1,4504,4500.6,4503.7,2174
2026-07-10T13:30:00+05:30,4503.7,4504.5,4502.1,4502.2,1857
2026-07-10T13:35:00+05:30,4503.8,4507.6,4502,4506,2841
2026-07-10T13:40:00+05:30,4506.3,4508,4502.4,4507.4,5201
2026-07-10T13:45:00+05:30,4507.5,4510,4504.8,4505.6,3002
2026-07-10T13:50:00+05:30,4506.4,4506.4,4502.4,4505,3787
2026-07-10T13:55:00+05:30,4505.6,4506,4502.7,4505,2607
2026-07-10T14:00:00+05:30,4505,4506.3,4503.5,4506,1818
2026-07-10T14:05:00+05:30,4505.2,4505.7,4498.9,4500.3,8638
2026-07-10T14:10:00+05:30,4500.3,4504.9,4498,4502.7,3231
2026-07-10T14:15:00+05:30,4502.7,4507.9,4501.7,4506.1,6836
2026-07-10T14:20:00+05:30,4506.1,4507,4505.3,4506.7,2987
2026-07-10T14:25:00+05:30,4505.5,4519,4505,4518.6,4584
2026-07-10T14:30:00+05:30,4518.9,4524,4515.6,4518.1,19828
2026-07-10T14:35:00+05:30,4518.1,4518.1,4516,4517.6,9057
2026-07-10T14:40:00+05:30,4517.6,4517.6,4502.1,4505.7,16886
2026-07-10T14:45:00+05:30,4505.7,4509.8,4502.3,4506.7,15556
2026-07-10T14:50:00+05:30,4506.7,4509.7,4505.2,4507,18258
2026-07-10T14:55:00+05:30,4507,4508.9,4505,4508,15600
2026-07-10T15:00:00+05:30,4508,4512.9,4506.2,4511,30172
2026-07-10T15:05:00+05:30,4511,4511,4505.2,4506.5,23543
2026-07-10T15:10:00+05:30,4506.6,4506.6,4501.1,4501.7,39403
2026-07-10T15:15:00+05:30,4501.9,4509.4,4499.8,4508,41582
2026-07-10T15:20:00+05:30,4508.1,4510.1,4505.6,4506.5,39286
2026-07-10T15:25:00+05:30,4507.7,4513,4507,4512.9,49754
2026-07-13T09:15:00+05:30,4498.7,4498.7,4452.5,4468,32367
2026-07-13T09:20:00+05:30,4467.9,4469.1,4455,4457,15368
2026-07-13T09:25:00+05:30,4457,4460,4445,4449.8,12784
2026-07-13T09:30:00+05:30,4451,4452.8,4441,4441,9990
2026-07-13T09:35:00+05:30,4442,4454.1,4438,4450.5,9985
2026-07-13T09:40:00+05:30,4450.5,4453.3,4445,4450.2,4731
2026-07-13T09:45:00+05:30,4449.1,4457.2,4449.1,4457.2,4073
2026-07-13T09:50:00+05:30,4456.5,4463,4456.5,4462,7882
2026-07-13T09:55:00+05:30,4462,4464,4455,4463,7290
2026-07-13T10:00:00+05:30,4460.2,4462.7,4456.7,4458,2884
2026-07-13T10:05:00+05:30,4458.7,4461,4456.1,4458.1,3641
2026-07-13T10:10:00+05:30,4458.7,4460,4454,4455.4,3511
2026-07-13T10:15:00+05:30,4455.3,4467.2,4455.3,4464.9,6527
2026-07-13T10:20:00+05:30,4464.9,4485,4462,4484,17404
2026-07-13T10:25:00+05:30,4484,4511,4483.3,4508.4,22982
2026-07-13T10:30:00+05:30,4508.3,4509.5,4501,4501,10811
2026-07-13T10:35:00+05:30,4501,4501.9,4490,4491.9,21535
2026-07-13T10:40:00+05:30,4491.9,4495,4485.8,4486.2,7910
2026-07-13T10:45:00+05:30,4486.2,4488.7,4480.4,4482.4,5675
2026-07-13T10:50:00+05:30,4481,4483.5,4475,4475,7216
2026-07-13T10:55:00+05:30,4475,4491.7,4475,4487.8,6779
2026-07-13T11:00:00+05:30,4488,4489,4481.2,4483.4,3102
2026-07-13T11:05:00+05:30,4484.2,4486.9,4480.6,4480.6,1762
2026-07-13T11:10:00+05:30,4482.8,4484.7,4477.8,4483.6,9662
2026-07-13T11:15:00+05:30,4483.6,4486.7,4481.2,4482.9,1398
2026-07-13T11:20:00+05:30,4481.1,4485,4481.1,4483.9,2732
2026-07-13T11:25:00+05:30,4483.9,4493.4,4481.9,4491.8,5015
2026-07-13T11:30:00+05:30,4491.8,4494.4,4490,4492.7,4067
2026-07-13T11:35:00+05:30,4491.6,4494,4486.1,4486.1,2129
2026-07-13T11:40:00+05:30,4486.6,4487.8,4483.8,4483.8,1992
2026-07-13T11:45:00+05:30,4484.3,4484.3,4475.4,4478.8,5230
2026-07-13T11:50:00+05:30,4478.8,4479.5,4474,4476,3416
2026-07-13T11:55:00+05:30,4476,4480,4476,4477.9,3156
2026-07-13T12:00:00+05:30,4477.9,4483,4477.9,4482.3,2571
2026-07-13T12:05:00+05:30,4480.1,4482.9,4479.7,4480,837
2026-07-13T12:10:00+05:30,4480,4493,4478,4491,9439
2026-07-13T12:15:00+05:30,4492.2,4492.2,4487.8,4488.1,2517
2026-07-13T12:20:00+05:30,4489.2,4489.2,4484,4485.6,1933
2026-07-13T12:25:00+05:30,4485,4486,4481.1,4481.1,9591
2026-07-13T12:30:00+05:30,4484.6,4485.9,4481,4483.8,2185
2026-07-13T12:35:00+05:30,4483.9,4487,4483.7,4484.2,1733
2026-07-13T12:40:00+05:30,4483.9,4489.6,4483.9,4486.9,1408
2026-07-13T12:45:00+05:30,4487.4,4488,4482.8,4487.8,2155
2026-07-13T12:50:00+05:30,4487.8,4496.1,4487,4496,9752
2026-07-13T12:55:00+05:30,4496,4496,4489.1,4491.1,3202
2026-07-13T13:00:00+05:30,4491.6,4491.6,4485.5,4486.7,3035
2026-07-13T13:05:00+05:30,4486.3,4492.4,4483.6,4491.7,6479
2026-07-13T13:10:00+05:30,4491,4491.4,4482,4485.5,3171
2026-07-13T13:15:00+05:30,4485.5,4487.6,4484,4485.3,1447
2026-07-13T13:20:00+05:30,4485.3,4485.8,4480,4481,2134
2026-07-13T13:25:00+05:30,4480,4482.1,4477,4481.8,5224
2026-07-13T13:30:00+05:30,4481.8,4484.4,4480.7,4480.8,1394
2026-07-13T13:35:00+05:30,4481.3,4486.9,4481.3,4485,4114
2026-07-13T13:40:00+05:30,4485.7,4485.9,4482.7,4485.1,3690
2026-07-13T13:45:00+05:30,4485.1,4485.3,4484,4485.2,1608
2026-07-13T13:50:00+05:30,4485.2,4485.6,4485,4485,1193
2026-07-13T13:55:00+05:30,4485,4490.9,4484,4489.7,3702
2026-07-13T14:00:00+05:30,4487,4490.1,4485,4486,1816
2026-07-13T14:05:00+05:30,4486,4491,4485.1,4486,1719
2026-07-13T14:10:00+05:30,4486,4487.5,4485,4487.1,1111
2026-07-13T14:15:00+05:30,4487.1,4490,4486.5,4488,1624
2026-07-13T14:20:00+05:30,4488,4490.5,4485.9,4490.5,2493
2026-07-13T14:25:00+05:30,4489,4499.1,4485.9,4498.1,7909
2026-07-13T14:30:00+05:30,4498.4,4517,4496.2,4507.1,36052
2026-07-13T14:35:00+05:30,4507,4508,4503.3,4507,6354
2026-07-13T14:40:00+05:30,4507,4512.6,4505.4,4511,6819
2026-07-13T14:45:00+05:30,4511.2,4515,4509,4509,6498
2026-07-13T14:50:00+05:30,4512,4516,4510,4513.9,7665
2026-07-13T14:55:00+05:30,4513.9,4513.9,4508.1,4510,6334
2026-07-13T15:00:00+05:30,4508.8,4509.9,4501.1,4508,19497
2026-07-13T15:05:00+05:30,4508.1,4510.7,4506.7,4510.4,16112
2026-07-13T15:10:00+05:30,4510.7,4510.7,4505.6,4506.5,11444
2026-07-13T15:15:00+05:30,4506.4,4513.4,4506,4513.4,23934
2026-07-13T15:20:00+05:30,4513.4,4521.7,4511.5,4519,34093
2026-07-13T15:25:00+05:30,4518.9,4519.6,4506,4508.1,24508
2026-07-14T09:15:00+05:30,4510.1,4510.1,4470.3,4472.6,27600
2026-07-14T09:20:00+05:30,4472.6,4472.6,4456,4459.7,19457
2026-07-14T09:25:00+05:30,4456,4463.9,4455,4459.3,13599
2026-07-14T09:30:00+05:30,4457.5,4458.6,4441.5,4441.5,23256
2026-07-14T09:35:00+05:30,4441.5,4443.2,4430,4436.8,20265
2026-07-14T09:40:00+05:30,4438.8,4438.8,4425,4428.2,18509
2026-07-14T09:45:00+05:30,4428.4,4432.9,4421.2,4432.9,16510
2026-07-14T09:50:00+05:30,4432.9,4435.3,4424,4425.2,11453
2026-07-14T09:55:00+05:30,4425.2,4430,4422.5,4424,9174
2026-07-14T10:00:00+05:30,4422.5,4424,4416.5,4423.9,11102
2026-07-14T10:05:00+05:30,4423.9,4424,4403,4415,27688
2026-07-14T10:10:00+05:30,4415,4418,4409.5,4411.9,12687
2026-07-14T10:15:00+05:30,4411.9,4416,4409.8,4411,6292
2026-07-14T10:20:00+05:30,4411,4414,4392,4395.6,26070
2026-07-14T10:25:00+05:30,4399.4,4409.5,4395,4397.3,9297
2026-07-14T10:30:00+05:30,4397.3,4404.7,4395,4401.1,8794
2026-07-14T10:35:00+05:30,4403.3,4406.4,4400,4403.4,4757
2026-07-14T10:40:00+05:30,4403.4,4405.2,4395,4403.6,7182
2026-07-14T10:45:00+05:30,4401.2,4408.9,4401.2,4406.8,3878
2026-07-14T10:50:00+05:30,4406.3,4407,4401.2,4404.3,4580
2026-07-14T10:55:00+05:30,4402.9,4420,4402.9,4420,9226
2026-07-14T11:00:00+05:30,4418.3,4424,4417,4422,8699
2026-07-14T11:05:00+05:30,4423,4430.9,4418,4424.4,11688
2026-07-14T11:10:00+05:30,4424.4,4430,4422,4429,5427
2026-07-14T11:15:00+05:30,4429.8,4432.8,4427.6,4429,5317
2026-07-14T11:20:00+05:30,4429,4429.9,4426,4429,2422
2026-07-14T11:25:00+05:30,4429,4431.3,4427.7,4430.1,4997
2026-07-14T11:30:00+05:30,4429.5,4438.4,4423.9,4436,14671
2026-07-14T11:35:00+05:30,4436,4436,4425.4,4425.4,20750
2026-07-14T11:40:00+05:30,4425.4,4428.3,4425,4427,3353
2026-07-14T11:45:00+05:30,4427,4429.4,4425,4427,3609
2026-07-14T11:50:00+05:30,4427,4431.8,4423,4427.2,4735
2026-07-14T11:55:00+05:30,4427.5,4429.3,4425,4429.3,3044
2026-07-14T12:00:00+05:30,4429.5,4430,4426.5,4427.1,1247
2026-07-14T12:05:00+05:30,4427.1,4428.6,4425,4428.6,3528
2026-07-14T12:10:00+05:30,4428.6,4428.8,4425,4428.3,2476
2026-07-14T12:15:00+05:30,4428.3,4428.3,4420.3,4420.3,7720
2026-07-14T12:20:00+05:30,4420.3,4428,4420,4427.4,4627
2026-07-14T12:25:00+05:30,4427.4,4427.6,4426,4427,4858
2026-07-14T12:30:00+05:30,4427,4432.4,4425,4432.4,6817
2026-07-14T12:35:00+05:30,4432.4,4433.5,4428.2,4431.5,3909
2026-07-14T12:40:00+05:30,4432.4,4433.7,4430.8,4433,1919
2026-07-14T12:45:00+05:30,4433.4,4434.4,4430.1,4430.1,2207
2026-07-14T12:50:00+05:30,4431.5,4436.9,4431.5,4435.5,5572
2026-07-14T12:55:00+05:30,4435.1,4437.9,4432.8,4435,8766
2026-07-14T13:00:00+05:30,4435,4435,4430,4432,11386
2026-07-14T13:05:00+05:30,4432,4432,4430,4430,2326
2026-07-14T13:10:00+05:30,4430,4434.8,4430,4434.4,3150
2026-07-14T13:15:00+05:30,4434.4,4438.3,4431,4436,8833
2026-07-14T13:20:00+05:30,4436,4439.4,4435,4439.3,3783
2026-07-14T13:25:00+05:30,4439.3,4439.4,4435.1,4438,5163
2026-07-14T13:30:00+05:30,4437.1,4437.1,4434,4436.2,6413
2026-07-14T13:35:00+05:30,4436.2,4437.8,4432,4434,8641
2026-07-14T13:40:00+05:30,4434,4435.8,4433,4435.6,8904
2026-07-14T13:45:00+05:30,4436.6,4440.9,4435.2,4438,5401
2026-07-14T13:50:00+05:30,4438,4438.2,4436.1,4437,2718
2026-07-14T13:55:00+05:30,4437,4440.5,4437,4440.4,7770
2026-07-14T14:00:00+05:30,4440,4441.4,4440,4440.1,1941
2026-07-14T14:05:00+05:30,4440,4440.5,4425.8,4429.8,14608
2026-07-14T14:10:00+05:30,4429.8,4432.5,4423,4428.9,5204
2026-07-14T14:15:00+05:30,4428.9,4430.4,4424.4,4424.4,2007
2026-07-14T14:20:00+05:30,4425.9,4426,4419.7,4422,8187
2026-07-14T14:25:00+05:30,4422,4427.9,4420.6,4427.9,5187
2026-07-14T14:30:00+05:30,4427.9,4429.2,4425.1,4427.5,2940
2026-07-14T14:35:00+05:30,4427.5,4429,4425,4428,2874
2026-07-14T14:40:00+05:30,4428,4432.2,4425.1,4432.1,5311
2026-07-14T14:45:00+05:30,4432.1,4432.2,4425.2,4428.1,27618
2026-07-14T14:50:00+05:30,4428.1,4432.4,4427.6,4431.9,13019
2026-07-14T14:55:00+05:30,4431.5,4440,4430.4,4435,13708
2026-07-14T15:00:00+05:30,4436,4446.3,4435,4445.5,26395
2026-07-14T15:05:00+05:30,4445.7,4451.9,4442.8,4451.9,52982
2026-07-14T15:10:00+05:30,4451.7,4452.1,4441.3,4442.4,16212
2026-07-14T15:15:00+05:30,4442.6,4442.8,4437,4439.1,18967
2026-07-14T15:20:00+05:30,4438.8,4439.3,4435,4436.9,22027
2026-07-14T15:25:00+05:30,4435.7,4436,4428,4429.7,19319
2026-07-15T09:15:00+05:30,4444.4,4471.4,4441.4,4455,27917
2026-07-15T09:20:00+05:30,4456.3,4463.6,4453.5,4462.4,11073
2026-07-15T09:25:00+05:30,4462.5,4462.9,4455.4,4457.1,3878
2026-07-15T09:30:00+05:30,4458.9,4471.9,4458.9,4465.6,14641
2026-07-15T09:35:00+05:30,4465.7,4468,4460.4,4463.8,5528
2026-07-15T09:40:00+05:30,4463.5,4475,4458.5,4471.4,7288
2026-07-15T09:45:00+05:30,4471.4,4486.6,4470.3,4478,13016
2026-07-15T09:50:00+05:30,4478,4479,4461.2,4461.2,4454
2026-07-15T09:55:00+05:30,4461.9,4469.6,4460.1,4466.8,2807
2026-07-15T10:00:00+05:30,4466.8,4466.8,4460.1,4460.1,2020
2026-07-15T10:05:00+05:30,4460.2,4460.6,4456.5,4458.8,2721
2026-07-15T10:10:00+05:30,4458.6,4458.6,4450.3,4454,2714
2026-07-15T10:15:00+05:30,4454,4461.9,4453.4,4458.3,3433
2026-07-15T10:20:00+05:30,4458.3,4471.9,4456,4468.4,5849
2026-07-15T10:25:00+05:30,4468.4,4473,4468,4472.4,3098
2026-07-15T10:30:00+05:30,4472.4,4473,4464,4466,3379
2026-07-15T10:35:00+05:30,4464,4467,4461.6,4461.9,1441
2026-07-15T10:40:00+05:30,4460.1,4463.1,4458.7,4458.9,1757
2026-07-15T10:45:00+05:30,4460.3,4461.1,4455.2,4458.8,2928
2026-07-15T10:50:00+05:30,4457.2,4460.3,4452.8,4457,3998
2026-07-15T10:55:00+05:30,4457,4462.6,4452.5,4460.1,6315
2026-07-15T11:00:00+05:30,4460.1,4467.4,4456.6,4456.6,5082
2026-07-15T11:05:00+05:30,4456.6,4469,4455,4468,6302
2026-07-15T11:10:00+05:30,4468,4470.9,4459.4,4460.5,7373
2026-07-15T11:15:00+05:30,4460.5,4466.4,4459,4459,2123
2026-07-15T11:20:00+05:30,4459,4459.2,4456,4457,760
2026-07-15T11:25:00+05:30,4456,4457.5,4453.3,4454.9,1084
2026-07-15T11:30:00+05:30,4454.9,4457.7,4454.9,4456.6,812
2026-07-15T11:35:00+05:30,4456.6,4458.5,4454.3,4455.4,2318
2026-07-15T11:40:00+05:30,4454.3,4454.9,4451,4451,2307
2026-07-15T11:45:00+05:30,4451,4456.5,4451,4452.5,1809
2026-07-15T11:50:00+05:30,4452.5,4453.7,4450,4451.2,2865
2026-07-15T11:55:00+05:30,4451.2,4454.8,4451,4452.3,1333
2026-07-15T12:00:00+05:30,4452.3,4452.3,4450,4450,1999
2026-07-15T12:05:00+05:30,4450,4452.3,4446.1,4446.1,3127
2026-07-15T12:10:00+05:30,4446.1,4447,4437.3,4446.2,6213
2026-07-15T12:15:00+05:30,4446.2,4448.4,4443.1,4443.7,3387
2026-07-15T12:20:00+05:30,4443.7,4445.1,4436.7,4439,4481
2026-07-15T12:25:00+05:30,4439.9,4439.9,4431.4,4436,3464
2026-07-15T12:30:00+05:30,4436,4436.4,4431,4431.2,5803
2026-07-15T12:35:00+05:30,4431.3,4435,4422,4432,18773
2026-07-15T12:40:00+05:30,4432,4434.9,4430,4431.7,2032
2026-07-15T12:45:00+05:30,4431.7,4434.1,4430.1,4430.4,2857
2026-07-15T12:50:00+05:30,4430.4,4432.4,4429,4431.5,4218
2026-07-15T12:55:00+05:30,4431.5,4431.9,4415.1,4419.7,17082
2026-07-15T13:00:00+05:30,4420,4430.8,4417.3,4420.9,3174
2026-07-15T13:05:00+05:30,4420.9,4423,4418,4422.4,3516
2026-07-15T13:10:00+05:30,4422.4,4425,4418.9,4420.6,3613
2026-07-15T13:15:00+05:30,4420.6,4434,4420.6,4434,3535
2026-07-15T13:20:00+05:30,4434,4434.3,4424.2,4425,1793
2026-07-15T13:25:00+05:30,4425,4428.1,4422.8,4426,1084
2026-07-15T13:30:00+05:30,4426,4426.6,4422.5,4425,1291
2026-07-15T13:35:00+05:30,4425,4426.6,4422.7,4426.4,1448
2026-07-15T13:40:00+05:30,4426.4,4429.1,4423.1,4424,2739
2026-07-15T13:45:00+05:30,4424,4426.4,4422.9,4423.9,2222
2026-07-15T13:50:00+05:30,4423.9,4425.6,4422,4424.3,2249
2026-07-15T13:55:00+05:30,4424.3,4432.3,4423.1,4428.8,3725
2026-07-15T14:00:00+05:30,4428.8,4431.4,4426.5,4428.5,1877
2026-07-15T14:05:00+05:30,4428.5,4432,4426.5,4428.5,2948
2026-07-15T14:10:00+05:30,4428.5,4428.8,4425.1,4427,2721
2026-07-15T14:15:00+05:30,4427,4435.9,4426.4,4433.2,5354
2026-07-15T14:20:00+05:30,4433.2,4433.2,4428.3,4431.7,2666
2026-07-15T14:25:00+05:30,4430.2,4430.3,4427.5,4428.5,1827
2026-07-15T14:30:00+05:30,4428.5,4431.5,4428,4428.1,1837
2026-07-15T14:35:00+05:30,4428.1,4433.8,4428.1,4431.9,3058
2026-07-15T14:40:00+05:30,4431.9,4432.8,4430,4430.1,2149
2026-07-15T14:45:00+05:30,4430.1,4434.1,4430,4433.2,2602
2026-07-15T14:50:00+05:30,4433.2,4435,4426,4426,8276
2026-07-15T14:55:00+05:30,4426,4428.8,4421,4424,8344
2026-07-15T15:00:00+05:30,4424.1,4427.7,4416.5,4417,24236
2026-07-15T15:05:00+05:30,4417.8,4423.3,4417,4421.8,22990
2026-07-15T15:10:00+05:30,4420.4,4425.5,4417,4422.6,24095
2026-07-15T15:15:00+05:30,4424.6,4425.7,4419.5,4419.5,20085
2026-07-15T15:20:00+05:30,4418.6,4421.3,4414.6,4414.6,20431
2026-07-15T15:25:00+05:30,4418,4422.5,4416.7,4420,14339
2026-07-16T09:15:00+05:30,4420.5,4434,4400,4407.7,19324
2026-07-16T09:20:00+05:30,4408.2,4420,4408.2,4418.3,7600
2026-07-16T09:25:00+05:30,4418.3,4418.7,4405.1,4406.5,5898
2026-07-16T09:30:00+05:30,4406.4,4406.4,4397.5,4398.6,12379
2026-07-16T09:35:00+05:30,4398.6,4403.8,4394,4398.8,7900
2026-07-16T09:40:00+05:30,4398.8,4404.9,4395.5,4400.1,6838
2026-07-16T09:45:00+05:30,4400.1,4405,4398.6,4399.3,4080
2026-07-16T09:50:00+05:30,4399.3,4419.6,4398.8,4418.7,10034
2026-07-16T09:55:00+05:30,4418.7,4424,4414.4,4421.7,5270
2026-07-16T10:00:00+05:30,4421.7,4424.3,4411.9,4412.2,3227
2026-07-16T10:05:00+05:30,4412.2,4421.1,4412.2,4413.9,3775
2026-07-16T10:10:00+05:30,4413.9,4413.9,4406.8,4408,2035
2026-07-16T10:15:00+05:30,4408,4415.7,4405.7,4412.9,2692
2026-07-16T10:20:00+05:30,4412.9,4417.3,4412.9,4416.9,3070
2026-07-16T10:25:00+05:30,4416.9,4420,4415.3,4415.7,1839
2026-07-16T10:30:00+05:30,4415.8,4418.7,4415,4415.9,1551
2026-07-16T10:35:00+05:30,4415.9,4416.8,4413.4,4415.9,2369
2026-07-16T10:40:00+05:30,4415.9,4454.6,4415,4446.6,33721
2026-07-16T10:45:00+05:30,4446.9,4460,4446.4,4450.4,15247
2026-07-16T10:50:00+05:30,4450.5,4450.6,4438,4441.3,6132
2026-07-16T10:55:00+05:30,4441.3,4441.5,4435.2,4436.9,4406
2026-07-16T11:00:00+05:30,4436.9,4444.2,4436.9,4441.5,4286
2026-07-16T11:05:00+05:30,4441.5,4442,4438,4439.3,3448
2026-07-16T11:10:00+05:30,4439.3,4442,4434.1,4434.4,1558
2026-07-16T11:15:00+05:30,4434.4,4439.4,4433.8,4434.8,3255
2026-07-16T11:20:00+05:30,4434.8,4438,4434.8,4436,1191
2026-07-16T11:25:00+05:30,4435.4,4445,4433.5,4438.9,8029
2026-07-16T11:30:00+05:30,4438.9,4442.9,4438.9,4442.2,1157
2026-07-16T11:35:00+05:30,4441.7,4442,4437.2,4439,2136
2026-07-16T11:40:00+05:30,4439,4442.2,4438,4438.9,1096
2026-07-16T11:45:00+05:30,4438.3,4441.2,4437.5,4439,2047
2026-07-16T11:50:00+05:30,4439,4439,4430,4430,3670
2026-07-16T11:55:00+05:30,4430.3,4444.3,4423.6,4440,30465
2026-07-16T12:00:00+05:30,4440,4444.1,4437.8,4441.3,3666
2026-07-16T12:05:00+05:30,4441.3,4449.4,4441.3,4449.2,3962
2026-07-16T12:10:00+05:30,4449.2,4449.2,4446,4446.9,901
2026-07-16T12:15:00+05:30,4446.9,4453.4,4445.2,4450.6,6564
2026-07-16T12:20:00+05:30,4450.6,4451.2,4450,4450,2061
2026-07-16T12:25:00+05:30,4450,4451.7,4445.9,4450.7,22226
2026-07-16T12:30:00+05:30,4451.1,4451.3,4448.2,4449.5,1909
2026-07-16T12:35:00+05:30,4447.1,4450.1,4444.3,4450,3026
2026-07-16T12:40:00+05:30,4450,4450.1,4440,4440.4,2093
2026-07-16T12:45:00+05:30,4440.4,4449.9,4440,4443.8,3721
2026-07-16T12:50:00+05:30,4443.8,4448.4,4442,4448.2,3088
2026-07-16T12:55:00+05:30,4448.2,4450.1,4445,4448.6,7713
2026-07-16T13:00:00+05:30,4448.6,4454,4446.1,4454,6402
2026-07-16T13:05:00+05:30,4454,4458.8,4451.2,4457,2839
2026-07-16T13:10:00+05:30,4457,4458.6,4454.8,4458.2,1513
2026-07-16T13:15:00+05:30,4457.2,4458.7,4453.9,4455.6,3453
2026-07-16T13:20:00+05:30,4457,4457,4451.8,4451.8,1147
2026-07-16T13:25:00+05:30,4451.8,4453.5,4450.5,4452.2,1900
2026-07-16T13:30:00+05:30,4453.4,4453.4,4447.6,4450.8,2282
2026-07-16T13:35:00+05:30,4450.8,4451.7,4444.8,4445,11436
2026-07-16T13:40:00+05:30,4445,4450.6,4441.8,4450.6,6416
2026-07-16T13:45:00+05:30,4450.6,4450.6,4439,4441.5,6332
2026-07-16T13:50:00+05:30,4443.4,4445,4440.2,4441.8,1624
2026-07-16T13:55:00+05:30,4441.8,4446,4441.7,4444.7,1063
2026-07-16T14:00:00+05:30,4444.7,4446,4443,4445,1320
2026-07-16T14:05:00+05:30,4444.7,4449.9,4442.3,4449.3,2815
2026-07-16T14:10:00+05:30,4449.4,4449.5,4447,4448,1064
2026-07-16T14:15:00+05:30,4447.4,4452.6,4446.2,4449.2,2472
2026-07-16T14:20:00+05:30,4449.2,4449.5,4442,4442.1,1732
2026-07-16T14:25:00+05:30,4442.4,4447,4440.5,4441.3,1826
2026-07-16T14:30:00+05:30,4441.3,4444.9,4440.2,4441.4,3248
2026-07-16T14:35:00+05:30,4441.4,4442.3,4432.2,4435.5,4916
2026-07-16T14:40:00+05:30,4437,4446.9,4437,4446,4875
2026-07-16T14:45:00+05:30,4446,4446.8,4440.6,4442.7,3838
2026-07-16T14:50:00+05:30,4443.1,4445.8,4436.9,4440.9,6293
2026-07-16T14:55:00+05:30,4440.9,4444.8,4439,4439.8,2237
2026-07-16T15:00:00+05:30,4439.8,4443.5,4431.3,4439.7,12679
2026-07-16T15:05:00+05:30,4438.6,4448,4432.6,4433.2,28174
2026-07-16T15:10:00+05:30,4432.7,4437.2,4425,4425.2,20635
2026-07-16T15:15:00+05:30,4425.3,4428.7,4423.4,4425.8,10815
2026-07-16T15:20:00+05:30,4425.7,4434,4424,4426.6,16186
2026-07-16T15:25:00+05:30,4426.6,4450,4425.9,4450,18831
2026-07-17T09:15:00+05:30,4435.9,4461.5,4426.8,4446.4,19321
2026-07-17T09:20:00+05:30,4445,4453.3,4438,4451.3,6742
2026-07-17T09:25:00+05:30,4451.3,4457.9,4436,4438.7,7863
2026-07-17T09:30:00+05:30,4438.7,4449,4433.1,4448.2,10666
2026-07-17T09:35:00+05:30,4448.2,4452,4447,4449.1,3897
2026-07-17T09:40:00+05:30,4451.7,4478,4450.6,4466.5,16340
2026-07-17T09:45:00+05:30,4466.5,4469.7,4459.3,4460.1,4912
2026-07-17T09:50:00+05:30,4460.1,4462.8,4455,4459.3,2923
2026-07-17T09:55:00+05:30,4457.8,4460,4455,4457.2,2476
2026-07-17T10:00:00+05:30,4457.2,4457.5,4445,4450,6143
2026-07-17T10:05:00+05:30,4450.2,4453.6,4449,4451.7,2388
2026-07-17T10:10:00+05:30,4451.7,4458.2,4450,4452.9,4565
2026-07-17T10:15:00+05:30,4452.9,4454.6,4446,4449.8,3236
2026-07-17T10:20:00+05:30,4448.6,4452.7,4445.3,4448.4,1748
2026-07-17T10:25:00+05:30,4448.4,4497,4445.7,4495.1,40707
2026-07-17T10:30:00+05:30,4495.1,4497,4476.4,4477.2,17170
2026-07-17T10:35:00+05:30,4477.2,4486.8,4475.5,4486.4,7984
2026-07-17T10:40:00+05:30,4486.8,4493.9,4479.1,4480.1,17599
2026-07-17T10:45:00+05:30,4480.1,4482.6,4475.5,4476.8,7076
2026-07-17T10:50:00+05:30,4476.8,4478.9,4475,4475.9,3320
2026-07-17T10:55:00+05:30,4476,4479,4471,4473.3,4145
2026-07-17T11:00:00+05:30,4473.3,4476.9,4471,4472.7,3416
2026-07-17T11:05:00+05:30,4472.7,4475.4,4470.4,4474.8,3230
2026-07-17T11:10:00+05:30,4474.8,4477.5,4468.8,4475.9,5172
2026-07-17T11:15:00+05:30,4475.2,4477.5,4470.9,4471.8,2753
2026-07-17T11:20:00+05:30,4471.8,4471.8,4465.4,4467,2066
2026-07-17T11:25:00+05:30,4467,4472,4461.7,4471.2,4722
2026-07-17T11:30:00+05:30,4471.2,4484,4469.7,4481.2,9453
2026-07-17T11:35:00+05:30,4480.1,4495,4475,4491.5,25628
2026-07-17T11:40:00+05:30,4491.5,4495,4490,4493,5888
2026-07-17T11:45:00+05:30,4493,4494,4490,4494,6338
2026-07-17T11:50:00+05:30,4494,4505,4492.6,4501.8,43120
2026-07-17T11:55:00+05:30,4502.5,4509,4501,4501,20183
2026-07-17T12:00:00+05:30,4501,4502.4,4495.6,4497.9,9290
2026-07-17T12:05:00+05:30,4497.9,4500,4492.2,4500,6249
2026-07-17T12:10:00+05:30,4500,4504,4498.1,4501.8,5354
2026-07-17T12:15:00+05:30,4501.8,4505,4490,4490,14846
2026-07-17T12:20:00+05:30,4491.9,4496.4,4490.3,4495.1,4815
2026-07-17T12:25:00+05:30,4495.1,4496.4,4492,4493.4,1948
2026-07-17T12:30:00+05:30,4493.4,4495,4490,4492,9286
2026-07-17T12:35:00+05:30,4492,4503,4490.5,4500,6845
2026-07-17T12:40:00+05:30,4498.1,4500,4494.4,4496.1,1934
2026-07-17T12:45:00+05:30,4496.1,4496.1,4492.2,4492.6,3059
2026-07-17T12:50:00+05:30,4492.6,4494.8,4490.8,4493,2009
2026-07-17T12:55:00+05:30,4493,4498.2,4490.6,4495.2,2843
2026-07-17T13:00:00+05:30,4495.2,4498.4,4480,4493,17830
2026-07-17T13:05:00+05:30,4493,4498,4491.7,4495,2023
2026-07-17T13:10:00+05:30,4495,4495,4492,4494.3,1689
2026-07-17T13:15:00+05:30,4494.3,4501,4491,4496.2,6848
2026-07-17T13:20:00+05:30,4496.2,4498.5,4493,4494.6,2304
2026-07-17T13:25:00+05:30,4492.4,4494.5,4490,4491.2,2122
2026-07-17T13:30:00+05:30,4491.2,4493.3,4490.1,4493.3,6097
2026-07-17T13:35:00+05:30,4493.3,4498,4490.1,4491.9,3138
2026-07-17T13:40:00+05:30,4491.9,4497.1,4489.5,4496.7,7923
2026-07-17T13:45:00+05:30,4496.7,4496.7,4490,4491,5627
2026-07-17T13:50:00+05:30,4491,4493.3,4480,4491,25118
2026-07-17T13:55:00+05:30,4490,4493,4488,4492,7625
2026-07-17T14:00:00+05:30,4492.9,4492.9,4490,4491.7,2182
2026-07-17T14:05:00+05:30,4490.5,4492,4486.4,4487.8,2822
2026-07-17T14:10:00+05:30,4486,4491.8,4485,4491,3466
2026-07-17T14:15:00+05:30,4491,4502,4490,4491,11448
2026-07-17T14:20:00+05:30,4491,4493,4490.8,4492.5,1795
2026-07-17T14:25:00+05:30,4492.5,4498.8,4491,4491.9,5763
2026-07-17T14:30:00+05:30,4491.9,4493,4485.7,4487,3911
2026-07-17T14:35:00+05:30,4487,4495,4485,4493.8,8991
2026-07-17T14:40:00+05:30,4493.8,4493.9,4490.3,4492.6,2117
2026-07-17T14:45:00+05:30,4492.6,4498,4490.7,4490.7,11416
2026-07-17T14:50:00+05:30,4490.7,4495,4490,4493.2,4246
2026-07-17T14:55:00+05:30,4495,4507.5,4493.9,4505.5,19782
2026-07-17T15:00:00+05:30,4506,4508.6,4500,4503.3,14786
2026-07-17T15:05:00+05:30,4504.9,4509.4,4503,4506.9,15126
2026-07-17T15:10:00+05:30,4506.5,4506.5,4497,4498.2,10566
2026-07-17T15:15:00+05:30,4498.1,4499.6,4494,4496.3,15257
2026-07-17T15:20:00+05:30,4495,4500.8,4494.5,4497.1,20289
2026-07-17T15:25:00+05:30,4499.4,4503,4495.2,4501,22513
2026-07-20T09:15:00+05:30,4500,4500,4470.5,4488.1,17218
2026-07-20T09:20:00+05:30,4488.1,4490.9,4478,4479,10471
2026-07-20T09:25:00+05:30,4479.1,4480.7,4472,4475.3,10954
2026-07-20T09:30:00+05:30,4475.2,4487.8,4473.6,4483.3,7055
2026-07-20T09:35:00+05:30,4482,4486.7,4477.2,4486.4,2738
2026-07-20T09:40:00+05:30,4486.4,4490.5,4479.1,4479.1,8760
2026-07-20T09:45:00+05:30,4479.2,4487.3,4479.2,4484.6,1820
2026-07-20T09:50:00+05:30,4484.6,4485.8,4477,4477.5,3712
2026-07-20T09:55:00+05:30,4477.5,4484.9,4476,4483,1652
2026-07-20T10:00:00+05:30,4483,4492.8,4481.7,4491.7,3206
2026-07-20T10:05:00+05:30,4491.7,4495.1,4489,4492,4770
2026-07-20T10:10:00+05:30,4492.3,4499,4492.3,4498,3389
2026-07-20T10:15:00+05:30,4499.1,4509.8,4498.4,4507,12560
2026-07-20T10:20:00+05:30,4507,4507.8,4500.5,4504.5,6498
2026-07-20T10:25:00+05:30,4502.5,4513.7,4502.5,4513.6,6493
2026-07-20T10:30:00+05:30,4514,4515,4510.8,4512.5,8645
2026-07-20T10:35:00+05:30,4510.5,4511.6,4505.6,4505.6,5170
2026-07-20T10:40:00+05:30,4506,4507.7,4496.2,4501.2,7737
2026-07-20T10:45:00+05:30,4502,4504,4497.6,4499,2100
2026-07-20T10:50:00+05:30,4499,4500,4493.4,4495,2089
2026-07-20T10:55:00+05:30,4494.7,4497.5,4491.9,4496,2628
2026-07-20T11:00:00+05:30,4496,4496.8,4494.7,4495.7,2661
2026-07-20T11:05:00+05:30,4495.7,4499.4,4490,4491.1,3153
2026-07-20T11:10:00+05:30,4491.1,4493.8,4489.1,4489.1,1475
2026-07-20T11:15:00+05:30,4489.1,4491.3,4486,4488.1,2783
2026-07-20T11:20:00+05:30,4488.2,4493.9,4488,4490.3,1540
2026-07-20T11:25:00+05:30,4490.5,4493.2,4486.6,4487.9,2540
2026-07-20T11:30:00+05:30,4487.9,4491.3,4487.5,4489.9,1066
2026-07-20T11:35:00+05:30,4489.9,4489.9,4470.1,4470.1,7183
2026-07-20T11:40:00+05:30,4471.2,4472.2,4466,4466.3,5298
2026-07-20T11:45:00+05:30,4466.3,4468,4461,4463.2,4637
2026-07-20T11:50:00+05:30,4463.2,4465.5,4462.7,4462.7,4583
2026-07-20T11:55:00+05:30,4463.5,4472.8,4462,4472.5,8268
2026-07-20T12:00:00+05:30,4472.5,4473.4,4469.5,4472.8,6791
2026-07-20T12:05:00+05:30,4471.6,4478,4471.6,4476.2,2720
2026-07-20T12:10:00+05:30,4476.2,4479,4474.3,4476.5,2500
2026-07-20T12:15:00+05:30,4476.2,4478,4476.2,4477.1,1250
2026-07-20T12:20:00+05:30,4477.1,4477.8,4471.1,4471.1,2596
2026-07-20T12:25:00+05:30,4472,4473.9,4470.8,4472.1,772
2026-07-20T12:30:00+05:30,4472.1,4474.6,4472.1,4472.8,682
2026-07-20T12:35:00+05:30,4472.8,4473.1,4471.2,4472.9,858
2026-07-20T12:40:00+05:30,4471.5,4474.1,4471.2,4471.2,1019
2026-07-20T12:45:00+05:30,4471.2,4477.6,4470,4475,6551
2026-07-20T12:50:00+05:30,4475,4477.7,4473.2,4476,1185
2026-07-20T12:55:00+05:30,4474.7,4480,4474.7,4480,1491
2026-07-20T13:00:00+05:30,4480,4480,4477.9,4479.9,1376
2026-07-20T13:05:00+05:30,4479.9,4479.9,4475.3,4476,886
2026-07-20T13:10:00+05:30,4475,4482.8,4475,4482.8,2199
2026-07-20T13:15:00+05:30,4481.9,4484.9,4479.7,4481,1611
2026-07-20T13:20:00+05:30,4481,4485.5,4481,4485,2868
2026-07-20T13:25:00+05:30,4485,4488.3,4485,4485.9,1763
2026-07-20T13:30:00+05:30,4485.9,4486.4,4485,4485,2223
2026-07-20T13:35:00+05:30,4485,4488.1,4485,4487,1849
2026-07-20T13:40:00+05:30,4486.7,4486.9,4485,4485.1,1711
2026-07-20T13:45:00+05:30,4485.1,4489,4485,4485.7,1478
2026-07-20T13:50:00+05:30,4485.7,4489,4485,4486.1,1425
2026-07-20T13:55:00+05:30,4486.1,4486.8,4485,4486,1089
2026-07-20T14:00:00+05:30,4486,4494.4,4486,4494,3977
2026-07-20T14:05:00+05:30,4494.8,4496,4492.2,4492.2,3411
2026-07-20T14:10:00+05:30,4492.8,4494.6,4490,4490.7,3960
2026-07-20T14:15:00+05:30,4490.7,4492.5,4490,4491.9,1023
2026-07-20T14:20:00+05:30,4491.1,4492,4490,4490,1184
2026-07-20T14:25:00+05:30,4490.1,4491.7,4490,4490.1,1730
2026-07-20T14:30:00+05:30,4490.1,4490.8,4479.8,4480,7008
2026-07-20T14:35:00+05:30,4481.4,4481.4,4477.9,4480,5753
2026-07-20T14:40:00+05:30,4478,4481.2,4477.8,4478.5,4368
2026-07-20T14:45:00+05:30,4480,4494,4479.1,4492.9,11442
2026-07-20T14:50:00+05:30,4492.9,4493.6,4490,4491.6,3567
2026-07-20T14:55:00+05:30,4491.6,4496,4490.7,4495,5603
2026-07-20T15:00:00+05:30,4495.8,4498.9,4494,4495.2,14426
2026-07-20T15:05:00+05:30,4495.2,4496.9,4492.5,4493.4,8200
2026-07-20T15:10:00+05:30,4493.2,4494,4485.9,4488.2,7829
2026-07-20T15:15:00+05:30,4489.9,4493.8,4487.4,4487.8,10118
2026-07-20T15:20:00+05:30,4488.4,4489,4485.2,4485.2,13435
2026-07-20T15:25:00+05:30,4485.3,4489.8,4485.2,4489,10853
2026-07-21T09:15:00+05:30,4485,4501.9,4476,4492,9141
2026-07-21T09:20:00+05:30,4492,4497.5,4487.5,4495.3,3873
2026-07-21T09:25:00+05:30,4495.3,4504.2,4492.4,4503,8027
2026-07-21T09:30:00+05:30,4501.4,4508.6,4494.6,4494.6,11643
2026-07-21T09:35:00+05:30,4495,4499.6,4489.1,4498.9,5852
2026-07-21T09:40:00+05:30,4498.6,4500,4492.9,4495.9,5043
2026-07-21T09:45:00+05:30,4495.9,4497,4485.7,4485.7,3644
2026-07-21T09:50:00+05:30,4485.7,4488.3,4481,4482.1,6125
2026-07-21T09:55:00+05:30,4482.1,4484.7,4481,4481.8,1970
2026-07-21T10:00:00+05:30,4481.6,4482,4480.5,4480.5,2243
2026-07-21T10:05:00+05:30,4480.5,4483.9,4480.5,4481,3865
2026-07-21T10:10:00+05:30,4481,4482.5,4477.8,4479,2927
2026-07-21T10:15:00+05:30,4477.8,4482.4,4471.4,4475.2,5290
2026-07-21T10:20:00+05:30,4475.2,4476.9,4471.5,4475,3365
2026-07-21T10:25:00+05:30,4475,4475.2,4471,4472,2000
2026-07-21T10:30:00+05:30,4472,4473.2,4466.6,4468.6,6104
2026-07-21T10:35:00+05:30,4468.6,4473.2,4465.3,4467.4,2930
2026-07-21T10:40:00+05:30,4466,4472,4466,4471,1944
2026-07-21T10:45:00+05:30,4469,4471.2,4466.1,4467.7,2280
2026-07-21T10:50:00+05:30,4467.7,4468.8,4465.6,4465.6,1808
2026-07-21T10:55:00+05:30,4465.5,4467.1,4463,4464.9,4117
2026-07-21T11:00:00+05:30,4465,4468,4464,4468,2925
2026-07-21T11:05:00+05:30,4466.7,4466.7,4463.3,4463.3,1754
2026-07-21T11:10:00+05:30,4463.3,4465,4461.4,4463.8,2037
2026-07-21T11:15:00+05:30,4463.8,4464.9,4462,4463.1,1553
2026-07-21T11:20:00+05:30,4463.1,4482.9,4463,4475.8,13310
2026-07-21T11:25:00+05:30,4473.2,4476.4,4473.2,4475.8,4188
2026-07-21T11:30:00+05:30,4476.7,4478,4475,4476.6,1099
2026-07-21T11:35:00+05:30,4476.6,4479.5,4475,4475.2,1941
2026-07-21T11:40:00+05:30,4475.2,4475.2,4468.5,4470,2866
2026-07-21T11:45:00+05:30,4470,4472.7,4468.5,4472.7,1051
2026-07-21T11:50:00+05:30,4472.7,4473,4470,4470.3,1542
2026-07-21T11:55:00+05:30,4470.3,4473.7,4470,4472.5,1367
2026-07-21T12:00:00+05:30,4475.2,4480.9,4474.5,4480,2557
2026-07-21T12:05:00+05:30,4480,4480,4476.3,4478,1033
2026-07-21T12:10:00+05:30,4478,4484,4475.7,4477.1,2919
2026-07-21T12:15:00+05:30,4477.1,4480,4475,4476.7,5881
2026-07-21T12:20:00+05:30,4476.7,4479.1,4473.2,4476.6,2021
2026-07-21T12:25:00+05:30,4476.6,4478.6,4472,4472.7,624
2026-07-21T12:30:00+05:30,4472.7,4474.7,4472.6,4474.3,558
2026-07-21T12:35:00+05:30,4474.3,4479,4473.2,4477.8,2178
2026-07-21T12:40:00+05:30,4477.8,4478.1,4473,4473,1161
2026-07-21T12:45:00+05:30,4473,4474,4471.3,4471.5,1065
2026-07-21T12:50:00+05:30,4471.3,4472.8,4470,4472,2183
2026-07-21T12:55:00+05:30,4472,4474.7,4470,4470.3,3021
2026-07-21T13:00:00+05:30,4470.3,4471.7,4469,4471.5,1423
2026-07-21T13:05:00+05:30,4471.5,4476,4470.1,4476,1383
2026-07-21T13:10:00+05:30,4476,4478.4,4474,4476.7,2445
2026-07-21T13:15:00+05:30,4476.7,4477.5,4473,4476,1810
2026-07-21T13:20:00+05:30,4476,4478.4,4475,4477,1934
2026-07-21T13:25:00+05:30,4477,4478,4476,4476,1495
2026-07-21T13:30:00+05:30,4476,4486,4476,4486,4994
2026-07-21T13:35:00+05:30,4486,4487.5,4484.1,4487,7876
2026-07-21T13:40:00+05:30,4487,4491.5,4486,4491.5,4151
2026-07-21T13:45:00+05:30,4491,4501,4490.8,4500.7,13156
2026-07-21T13:50:00+05:30,4501.9,4523,4500.8,4518.8,25184
2026-07-21T13:55:00+05:30,4518.8,4535.4,4514.5,4535.4,25764
2026-07-21T14:00:00+05:30,4532.6,4558.6,4532.6,4557,64282
2026-07-21T14:05:00+05:30,4558.8,4567,4548.2,4550,37303
2026-07-21T14:10:00+05:30,4549.7,4553.8,4546.8,4551.8,17428
2026-07-21T14:15:00+05:30,4552,4555,4549.7,4551.7,8414
2026-07-21T14:20:00+05:30,4551.7,4565.1,4550,4561.2,30644
2026-07-21T14:25:00+05:30,4561.2,4575,4558.4,4572.5,26723
2026-07-21T14:30:00+05:30,4573.1,4574.5,4557.2,4569.7,19221
2026-07-21T14:35:00+05:30,4569.7,4580.8,4567.9,4574.9,39657
2026-07-21T14:40:00+05:30,4574,4575,4566,4572.2,10309
2026-07-21T14:45:00+05:30,4572.2,4588.6,4570.7,4587,24942
2026-07-21T14:50:00+05:30,4588.1,4593,4578,4580.4,38065
2026-07-21T14:55:00+05:30,4581,4594,4577.1,4590.2,17962
2026-07-21T15:00:00+05:30,4591,4591.9,4575,4575,15798
2026-07-21T15:05:00+05:30,4576.9,4583,4576.9,4582.5,14411
2026-07-21T15:10:00+05:30,4582.5,4586.2,4580,4580.8,13504
2026-07-21T15:15:00+05:30,4580,4580.8,4577,4579.6,17948
2026-07-21T15:20:00+05:30,4577.7,4582,4577.5,4582,25358
2026-07-21T15:25:00+05:30,4581.1,4587,4580,4582,27287
2026-07-22T09:15:00+05:30,4585,4594,4552.6,4560.5,38214
2026-07-22T09:20:00+05:30,4562.1,4568.6,4557.1,4561.5,17719
2026-07-22T09:25:00+05:30,4561.5,4565.9,4548,4555.4,17764
2026-07-22T09:30:00+05:30,4555.4,4559,4551,4553.2,6459
2026-07-22T09:35:00+05:30,4553.2,4555.9,4549,4549,7816
2026-07-22T09:40:00+05:30,4549,4560,4549,4554.3,6217
2026-07-22T09:45:00+05:30,4554.3,4575,4552.3,4572.5,22352
2026-07-22T09:50:00+05:30,4572.5,4579,4570,4571.6,14704
2026-07-22T09:55:00+05:30,4570,4571.6,4563.2,4567.9,6447
2026-07-22T10:00:00+05:30,4567,4577,4564,4575,10343
2026-07-22T10:05:00+05:30,4577,4588,4574.1,4584,16941
2026-07-22T10:10:00+05:30,4584,4603.4,4582,4593.4,39743
2026-07-22T10:15:00+05:30,4593.2,4594,4575.9,4577,10721
2026-07-22T10:20:00+05:30,4577,4583.1,4570,4582.8,15775
2026-07-22T10:25:00+05:30,4582.8,4585,4575,4585,12062
2026-07-22T10:30:00+05:30,4583.4,4597,4583.2,4591,13005
2026-07-22T10:35:00+05:30,4592.4,4594,4588,4590,10707
2026-07-22T10:40:00+05:30,4590,4593.9,4588,4592,6257
2026-07-22T10:45:00+05:30,4592,4598,4589.2,4598,8110
2026-07-22T10:50:00+05:30,4596.7,4599.9,4594.8,4596.1,9041
2026-07-22T10:55:00+05:30,4596.1,4605,4596.1,4602.3,20698
2026-07-22T11:00:00+05:30,4602,4604,4596.4,4603.3,10978
2026-07-22T11:05:00+05:30,4603.3,4603.9,4598.5,4603.4,22240
2026-07-22T11:10:00+05:30,4603.9,4609,4600,4600,17434
2026-07-22T11:15:00+05:30,4600,4602,4594.6,4595.1,13526
2026-07-22T11:20:00+05:30,4596.6,4602,4592.2,4599.8,6781
2026-07-22T11:25:00+05:30,4599.8,4606.4,4598,4603.8,7684
2026-07-22T11:30:00+05:30,4604.2,4613.6,4602,4611.9,22933
2026-07-22T11:35:00+05:30,4611.9,4614.7,4603.1,4614,8901
2026-07-22T11:40:00+05:30,4614,4627,4614,4620,35404
2026-07-22T11:45:00+05:30,4619.7,4621,4608,4612.4,10790
2026-07-22T11:50:00+05:30,4612.4,4613.2,4608,4609.4,9936
2026-07-22T11:55:00+05:30,4609.4,4609.4,4595,4605,32685
2026-07-22T12:00:00+05:30,4605,4606.4,4597.2,4605.5,6502
2026-07-22T12:05:00+05:30,4605.5,4607.9,4602.4,4604.3,6948
2026-07-22T12:10:00+05:30,4604.8,4605,4591,4591.9,12602
2026-07-22T12:15:00+05:30,4591.9,4598.6,4585,4598.3,21089
2026-07-22T12:20:00+05:30,4598.3,4603,4595.5,4599,18303
2026-07-22T12:25:00+05:30,4599,4603.2,4597,4600,3445
2026-07-22T12:30:00+05:30,4600,4600.9,4590.7,4595,18489
2026-07-22T12:35:00+05:30,4595,4597.5,4588.2,4594,20581
2026-07-22T12:40:00+05:30,4594,4603,4589.2,4601.4,22442
2026-07-22T12:45:00+05:30,4601.4,4607.8,4600.3,4607.8,5942
2026-07-22T12:50:00+05:30,4607.8,4615,4607,4607.3,6840
2026-07-22T12:55:00+05:30,4607.3,4610.5,4606.5,4607.5,3143
2026-07-22T13:00:00+05:30,4607.5,4607.5,4600.2,4603.8,3649
2026-07-22T13:05:00+05:30,4601.8,4608.9,4601.4,4606.8,3060
2026-07-22T13:10:00+05:30,4606.8,4606.8,4602.9,4603,2850
2026-07-22T13:15:00+05:30,4603,4604.7,4602,4602.7,2499
2026-07-22T13:20:00+05:30,4602.7,4604,4600.2,4600.5,2829
2026-07-22T13:25:00+05:30,4600.5,4602.5,4600,4600,4500
2026-07-22T13:30:00+05:30,4600,4604,4600,4603.3,1728
2026-07-22T13:35:00+05:30,4603.3,4607.7,4602.8,4602.8,2980
2026-07-22T13:40:00+05:30,4602.9,4605,4593.3,4596.1,12991
2026-07-22T13:45:00+05:30,4596.1,4601.8,4594,4601.8,8825
2026-07-22T13:50:00+05:30,4601,4602.8,4593,4595.1,12209
2026-07-22T13:55:00+05:30,4595.1,4600,4592.3,4595,17047
2026-07-22T14:00:00+05:30,4595,4596.7,4592.1,4594.9,5083
2026-07-22T14:05:00+05:30,4594.9,4597.1,4592.2,4595,6056
2026-07-22T14:10:00+05:30,4595,4595.4,4587.2,4593.8,15861
2026-07-22T14:15:00+05:30,4593.8,4595,4589.3,4593.1,9735
2026-07-22T14:20:00+05:30,4593.1,4595.6,4588.1,4592.6,14937
2026-07-22T14:25:00+05:30,4592.6,4593.1,4566.1,4567,25950
2026-07-22T14:30:00+05:30,4567,4568.8,4561.8,4566.1,8267
2026-07-22T14:35:00+05:30,4566.1,4566.6,4554,4555.7,6325
2026-07-22T14:40:00+05:30,4555.7,4568.2,4551.3,4567,9390
2026-07-22T14:45:00+05:30,4565.9,4569.3,4555.2,4558.3,5590
2026-07-22T14:50:00+05:30,4558.3,4562.6,4556.8,4561.1,2732
2026-07-22T14:55:00+05:30,4561.1,4564.5,4559.3,4560.9,3184
2026-07-22T15:00:00+05:30,4560.9,4575.8,4560.9,4574.2,24753
2026-07-22T15:05:00+05:30,4574.4,4585,4574.3,4581.6,24110
2026-07-22T15:10:00+05:30,4583,4583.2,4576.1,4579.1,17942
2026-07-22T15:15:00+05:30,4579.9,4582,4576,4576,10468
2026-07-22T15:20:00+05:30,4576,4579.1,4573.3,4574.4,31891
2026-07-22T15:25:00+05:30,4574.4,4575.2,4560.1,4567.9,18739
2026-07-23T09:15:00+05:30,4570.7,4586.5,4553,4554.8,22990
2026-07-23T09:20:00+05:30,4554.8,4576,4553.9,4570.2,9270
2026-07-23T09:25:00+05:30,4570.2,4574,4564.8,4567.2,5645
2026-07-23T09:30:00+05:30,4567.2,4571.7,4560,4564.8,7396
2026-07-23T09:35:00+05:30,4565.1,4565.8,4553,4555.2,7699
2026-07-23T09:40:00+05:30,4556.7,4559.8,4550,4556.6,8079
2026-07-23T09:45:00+05:30,4556.6,4556.9,4550.5,4554.8,3298
2026-07-23T09:50:00+05:30,4554.8,4564.9,4552,4562.6,4467
2026-07-23T09:55:00+05:30,4562.6,4569,4559.4,4565.9,6435
2026-07-23T10:00:00+05:30,4565.9,4571.3,4563,4570.9,4917
2026-07-23T10:05:00+05:30,4570.9,4572.9,4560,4561.5,3297
2026-07-23T10:10:00+05:30,4561.5,4568,4561.4,4568,3274
2026-07-23T10:15:00+05:30,4567.2,4588.5,4567,4586.2,10937
2026-07-23T10:20:00+05:30,4586.2,4587.6,4576.9,4579.1,6535
2026-07-23T10:25:00+05:30,4577.4,4588.4,4575.7,4584.6,5979
2026-07-23T10:30:00+05:30,4584.6,4587.6,4578.3,4580,3174
2026-07-23T10:35:00+05:30,4580,4582.6,4575.1,4577,2698
2026-07-23T10:40:00+05:30,4577,4577,4569.7,4572.6,4221
2026-07-23T10:45:00+05:30,4572.6,4573.7,4568.5,4570.7,2230
2026-07-23T10:50:00+05:30,4570.7,4579.5,4568,4576,3449
2026-07-23T10:55:00+05:30,4576,4577.9,4570.8,4576.9,1511
2026-07-23T11:00:00+05:30,4576.9,4594.5,4574,4591.6,9833
2026-07-23T11:05:00+05:30,4591.6,4592,4581.7,4584,5725
2026-07-23T11:10:00+05:30,4584,4584.5,4573,4581.7,16956
2026-07-23T11:15:00+05:30,4581.7,4588,4580,4584,6833
2026-07-23T11:20:00+05:30,4584,4585.2,4574,4575.8,19274
2026-07-23T11:25:00+05:30,4574,4585,4571,4580.5,25000
2026-07-23T11:30:00+05:30,4580.5,4581.3,4575.1,4578.9,2885
2026-07-23T11:35:00+05:30,4578.9,4584.1,4575.8,4582.3,21670
2026-07-23T11:40:00+05:30,4582,4593.8,4580,4592.4,14683
2026-07-23T11:45:00+05:30,4592.4,4595.1,4590,4590,5405
2026-07-23T11:50:00+05:30,4590,4590.9,4585,4585.3,2847
2026-07-23T11:55:00+05:30,4587.2,4590,4585,4588.6,2649
2026-07-23T12:00:00+05:30,4588.6,4590,4585,4585,2730
2026-07-23T12:05:00+05:30,4585,4587.4,4585,4585.9,2909
2026-07-23T12:10:00+05:30,4587,4588.8,4585,4585,2028
2026-07-23T12:15:00+05:30,4586.2,4586.9,4577.8,4580,17088
2026-07-23T12:20:00+05:30,4580,4580,4571.5,4573.5,3188
2026-07-23T12:25:00+05:30,4573.5,4582.3,4570.7,4579.8,5465
2026-07-23T12:30:00+05:30,4579.8,4579.8,4565.5,4569,7695
2026-07-23T12:35:00+05:30,4569,4574,4562.1,4573,5862
2026-07-23T12:40:00+05:30,4573,4573,4555.9,4558.4,11166
2026-07-23T12:45:00+05:30,4558.4,4560.3,4553.2,4558.5,6434
2026-07-23T12:50:00+05:30,4558.4,4559,4551.3,4556.3,11014
2026-07-23T12:55:00+05:30,4558.2,4561.1,4555.1,4561.1,3294
2026-07-23T13:00:00+05:30,4561.1,4561.1,4553.8,4556.8,3415
2026-07-23T13:05:00+05:30,4556.8,4559.5,4550,4551.5,9536
2026-07-23T13:10:00+05:30,4551.5,4553.4,4550.1,4553.3,4977
2026-07-23T13:15:00+05:30,4553.3,4555,4545,4551,11058
2026-07-23T13:20:00+05:30,4551,4559,4550.6,4555.6,3812
2026-07-23T13:25:00+05:30,4555.6,4558.2,4551.3,4551.3,2276
2026-07-23T13:30:00+05:30,4551.3,4553.5,4549.2,4549.4,3237
2026-07-23T13:35:00+05:30,4549.4,4557.5,4549.1,4557,4503
2026-07-23T13:40:00+05:30,4556.9,4559.5,4556,4559,4087
2026-07-23T13:45:00+05:30,4556.7,4560,4556.4,4560,5019
2026-07-23T13:50:00+05:30,4560,4560.8,4555.5,4557.9,2542
2026-07-23T13:55:00+05:30,4557.9,4565,4556,4564.6,3356
2026-07-23T14:00:00+05:30,4564.6,4568,4560.8,4563.4,4141
2026-07-23T14:05:00+05:30,4563.1,4563.4,4558.5,4560,3077
2026-07-23T14:10:00+05:30,4560,4560,4554.8,4554.8,2107
2026-07-23T14:15:00+05:30,4554.8,4562,4554.5,4560.9,4744
2026-07-23T14:20:00+05:30,4560.9,4565.4,4559,4562.8,5573
2026-07-23T14:25:00+05:30,4562.8,4563.4,4558.2,4560.7,1046
2026-07-23T14:30:00+05:30,4560.7,4572,4559,4572,6120
2026-07-23T14:35:00+05:30,4572,4573.4,4567.2,4569.3,7333
2026-07-23T14:40:00+05:30,4570,4570,4563.5,4565.9,10681
2026-07-23T14:45:00+05:30,4565.9,4568.4,4561.2,4564.9,13617
2026-07-23T14:50:00+05:30,4564.9,4565.9,4561.8,4565.5,12548
2026-07-23T14:55:00+05:30,4565.5,4573.9,4564.4,4573.9,12976
2026-07-23T15:00:00+05:30,4573.5,4588.7,4570.9,4584.7,26269
2026-07-23T15:05:00+05:30,4585.7,4597,4582.9,4596.2,26404
2026-07-23T15:10:00+05:30,4596.5,4600,4590,4599.9,28636
2026-07-23T15:15:00+05:30,4600,4600,4591.5,4595,33525
2026-07-23T15:20:00+05:30,4595,4596.1,4592,4594.3,30144
2026-07-23T15:25:00+05:30,4594,4594,4585,4586.8,19738
2026-07-24T09:15:00+05:30,4550.1,4586.9,4544,4565.2,19142
2026-07-24T09:20:00+05:30,4566.6,4570.1,4560,4563.7,7220
2026-07-24T09:25:00+05:30,4563.7,4563.7,4551,4555,8044
2026-07-24T09:30:00+05:30,4554.5,4560,4548,4548,9398
2026-07-24T09:35:00+05:30,4548,4553.3,4545.6,4548.2,5246
2026-07-24T09:40:00+05:30,4548.6,4556,4548,4550.9,5981
2026-07-24T09:45:00+05:30,4550.9,4552.2,4530.5,4534.9,12804
2026-07-24T09:50:00+05:30,4534.9,4540.9,4532.1,4535,4873
2026-07-24T09:55:00+05:30,4535,4538.7,4531,4535.9,2923
2026-07-24T10:00:00+05:30,4534.6,4536.2,4524,4530,5997
2026-07-24T10:05:00+05:30,4530,4530,4519,4526.4,6600
2026-07-24T10:10:00+05:30,4526.4,4528,4521,4523.5,4346
2026-07-24T10:15:00+05:30,4523.5,4540,4521,4533.5,9327
2026-07-24T10:20:00+05:30,4533.5,4537.8,4530,4530.5,4162
2026-07-24T10:25:00+05:30,4530.5,4544.1,4530.5,4542,5515
2026-07-24T10:30:00+05:30,4543.1,4543.6,4535.1,4535.1,5489
2026-07-24T10:35:00+05:30,4535.1,4550,4530,4548,10979
2026-07-24T10:40:00+05:30,4548,4551,4544.1,4549.4,5729
2026-07-24T10:45:00+05:30,4549.4,4565,4548.8,4557.3,18338
2026-07-24T10:50:00+05:30,4557.4,4558.7,4550.7,4551,6864
2026-07-24T10:55:00+05:30,4551,4553.9,4549.9,4551,9661
2026-07-24T11:00:00+05:30,4551,4552,4534.7,4551.5,20624
2026-07-24T11:05:00+05:30,4551.5,4551.5,4550,4550.5,3917
2026-07-24T11:10:00+05:30,4550.5,4558.7,4550,4550.1,3353
2026-07-24T11:15:00+05:30,4550.1,4554.9,4550,4553.2,2896
2026-07-24T11:20:00+05:30,4553,4565.2,4552.9,4563.3,6076
2026-07-24T11:25:00+05:30,4564.6,4566,4552.6,4554.8,7115
2026-07-24T11:30:00+05:30,4554.8,4567.8,4553.2,4565,10464
2026-07-24T11:35:00+05:30,4565,4567,4562.1,4564.7,2006
2026-07-24T11:40:00+05:30,4563.6,4569,4563.6,4569,4919
2026-07-24T11:45:00+05:30,4569.5,4576.4,4569.5,4574.7,4623
2026-07-24T11:50:00+05:30,4574.7,4576.1,4570.8,4574.5,4053
2026-07-24T11:55:00+05:30,4574.5,4579.2,4572,4578,28142
2026-07-24T12:00:00+05:30,4578,4578,4574,4576,3074
2026-07-24T12:05:00+05:30,4576,4579.5,4574.1,4575.6,2529
2026-07-24T12:10:00+05:30,4575.6,4577,4574,4576,2594
2026-07-24T12:15:00+05:30,4576.1,4577.3,4573.2,4573.9,2211
2026-07-24T12:20:00+05:30,4573.9,4573.9,4566,4571.7,3611
2026-07-24T12:25:00+05:30,4571.6,4584,4569.2,4580.4,4949
2026-07-24T12:30:00+05:30,4581,4584,4570.4,4577.1,32383
2026-07-24T12:35:00+05:30,4577.1,4577.7,4571.2,4573.7,1244
2026-07-24T12:40:00+05:30,4573.7,4577.7,4573.7,4574.1,2592
2026-07-24T12:45:00+05:30,4574.2,4578,4573.9,4577.7,3894
2026-07-24T12:50:00+05:30,4583,4586,4581.5,4583.9,4431
2026-07-24T12:55:00+05:30,4585.9,4585.9,4580,4583.1,1314
2026-07-24T13:00:00+05:30,4582.1,4588,4580,4582.6,3810
2026-07-24T13:05:00+05:30,4584.9,4584.9,4576.1,4577.7,1690
2026-07-24T13:10:00+05:30,4576.4,4580.7,4575.9,4579.8,3556
2026-07-24T13:15:00+05:30,4579.8,4584.4,4579.8,4583.5,3146
2026-07-24T13:20:00+05:30,4582.3,4584.6,4577.3,4580,1590
2026-07-24T13:25:00+05:30,4580,4588.8,4579.7,4583.5,4027
2026-07-24T13:30:00+05:30,4583.5,4585,4577,4579,2664
2026-07-24T13:35:00+05:30,4579.1,4580,4573.8,4579,849
2026-07-24T13:40:00+05:30,4579,4579.6,4572,4577.5,2000
2026-07-24T13:45:00+05:30,4577.5,4581.9,4576,4581.3,2990
2026-07-24T13:50:00+05:30,4581.3,4585,4580,4583.7,1183
2026-07-24T13:55:00+05:30,4584,4587.5,4583.7,4586,2617
2026-07-24T14:00:00+05:30,4587,4596.9,4585,4595.1,7028
2026-07-24T14:05:00+05:30,4595.1,4598.7,4592.5,4595,5028
2026-07-24T14:10:00+05:30,4595,4597,4589,4589.2,2936
2026-07-24T14:15:00+05:30,4591,4592,4585,4585.8,2976
2026-07-24T14:20:00+05:30,4585.8,4589.5,4583,4583,2159
2026-07-24T14:25:00+05:30,4583,4584.3,4578.3,4584.3,8654
2026-07-24T14:30:00+05:30,4584.3,4588,4582.1,4587,2935
2026-07-24T14:35:00+05:30,4587,4587,4582.6,4583.8,3020
2026-07-24T14:40:00+05:30,4583.8,4585.9,4574.4,4580.7,9352
2026-07-24T14:45:00+05:30,4580.7,4581.8,4573.1,4575,1627
2026-07-24T14:50:00+05:30,4575,4578.6,4570.5,4578,4078
2026-07-24T14:55:00+05:30,4576.8,4579.8,4575.9,4576.6,2491
2026-07-24T15:00:00+05:30,4578,4579.9,4570.2,4572.2,5594
2026-07-24T15:05:00+05:30,4572.9,4573.6,4570.5,4573.6,6427
2026-07-24T15:10:00+05:30,4572.6,4575.1,4570,4574.2,10970
2026-07-24T15:15:00+05:30,4574.2,4577,4570,4572.8,7383
2026-07-24T15:20:00+05:30,4572.6,4574.9,4570.9,4573.4,10552
2026-07-24T15:25:00+05:30,4573.6,4579,4570,4570.7,10840
2026-07-27T09:15:00+05:30,4582,4599.9,4578.1,4583.2,18688
2026-07-27T09:20:00+05:30,4583.2,4605.9,4580,4582.4,15884
2026-07-27T09:25:00+05:30,4581.1,4597,4577,4594.6,12865
2026-07-27T09:30:00+05:30,4596,4614.9,4594.3,4610.7,28432
2026-07-27T09:35:00+05:30,4610.7,4618.8,4606,4607.2,11734
2026-07-27T09:40:00+05:30,4607.2,4615,4596.4,4612,11967
2026-07-27T09:45:00+05:30,4612,4630.4,4608.2,4629.9,33066
2026-07-27T09:50:00+05:30,4629.9,4630,4612.8,4615.4,13178
2026-07-27T09:55:00+05:30,4615,4622.5,4613,4622,24273
2026-07-27T10:00:00+05:30,4622,4627.5,4617.5,4619.5,12496
2026-07-27T10:05:00+05:30,4620,4624.4,4617,4622.3,5602
2026-07-27T10:10:00+05:30,4622.3,4629.2,4620.6,4628,11781
2026-07-27T10:15:00+05:30,4628,4633,4624,4630.7,15401
2026-07-27T10:20:00+05:30,4630.9,4639,4630.1,4636.2,22633
2026-07-27T10:25:00+05:30,4638,4639,4629.8,4629.8,12178
2026-07-27T10:30:00+05:30,4629.8,4630.4,4621.3,4622.1,5598
2026-07-27T10:35:00+05:30,4622.1,4623.2,4609,4613.1,11822
2026-07-27T10:40:00+05:30,4612,4614.2,4610,4612.1,6102
2026-07-27T10:45:00+05:30,4612,4612,4605,4609.9,5682
2026-07-27T10:50:00+05:30,4609,4621.9,4608.1,4613.2,8937
2026-07-27T10:55:00+05:30,4613.1,4615.9,4611.2,4614.2,3880
2026-07-27T11:00:00+05:30,4614.2,4616.1,4612.3,4613.3,3002
2026-07-27T11:05:00+05:30,4613.3,4614.8,4610,4614.7,3215
2026-07-27T11:10:00+05:30,4614.7,4618,4612.6,4612.6,4323
2026-07-27T11:15:00+05:30,4612.3,4625,4612.3,4623.4,8821
2026-07-27T11:20:00+05:30,4624.8,4624.9,4620,4620.4,3250
2026-07-27T11:25:00+05:30,4620.8,4624.5,4619.7,4624.5,5393
2026-07-27T11:30:00+05:30,4625,4632.7,4623,4629.8,10815
2026-07-27T11:35:00+05:30,4629.5,4637,4627.2,4629.2,8192
2026-07-27T11:40:00+05:30,4629.2,4631.4,4620,4620,6745
2026-07-27T11:45:00+05:30,4620,4623.5,4619.5,4620,4246
2026-07-27T11:50:00+05:30,4620,4620.9,4613.9,4615,8149
2026-07-27T11:55:00+05:30,4615,4617.3,4610.8,4612,3274
2026-07-27T12:00:00+05:30,4612,4616.8,4610.3,4615.1,2611
2026-07-27T12:05:00+05:30,4614.9,4616.2,4610.5,4613.8,4831
2026-07-27T12:10:00+05:30,4613.8,4615.6,4610,4611.4,3529
2026-07-27T12:15:00+05:30,4611.4,4615.5,4605,4606.1,3658
2026-07-27T12:20:00+05:30,4606.1,4612,4605,4607.6,3197
2026-07-27T12:25:00+05:30,4607.6,4622,4607.4,4620.4,7479
2026-07-27T12:30:00+05:30,4620.4,4620.8,4615.2,4618,8173
2026-07-27T12:35:00+05:30,4618,4620,4611.3,4614.7,2275
2026-07-27T12:40:00+05:30,4614.7,4622.5,4613.4,4621.6,7052
2026-07-27T12:45:00+05:30,4621.6,4621.7,4619,4619.2,1868
2026-07-27T12:50:00+05:30,4619.2,4621,4618.6,4619.2,2933
2026-07-27T12:55:00+05:30,4619.9,4621,4618.6,4618.7,1555
2026-07-27T13:00:00+05:30,4618.7,4630,4618.7,4628.1,7710
2026-07-27T13:05:00+05:30,4628.1,4631.9,4627.2,4628.4,6957
2026-07-27T13:10:00+05:30,4628.4,4639,4627.4,4634.7,10809
2026-07-27T13:15:00+05:30,4634.7,4644.8,4633.2,4640,20641
2026-07-27T13:20:00+05:30,4640,4641.5,4630,4631,6027
2026-07-27T13:25:00+05:30,4631,4637.9,4625,4634.5,19928
2026-07-27T13:30:00+05:30,4634.5,4634.5,4630,4630,3497
2026-07-27T13:35:00+05:30,4629.4,4629.9,4623.9,4624.9,2557
2026-07-27T13:40:00+05:30,4624.9,4624.9,4614.5,4614.5,4900
2026-07-27T13:45:00+05:30,4612.7,4621.3,4612.6,4618,19315
2026-07-27T13:50:00+05:30,4618,4620,4615.5,4618.1,18282
2026-07-27T13:55:00+05:30,4618.1,4618.8,4614,4615.2,2039
2026-07-27T14:00:00+05:30,4615.6,4618,4610,4612,3547
2026-07-27T14:05:00+05:30,4613,4617.7,4611,4615,2348
2026-07-27T14:10:00+05:30,4615,4617.3,4614,4615.3,2628
2026-07-27T14:15:00+05:30,4615.3,4617,4612,4616,6849
2026-07-27T14:20:00+05:30,4616.1,4620.1,4615,4618.2,14340
2026-07-27T14:25:00+05:30,4618.3,4624.4,4618.1,4622,6458
2026-07-27T14:30:00+05:30,4622,4622,4616.1,4616.4,2946
2026-07-27T14:35:00+05:30,4616.4,4621,4616.4,4619,2317
2026-07-27T14:40:00+05:30,4619,4621,4617.8,4618.5,3522
2026-07-27T14:45:00+05:30,4618.5,4618.5,4612,4613.7,3845
2026-07-27T14:50:00+05:30,4612,4614,4610.4,4611,3248
2026-07-27T14:55:00+05:30,4611,4613.6,4610.5,4610.6,4716
2026-07-27T15:00:00+05:30,4610.7,4623,4610.7,4621.5,11189
2026-07-27T15:05:00+05:30,4621.6,4625,4620,4625,11099
2026-07-27T15:10:00+05:30,4625,4625,4619.8,4621,12955
2026-07-27T15:15:00+05:30,4623.4,4623.9,4613.4,4614.1,21582
2026-07-27T15:20:00+05:30,4614,4625,4613.6,4621,26995
2026-07-27T15:25:00+05:30,4621.4,4623.2,4614.1,4618,18089
2026-07-28T09:15:00+05:30,4618,4625,4570.9,4591,31944
2026-07-28T09:20:00+05:30,4589.8,4600,4589,4593,10715
2026-07-28T09:25:00+05:30,4593,4593,4578.2,4582,9636
2026-07-28T09:30:00+05:30,4579.8,4579.8,4560.1,4566.3,14576
2026-07-28T09:35:00+05:30,4566.9,4569.6,4560.6,4560.7,8147
2026-07-28T09:40:00+05:30,4560.2,4560.3,4534.4,4539.5,21294
2026-07-28T09:45:00+05:30,4539.5,4540,4525,4532.6,17112
2026-07-28T09:50:00+05:30,4532.6,4535.4,4520,4531.8,21321
2026-07-28T09:55:00+05:30,4532,4534.9,4522,4522.2,8584
2026-07-28T10:00:00+05:30,4522.2,4526,4520,4522.9,9287
2026-07-28T10:05:00+05:30,4523.4,4524.8,4500.1,4505.3,23861
2026-07-28T10:10:00+05:30,4504.7,4516.2,4503.2,4505,10769
2026-07-28T10:15:00+05:30,4505,4531.9,4502,4531.7,23505
2026-07-28T10:20:00+05:30,4531.7,4533.8,4525,4527.3,5630
2026-07-28T10:25:00+05:30,4527,4538.4,4527,4537.3,6583
2026-07-28T10:30:00+05:30,4537.3,4547,4537.3,4542.7,5282
2026-07-28T10:35:00+05:30,4540.1,4545.6,4540,4544.9,6623
2026-07-28T10:40:00+05:30,4544.9,4544.9,4540,4541.9,2821
2026-07-28T10:45:00+05:30,4541.9,4545,4535,4539.8,4988
2026-07-28T10:50:00+05:30,4539.8,4541,4534.1,4538.3,4773
2026-07-28T10:55:00+05:30,4538.3,4546.9,4536,4544.6,3531
2026-07-28T11:00:00+05:30,4544.6,4545.8,4542.1,4545.3,1936
2026-07-28T11:05:00+05:30,4544,4552.9,4544,4551.8,5564
2026-07-28T11:10:00+05:30,4552.5,4553.8,4549.4,4550,3361
2026-07-28T11:15:00+05:30,4550,4555,4549.4,4554.1,2569
2026-07-28T11:20:00+05:30,4554.5,4562.7,4551.1,4562.7,11088
2026-07-28T11:25:00+05:30,4562.7,4563.4,4558,4561.2,11500
2026-07-28T11:30:00+05:30,4561.2,4564.5,4560,4562.8,4740
2026-07-28T11:35:00+05:30,4562.8,4566.1,4560.7,4562,7333
2026-07-28T11:40:00+05:30,4562,4563,4554.8,4562.4,19476
2026-07-28T11:45:00+05:30,4562.4,4565,4558.5,4565,2241
2026-07-28T11:50:00+05:30,4565.1,4568.2,4560.3,4563.2,2731
2026-07-28T11:55:00+05:30,4563.2,4563.5,4561,4561.9,1856
2026-07-28T12:00:00+05:30,4562.9,4565,4560,4564.9,2647
2026-07-28T12:05:00+05:30,4564.9,4565.7,4562.7,4565.7,2027
2026-07-28T12:10:00+05:30,4565.5,4565.6,4560.1,4561.8,2679
2026-07-28T12:15:00+05:30,4561.8,4562.5,4560,4561.3,2056
2026-07-28T12:20:00+05:30,4561.3,4582.8,4560.3,4582.8,33794
2026-07-28T12:25:00+05:30,4582.7,4608.5,4582.7,4606.9,43753
2026-07-28T12:30:00+05:30,4606.9,4614.4,4602.6,4610,12560
2026-07-28T12:35:00+05:30,4610,4613.9,4603.6,4603.6,5978
2026-07-28T12:40:00+05:30,4603.6,4613.5,4601.6,4605,8315
2026-07-28T12:45:00+05:30,4605,4605,4600.8,4603.8,2755
2026-07-28T12:50:00+05:30,4603.8,4606.1,4601.7,4605.1,2520
2026-07-28T12:55:00+05:30,4605.1,4607.8,4601.5,4601.6,2631
2026-07-28T13:00:00+05:30,4603.4,4612.3,4602.3,4610,5310
2026-07-28T13:05:00+05:30,4610,4610.1,4603.9,4605.6,3143
2026-07-28T13:10:00+05:30,4605.6,4606.2,4600.1,4600.9,4538
2026-07-28T13:15:00+05:30,4600.9,4605,4600,4601.9,3636
2026-07-28T13:20:00+05:30,4600.3,4605.7,4600,4605.7,1616
2026-07-28T13:25:00+05:30,4605.7,4605.9,4601.6,4604,1744
2026-07-28T13:30:00+05:30,4604,4607,4601.6,4601.6,2553
2026-07-28T13:35:00+05:30,4601,4604.7,4600.3,4602.7,1990
2026-07-28T13:40:00+05:30,4602.7,4606,4600,4604.6,4008
2026-07-28T13:45:00+05:30,4604.6,4604.6,4600,4600.5,3931
2026-07-28T13:50:00+05:30,4600.6,4608.1,4600.1,4608,3692
2026-07-28T13:55:00+05:30,4606.3,4608.9,4604.9,4606,1393
2026-07-28T14:00:00+05:30,4605,4607.3,4602.6,4604.4,1750
2026-07-28T14:05:00+05:30,4604.3,4606.2,4601,4601,2198
2026-07-28T14:10:00+05:30,4601,4603.7,4600,4603.3,1968
2026-07-28T14:15:00+05:30,4603.3,4604.9,4600,4600,2023
2026-07-28T14:20:00+05:30,4600,4601.6,4600,4600,3741
2026-07-28T14:25:00+05:30,4600.1,4603.3,4600.1,4602,1689
2026-07-28T14:30:00+05:30,4602,4603.9,4597.4,4600.8,16524
2026-07-28T14:35:00+05:30,4600.8,4604.9,4600.8,4603,4288
2026-07-28T14:40:00+05:30,4603,4603.6,4600.1,4601,2380
2026-07-28T14:45:00+05:30,4600.8,4604.9,4600.1,4601.8,3488
2026-07-28T14:50:00+05:30,4601.9,4604,4601.3,4603.7,2673
2026-07-28T14:55:00+05:30,4602.3,4606.8,4601,4602.4,8655
2026-07-28T15:00:00+05:30,4602.2,4602.7,4596.6,4601.1,20313
2026-07-28T15:05:00+05:30,4601,4603.8,4600,4600,33655
2026-07-28T15:10:00+05:30,4600,4601.1,4590,4598.6,22667
2026-07-28T15:15:00+05:30,4596.4,4609.4,4590.7,4596.4,31054
2026-07-28T15:20:00+05:30,4596.6,4604.2,4596.4,4601.4,20075
2026-07-28T15:25:00+05:30,4601.4,4605.3,4590.4,4595,19518
2026-07-29T09:15:00+05:30,4600.1,4621,4590,4606.7,16001
2026-07-29T09:20:00+05:30,4605.6,4607.6,4573.7,4584,23060
2026-07-29T09:25:00+05:30,4584,4597,4582,4584.7,8730
2026-07-29T09:30:00+05:30,4584.7,4590.5,4580,4582.3,3356
2026-07-29T09:35:00+05:30,4582.3,4586,4579,4580.1,3492
2026-07-29T09:40:00+05:30,4580.1,4591,4576.5,4583,5588
2026-07-29T09:45:00+05:30,4583,4586.6,4580,4580,3525
2026-07-29T09:50:00+05:30,4580.3,4581.5,4576.6,4580,5810
2026-07-29T09:55:00+05:30,4580,4583.5,4572.7,4576.2,8673
2026-07-29T10:00:00+05:30,4576.2,4583.1,4576,4583.1,3442
2026-07-29T10:05:00+05:30,4582.7,4582.7,4575,4575,3384
2026-07-29T10:10:00+05:30,4575.5,4579.1,4575,4577.1,2869
2026-07-29T10:15:00+05:30,4578,4578,4570,4570,4547
2026-07-29T10:20:00+05:30,4566,4567.5,4548,4549,18220
2026-07-29T10:25:00+05:30,4549,4554.2,4547.1,4547.7,7978
2026-07-29T10:30:00+05:30,4547.7,4548.3,4541.4,4545.6,7023
2026-07-29T10:35:00+05:30,4545.7,4555.5,4545.2,4551.2,4344
2026-07-29T10:40:00+05:30,4551,4556,4550,4555.2,2779
2026-07-29T10:45:00+05:30,4555.2,4557,4538,4543.4,11171
2026-07-29T10:50:00+05:30,4542.7,4549.6,4541.6,4544.6,3715
2026-07-29T10:55:00+05:30,4544.7,4545,4535,4538,5508
2026-07-29T11:00:00+05:30,4537.6,4544.8,4536,4543.8,8586
2026-07-29T11:05:00+05:30,4546,4551.3,4543.5,4550.9,8438
2026-07-29T11:10:00+05:30,4550.9,4555.1,4549.2,4555,17200
2026-07-29T11:15:00+05:30,4555.1,4564.3,4552,4563.2,12735
2026-07-29T11:20:00+05:30,4563,4568.4,4561,4567.6,4056
2026-07-29T11:25:00+05:30,4567.6,4571.6,4565.8,4567,5985
2026-07-29T11:30:00+05:30,4567.5,4570,4566,4566.9,8400
2026-07-29T11:35:00+05:30,4566.9,4571.6,4566.9,4570.5,4664
2026-07-29T11:40:00+05:30,4570.2,4576,4570,4573.6,13316
2026-07-29T11:45:00+05:30,4573.6,4575,4569.6,4572,8288
2026-07-29T11:50:00+05:30,4572.3,4577.8,4568,4573.9,28797
2026-07-29T11:55:00+05:30,4573.9,4575,4571.6,4573.1,1882
2026-07-29T12:00:00+05:30,4572.5,4575.9,4571.5,4575.9,3125
2026-07-29T12:05:00+05:30,4576,4577.8,4572,4576,7443
2026-07-29T12:10:00+05:30,4576.2,4579.8,4575.4,4576,2514
2026-07-29T12:15:00+05:30,4576.8,4577.5,4575,4576,10744
2026-07-29T12:20:00+05:30,4576,4579.9,4570,4575.4,20027
2026-07-29T12:25:00+05:30,4575.4,4579.3,4572.2,4576,14040
2026-07-29T12:30:00+05:30,4576.1,4576.1,4566,4567,7077
2026-07-29T12:35:00+05:30,4566.3,4569.2,4565.9,4568.1,1739
2026-07-29T12:40:00+05:30,4568.6,4568.6,4566.6,4567.8,1141
2026-07-29T12:45:00+05:30,4567.8,4568.6,4560.6,4566.9,3246
2026-07-29T12:50:00+05:30,4566.9,4572.9,4563.7,4571.5,1817
2026-07-29T12:55:00+05:30,4571.7,4574.9,4567,4570.9,1779
2026-07-29T13:00:00+05:30,4571.4,4576,4570.1,4574,1370
2026-07-29T13:05:00+05:30,4573.8,4575.1,4571.1,4571.5,1046
2026-07-29T13:10:00+05:30,4572.2,4595,4571.8,4591.4,11281
2026-07-29T13:15:00+05:30,4590,4593.5,4587.2,4588.4,6124
2026-07-29T13:20:00+05:30,4589.9,4592,4585.5,4586.6,1607
2026-07-29T13:25:00+05:30,4586.5,4589.7,4586,4586.3,1258
2026-07-29T13:30:00+05:30,4586.3,4591,4585.2,4590.7,2428
2026-07-29T13:35:00+05:30,4590.7,4590.7,4584.6,4584.6,1695
2026-07-29T13:40:00+05:30,4585.9,4585.9,4578.9,4585,3858
2026-07-29T13:45:00+05:30,4585.7,4585.7,4580,4581.6,1977
2026-07-29T13:50:00+05:30,4581.6,4585,4580.4,4584.5,1707
2026-07-29T13:55:00+05:30,4584.9,4585,4575.8,4582.3,2743
2026-07-29T14:00:00+05:30,4579.8,4585,4578.8,4581,1982
2026-07-29T14:05:00+05:30,4581,4582.4,4579.3,4581,1642
2026-07-29T14:10:00+05:30,4581,4583.7,4580.3,4581.2,1330
2026-07-29T14:15:00+05:30,4582.6,4583.4,4580.1,4580.5,1353
2026-07-29T14:20:00+05:30,4581.4,4586,4580.3,4582.1,2994
2026-07-29T14:25:00+05:30,4583.1,4583.8,4580,4583.1,1623
2026-07-29T14:30:00+05:30,4582.7,4585,4581.1,4583.5,3778
2026-07-29T14:35:00+05:30,4583.5,4590.8,4582.4,4587.8,4665
2026-07-29T14:40:00+05:30,4588,4589.4,4585.6,4587.3,2185
2026-07-29T14:45:00+05:30,4587.9,4592.3,4585.6,4590.2,7863
2026-07-29T14:50:00+05:30,4590.2,4598.6,4587.6,4591,8486
2026-07-29T14:55:00+05:30,4590,4593.7,4587.1,4588.3,2900
2026-07-29T15:00:00+05:30,4588.3,4592,4587.6,4590,4246
2026-07-29T15:05:00+05:30,4590.7,4590.9,4583,4590.3,15353
2026-07-29T15:10:00+05:30,4590.2,4597.2,4589.5,4593.7,10855
2026-07-29T15:15:00+05:30,4593.7,4599.1,4588,4589.3,12066
2026-07-29T15:20:00+05:30,4593.5,4594.7,4589.2,4590.5,12785
2026-07-29T15:25:00+05:30,4590.5,4591.7,4582.1,4588,11504
2026-07-30T09:15:00+05:30,4580,4597.5,4567.2,4585,12504
2026-07-30T09:20:00+05:30,4585,4588.8,4572.9,4573.1,7402
2026-07-30T09:25:00+05:30,4573.1,4578.9,4570.1,4570.6,4528
2026-07-30T09:30:00+05:30,4570.5,4574.2,4565.1,4567.4,5982
2026-07-30T09:35:00+05:30,4565.7,4569.9,4565.1,4568,2062
2026-07-30T09:40:00+05:30,4569.2,4570,4561.1,4562.3,2817
2026-07-30T09:45:00+05:30,4562.3,4572.7,4560,4563,5049
2026-07-30T09:50:00+05:30,4563,4571.5,4563,4569.5,2492
2026-07-30T09:55:00+05:30,4569.5,4577.9,4564.3,4573.9,4254
2026-07-30T10:00:00+05:30,4573.9,4573.9,4567.9,4569,1442
2026-07-30T10:05:00+05:30,4568.9,4570,4566,4566.6,1634
2026-07-30T10:10:00+05:30,4564,4566.8,4552,4552.2,9405
2026-07-30T10:15:00+05:30,4554.8,4557,4550,4550.1,6356
2026-07-30T10:20:00+05:30,4550.1,4553.1,4546,4551.1,7954
2026-07-30T10:25:00+05:30,4549.2,4553,4546.9,4546.9,3931
2026-07-30T10:30:00+05:30,4548.7,4550.7,4545.3,4549.3,3835
2026-07-30T10:35:00+05:30,4548.7,4552.4,4545.7,4545.7,4183
2026-07-30T10:40:00+05:30,4548.6,4549.8,4545,4546.6,3550
2026-07-30T10:45:00+05:30,4548.4,4555,4545.5,4550.1,18294
2026-07-30T10:50:00+05:30,4549.9,4553.3,4546,4549.5,10846
2026-07-30T10:55:00+05:30,4549.5,4551.1,4546,4546.7,4105
2026-07-30T11:00:00+05:30,4548.6,4566.1,4545,4566.1,8139
2026-07-30T11:05:00+05:30,4566.8,4569.9,4562,4562.7,149651
2026-07-30T11:10:00+05:30,4562.7,4565.8,4555.4,4555.7,19873
2026-07-30T11:15:00+05:30,4555.7,4560,4550.4,4558.9,17519
2026-07-30T11:20:00+05:30,4558.9,4559.2,4554.9,4555,11732
2026-07-30T11:25:00+05:30,4556,4562,4555,4560,10917
2026-07-30T11:30:00+05:30,4560,4560,4557.3,4557.4,1795
2026-07-30T11:35:00+05:30,4557.4,4558.6,4557,4557.4,2292
2026-07-30T11:40:00+05:30,4557.4,4557.8,4555.3,4556,4902
2026-07-30T11:45:00+05:30,4556,4560,4555.3,4557,5041
2026-07-30T11:50:00+05:30,4557,4558,4555.1,4555.1,2275
2026-07-30T11:55:00+05:30,4555.1,4557.7,4555.1,4557.6,1254
2026-07-30T12:00:00+05:30,4557.4,4560,4545,4545.8,8269
2026-07-30T12:05:00+05:30,4545.8,4549,4540,4540,5036
2026-07-30T12:10:00+05:30,4540.9,4547.4,4538.2,4546.9,8021
2026-07-30T12:15:00+05:30,4546.9,4546.9,4543.6,4545.3,2833
2026-07-30T12:20:00+05:30,4545.4,4554.4,4545.4,4551.6,4510
2026-07-30T12:25:00+05:30,4551.6,4560,4551.5,4553.4,4637
2026-07-30T12:30:00+05:30,4554.3,4561.9,4553.5,4558.4,6342
2026-07-30T12:35:00+05:30,4557,4558.7,4553.2,4556.1,1926
2026-07-30T12:40:00+05:30,4554.5,4555,4551.6,4554.3,1627
2026-07-30T12:45:00+05:30,4554.3,4557,4551.9,4556.5,4996
2026-07-30T12:50:00+05:30,4556.5,4556.5,4554.9,4555,3036
2026-07-30T12:55:00+05:30,4554.4,4557,4554.4,4556.1,2203
2026-07-30T13:00:00+05:30,4556.1,4556.9,4555.1,4556.7,1712
2026-07-30T13:05:00+05:30,4555.7,4558,4551.1,4557,5799
2026-07-30T13:10:00+05:30,4557,4557.6,4550,4551.7,6859
2026-07-30T13:15:00+05:30,4551.7,4555.5,4548,4553.9,13388
2026-07-30T13:20:00+05:30,4553.5,4555,4551.7,4552.1,4074
2026-07-30T13:25:00+05:30,4552.2,4553,4548.1,4548.4,8749
2026-07-30T13:30:00+05:30,4548.4,4554.7,4548.4,4552,2162
2026-07-30T13:35:00+05:30,4551.9,4554.3,4550.5,4550.7,1421
2026-07-30T13:40:00+05:30,4550.8,4553.4,4550,4550.9,1358
2026-07-30T13:45:00+05:30,4550.9,4553.4,4548,4550,12995
2026-07-30T13:50:00+05:30,4550,4565,4550,4564,11152
2026-07-30T13:55:00+05:30,4564,4570.1,4564,4568.1,10157
2026-07-30T14:00:00+05:30,4567.4,4571.9,4566.6,4570,4931
2026-07-30T14:05:00+05:30,4570,4570,4565.1,4565.2,3346
2026-07-30T14:10:00+05:30,4565.2,4565.8,4556.8,4558.8,2910
2026-07-30T14:15:00+05:30,4558.8,4563.9,4558.1,4560,2764
2026-07-30T14:20:00+05:30,4560,4561.3,4555,4555.7,1906
2026-07-30T14:25:00+05:30,4555.8,4557.5,4553,4553,1169
2026-07-30T14:30:00+05:30,4553,4563,4553,4562.4,2567
2026-07-30T14:35:00+05:30,4562.4,4563.6,4560,4562.5,1748
2026-07-30T14:40:00+05:30,4562.5,4568.8,4562.2,4567.5,3711
2026-07-30T14:45:00+05:30,4565,4568,4563.2,4564.6,3347
2026-07-30T14:50:00+05:30,4564.6,4575,4564.6,4570.6,7696
2026-07-30T14:55:00+05:30,4570.6,4576.9,4567.8,4569,5121
2026-07-30T15:00:00+05:30,4569.9,4577,4567.8,4575.3,7773
2026-07-30T15:05:00+05:30,4575.3,4581.9,4574,4581.9,9987
2026-07-30T15:10:00+05:30,4579.9,4583,4579.3,4581.5,7680
2026-07-30T15:15:00+05:30,4582.7,4582.7,4575.1,4579.9,11116
2026-07-30T15:20:00+05:30,4580.1,4588.1,4578.7,4588.1,19923
2026-07-30T15:25:00+05:30,4588.5,4590,4579.8,4590,14984
2026-07-31T09:15:00+05:30,4591.1,4624,4591.1,4609,25638
2026-07-31T09:20:00+05:30,4609,4628.6,4609,4616.6,30403
2026-07-31T09:25:00+05:30,4615.9,4640.7,4613.8,4625.3,43785
2026-07-31T09:30:00+05:30,4626.7,4644,4625,4632.5,26601
2026-07-31T09:35:00+05:30,4632.8,4635.7,4630,4632,18034
2026-07-31T09:40:00+05:30,4631.3,4645,4630.3,4645,21397
2026-07-31T09:45:00+05:30,4643,4644.8,4635.7,4638,8907
2026-07-31T09:50:00+05:30,4638,4650,4635.2,4636.8,16670
2026-07-31T09:55:00+05:30,4636.8,4640,4631.3,4640,7364
2026-07-31T10:00:00+05:30,4638.6,4642,4632,4633,7313
2026-07-31T10:05:00+05:30,4633,4644.3,4632,4644,6849
2026-07-31T10:10:00+05:30,4643,4666.3,4642,4662.5,61546
2026-07-31T10:15:00+05:30,4664.5,4669,4657.2,4657.2,27048
2026-07-31T10:20:00+05:30,4658.1,4661,4645.2,4645.2,11503
2026-07-31T10:25:00+05:30,4645.2,4646.3,4637.1,4637.1,10975
2026-07-31T10:30:00+05:30,4638,4640,4630.6,4637.2,9568
2026-07-31T10:35:00+05:30,4635.2,4637.3,4633.2,4633.8,3197
2026-07-31T10:40:00+05:30,4633.8,4635,4628,4633.4,4801
2026-07-31T10:45:00+05:30,4630.3,4633.5,4629,4631,4422
2026-07-31T10:50:00+05:30,4629.5,4641,4629.5,4637.7,5733
2026-07-31T10:55:00+05:30,4637.8,4649.7,4637.3,4642.9,9014
2026-07-31T11:00:00+05:30,4643.2,4646,4640,4642.9,3700
2026-07-31T11:05:00+05:30,4642.9,4645.5,4639.1,4642.5,3069
2026-07-31T11:10:00+05:30,4640.3,4641.7,4638.2,4641.7,4650
2026-07-31T11:15:00+05:30,4641.2,4647.5,4638,4647.3,4152
2026-07-31T11:20:00+05:30,4645.9,4648,4640.9,4641.5,3611
2026-07-31T11:25:00+05:30,4641.5,4651.7,4640.1,4647.3,9791
2026-07-31T11:30:00+05:30,4645.7,4648,4642.5,4648,3556
2026-07-31T11:35:00+05:30,4646.5,4649.9,4645,4645,4793
2026-07-31T11:40:00+05:30,4645,4646.8,4644,4645,2125
2026-07-31T11:45:00+05:30,4645,4646,4645,4645,7383
2026-07-31T11:50:00+05:30,4645,4646,4644,4644,7956
2026-07-31T11:55:00+05:30,4645,4646,4644.9,4645,3280
2026-07-31T12:00:00+05:30,4645,4646,4645,4645,3357
2026-07-31T12:05:00+05:30,4645,4646.5,4643.2,4645,8323
2026-07-31T12:10:00+05:30,4645,4648.6,4645,4646,3063
2026-07-31T12:15:00+05:30,4645,4646.9,4644.3,4645,1793
2026-07-31T12:20:00+05:30,4645,4646.8,4645,4645.5,1673
2026-07-31T12:25:00+05:30,4645.6,4647,4645.2,4646,1225
2026-07-31T12:30:00+05:30,4645.3,4647,4645,4645.2,1760
2026-07-31T12:35:00+05:30,4645.2,4646.2,4645,4645,2370
2026-07-31T12:40:00+05:30,4645,4646.4,4644.7,4645.5,2867
2026-07-31T12:45:00+05:30,4645,4645.5,4644.7,4645,7586
2026-07-31T12:50:00+05:30,4645,4645.5,4644,4645.2,1825
2026-07-31T12:55:00+05:30,4645.2,4647,4644.1,4646,3328
2026-07-31T13:00:00+05:30,4646,4646,4644,4645,14108
2026-07-31T13:05:00+05:30,4645,4645.3,4645,4645.1,20297
2026-07-31T13:10:00+05:30,4645,4646.1,4644,4645,8572
2026-07-31T13:15:00+05:30,4645,4646.2,4645,4645.1,7370
2026-07-31T13:20:00+05:30,4645.1,4646.8,4644.6,4644.6,4075
2026-07-31T13:25:00+05:30,4645,4654,4644.7,4651.5,8364
2026-07-31T13:30:00+05:30,4651.5,4653.5,4646,4646.3,3550
2026-07-31T13:35:00+05:30,4646.8,4647.2,4645,4645.4,2986
2026-07-31T13:40:00+05:30,4645,4646,4645,4645,2709
2026-07-31T13:45:00+05:30,4645,4647.5,4645,4645.8,3193
2026-07-31T13:50:00+05:30,4645.8,4649,4645,4646.5,2623
2026-07-31T13:55:00+05:30,4646.4,4649,4645.5,4647.5,2336
2026-07-31T14:00:00+05:30,4647.5,4648.5,4644,4645,4199
2026-07-31T14:05:00+05:30,4645,4645.9,4645,4645,3225
2026-07-31T14:10:00+05:30,4645,4647,4644.5,4645,2667
2026-07-31T14:15:00+05:30,4645,4645.2,4643.7,4644,11553
2026-07-31T14:20:00+05:30,4644,4644,4632.8,4641.5,9203
2026-07-31T14:25:00+05:30,4641.5,4644.7,4640.1,4641.5,3155
2026-07-31T14:30:00+05:30,4641,4646.5,4640,4645.8,5610
2026-07-31T14:35:00+05:30,4644.7,4647.3,4642.8,4644,9697
2026-07-31T14:40:00+05:30,4644,4645,4636,4643.9,12744
2026-07-31T14:45:00+05:30,4643.9,4646.8,4642.2,4644.2,10900
2026-07-31T14:50:00+05:30,4644,4646.5,4644,4645.1,3766
2026-07-31T14:55:00+05:30,4644.5,4646.6,4640.7,4640.7,11253
2026-07-31T15:00:00+05:30,4642.6,4649,4639.1,4648,22380
2026-07-31T15:05:00+05:30,4647.9,4650.7,4646,4650.6,13165
2026-07-31T15:10:00+05:30,4650.3,4650.4,4644,4648.5,16397
2026-07-31T15:15:00+05:30,4648.6,4649.6,4645.8,4645.9,15932
2026-07-31T15:20:00+05:30,4644.1,4648.8,4644,4644.5,20326
2026-07-31T15:25:00+05:30,4644.4,4649,4640,4640,32425
2026-08-03T09:15:00+05:30,4660.4,4689,4660.4,4671,23851
2026-08-03T09:20:00+05:30,4671,4672.9,4655.4,4662,15936
2026-08-03T09:25:00+05:30,4660.6,4666.5,4657.3,4664.5,16090
2026-08-03T09:30:00+05:30,4664,4668.6,4659.1,4668.6,7028
2026-08-03T09:35:00+05:30,4668.6,4670,4660.4,4664,5940
2026-08-03T09:40:00+05:30,4664,4668.4,4659,4667.5,8315
2026-08-03T09:45:00+05:30,4667.5,4667.5,4655,4657.6,9701
2026-08-03T09:50:00+05:30,4657.6,4664,4656,4660.5,4587
2026-08-03T09:55:00+05:30,4661.9,4677.5,4647.5,4675.9,32828
2026-08-03T10:00:00+05:30,4677.5,4686.3,4673.6,4682.3,18688
2026-08-03T10:05:00+05:30,4682.3,4684.2,4680,4680,17149
2026-08-03T10:10:00+05:30,4680.1,4684,4680,4681.2,19063
2026-08-03T10:15:00+05:30,4681.2,4683.9,4680,4681.1,3224
2026-08-03T10:20:00+05:30,4680.5,4682.8,4680,4680.5,4967
2026-08-03T10:25:00+05:30,4680.5,4683.8,4680,4681.6,2039
2026-08-03T10:30:00+05:30,4682.8,4684,4680.4,4683.9,4028
2026-08-03T10:35:00+05:30,4683.9,4683.9,4668,4673.9,10502
2026-08-03T10:40:00+05:30,4673.9,4675,4671,4674.8,1887
2026-08-03T10:45:00+05:30,4674.7,4675,4671.5,4675,2732
2026-08-03T10:50:00+05:30,4675,4677.9,4673.6,4676,2563
2026-08-03T10:55:00+05:30,4676,4677,4673.7,4676.1,1416
2026-08-03T11:00:00+05:30,4676.1,4676.1,4671.4,4671.4,1927
2026-08-03T11:05:00+05:30,4673.9,4675,4670,4670.8,2374
2026-08-03T11:10:00+05:30,4670.6,4673,4660.4,4662.8,3424
2026-08-03T11:15:00+05:30,4664.5,4665.6,4660.2,4663.2,2970
2026-08-03T11:20:00+05:30,4663.4,4669,4661.4,4667.5,1841
2026-08-03T11:25:00+05:30,4666,4669,4662.5,4666.8,2094
2026-08-03T11:30:00+05:30,4666.8,4666.8,4658,4660.8,3962
2026-08-03T11:35:00+05:30,4660.8,4665,4658,4664.9,2148
2026-08-03T11:40:00+05:30,4663.9,4668.8,4663,4664.9,1952
2026-08-03T11:45:00+05:30,4664.6,4666.1,4658,4659.5,12215
2026-08-03T11:50:00+05:30,4660.4,4665,4659.5,4663.5,2843
2026-08-03T11:55:00+05:30,4662.7,4668,4660.8,4665,2367
2026-08-03T12:00:00+05:30,4665,4667,4662.3,4662.9,1901
2026-08-03T12:05:00+05:30,4662.9,4668,4661,4666.9,2320
2026-08-03T12:10:00+05:30,4666,4667.7,4660.1,4662.5,2849
2026-08-03T12:15:00+05:30,4662.5,4667,4662.4,4663.8,2117
2026-08-03T12:20:00+05:30,4664.8,4669,4663.2,4666.5,1682
2026-08-03T12:25:00+05:30,4666.3,4666.5,4662.4,4663.2,3501
2026-08-03T12:30:00+05:30,4663.1,4668.6,4660,4665.2,4269
2026-08-03T12:35:00+05:30,4665.2,4666.4,4660,4661.7,1652
2026-08-03T12:40:00+05:30,4661.7,4684.5,4661.5,4682.9,24244
2026-08-03T12:45:00+05:30,4682.8,4682.8,4669.3,4678,9497
2026-08-03T12:50:00+05:30,4678,4699,4676.4,4689.1,35348
2026-08-03T12:55:00+05:30,4686.5,4692.1,4680,4682,4310
2026-08-03T13:00:00+05:30,4682,4682,4673.6,4675.1,3730
2026-08-03T13:05:00+05:30,4675.1,4676.6,4670,4673.1,2910
2026-08-03T13:10:00+05:30,4673.4,4673.5,4670,4671.3,1585
2026-08-03T13:15:00+05:30,4671.3,4674.6,4669,4672.1,1719
2026-08-03T13:20:00+05:30,4672.1,4674.7,4670,4671,1727
2026-08-03T13:25:00+05:30,4671,4672.8,4670.1,4672.8,1151
2026-08-03T13:30:00+05:30,4672.7,4672.8,4666,4672.4,3016
2026-08-03T13:35:00+05:30,4672.1,4675,4668.1,4673.9,1532
2026-08-03T13:40:00+05:30,4673.9,4674.4,4668.1,4670,2477
2026-08-03T13:45:00+05:30,4670,4673.7,4670,4673.2,1571
2026-08-03T13:50:00+05:30,4671.5,4673.3,4668.9,4670.6,3245
2026-08-03T13:55:00+05:30,4670.6,4675,4669.2,4671.7,1337
2026-08-03T14:00:00+05:30,4671.7,4672,4668.1,4670.7,1085
2026-08-03T14:05:00+05:30,4670.7,4674,4670.3,4673.1,1766
2026-08-03T14:10:00+05:30,4673.1,4673.8,4670,4672.4,2184
2026-08-03T14:15:00+05:30,4672.4,4673,4670,4671.5,1605
2026-08-03T14:20:00+05:30,4671.5,4674.2,4670.1,4670.1,2148
2026-08-03T14:25:00+05:30,4671.5,4673.2,4669.5,4673,2037
2026-08-03T14:30:00+05:30,4673,4678,4670.7,4670.9,3018
2026-08-03T14:35:00+05:30,4671.1,4678,4665.4,4675.3,6842
2026-08-03T14:40:00+05:30,4677,4677,4674,4674.1,5381
2026-08-03T14:45:00+05:30,4674.4,4680,4673.4,4673.8,6588
2026-08-03T14:50:00+05:30,4673.8,4676,4668,4669.4,3878
2026-08-03T14:55:00+05:30,4669.4,4673.4,4668.5,4670.4,4012
2026-08-03T15:00:00+05:30,4672.8,4673.5,4662,4662,8143
2026-08-03T15:05:00+05:30,4663,4668,4660,4667.9,13558
2026-08-03T15:10:00+05:30,4665,4667.1,4657,4657,14939
2026-08-04T09:15:00+05:30,4680,4680,4650,4669,23780
2026-08-04T09:20:00+05:30,4670,4676.7,4665,4670,12317
2026-08-04T09:25:00+05:30,4670,4678,4668.6,4675.8,10979
2026-08-04T09:30:00+05:30,4675.8,4684.2,4667,4682.5,14045
2026-08-04T09:35:00+05:30,4682.5,4688.8,4678,4684.3,14169
2026-08-04T09:40:00+05:30,4684.6,4699,4680.5,4681.9,22020
2026-08-04T09:45:00+05:30,4682.1,4690.9,4677.2,4681.7,14940
2026-08-04T09:50:00+05:30,4681.7,4696.9,4680,4690.1,10173
2026-08-04T09:55:00+05:30,4690.2,4701,4690.2,4697,20590
2026-08-04T10:00:00+05:30,4696.9,4707,4695,4699.9,11183
2026-08-04T10:05:00+05:30,4699.4,4701.6,4686.8,4690.7,10880
2026-08-04T10:10:00+05:30,4690.7,4692.8,4682.7,4686.1,10852
2026-08-04T10:15:00+05:30,4688.2,4690,4683.9,4684,6610
2026-08-04T10:20:00+05:30,4684.1,4685,4675.3,4678,9675
2026-08-04T10:25:00+05:30,4678,4678.7,4671,4671,8463
2026-08-04T10:30:00+05:30,4671,4706.3,4667,4699.5,29303
2026-08-04T10:35:00+05:30,4699.5,4718,4694.8,4703,40458
2026-08-04T10:40:00+05:30,4703,4706,4683.4,4685.5,23529
2026-08-04T10:45:00+05:30,4686.1,4698.5,4684,4690.5,19176
2026-08-04T10:50:00+05:30,4689.9,4691.2,4685,4686.4,5324
2026-08-04T10:55:00+05:30,4686,4686.4,4681,4682,7686
2026-08-04T11:00:00+05:30,4680.9,4688.9,4679.9,4687.9,10638
2026-08-04T11:05:00+05:30,4685.3,4687.5,4675.2,4677,10587
2026-08-04T11:10:00+05:30,4677,4680.8,4675,4678.8,5144
2026-08-04T11:15:00+05:30,4677.1,4681.1,4677,4678.4,5144
2026-08-04T11:20:00+05:30,4678.2,4685.5,4678,4682.4,6897
2026-08-04T11:25:00+05:30,4682.5,4682.6,4672.1,4675.5,6521
2026-08-04T11:30:00+05:30,4676.8,4677.7,4668,4669.2,10033
2026-08-04T11:35:00+05:30,4668,4671.6,4664.8,4668,10167
2026-08-04T11:40:00+05:30,4668.4,4668.4,4664,4667.2,5690
2026-08-04T11:45:00+05:30,4666,4668,4663.5,4664,4593
2026-08-04T11:50:00+05:30,4665,4665.3,4662.9,4663.9,5520
2026-08-04T11:55:00+05:30,4663.5,4663.9,4657.3,4660.1,7960
2026-08-04T12:00:00+05:30,4660.3,4666.9,4655.6,4661.7,8517
2026-08-04T12:05:00+05:30,4661.7,4666.5,4661,4662,4549
2026-08-04T12:10:00+05:30,4662,4664,4649,4651.6,17821
2026-08-04T12:15:00+05:30,4651.1,4655,4647.1,4650,7976
2026-08-04T12:20:00+05:30,4650,4654.2,4649.9,4652.9,4699
2026-08-04T12:25:00+05:30,4652.8,4656.6,4648,4650.5,6226
2026-08-04T12:30:00+05:30,4650.4,4655.2,4650.4,4652,2899
2026-08-04T12:35:00+05:30,4652,4654.7,4648,4654.2,4990
2026-08-04T12:40:00+05:30,4653.9,4656.5,4651.5,4651.6,4777
2026-08-04T12:45:00+05:30,4651.7,4658.2,4651.7,4655.6,4878
2026-08-04T12:50:00+05:30,4657.1,4657.1,4648,4649.7,3915
2026-08-04T12:55:00+05:30,4649.8,4652.7,4646.1,4647,4877
2026-08-04T13:00:00+05:30,4647,4649.6,4641.2,4647.6,7682
2026-08-04T13:05:00+05:30,4647.6,4650,4645.8,4647.9,2157
2026-08-04T13:10:00+05:30,4648.3,4648.6,4638,4638,8183
2026-08-04T13:15:00+05:30,4637.8,4639.5,4626.6,4636.7,11408
2026-08-04T13:20:00+05:30,4636,4642.2,4635,4641,2816
2026-08-04T13:25:00+05:30,4641,4642.6,4632,4633.6,3617
2026-08-04T13:30:00+05:30,4633.6,4642.9,4633,4640.2,5309
2026-08-04T13:35:00+05:30,4640.2,4646.6,4636.9,4646.6,4588
2026-08-04T13:40:00+05:30,4646.8,4649.9,4645,4645.8,7531
2026-08-04T13:45:00+05:30,4646.1,4647.6,4639,4639,15570
2026-08-04T13:50:00+05:30,4640.2,4643.9,4639,4639,3399
2026-08-04T13:55:00+05:30,4639,4642.5,4637.7,4642,3258
2026-08-04T14:00:00+05:30,4642,4647.1,4638,4645,4217
2026-08-04T14:05:00+05:30,4644.6,4647.9,4642.7,4647,3471
2026-08-04T14:10:00+05:30,4647,4648.8,4643.8,4646.6,2465
2026-08-04T14:15:00+05:30,4646.6,4650,4646.1,4650,2766
2026-08-04T14:20:00+05:30,4650,4650.6,4641.2,4641.2,6855
2026-08-04T14:25:00+05:30,4641.2,4644.4,4640.5,4640.9,2737
2026-08-04T14:30:00+05:30,4641.4,4646,4640.8,4640.8,2717
2026-08-04T14:35:00+05:30,4641.4,4643.7,4640,4640,3365
2026-08-04T14:40:00+05:30,4640.2,4640.3,4633.5,4635,6463
2026-08-04T14:45:00+05:30,4635,4636.8,4633.6,4636.8,5638
2026-08-04T14:50:00+05:30,4636,4637.7,4634,4636.6,5455
2026-08-04T14:55:00+05:30,4636.6,4636.6,4631.3,4631.3,6556
2026-08-04T15:00:00+05:30,4632.6,4636.6,4626.4,4634,20036
2026-08-04T15:05:00+05:30,4636,4636,4626,4629.9,19153
2026-08-04T15:10:00+05:30,4631.6,4639.9,4626.6,4635,17098
2026-08-05T09:15:00+05:30,4641,4673.4,4631,4660,33130
2026-08-05T09:20:00+05:30,4660,4667.5,4653.9,4656.8,9123
2026-08-05T09:25:00+05:30,4658.6,4664.5,4654.3,4656.1,10288
2026-08-05T09:30:00+05:30,4656.1,4660.3,4652.9,4654,9450
2026-08-05T09:35:00+05:30,4653.4,4658.6,4651,4651.2,8080
2026-08-05T09:40:00+05:30,4651.1,4659.1,4650,4650.5,7549
2026-08-05T09:45:00+05:30,4650.5,4653,4640.1,4641,11460
2026-08-05T09:50:00+05:30,4641.9,4644,4635,4635.7,8403
2026-08-05T09:55:00+05:30,4635.2,4636.7,4628.4,4630,8124
2026-08-05T10:00:00+05:30,4629.9,4633.7,4625.3,4630.5,7959
2026-08-05T10:05:00+05:30,4629.9,4632,4626.7,4629.3,4860
2026-08-05T10:10:00+05:30,4628.7,4631.4,4628.7,4630.9,2823
2026-08-05T10:15:00+05:30,4630.9,4633.5,4626,4631.9,7183
2026-08-05T10:20:00+05:30,4631.9,4633.5,4630.2,4630.6,4137
2026-08-05T10:25:00+05:30,4630.6,4631.2,4621.1,4622.6,11866
2026-08-05T10:30:00+05:30,4622.1,4624.4,4615.7,4620,7174
2026-08-05T10:35:00+05:30,4620,4623.1,4618,4618.2,4149
2026-08-05T10:40:00+05:30,4618,4623.9,4618,4620.1,14899
2026-08-05T10:45:00+05:30,4620.1,4623.6,4620.1,4622,3612
2026-08-05T10:50:00+05:30,4622,4623,4620.4,4621.4,4092
2026-08-05T10:55:00+05:30,4621.4,4624.2,4620.3,4624.2,4046
2026-08-05T11:00:00+05:30,4622.9,4631.7,4620,4622,6126
2026-08-05T11:05:00+05:30,4621.3,4623.6,4618,4620.6,4552
2026-08-05T11:10:00+05:30,4620.6,4620.6,4603.5,4612.7,13341
2026-08-05T11:15:00+05:30,4614,4620.6,4614,4616,2285
2026-08-05T11:20:00+05:30,4618,4619.2,4610,4611.2,2851
2026-08-05T11:25:00+05:30,4611.2,4611.9,4604.6,4605.3,6377
2026-08-05T11:30:00+05:30,4605.3,4610.5,4603.3,4607.8,3283
2026-08-05T11:35:00+05:30,4607.8,4615.4,4605,4615.4,5229
2026-08-05T11:40:00+05:30,4613.7,4622.7,4612.5,4617.9,16168
2026-08-05T11:45:00+05:30,4617.9,4619.7,4616,4616.2,3560
2026-08-05T11:50:00+05:30,4618.4,4618.5,4613.4,4614,2918
2026-08-05T11:55:00+05:30,4614,4620.5,4611,4614.3,7075
2026-08-05T12:00:00+05:30,4615.9,4625.4,4613.2,4618,6101
2026-08-05T12:05:00+05:30,4618,4619.5,4616,4616.2,2094
2026-08-05T12:10:00+05:30,4618.4,4618.5,4607.7,4613.6,26603
2026-08-05T12:15:00+05:30,4613.6,4621.8,4611.5,4621.5,5148
2026-08-05T12:20:00+05:30,4621.5,4628.9,4618.5,4621.5,8769
2026-08-05T12:25:00+05:30,4621.7,4621.7,4613.8,4615.4,5287
2026-08-05T12:30:00+05:30,4615,4616.7,4614.8,4615,4717
2026-08-05T12:35:00+05:30,4615,4621.9,4615,4619.6,13467
2026-08-05T12:40:00+05:30,4619.6,4623.9,4619.6,4620.3,5963
2026-08-05T12:45:00+05:30,4620.3,4623.5,4620,4620.2,2548
2026-08-05T12:50:00+05:30,4620.2,4630.1,4620,4628.4,24051
2026-08-05T12:55:00+05:30,4628.6,4634,4623.1,4623.4,10461
2026-08-05T13:00:00+05:30,4623.4,4628,4623.2,4626.5,2379
2026-08-05T13:05:00+05:30,4626.5,4629.1,4620.8,4628.8,4120
2026-08-05T13:10:00+05:30,4627.3,4630.1,4626.7,4627.4,3850
2026-08-05T13:15:00+05:30,4627.5,4629.9,4626,4627.9,3540
2026-08-05T13:20:00+05:30,4627.9,4630,4626,4627,2636
2026-08-05T13:25:00+05:30,4627,4628,4625,4628,1631
2026-08-05T13:30:00+05:30,4628,4630.5,4625.7,4626.7,3504
2026-08-05T13:35:00+05:30,4628,4632.1,4626.1,4631.1,8548
2026-08-05T13:40:00+05:30,4631.1,4633.8,4627,4627.2,4921
2026-08-05T13:45:00+05:30,4627.2,4633.4,4627.2,4631.4,4144
2026-08-05T13:50:00+05:30,4631.4,4633,4629.3,4630.8,3611
2026-08-05T13:55:00+05:30,4630.8,4634,4630.3,4631.9,4427
2026-08-05T14:00:00+05:30,4633,4637.2,4630.6,4633,22408
2026-08-05T14:05:00+05:30,4633,4636.8,4631.2,4631.2,3153
2026-08-05T14:10:00+05:30,4631.2,4636,4631.2,4633,3720
2026-08-05T14:15:00+05:30,4633,4633.2,4628.1,4630,6601
2026-08-05T14:20:00+05:30,4630,4633,4629.5,4630.1,4160
2026-08-05T14:25:00+05:30,4631.4,4632.2,4628.9,4632,2782
2026-08-05T14:30:00+05:30,4632,4632,4628,4630.3,4934
2026-08-05T14:35:00+05:30,4630,4633.7,4629,4630,8506
2026-08-05T14:40:00+05:30,4630.7,4640.3,4628.2,4637.4,17202
2026-08-05T14:45:00+05:30,4637.4,4650.5,4637.4,4645.7,35702
2026-08-05T14:50:00+05:30,4647.3,4647.9,4640.3,4641.1,8370
2026-08-05T14:55:00+05:30,4641.1,4648.9,4636.2,4646.9,35839
2026-08-05T15:00:00+05:30,4648.5,4648.5,4641.9,4643.4,12013
2026-08-05T15:05:00+05:30,4643.1,4646.5,4640,4645.7,23140
2026-08-05T15:10:00+05:30,4645.6,4645.6,4630.1,4637,34048
2026-08-06T09:15:00+05:30,4695.3,4759.3,4685.4,4755,151413
2026-08-06T09:20:00+05:30,4754.8,4813.9,4745.7,4805.3,286606
2026-08-06T09:25:00+05:30,4805.1,4833.6,4800.2,4832,296711
2026-08-06T09:30:00+05:30,4830.6,4872.9,4820,4867,301816
2026-08-06T09:35:00+05:30,4865.5,4868.9,4850.6,4852.2,167826
2026-08-06T09:40:00+05:30,4852.1,4867.2,4851,4860,112844
2026-08-06T09:45:00+05:30,4858.7,4880,4858.7,4875.4,202216
2026-08-06T09:50:00+05:30,4875.4,4905,4875.4,4903.1,246718
2026-08-06T09:55:00+05:30,4902.4,4907.7,4885.4,4899.9,180173
2026-08-06T10:00:00+05:30,4902,4904,4882.5,4893.5,126762
2026-08-06T10:05:00+05:30,4893.5,4912,4889.7,4889.8,194972
2026-08-06T10:10:00+05:30,4888.2,4893.5,4876,4877.2,92242
2026-08-06T10:15:00+05:30,4876.6,4880,4858,4861.7,119417
2026-08-06T10:20:00+05:30,4861.7,4868,4860.2,4866,41915
2026-08-06T10:25:00+05:30,4865.9,4869.6,4858.5,4859.5,44794
2026-08-06T10:30:00+05:30,4858.2,4883,4858,4881.3,60076
2026-08-06T10:35:00+05:30,4880,4888,4873.9,4874.5,58163
2026-08-06T10:40:00+05:30,4873.9,4890.5,4873.7,4890.5,36423
2026-08-06T10:45:00+05:30,4890,4895,4882.9,4886.1,52438
2026-08-06T10:50:00+05:30,4886.1,4892,4881,4885.6,31522
2026-08-06T10:55:00+05:30,4885,4888.1,4883.1,4887,17306
2026-08-06T11:00:00+05:30,4885.4,4889.3,4878.9,4880,21341
2026-08-06T11:05:00+05:30,4880,4887,4872.1,4874.4,33605
2026-08-06T11:10:00+05:30,4874.4,4880,4872.1,4875.7,20826
2026-08-06T11:15:00+05:30,4875.7,4889,4875,4882,21694
2026-08-06T11:20:00+05:30,4882.3,4886.1,4871.6,4874.7,19313
2026-08-06T11:25:00+05:30,4875.1,4890,4875.1,4889.7,31453
2026-08-06T11:30:00+05:30,4888.8,4894.8,4883,4889.2,36557
2026-08-06T11:35:00+05:30,4889.3,4897.5,4886.2,4889,40471
2026-08-06T11:40:00+05:30,4889.9,4895,4888,4893.3,20810
2026-08-06T11:45:00+05:30,4893.3,4896.9,4890.1,4891,22835
2026-08-06T11:50:00+05:30,4890.1,4893.9,4885.5,4893,18173
2026-08-06T11:55:00+05:30,4893.5,4895,4890.1,4893.1,17561
2026-08-06T12:00:00+05:30,4893.1,4895,4890.6,4894.3,16783
2026-08-06T12:05:00+05:30,4893.5,4895.2,4891.7,4893.7,14632
2026-08-06T12:10:00+05:30,4893.7,4896,4891.1,4892.5,13599
2026-08-06T12:15:00+05:30,4892,4895,4890.3,4892.2,12686
2026-08-06T12:20:00+05:30,4892.1,4897.9,4890,4893.2,27284
2026-08-06T12:25:00+05:30,4893.2,4907,4891.2,4901.7,76377
2026-08-06T12:30:00+05:30,4901.7,4907,4897.3,4898,29063
2026-08-06T12:35:00+05:30,4897.7,4906.7,4897.7,4901,24575
2026-08-06T12:40:00+05:30,4900.8,4915,4900.8,4914,81678
2026-08-06T12:45:00+05:30,4914,4944.9,4913.1,4937.9,165793
2026-08-06T12:50:00+05:30,4937.9,4948,4924,4932.2,96860
2026-08-06T12:55:00+05:30,4932.2,4941,4925,4927.8,59545
2026-08-06T13:00:00+05:30,4927.8,4934.8,4926.4,4933.4,30974
2026-08-06T13:05:00+05:30,4933.5,4938,4931.1,4934.9,30894
2026-08-06T13:10:00+05:30,4935,4936.7,4926.4,4929.1,26363
2026-08-06T13:15:00+05:30,4930,4934.8,4926.4,4932,24622
2026-08-06T13:20:00+05:30,4933.4,4938.9,4931.7,4937.4,27380
2026-08-06T13:25:00+05:30,4936.4,4937.5,4931.3,4933.6,22219
2026-08-06T13:30:00+05:30,4933.6,4937.9,4930,4933,22497
2026-08-06T13:35:00+05:30,4931.8,4938.4,4928.2,4934,26564
2026-08-06T13:40:00+05:30,4933.2,4938.4,4929.8,4934.4,20476
2026-08-06T13:45:00+05:30,4934.5,4937,4922.7,4924.1,26703
2026-08-06T13:50:00+05:30,4923.7,4925.1,4916,4920.1,33504
2026-08-06T13:55:00+05:30,4921,4925.1,4917.4,4924.9,35260
2026-08-06T14:00:00+05:30,4923.7,4925.4,4920.8,4924.9,19705
2026-08-06T14:05:00+05:30,4924.6,4933.4,4923.4,4924.3,26813
2026-08-06T14:10:00+05:30,4924.3,4929.3,4920.6,4925.2,13142
2026-08-06T14:15:00+05:30,4925.2,4935,4925,4929.7,24407
2026-08-06T14:20:00+05:30,4929.7,4930,4925,4926.3,15492
2026-08-06T14:25:00+05:30,4926.3,4929.5,4925.9,4926.1,13444
2026-08-06T14:30:00+05:30,4926.1,4932,4926,4931.3,24126
2026-08-06T14:35:00+05:30,4932,4935,4929.7,4930.9,22395
2026-08-06T14:40:00+05:30,4930.9,4945,4930.4,4940.4,64571
2026-08-06T14:45:00+05:30,4940.4,4944,4938.3,4943,29348
2026-08-06T14:50:00+05:30,4942.8,4944.9,4938,4940,33775
2026-08-06T14:55:00+05:30,4940,4943.5,4938,4940.6,43787
2026-08-06T15:00:00+05:30,4940.5,4948,4929.9,4937.9,109721
2026-08-06T15:05:00+05:30,4936.3,4944.6,4933,4940.8,122039
2026-08-06T15:10:00+05:30,4940.8,4950,4924,4934,136222
2026-08-07T09:15:00+05:30,4925,4975,4925,4956,103340
2026-08-07T09:20:00+05:30,4954.4,4962,4946,4957.7,39555
2026-08-07T09:25:00+05:30,4959.3,4960.9,4920,4925,76854
2026-08-07T09:30:00+05:30,4923.3,4935,4921,4921,43019
2026-08-07T09:35:00+05:30,4921,4921,4904.3,4907,46874
2026-08-07T09:40:00+05:30,4905.5,4914,4895.2,4900,80522
2026-08-07T09:45:00+05:30,4900,4907.5,4895,4902,19711
2026-08-07T09:50:00+05:30,4899.8,4907.6,4890,4894.5,23059
2026-08-07T09:55:00+05:30,4894.4,4908,4894,4898.8,20431
2026-08-07T10:00:00+05:30,4897.4,4905,4895.1,4896.4,10665
2026-08-07T10:05:00+05:30,4896.4,4899.3,4891.8,4895.5,8960
2026-08-07T10:10:00+05:30,4895.5,4898.8,4893,4894.3,5551
2026-08-07T10:15:00+05:30,4892.7,4895.6,4885.5,4895,15272
2026-08-07T10:20:00+05:30,4895,4904.9,4895,4902.2,10465
2026-08-07T10:25:00+05:30,4902.2,4902.6,4892,4893.7,8000
2026-08-07T10:30:00+05:30,4893.8,4919.3,4888.5,4919.3,17988
2026-08-07T10:35:00+05:30,4918.9,4924,4909.6,4911.8,16657
2026-08-07T10:40:00+05:30,4911.8,4915,4907.3,4912,6453
2026-08-07T10:45:00+05:30,4912,4919.3,4910.5,4912.6,7508
2026-08-07T10:50:00+05:30,4912.6,4914.9,4902.1,4903.1,9771
2026-08-07T10:55:00+05:30,4903.1,4907,4892.4,4893.2,8298
2026-08-07T11:00:00+05:30,4894,4898.9,4892.7,4897.7,6070
2026-08-07T11:05:00+05:30,4897.7,4901.9,4895.1,4896.3,5214
2026-08-07T11:10:00+05:30,4896.3,4910.9,4893,4910.9,10103
2026-08-07T11:15:00+05:30,4911.1,4911.1,4900.9,4907.5,4413
2026-08-07T11:20:00+05:30,4907.7,4913.2,4905.9,4908,6452
2026-08-07T11:25:00+05:30,4908,4912.6,4907.4,4912,7124
2026-08-07T11:30:00+05:30,4911.2,4912,4906.9,4909.9,4298
2026-08-07T11:35:00+05:30,4909.9,4910.9,4907,4908.9,3525
2026-08-07T11:40:00+05:30,4909.9,4909.9,4903,4905.1,5031
2026-08-07T11:45:00+05:30,4907.3,4908.5,4904,4904.8,5067
2026-08-07T11:50:00+05:30,4904.8,4908.1,4897.2,4900.8,7811
2026-08-07T11:55:00+05:30,4900,4903.2,4896.1,4901.1,6768
2026-08-07T12:00:00+05:30,4901.1,4902,4887.8,4891.5,9212
2026-08-07T12:05:00+05:30,4891.5,4894.9,4888,4894.4,7110
2026-08-07T12:10:00+05:30,4894.4,4894.9,4878,4885.8,16930
2026-08-07T12:15:00+05:30,4885.8,4887.7,4876,4880,9077
2026-08-07T12:20:00+05:30,4880,4889.8,4878,4887.1,6954
2026-08-07T12:25:00+05:30,4887.1,4895.5,4887,4893.8,8696
2026-08-07T12:30:00+05:30,4894.1,4894.7,4886,4891,9544
2026-08-07T12:35:00+05:30,4891,4897,4891,4895.2,4359
2026-08-07T12:40:00+05:30,4895.2,4899,4893.6,4897.1,4970
2026-08-07T12:45:00+05:30,4903,4907.3,4902.2,4906,8165
2026-08-07T12:50:00+05:30,4906,4909,4900.2,4906.8,6547
2026-08-07T12:55:00+05:30,4906.8,4907.8,4902.4,4905.6,3376
2026-08-07T13:00:00+05:30,4905.6,4909,4905,4906,4933
2026-08-07T13:05:00+05:30,4906,4906.7,4902.3,4905,3115
2026-08-07T13:10:00+05:30,4905,4906.3,4901.1,4904.4,3572
2026-08-07T13:15:00+05:30,4902.9,4911,4900.9,4908.3,17963
2026-08-07T13:20:00+05:30,4909.9,4915,4908.5,4913,5961
2026-08-07T13:25:00+05:30,4912.2,4915,4910,4913.2,4185
2026-08-07T13:30:00+05:30,4913.2,4913.8,4910,4911.2,3407
2026-08-07T13:35:00+05:30,4911.2,4913.4,4910,4912.5,4934
2026-08-07T13:40:00+05:30,4911.3,4913,4910,4912,6284
2026-08-07T13:45:00+05:30,4911,4913.5,4911,4913,6199
2026-08-07T13:50:00+05:30,4913,4913,4909.8,4909.9,6312
2026-08-07T13:55:00+05:30,4909.9,4911,4905,4906.4,9935
2026-08-07T14:00:00+05:30,4906.4,4910.5,4899.7,4903,7117
2026-08-07T14:05:00+05:30,4903,4904,4891.9,4893.1,7307
2026-08-07T14:10:00+05:30,4893.6,4894.7,4890.2,4892,4455
2026-08-07T14:15:00+05:30,4892,4897.9,4888,4897,8315
2026-08-07T14:20:00+05:30,4897,4898,4894.4,4898,2863
2026-08-07T14:25:00+05:30,4897.5,4904.7,4896.8,4900,11981
2026-08-07T14:30:00+05:30,4898.6,4903.3,4897.6,4899.4,10045
2026-08-07T14:35:00+05:30,4900,4906,4899.9,4902.8,3754
2026-08-07T14:40:00+05:30,4901.1,4907.5,4901.1,4907.4,4683
2026-08-07T14:45:00+05:30,4907.5,4919,4906.6,4917,18600
2026-08-07T14:50:00+05:30,4917,4918,4912.6,4915.7,16699
2026-08-07T14:55:00+05:30,4915.8,4925,4914.2,4923.1,22671
2026-08-07T15:00:00+05:30,4925,4925,4919,4924.1,30612
2026-08-07T15:05:00+05:30,4924.2,4931,4919.8,4928.9,49448
2026-08-07T15:10:00+05:30,4929,4936.7,4907.9,4907.9,43862
2026-08-10T09:15:00+05:30,4910,4930,4895.4,4912.6,37947
2026-08-10T09:20:00+05:30,4911.8,4918.4,4905.1,4910.1,15308
2026-08-10T09:25:00+05:30,4912,4914.8,4905,4910.2,12540
2026-08-10T09:30:00+05:30,4910.2,4920,4908,4915.1,9902
2026-08-10T09:35:00+05:30,4915.1,4920,4906,4913.9,10592
2026-08-10T09:40:00+05:30,4911,4913.2,4898,4898.1,8004
2026-08-10T09:45:00+05:30,4898.1,4928.9,4898.1,4927.7,20252
2026-08-10T09:50:00+05:30,4927.7,4942,4922,4922,21605
2026-08-10T09:55:00+05:30,4922,4925.3,4912,4913.2,6345
2026-08-10T10:00:00+05:30,4913.2,4919.7,4910.1,4916.3,3491
2026-08-10T10:05:00+05:30,4919.2,4930,4916,4917.1,5475
2026-08-10T10:10:00+05:30,4918.9,4921.4,4912,4915.4,4183
2026-08-10T10:15:00+05:30,4915.5,4928,4915.4,4924.8,4867
2026-08-10T10:20:00+05:30,4924.9,4926.9,4920,4925,2384
2026-08-10T10:25:00+05:30,4925,4926.5,4918.7,4924.7,5282
2026-08-10T10:30:00+05:30,4924.7,4925,4916,4918.9,3276
2026-08-10T10:35:00+05:30,4919.1,4922,4915.9,4918,3299
2026-08-10T10:40:00+05:30,4917.5,4920,4916.6,4917.4,2336
2026-08-10T10:45:00+05:30,4917.4,4920.8,4915.8,4915.8,3191
2026-08-10T10:50:00+05:30,4918.2,4920,4910.6,4918.8,4821
2026-08-10T10:55:00+05:30,4920,4920.8,4913.4,4913.4,3322
2026-08-10T11:00:00+05:30,4914.7,4924.9,4913,4922.5,4818
2026-08-10T11:05:00+05:30,4924,4927,4906.7,4913.5,8739
2026-08-10T11:10:00+05:30,4913.5,4920.6,4913.5,4918,1878
2026-08-10T11:15:00+05:30,4918.2,4919.9,4914.9,4915.2,1525
2026-08-10T11:20:00+05:30,4915.1,4917.3,4911.9,4915.5,2624
2026-08-10T11:25:00+05:30,4917,4918.2,4915.2,4915.2,1885
2026-08-10T11:30:00+05:30,4915.2,4917,4913,4915.1,1738
2026-08-10T11:35:00+05:30,4915.1,4918,4912,4916,2396
2026-08-10T11:40:00+05:30,4915,4923.4,4913.4,4923.2,3308
2026-08-10T11:45:00+05:30,4923.2,4933.9,4917,4927.2,15153
2026-08-10T11:50:00+05:30,4927.2,4930,4924.7,4927.2,3917
2026-08-10T11:55:00+05:30,4927.2,4928,4924,4924.7,2605
2026-08-10T12:00:00+05:30,4924.7,4928,4924.7,4925.2,2456
2026-08-10T12:05:00+05:30,4925.2,4946.7,4925,4946.2,19908
2026-08-10T12:10:00+05:30,4947,4950,4943,4948.4,14786
2026-08-10T12:15:00+05:30,4948.4,4948.7,4937.5,4941.9,5161
2026-08-10T12:20:00+05:30,4941.9,4951.5,4941.9,4951.5,20749
2026-08-10T12:25:00+05:30,4952.9,4960,4946.9,4951.3,18949
2026-08-10T12:30:00+05:30,4951.3,4957.6,4950.6,4954,8705
2026-08-10T12:35:00+05:30,4954,4955,4946.8,4948,6706
2026-08-10T12:40:00+05:30,4948,4949,4942.2,4943.4,5539
2026-08-10T12:45:00+05:30,4943.4,4947,4940,4943.5,5740
2026-08-10T12:50:00+05:30,4943.5,4943.5,4930.9,4932.2,5664
2026-08-10T12:55:00+05:30,4932,4937.8,4932,4936,3940
2026-08-10T13:00:00+05:30,4936,4936,4930.1,4933.5,4534
2026-08-10T13:05:00+05:30,4933.5,4934.8,4927,4928.5,4039
2026-08-10T13:10:00+05:30,4928.5,4931.4,4926.2,4929,2215
2026-08-10T13:15:00+05:30,4929,4935,4929,4929.9,3521
2026-08-10T13:20:00+05:30,4930.4,4936.9,4928.5,4935,3598
2026-08-10T13:25:00+05:30,4934.7,4945.1,4934.6,4944,5779
2026-08-10T13:30:00+05:30,4944,4945.4,4936.6,4937,3417
2026-08-10T13:35:00+05:30,4937,4945.4,4935.7,4942.9,5534
2026-08-10T13:40:00+05:30,4941,4944,4934.4,4935.9,2817
2026-08-10T13:45:00+05:30,4935.9,4936.6,4923,4927.9,5921
2026-08-10T13:50:00+05:30,4926.2,4942,4925.7,4942,8173
2026-08-10T13:55:00+05:30,4941.3,4950,4941.2,4948.3,16079
2026-08-10T14:00:00+05:30,4950.9,4950.9,4937.5,4939,10449
2026-08-10T14:05:00+05:30,4938,4940,4936.9,4938.7,3472
2026-08-10T14:10:00+05:30,4937.1,4941,4937.1,4941,2970
2026-08-10T14:15:00+05:30,4941,4943.5,4936,4937,3997
2026-08-10T14:20:00+05:30,4937,4939.6,4936,4939,2940
2026-08-10T14:25:00+05:30,4939,4944,4932.9,4942.6,6196
2026-08-10T14:30:00+05:30,4942.6,4944,4936.8,4938,3874
2026-08-10T14:35:00+05:30,4938.8,4938.8,4933,4937.2,3491
2026-08-10T14:40:00+05:30,4935.7,4938.9,4934.5,4936.3,8509
2026-08-10T14:45:00+05:30,4936.3,4936.9,4929.7,4929.7,9622
2026-08-10T14:50:00+05:30,4929.6,4931.5,4927.3,4929.5,10226
2026-08-10T14:55:00+05:30,4929.5,4936.4,4926.8,4933,23114
2026-08-10T15:00:00+05:30,4931.9,4937.7,4930,4930.3,16887
2026-08-10T15:05:00+05:30,4933.2,4933.2,4922,4927,21869
2026-08-10T15:10:00+05:30,4926.9,4932,4922.3,4928.9,26275
2026-08-11T09:15:00+05:30,4930.1,4963.8,4921,4924.2,33586
2026-08-11T09:20:00+05:30,4924.2,4932,4920,4922.6,10806
2026-08-11T09:25:00+05:30,4922.6,4925,4915.5,4922.5,7081
2026-08-11T09:30:00+05:30,4922.5,4922.5,4914.5,4916.6,6820
2026-08-11T09:35:00+05:30,4916.6,4919,4905,4910.5,7073
2026-08-11T09:40:00+05:30,4909.5,4909.5,4880,4898,17467
2026-08-11T09:45:00+05:30,4899,4899.6,4888.6,4894.5,5155
2026-08-11T09:50:00+05:30,4894.1,4898.9,4891.2,4891.2,3429
2026-08-11T09:55:00+05:30,4892.3,4900,4883.7,4893,6380
2026-08-11T10:00:00+05:30,4892.4,4896.5,4887,4890.4,4456
2026-08-11T10:05:00+05:30,4890.4,4892.7,4887.5,4890,1972
2026-08-11T10:10:00+05:30,4890,4890.4,4880.5,4888.6,6014
2026-08-11T10:15:00+05:30,4888.5,4893,4885.5,4886.8,4840
2026-08-11T10:20:00+05:30,4888.7,4893,4887,4892.5,2431
2026-08-11T10:25:00+05:30,4891,4900,4891,4897.8,3952
2026-08-11T10:30:00+05:30,4900,4904,4894,4899.3,4208
2026-08-11T10:35:00+05:30,4900,4902.4,4896.4,4898.3,2717
2026-08-11T10:40:00+05:30,4898.3,4900,4892.8,4894.9,2798
2026-08-11T10:45:00+05:30,4894.9,4900.6,4894.3,4896,3826
2026-08-11T10:50:00+05:30,4897.9,4899.9,4894.2,4899.7,1983
2026-08-11T10:55:00+05:30,4899.9,4900,4897,4898,1711
2026-08-11T11:00:00+05:30,4898,4899.6,4892.8,4894.9,4312
2026-08-11T11:05:00+05:30,4894.9,4896.9,4893.5,4896.9,1675
2026-08-11T11:10:00+05:30,4896.9,4897,4893,4893.6,2868
2026-08-11T11:15:00+05:30,4893.6,4900,4893.2,4897.2,2261
2026-08-11T11:20:00+05:30,4899.7,4901,4895,4895.9,2621
2026-08-11T11:25:00+05:30,4895.9,4907.9,4893.1,4895.4,8245
2026-08-11T11:30:00+05:30,4896,4899.5,4883.5,4886.1,8963
2026-08-11T11:35:00+05:30,4886.1,4886.4,4881.1,4884,2770
2026-08-11T11:40:00+05:30,4885,4885.8,4880.4,4880.6,4824
2026-08-11T11:45:00+05:30,4880.4,4885,4880.3,4884.7,2691
2026-08-11T11:50:00+05:30,4883.1,4885,4881.1,4883,1563
2026-08-11T11:55:00+05:30,4883,4883.5,4855.6,4860.4,19536
2026-08-11T12:00:00+05:30,4860.4,4870,4860,4869,10351
2026-08-11T12:05:00+05:30,4869,4877,4867,4876,2605
2026-08-11T12:10:00+05:30,4876,4880,4875.1,4876.6,2238
2026-08-11T12:15:00+05:30,4876.6,4879,4872.1,4872.2,2693
2026-08-11T12:20:00+05:30,4872.2,4874.5,4867.8,4867.8,4118
2026-08-11T12:25:00+05:30,4867.8,4871,4866.8,4868.3,1388
2026-08-11T12:30:00+05:30,4868.3,4872.9,4867.9,4870.1,1627
2026-08-11T12:35:00+05:30,4870.1,4876.9,4870.1,4875.4,1779
2026-08-11T12:40:00+05:30,4875.4,4879.2,4873.7,4874.9,3696
2026-08-11T12:45:00+05:30,4874.9,4879.1,4874.9,4878,1296
2026-08-11T12:50:00+05:30,4878,4878.7,4869.1,4869.1,3013
2026-08-11T12:55:00+05:30,4869.1,4874,4868.6,4871,2619
2026-08-11T13:00:00+05:30,4871,4879.8,4869.1,4879.7,4003
2026-08-11T13:05:00+05:30,4878,4880.1,4878,4879.2,1415
2026-08-11T13:10:00+05:30,4880,4882.5,4878,4879.7,3629
2026-08-11T13:15:00+05:30,4879.8,4879.8,4875,4877,1768
2026-08-11T13:20:00+05:30,4878.4,4879,4876,4877.4,769
2026-08-11T13:25:00+05:30,4877.4,4884,4876.7,4879,2949
2026-08-11T13:30:00+05:30,4880.8,4882,4877.8,4880.2,1674
2026-08-11T13:35:00+05:30,4882,4883.8,4875.1,4875.1,1895
2026-08-11T13:40:00+05:30,4875.3,4895,4875.3,4891,8900
2026-08-11T13:45:00+05:30,4892.6,4910.5,4890.1,4901.5,15832
2026-08-11T13:50:00+05:30,4904.8,4905.1,4895,4897.5,4570
2026-08-11T13:55:00+05:30,4897.5,4897.5,4891.3,4891.5,2525
2026-08-11T14:00:00+05:30,4893.4,4894.5,4889.1,4892.3,1999
2026-08-11T14:05:00+05:30,4891.9,4893,4889.2,4891.5,2731
2026-08-11T14:10:00+05:30,4892.9,4893,4890,4891.3,2118
2026-08-11T14:15:00+05:30,4892.6,4893,4886.3,4887.7,10598
2026-08-11T14:20:00+05:30,4887.7,4890.5,4877.2,4888.1,9701
2026-08-11T14:25:00+05:30,4888.8,4890,4886.1,4886.8,1790
2026-08-11T14:30:00+05:30,4886.8,4890.4,4881.3,4889.8,10305
2026-08-11T14:35:00+05:30,4889,4893,4889,4891.4,2223
2026-08-11T14:40:00+05:30,4891.4,4905,4889,4899.5,15892
2026-08-11T14:45:00+05:30,4899.5,4899.5,4893.2,4895,3028
2026-08-11T14:50:00+05:30,4896.7,4897,4891.6,4894.7,5320
2026-08-11T14:55:00+05:30,4894.7,4895,4883,4885,20025
2026-08-11T15:00:00+05:30,4883.7,4885,4881.6,4884.7,9970
2026-08-11T15:05:00+05:30,4884.7,4893.8,4882,4891.8,33544
2026-08-11T15:10:00+05:30,4891.8,4893.5,4880,4881.6,19450
2026-08-12T09:15:00+05:30,4909,4914.8,4882,4888.8,26537
2026-08-12T09:20:00+05:30,4889.4,4900.2,4880.4,4895.5,24099
2026-08-12T09:25:00+05:30,4895.5,4909.8,4889.2,4900.2,12684
2026-08-12T09:30:00+05:30,4900.2,4920,4895.6,4917.5,16410
2026-08-12T09:35:00+05:30,4916.2,4918.9,4897.3,4900,14382
2026-08-12T09:40:00+05:30,4900,4907,4885.9,4891.2,11732
2026-08-12T09:45:00+05:30,4891.2,4891.2,4878.6,4885,11253
2026-08-12T09:50:00+05:30,4886.5,4894.9,4882.5,4890.2,3440
2026-08-12T09:55:00+05:30,4891,4893.3,4885.1,4888.2,4980
2026-08-12T10:00:00+05:30,4888.2,4889.7,4883,4885.5,3657
2026-08-12T10:05:00+05:30,4885.5,4891.9,4885,4887.5,2897
2026-08-12T10:10:00+05:30,4887.5,4892,4885,4887.9,3591
2026-08-12T10:15:00+05:30,4887.9,4900,4886,4899,4950
2026-08-12T10:20:00+05:30,4899,4915,4899,4913.8,16897
2026-08-12T10:25:00+05:30,4913.8,4919,4880.1,4886.2,31482
2026-08-12T10:30:00+05:30,4887,4893.5,4881,4891.2,5957
2026-08-12T10:35:00+05:30,4891.3,4891.3,4886.5,4888.2,3610
2026-08-12T10:40:00+05:30,4888.2,4889.4,4881,4881.1,5728
2026-08-12T10:45:00+05:30,4881,4884.8,4871.5,4873,12603
2026-08-12T10:50:00+05:30,4873,4878.2,4872,4876.7,5974
2026-08-12T10:55:00+05:30,4876.7,4879,4863.3,4870.5,10189
2026-08-12T11:00:00+05:30,4870.1,4871.2,4862.5,4865.6,10768
2026-08-12T11:05:00+05:30,4866.1,4868.8,4864.2,4866.5,5732
2026-08-12T11:10:00+05:30,4868,4870,4862,4863.5,4060
2026-08-12T11:15:00+05:30,4863.2,4868,4860.1,4868,6364
2026-08-12T11:20:00+05:30,4868,4872.8,4865.2,4866.5,6208
2026-08-12T11:25:00+05:30,4866.5,4867.6,4860.4,4860.5,2423
2026-08-12T11:30:00+05:30,4862,4862,4856.7,4859.3,5109
2026-08-12T11:35:00+05:30,4859.7,4879.4,4857.6,4877.6,14179
2026-08-12T11:40:00+05:30,4878,4881,4873.9,4880,5201
2026-08-12T11:45:00+05:30,4881,4885.4,4875.5,4880.6,12164
2026-08-12T11:50:00+05:30,4882.5,4888,4878.9,4879,11558
2026-08-12T11:55:00+05:30,4879,4881,4874.4,4874.7,6451
2026-08-12T12:00:00+05:30,4874.7,4879.2,4874.7,4875,2309
2026-08-12T12:05:00+05:30,4874.1,4882.9,4872,4879.8,4534
2026-08-12T12:10:00+05:30,4879.8,4880.8,4875,4875,2079
2026-08-12T12:15:00+05:30,4875,4889.8,4873.4,4886,9183
2026-08-12T12:20:00+05:30,4887,4887,4878.8,4879.2,8855
2026-08-12T12:25:00+05:30,4879.2,4885.5,4878.4,4882.2,2095
2026-08-12T12:30:00+05:30,4882.2,4886,4880.1,4885,1514
2026-08-12T12:35:00+05:30,4885,4886,4880.1,4880.9,1303
2026-08-12T12:40:00+05:30,4880.9,4890,4880.8,4882.3,3838
2026-08-12T12:45:00+05:30,4882.3,4913.5,4882.2,4891,20106
2026-08-12T12:50:00+05:30,4888.9,4888.9,4875.1,4880,19734
2026-08-12T12:55:00+05:30,4880,4884.4,4875,4881.5,4696
2026-08-12T13:00:00+05:30,4881.5,4889.8,4880.9,4888,3042
2026-08-12T13:05:00+05:30,4888,4898.9,4885,4886.7,6605
2026-08-12T13:10:00+05:30,4886.7,4888.2,4883.7,4887.3,2716
2026-08-12T13:15:00+05:30,4887.5,4897,4886.5,4886.5,6828
2026-08-12T13:20:00+05:30,4886.5,4893.3,4883,4883,4269
2026-08-12T13:25:00+05:30,4883,4890.3,4882,4887,3319
2026-08-12T13:30:00+05:30,4887,4894.1,4882.2,4892,5322
2026-08-12T13:35:00+05:30,4892,4892.6,4888,4889.1,6790
2026-08-12T13:40:00+05:30,4889.1,4890,4880.2,4882.2,10824
2026-08-12T13:45:00+05:30,4882.2,4885,4875,4875,6734
2026-08-12T13:50:00+05:30,4875,4880.6,4875,4879.1,4029
2026-08-12T13:55:00+05:30,4879.1,4879.1,4873,4875,3265
2026-08-12T14:00:00+05:30,4875,4876,4873.5,4873.7,2969
2026-08-12T14:05:00+05:30,4873.6,4918,4803.4,4918,173168
2026-08-12T14:10:00+05:30,4919.5,4979,4912.8,4915.8,393410
2026-08-12T14:15:00+05:30,4915.9,4968.3,4896.1,4964.2,254266
2026-08-12T14:20:00+05:30,4964,5010,4953.5,5010,348621
2026-08-12T14:25:00+05:30,5007.2,5048.9,5006.1,5030.6,279225
2026-08-12T14:30:00+05:30,5031.8,5040,5006,5030,132329
2026-08-12T14:35:00+05:30,5032,5055,5000.2,5005,202101
2026-08-12T14:40:00+05:30,5002.5,5004.9,4950.9,4968.1,215976
2026-08-12T14:45:00+05:30,4968.1,4987.9,4958.5,4982.6,84402
2026-08-12T14:50:00+05:30,4984,4984.9,4967.1,4971.1,36162
2026-08-12T14:55:00+05:30,4971.1,4973,4957.7,4962.2,57482
2026-08-12T15:00:00+05:30,4962.1,4971.6,4958.1,4969.4,54087
2026-08-12T15:05:00+05:30,4967.7,4968.2,4945.6,4952.6,81903
2026-08-12T15:10:00+05:30,4952.6,4999,4952.1,4989.9,92398
2026-08-13T09:15:00+05:30,5019.5,5039,4915.2,4924.7,218154
2026-08-13T09:20:00+05:30,4924.7,4962.7,4915,4948,65694
2026-08-13T09:25:00+05:30,4948,4973.7,4940,4955,53877
2026-08-13T09:30:00+05:30,4954.5,4970,4945,4961.9,26171
2026-08-13T09:35:00+05:30,4962,4975.8,4955.4,4961.6,39053
2026-08-13T09:40:00+05:30,4960.6,4983.7,4956,4956,40228
2026-08-13T09:45:00+05:30,4956,4984.7,4951,4969.5,42013
2026-08-13T09:50:00+05:30,4975,4975.9,4962.1,4969.3,16040
2026-08-13T09:55:00+05:30,4969.8,4982,4969.8,4974,12812
2026-08-13T10:00:00+05:30,4972.8,4978.3,4970,4972,8618
2026-08-13T10:05:00+05:30,4970.9,4980.5,4970,4980,15633
2026-08-13T10:10:00+05:30,4978.2,5011,4978.2,5007.9,64633
2026-08-13T10:15:00+05:30,5006,5048,5006,5035,125953
2026-08-13T10:20:00+05:30,5035.3,5035.3,5015.8,5020,33528
2026-08-13T10:25:00+05:30,5021.2,5025,5010.3,5019.1,18690
2026-08-13T10:30:00+05:30,5019.1,5029.5,5012,5017.1,21823
2026-08-13T10:35:00+05:30,5017.1,5020,4995,4998.2,34789
2026-08-13T10:40:00+05:30,4998.2,5005,4997,5004.9,18895
2026-08-13T10:45:00+05:30,5004.9,5005,4990,4992,15079
2026-08-13T10:50:00+05:30,4992,4993,4982.9,4984.1,11736
2026-08-13T10:55:00+05:30,4984.1,4986,4980.1,4980.8,10794
2026-08-13T11:00:00+05:30,4980.8,4989,4980.1,4983.5,8554
2026-08-13T11:05:00+05:30,4983.5,4985.8,4980.6,4983.2,5363
2026-08-13T11:10:00+05:30,4984,4991.7,4973.2,4976.5,15657
2026-08-13T11:15:00+05:30,4977.3,4978.8,4968,4969.4,19575
2026-08-13T11:20:00+05:30,4970.6,4975.2,4969,4969.6,18295
2026-08-13T11:25:00+05:30,4969.6,4974.5,4966,4971.1,11068
2026-08-13T11:30:00+05:30,4969.9,4971.9,4963,4965.4,9830
2026-08-13T11:35:00+05:30,4965.4,4968.3,4959,4960.4,17018
2026-08-13T11:40:00+05:30,4960.5,4973.9,4958.1,4969.1,9138
2026-08-13T11:45:00+05:30,4969.1,4970.9,4960.2,4962.3,8884
2026-08-13T11:50:00+05:30,4962.3,4964,4960,4962.1,3074
2026-08-13T11:55:00+05:30,4962.1,4963.8,4952,4957.7,17674
2026-08-13T12:00:00+05:30,4957.9,4963.1,4955,4956.5,9597
2026-08-13T12:05:00+05:30,4956.5,4970,4954,4969.9,10066
2026-08-13T12:10:00+05:30,4970,4982.5,4967.2,4974.8,24173
2026-08-13T12:15:00+05:30,4974.8,4978,4970,4974,4401
2026-08-13T12:20:00+05:30,4974,4974.7,4970.1,4970.9,3574
2026-08-13T12:25:00+05:30,4970.9,4976,4970.7,4975.5,7824
2026-08-13T12:30:00+05:30,4975.5,4977.9,4971,4971.7,3808
2026-08-13T12:35:00+05:30,4971.7,4979,4967.5,4975,5425
2026-08-13T12:40:00+05:30,4975,4980.6,4975,4976,6524
2026-08-13T12:45:00+05:30,4976,4980,4974,4979.3,4684
2026-08-13T12:50:00+05:30,4979.3,4985.8,4975,4977.8,7007
2026-08-13T12:55:00+05:30,4977.8,4990,4974.3,4976.4,12137
2026-08-13T13:00:00+05:30,4976.4,4980.5,4970,4970,6591
2026-08-13T13:05:00+05:30,4970,4978.2,4969.9,4975.5,3308
2026-08-13T13:10:00+05:30,4975.5,4977.5,4973,4977,3774
2026-08-13T13:15:00+05:30,4977.5,4977.5,4965,4967.4,7259
2026-08-13T13:20:00+05:30,4967.5,4972,4967.4,4970.1,3134
2026-08-13T13:25:00+05:30,4971.9,4971.9,4967.8,4969.7,4205
2026-08-13T13:30:00+05:30,4969.7,4971.9,4967.6,4970,2565
2026-08-13T13:35:00+05:30,4970,4971.1,4956.8,4960.9,13670
2026-08-13T13:40:00+05:30,4960.9,4964,4955,4957,5576
2026-08-13T13:45:00+05:30,4957,4957,4941,4942,27471
2026-08-13T13:50:00+05:30,4943.7,4954.1,4941.9,4948.8,14421
2026-08-13T13:55:00+05:30,4948.8,4951,4947,4947.1,4235
2026-08-13T14:00:00+05:30,4947.1,4951.6,4945.4,4949.3,4802
2026-08-13T14:05:00+05:30,4949.3,4954.9,4941,4941.1,8879
2026-08-13T14:10:00+05:30,4941.2,4944.7,4936,4936.4,9650
2026-08-13T14:15:00+05:30,4936.4,4945,4935.2,4941,8161
2026-08-13T14:20:00+05:30,4941,4945,4938,4943.3,5530
2026-08-13T14:25:00+05:30,4943,4945,4940,4940,7546
2026-08-13T14:30:00+05:30,4940,4942.9,4932.2,4934,11887
2026-08-13T14:35:00+05:30,4934,4945.1,4933,4943.2,15517
2026-08-13T14:40:00+05:30,4943.2,4948.6,4941.2,4944.4,18812
2026-08-13T14:45:00+05:30,4944.4,4948.8,4931.4,4937.1,24101
2026-08-13T14:50:00+05:30,4937.8,4940.2,4936.6,4938.6,22258
2026-08-13T14:55:00+05:30,4938.9,4950,4936.2,4946,57137
2026-08-13T15:00:00+05:30,4946.5,4948,4940.9,4946.9,48056
2026-08-13T15:05:00+05:30,4947,4947,4933,4942.1,46087
2026-08-13T15:10:00+05:30,4942.2,4942.9,4930,4930,47760
2026-08-14T09:15:00+05:30,4940,4953,4924.2,4927.2,28420
2026-08-14T09:20:00+05:30,4927.2,4951,4927.2,4949.9,123378
2026-08-14T09:25:00+05:30,4950.3,4957.7,4939,4945,50633
2026-08-14T09:30:00+05:30,4943.8,4958.4,4938.2,4952,18788
2026-08-14T09:35:00+05:30,4950.4,4955,4937.1,4944.8,59878
2026-08-14T09:40:00+05:30,4944.8,4953.9,4943,4945.9,7884
2026-08-14T09:45:00+05:30,4947.5,4955.8,4947,4947.2,10199
2026-08-14T09:50:00+05:30,4947.2,4954,4938,4938,10478
2026-08-14T09:55:00+05:30,4938,4949,4935,4948,7342
2026-08-14T10:00:00+05:30,4948,4952.9,4942.3,4947,9107
2026-08-14T10:05:00+05:30,4945.8,4947,4940,4940.1,4514
2026-08-14T10:10:00+05:30,4940.2,4946,4940.1,4941.3,3574
2026-08-14T10:15:00+05:30,4942,4957.9,4939,4954.9,16456
2026-08-14T10:20:00+05:30,4954.9,4954.9,4950,4951.4,4406
2026-08-14T10:25:00+05:30,4951.4,4966,4951.4,4957.4,15117
2026-08-14T10:30:00+05:30,4956.9,4960,4953.2,4958.6,7716
2026-08-14T10:35:00+05:30,4958.6,4959,4953,4955.2,2297
2026-08-14T10:40:00+05:30,4955.2,4962,4954,4959.1,28570
2026-08-14T10:45:00+05:30,4959.1,4960,4953,4956,3454
2026-08-14T10:50:00+05:30,4956,4960,4955,4960,2210
2026-08-14T10:55:00+05:30,4959.9,4963,4953,4953.1,11392
2026-08-14T11:00:00+05:30,4953.1,4962.8,4952,4960.6,3257
2026-08-14T11:05:00+05:30,4960.6,4964.7,4959,4963,5124
2026-08-14T11:10:00+05:30,4963,4963.7,4958,4963.3,3544
2026-08-14T11:15:00+05:30,4963.3,4963.5,4960.3,4962,3632
2026-08-14T11:20:00+05:30,4962,4972.1,4961.1,4969.8,13380
2026-08-14T11:25:00+05:30,4969.8,4970,4960,4961.7,5104
2026-08-14T11:30:00+05:30,4961.7,4962,4958.4,4960,3012
2026-08-14T11:35:00+05:30,4961.9,4963.5,4957.1,4961,10608
2026-08-14T11:40:00+05:30,4961,4964.6,4960,4960,2235
2026-08-14T11:45:00+05:30,4960,4962,4958.4,4960.7,5261
2026-08-14T11:50:00+05:30,4960.8,4965,4958.6,4960.6,5270
2026-08-14T11:55:00+05:30,4963.2,4967,4960,4961.8,63964
2026-08-14T12:00:00+05:30,4964,4964,4950.1,4963.7,36474
2026-08-14T12:05:00+05:30,4962.6,4963.8,4960,4960.1,2665
2026-08-14T12:10:00+05:30,4960.1,4963.1,4955,4957,5695
2026-08-14T12:15:00+05:30,4957,4960,4955.3,4958.5,4340
2026-08-14T12:20:00+05:30,4958.5,4960,4956,4956.6,2570
2026-08-14T12:25:00+05:30,4956.6,4956.6,4947,4952.2,7061
2026-08-14T12:30:00+05:30,4952.2,4962.6,4952,4958.9,7814
2026-08-14T12:35:00+05:30,4958.9,4960.2,4953.6,4955,5041
2026-08-14T12:40:00+05:30,4955,4957,4952,4952,3674
2026-08-14T12:45:00+05:30,4952,4954.3,4950.3,4952.5,4304
2026-08-14T12:50:00+05:30,4952.5,4957.4,4952,4956.9,6640
2026-08-14T12:55:00+05:30,4956.9,4968.9,4955,4961.9,7808
2026-08-14T13:00:00+05:30,4961.2,4993,4961.2,4992.2,27675
2026-08-14T13:05:00+05:30,4992.2,5028.5,4989.6,5026.8,80504
2026-08-14T13:10:00+05:30,5029,5035,5007,5016.1,44531
2026-08-14T13:15:00+05:30,5017.1,5027.2,5009.5,5022.2,16051
2026-08-14T13:20:00+05:30,5021,5025,5007,5012.3,16263
2026-08-14T13:25:00+05:30,5012.3,5030,5012,5015.6,231689
2026-08-14T13:30:00+05:30,5015.6,5019.9,5009,5011,12591
2026-08-14T13:35:00+05:30,5011,5025,5007,5020.3,31459
2026-08-14T13:40:00+05:30,5020.3,5027.6,5013.5,5018.2,13498
2026-08-14T13:45:00+05:30,5018.2,5022,5015,5016.8,5852
2026-08-14T13:50:00+05:30,5016.8,5022,5008.5,5019.9,17941
2026-08-14T13:55:00+05:30,5019,5024,5012.9,5016.6,11484
2026-08-14T14:00:00+05:30,5016.6,5023,5012.8,5019.1,7394
2026-08-14T14:05:00+05:30,5019.1,5025,5017.5,5023.8,13428
2026-08-14T14:10:00+05:30,5022.8,5030,5019,5022.4,17718
2026-08-14T14:15:00+05:30,5022.4,5027.6,5020,5020.5,17838
2026-08-14T14:20:00+05:30,5020.5,5024.9,5016.5,5019,8121
2026-08-14T14:25:00+05:30,5018,5023.7,5018,5020.4,7225
2026-08-14T14:30:00+05:30,5020.4,5022,5015.1,5018.7,8440
2026-08-14T14:35:00+05:30,5018.7,5022,5017,5017,7303
2026-08-14T14:40:00+05:30,5017,5047,5015.8,5041.8,81811
2026-08-14T14:45:00+05:30,5041.8,5041.8,5024,5029.5,31029
2026-08-14T14:50:00+05:30,5028,5029.9,5022.7,5024.5,25222
2026-08-14T14:55:00+05:30,5024.6,5027.5,5017,5017,17620
2026-08-14T15:00:00+05:30,5018,5018,5012,5015.1,23896
2026-08-14T15:05:00+05:30,5014.5,5027.3,5010,5026.8,54280
2026-08-14T15:10:00+05:30,5026,5026.8,5013.6,5015.8,40588
2026-08-17T09:15:00+05:30,5050,5116,5045,5113.2,167592
2026-08-17T09:20:00+05:30,5113.2,5147,5113.2,5145,155723
2026-08-17T09:25:00+05:30,5144.7,5149.9,5118,5118.1,90848
2026-08-17T09:30:00+05:30,5118.7,5125,5106.7,5124.9,57821
2026-08-17T09:35:00+05:30,5125,5135,5115,5121.9,55370
2026-08-17T09:40:00+05:30,5123.4,5125,5107.2,5119.3,47212
2026-08-17T09:45:00+05:30,5119.4,5125,5077,5104,78769
2026-08-17T09:50:00+05:30,5104,5111.4,5100,5106.9,25130
2026-08-17T09:55:00+05:30,5106.9,5118.7,5106,5111.1,26419
2026-08-17T10:00:00+05:30,5113.1,5115,5108,5112,14465
2026-08-17T10:05:00+05:30,5110.8,5115,5100,5101.2,23940
2026-08-17T10:10:00+05:30,5101.2,5104.5,5095,5097.8,20070
2026-08-17T10:15:00+05:30,5097.8,5098,5083,5089,27761
2026-08-17T10:20:00+05:30,5089,5090,5080.1,5085.2,23957
2026-08-17T10:25:00+05:30,5083.5,5085.8,5078,5080.2,20761
2026-08-17T10:30:00+05:30,5080.3,5084,5072,5077.6,29520
2026-08-17T10:35:00+05:30,5079,5087.7,5077,5078.8,22399
2026-08-17T10:40:00+05:30,5078,5084.5,5078,5082.1,10975
2026-08-17T10:45:00+05:30,5083,5105,5081.1,5103,21760
2026-08-17T10:50:00+05:30,5103,5105,5100,5105,13879
2026-08-17T10:55:00+05:30,5105,5112.5,5104.4,5107.9,22134
2026-08-17T11:00:00+05:30,5107.9,5114.9,5105.6,5110,14779
2026-08-17T11:05:00+05:30,5110.9,5111.4,5100,5102.1,17168
2026-08-17T11:10:00+05:30,5101,5105,5093.5,5097.3,14973
2026-08-17T11:15:00+05:30,5097,5101.4,5095.1,5101.4,10659
2026-08-17T11:20:00+05:30,5101.4,5105,5097.4,5102.4,8838
2026-08-17T11:25:00+05:30,5102.4,5104.3,5097.5,5097.5,13594
2026-08-17T11:30:00+05:30,5097.5,5099.8,5092,5099.8,9310
2026-08-17T11:35:00+05:30,5099.8,5099.9,5095.2,5097.8,7270
2026-08-17T11:40:00+05:30,5099,5099,5092.5,5096.6,8657
2026-08-17T11:45:00+05:30,5096.6,5098,5095.1,5097.8,4951
2026-08-17T11:50:00+05:30,5097.8,5098.5,5087.5,5088,14290
2026-08-17T11:55:00+05:30,5088,5097,5087,5096.9,10634
2026-08-17T12:00:00+05:30,5096.9,5098.6,5092.1,5095.3,9255
2026-08-17T12:05:00+05:30,5095.3,5095.6,5085.6,5093,14518
2026-08-17T12:10:00+05:30,5093,5095,5089.6,5090.9,9614
2026-08-17T12:15:00+05:30,5090.9,5092,5084.3,5092,8974
2026-08-17T12:20:00+05:30,5094,5094.9,5085.9,5088.4,13544
2026-08-17T12:25:00+05:30,5087.6,5090,5086,5090,6801
2026-08-17T12:30:00+05:30,5090,5092,5078.2,5081.7,16400
2026-08-17T12:35:00+05:30,5080,5087,5079,5082.8,8198
2026-08-17T12:40:00+05:30,5082.9,5088.2,5080,5084.9,15639
2026-08-17T12:45:00+05:30,5084.9,5089.6,5076.4,5081.4,13258
2026-08-17T12:50:00+05:30,5081.6,5087,5081.1,5085.1,8286
2026-08-17T12:55:00+05:30,5085,5087.6,5085,5087,8183
2026-08-17T13:00:00+05:30,5087,5088,5085,5085,7850
2026-08-17T13:05:00+05:30,5085,5085.1,5070.2,5073,20383
2026-08-17T13:10:00+05:30,5073,5076.7,5070.2,5076.7,12669
2026-08-17T13:15:00+05:30,5076.7,5082.4,5067.2,5070,17029
2026-08-17T13:20:00+05:30,5070,5076.3,5070,5074.3,7727
2026-08-17T13:25:00+05:30,5074.9,5077,5071,5075,11640
2026-08-17T13:30:00+05:30,5072.4,5078.5,5072.4,5075.9,17403
2026-08-17T13:35:00+05:30,5072.1,5080,5072.1,5079.4,7912
2026-08-17T13:40:00+05:30,5079.7,5087.6,5079.4,5087.4,14362
2026-08-17T13:45:00+05:30,5087.4,5089,5065.1,5077,27117
2026-08-17T13:50:00+05:30,5077,5081,5075.3,5076.7,9406
2026-08-17T13:55:00+05:30,5076.7,5080,5075.7,5078.2,9076
2026-08-17T14:00:00+05:30,5078.5,5079.5,5075.2,5077.8,8512
2026-08-17T14:05:00+05:30,5077.7,5079,5073.1,5075.1,10265
2026-08-17T14:10:00+05:30,5074.6,5076.4,5066.4,5067.3,14136
2026-08-17T14:15:00+05:30,5067.9,5074.5,5067,5071,13166
2026-08-17T14:20:00+05:30,5070.6,5075,5061,5061.7,15169
2026-08-17T14:25:00+05:30,5061.7,5069.2,5060.2,5065.6,12970
2026-08-17T14:30:00+05:30,5065.1,5071.8,5065.1,5068.9,9124
2026-08-17T14:35:00+05:30,5068.9,5071,5057,5062,19630
2026-08-17T14:40:00+05:30,5063.6,5064.7,5058.6,5061.1,11764
2026-08-17T14:45:00+05:30,5061.1,5062,5060,5061.9,10946
2026-08-17T14:50:00+05:30,5062,5063.8,5057.3,5062,19966
2026-08-17T14:55:00+05:30,5062,5068.8,5061,5067.8,18615
2026-08-17T15:00:00+05:30,5068.3,5074,5064.8,5072,51969
2026-08-17T15:05:00+05:30,5072,5072.8,5055.8,5059.9,46180
2026-08-17T15:10:00+05:30,5059.9,5069,5050,5059.9,43781
2026-08-18T09:15:00+05:30,5067.4,5089,5039,5084.5,89225
2026-08-18T09:20:00+05:30,5082.4,5085.9,5063.3,5077,38775
2026-08-18T09:25:00+05:30,5079,5098,5076.4,5092,44176
2026-08-18T09:30:00+05:30,5092,5110,5091,5095,52037
2026-08-18T09:35:00+05:30,5095,5095,5085,5089.9,31024
2026-08-18T09:40:00+05:30,5089.9,5093.5,5060,5060.7,37111
2026-08-18T09:45:00+05:30,5060.7,5084.8,5053.1,5083.3,52414
2026-08-18T09:50:00+05:30,5084.1,5113,5077,5098,57449
2026-08-18T09:55:00+05:30,5096.3,5106.8,5088,5095.6,26279
2026-08-18T10:00:00+05:30,5095.1,5098.5,5088,5093,14884
2026-08-18T10:05:00+05:30,5093,5102.6,5090.4,5097.1,19135
2026-08-18T10:10:00+05:30,5097.1,5098.6,5090,5093,6281
2026-08-18T10:15:00+05:30,5091.5,5104,5091.5,5102.4,11522
2026-08-18T10:20:00+05:30,5102.4,5109.8,5098,5109.1,23593
2026-08-18T10:25:00+05:30,5106.7,5118,5106,5111.2,27853
2026-08-18T10:30:00+05:30,5111.2,5113.7,5107.5,5111,9986
2026-08-18T10:35:00+05:30,5111,5115.9,5106.2,5109,16462
2026-08-18T10:40:00+05:30,5108.9,5115,5104.6,5107.6,7578
2026-08-18T10:45:00+05:30,5107.3,5107.5,5097.8,5104,7319
2026-08-18T10:50:00+05:30,5103.8,5109.4,5099.5,5100,7586
2026-08-18T10:55:00+05:30,5100,5102.7,5095.2,5097,9185
2026-08-18T11:00:00+05:30,5097,5100.7,5093,5095.4,7031
2026-08-18T11:05:00+05:30,5095.4,5104,5094.6,5101.5,4061
2026-08-18T11:10:00+05:30,5101.5,5104,5095.2,5096.8,3666
2026-08-18T11:15:00+05:30,5096.8,5101,5096.8,5101,3033
2026-08-18T11:20:00+05:30,5101,5103.9,5099.5,5100.2,5823
2026-08-18T11:25:00+05:30,5100.2,5102.9,5095.6,5097.9,3259
2026-08-18T11:30:00+05:30,5097.8,5102,5094,5096,6194
2026-08-18T11:35:00+05:30,5096,5096,5084.5,5088.7,13037
2026-08-18T11:40:00+05:30,5088.5,5099.2,5081.9,5089,13441
2026-08-18T11:45:00+05:30,5090,5099,5089,5094.7,6003
2026-08-18T11:50:00+05:30,5094.7,5102.6,5091.9,5096.6,10366
2026-08-18T11:55:00+05:30,5096.6,5096.7,5090,5096.1,5236
2026-08-18T12:00:00+05:30,5096.1,5105,5093.9,5100,8973
2026-08-18T12:05:00+05:30,5100.7,5101,5095,5100,5996
2026-08-18T12:10:00+05:30,5100,5100.7,5096.6,5098,1958
2026-08-18T12:15:00+05:30,5098,5103,5096.5,5101.3,4721
2026-08-18T12:20:00+05:30,5101.5,5105.7,5099.1,5101.7,5650
2026-08-18T12:25:00+05:30,5103,5104.6,5093.2,5098.7,4215
2026-08-18T12:30:00+05:30,5098.7,5101,5093,5098.6,5444
2026-08-18T12:35:00+05:30,5098.6,5099.9,5095,5095.6,2445
2026-08-18T12:40:00+05:30,5095.6,5095.9,5092,5093,4420
2026-08-18T12:45:00+05:30,5093.5,5098.1,5093,5096.2,3320
2026-08-18T12:50:00+05:30,5096.2,5100,5096,5099.9,3111
2026-08-18T12:55:00+05:30,5099.4,5115.5,5098,5113.2,27810
2026-08-18T13:00:00+05:30,5113.2,5116,5106,5108,12741
2026-08-18T13:05:00+05:30,5108,5111.5,5103.6,5109.1,5173
2026-08-18T13:10:00+05:30,5109.1,5112,5102.6,5103.6,5027
2026-08-18T13:15:00+05:30,5104,5115.1,5103.6,5108.7,6890
2026-08-18T13:20:00+05:30,5108.7,5113.5,5107.5,5110,4665
2026-08-18T13:25:00+05:30,5110,5112,5101.3,5102.6,6228
2026-08-18T13:30:00+05:30,5102.6,5105.9,5102.6,5104,3902
2026-08-18T13:35:00+05:30,5104,5113.2,5100.1,5111,11232
2026-08-18T13:40:00+05:30,5111,5120,5105.2,5107,18089
2026-08-18T13:45:00+05:30,5107,5118.5,5105.2,5117,9201
2026-08-18T13:50:00+05:30,5117,5117,5112,5112.7,5468
2026-08-18T13:55:00+05:30,5112.7,5115,5109.7,5112.5,6013
2026-08-18T14:00:00+05:30,5112.5,5113.6,5109.1,5110.2,7268
2026-08-18T14:05:00+05:30,5110.2,5118.2,5109,5110.7,10179
2026-08-18T14:10:00+05:30,5112.7,5113,5108.6,5112.5,5045
2026-08-18T14:15:00+05:30,5112.5,5113.4,5108.8,5111.2,6880
2026-08-18T14:20:00+05:30,5111.2,5112,5097.6,5105.6,48585
2026-08-18T14:25:00+05:30,5106,5109,5095,5103.2,61765
2026-08-18T14:30:00+05:30,5099.1,5101.9,5097.8,5099.9,32719
2026-08-18T14:35:00+05:30,5100,5100.2,5092,5097.3,32271
2026-08-18T14:40:00+05:30,5097.3,5098.4,5091.5,5093.5,15464
2026-08-18T14:45:00+05:30,5093.5,5095,5092.4,5093.7,10528
2026-08-18T14:50:00+05:30,5093.7,5095.6,5092.4,5094.1,18311
2026-08-18T14:55:00+05:30,5094.1,5098,5092.1,5094.5,8821
2026-08-18T15:00:00+05:30,5094.5,5094.5,5088.2,5090,25877
2026-08-18T15:05:00+05:30,5090,5091.8,5085.2,5091.2,39967
2026-08-18T15:10:00+05:30,5091.2,5092,5087.1,5090,43560
2026-08-19T09:15:00+05:30,5099,5099,5081.1,5092.5,27496
2026-08-19T09:20:00+05:30,5094,5099.3,5075.6,5075.6,17136
2026-08-19T09:25:00+05:30,5075.2,5075.2,5044,5046.4,36683
2026-08-19T09:30:00+05:30,5046.2,5048.7,5020.8,5022.8,34198
2026-08-19T09:35:00+05:30,5023.9,5025.5,5014.2,5023.9,29456
2026-08-19T09:40:00+05:30,5025,5037.9,5017,5024.6,32376
2026-08-19T09:45:00+05:30,5025.5,5033.6,5020,5032,18815
2026-08-19T09:50:00+05:30,5033,5049,5026.7,5036.5,25309
2026-08-19T09:55:00+05:30,5038.8,5044.9,5035,5037.5,11480
2026-08-19T10:00:00+05:30,5037.5,5037.5,5025.5,5027.2,12986
2026-08-19T10:05:00+05:30,5027.2,5037.4,5027.2,5036.4,10914
2026-08-19T10:10:00+05:30,5036.5,5037.8,5020,5021.5,17653
2026-08-19T10:15:00+05:30,5021.4,5025,5016.3,5023.7,16000
2026-08-19T10:20:00+05:30,5023.7,5024.9,5020,5020.9,8933
2026-08-19T10:25:00+05:30,5020.1,5027.3,5020,5024.7,7375
2026-08-19T10:30:00+05:30,5024.7,5024.8,5021,5022.3,4638
2026-08-19T10:35:00+05:30,5022.3,5031,5022,5030,4373
2026-08-19T10:40:00+05:30,5030,5035,5026.4,5034.3,5963
2026-08-19T10:45:00+05:30,5034.3,5035.1,5028.2,5031.2,4538
2026-08-19T10:50:00+05:30,5030.7,5033.4,5026.7,5030.3,4058
2026-08-19T10:55:00+05:30,5030.3,5034.9,5030.3,5031.5,3365
2026-08-19T11:00:00+05:30,5031.5,5031.8,5027.5,5028.9,3696
2026-08-19T11:05:00+05:30,5028.9,5029.9,5021.3,5027.8,5412
2026-08-19T11:10:00+05:30,5027.8,5035,5025.7,5033.2,5483
2026-08-19T11:15:00+05:30,5033.2,5034.1,5028.9,5031.1,3008
2026-08-19T11:20:00+05:30,5030.9,5031,5015,5016.4,9692
2026-08-19T11:25:00+05:30,5016.4,5039.5,5013,5037.8,19139
2026-08-19T11:30:00+05:30,5037.8,5038.1,5032,5036.2,12100
2026-08-19T11:35:00+05:30,5036.2,5037.8,5032.2,5032.7,9567
2026-08-19T11:40:00+05:30,5034.3,5037.8,5033.1,5037,7703
2026-08-19T11:45:00+05:30,5037,5039.9,5033.2,5035.9,15440
2026-08-19T11:50:00+05:30,5036.8,5039,5032,5036.5,8531
2026-08-19T11:55:00+05:30,5036.5,5039.9,5035.5,5038.7,9256
2026-08-19T12:00:00+05:30,5038.3,5039.9,5032.3,5034.5,9815
2026-08-19T12:05:00+05:30,5034.5,5035,5025,5030.8,13148
2026-08-19T12:10:00+05:30,5031.7,5031.7,5025.1,5026.3,8888
2026-08-19T12:15:00+05:30,5027.5,5031.9,5022.6,5027.1,14158
2026-08-19T12:20:00+05:30,5027.1,5035,5027.1,5031.6,11118
2026-08-19T12:25:00+05:30,5031.6,5036.3,5030,5036,8144
2026-08-19T12:30:00+05:30,5036,5037.1,5028,5030.7,10098
2026-08-19T12:35:00+05:30,5030.7,5036.9,5030.7,5036,7823
2026-08-19T12:40:00+05:30,5036,5037.4,5031.1,5034.2,9138
2026-08-19T12:45:00+05:30,5032.8,5034.1,5026,5027.2,10847
2026-08-19T12:50:00+05:30,5027.2,5034.8,5027.2,5033.9,8620
2026-08-19T12:55:00+05:30,5033.9,5035,5026,5026.9,9430
2026-08-19T13:00:00+05:30,5027.6,5031,5026.5,5030.1,8190
2026-08-19T13:05:00+05:30,5030.1,5030.4,5025.1,5029.9,8735
2026-08-19T13:10:00+05:30,5029.9,5029.9,5022,5025.5,8649
2026-08-19T13:15:00+05:30,5025.4,5030.9,5018.1,5028.8,17295
2026-08-19T13:20:00+05:30,5028.5,5028.5,5023,5024.4,7743
2026-08-19T13:25:00+05:30,5024.4,5032,5023.6,5029.5,11242
2026-08-19T13:30:00+05:30,5029.5,5031.3,5026.7,5030.8,7729
2026-08-19T13:35:00+05:30,5030.8,5032.5,5028.1,5031,15133
2026-08-19T13:40:00+05:30,5030,5040,5030,5038.9,18735
2026-08-19T13:45:00+05:30,5038.9,5039.2,5033,5035.1,10553
2026-08-19T13:50:00+05:30,5035.1,5036.5,5031.2,5032.8,7713
2026-08-19T13:55:00+05:30,5032.8,5034.2,5026,5030.9,8869
2026-08-19T14:00:00+05:30,5032.6,5036,5031.1,5034,7677
2026-08-19T14:05:00+05:30,5034.1,5037.7,5030.7,5037.5,8362
2026-08-19T14:10:00+05:30,5037.6,5038.1,5032.3,5036,9862
2026-08-19T14:15:00+05:30,5036,5036.1,5027.3,5031.9,12608
2026-08-19T14:20:00+05:30,5032.6,5033.9,5027.8,5029.6,10840
2026-08-19T14:25:00+05:30,5030,5034.2,5027.4,5033,10168
2026-08-19T14:30:00+05:30,5032.4,5035.9,5031.1,5032.9,13435
2026-08-19T14:35:00+05:30,5033.1,5043.1,5031,5032.1,24683
2026-08-19T14:40:00+05:30,5032.1,5033.8,5025,5026.8,16808
2026-08-19T14:45:00+05:30,5026.8,5028,5017,5017.6,23942
2026-08-19T14:50:00+05:30,5016.9,5025,5016.6,5021.4,13959
2026-08-19T14:55:00+05:30,5021.1,5029,5018.1,5020.7,19949
2026-08-19T15:00:00+05:30,5021.3,5022.9,5013,5016,38215
2026-08-19T15:05:00+05:30,5016.2,5017.5,5005,5010,31098
2026-08-19T15:10:00+05:30,5009.5,5012.8,5005,5007,25162
2026-08-20T09:15:00+05:30,5049,5049,5017.9,5026,32937
2026-08-20T09:20:00+05:30,5028.8,5030,5022,5024.9,9694
2026-08-20T09:25:00+05:30,5023.4,5026.4,5013.5,5015,16281
2026-08-20T09:30:00+05:30,5016.7,5019.8,5010,5019.7,13381
2026-08-20T09:35:00+05:30,5019.9,5021.2,5016,5019.1,4798
2026-08-20T09:40:00+05:30,5019.1,5019.1,5010,5016.9,7203
2026-08-20T09:45:00+05:30,5016.9,5019.7,5008,5008,7308
2026-08-20T09:50:00+05:30,5008,5019,5006,5016.6,9457
2026-08-20T09:55:00+05:30,5017,5022,5012.9,5017.7,8311
2026-08-20T10:00:00+05:30,5017.7,5020,5015.9,5019.3,5343
2026-08-20T10:05:00+05:30,5019.2,5019.2,5010,5013.7,3856
2026-08-20T10:10:00+05:30,5014,5015,4991,4996.3,25779
2026-08-20T10:15:00+05:30,4996.4,4999,4990,4992.6,10265
2026-08-20T10:20:00+05:30,4992.7,4992.7,4982,4989.9,15153
2026-08-20T10:25:00+05:30,4989.9,4991.3,4981.6,4987.8,8557
2026-08-20T10:30:00+05:30,4987.9,4994.6,4985,4994.6,5326
2026-08-20T10:35:00+05:30,4992.8,4997.6,4986.1,4987,6248
2026-08-20T10:40:00+05:30,4986.5,4991.1,4982.2,4985.7,4686
2026-08-20T10:45:00+05:30,4985.4,4990.9,4985,4989.7,3327
2026-08-20T10:50:00+05:30,4990,4992.7,4985.8,4990,5253
2026-08-20T10:55:00+05:30,4991,4997,4989.6,4993.5,5110
2026-08-20T11:00:00+05:30,4995.5,4996.1,4988.3,4988.5,5338
2026-08-20T11:05:00+05:30,4990.8,5000,4988,4999.6,4242
2026-08-20T11:10:00+05:30,4997.8,5000,4996.2,4999,5819
2026-08-20T11:15:00+05:30,4999,5000,4988.3,4990.4,6696
2026-08-20T11:20:00+05:30,4992,4992,4986.5,4991.9,2163
2026-08-20T11:25:00+05:30,4991.9,4994.2,4989.7,4989.7,1912
2026-08-20T11:30:00+05:30,4989.7,4991.5,4987.8,4991.5,1839
2026-08-20T11:35:00+05:30,4991.5,4994.7,4990,4993.6,1595
2026-08-20T11:40:00+05:30,4993.6,4995,4991.6,4994.1,2380
2026-08-20T11:45:00+05:30,4994.1,4995,4992.3,4992.6,1806
2026-08-20T11:50:00+05:30,4994.7,4994.9,4990.2,4993.1,1933
2026-08-20T11:55:00+05:30,4992,4997.9,4991.2,4995.5,1775
2026-08-20T12:00:00+05:30,4996.4,4996.4,4992.4,4994.8,1694
2026-08-20T12:05:00+05:30,4994.8,4995,4989,4989,2604
2026-08-20T12:10:00+05:30,4989,4991.5,4985.3,4986,2653
2026-08-20T12:15:00+05:30,4986,4990,4986,4988.6,2090
2026-08-20T12:20:00+05:30,4988.6,4992.4,4987.6,4989.7,2462
2026-08-20T12:25:00+05:30,4989.7,4993.7,4989,4989.5,2302
2026-08-20T12:30:00+05:30,4989.5,4993.9,4989.5,4990.8,1758
2026-08-20T12:35:00+05:30,4992.6,4992.7,4989,4991.3,2191
2026-08-20T12:40:00+05:30,4991.3,4992,4989.1,4991,2198
2026-08-20T12:45:00+05:30,4991,4993,4988,4993,2377
2026-08-20T12:50:00+05:30,4993,4994,4987.7,4988,2135
2026-08-20T12:55:00+05:30,4988.1,4990.1,4986,4990.1,4494
2026-08-20T13:00:00+05:30,4991.7,4992.5,4988,4988.9,1835
2026-08-20T13:05:00+05:30,4988.9,4989.7,4986.7,4988.5,1793
2026-08-20T13:10:00+05:30,4988.5,4994.7,4985.8,4992.7,8755
2026-08-20T13:15:00+05:30,4994.4,4997.6,4988,4989.9,4823
2026-08-20T13:20:00+05:30,4991.4,4993.5,4990.2,4992.5,1445
2026-08-20T13:25:00+05:30,4992.6,4994.9,4990.4,4992.7,1245
2026-08-20T13:30:00+05:30,4992.7,4992.7,4989.3,4990.2,1503
2026-08-20T13:35:00+05:30,4990.2,4990.3,4988,4988.4,1222
2026-08-20T13:40:00+05:30,4987.3,4993,4987.3,4991.7,2725
2026-08-20T13:45:00+05:30,4991.7,4992.9,4990,4992.9,1374
2026-08-20T13:50:00+05:30,4992.9,4992.9,4990.8,4991.2,748
2026-08-20T13:55:00+05:30,4991.2,4993.7,4990,4990.7,1804
2026-08-20T14:00:00+05:30,4992.5,4993.7,4990,4991.9,1550
2026-08-20T14:05:00+05:30,4991.7,4994,4988.4,4989.5,2599
2026-08-20T14:10:00+05:30,4989.6,4993,4988.1,4992.7,2391
2026-08-20T14:15:00+05:30,4990.4,4992.7,4986.9,4988,4661
2026-08-20T14:20:00+05:30,4987.9,4991,4987,4990.9,1218
2026-08-20T14:25:00+05:30,4990.9,4995,4989.2,4993.3,3055
2026-08-20T14:30:00+05:30,4993.3,4994,4990.1,4991.9,3100
2026-08-20T14:35:00+05:30,4993.4,4993.4,4990.2,4991,1778
2026-08-20T14:40:00+05:30,4990.6,4992.1,4987,4987.7,2808
2026-08-20T14:45:00+05:30,4987.7,4989.9,4986,4987.9,3483
2026-08-20T14:50:00+05:30,4987.9,4991.5,4986.7,4991,5683
2026-08-20T14:55:00+05:30,4990.3,4991,4982,4982.3,7691
2026-08-20T15:00:00+05:30,4982.5,4983.9,4975.5,4979.9,17283
2026-08-20T15:05:00+05:30,4979.9,4981.9,4975.1,4980,17986
2026-08-20T15:10:00+05:30,4980,4982.2,4972,4978,21574
2026-08-21T09:15:00+05:30,4985.2,5018.4,4985,5003,39108
2026-08-21T09:20:00+05:30,5003,5004,4999,5002,13957
2026-08-21T09:25:00+05:30,5002,5005,4995,4996,11436
2026-08-21T09:30:00+05:30,4996,4999.6,4980,4991,21316
2026-08-21T09:35:00+05:30,4991,5009.9,4990,5006.2,14223
2026-08-21T09:40:00+05:30,5006.2,5023.3,5003.5,5006.3,20317
2026-08-21T09:45:00+05:30,5006.3,5013.4,5006.3,5010.5,8589
2026-08-21T09:50:00+05:30,5012,5022,5005.1,5020.2,9313
2026-08-21T09:55:00+05:30,5020.2,5028,5017.2,5027,17370
2026-08-21T10:00:00+05:30,5027,5044.8,5027,5036.3,40957
2026-08-21T10:05:00+05:30,5036.3,5049,5036.3,5042.1,14098
2026-08-21T10:10:00+05:30,5042.1,5074.3,5038,5072,38777
2026-08-21T10:15:00+05:30,5075.9,5092,5072,5075.1,37731
2026-08-21T10:20:00+05:30,5075.1,5077,5063.9,5065.2,14476
2026-08-21T10:25:00+05:30,5065.4,5080,5064,5068.4,19205
2026-08-21T10:30:00+05:30,5068.4,5070,5054.6,5057,21700
2026-08-21T10:35:00+05:30,5057,5060,5048.4,5053.6,18950
2026-08-21T10:40:00+05:30,5053.6,5054,5048.8,5050,4336
2026-08-21T10:45:00+05:30,5050,5050.9,5043.9,5049.3,5212
2026-08-21T10:50:00+05:30,5049.3,5049.3,5043.9,5045.1,3374
2026-08-21T10:55:00+05:30,5045.1,5046.2,5033.2,5038.3,9261
2026-08-21T11:00:00+05:30,5038.3,5045,5036.2,5036.2,9672
2026-08-21T11:05:00+05:30,5037.7,5042.4,5036.2,5039.9,4302
2026-08-21T11:10:00+05:30,5039.3,5046,5038,5043.2,3761
2026-08-21T11:15:00+05:30,5043.2,5049,5042.1,5048.7,5687
2026-08-21T11:20:00+05:30,5049.6,5055.5,5049,5054.4,12002
2026-08-21T11:25:00+05:30,5054.4,5054.5,5046.8,5053.7,4727
2026-08-21T11:30:00+05:30,5053.8,5059.9,5051.1,5053.1,9033
2026-08-21T11:35:00+05:30,5053.1,5055.8,5050,5051.7,3808
2026-08-21T11:40:00+05:30,5051.7,5054.8,5050.8,5053.7,4045
2026-08-21T11:45:00+05:30,5053.7,5054,5050,5053.6,3144
2026-08-21T11:50:00+05:30,5053.6,5055,5043.5,5047.5,6754
2026-08-21T11:55:00+05:30,5047.5,5049.5,5035.3,5035.3,8855
2026-08-21T12:00:00+05:30,5035,5039.2,5034,5037,4560
2026-08-21T12:05:00+05:30,5037,5039,5033,5035,10082
2026-08-21T12:10:00+05:30,5035,5036.4,5034.1,5035,2926
2026-08-21T12:15:00+05:30,5035,5036.5,5032.6,5035.5,3600
2026-08-21T12:20:00+05:30,5035.5,5038,5025.5,5029.4,19691
2026-08-21T12:25:00+05:30,5031,5032,5022,5024,6847
2026-08-21T12:30:00+05:30,5024,5032.1,5016,5027.2,12117
2026-08-21T12:35:00+05:30,5027.2,5033,5025,5033,3317
2026-08-21T12:40:00+05:30,5033,5033,5020.6,5028.5,5147
2026-08-21T12:45:00+05:30,5028.5,5030.3,5025.1,5028,2871
2026-08-21T12:50:00+05:30,5028,5029.4,5025.5,5027,4059
2026-08-21T12:55:00+05:30,5027,5028.7,5020.6,5026,4168
2026-08-21T13:00:00+05:30,5026,5028.2,5023.8,5026.4,3379
2026-08-21T13:05:00+05:30,5026.4,5027.2,5022,5025,1146
2026-08-21T13:10:00+05:30,5026.8,5028,5015,5017.4,4721
2026-08-21T13:15:00+05:30,5013,5013,5005,5012.5,8377
2026-08-21T13:20:00+05:30,5012.7,5014.4,5007.3,5012.9,2845
2026-08-21T13:25:00+05:30,5012,5014,5008,5012.8,1985
2026-08-21T13:30:00+05:30,5012.8,5013,5006.2,5010.5,2264
2026-08-21T13:35:00+05:30,5010.5,5014.6,5010.5,5014.6,1733
2026-08-21T13:40:00+05:30,5013.2,5014.8,5010.5,5012.5,990
2026-08-21T13:45:00+05:30,5012.5,5013.3,5008.1,5009,2889
2026-08-21T13:50:00+05:30,5009,5011,5008.4,5011,1550
2026-08-21T13:55:00+05:30,5010,5010,4995,4997.4,9723
2026-08-21T14:00:00+05:30,4997.4,5000,4985.4,4994.6,7015
2026-08-21T14:05:00+05:30,4994.5,4994.6,4980,4984.1,12109
2026-08-21T14:10:00+05:30,4984.1,4987.3,4983.9,4986.4,3579
2026-08-21T14:15:00+05:30,4986.4,4988.4,4986,4987.3,4114
2026-08-21T14:20:00+05:30,4987.3,4993.8,4987.2,4992.9,2398
2026-08-21T14:25:00+05:30,4992.9,4993,4984,4985.1,5180
2026-08-21T14:30:00+05:30,4985.1,4986.3,4981.5,4982.5,4332
2026-08-21T14:35:00+05:30,4982.5,4983.7,4976,4978.8,7246
2026-08-21T14:40:00+05:30,4978.8,4981.7,4975.5,4978.9,4381
2026-08-21T14:45:00+05:30,4978.9,4985,4978,4982,6103
2026-08-21T14:50:00+05:30,4983,4984.3,4977.4,4978,4672
2026-08-21T14:55:00+05:30,4978,4993,4976,4983,32545
2026-08-21T15:00:00+05:30,4982.9,4982.9,4976,4976.2,8969
2026-08-21T15:05:00+05:30,4977,4978.4,4972.5,4975,17027
2026-08-21T15:10:00+05:30,4974.5,4979.5,4972,4976,20482
2026-08-24T09:15:00+05:30,4990,4990,4965,4974.7,27436
2026-08-24T09:20:00+05:30,4974.7,4977.3,4966,4969.7,12665
2026-08-24T09:25:00+05:30,4970,4971.5,4945,4947.8,23344
2026-08-24T09:30:00+05:30,4947.7,4947.7,4932.7,4936.8,13281
2026-08-24T09:35:00+05:30,4937,4942.3,4930.5,4940,16453
2026-08-24T09:40:00+05:30,4940,4940.5,4926.5,4927.6,12839
2026-08-24T09:45:00+05:30,4927.6,4929.5,4922,4922,15839
2026-08-24T09:50:00+05:30,4922,4928,4922,4922.8,7327
2026-08-24T09:55:00+05:30,4923,4926,4912.4,4920,22328
2026-08-24T10:00:00+05:30,4920,4933.5,4918,4931,12381
2026-08-24T10:05:00+05:30,4931,4935.8,4927.7,4929.3,5602
2026-08-24T10:10:00+05:30,4929.3,4939.9,4929.3,4934.7,7789
2026-08-24T10:15:00+05:30,4934.8,4939,4933,4938.3,3253
2026-08-24T10:20:00+05:30,4938.3,4939.5,4934.6,4938.2,2802
2026-08-24T10:25:00+05:30,4938.2,4939.5,4930,4931,3317
2026-08-24T10:30:00+05:30,4931,4931.6,4925,4925.7,7999
2026-08-24T10:35:00+05:30,4925.7,4928,4924.2,4926,3196
2026-08-24T10:40:00+05:30,4926,4929.5,4925,4927.5,4920
2026-08-24T10:45:00+05:30,4925.9,4934.8,4925.9,4934.8,7111
2026-08-24T10:50:00+05:30,4934.8,4935,4930.7,4932.3,2997
2026-08-24T10:55:00+05:30,4932,4934.6,4922.4,4923,13791
2026-08-24T11:00:00+05:30,4921.8,4924.1,4912.7,4914.8,11263
2026-08-24T11:05:00+05:30,4915,4916.9,4900,4900.9,20350
2026-08-24T11:10:00+05:30,4900.9,4900.9,4892.1,4894.5,16537
2026-08-24T11:15:00+05:30,4892.2,4904.9,4892,4901.2,5862
2026-08-24T11:20:00+05:30,4903.1,4904.5,4898.7,4904,5347
2026-08-24T11:25:00+05:30,4904,4909.9,4901,4909.2,4538
2026-08-24T11:30:00+05:30,4909.2,4909.3,4901.5,4903,2446
2026-08-24T11:35:00+05:30,4903,4905.9,4900,4903,3053
2026-08-24T11:40:00+05:30,4903,4905,4892,4893,7343
2026-08-24T11:45:00+05:30,4893,4897.3,4892.2,4897.3,4281
2026-08-24T11:50:00+05:30,4897.3,4897.3,4890,4891.9,6084
2026-08-24T11:55:00+05:30,4891.9,4905,4891,4896.3,12181
2026-08-24T12:00:00+05:30,4896.3,4898.9,4895.4,4896.8,2685
2026-08-24T12:05:00+05:30,4896.8,4899.9,4896,4896,2224
2026-08-24T12:10:00+05:30,4896,4898.2,4893,4894.6,2953
2026-08-24T12:15:00+05:30,4894.6,4894.6,4890.1,4892.5,4881
2026-08-24T12:20:00+05:30,4892.1,4898.2,4892,4895,3422
2026-08-24T12:25:00+05:30,4895,4898.8,4895,4896,1474
2026-08-24T12:30:00+05:30,4896,4897.2,4892.2,4892.5,2565
2026-08-24T12:35:00+05:30,4892.5,4897.1,4892.2,4895,2123
2026-08-24T12:40:00+05:30,4895,4895,4892,4892.1,1631
2026-08-24T12:45:00+05:30,4892.1,4896,4892,4893,2530
2026-08-24T12:50:00+05:30,4893,4895,4890,4891,2050
2026-08-24T12:55:00+05:30,4890.6,4895,4890.5,4892.7,1705
2026-08-24T13:00:00+05:30,4891.9,4893.2,4881,4883.8,11128
2026-08-24T13:05:00+05:30,4883.1,4886.9,4883.1,4885.4,3156
2026-08-24T13:10:00+05:30,4884.1,4885.5,4880,4881.1,4995
2026-08-24T13:15:00+05:30,4881.1,4885,4881,4882.3,3125
2026-08-24T13:20:00+05:30,4882.3,4884.7,4880,4880.4,1921
2026-08-24T13:25:00+05:30,4880.3,4883.9,4877.3,4879,8574
2026-08-24T13:30:00+05:30,4880,4880,4875,4875.5,5232
2026-08-24T13:35:00+05:30,4875.1,4884.5,4870.4,4882.6,6883
2026-08-24T13:40:00+05:30,4882.6,4884,4881.5,4882.8,2075
2026-08-24T13:45:00+05:30,4882.2,4884,4880,4881,3762
2026-08-24T13:50:00+05:30,4881,4883.5,4880.5,4880.8,1268
2026-08-24T13:55:00+05:30,4880.8,4881.9,4877,4880,4570
2026-08-24T14:00:00+05:30,4880,4884,4879.3,4881.8,1420
2026-08-24T14:05:00+05:30,4881.5,4882.3,4879.5,4880.2,2766
2026-08-24T14:10:00+05:30,4882,4882.9,4877,4878.1,2803
2026-08-24T14:15:00+05:30,4878.1,4885.5,4877,4883,2885
2026-08-24T14:20:00+05:30,4883,4885,4881,4881.1,1111
2026-08-24T14:25:00+05:30,4881.1,4884.6,4880.6,4883.7,2399
2026-08-24T14:30:00+05:30,4884.1,4886.7,4883,4885.7,4039
2026-08-24T14:35:00+05:30,4885.7,4889,4884,4885,5094
2026-08-24T14:40:00+05:30,4885,4891,4882.8,4887.9,6442
2026-08-24T14:45:00+05:30,4887.5,4894,4887,4889.5,6092
2026-08-24T14:50:00+05:30,4889.5,4895.8,4888.7,4890.1,19780
2026-08-24T14:55:00+05:30,4890.1,4894,4887.8,4887.8,7165
2026-08-24T15:00:00+05:30,4887.8,4889.1,4873.3,4876.1,60289
2026-08-24T15:05:00+05:30,4877.6,4877.6,4864.6,4867,33000
2026-08-24T15:10:00+05:30,4866.7,4877.4,4858,4875,60890
2026-08-25T09:15:00+05:30,4890.2,4890.3,4852.1,4857,24604
2026-08-25T09:20:00+05:30,4857.2,4862,4845,4855,25060
2026-08-25T09:25:00+05:30,4855,4855,4845,4852.7,10886
2026-08-25T09:30:00+05:30,4853,4862.9,4850,4862,9323
2026-08-25T09:35:00+05:30,4862,4878,4861,4869,16465
2026-08-25T09:40:00+05:30,4869,4881.7,4858,4859.4,15579
2026-08-25T09:45:00+05:30,4859.4,4859.4,4850.1,4850.8,9659
2026-08-25T09:50:00+05:30,4850.8,4852,4840,4843,12842
2026-08-25T09:55:00+05:30,4840.8,4845,4840.8,4841,5635
2026-08-25T10:00:00+05:30,4841.6,4841.6,4823,4826.4,18679
2026-08-25T10:05:00+05:30,4825.1,4832,4816.6,4831.7,20070
2026-08-25T10:10:00+05:30,4831.7,4832,4825.1,4826,3745
2026-08-25T10:15:00+05:30,4825.7,4828.2,4821.3,4822.1,5258
2026-08-25T10:20:00+05:30,4821.3,4821.3,4807.5,4811.8,18153
2026-08-25T10:25:00+05:30,4811.8,4814.4,4808,4813.4,6459
2026-08-25T10:30:00+05:30,4813.2,4813.2,4805,4805.2,8831
2026-08-25T10:35:00+05:30,4807,4812.9,4805.5,4810.5,7196
2026-08-25T10:40:00+05:30,4810.2,4814,4808.1,4812.1,7473
2026-08-25T10:45:00+05:30,4812.1,4830,4812,4828,12547
2026-08-25T10:50:00+05:30,4829,4836,4828.2,4832,8357
2026-08-25T10:55:00+05:30,4830.3,4839.4,4823,4825.8,6801
2026-08-25T11:00:00+05:30,4825.8,4836,4825.8,4835,9564
2026-08-25T11:05:00+05:30,4835,4838,4834.5,4835.2,4986
2026-08-25T11:10:00+05:30,4835.2,4849,4835,4848.3,14149
2026-08-25T11:15:00+05:30,4848.3,4850.2,4842.1,4850,11098
2026-08-25T11:20:00+05:30,4850,4853.6,4848,4850.1,8621
2026-08-25T11:25:00+05:30,4850.1,4851,4841.1,4841.3,8542
2026-08-25T11:30:00+05:30,4841.3,4852,4840.8,4847.4,13158
2026-08-25T11:35:00+05:30,4847.4,4851,4847.4,4849,3126
2026-08-25T11:40:00+05:30,4849,4851.9,4840.9,4850,15233
2026-08-25T11:45:00+05:30,4850,4851,4849,4850,8503
2026-08-25T11:50:00+05:30,4850,4861,4849,4857.2,11126
2026-08-25T11:55:00+05:30,4857.7,4857.9,4851.6,4852.4,6656
2026-08-25T12:00:00+05:30,4852.4,4872.9,4852.4,4871,11052
2026-08-25T12:05:00+05:30,4871,4874,4870.2,4871.8,8232
2026-08-25T12:10:00+05:30,4871.8,4872,4866,4867.1,2786
2026-08-25T12:15:00+05:30,4867.1,4867.1,4862.4,4863.8,3804
2026-08-25T12:20:00+05:30,4863.8,4865.9,4860,4860.7,2511
2026-08-25T12:25:00+05:30,4860.7,4860.7,4855.2,4858.6,2578
2026-08-25T12:30:00+05:30,4859.9,4866,4857.5,4863,2450
2026-08-25T12:35:00+05:30,4863,4870.7,4861.3,4863.7,4273
2026-08-25T12:40:00+05:30,4865.5,4865.5,4858.7,4862,2888
2026-08-25T12:45:00+05:30,4862.4,4868,4860,4865.9,2678
2026-08-25T12:50:00+05:30,4865,4867.9,4864,4866.1,2389
2026-08-25T12:55:00+05:30,4865,4873,4864,4870.1,5065
2026-08-25T13:00:00+05:30,4870.1,4870.3,4864.1,4864.5,3323
2026-08-25T13:05:00+05:30,4864.5,4868.7,4864.5,4865.7,2209
2026-08-25T13:10:00+05:30,4867.8,4868.2,4861.7,4863.9,2067
2026-08-25T13:15:00+05:30,4864,4866.7,4856.1,4863.3,4408
2026-08-25T13:20:00+05:30,4863.5,4869.9,4861.3,4865.4,1609
2026-08-25T13:25:00+05:30,4865.6,4877.2,4865.2,4872.9,6302
2026-08-25T13:30:00+05:30,4872.9,4874.9,4870.8,4870.8,1543
2026-08-25T13:35:00+05:30,4870.8,4882.8,4869.7,4882.8,9494
2026-08-25T13:40:00+05:30,4882.8,4888,4881,4885.2,7331
2026-08-25T13:45:00+05:30,4885.2,4885.9,4875.3,4876.1,5846
2026-08-25T13:50:00+05:30,4876.1,4878,4872.2,4878,1194
2026-08-25T13:55:00+05:30,4878,4879,4874.2,4875,1126
2026-08-25T14:00:00+05:30,4874.3,4876,4870.3,4872.9,2586
2026-08-25T14:05:00+05:30,4872.9,4874.7,4871,4872.7,1350
2026-08-25T14:10:00+05:30,4872.7,4873,4870,4870.7,1853
2026-08-25T14:15:00+05:30,4870,4877.2,4869.6,4876.8,2265
2026-08-25T14:20:00+05:30,4874,4889,4874,4881.4,7594
2026-08-25T14:25:00+05:30,4881.4,4885.5,4880,4884,2980
2026-08-25T14:30:00+05:30,4884,4888,4882,4885,5100
2026-08-25T14:35:00+05:30,4885,4885.1,4880,4882.6,3004
2026-08-25T14:40:00+05:30,4882.6,4882.6,4877,4880.2,8315
2026-08-25T14:45:00+05:30,4880.2,4882.8,4879,4879.8,3448
2026-08-25T14:50:00+05:30,4879.8,4883.9,4878.1,4883.4,4035
2026-08-25T14:55:00+05:30,4881.2,4888.1,4879.7,4885.8,7500
2026-08-25T15:00:00+05:30,4886.1,4888,4883.1,4885.9,9998
2026-08-25T15:05:00+05:30,4883.8,4890,4883.3,4887.9,16185
2026-08-25T15:10:00+05:30,4887.9,4890,4882.5,4889,10301
2026-08-26T09:15:00+05:30,4877.4,4907.3,4877.4,4883.9,26306
2026-08-26T09:20:00+05:30,4882,4895.5,4881.4,4893.7,9387
2026-08-26T09:25:00+05:30,4892.6,4894.4,4877.4,4878.7,16086
2026-08-26T09:30:00+05:30,4875.8,4884.9,4875.6,4881.8,5774
2026-08-26T09:35:00+05:30,4881.8,4889.8,4881.8,4889,5477
2026-08-26T09:40:00+05:30,4889,4899.7,4886.9,4891.9,7457
2026-08-26T09:45:00+05:30,4890.1,4891.4,4883,4883.5,3282
2026-08-26T09:50:00+05:30,4883.5,4886.5,4880.4,4881.7,2919
2026-08-26T09:55:00+05:30,4881.7,4895,4881.7,4892,4179
2026-08-26T10:00:00+05:30,4892,4897,4880,4880,4874
2026-08-26T10:05:00+05:30,4880,4890.2,4880,4883.9,2629
2026-08-26T10:10:00+05:30,4885.7,4888.5,4880.1,4885.6,2513
2026-08-26T10:15:00+05:30,4885.6,4887.4,4883,4884.2,1540
2026-08-26T10:20:00+05:30,4884.1,4884.6,4881,4882.9,1973
2026-08-26T10:25:00+05:30,4883.4,4890,4882.2,4888.9,2358
2026-08-26T10:30:00+05:30,4888.9,4890,4881.8,4886.1,1843
2026-08-26T10:35:00+05:30,4885,4888.4,4881,4883.1,1731
2026-08-26T10:40:00+05:30,4883.7,4883.9,4881,4883.3,1512
2026-08-26T10:45:00+05:30,4883.3,4883.3,4872.1,4880.1,8066
2026-08-26T10:50:00+05:30,4880.1,4883,4878.1,4881.1,2137
2026-08-26T10:55:00+05:30,4880,4887.2,4879.3,4883.9,2509
2026-08-26T11:00:00+05:30,4883.9,4887.8,4879.6,4885,6518
2026-08-26T11:05:00+05:30,4885,4937.6,4878,4910.8,40343
2026-08-26T11:10:00+05:30,4910.8,4917.2,4905,4912,16764
2026-08-26T11:15:00+05:30,4912,4918.3,4896.8,4899.9,17486
2026-08-26T11:20:00+05:30,4899.9,4915,4898.1,4913.1,8086
2026-08-26T11:25:00+05:30,4914,4915,4902,4904,4458
2026-08-26T11:30:00+05:30,4903.1,4907.2,4900.8,4903.6,3659
2026-08-26T11:35:00+05:30,4903.6,4908.4,4901.1,4902.5,5325
2026-08-26T11:40:00+05:30,4902.5,4909,4900,4908.5,2790
2026-08-26T11:45:00+05:30,4908.5,4909,4905.2,4905.9,1776
2026-08-26T11:50:00+05:30,4905.9,4911.1,4903.4,4903.6,3642
2026-08-26T11:55:00+05:30,4903.6,4907,4902,4905.6,5476
2026-08-26T12:00:00+05:30,4905.6,4913,4905.6,4910.1,5260
2026-08-26T12:05:00+05:30,4910.1,4913,4908.4,4909,3515
2026-08-26T12:10:00+05:30,4909,4917.6,4905.7,4916.9,9741
2026-08-26T12:15:00+05:30,4916,4916.8,4912,4914,3126
2026-08-26T12:20:00+05:30,4914,4917.1,4912,4912.1,3496
2026-08-26T12:25:00+05:30,4912.1,4913,4908,4908.9,3481
2026-08-26T12:30:00+05:30,4908.9,4909.7,4905.7,4908.9,3583
2026-08-26T12:35:00+05:30,4909.9,4910,4905,4907.1,3656
2026-08-26T12:40:00+05:30,4907.1,4908,4901.8,4901.8,5670
2026-08-26T12:45:00+05:30,4901.3,4901.8,4896.1,4896.1,3240
2026-08-26T12:50:00+05:30,4896.1,4904,4895.9,4903,3064
2026-08-26T12:55:00+05:30,4903,4903.8,4899,4901.1,2539
2026-08-26T13:00:00+05:30,4902.8,4902.8,4900,4901.9,1049
2026-08-26T13:05:00+05:30,4901.7,4904.8,4901.5,4902.6,1995
2026-08-26T13:10:00+05:30,4902.6,4903.4,4900.9,4901.8,1570
2026-08-26T13:15:00+05:30,4901.8,4903.3,4900.1,4903.2,2146
2026-08-26T13:20:00+05:30,4903.3,4911,4901.2,4908,3886
2026-08-26T13:25:00+05:30,4908,4910.8,4905.1,4907.5,5527
2026-08-26T13:30:00+05:30,4907.5,4910,4904.1,4906.1,6265
2026-08-26T13:35:00+05:30,4906.1,4908.5,4904.7,4905.7,1337
2026-08-26T13:40:00+05:30,4905.7,4911.5,4905.5,4906.7,4294
2026-08-26T13:45:00+05:30,4906.7,4910.5,4906,4907,1621
2026-08-26T13:50:00+05:30,4907,4917,4907,4916.5,9318
2026-08-26T13:55:00+05:30,4916.5,4916.5,4910.4,4911,1508
2026-08-26T14:00:00+05:30,4911,4914,4910,4911.1,2206
2026-08-26T14:05:00+05:30,4911.1,4914.9,4905.2,4905.9,2305
2026-08-26T14:10:00+05:30,4905.9,4910.2,4905,4910,1386
2026-08-26T14:15:00+05:30,4908.2,4910,4906.1,4908.2,2135
2026-08-26T14:20:00+05:30,4908.2,4909.3,4905.4,4906.1,3043
2026-08-26T14:25:00+05:30,4905.8,4908.4,4905,4908.4,2953
2026-08-26T14:30:00+05:30,4908,4908.8,4906,4906.1,2226
2026-08-26T14:35:00+05:30,4907.7,4908.5,4905.3,4905.3,1561
2026-08-26T14:40:00+05:30,4905.2,4907,4896.3,4899,8736
2026-08-26T14:45:00+05:30,4899,4899.7,4895,4896,7305
2026-08-26T14:50:00+05:30,4896,4898.4,4895,4898.4,3886
2026-08-26T14:55:00+05:30,4898.2,4898.7,4895,4895.8,5904
2026-08-26T15:00:00+05:30,4896.5,4898.6,4892.2,4896.1,12312
2026-08-26T15:05:00+05:30,4894.8,4896.6,4892.2,4893.1,12974
2026-08-26T15:10:00+05:30,4894.2,4895,4890,4891.4,11353
2026-08-27T09:15:00+05:30,4900,4918,4880.3,4883.2,26326
2026-08-27T09:20:00+05:30,4884.2,4904.9,4880.1,4898.7,9273
2026-08-27T09:25:00+05:30,4898.7,4901,4891.2,4893.2,6645
2026-08-27T09:30:00+05:30,4895,4910.6,4893.2,4908,9968
2026-08-27T09:35:00+05:30,4908,4908,4895,4907,9625
2026-08-27T09:40:00+05:30,4907,4920,4905,4917.6,13501
2026-08-27T09:45:00+05:30,4917.6,4929.6,4914,4929.6,15561
2026-08-27T09:50:00+05:30,4929.6,4935,4907,4908.2,14512
2026-08-27T09:55:00+05:30,4908.2,4909.3,4896.2,4899,8369
2026-08-27T10:00:00+05:30,4899.4,4899.4,4892,4897.5,7630
2026-08-27T10:05:00+05:30,4895.8,4896.6,4888,4893.9,5037
2026-08-27T10:10:00+05:30,4893.2,4894.9,4888,4889.4,4497
2026-08-27T10:15:00+05:30,4889.5,4893.9,4886.1,4888.9,4039
2026-08-27T10:20:00+05:30,4893.3,4893.3,4882,4883.6,6497
2026-08-27T10:25:00+05:30,4884,4893,4882.5,4893,4652
2026-08-27T10:30:00+05:30,4893,4893,4886.8,4888.8,1908
2026-08-27T10:35:00+05:30,4888.8,4891.9,4886,4890,2963
2026-08-27T10:40:00+05:30,4890,4890,4885.8,4885.8,3073
2026-08-27T10:45:00+05:30,4887.6,4890.6,4885.8,4889.6,2853
2026-08-27T10:50:00+05:30,4889.6,4889.6,4884.3,4885.6,3425
2026-08-27T10:55:00+05:30,4885.8,4887.4,4882.3,4883.6,2998
2026-08-27T11:00:00+05:30,4883.7,4886.2,4883,4884.6,2919
2026-08-27T11:05:00+05:30,4884.6,4886.1,4883,4884.9,2505
2026-08-27T11:10:00+05:30,4884.9,4884.9,4881.1,4881.1,2193
2026-08-27T11:15:00+05:30,4880.5,4882.4,4880.4,4880.9,3907
2026-08-27T11:20:00+05:30,4880.9,4890,4880,4885,11912
2026-08-27T11:25:00+05:30,4885,4886.6,4880.6,4881.5,2967
2026-08-27T11:30:00+05:30,4882.8,4884,4880.1,4882.3,2484
2026-08-27T11:35:00+05:30,4882.3,4884.4,4881.2,4883.1,967
2026-08-27T11:40:00+05:30,4882,4883.5,4881,4881,1357
2026-08-27T11:45:00+05:30,4881,4888,4880,4886.2,2680
2026-08-27T11:50:00+05:30,4886.2,4890,4885.6,4889.3,2303
2026-08-27T11:55:00+05:30,4889.3,4889.8,4889,4889,1439
2026-08-27T12:00:00+05:30,4889.5,4889.5,4882.9,4883.5,1628
2026-08-27T12:05:00+05:30,4885.3,4889.5,4881,4884,2192
2026-08-27T12:10:00+05:30,4884,4888.1,4884,4887.3,1314
2026-08-27T12:15:00+05:30,4887.3,4888.1,4885.2,4886,758
2026-08-27T12:20:00+05:30,4886,4888.1,4885.9,4887.8,771
2026-08-27T12:25:00+05:30,4887.8,4887.8,4886,4887.1,309
2026-08-27T12:30:00+05:30,4887.1,4887.1,4881.5,4882,2249
2026-08-27T12:35:00+05:30,4882,4888,4882,4886.8,1629
2026-08-27T12:40:00+05:30,4884.6,4897.1,4884.6,4893.2,4448
2026-08-27T12:45:00+05:30,4894,4894,4890.1,4891.8,1350
2026-08-27T12:50:00+05:30,4891.8,4892,4889.1,4890.6,1568
2026-08-27T12:55:00+05:30,4890.6,4890.9,4889,4889,7459
2026-08-27T13:00:00+05:30,4889.2,4891,4889,4889.1,1911
2026-08-27T13:05:00+05:30,4889.1,4889.1,4882,4882,4207
2026-08-27T13:10:00+05:30,4882,4889.9,4882,4887.5,3356
2026-08-27T13:15:00+05:30,4886.4,4890,4885.7,4889,3392
2026-08-27T13:20:00+05:30,4889,4890.2,4889,4889,528
2026-08-27T13:25:00+05:30,4889,4889.1,4888.3,4889,2676
2026-08-27T13:30:00+05:30,4889.1,4891,4888.3,4890.9,2640
2026-08-27T13:35:00+05:30,4890.9,4892.9,4888.3,4892.7,4113
2026-08-27T13:40:00+05:30,4892.7,4893.3,4889,4890,2949
2026-08-27T13:45:00+05:30,4890,4890.8,4883.1,4889.3,10155
2026-08-27T13:50:00+05:30,4889.3,4890.3,4885.9,4887.3,1769
2026-08-27T13:55:00+05:30,4887.3,4887.4,4884.6,4885.4,408
2026-08-27T14:00:00+05:30,4885.8,4889.6,4885,4889.6,1724
2026-08-27T14:05:00+05:30,4888.9,4889.4,4886.7,4889.2,3139
2026-08-27T14:10:00+05:30,4889.2,4892,4888,4889,2242
2026-08-27T14:15:00+05:30,4889,4891.8,4889,4891.7,1518
2026-08-27T14:20:00+05:30,4889.4,4891.1,4889,4889.9,1853
2026-08-27T14:25:00+05:30,4889.9,4891.1,4889,4890.7,4244
2026-08-27T14:30:00+05:30,4890.4,4891,4885.1,4888.2,2774
2026-08-27T14:35:00+05:30,4888.2,4888.2,4885.6,4886.4,2718
2026-08-27T14:40:00+05:30,4885.7,4887.3,4883.1,4884.1,1743
2026-08-27T14:45:00+05:30,4884.2,4886.9,4883,4884.2,1475
2026-08-27T14:50:00+05:30,4884.2,4885.4,4883,4884.1,2599
2026-08-27T14:55:00+05:30,4883.6,4884,4875,4875.4,9575
2026-08-27T15:00:00+05:30,4876,4885,4876,4882.7,11660
2026-08-27T15:05:00+05:30,4881.5,4882.9,4877.7,4880.4,10480
2026-08-27T15:10:00+05:30,4880.6,4883.8,4875,4876.1,14095
2026-08-28T09:15:00+05:30,4884.1,4890,4859.8,4865.7,17238
2026-08-28T09:20:00+05:30,4865.7,4869.5,4860.3,4869.5,11216
2026-08-28T09:25:00+05:30,4869.5,4874.8,4864,4864,6435
2026-08-28T09:30:00+05:30,4864,4872.9,4864,4871.4,5205
2026-08-28T09:35:00+05:30,4871.1,4871.4,4866,4867.9,4661
2026-08-28T09:40:00+05:30,4867.3,4871.8,4866,4866.5,2759
2026-08-28T09:45:00+05:30,4868.7,4870,4853,4858.8,12701
2026-08-28T09:50:00+05:30,4858.8,4865.7,4858.2,4865.7,3623
2026-08-28T09:55:00+05:30,4867.5,4867.5,4860.3,4862.6,3840
2026-08-28T10:00:00+05:30,4862.6,4862.9,4857,4857.9,3775
2026-08-28T10:05:00+05:30,4857.9,4858.3,4846.3,4856.4,8757
2026-08-28T10:10:00+05:30,4856.4,4858.3,4855.5,4857.6,2780
2026-08-28T10:15:00+05:30,4857,4859.3,4851.1,4852.5,4294
2026-08-28T10:20:00+05:30,4851.1,4855.1,4851.1,4854,2641
2026-08-28T10:25:00+05:30,4854,4854.1,4850,4853.6,3055
2026-08-28T10:30:00+05:30,4854.4,4854.4,4850.4,4853.2,2093
2026-08-28T10:35:00+05:30,4853.2,4857,4851.2,4856.1,3140
2026-08-28T10:40:00+05:30,4856.1,4859.9,4854,4859.1,2286
2026-08-28T10:45:00+05:30,4859.2,4859.8,4857,4858.5,2584
2026-08-28T10:50:00+05:30,4858.5,4872,4858.5,4870.1,19655
2026-08-28T10:55:00+05:30,4870,4874.4,4870,4871.4,2968
2026-08-28T11:00:00+05:30,4871.1,4871.3,4870,4870,2876
2026-08-28T11:05:00+05:30,4870,4870.1,4859,4859.4,7737
2026-08-28T11:10:00+05:30,4859.1,4865,4858.8,4864.9,2123
2026-08-28T11:15:00+05:30,4864.9,4864.9,4860.7,4863,2279
2026-08-28T11:20:00+05:30,4863,4863,4856,4856.6,1597
2026-08-28T11:25:00+05:30,4856.6,4859.6,4854,4854.3,2101
2026-08-28T11:30:00+05:30,4854,4871,4852,4861.8,19522
2026-08-28T11:35:00+05:30,4861.8,4861.8,4856.5,4857.7,4246
2026-08-28T11:40:00+05:30,4857.7,4859,4853.4,4855.2,1527
2026-08-28T11:45:00+05:30,4855.2,4856.9,4852.6,4854.1,1852
2026-08-28T11:50:00+05:30,4854.7,4866,4854.1,4864.1,8701
2026-08-28T11:55:00+05:30,4864.1,4870.5,4862.2,4870,27582
2026-08-28T12:00:00+05:30,4870,4870,4853,4855.6,7705
2026-08-28T12:05:00+05:30,4855.6,4861.3,4854.1,4858.8,32070
2026-08-28T12:10:00+05:30,4858.8,4858.8,4850.5,4851,3189
2026-08-28T12:15:00+05:30,4850.6,4851,4840.8,4850,11716
2026-08-28T12:20:00+05:30,4849.4,4849.5,4845.5,4845.9,1701
2026-08-28T12:25:00+05:30,4845.9,4849.9,4845.9,4848,1129
2026-08-28T12:30:00+05:30,4848,4848.1,4845.6,4847,3371
2026-08-28T12:35:00+05:30,4847,4847,4842,4842,3969
2026-08-28T12:40:00+05:30,4842,4845,4842,4842.3,1917
2026-08-28T12:45:00+05:30,4842.3,4845,4840,4840.1,3864
2026-08-28T12:50:00+05:30,4840.1,4840.1,4833.9,4838.7,9063
2026-08-28T12:55:00+05:30,4838.7,4838.7,4830,4830.1,4951
2026-08-28T13:00:00+05:30,4830.1,4831,4821.6,4826.5,9906
2026-08-28T13:05:00+05:30,4826.5,4831,4825,4828.7,3119
2026-08-28T13:10:00+05:30,4828.7,4828.7,4826.4,4828,1932
2026-08-28T13:15:00+05:30,4827,4827,4825.2,4825.9,2331
2026-08-28T13:20:00+05:30,4825.9,4830,4825.9,4829,3255
2026-08-28T13:25:00+05:30,4829,4829.2,4822.2,4822.2,4742
2026-08-28T13:30:00+05:30,4822.2,4825.2,4822,4823.8,2210
2026-08-28T13:35:00+05:30,4823.8,4830,4823.7,4825.3,5077
2026-08-28T13:40:00+05:30,4825.7,4827.8,4825,4825,1921
2026-08-28T13:45:00+05:30,4825,4825.4,4821,4821.2,3336
2026-08-28T13:50:00+05:30,4821.2,4822.2,4820.3,4821,4422
2026-08-28T13:55:00+05:30,4821.9,4822,4816.5,4819,6152
2026-08-28T14:00:00+05:30,4818,4821,4816,4816.5,4904
2026-08-28T14:05:00+05:30,4817.4,4819.9,4816.2,4818,2865
2026-08-28T14:10:00+05:30,4818,4822.8,4818,4820,3618
2026-08-28T14:15:00+05:30,4820,4825.8,4820,4824.1,2562
2026-08-28T14:20:00+05:30,4824,4826,4822,4824,2998
2026-08-28T14:25:00+05:30,4824,4828.5,4824,4825,3225
2026-08-28T14:30:00+05:30,4825.8,4827.2,4824.1,4826.7,2485
2026-08-28T14:35:00+05:30,4826.7,4830,4825.5,4827.1,5935
2026-08-28T14:40:00+05:30,4827,4832,4827,4830.1,5336
2026-08-28T14:45:00+05:30,4832,4832,4828.9,4829,3757
2026-08-28T14:50:00+05:30,4829,4840.2,4828.6,4840,26987
2026-08-28T14:55:00+05:30,4840,4840,4830.2,4831.2,9444
2026-08-28T15:00:00+05:30,4829.1,4834.6,4827.3,4827.9,19378
2026-08-28T15:05:00+05:30,4827.9,4839,4827.3,4836,20871
2026-08-28T15:10:00+05:30,4836.9,4840.6,4831,4836.9,16649
2026-08-31T09:15:00+05:30,4836.9,4844,4795,4805.5,23302
2026-08-31T09:20:00+05:30,4805.5,4810,4797.4,4800.8,16115
2026-08-31T09:25:00+05:30,4800.8,4805,4791.1,4797.3,12789
2026-08-31T09:30:00+05:30,4797.3,4804,4795,4802.3,6591
2026-08-31T09:35:00+05:30,4802.3,4802.3,4787.3,4791.3,9486
2026-08-31T09:40:00+05:30,4791.3,4796,4788,4789,3712
2026-08-31T09:45:00+05:30,4789,4793.3,4782.1,4787.5,5912
2026-08-31T09:50:00+05:30,4787.5,4794.9,4783.7,4791.8,5452
2026-08-31T09:55:00+05:30,4791.8,4793,4786,4790.8,3987
2026-08-31T10:00:00+05:30,4788.4,4796.4,4787.1,4788.9,7521
2026-08-31T10:05:00+05:30,4788.9,4799,4788,4795.7,2971
2026-08-31T10:10:00+05:30,4795.6,4797.5,4791.9,4791.9,2824
2026-08-31T10:15:00+05:30,4791,4793,4787,4787,7715
2026-08-31T10:20:00+05:30,4787,4790.1,4782,4788,3610
2026-08-31T10:25:00+05:30,4787.4,4791.2,4787.4,4789.2,1549
2026-08-31T10:30:00+05:30,4789.2,4789.9,4788,4788.3,2106
2026-08-31T10:35:00+05:30,4788.6,4788.9,4785,4787.5,2431
2026-08-31T10:40:00+05:30,4787.2,4788,4785,4787.5,3558
2026-08-31T10:45:00+05:30,4787.5,4789.7,4785.2,4786.4,3048
2026-08-31T10:50:00+05:30,4787,4787,4781.1,4784.4,2863
2026-08-31T10:55:00+05:30,4782.5,4784.9,4782,4783.1,1574
2026-08-31T11:00:00+05:30,4783.1,4784,4781,4783.8,1903
2026-08-31T11:05:00+05:30,4784.5,4784.6,4781,4781.3,2217
2026-08-31T11:10:00+05:30,4781.3,4781.8,4777,4780.9,5374
2026-08-31T11:15:00+05:30,4781,4790,4781,4790,2237
2026-08-31T11:20:00+05:30,4790,4792.8,4788,4790.8,2953
2026-08-31T11:25:00+05:30,4790.7,4795,4788.5,4792.9,2435
2026-08-31T11:30:00+05:30,4792.9,4800,4792.1,4800,3207
2026-08-31T11:35:00+05:30,4800,4804.5,4799,4799.9,3335
2026-08-31T11:40:00+05:30,4799.9,4804.6,4799,4799,1732
2026-08-31T11:45:00+05:30,4799,4802.5,4798,4802.5,1773
2026-08-31T11:50:00+05:30,4802.5,4813.6,4800.3,4812,7644
2026-08-31T11:55:00+05:30,4812,4812,4805,4805.2,3889
2026-08-31T12:00:00+05:30,4805,4811,4804,4807.8,7666
2026-08-31T12:05:00+05:30,4807.8,4818,4807.8,4817.4,4473
2026-08-31T12:10:00+05:30,4817.4,4818,4811.1,4813,1976
2026-08-31T12:15:00+05:30,4812.9,4821,4810.1,4821,4715
2026-08-31T12:20:00+05:30,4820,4824.3,4817.6,4820.3,2765
2026-08-31T12:25:00+05:30,4820.3,4821,4815.8,4818,2605
2026-08-31T12:30:00+05:30,4818,4826.6,4817,4825.5,9496
2026-08-31T12:35:00+05:30,4826,4829,4824,4825.7,4249
2026-08-31T12:40:00+05:30,4824.8,4828.4,4822,4826,3080
2026-08-31T12:45:00+05:30,4826,4826.3,4822,4826,4445
2026-08-31T12:50:00+05:30,4826,4827,4826,4826,1894
2026-08-31T12:55:00+05:30,4826,4826.6,4813.6,4815.1,6668
2026-08-31T13:00:00+05:30,4815.1,4819.6,4813.3,4815.7,1995
2026-08-31T13:05:00+05:30,4815.7,4816.8,4812.6,4816.7,2102
2026-08-31T13:10:00+05:30,4816.7,4819,4814.6,4818.6,1179
2026-08-31T13:15:00+05:30,4818.6,4820.9,4815.5,4818.1,2517
2026-08-31T13:20:00+05:30,4818.1,4819,4813.6,4813.9,3293
2026-08-31T13:25:00+05:30,4813.9,4816,4806.9,4807.5,2738
2026-08-31T13:30:00+05:30,4807.5,4818,4806.5,4815.2,17041
2026-08-31T13:35:00+05:30,4816.3,4817,4805,4805,6167
2026-08-31T13:40:00+05:30,4805,4806.3,4800,4800,9961
2026-08-31T13:45:00+05:30,4802.7,4810.3,4802,4810,7949
2026-08-31T13:50:00+05:30,4810,4810,4798.6,4799.1,10872
2026-08-31T13:55:00+05:30,4799.1,4799.9,4795,4795.6,5762
2026-08-31T14:00:00+05:30,4795.6,4809.6,4793.2,4799.4,20347
2026-08-31T14:05:00+05:30,4799.4,4799.4,4794.2,4796.7,6927
2026-08-31T14:10:00+05:30,4796.7,4806.7,4795,4805,13388
2026-08-31T14:15:00+05:30,4805,4805.6,4799.7,4803,9065
2026-08-31T14:20:00+05:30,4803,4803.3,4799.7,4801.5,5097
2026-08-31T14:25:00+05:30,4801,4804,4797.6,4804,7890
2026-08-31T14:30:00+05:30,4804,4804.1,4799.6,4802,7954
2026-08-31T14:35:00+05:30,4800.5,4804,4798.9,4802,8339
2026-08-31T14:40:00+05:30,4802,4817,4798.9,4814,17459
2026-08-31T14:45:00+05:30,4814,4822,4811.5,4816,11598
2026-08-31T14:50:00+05:30,4815.9,4821.5,4811,4817,25992
2026-08-31T14:55:00+05:30,4817,4822.9,4816,4821,14190
2026-08-31T15:00:00+05:30,4817.5,4818.2,4803.6,4804.9,24759
2026-08-31T15:05:00+05:30,4806.2,4806.2,4797.1,4800.8,27093
2026-08-31T15:10:00+05:30,4800.8,4818,4796.7,4815,43842
2026-09-01T09:15:00+05:30,4801.6,4819.6,4800,4803.1,18836
2026-09-01T09:20:00+05:30,4804.9,4805.8,4788.5,4790,7536
2026-09-01T09:25:00+05:30,4787.2,4791.8,4783.3,4786.7,6190
2026-09-01T09:30:00+05:30,4788.1,4793.3,4782,4792.9,7167
2026-09-01T09:35:00+05:30,4793.7,4795.2,4787.7,4788,2917
2026-09-01T09:40:00+05:30,4788,4789.6,4778.6,4778.6,5430
2026-09-01T09:45:00+05:30,4777.5,4779,4771.6,4775,4724
2026-09-01T09:50:00+05:30,4775,4778.2,4771.6,4775.7,3503
2026-09-01T09:55:00+05:30,4775.7,4777.9,4774,4775.4,2079
2026-09-01T10:00:00+05:30,4775.4,4778,4774,4775.1,1561
2026-09-01T10:05:00+05:30,4777.6,4784.4,4775,4779.8,3071
2026-09-01T10:10:00+05:30,4780.7,4789.3,4780,4785.6,3668
2026-09-01T10:15:00+05:30,4787,4794.7,4785,4792.3,3195
2026-09-01T10:20:00+05:30,4793.9,4793.9,4790,4790.8,955
2026-09-01T10:25:00+05:30,4790.8,4801,4790,4796.4,3026
2026-09-01T10:30:00+05:30,4798,4798.1,4791.6,4791.6,1668
2026-09-01T10:35:00+05:30,4791.9,4799,4791.2,4798.9,1553
2026-09-01T10:40:00+05:30,4796.8,4809.9,4796.5,4805.2,4666
2026-09-01T10:45:00+05:30,4805.6,4815,4805.1,4813.4,4090
2026-09-01T10:50:00+05:30,4813.4,4817.8,4810.2,4815.5,4122
2026-09-01T10:55:00+05:30,4814.5,4817.3,4810.9,4810.9,2017
2026-09-01T11:00:00+05:30,4812.9,4815,4810.9,4813.1,1948
2026-09-01T11:05:00+05:30,4814,4815,4811,4814,1506
2026-09-01T11:10:00+05:30,4814,4814.9,4811,4811.8,1670
2026-09-01T11:15:00+05:30,4813.3,4813.3,4810.1,4812.9,958
2026-09-01T11:20:00+05:30,4812.9,4813,4800,4802.6,2847
2026-09-01T11:25:00+05:30,4802.4,4812,4801.3,4810.1,1712
2026-09-01T11:30:00+05:30,4812,4814.9,4809.2,4810.2,2844
2026-09-01T11:35:00+05:30,4812.6,4813.2,4805,4806.7,1172
2026-09-01T11:40:00+05:30,4806.7,4808.5,4805,4806,672
2026-09-01T11:45:00+05:30,4806.7,4806.9,4801.8,4804,1968
2026-09-01T11:50:00+05:30,4803.9,4806,4801,4805.4,4260
2026-09-01T11:55:00+05:30,4805.8,4806,4803.7,4803.9,802
2026-09-01T12:00:00+05:30,4804.7,4805,4800.1,4804.1,1179
2026-09-01T12:05:00+05:30,4804.1,4805.9,4801.5,4803.3,1208
2026-09-01T12:10:00+05:30,4803.3,4805.7,4800,4802.1,1046
2026-09-01T12:15:00+05:30,4802.1,4803.9,4800,4803.9,1219
2026-09-01T12:20:00+05:30,4803.9,4804.4,4800.5,4801.2,839
2026-09-01T12:25:00+05:30,4801.2,4802.9,4800,4800,934
2026-09-01T12:30:00+05:30,4801.6,4815,4801.5,4810,4877
2026-09-01T12:35:00+05:30,4810,4812,4805.9,4808.8,700
2026-09-01T12:40:00+05:30,4808.8,4810,4802.7,4806,522
2026-09-01T12:45:00+05:30,4806.9,4807.9,4803.7,4805.6,665
2026-09-01T12:50:00+05:30,4805.5,4809.2,4803.7,4804.9,1098
2026-09-01T12:55:00+05:30,4807.3,4807.4,4804.1,4806.8,502
2026-09-01T13:00:00+05:30,4806.4,4806.4,4803,4805,1814
2026-09-01T13:05:00+05:30,4804,4807.1,4802.9,4805.7,1164
2026-09-01T13:10:00+05:30,4805.7,4805.7,4804,4804,5182
2026-09-01T13:15:00+05:30,4805.2,4807,4803.5,4806,5382
2026-09-01T13:20:00+05:30,4806,4807.1,4803.5,4805.1,2044
2026-09-01T13:25:00+05:30,4805.1,4805.9,4803.5,4805,878
2026-09-01T13:30:00+05:30,4805.8,4806.8,4802,4803.8,967
2026-09-01T13:35:00+05:30,4803.7,4803.9,4794.7,4799.7,5972
2026-09-01T13:40:00+05:30,4799.5,4801.6,4793,4794.9,2972
2026-09-01T13:45:00+05:30,4796.9,4800,4792.5,4800,2785
2026-09-01T13:50:00+05:30,4800,4800,4774.5,4778.1,17443
2026-09-01T13:55:00+05:30,4776.8,4790,4775,4785.6,15195
2026-09-01T14:00:00+05:30,4786.3,4786.3,4775,4781.5,25011
2026-09-01T14:05:00+05:30,4779.7,4783.1,4774.1,4780.3,37268
2026-09-01T14:10:00+05:30,4780.2,4788.8,4775.5,4786,41451
2026-09-01T14:15:00+05:30,4785.9,4793.7,4781.9,4792,10964
2026-09-01T14:20:00+05:30,4793,4799.3,4790,4797.3,14294
2026-09-01T14:25:00+05:30,4798.9,4804.7,4793,4800.7,11398
2026-09-01T14:30:00+05:30,4802,4804.8,4798.2,4803.1,2493
2026-09-01T14:35:00+05:30,4804.5,4805.7,4800,4800,6033
2026-09-01T14:40:00+05:30,4800,4802.3,4794.8,4798.3,7382
2026-09-01T14:45:00+05:30,4797.6,4803.9,4794.4,4803.1,16687
2026-09-01T14:50:00+05:30,4803.1,4814.1,4803.1,4808.6,24215
2026-09-01T14:55:00+05:30,4808.6,4809.6,4803.1,4805.3,12190
2026-09-01T15:00:00+05:30,4805.2,4809,4802.5,4805.1,21856
2026-09-01T15:05:00+05:30,4805.7,4807.8,4802.5,4804.6,29389
2026-09-01T15:10:00+05:30,4804.3,4804.3,4791.4,4796,27535
2026-09-02T09:15:00+05:30,4785,4785.2,4722,4730,24634
2026-09-02T09:20:00+05:30,4730,4731.4,4711.9,4718.3,18119
2026-09-02T09:25:00+05:30,4718.3,4737.9,4718.3,4725,10067
2026-09-02T09:30:00+05:30,4725.2,4731.1,4721,4725.1,10333
2026-09-02T09:35:00+05:30,4725.1,4730,4723,4726.1,5474
2026-09-02T09:40:00+05:30,4726.1,4730,4725,4729.3,3179
2026-09-02T09:45:00+05:30,4729.3,4729.3,4720.2,4727,3402
2026-09-02T09:50:00+05:30,4725,4728,4722,4725.4,3971
2026-09-02T09:55:00+05:30,4725,4731.4,4721.1,4730.3,6676
2026-09-02T10:00:00+05:30,4730.3,4731,4722,4729,6859
2026-09-02T10:05:00+05:30,4729.5,4730.3,4722.4,4722.4,2126
2026-09-02T10:10:00+05:30,4721.4,4721.4,4712,4717.3,9453
2026-09-02T10:15:00+05:30,4717.3,4720,4715.5,4716.6,6633
2026-09-02T10:20:00+05:30,4716.5,4726,4716,4723.5,4849
2026-09-02T10:25:00+05:30,4723.5,4724.6,4720.4,4720.6,3204
2026-09-02T10:30:00+05:30,4720.6,4743.5,4720.6,4738.8,8332
2026-09-02T10:35:00+05:30,4738.1,4738.1,4726.3,4730.7,5084
2026-09-02T10:40:00+05:30,4731.1,4735.5,4725.1,4726.9,7257
2026-09-02T10:45:00+05:30,4726.8,4735,4725,4734.6,3085
2026-09-02T10:50:00+05:30,4734.5,4734.6,4725.9,4728.5,3314
2026-09-02T10:55:00+05:30,4730,4732,4727.7,4730.8,2461
2026-09-02T11:00:00+05:30,4730.8,4731,4725.6,4727.3,3102
2026-09-02T11:05:00+05:30,4726.9,4728.1,4717.2,4717.8,5855
2026-09-02T11:10:00+05:30,4717.8,4721.1,4715.4,4716.4,4927
2026-09-02T11:15:00+05:30,4715.9,4716.6,4707.3,4714.2,12570
2026-09-02T11:20:00+05:30,4713.3,4717.1,4707,4716,6879
2026-09-02T11:25:00+05:30,4715.1,4717.9,4712.8,4717.9,2344
2026-09-02T11:30:00+05:30,4717.9,4718,4714,4717.9,3019
2026-09-02T11:35:00+05:30,4717.9,4725,4714.1,4724,4609
2026-09-02T11:40:00+05:30,4724,4724,4717.5,4721.2,2294
2026-09-02T11:45:00+05:30,4720.7,4723.8,4718,4719.3,3215
2026-09-02T11:50:00+05:30,4718,4723.9,4718,4721.7,5195
2026-09-02T11:55:00+05:30,4722.5,4724.4,4716.5,4717.6,2735
2026-09-02T12:00:00+05:30,4717.6,4720,4717,4718.4,3342
2026-09-02T12:05:00+05:30,4718,4719.8,4715.5,4716,2846
2026-09-02T12:10:00+05:30,4716,4718.3,4710.4,4718.3,3778
2026-09-02T12:15:00+05:30,4718.3,4723.8,4716.1,4722,3876
2026-09-02T12:20:00+05:30,4722,4727,4720,4726.2,3762
2026-09-02T12:25:00+05:30,4726.4,4733.3,4725,4730,5512
2026-09-02T12:30:00+05:30,4730.9,4737,4730,4734.7,5111
2026-09-02T12:35:00+05:30,4734.6,4736,4732.9,4736,3317
2026-09-02T12:40:00+05:30,4736,4743.8,4735.4,4735.6,8294
2026-09-02T12:45:00+05:30,4735.6,4739.5,4732.7,4738.3,7032
2026-09-02T12:50:00+05:30,4738.3,4742.7,4735.5,4741.2,5428
2026-09-02T12:55:00+05:30,4741.2,4744.5,4739.9,4743.6,6052
2026-09-02T13:00:00+05:30,4743.6,4744.1,4741.7,4742.6,3905
2026-09-02T13:05:00+05:30,4742.5,4743.9,4740,4741.6,3278
2026-09-02T13:10:00+05:30,4741.6,4747,4740.6,4745.2,4583
2026-09-02T13:15:00+05:30,4746.9,4748,4745.2,4747.1,3599
2026-09-02T13:20:00+05:30,4747.1,4749.8,4747,4749.5,3245
2026-09-02T13:25:00+05:30,4749,4749.9,4746.5,4749.3,6875
2026-09-02T13:30:00+05:30,4747.1,4748.5,4740.5,4745.6,12042
2026-09-02T13:35:00+05:30,4746,4749.9,4742.8,4747,3459
2026-09-02T13:40:00+05:30,4746,4749,4740,4740,1898
2026-09-02T13:45:00+05:30,4740,4742.2,4740,4740,14345
2026-09-02T13:50:00+05:30,4740,4740.8,4737,4738.4,28475
2026-09-02T13:55:00+05:30,4738.4,4749,4738.1,4747.2,2466
2026-09-02T14:00:00+05:30,4747.2,4752,4747.2,4750.2,3026
2026-09-02T14:05:00+05:30,4750.2,4753.1,4750,4752.7,3104
2026-09-02T14:10:00+05:30,4752.1,4753.5,4749.6,4750.2,4750
2026-09-02T14:15:00+05:30,4750,4751.1,4749,4751.1,3118
2026-09-02T14:20:00+05:30,4751,4753.8,4750.1,4753.5,3707
2026-09-02T14:25:00+05:30,4753.3,4755.8,4751.3,4755.8,1978
2026-09-02T14:30:00+05:30,4755.8,4764,4755.2,4760.8,5964
2026-09-02T14:35:00+05:30,4760.8,4766,4760.2,4765.3,4888
2026-09-02T14:40:00+05:30,4765.3,4779,4762.1,4778.9,11375
2026-09-02T14:45:00+05:30,4777.7,4793.5,4772.1,4779.8,34188
2026-09-02T14:50:00+05:30,4779.8,4786.3,4774.8,4780,13376
2026-09-02T14:55:00+05:30,4780,4780,4768.4,4770,10424
2026-09-02T15:00:00+05:30,4770.2,4770.2,4762.1,4765,11712
2026-09-02T15:05:00+05:30,4768.5,4780.3,4765.1,4774.2,26140
2026-09-02T15:10:00+05:30,4774.6,4777.8,4770.5,4776.5,14807
2026-09-03T09:15:00+05:30,4793,4804,4776,4777.4,31408
2026-09-03T09:20:00+05:30,4777,4779.4,4765,4770.8,12383
2026-09-03T09:25:00+05:30,4769.3,4772.3,4761.4,4763,6289
2026-09-03T09:30:00+05:30,4764,4777.2,4763.3,4775.7,8343
2026-09-03T09:35:00+05:30,4775.7,4777.4,4771,4772.3,3484
2026-09-03T09:40:00+05:30,4772.6,4772.7,4766.5,4767.9,2888
2026-09-03T09:45:00+05:30,4766.3,4773.6,4765.2,4770,3593
2026-09-03T09:50:00+05:30,4770,4770.6,4767.1,4767.9,3087
2026-09-03T09:55:00+05:30,4769.1,4772,4765,4767,3721
2026-09-03T10:00:00+05:30,4767,4767,4761,4761.9,5055
2026-09-03T10:05:00+05:30,4761.9,4761.9,4757.8,4760.5,4828
2026-09-03T10:10:00+05:30,4760.5,4769.4,4759.5,4768.1,1597
2026-09-03T10:15:00+05:30,4768.1,4769.5,4760.4,4768.8,1618
2026-09-03T10:20:00+05:30,4768.8,4775,4766.3,4766.8,4382
2026-09-03T10:25:00+05:30,4766.8,4769,4765.4,4767.1,968
2026-09-03T10:30:00+05:30,4767.1,4768.7,4763,4763,909
2026-09-03T10:35:00+05:30,4763,4763.1,4760,4762.3,1990
2026-09-03T10:40:00+05:30,4762.3,4771.8,4759.1,4768.7,7626
2026-09-03T10:45:00+05:30,4768.7,4773,4768,4770.1,5723
2026-09-03T10:50:00+05:30,4771,4774,4769.8,4773.8,5865
2026-09-03T10:55:00+05:30,4773.8,4783,4770.4,4780.2,5758
2026-09-03T11:00:00+05:30,4780.2,4786,4777.1,4781.5,9025
2026-09-03T11:05:00+05:30,4781,4786,4779.5,4780,4575
2026-09-03T11:10:00+05:30,4779.8,4782.9,4778.7,4780,5212
2026-09-03T11:15:00+05:30,4779.9,4783,4779.8,4782.7,2184
2026-09-03T11:20:00+05:30,4782.7,4784.7,4779.3,4782,5940
2026-09-03T11:25:00+05:30,4782,4784.9,4781,4783,4308
2026-09-03T11:30:00+05:30,4783,4785,4780.8,4784,4900
2026-09-03T11:35:00+05:30,4784,4789,4783,4787.7,4220
2026-09-03T11:40:00+05:30,4787.9,4807.6,4781,4804,17362
2026-09-03T11:45:00+05:30,4804,4810,4798,4808.9,12685
2026-09-03T11:50:00+05:30,4808.9,4809.8,4795.8,4800,14906
2026-09-03T11:55:00+05:30,4797.1,4797.1,4789.2,4795,6697
2026-09-03T12:00:00+05:30,4795,4795,4781.5,4787.6,3191
2026-09-03T12:05:00+05:30,4787.6,4790.9,4775,4790.9,6860
2026-09-03T12:10:00+05:30,4790.6,4792.1,4788,4789.4,1593
2026-09-03T12:15:00+05:30,4789.4,4791,4785,4786.2,1804
2026-09-03T12:20:00+05:30,4786.2,4786.2,4780,4781.6,11632
2026-09-03T12:25:00+05:30,4781.6,4782,4773,4775.1,3613
2026-09-03T12:30:00+05:30,4773.9,4776.3,4771.4,4772.8,2464
2026-09-03T12:35:00+05:30,4772.8,4775.1,4770,4774.9,1915
2026-09-03T12:40:00+05:30,4773.4,4779.9,4773.2,4777,1781
2026-09-03T12:45:00+05:30,4777,4779,4775.8,4776.4,1252
2026-09-03T12:50:00+05:30,4776.3,4778.9,4776.3,4778,632
2026-09-03T12:55:00+05:30,4778,4778,4771.3,4773.9,1324
2026-09-03T13:00:00+05:30,4775.7,4775.7,4770.2,4774,1353
2026-09-03T13:05:00+05:30,4774,4775.3,4771,4773,651
2026-09-03T13:10:00+05:30,4771.9,4774.3,4769.2,4769.2,2575
2026-09-03T13:15:00+05:30,4770.3,4775,4768,4775,1638
2026-09-03T13:20:00+05:30,4775,4776,4771.6,4774.4,2564
2026-09-03T13:25:00+05:30,4773,4774.4,4770,4773.1,2331
2026-09-03T13:30:00+05:30,4774.4,4785.9,4773.1,4782,2630
2026-09-03T13:35:00+05:30,4782,4786,4780.3,4782.4,1967
2026-09-03T13:40:00+05:30,4782.4,4783.3,4778.1,4779.4,1711
2026-09-03T13:45:00+05:30,4779.4,4781,4773,4775,1731
2026-09-03T13:50:00+05:30,4775,4780,4773,4780,1684
2026-09-03T13:55:00+05:30,4780,4789.4,4778.8,4787.9,2349
2026-09-03T14:00:00+05:30,4787.9,4788,4783.9,4785.7,695
2026-09-03T14:05:00+05:30,4785.7,4785.9,4781.2,4781.2,9968
2026-09-03T14:10:00+05:30,4782,4782,4777.2,4778.2,1271
2026-09-03T14:15:00+05:30,4778.2,4779.4,4774.2,4774.6,1339
2026-09-03T14:20:00+05:30,4776.3,4778.4,4774,4777,1711
2026-09-03T14:25:00+05:30,4777,4777,4772.1,4774,2123
2026-09-03T14:30:00+05:30,4772.6,4773.9,4770,4771.6,2418
2026-09-03T14:35:00+05:30,4771.6,4774,4766.1,4767.5,3666
2026-09-03T14:40:00+05:30,4767.5,4769.4,4764,4764.5,2770
2026-09-03T14:45:00+05:30,4764,4765.5,4750,4752.2,18370
2026-09-03T14:50:00+05:30,4752,4766.7,4752,4762.6,16295
2026-09-03T14:55:00+05:30,4763.4,4765.1,4758.1,4760.1,7196
2026-09-03T15:00:00+05:30,4761.2,4762,4755.9,4758,10693
2026-09-03T15:05:00+05:30,4757.4,4758,4752.2,4757.3,9689
2026-09-03T15:10:00+05:30,4758.1,4770,4755.1,4770,22818
2026-09-04T09:15:00+05:30,4831,4877.8,4817.4,4875.9,88626
2026-09-04T09:20:00+05:30,4876.4,4887,4856,4859,87818
2026-09-04T09:25:00+05:30,4859,4890,4853,4869,84311
2026-09-04T09:30:00+05:30,4867,4908.6,4861.6,4901,76212
2026-09-04T09:35:00+05:30,4900,4901.1,4883,4897,31960
2026-09-04T09:40:00+05:30,4896,4898.8,4887.7,4888.7,18468
2026-09-04T09:45:00+05:30,4888.7,4900,4888,4895.1,19113
2026-09-04T09:50:00+05:30,4895.1,4914,4892.6,4913,43184
2026-09-04T09:55:00+05:30,4913,4915,4903,4908.9,34229
2026-09-04T10:00:00+05:30,4908.9,4914.3,4890.3,4897.6,29519
2026-09-04T10:05:00+05:30,4899,4901.7,4892.3,4898.5,8579
2026-09-04T10:10:00+05:30,4899.9,4903.9,4894.2,4897.5,11268
2026-09-04T10:15:00+05:30,4897.5,4901.7,4896.1,4896.8,6847
2026-09-04T10:20:00+05:30,4898,4898,4891,4891,9191
2026-09-04T10:25:00+05:30,4891,4894,4888.9,4891.9,6176
2026-09-04T10:30:00+05:30,4891.9,4894,4889,4892.3,5699
2026-09-04T10:35:00+05:30,4892.3,4899,4890,4897.3,5868
2026-09-04T10:40:00+05:30,4897.9,4899,4893,4897,3478
2026-09-04T10:45:00+05:30,4895,4899,4892.2,4892.2,5420
2026-09-04T10:50:00+05:30,4892.2,4894.8,4890,4890.6,4427
2026-09-04T10:55:00+05:30,4892,4911.1,4890.7,4907.6,23026
2026-09-04T11:00:00+05:30,4908.6,4921.2,4908.1,4913,51682
2026-09-04T11:05:00+05:30,4913,4916.3,4897.1,4900,21982
2026-09-04T11:10:00+05:30,4902,4902.5,4892,4895,11802
2026-09-04T11:15:00+05:30,4895,4897,4873,4878.2,26862
2026-09-04T11:20:00+05:30,4878.2,4884.9,4875,4882,10566
2026-09-04T11:25:00+05:30,4881.7,4892,4881,4890.7,8622
2026-09-04T11:30:00+05:30,4890.7,4894,4886.5,4892.6,6713
2026-09-04T11:35:00+05:30,4892.4,4911,4890.7,4901,20471
2026-09-04T11:40:00+05:30,4901,4901.9,4894.8,4900.2,4368
2026-09-04T11:45:00+05:30,4900.2,4924.8,4896.1,4915,28121
2026-09-04T11:50:00+05:30,4915,4916,4905,4910.9,9554
2026-09-04T11:55:00+05:30,4910.9,4920,4910.1,4913,9501
2026-09-04T12:00:00+05:30,4913,4914.7,4905,4905,7013
2026-09-04T12:05:00+05:30,4905,4909.3,4904,4905.5,9495
2026-09-04T12:10:00+05:30,4905.5,4907.9,4903.9,4905,9362
2026-09-04T12:15:00+05:30,4905,4914,4902.7,4902.8,21103
2026-09-04T12:20:00+05:30,4905,4911,4890,4894.4,20301
2026-09-04T12:25:00+05:30,4895,4907.6,4890.3,4904.5,12941
2026-09-04T12:30:00+05:30,4905.6,4908,4900,4904.5,29182
2026-09-04T12:35:00+05:30,4903.2,4905.6,4897,4900,4599
2026-09-04T12:40:00+05:30,4900,4902,4896,4896.2,3416
2026-09-04T12:45:00+05:30,4896.2,4905,4892.8,4904.5,7415
2026-09-04T12:50:00+05:30,4903.9,4906,4900,4900.4,9171
2026-09-04T12:55:00+05:30,4901.1,4905.8,4895.7,4905,24995
2026-09-04T13:00:00+05:30,4904.6,4918,4902,4917,9681
2026-09-04T13:05:00+05:30,4916.9,4935,4915.3,4932.8,45934
2026-09-04T13:10:00+05:30,4932.7,4936,4920,4921.9,23279
2026-09-04T13:15:00+05:30,4921.2,4924,4916.2,4917.7,15850
2026-09-04T13:20:00+05:30,4917.7,4920.8,4916.1,4919.3,11938
2026-09-04T13:25:00+05:30,4919.3,4919.9,4916.5,4919.4,5240
2026-09-04T13:30:00+05:30,4919,4919.3,4911.9,4915,8810
2026-09-04T13:35:00+05:30,4915,4915.9,4910.9,4914.1,15823
2026-09-04T13:40:00+05:30,4912.8,4921.4,4911.1,4921.1,29507
2026-09-04T13:45:00+05:30,4919.7,4921.8,4918.8,4921,23474
2026-09-04T13:50:00+05:30,4921,4921,4911.2,4913.4,11359
2026-09-04T13:55:00+05:30,4913.4,4914,4908.1,4910.2,5170
2026-09-04T14:00:00+05:30,4909.8,4909.8,4906,4907,5655
2026-09-04T14:05:00+05:30,4906,4911.7,4906,4908.1,6425
2026-09-04T14:10:00+05:30,4908.6,4910,4907,4908.1,3953
2026-09-04T14:15:00+05:30,4908.1,4909,4901,4901.8,5487
2026-09-04T14:20:00+05:30,4901.8,4908.4,4898.2,4906.2,8420
2026-09-04T14:25:00+05:30,4907.1,4907.6,4904,4905.9,3868
2026-09-04T14:30:00+05:30,4905.9,4906.9,4902.1,4904.5,4308
2026-09-04T14:35:00+05:30,4904,4906,4902,4903.7,4009
2026-09-04T14:40:00+05:30,4905.6,4907.4,4903.8,4905.4,7180
2026-09-04T14:45:00+05:30,4904.2,4906.8,4901.4,4905,11518
2026-09-04T14:50:00+05:30,4904,4906.4,4902.5,4905.6,8855
2026-09-04T14:55:00+05:30,4906,4907,4898,4898.3,20270
2026-09-04T15:00:00+05:30,4898.3,4898.3,4891.6,4895,22346
2026-09-04T15:05:00+05:30,4895,4895,4884.1,4888.2,29989
2026-09-04T15:10:00+05:30,4888.2,4888.2,4879,4884,40468
2026-09-07T09:15:00+05:30,4884.8,4906.1,4851,4856.3,44176
2026-09-07T09:20:00+05:30,4857.6,4868.9,4856,4866.6,13123
2026-09-07T09:25:00+05:30,4866.6,4876.6,4866,4866,13778
2026-09-07T09:30:00+05:30,4866,4872,4862,4863.5,6898
2026-09-07T09:35:00+05:30,4864.3,4875.5,4864.3,4872,5812
2026-09-07T09:40:00+05:30,4872,4874.9,4866.7,4867.5,4338
2026-09-07T09:45:00+05:30,4869.8,4896.8,4869,4895,18835
2026-09-07T09:50:00+05:30,4895,4896.7,4888.6,4891.9,7771
2026-09-07T09:55:00+05:30,4892,4902.7,4890.9,4902,14375
2026-09-07T10:00:00+05:30,4902,4909.9,4901,4902.5,15814
2026-09-07T10:05:00+05:30,4902.5,4903,4893,4895.6,6664
2026-09-07T10:10:00+05:30,4897.7,4899,4888.8,4892.3,6913
2026-09-07T10:15:00+05:30,4892.3,4894,4885.1,4887,7012
2026-09-07T10:20:00+05:30,4887,4893.6,4885,4891.3,6106
2026-09-07T10:25:00+05:30,4891.3,4892.6,4885,4889.4,5243
2026-09-07T10:30:00+05:30,4889.4,4891,4885.1,4886.8,2500
2026-09-07T10:35:00+05:30,4885.1,4888.2,4882,4887.7,3987
2026-09-07T10:40:00+05:30,4887.7,4888.9,4885,4887,3569
2026-09-07T10:45:00+05:30,4888.7,4889.5,4885,4888.6,2361
2026-09-07T10:50:00+05:30,4888.9,4889.9,4882,4882,3756
2026-09-07T10:55:00+05:30,4882.5,4883.9,4878.1,4878.1,5339
2026-09-07T11:00:00+05:30,4878.6,4881.6,4876.1,4876.6,4649
2026-09-07T11:05:00+05:30,4876.6,4877.9,4871.7,4873.8,4059
2026-09-07T11:10:00+05:30,4873.7,4875,4871.6,4872.5,2992
2026-09-07T11:15:00+05:30,4873.8,4875,4870.1,4871.9,2656
2026-09-07T11:20:00+05:30,4871.9,4875,4866,4869.3,8496
2026-09-07T11:25:00+05:30,4869.3,4870.7,4865.2,4868.5,2994
2026-09-07T11:30:00+05:30,4868.5,4873.2,4864,4870.1,6064
2026-09-07T11:35:00+05:30,4870.1,4870.6,4863.8,4867.4,5535
2026-09-07T11:40:00+05:30,4867.4,4867.4,4861.6,4866.4,6084
2026-09-07T11:45:00+05:30,4865.6,4868,4864,4865.4,1904
2026-09-07T11:50:00+05:30,4864.2,4865,4861,4864.2,4132
2026-09-07T11:55:00+05:30,4864.2,4868.8,4861.9,4862.3,5397
2026-09-07T12:00:00+05:30,4862.3,4863.2,4860.4,4862.4,2136
2026-09-07T12:05:00+05:30,4862.4,4869.5,4860.4,4867.9,3308
2026-09-07T12:10:00+05:30,4867.9,4871.3,4866,4871.3,4793
2026-09-07T12:15:00+05:30,4871.3,4890.4,4871.3,4881.3,18368
2026-09-07T12:20:00+05:30,4881.3,4881.6,4876.8,4881.5,2770
2026-09-07T12:25:00+05:30,4881.5,4885,4879.5,4881.8,4616
2026-09-07T12:30:00+05:30,4881.8,4883.1,4880,4882.3,2925
2026-09-07T12:35:00+05:30,4882.3,4883.5,4880,4881,2052
2026-09-07T12:40:00+05:30,4880,4881.6,4879,4880.5,3685
2026-09-07T12:45:00+05:30,4880.5,4881.6,4879,4880,3776
2026-09-07T12:50:00+05:30,4881.6,4883,4875,4881.8,16589
2026-09-07T12:55:00+05:30,4881.3,4881.8,4862.7,4864.9,21070
2026-09-07T13:00:00+05:30,4864.9,4869.9,4863.3,4868.5,5063
2026-09-07T13:05:00+05:30,4868.5,4869.9,4863,4866,17628
2026-09-07T13:10:00+05:30,4866,4873.3,4864.5,4865,7770
2026-09-07T13:15:00+05:30,4865,4872,4863.8,4867.2,3622
2026-09-07T13:20:00+05:30,4868.8,4876.9,4867.5,4876.5,5505
2026-09-07T13:25:00+05:30,4876.5,4883,4872.3,4873.3,11089
2026-09-07T13:30:00+05:30,4873,4874.9,4868.1,4874.9,4775
2026-09-07T13:35:00+05:30,4874.8,4877,4867.6,4872.4,7671
2026-09-07T13:40:00+05:30,4872.6,4876.8,4868.8,4875.1,6854
2026-09-07T13:45:00+05:30,4875.1,4875.7,4871,4873.5,2166
2026-09-07T13:50:00+05:30,4873.5,4873.5,4866.6,4870.5,5565
2026-09-07T13:55:00+05:30,4870.7,4871,4867.1,4868.6,4011
2026-09-07T14:00:00+05:30,4868.6,4869.4,4866.5,4868.3,2855
2026-09-07T14:05:00+05:30,4867.4,4868,4861.2,4862.6,5209
2026-09-07T14:10:00+05:30,4862.6,4863,4861.2,4863,2098
2026-09-07T14:15:00+05:30,4863,4864.9,4860.2,4863,6906
2026-09-07T14:20:00+05:30,4863.2,4863.9,4860,4860.5,3183
2026-09-07T14:25:00+05:30,4860.5,4865.1,4859.5,4863.8,4920
2026-09-07T14:30:00+05:30,4863.8,4867.9,4863,4866.3,4048
2026-09-07T14:35:00+05:30,4866,4869,4863.1,4865,6740
2026-09-07T14:40:00+05:30,4865.2,4869,4862,4867.8,7634
2026-09-07T14:45:00+05:30,4867.8,4868.8,4865.8,4867.9,6810
2026-09-07T14:50:00+05:30,4864,4867.6,4863,4864.9,20572
2026-09-07T14:55:00+05:30,4867.2,4872,4865,4868.4,18130
2026-09-07T15:00:00+05:30,4868.8,4868.8,4855,4855.1,26469
2026-09-07T15:05:00+05:30,4855.3,4855.5,4847.1,4853.8,22920
2026-09-07T15:10:00+05:30,4852.9,4853.7,4835.4,4852,26231
2026-09-08T09:15:00+05:30,4904.1,4957,4903.7,4947.3,156654
2026-09-08T09:20:00+05:30,4947.1,4979,4944.1,4973,110148
2026-09-08T09:25:00+05:30,4973.9,4978,4960.2,4975.8,94930
2026-09-08T09:30:00+05:30,4976.4,4997,4973,4988.9,131264
2026-09-08T09:35:00+05:30,4988.9,5009.4,4981.6,5002,103549
2026-09-08T09:40:00+05:30,5002,5008.1,4996,5003.5,50695
2026-09-08T09:45:00+05:30,5003.3,5016,5002.7,5011.7,74144
2026-09-08T09:50:00+05:30,5011.7,5016,5006,5008.1,32395
2026-09-08T09:55:00+05:30,5008.1,5039.9,5008.1,5035.7,118299
2026-09-08T10:00:00+05:30,5036.4,5049.5,5031,5032.9,92693
2026-09-08T10:05:00+05:30,5031.2,5035,5021.3,5022.8,77739
2026-09-08T10:10:00+05:30,5022.8,5027.1,5021.1,5024.6,23857
2026-09-08T10:15:00+05:30,5026,5049,5024.3,5040,51550
2026-09-08T10:20:00+05:30,5039.9,5046.9,5032.1,5042.2,31538
2026-09-08T10:25:00+05:30,5042.2,5047.8,5036.7,5043,21331
2026-09-08T10:30:00+05:30,5043,5044.7,5035.9,5040,26675
2026-09-08T10:35:00+05:30,5040,5045.4,5036.3,5044,27973
2026-09-08T10:40:00+05:30,5044,5045.9,5038,5043.6,14489
2026-09-08T10:45:00+05:30,5041.6,5043,5032.1,5038.5,26374
2026-09-08T10:50:00+05:30,5038.5,5043.5,5038.5,5040,14064
2026-09-08T10:55:00+05:30,5040,5059,5037,5058.2,85690
2026-09-08T11:00:00+05:30,5058.8,5062,5030.2,5039.5,52404
2026-09-08T11:05:00+05:30,5039.5,5046.3,5033,5044.4,14616
2026-09-08T11:10:00+05:30,5044.4,5047,5041.6,5046.1,9226
2026-09-08T11:15:00+05:30,5046.1,5048.6,5043.7,5044.3,10390
2026-09-08T11:20:00+05:30,5044.3,5046.5,5041.3,5045,10479
2026-09-08T11:25:00+05:30,5045,5047,5042,5042.2,4881
2026-09-08T11:30:00+05:30,5042.2,5046.9,5042,5045.7,9422
2026-09-08T11:35:00+05:30,5045.7,5072,5043.9,5067,63426
2026-09-08T11:40:00+05:30,5066.8,5070,5060,5064,27379
2026-09-08T11:45:00+05:30,5063.2,5064,5055.5,5058.8,16022
2026-09-08T11:50:00+05:30,5058.8,5059.2,5052,5054,10682
2026-09-08T11:55:00+05:30,5054,5058,5048.4,5056.4,13383
2026-09-08T12:00:00+05:30,5056.4,5064,5054,5062.3,15132
2026-09-08T12:05:00+05:30,5062.3,5063,5054,5054,55533
2026-09-08T12:10:00+05:30,5054.7,5070,5049.7,5050,73480
2026-09-08T12:15:00+05:30,5050,5052.8,5036,5038.6,41012
2026-09-08T12:20:00+05:30,5038.6,5041.5,5036.1,5038,14323
2026-09-08T12:25:00+05:30,5038,5041,5021.4,5022,44566
2026-09-08T12:30:00+05:30,5022,5042,5020.5,5036.1,26466
2026-09-08T12:35:00+05:30,5036.1,5040,5034,5039,5000
2026-09-08T12:40:00+05:30,5039,5044,5038,5041.9,6270
2026-09-08T12:45:00+05:30,5041.4,5048,5036.1,5046.3,45717
2026-09-08T12:50:00+05:30,5046.3,5048,5043.9,5047.3,8721
2026-09-08T12:55:00+05:30,5047,5054,5047,5054,7914
2026-09-08T13:00:00+05:30,5054,5054,5048,5049.5,9121
2026-09-08T13:05:00+05:30,5049.5,5052,5041,5042,9731
2026-09-08T13:10:00+05:30,5042,5046.8,5040,5042.8,9803
2026-09-08T13:15:00+05:30,5042.8,5046,5042,5043.8,3999
2026-09-08T13:20:00+05:30,5044.4,5045.1,5041.4,5043,3316
2026-09-08T13:25:00+05:30,5043,5043,5040,5040.5,5468
2026-09-08T13:30:00+05:30,5040.8,5045,5039.5,5045,8298
2026-09-08T13:35:00+05:30,5044.3,5049.9,5044.1,5045.6,8285
2026-09-08T13:40:00+05:30,5045.6,5053,5045.1,5051.8,12621
2026-09-08T13:45:00+05:30,5051.8,5053,5049,5051.9,7238
2026-09-08T13:50:00+05:30,5051.9,5054,5049,5051.6,8980
2026-09-08T13:55:00+05:30,5051.6,5052,5045.5,5049.9,15343
2026-09-08T14:00:00+05:30,5049.9,5051.4,5045.6,5049.5,12940
2026-09-08T14:05:00+05:30,5050,5052,5048.2,5050.9,6428
2026-09-08T14:10:00+05:30,5051,5054.6,5050.4,5052.2,10547
2026-09-08T14:15:00+05:30,5052.2,5052.2,5047.3,5049,11591
2026-09-08T14:20:00+05:30,5047.6,5058.8,5047.2,5056.7,15217
2026-09-08T14:25:00+05:30,5057.2,5063,5056.7,5063,23550
2026-09-08T14:30:00+05:30,5063,5067.9,5060.1,5060.1,19663
2026-09-08T14:35:00+05:30,5060.1,5064,5051,5051,22070
2026-09-08T14:40:00+05:30,5051,5051.1,5042,5043,34680
2026-09-08T14:45:00+05:30,5043,5044.9,5040,5040,24595
2026-09-08T14:50:00+05:30,5040.2,5045,5039.7,5042.4,59939
2026-09-08T14:55:00+05:30,5042.4,5044,5030,5031,47629
2026-09-08T15:00:00+05:30,5031,5039.4,5028.4,5039.1,39115
2026-09-08T15:05:00+05:30,5038.9,5040,5035.3,5039,59683
2026-09-08T15:10:00+05:30,5039,5044,5030.4,5039,68162
2026-09-09T09:15:00+05:30,5031.1,5087,5031,5047.2,118370
2026-09-09T09:20:00+05:30,5047.2,5050,5037,5046.2,32002
2026-09-09T09:25:00+05:30,5046.2,5065,5041.2,5058.5,51059
2026-09-09T09:30:00+05:30,5058.3,5066.8,5051,5053.9,39752
2026-09-09T09:35:00+05:30,5052.1,5053.9,5042.1,5046.6,31723
2026-09-09T09:40:00+05:30,5047.6,5050,5042.3,5046,14321
2026-09-09T09:45:00+05:30,5046,5046.9,5022.4,5030,55143
2026-09-09T09:50:00+05:30,5030,5040.5,5027.2,5040.5,63323
2026-09-09T09:55:00+05:30,5038.4,5040.6,5026.5,5029.2,28596
2026-09-09T10:00:00+05:30,5029.2,5030.4,5015.1,5026.6,43013
2026-09-09T10:05:00+05:30,5026.3,5039.1,5026.2,5033,14926
2026-09-09T10:10:00+05:30,5033,5033.1,5021.1,5025.2,25426
2026-09-09T10:15:00+05:30,5025.2,5030,5022.3,5023,16947
2026-09-09T10:20:00+05:30,5023,5025.4,5018.3,5024,21329
2026-09-09T10:25:00+05:30,5024,5025,5016.9,5022.9,16995
2026-09-09T10:30:00+05:30,5022.9,5025.7,5009.9,5020,40038
2026-09-09T10:35:00+05:30,5020,5023.9,5019.1,5023.1,20739
2026-09-09T10:40:00+05:30,5023.1,5023.8,5016.8,5018.5,11368
2026-09-09T10:45:00+05:30,5018.5,5035.9,5016.9,5030.5,17759
2026-09-09T10:50:00+05:30,5030.5,5036,5023,5035.9,14136
2026-09-09T10:55:00+05:30,5034.1,5043.5,5028,5040.3,64939
2026-09-09T11:00:00+05:30,5042,5056,5035.4,5054.8,27080
2026-09-09T11:05:00+05:30,5054.8,5064.8,5048.3,5064,20730
2026-09-09T11:10:00+05:30,5064,5077.8,5054.4,5075.8,54541
2026-09-09T11:15:00+05:30,5075.8,5077.5,5063,5071,56820
2026-09-09T11:20:00+05:30,5071,5072.8,5063,5065.5,15887
2026-09-09T11:25:00+05:30,5065,5068.6,5057.2,5067,24769
2026-09-09T11:30:00+05:30,5067.8,5067.8,5061,5064.9,9085
2026-09-09T11:35:00+05:30,5064,5078.8,5060.2,5076.8,22416
2026-09-09T11:40:00+05:30,5077.1,5097.4,5075.7,5085,78154
2026-09-09T11:45:00+05:30,5085,5090.6,5082.9,5083.8,18072
2026-09-09T11:50:00+05:30,5083.5,5086,5077.9,5082.5,18387
2026-09-09T11:55:00+05:30,5082.5,5082.9,5065,5066.3,21043
2026-09-09T12:00:00+05:30,5065,5067.7,5049,5050.1,52777
2026-09-09T12:05:00+05:30,5050,5052.5,5030.1,5042,34042
2026-09-09T12:10:00+05:30,5041,5050,5040,5050,21794
2026-09-09T12:15:00+05:30,5049.7,5052.3,5044.8,5045.6,45046
2026-09-09T12:20:00+05:30,5045.6,5047.7,5042.9,5044,6717
2026-09-09T12:25:00+05:30,5045.5,5049,5044,5047.1,4480
2026-09-09T12:30:00+05:30,5047.1,5057.9,5044,5057,14690
2026-09-09T12:35:00+05:30,5057,5058.4,5041.9,5043.5,35878
2026-09-09T12:40:00+05:30,5043.5,5048.9,5041,5045.5,8087
2026-09-09T12:45:00+05:30,5045.5,5048,5043,5047.3,5789
2026-09-09T12:50:00+05:30,5047.3,5048,5042.7,5045.4,2900
2026-09-09T12:55:00+05:30,5045.4,5048,5042.6,5047,4022
2026-09-09T13:00:00+05:30,5047,5051.5,5044.1,5051.5,4619
2026-09-09T13:05:00+05:30,5051.5,5054.8,5048.5,5052.3,9222
2026-09-09T13:10:00+05:30,5052.6,5053.5,5048.1,5050,3192
2026-09-09T13:15:00+05:30,5050,5050.9,5045,5047.2,10954
2026-09-09T13:20:00+05:30,5045,5051,5042.6,5048.4,19132
2026-09-09T13:25:00+05:30,5048.4,5050,5046.4,5047.4,5038
2026-09-09T13:30:00+05:30,5047.4,5049,5044,5044,5348
2026-09-09T13:35:00+05:30,5044,5046,5042,5045,9083
2026-09-09T13:40:00+05:30,5045,5046.5,5042.4,5046.5,18371
2026-09-09T13:45:00+05:30,5046.5,5048,5043.8,5045.6,2612
2026-09-09T13:50:00+05:30,5045.6,5048.5,5032.1,5034.9,7021
2026-09-09T13:55:00+05:30,5034.9,5038.5,5032.1,5037.7,2339
2026-09-09T14:00:00+05:30,5039.8,5042,5034,5035,3981
2026-09-09T14:05:00+05:30,5035,5038.3,5033.8,5036.9,2189
2026-09-09T14:10:00+05:30,5035.8,5040,5031.6,5039.7,6039
2026-09-09T14:15:00+05:30,5039.7,5040,5037.9,5040,2290
2026-09-09T14:20:00+05:30,5038.8,5041,5035.5,5035.8,9445
2026-09-09T14:25:00+05:30,5036.3,5040,5035.9,5040,6783
2026-09-09T14:30:00+05:30,5040,5045,5037.3,5038.4,14074
2026-09-09T14:35:00+05:30,5038.7,5040,5034.1,5035.7,8680
2026-09-09T14:40:00+05:30,5035.4,5039,5032.3,5037.9,11282
2026-09-09T14:45:00+05:30,5037.9,5039,5031.1,5037,7596
2026-09-09T14:50:00+05:30,5037,5040,5035.4,5038.3,14280
2026-09-09T14:55:00+05:30,5038.3,5040,5033.9,5039,8459
2026-09-09T15:00:00+05:30,5038.1,5042,5034,5034,21789
2026-09-09T15:05:00+05:30,5033,5037.4,5030,5031,31946
2026-09-09T15:10:00+05:30,5030.1,5031,5002.9,5014,39980
2026-09-10T09:15:00+05:30,5015,5038,5001.1,5034.7,34843
2026-09-10T09:20:00+05:30,5034.7,5052.4,5011.3,5015.1,46909
2026-09-10T09:25:00+05:30,5015.1,5015.1,4975.1,4975.1,45696
2026-09-10T09:30:00+05:30,4977.5,4982.3,4962.6,4969,31894
2026-09-10T09:35:00+05:30,4969,4970,4955,4960,17715
2026-09-10T09:40:00+05:30,4959,4967.6,4938,4950.5,19821
2026-09-10T09:45:00+05:30,4950.9,4955,4947.7,4951.6,8635
2026-09-10T09:50:00+05:30,4952.3,4956,4945.7,4948.7,6253
2026-09-10T09:55:00+05:30,4949.5,4960.3,4946.7,4960.3,25616
2026-09-10T10:00:00+05:30,4962.5,4964,4952.5,4958.1,14318
2026-09-10T10:05:00+05:30,4958.1,4962.8,4942.9,4951.8,13811
2026-09-10T10:10:00+05:30,4950.2,4953,4946.1,4951.8,4207
2026-09-10T10:15:00+05:30,4951.8,4972.6,4949.9,4972.3,7476
2026-09-10T10:20:00+05:30,4972.3,4976.9,4962.5,4974.9,9558
2026-09-10T10:25:00+05:30,4974.9,4976.7,4968,4973.2,4260
2026-09-10T10:30:00+05:30,4973.2,4978,4967.3,4971.1,5208
2026-09-10T10:35:00+05:30,4971.1,4973,4965.9,4972.7,4089
2026-09-10T10:40:00+05:30,4972.7,4979.2,4972,4978.1,4013
2026-09-10T10:45:00+05:30,4978.1,4984.2,4975,4976.1,8547
2026-09-10T10:50:00+05:30,4977,4977,4970,4970.2,2931
2026-09-10T10:55:00+05:30,4970.3,4977.9,4968.4,4971.5,3170
2026-09-10T11:00:00+05:30,4971.5,4989,4966.7,4984.2,13609
2026-09-10T11:05:00+05:30,4986,4989.5,4979.6,4982.7,9142
2026-09-10T11:10:00+05:30,4982.7,4988,4980,4985.5,4545
2026-09-10T11:15:00+05:30,4985.5,4988,4984,4987,4346
2026-09-10T11:20:00+05:30,4987,4988,4982.5,4986,6358
2026-09-10T11:25:00+05:30,4986.4,4987.8,4976.4,4978.5,5733
2026-09-10T11:30:00+05:30,4978.5,4978.5,4969,4969,4373
2026-09-10T11:35:00+05:30,4970.6,4977,4968.7,4973,3416
2026-09-10T11:40:00+05:30,4973,4976,4970,4973.7,2435
2026-09-10T11:45:00+05:30,4973.9,4976.5,4970,4971.7,3036
2026-09-10T11:50:00+05:30,4971.7,4973.8,4966.5,4971,4264
2026-09-10T11:55:00+05:30,4971,4972.2,4968.4,4970.9,3393
2026-09-10T12:00:00+05:30,4971.9,4973.7,4968.5,4971,3302
2026-09-10T12:05:00+05:30,4971,4973.7,4967,4968.3,4000
2026-09-10T12:10:00+05:30,4970,4977,4966.2,4972.1,4889
2026-09-10T12:15:00+05:30,4972.1,4979.3,4972.1,4977,1929
2026-09-10T12:20:00+05:30,4977,4979.9,4972.9,4976,3720
2026-09-10T12:25:00+05:30,4976,4986,4973,4983.3,7659
2026-09-10T12:30:00+05:30,4983.3,4983.3,4972.6,4981.6,14018
2026-09-10T12:35:00+05:30,4981.6,4982,4971.7,4973.5,8134
2026-09-10T12:40:00+05:30,4973.5,4975.2,4970,4975.2,3163
2026-09-10T12:45:00+05:30,4975.2,4978.5,4974,4975.3,2389
2026-09-10T12:50:00+05:30,4975.3,4977.2,4975,4975,2561
2026-09-10T12:55:00+05:30,4975,4976,4969.9,4969.9,5041
2026-09-10T13:00:00+05:30,4969.9,4970,4960.2,4960.2,3848
2026-09-10T13:05:00+05:30,4960.2,4960.6,4955.1,4957.1,7613
2026-09-10T13:10:00+05:30,4957.1,4961.2,4955.2,4958.9,3971
2026-09-10T13:15:00+05:30,4958.9,4961.8,4957.2,4957.2,3569
2026-09-10T13:20:00+05:30,4957.3,4960.9,4957,4960.3,2544
2026-09-10T13:25:00+05:30,4960.3,4961.9,4959,4959,2952
2026-09-10T13:30:00+05:30,4959,4961.9,4955.2,4958,4696
2026-09-10T13:35:00+05:30,4957.8,4960.4,4956.8,4959.1,2489
2026-09-10T13:40:00+05:30,4959.1,4963,4957,4959.1,4110
2026-09-10T13:45:00+05:30,4959.1,4959.1,4954.3,4954.3,8857
2026-09-10T13:50:00+05:30,4954.3,4957.1,4951.9,4955,4620
2026-09-10T13:55:00+05:30,4955,4957,4951.9,4952.6,9294
2026-09-10T14:00:00+05:30,4952.7,4956,4951,4951,4516
2026-09-10T14:05:00+05:30,4951,4954.8,4948.3,4949,6497
2026-09-10T14:10:00+05:30,4949,4949.5,4941.2,4946.8,7997
2026-09-10T14:15:00+05:30,4946.8,4946.8,4940.1,4940.7,4195
2026-09-10T14:20:00+05:30,4940.7,4949.1,4940.7,4945.8,4614
2026-09-10T14:25:00+05:30,4945.8,4947,4941.7,4944,3975
2026-09-10T14:30:00+05:30,4944,4949.4,4941.7,4949.4,7268
2026-09-10T14:35:00+05:30,4947.6,4948.6,4942.7,4945.1,4619
2026-09-10T14:40:00+05:30,4945.1,4948.6,4944.1,4948.5,3772
2026-09-10T14:45:00+05:30,4948.5,4955,4948.5,4953.7,6229
2026-09-10T14:50:00+05:30,4953.7,4957.8,4950,4951.4,16910
2026-09-10T14:55:00+05:30,4951.4,4951.4,4942.2,4942.2,7577
2026-09-10T15:00:00+05:30,4940.5,4940.5,4927,4932,29971
2026-09-10T15:05:00+05:30,4932,4935,4930,4933.9,24297
2026-09-10T15:10:00+05:30,4934,4935,4914.6,4921.9,31955
2026-09-11T09:15:00+05:30,4930,4930,4901,4916.7,20988
2026-09-11T09:20:00+05:30,4914.9,4914.9,4903,4912,11181
2026-09-11T09:25:00+05:30,4911.1,4914.8,4880,4883,31603
2026-09-11T09:30:00+05:30,4883,4902.1,4875,4898.4,31457
2026-09-11T09:35:00+05:30,4898.4,4910.4,4894,4895,26331
2026-09-11T09:40:00+05:30,4895,4898,4887.5,4893,5767
2026-09-11T09:45:00+05:30,4893,4899.7,4890.1,4897.7,14612
2026-09-11T09:50:00+05:30,4897.7,4907.9,4888,4888,26140
2026-09-11T09:55:00+05:30,4887,4897.8,4885.3,4896.4,4774
2026-09-11T10:00:00+05:30,4896.4,4903.4,4894.3,4901.6,3753
2026-09-11T10:05:00+05:30,4901.6,4901.6,4897.2,4900,3822
2026-09-11T10:10:00+05:30,4900,4904.5,4897.9,4900,23090
2026-09-11T10:15:00+05:30,4900,4906.8,4899,4900,48357
2026-09-11T10:20:00+05:30,4900,4904.9,4897,4897,17370
2026-09-11T10:25:00+05:30,4897,4897,4890,4891.9,4655
2026-09-11T10:30:00+05:30,4893.9,4895.5,4891.7,4891.9,1230
2026-09-11T10:35:00+05:30,4891.9,4900,4891.9,4899.9,2510
2026-09-11T10:40:00+05:30,4899.8,4903,4898.1,4901.8,1607
2026-09-11T10:45:00+05:30,4901.8,4909.3,4901.8,4904.9,4640
2026-09-11T10:50:00+05:30,4905,4905.3,4897.4,4899.3,3694
2026-09-11T10:55:00+05:30,4897,4900.8,4892,4893,2280
2026-09-11T11:00:00+05:30,4892,4897,4892,4894.7,1335
2026-09-11T11:05:00+05:30,4894.7,4902,4893.2,4900,1824
2026-09-11T11:10:00+05:30,4900,4909.4,4899.8,4903.1,21735
2026-09-11T11:15:00+05:30,4903,4914.9,4903,4913.5,36041
2026-09-11T11:20:00+05:30,4913.5,4914.5,4904,4905,7166
2026-09-11T11:25:00+05:30,4905,4905.3,4901,4902.6,1496
2026-09-11T11:30:00+05:30,4901,4903,4897.3,4899.9,4149
2026-09-11T11:35:00+05:30,4900.5,4906.1,4898.1,4900,3470
2026-09-11T11:40:00+05:30,4900,4901.9,4898.4,4900,3447
2026-09-11T11:45:00+05:30,4900,4902.1,4895.4,4895.7,4872
2026-09-11T11:50:00+05:30,4895.7,4900,4895.7,4898.5,4599
2026-09-11T11:55:00+05:30,4898.5,4903.4,4898.4,4900,3427
2026-09-11T12:00:00+05:30,4900,4910,4900,4903.3,28121
2026-09-11T12:05:00+05:30,4903.3,4906.1,4900,4900.6,4154
2026-09-11T12:10:00+05:30,4900.6,4901.6,4896,4896.5,1369
2026-09-11T12:15:00+05:30,4896.5,4899,4894.8,4895,5187
2026-09-11T12:20:00+05:30,4895,4900,4894.8,4899,4625
2026-09-11T12:25:00+05:30,4899,4903.3,4896,4899,14483
2026-09-11T12:30:00+05:30,4899,4901.7,4897.3,4899.9,9821
2026-09-11T12:35:00+05:30,4899.9,4900,4896.3,4897.7,3959
2026-09-11T12:40:00+05:30,4897.7,4901.6,4897.1,4898.8,12994
2026-09-11T12:45:00+05:30,4898.8,4899.6,4897,4899.3,1055
2026-09-11T12:50:00+05:30,4899.3,4901,4898.1,4900,2610
2026-09-11T12:55:00+05:30,4900,4901.8,4897.8,4899,12537
2026-09-11T13:00:00+05:30,4899,4899.8,4896.2,4899,2757
2026-09-11T13:05:00+05:30,4898.2,4898.4,4893.7,4895,3281
2026-09-11T13:10:00+05:30,4894.6,4908,4893.8,4907.8,52541
2026-09-11T13:15:00+05:30,4907.8,4927.5,4905.7,4921.1,16313
2026-09-11T13:20:00+05:30,4921.1,4921.1,4915,4920.5,3264
2026-09-11T13:25:00+05:30,4920.5,4920.7,4916,4919.7,1704
2026-09-11T13:30:00+05:30,4919.7,4919.7,4911.9,4913.9,2376
2026-09-11T13:35:00+05:30,4911.7,4914,4908.7,4908.7,1940
2026-09-11T13:40:00+05:30,4908.7,4910.4,4900.9,4906.3,4175
2026-09-11T13:45:00+05:30,4906.3,4908,4903,4906.5,1524
2026-09-11T13:50:00+05:30,4906.8,4920,4905.2,4911.7,3902
2026-09-11T13:55:00+05:30,4911.7,4919.5,4910.1,4916.7,1349
2026-09-11T14:00:00+05:30,4916.7,4922,4915,4920,3975
2026-09-11T14:05:00+05:30,4920,4921,4915,4916,1154
2026-09-11T14:10:00+05:30,4916,4922.7,4915,4921.5,3047
2026-09-11T14:15:00+05:30,4921.5,4927.5,4920,4927,4068
2026-09-11T14:20:00+05:30,4927,4929.9,4924.6,4928.3,3093
2026-09-11T14:25:00+05:30,4929.5,4929.9,4926,4929.9,5488
2026-09-11T14:30:00+05:30,4930,4930,4918.1,4920,4812
2026-09-11T14:35:00+05:30,4920,4922.5,4919.1,4919.9,1906
2026-09-11T14:40:00+05:30,4920,4922.4,4918.4,4922.3,2754
2026-09-11T14:45:00+05:30,4920.8,4922,4912,4913,4812
2026-09-11T14:50:00+05:30,4914,4914.6,4904.9,4909.7,9046
2026-09-11T14:55:00+05:30,4909.7,4910.2,4904.6,4905.4,10674
2026-09-11T15:00:00+05:30,4905.4,4908.2,4902.9,4908,11546
2026-09-11T15:05:00+05:30,4908,4912.6,4902.2,4906.5,46814
2026-09-11T15:10:00+05:30,4907,4925,4905.8,4917,29775
2026-09-15T09:15:00+05:30,4920,4940,4863.2,4870,49250
2026-09-15T09:20:00+05:30,4868.2,4874.9,4864.2,4868.5,9504
2026-09-15T09:25:00+05:30,4872.4,4872.4,4831.2,4835,17806
2026-09-15T09:30:00+05:30,4834,4838.9,4824.5,4824.5,8079
