date,open,high,low,close,volume
2026-06-08T09:15:00+05:30,1165,1168,1156.8,1164.1,26354
2026-06-08T09:20:00+05:30,1164.1,1164.1,1160.1,1160.8,12387
2026-06-08T09:25:00+05:30,1160.8,1166,1160.7,1166,25580
2026-06-08T09:30:00+05:30,1166.7,1172.9,1166.2,1171.3,17365
2026-06-08T09:35:00+05:30,1171.3,1172,1166.3,1168.2,14132
2026-06-08T09:40:00+05:30,1168.3,1171.9,1167.7,1169,6737
2026-06-08T09:45:00+05:30,1169,1170.9,1166.2,1167.2,4771
2026-06-08T09:50:00+05:30,1167.2,1168.8,1166,1168.5,10313
2026-06-08T09:55:00+05:30,1168.2,1169.5,1167.6,1168.9,3255
2026-06-08T10:00:00+05:30,1168.9,1168.9,1166.2,1167.5,8512
2026-06-08T10:05:00+05:30,1167.5,1171,1167,1169.4,6253
2026-06-08T10:10:00+05:30,1169.4,1169.4,1167.3,1167.3,3493
2026-06-08T10:15:00+05:30,1168.3,1168.3,1166.8,1167.2,3260
2026-06-08T10:20:00+05:30,1167.2,1167.9,1166.5,1167.6,4033
2026-06-08T10:25:00+05:30,1167.6,1167.6,1166.4,1167.2,3526
2026-06-08T10:30:00+05:30,1167.2,1169.6,1166.6,1169.6,5551
2026-06-08T10:35:00+05:30,1169.6,1170.4,1169,1169.7,4405
2026-06-08T10:40:00+05:30,1169.7,1170,1168.2,1168.2,7971
2026-06-08T10:45:00+05:30,1167.4,1169.6,1167.3,1169.5,2930
2026-06-08T10:50:00+05:30,1169.4,1170.5,1168.9,1168.9,2683
2026-06-08T10:55:00+05:30,1168.9,1170.4,1168.7,1169.5,5208
2026-06-08T11:00:00+05:30,1169.5,1173.3,1169.1,1172.5,6468
2026-06-08T11:05:00+05:30,1172.5,1172.7,1169.6,1170.7,3455
2026-06-08T11:10:00+05:30,1170.7,1170.7,1169.1,1169.5,3744
2026-06-08T11:15:00+05:30,1169.2,1170.9,1169,1170,3141
2026-06-08T11:20:00+05:30,1170,1171.3,1170,1170.1,3325
2026-06-08T11:25:00+05:30,1170.1,1171.5,1170,1171.5,2757
2026-06-08T11:30:00+05:30,1171.4,1172.1,1170.2,1170.3,3546
2026-06-08T11:35:00+05:30,1170.3,1172.9,1170,1171.5,5036
2026-06-08T11:40:00+05:30,1171.5,1172.5,1171,1171.7,4397
2026-06-08T11:45:00+05:30,1171.7,1171.7,1170,1170,5444
2026-06-08T11:50:00+05:30,1170,1171.8,1170,1171.1,4733
2026-06-08T11:55:00+05:30,1171.1,1171.8,1170,1170,2017
2026-06-08T12:00:00+05:30,1170,1171.1,1170,1170,10937
2026-06-08T12:05:00+05:30,1170,1170.2,1167.1,1168.7,4537
2026-06-08T12:10:00+05:30,1168.7,1171,1167.8,1170.4,13334
2026-06-08T12:15:00+05:30,1170.4,1171,1170,1170.8,2553
2026-06-08T12:20:00+05:30,1170.8,1172.6,1170.3,1172,5438
2026-06-08T12:25:00+05:30,1172,1174.7,1171.9,1173.6,5972
2026-06-08T12:30:00+05:30,1173.6,1174.6,1173,1174,3877
2026-06-08T12:35:00+05:30,1174,1174.3,1171.2,1173.2,10486
2026-06-08T12:40:00+05:30,1173.6,1175,1173.1,1174,3560
2026-06-08T12:45:00+05:30,1174,1177.6,1173.6,1175.5,11491
2026-06-08T12:50:00+05:30,1175.5,1178.9,1174.6,1178.4,16275
2026-06-08T12:55:00+05:30,1178.5,1181.9,1178.5,1180.7,14424
2026-06-08T13:00:00+05:30,1180.7,1181.6,1176.5,1176.6,8650
2026-06-08T13:05:00+05:30,1176.6,1177.9,1176.4,1176.4,5564
2026-06-08T13:10:00+05:30,1176.4,1176.9,1174,1174.1,3392
2026-06-08T13:15:00+05:30,1174.1,1175.5,1172.5,1172.6,4598
2026-06-08T13:20:00+05:30,1172.6,1173.6,1172.2,1172.4,3086
2026-06-08T13:25:00+05:30,1172.4,1172.8,1170.5,1170.6,10309
2026-06-08T13:30:00+05:30,1170.5,1171.6,1168.1,1168.6,4199
2026-06-08T13:35:00+05:30,1168.8,1169.1,1168.3,1169.1,868
2026-06-08T13:40:00+05:30,1169.1,1169.5,1168,1168.1,1642
2026-06-08T13:45:00+05:30,1168.1,1168.7,1166.8,1168.4,4200
2026-06-08T13:50:00+05:30,1167.7,1168.6,1165,1165.5,13080
2026-06-08T13:55:00+05:30,1165.5,1166.9,1165.3,1166,3287
2026-06-08T14:00:00+05:30,1166,1167,1165.5,1165.5,2688
2026-06-08T14:05:00+05:30,1165.5,1166.4,1164.7,1165.1,4752
2026-06-08T14:10:00+05:30,1165.1,1166.5,1164.7,1165.3,3526
2026-06-08T14:15:00+05:30,1165.3,1165.3,1158.5,1161.2,35154
2026-06-08T14:20:00+05:30,1160.5,1162.6,1159.9,1161.5,31886
2026-06-08T14:25:00+05:30,1161.2,1162.5,1160.1,1162.1,4441
2026-06-08T14:30:00+05:30,1162.1,1164.2,1162,1163,4557
2026-06-08T14:35:00+05:30,1163,1163.4,1161.1,1161.9,11517
2026-06-08T14:40:00+05:30,1161.9,1162.2,1160.6,1161.1,3509
2026-06-08T14:45:00+05:30,1161.1,1163.5,1161.1,1161.7,10224
2026-06-08T14:50:00+05:30,1161.1,1162.6,1161,1161.2,3947
2026-06-08T14:55:00+05:30,1161.4,1161.6,1160,1160.2,7979
2026-06-08T15:00:00+05:30,1159.4,1159.4,1155.6,1156.5,16760
2026-06-08T15:05:00+05:30,1156.3,1157.1,1155.4,1156.8,6675
2026-06-08T15:10:00+05:30,1156.7,1159.1,1156.7,1158.6,18327
2026-06-08T15:15:00+05:30,1158.6,1158.6,1156.5,1156.7,16672
2026-06-08T15:20:00+05:30,1156.7,1157.3,1152.3,1153.3,17711
2026-06-08T15:25:00+05:30,1153.3,1153.9,1150.2,1150.2,15747
2026-06-09T09:15:00+05:30,1157.8,1168.4,1156.3,1158.7,27219
2026-06-09T09:20:00+05:30,1157.8,1158.5,1155.7,1155.7,12507
2026-06-09T09:25:00+05:30,1156.5,1157.8,1154.4,1155.5,5529
2026-06-09T09:30:00+05:30,1155.5,1159,1155.5,1158.8,3621
2026-06-09T09:35:00+05:30,1159.3,1161.3,1159,1161,3436
2026-06-09T09:40:00+05:30,1160.5,1162.5,1159,1162.2,1937
2026-06-09T09:45:00+05:30,1162.5,1163.1,1158,1158.7,2975
2026-06-09T09:50:00+05:30,1158.7,1161.9,1158.1,1161.7,2271
2026-06-09T09:55:00+05:30,1161.7,1161.7,1158.9,1159.4,2047
2026-06-09T10:00:00+05:30,1159.4,1161.2,1159.4,1159.6,2568
2026-06-09T10:05:00+05:30,1159.6,1160.4,1157.5,1158.6,1288
2026-06-09T10:10:00+05:30,1158.6,1159.8,1157.6,1157.9,707
2026-06-09T10:15:00+05:30,1157.9,1158.8,1157.1,1157.5,1343
2026-06-09T10:20:00+05:30,1157.5,1158.5,1155.4,1156.2,3795
2026-06-09T10:25:00+05:30,1156.2,1156.9,1155.6,1156.7,794
2026-06-09T10:30:00+05:30,1156.7,1158.6,1156,1158.3,871
2026-06-09T10:35:00+05:30,1158,1158.5,1157.5,1158,2299
2026-06-09T10:40:00+05:30,1158,1160.2,1157.1,1159.1,3951
2026-06-09T10:45:00+05:30,1159.1,1159.8,1157.6,1157.6,836
2026-06-09T10:50:00+05:30,1157.6,1158.2,1156,1158.2,1105
2026-06-09T10:55:00+05:30,1158.2,1158.3,1156.6,1158.1,891
2026-06-09T11:00:00+05:30,1158.1,1160,1157,1159.2,910
2026-06-09T11:05:00+05:30,1159.2,1162.1,1158.8,1161.3,2853
2026-06-09T11:10:00+05:30,1161.3,1163.3,1161,1163.3,7671
2026-06-09T11:15:00+05:30,1163.3,1164.7,1161.8,1162.6,6279
2026-06-09T11:20:00+05:30,1162.6,1162.7,1157.2,1158,3964
2026-06-09T11:25:00+05:30,1158,1159.4,1157.4,1158,1105
2026-06-09T11:30:00+05:30,1158,1159.3,1157.2,1159.3,2601
2026-06-09T11:35:00+05:30,1159.3,1160.3,1158.5,1159.9,3759
2026-06-09T11:40:00+05:30,1159.9,1160.2,1158,1158.4,2820
2026-06-09T11:45:00+05:30,1158.4,1162,1158.1,1160.3,2341
2026-06-09T11:50:00+05:30,1160.3,1163.3,1160.3,1162.2,4307
2026-06-09T11:55:00+05:30,1162.2,1162.9,1161.4,1161.6,1309
2026-06-09T12:00:00+05:30,1161.6,1162,1161.3,1161.3,1979
2026-06-09T12:05:00+05:30,1161.3,1161.6,1158.1,1158.3,2806
2026-06-09T12:10:00+05:30,1158.3,1160,1158.1,1158.7,1194
2026-06-09T12:15:00+05:30,1158.7,1159.8,1158.5,1158.6,1878
2026-06-09T12:20:00+05:30,1158.6,1160.5,1158.5,1159.7,1615
2026-06-09T12:25:00+05:30,1159.2,1161.6,1159.2,1161.2,3352
2026-06-09T12:30:00+05:30,1160.8,1162.2,1160.2,1161.5,681
2026-06-09T12:35:00+05:30,1161.5,1162,1157.1,1157.3,12529
2026-06-09T12:40:00+05:30,1157.2,1158.4,1156.7,1157.2,4119
2026-06-09T12:45:00+05:30,1156.8,1158,1156,1156,3609
2026-06-09T12:50:00+05:30,1156,1156.4,1154.5,1154.7,8419
2026-06-09T12:55:00+05:30,1154.5,1154.7,1150.1,1150.5,11024
2026-06-09T13:00:00+05:30,1150.5,1152.9,1150.5,1151.4,7947
2026-06-09T13:05:00+05:30,1151.4,1152.6,1151.4,1152.1,2346
2026-06-09T13:10:00+05:30,1152.1,1152.5,1150.5,1151,15684
2026-06-09T13:15:00+05:30,1150.8,1151,1150.1,1150.2,20902
2026-06-09T13:20:00+05:30,1150.1,1150.4,1149.3,1149.5,6872
2026-06-09T13:25:00+05:30,1149.4,1150.1,1149,1149.8,2941
2026-06-09T13:30:00+05:30,1149.5,1150.2,1148.1,1149.5,8009
2026-06-09T13:35:00+05:30,1149.3,1151,1149.3,1150.6,3697
2026-06-09T13:40:00+05:30,1150.6,1151,1150.1,1150.8,5037
2026-06-09T13:45:00+05:30,1150.3,1151,1149.7,1150.8,20944
2026-06-09T13:50:00+05:30,1150,1150,1145.4,1145.4,40039
2026-06-09T13:55:00+05:30,1145.3,1146,1143.5,1144.7,15456
2026-06-09T14:00:00+05:30,1144.1,1145.3,1144,1145.3,1895
2026-06-09T14:05:00+05:30,1145.3,1147.8,1144.7,1147.8,4593
2026-06-09T14:10:00+05:30,1147.8,1147.8,1146.1,1146.8,2918
2026-06-09T14:15:00+05:30,1146.8,1147.8,1146.2,1147.7,1917
2026-06-09T14:20:00+05:30,1147.7,1148.1,1145.1,1145.6,51255
2026-06-09T14:25:00+05:30,1145.6,1147.4,1145.2,1147.4,7655
2026-06-09T14:30:00+05:30,1147.4,1148,1146.1,1147.2,3103
2026-06-09T14:35:00+05:30,1147.2,1148.5,1145,1145.4,51825
2026-06-09T14:40:00+05:30,1145.4,1150.3,1145.4,1150,34809
2026-06-09T14:45:00+05:30,1150,1150,1147,1147.8,13076
2026-06-09T14:50:00+05:30,1147.8,1152.8,1147.2,1152.7,28618
2026-06-09T14:55:00+05:30,1152.6,1153.1,1149.4,1150.2,23071
2026-06-09T15:00:00+05:30,1150.2,1151.3,1146.4,1151,35218
2026-06-09T15:05:00+05:30,1151,1153.9,1150.9,1152,25119
2026-06-09T15:10:00+05:30,1151.9,1152.6,1151,1152.1,23180
2026-06-09T15:15:00+05:30,1152.1,1152.7,1148.6,1148.7,54170
2026-06-09T15:20:00+05:30,1148.7,1149.2,1147,1148.1,33767
2026-06-09T15:25:00+05:30,1148,1148.4,1147.2,1148,23936
2026-06-10T09:15:00+05:30,1147,1147.6,1137.1,1137.1,37525
2026-06-10T09:20:00+05:30,1137.1,1137.6,1132.8,1136.5,19289
2026-06-10T09:25:00+05:30,1136.5,1141.4,1135.5,1139.1,21351
2026-06-10T09:30:00+05:30,1139.1,1140.4,1138.1,1140.4,3392
2026-06-10T09:35:00+05:30,1140.4,1143,1139.2,1143,60705
2026-06-10T09:40:00+05:30,1143,1143,1139.8,1141.3,16779
2026-06-10T09:45:00+05:30,1141.1,1142.5,1139.9,1142.4,3795
2026-06-10T09:50:00+05:30,1142.4,1146.3,1138.7,1138.7,11669
2026-06-10T09:55:00+05:30,1138.5,1138.5,1132.1,1132.4,31754
2026-06-10T10:00:00+05:30,1132.4,1133,1131.2,1132.8,10914
2026-06-10T10:05:00+05:30,1132.8,1132.8,1128.2,1129.1,19731
2026-06-10T10:10:00+05:30,1129.8,1130,1123.8,1125,66159
2026-06-10T10:15:00+05:30,1125,1127.8,1124.4,1126.5,17382
2026-06-10T10:20:00+05:30,1126.2,1127.7,1125.3,1126.6,72521
2026-06-10T10:25:00+05:30,1125.9,1128.2,1125.9,1128.2,6065
2026-06-10T10:30:00+05:30,1127.5,1129.6,1127.3,1128.8,8839
2026-06-10T10:35:00+05:30,1129,1130.5,1128,1128.4,9511
2026-06-10T10:40:00+05:30,1128.3,1130.8,1128,1130,7186
2026-06-10T10:45:00+05:30,1130,1130.5,1128.4,1128.6,7981
2026-06-10T10:50:00+05:30,1128.6,1130,1128,1129.5,6993
2026-06-10T10:55:00+05:30,1130,1132.5,1128.5,1132.5,9645
2026-06-10T11:00:00+05:30,1132.4,1133.2,1129.3,1132.3,16078
2026-06-10T11:05:00+05:30,1132.3,1132.5,1130.3,1130.5,7454
2026-06-10T11:10:00+05:30,1130.5,1135.6,1130.3,1133.9,83334
2026-06-10T11:15:00+05:30,1133.9,1136.3,1133,1133.9,7984
2026-06-10T11:20:00+05:30,1134,1135.8,1133.9,1134.7,4257
2026-06-10T11:25:00+05:30,1134.8,1143.2,1134.8,1142.8,91411
2026-06-10T11:30:00+05:30,1142.6,1142.6,1138.6,1139.7,18057
2026-06-10T11:35:00+05:30,1139.1,1140.4,1138.7,1139.7,9193
2026-06-10T11:40:00+05:30,1139.7,1141.1,1139.2,1141,12318
2026-06-10T11:45:00+05:30,1141.1,1141.9,1139.5,1141.8,11566
2026-06-10T11:50:00+05:30,1141.8,1143.9,1140.6,1141.2,20822
2026-06-10T11:55:00+05:30,1141.2,1142.5,1139.4,1142.5,17024
2026-06-10T12:00:00+05:30,1142.5,1142.5,1139.4,1139.9,7919
2026-06-10T12:05:00+05:30,1139.9,1140,1138.4,1139.6,13073
2026-06-10T12:10:00+05:30,1139.6,1139.6,1137.1,1138,8722
2026-06-10T12:15:00+05:30,1138,1139.6,1137.9,1139.6,4209
2026-06-10T12:20:00+05:30,1139.6,1140.1,1138.2,1139.2,7580
2026-06-10T12:25:00+05:30,1139.2,1139.6,1135.6,1135.7,10767
2026-06-10T12:30:00+05:30,1135.7,1136.3,1135,1135.4,6284
2026-06-10T12:35:00+05:30,1135.4,1136.1,1134,1134.5,5656
2026-06-10T12:40:00+05:30,1135,1135.5,1131.8,1132.4,7865
2026-06-10T12:45:00+05:30,1132.4,1132.6,1131.1,1131.1,5613
2026-06-10T12:50:00+05:30,1131.1,1133.4,1130.5,1132.8,6399
2026-06-10T12:55:00+05:30,1132.9,1133.4,1131,1131.9,7553
2026-06-10T13:00:00+05:30,1131.9,1133.2,1131.6,1133.1,6863
2026-06-10T13:05:00+05:30,1133.1,1134,1131.1,1131.6,10908
2026-06-10T13:10:00+05:30,1131.6,1131.6,1130.3,1130.3,3373
2026-06-10T13:15:00+05:30,1130.3,1132.4,1130.3,1130.9,4664
2026-06-10T13:20:00+05:30,1130.4,1131,1127.9,1129.4,28619
2026-06-10T13:25:00+05:30,1129.3,1132.3,1128.6,1131,9764
2026-06-10T13:30:00+05:30,1131,1131,1125.6,1126.1,8327
2026-06-10T13:35:00+05:30,1125.7,1128,1122,1125.9,96166
2026-06-10T13:40:00+05:30,1126,1126.5,1124.5,1124.5,9592
2026-06-10T13:45:00+05:30,1124.5,1126,1124.5,1125,11189
2026-06-10T13:50:00+05:30,1125.1,1126,1122.3,1123.3,18028
2026-06-10T13:55:00+05:30,1124.2,1124.4,1122.3,1123.6,12119
2026-06-10T14:00:00+05:30,1123.6,1125.5,1123.2,1125,5398
2026-06-10T14:05:00+05:30,1124.5,1125.3,1124,1124,7000
2026-06-10T14:10:00+05:30,1124,1126.5,1123.2,1123.2,9895
2026-06-10T14:15:00+05:30,1123.2,1125,1123,1124.4,4684
2026-06-10T14:20:00+05:30,1124.4,1125.3,1123,1125,7424
2026-06-10T14:25:00+05:30,1124.3,1124.8,1123,1123,4604
2026-06-10T14:30:00+05:30,1123,1123.7,1122,1123.6,7024
2026-06-10T14:35:00+05:30,1123.6,1125.9,1123.6,1124.6,11861
2026-06-10T14:40:00+05:30,1124.6,1125.3,1121.6,1122.4,12155
2026-06-10T14:45:00+05:30,1121.7,1123.2,1120.6,1121.8,17619
2026-06-10T14:50:00+05:30,1121.7,1122.7,1120.6,1121,7391
2026-06-10T14:55:00+05:30,1121.4,1122.1,1119.7,1121.4,6964
2026-06-10T15:00:00+05:30,1121.5,1123.2,1120.6,1122.9,17090
2026-06-10T15:05:00+05:30,1122.9,1124.4,1121.2,1122.8,39372
2026-06-10T15:10:00+05:30,1122.8,1123.7,1119.1,1119.3,30571
2026-06-10T15:15:00+05:30,1119.3,1120.5,1118.3,1120.3,22228
2026-06-10T15:20:00+05:30,1120.7,1121.6,1119.4,1119.5,37311
2026-06-10T15:25:00+05:30,1119.1,1124,1119.1,1120.8,34861
2026-06-11T09:15:00+05:30,1119,1119.4,1109.5,1117.5,33371
2026-06-11T09:20:00+05:30,1116.7,1128.1,1116.5,1123.7,35885
2026-06-11T09:25:00+05:30,1123.7,1126,1120.5,1124,14853
2026-06-11T09:30:00+05:30,1124,1130,1124,1129.1,11569
2026-06-11T09:35:00+05:30,1128.9,1132.3,1126.9,1131.5,13419
2026-06-11T09:40:00+05:30,1131.5,1131.5,1128,1130.8,14213
2026-06-11T09:45:00+05:30,1130.8,1131.6,1129.3,1131.1,10678
2026-06-11T09:50:00+05:30,1131.1,1136.3,1130.9,1133,16018
2026-06-11T09:55:00+05:30,1133,1133,1127.6,1128.4,6482
2026-06-11T10:00:00+05:30,1128.4,1129.6,1124.4,1128.8,57719
2026-06-11T10:05:00+05:30,1128.8,1133.6,1128.3,1132.9,3571
2026-06-11T10:10:00+05:30,1132.9,1134.2,1131.5,1132.1,6991
2026-06-11T10:15:00+05:30,1132.1,1132.7,1129.3,1131.6,5198
2026-06-11T10:20:00+05:30,1131.6,1133.9,1131.6,1133.6,4636
2026-06-11T10:25:00+05:30,1133.6,1133.8,1131.7,1132.1,2567
2026-06-11T10:30:00+05:30,1132.1,1132.7,1130.6,1130.6,5568
2026-06-11T10:35:00+05:30,1131.1,1131.4,1128.2,1130.1,2187
2026-06-11T10:40:00+05:30,1130.1,1131.4,1130,1130.9,1160
2026-06-11T10:45:00+05:30,1130.9,1132,1130.5,1130.5,1646
2026-06-11T10:50:00+05:30,1130.5,1130.6,1127.8,1128.2,3880
2026-06-11T10:55:00+05:30,1128.2,1128.9,1127.6,1128,2976
2026-06-11T11:00:00+05:30,1128,1129.2,1127.4,1128.3,3819
2026-06-11T11:05:00+05:30,1128.3,1131.1,1128.3,1129.6,2616
2026-06-11T11:10:00+05:30,1129.6,1130,1127.6,1127.6,4652
2026-06-11T11:15:00+05:30,1127.5,1132.9,1127.5,1132.3,19233
2026-06-11T11:20:00+05:30,1132.3,1134.9,1132.3,1134.1,11752
2026-06-11T11:25:00+05:30,1134.4,1134.9,1133.3,1133.3,4628
2026-06-11T11:30:00+05:30,1133.3,1134.5,1132.5,1133.1,22126
2026-06-11T11:35:00+05:30,1133.1,1133.2,1132.2,1132.5,9875
2026-06-11T11:40:00+05:30,1132.5,1136.3,1132.5,1136.1,3861
2026-06-11T11:45:00+05:30,1136.1,1137.3,1134.5,1136.3,6539
2026-06-11T11:50:00+05:30,1136,1136.5,1135.4,1135.5,2512
2026-06-11T11:55:00+05:30,1135.5,1136.6,1133.6,1134.3,2446
2026-06-11T12:00:00+05:30,1134.3,1136,1134.3,1134.5,1421
2026-06-11T12:05:00+05:30,1134.5,1134.8,1133.2,1134,3611
2026-06-11T12:10:00+05:30,1134,1134.5,1133.2,1134.1,5363
2026-06-11T12:15:00+05:30,1134.1,1135.6,1131.2,1131.4,5174
2026-06-11T12:20:00+05:30,1131.4,1132.7,1131,1132,4077
2026-06-11T12:25:00+05:30,1132,1133,1131.2,1131.8,5613
2026-06-11T12:30:00+05:30,1131.8,1134.1,1131.8,1132.6,2661
2026-06-11T12:35:00+05:30,1132.6,1132.9,1128.6,1128.6,10310
2026-06-11T12:40:00+05:30,1128.6,1129.8,1128.6,1129.7,3624
2026-06-11T12:45:00+05:30,1129.7,1129.8,1128,1128,1730
2026-06-11T12:50:00+05:30,1128.2,1130.3,1128.2,1129.1,3457
2026-06-11T12:55:00+05:30,1129.1,1131.8,1128.1,1130.2,59196
2026-06-11T13:00:00+05:30,1130.2,1133.3,1128.9,1128.9,66486
2026-06-11T13:05:00+05:30,1128.9,1129.5,1127.9,1127.9,3501
2026-06-11T13:10:00+05:30,1128,1128,1125.2,1125.6,9955
2026-06-11T13:15:00+05:30,1125.6,1126,1123.6,1123.6,6532
2026-06-11T13:20:00+05:30,1123.6,1124.5,1123.3,1124,8198
2026-06-11T13:25:00+05:30,1124.4,1125.6,1122.9,1125,5861
2026-06-11T13:30:00+05:30,1125,1129,1125,1126.5,10747
2026-06-11T13:35:00+05:30,1126.5,1127.2,1125,1125.2,7541
2026-06-11T13:40:00+05:30,1125.2,1125.7,1124.2,1124.8,15917
2026-06-11T13:45:00+05:30,1124.8,1125.2,1123.5,1124.7,10501
2026-06-11T13:50:00+05:30,1124.7,1126.7,1124.1,1126.5,7318
2026-06-11T13:55:00+05:30,1126.5,1128,1125.8,1126.9,9793
2026-06-11T14:00:00+05:30,1126.9,1127.8,1125.4,1125.6,7240
2026-06-11T14:05:00+05:30,1125.6,1126.8,1124,1124.8,8837
2026-06-11T14:10:00+05:30,1124.8,1126.7,1123.6,1125.9,10791
2026-06-11T14:15:00+05:30,1126.4,1126.4,1124.1,1124.3,9763
2026-06-11T14:20:00+05:30,1124.9,1125.6,1123.8,1124,9772
2026-06-11T14:25:00+05:30,1124.3,1126.6,1124,1126.4,16756
2026-06-11T14:30:00+05:30,1126,1126.5,1124.2,1124.6,9487
2026-06-11T14:35:00+05:30,1124.6,1124.6,1120,1120,48562
2026-06-11T14:40:00+05:30,1120.6,1121.5,1119.7,1120,20629
2026-06-11T14:45:00+05:30,1120,1120.1,1117.3,1120,12638
2026-06-11T14:50:00+05:30,1120,1122.5,1119.6,1121.4,12477
2026-06-11T14:55:00+05:30,1121.4,1121.6,1120,1120.5,8745
2026-06-11T15:00:00+05:30,1122.2,1122.3,1117.7,1118,20430
2026-06-11T15:05:00+05:30,1118,1119.7,1116.9,1118.1,17548
2026-06-11T15:10:00+05:30,1118.4,1120.7,1117.5,1120,8508
2026-06-11T15:15:00+05:30,1120,1121.6,1120,1120.2,11916
2026-06-11T15:20:00+05:30,1120.2,1124.3,1119,1123.9,38698
2026-06-11T15:25:00+05:30,1123.9,1127.8,1123,1125,23864
2026-06-12T09:15:00+05:30,1140,1145.4,1138.4,1141.7,18831
2026-06-12T09:20:00+05:30,1142.3,1142.3,1140.1,1141.2,14607
2026-06-12T09:25:00+05:30,1141.2,1142.9,1138.1,1138.1,6324
2026-06-12T09:30:00+05:30,1138.9,1140.3,1137.2,1140,2635
2026-06-12T09:35:00+05:30,1139.6,1141.2,1137.8,1140.6,4373
2026-06-12T09:40:00+05:30,1140.6,1141.7,1138.5,1139.6,3213
2026-06-12T09:45:00+05:30,1139.6,1140.8,1138.6,1139.3,1187
2026-06-12T09:50:00+05:30,1139.7,1139.7,1137.2,1137.2,899
2026-06-12T09:55:00+05:30,1136.7,1137.9,1136.7,1137.3,2355
2026-06-12T10:00:00+05:30,1137.3,1137.8,1135.7,1136.7,3065
2026-06-12T10:05:00+05:30,1138,1139.3,1137.9,1138.3,1452
2026-06-12T10:10:00+05:30,1138.3,1138.8,1137.5,1137.7,1984
2026-06-12T10:15:00+05:30,1137.7,1140.8,1137.1,1137.1,5818
2026-06-12T10:20:00+05:30,1137,1139.6,1136.7,1139.6,2782
2026-06-12T10:25:00+05:30,1139.6,1140.2,1137.9,1138.6,1714
2026-06-12T10:30:00+05:30,1138.8,1140,1137.7,1138.3,2862
2026-06-12T10:35:00+05:30,1138.3,1138.7,1137.5,1138.2,326
2026-06-12T10:40:00+05:30,1138.2,1138.9,1137.6,1137.6,665
2026-06-12T10:45:00+05:30,1137.6,1138.8,1136.2,1137.6,1188
2026-06-12T10:50:00+05:30,1137.6,1137.6,1137,1137.5,276
2026-06-12T10:55:00+05:30,1137.5,1137.7,1136.6,1137.1,1278
2026-06-12T11:00:00+05:30,1137.1,1139.7,1136.5,1137.5,9467
2026-06-12T11:05:00+05:30,1137.5,1137.5,1135.1,1135.2,1492
2026-06-12T11:10:00+05:30,1135.2,1138.1,1135.2,1138.1,3404
2026-06-12T11:15:00+05:30,1138.4,1139.5,1137.8,1138.6,1065
2026-06-12T11:20:00+05:30,1138,1141.5,1137.3,1140.9,22173
2026-06-12T11:25:00+05:30,1140.9,1140.9,1138,1138,2683
2026-06-12T11:30:00+05:30,1138,1139.7,1136.3,1136.8,1393
2026-06-12T11:35:00+05:30,1136.8,1137.9,1136.7,1137.2,1410
2026-06-12T11:40:00+05:30,1137.2,1137.5,1136.8,1137,126
2026-06-12T11:45:00+05:30,1137,1138.9,1137,1138.9,1754
2026-06-12T11:50:00+05:30,1138.9,1138.9,1137.5,1138.3,258
2026-06-12T11:55:00+05:30,1138.3,1138.7,1136.2,1137.2,1353
2026-06-12T12:00:00+05:30,1137.2,1138.5,1137.2,1138.5,381
2026-06-12T12:05:00+05:30,1138.5,1138.5,1133.6,1133.6,3207
2026-06-12T12:10:00+05:30,1133.6,1133.8,1131,1132.2,4781
2026-06-12T12:15:00+05:30,1132.2,1132.4,1131.1,1132,2514
2026-06-12T12:20:00+05:30,1132,1134.2,1132,1133.3,1011
2026-06-12T12:25:00+05:30,1133.3,1134.7,1132.6,1134.6,1190
2026-06-12T12:30:00+05:30,1134.6,1134.7,1133.3,1133.5,608
2026-06-12T12:35:00+05:30,1133.5,1133.5,1130,1131.3,3274
2026-06-12T12:40:00+05:30,1131.3,1132.4,1128.1,1129.2,6876
2026-06-12T12:45:00+05:30,1129.2,1131.1,1129.2,1130.3,479
2026-06-12T12:50:00+05:30,1130.3,1131.8,1129.7,1131.8,1162
2026-06-12T12:55:00+05:30,1131.8,1131.8,1129.6,1131.4,4241
2026-06-12T13:00:00+05:30,1131.4,1131.4,1129.6,1130.1,2832
2026-06-12T13:05:00+05:30,1130.1,1132.4,1130.1,1132.4,1407
2026-06-12T13:10:00+05:30,1132.4,1132.4,1131,1131.9,462
2026-06-12T13:15:00+05:30,1131.9,1135.4,1131.7,1135,22972
2026-06-12T13:20:00+05:30,1135,1135,1134,1134.4,749
2026-06-12T13:25:00+05:30,1134.4,1140.5,1133.7,1139.5,8443
2026-06-12T13:30:00+05:30,1140.4,1142.2,1140.2,1141,13925
2026-06-12T13:35:00+05:30,1141,1142.4,1141,1142,2239
2026-06-12T13:40:00+05:30,1141.9,1144.6,1141.9,1144.6,5506
2026-06-12T13:45:00+05:30,1144.6,1148.6,1143.5,1147,11517
2026-06-12T13:50:00+05:30,1147,1149,1145.5,1148.2,11368
2026-06-12T13:55:00+05:30,1148.2,1149.4,1143.7,1144.1,19544
2026-06-12T14:00:00+05:30,1144.1,1144.8,1141.6,1142.1,6512
2026-06-12T14:05:00+05:30,1141.7,1143,1141.6,1142.3,5230
2026-06-12T14:10:00+05:30,1142,1143.2,1140.4,1142.4,7114
2026-06-12T14:15:00+05:30,1143,1145.2,1143,1145,6811
2026-06-12T14:20:00+05:30,1145,1145.9,1145,1145.5,3988
2026-06-12T14:25:00+05:30,1145.5,1146.6,1144.5,1145.5,19621
2026-06-12T14:30:00+05:30,1146,1147.4,1145.7,1146.2,4384
2026-06-12T14:35:00+05:30,1146,1146.4,1143,1144.7,23924
2026-06-12T14:40:00+05:30,1145.1,1147.8,1145.1,1147.8,10913
2026-06-12T14:45:00+05:30,1147.6,1147.6,1145.9,1145.9,5634
2026-06-12T14:50:00+05:30,1146.3,1147,1145,1146.4,11253
2026-06-12T14:55:00+05:30,1146.9,1148,1146.6,1147,4867
2026-06-12T15:00:00+05:30,1146.7,1149,1145,1148.9,10572
2026-06-12T15:05:00+05:30,1149,1149.4,1146.7,1147.1,8810
2026-06-12T15:10:00+05:30,1147.1,1147.9,1145.7,1147.7,9790
2026-06-12T15:15:00+05:30,1147.7,1150.3,1147.3,1149.7,8870
2026-06-12T15:20:00+05:30,1149.7,1150.5,1148.8,1149.6,22380
2026-06-12T15:25:00+05:30,1149.6,1150.9,1147,1150.9,21638
2026-06-15T09:15:00+05:30,1156.6,1168.4,1155.5,1159.1,44842
2026-06-15T09:20:00+05:30,1159.3,1163.7,1159,1159.6,30165
2026-06-15T09:25:00+05:30,1159.5,1164.7,1159.1,1163.2,22724
2026-06-15T09:30:00+05:30,1162.8,1165,1160.1,1160.2,16169
2026-06-15T09:35:00+05:30,1159.6,1163.9,1159.6,1162.8,17049
2026-06-15T09:40:00+05:30,1162.8,1163.3,1161.5,1161.5,14985
2026-06-15T09:45:00+05:30,1161.5,1162.9,1159.3,1161.6,17469
2026-06-15T09:50:00+05:30,1161.9,1161.9,1159.6,1160,3932
2026-06-15T09:55:00+05:30,1160,1160.3,1154.1,1155.3,13886
2026-06-15T10:00:00+05:30,1155.6,1157.8,1155,1156.9,2904
2026-06-15T10:05:00+05:30,1156.6,1156.9,1155.3,1156.5,10874
2026-06-15T10:10:00+05:30,1156.5,1158.5,1156.1,1157.5,2135
2026-06-15T10:15:00+05:30,1158.2,1158.2,1155.7,1156.2,3102
2026-06-15T10:20:00+05:30,1156.2,1158,1156,1157.5,4419
2026-06-15T10:25:00+05:30,1157.5,1157.6,1155.2,1155.9,3438
2026-06-15T10:30:00+05:30,1155.9,1156.7,1155.1,1155.5,3227
2026-06-15T10:35:00+05:30,1155.5,1156.6,1153.2,1156.6,9257
2026-06-15T10:40:00+05:30,1155.5,1156.3,1154.6,1155.1,6500
2026-06-15T10:45:00+05:30,1155.1,1158.5,1154.8,1157.8,4035
2026-06-15T10:50:00+05:30,1157.5,1158.3,1156.7,1157.4,6595
2026-06-15T10:55:00+05:30,1157.4,1159.3,1156.3,1156.7,6506
2026-06-15T11:00:00+05:30,1156.7,1158.9,1155,1155.4,14712
2026-06-15T11:05:00+05:30,1155.4,1156.6,1154.5,1155.9,48345
2026-06-15T11:10:00+05:30,1155.9,1156.5,1155.1,1155.3,4694
2026-06-15T11:15:00+05:30,1155.3,1156.9,1155.3,1156.9,3384
2026-06-15T11:20:00+05:30,1156.5,1156.9,1156,1156.8,1747
2026-06-15T11:25:00+05:30,1156.8,1158.7,1156.8,1158.1,3507
2026-06-15T11:30:00+05:30,1158.1,1158.1,1155.9,1156,7320
2026-06-15T11:35:00+05:30,1156,1156.9,1156,1156.3,1082
2026-06-15T11:40:00+05:30,1156.3,1156.3,1151.9,1155.2,49157
2026-06-15T11:45:00+05:30,1155.2,1156,1153.5,1153.9,2420
2026-06-15T11:50:00+05:30,1153.9,1154,1153,1153.9,4861
2026-06-15T11:55:00+05:30,1153.9,1153.9,1152.3,1153.5,3033
2026-06-15T12:00:00+05:30,1153.5,1153.8,1152,1152.5,2923
2026-06-15T12:05:00+05:30,1152.5,1154.7,1152.5,1154,15052
2026-06-15T12:10:00+05:30,1154,1154.2,1152,1154,8048
2026-06-15T12:15:00+05:30,1154,1154.1,1151.6,1152.2,11782
2026-06-15T12:20:00+05:30,1152.2,1153.9,1151.5,1153.5,2071
2026-06-15T12:25:00+05:30,1153.5,1153.5,1151.6,1151.9,2843
2026-06-15T12:30:00+05:30,1151.9,1151.9,1149,1150,8735
2026-06-15T12:35:00+05:30,1149.5,1150.4,1149.1,1149.1,1972
2026-06-15T12:40:00+05:30,1149.1,1149.9,1149.1,1149.4,717
2026-06-15T12:45:00+05:30,1149.4,1150.2,1148.5,1148.5,18740
2026-06-15T12:50:00+05:30,1148.5,1150,1148.5,1148.7,16123
2026-06-15T12:55:00+05:30,1148.7,1150.1,1148.5,1149,2552
2026-06-15T13:00:00+05:30,1149,1149.1,1148.1,1148.8,4560
2026-06-15T13:05:00+05:30,1148.6,1149.6,1148.3,1149.5,1452
2026-06-15T13:10:00+05:30,1149.4,1150.1,1147.9,1148.3,6050
2026-06-15T13:15:00+05:30,1148.3,1149.3,1146.3,1146.7,6364
2026-06-15T13:20:00+05:30,1146.7,1147.4,1146.3,1147.2,6149
2026-06-15T13:25:00+05:30,1147.2,1147.6,1143.7,1144.5,11211
2026-06-15T13:30:00+05:30,1143.9,1145.2,1143.3,1144.1,4810
2026-06-15T13:35:00+05:30,1143.8,1146.2,1142.6,1145.8,29022
2026-06-15T13:40:00+05:30,1145.8,1150.4,1145.5,1148.9,49185
2026-06-15T13:45:00+05:30,1149.3,1150,1147.4,1149.2,395902
2026-06-15T13:50:00+05:30,1149.2,1150.1,1145.7,1149.3,217501
2026-06-15T13:55:00+05:30,1149.3,1149.9,1148.6,1149.5,7074
2026-06-15T14:00:00+05:30,1149.5,1150,1148.9,1149.7,7464
2026-06-15T14:05:00+05:30,1149.7,1150,1148.6,1148.6,5224
2026-06-15T14:10:00+05:30,1148.6,1149.9,1147.2,1149.9,259640
2026-06-15T14:15:00+05:30,1149.9,1150,1147.8,1149.1,21313
2026-06-15T14:20:00+05:30,1149.1,1150,1148.8,1150,48784
2026-06-15T14:25:00+05:30,1150,1150,1148.8,1150,22276
2026-06-15T14:30:00+05:30,1150,1150.3,1149.1,1150.1,102737
2026-06-15T14:35:00+05:30,1150.2,1150.2,1149.1,1149.7,141864
2026-06-15T14:40:00+05:30,1149.7,1150,1148,1149.7,23247
2026-06-15T14:45:00+05:30,1149.2,1150,1148.5,1150,20945
2026-06-15T14:50:00+05:30,1150,1150.1,1148.1,1149.5,11280
2026-06-15T14:55:00+05:30,1150,1150.2,1148.4,1150,159570
2026-06-15T15:00:00+05:30,1149.8,1150.4,1145.5,1148.8,74208
2026-06-15T15:05:00+05:30,1148.8,1150.2,1147.6,1150,58563
2026-06-15T15:10:00+05:30,1150,1150.2,1146,1148.4,215900
2026-06-15T15:15:00+05:30,1148.4,1149.7,1147.1,1149.3,20010
2026-06-15T15:20:00+05:30,1149.2,1150,1147.3,1147.3,44227
2026-06-15T15:25:00+05:30,1147.3,1150.2,1145.5,1145.5,152175
2026-06-16T09:15:00+05:30,1149.5,1152.9,1140.3,1142.6,18377
2026-06-16T09:20:00+05:30,1142.9,1143.5,1141.1,1142.2,8871
2026-06-16T09:25:00+05:30,1142.2,1144.4,1142,1142.6,9088
2026-06-16T09:30:00+05:30,1142.6,1143.2,1141.1,1141.1,8640
2026-06-16T09:35:00+05:30,1141.1,1142.1,1139.4,1140.3,7039
2026-06-16T09:40:00+05:30,1140.6,1142.3,1140.5,1141.9,4628
2026-06-16T09:45:00+05:30,1141.9,1145.2,1141.6,1143.2,3973
2026-06-16T09:50:00+05:30,1143.2,1145,1142,1144,5591
2026-06-16T09:55:00+05:30,1144,1144.5,1141.8,1142,4772
2026-06-16T10:00:00+05:30,1142,1142.2,1137.1,1138.1,12116
2026-06-16T10:05:00+05:30,1138.1,1139,1135.6,1136.5,10325
2026-06-16T10:10:00+05:30,1136.5,1137,1135,1136.8,7617
2026-06-16T10:15:00+05:30,1136.5,1136.5,1134.1,1134.1,7703
2026-06-16T10:20:00+05:30,1134.7,1135.6,1134,1134.7,4701
2026-06-16T10:25:00+05:30,1134.7,1136.5,1134.7,1136.3,2472
2026-06-16T10:30:00+05:30,1136.3,1138.6,1136.3,1138.1,2800
2026-06-16T10:35:00+05:30,1138.2,1142.5,1138.2,1141.1,12822
2026-06-16T10:40:00+05:30,1141.1,1141.9,1140.5,1141.6,4658
2026-06-16T10:45:00+05:30,1141.6,1142.3,1141.3,1142.2,2264
2026-06-16T10:50:00+05:30,1142.2,1142.2,1140,1140,3316
2026-06-16T10:55:00+05:30,1139.9,1140.9,1137.7,1138,9778
2026-06-16T11:00:00+05:30,1138,1138.7,1135,1135,7087
2026-06-16T11:05:00+05:30,1135,1135.7,1135,1135.1,5029
2026-06-16T11:10:00+05:30,1135,1135,1133,1133.7,8093
2026-06-16T11:15:00+05:30,1133.5,1134.5,1132.2,1132.4,6614
2026-06-16T11:20:00+05:30,1132.4,1133.7,1131.2,1131.4,6046
2026-06-16T11:25:00+05:30,1131.4,1132.5,1129.3,1129.6,10936
2026-06-16T11:30:00+05:30,1129.6,1130.4,1129.2,1129.8,4885
2026-06-16T11:35:00+05:30,1129.5,1130.6,1128.1,1128.8,7504
2026-06-16T11:40:00+05:30,1128.8,1130.7,1128.8,1130.3,3563
2026-06-16T11:45:00+05:30,1130.3,1131.2,1129.6,1130.5,5354
2026-06-16T11:50:00+05:30,1130.5,1130.5,1128.6,1128.6,8992
2026-06-16T11:55:00+05:30,1128.6,1129.4,1128.1,1128.7,5608
2026-06-16T12:00:00+05:30,1128.7,1129.3,1126.5,1127.1,7569
2026-06-16T12:05:00+05:30,1127.1,1127.6,1124.9,1126.5,32933
2026-06-16T12:10:00+05:30,1126.5,1128,1125.7,1126.5,13101
2026-06-16T12:15:00+05:30,1126.5,1126.5,1124.1,1124.4,10362
2026-06-16T12:20:00+05:30,1124.1,1125.7,1123.2,1125.2,5393
2026-06-16T12:25:00+05:30,1125.2,1126,1124.4,1125,10095
2026-06-16T12:30:00+05:30,1125,1125.8,1124,1124,3996
2026-06-16T12:35:00+05:30,1124,1124.6,1124,1124.3,2814
2026-06-16T12:40:00+05:30,1124.3,1125,1123.3,1123.7,5500
2026-06-16T12:45:00+05:30,1123.7,1124,1120.7,1122.6,13175
2026-06-16T12:50:00+05:30,1122.6,1122.6,1120.6,1121.3,6477
2026-06-16T12:55:00+05:30,1121.3,1123.5,1120.9,1122.9,5262
2026-06-16T13:00:00+05:30,1122.9,1123,1121.7,1121.8,3423
2026-06-16T13:05:00+05:30,1121.8,1122.7,1121.8,1122.6,4446
2026-06-16T13:10:00+05:30,1122.3,1125.9,1122.3,1125,9363
2026-06-16T13:15:00+05:30,1125,1127.5,1125,1125.2,6715
2026-06-16T13:20:00+05:30,1125.2,1131.3,1125.2,1130.1,18520
2026-06-16T13:25:00+05:30,1130.1,1131.9,1130.1,1131.1,6836
2026-06-16T13:30:00+05:30,1131.1,1132.4,1130.7,1132.4,3522
2026-06-16T13:35:00+05:30,1132.4,1133.7,1132,1133,8920
2026-06-16T13:40:00+05:30,1133,1133.5,1131.8,1132.1,2827
2026-06-16T13:45:00+05:30,1132.1,1133,1131.7,1132.8,4191
2026-06-16T13:50:00+05:30,1132.8,1133.2,1131.8,1132.7,1704
2026-06-16T13:55:00+05:30,1133.1,1133.1,1132.7,1132.7,2738
2026-06-16T14:00:00+05:30,1132.7,1133.4,1131.5,1131.6,4880
2026-06-16T14:05:00+05:30,1131.6,1132.9,1130.4,1132.8,5334
2026-06-16T14:10:00+05:30,1132.9,1133.9,1132.9,1132.9,3543
2026-06-16T14:15:00+05:30,1133,1134,1131.1,1131.6,4510
2026-06-16T14:20:00+05:30,1131.6,1131.7,1130.2,1130.8,4582
2026-06-16T14:25:00+05:30,1131.1,1132.6,1130.9,1131,3421
2026-06-16T14:30:00+05:30,1131,1133,1131,1132.5,3172
2026-06-16T14:35:00+05:30,1132.5,1134.8,1131.6,1134.8,14953
2026-06-16T14:40:00+05:30,1134.8,1134.8,1133,1134,9788
2026-06-16T14:45:00+05:30,1133.9,1135.6,1133.5,1134.5,40345
2026-06-16T14:50:00+05:30,1135.4,1138.5,1134,1138.5,92752
2026-06-16T14:55:00+05:30,1138.5,1139.8,1138,1139.1,13472
2026-06-16T15:00:00+05:30,1139.1,1141.7,1139.1,1140.3,41344
2026-06-16T15:05:00+05:30,1140.3,1141.3,1140.1,1141.2,13857
2026-06-16T15:10:00+05:30,1141.2,1141.2,1139.8,1140,19293
2026-06-16T15:15:00+05:30,1140,1141,1140,1140.4,31876
2026-06-16T15:20:00+05:30,1140.4,1141,1137,1137.2,50013
2026-06-16T15:25:00+05:30,1137.2,1140.2,1137.1,1138,30261
2026-06-17T09:15:00+05:30,1139.8,1141.8,1129.1,1129.1,17048
2026-06-17T09:20:00+05:30,1129.1,1129.8,1125.4,1125.4,22492
2026-06-17T09:25:00+05:30,1126,1129,1123.6,1128.6,23251
2026-06-17T09:30:00+05:30,1129,1134.6,1128.9,1134.2,23211
2026-06-17T09:35:00+05:30,1134.3,1134.9,1130,1134.8,53207
2026-06-17T09:40:00+05:30,1134.7,1136.8,1133.8,1136.8,6250
2026-06-17T09:45:00+05:30,1136.2,1136.4,1134.4,1135,9209
2026-06-17T09:50:00+05:30,1134.7,1136.4,1134.5,1136.4,3298
2026-06-17T09:55:00+05:30,1136.4,1137,1135,1136.4,6288
2026-06-17T10:00:00+05:30,1136.4,1136.4,1130.2,1133,56986
2026-06-17T10:05:00+05:30,1133,1135,1133,1134.8,9837
2026-06-17T10:10:00+05:30,1134.8,1135,1134.1,1134.9,1332
2026-06-17T10:15:00+05:30,1134.5,1135.9,1134.5,1135.5,4001
2026-06-17T10:20:00+05:30,1135.5,1137.8,1135.5,1137,8787
2026-06-17T10:25:00+05:30,1137,1138.5,1136.3,1138.4,7167
2026-06-17T10:30:00+05:30,1138.4,1140.2,1138.1,1138.6,12908
2026-06-17T10:35:00+05:30,1139,1142.3,1138.1,1138.4,21172
2026-06-17T10:40:00+05:30,1138.4,1138.6,1136.3,1137.8,6348
2026-06-17T10:45:00+05:30,1137.8,1138.3,1135.6,1136.3,4675
2026-06-17T10:50:00+05:30,1137,1137.1,1136,1136.9,1195
2026-06-17T10:55:00+05:30,1135.3,1136,1135,1135.5,2439
2026-06-17T11:00:00+05:30,1135.5,1135.7,1134.1,1134.9,1968
2026-06-17T11:05:00+05:30,1134.9,1135.1,1133.1,1133.6,5416
2026-06-17T11:10:00+05:30,1133.6,1134,1133.2,1133.6,9634
2026-06-17T11:15:00+05:30,1134,1134.7,1133.9,1134.7,1378
2026-06-17T11:20:00+05:30,1134.7,1136.6,1133.1,1133.6,9756
2026-06-17T11:25:00+05:30,1133.6,1134.1,1133,1133,11403
2026-06-17T11:30:00+05:30,1133,1134,1132.8,1133.5,1106
2026-06-17T11:35:00+05:30,1134.3,1135,1133,1135,31414
2026-06-17T11:40:00+05:30,1135,1137.6,1134.8,1137,31077
2026-06-17T11:45:00+05:30,1137,1137.3,1132.6,1135,61491
2026-06-17T11:50:00+05:30,1135,1136.4,1134.9,1135.7,5628
2026-06-17T11:55:00+05:30,1135.7,1137,1133.7,1134.8,95591
2026-06-17T12:00:00+05:30,1134.5,1136.4,1134.3,1134.4,47790
2026-06-17T12:05:00+05:30,1134.4,1134.7,1133,1134.3,3273
2026-06-17T12:10:00+05:30,1134.3,1137.4,1133.5,1137,714573
2026-06-17T12:15:00+05:30,1137,1137.4,1133.1,1133.7,3516
2026-06-17T12:20:00+05:30,1133.7,1136.7,1133.2,1135,13072
2026-06-17T12:25:00+05:30,1135,1135.1,1134.6,1135,19787
2026-06-17T12:30:00+05:30,1135,1136.1,1134.9,1135.3,5308
2026-06-17T12:35:00+05:30,1135.3,1136,1135,1135,1184
2026-06-17T12:40:00+05:30,1135,1136.1,1135,1135.7,1432
2026-06-17T12:45:00+05:30,1135.7,1137.5,1135.4,1137.2,3421
2026-06-17T12:50:00+05:30,1137.2,1137.5,1132.2,1132.3,26353
2026-06-17T12:55:00+05:30,1132.3,1133.5,1132.1,1132.3,2979
2026-06-17T13:00:00+05:30,1132.4,1133.9,1132.3,1133.3,2535
2026-06-17T13:05:00+05:30,1133.3,1133.6,1130.2,1130.4,8167
2026-06-17T13:10:00+05:30,1130.4,1132.1,1130.3,1131,4577
2026-06-17T13:15:00+05:30,1131,1132.2,1130.4,1130.5,19013
2026-06-17T13:20:00+05:30,1130.5,1131.9,1130.3,1130.4,20936
2026-06-17T13:25:00+05:30,1130.4,1131.7,1130.4,1130.7,9690
2026-06-17T13:30:00+05:30,1130.7,1131.9,1130.7,1131.7,4703
2026-06-17T13:35:00+05:30,1131.7,1133.6,1131.1,1133,5957
2026-06-17T13:40:00+05:30,1133,1135.9,1132.6,1135,11045
2026-06-17T13:45:00+05:30,1135,1136,1132.7,1132.7,38016
2026-06-17T13:50:00+05:30,1133,1133.3,1132.1,1133,1512
2026-06-17T13:55:00+05:30,1133,1135,1132.7,1133.4,3553
2026-06-17T14:00:00+05:30,1133.4,1135.5,1132.8,1135.2,7815
2026-06-17T14:05:00+05:30,1135.2,1136,1134.9,1135,3789
2026-06-17T14:10:00+05:30,1135,1136.4,1134.9,1135.9,3068
2026-06-17T14:15:00+05:30,1135.9,1136.3,1132.6,1133.2,68967
2026-06-17T14:20:00+05:30,1133.2,1134,1132.7,1133,7044
2026-06-17T14:25:00+05:30,1133,1133.3,1131.7,1133.2,11100
2026-06-17T14:30:00+05:30,1133.2,1133.9,1132.4,1133,6228
2026-06-17T14:35:00+05:30,1133,1133.1,1131.3,1133,9925
2026-06-17T14:40:00+05:30,1133,1134.5,1132.2,1134.4,11575
2026-06-17T14:45:00+05:30,1134.5,1135.9,1134,1134.6,8248
2026-06-17T14:50:00+05:30,1134.6,1135.3,1132.1,1132.9,9992
2026-06-17T14:55:00+05:30,1132.9,1135.3,1132.5,1135.1,8597
2026-06-17T15:00:00+05:30,1135.3,1139.1,1135.3,1135.4,31449
2026-06-17T15:05:00+05:30,1135.7,1136.6,1134.1,1134.8,41910
2026-06-17T15:10:00+05:30,1134.8,1135.9,1134.4,1135.6,13219
2026-06-17T15:15:00+05:30,1135.5,1135.9,1134.2,1135.7,11949
2026-06-17T15:20:00+05:30,1135.7,1137,1134.6,1136.5,40386
2026-06-17T15:25:00+05:30,1136.9,1138.3,1134.2,1134.2,33991
2026-06-18T09:15:00+05:30,1136,1143.8,1136,1143.8,19398
2026-06-18T09:20:00+05:30,1143.4,1146.5,1142.6,1144.9,13241
2026-06-18T09:25:00+05:30,1144.9,1147.8,1143.2,1143.2,10936
2026-06-18T09:30:00+05:30,1142.2,1142.7,1137.4,1139.1,9277
2026-06-18T09:35:00+05:30,1138.2,1140.2,1138.2,1140.2,4900
2026-06-18T09:40:00+05:30,1139.8,1143.9,1138.7,1139.2,14405
2026-06-18T09:45:00+05:30,1139.5,1140.5,1138.3,1138.7,9637
2026-06-18T09:50:00+05:30,1138.7,1139.2,1137.2,1137.6,11416
2026-06-18T09:55:00+05:30,1137.6,1138,1136.1,1136.4,10840
2026-06-18T10:00:00+05:30,1136.6,1137,1135,1135,8202
2026-06-18T10:05:00+05:30,1135,1136,1134.2,1135.4,4357
2026-06-18T10:10:00+05:30,1135.4,1135.4,1133.1,1133.1,7006
2026-06-18T10:15:00+05:30,1133.1,1134.2,1132,1133.5,7607
2026-06-18T10:20:00+05:30,1133.7,1134.2,1128.3,1129,32794
2026-06-18T10:25:00+05:30,1129,1129.9,1128.4,1129.1,3248
2026-06-18T10:30:00+05:30,1128.9,1130.3,1128.5,1128.8,35063
2026-06-18T10:35:00+05:30,1128.8,1129.7,1128.5,1129,6904
2026-06-18T10:40:00+05:30,1129,1129.7,1128,1129.1,10693
2026-06-18T10:45:00+05:30,1129.1,1130.3,1128.5,1130,2936
2026-06-18T10:50:00+05:30,1129.9,1130.6,1128.8,1129.7,5199
2026-06-18T10:55:00+05:30,1129.3,1132.3,1128.7,1131.8,5875
2026-06-18T11:00:00+05:30,1131.5,1132.7,1130.7,1132.2,3744
2026-06-18T11:05:00+05:30,1132.6,1132.6,1130,1131.1,8409
2026-06-18T11:10:00+05:30,1130.9,1131.6,1128.5,1129.4,8164
2026-06-18T11:15:00+05:30,1129,1131.2,1128.8,1130.5,1653
2026-06-18T11:20:00+05:30,1130,1133,1129.4,1131.7,8052
2026-06-18T11:25:00+05:30,1131.5,1132.4,1130.5,1131.3,1073
2026-06-18T11:30:00+05:30,1131,1132.4,1131,1132.3,1793
2026-06-18T11:35:00+05:30,1132,1132.3,1131.2,1131.6,896
2026-06-18T11:40:00+05:30,1131.6,1132.3,1131.5,1131.9,1470
2026-06-18T11:45:00+05:30,1131.9,1132.5,1131,1131.5,928
2026-06-18T11:50:00+05:30,1130.7,1131.1,1129.2,1129.9,2838
2026-06-18T11:55:00+05:30,1129.4,1131.3,1129.4,1130.2,1566
2026-06-18T12:00:00+05:30,1130.6,1131.5,1130,1130.3,3621
2026-06-18T12:05:00+05:30,1130.2,1130.5,1129.3,1129.6,1994
2026-06-18T12:10:00+05:30,1129.4,1130.8,1129.4,1130,1774
2026-06-18T12:15:00+05:30,1130,1131.2,1129.3,1131.1,1671
2026-06-18T12:20:00+05:30,1131.1,1131.9,1130.2,1131.3,2250
2026-06-18T12:25:00+05:30,1131.3,1132.5,1130.1,1131.5,8548
2026-06-18T12:30:00+05:30,1131.5,1132.2,1130.3,1131.5,12477
2026-06-18T12:35:00+05:30,1131.5,1131.8,1130.5,1130.5,901
2026-06-18T12:40:00+05:30,1130.5,1131,1130,1130.9,2065
2026-06-18T12:45:00+05:30,1130.9,1131.4,1130.5,1130.8,2155
2026-06-18T12:50:00+05:30,1130.8,1131.5,1130.6,1131.4,1846
2026-06-18T12:55:00+05:30,1131.4,1132,1131.2,1131.4,919
2026-06-18T13:00:00+05:30,1131.4,1131.4,1130.6,1130.7,1500
2026-06-18T13:05:00+05:30,1130.7,1131.2,1129.3,1130.6,8502
2026-06-18T13:10:00+05:30,1130.7,1131.5,1130.6,1131.3,2047
2026-06-18T13:15:00+05:30,1131.4,1131.5,1130.4,1131,1403
2026-06-18T13:20:00+05:30,1131,1131.6,1129.7,1130.3,1322
2026-06-18T13:25:00+05:30,1129.7,1131.1,1129.2,1130.5,1469
2026-06-18T13:30:00+05:30,1130.6,1131.7,1130.1,1131,1023
2026-06-18T13:35:00+05:30,1131,1131.5,1130.7,1130.8,298
2026-06-18T13:40:00+05:30,1131.2,1131.2,1129.4,1129.5,3588
2026-06-18T13:45:00+05:30,1129.5,1130,1128.6,1128.7,2180
2026-06-18T13:50:00+05:30,1128.7,1129,1128,1128.5,5349
2026-06-18T13:55:00+05:30,1128.5,1128.6,1128.3,1128.5,1522
2026-06-18T14:00:00+05:30,1128.3,1129.9,1128.2,1129.6,4166
2026-06-18T14:05:00+05:30,1129.6,1129.8,1127.1,1127.5,6534
2026-06-18T14:10:00+05:30,1127.5,1128.8,1127.5,1128.8,2609
2026-06-18T14:15:00+05:30,1128.4,1128.7,1126.5,1126.5,3175
2026-06-18T14:20:00+05:30,1126.5,1131,1126.5,1130.6,6422
2026-06-18T14:25:00+05:30,1130.6,1131.7,1127.2,1127.7,6607
2026-06-18T14:30:00+05:30,1127.7,1128.1,1126.4,1127.9,3010
2026-06-18T14:35:00+05:30,1128.1,1129.5,1128,1128.5,5997
2026-06-18T14:40:00+05:30,1128.4,1128.6,1127.1,1127.8,3938
2026-06-18T14:45:00+05:30,1127.8,1130,1127.1,1129.3,10048
2026-06-18T14:50:00+05:30,1129.3,1130.9,1129.2,1130.3,8720
2026-06-18T14:55:00+05:30,1129.8,1132,1129.7,1131,12845
2026-06-18T15:00:00+05:30,1131.5,1132.7,1129.2,1131.5,141564
2026-06-18T15:05:00+05:30,1131,1132.1,1130,1130.6,126585
2026-06-18T15:10:00+05:30,1131,1132.1,1130,1132,125921
2026-06-18T15:15:00+05:30,1132,1133,1131.1,1132.7,144947
2026-06-18T15:20:00+05:30,1132.6,1134.3,1132.2,1133.8,154408
2026-06-18T15:25:00+05:30,1133.9,1136,1131.5,1134,164935
2026-06-19T09:15:00+05:30,1131.9,1134.9,1122.1,1129.3,13289
2026-06-19T09:20:00+05:30,1129.3,1130.6,1128,1128.6,7216
2026-06-19T09:25:00+05:30,1128.6,1130.3,1127.3,1127.6,7251
2026-06-19T09:30:00+05:30,1127.6,1128,1125.6,1125.9,6278
2026-06-19T09:35:00+05:30,1125.6,1126.7,1125.2,1125.5,4224
2026-06-19T09:40:00+05:30,1125.5,1126.7,1124.6,1125.6,6236
2026-06-19T09:45:00+05:30,1125.6,1131.2,1125.6,1129.5,44235
2026-06-19T09:50:00+05:30,1129.5,1130.1,1128.4,1129.6,40705
2026-06-19T09:55:00+05:30,1129.2,1129.6,1125.7,1127,32764
2026-06-19T10:00:00+05:30,1126.5,1126.9,1126,1126.6,2591
2026-06-19T10:05:00+05:30,1126.5,1128.2,1126.5,1127,19073
2026-06-19T10:10:00+05:30,1127,1127.8,1126.2,1127.6,3495
2026-06-19T10:15:00+05:30,1127.6,1128.5,1127.2,1127.4,5110
2026-06-19T10:20:00+05:30,1127.4,1128.2,1126,1127,2403
2026-06-19T10:25:00+05:30,1126.5,1127,1126.3,1127,1200
2026-06-19T10:30:00+05:30,1126.7,1127,1126.4,1126.4,1460
2026-06-19T10:35:00+05:30,1126.4,1127,1125.2,1126.5,22938
2026-06-19T10:40:00+05:30,1126.5,1130.1,1126.5,1130,19518
2026-06-19T10:45:00+05:30,1130.1,1130.5,1129,1129.2,5698
2026-06-19T10:50:00+05:30,1129.2,1132.4,1129,1130.9,6835
2026-06-19T10:55:00+05:30,1131.9,1133.4,1131.9,1133.3,30882
2026-06-19T11:00:00+05:30,1133.3,1134.5,1133.3,1134.2,12956
2026-06-19T11:05:00+05:30,1134.1,1136.2,1133.3,1135.5,30352
2026-06-19T11:10:00+05:30,1135.4,1137.5,1135.1,1136,7769
2026-06-19T11:15:00+05:30,1136,1136,1132.1,1133.3,7875
2026-06-19T11:20:00+05:30,1133.3,1137.1,1132.9,1136.4,8714
2026-06-19T11:25:00+05:30,1136.4,1139.4,1136.1,1136.5,7824
2026-06-19T11:30:00+05:30,1137,1139,1136.1,1138.5,14310
2026-06-19T11:35:00+05:30,1139,1139.6,1137.8,1138.4,10555
2026-06-19T11:40:00+05:30,1137.9,1138.6,1136,1136,8193
2026-06-19T11:45:00+05:30,1136,1136.8,1136,1136.4,20026
2026-06-19T11:50:00+05:30,1136.4,1138.6,1136,1136.8,7705
2026-06-19T11:55:00+05:30,1136.7,1138.9,1136.4,1138.7,8058
2026-06-19T12:00:00+05:30,1139.1,1142.2,1139.1,1140.4,8314
2026-06-19T12:05:00+05:30,1140.3,1141,1140,1141,3561
2026-06-19T12:10:00+05:30,1140.5,1141,1139.3,1139.5,3477
2026-06-19T12:15:00+05:30,1139.5,1141.3,1139.5,1140.3,11206
2026-06-19T12:20:00+05:30,1140.3,1141.8,1139.7,1141.8,2633
2026-06-19T12:25:00+05:30,1141.8,1141.8,1140.5,1141,3256
2026-06-19T12:30:00+05:30,1141,1142,1140.4,1141.5,4954
2026-06-19T12:35:00+05:30,1141.5,1141.8,1140.8,1141.1,2306
2026-06-19T12:40:00+05:30,1141.1,1142.7,1136.1,1137.5,50489
2026-06-19T12:45:00+05:30,1137.5,1138.4,1136.5,1136.5,2261
2026-06-19T12:50:00+05:30,1136.5,1137.1,1136,1136,1563
2026-06-19T12:55:00+05:30,1136,1136.5,1133.9,1135.2,2212
2026-06-19T13:00:00+05:30,1135.2,1135.2,1133.6,1134.1,1648
2026-06-19T13:05:00+05:30,1134.1,1135.5,1133.8,1134.5,989
2026-06-19T13:10:00+05:30,1134.5,1134.8,1134.1,1134.8,397
2026-06-19T13:15:00+05:30,1134.8,1135.2,1134.2,1134.8,1541
2026-06-19T13:20:00+05:30,1134.2,1135.2,1134,1134.8,1154
2026-06-19T13:25:00+05:30,1134.3,1134.7,1134,1134.1,778
2026-06-19T13:30:00+05:30,1134.2,1135.3,1133.5,1135.1,5418
2026-06-19T13:35:00+05:30,1135.1,1136.5,1134.1,1134.2,7078
2026-06-19T13:40:00+05:30,1134.2,1135.7,1134.2,1134.8,838
2026-06-19T13:45:00+05:30,1134.5,1136.5,1134.5,1136.5,2972
2026-06-19T13:50:00+05:30,1136.5,1136.5,1133.1,1134,4240
2026-06-19T13:55:00+05:30,1133.5,1135.3,1133.1,1135.2,866
2026-06-19T14:00:00+05:30,1134.7,1136,1133.3,1134.1,3647
2026-06-19T14:05:00+05:30,1134.1,1135.5,1133.2,1135.4,2442
2026-06-19T14:10:00+05:30,1135.4,1136,1134.7,1135.5,2298
2026-06-19T14:15:00+05:30,1135.2,1137.1,1135,1137,210604
2026-06-19T14:20:00+05:30,1136.7,1137,1133.3,1134.2,35447
2026-06-19T14:25:00+05:30,1134.2,1134.9,1133.2,1134.6,4893
2026-06-19T14:30:00+05:30,1134.1,1135.4,1134.1,1134.7,328
2026-06-19T14:35:00+05:30,1134.7,1136.1,1134.6,1136,10848
2026-06-19T14:40:00+05:30,1136,1136.2,1134.8,1135.9,9661
2026-06-19T14:45:00+05:30,1135.8,1136,1134.8,1135,3262
2026-06-19T14:50:00+05:30,1135,1135.4,1134,1135,75176
2026-06-19T14:55:00+05:30,1135,1135.1,1133.8,1134.2,90823
2026-06-19T15:00:00+05:30,1131.6,1136.5,1131.6,1136.5,72258
2026-06-19T15:05:00+05:30,1136.4,1137.4,1136,1136.4,37242
2026-06-19T15:10:00+05:30,1136.3,1139.2,1136.3,1137.9,51044
2026-06-19T15:15:00+05:30,1138.6,1138.6,1137.8,1138,41606
2026-06-19T15:20:00+05:30,1137.9,1139.5,1137.9,1139.5,71330
2026-06-19T15:25:00+05:30,1139.9,1143,1139.9,1141.8,70025
2026-06-22T09:15:00+05:30,1146.5,1147.8,1139.3,1145.4,22512
2026-06-22T09:20:00+05:30,1144.3,1145.5,1141.1,1142,14038
2026-06-22T09:25:00+05:30,1142.1,1143.4,1139.3,1141.2,6661
2026-06-22T09:30:00+05:30,1141.2,1141.8,1139.2,1140.2,2696
2026-06-22T09:35:00+05:30,1140.6,1143.5,1140.3,1140.8,2861
2026-06-22T09:40:00+05:30,1140.8,1141.7,1138.2,1139.9,3461
2026-06-22T09:45:00+05:30,1139.9,1140.5,1139,1139.9,1167
2026-06-22T09:50:00+05:30,1139.9,1140.1,1137.7,1138.2,4465
2026-06-22T09:55:00+05:30,1139.4,1144.5,1139.4,1143.6,26609
2026-06-22T10:00:00+05:30,1143.9,1145.5,1143.5,1145.5,40856
2026-06-22T10:05:00+05:30,1145.5,1145.9,1143.7,1143.9,11295
2026-06-22T10:10:00+05:30,1143.9,1144,1143.5,1144,5153
2026-06-22T10:15:00+05:30,1144,1144.9,1143.7,1144.5,4900
2026-06-22T10:20:00+05:30,1144.5,1144.5,1143.6,1143.6,4107
2026-06-22T10:25:00+05:30,1143.6,1144.9,1143.6,1144.3,3032
2026-06-22T10:30:00+05:30,1144.3,1145.8,1143.9,1143.9,2560
2026-06-22T10:35:00+05:30,1143.9,1145.1,1143.9,1145,1298
2026-06-22T10:40:00+05:30,1145,1148,1144.3,1147.5,17858
2026-06-22T10:45:00+05:30,1147.8,1150,1147.2,1148.7,34599
2026-06-22T10:50:00+05:30,1148.7,1149,1146.5,1147.6,11512
2026-06-22T10:55:00+05:30,1147.7,1148.1,1146.8,1147.6,2431
2026-06-22T11:00:00+05:30,1147.6,1148,1146.5,1147.3,2965
2026-06-22T11:05:00+05:30,1147.3,1148.5,1146.7,1148,7955
2026-06-22T11:10:00+05:30,1148,1148.2,1146.3,1147,6176
2026-06-22T11:15:00+05:30,1147,1148,1146.7,1147.4,3925
2026-06-22T11:20:00+05:30,1147.4,1148,1146.5,1147.2,1910
2026-06-22T11:25:00+05:30,1147.2,1147.5,1146.5,1147,2604
2026-06-22T11:30:00+05:30,1147,1147.2,1146.5,1146.8,2451
2026-06-22T11:35:00+05:30,1146.8,1147.5,1144.7,1145.7,18148
2026-06-22T11:40:00+05:30,1145.7,1146.2,1144.5,1145.3,17711
2026-06-22T11:45:00+05:30,1145.3,1146.5,1144.8,1145,6373
2026-06-22T11:50:00+05:30,1145,1145.9,1144.5,1145.1,4868
2026-06-22T11:55:00+05:30,1145.1,1145.1,1143.9,1144.5,9644
2026-06-22T12:00:00+05:30,1144.5,1145.8,1144.2,1145.3,11025
2026-06-22T12:05:00+05:30,1145.3,1145.6,1145,1145.4,1301
2026-06-22T12:10:00+05:30,1145.4,1146.1,1144,1144.6,10675
2026-06-22T12:15:00+05:30,1144.6,1145.1,1143.2,1144,53259
2026-06-22T12:20:00+05:30,1144,1145.3,1143,1144.6,51343
2026-06-22T12:25:00+05:30,1144.6,1144.8,1141.3,1142.8,16834
2026-06-22T12:30:00+05:30,1142.8,1143.7,1142.8,1142.8,12932
2026-06-22T12:35:00+05:30,1142.8,1143,1142.4,1142.9,8495
2026-06-22T12:40:00+05:30,1142.9,1142.9,1142.3,1142.9,19019
2026-06-22T12:45:00+05:30,1142.9,1142.9,1142.4,1142.9,51586
2026-06-22T12:50:00+05:30,1142.8,1143,1142.7,1142.8,13493
2026-06-22T12:55:00+05:30,1142.8,1142.9,1142.6,1142.8,15523
2026-06-22T13:00:00+05:30,1142.8,1142.8,1137.4,1139.4,229030
2026-06-22T13:05:00+05:30,1138.8,1139.8,1135.5,1137.1,81186
2026-06-22T13:10:00+05:30,1137.2,1139.2,1135.3,1138.4,163684
2026-06-22T13:15:00+05:30,1138.5,1140.9,1137.8,1138.7,22409
2026-06-22T13:20:00+05:30,1138.7,1138.8,1136.1,1138.6,33057
2026-06-22T13:25:00+05:30,1138.6,1138.6,1137.3,1137.7,5493
2026-06-22T13:30:00+05:30,1137.7,1137.9,1136.5,1136.8,5026
2026-06-22T13:35:00+05:30,1136.8,1136.8,1131.5,1132.2,40514
2026-06-22T13:40:00+05:30,1132.2,1132.5,1130.5,1132.3,20186
2026-06-22T13:45:00+05:30,1132.3,1132.8,1129.5,1131.6,27835
2026-06-22T13:50:00+05:30,1131.6,1132.3,1130.4,1132.2,6343
2026-06-22T13:55:00+05:30,1132.2,1133.4,1131.4,1131.9,5718
2026-06-22T14:00:00+05:30,1131.9,1133.5,1131,1133.3,8730
2026-06-22T14:05:00+05:30,1133.3,1134,1132.5,1132.9,4325
2026-06-22T14:10:00+05:30,1132.9,1133.7,1132.2,1133.2,9480
2026-06-22T14:15:00+05:30,1133.1,1133.1,1131.5,1132,10184
2026-06-22T14:20:00+05:30,1132,1133,1131.5,1132,43008
2026-06-22T14:25:00+05:30,1132,1132.4,1129.5,1129.7,34619
2026-06-22T14:30:00+05:30,1129.5,1129.9,1125.9,1127.8,49731
2026-06-22T14:35:00+05:30,1127.8,1128,1126.2,1127.5,79953
2026-06-22T14:40:00+05:30,1127.5,1128.8,1127.3,1128.5,15411
2026-06-22T14:45:00+05:30,1128.5,1130.8,1128,1130,116499
2026-06-22T14:50:00+05:30,1130,1130,1128.4,1128.4,20757
2026-06-22T14:55:00+05:30,1128.4,1129.1,1127.9,1127.9,10924
2026-06-22T15:00:00+05:30,1127.9,1134,1127.9,1133.3,233092
2026-06-22T15:05:00+05:30,1133.3,1133.6,1131.7,1132.4,94246
2026-06-22T15:10:00+05:30,1132.8,1133,1131.8,1132.4,72159
2026-06-22T15:15:00+05:30,1132.4,1133,1130.6,1132.5,137209
2026-06-22T15:20:00+05:30,1132.5,1135.2,1132.5,1134.3,99567
2026-06-22T15:25:00+05:30,1134.3,1135,1132.4,1135,56129
2026-06-23T09:15:00+05:30,1131,1131.9,1116.6,1124.7,62711
2026-06-23T09:20:00+05:30,1123.7,1128.1,1123.7,1126.7,17426
2026-06-23T09:25:00+05:30,1126.2,1128.1,1123.1,1124,15626
2026-06-23T09:30:00+05:30,1124,1126.4,1123.5,1124.2,61696
2026-06-23T09:35:00+05:30,1124.2,1124.8,1121.2,1121.8,14536
2026-06-23T09:40:00+05:30,1122.2,1122.3,1120.2,1120.6,13952
2026-06-23T09:45:00+05:30,1121,1121.5,1119,1121.3,22585
2026-06-23T09:50:00+05:30,1120.8,1121.4,1119.3,1120.3,13621
2026-06-23T09:55:00+05:30,1120.7,1122.1,1119.2,1121.8,63541
2026-06-23T10:00:00+05:30,1121.8,1121.8,1119.6,1120,13450
2026-06-23T10:05:00+05:30,1119.9,1120.6,1119.1,1119.6,12821
2026-06-23T10:10:00+05:30,1119.7,1120.5,1119.6,1119.6,15385
2026-06-23T10:15:00+05:30,1120.1,1120.1,1118.8,1120,14086
2026-06-23T10:20:00+05:30,1119.7,1121.9,1116.9,1117,18725
2026-06-23T10:25:00+05:30,1117,1117.7,1115.5,1116.4,35422
2026-06-23T10:30:00+05:30,1117,1117.1,1115.8,1116.3,13680
2026-06-23T10:35:00+05:30,1116.1,1118.4,1116.1,1117,14433
2026-06-23T10:40:00+05:30,1116.5,1117.2,1115.7,1116.2,16819
2026-06-23T10:45:00+05:30,1116.2,1116.2,1114.7,1115,16668
2026-06-23T10:50:00+05:30,1115.5,1115.5,1113.1,1113.1,28971
2026-06-23T10:55:00+05:30,1113,1115.3,1111.3,1114.1,93697
2026-06-23T11:00:00+05:30,1114.1,1114.7,1112.8,1113.8,19562
2026-06-23T11:05:00+05:30,1113.8,1114.5,1111.7,1112.5,24673
2026-06-23T11:10:00+05:30,1112.2,1114.6,1112.2,1114.6,36096
2026-06-23T11:15:00+05:30,1114.6,1114.6,1110.7,1110.9,46558
2026-06-23T11:20:00+05:30,1110.8,1111.4,1106.8,1106.8,38154
2026-06-23T11:25:00+05:30,1106.8,1108.5,1106,1107.8,42772
2026-06-23T11:30:00+05:30,1107.8,1108.2,1105.2,1105.2,33429
2026-06-23T11:35:00+05:30,1105.7,1105.7,1103.6,1103.6,15587
2026-06-23T11:40:00+05:30,1103.6,1103.6,1100.1,1100.2,32957
2026-06-23T11:45:00+05:30,1100.2,1100.7,1096.6,1097,30678
2026-06-23T11:50:00+05:30,1097,1097.5,1094.5,1095.3,36146
2026-06-23T11:55:00+05:30,1095.3,1095.3,1091.3,1095,40302
2026-06-23T12:00:00+05:30,1095,1097.9,1094.3,1096.9,43523
2026-06-23T12:05:00+05:30,1096.9,1097.5,1093.9,1094.2,15897
2026-06-23T12:10:00+05:30,1094,1094.6,1092,1092.4,18631
2026-06-23T12:15:00+05:30,1092.4,1093.1,1090.2,1090.8,317556
2026-06-23T12:20:00+05:30,1090.4,1090.8,1088.7,1089.4,23883
2026-06-23T12:25:00+05:30,1089.4,1090.4,1089.2,1090,47612
2026-06-23T12:30:00+05:30,1090,1090,1088,1088.2,20903
2026-06-23T12:35:00+05:30,1088.2,1090,1088.2,1089.5,19203
2026-06-23T12:40:00+05:30,1089,1089.3,1087.7,1088.1,9968
2026-06-23T12:45:00+05:30,1088.1,1088.5,1085.5,1086,17006
2026-06-23T12:50:00+05:30,1086.5,1086.8,1084,1084,17295
2026-06-23T12:55:00+05:30,1084.1,1084.7,1080,1080.4,30891
2026-06-23T13:00:00+05:30,1080,1081,1078,1079,52109
2026-06-23T13:05:00+05:30,1079,1081.3,1079,1080,24759
2026-06-23T13:10:00+05:30,1079.7,1080.1,1077.2,1077.3,25045
2026-06-23T13:15:00+05:30,1077.4,1079,1077,1078.4,23618
2026-06-23T13:20:00+05:30,1078.4,1082.1,1078,1078.8,26162
2026-06-23T13:25:00+05:30,1078.8,1079.5,1078.3,1078.5,16207
2026-06-23T13:30:00+05:30,1079,1079.4,1077.2,1077.6,9697
2026-06-23T13:35:00+05:30,1077.2,1078.4,1076.6,1077.9,20846
2026-06-23T13:40:00+05:30,1077.9,1081.8,1077.8,1081.2,20470
2026-06-23T13:45:00+05:30,1081.2,1081.8,1079.5,1080.9,15216
2026-06-23T13:50:00+05:30,1080.9,1081.1,1078.6,1079.8,18978
2026-06-23T13:55:00+05:30,1079.8,1080.3,1076.7,1077,53152
2026-06-23T14:00:00+05:30,1077,1079.2,1076.4,1079.2,21516
2026-06-23T14:05:00+05:30,1079.2,1079.4,1076.5,1076.9,21936
2026-06-23T14:10:00+05:30,1076.9,1080,1076.7,1079.9,32467
2026-06-23T14:15:00+05:30,1079.9,1080.4,1076.8,1076.8,19916
2026-06-23T14:20:00+05:30,1077,1079.2,1076.5,1077.7,24191
2026-06-23T14:25:00+05:30,1078,1078.2,1076.2,1076.6,26119
2026-06-23T14:30:00+05:30,1076.6,1077.9,1076.4,1076.6,31627
2026-06-23T14:35:00+05:30,1076.6,1078.4,1076.5,1077.4,24953
2026-06-23T14:40:00+05:30,1077.4,1080,1076.9,1078.1,32399
2026-06-23T14:45:00+05:30,1078.1,1080,1077.8,1079.9,29654
2026-06-23T14:50:00+05:30,1079.4,1080.9,1077.9,1080.9,34270
2026-06-23T14:55:00+05:30,1080.9,1084,1079.5,1082.7,68448
2026-06-23T15:00:00+05:30,1082.7,1084,1077.9,1083.4,85482
2026-06-23T15:05:00+05:30,1083.4,1085.2,1082.5,1083,50939
2026-06-23T15:10:00+05:30,1083,1084.5,1082.2,1082.4,52575
2026-06-23T15:15:00+05:30,1082.9,1083.5,1080.3,1083.4,89631
2026-06-23T15:20:00+05:30,1083.1,1084,1081.9,1083.8,80417
2026-06-23T15:25:00+05:30,1083.8,1084.4,1080,1082.5,50709
2026-06-24T09:15:00+05:30,1076,1086,1074,1078.6,51952
2026-06-24T09:20:00+05:30,1078.6,1079.3,1076.2,1078.2,32114
2026-06-24T09:25:00+05:30,1078.2,1078.2,1076,1076.9,13657
2026-06-24T09:30:00+05:30,1077,1077.5,1074.4,1074.9,13977
2026-06-24T09:35:00+05:30,1075.3,1076.4,1072.1,1073.6,13401
2026-06-24T09:40:00+05:30,1073.6,1074.3,1071.3,1071.3,8516
2026-06-24T09:45:00+05:30,1071.5,1072,1065.9,1066.2,19344
2026-06-24T09:50:00+05:30,1066.2,1067.5,1064.5,1067.2,20668
2026-06-24T09:55:00+05:30,1067.5,1069,1065.6,1065.7,9792
2026-06-24T10:00:00+05:30,1066,1072,1065.8,1070.5,12915
2026-06-24T10:05:00+05:30,1070.5,1073.1,1069.1,1073,7330
2026-06-24T10:10:00+05:30,1073,1074.1,1071.4,1072.7,7390
2026-06-24T10:15:00+05:30,1072.7,1075,1072.7,1073.8,6869
2026-06-24T10:20:00+05:30,1074,1077.3,1073.8,1076.9,9806
2026-06-24T10:25:00+05:30,1076.9,1080.6,1076.1,1078.4,20523
2026-06-24T10:30:00+05:30,1078.4,1081,1077,1079.8,9922
2026-06-24T10:35:00+05:30,1079.8,1080.3,1077.1,1079.7,5972
2026-06-24T10:40:00+05:30,1079.7,1083,1079.7,1082,12873
2026-06-24T10:45:00+05:30,1082.3,1084,1082.1,1082.4,13984
2026-06-24T10:50:00+05:30,1082.6,1084.3,1081.1,1081.5,7427
2026-06-24T10:55:00+05:30,1081.7,1081.8,1076.5,1078.3,22708
2026-06-24T11:00:00+05:30,1078.3,1080.7,1077.7,1078.2,11832
2026-06-24T11:05:00+05:30,1078.1,1079.1,1076.8,1077,9457
2026-06-24T11:10:00+05:30,1077,1081.6,1077,1078.9,19254
2026-06-24T11:15:00+05:30,1078.9,1082.6,1078.7,1081.8,17224
2026-06-24T11:20:00+05:30,1081.8,1086.5,1081.8,1084.9,21935
2026-06-24T11:25:00+05:30,1084.9,1086.8,1084.7,1086.2,11376
2026-06-24T11:30:00+05:30,1086.2,1086.2,1084,1085.5,23789
2026-06-24T11:35:00+05:30,1085.2,1086.7,1084.7,1086,9681
2026-06-24T11:40:00+05:30,1086,1086.7,1085,1086.1,11869
2026-06-24T11:45:00+05:30,1086,1087.4,1085.6,1085.7,10893
2026-06-24T11:50:00+05:30,1085.7,1086.3,1083.9,1084.6,23080
2026-06-24T11:55:00+05:30,1084.6,1085.7,1084,1085.1,15684
2026-06-24T12:00:00+05:30,1085,1086.1,1085,1085.1,8824
2026-06-24T12:05:00+05:30,1085,1085.4,1085,1085,17513
2026-06-24T12:10:00+05:30,1085,1085.4,1084.5,1085.1,8179
2026-06-24T12:15:00+05:30,1085.1,1086.4,1085,1085.6,9665
2026-06-24T12:20:00+05:30,1085.6,1086.6,1085.4,1085.6,9434
2026-06-24T12:25:00+05:30,1085.6,1086.6,1084.7,1084.7,12780
2026-06-24T12:30:00+05:30,1084.7,1085.4,1079.2,1079.4,17406
2026-06-24T12:35:00+05:30,1080,1080.7,1078.4,1080.7,11873
2026-06-24T12:40:00+05:30,1080.7,1082.8,1080.3,1081.1,11876
2026-06-24T12:45:00+05:30,1081.1,1081.6,1080.3,1081,9885
2026-06-24T12:50:00+05:30,1081,1084,1080.5,1083.8,13845
2026-06-24T12:55:00+05:30,1083.8,1089.6,1083,1088.8,25942
2026-06-24T13:00:00+05:30,1088.5,1089.5,1088,1088.4,19360
2026-06-24T13:05:00+05:30,1088.4,1089.2,1087.6,1088.5,12827
2026-06-24T13:10:00+05:30,1088.6,1091.4,1087.9,1090.5,17384
2026-06-24T13:15:00+05:30,1090.5,1092.9,1090.5,1090.8,12766
2026-06-24T13:20:00+05:30,1090.9,1093.5,1089.8,1090,14326
2026-06-24T13:25:00+05:30,1090,1092.4,1089.4,1091,246470
2026-06-24T13:30:00+05:30,1091,1095,1091,1094.7,12655
2026-06-24T13:35:00+05:30,1094.7,1096.6,1090.6,1092.5,59293
2026-06-24T13:40:00+05:30,1092.7,1093.3,1090,1090.2,14402
2026-06-24T13:45:00+05:30,1090.2,1091,1089.4,1090.1,6975
2026-06-24T13:50:00+05:30,1090.1,1090.5,1088.5,1090,8001
2026-06-24T13:55:00+05:30,1090,1091,1089.1,1089.5,6491
2026-06-24T14:00:00+05:30,1089.5,1090,1088.4,1089.1,8434
2026-06-24T14:05:00+05:30,1089.1,1090.6,1089.1,1089.3,5574
2026-06-24T14:10:00+05:30,1089.3,1090.5,1089.1,1090,6345
2026-06-24T14:15:00+05:30,1090,1090.1,1086.6,1087.6,9538
2026-06-24T14:20:00+05:30,1087.9,1089,1086.7,1088.9,8232
2026-06-24T14:25:00+05:30,1088.5,1089.9,1088.1,1088.8,7137
2026-06-24T14:30:00+05:30,1088.5,1089,1087.3,1089,4680
2026-06-24T14:35:00+05:30,1089,1089.3,1086.1,1087.6,19780
2026-06-24T14:40:00+05:30,1087.6,1090,1087.6,1089.2,6359
2026-06-24T14:45:00+05:30,1089.2,1089.2,1086,1087.7,13286
2026-06-24T14:50:00+05:30,1088.5,1089.9,1087.9,1089.5,6869
2026-06-24T14:55:00+05:30,1089.5,1090.5,1088,1088.6,10875
2026-06-24T15:00:00+05:30,1088,1089.7,1087.5,1088.4,16957
2026-06-24T15:05:00+05:30,1088.2,1090.3,1087.3,1089.6,75181
2026-06-24T15:10:00+05:30,1089.6,1091.3,1088.1,1090.1,39695
2026-06-24T15:15:00+05:30,1090,1091.3,1088.7,1088.8,30954
2026-06-24T15:20:00+05:30,1088.8,1091.3,1088.4,1091.1,26491
2026-06-24T15:25:00+05:30,1091.1,1092.2,1090,1090,25195
2026-06-25T09:15:00+05:30,1089.7,1093,1080.1,1080.4,31782
2026-06-25T09:20:00+05:30,1080.1,1083.9,1079.1,1080.8,19648
2026-06-25T09:25:00+05:30,1081.3,1084.3,1079.5,1083.6,20536
2026-06-25T09:30:00+05:30,1083.6,1084.3,1080.3,1082.6,742022
2026-06-25T09:35:00+05:30,1082.6,1090.4,1082.5,1089.5,33687
2026-06-25T09:40:00+05:30,1089.1,1089.5,1086.6,1087.5,24992
2026-06-25T09:45:00+05:30,1087.5,1087.9,1085.8,1087,19242
2026-06-25T09:50:00+05:30,1087.8,1088.5,1085.2,1085.3,31100
2026-06-25T09:55:00+05:30,1085.3,1087,1084.3,1084.3,64017
2026-06-25T10:00:00+05:30,1084.3,1085.4,1081.3,1081.7,440962
2026-06-25T10:05:00+05:30,1081.8,1086.1,1080.5,1086,11331
2026-06-25T10:10:00+05:30,1086.2,1086.3,1084.7,1085.3,7873
2026-06-25T10:15:00+05:30,1085.4,1086.9,1085,1085,12440
2026-06-25T10:20:00+05:30,1084.8,1085.2,1081.8,1083.1,18391
2026-06-25T10:25:00+05:30,1083.7,1083.7,1080.5,1081,12779
2026-06-25T10:30:00+05:30,1081,1084.5,1079.2,1083.2,33128
2026-06-25T10:35:00+05:30,1083.2,1083.5,1082.6,1083,3426
2026-06-25T10:40:00+05:30,1082.7,1085,1082.2,1084.4,9983
2026-06-25T10:45:00+05:30,1084.4,1085.5,1084,1085,7735
2026-06-25T10:50:00+05:30,1084.8,1085,1083.4,1084,3094
2026-06-25T10:55:00+05:30,1084,1085,1083.3,1085,10240
2026-06-25T11:00:00+05:30,1085,1085,1082.7,1083.8,10680
2026-06-25T11:05:00+05:30,1084.1,1085.9,1082.8,1085.2,6029
2026-06-25T11:10:00+05:30,1085.2,1086.3,1083.7,1085.3,11535
2026-06-25T11:15:00+05:30,1085.3,1085.9,1084.2,1084.6,13657
2026-06-25T11:20:00+05:30,1085.1,1086.3,1084.3,1085,14618
2026-06-25T11:25:00+05:30,1084.7,1085.7,1082.8,1085,24563
2026-06-25T11:30:00+05:30,1085,1085.2,1082.5,1082.5,25435
2026-06-25T11:35:00+05:30,1082.2,1085.3,1082.2,1085,108211
2026-06-25T11:40:00+05:30,1084.9,1085.1,1081.6,1084.6,75341
2026-06-25T11:45:00+05:30,1084.6,1085.1,1075.6,1076.5,32922
2026-06-25T11:50:00+05:30,1076.5,1077.4,1074.5,1075.2,13409
2026-06-25T11:55:00+05:30,1075.2,1078.5,1075.1,1076.6,10652
2026-06-25T12:00:00+05:30,1076.6,1077.2,1075.6,1076,8890
2026-06-25T12:05:00+05:30,1076,1077.6,1075.6,1076.6,10440
2026-06-25T12:10:00+05:30,1076.6,1078.5,1076.6,1076.8,11320
2026-06-25T12:15:00+05:30,1076.8,1077.2,1075.7,1075.9,11033
2026-06-25T12:20:00+05:30,1075.9,1077.4,1072.3,1073,15035
2026-06-25T12:25:00+05:30,1073,1075,1072.2,1074.3,72757
2026-06-25T12:30:00+05:30,1074.3,1075.3,1072.7,1072.7,29963
2026-06-25T12:35:00+05:30,1072.9,1074.9,1072.1,1074,14264
2026-06-25T12:40:00+05:30,1074,1075,1073,1073.1,10286
2026-06-25T12:45:00+05:30,1073.1,1073.1,1072,1072.8,4105
2026-06-25T12:50:00+05:30,1072.5,1073.1,1069.9,1073.1,48046
2026-06-25T12:55:00+05:30,1072.6,1072.6,1068.9,1069.8,41279
2026-06-25T13:00:00+05:30,1069.8,1072.3,1069.1,1071.7,11548
2026-06-25T13:05:00+05:30,1071.7,1072,1069.8,1070.6,12972
2026-06-25T13:10:00+05:30,1071.1,1071.4,1069.6,1070,11212
2026-06-25T13:15:00+05:30,1069.9,1071.9,1069.5,1071.6,14565
2026-06-25T13:20:00+05:30,1071.8,1072.6,1070.8,1071,15687
2026-06-25T13:25:00+05:30,1071,1071.6,1070.6,1071,11672
2026-06-25T13:30:00+05:30,1070.9,1073.4,1070.9,1072.4,20127
2026-06-25T13:35:00+05:30,1072.9,1073.7,1071,1071.5,14347
2026-06-25T13:40:00+05:30,1071.5,1072.5,1071.1,1071.1,16587
2026-06-25T13:45:00+05:30,1071.1,1071.7,1069.4,1069.7,13925
2026-06-25T13:50:00+05:30,1070.2,1070.8,1068.7,1069,15047
2026-06-25T13:55:00+05:30,1068.8,1069.6,1067,1067,16126
2026-06-25T14:00:00+05:30,1066.5,1067.2,1062.7,1062.7,30145
2026-06-25T14:05:00+05:30,1063.6,1064.3,1060.5,1061.8,28305
2026-06-25T14:10:00+05:30,1061.8,1066.9,1060.4,1066.9,29251
2026-06-25T14:15:00+05:30,1066.9,1067.9,1065.4,1065.9,18521
2026-06-25T14:20:00+05:30,1065.9,1066.8,1065.4,1066.5,17956
2026-06-25T14:25:00+05:30,1066.7,1069.7,1066,1069.3,16870
2026-06-25T14:30:00+05:30,1069.3,1071.3,1068.2,1069.8,26424
2026-06-25T14:35:00+05:30,1069.8,1069.8,1065.5,1065.9,62896
2026-06-25T14:40:00+05:30,1065.9,1066.5,1063.2,1063.7,51889
2026-06-25T14:45:00+05:30,1063.7,1063.8,1061.3,1062.3,75748
2026-06-25T14:50:00+05:30,1062,1065,1061.9,1065,32247
2026-06-25T14:55:00+05:30,1065,1065.3,1061.1,1061.4,20875
2026-06-25T15:00:00+05:30,1061.4,1061.6,1059.3,1060,52135
2026-06-25T15:05:00+05:30,1060,1062.2,1059.4,1059.8,65582
2026-06-25T15:10:00+05:30,1059.8,1060,1058.7,1059,53426
2026-06-25T15:15:00+05:30,1059,1059.5,1057.7,1059.3,68432
2026-06-25T15:20:00+05:30,1059.3,1059.3,1056.9,1057.5,40456
2026-06-25T15:25:00+05:30,1057.7,1061,1056.3,1061,51111
2026-06-29T09:15:00+05:30,1059.6,1076.4,1056.6,1072,51474
2026-06-29T09:20:00+05:30,1070.8,1074.8,1070.7,1071,12585
2026-06-29T09:25:00+05:30,1071.6,1074.5,1070.8,1073.5,18795
2026-06-29T09:30:00+05:30,1073.5,1073.5,1070.3,1070.3,17908
2026-06-29T09:35:00+05:30,1069.9,1074,1069.2,1072.8,15408
2026-06-29T09:40:00+05:30,1072.8,1073.8,1070.6,1072.3,14050
2026-06-29T09:45:00+05:30,1072.3,1072.9,1071.2,1071.5,9816
2026-06-29T09:50:00+05:30,1071.5,1073.8,1070.7,1073,9978
2026-06-29T09:55:00+05:30,1073,1073.9,1072.2,1073.8,11032
2026-06-29T10:00:00+05:30,1073.6,1073.9,1072.5,1073.2,14295
2026-06-29T10:05:00+05:30,1072.7,1074.5,1072.6,1073.9,9699
2026-06-29T10:10:00+05:30,1073.7,1074.7,1072.6,1073,9787
2026-06-29T10:15:00+05:30,1073,1073.9,1072.6,1073.5,9361
2026-06-29T10:20:00+05:30,1073.3,1077,1073,1076.3,23297
2026-06-29T10:25:00+05:30,1076.4,1077.9,1075,1075,17247
2026-06-29T10:30:00+05:30,1074.8,1075.9,1073.3,1074.7,7991
2026-06-29T10:35:00+05:30,1074.6,1076.5,1074.6,1075.6,7412
2026-06-29T10:40:00+05:30,1075.6,1076.2,1074.7,1074.9,6909
2026-06-29T10:45:00+05:30,1075.6,1075.7,1073.9,1075,7863
2026-06-29T10:50:00+05:30,1074.9,1075.3,1074,1074,5644
2026-06-29T10:55:00+05:30,1074.1,1075.4,1073.8,1074.2,4907
2026-06-29T11:00:00+05:30,1074,1076.1,1073.9,1075.8,8636
2026-06-29T11:05:00+05:30,1075.8,1076.9,1074.1,1076.4,8269
2026-06-29T11:10:00+05:30,1076.3,1078.9,1076,1078.1,15042
2026-06-29T11:15:00+05:30,1078.1,1081.3,1077.1,1080.2,26576
2026-06-29T11:20:00+05:30,1080.5,1080.5,1077.7,1078.7,49290
2026-06-29T11:25:00+05:30,1078.6,1079.5,1076.9,1079,13106
2026-06-29T11:30:00+05:30,1078.8,1080.2,1075.4,1076.1,38850
2026-06-29T11:35:00+05:30,1076.1,1078,1076.1,1077,8256
2026-06-29T11:40:00+05:30,1076.8,1078,1076.2,1076.9,11512
2026-06-29T11:45:00+05:30,1076.9,1077.7,1076,1076.5,5441
2026-06-29T11:50:00+05:30,1076,1077.2,1075.2,1075.7,8864
2026-06-29T11:55:00+05:30,1075.9,1077,1075,1075.5,7095
2026-06-29T12:00:00+05:30,1075.5,1077.4,1074.8,1076.6,9607
2026-06-29T12:05:00+05:30,1076.6,1076.9,1075.5,1076.6,6718
2026-06-29T12:10:00+05:30,1076.5,1077.1,1075.6,1076.2,9060
2026-06-29T12:15:00+05:30,1076.1,1078.2,1075.6,1077.3,7614
2026-06-29T12:20:00+05:30,1077.9,1079.7,1076.9,1079,16461
2026-06-29T12:25:00+05:30,1079,1080,1077.2,1077.6,46632
2026-06-29T12:30:00+05:30,1077.6,1077.7,1075.1,1075.1,10685
2026-06-29T12:35:00+05:30,1075.1,1076.5,1075.1,1075.2,5849
2026-06-29T12:40:00+05:30,1075,1075.3,1074,1075,7700
2026-06-29T12:45:00+05:30,1074.9,1074.9,1073.2,1073.4,9495
2026-06-29T12:50:00+05:30,1073.4,1074.4,1072.2,1074.4,6833
2026-06-29T12:55:00+05:30,1074.1,1074.8,1073.2,1073.2,5287
2026-06-29T13:00:00+05:30,1073,1074.4,1072.9,1073.8,4816
2026-06-29T13:05:00+05:30,1073.8,1074.5,1073.1,1073.9,8027
2026-06-29T13:10:00+05:30,1073.9,1075.6,1073.8,1074.3,5846
2026-06-29T13:15:00+05:30,1074,1074.5,1072.4,1073.8,8416
2026-06-29T13:20:00+05:30,1073.7,1074.4,1071.9,1073,24567
2026-06-29T13:25:00+05:30,1072.5,1074.4,1072.2,1073,11085
2026-06-29T13:30:00+05:30,1072.5,1074.8,1072.4,1073.9,7631
2026-06-29T13:35:00+05:30,1073.5,1073.9,1072.6,1072.9,4457
2026-06-29T13:40:00+05:30,1072.6,1075,1072.6,1073.4,9519
2026-06-29T13:45:00+05:30,1073.4,1074.7,1073.1,1073.2,4816
2026-06-29T13:50:00+05:30,1073.2,1073.3,1071.9,1072.7,6996
2026-06-29T13:55:00+05:30,1072.5,1072.8,1071.5,1072.2,6421
2026-06-29T14:00:00+05:30,1072,1072.1,1070.5,1071.3,10884
2026-06-29T14:05:00+05:30,1071.5,1072.3,1071.4,1072,5045
2026-06-29T14:10:00+05:30,1072,1072.5,1071.4,1072.1,5013
2026-06-29T14:15:00+05:30,1072,1072.8,1071.4,1071.9,7554
2026-06-29T14:20:00+05:30,1071.4,1072.1,1070.2,1070.2,8047
2026-06-29T14:25:00+05:30,1070.2,1072,1070.1,1071.9,13903
2026-06-29T14:30:00+05:30,1071.5,1071.8,1067.5,1070.1,22664
2026-06-29T14:35:00+05:30,1070,1070.1,1069.1,1069.8,15611
2026-06-29T14:40:00+05:30,1069.4,1070.4,1069,1069.3,5100
2026-06-29T14:45:00+05:30,1069.3,1069.8,1068.3,1069.8,10378
2026-06-29T14:50:00+05:30,1069.7,1072.5,1069.7,1071.6,9088
2026-06-29T14:55:00+05:30,1071.5,1072,1068,1068,8855
2026-06-29T15:00:00+05:30,1067.6,1071.7,1067.5,1068.4,51913
2026-06-29T15:05:00+05:30,1068.2,1068.5,1066.2,1067.3,29943
2026-06-29T15:10:00+05:30,1066.9,1066.9,1064.4,1065.2,40382
2026-06-29T15:15:00+05:30,1065.2,1069.9,1064.2,1069.9,66974
2026-06-29T15:20:00+05:30,1069.5,1071.3,1068.7,1070.2,57630
2026-06-29T15:25:00+05:30,1070.2,1073.1,1069.2,1070.7,27197
2026-06-30T09:15:00+05:30,1068.8,1075,1067.5,1068.4,10406
2026-06-30T09:20:00+05:30,1068,1068.5,1065.5,1066,5231
2026-06-30T09:25:00+05:30,1065.3,1067.6,1065.1,1065.5,9080
2026-06-30T09:30:00+05:30,1065.5,1066.2,1063.2,1063.6,11813
2026-06-30T09:35:00+05:30,1063.2,1064.5,1060.1,1064.1,16117
2026-06-30T09:40:00+05:30,1063.1,1065.3,1062.7,1063.7,8621
2026-06-30T09:45:00+05:30,1063.6,1068.5,1062.4,1067,18613
2026-06-30T09:50:00+05:30,1066.8,1071.9,1066.7,1070.2,14883
2026-06-30T09:55:00+05:30,1070.2,1072.8,1070,1072,6701
2026-06-30T10:00:00+05:30,1072,1073.2,1070.1,1072.7,7204
2026-06-30T10:05:00+05:30,1073.1,1073.3,1070.2,1070.8,7524
2026-06-30T10:10:00+05:30,1071,1071.1,1068.8,1070.3,16577
2026-06-30T10:15:00+05:30,1069.8,1070.3,1066.3,1066.3,73975
2026-06-30T10:20:00+05:30,1066.5,1068.5,1066.2,1068.3,6838
2026-06-30T10:25:00+05:30,1068,1068.7,1067.2,1067.6,3351
2026-06-30T10:30:00+05:30,1067.5,1067.9,1066,1066,7894
2026-06-30T10:35:00+05:30,1066,1066.6,1065,1065.5,4463
2026-06-30T10:40:00+05:30,1065.4,1065.5,1064,1064,5051
2026-06-30T10:45:00+05:30,1063.6,1064.7,1063.5,1063.9,10740
2026-06-30T10:50:00+05:30,1063.9,1066.3,1063.9,1065.5,10045
2026-06-30T10:55:00+05:30,1065.5,1065.7,1064.2,1064.7,4844
2026-06-30T11:00:00+05:30,1064.7,1066.2,1063.2,1063.2,13782
2026-06-30T11:05:00+05:30,1062.8,1064.5,1060.7,1064.4,20333
2026-06-30T11:10:00+05:30,1064.5,1064.7,1063.1,1063.1,7625
2026-06-30T11:15:00+05:30,1063.2,1063.9,1062.2,1062.2,2985
2026-06-30T11:20:00+05:30,1062.2,1063.5,1061.2,1063.3,7356
2026-06-30T11:25:00+05:30,1063.3,1063.3,1060.3,1061.5,8140
2026-06-30T11:30:00+05:30,1061.2,1062,1060,1061,12614
2026-06-30T11:35:00+05:30,1061,1061,1058.7,1060.4,7445
2026-06-30T11:40:00+05:30,1060.4,1060.4,1058.6,1058.8,2624
2026-06-30T11:45:00+05:30,1058.8,1060.5,1058.6,1060.1,5505
2026-06-30T11:50:00+05:30,1060.1,1063.7,1060,1063.3,15255
2026-06-30T11:55:00+05:30,1063,1063.7,1062,1063.2,10563
2026-06-30T12:00:00+05:30,1063.1,1064.4,1063,1063.6,8987
2026-06-30T12:05:00+05:30,1064,1065.9,1063.8,1065.2,13765
2026-06-30T12:10:00+05:30,1065.1,1065.5,1064.1,1064.2,4098
2026-06-30T12:15:00+05:30,1064.2,1065.5,1064.1,1065,12399
2026-06-30T12:20:00+05:30,1065,1065.6,1064.5,1065.3,4814
2026-06-30T12:25:00+05:30,1065.4,1066.6,1065.3,1066,5448
2026-06-30T12:30:00+05:30,1066,1067.5,1064.2,1064.2,18192
2026-06-30T12:35:00+05:30,1064.2,1065,1064,1064.5,5022
2026-06-30T12:40:00+05:30,1064.5,1065,1063.5,1063.5,4538
2026-06-30T12:45:00+05:30,1063.6,1065,1063.6,1064.5,5802
2026-06-30T12:50:00+05:30,1064.8,1066.4,1064.6,1065.2,8518
2026-06-30T12:55:00+05:30,1065.2,1066,1064.2,1064.6,5739
2026-06-30T13:00:00+05:30,1064.7,1065.1,1058,1061,23106
2026-06-30T13:05:00+05:30,1061,1063.2,1061,1062.3,4346
2026-06-30T13:10:00+05:30,1062.1,1062.4,1061.1,1061.1,5274
2026-06-30T13:15:00+05:30,1061.2,1063.6,1061.2,1063.4,4821
2026-06-30T13:20:00+05:30,1063.2,1063.3,1061.6,1061.9,5521
2026-06-30T13:25:00+05:30,1061.8,1063.7,1061.8,1063.1,4246
2026-06-30T13:30:00+05:30,1063,1063.7,1062.9,1063.4,4358
2026-06-30T13:35:00+05:30,1063.4,1063.8,1062,1062.4,4563
2026-06-30T13:40:00+05:30,1062.1,1063.4,1061.4,1061.6,4709
2026-06-30T13:45:00+05:30,1061.8,1062.6,1061.3,1061.6,2657
2026-06-30T13:50:00+05:30,1061.7,1063,1061.4,1061.8,3165
2026-06-30T13:55:00+05:30,1062.1,1063.4,1060.5,1061.9,15394
2026-06-30T14:00:00+05:30,1061.9,1062.3,1060,1060.3,3632
2026-06-30T14:05:00+05:30,1060.7,1061.5,1060,1060.2,8512
2026-06-30T14:10:00+05:30,1060.2,1060.5,1058,1058,10597
2026-06-30T14:15:00+05:30,1057.7,1058.1,1055,1056,24805
2026-06-30T14:20:00+05:30,1055.9,1059,1055.7,1058.8,9546
2026-06-30T14:25:00+05:30,1059,1060,1057,1057.3,11127
2026-06-30T14:30:00+05:30,1057.1,1057.3,1054.4,1056.3,21384
2026-06-30T14:35:00+05:30,1056.2,1057.4,1055.2,1056.9,24135
2026-06-30T14:40:00+05:30,1056.8,1058,1056,1057.5,18877
2026-06-30T14:45:00+05:30,1057.6,1058.8,1056.4,1058.8,6141
2026-06-30T14:50:00+05:30,1058.6,1060.2,1058.2,1060.2,6610
2026-06-30T14:55:00+05:30,1060,1060.9,1057.7,1058.9,8481
2026-06-30T15:00:00+05:30,1057.9,1059.9,1056.1,1059.9,53065
2026-06-30T15:05:00+05:30,1060.5,1060.8,1058.4,1060,67244
2026-06-30T15:10:00+05:30,1060.1,1061.2,1060.1,1061.2,47385
2026-06-30T15:15:00+05:30,1061.1,1061.7,1059.5,1060.4,60646
2026-06-30T15:20:00+05:30,1060.3,1062.6,1059.5,1062.6,72668
2026-06-30T15:25:00+05:30,1063,1063,1058.9,1059.9,53023
2026-07-01T09:15:00+05:30,1045.5,1049.3,1024.9,1036.2,135088
2026-07-01T09:20:00+05:30,1035.9,1043.7,1035.4,1040,51651
2026-07-01T09:25:00+05:30,1038.9,1042.8,1035.3,1040.6,38164
2026-07-01T09:30:00+05:30,1041,1043.5,1036.4,1037,36963
2026-07-01T09:35:00+05:30,1037,1038.4,1036,1036.7,21141
2026-07-01T09:40:00+05:30,1036.5,1036.8,1034.1,1035,26855
2026-07-01T09:45:00+05:30,1035.2,1038.4,1034.8,1037.1,13661
2026-07-01T09:50:00+05:30,1037.1,1042.6,1037.1,1041.2,23599
2026-07-01T09:55:00+05:30,1041.2,1044.9,1040.1,1042.7,26384
2026-07-01T10:00:00+05:30,1042.2,1045.3,1040.1,1041.3,22620
2026-07-01T10:05:00+05:30,1040.8,1041.8,1035.9,1036.2,32080
2026-07-01T10:10:00+05:30,1036.1,1036.3,1034,1034.7,18828
2026-07-01T10:15:00+05:30,1034.9,1041.8,1034.9,1041.2,22811
2026-07-01T10:20:00+05:30,1041.3,1041.8,1038.3,1038.3,24596
2026-07-01T10:25:00+05:30,1038.3,1039.5,1036.8,1038.1,8233
2026-07-01T10:30:00+05:30,1038.1,1038.8,1036,1036.5,9374
2026-07-01T10:35:00+05:30,1036.7,1037.6,1035,1036,14555
2026-07-01T10:40:00+05:30,1036,1038,1035.5,1036.8,9066
2026-07-01T10:45:00+05:30,1036.8,1039.9,1036.8,1037.9,11691
2026-07-01T10:50:00+05:30,1037.9,1038.7,1036.4,1037.1,12953
2026-07-01T10:55:00+05:30,1037.1,1038.4,1036.7,1037.5,6264
2026-07-01T11:00:00+05:30,1037.5,1038.5,1036.4,1037,9726
2026-07-01T11:05:00+05:30,1037,1039.2,1036.6,1037.6,8163
2026-07-01T11:10:00+05:30,1037.6,1040.1,1035,1035.1,29443
2026-07-01T11:15:00+05:30,1035.1,1036,1031.9,1031.9,42538
2026-07-01T11:20:00+05:30,1031.9,1033.1,1031.4,1032.1,25551
2026-07-01T11:25:00+05:30,1031.5,1031.5,1029.1,1030.1,33673
2026-07-01T11:30:00+05:30,1030.1,1033.3,1029.6,1033.1,21492
2026-07-01T11:35:00+05:30,1033.1,1034.8,1029.6,1029.6,34797
2026-07-01T11:40:00+05:30,1029.6,1032.6,1029.6,1031.8,48746
2026-07-01T11:45:00+05:30,1031.7,1035.7,1030.4,1034,106290
2026-07-01T11:50:00+05:30,1034.2,1035.3,1032.2,1033.7,50943
2026-07-01T11:55:00+05:30,1033.7,1034.2,1032.6,1034.2,35684
2026-07-01T12:00:00+05:30,1034.2,1034.4,1030.8,1031.8,39252
2026-07-01T12:05:00+05:30,1031.8,1034.8,1031.1,1032.8,49585
2026-07-01T12:10:00+05:30,1032.7,1033.5,1031.6,1032.5,37589
2026-07-01T12:15:00+05:30,1032.5,1032.5,1030,1030.4,56625
2026-07-01T12:20:00+05:30,1030.3,1030.9,1029.5,1030,20670
2026-07-01T12:25:00+05:30,1029.8,1030.5,1028,1028.3,42518
2026-07-01T12:30:00+05:30,1028,1030.3,1026.1,1030,74337
2026-07-01T12:35:00+05:30,1030,1031,1030,1030.2,36792
2026-07-01T12:40:00+05:30,1030.2,1030.8,1026.6,1030.1,62841
2026-07-01T12:45:00+05:30,1030,1030.1,1030,1030,44926
2026-07-01T12:50:00+05:30,1030,1030.8,1028.7,1029.1,40129
2026-07-01T12:55:00+05:30,1029.1,1029.3,1026.7,1026.7,29996
2026-07-01T13:00:00+05:30,1026.7,1027.2,1024.2,1026,50424
2026-07-01T13:05:00+05:30,1026,1027.1,1025.4,1025.8,29803
2026-07-01T13:10:00+05:30,1026.3,1029,1025.8,1028.2,37288
2026-07-01T13:15:00+05:30,1028.9,1030.3,1028.2,1029.3,83156
2026-07-01T13:20:00+05:30,1029.3,1033.8,1029.2,1033,47574
2026-07-01T13:25:00+05:30,1033.1,1037.5,1032.9,1035.5,63951
2026-07-01T13:30:00+05:30,1035,1035.9,1034,1034.8,41169
2026-07-01T13:35:00+05:30,1034.8,1035.7,1034.4,1034.5,38674
2026-07-01T13:40:00+05:30,1034.9,1035.6,1034.1,1034.5,44302
2026-07-01T13:45:00+05:30,1034.5,1035.7,1033.8,1034.3,40124
2026-07-01T13:50:00+05:30,1034.3,1035,1031.2,1031.9,59860
2026-07-01T13:55:00+05:30,1031.9,1032.3,1029.1,1030.3,52727
2026-07-01T14:00:00+05:30,1030,1031.1,1029.1,1031,60341
2026-07-01T14:05:00+05:30,1031,1031.6,1029.5,1030.6,57106
2026-07-01T14:10:00+05:30,1030.3,1031,1029.2,1029.2,78480
2026-07-01T14:15:00+05:30,1029.2,1030,1026,1026.6,82518
2026-07-01T14:20:00+05:30,1026.1,1027.6,1026.1,1027.6,49246
2026-07-01T14:25:00+05:30,1026.8,1029.2,1026.6,1028.1,56626
2026-07-01T14:30:00+05:30,1028.1,1028.3,1026.8,1027.4,54919
2026-07-01T14:35:00+05:30,1027.4,1027.4,1024.9,1025.1,68295
2026-07-01T14:40:00+05:30,1025.1,1026.7,1024.5,1025.9,60817
2026-07-01T14:45:00+05:30,1026.3,1027.8,1025,1026.4,94419
2026-07-01T14:50:00+05:30,1025.9,1028.2,1025.6,1027.6,60657
2026-07-01T14:55:00+05:30,1027.6,1029.9,1027,1028.1,66487
2026-07-01T15:00:00+05:30,1028.5,1031.8,1027.7,1030.5,67490
2026-07-01T15:05:00+05:30,1030.3,1031.7,1030.1,1030.7,48834
2026-07-01T15:10:00+05:30,1030.7,1030.7,1028,1028.6,68090
2026-07-01T15:15:00+05:30,1028.5,1029.1,1027.6,1028.4,59864
2026-07-01T15:20:00+05:30,1028.2,1028.5,1026.1,1028,77049
2026-07-01T15:25:00+05:30,1028.3,1029.3,1026,1027,71488
2026-07-02T09:15:00+05:30,1034,1038.9,1033,1038.9,31924
2026-07-02T09:20:00+05:30,1038.2,1041.8,1037,1040.3,32448
2026-07-02T09:25:00+05:30,1040.8,1044,1039.6,1041.7,22776
2026-07-02T09:30:00+05:30,1040.3,1043.7,1040.3,1040.9,26063
2026-07-02T09:35:00+05:30,1040.9,1041.3,1038.6,1041,12259
2026-07-02T09:40:00+05:30,1041.4,1042.6,1040,1041.5,12500
2026-07-02T09:45:00+05:30,1041.5,1044.9,1041,1041.7,9582
2026-07-02T09:50:00+05:30,1042.2,1042.3,1040.4,1041.7,7504
2026-07-02T09:55:00+05:30,1041.9,1042.8,1041.2,1042.7,9139
2026-07-02T10:00:00+05:30,1042.6,1043.2,1041.6,1041.8,5807
2026-07-02T10:05:00+05:30,1041.8,1046.8,1041.7,1045.8,20998
2026-07-02T10:10:00+05:30,1046,1049.9,1045.8,1046.9,18689
2026-07-02T10:15:00+05:30,1046.9,1047.9,1045.4,1045.5,13874
2026-07-02T10:20:00+05:30,1045.8,1046.7,1044.6,1046.6,163088
2026-07-02T10:25:00+05:30,1046.2,1047.6,1046,1047.5,6605
2026-07-02T10:30:00+05:30,1047,1047.6,1046.4,1046.6,8916
2026-07-02T10:35:00+05:30,1046.5,1048.8,1046.5,1047.7,5687
2026-07-02T10:40:00+05:30,1048,1048,1046.9,1047.9,10264
2026-07-02T10:45:00+05:30,1047.9,1047.9,1046.6,1047,4701
2026-07-02T10:50:00+05:30,1046.6,1047.3,1046,1046.5,9384
2026-07-02T10:55:00+05:30,1047,1047.8,1046.6,1047.1,2777
2026-07-02T11:00:00+05:30,1047.7,1047.8,1046.5,1046.8,4401
2026-07-02T11:05:00+05:30,1047.3,1048.9,1046.5,1047.8,10087
2026-07-02T11:10:00+05:30,1048.1,1048.8,1046.5,1047.1,7849
2026-07-02T11:15:00+05:30,1047.5,1048,1046.5,1046.5,7189
2026-07-02T11:20:00+05:30,1047,1047,1043.6,1044.6,17395
2026-07-02T11:25:00+05:30,1044.4,1044.5,1040.4,1040.4,9497
2026-07-02T11:30:00+05:30,1040.4,1040.5,1037.4,1038.1,13829
2026-07-02T11:35:00+05:30,1038,1038,1035.5,1036.1,16829
2026-07-02T11:40:00+05:30,1036.1,1036.9,1034.9,1035.4,10991
2026-07-02T11:45:00+05:30,1035.4,1038.1,1035.4,1036.8,12941
2026-07-02T11:50:00+05:30,1037.3,1038.6,1036.8,1037.6,9391
2026-07-02T11:55:00+05:30,1037.6,1038.3,1037.1,1037.1,8899
2026-07-02T12:00:00+05:30,1037.5,1037.6,1036.1,1036.1,10252
2026-07-02T12:05:00+05:30,1036.6,1037.6,1036.1,1036.9,13985
2026-07-02T12:10:00+05:30,1036.9,1040.3,1036.1,1038.6,15974
2026-07-02T12:15:00+05:30,1039.2,1040.6,1038.6,1040.5,11584
2026-07-02T12:20:00+05:30,1040.4,1040.4,1038.5,1038.5,5792
2026-07-02T12:25:00+05:30,1039.1,1041.3,1038.4,1040.9,10367
2026-07-02T12:30:00+05:30,1040.9,1040.9,1039.7,1039.7,6476
2026-07-02T12:35:00+05:30,1040,1040.3,1038.3,1039,9554
2026-07-02T12:40:00+05:30,1040.4,1041.4,1040,1040,3143
2026-07-02T12:45:00+05:30,1040.3,1040.3,1039.5,1039.6,503
2026-07-02T12:50:00+05:30,1039.9,1039.9,1038.2,1038.2,1906
2026-07-02T12:55:00+05:30,1038.5,1038.5,1037.4,1038.1,884
2026-07-02T13:00:00+05:30,1038.6,1039.9,1037.9,1039.5,1188
2026-07-02T13:05:00+05:30,1039.4,1040.9,1039.4,1040.1,2578
2026-07-02T13:10:00+05:30,1040.6,1040.7,1039.8,1040.7,1175
2026-07-02T13:15:00+05:30,1040.7,1040.7,1039.5,1039.7,1751
2026-07-02T13:20:00+05:30,1040,1041.2,1039.4,1041.2,4327
2026-07-02T13:25:00+05:30,1041.4,1041.6,1039.7,1040.2,2583
2026-07-02T13:30:00+05:30,1040.2,1041.9,1039.7,1040.9,4617
2026-07-02T13:35:00+05:30,1041.6,1041.6,1040.2,1041.2,1942
2026-07-02T13:40:00+05:30,1041.5,1041.5,1039.9,1039.9,3686
2026-07-02T13:45:00+05:30,1040,1040.5,1038.7,1039.9,5690
2026-07-02T13:50:00+05:30,1040.7,1041.6,1040.2,1040.8,2142
2026-07-02T13:55:00+05:30,1040.9,1041.4,1040.1,1040.9,2396
2026-07-02T14:00:00+05:30,1041.4,1041.4,1040.7,1041.4,1234
2026-07-02T14:05:00+05:30,1041.4,1041.6,1041,1041.1,3677
2026-07-02T14:10:00+05:30,1041.6,1041.8,1040.8,1041.4,8507
2026-07-02T14:15:00+05:30,1041.5,1041.5,1040.5,1040.8,986
2026-07-02T14:20:00+05:30,1041,1042.5,1040.6,1041.2,3901
2026-07-02T14:25:00+05:30,1041.6,1042,1040.6,1040.8,1777
2026-07-02T14:30:00+05:30,1040.8,1041.7,1040.7,1040.7,1965
2026-07-02T14:35:00+05:30,1041.2,1042,1040.1,1041.9,2911
2026-07-02T14:40:00+05:30,1041.9,1042.5,1041,1041.4,8860
2026-07-02T14:45:00+05:30,1041.8,1042.3,1041.2,1041.5,5148
2026-07-02T14:50:00+05:30,1041.9,1042.2,1041.5,1041.6,1755
2026-07-02T14:55:00+05:30,1042,1043.5,1041.1,1043,10614
2026-07-02T15:00:00+05:30,1043.2,1043.2,1042.2,1043,6092
2026-07-02T15:05:00+05:30,1043,1044.7,1042.9,1044,8219
2026-07-02T15:10:00+05:30,1044,1045,1043.6,1044.6,8959
2026-07-02T15:15:00+05:30,1044.6,1044.6,1043.7,1043.9,9447
2026-07-02T15:20:00+05:30,1044.2,1044.7,1043.4,1043.6,20884
2026-07-02T15:25:00+05:30,1043.9,1044.3,1042.8,1043,22014
2026-07-03T09:15:00+05:30,1052.4,1068.6,1052.4,1063.4,87706
2026-07-03T09:20:00+05:30,1063.4,1069.4,1060,1065.7,32872
2026-07-03T09:25:00+05:30,1065.4,1068.6,1064.5,1068.6,26410
2026-07-03T09:30:00+05:30,1068.7,1069.8,1066.3,1068.5,23288
2026-07-03T09:35:00+05:30,1067.8,1069.7,1066.4,1067.6,21595
2026-07-03T09:40:00+05:30,1067.6,1072,1066,1071.6,61555
2026-07-03T09:45:00+05:30,1072,1072.8,1069.6,1071.1,43615
2026-07-03T09:50:00+05:30,1069.8,1071.8,1069.3,1071.6,13546
2026-07-03T09:55:00+05:30,1070.8,1073.6,1070.6,1071.9,21573
2026-07-03T10:00:00+05:30,1072.7,1073.8,1070.1,1071.3,27083
2026-07-03T10:05:00+05:30,1071.3,1071.6,1069,1070.9,31019
2026-07-03T10:10:00+05:30,1071.1,1071.1,1067.5,1069.8,24476
2026-07-03T10:15:00+05:30,1070.2,1070.4,1061.9,1063,33801
2026-07-03T10:20:00+05:30,1062.8,1063.3,1061,1062.5,7832
2026-07-03T10:25:00+05:30,1062.6,1063,1060.7,1061,8136
2026-07-03T10:30:00+05:30,1061,1061.6,1057.7,1059,9595
2026-07-03T10:35:00+05:30,1059,1059.6,1058.1,1058.4,5313
2026-07-03T10:40:00+05:30,1057.4,1058.5,1053.9,1054.2,20542
2026-07-03T10:45:00+05:30,1054.3,1055.1,1053.5,1054.5,6847
2026-07-03T10:50:00+05:30,1054.5,1054.5,1053,1053.2,5400
2026-07-03T10:55:00+05:30,1053.2,1057.8,1053.1,1056,19864
2026-07-03T11:00:00+05:30,1056.7,1057.9,1055.5,1056.3,8462
2026-07-03T11:05:00+05:30,1056.3,1060.3,1056.3,1058.9,21565
2026-07-03T11:10:00+05:30,1058.6,1059.6,1058.4,1058.8,4640
2026-07-03T11:15:00+05:30,1058.8,1059.8,1058,1059,21760
2026-07-03T11:20:00+05:30,1059,1059.9,1058.6,1059,7198
2026-07-03T11:25:00+05:30,1058.6,1059.7,1058.6,1059.5,4171
2026-07-03T11:30:00+05:30,1059.5,1060,1058.7,1058.8,6386
2026-07-03T11:35:00+05:30,1058.8,1059.9,1058.8,1059.5,1621
2026-07-03T11:40:00+05:30,1059.5,1063,1059.1,1061,9007
2026-07-03T11:45:00+05:30,1061.4,1062.6,1060.8,1062.6,7081
2026-07-03T11:50:00+05:30,1062.6,1064,1062.6,1063.3,6718
2026-07-03T11:55:00+05:30,1064,1064.3,1063.3,1063.9,2942
2026-07-03T12:00:00+05:30,1063.9,1064,1062.4,1063,2693
2026-07-03T12:05:00+05:30,1063,1063.3,1061.6,1062.5,3010
2026-07-03T12:10:00+05:30,1062.5,1062.8,1060.7,1060.7,2663
2026-07-03T12:15:00+05:30,1060.7,1061.2,1059.1,1060.1,5079
2026-07-03T12:20:00+05:30,1059.3,1059.9,1055.7,1056,17278
2026-07-03T12:25:00+05:30,1056,1057.2,1055.3,1057.2,3158
2026-07-03T12:30:00+05:30,1057.2,1057.4,1056.5,1057.1,2288
2026-07-03T12:35:00+05:30,1057.1,1057.1,1055.1,1056.1,1700
2026-07-03T12:40:00+05:30,1056.1,1056.3,1055,1055.2,8723
2026-07-03T12:45:00+05:30,1055.9,1057.3,1054.7,1057.1,2974
2026-07-03T12:50:00+05:30,1057.1,1060.2,1056.9,1058.9,18351
2026-07-03T12:55:00+05:30,1058.9,1059.9,1058.2,1058.9,3171
2026-07-03T13:00:00+05:30,1058.4,1059.9,1058.4,1058.7,4929
2026-07-03T13:05:00+05:30,1058.7,1060,1058.1,1058.9,10703
2026-07-03T13:10:00+05:30,1058.9,1059.8,1058.4,1059.5,1620
2026-07-03T13:15:00+05:30,1059.5,1059.6,1058.3,1059.4,899
2026-07-03T13:20:00+05:30,1059.4,1063.3,1059.4,1061.5,16644
2026-07-03T13:25:00+05:30,1061.5,1061.5,1059,1059.7,2143
2026-07-03T13:30:00+05:30,1059.7,1059.8,1058.1,1058.8,11393
2026-07-03T13:35:00+05:30,1058.8,1059,1058.2,1058.4,3136
2026-07-03T13:40:00+05:30,1058.4,1059.5,1058.4,1058.9,2149
2026-07-03T13:45:00+05:30,1058.9,1059.4,1058.2,1059.4,973
2026-07-03T13:50:00+05:30,1059.4,1059.6,1058.3,1059.2,628
2026-07-03T13:55:00+05:30,1059.2,1059.2,1058.2,1058.7,1441
2026-07-03T14:00:00+05:30,1058.7,1059.1,1058.1,1058.5,3453
2026-07-03T14:05:00+05:30,1058.5,1058.5,1058.1,1058.5,814
2026-07-03T14:10:00+05:30,1058.5,1059.8,1058.1,1058.2,3508
2026-07-03T14:15:00+05:30,1058.5,1058.8,1056.7,1057.1,6433
2026-07-03T14:20:00+05:30,1057.7,1058.6,1057,1058.3,2693
2026-07-03T14:25:00+05:30,1058.3,1058.3,1056.3,1057,2548
2026-07-03T14:30:00+05:30,1057,1057.8,1056.2,1057.2,1621
2026-07-03T14:35:00+05:30,1057,1057.4,1054.7,1054.8,5943
2026-07-03T14:40:00+05:30,1054.8,1055.4,1053.8,1054.2,4687
2026-07-03T14:45:00+05:30,1054.2,1054.6,1053.3,1054.5,3915
2026-07-03T14:50:00+05:30,1054.5,1054.5,1053,1053.7,12935
2026-07-03T14:55:00+05:30,1053.5,1054.3,1051,1052.1,19546
2026-07-03T15:00:00+05:30,1052.4,1055.4,1051.9,1054,15539
2026-07-03T15:05:00+05:30,1054,1055.2,1053.5,1054.5,6924
2026-07-03T15:10:00+05:30,1054.5,1055,1054,1054,8879
2026-07-03T15:15:00+05:30,1054,1054.5,1052.2,1052.9,18107
2026-07-03T15:20:00+05:30,1052.9,1054.7,1052.9,1054.5,34382
2026-07-03T15:25:00+05:30,1054.5,1055.5,1054,1054,18689
2026-07-06T09:15:00+05:30,1058.5,1058.5,1046.4,1053.6,22120
2026-07-06T09:20:00+05:30,1053.6,1053.6,1048.6,1048.6,11068
2026-07-06T09:25:00+05:30,1048.6,1050.5,1045.9,1049,29689
2026-07-06T09:30:00+05:30,1049,1055.4,1048.7,1054.5,37037
2026-07-06T09:35:00+05:30,1054.5,1055,1054,1054.1,5582
2026-07-06T09:40:00+05:30,1054.1,1060,1054.1,1058.4,14618
2026-07-06T09:45:00+05:30,1058.1,1058.8,1056.5,1056.6,3313
2026-07-06T09:50:00+05:30,1056.6,1057.4,1055.9,1056.9,2766
2026-07-06T09:55:00+05:30,1056.9,1057.1,1054,1055.4,9223
2026-07-06T10:00:00+05:30,1055.8,1057.9,1055.8,1057.2,2264
2026-07-06T10:05:00+05:30,1057.2,1057.5,1056.1,1056.7,3264
2026-07-06T10:10:00+05:30,1056.7,1058.1,1055.9,1058,2614
2026-07-06T10:15:00+05:30,1058,1061.4,1057.6,1061.2,12438
2026-07-06T10:20:00+05:30,1061,1063.5,1060.9,1063.5,11694
2026-07-06T10:25:00+05:30,1063.2,1063.9,1061,1061.4,5007
2026-07-06T10:30:00+05:30,1061.7,1061.8,1057.3,1058.1,7820
2026-07-06T10:35:00+05:30,1058,1059.8,1057.6,1059.6,5438
2026-07-06T10:40:00+05:30,1059.6,1060.6,1059,1060.6,4275
2026-07-06T10:45:00+05:30,1060.6,1060.6,1059.2,1060.4,3315
2026-07-06T10:50:00+05:30,1060.4,1060.4,1058.7,1059.5,1779
2026-07-06T10:55:00+05:30,1060.2,1061.4,1060,1060.1,3665
2026-07-06T11:00:00+05:30,1060.1,1061.9,1060,1061.3,4181
2026-07-06T11:05:00+05:30,1061.3,1064,1060.3,1062.5,58407
2026-07-06T11:10:00+05:30,1062.8,1063.3,1062.1,1062.1,1961
2026-07-06T11:15:00+05:30,1062.1,1062.7,1061.5,1062,2016
2026-07-06T11:20:00+05:30,1062,1065.5,1062,1065.3,35928
2026-07-06T11:25:00+05:30,1065.1,1065.3,1060.8,1064.4,89741
2026-07-06T11:30:00+05:30,1064.7,1064.7,1062.5,1063.4,4405
2026-07-06T11:35:00+05:30,1063.8,1063.8,1061.4,1061.9,2206
2026-07-06T11:40:00+05:30,1062.5,1062.8,1061.6,1062.2,1965
2026-07-06T11:45:00+05:30,1062.2,1062.8,1061.6,1061.7,4250
2026-07-06T11:50:00+05:30,1062.2,1062.3,1060.4,1061.5,4081
2026-07-06T11:55:00+05:30,1061.5,1063,1060.9,1063,1190
2026-07-06T12:00:00+05:30,1063.3,1064.1,1063.3,1063.8,572
2026-07-06T12:05:00+05:30,1063.9,1064,1062,1062,1169
2026-07-06T12:10:00+05:30,1062,1062.9,1061,1062.9,1902
2026-07-06T12:15:00+05:30,1062.9,1064.8,1060.5,1060.9,7376
2026-07-06T12:20:00+05:30,1060.9,1061.5,1060.4,1061.1,990
2026-07-06T12:25:00+05:30,1061.1,1061.6,1060,1060.3,1673
2026-07-06T12:30:00+05:30,1060.3,1062.4,1060.2,1062,3845
2026-07-06T12:35:00+05:30,1062,1062,1060.6,1061.5,2552
2026-07-06T12:40:00+05:30,1061.5,1061.5,1060.9,1061.3,342
2026-07-06T12:45:00+05:30,1061.3,1061.5,1061.1,1061.2,1265
2026-07-06T12:50:00+05:30,1061.2,1062,1061.1,1061.5,2616
2026-07-06T12:55:00+05:30,1061.5,1062,1061.5,1062,365
2026-07-06T13:00:00+05:30,1062,1062,1061.5,1062,131
2026-07-06T13:05:00+05:30,1062,1062,1060,1060,8308
2026-07-06T13:10:00+05:30,1060.4,1061.5,1058.7,1059.8,14289
2026-07-06T13:15:00+05:30,1059.8,1060,1059.5,1059.9,2481
2026-07-06T13:20:00+05:30,1059.9,1060,1059.1,1059.2,2502
2026-07-06T13:25:00+05:30,1059.2,1063.7,1059.2,1063.7,44252
2026-07-06T13:30:00+05:30,1063.7,1063.8,1062.6,1062.7,2071
2026-07-06T13:35:00+05:30,1062.7,1063.9,1062.7,1063.6,3417
2026-07-06T13:40:00+05:30,1063.6,1063.8,1062.8,1063.4,2450
2026-07-06T13:45:00+05:30,1063.4,1063.4,1062.7,1063.1,588
2026-07-06T13:50:00+05:30,1063.1,1063.1,1062.1,1062.4,1600
2026-07-06T13:55:00+05:30,1062.4,1065,1061.9,1062,95827
2026-07-06T14:00:00+05:30,1062,1065.3,1062,1064.5,13342
2026-07-06T14:05:00+05:30,1064.5,1065.5,1063.9,1064.1,29276
2026-07-06T14:10:00+05:30,1063.9,1065.1,1063.1,1063.3,72723
2026-07-06T14:15:00+05:30,1063.3,1065.1,1062,1064.8,50946
2026-07-06T14:20:00+05:30,1064.8,1065.4,1064.5,1065.4,1612
2026-07-06T14:25:00+05:30,1065.4,1065.4,1062.9,1065.2,55888
2026-07-06T14:30:00+05:30,1065.2,1065.2,1064.4,1065.1,10001
2026-07-06T14:35:00+05:30,1065,1065.1,1064.6,1065,6814
2026-07-06T14:40:00+05:30,1065.1,1065.1,1064.6,1064.7,73387
2026-07-06T14:45:00+05:30,1065,1065.1,1061.8,1061.8,148779
2026-07-06T14:50:00+05:30,1061.9,1062.3,1059.2,1059.2,20765
2026-07-06T14:55:00+05:30,1059.6,1061.3,1059,1061.3,6149
2026-07-06T15:00:00+05:30,1061.3,1062,1060.8,1060.8,22709
2026-07-06T15:05:00+05:30,1060.9,1062,1058.8,1059.5,32551
2026-07-06T15:10:00+05:30,1059.3,1060.1,1058.9,1059.1,17490
2026-07-06T15:15:00+05:30,1059.3,1059.6,1058.2,1058.7,17885
2026-07-06T15:20:00+05:30,1059.6,1060,1057.5,1058.7,54889
2026-07-06T15:25:00+05:30,1058.7,1060,1057.5,1058.2,36290
2026-07-07T09:15:00+05:30,1053.9,1053.9,1036.8,1039,56672
2026-07-07T09:20:00+05:30,1038.8,1040.2,1036.2,1039,25089
2026-07-07T09:25:00+05:30,1039,1042.1,1039,1040.4,6161
2026-07-07T09:30:00+05:30,1040.5,1040.5,1035.6,1036.6,20236
2026-07-07T09:35:00+05:30,1035.9,1038,1035.8,1036.4,9796
2026-07-07T09:40:00+05:30,1037,1040.5,1036.9,1038.6,11615
2026-07-07T09:45:00+05:30,1038.6,1043,1038.6,1039,13634
2026-07-07T09:50:00+05:30,1039,1041.9,1038.9,1040.5,7590
2026-07-07T09:55:00+05:30,1040.2,1042.6,1039.6,1041.3,12979
2026-07-07T10:00:00+05:30,1041.4,1042.9,1040.8,1040.9,4836
2026-07-07T10:05:00+05:30,1040.9,1041,1039,1039.2,5241
2026-07-07T10:10:00+05:30,1039,1040,1038.2,1039.4,5006
2026-07-07T10:15:00+05:30,1039.4,1043.6,1038.5,1043.2,16264
2026-07-07T10:20:00+05:30,1043.2,1044.5,1042.7,1043.3,15482
2026-07-07T10:25:00+05:30,1042.9,1043,1042,1042.4,4087
2026-07-07T10:30:00+05:30,1042.4,1043.9,1042.4,1043.5,5918
2026-07-07T10:35:00+05:30,1043.8,1043.8,1043.3,1043.5,1167
2026-07-07T10:40:00+05:30,1043.5,1043.5,1039.3,1039.4,5942
2026-07-07T10:45:00+05:30,1039.4,1041,1039.4,1040.9,5261
2026-07-07T10:50:00+05:30,1040.9,1041.5,1040.1,1041.5,1188
2026-07-07T10:55:00+05:30,1041,1041.6,1040.2,1040.9,3074
2026-07-07T11:00:00+05:30,1040.9,1041.6,1039.5,1040,4744
2026-07-07T11:05:00+05:30,1040,1042.2,1039.8,1042.1,12038
2026-07-07T11:10:00+05:30,1042.1,1042.1,1041,1041.8,4477
2026-07-07T11:15:00+05:30,1041.2,1041.7,1041,1041.3,2258
2026-07-07T11:20:00+05:30,1041.3,1041.8,1040.2,1041.4,2936
2026-07-07T11:25:00+05:30,1041.4,1045.4,1041.4,1045,15020
2026-07-07T11:30:00+05:30,1044.9,1045.9,1042.1,1042.3,4722
2026-07-07T11:35:00+05:30,1042.7,1043,1041.6,1041.7,4687
2026-07-07T11:40:00+05:30,1041.7,1041.9,1040.3,1040.8,1499
2026-07-07T11:45:00+05:30,1040.8,1041,1040.5,1041,3303
2026-07-07T11:50:00+05:30,1041,1041,1039.8,1039.8,5712
2026-07-07T11:55:00+05:30,1039.9,1041,1039.8,1040,5668
2026-07-07T12:00:00+05:30,1039.8,1040.2,1037.5,1038.2,11883
2026-07-07T12:05:00+05:30,1038.4,1039.5,1037.4,1038.6,39090
2026-07-07T12:10:00+05:30,1038.6,1040.7,1038.2,1040.2,5951
2026-07-07T12:15:00+05:30,1040.2,1041.3,1039.9,1040,5336
2026-07-07T12:20:00+05:30,1040,1041,1040,1040.4,3679
2026-07-07T12:25:00+05:30,1040.4,1043.4,1040,1043.3,5121
2026-07-07T12:30:00+05:30,1043.1,1044.3,1042.4,1043.5,4729
2026-07-07T12:35:00+05:30,1043.5,1043.9,1042.1,1043,5484
2026-07-07T12:40:00+05:30,1043,1044.7,1042.6,1044.7,4066
2026-07-07T12:45:00+05:30,1044.1,1044.9,1043.5,1044.1,3474
2026-07-07T12:50:00+05:30,1044.1,1045.1,1043.8,1043.9,2287
2026-07-07T12:55:00+05:30,1043.9,1045.4,1043.8,1044.2,11835
2026-07-07T13:00:00+05:30,1044.3,1044.8,1038.8,1040.4,17118
2026-07-07T13:05:00+05:30,1040.1,1040.4,1035,1037,36184
2026-07-07T13:10:00+05:30,1037,1037.6,1035.2,1036.6,16195
2026-07-07T13:15:00+05:30,1036.6,1037.4,1036.1,1036.1,5108
2026-07-07T13:20:00+05:30,1036.1,1036.9,1035.6,1036.6,7691
2026-07-07T13:25:00+05:30,1036.6,1037.8,1036.6,1037,6125
2026-07-07T13:30:00+05:30,1037,1037.3,1034.8,1034.9,9269
2026-07-07T13:35:00+05:30,1034.9,1035.7,1034.8,1035.1,5620
2026-07-07T13:40:00+05:30,1035.1,1036,1033.7,1035.4,21021
2026-07-07T13:45:00+05:30,1035.4,1035.9,1035.2,1035.5,2391
2026-07-07T13:50:00+05:30,1035.5,1035.9,1035.5,1035.6,4810
2026-07-07T13:55:00+05:30,1035.6,1036.2,1035.4,1035.6,10331
2026-07-07T14:00:00+05:30,1035.6,1035.9,1035.6,1035.6,4999
2026-07-07T14:05:00+05:30,1035.6,1035.9,1035.6,1035.8,3086
2026-07-07T14:10:00+05:30,1035.8,1036.1,1035.5,1035.7,21729
2026-07-07T14:15:00+05:30,1035.7,1036.3,1032,1032,33678
2026-07-07T14:20:00+05:30,1032,1032.2,1031,1031.1,21148
2026-07-07T14:25:00+05:30,1031.1,1031.7,1029.8,1030.1,62399
2026-07-07T14:30:00+05:30,1030.1,1031,1028.6,1029,82793
2026-07-07T14:35:00+05:30,1029,1032.6,1027.3,1031.9,126641
2026-07-07T14:40:00+05:30,1031.9,1034,1030.2,1033,36474
2026-07-07T14:45:00+05:30,1033,1035,1033,1034.8,10917
2026-07-07T14:50:00+05:30,1034.8,1038.2,1034.8,1037.7,16892
2026-07-07T14:55:00+05:30,1037.7,1039.8,1037.1,1038.4,29187
2026-07-07T15:00:00+05:30,1038.5,1038.5,1036.2,1036.5,21350
2026-07-07T15:05:00+05:30,1036.8,1037.1,1035.2,1036.4,17193
2026-07-07T15:10:00+05:30,1036.4,1036.5,1032.9,1033,16024
2026-07-07T15:15:00+05:30,1033.1,1036.6,1033,1036.1,80898
2026-07-07T15:20:00+05:30,1035.8,1037.5,1032.3,1037.3,41260
2026-07-07T15:25:00+05:30,1037.1,1038,1034.4,1037.5,40468
2026-07-08T09:15:00+05:30,1029.2,1031.5,1024.9,1030.8,21665
2026-07-08T09:20:00+05:30,1029.5,1033.8,1029.5,1033.2,14570
2026-07-08T09:25:00+05:30,1033.2,1038.2,1032.9,1036.4,19869
2026-07-08T09:30:00+05:30,1036.3,1036.4,1034.6,1034.9,8012
2026-07-08T09:35:00+05:30,1034.4,1035.5,1033.6,1035,6736
2026-07-08T09:40:00+05:30,1036.7,1041.9,1036.1,1039.3,17817
2026-07-08T09:45:00+05:30,1039.7,1041.6,1039.3,1040.7,9328
2026-07-08T09:50:00+05:30,1040.6,1043.5,1038.7,1038.7,12388
2026-07-08T09:55:00+05:30,1038.7,1042.3,1038.7,1042.3,6235
2026-07-08T10:00:00+05:30,1042.3,1044.5,1041.4,1042.8,11798
2026-07-08T10:05:00+05:30,1042.8,1044.4,1042.6,1044.4,5010
2026-07-08T10:10:00+05:30,1044.1,1044.1,1043.1,1043.3,4291
2026-07-08T10:15:00+05:30,1043.3,1044.5,1042.9,1043.4,6295
2026-07-08T10:20:00+05:30,1043.4,1043.9,1042.4,1043.4,7167
2026-07-08T10:25:00+05:30,1043.4,1046,1043.4,1045.5,11091
2026-07-08T10:30:00+05:30,1045.5,1045.5,1044.3,1044.7,7256
2026-07-08T10:35:00+05:30,1044.7,1048,1044.7,1046.6,14874
2026-07-08T10:40:00+05:30,1046.6,1047.2,1044,1046,10944
2026-07-08T10:45:00+05:30,1046,1046,1042.1,1042.6,13340
2026-07-08T10:50:00+05:30,1042.6,1043.3,1041,1042.2,10691
2026-07-08T10:55:00+05:30,1042.2,1042.2,1041.6,1041.7,3134
2026-07-08T11:00:00+05:30,1041.7,1042.5,1041.7,1042.1,2475
2026-07-08T11:05:00+05:30,1042.1,1042.6,1038.6,1041.3,18184
2026-07-08T11:10:00+05:30,1041.3,1042.2,1040.8,1041.3,4871
2026-07-08T11:15:00+05:30,1041.3,1041.3,1038.5,1038.8,11195
2026-07-08T11:20:00+05:30,1038.7,1040.2,1038.2,1039.7,4634
2026-07-08T11:25:00+05:30,1039.7,1040.8,1036,1036.2,61506
2026-07-08T11:30:00+05:30,1036.2,1036.9,1035.3,1035.7,8806
2026-07-08T11:35:00+05:30,1035.2,1036.8,1035.1,1036.2,8201
2026-07-08T11:40:00+05:30,1036.2,1037,1036,1036.3,7069
2026-07-08T11:45:00+05:30,1036.3,1038.3,1036.3,1037,49458
2026-07-08T11:50:00+05:30,1037,1039.6,1036.5,1038.9,19839
2026-07-08T11:55:00+05:30,1038.9,1039,1037.9,1038.5,4312
2026-07-08T12:00:00+05:30,1038.5,1038.9,1038,1038,5192
2026-07-08T12:05:00+05:30,1038,1038.8,1037.9,1037.9,4926
2026-07-08T12:10:00+05:30,1037.3,1037.6,1036.2,1037,5547
2026-07-08T12:15:00+05:30,1037,1038.3,1036.5,1037.7,6221
2026-07-08T12:20:00+05:30,1037.7,1038.2,1037,1037.5,9067
2026-07-08T12:25:00+05:30,1037.5,1038.1,1035.4,1036,6947
2026-07-08T12:30:00+05:30,1035.6,1036.5,1033.8,1034.8,24372
2026-07-08T12:35:00+05:30,1034.8,1034.8,1032.8,1032.8,7929
2026-07-08T12:40:00+05:30,1033.3,1034.5,1032.5,1033.9,6003
2026-07-08T12:45:00+05:30,1033.9,1035.9,1033.8,1035,5139
2026-07-08T12:50:00+05:30,1035.7,1037.1,1034.7,1035.6,9428
2026-07-08T12:55:00+05:30,1035.6,1036.7,1035.4,1036,5261
2026-07-08T13:00:00+05:30,1036,1037.9,1035.9,1036.4,4219
2026-07-08T13:05:00+05:30,1036.4,1037.1,1034.2,1034.2,9718
2026-07-08T13:10:00+05:30,1034.2,1035.4,1034.2,1034.5,6284
2026-07-08T13:15:00+05:30,1034.5,1037.5,1034.2,1037.5,10429
2026-07-08T13:20:00+05:30,1037.5,1037.5,1035.8,1035.9,4573
2026-07-08T13:25:00+05:30,1035.8,1037.2,1035.5,1035.5,5340
2026-07-08T13:30:00+05:30,1035.5,1035.8,1034.2,1035,8249
2026-07-08T13:35:00+05:30,1035,1035.3,1034.3,1034.5,5335
2026-07-08T13:40:00+05:30,1034.3,1035.5,1033.7,1034.3,8068
2026-07-08T13:45:00+05:30,1034.1,1035.2,1029.2,1029.8,17403
2026-07-08T13:50:00+05:30,1029.8,1029.9,1025.5,1025.7,8591
2026-07-08T13:55:00+05:30,1026,1026.2,1023.7,1024,21675
2026-07-08T14:00:00+05:30,1024,1025.6,1022.9,1024.6,7714
2026-07-08T14:05:00+05:30,1024.7,1026,1022.3,1022.6,75034
2026-07-08T14:10:00+05:30,1022.6,1022.6,1019.1,1020.5,12171
2026-07-08T14:15:00+05:30,1020.1,1022.2,1019,1019.4,21887
2026-07-08T14:20:00+05:30,1019.5,1022.9,1019.5,1021.6,21056
2026-07-08T14:25:00+05:30,1021.6,1022.6,1018.9,1019.7,19143
2026-07-08T14:30:00+05:30,1019.7,1021.9,1019.5,1019.9,7578
2026-07-08T14:35:00+05:30,1020.3,1022.5,1019.2,1020,6997
2026-07-08T14:40:00+05:30,1020,1020,1017.2,1019.2,7426
2026-07-08T14:45:00+05:30,1019.6,1021,1017.6,1020,6088
2026-07-08T14:50:00+05:30,1020,1020.7,1017,1017.9,8344
2026-07-08T14:55:00+05:30,1017.9,1017.9,1016,1017.2,3989
2026-07-08T15:00:00+05:30,1018.4,1022.3,1018.4,1019,22962
2026-07-08T15:05:00+05:30,1019,1020.1,1018.2,1019.9,19349
2026-07-08T15:10:00+05:30,1020.7,1020.7,1018.7,1019.2,11323
2026-07-08T15:15:00+05:30,1019.2,1024.5,1019.2,1024.2,20077
2026-07-08T15:20:00+05:30,1024.2,1025.1,1023.5,1023.7,12094
2026-07-08T15:25:00+05:30,1023.5,1025,1022.5,1023,26270
2026-07-09T09:15:00+05:30,1023.6,1028,1023,1023.7,35771
2026-07-09T09:20:00+05:30,1023.5,1024.9,1022.6,1024.7,6613
2026-07-09T09:25:00+05:30,1024.9,1025.5,1023.5,1024.6,7222
2026-07-09T09:30:00+05:30,1024.6,1024.7,1023,1024.6,5793
2026-07-09T09:35:00+05:30,1024.9,1025.8,1022.8,1024.7,4980
2026-07-09T09:40:00+05:30,1024.7,1027.6,1023.1,1026.1,9389
2026-07-09T09:45:00+05:30,1026.1,1029.2,1025.2,1028,7685
2026-07-09T09:50:00+05:30,1028,1028.8,1026,1026.6,5660
2026-07-09T09:55:00+05:30,1026.6,1027.7,1023.9,1024.9,5310
2026-07-09T10:00:00+05:30,1024.7,1027.3,1024.4,1026.5,1545
2026-07-09T10:05:00+05:30,1026.5,1028.6,1026.3,1028.1,2266
2026-07-09T10:10:00+05:30,1027.5,1027.9,1025.5,1025.7,3801
2026-07-09T10:15:00+05:30,1025.7,1026.4,1024.1,1024.1,3098
2026-07-09T10:20:00+05:30,1024.4,1025.7,1023.4,1023.8,11814
2026-07-09T10:25:00+05:30,1023.8,1026.4,1023.3,1026.1,8986
2026-07-09T10:30:00+05:30,1026.1,1028,1025.5,1026.9,15612
2026-07-09T10:35:00+05:30,1026.9,1027.6,1022.7,1023,10067
2026-07-09T10:40:00+05:30,1023,1031.3,1022.8,1029.5,19819
2026-07-09T10:45:00+05:30,1029.5,1029.9,1027.8,1028.5,16477
2026-07-09T10:50:00+05:30,1027.9,1030.1,1027.9,1029.8,12667
2026-07-09T10:55:00+05:30,1029.7,1029.7,1026.2,1027,5068
2026-07-09T11:00:00+05:30,1027.1,1027.1,1025,1026.4,2637
2026-07-09T11:05:00+05:30,1026.4,1026.7,1026,1026.2,1838
2026-07-09T11:10:00+05:30,1026.2,1026.2,1025,1025.2,1993
2026-07-09T11:15:00+05:30,1025.2,1027.9,1025.1,1027.7,30692
2026-07-09T11:20:00+05:30,1027.7,1028.1,1026.7,1026.9,2818
2026-07-09T11:25:00+05:30,1026.9,1028.7,1026.2,1028.7,2264
2026-07-09T11:30:00+05:30,1028.7,1029.6,1028.1,1028.6,3053
2026-07-09T11:35:00+05:30,1028.6,1031,1028.3,1030,3245
2026-07-09T11:40:00+05:30,1030,1032.2,1029.8,1030.9,15140
2026-07-09T11:45:00+05:30,1030.9,1033.5,1030.5,1033.5,4390
2026-07-09T11:50:00+05:30,1033.5,1033.9,1032.1,1032.4,6583
2026-07-09T11:55:00+05:30,1032.8,1035.5,1032.5,1034.6,4310
2026-07-09T12:00:00+05:30,1034.8,1035.9,1033.1,1034.7,8086
2026-07-09T12:05:00+05:30,1034.7,1034.7,1033.3,1033.7,5017
2026-07-09T12:10:00+05:30,1033.7,1034.7,1033.1,1033.1,3886
2026-07-09T12:15:00+05:30,1033.1,1034.3,1033.1,1033.7,4012
2026-07-09T12:20:00+05:30,1033.7,1036,1033.2,1035.5,9687
2026-07-09T12:25:00+05:30,1035.5,1036,1035.1,1035.5,5050
2026-07-09T12:30:00+05:30,1035.6,1036.4,1034.4,1035.1,9361
2026-07-09T12:35:00+05:30,1035.1,1035.9,1034.5,1035.6,1777
2026-07-09T12:40:00+05:30,1035.6,1035.6,1033.9,1034.6,3124
2026-07-09T12:45:00+05:30,1034.6,1036.5,1034.6,1035.3,2694
2026-07-09T12:50:00+05:30,1035.3,1037.3,1034.7,1036.1,9073
2026-07-09T12:55:00+05:30,1036.5,1037,1035,1035.1,4843
2026-07-09T13:00:00+05:30,1035.1,1036,1035.1,1035.8,4087
2026-07-09T13:05:00+05:30,1035.8,1036.7,1035.7,1036.1,1978
2026-07-09T13:10:00+05:30,1036.1,1037.6,1036.1,1036.7,10051
2026-07-09T13:15:00+05:30,1036.7,1037.4,1036.2,1036.7,7767
2026-07-09T13:20:00+05:30,1036.7,1037.7,1035.7,1035.7,6378
2026-07-09T13:25:00+05:30,1035.7,1036.4,1035.1,1035.2,5101
2026-07-09T13:30:00+05:30,1035.3,1037,1035.1,1036.8,18792
2026-07-09T13:35:00+05:30,1036.8,1037.4,1036.1,1036.4,13855
2026-07-09T13:40:00+05:30,1036.4,1037,1035.1,1036.4,7602
2026-07-09T13:45:00+05:30,1036.4,1036.4,1034.5,1035.6,1464
2026-07-09T13:50:00+05:30,1035.6,1035.6,1034.5,1034.5,2977
2026-07-09T13:55:00+05:30,1034.5,1035.1,1034,1034.4,4462
2026-07-09T14:00:00+05:30,1034.4,1035.2,1033.7,1034.2,3003
2026-07-09T14:05:00+05:30,1034.2,1034.7,1034.1,1034.1,673
2026-07-09T14:10:00+05:30,1034.1,1034.1,1032.8,1033.3,8277
2026-07-09T14:15:00+05:30,1033.3,1034.5,1032.6,1032.7,5159
2026-07-09T14:20:00+05:30,1032.7,1033.4,1032,1032.7,7606
2026-07-09T14:25:00+05:30,1032.7,1033.3,1031.8,1032.8,3692
2026-07-09T14:30:00+05:30,1032.8,1032.8,1031.2,1031.7,3213
2026-07-09T14:35:00+05:30,1031.6,1031.6,1028.7,1028.7,23194
2026-07-09T14:40:00+05:30,1028.9,1030.9,1028.1,1029.6,9936
2026-07-09T14:45:00+05:30,1029.9,1030,1028.2,1029.4,9176
2026-07-09T14:50:00+05:30,1029.3,1030.4,1029,1029,21822
2026-07-09T14:55:00+05:30,1029.1,1029.6,1028.3,1028.6,6303
2026-07-09T15:00:00+05:30,1028.4,1029,1027.5,1028.4,20568
2026-07-09T15:05:00+05:30,1028.7,1029.6,1027.6,1029.2,22890
2026-07-09T15:10:00+05:30,1029.2,1029.3,1028.8,1028.9,5163
2026-07-09T15:15:00+05:30,1028.9,1031.1,1028.7,1030.9,17101
2026-07-09T15:20:00+05:30,1030.7,1032.5,1030.5,1032,19069
2026-07-09T15:25:00+05:30,1031.1,1033.1,1029.9,1031,23925
2026-07-10T09:15:00+05:30,1044.4,1047.3,1038.5,1046.3,39426
2026-07-10T09:20:00+05:30,1047.6,1048.4,1046,1048.3,29075
2026-07-10T09:25:00+05:30,1048.1,1050,1048.1,1049.6,39966
2026-07-10T09:30:00+05:30,1049.9,1052.1,1048.8,1051.3,27510
2026-07-10T09:35:00+05:30,1052,1052.4,1049.9,1051.2,16927
2026-07-10T09:40:00+05:30,1051.2,1055.1,1051,1055,33148
2026-07-10T09:45:00+05:30,1055.4,1059.6,1055,1059.6,53674
2026-07-10T09:50:00+05:30,1059.2,1062.2,1059,1059.9,57365
2026-07-10T09:55:00+05:30,1059.4,1063.6,1059.4,1059.5,35668
2026-07-10T10:00:00+05:30,1060.5,1061.7,1058.2,1060.5,17159
2026-07-10T10:05:00+05:30,1060.2,1060.2,1054.7,1055.8,48358
2026-07-10T10:10:00+05:30,1055.4,1056.9,1055.2,1056,6415
2026-07-10T10:15:00+05:30,1056.1,1056.9,1053.5,1054,7860
2026-07-10T10:20:00+05:30,1053.9,1055.4,1053.1,1053.6,9566
2026-07-10T10:25:00+05:30,1054,1055,1052.9,1053.1,6967
2026-07-10T10:30:00+05:30,1053.1,1053.2,1050.7,1051.1,18024
2026-07-10T10:35:00+05:30,1051.2,1052,1051.2,1051.4,4375
2026-07-10T10:40:00+05:30,1051.3,1051.8,1049.2,1050,12868
2026-07-10T10:45:00+05:30,1049.9,1050.9,1049.9,1050.2,3051
2026-07-10T10:50:00+05:30,1050.2,1052.5,1049.3,1049.9,10053
2026-07-10T10:55:00+05:30,1049.4,1050.2,1049.4,1049.7,4014
2026-07-10T11:00:00+05:30,1049.7,1050,1048.8,1048.8,4017
2026-07-10T11:05:00+05:30,1048.8,1049.1,1047.9,1048.2,6585
2026-07-10T11:10:00+05:30,1048.2,1048.6,1047.9,1047.9,2526
2026-07-10T11:15:00+05:30,1047.9,1049.1,1047.4,1048.2,6484
2026-07-10T11:20:00+05:30,1047.7,1048.2,1047.2,1047.2,1942
2026-07-10T11:25:00+05:30,1046.5,1047.5,1045,1047,13169
2026-07-10T11:30:00+05:30,1046.5,1050,1045.5,1050,19833
2026-07-10T11:35:00+05:30,1050,1051.5,1049.3,1051,18643
2026-07-10T11:40:00+05:30,1050.5,1051,1048.6,1048.6,23250
2026-07-10T11:45:00+05:30,1048.6,1051,1048.6,1050.8,44991
2026-07-10T11:50:00+05:30,1050.3,1051.7,1048,1048,26029
2026-07-10T11:55:00+05:30,1048.5,1051.7,1045.8,1050.8,51949
2026-07-10T12:00:00+05:30,1050.8,1051.2,1050,1050.7,2745
2026-07-10T12:05:00+05:30,1050.7,1053.1,1050,1052.5,22096
2026-07-10T12:10:00+05:30,1052.5,1052.5,1050.5,1052.3,3393
2026-07-10T12:15:00+05:30,1052.3,1052.5,1051.6,1052,2109
2026-07-10T12:20:00+05:30,1052,1052,1050.7,1051,2641
2026-07-10T12:25:00+05:30,1051.1,1052.4,1051,1052.2,1695
2026-07-10T12:30:00+05:30,1051.7,1052,1050.6,1050.6,1615
2026-07-10T12:35:00+05:30,1050.5,1052.2,1050.5,1051.3,1914
2026-07-10T12:40:00+05:30,1051.3,1052.1,1051,1051.6,1815
2026-07-10T12:45:00+05:30,1051.5,1052.3,1051.5,1052,2637
2026-07-10T12:50:00+05:30,1052,1052.4,1050.1,1051,4344
2026-07-10T12:55:00+05:30,1051,1052.1,1050.6,1051,2765
2026-07-10T13:00:00+05:30,1051,1056,1051,1054.7,8544
2026-07-10T13:05:00+05:30,1054.7,1057.6,1054.5,1054.7,20239
2026-07-10T13:10:00+05:30,1054.5,1057,1054.5,1056.4,11453
2026-07-10T13:15:00+05:30,1056.4,1056.8,1054,1054,21270
2026-07-10T13:20:00+05:30,1054,1054,1052.5,1053.1,10024
2026-07-10T13:25:00+05:30,1053,1054,1052.3,1053,8828
2026-07-10T13:30:00+05:30,1052.5,1053,1052,1052.9,1423
2026-07-10T13:35:00+05:30,1052.9,1052.9,1051.4,1051.4,3732
2026-07-10T13:40:00+05:30,1051.5,1052.8,1051.4,1052.3,3460
2026-07-10T13:45:00+05:30,1052,1052.7,1051.6,1051.6,2752
2026-07-10T13:50:00+05:30,1051.6,1053,1051,1053,6511
2026-07-10T13:55:00+05:30,1053.2,1053.2,1050.1,1050.5,7510
2026-07-10T14:00:00+05:30,1050.5,1056.4,1050.5,1056,70072
2026-07-10T14:05:00+05:30,1056,1056,1051.7,1051.9,33194
2026-07-10T14:10:00+05:30,1051.5,1052,1050.3,1051.6,4196
2026-07-10T14:15:00+05:30,1051.6,1052.1,1050.6,1050.8,3627
2026-07-10T14:20:00+05:30,1050.9,1052,1050.8,1052,4873
2026-07-10T14:25:00+05:30,1052,1052.5,1052,1052.1,2183
2026-07-10T14:30:00+05:30,1052,1052,1050.1,1050.7,2325
2026-07-10T14:35:00+05:30,1050.7,1051.1,1049.7,1050.5,8412
2026-07-10T14:40:00+05:30,1050.8,1051.8,1050.5,1051.1,3278
2026-07-10T14:45:00+05:30,1051.1,1051.2,1050,1051.1,3925
2026-07-10T14:50:00+05:30,1050.6,1052.2,1049.2,1051.5,18952
2026-07-10T14:55:00+05:30,1051.5,1052.2,1051.1,1051.3,5491
2026-07-10T15:00:00+05:30,1051.4,1052.4,1050.2,1050.5,16022
2026-07-10T15:05:00+05:30,1050.6,1051.3,1049.6,1049.6,16940
2026-07-10T15:10:00+05:30,1049.6,1050.4,1049.1,1050.2,12140
2026-07-10T15:15:00+05:30,1050.1,1051.8,1050.1,1050.9,27069
2026-07-10T15:20:00+05:30,1050.8,1052.7,1050.6,1051.5,36071
2026-07-10T15:25:00+05:30,1051.5,1052.9,1051,1052.1,45841
2026-07-13T09:15:00+05:30,1044.3,1044.3,1010.1,1029.7,49346
2026-07-13T09:20:00+05:30,1029.2,1031.8,1027.3,1031.8,17727
2026-07-13T09:25:00+05:30,1031.8,1035.5,1030.8,1035,18757
2026-07-13T09:30:00+05:30,1035.4,1035.4,1028.6,1033,53083
2026-07-13T09:35:00+05:30,1032.8,1035.7,1031.7,1035.4,11541
2026-07-13T09:40:00+05:30,1035.4,1035.7,1034.1,1034.1,5616
2026-07-13T09:45:00+05:30,1034.5,1035.9,1034.5,1035.8,4030
2026-07-13T09:50:00+05:30,1035.3,1037.6,1035.1,1036.8,6658
2026-07-13T09:55:00+05:30,1036.8,1037.4,1035.2,1036.1,5078
2026-07-13T10:00:00+05:30,1036.1,1038.3,1036.1,1037.1,4985
2026-07-13T10:05:00+05:30,1037.1,1037.4,1035.4,1036.4,7457
2026-07-13T10:10:00+05:30,1037.6,1038.4,1035,1035.1,61733
2026-07-13T10:15:00+05:30,1035.5,1036.7,1032,1033.1,178592
2026-07-13T10:20:00+05:30,1033.1,1033.1,1029.9,1031,71765
2026-07-13T10:25:00+05:30,1031,1033.3,1030.9,1032.7,6823
2026-07-13T10:30:00+05:30,1032.7,1034.8,1032.7,1034.1,4495
2026-07-13T10:35:00+05:30,1034.1,1034.3,1033,1033,1441
2026-07-13T10:40:00+05:30,1033,1035.4,1032.7,1035,13144
2026-07-13T10:45:00+05:30,1034.9,1038.2,1034.1,1034.1,22439
2026-07-13T10:50:00+05:30,1034.1,1035.1,1030.5,1031.4,168063
2026-07-13T10:55:00+05:30,1031.4,1031.4,1029,1030,30443
2026-07-13T11:00:00+05:30,1030,1030.9,1028,1029.2,81960
2026-07-13T11:05:00+05:30,1029.4,1032.4,1029.1,1030,56912
2026-07-13T11:10:00+05:30,1030.2,1030.8,1029.8,1030,14269
2026-07-13T11:15:00+05:30,1030,1031,1028.2,1030.1,90670
2026-07-13T11:20:00+05:30,1030.9,1030.9,1025,1025,80857
2026-07-13T11:25:00+05:30,1025,1025.8,1020.4,1020.4,53259
2026-07-13T11:30:00+05:30,1020.4,1021.2,1019,1020,56168
2026-07-13T11:35:00+05:30,1019.3,1020.6,1018.1,1018.3,68246
2026-07-13T11:40:00+05:30,1018.2,1019.9,1017,1017.4,56670
2026-07-13T11:45:00+05:30,1017.8,1022.3,1017.8,1021.7,12552
2026-07-13T11:50:00+05:30,1021.7,1023.2,1021.5,1021.8,12736
2026-07-13T11:55:00+05:30,1021.8,1022,1018.4,1019.3,18520
2026-07-13T12:00:00+05:30,1019.3,1023.2,1019.3,1022.9,9977
2026-07-13T12:05:00+05:30,1022.9,1023.6,1022.1,1022.8,4505
2026-07-13T12:10:00+05:30,1022.8,1026.1,1022.5,1024.5,21010
2026-07-13T12:15:00+05:30,1024.5,1026.6,1024.5,1025.2,10076
2026-07-13T12:20:00+05:30,1025.2,1026.3,1025.2,1025.2,3981
2026-07-13T12:25:00+05:30,1025.6,1031.3,1025,1029.7,31074
2026-07-13T12:30:00+05:30,1029.5,1029.9,1028.5,1029.2,7040
2026-07-13T12:35:00+05:30,1029.2,1032.9,1029,1030.7,17327
2026-07-13T12:40:00+05:30,1030.7,1031.5,1030.2,1030.5,5460
2026-07-13T12:45:00+05:30,1030.5,1032.2,1030.3,1031.4,12029
2026-07-13T12:50:00+05:30,1031.4,1033.5,1031.1,1033,10998
2026-07-13T12:55:00+05:30,1033,1033,1031.1,1031.1,3974
2026-07-13T13:00:00+05:30,1031.1,1032.8,1030.5,1032.5,10894
2026-07-13T13:05:00+05:30,1032.1,1032.4,1031.6,1031.7,1149
2026-07-13T13:10:00+05:30,1032.1,1034,1031.5,1033.4,7471
2026-07-13T13:15:00+05:30,1033.9,1034.3,1032.6,1032.6,5525
2026-07-13T13:20:00+05:30,1032.6,1033.4,1031.5,1032,7814
2026-07-13T13:25:00+05:30,1031.5,1031.7,1029.7,1029.7,15088
2026-07-13T13:30:00+05:30,1029.7,1031.4,1029.7,1030.4,3639
2026-07-13T13:35:00+05:30,1031,1032.8,1030.9,1031.7,4905
2026-07-13T13:40:00+05:30,1031.7,1032.4,1031.1,1032,1072
2026-07-13T13:45:00+05:30,1032,1033.3,1029.7,1030.8,71562
2026-07-13T13:50:00+05:30,1031.3,1032.6,1030.6,1031.6,5061
2026-07-13T13:55:00+05:30,1031.6,1032,1030.9,1031.2,2924
2026-07-13T14:00:00+05:30,1031.2,1032.3,1031.1,1031.1,1705
2026-07-13T14:05:00+05:30,1031.1,1032.2,1030.8,1031.4,5671
2026-07-13T14:10:00+05:30,1031.4,1032.7,1031.4,1032.2,1322
2026-07-13T14:15:00+05:30,1032.2,1033.3,1032,1032.3,4896
2026-07-13T14:20:00+05:30,1032.3,1034.2,1032.3,1034.2,13736
2026-07-13T14:25:00+05:30,1034.1,1034.2,1031.6,1031.8,7999
2026-07-13T14:30:00+05:30,1031.9,1032.4,1030.8,1031,2440
2026-07-13T14:35:00+05:30,1031,1031.2,1029,1029.8,11151
2026-07-13T14:40:00+05:30,1030.4,1030.5,1028.6,1029.6,11366
2026-07-13T14:45:00+05:30,1029.6,1030.2,1029.2,1029.2,8532
2026-07-13T14:50:00+05:30,1029.4,1032.3,1029.4,1031.6,11787
2026-07-13T14:55:00+05:30,1031.6,1032.1,1031.1,1031.1,8436
2026-07-13T15:00:00+05:30,1031.2,1031.6,1028.1,1028.7,35261
2026-07-13T15:05:00+05:30,1029,1029.1,1028.5,1028.6,20688
2026-07-13T15:10:00+05:30,1028.6,1029.3,1028.4,1029,31205
2026-07-13T15:15:00+05:30,1028.8,1029,1028.3,1028.4,16767
2026-07-13T15:20:00+05:30,1028.4,1029.4,1027.8,1029.3,48304
2026-07-13T15:25:00+05:30,1029,1030.3,1027.8,1029,44488
2026-07-14T09:15:00+05:30,1026.7,1040,1025,1038,39092
2026-07-14T09:20:00+05:30,1038,1042.5,1037.7,1042.1,25267
2026-07-14T09:25:00+05:30,1040.7,1041.2,1039.2,1040.2,12065
2026-07-14T09:30:00+05:30,1040.2,1045.3,1039.4,1044.6,22004
2026-07-14T09:35:00+05:30,1044,1044.9,1038.1,1038.4,70208
2026-07-14T09:40:00+05:30,1038.5,1040.3,1037.3,1039.1,27910
2026-07-14T09:45:00+05:30,1039.1,1039.2,1036,1036.9,27209
2026-07-14T09:50:00+05:30,1036.9,1039,1036.6,1037,50120
2026-07-14T09:55:00+05:30,1037,1037.7,1030.5,1030.5,64166
2026-07-14T10:00:00+05:30,1030.5,1033,1030,1032.7,54135
2026-07-14T10:05:00+05:30,1032.6,1035.3,1031.8,1034.8,30751
2026-07-14T10:10:00+05:30,1034.8,1036.4,1033.7,1035.1,15503
2026-07-14T10:15:00+05:30,1035.1,1038.8,1034.4,1038.3,22773
2026-07-14T10:20:00+05:30,1038.3,1040.4,1038.1,1040,18149
2026-07-14T10:25:00+05:30,1040.8,1047,1040.8,1045.9,88786
2026-07-14T10:30:00+05:30,1045.9,1047.2,1043.8,1045,44519
2026-07-14T10:35:00+05:30,1045,1048,1043.3,1048,34774
2026-07-14T10:40:00+05:30,1048,1048,1044,1047.3,43105
2026-07-14T10:45:00+05:30,1047.3,1047.9,1045.2,1045.2,18437
2026-07-14T10:50:00+05:30,1045.3,1047.8,1045,1047.3,26002
2026-07-14T10:55:00+05:30,1047.5,1049.7,1046.6,1049,31135
2026-07-14T11:00:00+05:30,1048.9,1049.9,1047.8,1047.8,24929
2026-07-14T11:05:00+05:30,1048.4,1048.5,1045.4,1046.1,15826
2026-07-14T11:10:00+05:30,1046.3,1047,1045.7,1046.3,8802
2026-07-14T11:15:00+05:30,1046.8,1048,1045.7,1047.3,11137
2026-07-14T11:20:00+05:30,1047.3,1049,1046.7,1049,16420
2026-07-14T11:25:00+05:30,1049,1049.3,1048,1048.6,11953
2026-07-14T11:30:00+05:30,1048.6,1048.9,1045.8,1046.3,38623
2026-07-14T11:35:00+05:30,1046.3,1046.7,1045.1,1045.1,4656
2026-07-14T11:40:00+05:30,1045.1,1046.5,1044.6,1046.1,4852
2026-07-14T11:45:00+05:30,1046.5,1047.4,1045.4,1045.6,15854
2026-07-14T11:50:00+05:30,1045.6,1047,1045.5,1045.8,9320
2026-07-14T11:55:00+05:30,1046.1,1046.2,1042.4,1042.5,26709
2026-07-14T12:00:00+05:30,1042.9,1043.7,1040.2,1040.6,21374
2026-07-14T12:05:00+05:30,1040.6,1041.6,1038.6,1038.7,24866
2026-07-14T12:10:00+05:30,1038.8,1039.8,1038.1,1039.3,9674
2026-07-14T12:15:00+05:30,1039.3,1039.6,1035.3,1035.6,21302
2026-07-14T12:20:00+05:30,1035.6,1036,1031.5,1032,27117
2026-07-14T12:25:00+05:30,1031.7,1032.3,1030.6,1031.6,11612
2026-07-14T12:30:00+05:30,1031.6,1032,1030,1030,16142
2026-07-14T12:35:00+05:30,1030.3,1031.5,1030,1031.2,6110
2026-07-14T12:40:00+05:30,1031.2,1031.9,1031,1031.2,5417
2026-07-14T12:45:00+05:30,1031.2,1031.6,1030.2,1030.5,44333
2026-07-14T12:50:00+05:30,1030.6,1032.9,1030.3,1032.4,7827
2026-07-14T12:55:00+05:30,1032,1033,1031,1031.4,9347
2026-07-14T13:00:00+05:30,1031.4,1032.7,1030.6,1032.5,6280
2026-07-14T13:05:00+05:30,1032.5,1032.7,1031.2,1031.5,4374
2026-07-14T13:10:00+05:30,1031.5,1032,1030.8,1031.1,6167
2026-07-14T13:15:00+05:30,1031.1,1032,1030.8,1031.6,2686
2026-07-14T13:20:00+05:30,1031.6,1032.5,1031.2,1031.6,5188
2026-07-14T13:25:00+05:30,1031.8,1031.8,1031,1031.4,1061
2026-07-14T13:30:00+05:30,1031.4,1032,1030.8,1030.8,5513
2026-07-14T13:35:00+05:30,1030.8,1031.1,1030,1030.2,14106
2026-07-14T13:40:00+05:30,1030.2,1031.6,1030.1,1031.1,3722
2026-07-14T13:45:00+05:30,1031.8,1034.3,1031.6,1033.3,19235
2026-07-14T13:50:00+05:30,1033.3,1034.2,1033,1033.7,4634
2026-07-14T13:55:00+05:30,1033.7,1040.5,1033.3,1040,228278
2026-07-14T14:00:00+05:30,1040.2,1042,1038.6,1041.1,42942
2026-07-14T14:05:00+05:30,1041.7,1042,1040,1040,9593
2026-07-14T14:10:00+05:30,1040,1041.1,1040,1040.5,4414
2026-07-14T14:15:00+05:30,1040.5,1040.8,1040,1040.2,4130
2026-07-14T14:20:00+05:30,1040.2,1041,1040,1040,1407
2026-07-14T14:25:00+05:30,1040.3,1040.5,1039.3,1040.5,23908
2026-07-14T14:30:00+05:30,1040.5,1040.7,1040,1040.3,3715
2026-07-14T14:35:00+05:30,1040.3,1041.9,1040.3,1040.8,18202
2026-07-14T14:40:00+05:30,1040.9,1041.3,1040.3,1040.7,5960
2026-07-14T14:45:00+05:30,1040.7,1041.5,1040,1040.7,36302
2026-07-14T14:50:00+05:30,1041.2,1041.7,1040.2,1041.7,15668
2026-07-14T14:55:00+05:30,1042.1,1042.3,1040.4,1040.7,22663
2026-07-14T15:00:00+05:30,1040.4,1041.4,1039.3,1040.8,82826
2026-07-14T15:05:00+05:30,1040.8,1041.2,1039.9,1040.5,104932
2026-07-14T15:10:00+05:30,1040.8,1040.8,1039.1,1039.1,97356
2026-07-14T15:15:00+05:30,1039.7,1042.4,1039,1041.1,243134
2026-07-14T15:20:00+05:30,1041,1042.2,1040.2,1041.1,35950
2026-07-14T15:25:00+05:30,1041.6,1041.7,1040,1040,69541
2026-07-15T09:15:00+05:30,1045.7,1047.6,1042.7,1044.6,16908
2026-07-15T09:20:00+05:30,1044.4,1045.7,1044.2,1045.1,7510
2026-07-15T09:25:00+05:30,1044.3,1045.1,1037.9,1040.4,20704
2026-07-15T09:30:00+05:30,1040.9,1042.6,1039.7,1042,9239
2026-07-15T09:35:00+05:30,1042,1043.8,1041.5,1042.5,5038
2026-07-15T09:40:00+05:30,1042.5,1044.2,1040.9,1042.9,15946
2026-07-15T09:45:00+05:30,1042.9,1047.8,1042.9,1046.9,19543
2026-07-15T09:50:00+05:30,1046.9,1050.5,1046.6,1048.8,30605
2026-07-15T09:55:00+05:30,1048.8,1048.8,1046.1,1046.4,10932
2026-07-15T10:00:00+05:30,1046.1,1046.4,1044.2,1045,11533
2026-07-15T10:05:00+05:30,1045,1045.9,1043.4,1043.5,8545
2026-07-15T10:10:00+05:30,1042.7,1044.1,1040.2,1041,11154
2026-07-15T10:15:00+05:30,1041,1045.6,1040.5,1044.6,18315
2026-07-15T10:20:00+05:30,1044.6,1045,1044,1044.4,3499
2026-07-15T10:25:00+05:30,1044.4,1044.4,1041.4,1042.1,4970
2026-07-15T10:30:00+05:30,1042.2,1043,1042.1,1042.2,4204
2026-07-15T10:35:00+05:30,1042.6,1042.7,1041.8,1042.3,3720
2026-07-15T10:40:00+05:30,1041.9,1042.4,1041.1,1041.3,4180
2026-07-15T10:45:00+05:30,1041.7,1041.8,1040.4,1041.3,4664
2026-07-15T10:50:00+05:30,1041.1,1045,1040.7,1043.4,7926
2026-07-15T10:55:00+05:30,1043.4,1043.5,1041.2,1042.3,4583
2026-07-15T11:00:00+05:30,1042.3,1046.9,1041.3,1046,63093
2026-07-15T11:05:00+05:30,1046.3,1046.5,1045.7,1045.9,6882
2026-07-15T11:10:00+05:30,1045.9,1046.7,1045.1,1045.3,7918
2026-07-15T11:15:00+05:30,1045.8,1046.4,1045.4,1046.1,59332
2026-07-15T11:20:00+05:30,1046.4,1046.5,1045.7,1046,5632
2026-07-15T11:25:00+05:30,1046,1046.5,1045.8,1046.2,2624
2026-07-15T11:30:00+05:30,1046.5,1046.8,1046,1046.5,8560
2026-07-15T11:35:00+05:30,1046.1,1046.3,1045.1,1045.3,4026
2026-07-15T11:40:00+05:30,1045.6,1045.7,1045,1045.1,5570
2026-07-15T11:45:00+05:30,1045.1,1046.6,1045,1046,8235
2026-07-15T11:50:00+05:30,1046,1046.3,1045,1045.7,12213
2026-07-15T11:55:00+05:30,1046,1046,1045.1,1045.5,3979
2026-07-15T12:00:00+05:30,1045.5,1046.2,1045.1,1045.9,48685
2026-07-15T12:05:00+05:30,1045.9,1045.9,1045,1045.2,65863
2026-07-15T12:10:00+05:30,1045.6,1045.8,1045,1045.2,54545
2026-07-15T12:15:00+05:30,1045.6,1045.9,1045.1,1045.8,5522
2026-07-15T12:20:00+05:30,1045.6,1045.9,1045,1045.5,21420
2026-07-15T12:25:00+05:30,1045.5,1046,1044.2,1045.6,54382
2026-07-15T12:30:00+05:30,1045.9,1046.2,1045.1,1045.5,12036
2026-07-15T12:35:00+05:30,1045.2,1046.2,1045,1046,51337
2026-07-15T12:40:00+05:30,1046,1046.8,1045.4,1046.2,8702
2026-07-15T12:45:00+05:30,1046.2,1046.9,1045.5,1045.6,8525
2026-07-15T12:50:00+05:30,1045.7,1046.2,1045.3,1045.6,12031
2026-07-15T12:55:00+05:30,1046,1046.3,1041.4,1044.2,177705
2026-07-15T13:00:00+05:30,1044.4,1045.6,1043.6,1045,37765
2026-07-15T13:05:00+05:30,1045,1045.4,1043.4,1044,34297
2026-07-15T13:10:00+05:30,1044,1044.1,1042,1042.5,41458
2026-07-15T13:15:00+05:30,1042.5,1045.3,1042.1,1045.3,13658
2026-07-15T13:20:00+05:30,1044.9,1045.4,1042.7,1043.1,15411
2026-07-15T13:25:00+05:30,1043.1,1044.3,1042.9,1044.2,15295
2026-07-15T13:30:00+05:30,1043.8,1044.6,1043.1,1043.8,21403
2026-07-15T13:35:00+05:30,1043.8,1045,1042.9,1044.1,19058
2026-07-15T13:40:00+05:30,1043.5,1044.1,1042,1043.6,18650
2026-07-15T13:45:00+05:30,1043.8,1046.2,1043.6,1045.5,25726
2026-07-15T13:50:00+05:30,1045.5,1045.6,1043.9,1044.8,13902
2026-07-15T13:55:00+05:30,1044.8,1045.6,1043.4,1045.1,16947
2026-07-15T14:00:00+05:30,1045.1,1046.7,1045.1,1046.2,23456
2026-07-15T14:05:00+05:30,1046.2,1047.8,1045.6,1047,49101
2026-07-15T14:10:00+05:30,1047.1,1047.8,1046.3,1047.8,8550
2026-07-15T14:15:00+05:30,1047.6,1048,1046.8,1047.6,7610
2026-07-15T14:20:00+05:30,1047.8,1048.1,1046.5,1047,21091
2026-07-15T14:25:00+05:30,1046.6,1047.2,1046,1047,5927
2026-07-15T14:30:00+05:30,1046.7,1047.1,1046.2,1046.2,4997
2026-07-15T14:35:00+05:30,1046.6,1047.8,1046.2,1047.1,12654
2026-07-15T14:40:00+05:30,1047.1,1047.3,1044.7,1045,40210
2026-07-15T14:45:00+05:30,1045,1045.7,1042.1,1044.2,45094
2026-07-15T14:50:00+05:30,1044.2,1044.6,1042.5,1042.5,17817
2026-07-15T14:55:00+05:30,1042.9,1043,1042,1042,9596
2026-07-15T15:00:00+05:30,1040.7,1043.4,1040.7,1042,58171
2026-07-15T15:05:00+05:30,1042.1,1042.3,1042,1042.1,34976
2026-07-15T15:10:00+05:30,1042.1,1042.8,1042,1042.1,64584
2026-07-15T15:15:00+05:30,1042.4,1042.5,1042,1042,32238
2026-07-15T15:20:00+05:30,1042,1043.1,1042,1042.7,53772
2026-07-15T15:25:00+05:30,1042.2,1043.5,1042,1042,50981
2026-07-16T09:15:00+05:30,1041.9,1041.9,1035.5,1041,18630
2026-07-16T09:20:00+05:30,1040.3,1043.7,1038.6,1038.6,11128
2026-07-16T09:25:00+05:30,1038.6,1041,1038.6,1039.3,4850
2026-07-16T09:30:00+05:30,1039.3,1039.7,1037.5,1037.5,9184
2026-07-16T09:35:00+05:30,1037.5,1038,1036.1,1036.6,10990
2026-07-16T09:40:00+05:30,1036.9,1038.8,1036.3,1037.5,4927
2026-07-16T09:45:00+05:30,1037.5,1038,1036.9,1037.3,4070
2026-07-16T09:50:00+05:30,1037.3,1038,1037.3,1038,4189
2026-07-16T09:55:00+05:30,1038.5,1039.5,1036.3,1037.8,7704
2026-07-16T10:00:00+05:30,1037.8,1038.5,1037.2,1037.5,3274
2026-07-16T10:05:00+05:30,1037.8,1039,1037,1038.9,5130
2026-07-16T10:10:00+05:30,1038.9,1041.8,1038.9,1041.5,9651
2026-07-16T10:15:00+05:30,1041.5,1042.5,1040.5,1042.5,7859
2026-07-16T10:20:00+05:30,1042.3,1043.5,1042.2,1042.8,6575
2026-07-16T10:25:00+05:30,1042.8,1043.1,1041.9,1043,5321
2026-07-16T10:30:00+05:30,1043,1043.2,1041.2,1041.5,3674
2026-07-16T10:35:00+05:30,1041.5,1041.5,1039.9,1040.9,5792
2026-07-16T10:40:00+05:30,1040.9,1041.5,1040.4,1041.4,1661
2026-07-16T10:45:00+05:30,1041.4,1043.3,1041,1042.6,7322
2026-07-16T10:50:00+05:30,1042.6,1043.5,1041.5,1041.5,3786
2026-07-16T10:55:00+05:30,1041.5,1042.4,1040.1,1040.8,6660
2026-07-16T11:00:00+05:30,1040.8,1044.2,1040.3,1040.8,20519
2026-07-16T11:05:00+05:30,1040.8,1041.1,1038.5,1039.2,4637
2026-07-16T11:10:00+05:30,1039.2,1039.4,1039,1039.2,2497
2026-07-16T11:15:00+05:30,1039.2,1040.6,1039.1,1040.3,4750
2026-07-16T11:20:00+05:30,1040.3,1040.9,1039.1,1039.9,8883
2026-07-16T11:25:00+05:30,1039.9,1040.1,1037.3,1037.7,15796
2026-07-16T11:30:00+05:30,1037.7,1038.1,1035.4,1035.4,7822
2026-07-16T11:35:00+05:30,1035.6,1035.6,1032.9,1034.3,22011
2026-07-16T11:40:00+05:30,1034.2,1034.9,1033.2,1033.5,8055
2026-07-16T11:45:00+05:30,1033.5,1034.7,1032.1,1034.7,19916
2026-07-16T11:50:00+05:30,1034.7,1034.8,1033,1034.4,10017
2026-07-16T11:55:00+05:30,1034,1034.8,1034,1034,4059
2026-07-16T12:00:00+05:30,1034.4,1034.5,1030.4,1030.5,25539
2026-07-16T12:05:00+05:30,1030.6,1030.9,1029.1,1029.4,17315
2026-07-16T12:10:00+05:30,1029.4,1033.3,1029.3,1033.2,20535
2026-07-16T12:15:00+05:30,1033.2,1035.9,1032.6,1035.8,11713
2026-07-16T12:20:00+05:30,1035.8,1036.8,1035.1,1036,13225
2026-07-16T12:25:00+05:30,1036,1036.2,1035,1035.2,6555
2026-07-16T12:30:00+05:30,1035.4,1035.4,1035,1035,11465
2026-07-16T12:35:00+05:30,1035,1035.8,1035,1035.7,15791
2026-07-16T12:40:00+05:30,1035.7,1035.8,1033,1033.7,38872
2026-07-16T12:45:00+05:30,1033.1,1034.2,1033,1033.6,8460
2026-07-16T12:50:00+05:30,1033.6,1033.7,1032.2,1032.5,5704
2026-07-16T12:55:00+05:30,1032.5,1032.9,1032,1032.1,6170
2026-07-16T13:00:00+05:30,1032.1,1032.1,1030.1,1030.3,13256
2026-07-16T13:05:00+05:30,1030.3,1030.5,1029.4,1030,5585
2026-07-16T13:10:00+05:30,1030.1,1030.3,1029.2,1029.4,5640
2026-07-16T13:15:00+05:30,1029.4,1030,1028.7,1029.8,7831
2026-07-16T13:20:00+05:30,1029.7,1030.1,1029,1030,6570
2026-07-16T13:25:00+05:30,1029.9,1030,1028.1,1029,14722
2026-07-16T13:30:00+05:30,1028.9,1028.9,1026.4,1027,16148
2026-07-16T13:35:00+05:30,1027,1027,1023,1023.2,21706
2026-07-16T13:40:00+05:30,1023.2,1026.7,1023.2,1026.5,37343
2026-07-16T13:45:00+05:30,1026.5,1029.7,1026.1,1029.6,16754
2026-07-16T13:50:00+05:30,1029.6,1030,1028.2,1028.7,10630
2026-07-16T13:55:00+05:30,1028.8,1029,1027.8,1028.4,7856
2026-07-16T14:00:00+05:30,1028.4,1028.7,1027.7,1028.1,9571
2026-07-16T14:05:00+05:30,1028.1,1028.5,1027.1,1027.9,26203
2026-07-16T14:10:00+05:30,1027.9,1028.3,1027.4,1028.2,12185
2026-07-16T14:15:00+05:30,1028.4,1029.2,1027.6,1028,8067
2026-07-16T14:20:00+05:30,1028.1,1028.2,1025.8,1026.2,58427
2026-07-16T14:25:00+05:30,1026.2,1027.5,1024.6,1026,15540
2026-07-16T14:30:00+05:30,1026.2,1026.8,1024,1024.6,27076
2026-07-16T14:35:00+05:30,1024.9,1027.6,1024.6,1027.2,22965
2026-07-16T14:40:00+05:30,1027.5,1028.5,1026.3,1026.4,13828
2026-07-16T14:45:00+05:30,1026.4,1026.7,1025.7,1026,10895
2026-07-16T14:50:00+05:30,1026,1027.7,1026,1027,16043
2026-07-16T14:55:00+05:30,1027.1,1028.3,1027.1,1027.5,15272
2026-07-16T15:00:00+05:30,1026.8,1028.3,1026.5,1026.8,29673
2026-07-16T15:05:00+05:30,1026.8,1028.6,1026.7,1028,43183
2026-07-16T15:10:00+05:30,1028,1030.1,1027.5,1030,40399
2026-07-16T15:15:00+05:30,1030,1030,1028,1028.1,50215
2026-07-16T15:20:00+05:30,1028.6,1028.6,1027.1,1027.8,45466
2026-07-16T15:25:00+05:30,1027.8,1030,1027.3,1028.6,34852
2026-07-17T09:15:00+05:30,1031,1035.8,1027.9,1030.7,13857
2026-07-17T09:20:00+05:30,1030.3,1032.7,1029.8,1030.8,4390
2026-07-17T09:25:00+05:30,1030.1,1030.8,1029.2,1030,5960
2026-07-17T09:30:00+05:30,1030,1034.7,1029.9,1033.5,14894
2026-07-17T09:35:00+05:30,1033.5,1034.1,1030,1030.9,8346
2026-07-17T09:40:00+05:30,1030.9,1033.5,1030.3,1033.5,16613
2026-07-17T09:45:00+05:30,1033.5,1034.6,1031.1,1031.7,11955
2026-07-17T09:50:00+05:30,1031.7,1032,1030.3,1032,6093
2026-07-17T09:55:00+05:30,1032,1032.3,1029.6,1030.3,4459
2026-07-17T10:00:00+05:30,1030.3,1030.7,1029.2,1030.7,3015
2026-07-17T10:05:00+05:30,1030.7,1032.9,1030.1,1032.7,6007
2026-07-17T10:10:00+05:30,1032.7,1034,1032.4,1033.4,2589
2026-07-17T10:15:00+05:30,1033.4,1033.4,1032,1032.8,6650
2026-07-17T10:20:00+05:30,1032.8,1033.9,1027.6,1028.3,15895
2026-07-17T10:25:00+05:30,1028.3,1031,1028.3,1031,2557
2026-07-17T10:30:00+05:30,1031.6,1031.6,1029.5,1030.2,6879
2026-07-17T10:35:00+05:30,1030.2,1030.9,1025.9,1027.3,10295
2026-07-17T10:40:00+05:30,1027.3,1028.5,1026,1028.3,9285
2026-07-17T10:45:00+05:30,1028.3,1028.3,1024.5,1025,8638
2026-07-17T10:50:00+05:30,1025.6,1026.4,1025,1026,4811
2026-07-17T10:55:00+05:30,1025.9,1026.3,1025,1025,5864
2026-07-17T11:00:00+05:30,1025.5,1025.7,1023.4,1023.9,9539
2026-07-17T11:05:00+05:30,1023.9,1024.9,1023.7,1023.8,5758
2026-07-17T11:10:00+05:30,1023.8,1024.2,1023.1,1023.4,6871
2026-07-17T11:15:00+05:30,1023.4,1024.5,1022.6,1023.8,11728
2026-07-17T11:20:00+05:30,1023.8,1024.4,1023.3,1023.3,3263
2026-07-17T11:25:00+05:30,1023.3,1024.6,1023.3,1024.1,2433
2026-07-17T11:30:00+05:30,1024.1,1024.8,1021,1021.7,14978
2026-07-17T11:35:00+05:30,1021.7,1022.6,1021.7,1022,1906
2026-07-17T11:40:00+05:30,1022,1024.9,1022,1024.9,1934
2026-07-17T11:45:00+05:30,1025,1025.9,1023.5,1023.5,3561
2026-07-17T11:50:00+05:30,1023.5,1024.4,1022.2,1022.8,3473
2026-07-17T11:55:00+05:30,1022.8,1024.4,1022.2,1022.2,3831
2026-07-17T12:00:00+05:30,1022.2,1024.6,1022.2,1023.7,3578
2026-07-17T12:05:00+05:30,1023.7,1023.7,1022,1022,4119
2026-07-17T12:10:00+05:30,1022,1022.6,1022,1022,1013
2026-07-17T12:15:00+05:30,1022,1023.6,1022,1023.2,1178
2026-07-17T12:20:00+05:30,1023.2,1024.4,1022.4,1023.7,4059
2026-07-17T12:25:00+05:30,1023.7,1024.6,1022,1022.6,3682
2026-07-17T12:30:00+05:30,1023.1,1023.5,1022,1022.2,2883
2026-07-17T12:35:00+05:30,1022.2,1022.3,1020.7,1021.1,6074
2026-07-17T12:40:00+05:30,1021.1,1022.2,1021,1021.7,1881
2026-07-17T12:45:00+05:30,1021.7,1022.7,1021.2,1022,1114
2026-07-17T12:50:00+05:30,1022.6,1022.6,1021.6,1022.2,2097
2026-07-17T12:55:00+05:30,1022.6,1023.4,1022,1022.5,2203
2026-07-17T13:00:00+05:30,1022.5,1023.3,1022.1,1022.6,1665
2026-07-17T13:05:00+05:30,1023.1,1023.8,1021.7,1021.8,4959
2026-07-17T13:10:00+05:30,1021.8,1022.8,1021.8,1022,1296
2026-07-17T13:15:00+05:30,1022.5,1022.6,1020.2,1021.6,6367
2026-07-17T13:20:00+05:30,1021.6,1023.6,1021.3,1022.4,8335
2026-07-17T13:25:00+05:30,1022.4,1025,1022.4,1024.4,11361
2026-07-17T13:30:00+05:30,1024.4,1024.5,1023.4,1024,1633
2026-07-17T13:35:00+05:30,1024.1,1025.4,1023.1,1023.1,2263
2026-07-17T13:40:00+05:30,1023.1,1023.7,1020.6,1021.3,3103
2026-07-17T13:45:00+05:30,1021.3,1022,1020.1,1020.4,5085
2026-07-17T13:50:00+05:30,1020.4,1020.9,1018.4,1020.6,18329
2026-07-17T13:55:00+05:30,1019.8,1021.5,1019.5,1021.1,1414
2026-07-17T14:00:00+05:30,1021,1021.9,1020.4,1020.7,606
2026-07-17T14:05:00+05:30,1021.1,1021.1,1020.1,1020.3,3565
2026-07-17T14:10:00+05:30,1020.1,1022,1020.1,1021.4,2053
2026-07-17T14:15:00+05:30,1021.4,1025.6,1021.4,1022,35392
2026-07-17T14:20:00+05:30,1022.4,1022.6,1021,1021,3220
2026-07-17T14:25:00+05:30,1021,1023.2,1020.4,1020.4,3984
2026-07-17T14:30:00+05:30,1020.4,1021.8,1020.4,1021,2702
2026-07-17T14:35:00+05:30,1021,1022.8,1021,1022.8,2346
2026-07-17T14:40:00+05:30,1022.7,1026.4,1022.1,1023.1,38981
2026-07-17T14:45:00+05:30,1023.1,1028.1,1023,1028.1,19570
2026-07-17T14:50:00+05:30,1027.8,1028.1,1022.7,1023.3,30044
2026-07-17T14:55:00+05:30,1023.3,1026.6,1023.3,1025.9,14294
2026-07-17T15:00:00+05:30,1025.9,1026.7,1025.2,1025.5,23767
2026-07-17T15:05:00+05:30,1026,1026.2,1024.2,1025.6,51424
2026-07-17T15:10:00+05:30,1026.4,1026.4,1024.8,1024.8,7009
2026-07-17T15:15:00+05:30,1025.2,1025.2,1021.7,1022.9,15017
2026-07-17T15:20:00+05:30,1022.3,1023.7,1022.3,1023.4,15535
2026-07-17T15:25:00+05:30,1023.7,1025.8,1023.2,1024.5,20612
2026-07-20T09:15:00+05:30,1025,1032.4,1020,1025.4,25583
2026-07-20T09:20:00+05:30,1025.4,1030,1025.4,1029.4,12458
2026-07-20T09:25:00+05:30,1029.4,1029.4,1026,1026.5,18687
2026-07-20T09:30:00+05:30,1025.3,1027.3,1023.4,1026.9,10292
2026-07-20T09:35:00+05:30,1027,1027.8,1026,1027,7474
2026-07-20T09:40:00+05:30,1027,1028,1027,1027.2,1615
2026-07-20T09:45:00+05:30,1027.2,1028.1,1027.1,1027.5,4663
2026-07-20T09:50:00+05:30,1027.5,1031.9,1027.5,1031.5,24832
2026-07-20T09:55:00+05:30,1031.4,1033,1030.7,1033,34039
2026-07-20T10:00:00+05:30,1032.7,1038,1032.7,1037.5,20497
2026-07-20T10:05:00+05:30,1037.5,1039.5,1037.5,1038.8,10321
2026-07-20T10:10:00+05:30,1038.8,1042.9,1038.3,1042.3,19464
2026-07-20T10:15:00+05:30,1042.3,1043.5,1039.8,1041.4,13350
2026-07-20T10:20:00+05:30,1041,1041.5,1040.4,1040.4,5572
2026-07-20T10:25:00+05:30,1040.9,1042.4,1040.2,1041.8,8082
2026-07-20T10:30:00+05:30,1041.8,1043.8,1041.3,1042.3,14555
2026-07-20T10:35:00+05:30,1042.3,1042.3,1041.9,1042,8962
2026-07-20T10:40:00+05:30,1042,1042.7,1041.8,1042,9387
2026-07-20T10:45:00+05:30,1042,1042.6,1041.6,1042.5,4962
2026-07-20T10:50:00+05:30,1042.5,1044,1042.1,1042.6,5163
2026-07-20T10:55:00+05:30,1043.1,1043.2,1040.2,1040.4,7092
2026-07-20T11:00:00+05:30,1040.4,1040.9,1040,1040,3873
2026-07-20T11:05:00+05:30,1040,1040.7,1039.9,1040,3548
2026-07-20T11:10:00+05:30,1040,1040.4,1039.5,1039.5,4310
2026-07-20T11:15:00+05:30,1039.5,1041.7,1039.5,1041.4,3714
2026-07-20T11:20:00+05:30,1041.4,1041.9,1041.1,1041.2,1109
2026-07-20T11:25:00+05:30,1041.2,1042.2,1040.4,1040.9,5277
2026-07-20T11:30:00+05:30,1040.9,1041.3,1037.5,1039.2,41494
2026-07-20T11:35:00+05:30,1039.2,1039.9,1037.5,1038.1,7172
2026-07-20T11:40:00+05:30,1038,1038.2,1036.7,1036.7,7904
2026-07-20T11:45:00+05:30,1036.7,1037.7,1036.7,1037.7,3485
2026-07-20T11:50:00+05:30,1037.2,1038,1037,1037.3,6520
2026-07-20T11:55:00+05:30,1036.9,1037.6,1036.2,1037,9072
2026-07-20T12:00:00+05:30,1037,1037,1032,1032.8,14627
2026-07-20T12:05:00+05:30,1032.8,1032.8,1030.6,1031.5,13540
2026-07-20T12:10:00+05:30,1031.7,1033.2,1031.2,1032.8,4271
2026-07-20T12:15:00+05:30,1032.8,1033.1,1030.6,1030.7,27515
2026-07-20T12:20:00+05:30,1030.7,1030.9,1028.2,1029.4,37695
2026-07-20T12:25:00+05:30,1029.4,1030,1029.1,1029.8,14595
2026-07-20T12:30:00+05:30,1029.8,1030,1029,1029,5890
2026-07-20T12:35:00+05:30,1028.5,1028.8,1028,1028.2,3246
2026-07-20T12:40:00+05:30,1028.2,1028.7,1027,1028.3,3765
2026-07-20T12:45:00+05:30,1028.3,1028.6,1027.4,1027.5,2627
2026-07-20T12:50:00+05:30,1027.5,1028.2,1027.5,1027.9,994
2026-07-20T12:55:00+05:30,1027.9,1029.9,1027.8,1029.5,7691
2026-07-20T13:00:00+05:30,1029.5,1030,1029.3,1030,33289
2026-07-20T13:05:00+05:30,1029.7,1030,1029.5,1029.8,6061
2026-07-20T13:10:00+05:30,1029.8,1032,1029.5,1032,62984
2026-07-20T13:15:00+05:30,1031.5,1032.1,1031,1031.1,7189
2026-07-20T13:20:00+05:30,1031,1031.5,1029.5,1029.6,7077
2026-07-20T13:25:00+05:30,1029.6,1030,1029.4,1029.7,3636
2026-07-20T13:30:00+05:30,1029.4,1029.6,1027.3,1027.7,16125
2026-07-20T13:35:00+05:30,1027.7,1029.2,1027.7,1028.6,6875
2026-07-20T13:40:00+05:30,1028.6,1028.9,1027.2,1027.5,6328
2026-07-20T13:45:00+05:30,1027.5,1029.8,1027.5,1029.2,15972
2026-07-20T13:50:00+05:30,1029.2,1030,1028.5,1028.6,5368
2026-07-20T13:55:00+05:30,1028.6,1030,1028.6,1030,11290
2026-07-20T14:00:00+05:30,1029.7,1034.9,1028.9,1032.5,154400
2026-07-20T14:05:00+05:30,1032.5,1034.2,1027.9,1027.9,55995
2026-07-20T14:10:00+05:30,1028.4,1028.8,1027.9,1028.4,5429
2026-07-20T14:15:00+05:30,1028.4,1029,1028.3,1028.5,3784
2026-07-20T14:20:00+05:30,1028.5,1029.5,1028.3,1029.4,4215
2026-07-20T14:25:00+05:30,1029.4,1031.6,1028.8,1030.8,10721
2026-07-20T14:30:00+05:30,1031.4,1031.9,1029.7,1029.8,8508
2026-07-20T14:35:00+05:30,1029.8,1032.6,1028.5,1032.4,64314
2026-07-20T14:40:00+05:30,1032.4,1034.6,1032,1033.8,11028
2026-07-20T14:45:00+05:30,1033.8,1033.9,1033.2,1033.6,7185
2026-07-20T14:50:00+05:30,1033.6,1035.5,1033.5,1034.8,8939
2026-07-20T14:55:00+05:30,1034.8,1035.7,1033.5,1033.6,13046
2026-07-20T15:00:00+05:30,1033.8,1034.9,1033.4,1033.8,29507
2026-07-20T15:05:00+05:30,1033.8,1034.8,1033.6,1034.1,27617
2026-07-20T15:10:00+05:30,1034,1034.8,1032.4,1032.5,46224
2026-07-20T15:15:00+05:30,1032.4,1032.9,1031.5,1031.8,20841
2026-07-20T15:20:00+05:30,1031.8,1033.2,1031.6,1032.3,29571
2026-07-20T15:25:00+05:30,1032.4,1033.3,1030,1030.3,26604
2026-07-21T09:15:00+05:30,1035,1040.3,1030.5,1037.5,9356
2026-07-21T09:20:00+05:30,1037.1,1037.6,1034.6,1036,6655
2026-07-21T09:25:00+05:30,1035.8,1037.7,1035.7,1037.4,3839
2026-07-21T09:30:00+05:30,1037.5,1037.6,1034.7,1034.7,3111
2026-07-21T09:35:00+05:30,1034.7,1036.3,1033.6,1036.3,3235
2026-07-21T09:40:00+05:30,1036.3,1037,1034.9,1035.8,1522
2026-07-21T09:45:00+05:30,1035.8,1036.9,1034,1034.7,3297
2026-07-21T09:50:00+05:30,1034.7,1035.9,1033.6,1034.5,3636
2026-07-21T09:55:00+05:30,1034.5,1035,1033.4,1033.4,1145
2026-07-21T10:00:00+05:30,1033,1036.2,1033,1034.7,59549
2026-07-21T10:05:00+05:30,1034.7,1037,1034.3,1036.4,7565
2026-07-21T10:10:00+05:30,1036.4,1036.7,1034.5,1035,3694
2026-07-21T10:15:00+05:30,1035,1035,1032.5,1033,5732
2026-07-21T10:20:00+05:30,1033,1038,1033,1038,9576
2026-07-21T10:25:00+05:30,1038,1038.5,1037.3,1037.6,4895
2026-07-21T10:30:00+05:30,1037.6,1038,1036.9,1037.4,1835
2026-07-21T10:35:00+05:30,1037.4,1037.6,1035.5,1035.5,2414
2026-07-21T10:40:00+05:30,1035.5,1036.2,1035.5,1036.1,397
2026-07-21T10:45:00+05:30,1036.1,1036.7,1035.6,1035.6,499
2026-07-21T10:50:00+05:30,1035.6,1035.6,1034,1034,6595
2026-07-21T10:55:00+05:30,1034.3,1035.9,1034.1,1034.4,11262
2026-07-21T11:00:00+05:30,1034.4,1034.9,1034.4,1034.4,346
2026-07-21T11:05:00+05:30,1034.4,1037,1034,1035.7,13799
2026-07-21T11:10:00+05:30,1035.7,1036.5,1035,1035.8,6520
2026-07-21T11:15:00+05:30,1035.8,1036.1,1035.4,1036,682
2026-07-21T11:20:00+05:30,1036,1036.9,1035,1036.5,2303
2026-07-21T11:25:00+05:30,1036.5,1036.8,1035.8,1035.9,1099
2026-07-21T11:30:00+05:30,1035.9,1037.4,1035.5,1037.1,6685
2026-07-21T11:35:00+05:30,1037.1,1037.5,1036.4,1037.5,1108
2026-07-21T11:40:00+05:30,1037.5,1037.5,1036.9,1037.3,216
2026-07-21T11:45:00+05:30,1037.3,1037.6,1037,1037.6,1520
2026-07-21T11:50:00+05:30,1037.6,1040.9,1037.3,1040.9,26215
2026-07-21T11:55:00+05:30,1040.9,1042,1039.5,1040.6,17024
2026-07-21T12:00:00+05:30,1040.2,1043.5,1040.2,1042.6,13809
2026-07-21T12:05:00+05:30,1043.4,1047.7,1043,1046.1,35558
2026-07-21T12:10:00+05:30,1046,1046,1044,1044.4,3902
2026-07-21T12:15:00+05:30,1044.5,1045.1,1044.2,1044.8,2322
2026-07-21T12:20:00+05:30,1044.8,1046.4,1044.7,1046.4,4465
2026-07-21T12:25:00+05:30,1047.2,1048,1045.6,1046.6,12158
2026-07-21T12:30:00+05:30,1046.6,1048.3,1046.4,1046.6,14912
2026-07-21T12:35:00+05:30,1046.7,1046.7,1045.3,1046.1,1849
2026-07-21T12:40:00+05:30,1046.1,1046.1,1045.1,1045.2,3671
2026-07-21T12:45:00+05:30,1045.2,1045.8,1044.3,1044.7,5973
2026-07-21T12:50:00+05:30,1044.7,1046.4,1044.3,1045.5,12547
2026-07-21T12:55:00+05:30,1045.5,1046.8,1043.3,1043.5,12367
2026-07-21T13:00:00+05:30,1043.5,1044.2,1043,1044.2,2683
2026-07-21T13:05:00+05:30,1044.2,1046.3,1043.8,1046.1,8268
2026-07-21T13:10:00+05:30,1046.1,1046.1,1045,1046,2610
2026-07-21T13:15:00+05:30,1046,1046,1045.2,1046,3466
2026-07-21T13:20:00+05:30,1046,1048.8,1046,1048.6,17337
2026-07-21T13:25:00+05:30,1048.6,1048.7,1047.5,1048,3015
2026-07-21T13:30:00+05:30,1048,1049.9,1048,1048.3,6840
2026-07-21T13:35:00+05:30,1048.6,1050.5,1047,1048.4,64385
2026-07-21T13:40:00+05:30,1048.4,1048.5,1047.1,1048.1,4028
2026-07-21T13:45:00+05:30,1048,1048.5,1048,1048.3,2402
2026-07-21T13:50:00+05:30,1048.3,1048.5,1048,1048.5,1867
2026-07-21T13:55:00+05:30,1048.5,1048.8,1047.9,1048,3775
2026-07-21T14:00:00+05:30,1048,1048.4,1047.2,1047.9,1793
2026-07-21T14:05:00+05:30,1047.9,1048.4,1047.5,1047.5,2943
2026-07-21T14:10:00+05:30,1047.5,1047.6,1046.4,1046.8,4631
2026-07-21T14:15:00+05:30,1046.8,1047.5,1046.8,1047.4,3313
2026-07-21T14:20:00+05:30,1047.4,1047.4,1043.6,1043.6,7434
2026-07-21T14:25:00+05:30,1043.6,1045,1043.6,1044.2,2382
2026-07-21T14:30:00+05:30,1044.2,1044.5,1042.7,1042.8,8361
2026-07-21T14:35:00+05:30,1042.8,1042.8,1041.6,1042,9297
2026-07-21T14:40:00+05:30,1042.1,1042.6,1041.9,1042.4,5801
2026-07-21T14:45:00+05:30,1042.2,1043.4,1042.1,1043.2,4520
2026-07-21T14:50:00+05:30,1042.8,1043.2,1042.2,1042.3,6008
2026-07-21T14:55:00+05:30,1042.3,1044.4,1042.3,1044.1,7618
2026-07-21T15:00:00+05:30,1044.3,1045.4,1044.3,1045.3,9873
2026-07-21T15:05:00+05:30,1045.3,1045.3,1043.2,1043.5,12589
2026-07-21T15:10:00+05:30,1043.5,1044.3,1042.7,1043.7,10817
2026-07-21T15:15:00+05:30,1043.9,1044.9,1043.4,1044.8,14578
2026-07-21T15:20:00+05:30,1044.3,1045,1043.9,1045,27024
2026-07-21T15:25:00+05:30,1044.9,1048,1044.6,1048,27098
2026-07-22T09:15:00+05:30,1050,1050.2,1043,1045.9,13944
2026-07-22T09:20:00+05:30,1045.9,1046.9,1042.2,1042.5,12561
2026-07-22T09:25:00+05:30,1042.5,1043.6,1041.3,1043.2,6385
2026-07-22T09:30:00+05:30,1043.2,1044.4,1042.7,1044.1,4295
2026-07-22T09:35:00+05:30,1044.1,1044.1,1041.4,1042,4462
2026-07-22T09:40:00+05:30,1042,1042.4,1038.3,1040.5,12913
2026-07-22T09:45:00+05:30,1041,1045.4,1040.4,1044.4,38751
2026-07-22T09:50:00+05:30,1044,1046.3,1044,1045.3,7014
2026-07-22T09:55:00+05:30,1045.3,1046.1,1044.2,1044.6,4238
2026-07-22T10:00:00+05:30,1044.6,1044.7,1042.5,1043.4,14850
2026-07-22T10:05:00+05:30,1043.4,1046.2,1043.4,1045.4,2572
2026-07-22T10:10:00+05:30,1045.4,1046,1042.7,1044,17836
2026-07-22T10:15:00+05:30,1044,1044,1042.8,1042.8,1254
2026-07-22T10:20:00+05:30,1042.8,1044.7,1042.8,1044.1,5719
2026-07-22T10:25:00+05:30,1044.1,1045,1042.8,1045,3765
2026-07-22T10:30:00+05:30,1045,1045.9,1044.2,1045,2934
2026-07-22T10:35:00+05:30,1045.4,1046.7,1044.9,1045.8,6736
2026-07-22T10:40:00+05:30,1045.8,1046,1044.7,1045.2,3249
2026-07-22T10:45:00+05:30,1045.8,1046.5,1044.8,1046.5,22598
2026-07-22T10:50:00+05:30,1046.5,1048,1045.8,1047.6,8059
2026-07-22T10:55:00+05:30,1047.1,1048.5,1047,1048,24996
2026-07-22T11:00:00+05:30,1048,1048,1047,1047.5,2963
2026-07-22T11:05:00+05:30,1047.5,1051,1047,1050.3,28340
2026-07-22T11:10:00+05:30,1050.7,1050.7,1049,1049.2,20074
2026-07-22T11:15:00+05:30,1049,1050.4,1048.6,1049.7,19005
2026-07-22T11:20:00+05:30,1049.7,1049.9,1048.7,1049.9,16118
2026-07-22T11:25:00+05:30,1049.9,1049.9,1047.8,1049.4,33272
2026-07-22T11:30:00+05:30,1049.4,1049.5,1048.7,1049.4,10449
2026-07-22T11:35:00+05:30,1049.4,1050.3,1048.1,1048.6,4399
2026-07-22T11:40:00+05:30,1048.6,1049.3,1048.2,1049.2,3046
2026-07-22T11:45:00+05:30,1049.2,1049.2,1048,1048.4,2286
2026-07-22T11:50:00+05:30,1048.4,1048.4,1047.1,1048,5187
2026-07-22T11:55:00+05:30,1048,1048.4,1047.3,1048.2,6757
2026-07-22T12:00:00+05:30,1048.2,1048.2,1046.4,1046.5,6498
2026-07-22T12:05:00+05:30,1046.5,1047,1044.1,1044.5,14292
2026-07-22T12:10:00+05:30,1044.2,1044.4,1043.4,1044.4,11111
2026-07-22T12:15:00+05:30,1044,1044,1043.1,1043.6,2904
2026-07-22T12:20:00+05:30,1043.3,1043.9,1041.5,1042,43741
2026-07-22T12:25:00+05:30,1042,1043,1041.5,1042.8,8692
2026-07-22T12:30:00+05:30,1042.9,1043,1042,1042.7,9306
2026-07-22T12:35:00+05:30,1042.7,1043.4,1042.1,1043,4807
2026-07-22T12:40:00+05:30,1043,1045.9,1042.5,1045.5,9665
2026-07-22T12:45:00+05:30,1045.5,1047.7,1045.5,1046.6,6023
2026-07-22T12:50:00+05:30,1046.6,1047,1045.5,1045.8,3231
2026-07-22T12:55:00+05:30,1045.8,1046.4,1045.5,1045.6,5021
2026-07-22T13:00:00+05:30,1046.2,1046.6,1044.5,1045.4,7060
2026-07-22T13:05:00+05:30,1045,1045.9,1045,1045.5,3382
2026-07-22T13:10:00+05:30,1045.5,1045.8,1044.6,1045,6106
2026-07-22T13:15:00+05:30,1045,1045.2,1044,1044.1,3089
2026-07-22T13:20:00+05:30,1044.1,1045.5,1044.1,1045.5,8221
2026-07-22T13:25:00+05:30,1045.5,1046,1045.5,1045.5,3302
2026-07-22T13:30:00+05:30,1045.5,1046.6,1045.3,1046.6,6397
2026-07-22T13:35:00+05:30,1046.6,1047.2,1045,1045,6285
2026-07-22T13:40:00+05:30,1045,1046,1045,1045.5,4270
2026-07-22T13:45:00+05:30,1045.5,1046,1044.8,1044.8,3082
2026-07-22T13:50:00+05:30,1044.8,1045.9,1044.8,1045.2,3126
2026-07-22T13:55:00+05:30,1045.2,1046.5,1045.1,1045.2,6016
2026-07-22T14:00:00+05:30,1045.2,1047,1045,1047,8023
2026-07-22T14:05:00+05:30,1047,1047.8,1044.2,1044.5,28630
2026-07-22T14:10:00+05:30,1044.5,1045.2,1043.3,1043.3,8605
2026-07-22T14:15:00+05:30,1043.7,1044.7,1043.2,1043.6,10679
2026-07-22T14:20:00+05:30,1043.6,1044,1042.2,1042.5,5383
2026-07-22T14:25:00+05:30,1042.5,1043.2,1041,1043,15174
2026-07-22T14:30:00+05:30,1043,1043,1042,1042.7,4985
2026-07-22T14:35:00+05:30,1042.7,1045.3,1042.7,1043.8,13328
2026-07-22T14:40:00+05:30,1044.1,1045.7,1043.2,1045.4,25225
2026-07-22T14:45:00+05:30,1045.2,1046,1044.7,1045.5,7135
2026-07-22T14:50:00+05:30,1045.5,1046.1,1044.9,1045,13668
2026-07-22T14:55:00+05:30,1045,1045.3,1044,1044.5,16814
2026-07-22T15:00:00+05:30,1045.5,1045.8,1044.8,1045.3,14906
2026-07-22T15:05:00+05:30,1045.7,1046.2,1043.6,1044.8,30537
2026-07-22T15:10:00+05:30,1045,1045.6,1044.2,1045.2,19774
2026-07-22T15:15:00+05:30,1046.4,1046.4,1044.3,1044.9,19375
2026-07-22T15:20:00+05:30,1044.5,1045.6,1043.5,1044,13561
2026-07-22T15:25:00+05:30,1043.7,1048,1042.5,1048,29449
2026-07-23T09:15:00+05:30,1042,1047.5,1040,1046.5,10751
2026-07-23T09:20:00+05:30,1046.5,1053,1046.1,1053,36579
2026-07-23T09:25:00+05:30,1052.5,1056.3,1052.3,1054.1,40766
2026-07-23T09:30:00+05:30,1054.1,1056,1053.2,1054.5,8238
2026-07-23T09:35:00+05:30,1055,1055,1051.1,1052.4,12226
2026-07-23T09:40:00+05:30,1052.4,1053.4,1046.8,1046.8,81923
2026-07-23T09:45:00+05:30,1046.8,1049,1045.7,1046.6,11667
2026-07-23T09:50:00+05:30,1046.6,1046.9,1045,1045.3,3242
2026-07-23T09:55:00+05:30,1045.2,1046.2,1043.8,1045.7,9885
2026-07-23T10:00:00+05:30,1045.9,1047.7,1045.6,1047.6,2505
2026-07-23T10:05:00+05:30,1047.6,1049.3,1047.4,1047.4,12928
2026-07-23T10:10:00+05:30,1047.1,1049,1045.8,1045.8,9455
2026-07-23T10:15:00+05:30,1046.5,1053.5,1046.3,1050.4,56292
2026-07-23T10:20:00+05:30,1050.3,1050.3,1046.8,1047.4,6614
2026-07-23T10:25:00+05:30,1047.4,1049.8,1047.1,1049.6,4171
2026-07-23T10:30:00+05:30,1049.5,1049.6,1048.6,1048.8,3758
2026-07-23T10:35:00+05:30,1048.8,1049.7,1048.5,1049.3,1556
2026-07-23T10:40:00+05:30,1049.3,1050.3,1048.8,1049.8,2748
2026-07-23T10:45:00+05:30,1049.8,1049.8,1048.5,1049.3,3737
2026-07-23T10:50:00+05:30,1049.3,1049.7,1048.4,1049.5,2519
2026-07-23T10:55:00+05:30,1049.1,1050.5,1049.1,1050.1,5109
2026-07-23T11:00:00+05:30,1050.1,1051,1050.1,1050.9,2963
2026-07-23T11:05:00+05:30,1050.9,1050.9,1049.2,1050.1,1872
2026-07-23T11:10:00+05:30,1049.7,1050.5,1048.2,1048.2,3614
2026-07-23T11:15:00+05:30,1048.2,1050,1047.7,1048.5,8333
2026-07-23T11:20:00+05:30,1048.7,1049.3,1046.3,1047,14220
2026-07-23T11:25:00+05:30,1047,1047.6,1046.9,1047,3777
2026-07-23T11:30:00+05:30,1047,1049.5,1046.8,1049,5348
2026-07-23T11:35:00+05:30,1049,1049.5,1048.4,1049.3,2065
2026-07-23T11:40:00+05:30,1049.3,1049.5,1048.4,1048.6,518
2026-07-23T11:45:00+05:30,1048.3,1049,1048,1049,13915
2026-07-23T11:50:00+05:30,1049,1049,1048.1,1048.9,6492
2026-07-23T11:55:00+05:30,1048.9,1050.4,1048.6,1050.4,1248
2026-07-23T12:00:00+05:30,1050.4,1051,1049.3,1049.9,4111
2026-07-23T12:05:00+05:30,1049.9,1050.8,1049,1050.8,2439
2026-07-23T12:10:00+05:30,1050.8,1050.8,1049.1,1049.7,2842
2026-07-23T12:15:00+05:30,1049.7,1050.3,1049.2,1049.3,1787
2026-07-23T12:20:00+05:30,1049.3,1049.6,1048,1048.9,4611
2026-07-23T12:25:00+05:30,1048.9,1049.6,1048,1048.6,9297
2026-07-23T12:30:00+05:30,1048.8,1049,1046.9,1048.7,8955
2026-07-23T12:35:00+05:30,1048.7,1048.7,1046.9,1047.6,12040
2026-07-23T12:40:00+05:30,1047.6,1047.6,1042.5,1043.4,16634
2026-07-23T12:45:00+05:30,1043.3,1043.6,1040.8,1041.1,7549
2026-07-23T12:50:00+05:30,1041.1,1042.9,1040.9,1042.8,9947
2026-07-23T12:55:00+05:30,1042.8,1044.7,1042,1044.3,4753
2026-07-23T13:00:00+05:30,1044.3,1044.7,1041.9,1042.4,13443
2026-07-23T13:05:00+05:30,1042.4,1043.9,1041.8,1043.5,8006
2026-07-23T13:10:00+05:30,1043.5,1043.7,1042.4,1043.7,5812
2026-07-23T13:15:00+05:30,1043.7,1043.7,1040.8,1041.1,16934
2026-07-23T13:20:00+05:30,1040.7,1042.6,1040.6,1042.4,7954
2026-07-23T13:25:00+05:30,1042.3,1043,1040.6,1041.8,12074
2026-07-23T13:30:00+05:30,1041.8,1041.9,1039.9,1041.2,8912
2026-07-23T13:35:00+05:30,1041.2,1042.9,1039.3,1042.1,9206
2026-07-23T13:40:00+05:30,1042.3,1045.3,1042.3,1044.3,21409
2026-07-23T13:45:00+05:30,1044.3,1045.6,1044,1045.5,13445
2026-07-23T13:50:00+05:30,1045.5,1045.7,1043.4,1044.5,9283
2026-07-23T13:55:00+05:30,1044.4,1045.4,1044.1,1044.5,13711
2026-07-23T14:00:00+05:30,1044.7,1045.4,1044.4,1044.7,18056
2026-07-23T14:05:00+05:30,1044.7,1045.7,1043.3,1043.9,23272
2026-07-23T14:10:00+05:30,1043.9,1045.2,1042.9,1044.4,19375
2026-07-23T14:15:00+05:30,1044.3,1045.6,1043.6,1045,29054
2026-07-23T14:20:00+05:30,1045,1046,1044,1045.5,19152
2026-07-23T14:25:00+05:30,1045.8,1045.9,1043.3,1044.2,9884
2026-07-23T14:30:00+05:30,1044.2,1046.5,1043.3,1046.2,9310
2026-07-23T14:35:00+05:30,1046,1046.6,1044.6,1045.3,20039
2026-07-23T14:40:00+05:30,1045.5,1045.9,1044.1,1045,12827
2026-07-23T14:45:00+05:30,1044.8,1045,1043,1043.7,22017
2026-07-23T14:50:00+05:30,1043.7,1044.3,1042.5,1042.8,8533
2026-07-23T14:55:00+05:30,1042.8,1043.8,1042.4,1043.6,2830
2026-07-23T15:00:00+05:30,1044.1,1048.1,1044.1,1046,27406
2026-07-23T15:05:00+05:30,1046.8,1047.7,1046.2,1047,29256
2026-07-23T15:10:00+05:30,1047.2,1047.3,1045.5,1046,47027
2026-07-23T15:15:00+05:30,1044.2,1045,1038.7,1040,117251
2026-07-23T15:20:00+05:30,1039.4,1039.9,1038.8,1039.2,29579
2026-07-23T15:25:00+05:30,1038.9,1047.4,1034.1,1034.1,69086
2026-07-24T09:15:00+05:30,1032,1036.7,1028.7,1035.4,23917
2026-07-24T09:20:00+05:30,1035.8,1037.2,1032.5,1032.5,10132
2026-07-24T09:25:00+05:30,1033.2,1034.3,1031.2,1033.2,18848
2026-07-24T09:30:00+05:30,1032.7,1034.1,1028.6,1028.7,17671
2026-07-24T09:35:00+05:30,1028.6,1032.3,1027.2,1031.8,9611
2026-07-24T09:40:00+05:30,1031.8,1032.1,1026.6,1028.2,15357
2026-07-24T09:45:00+05:30,1027.8,1029.3,1027,1027.2,3970
2026-07-24T09:50:00+05:30,1027.6,1027.6,1021.1,1023.6,18413
2026-07-24T09:55:00+05:30,1023.3,1027.2,1021,1025.8,15949
2026-07-24T10:00:00+05:30,1025.8,1030.3,1025.8,1030,14364
2026-07-24T10:05:00+05:30,1029.6,1030.7,1028.9,1030.3,5432
2026-07-24T10:10:00+05:30,1030.3,1031.4,1028,1028.5,3376
2026-07-24T10:15:00+05:30,1028.5,1029.5,1027.5,1028.5,4928
2026-07-24T10:20:00+05:30,1028.2,1028.3,1026.8,1026.9,2874
2026-07-24T10:25:00+05:30,1026.9,1029.3,1026.9,1028,5695
2026-07-24T10:30:00+05:30,1028,1029.1,1027,1028,4030
2026-07-24T10:35:00+05:30,1028,1029.6,1026.7,1029.6,2335
2026-07-24T10:40:00+05:30,1029.1,1030.5,1029.1,1029.8,2662
2026-07-24T10:45:00+05:30,1029.8,1030.8,1029.1,1030,1997
2026-07-24T10:50:00+05:30,1030,1031.2,1030,1030.7,1356
2026-07-24T10:55:00+05:30,1030.7,1031.4,1030,1030.7,1932
2026-07-24T11:00:00+05:30,1030.7,1030.8,1029.7,1030,1779
2026-07-24T11:05:00+05:30,1030,1031.4,1030,1030,1293
2026-07-24T11:10:00+05:30,1030,1031.3,1030,1030.8,2472
2026-07-24T11:15:00+05:30,1030.8,1034.6,1030.7,1034.5,2595
2026-07-24T11:20:00+05:30,1034.7,1036.8,1034.3,1035.5,7581
2026-07-24T11:25:00+05:30,1035.5,1036.6,1034.8,1036,7459
2026-07-24T11:30:00+05:30,1036,1036,1033.2,1033.5,2367
2026-07-24T11:35:00+05:30,1033.5,1033.9,1032.8,1033.4,1957
2026-07-24T11:40:00+05:30,1033.4,1033.5,1032.7,1033.5,1083
2026-07-24T11:45:00+05:30,1033.5,1035.3,1033.5,1034.4,884
2026-07-24T11:50:00+05:30,1034.1,1036.6,1034.1,1036,1808
2026-07-24T11:55:00+05:30,1036,1036,1034.6,1034.9,1043
2026-07-24T12:00:00+05:30,1034.9,1035.6,1034.6,1035.3,328
2026-07-24T12:05:00+05:30,1035.3,1035.9,1034.6,1034.6,1600
2026-07-24T12:10:00+05:30,1034.6,1035.6,1033.4,1035,921
2026-07-24T12:15:00+05:30,1035,1035.8,1034.5,1035.1,734
2026-07-24T12:20:00+05:30,1034.7,1040.6,1034.6,1040.6,14272
2026-07-24T12:25:00+05:30,1041,1041,1039.3,1040.8,4729
2026-07-24T12:30:00+05:30,1040.9,1041,1039.8,1039.8,1869
2026-07-24T12:35:00+05:30,1039.8,1039.8,1038.1,1038.6,2514
2026-07-24T12:40:00+05:30,1038.6,1041,1038.6,1040.9,1280
2026-07-24T12:45:00+05:30,1040.9,1042.7,1040.4,1042.4,4017
2026-07-24T12:50:00+05:30,1042.4,1042.6,1040,1040,3047
2026-07-24T12:55:00+05:30,1040,1040.4,1038.7,1039.5,3730
2026-07-24T13:00:00+05:30,1039.5,1040.4,1039.3,1039.5,783
2026-07-24T13:05:00+05:30,1039.5,1039.6,1038.6,1039.4,802
2026-07-24T13:10:00+05:30,1039.4,1040.6,1038.9,1038.9,7258
2026-07-24T13:15:00+05:30,1038.9,1040.6,1038.7,1040,974
2026-07-24T13:20:00+05:30,1040,1040.9,1039.1,1039.9,1656
2026-07-24T13:25:00+05:30,1039.9,1040,1039,1040,544
2026-07-24T13:30:00+05:30,1040,1040.8,1037.1,1039.4,4962
2026-07-24T13:35:00+05:30,1039.4,1040,1037.9,1040,1638
2026-07-24T13:40:00+05:30,1040,1040,1038.1,1038.6,2251
2026-07-24T13:45:00+05:30,1038.6,1039.6,1038,1038.4,4326
2026-07-24T13:50:00+05:30,1038.4,1039.7,1038.4,1039.5,1298
2026-07-24T13:55:00+05:30,1038.8,1040.8,1038.8,1040.8,1021
2026-07-24T14:00:00+05:30,1040.8,1041,1039.4,1040.7,2308
2026-07-24T14:05:00+05:30,1040.7,1042.6,1040.7,1041.3,3089
2026-07-24T14:10:00+05:30,1041.3,1041.3,1039.2,1039.2,1261
2026-07-24T14:15:00+05:30,1039.2,1040.3,1039,1039.2,1970
2026-07-24T14:20:00+05:30,1039.2,1039.7,1038.7,1039,1919
2026-07-24T14:25:00+05:30,1039,1040.3,1038.8,1039.7,1524
2026-07-24T14:30:00+05:30,1039.7,1040,1038,1039.7,1214
2026-07-24T14:35:00+05:30,1039.7,1039.8,1037.4,1038,3810
2026-07-24T14:40:00+05:30,1038,1039.2,1037.5,1038,2304
2026-07-24T14:45:00+05:30,1038,1038.6,1036,1036.9,3351
2026-07-24T14:50:00+05:30,1036.9,1038.6,1036.5,1038,1659
2026-07-24T14:55:00+05:30,1038,1038,1035.7,1036.3,3293
2026-07-24T15:00:00+05:30,1036.3,1036.4,1034.5,1034.9,9614
2026-07-24T15:05:00+05:30,1034.9,1035.6,1034.6,1034.6,5217
2026-07-24T15:10:00+05:30,1034.6,1036,1034.6,1035.9,7484
2026-07-24T15:15:00+05:30,1036.2,1037.4,1035.9,1036.1,10917
2026-07-24T15:20:00+05:30,1035.6,1037.2,1035.1,1036.6,15838
2026-07-24T15:25:00+05:30,1036.5,1040,1035,1040,12233
2026-07-27T09:15:00+05:30,1055,1059.6,1036,1049.9,171720
2026-07-27T09:20:00+05:30,1050,1053.9,1043.9,1043.9,64984
2026-07-27T09:25:00+05:30,1043.6,1049.2,1040.4,1049.2,41581
2026-07-27T09:30:00+05:30,1049.4,1050.1,1045.2,1049.8,78282
2026-07-27T09:35:00+05:30,1049.5,1054.4,1049.4,1054.2,51357
2026-07-27T09:40:00+05:30,1054.1,1058.1,1054.1,1057.6,36771
2026-07-27T09:45:00+05:30,1057,1057.7,1055,1056.7,22291
2026-07-27T09:50:00+05:30,1057,1057,1054.6,1055.3,13959
2026-07-27T09:55:00+05:30,1055.3,1057,1055,1056.7,14278
2026-07-27T10:00:00+05:30,1056.7,1056.7,1055.2,1056.1,6596
2026-07-27T10:05:00+05:30,1056.1,1059.8,1055.7,1058.1,28164
2026-07-27T10:10:00+05:30,1058.1,1061.9,1057.4,1061.6,38247
2026-07-27T10:15:00+05:30,1061.6,1066,1061.5,1065.9,74237
2026-07-27T10:20:00+05:30,1065.9,1068.2,1064.2,1066.3,54141
2026-07-27T10:25:00+05:30,1066.3,1067,1065,1065.2,33559
2026-07-27T10:30:00+05:30,1064.8,1065.5,1061.5,1063,184098
2026-07-27T10:35:00+05:30,1063,1064.5,1059.8,1061.3,126302
2026-07-27T10:40:00+05:30,1061.3,1062.5,1061.2,1061.7,11867
2026-07-27T10:45:00+05:30,1061.7,1062.1,1060.1,1060.9,21742
2026-07-27T10:50:00+05:30,1060.9,1062.9,1060,1061.6,30648
2026-07-27T10:55:00+05:30,1062.1,1062.2,1060.6,1060.6,5594
2026-07-27T11:00:00+05:30,1061.4,1061.5,1060,1060.7,7311
2026-07-27T11:05:00+05:30,1060.6,1063,1060,1063,9344
2026-07-27T11:10:00+05:30,1063,1065.7,1062,1065,24924
2026-07-27T11:15:00+05:30,1065.3,1065.6,1064,1065.3,14569
2026-07-27T11:20:00+05:30,1065.3,1065.4,1064.3,1065,9632
2026-07-27T11:25:00+05:30,1064.8,1065.3,1064.1,1065,20866
2026-07-27T11:30:00+05:30,1065,1066,1065,1065.3,12044
2026-07-27T11:35:00+05:30,1065.3,1065.4,1064.7,1065.3,7396
2026-07-27T11:40:00+05:30,1065,1065.4,1064.7,1065.2,32922
2026-07-27T11:45:00+05:30,1065.2,1065.4,1063.6,1064.8,87557
2026-07-27T11:50:00+05:30,1064.9,1065.7,1064.1,1065.2,59113
2026-07-27T11:55:00+05:30,1065.2,1065.7,1064.5,1064.5,45954
2026-07-27T12:00:00+05:30,1065.1,1065.1,1062.3,1063.7,124428
2026-07-27T12:05:00+05:30,1063.4,1064.2,1062.5,1063.7,48522
2026-07-27T12:10:00+05:30,1063.7,1063.9,1062.8,1063.4,62005
2026-07-27T12:15:00+05:30,1063.5,1065.1,1062.4,1063.8,80655
2026-07-27T12:20:00+05:30,1063.8,1063.8,1063,1063.4,42259
2026-07-27T12:25:00+05:30,1063.6,1064.2,1063,1063.4,12903
2026-07-27T12:30:00+05:30,1063.4,1064,1060.9,1063.7,114125
2026-07-27T12:35:00+05:30,1063.7,1064.3,1062,1064,111118
2026-07-27T12:40:00+05:30,1064,1064.2,1060.2,1062.8,40726
2026-07-27T12:45:00+05:30,1062.8,1064,1062.2,1062.5,7302
2026-07-27T12:50:00+05:30,1062.8,1063.5,1062.6,1063.4,9248
2026-07-27T12:55:00+05:30,1063.4,1065.9,1063.4,1064.9,21014
2026-07-27T13:00:00+05:30,1064.9,1065.7,1064.3,1064.8,8464
2026-07-27T13:05:00+05:30,1064.8,1066.4,1064.3,1066.2,12586
2026-07-27T13:10:00+05:30,1066.3,1067.3,1064.6,1065.3,15144
2026-07-27T13:15:00+05:30,1065.3,1065.8,1064.2,1064.5,10047
2026-07-27T13:20:00+05:30,1064.2,1065.7,1064.2,1065.3,5271
2026-07-27T13:25:00+05:30,1065.3,1066.6,1064.8,1065.6,14487
2026-07-27T13:30:00+05:30,1065.6,1065.7,1064.2,1064.2,5106
2026-07-27T13:35:00+05:30,1064.6,1064.7,1062.7,1063.4,12369
2026-07-27T13:40:00+05:30,1063,1064,1061,1061.6,13321
2026-07-27T13:45:00+05:30,1061.7,1062.2,1060.6,1061.8,7329
2026-07-27T13:50:00+05:30,1061.8,1062.4,1061.3,1062.4,7440
2026-07-27T13:55:00+05:30,1062.4,1062.6,1061.1,1061.2,6165
2026-07-27T14:00:00+05:30,1061.7,1062.1,1060.7,1060.7,9974
2026-07-27T14:05:00+05:30,1060.9,1062.9,1060.8,1062.5,14290
2026-07-27T14:10:00+05:30,1062.8,1062.9,1061.7,1062.5,4848
2026-07-27T14:15:00+05:30,1062.5,1062.8,1061.7,1062.2,6013
2026-07-27T14:20:00+05:30,1062.2,1062.7,1061.9,1062.2,5720
2026-07-27T14:25:00+05:30,1062.1,1062.7,1062,1062.3,6065
2026-07-27T14:30:00+05:30,1061.4,1061.9,1060.6,1061.3,21100
2026-07-27T14:35:00+05:30,1061.3,1061.5,1060.3,1061.2,77700
2026-07-27T14:40:00+05:30,1061.3,1062.2,1060.5,1061.5,22753
2026-07-27T14:45:00+05:30,1061.5,1062.1,1061.1,1061.7,7202
2026-07-27T14:50:00+05:30,1061.5,1061.9,1061,1061.3,4781
2026-07-27T14:55:00+05:30,1061.3,1062.9,1061,1062.1,10550
2026-07-27T15:00:00+05:30,1062.8,1065.6,1062.8,1065.1,27793
2026-07-27T15:05:00+05:30,1065.1,1066,1065.1,1065.9,22099
2026-07-27T15:10:00+05:30,1065.9,1066.5,1065.2,1066,27286
2026-07-27T15:15:00+05:30,1066.2,1066.4,1065.3,1065.8,30401
2026-07-27T15:20:00+05:30,1066.3,1066.3,1065.4,1065.4,53746
2026-07-27T15:25:00+05:30,1066.2,1066.5,1065.4,1066,24299
2026-07-28T09:15:00+05:30,1072,1072,1057.6,1059.1,51931
2026-07-28T09:20:00+05:30,1059.1,1063,1058.9,1061.3,13166
2026-07-28T09:25:00+05:30,1060.8,1061.4,1057.5,1057.6,14778
2026-07-28T09:30:00+05:30,1057.9,1057.9,1054.2,1055.2,18550
2026-07-28T09:35:00+05:30,1055.2,1057.4,1054.3,1057,6216
2026-07-28T09:40:00+05:30,1057,1058.5,1056,1057,4819
2026-07-28T09:45:00+05:30,1056,1057.4,1055.1,1057.4,8513
2026-07-28T09:50:00+05:30,1057.2,1057.9,1056.3,1057.5,5484
2026-07-28T09:55:00+05:30,1057.5,1057.5,1052.8,1053.1,13648
2026-07-28T10:00:00+05:30,1052.7,1053.7,1051.5,1052.1,4701
2026-07-28T10:05:00+05:30,1052.1,1055,1052.1,1054.6,5415
2026-07-28T10:10:00+05:30,1054.6,1055.4,1054.2,1054.8,4887
2026-07-28T10:15:00+05:30,1055,1059.6,1054.8,1058,11386
2026-07-28T10:20:00+05:30,1058,1058,1056.6,1056.8,3312
2026-07-28T10:25:00+05:30,1057.3,1060.1,1056.7,1056.7,10758
2026-07-28T10:30:00+05:30,1056.9,1059.6,1056.9,1059.6,3484
2026-07-28T10:35:00+05:30,1059.7,1059.9,1057.8,1059.2,3775
2026-07-28T10:40:00+05:30,1059.2,1061,1056.6,1056.7,14778
2026-07-28T10:45:00+05:30,1056.7,1058,1056,1058,3364
2026-07-28T10:50:00+05:30,1058,1059,1056.6,1056.8,115867
2026-07-28T10:55:00+05:30,1056.8,1057.8,1052.6,1052.9,141621
2026-07-28T11:00:00+05:30,1053.2,1054.6,1052.3,1054.2,13104
2026-07-28T11:05:00+05:30,1053.9,1056,1053,1055,5686
2026-07-28T11:10:00+05:30,1055,1055,1053,1053.5,6034
2026-07-28T11:15:00+05:30,1053.5,1056,1053.5,1054.8,4092
2026-07-28T11:20:00+05:30,1054.8,1055.5,1053.4,1053.4,7018
2026-07-28T11:25:00+05:30,1053.7,1053.7,1052,1053.4,12095
2026-07-28T11:30:00+05:30,1053.4,1054.3,1052.2,1054.1,12217
2026-07-28T11:35:00+05:30,1053.6,1056,1053.2,1054.7,19151
2026-07-28T11:40:00+05:30,1054.7,1056.9,1054.5,1056.2,5279
2026-07-28T11:45:00+05:30,1056.2,1058.4,1056,1056.5,6752
2026-07-28T11:50:00+05:30,1056.5,1057.4,1055.2,1056,8647
2026-07-28T11:55:00+05:30,1055.6,1057.2,1055,1056,6662
2026-07-28T12:00:00+05:30,1056,1056.4,1055.4,1055.7,2515
2026-07-28T12:05:00+05:30,1055.5,1057,1055.5,1056,3671
2026-07-28T12:10:00+05:30,1056,1057,1055.6,1056.7,5218
2026-07-28T12:15:00+05:30,1056.7,1056.8,1055.5,1055.6,1202
2026-07-28T12:20:00+05:30,1055.5,1056.6,1055.3,1055.7,2718
2026-07-28T12:25:00+05:30,1056.1,1057,1055.6,1057,4798
2026-07-28T12:30:00+05:30,1056.8,1058.5,1056.8,1057.5,7380
2026-07-28T12:35:00+05:30,1057.5,1059,1057.5,1059,5485
2026-07-28T12:40:00+05:30,1059,1059.7,1058.4,1058.7,5603
2026-07-28T12:45:00+05:30,1059.2,1059.4,1058.4,1059.1,5428
2026-07-28T12:50:00+05:30,1059,1059.3,1058.7,1059.2,2387
2026-07-28T12:55:00+05:30,1059.2,1059.9,1058.6,1059.5,5143
2026-07-28T13:00:00+05:30,1059.5,1060,1058.9,1059.4,4813
2026-07-28T13:05:00+05:30,1059.1,1059.9,1058.7,1059.6,4009
2026-07-28T13:10:00+05:30,1059.7,1059.8,1058.2,1058.9,4983
2026-07-28T13:15:00+05:30,1058.9,1059,1056.6,1056.6,5366
2026-07-28T13:20:00+05:30,1056.7,1058.4,1056.7,1057.7,6505
2026-07-28T13:25:00+05:30,1057.7,1057.8,1057,1057,2035
2026-07-28T13:30:00+05:30,1057,1057.2,1054.8,1055.7,8662
2026-07-28T13:35:00+05:30,1055.7,1056.6,1054.6,1054.6,9487
2026-07-28T13:40:00+05:30,1054.6,1054.8,1054,1054.7,3139
2026-07-28T13:45:00+05:30,1054.7,1054.7,1053.6,1054.4,7220
2026-07-28T13:50:00+05:30,1054.4,1056.8,1054.2,1056.1,4068
2026-07-28T13:55:00+05:30,1056.1,1056.6,1054.9,1055.5,5783
2026-07-28T14:00:00+05:30,1055.5,1055.7,1054.7,1055.4,2851
2026-07-28T14:05:00+05:30,1055.2,1055.2,1054.1,1054.4,3092
2026-07-28T14:10:00+05:30,1054.4,1055.3,1053.7,1054,4612
2026-07-28T14:15:00+05:30,1054,1055.6,1053.8,1055,6538
2026-07-28T14:20:00+05:30,1055,1055.6,1054,1054.2,3503
2026-07-28T14:25:00+05:30,1054.2,1055.1,1054,1054.4,3511
2026-07-28T14:30:00+05:30,1054.4,1055,1053.3,1053.6,8319
2026-07-28T14:35:00+05:30,1053.6,1054.5,1053.2,1054.3,7237
2026-07-28T14:40:00+05:30,1054.3,1054.9,1053.9,1054.6,4862
2026-07-28T14:45:00+05:30,1054.1,1055.3,1053.5,1053.8,6997
2026-07-28T14:50:00+05:30,1053.4,1055.4,1053.3,1054.8,15275
2026-07-28T14:55:00+05:30,1054.9,1055.2,1052.7,1053.4,11167
2026-07-28T15:00:00+05:30,1053.4,1054.1,1052.4,1053,35663
2026-07-28T15:05:00+05:30,1053.2,1054.1,1052.1,1053.7,30339
2026-07-28T15:10:00+05:30,1054.2,1055,1053.6,1054.4,18598
2026-07-28T15:15:00+05:30,1054.5,1055.7,1053.9,1054.7,33806
2026-07-28T15:20:00+05:30,1054.5,1057,1054.5,1056.3,41274
2026-07-28T15:25:00+05:30,1056.3,1058,1053.5,1053.5,32739
2026-07-29T09:15:00+05:30,1054.4,1066.1,1054.2,1066.1,33989
2026-07-29T09:20:00+05:30,1065.8,1069.1,1062.1,1062.1,27322
2026-07-29T09:25:00+05:30,1062.1,1063.6,1061.3,1062.2,18357
2026-07-29T09:30:00+05:30,1062.2,1063,1059.8,1060.1,19492
2026-07-29T09:35:00+05:30,1060.1,1062.6,1058.9,1061.6,16211
2026-07-29T09:40:00+05:30,1061.5,1069.9,1060.9,1069,31051
2026-07-29T09:45:00+05:30,1069.3,1079.7,1069.3,1079.3,44706
2026-07-29T09:50:00+05:30,1079.4,1090.9,1078.2,1086.6,87256
2026-07-29T09:55:00+05:30,1087.7,1089.6,1086,1086.5,45707
2026-07-29T10:00:00+05:30,1086.9,1090.9,1085.9,1090.7,54239
2026-07-29T10:05:00+05:30,1090,1096,1087.1,1088.1,62555
2026-07-29T10:10:00+05:30,1088.2,1088.2,1082.6,1084.5,41536
2026-07-29T10:15:00+05:30,1084.1,1088.7,1084,1088.1,13148
2026-07-29T10:20:00+05:30,1088.6,1093.5,1088,1093.5,41458
2026-07-29T10:25:00+05:30,1093.8,1095,1092,1093,34580
2026-07-29T10:30:00+05:30,1092.6,1098,1091,1094.5,62794
2026-07-29T10:35:00+05:30,1094.5,1096.1,1092.8,1095,26026
2026-07-29T10:40:00+05:30,1094.5,1097.5,1094.3,1095.5,29517
2026-07-29T10:45:00+05:30,1095,1095.9,1094.1,1095.2,17569
2026-07-29T10:50:00+05:30,1094.7,1096.9,1094,1095.6,16328
2026-07-29T10:55:00+05:30,1095.3,1096.5,1094.1,1095.6,14325
2026-07-29T11:00:00+05:30,1095,1097.9,1095,1097.9,19692
2026-07-29T11:05:00+05:30,1097.9,1099.9,1097.3,1098.6,51826
2026-07-29T11:10:00+05:30,1099,1099,1096,1098,22408
2026-07-29T11:15:00+05:30,1098,1098.4,1097,1097.5,14240
2026-07-29T11:20:00+05:30,1097.6,1099,1096.2,1098,22137
2026-07-29T11:25:00+05:30,1097.8,1099.8,1097.7,1098.6,15970
2026-07-29T11:30:00+05:30,1098.6,1099.5,1097.9,1098,11484
2026-07-29T11:35:00+05:30,1097.6,1098.8,1097.2,1098.7,8757
2026-07-29T11:40:00+05:30,1098.8,1099,1098,1098.7,9466
2026-07-29T11:45:00+05:30,1098.6,1099.5,1096.4,1097,25239
2026-07-29T11:50:00+05:30,1097.6,1097.9,1092.1,1092.9,34975
2026-07-29T11:55:00+05:30,1092.9,1094,1089.2,1089.2,59305
2026-07-29T12:00:00+05:30,1089.7,1091.1,1087.6,1089,75073
2026-07-29T12:05:00+05:30,1089,1094.3,1088.3,1093,93372
2026-07-29T12:10:00+05:30,1092.7,1094,1090,1091.3,80282
2026-07-29T12:15:00+05:30,1091.3,1091.9,1089.6,1090.2,6458
2026-07-29T12:20:00+05:30,1090.2,1091.5,1089.3,1089.9,5167
2026-07-29T12:25:00+05:30,1089.8,1090,1088.3,1088.4,8366
2026-07-29T12:30:00+05:30,1088.4,1088.9,1086.9,1088.4,17820
2026-07-29T12:35:00+05:30,1088.4,1089.9,1088.3,1088.6,4118
2026-07-29T12:40:00+05:30,1088.6,1089.5,1087.9,1088.6,6918
2026-07-29T12:45:00+05:30,1088.6,1089.4,1088,1088.1,6774
2026-07-29T12:50:00+05:30,1088.1,1089.2,1088,1089,5066
2026-07-29T12:55:00+05:30,1088.9,1089.8,1088,1089.4,6281
2026-07-29T13:00:00+05:30,1089.4,1093,1089.1,1092,10508
2026-07-29T13:05:00+05:30,1092,1094.9,1091.7,1094.7,14524
2026-07-29T13:10:00+05:30,1094,1095,1094,1094.7,13497
2026-07-29T13:15:00+05:30,1094.7,1095.4,1094,1094.4,13597
2026-07-29T13:20:00+05:30,1094.6,1095.8,1094.4,1095.2,6969
2026-07-29T13:25:00+05:30,1095.2,1095.5,1094.2,1094.4,13535
2026-07-29T13:30:00+05:30,1094.4,1095.2,1094.1,1094.3,9727
2026-07-29T13:35:00+05:30,1094.2,1095,1089.9,1089.9,39091
2026-07-29T13:40:00+05:30,1089.2,1090,1088,1088,13602
2026-07-29T13:45:00+05:30,1088.1,1089.6,1087.3,1089,8065
2026-07-29T13:50:00+05:30,1089,1090,1088.6,1089.1,3655
2026-07-29T13:55:00+05:30,1089.4,1089.9,1088,1088.4,11546
2026-07-29T14:00:00+05:30,1088.4,1090.6,1088.4,1089.9,4434
2026-07-29T14:05:00+05:30,1089.7,1090.7,1089.1,1090.7,6259
2026-07-29T14:10:00+05:30,1090.7,1091.5,1090.3,1091.3,10365
2026-07-29T14:15:00+05:30,1090.8,1091.4,1089.4,1090.2,7614
2026-07-29T14:20:00+05:30,1090.2,1090.7,1089.6,1090.1,5767
2026-07-29T14:25:00+05:30,1090.1,1090.1,1089,1089,3460
2026-07-29T14:30:00+05:30,1089.3,1089.3,1086.4,1086.5,17426
2026-07-29T14:35:00+05:30,1087.4,1088.6,1084.6,1085.9,89298
2026-07-29T14:40:00+05:30,1086.3,1086.7,1084.9,1086.5,20789
2026-07-29T14:45:00+05:30,1086.5,1089.9,1085.9,1088.3,15739
2026-07-29T14:50:00+05:30,1088.3,1088.5,1086.2,1086.4,17116
2026-07-29T14:55:00+05:30,1086.4,1087.5,1085.4,1085.4,21294
2026-07-29T15:00:00+05:30,1085.6,1087,1085,1086.9,28958
2026-07-29T15:05:00+05:30,1086.6,1090,1086.6,1089.8,54692
2026-07-29T15:10:00+05:30,1089.8,1090,1088.6,1089.5,38031
2026-07-29T15:15:00+05:30,1089.3,1090.4,1088.4,1089.4,38910
2026-07-29T15:20:00+05:30,1089.6,1090.3,1088.5,1090.2,52599
2026-07-29T15:25:00+05:30,1090.1,1090.8,1088.8,1088.8,19616
2026-07-30T09:15:00+05:30,1090,1120,1085.9,1089.7,30928
2026-07-30T09:20:00+05:30,1089.5,1091.6,1087.4,1088.7,10920
2026-07-30T09:25:00+05:30,1089.1,1090.9,1088.8,1089,5242
2026-07-30T09:30:00+05:30,1088.7,1090.4,1088,1088.9,12314
2026-07-30T09:35:00+05:30,1088.9,1089.1,1087,1088.8,4867
2026-07-30T09:40:00+05:30,1088,1090.2,1088,1089,14913
2026-07-30T09:45:00+05:30,1089,1102.8,1089,1100.4,48594
2026-07-30T09:50:00+05:30,1100.4,1101,1095.6,1095.7,10833
2026-07-30T09:55:00+05:30,1095.7,1098.7,1094.9,1098.2,9511
2026-07-30T10:00:00+05:30,1098.2,1098.6,1095.9,1096.9,4742
2026-07-30T10:05:00+05:30,1096.5,1097.1,1095,1096,4041
2026-07-30T10:10:00+05:30,1095.9,1096.9,1091.3,1092,7721
2026-07-30T10:15:00+05:30,1091.7,1092.5,1091.5,1092.3,6689
2026-07-30T10:20:00+05:30,1092.3,1092.5,1091.1,1092.3,13626
2026-07-30T10:25:00+05:30,1092.3,1092.3,1089,1089.3,8208
2026-07-30T10:30:00+05:30,1089.3,1089.7,1088,1088.9,9005
2026-07-30T10:35:00+05:30,1088.9,1091.1,1088.9,1090.5,3356
2026-07-30T10:40:00+05:30,1090.5,1092,1089.6,1090.9,4973
2026-07-30T10:45:00+05:30,1090.9,1091,1089.8,1089.8,11637
2026-07-30T10:50:00+05:30,1089.8,1091.3,1089.7,1090.8,2831
2026-07-30T10:55:00+05:30,1090.8,1091.4,1090,1090,2084
2026-07-30T11:00:00+05:30,1090.3,1093,1090,1093,3460
2026-07-30T11:05:00+05:30,1093,1093,1090,1091,3880
2026-07-30T11:10:00+05:30,1091.1,1093,1090.6,1092.1,4163
2026-07-30T11:15:00+05:30,1092.1,1095,1092.1,1092.9,14826
2026-07-30T11:20:00+05:30,1092.9,1093.5,1091.4,1092.1,1931
2026-07-30T11:25:00+05:30,1093,1094.5,1092.5,1093.7,4647
2026-07-30T11:30:00+05:30,1093.8,1094.7,1093.3,1093.5,3989
2026-07-30T11:35:00+05:30,1093.5,1094,1092.9,1093.5,4734
2026-07-30T11:40:00+05:30,1093.5,1097,1092.4,1095.9,12996
2026-07-30T11:45:00+05:30,1095.9,1095.9,1093.6,1094.3,3666
2026-07-30T11:50:00+05:30,1094.3,1097.9,1094.3,1097.1,8137
2026-07-30T11:55:00+05:30,1096.9,1097.7,1096.6,1096.7,7218
2026-07-30T12:00:00+05:30,1096.7,1097.5,1096,1096.7,5771
2026-07-30T12:05:00+05:30,1096.7,1097.2,1093.5,1093.7,9105
2026-07-30T12:10:00+05:30,1093.7,1094.2,1092.1,1094.1,4632
2026-07-30T12:15:00+05:30,1094.7,1095,1092.6,1092.7,3747
2026-07-30T12:20:00+05:30,1092.7,1093.7,1092.5,1092.8,1791
2026-07-30T12:25:00+05:30,1092.8,1094,1090.2,1090.5,8711
2026-07-30T12:30:00+05:30,1090.5,1094.4,1090.5,1094,3844
2026-07-30T12:35:00+05:30,1094.3,1095.4,1092.2,1092.2,12063
2026-07-30T12:40:00+05:30,1092.5,1093.3,1092.2,1092.2,4230
2026-07-30T12:45:00+05:30,1092.3,1093.3,1091.6,1092.3,2384
2026-07-30T12:50:00+05:30,1092.3,1092.3,1090.6,1090.9,5894
2026-07-30T12:55:00+05:30,1090.9,1092,1090.9,1092,2137
2026-07-30T13:00:00+05:30,1091.9,1092,1090.6,1090.6,4353
2026-07-30T13:05:00+05:30,1090.6,1090.9,1089.2,1090,4710
2026-07-30T13:10:00+05:30,1090,1090.3,1088,1088.8,11715
2026-07-30T13:15:00+05:30,1088.9,1089.2,1088.2,1088.7,2397
2026-07-30T13:20:00+05:30,1088.6,1091.5,1088.6,1090.9,12811
2026-07-30T13:25:00+05:30,1090.8,1092,1089.7,1090.9,21054
2026-07-30T13:30:00+05:30,1090.9,1095,1090.6,1094.2,47088
2026-07-30T13:35:00+05:30,1094.2,1094.5,1092.6,1092.6,10129
2026-07-30T13:40:00+05:30,1092.6,1094,1092.6,1093.1,2951
2026-07-30T13:45:00+05:30,1093,1093.6,1090.5,1090.5,6485
2026-07-30T13:50:00+05:30,1090.5,1091.6,1090,1091.3,2457
2026-07-30T13:55:00+05:30,1091.3,1093,1089.7,1090.1,4302
2026-07-30T14:00:00+05:30,1090.1,1091.9,1090.1,1091.2,2838
2026-07-30T14:05:00+05:30,1091.4,1091.4,1090.6,1091.2,3013
2026-07-30T14:10:00+05:30,1091.2,1091.3,1090,1090,2672
2026-07-30T14:15:00+05:30,1090,1092,1089.1,1092,4548
2026-07-30T14:20:00+05:30,1092,1092,1089.7,1091.7,5768
2026-07-30T14:25:00+05:30,1091.7,1091.8,1090.6,1090.6,2929
2026-07-30T14:30:00+05:30,1091.1,1092.3,1090.4,1091.2,2453
2026-07-30T14:35:00+05:30,1091.2,1092.4,1090.4,1092,786
2026-07-30T14:40:00+05:30,1092.3,1094.4,1091.3,1094.4,13722
2026-07-30T14:45:00+05:30,1093.7,1094.6,1093,1094.5,19350
2026-07-30T14:50:00+05:30,1094.5,1094.5,1093.3,1093.6,7262
2026-07-30T14:55:00+05:30,1093.6,1094.3,1093.1,1093.2,5898
2026-07-30T15:00:00+05:30,1093.7,1093.9,1092,1092.3,11716
2026-07-30T15:05:00+05:30,1092.3,1094.5,1092.1,1094.1,12534
2026-07-30T15:10:00+05:30,1094.1,1095.1,1094.1,1094.5,15464
2026-07-30T15:15:00+05:30,1094.1,1094.2,1092.4,1092.4,19069
2026-07-30T15:20:00+05:30,1093,1094.5,1092.3,1094.4,13133
2026-07-30T15:25:00+05:30,1094.4,1094.5,1091,1094.1,13929
2026-07-31T09:15:00+05:30,1094.5,1108,1093.6,1106.2,44292
2026-07-31T09:20:00+05:30,1104,1104.7,1101.8,1103.5,16659
2026-07-31T09:25:00+05:30,1104.8,1106.3,1102,1102,23073
2026-07-31T09:30:00+05:30,1101.4,1103.3,1098.9,1100,15844
2026-07-31T09:35:00+05:30,1099.3,1103.5,1098.7,1103.5,13152
2026-07-31T09:40:00+05:30,1103.5,1111.1,1103.2,1109.2,49054
2026-07-31T09:45:00+05:30,1108.2,1109.2,1107.7,1108.2,10625
2026-07-31T09:50:00+05:30,1107.9,1110.7,1106.2,1106.9,28863
2026-07-31T09:55:00+05:30,1108.4,1109.5,1106.4,1109.1,12456
2026-07-31T10:00:00+05:30,1109.1,1109.6,1107.7,1107.7,10960
2026-07-31T10:05:00+05:30,1107.7,1113,1107.7,1112.2,25000
2026-07-31T10:10:00+05:30,1112.2,1114,1110.8,1113.3,20163
2026-07-31T10:15:00+05:30,1113.3,1113.3,1109.8,1112.1,15395
2026-07-31T10:20:00+05:30,1112.1,1112.5,1110.4,1110.6,5247
2026-07-31T10:25:00+05:30,1110,1112.5,1109.7,1111,10506
2026-07-31T10:30:00+05:30,1111,1111.3,1109.3,1110,6076
2026-07-31T10:35:00+05:30,1110.1,1111.5,1109,1110,11378
2026-07-31T10:40:00+05:30,1110.3,1110.6,1109.2,1109.5,6354
2026-07-31T10:45:00+05:30,1110,1110,1109,1109.3,2966
2026-07-31T10:50:00+05:30,1109.3,1110.5,1109,1109.3,4806
2026-07-31T10:55:00+05:30,1109.5,1112,1109.4,1111.6,8444
2026-07-31T11:00:00+05:30,1111.6,1113.1,1111.6,1112.1,15250
2026-07-31T11:05:00+05:30,1112.1,1113,1109,1109.1,5694
2026-07-31T11:10:00+05:30,1109.1,1110.7,1109.1,1109.1,3360
2026-07-31T11:15:00+05:30,1109.1,1110.6,1107.1,1108.2,5246
2026-07-31T11:20:00+05:30,1108.2,1109.1,1107.6,1107.6,3194
2026-07-31T11:25:00+05:30,1107.6,1107.7,1104.9,1106.8,9702
2026-07-31T11:30:00+05:30,1106.8,1108.2,1106.8,1107.9,4746
2026-07-31T11:35:00+05:30,1107.9,1109.1,1107.1,1108.2,5509
2026-07-31T11:40:00+05:30,1108.2,1108.5,1106.8,1107.8,3803
2026-07-31T11:45:00+05:30,1107.8,1107.9,1106.2,1107.6,10537
2026-07-31T11:50:00+05:30,1108.5,1110,1107.6,1108.6,8703
2026-07-31T11:55:00+05:30,1108.9,1108.9,1107.5,1107.9,3197
2026-07-31T12:00:00+05:30,1107.9,1107.9,1106.2,1106.7,2822
2026-07-31T12:05:00+05:30,1106.7,1108.4,1106.1,1106.6,6447
2026-07-31T12:10:00+05:30,1106.6,1108,1104,1104.2,10827
2026-07-31T12:15:00+05:30,1104.1,1106.2,1104,1104.3,12490
2026-07-31T12:20:00+05:30,1105,1106.1,1104.8,1105.9,6433
2026-07-31T12:25:00+05:30,1105.9,1108.1,1105.9,1106.7,10217
2026-07-31T12:30:00+05:30,1106.7,1107.9,1106.2,1106.7,6844
2026-07-31T12:35:00+05:30,1106.7,1108.8,1106,1106.4,15014
2026-07-31T12:40:00+05:30,1106.4,1107.4,1105.4,1105.5,13242
2026-07-31T12:45:00+05:30,1105.5,1107.5,1105,1107,12499
2026-07-31T12:50:00+05:30,1106.9,1107.2,1105.8,1106.4,5863
2026-07-31T12:55:00+05:30,1106.4,1107.8,1106.1,1106.4,3496
2026-07-31T13:00:00+05:30,1106.4,1107.4,1106.3,1106.6,2925
2026-07-31T13:05:00+05:30,1106.6,1106.9,1105.8,1106.1,3092
2026-07-31T13:10:00+05:30,1105.5,1107.6,1105.5,1106.2,6864
2026-07-31T13:15:00+05:30,1106.2,1109.5,1106.2,1109.5,5949
2026-07-31T13:20:00+05:30,1109.4,1109.9,1107.6,1108.3,12729
2026-07-31T13:25:00+05:30,1108.3,1109.5,1106.2,1107.2,8100
2026-07-31T13:30:00+05:30,1107.2,1107.7,1104.3,1104.3,10737
2026-07-31T13:35:00+05:30,1104.3,1105.5,1104.3,1104.7,2830
2026-07-31T13:40:00+05:30,1104.9,1105,1103.7,1104.3,10033
2026-07-31T13:45:00+05:30,1104.3,1105.4,1104.1,1104.7,3523
2026-07-31T13:50:00+05:30,1104.8,1105.4,1103.8,1104.1,5004
2026-07-31T13:55:00+05:30,1104.1,1105,1104,1104.2,2407
2026-07-31T14:00:00+05:30,1104.2,1106.7,1104.2,1105.1,6078
2026-07-31T14:05:00+05:30,1105.1,1105.3,1104,1104.5,3962
2026-07-31T14:10:00+05:30,1104.5,1105.8,1104.5,1104.8,6410
2026-07-31T14:15:00+05:30,1104.8,1104.9,1104,1104.1,3505
2026-07-31T14:20:00+05:30,1104,1104.7,1104,1104.3,1957
2026-07-31T14:25:00+05:30,1104.3,1105,1104.1,1104.5,3396
2026-07-31T14:30:00+05:30,1104.5,1104.5,1101.8,1103,11029
2026-07-31T14:35:00+05:30,1103,1103.3,1102,1103.2,5094
2026-07-31T14:40:00+05:30,1103.2,1103.4,1102.6,1103.1,5030
2026-07-31T14:45:00+05:30,1103.1,1103.6,1102,1103.1,2811
2026-07-31T14:50:00+05:30,1104,1104,1103.1,1103.3,1206
2026-07-31T14:55:00+05:30,1103.3,1103.8,1101.7,1101.8,2709
2026-07-31T15:00:00+05:30,1102.7,1103.5,1102.4,1102.9,16391
2026-07-31T15:05:00+05:30,1103,1103.1,1101.5,1102.4,21351
2026-07-31T15:10:00+05:30,1102.3,1102.7,1101.5,1101.5,21060
2026-07-31T15:15:00+05:30,1102.2,1102.6,1101.9,1102,20091
2026-07-31T15:20:00+05:30,1101.7,1103.3,1101.3,1102.1,22254
2026-07-31T15:25:00+05:30,1102.2,1103.3,1101.1,1102,27379
2026-08-03T09:15:00+05:30,1114,1128.3,1113.5,1118.2,106769
2026-08-03T09:20:00+05:30,1118.5,1119.5,1115.1,1116.8,35751
2026-08-03T09:25:00+05:30,1116.4,1117.6,1113.2,1115.4,35342
2026-08-03T09:30:00+05:30,1115.7,1115.7,1112,1115.1,17120
2026-08-03T09:35:00+05:30,1115.3,1117.5,1114.1,1114.1,12968
2026-08-03T09:40:00+05:30,1114.1,1116,1113.1,1114.7,12318
2026-08-03T09:45:00+05:30,1113.8,1115,1111.2,1111.5,16279
2026-08-03T09:50:00+05:30,1111.4,1115.1,1111.1,1114.5,24457
2026-08-03T09:55:00+05:30,1114.8,1114.8,1111.6,1112,32487
2026-08-03T10:00:00+05:30,1112,1113.2,1109.4,1111.9,33159
2026-08-03T10:05:00+05:30,1111.8,1113,1111.5,1111.8,8210
2026-08-03T10:10:00+05:30,1111.8,1111.9,1110.2,1110.2,4407
2026-08-03T10:15:00+05:30,1110,1111,1109,1110.3,7408
2026-08-03T10:20:00+05:30,1110,1111.2,1109.5,1110.1,5810
2026-08-03T10:25:00+05:30,1110.1,1111,1109,1109.5,6444
2026-08-03T10:30:00+05:30,1109.6,1110.8,1108.9,1110.1,3461
2026-08-03T10:35:00+05:30,1110,1110.1,1108.4,1108.9,5555
2026-08-03T10:40:00+05:30,1108.9,1109,1106.8,1107.3,4316
2026-08-03T10:45:00+05:30,1107.7,1108.5,1106,1108.2,8683
2026-08-03T10:50:00+05:30,1108.2,1110.5,1108.2,1109.6,6634
2026-08-03T10:55:00+05:30,1109.6,1111.4,1108.9,1109.9,4565
2026-08-03T11:00:00+05:30,1109.9,1112.8,1109.9,1111.6,4057
2026-08-03T11:05:00+05:30,1112.3,1112.4,1108.5,1110.9,8505
2026-08-03T11:10:00+05:30,1110.9,1112,1107.6,1108,15007
2026-08-03T11:15:00+05:30,1108,1112.1,1107.2,1111.7,36264
2026-08-03T11:20:00+05:30,1111.7,1113.5,1111.5,1113,6315
2026-08-03T11:25:00+05:30,1112.8,1114,1111.1,1114,10830
2026-08-03T11:30:00+05:30,1114,1114,1109.5,1109.5,13162
2026-08-03T11:35:00+05:30,1110,1111.4,1109.5,1110.1,7223
2026-08-03T11:40:00+05:30,1110.9,1111,1109.9,1110.7,3702
2026-08-03T11:45:00+05:30,1110.6,1110.9,1107,1107.1,14291
2026-08-03T11:50:00+05:30,1108,1108.9,1107.2,1107.8,6888
2026-08-03T11:55:00+05:30,1108,1110.4,1107.8,1109,7193
2026-08-03T12:00:00+05:30,1109,1110.2,1108.1,1109.5,8464
2026-08-03T12:05:00+05:30,1109.5,1110.6,1108.7,1109.9,10293
2026-08-03T12:10:00+05:30,1109.9,1110.5,1108.5,1109.4,10519
2026-08-03T12:15:00+05:30,1109.7,1110.3,1106.4,1106.9,16100
2026-08-03T12:20:00+05:30,1106.9,1108.3,1106.9,1107.9,4937
2026-08-03T12:25:00+05:30,1107.3,1109.1,1107.2,1107.8,7133
2026-08-03T12:30:00+05:30,1108.3,1108.3,1106.5,1107.3,16285
2026-08-03T12:35:00+05:30,1107.4,1109.8,1107.1,1109,16389
2026-08-03T12:40:00+05:30,1109,1113.4,1108.9,1113.1,25128
2026-08-03T12:45:00+05:30,1112.3,1113.3,1110.9,1112.2,14539
2026-08-03T12:50:00+05:30,1112.2,1113.9,1112.2,1112.5,9887
2026-08-03T12:55:00+05:30,1112.8,1112.9,1110.9,1111.4,25292
2026-08-03T13:00:00+05:30,1111.8,1112.3,1111,1111.4,9883
2026-08-03T13:05:00+05:30,1111.4,1111.9,1110,1111.1,12699
2026-08-03T13:10:00+05:30,1111.5,1111.8,1110.4,1111,13210
2026-08-03T13:15:00+05:30,1111,1112.7,1111,1111.7,9714
2026-08-03T13:20:00+05:30,1111.5,1113.2,1111.5,1112.6,8414
2026-08-03T13:25:00+05:30,1112.8,1114,1111.6,1111.6,11847
2026-08-03T13:30:00+05:30,1111.9,1114,1111.6,1114,21995
2026-08-03T13:35:00+05:30,1114.1,1115,1112.1,1112.1,14167
2026-08-03T13:40:00+05:30,1112.5,1112.6,1111.4,1112.3,8674
2026-08-03T13:45:00+05:30,1112.3,1113.2,1111.4,1112,7712
2026-08-03T13:50:00+05:30,1112,1112.5,1111,1111.7,17907
2026-08-03T13:55:00+05:30,1111.5,1112.2,1109.2,1111.9,37582
2026-08-03T14:00:00+05:30,1111.9,1114.3,1111,1113,8449
2026-08-03T14:05:00+05:30,1113.2,1114.3,1112.8,1113.4,11126
2026-08-03T14:10:00+05:30,1113.9,1114.6,1112.4,1112.4,15445
2026-08-03T14:15:00+05:30,1112.7,1113.5,1112,1112.5,10603
2026-08-03T14:20:00+05:30,1112.7,1113.3,1112.1,1112.2,9371
2026-08-03T14:25:00+05:30,1112.2,1114.9,1112.2,1114.2,25558
2026-08-03T14:30:00+05:30,1114,1114.9,1113.6,1113.7,16061
2026-08-03T14:35:00+05:30,1113.7,1114.4,1112.6,1113,6002
2026-08-03T14:40:00+05:30,1112.7,1113.5,1112.5,1113,7222
2026-08-03T14:45:00+05:30,1112.8,1113.6,1112.1,1112.4,15574
2026-08-03T14:50:00+05:30,1112.8,1113.4,1112.2,1112.9,17845
2026-08-03T14:55:00+05:30,1112.4,1114.8,1112.3,1114.2,36886
2026-08-03T15:00:00+05:30,1114.5,1114.5,1112,1112.8,28035
2026-08-03T15:05:00+05:30,1112.8,1113.6,1112,1112.6,35294
2026-08-03T15:10:00+05:30,1112.7,1113,1111.7,1112.9,38413
2026-08-04T09:15:00+05:30,1106.1,1115.1,1101.4,1115.1,46492
2026-08-04T09:20:00+05:30,1114.6,1119,1113,1115,50005
2026-08-04T09:25:00+05:30,1115,1119.4,1114.3,1118,20897
2026-08-04T09:30:00+05:30,1117.6,1119.5,1116.7,1118,24024
2026-08-04T09:35:00+05:30,1118,1118.6,1116.6,1117.2,10688
2026-08-04T09:40:00+05:30,1117.7,1119.9,1115,1116,46430
2026-08-04T09:45:00+05:30,1116,1118.1,1115.5,1116.9,13392
2026-08-04T09:50:00+05:30,1116.9,1118.7,1116.1,1118.2,10709
2026-08-04T09:55:00+05:30,1118.7,1118.7,1116.3,1117.6,8896
2026-08-04T10:00:00+05:30,1117.6,1118,1115.1,1115.1,6779
2026-08-04T10:05:00+05:30,1115.1,1116.3,1112.6,1112.6,11843
2026-08-04T10:10:00+05:30,1112.4,1113.8,1110.5,1110.5,19579
2026-08-04T10:15:00+05:30,1110.6,1112.3,1110,1111.8,6701
2026-08-04T10:20:00+05:30,1112.1,1112.1,1110.1,1110.9,3959
2026-08-04T10:25:00+05:30,1110.9,1111.4,1109.8,1110.5,8907
2026-08-04T10:30:00+05:30,1110.5,1111.4,1109.8,1110.5,2572
2026-08-04T10:35:00+05:30,1109.8,1111.5,1109.2,1110.9,9288
2026-08-04T10:40:00+05:30,1110.9,1113.8,1109.9,1113.5,28219
2026-08-04T10:45:00+05:30,1113.5,1115,1112.9,1114.6,4620
2026-08-04T10:50:00+05:30,1114.6,1115.6,1114.2,1114.3,6374
2026-08-04T10:55:00+05:30,1114.8,1116.7,1114.1,1115.9,7645
2026-08-04T11:00:00+05:30,1116.3,1121.5,1116,1120.7,50008
2026-08-04T11:05:00+05:30,1120.1,1121.6,1118.7,1118.7,21059
2026-08-04T11:10:00+05:30,1118.7,1120.5,1117.9,1119.3,15240
2026-08-04T11:15:00+05:30,1119.1,1120.6,1118.9,1119.4,7920
2026-08-04T11:20:00+05:30,1119.4,1119.7,1118.4,1119.3,4330
2026-08-04T11:25:00+05:30,1119.3,1120,1117.3,1117.3,4901
2026-08-04T11:30:00+05:30,1117.5,1118.1,1117.5,1117.7,1761
2026-08-04T11:35:00+05:30,1117.7,1120.1,1117.4,1118.5,24577
2026-08-04T11:40:00+05:30,1118.7,1119.4,1118.2,1119,4595
2026-08-04T11:45:00+05:30,1118.5,1119.4,1116.5,1117,10445
2026-08-04T11:50:00+05:30,1117,1119,1116.6,1117.3,5932
2026-08-04T11:55:00+05:30,1117.3,1119.2,1117,1118.6,8768
2026-08-04T12:00:00+05:30,1118.6,1119.8,1117.6,1118.2,3644
2026-08-04T12:05:00+05:30,1118.7,1118.7,1116.8,1117.9,4087
2026-08-04T12:10:00+05:30,1117.2,1117.7,1116.4,1117.4,3946
2026-08-04T12:15:00+05:30,1117.4,1118.6,1117.3,1117.3,3418
2026-08-04T12:20:00+05:30,1117.3,1117.9,1117,1117.5,1176
2026-08-04T12:25:00+05:30,1117.6,1117.7,1116.5,1117.3,2534
2026-08-04T12:30:00+05:30,1117.3,1117.7,1116.5,1116.5,3079
2026-08-04T12:35:00+05:30,1116.4,1117,1114.1,1114.8,8440
2026-08-04T12:40:00+05:30,1115.2,1116.1,1114.2,1114.2,3463
2026-08-04T12:45:00+05:30,1114.6,1116.1,1114.2,1115.2,8126
2026-08-04T12:50:00+05:30,1115.2,1117,1115.2,1115.8,4098
2026-08-04T12:55:00+05:30,1115.8,1116.7,1115.6,1115.7,2404
2026-08-04T13:00:00+05:30,1116,1116,1114.3,1115,5429
2026-08-04T13:05:00+05:30,1115.2,1115.8,1114.8,1115.2,627
2026-08-04T13:10:00+05:30,1115.2,1116,1114.5,1114.8,5342
2026-08-04T13:15:00+05:30,1114.8,1117,1114.6,1116.2,3172
2026-08-04T13:20:00+05:30,1116.2,1118,1116.2,1117.1,6455
2026-08-04T13:25:00+05:30,1116.8,1117.1,1116.2,1116.8,1405
2026-08-04T13:30:00+05:30,1116.8,1117,1114.7,1116.5,8255
2026-08-04T13:35:00+05:30,1116.5,1116.9,1115.8,1116,1259
2026-08-04T13:40:00+05:30,1116,1116.8,1114.5,1115.7,7824
2026-08-04T13:45:00+05:30,1115.1,1118,1115,1116.7,7979
2026-08-04T13:50:00+05:30,1117.6,1117.6,1115.5,1116,6092
2026-08-04T13:55:00+05:30,1116,1116.9,1115.2,1116.9,3433
2026-08-04T14:00:00+05:30,1116.9,1116.9,1115.1,1115.9,4423
2026-08-04T14:05:00+05:30,1115.9,1118,1115.4,1116.2,13404
2026-08-04T14:10:00+05:30,1116.2,1117.4,1116.2,1117.1,4444
2026-08-04T14:15:00+05:30,1117.1,1118,1116.9,1117.1,9846
2026-08-04T14:20:00+05:30,1117.1,1119.1,1117.1,1119,10141
2026-08-04T14:25:00+05:30,1119,1121.9,1118.2,1118.9,30662
2026-08-04T14:30:00+05:30,1118.5,1119.9,1116.6,1117.4,6905
2026-08-04T14:35:00+05:30,1117.4,1117.7,1116.8,1117.1,4768
2026-08-04T14:40:00+05:30,1117.1,1117.6,1116.2,1116.9,4228
2026-08-04T14:45:00+05:30,1116.9,1118.2,1116.4,1117.6,4084
2026-08-04T14:50:00+05:30,1118.1,1118.1,1115.2,1115.2,9955
2026-08-04T14:55:00+05:30,1115.6,1118.3,1115.3,1118.1,11816
2026-08-04T15:00:00+05:30,1117.9,1118,1117.1,1117.7,8809
2026-08-04T15:05:00+05:30,1117.6,1118.3,1116.6,1117.7,27744
2026-08-04T15:10:00+05:30,1117.6,1121,1113.3,1120.5,37894
2026-08-05T09:15:00+05:30,1124,1126.8,1118.5,1121.5,39609
2026-08-05T09:20:00+05:30,1121,1122.4,1119.9,1122.4,10936
2026-08-05T09:25:00+05:30,1122.4,1124,1120.3,1123.4,14006
2026-08-05T09:30:00+05:30,1123.4,1123.4,1121,1121.9,3463
2026-08-05T09:35:00+05:30,1121.9,1122.8,1120.1,1120.1,9462
2026-08-05T09:40:00+05:30,1120.1,1122,1120.1,1121.1,8844
2026-08-05T09:45:00+05:30,1121.1,1122.1,1120.1,1120.9,4968
2026-08-05T09:50:00+05:30,1120.9,1120.9,1117,1117.5,9947
2026-08-05T09:55:00+05:30,1117.5,1117.5,1114.5,1115,23241
2026-08-05T10:00:00+05:30,1115,1117,1114.7,1116.1,4992
2026-08-05T10:05:00+05:30,1116.1,1118,1114.7,1118,5269
2026-08-05T10:10:00+05:30,1118,1118.9,1117.7,1117.9,1284
2026-08-05T10:15:00+05:30,1118.4,1118.5,1117.2,1117.2,3616
2026-08-05T10:20:00+05:30,1117.2,1119.5,1117.2,1119,5691
2026-08-05T10:25:00+05:30,1118.7,1119.5,1118.2,1118.3,2466
2026-08-05T10:30:00+05:30,1117.6,1119.3,1116.6,1119.1,3338
2026-08-05T10:35:00+05:30,1118.6,1120.6,1118.3,1119.6,6396
2026-08-05T10:40:00+05:30,1119.6,1120.5,1119,1120.2,1503
2026-08-05T10:45:00+05:30,1120.2,1120.7,1119.4,1120.5,3603
2026-08-05T10:50:00+05:30,1120.5,1120.6,1119,1119,2808
2026-08-05T10:55:00+05:30,1119,1119.4,1117.9,1119.3,1928
2026-08-05T11:00:00+05:30,1119.3,1120,1118.3,1119.4,1760
2026-08-05T11:05:00+05:30,1119.4,1119.4,1117.5,1118,4528
2026-08-05T11:10:00+05:30,1118,1118.5,1117.1,1117.5,2692
2026-08-05T11:15:00+05:30,1117.5,1118.5,1117.2,1117.7,6543
2026-08-05T11:20:00+05:30,1117.7,1119.1,1117.5,1117.9,2900
2026-08-05T11:25:00+05:30,1117.9,1119.8,1117.9,1118.4,3693
2026-08-05T11:30:00+05:30,1118.4,1119.9,1117.2,1117.2,6016
2026-08-05T11:35:00+05:30,1117.2,1117.9,1116.2,1116.9,4721
2026-08-05T11:40:00+05:30,1116.9,1118.1,1116.5,1117.5,3398
2026-08-05T11:45:00+05:30,1117.5,1118.4,1116.5,1117.5,4012
2026-08-05T11:50:00+05:30,1117.5,1118,1116.4,1117.3,3753
2026-08-05T11:55:00+05:30,1117.8,1118,1116.4,1117.3,3802
2026-08-05T12:00:00+05:30,1117.3,1119.3,1117.3,1119.1,8407
2026-08-05T12:05:00+05:30,1119.1,1119.7,1118.5,1119.6,1867
2026-08-05T12:10:00+05:30,1119.6,1119.7,1118.6,1119.7,2385
2026-08-05T12:15:00+05:30,1119.9,1121.4,1119.3,1120.4,6734
2026-08-05T12:20:00+05:30,1120.4,1121,1119.5,1120.6,3499
2026-08-05T12:25:00+05:30,1121.6,1121.6,1120.6,1121.4,2685
2026-08-05T12:30:00+05:30,1121.4,1121.4,1119,1119,1501
2026-08-05T12:35:00+05:30,1119,1121.9,1119,1120.2,15140
2026-08-05T12:40:00+05:30,1120.2,1120.5,1118.7,1120,9238
2026-08-05T12:45:00+05:30,1120,1120.7,1119,1119.6,3701
2026-08-05T12:50:00+05:30,1119.6,1120.2,1117.9,1120.1,8834
2026-08-05T12:55:00+05:30,1120,1120.2,1118.8,1119.2,2377
2026-08-05T13:00:00+05:30,1119.2,1120.5,1118.5,1120.5,4587
2026-08-05T13:05:00+05:30,1120.5,1125.8,1119.7,1123,72256
2026-08-05T13:10:00+05:30,1123,1123.7,1121.2,1121.9,3622
2026-08-05T13:15:00+05:30,1121.9,1121.9,1120.2,1121.3,2144
2026-08-05T13:20:00+05:30,1121.3,1122.8,1120.5,1120.9,3516
2026-08-05T13:25:00+05:30,1120.9,1121.4,1120.2,1121.4,1917
2026-08-05T13:30:00+05:30,1121.4,1121.6,1119.6,1119.6,4901
2026-08-05T13:35:00+05:30,1119.2,1119.6,1117.6,1117.6,6563
2026-08-05T13:40:00+05:30,1117.5,1118.8,1116.1,1116.5,7494
2026-08-05T13:45:00+05:30,1116.7,1118.3,1116.3,1117.9,5946
2026-08-05T13:50:00+05:30,1117.9,1118.5,1116,1116.4,4300
2026-08-05T13:55:00+05:30,1116.5,1117.8,1115.7,1117.8,8598
2026-08-05T14:00:00+05:30,1117.4,1118.9,1117,1117.4,4853
2026-08-05T14:05:00+05:30,1117.4,1119.5,1117.2,1118.4,1547
2026-08-05T14:10:00+05:30,1118.4,1119.1,1117.4,1118.5,1478
2026-08-05T14:15:00+05:30,1118.2,1118.4,1115.8,1115.9,6697
2026-08-05T14:20:00+05:30,1115.9,1120.5,1115.9,1118.3,9504
2026-08-05T14:25:00+05:30,1118.3,1119.7,1117.9,1119.3,3143
2026-08-05T14:30:00+05:30,1119.5,1120.4,1118.8,1119.4,3260
2026-08-05T14:35:00+05:30,1119.4,1121.1,1118.8,1119.2,16206
2026-08-05T14:40:00+05:30,1119.5,1119.9,1119,1119.2,3383
2026-08-05T14:45:00+05:30,1119.2,1121.1,1119.2,1120.4,5539
2026-08-05T14:50:00+05:30,1120.1,1121.1,1119.3,1120.7,4079
2026-08-05T14:55:00+05:30,1120.6,1120.8,1119.5,1120,11356
2026-08-05T15:00:00+05:30,1120.2,1120.2,1117.3,1119.2,30057
2026-08-05T15:05:00+05:30,1119.3,1121.9,1117.7,1120.1,48171
2026-08-05T15:10:00+05:30,1120.1,1120.9,1114.4,1114.4,43458
2026-08-06T09:15:00+05:30,1122,1124.5,1110.3,1113.7,120695
2026-08-06T09:20:00+05:30,1113.9,1122.5,1113.7,1120.9,49282
2026-08-06T09:25:00+05:30,1120.9,1123.9,1120,1122.5,36364
2026-08-06T09:30:00+05:30,1122.1,1122.5,1117.9,1118.4,15622
2026-08-06T09:35:00+05:30,1118.4,1120.8,1116.5,1120.8,10499
2026-08-06T09:40:00+05:30,1120.5,1120.8,1118.5,1118.7,6827
2026-08-06T09:45:00+05:30,1119,1119,1115.1,1115.5,10132
2026-08-06T09:50:00+05:30,1115.2,1116.4,1114.2,1115,11480
2026-08-06T09:55:00+05:30,1114.8,1115.7,1112.1,1112.7,15247
2026-08-06T10:00:00+05:30,1112.1,1114.2,1108.3,1109,25027
2026-08-06T10:05:00+05:30,1109,1111.3,1108.6,1111,32162
2026-08-06T10:10:00+05:30,1111,1111.5,1109.7,1110.2,87295
2026-08-06T10:15:00+05:30,1110.1,1110.9,1109.2,1109.5,11351
2026-08-06T10:20:00+05:30,1109.7,1110.7,1104.6,1104.8,36934
2026-08-06T10:25:00+05:30,1104.9,1107.1,1104.8,1105.7,21114
2026-08-06T10:30:00+05:30,1105.7,1107,1103,1104,46241
2026-08-06T10:35:00+05:30,1103.2,1107.4,1103.2,1106.3,12410
2026-08-06T10:40:00+05:30,1106.2,1106.9,1104.5,1105,8923
2026-08-06T10:45:00+05:30,1105,1105,1102.1,1104.2,85519
2026-08-06T10:50:00+05:30,1104,1104.3,1102.5,1103.7,8655
2026-08-06T10:55:00+05:30,1103.2,1103.8,1101,1101.2,23890
2026-08-06T11:00:00+05:30,1101.2,1103.9,1100.8,1103.4,73460
2026-08-06T11:05:00+05:30,1103.4,1104,1100.2,1101,95932
2026-08-06T11:10:00+05:30,1101,1102.6,1100.6,1101.6,19425
2026-08-06T11:15:00+05:30,1101.6,1102,1099.1,1100.1,43885
2026-08-06T11:20:00+05:30,1100.4,1100.8,1097.7,1098.5,12317
2026-08-06T11:25:00+05:30,1098.5,1100.3,1097.8,1099.4,31667
2026-08-06T11:30:00+05:30,1099.4,1100.5,1099.2,1099.5,13916
2026-08-06T11:35:00+05:30,1099.2,1100,1098.9,1100,14286
2026-08-06T11:40:00+05:30,1099.6,1100,1098.8,1099.5,7639
2026-08-06T11:45:00+05:30,1099.5,1106.1,1099.2,1105,30443
2026-08-06T11:50:00+05:30,1105,1107.1,1104.9,1106.3,6125
2026-08-06T11:55:00+05:30,1106.3,1108.9,1106.3,1107.3,9861
2026-08-06T12:00:00+05:30,1107.3,1107.9,1107,1107.3,6287
2026-08-06T12:05:00+05:30,1107.8,1107.9,1106.1,1106.1,5350
2026-08-06T12:10:00+05:30,1106.5,1106.9,1105.5,1106.1,57311
2026-08-06T12:15:00+05:30,1106.1,1107,1105.4,1105.9,5263
2026-08-06T12:20:00+05:30,1105.9,1105.9,1103.3,1103.5,10339
2026-08-06T12:25:00+05:30,1103.5,1105.8,1103.4,1105.2,11151
2026-08-06T12:30:00+05:30,1105.2,1106.6,1104.8,1105.7,8574
2026-08-06T12:35:00+05:30,1105.7,1107,1105.3,1106.1,5431
2026-08-06T12:40:00+05:30,1106.1,1107.6,1105.8,1106,12851
2026-08-06T12:45:00+05:30,1106,1107.1,1104.5,1104.6,4774
2026-08-06T12:50:00+05:30,1104.6,1104.9,1102.5,1103.7,10137
2026-08-06T12:55:00+05:30,1103.7,1104.9,1102.4,1102.4,6085
2026-08-06T13:00:00+05:30,1102.4,1104.5,1102,1103,9053
2026-08-06T13:05:00+05:30,1103.9,1103.9,1102.1,1102.2,12930
2026-08-06T13:10:00+05:30,1102.2,1103.5,1101.2,1101.2,6067
2026-08-06T13:15:00+05:30,1101.7,1101.8,1099.4,1101.6,102043
2026-08-06T13:20:00+05:30,1101.6,1101.6,1099.8,1100.9,60886
2026-08-06T13:25:00+05:30,1101.2,1102.2,1100.5,1100.8,8791
2026-08-06T13:30:00+05:30,1100.8,1102.9,1100.4,1102.1,9223
2026-08-06T13:35:00+05:30,1102.1,1103,1101.2,1101.5,10634
2026-08-06T13:40:00+05:30,1101.5,1103.3,1101.5,1101.5,7399
2026-08-06T13:45:00+05:30,1102.2,1102.7,1100.3,1100.9,8920
2026-08-06T13:50:00+05:30,1101.4,1103.8,1100.8,1102.2,5534
2026-08-06T13:55:00+05:30,1102.7,1103.2,1102.1,1102.6,6409
2026-08-06T14:00:00+05:30,1103.5,1104.1,1102.9,1103.6,5640
2026-08-06T14:05:00+05:30,1103.6,1104.3,1102.5,1102.5,7822
2026-08-06T14:10:00+05:30,1102.9,1103.6,1102.1,1102.9,6355
2026-08-06T14:15:00+05:30,1102.9,1102.9,1101.1,1101.1,7657
2026-08-06T14:20:00+05:30,1101.5,1102.6,1101.2,1102.1,8513
2026-08-06T14:25:00+05:30,1102.1,1103.1,1101.8,1102.5,5432
2026-08-06T14:30:00+05:30,1103.1,1104.9,1102.2,1104.9,18250
2026-08-06T14:35:00+05:30,1104.9,1104.9,1103.2,1103.3,12820
2026-08-06T14:40:00+05:30,1103.8,1103.8,1102.3,1102.3,9646
2026-08-06T14:45:00+05:30,1102.8,1103.3,1102,1102,8874
2026-08-06T14:50:00+05:30,1102.5,1103.7,1101.7,1102.3,22646
2026-08-06T14:55:00+05:30,1102,1102.9,1101.8,1102.1,14338
2026-08-06T15:00:00+05:30,1102.1,1103.3,1101.5,1101.5,28328
2026-08-06T15:05:00+05:30,1102,1102,1100.5,1101.3,26079
2026-08-06T15:10:00+05:30,1101.3,1103.4,1099,1099,62707
2026-08-07T09:15:00+05:30,1101,1104.2,1095.4,1104,20788
2026-08-07T09:20:00+05:30,1104,1105.7,1101,1101.8,19439
2026-08-07T09:25:00+05:30,1101.8,1102,1100.1,1100.4,4955
2026-08-07T09:30:00+05:30,1100.4,1101.3,1098.4,1098.5,7261
2026-08-07T09:35:00+05:30,1098.5,1099,1097,1098.4,9514
2026-08-07T09:40:00+05:30,1098.4,1098.5,1096.9,1097.4,2341
2026-08-07T09:45:00+05:30,1097.4,1099.5,1096.5,1097,3831
2026-08-07T09:50:00+05:30,1097,1098.2,1095.3,1095.3,4045
2026-08-07T09:55:00+05:30,1095.8,1097,1095.3,1096.2,3263
2026-08-07T10:00:00+05:30,1096.2,1096.2,1095,1095.5,2945
2026-08-07T10:05:00+05:30,1096,1096.5,1096,1096.5,2376
2026-08-07T10:10:00+05:30,1096.5,1096.5,1093.1,1094.3,22397
2026-08-07T10:15:00+05:30,1094.3,1094.6,1092.6,1093.4,3582
2026-08-07T10:20:00+05:30,1093.4,1094.3,1092.1,1093.6,5605
2026-08-07T10:25:00+05:30,1093.6,1093.7,1092.6,1093,558
2026-08-07T10:30:00+05:30,1093,1096.5,1093,1095.3,3965
2026-08-07T10:35:00+05:30,1095.3,1096.4,1094.7,1096,842
2026-08-07T10:40:00+05:30,1096,1096.5,1095.7,1095.7,1910
2026-08-07T10:45:00+05:30,1095.7,1096.4,1094.4,1094.4,1822
2026-08-07T10:50:00+05:30,1094.4,1094.8,1093.1,1093.4,1260
2026-08-07T10:55:00+05:30,1093.4,1094.6,1093.1,1093.1,2558
2026-08-07T11:00:00+05:30,1093.1,1093.9,1092.8,1093,2982
2026-08-07T11:05:00+05:30,1093.1,1096.9,1092.9,1095.9,6974
2026-08-07T11:10:00+05:30,1095.9,1096.8,1095.7,1096.5,1522
2026-08-07T11:15:00+05:30,1096.5,1097.8,1096,1096.6,6269
2026-08-07T11:20:00+05:30,1096.6,1097.2,1096.2,1096.9,931
2026-08-07T11:25:00+05:30,1096.9,1097,1096,1096.8,2691
2026-08-07T11:30:00+05:30,1096.8,1099,1096.4,1097.8,2649
2026-08-07T11:35:00+05:30,1097.8,1098.5,1097.2,1098.5,1648
2026-08-07T11:40:00+05:30,1098.5,1099,1098,1098.7,1326
2026-08-07T11:45:00+05:30,1098.7,1098.9,1097.8,1098.8,2651
2026-08-07T11:50:00+05:30,1098.8,1098.8,1096.6,1097.5,1747
2026-08-07T11:55:00+05:30,1097.5,1099.1,1097.3,1098.3,1849
2026-08-07T12:00:00+05:30,1098.7,1099.9,1098.5,1099.3,1987
2026-08-07T12:05:00+05:30,1099.3,1100.5,1098.6,1100.4,6344
2026-08-07T12:10:00+05:30,1100,1100.2,1098.8,1099.3,1324
2026-08-07T12:15:00+05:30,1099,1100.7,1099,1100,2125
2026-08-07T12:20:00+05:30,1100,1100.9,1099.9,1100.5,1784
2026-08-07T12:25:00+05:30,1100.5,1102.3,1100,1100.2,3555
2026-08-07T12:30:00+05:30,1100.2,1100.6,1099,1100.2,4329
2026-08-07T12:35:00+05:30,1100.2,1100.6,1099.7,1099.7,722
2026-08-07T12:40:00+05:30,1099.7,1100.3,1099.6,1099.6,3745
2026-08-07T12:45:00+05:30,1099.6,1101.9,1099.6,1101.8,1923
2026-08-07T12:50:00+05:30,1101.8,1101.8,1100.5,1101.8,1190
2026-08-07T12:55:00+05:30,1101.8,1102.1,1100.7,1101.7,2723
2026-08-07T13:00:00+05:30,1101.7,1101.7,1101.1,1101.1,221
2026-08-07T13:05:00+05:30,1101.1,1102.9,1101,1102.5,5015
2026-08-07T13:10:00+05:30,1102.6,1104,1102.6,1103,5970
2026-08-07T13:15:00+05:30,1102.1,1103.1,1101.5,1102,4066
2026-08-07T13:20:00+05:30,1102,1102.5,1101.1,1102,3322
2026-08-07T13:25:00+05:30,1101.8,1103.5,1101.1,1103,3327
2026-08-07T13:30:00+05:30,1103,1103,1101,1101.2,4411
2026-08-07T13:35:00+05:30,1101.4,1101.9,1098.2,1098.2,6738
2026-08-07T13:40:00+05:30,1098.2,1098.8,1096.6,1096.9,3530
2026-08-07T13:45:00+05:30,1096.6,1097.4,1096.5,1096.5,4319
2026-08-07T13:50:00+05:30,1096.9,1097.6,1094.8,1095.8,3675
2026-08-07T13:55:00+05:30,1095.8,1096.1,1094.9,1095.8,1552
2026-08-07T14:00:00+05:30,1095.8,1097.1,1095.2,1096.2,6102
2026-08-07T14:05:00+05:30,1096.2,1097.4,1096.2,1096.7,2754
2026-08-07T14:10:00+05:30,1096.7,1098.3,1096.7,1097.4,17821
2026-08-07T14:15:00+05:30,1097.4,1098,1096.8,1097.3,2891
2026-08-07T14:20:00+05:30,1097.3,1098.3,1094.1,1094.1,20863
2026-08-07T14:25:00+05:30,1094.1,1094.9,1094,1094.1,2396
2026-08-07T14:30:00+05:30,1094.1,1097.2,1094.1,1096.9,6081
2026-08-07T14:35:00+05:30,1096.9,1098,1095.8,1096,5079
2026-08-07T14:40:00+05:30,1096.3,1097.3,1096.2,1097.1,6856
2026-08-07T14:45:00+05:30,1097.2,1100,1097.1,1099.5,6056
2026-08-07T14:50:00+05:30,1099.9,1100.7,1098.8,1099.1,5439
2026-08-07T14:55:00+05:30,1099.1,1099.6,1098.7,1099.3,14908
2026-08-07T15:00:00+05:30,1099.2,1099.8,1099.1,1099.5,9366
2026-08-07T15:05:00+05:30,1099.5,1099.8,1097.4,1097.4,18262
2026-08-07T15:10:00+05:30,1097.3,1103,1096.6,1103,24414
2026-08-10T09:15:00+05:30,1107.6,1111,1100,1107.8,23559
2026-08-10T09:20:00+05:30,1107,1113.2,1106.8,1109,28649
2026-08-10T09:25:00+05:30,1109.9,1114.6,1109,1112.4,22912
2026-08-10T09:30:00+05:30,1112.4,1112.4,1107.1,1107.7,13822
2026-08-10T09:35:00+05:30,1107.7,1115.6,1107.2,1114.5,23143
2026-08-10T09:40:00+05:30,1114.5,1117.3,1113,1113.3,16785
2026-08-10T09:45:00+05:30,1113.4,1114.6,1110.3,1111.5,8707
2026-08-10T09:50:00+05:30,1111.5,1113.2,1110.3,1113.1,8044
2026-08-10T09:55:00+05:30,1113.1,1115.8,1113.1,1114.8,5681
2026-08-10T10:00:00+05:30,1115,1116.6,1113.7,1115.8,6620
2026-08-10T10:05:00+05:30,1115.8,1116.9,1114.4,1116.2,6936
2026-08-10T10:10:00+05:30,1116.2,1118.1,1113.4,1113.6,19555
2026-08-10T10:15:00+05:30,1113.4,1117.4,1113.4,1117,5305
2026-08-10T10:20:00+05:30,1117,1117,1114.4,1116,7354
2026-08-10T10:25:00+05:30,1116,1116,1114.3,1115.5,3514
2026-08-10T10:30:00+05:30,1115.5,1115.5,1111.8,1112.5,6240
2026-08-10T10:35:00+05:30,1112.5,1113.9,1112,1113.3,3739
2026-08-10T10:40:00+05:30,1113.1,1113.6,1113,1113.4,601
2026-08-10T10:45:00+05:30,1113.4,1115,1113.1,1114.6,5886
2026-08-10T10:50:00+05:30,1114.9,1116,1114.6,1115.3,2160
2026-08-10T10:55:00+05:30,1115.3,1115.3,1113.2,1113.6,2000
2026-08-10T11:00:00+05:30,1113.6,1115.2,1113.6,1114.9,885
2026-08-10T11:05:00+05:30,1114.9,1120.2,1114.9,1119.7,29256
2026-08-10T11:10:00+05:30,1119.7,1122,1118.3,1121,32881
2026-08-10T11:15:00+05:30,1121.2,1122,1120.9,1121.4,11592
2026-08-10T11:20:00+05:30,1121.5,1122,1121,1121.5,6291
2026-08-10T11:25:00+05:30,1121.5,1123.2,1121.5,1122.2,17528
2026-08-10T11:30:00+05:30,1122.3,1122.8,1119.6,1120.2,16631
2026-08-10T11:35:00+05:30,1120.4,1120.5,1119.6,1120,7075
2026-08-10T11:40:00+05:30,1120,1122.8,1119,1122.8,20215
2026-08-10T11:45:00+05:30,1122.8,1123,1119.4,1120.2,8879
2026-08-10T11:50:00+05:30,1120.2,1120.4,1119.2,1119.5,4372
2026-08-10T11:55:00+05:30,1119.5,1120,1118.1,1118.9,5883
2026-08-10T12:00:00+05:30,1119,1120.2,1118.9,1120,4543
2026-08-10T12:05:00+05:30,1120.1,1120.4,1119.3,1120,4425
2026-08-10T12:10:00+05:30,1120.1,1120.3,1119.5,1120.2,2945
2026-08-10T12:15:00+05:30,1120.2,1122.1,1119.2,1121.4,11018
2026-08-10T12:20:00+05:30,1121.4,1121.5,1120.5,1120.6,3295
2026-08-10T12:25:00+05:30,1121.3,1121.7,1119.8,1119.8,7068
2026-08-10T12:30:00+05:30,1119.8,1120,1113.3,1113.8,21342
2026-08-10T12:35:00+05:30,1113.8,1117,1113.8,1117,5407
2026-08-10T12:40:00+05:30,1117,1117.8,1115.9,1117.8,4332
2026-08-10T12:45:00+05:30,1117.8,1119.3,1117.5,1119.3,3512
2026-08-10T12:50:00+05:30,1119.3,1119.3,1117.7,1118.5,4264
2026-08-10T12:55:00+05:30,1118.5,1118.8,1117.7,1118.8,1973
2026-08-10T13:00:00+05:30,1118.8,1118.8,1116,1117.1,9942
2026-08-10T13:05:00+05:30,1117.1,1120.7,1116.7,1120.4,11609
2026-08-10T13:10:00+05:30,1120.4,1120.9,1119.1,1119.6,6333
2026-08-10T13:15:00+05:30,1119.6,1122,1119.6,1121,9944
2026-08-10T13:20:00+05:30,1121,1121,1119.7,1120.6,5880
2026-08-10T13:25:00+05:30,1120.6,1121.3,1120.6,1121.1,6187
2026-08-10T13:30:00+05:30,1121,1121.4,1120.6,1121,4866
2026-08-10T13:35:00+05:30,1121,1124,1121,1123.8,17863
2026-08-10T13:40:00+05:30,1123.6,1124.4,1123.4,1124.1,19753
2026-08-10T13:45:00+05:30,1124.1,1124.1,1122.6,1123.2,9031
2026-08-10T13:50:00+05:30,1123.2,1123.5,1122.2,1123,5858
2026-08-10T13:55:00+05:30,1123,1123.5,1122.5,1123.2,4167
2026-08-10T14:00:00+05:30,1123.4,1124,1122,1123,12085
2026-08-10T14:05:00+05:30,1123,1124.9,1122.6,1124.6,11122
2026-08-10T14:10:00+05:30,1124.1,1125.5,1123.6,1124.6,23603
2026-08-10T14:15:00+05:30,1124.6,1125.6,1123.9,1125.6,14220
2026-08-10T14:20:00+05:30,1125.2,1126.4,1125,1126.2,25469
2026-08-10T14:25:00+05:30,1126.2,1126.5,1125,1125.2,12261
2026-08-10T14:30:00+05:30,1125.1,1125.5,1124.2,1124.2,11174
2026-08-10T14:35:00+05:30,1124.7,1125,1124,1125,14201
2026-08-10T14:40:00+05:30,1125,1126,1124.5,1125.7,16775
2026-08-10T14:45:00+05:30,1125.7,1125.7,1123.7,1123.9,25167
2026-08-10T14:50:00+05:30,1123.8,1124.6,1123.4,1124.4,17565
2026-08-10T14:55:00+05:30,1123.8,1124.6,1123.6,1124.4,16339
2026-08-10T15:00:00+05:30,1124,1124.9,1123.7,1124.4,18061
2026-08-10T15:05:00+05:30,1124.3,1124.9,1123,1123.6,39393
2026-08-10T15:10:00+05:30,1123.7,1124.7,1120,1121.5,59645
2026-08-11T09:15:00+05:30,1125,1126,1118.1,1119.1,35599
2026-08-11T09:20:00+05:30,1119.1,1119.9,1112.9,1114.5,25501
2026-08-11T09:25:00+05:30,1114.5,1116.5,1113.4,1113.4,13065
2026-08-11T09:30:00+05:30,1113.4,1114.5,1113.1,1114,7428
2026-08-11T09:35:00+05:30,1114.4,1114.4,1111.7,1112.6,15556
2026-08-11T09:40:00+05:30,1112,1112.3,1111.3,1112.2,14649
2026-08-11T09:45:00+05:30,1112.2,1112.2,1111,1112,12086
2026-08-11T09:50:00+05:30,1112,1113.6,1111.6,1111.6,6535
2026-08-11T09:55:00+05:30,1111.6,1112.2,1111.5,1111.8,2746
2026-08-11T10:00:00+05:30,1111.8,1112.3,1111.2,1112,2405
2026-08-11T10:05:00+05:30,1112,1112.1,1111.2,1111.5,4411
2026-08-11T10:10:00+05:30,1111.5,1111.7,1110.1,1110.1,7200
2026-08-11T10:15:00+05:30,1110.3,1112.4,1110,1112,5100
2026-08-11T10:20:00+05:30,1112.3,1113.1,1112,1112.5,5656
2026-08-11T10:25:00+05:30,1112.2,1114.7,1112.2,1114.6,6077
2026-08-11T10:30:00+05:30,1115,1115,1112.9,1113.5,4743
2026-08-11T10:35:00+05:30,1113.5,1113.6,1112.7,1112.7,3147
2026-08-11T10:40:00+05:30,1112.7,1112.7,1110.7,1111.2,7585
2026-08-11T10:45:00+05:30,1111.2,1111.2,1109.4,1109.5,5175
2026-08-11T10:50:00+05:30,1109.5,1109.9,1109.2,1109.6,3148
2026-08-11T10:55:00+05:30,1109.6,1109.8,1109.1,1109.1,2628
2026-08-11T11:00:00+05:30,1109.1,1109.4,1106.2,1107,19782
2026-08-11T11:05:00+05:30,1106.5,1107.4,1106.4,1107,13400
2026-08-11T11:10:00+05:30,1107,1108.7,1106.5,1108.3,6937
2026-08-11T11:15:00+05:30,1108.3,1108.3,1107.2,1107.8,5922
2026-08-11T11:20:00+05:30,1107.8,1107.8,1107.2,1107.8,2145
2026-08-11T11:25:00+05:30,1107.8,1108.6,1107.3,1108.5,1928
2026-08-11T11:30:00+05:30,1108.5,1108.5,1107.2,1108.1,5960
2026-08-11T11:35:00+05:30,1108.1,1108.6,1107.6,1108.5,5964
2026-08-11T11:40:00+05:30,1108.5,1108.5,1105.2,1107.4,40405
2026-08-11T11:45:00+05:30,1107.4,1108.2,1106.4,1107.4,26370
2026-08-11T11:50:00+05:30,1107.4,1107.6,1106.2,1106.7,5822
2026-08-11T11:55:00+05:30,1106.6,1106.7,1103.6,1103.9,24800
2026-08-11T12:00:00+05:30,1103.9,1104.5,1102.5,1102.6,10589
2026-08-11T12:05:00+05:30,1102.7,1104.2,1102.3,1103.8,20451
2026-08-11T12:10:00+05:30,1103.8,1104.3,1103.3,1103.3,4339
2026-08-11T12:15:00+05:30,1103.3,1103.8,1102.4,1103.6,15387
2026-08-11T12:20:00+05:30,1103.6,1104.1,1098.1,1098.8,21769
2026-08-11T12:25:00+05:30,1098.8,1099,1097.5,1097.5,7246
2026-08-11T12:30:00+05:30,1097.5,1098.1,1097.2,1098,4573
2026-08-11T12:35:00+05:30,1098,1100.1,1097.8,1099.3,8606
2026-08-11T12:40:00+05:30,1099.3,1099.9,1098.8,1099.6,3848
2026-08-11T12:45:00+05:30,1099.6,1100.1,1099.1,1100,2278
2026-08-11T12:50:00+05:30,1100,1100.6,1099.1,1100,26562
2026-08-11T12:55:00+05:30,1100,1100,1098.9,1098.9,3253
2026-08-11T13:00:00+05:30,1098.9,1099.8,1097,1099,13552
2026-08-11T13:05:00+05:30,1099,1100.1,1098.6,1099.6,2145
2026-08-11T13:10:00+05:30,1099.6,1100.1,1099.3,1099.3,2000
2026-08-11T13:15:00+05:30,1099.8,1100.1,1099.3,1099.7,1335
2026-08-11T13:20:00+05:30,1099.7,1100.1,1098.3,1098.3,2499
2026-08-11T13:25:00+05:30,1098.3,1100.2,1098.3,1100.2,4662
2026-08-11T13:30:00+05:30,1100,1102.6,1100,1102.6,5416
2026-08-11T13:35:00+05:30,1102.6,1102.6,1100.3,1100.8,7818
2026-08-11T13:40:00+05:30,1100.8,1101.2,1100.3,1100.4,3531
2026-08-11T13:45:00+05:30,1100.4,1101.2,1100.4,1100.4,1383
2026-08-11T13:50:00+05:30,1100.4,1102.4,1099.4,1101.9,7996
2026-08-11T13:55:00+05:30,1101.9,1102.5,1101.5,1102.2,7684
2026-08-11T14:00:00+05:30,1101.6,1102.5,1101.6,1102.1,4021
2026-08-11T14:05:00+05:30,1102.2,1102.4,1100.8,1101.9,5473
2026-08-11T14:10:00+05:30,1101.6,1102.2,1100.7,1100.9,5792
2026-08-11T14:15:00+05:30,1100.8,1101.1,1099.6,1100.4,8921
2026-08-11T14:20:00+05:30,1100.4,1102.2,1098.7,1099.8,58396
2026-08-11T14:25:00+05:30,1099.8,1101.1,1098.6,1099.6,22767
2026-08-11T14:30:00+05:30,1099.7,1100.6,1099.6,1099.8,11126
2026-08-11T14:35:00+05:30,1099.8,1100.6,1098,1098,15638
2026-08-11T14:40:00+05:30,1098.3,1098.8,1097.4,1098.6,21451
2026-08-11T14:45:00+05:30,1098.7,1099.9,1098.7,1099.5,11061
2026-08-11T14:50:00+05:30,1099.4,1100.3,1098.9,1099.6,13257
2026-08-11T14:55:00+05:30,1099.7,1100.5,1098.7,1098.9,17585
2026-08-11T15:00:00+05:30,1099,1100,1098.6,1099.6,9556
2026-08-11T15:05:00+05:30,1099.8,1099.9,1097.1,1097.2,29437
2026-08-11T15:10:00+05:30,1097.6,1097.8,1094.5,1095,29433
2026-08-12T09:15:00+05:30,1096,1102.8,1095,1101.1,15937
2026-08-12T09:20:00+05:30,1101.1,1101.1,1095.2,1097,11837
2026-08-12T09:25:00+05:30,1097,1099.3,1097,1099,5865
2026-08-12T09:30:00+05:30,1099,1100.3,1096.1,1096.1,4738
2026-08-12T09:35:00+05:30,1096.1,1097.3,1095,1095.2,13134
2026-08-12T09:40:00+05:30,1095.2,1096.5,1093.2,1095.9,6252
2026-08-12T09:45:00+05:30,1095.9,1097.2,1095.9,1096.4,3620
2026-08-12T09:50:00+05:30,1096.4,1097.7,1095.6,1097.5,10486
2026-08-12T09:55:00+05:30,1097.5,1099.7,1094.3,1095,12754
2026-08-12T10:00:00+05:30,1095.5,1098.6,1095.3,1097.9,4368
2026-08-12T10:05:00+05:30,1097.9,1099.8,1097.8,1098.4,2915
2026-08-12T10:10:00+05:30,1098.4,1100.9,1098.2,1100.8,4630
2026-08-12T10:15:00+05:30,1100.8,1102,1099.9,1100.8,5842
2026-08-12T10:20:00+05:30,1100.8,1104.8,1100.8,1103.6,13006
2026-08-12T10:25:00+05:30,1104.3,1106.4,1102.6,1105.6,6966
2026-08-12T10:30:00+05:30,1106.3,1107.9,1106,1106.6,7271
2026-08-12T10:35:00+05:30,1106.5,1107.1,1105,1105,4469
2026-08-12T10:40:00+05:30,1105.5,1105.5,1104.4,1105,2585
2026-08-12T10:45:00+05:30,1105.3,1105.3,1103,1103.1,3401
2026-08-12T10:50:00+05:30,1102.7,1103.7,1102.7,1103.7,3766
2026-08-12T10:55:00+05:30,1103.7,1104.9,1100.4,1102.3,5260
2026-08-12T11:00:00+05:30,1102.3,1102.3,1100.4,1100.4,2335
2026-08-12T11:05:00+05:30,1100.4,1101.6,1100,1101.4,6465
2026-08-12T11:10:00+05:30,1100.9,1101.9,1100.9,1101,1716
2026-08-12T11:15:00+05:30,1101,1102.5,1100.8,1102,2457
2026-08-12T11:20:00+05:30,1102,1102.4,1100,1100.5,3375
2026-08-12T11:25:00+05:30,1100,1100.5,1099.4,1100,7285
2026-08-12T11:30:00+05:30,1100,1100.4,1099.4,1100.1,5855
2026-08-12T11:35:00+05:30,1100.1,1100.6,1099.8,1100.1,2414
2026-08-12T11:40:00+05:30,1100.1,1102,1100,1102,2302
2026-08-12T11:45:00+05:30,1102,1102,1097.1,1097.2,22778
2026-08-12T11:50:00+05:30,1097.2,1098.3,1097.2,1097.2,2939
2026-08-12T11:55:00+05:30,1096.8,1097.7,1096.4,1097.6,3019
2026-08-12T12:00:00+05:30,1097.6,1098.2,1096.2,1096.2,2504
2026-08-12T12:05:00+05:30,1096.2,1097.5,1095.8,1096.5,2595
2026-08-12T12:10:00+05:30,1096.5,1097.5,1096.5,1097,2147
2026-08-12T12:15:00+05:30,1097,1098,1096.8,1097.8,2073
2026-08-12T12:20:00+05:30,1098,1098,1096.9,1097,3352
2026-08-12T12:25:00+05:30,1096.8,1097.7,1096.5,1097.4,4017
2026-08-12T12:30:00+05:30,1097.1,1098,1096.9,1097.9,2233
2026-08-12T12:35:00+05:30,1097.9,1097.9,1096.8,1097.5,2402
2026-08-12T12:40:00+05:30,1097.5,1099,1097.5,1098.2,11438
2026-08-12T12:45:00+05:30,1098.2,1098.2,1097.3,1098.1,2224
2026-08-12T12:50:00+05:30,1098.1,1098.9,1097.5,1097.8,3191
2026-08-12T12:55:00+05:30,1097.8,1098.1,1096.7,1097.7,3666
2026-08-12T13:00:00+05:30,1097.7,1098,1097,1097.3,1991
2026-08-12T13:05:00+05:30,1097.3,1098.1,1097,1098.1,2039
2026-08-12T13:10:00+05:30,1098.1,1098.9,1098,1098.5,2266
2026-08-12T13:15:00+05:30,1098.5,1100,1098.3,1098.6,5958
2026-08-12T13:20:00+05:30,1098.6,1099.1,1098,1098.2,1837
2026-08-12T13:25:00+05:30,1098.2,1098.5,1097.5,1097.5,2559
2026-08-12T13:30:00+05:30,1097.5,1100.5,1097.5,1099.9,4448
2026-08-12T13:35:00+05:30,1099.9,1100,1098.5,1099.5,3544
2026-08-12T13:40:00+05:30,1099.5,1101,1099.1,1099.5,4143
2026-08-12T13:45:00+05:30,1099.5,1100,1099.3,1099.7,2702
2026-08-12T13:50:00+05:30,1099.7,1100.2,1099.2,1100,2877
2026-08-12T13:55:00+05:30,1100,1100.2,1099,1099.2,1714
2026-08-12T14:00:00+05:30,1099.1,1099.5,1099,1099.1,2343
2026-08-12T14:05:00+05:30,1099,1099.2,1099,1099.1,2659
2026-08-12T14:10:00+05:30,1099.1,1099.2,1099,1099.2,2076
2026-08-12T14:15:00+05:30,1099.2,1100.4,1098.6,1100,2651
2026-08-12T14:20:00+05:30,1100,1101,1100,1100.2,4665
2026-08-12T14:25:00+05:30,1100.2,1100.8,1100,1100.1,3298
2026-08-12T14:30:00+05:30,1100.1,1103.2,1100.1,1103.1,5089
2026-08-12T14:35:00+05:30,1103.1,1103.2,1102,1102.2,2290
2026-08-12T14:40:00+05:30,1102.2,1103.3,1102.1,1103.3,3392
2026-08-12T14:45:00+05:30,1103.3,1104.2,1102.8,1102.8,6032
2026-08-12T14:50:00+05:30,1102.8,1103,1100.6,1102.4,6180
2026-08-12T14:55:00+05:30,1102.4,1103.1,1102,1102.3,4320
2026-08-12T15:00:00+05:30,1102.6,1102.6,1101,1102.2,12396
2026-08-12T15:05:00+05:30,1102.1,1102.6,1101.4,1102.4,8844
2026-08-12T15:10:00+05:30,1102.4,1105,1102.3,1105,21256
2026-08-13T09:15:00+05:30,1105.6,1106.6,1100.8,1103,14215
2026-08-13T09:20:00+05:30,1103,1104.8,1101,1103.6,13282
2026-08-13T09:25:00+05:30,1103.6,1104.1,1102,1102.5,5682
2026-08-13T09:30:00+05:30,1102.5,1102.5,1100.1,1101,9568
2026-08-13T09:35:00+05:30,1101,1101,1099.2,1099.7,4424
2026-08-13T09:40:00+05:30,1100.3,1101.6,1099.4,1100.5,4234
2026-08-13T09:45:00+05:30,1100.4,1101.3,1099.8,1100.3,3336
2026-08-13T09:50:00+05:30,1100.3,1100.3,1098,1099.8,3748
2026-08-13T09:55:00+05:30,1099.8,1099.8,1098,1098.6,1725
2026-08-13T10:00:00+05:30,1098.6,1098.6,1097.2,1097.7,4060
2026-08-13T10:05:00+05:30,1097.4,1098.6,1096.4,1098.6,5944
2026-08-13T10:10:00+05:30,1098.6,1098.6,1097.4,1097.7,999
2026-08-13T10:15:00+05:30,1097.7,1097.7,1096.1,1097,2783
2026-08-13T10:20:00+05:30,1097,1097.2,1096,1096.8,4051
2026-08-13T10:25:00+05:30,1096.8,1097.3,1096.3,1096.3,2105
2026-08-13T10:30:00+05:30,1096.3,1096.8,1095.4,1095.7,4022
2026-08-13T10:35:00+05:30,1095.9,1097.2,1095.9,1096.9,564
2026-08-13T10:40:00+05:30,1096.9,1097.8,1096.8,1097.8,1361
2026-08-13T10:45:00+05:30,1097.8,1098.6,1097,1097.8,4571
2026-08-13T10:50:00+05:30,1097.8,1097.8,1095.3,1095.5,4468
2026-08-13T10:55:00+05:30,1095.9,1097.4,1095.6,1096.8,2396
2026-08-13T11:00:00+05:30,1096.8,1096.8,1093.9,1093.9,19872
2026-08-13T11:05:00+05:30,1093.9,1095.3,1093.9,1095,839
2026-08-13T11:10:00+05:30,1095,1095.7,1094.3,1094.3,1658
2026-08-13T11:15:00+05:30,1094.3,1095,1094,1094,2579
2026-08-13T11:20:00+05:30,1094,1095.9,1092.6,1093.9,8619
2026-08-13T11:25:00+05:30,1093.9,1094.9,1093.8,1094.2,1648
2026-08-13T11:30:00+05:30,1094.6,1095.2,1094.2,1094.8,1834
2026-08-13T11:35:00+05:30,1094.8,1095.1,1093,1094.5,2081
2026-08-13T11:40:00+05:30,1094.5,1095.8,1094.5,1095.4,1886
2026-08-13T11:45:00+05:30,1095.4,1096.6,1094.7,1095.9,2674
2026-08-13T11:50:00+05:30,1095.9,1096.6,1095.3,1096.6,665
2026-08-13T11:55:00+05:30,1096.6,1097.2,1095.9,1096.3,1050
2026-08-13T12:00:00+05:30,1096.3,1099,1096.3,1098.8,9804
2026-08-13T12:05:00+05:30,1098.1,1098.6,1097.5,1097.8,2709
2026-08-13T12:10:00+05:30,1097.8,1098.2,1097.6,1097.8,947
2026-08-13T12:15:00+05:30,1097.8,1098,1097.1,1097.6,521
2026-08-13T12:20:00+05:30,1097.6,1097.6,1096,1096.5,1465
2026-08-13T12:25:00+05:30,1096.5,1096.9,1096.3,1096.5,738
2026-08-13T12:30:00+05:30,1096.5,1097,1096,1096.4,555
2026-08-13T12:35:00+05:30,1096.4,1096.5,1094.7,1094.8,802
2026-08-13T12:40:00+05:30,1094.8,1094.8,1092.9,1093.9,2645
2026-08-13T12:45:00+05:30,1093.9,1094.5,1092.2,1094.5,2758
2026-08-13T12:50:00+05:30,1094.5,1094.8,1093.6,1094.4,1485
2026-08-13T12:55:00+05:30,1094.4,1095.8,1093.8,1095.8,593
2026-08-13T13:00:00+05:30,1095.8,1095.8,1094.8,1094.8,1542
2026-08-13T13:05:00+05:30,1094.8,1095.3,1094.8,1094.9,1399
2026-08-13T13:10:00+05:30,1094.9,1095,1094.5,1094.8,372
2026-08-13T13:15:00+05:30,1094.8,1095.7,1094.8,1095.5,1661
2026-08-13T13:20:00+05:30,1095.5,1095.5,1095.2,1095.4,476
2026-08-13T13:25:00+05:30,1095.4,1095.5,1094.8,1095.2,732
2026-08-13T13:30:00+05:30,1095.7,1095.7,1094,1095.5,4598
2026-08-13T13:35:00+05:30,1095.6,1096.6,1095,1096.5,2751
2026-08-13T13:40:00+05:30,1096.5,1096.9,1096.3,1096.6,556
2026-08-13T13:45:00+05:30,1096.5,1097.3,1096.2,1096.8,3141
2026-08-13T13:50:00+05:30,1096.7,1097.9,1096.1,1096.7,2417
2026-08-13T13:55:00+05:30,1096.7,1097.2,1096,1097,1708
2026-08-13T14:00:00+05:30,1097,1097.1,1096.5,1096.9,361
2026-08-13T14:05:00+05:30,1096.9,1097,1096.5,1096.5,430
2026-08-13T14:10:00+05:30,1096.5,1097,1096.1,1096.4,714
2026-08-13T14:15:00+05:30,1096.5,1098,1096.5,1098,9313
2026-08-13T14:20:00+05:30,1098,1098.5,1097.9,1098.1,3188
2026-08-13T14:25:00+05:30,1098.1,1098.8,1097.8,1098.3,5522
2026-08-13T14:30:00+05:30,1098.3,1098.7,1097.2,1098,4328
2026-08-13T14:35:00+05:30,1098,1098,1096.5,1097,3035
2026-08-13T14:40:00+05:30,1097,1097,1095.5,1096.2,1930
2026-08-13T14:45:00+05:30,1095.5,1096,1095,1095.7,4769
2026-08-13T14:50:00+05:30,1095.7,1096.3,1095.1,1095.2,2892
2026-08-13T14:55:00+05:30,1095.5,1096,1094.9,1095.5,1624
2026-08-13T15:00:00+05:30,1095.1,1096,1094.1,1094.1,11047
2026-08-13T15:05:00+05:30,1094.4,1095.4,1093.3,1093.3,9400
2026-08-13T15:10:00+05:30,1093.4,1094.5,1090.6,1093,29254
2026-08-14T09:15:00+05:30,1098.9,1098.9,1087.7,1092.3,20499
2026-08-14T09:20:00+05:30,1092.3,1097.8,1091,1097.7,16793
2026-08-14T09:25:00+05:30,1097.7,1098.2,1093.6,1093.7,4760
2026-08-14T09:30:00+05:30,1092.9,1093.7,1091.3,1092,2949
2026-08-14T09:35:00+05:30,1092,1093.7,1091.1,1093.2,2443
2026-08-14T09:40:00+05:30,1093,1095.2,1092.1,1092.1,4224
2026-08-14T09:45:00+05:30,1092.1,1094.2,1091.5,1093,6428
2026-08-14T09:50:00+05:30,1092.8,1094,1092.5,1092.5,3130
2026-08-14T09:55:00+05:30,1092.5,1093.5,1091.8,1093.5,12334
2026-08-14T10:00:00+05:30,1093.5,1093.6,1092.6,1092.7,855
2026-08-14T10:05:00+05:30,1093.2,1093.3,1092.2,1092.7,8955
2026-08-14T10:10:00+05:30,1092.7,1093.3,1091.8,1092,1592
2026-08-14T10:15:00+05:30,1092,1092.4,1091.6,1092.3,701
2026-08-14T10:20:00+05:30,1092.3,1092.3,1090.9,1091.5,6283
2026-08-14T10:25:00+05:30,1091.5,1091.5,1090.9,1091,9287
2026-08-14T10:30:00+05:30,1091,1091.3,1086,1091,83150
2026-08-14T10:35:00+05:30,1090.2,1091,1086,1087.8,36360
2026-08-14T10:40:00+05:30,1087.8,1089.3,1087.4,1089,6003
2026-08-14T10:45:00+05:30,1089.3,1091,1089.3,1090.7,4374
2026-08-14T10:50:00+05:30,1090.5,1090.5,1089.4,1089.9,794
2026-08-14T10:55:00+05:30,1089.9,1090.7,1089.1,1090.6,1831
2026-08-14T11:00:00+05:30,1090.4,1090.6,1089.8,1090.2,773
2026-08-14T11:05:00+05:30,1090.2,1091.7,1089.8,1091.1,3875
2026-08-14T11:10:00+05:30,1091.1,1091.5,1090.6,1091.5,1140
2026-08-14T11:15:00+05:30,1091.5,1092.8,1090.8,1092.1,3873
2026-08-14T11:20:00+05:30,1092.1,1092.2,1091.5,1092.2,562
2026-08-14T11:25:00+05:30,1092.2,1092.6,1091.2,1092.2,9716
2026-08-14T11:30:00+05:30,1092.2,1092.2,1089.9,1091.4,1323
2026-08-14T11:35:00+05:30,1091.4,1091.4,1090.1,1090.6,1091
2026-08-14T11:40:00+05:30,1090.6,1092,1090.1,1092,335
2026-08-14T11:45:00+05:30,1092,1093.8,1092,1093,1543
2026-08-14T11:50:00+05:30,1093,1093.6,1092.2,1093.4,1614
2026-08-14T11:55:00+05:30,1092.8,1096.1,1092.8,1095.4,5819
2026-08-14T12:00:00+05:30,1094.7,1095.6,1094,1095,9374
2026-08-14T12:05:00+05:30,1095,1097.6,1095,1097.5,3019
2026-08-14T12:10:00+05:30,1097.5,1097.5,1096.3,1097.3,2602
2026-08-14T12:15:00+05:30,1097.3,1098.4,1097.3,1098.2,2750
2026-08-14T12:20:00+05:30,1098.2,1099.7,1098.2,1099.7,2855
2026-08-14T12:25:00+05:30,1099.7,1099.7,1097.9,1097.9,4479
2026-08-14T12:30:00+05:30,1097.9,1098.3,1096.8,1098,1913
2026-08-14T12:35:00+05:30,1098,1098.4,1097.3,1098.4,909
2026-08-14T12:40:00+05:30,1098.4,1098.6,1097.5,1098.4,937
2026-08-14T12:45:00+05:30,1098.4,1098.6,1098,1098.6,576
2026-08-14T12:50:00+05:30,1098.6,1099,1098.3,1099,1458
2026-08-14T12:55:00+05:30,1099,1099,1097.7,1098.5,641
2026-08-14T13:00:00+05:30,1098.5,1098.5,1097.5,1098.4,1650
2026-08-14T13:05:00+05:30,1098.4,1099,1098,1099,853
2026-08-14T13:10:00+05:30,1099,1099.8,1098.6,1099.2,2861
2026-08-14T13:15:00+05:30,1099.4,1100,1099.4,1100,1705
2026-08-14T13:20:00+05:30,1100,1102.4,1100,1102.3,5605
2026-08-14T13:25:00+05:30,1102.3,1102.4,1100.5,1101.6,3700
2026-08-14T13:30:00+05:30,1101.6,1104.2,1101.6,1103.5,9132
2026-08-14T13:35:00+05:30,1102.5,1103,1100.9,1102.1,6439
2026-08-14T13:40:00+05:30,1101.5,1102.3,1101,1102,3393
2026-08-14T13:45:00+05:30,1102,1103.7,1100.9,1101.8,3435
2026-08-14T13:50:00+05:30,1101.2,1102.2,1100.5,1101.9,3630
2026-08-14T13:55:00+05:30,1101.9,1103.4,1101.2,1103.3,3089
2026-08-14T14:00:00+05:30,1103.3,1103.8,1103,1103.7,3965
2026-08-14T14:05:00+05:30,1103.7,1105.6,1103,1105.6,8992
2026-08-14T14:10:00+05:30,1105.6,1105.6,1099.8,1100,18031
2026-08-14T14:15:00+05:30,1100,1101.3,1099.8,1100.8,9514
2026-08-14T14:20:00+05:30,1100.8,1100.9,1098.9,1099.9,7601
2026-08-14T14:25:00+05:30,1099.9,1100,1099.5,1100,2015
2026-08-14T14:30:00+05:30,1100,1100.5,1098.4,1098.6,6904
2026-08-14T14:35:00+05:30,1098.8,1099.4,1098.6,1099.1,4000
2026-08-14T14:40:00+05:30,1099.1,1099.4,1098,1098.8,6097
2026-08-14T14:45:00+05:30,1098.9,1099.7,1098,1098,8427
2026-08-14T14:50:00+05:30,1098,1099.4,1098,1098.7,5289
2026-08-14T14:55:00+05:30,1099,1099.4,1096.9,1096.9,14960
2026-08-14T15:00:00+05:30,1097.2,1097.3,1094,1094.7,12299
2026-08-14T15:05:00+05:30,1094.7,1095.7,1093.2,1094.9,15991
2026-08-14T15:10:00+05:30,1094.9,1099,1094,1099,17365
2026-08-17T09:15:00+05:30,1090.1,1096.9,1090.1,1091.9,5493
2026-08-17T09:20:00+05:30,1091.9,1092.8,1090.4,1092.6,4458
2026-08-17T09:25:00+05:30,1092.6,1093.1,1091.7,1092.5,6485
2026-08-17T09:30:00+05:30,1092.5,1093.5,1092.4,1093.2,3306
2026-08-17T09:35:00+05:30,1093,1093.2,1091.5,1091.5,2572
2026-08-17T09:40:00+05:30,1091.5,1092.4,1091,1091.6,1595
2026-08-17T09:45:00+05:30,1091.6,1094,1091.3,1093.6,7553
2026-08-17T09:50:00+05:30,1093.6,1094.2,1093,1093.6,2608
2026-08-17T09:55:00+05:30,1093.6,1094.5,1093,1093.6,3665
2026-08-17T10:00:00+05:30,1093.8,1093.8,1090.2,1091.1,4785
2026-08-17T10:05:00+05:30,1092,1092.3,1091,1091,1542
2026-08-17T10:10:00+05:30,1091,1093.7,1090.5,1093.7,4432
2026-08-17T10:15:00+05:30,1093.7,1093.7,1092,1092,4144
2026-08-17T10:20:00+05:30,1091.5,1092.6,1090,1092.6,7682
2026-08-17T10:25:00+05:30,1092.6,1093,1092.1,1093,522
2026-08-17T10:30:00+05:30,1093,1094,1092.2,1093.6,3540
2026-08-17T10:35:00+05:30,1093.6,1094.9,1093.6,1093.6,1846
2026-08-17T10:40:00+05:30,1093.6,1094.1,1092.5,1093.3,2152
2026-08-17T10:45:00+05:30,1092.9,1094.1,1092,1094.1,1864
2026-08-17T10:50:00+05:30,1094.1,1094.8,1093.2,1094.2,1655
2026-08-17T10:55:00+05:30,1094.7,1096.4,1094,1096.1,9563
2026-08-17T11:00:00+05:30,1096.1,1099.4,1095.3,1098.7,31503
2026-08-17T11:05:00+05:30,1098.7,1098.8,1098,1098.4,1392
2026-08-17T11:10:00+05:30,1098.4,1099.8,1098,1099.3,7469
2026-08-17T11:15:00+05:30,1099.3,1099.5,1098.5,1099.5,5811
2026-08-17T11:20:00+05:30,1099.5,1099.8,1099,1099.8,1834
2026-08-17T11:25:00+05:30,1099.8,1102.8,1099.1,1102.4,7795
2026-08-17T11:30:00+05:30,1102.4,1102.4,1100.7,1101.5,2936
2026-08-17T11:35:00+05:30,1101.5,1104.4,1101.5,1104.3,14752
2026-08-17T11:40:00+05:30,1104.3,1106,1103.9,1105,10410
2026-08-17T11:45:00+05:30,1105,1105,1103.2,1104.5,5631
2026-08-17T11:50:00+05:30,1104.5,1105.4,1103,1103,4594
2026-08-17T11:55:00+05:30,1103,1105.1,1103,1105.1,1982
2026-08-17T12:00:00+05:30,1105.1,1105.5,1104.5,1105.1,2976
2026-08-17T12:05:00+05:30,1105.1,1105.4,1103.5,1104,2439
2026-08-17T12:10:00+05:30,1104,1104.6,1103.8,1104.3,4522
2026-08-17T12:15:00+05:30,1104.3,1104.3,1102.2,1102.4,7132
2026-08-17T12:20:00+05:30,1102.4,1103.5,1101.7,1101.7,5368
2026-08-17T12:25:00+05:30,1101.7,1102.2,1101.7,1102.1,1257
2026-08-17T12:30:00+05:30,1102.1,1102.7,1102.1,1102.2,2524
2026-08-17T12:35:00+05:30,1102.2,1102.7,1102.1,1102.1,1364
2026-08-17T12:40:00+05:30,1102.8,1103.5,1102.5,1102.5,3886
2026-08-17T12:45:00+05:30,1102.5,1104.5,1102.5,1103.2,3586
2026-08-17T12:50:00+05:30,1103.2,1103.9,1102.9,1103.9,5627
2026-08-17T12:55:00+05:30,1103.9,1104.2,1102.7,1103.3,3518
2026-08-17T13:00:00+05:30,1103.3,1104,1102.5,1102.5,1538
2026-08-17T13:05:00+05:30,1102.5,1104.7,1102.5,1103.4,3949
2026-08-17T13:10:00+05:30,1103.4,1104.1,1103.4,1103.8,1929
2026-08-17T13:15:00+05:30,1103.8,1105.3,1103.8,1104.9,5131
2026-08-17T13:20:00+05:30,1104.9,1106,1104.2,1106,4922
2026-08-17T13:25:00+05:30,1106,1106.9,1105.6,1106.6,8375
2026-08-17T13:30:00+05:30,1106.6,1107.4,1105.7,1106.9,9286
2026-08-17T13:35:00+05:30,1106.9,1109.3,1105.8,1108.9,12472
2026-08-17T13:40:00+05:30,1109,1109.1,1107.4,1108.5,10676
2026-08-17T13:45:00+05:30,1108.5,1108.9,1107.4,1108.3,8330
2026-08-17T13:50:00+05:30,1107.9,1108.4,1107.2,1108,3808
2026-08-17T13:55:00+05:30,1108,1109,1108,1108.8,8051
2026-08-17T14:00:00+05:30,1108.9,1109.4,1107.9,1109.4,9202
2026-08-17T14:05:00+05:30,1109.4,1109.9,1108.6,1108.6,8571
2026-08-17T14:10:00+05:30,1108.5,1109.4,1108,1108.8,6913
2026-08-17T14:15:00+05:30,1108.8,1109.3,1108.1,1108.1,5622
2026-08-17T14:20:00+05:30,1108.3,1108.3,1106.4,1106.6,6758
2026-08-17T14:25:00+05:30,1107.3,1111,1106.6,1110,30629
2026-08-17T14:30:00+05:30,1110,1111.8,1109.2,1111.8,41702
2026-08-17T14:35:00+05:30,1111.6,1115,1111.1,1114.7,52551
2026-08-17T14:40:00+05:30,1114.7,1115.2,1112.9,1113.2,16876
2026-08-17T14:45:00+05:30,1113.2,1115.9,1112.9,1115.9,20765
2026-08-17T14:50:00+05:30,1115.9,1116.4,1114.8,1115.8,16994
2026-08-17T14:55:00+05:30,1115.8,1116.4,1114.8,1115.3,12507
2026-08-17T15:00:00+05:30,1115.3,1115.8,1114.7,1115.8,18230
2026-08-17T15:05:00+05:30,1115.8,1118.7,1115.6,1117.4,52402
2026-08-17T15:10:00+05:30,1117.4,1118.3,1116.5,1117.5,27879
2026-08-18T09:15:00+05:30,1119,1119.7,1111,1112.2,32942
2026-08-18T09:20:00+05:30,1112,1112.8,1110.2,1111.5,6083
2026-08-18T09:25:00+05:30,1111.7,1116.2,1111.7,1115.1,14469
2026-08-18T09:30:00+05:30,1115.7,1115.7,1113,1114.4,7868
2026-08-18T09:35:00+05:30,1114.4,1114.7,1113.5,1113.6,5739
2026-08-18T09:40:00+05:30,1114,1114.3,1112.6,1113.5,4909
2026-08-18T09:45:00+05:30,1113,1113.6,1112.2,1113.2,6009
2026-08-18T09:50:00+05:30,1113.2,1113.4,1112,1112,2585
2026-08-18T09:55:00+05:30,1112.6,1112.6,1109.4,1110.6,10302
2026-08-18T10:00:00+05:30,1110.5,1110.7,1109.4,1110,6417
2026-08-18T10:05:00+05:30,1110,1110,1108.7,1109.3,3301
2026-08-18T10:10:00+05:30,1109.3,1109.3,1108.1,1108.2,3908
2026-08-18T10:15:00+05:30,1108.2,1108.3,1105.8,1107.8,14156
2026-08-18T10:20:00+05:30,1108,1108.7,1107.5,1108.2,3767
2026-08-18T10:25:00+05:30,1107.7,1108.8,1107.7,1108.7,1395
2026-08-18T10:30:00+05:30,1108.7,1108.7,1107.5,1108.5,3428
2026-08-18T10:35:00+05:30,1108.5,1108.7,1107.7,1108.4,3408
2026-08-18T10:40:00+05:30,1108.4,1108.6,1107.4,1107.9,1545
2026-08-18T10:45:00+05:30,1107.9,1107.9,1106,1106.7,4531
2026-08-18T10:50:00+05:30,1106.5,1106.7,1105,1106,11437
2026-08-18T10:55:00+05:30,1106,1106.3,1105.6,1106.2,2589
2026-08-18T11:00:00+05:30,1106.2,1106.2,1105.1,1105.6,3337
2026-08-18T11:05:00+05:30,1105.6,1108.9,1105.1,1108.9,9824
2026-08-18T11:10:00+05:30,1108.9,1110,1108,1109.3,10478
2026-08-18T11:15:00+05:30,1109.3,1109.6,1108.8,1109.5,1634
2026-08-18T11:20:00+05:30,1109.5,1110.5,1108.5,1110.4,8512
2026-08-18T11:25:00+05:30,1110.3,1110.3,1109.3,1109.8,2425
2026-08-18T11:30:00+05:30,1109.8,1109.8,1109.4,1109.5,10095
2026-08-18T11:35:00+05:30,1109.5,1110,1109.4,1109.5,6351
2026-08-18T11:40:00+05:30,1109.5,1109.8,1108.9,1109.5,8743
2026-08-18T11:45:00+05:30,1109.5,1109.8,1108.1,1109.8,40740
2026-08-18T11:50:00+05:30,1109.8,1110.6,1109.4,1110.3,6527
2026-08-18T11:55:00+05:30,1110.3,1110.3,1109.5,1110.3,1740
2026-08-18T12:00:00+05:30,1110.3,1110.3,1109.4,1110.3,3079
2026-08-18T12:05:00+05:30,1110.3,1110.3,1109.6,1110.1,2064
2026-08-18T12:10:00+05:30,1110.1,1110.3,1109.7,1110.3,1265
2026-08-18T12:15:00+05:30,1110.3,1110.3,1110,1110.3,4753
2026-08-18T12:20:00+05:30,1110.3,1110.3,1109.6,1110.2,2435
2026-08-18T12:25:00+05:30,1110.2,1110.2,1110,1110.1,2602
2026-08-18T12:30:00+05:30,1110.1,1110.1,1110,1110.1,1387
2026-08-18T12:35:00+05:30,1110.1,1110.1,1110,1110.1,4625
2026-08-18T12:40:00+05:30,1110.1,1110.1,1107.7,1108.2,4721
2026-08-18T12:45:00+05:30,1108.5,1108.7,1107.8,1108.2,10402
2026-08-18T12:50:00+05:30,1108.2,1108.5,1108.2,1108.2,13655
2026-08-18T12:55:00+05:30,1108.2,1108.3,1107.5,1107.9,27039
2026-08-18T13:00:00+05:30,1107.9,1108,1107.5,1108,1381
2026-08-18T13:05:00+05:30,1107.5,1107.8,1107.1,1107.5,2117
2026-08-18T13:10:00+05:30,1107.5,1107.8,1107.3,1107.7,1068
2026-08-18T13:15:00+05:30,1107.6,1107.9,1107.1,1107.8,1333
2026-08-18T13:20:00+05:30,1107.8,1107.8,1106.4,1106.8,2639
2026-08-18T13:25:00+05:30,1106.8,1107.1,1106.5,1107.1,3414
2026-08-18T13:30:00+05:30,1107.1,1108.2,1106.6,1107.6,6265
2026-08-18T13:35:00+05:30,1107.7,1107.7,1106.5,1106.9,2809
2026-08-18T13:40:00+05:30,1107.2,1107.7,1107.1,1107.6,1317
2026-08-18T13:45:00+05:30,1107.6,1107.9,1107.2,1107.9,1264
2026-08-18T13:50:00+05:30,1107.9,1108,1107.1,1107.5,1670
2026-08-18T13:55:00+05:30,1107.9,1108.2,1107.3,1108.2,1613
2026-08-18T14:00:00+05:30,1108.2,1108.2,1107.7,1108,1612
2026-08-18T14:05:00+05:30,1108,1108.1,1107.4,1108.1,1733
2026-08-18T14:10:00+05:30,1108.1,1108.3,1107.4,1108.3,1034
2026-08-18T14:15:00+05:30,1108.3,1108.4,1107.2,1107.6,3385
2026-08-18T14:20:00+05:30,1108,1108.5,1107.5,1108,19674
2026-08-18T14:25:00+05:30,1108,1109.3,1107.6,1108.7,11341
2026-08-18T14:30:00+05:30,1108.7,1108.7,1107.6,1108.3,8488
2026-08-18T14:35:00+05:30,1108.3,1108.3,1107.5,1108.1,6712
2026-08-18T14:40:00+05:30,1108,1108.1,1107.5,1107.9,2130
2026-08-18T14:45:00+05:30,1107.9,1108.1,1107.4,1108,3707
2026-08-18T14:50:00+05:30,1108,1108,1106.1,1106.6,27056
2026-08-18T14:55:00+05:30,1106.6,1106.6,1103.5,1104,19560
2026-08-18T15:00:00+05:30,1104,1105.4,1102.2,1102.3,17387
2026-08-18T15:05:00+05:30,1102.3,1103.4,1100,1102.8,32959
2026-08-18T15:10:00+05:30,1102.8,1103.6,1102,1102,24026
2026-08-19T09:15:00+05:30,1102.3,1103.9,1095.2,1098.5,12068
2026-08-19T09:20:00+05:30,1098.6,1100.8,1098.1,1099.9,5130
2026-08-19T09:25:00+05:30,1099.9,1102.3,1099.4,1099.9,7086
2026-08-19T09:30:00+05:30,1099.9,1099.9,1097.5,1097.8,2787
2026-08-19T09:35:00+05:30,1097.7,1101,1097,1101,4224
2026-08-19T09:40:00+05:30,1100.8,1104.7,1100.4,1103.2,12427
2026-08-19T09:45:00+05:30,1103.1,1106,1102.2,1105,12978
2026-08-19T09:50:00+05:30,1105.3,1106.9,1104.3,1106.1,19232
2026-08-19T09:55:00+05:30,1106.1,1118.6,1105.9,1118.3,57465
2026-08-19T10:00:00+05:30,1117.8,1121.8,1116.5,1116.8,51372
2026-08-19T10:05:00+05:30,1117.2,1117.2,1114,1116.3,37770
2026-08-19T10:10:00+05:30,1116.5,1117,1114.2,1115,20972
2026-08-19T10:15:00+05:30,1115.6,1116,1114.5,1114.5,12903
2026-08-19T10:20:00+05:30,1114.5,1115.5,1114.1,1114.9,4426
2026-08-19T10:25:00+05:30,1114.9,1116.5,1114.7,1116,4081
2026-08-19T10:30:00+05:30,1116.3,1116.4,1115,1116,5628
2026-08-19T10:35:00+05:30,1115.9,1116,1115.3,1115.5,3245
2026-08-19T10:40:00+05:30,1115.5,1115.5,1114.2,1114.8,13214
2026-08-19T10:45:00+05:30,1115.3,1116,1114.4,1115.2,5502
2026-08-19T10:50:00+05:30,1115.2,1116.6,1114.5,1115.9,4404
2026-08-19T10:55:00+05:30,1116,1121,1115.8,1119.4,56014
2026-08-19T11:00:00+05:30,1119.4,1121,1119.2,1120,27614
2026-08-19T11:05:00+05:30,1120,1120.7,1118.7,1119.7,23130
2026-08-19T11:10:00+05:30,1119.6,1119.9,1118.1,1118.6,17985
2026-08-19T11:15:00+05:30,1118.6,1119,1116.3,1116.9,12496
2026-08-19T11:20:00+05:30,1116.9,1118,1116,1116,5332
2026-08-19T11:25:00+05:30,1116,1118,1115.9,1117.4,3229
2026-08-19T11:30:00+05:30,1117.3,1118,1116.9,1117.7,7297
2026-08-19T11:35:00+05:30,1117.8,1118.4,1117.2,1117.9,7167
2026-08-19T11:40:00+05:30,1117.9,1118.2,1115.1,1115.2,14557
2026-08-19T11:45:00+05:30,1115,1116.5,1114.5,1115,13049
2026-08-19T11:50:00+05:30,1115,1117.4,1115,1117.4,4264
2026-08-19T11:55:00+05:30,1117.4,1117.8,1116.2,1116.5,3867
2026-08-19T12:00:00+05:30,1116.5,1118,1115.5,1115.5,8002
2026-08-19T12:05:00+05:30,1115.5,1116,1114.5,1115,11032
2026-08-19T12:10:00+05:30,1115,1116.8,1114.5,1116.1,20783
2026-08-19T12:15:00+05:30,1116.1,1116.8,1114.7,1115.4,8787
2026-08-19T12:20:00+05:30,1115.4,1116.1,1114.5,1115.6,8820
2026-08-19T12:25:00+05:30,1115.6,1117.4,1115.3,1116.7,9333
2026-08-19T12:30:00+05:30,1116.7,1117.3,1116,1116.2,6435
2026-08-19T12:35:00+05:30,1116.2,1117.6,1116.2,1117,14852
2026-08-19T12:40:00+05:30,1117,1117.5,1116.5,1116.6,4808
2026-08-19T12:45:00+05:30,1116.6,1117.2,1115.9,1116,7401
2026-08-19T12:50:00+05:30,1116.1,1117.4,1115.6,1116.9,10112
2026-08-19T12:55:00+05:30,1117.3,1119.2,1115.1,1115.3,112360
2026-08-19T13:00:00+05:30,1115.3,1117.5,1114.7,1117,18262
2026-08-19T13:05:00+05:30,1117,1120,1116.8,1119.7,30568
2026-08-19T13:10:00+05:30,1120,1120,1118,1118.5,24658
2026-08-19T13:15:00+05:30,1118.1,1118.6,1116.4,1117.1,10840
2026-08-19T13:20:00+05:30,1117.1,1118,1116.3,1117,10912
2026-08-19T13:25:00+05:30,1117,1117.5,1116,1117,6218
2026-08-19T13:30:00+05:30,1117.4,1117.6,1116.5,1117,3931
2026-08-19T13:35:00+05:30,1117,1118.9,1116.5,1117.6,24298
2026-08-19T13:40:00+05:30,1118,1119.2,1117.8,1118.4,14313
2026-08-19T13:45:00+05:30,1118.4,1119.2,1117.5,1118,6596
2026-08-19T13:50:00+05:30,1118,1118.8,1118,1118.1,4874
2026-08-19T13:55:00+05:30,1118.7,1118.9,1117.5,1118,3056
2026-08-19T14:00:00+05:30,1118,1118.8,1118,1118.2,8094
2026-08-19T14:05:00+05:30,1118.2,1119.1,1118.1,1118.3,7241
2026-08-19T14:10:00+05:30,1118.3,1119.1,1117.9,1117.9,9461
2026-08-19T14:15:00+05:30,1117.4,1117.9,1117.1,1117.7,2973
2026-08-19T14:20:00+05:30,1117.5,1118.4,1117,1117,6830
2026-08-19T14:25:00+05:30,1117.1,1118,1116.6,1117.8,8409
2026-08-19T14:30:00+05:30,1117.4,1118.1,1117.2,1117.9,8487
2026-08-19T14:35:00+05:30,1117.9,1118.5,1116.2,1116.7,14707
2026-08-19T14:40:00+05:30,1117,1117.5,1117,1117,4231
2026-08-19T14:45:00+05:30,1117.4,1117.5,1117,1117.1,3551
2026-08-19T14:50:00+05:30,1117.1,1117.9,1117,1117.9,17421
2026-08-19T14:55:00+05:30,1117.9,1118,1117,1117,36616
2026-08-19T15:00:00+05:30,1117.2,1117.9,1116.9,1117.3,24230
2026-08-19T15:05:00+05:30,1117.1,1117.2,1115.7,1117.1,59323
2026-08-19T15:10:00+05:30,1117,1117.1,1110.5,1110.7,40133
2026-08-20T09:15:00+05:30,1120.1,1130,1108.4,1119.4,33560
2026-08-20T09:20:00+05:30,1119.6,1119.6,1116.8,1117.7,8984
2026-08-20T09:25:00+05:30,1117.7,1119.9,1117.3,1119.9,3455
2026-08-20T09:30:00+05:30,1119.3,1123,1118.8,1121.9,12903
2026-08-20T09:35:00+05:30,1121.9,1122,1120,1120.4,5680
2026-08-20T09:40:00+05:30,1120.3,1120.3,1117.3,1118.9,5651
2026-08-20T09:45:00+05:30,1118.9,1118.9,1116,1116.5,5095
2026-08-20T09:50:00+05:30,1116.5,1116.6,1114.1,1115.6,4795
2026-08-20T09:55:00+05:30,1116.4,1117.6,1115.7,1116,3405
2026-08-20T10:00:00+05:30,1115.5,1116.5,1115.3,1116,1876
2026-08-20T10:05:00+05:30,1116,1120,1116,1119.8,5912
2026-08-20T10:10:00+05:30,1119.8,1122.2,1119.5,1121.1,9774
2026-08-20T10:15:00+05:30,1121,1123,1120.5,1123,11291
2026-08-20T10:20:00+05:30,1123,1124.1,1122.5,1124.1,16182
2026-08-20T10:25:00+05:30,1124.1,1129.4,1123.7,1129.3,40587
2026-08-20T10:30:00+05:30,1129,1137.5,1128.2,1136.4,92956
2026-08-20T10:35:00+05:30,1136.3,1142,1136.3,1139,81323
2026-08-20T10:40:00+05:30,1138.5,1141.5,1138.1,1138.3,38668
2026-08-20T10:45:00+05:30,1138.3,1140.8,1138.1,1138.4,28386
2026-08-20T10:50:00+05:30,1138.9,1138.9,1134.1,1135,36490
2026-08-20T10:55:00+05:30,1135,1135.6,1132.3,1132.3,31250
2026-08-20T11:00:00+05:30,1132.8,1133,1130.2,1131.5,31551
2026-08-20T11:05:00+05:30,1131.5,1134.5,1131.2,1133.4,5993
2026-08-20T11:10:00+05:30,1133.7,1133.7,1129.2,1130,10488
2026-08-20T11:15:00+05:30,1129.5,1131.5,1127.5,1128.2,13968
2026-08-20T11:20:00+05:30,1128.2,1128.2,1127.2,1128.2,8079
2026-08-20T11:25:00+05:30,1128,1128.8,1127.4,1127.6,12974
2026-08-20T11:30:00+05:30,1127.9,1131.3,1126.7,1131.3,12539
2026-08-20T11:35:00+05:30,1131.3,1131.3,1128.1,1128.9,8047
2026-08-20T11:40:00+05:30,1128.9,1130,1128.4,1129.7,1891
2026-08-20T11:45:00+05:30,1129.7,1130,1127.8,1128.5,3312
2026-08-20T11:50:00+05:30,1128.2,1129.2,1126.9,1127,4966
2026-08-20T11:55:00+05:30,1127.5,1128,1126.9,1127.4,3146
2026-08-20T12:00:00+05:30,1127.4,1127.7,1127,1127.7,788
2026-08-20T12:05:00+05:30,1127.7,1127.9,1126.8,1127.3,1557
2026-08-20T12:10:00+05:30,1127.3,1128.1,1127,1128,1289
2026-08-20T12:15:00+05:30,1128,1128.9,1127.5,1128.3,3843
2026-08-20T12:20:00+05:30,1128.3,1128.3,1125.1,1125.7,12824
2026-08-20T12:25:00+05:30,1125.7,1126.1,1125.5,1125.6,1935
2026-08-20T12:30:00+05:30,1126.1,1126.1,1124.8,1125.1,8490
2026-08-20T12:35:00+05:30,1125.5,1126.5,1125.1,1126.5,4542
2026-08-20T12:40:00+05:30,1126.5,1126.5,1125.1,1125.3,3518
2026-08-20T12:45:00+05:30,1125.3,1126.5,1125.1,1126.4,1305
2026-08-20T12:50:00+05:30,1126.4,1126.7,1124,1124.9,4255
2026-08-20T12:55:00+05:30,1124.9,1125.3,1124.5,1124.9,2219
2026-08-20T13:00:00+05:30,1124.9,1124.9,1124,1124.4,4345
2026-08-20T13:05:00+05:30,1124.4,1124.9,1124,1124.9,1346
2026-08-20T13:10:00+05:30,1124.9,1125.1,1123.4,1124.4,2429
2026-08-20T13:15:00+05:30,1124.3,1124.4,1120.9,1121.6,13284
2026-08-20T13:20:00+05:30,1122,1122.5,1121.1,1122.3,3305
2026-08-20T13:25:00+05:30,1122.3,1122.3,1119.5,1121.8,32263
2026-08-20T13:30:00+05:30,1121.8,1121.8,1119.8,1120.3,5140
2026-08-20T13:35:00+05:30,1120.3,1120.7,1119.7,1120.3,2933
2026-08-20T13:40:00+05:30,1120.3,1121.3,1120,1121,5793
2026-08-20T13:45:00+05:30,1121,1121.4,1120.3,1120.8,2065
2026-08-20T13:50:00+05:30,1120.8,1120.8,1119.5,1120.1,4758
2026-08-20T13:55:00+05:30,1120.1,1120.6,1119.5,1120.1,6865
2026-08-20T14:00:00+05:30,1120.1,1120.7,1117.9,1118.4,53303
2026-08-20T14:05:00+05:30,1118.4,1122.5,1118.4,1122.1,14695
2026-08-20T14:10:00+05:30,1122,1124.7,1121,1123.8,24753
2026-08-20T14:15:00+05:30,1123.7,1125.1,1122.9,1123.8,11727
2026-08-20T14:20:00+05:30,1124.3,1124.3,1122.2,1123,4443
2026-08-20T14:25:00+05:30,1123,1123.9,1122.2,1123.5,1094
2026-08-20T14:30:00+05:30,1123.5,1124,1122.1,1122.1,4456
2026-08-20T14:35:00+05:30,1122.2,1122.3,1121.3,1121.9,2492
2026-08-20T14:40:00+05:30,1121.5,1122.3,1121.2,1121.4,2608
2026-08-20T14:45:00+05:30,1121.4,1122,1120.1,1120.3,9346
2026-08-20T14:50:00+05:30,1120.3,1120.9,1119.4,1120.6,23895
2026-08-20T14:55:00+05:30,1120.6,1121.3,1120,1120.2,9982
2026-08-20T15:00:00+05:30,1120.3,1120.4,1116.6,1116.6,39890
2026-08-20T15:05:00+05:30,1116.6,1117.3,1115.6,1116.8,29191
2026-08-20T15:10:00+05:30,1116.8,1118.7,1115.8,1116,23876
2026-08-21T09:15:00+05:30,1120,1125.8,1118.9,1125.8,19369
2026-08-21T09:20:00+05:30,1125.9,1125.9,1123.1,1125.1,7821
2026-08-21T09:25:00+05:30,1124.4,1130,1123.8,1129.3,25163
2026-08-21T09:30:00+05:30,1128.7,1129.7,1127,1129.5,18764
2026-08-21T09:35:00+05:30,1129,1131.7,1128.9,1131.4,19171
2026-08-21T09:40:00+05:30,1131.4,1135,1131.3,1131.9,22380
2026-08-21T09:45:00+05:30,1131.9,1132,1126.8,1127,18374
2026-08-21T09:50:00+05:30,1127.4,1129.3,1127,1128.2,9776
2026-08-21T09:55:00+05:30,1128.7,1129.8,1127.6,1128,16317
2026-08-21T10:00:00+05:30,1128,1128.8,1127.4,1128.4,4772
2026-08-21T10:05:00+05:30,1128.4,1128.4,1123.6,1124.2,17350
2026-08-21T10:10:00+05:30,1124.2,1124.5,1122.3,1123,44847
2026-08-21T10:15:00+05:30,1123.2,1126.7,1122.6,1125.1,22863
2026-08-21T10:20:00+05:30,1125.1,1125.3,1122.7,1123.3,30564
2026-08-21T10:25:00+05:30,1123.3,1125.5,1123.3,1125.5,7098
2026-08-21T10:30:00+05:30,1125,1127.5,1124.7,1125.2,9814
2026-08-21T10:35:00+05:30,1124.8,1125.3,1123.3,1123.8,9563
2026-08-21T10:40:00+05:30,1123.8,1126.1,1123.8,1125.4,4472
2026-08-21T10:45:00+05:30,1125,1127.7,1125,1127.7,5254
2026-08-21T10:50:00+05:30,1127.7,1128.1,1126.7,1127.2,11999
2026-08-21T10:55:00+05:30,1127.2,1130.5,1127.2,1129.3,15582
2026-08-21T11:00:00+05:30,1129.3,1129.7,1126.4,1127.4,12406
2026-08-21T11:05:00+05:30,1127.3,1128.5,1126.5,1126.8,4312
2026-08-21T11:10:00+05:30,1126.8,1127.4,1125,1127.2,15752
2026-08-21T11:15:00+05:30,1127.2,1127.8,1121.7,1122.1,13847
2026-08-21T11:20:00+05:30,1122.2,1123.9,1120.7,1123.5,12719
2026-08-21T11:25:00+05:30,1123.5,1125.4,1123,1125.4,18595
2026-08-21T11:30:00+05:30,1125.4,1125.4,1124.7,1125.1,14247
2026-08-21T11:35:00+05:30,1125.1,1126.5,1125,1126.2,5352
2026-08-21T11:40:00+05:30,1126.2,1126.4,1124.7,1124.9,2706
2026-08-21T11:45:00+05:30,1124.9,1125.3,1123.1,1125.1,59304
2026-08-21T11:50:00+05:30,1125.1,1125.2,1124.3,1124.5,4265
2026-08-21T11:55:00+05:30,1124.5,1125.6,1124.2,1125.6,3854
2026-08-21T12:00:00+05:30,1125.6,1125.9,1125,1125.2,1143
2026-08-21T12:05:00+05:30,1125.2,1125.5,1124.7,1125.2,3230
2026-08-21T12:10:00+05:30,1125.2,1125.2,1123,1124.3,51361
2026-08-21T12:15:00+05:30,1124.3,1125.2,1123.8,1125.2,5850
2026-08-21T12:20:00+05:30,1125.2,1125.4,1123.8,1123.8,2179
2026-08-21T12:25:00+05:30,1123.8,1124.8,1123.4,1123.8,3786
2026-08-21T12:30:00+05:30,1123.8,1123.9,1123.2,1123.8,2344
2026-08-21T12:35:00+05:30,1123.8,1123.9,1122.4,1122.6,4786
2026-08-21T12:40:00+05:30,1122.6,1123,1122,1123,6215
2026-08-21T12:45:00+05:30,1123,1123.5,1122.6,1123.3,1095
2026-08-21T12:50:00+05:30,1123.3,1123.8,1123.2,1123.2,1904
2026-08-21T12:55:00+05:30,1123.2,1123.9,1123.2,1123.9,990
2026-08-21T13:00:00+05:30,1123.9,1124.7,1123.7,1124.4,3862
2026-08-21T13:05:00+05:30,1123.7,1124.3,1122.8,1123.4,4177
2026-08-21T13:10:00+05:30,1123.4,1123.9,1122.3,1123.8,3572
2026-08-21T13:15:00+05:30,1123.8,1124.1,1123.2,1123.9,1989
2026-08-21T13:20:00+05:30,1123.9,1123.9,1122.8,1123.4,1998
2026-08-21T13:25:00+05:30,1123.4,1124.2,1123.2,1124,7511
2026-08-21T13:30:00+05:30,1124,1124.2,1123.6,1124.1,4520
2026-08-21T13:35:00+05:30,1124.1,1124.1,1123.3,1124.1,4305
2026-08-21T13:40:00+05:30,1124.1,1124.1,1123.8,1124.1,1924
2026-08-21T13:45:00+05:30,1124.1,1124.1,1123.5,1124.1,3104
2026-08-21T13:50:00+05:30,1124.1,1124.1,1123.6,1124.1,11128
2026-08-21T13:55:00+05:30,1124.1,1124.1,1123.5,1124.1,3016
2026-08-21T14:00:00+05:30,1124.1,1124.5,1123.7,1124.5,3897
2026-08-21T14:05:00+05:30,1124.5,1125.8,1124,1125.8,22928
2026-08-21T14:10:00+05:30,1125.8,1125.9,1125.3,1125.8,2748
2026-08-21T14:15:00+05:30,1125.8,1128.3,1125.3,1127.9,54389
2026-08-21T14:20:00+05:30,1128,1128,1126,1127,39303
2026-08-21T14:25:00+05:30,1127,1127,1125.4,1126.4,22897
2026-08-21T14:30:00+05:30,1126.4,1126.5,1125.5,1126.3,46158
2026-08-21T14:35:00+05:30,1126.3,1126.8,1124.8,1125.5,8033
2026-08-21T14:40:00+05:30,1125.5,1127.7,1124.9,1127.4,17231
2026-08-21T14:45:00+05:30,1127.4,1128,1126.6,1127.6,5007
2026-08-21T14:50:00+05:30,1127.7,1128,1127.1,1127.5,3505
2026-08-21T14:55:00+05:30,1127.1,1127.6,1126.2,1127.2,14569
2026-08-21T15:00:00+05:30,1127.3,1127.9,1127.1,1127.6,9524
2026-08-21T15:05:00+05:30,1127.4,1129.9,1127.2,1127.2,72028
2026-08-21T15:10:00+05:30,1127.2,1128,1124.1,1125,27215
2026-08-24T09:15:00+05:30,1135,1139.6,1130.5,1132,52622
2026-08-24T09:20:00+05:30,1132,1137.5,1130.1,1136.9,24216
2026-08-24T09:25:00+05:30,1135.8,1138.8,1135,1135.9,20945
2026-08-24T09:30:00+05:30,1135.9,1138,1135,1136.5,7934
2026-08-24T09:35:00+05:30,1136.5,1137.1,1135.3,1136.3,5819
2026-08-24T09:40:00+05:30,1135.8,1137.2,1134.5,1136.1,14690
2026-08-24T09:45:00+05:30,1136.1,1139.4,1135.4,1139.4,14693
2026-08-24T09:50:00+05:30,1139.4,1139.7,1136.5,1137.9,11526
2026-08-24T09:55:00+05:30,1137.9,1139.3,1136.2,1136.6,7438
2026-08-24T10:00:00+05:30,1136.6,1136.6,1134,1135.3,6372
2026-08-24T10:05:00+05:30,1135.3,1138.5,1135.1,1137.7,4944
2026-08-24T10:10:00+05:30,1137.7,1137.7,1135.8,1135.8,2900
2026-08-24T10:15:00+05:30,1136.4,1137.4,1135.5,1137.4,4810
2026-08-24T10:20:00+05:30,1137.4,1139,1137,1138.3,8952
2026-08-24T10:25:00+05:30,1139.4,1141.5,1136.3,1136.6,23460
2026-08-24T10:30:00+05:30,1136.6,1138.9,1135.9,1138.6,4487
2026-08-24T10:35:00+05:30,1139,1139.2,1137.3,1138,4262
2026-08-24T10:40:00+05:30,1137.6,1139.5,1137.6,1138.8,3887
2026-08-24T10:45:00+05:30,1138.9,1139.5,1138.1,1139,4719
2026-08-24T10:50:00+05:30,1139.1,1140.3,1138.4,1140.3,8241
2026-08-24T10:55:00+05:30,1140.3,1141.9,1140,1140.6,25762
2026-08-24T11:00:00+05:30,1140.6,1142,1140.5,1141.5,27463
2026-08-24T11:05:00+05:30,1141.5,1142.3,1141,1141.6,14223
2026-08-24T11:10:00+05:30,1141.4,1141.7,1137.6,1138.3,11851
2026-08-24T11:15:00+05:30,1137.8,1139,1137.7,1138.3,3883
2026-08-24T11:20:00+05:30,1138.5,1139,1135.3,1138.8,19577
2026-08-24T11:25:00+05:30,1138.8,1139,1137.5,1137.8,3679
2026-08-24T11:30:00+05:30,1137.8,1137.8,1136.5,1137.2,6011
2026-08-24T11:35:00+05:30,1137.2,1138,1136.5,1138,4295
2026-08-24T11:40:00+05:30,1138,1138,1136.3,1137,6317
2026-08-24T11:45:00+05:30,1137,1139.5,1136.7,1139.5,11588
2026-08-24T11:50:00+05:30,1139.5,1139.5,1137.4,1138.3,4753
2026-08-24T11:55:00+05:30,1138.3,1139.7,1137.8,1139.5,4000
2026-08-24T12:00:00+05:30,1139.5,1141.1,1139.1,1140.6,4505
2026-08-24T12:05:00+05:30,1140.6,1140.6,1139.1,1139.5,4935
2026-08-24T12:10:00+05:30,1139.5,1140.4,1138.8,1140.4,16358
2026-08-24T12:15:00+05:30,1140.4,1140.5,1138.5,1139.3,22524
2026-08-24T12:20:00+05:30,1139.3,1140.9,1139.1,1140.4,5047
2026-08-24T12:25:00+05:30,1140.4,1141.4,1140.1,1140.5,4373
2026-08-24T12:30:00+05:30,1140.5,1141.9,1140.5,1141.1,5451
2026-08-24T12:35:00+05:30,1141.6,1141.7,1140.6,1141.2,4125
2026-08-24T12:40:00+05:30,1140.8,1141.5,1139.8,1140.7,3244
2026-08-24T12:45:00+05:30,1140.7,1140.9,1139.9,1140.6,4980
2026-08-24T12:50:00+05:30,1140.6,1141.8,1140,1141.7,4961
2026-08-24T12:55:00+05:30,1141.7,1142,1140.9,1141.2,6909
2026-08-24T13:00:00+05:30,1141.2,1141.8,1140.3,1140.7,3100
2026-08-24T13:05:00+05:30,1140.7,1141,1140,1140,7467
2026-08-24T13:10:00+05:30,1140.6,1140.7,1137.9,1139.6,10653
2026-08-24T13:15:00+05:30,1139.6,1140.8,1139,1140.3,4185
2026-08-24T13:20:00+05:30,1140.3,1140.9,1139.6,1140.3,2751
2026-08-24T13:25:00+05:30,1140.4,1140.5,1138.2,1138.5,16442
2026-08-24T13:30:00+05:30,1138.5,1138.5,1137,1137.3,6290
2026-08-24T13:35:00+05:30,1137.3,1139.9,1136.6,1139.7,21813
2026-08-24T13:40:00+05:30,1139.9,1140,1139.1,1139.8,2380
2026-08-24T13:45:00+05:30,1139.8,1140,1138,1139,6029
2026-08-24T13:50:00+05:30,1139,1139,1137,1137.5,7549
2026-08-24T13:55:00+05:30,1137.3,1138.4,1137,1137.5,12274
2026-08-24T14:00:00+05:30,1137.5,1138.7,1137,1138.4,16139
2026-08-24T14:05:00+05:30,1138.5,1139.5,1137.6,1139.5,5874
2026-08-24T14:10:00+05:30,1139,1140,1138.6,1140,12509
2026-08-24T14:15:00+05:30,1139.8,1140.5,1139.4,1140.5,5237
2026-08-24T14:20:00+05:30,1140.4,1141.5,1140.4,1140.8,7000
2026-08-24T14:25:00+05:30,1140.8,1142,1140.8,1142,11417
2026-08-24T14:30:00+05:30,1142,1143.9,1141.7,1142.9,38164
2026-08-24T14:35:00+05:30,1143.2,1144,1142.9,1143.4,10858
2026-08-24T14:40:00+05:30,1143.4,1144.6,1143.2,1143.5,12696
2026-08-24T14:45:00+05:30,1143.5,1143.5,1140.6,1142.7,50406
2026-08-24T14:50:00+05:30,1142.3,1143.2,1141.9,1142.6,14492
2026-08-24T14:55:00+05:30,1142.6,1143.9,1142.2,1143.4,12523
2026-08-24T15:00:00+05:30,1143.4,1143.4,1141.5,1141.9,15093
2026-08-24T15:05:00+05:30,1141.9,1143.7,1141,1143.1,35664
2026-08-24T15:10:00+05:30,1143.1,1145.9,1142,1143.8,76631
2026-08-25T09:15:00+05:30,1147.9,1151.4,1141.1,1146.5,55031
2026-08-25T09:20:00+05:30,1146.3,1148.6,1144.5,1147.2,16206
2026-08-25T09:25:00+05:30,1147.9,1148,1145.6,1147.5,11327
2026-08-25T09:30:00+05:30,1146.8,1150.7,1146.8,1150.5,17346
2026-08-25T09:35:00+05:30,1150.5,1151,1145.4,1146.4,18649
2026-08-25T09:40:00+05:30,1145.8,1147.1,1145.8,1146.3,8782
2026-08-25T09:45:00+05:30,1146.3,1146.9,1142.5,1143.7,20334
2026-08-25T09:50:00+05:30,1143.1,1144.4,1142.5,1143.4,13968
2026-08-25T09:55:00+05:30,1143.4,1145.9,1143.4,1143.9,13800
2026-08-25T10:00:00+05:30,1143.9,1145.6,1143.9,1145,6784
2026-08-25T10:05:00+05:30,1145.8,1145.9,1144.8,1145.8,5071
2026-08-25T10:10:00+05:30,1145.8,1145.8,1143.8,1144.2,1916
2026-08-25T10:15:00+05:30,1144.2,1144.7,1142.6,1143.2,7157
2026-08-25T10:20:00+05:30,1143.2,1143.3,1141.2,1141.7,7351
2026-08-25T10:25:00+05:30,1142.3,1144.6,1141.8,1142.5,8646
2026-08-25T10:30:00+05:30,1142.5,1143.5,1141.7,1142.4,6816
2026-08-25T10:35:00+05:30,1142.4,1143,1141.8,1142.8,4172
2026-08-25T10:40:00+05:30,1142.8,1142.9,1142.1,1142.8,2032
2026-08-25T10:45:00+05:30,1142.8,1143.7,1142.4,1143.2,7502
2026-08-25T10:50:00+05:30,1143.2,1143.8,1141.6,1142.3,3942
2026-08-25T10:55:00+05:30,1142.3,1142.6,1141.3,1141.6,5516
2026-08-25T11:00:00+05:30,1141.6,1142.1,1140.5,1141.4,7439
2026-08-25T11:05:00+05:30,1141.1,1142,1140.3,1141.5,4686
2026-08-25T11:10:00+05:30,1141.5,1142.3,1140.7,1141.4,3473
2026-08-25T11:15:00+05:30,1141.4,1142,1140.1,1140.8,9081
2026-08-25T11:20:00+05:30,1140.8,1142,1140.8,1141.7,2485
2026-08-25T11:25:00+05:30,1141.7,1142.4,1141.1,1142.1,1618
2026-08-25T11:30:00+05:30,1142.1,1143,1141.7,1142.9,2480
2026-08-25T11:35:00+05:30,1142.9,1142.9,1141.8,1142.5,1708
2026-08-25T11:40:00+05:30,1142.5,1143.9,1142.5,1143.3,2480
2026-08-25T11:45:00+05:30,1143.3,1143.6,1142.2,1142.5,1522
2026-08-25T11:50:00+05:30,1142.5,1143.5,1142.5,1142.5,1341
2026-08-25T11:55:00+05:30,1142.5,1143.4,1142.5,1143.4,1276
2026-08-25T12:00:00+05:30,1143.4,1143.4,1142.5,1143.3,1900
2026-08-25T12:05:00+05:30,1143.3,1144.7,1142.7,1144.7,3760
2026-08-25T12:10:00+05:30,1144.7,1148.1,1144.5,1146.2,7836
2026-08-25T12:15:00+05:30,1146.2,1148.8,1145.4,1146.5,3790
2026-08-25T12:20:00+05:30,1146.5,1147.5,1146.1,1147.3,2903
2026-08-25T12:25:00+05:30,1147.3,1149.9,1147.3,1149.7,8151
2026-08-25T12:30:00+05:30,1149.7,1157,1149,1154.4,60951
2026-08-25T12:35:00+05:30,1153.5,1154.8,1151.5,1154.1,10235
2026-08-25T12:40:00+05:30,1154.1,1154.2,1152,1152.1,7504
2026-08-25T12:45:00+05:30,1152.8,1153,1151.2,1152.4,5098
2026-08-25T12:50:00+05:30,1152.8,1153.7,1152,1152,14188
2026-08-25T12:55:00+05:30,1152.4,1155.7,1151.9,1154.8,9894
2026-08-25T13:00:00+05:30,1155.3,1155.3,1150.1,1150.9,6840
2026-08-25T13:05:00+05:30,1150.9,1152,1150.2,1151.7,4093
2026-08-25T13:10:00+05:30,1151.7,1151.9,1149.1,1149.9,3050
2026-08-25T13:15:00+05:30,1149.9,1150.8,1149.2,1149.5,12828
2026-08-25T13:20:00+05:30,1150,1150.2,1149.4,1149.7,2339
2026-08-25T13:25:00+05:30,1149.6,1150.5,1149.2,1150.2,2922
2026-08-25T13:30:00+05:30,1150,1151.9,1150,1151.8,3922
2026-08-25T13:35:00+05:30,1151.8,1151.9,1149.6,1150.9,8653
2026-08-25T13:40:00+05:30,1150.9,1151.4,1149.8,1150.5,3081
2026-08-25T13:45:00+05:30,1150.5,1152.4,1150.3,1151,3559
2026-08-25T13:50:00+05:30,1151.3,1153.1,1150.6,1153,3646
2026-08-25T13:55:00+05:30,1153,1153,1151.2,1151.3,1938
2026-08-25T14:00:00+05:30,1151.3,1151.9,1149.3,1151.9,9825
2026-08-25T14:05:00+05:30,1151,1151.2,1149.3,1149.9,1097
2026-08-25T14:10:00+05:30,1149.9,1150,1146.1,1148.8,19385
2026-08-25T14:15:00+05:30,1148.8,1150.9,1148.3,1150,5615
2026-08-25T14:20:00+05:30,1150.8,1151.1,1149,1149.7,14428
2026-08-25T14:25:00+05:30,1149.2,1149.9,1148.6,1149.5,3587
2026-08-25T14:30:00+05:30,1149.5,1149.9,1148.7,1149.1,4435
2026-08-25T14:35:00+05:30,1149.1,1149.5,1148.5,1148.6,11860
2026-08-25T14:40:00+05:30,1148.6,1151.6,1148.6,1151.6,8496
2026-08-25T14:45:00+05:30,1151.6,1151.9,1150.1,1150.2,4965
2026-08-25T14:50:00+05:30,1150.2,1150.2,1148.8,1149.2,10770
2026-08-25T14:55:00+05:30,1149.2,1150.2,1149.2,1150,4956
2026-08-25T15:00:00+05:30,1150,1150.4,1146.6,1148.3,20466
2026-08-25T15:05:00+05:30,1148.4,1148.4,1145.9,1146.4,31190
2026-08-25T15:10:00+05:30,1146.4,1150,1146.2,1148.9,28555
2026-08-26T09:15:00+05:30,1155,1155.9,1147.3,1148,21924
2026-08-26T09:20:00+05:30,1147.5,1149,1145.9,1145.9,8408
2026-08-26T09:25:00+05:30,1145.5,1147.3,1145.3,1146.8,4646
2026-08-26T09:30:00+05:30,1146.8,1152.8,1143.1,1152.3,23255
2026-08-26T09:35:00+05:30,1152.4,1153.8,1151.5,1152,6485
2026-08-26T09:40:00+05:30,1152,1153,1152,1153,4915
2026-08-26T09:45:00+05:30,1152.8,1154,1151.7,1152.7,11706
2026-08-26T09:50:00+05:30,1152.7,1156,1152.7,1155.9,8178
2026-08-26T09:55:00+05:30,1155.9,1158,1155.9,1157.1,22176
2026-08-26T10:00:00+05:30,1157.1,1157.9,1155.7,1156.8,12777
2026-08-26T10:05:00+05:30,1156.8,1157.2,1155.3,1156.4,5149
2026-08-26T10:10:00+05:30,1156.4,1159.6,1156,1159.5,11864
2026-08-26T10:15:00+05:30,1159.5,1159.8,1157,1158,18264
2026-08-26T10:20:00+05:30,1157.6,1157.9,1152.1,1154,12877
2026-08-26T10:25:00+05:30,1154,1154.5,1153.2,1154.2,2148
2026-08-26T10:30:00+05:30,1154.5,1157.1,1154.2,1156.6,21315
2026-08-26T10:35:00+05:30,1156.6,1158.8,1156,1157.7,11231
2026-08-26T10:40:00+05:30,1158.5,1159.7,1158,1159.5,9411
2026-08-26T10:45:00+05:30,1159.2,1160.5,1158.9,1159.4,10700
2026-08-26T10:50:00+05:30,1159,1159.4,1156.9,1157.8,4826
2026-08-26T10:55:00+05:30,1157.6,1159,1157.6,1158.5,2445
2026-08-26T11:00:00+05:30,1158.5,1159,1157.3,1158.3,7897
2026-08-26T11:05:00+05:30,1158.3,1159.2,1158,1158.8,1937
2026-08-26T11:10:00+05:30,1158.7,1159.4,1158.2,1158.8,2892
2026-08-26T11:15:00+05:30,1158.8,1159,1155.8,1157.8,4292
2026-08-26T11:20:00+05:30,1157.6,1159.2,1157.5,1158.8,2283
2026-08-26T11:25:00+05:30,1158.8,1159.2,1155.7,1158,6023
2026-08-26T11:30:00+05:30,1158.6,1159.3,1158,1158.4,1655
2026-08-26T11:35:00+05:30,1158.4,1159.2,1158.4,1159.1,2056
2026-08-26T11:40:00+05:30,1159.1,1159.9,1159.1,1159.8,4970
2026-08-26T11:45:00+05:30,1159.8,1162,1159,1161.3,18277
2026-08-26T11:50:00+05:30,1161.3,1161.4,1160,1160.1,6787
2026-08-26T11:55:00+05:30,1160.1,1161,1159.6,1160.3,3145
2026-08-26T12:00:00+05:30,1160.3,1160.3,1159.3,1160,2030
2026-08-26T12:05:00+05:30,1160,1163,1159.5,1160.3,19453
2026-08-26T12:10:00+05:30,1160.5,1161,1160.2,1160.8,1567
2026-08-26T12:15:00+05:30,1160.9,1165.7,1160.9,1165,31274
2026-08-26T12:20:00+05:30,1165,1165.1,1162.3,1163.3,4008
2026-08-26T12:25:00+05:30,1163.2,1164,1162.5,1162.9,2218
2026-08-26T12:30:00+05:30,1162.5,1164.3,1162.1,1163.5,5704
2026-08-26T12:35:00+05:30,1163.5,1166.6,1163.2,1166.5,12934
2026-08-26T12:40:00+05:30,1166.5,1166.7,1165.1,1166.5,6079
2026-08-26T12:45:00+05:30,1166.5,1167,1165,1166,4712
2026-08-26T12:50:00+05:30,1166.8,1167,1165.5,1167,7018
2026-08-26T12:55:00+05:30,1167,1167.3,1166,1166.7,6501
2026-08-26T13:00:00+05:30,1166.7,1167.8,1166.3,1167,4287
2026-08-26T13:05:00+05:30,1167,1168.5,1165.7,1166,9265
2026-08-26T13:10:00+05:30,1166,1167,1165.7,1166.1,5437
2026-08-26T13:15:00+05:30,1166.1,1168,1165.7,1167.8,3895
2026-08-26T13:20:00+05:30,1167.8,1168.5,1166.9,1168.1,5099
2026-08-26T13:25:00+05:30,1168.1,1168.1,1166.4,1167.9,3545
2026-08-26T13:30:00+05:30,1167.9,1169.5,1167.4,1168,25104
2026-08-26T13:35:00+05:30,1168,1172.1,1168,1170.4,51168
2026-08-26T13:40:00+05:30,1170.4,1170.9,1169.5,1169.5,2931
2026-08-26T13:45:00+05:30,1169.5,1170.8,1169.2,1170,10358
2026-08-26T13:50:00+05:30,1170,1171.9,1169.5,1171.7,6771
2026-08-26T13:55:00+05:30,1171.7,1171.7,1171,1171.1,2014
2026-08-26T14:00:00+05:30,1171.1,1171.5,1170,1170,907
2026-08-26T14:05:00+05:30,1170,1170.4,1169.3,1170.1,3697
2026-08-26T14:10:00+05:30,1170.1,1171.8,1170,1170.9,11154
2026-08-26T14:15:00+05:30,1170.9,1172.7,1170.9,1171.3,6004
2026-08-26T14:20:00+05:30,1171.3,1174.7,1171.2,1173.4,21023
2026-08-26T14:25:00+05:30,1173.4,1174.5,1172,1172.3,8393
2026-08-26T14:30:00+05:30,1172.9,1177.1,1172.3,1177,39233
2026-08-26T14:35:00+05:30,1177,1179,1176.4,1177.3,13147
2026-08-26T14:40:00+05:30,1177.3,1178.6,1175.3,1176.9,20818
2026-08-26T14:45:00+05:30,1176.9,1179.7,1175.6,1177.1,20029
2026-08-26T14:50:00+05:30,1177.1,1181.9,1177.1,1180.9,74026
2026-08-26T14:55:00+05:30,1180.9,1181.9,1178,1181,24556
2026-08-26T15:00:00+05:30,1181.1,1183.3,1180,1181.5,30626
2026-08-26T15:05:00+05:30,1181.5,1182.9,1180,1181.1,30267
2026-08-26T15:10:00+05:30,1181.2,1182,1174.5,1174.5,34034
2026-08-27T09:15:00+05:30,1176,1184.7,1176,1182.6,33770
2026-08-27T09:20:00+05:30,1182.3,1183.6,1179.6,1179.6,12163
2026-08-27T09:25:00+05:30,1180.3,1184,1179.1,1183.1,15932
2026-08-27T09:30:00+05:30,1182.3,1187,1182.3,1187,18273
2026-08-27T09:35:00+05:30,1186.6,1194.1,1186.2,1187.8,35823
2026-08-27T09:40:00+05:30,1188,1188.1,1184.3,1187.9,28912
2026-08-27T09:45:00+05:30,1187.9,1190.8,1186.2,1186.7,25233
2026-08-27T09:50:00+05:30,1186.7,1187.8,1183.3,1184,25689
2026-08-27T09:55:00+05:30,1184,1185.3,1183.2,1184,16748
2026-08-27T10:00:00+05:30,1184,1184.6,1182.6,1183.5,13893
2026-08-27T10:05:00+05:30,1184,1184.7,1182.7,1183.9,7800
2026-08-27T10:10:00+05:30,1184,1184.4,1182.5,1182.5,7072
2026-08-27T10:15:00+05:30,1182.5,1184.7,1182.3,1184.7,10079
2026-08-27T10:20:00+05:30,1184.6,1186,1184.1,1185,14616
2026-08-27T10:25:00+05:30,1185.4,1186.6,1184.8,1186.3,13543
2026-08-27T10:30:00+05:30,1186.3,1186.4,1183.7,1184.2,10994
2026-08-27T10:35:00+05:30,1184.2,1186.3,1182.9,1186.2,7597
2026-08-27T10:40:00+05:30,1186.3,1186.3,1184.5,1184.5,5173
2026-08-27T10:45:00+05:30,1184.5,1186.3,1184.4,1186,7572
2026-08-27T10:50:00+05:30,1185.9,1185.9,1183.9,1185.2,9460
2026-08-27T10:55:00+05:30,1186,1190.3,1185.5,1190,39530
2026-08-27T11:00:00+05:30,1190,1196.4,1190,1194.1,56472
2026-08-27T11:05:00+05:30,1194.2,1194.8,1192.1,1193,25521
2026-08-27T11:10:00+05:30,1193,1193.4,1189.2,1190,21827
2026-08-27T11:15:00+05:30,1190.6,1191.3,1185.6,1185.6,101840
2026-08-27T11:20:00+05:30,1186,1191.7,1185.5,1191,52583
2026-08-27T11:25:00+05:30,1191,1192,1189.6,1190.9,12907
2026-08-27T11:30:00+05:30,1190.6,1191.8,1188.6,1189.2,28192
2026-08-27T11:35:00+05:30,1189.2,1191.5,1188.4,1191.3,39506
2026-08-27T11:40:00+05:30,1190.8,1191.2,1189,1190.5,11416
2026-08-27T11:45:00+05:30,1190.7,1191,1189.1,1189.1,4486
2026-08-27T11:50:00+05:30,1189.6,1190.2,1185.8,1186.1,17370
2026-08-27T11:55:00+05:30,1186.1,1186.4,1184.3,1184.3,8431
2026-08-27T12:00:00+05:30,1184.8,1185.8,1184,1185.8,8042
2026-08-27T12:05:00+05:30,1185.7,1185.7,1184.6,1185.5,5894
2026-08-27T12:10:00+05:30,1185.3,1185.9,1184,1185,9113
2026-08-27T12:15:00+05:30,1184.9,1185.2,1184,1184,6962
2026-08-27T12:20:00+05:30,1183.7,1184.4,1183.3,1184.4,6125
2026-08-27T12:25:00+05:30,1184.4,1186.9,1184.1,1186.6,10812
2026-08-27T12:30:00+05:30,1186.5,1186.5,1184.2,1184.7,6431
2026-08-27T12:35:00+05:30,1184.6,1186.2,1184.2,1186,4146
2026-08-27T12:40:00+05:30,1185.9,1186.7,1185.2,1186.3,5014
2026-08-27T12:45:00+05:30,1186,1186.3,1183.3,1185.6,10287
2026-08-27T12:50:00+05:30,1185.6,1185.8,1184.1,1185.1,5533
2026-08-27T12:55:00+05:30,1184.9,1185.5,1184,1184.9,5454
2026-08-27T13:00:00+05:30,1184.9,1185.3,1181.5,1182.2,17012
2026-08-27T13:05:00+05:30,1182,1182.4,1180.6,1181.9,9024
2026-08-27T13:10:00+05:30,1181.9,1182.8,1181,1182.4,9297
2026-08-27T13:15:00+05:30,1182.5,1183.3,1181.7,1182.4,6308
2026-08-27T13:20:00+05:30,1182.5,1183.3,1181.7,1181.8,5577
2026-08-27T13:25:00+05:30,1181.8,1182.6,1181.2,1181.6,7392
2026-08-27T13:30:00+05:30,1181.9,1182,1178.2,1181.2,35081
2026-08-27T13:35:00+05:30,1181,1182,1180.6,1181.6,6913
2026-08-27T13:40:00+05:30,1181.7,1181.8,1180.1,1181,6934
2026-08-27T13:45:00+05:30,1181.3,1182,1179.8,1181.8,9117
2026-08-27T13:50:00+05:30,1181.9,1181.9,1181,1181.5,4719
2026-08-27T13:55:00+05:30,1181.5,1181.7,1179.9,1181.3,5441
2026-08-27T14:00:00+05:30,1181.2,1181.2,1180,1180.9,6241
2026-08-27T14:05:00+05:30,1180.8,1181,1179.5,1180.5,11362
2026-08-27T14:10:00+05:30,1180.4,1181.7,1180.2,1181.6,11311
2026-08-27T14:15:00+05:30,1181.6,1182.7,1181.1,1182.7,7814
2026-08-27T14:20:00+05:30,1182.4,1184.1,1180.4,1180.4,31010
2026-08-27T14:25:00+05:30,1180.9,1182.3,1180.7,1182.2,8960
2026-08-27T14:30:00+05:30,1182.3,1183,1180.4,1181.1,8421
2026-08-27T14:35:00+05:30,1181.3,1182.3,1181.2,1182.1,5952
2026-08-27T14:40:00+05:30,1180.9,1183,1180.9,1181.9,9803
2026-08-27T14:45:00+05:30,1182.1,1183.4,1181.6,1183.4,16087
2026-08-27T14:50:00+05:30,1182.8,1183.9,1182.8,1183.7,8711
2026-08-27T14:55:00+05:30,1183.8,1183.9,1182.3,1183.1,15728
2026-08-27T15:00:00+05:30,1182.4,1183.4,1179.5,1179.8,29615
2026-08-27T15:05:00+05:30,1180,1180,1173,1175.1,122301
2026-08-27T15:10:00+05:30,1174.7,1175.4,1166.6,1168,282668
2026-08-28T09:15:00+05:30,1172.7,1184.9,1172.7,1183.8,19110
2026-08-28T09:20:00+05:30,1183.8,1188.6,1182.9,1188.6,27632
2026-08-28T09:25:00+05:30,1188.2,1190.4,1186.3,1189.5,15372
2026-08-28T09:30:00+05:30,1189.9,1191.9,1186.7,1187.1,28533
2026-08-28T09:35:00+05:30,1187.1,1187.5,1184.6,1186.4,19967
2026-08-28T09:40:00+05:30,1186.3,1188.6,1185.6,1188.3,4662
2026-08-28T09:45:00+05:30,1188.3,1189.8,1186.5,1186.8,6222
2026-08-28T09:50:00+05:30,1186.8,1189,1186.8,1189,5673
2026-08-28T09:55:00+05:30,1189,1189,1187.6,1188.9,2692
2026-08-28T10:00:00+05:30,1188.9,1188.9,1186.7,1187.2,3370
2026-08-28T10:05:00+05:30,1187.5,1189.9,1186.4,1189.2,14430
2026-08-28T10:10:00+05:30,1189.2,1189.7,1187.4,1189.1,9450
2026-08-28T10:15:00+05:30,1189.1,1189.3,1185,1186,14228
2026-08-28T10:20:00+05:30,1185.5,1187,1184,1184,11950
2026-08-28T10:25:00+05:30,1184,1185.5,1183.8,1184.1,5742
2026-08-28T10:30:00+05:30,1184.1,1184.5,1182.3,1183.6,6727
2026-08-28T10:35:00+05:30,1183.6,1184,1182.5,1183.7,3587
2026-08-28T10:40:00+05:30,1183.2,1183.9,1180,1180,14374
2026-08-28T10:45:00+05:30,1180.6,1181.7,1179.4,1181.2,6030
2026-08-28T10:50:00+05:30,1181.2,1182.5,1180.8,1182,3140
2026-08-28T10:55:00+05:30,1182,1183.3,1181.1,1181.7,1358
2026-08-28T11:00:00+05:30,1181.7,1181.7,1179.1,1179.5,4142
2026-08-28T11:05:00+05:30,1179.1,1180.9,1179.1,1180.8,1613
2026-08-28T11:10:00+05:30,1180.8,1182.5,1180.2,1182.5,7668
2026-08-28T11:15:00+05:30,1182.5,1182.9,1180.5,1180.5,1646
2026-08-28T11:20:00+05:30,1181,1181,1177.5,1177.5,7194
2026-08-28T11:25:00+05:30,1177.5,1178,1176,1176.2,3764
2026-08-28T11:30:00+05:30,1176.2,1177.3,1175.3,1176.2,7031
2026-08-28T11:35:00+05:30,1176.2,1176.4,1175,1176.1,3149
2026-08-28T11:40:00+05:30,1176.1,1176.1,1175,1175,2030
2026-08-28T11:45:00+05:30,1175.6,1175.6,1175,1175.5,566
2026-08-28T11:50:00+05:30,1175.5,1175.6,1175,1175.5,1047
2026-08-28T11:55:00+05:30,1175.5,1176.1,1174.8,1175,3454
2026-08-28T12:00:00+05:30,1175,1176.1,1175,1175.6,1529
2026-08-28T12:05:00+05:30,1175.6,1175.7,1174.8,1174.9,1198
2026-08-28T12:10:00+05:30,1174.7,1174.9,1171.5,1172.6,25833
2026-08-28T12:15:00+05:30,1172.6,1173.5,1171.7,1173.5,4897
2026-08-28T12:20:00+05:30,1173.5,1173.5,1172.4,1172.6,1937
2026-08-28T12:25:00+05:30,1172.6,1173,1172.6,1173,570
2026-08-28T12:30:00+05:30,1173,1176.3,1172.4,1175.4,42936
2026-08-28T12:35:00+05:30,1175.4,1175.4,1173,1173.8,2875
2026-08-28T12:40:00+05:30,1173.8,1173.8,1173,1173.1,1205
2026-08-28T12:45:00+05:30,1173.1,1174.5,1172.5,1174,1179
2026-08-28T12:50:00+05:30,1174,1175.5,1173.2,1175.5,1713
2026-08-28T12:55:00+05:30,1175.5,1176.5,1174.9,1176.3,3036
2026-08-28T13:00:00+05:30,1176.3,1176.6,1174,1175.8,5174
2026-08-28T13:05:00+05:30,1175.8,1176.4,1175,1175.8,3903
2026-08-28T13:10:00+05:30,1175.8,1176.8,1175,1175.9,2464
2026-08-28T13:15:00+05:30,1176.2,1177.7,1175.8,1176.9,4188
2026-08-28T13:20:00+05:30,1176.9,1178.3,1176.8,1177.8,3025
2026-08-28T13:25:00+05:30,1177.8,1177.9,1175.4,1175.9,2503
2026-08-28T13:30:00+05:30,1176.2,1177.2,1175.5,1177.2,2297
2026-08-28T13:35:00+05:30,1177.2,1177.4,1176.5,1176.7,2274
2026-08-28T13:40:00+05:30,1177.3,1178.8,1176.6,1178.3,7605
2026-08-28T13:45:00+05:30,1178.3,1178.5,1175,1177,9020
2026-08-28T13:50:00+05:30,1177,1177,1174.3,1175.4,6423
2026-08-28T13:55:00+05:30,1175.4,1177,1174.1,1174.8,5192
2026-08-28T14:00:00+05:30,1174.8,1175,1173.4,1174.1,3600
2026-08-28T14:05:00+05:30,1174.1,1174.6,1172.2,1174.5,4330
2026-08-28T14:10:00+05:30,1173.9,1175.8,1173.9,1175.6,5714
2026-08-28T14:15:00+05:30,1175.1,1175.9,1173.4,1174.3,3732
2026-08-28T14:20:00+05:30,1174.5,1177.8,1173.7,1173.7,9411
2026-08-28T14:25:00+05:30,1173.7,1174.9,1173.5,1174.1,5834
2026-08-28T14:30:00+05:30,1174.1,1175.2,1173.3,1174.2,5276
2026-08-28T14:35:00+05:30,1174,1175.9,1173.4,1174,12600
2026-08-28T14:40:00+05:30,1174,1175.3,1173.4,1174.1,12484
2026-08-28T14:45:00+05:30,1174.2,1175.6,1173.1,1174.1,14691
2026-08-28T14:50:00+05:30,1174.1,1174.5,1171.7,1173.5,14598
2026-08-28T14:55:00+05:30,1173.5,1174.7,1172.7,1174.7,6881
2026-08-28T15:00:00+05:30,1174.3,1175,1171.1,1173,32182
2026-08-28T15:05:00+05:30,1172.3,1174.8,1170,1173.9,51676
2026-08-28T15:10:00+05:30,1173.8,1177.3,1172.5,1175.8,50251
2026-08-31T09:15:00+05:30,1174.1,1175.7,1154,1157.7,41496
2026-08-31T09:20:00+05:30,1157.7,1158.4,1153.2,1153.7,9936
2026-08-31T09:25:00+05:30,1153.7,1155.7,1151.8,1155.1,8089
2026-08-31T09:30:00+05:30,1155.1,1156,1152.3,1153.6,5016
2026-08-31T09:35:00+05:30,1153.6,1155,1152.1,1152.5,7245
2026-08-31T09:40:00+05:30,1152.5,1153.7,1150.9,1152.7,9690
2026-08-31T09:45:00+05:30,1152.7,1155.3,1152.6,1154.3,10001
2026-08-31T09:50:00+05:30,1154.7,1154.9,1153.8,1154.5,2592
2026-08-31T09:55:00+05:30,1154.6,1155.4,1153.9,1155.3,6059
2026-08-31T10:00:00+05:30,1155.2,1156,1154,1154,4407
2026-08-31T10:05:00+05:30,1154.3,1163.2,1154,1162.6,13914
2026-08-31T10:10:00+05:30,1162.6,1162.8,1161.1,1161.8,9748
2026-08-31T10:15:00+05:30,1161.6,1161.8,1158,1160,6011
2026-08-31T10:20:00+05:30,1160,1162.3,1159.2,1162.3,2506
2026-08-31T10:25:00+05:30,1162.2,1162.8,1160.4,1162,6087
2026-08-31T10:30:00+05:30,1162,1162.4,1160.9,1160.9,7676
2026-08-31T10:35:00+05:30,1161,1161.7,1157.3,1158.1,10114
2026-08-31T10:40:00+05:30,1158.1,1159,1157.1,1157.6,3632
2026-08-31T10:45:00+05:30,1157.6,1160.2,1157.5,1160,8239
2026-08-31T10:50:00+05:30,1159.5,1160.2,1158.6,1159.4,1783
2026-08-31T10:55:00+05:30,1158.7,1159.6,1158.7,1159.3,1939
2026-08-31T11:00:00+05:30,1159,1159.3,1158.3,1158.4,3024
2026-08-31T11:05:00+05:30,1158.4,1162,1158.4,1159.5,16805
2026-08-31T11:10:00+05:30,1159.9,1159.9,1159.1,1159.4,2771
2026-08-31T11:15:00+05:30,1159.4,1161.2,1159.4,1160.5,2614
2026-08-31T11:20:00+05:30,1160.2,1160.6,1159.8,1160,5201
2026-08-31T11:25:00+05:30,1160,1160.4,1156.9,1159,3234
2026-08-31T11:30:00+05:30,1158.5,1159.7,1158,1158.2,3763
2026-08-31T11:35:00+05:30,1157.9,1160,1157.9,1159.4,1529
2026-08-31T11:40:00+05:30,1158.9,1159.9,1158.9,1159.4,3250
2026-08-31T11:45:00+05:30,1159.4,1161,1158.1,1160.5,6955
2026-08-31T11:50:00+05:30,1160.5,1162.8,1160.5,1162.8,7577
2026-08-31T11:55:00+05:30,1162.5,1163.7,1161,1161.4,11882
2026-08-31T12:00:00+05:30,1161.5,1161.7,1160.8,1161.5,1831
2026-08-31T12:05:00+05:30,1161,1161.7,1158.9,1160.4,5417
2026-08-31T12:10:00+05:30,1160.4,1161,1158.8,1159,2995
2026-08-31T12:15:00+05:30,1159,1160.8,1158.4,1160.6,4911
2026-08-31T12:20:00+05:30,1160,1160.5,1159.3,1160,2111
2026-08-31T12:25:00+05:30,1159.9,1160.4,1158.2,1159.5,6606
2026-08-31T12:30:00+05:30,1158.9,1159.9,1157.4,1157.4,3475
2026-08-31T12:35:00+05:30,1157.1,1158.3,1157,1157.9,4921
2026-08-31T12:40:00+05:30,1157.5,1160.8,1157,1160.2,7298
2026-08-31T12:45:00+05:30,1160.2,1160.3,1158.4,1159.4,2142
2026-08-31T12:50:00+05:30,1159.4,1160,1158.7,1159.4,1803
2026-08-31T12:55:00+05:30,1159.4,1160.2,1158.4,1158.4,3156
2026-08-31T13:00:00+05:30,1158.4,1159.5,1158.3,1159,4087
2026-08-31T13:05:00+05:30,1159,1159.9,1158.9,1159.7,3484
2026-08-31T13:10:00+05:30,1159,1159.8,1159,1159.1,1734
2026-08-31T13:15:00+05:30,1159.1,1159.2,1158.5,1159.2,2816
2026-08-31T13:20:00+05:30,1159.2,1159.7,1158.8,1158.8,2431
2026-08-31T13:25:00+05:30,1158.8,1159.6,1158.1,1158.3,2753
2026-08-31T13:30:00+05:30,1158.5,1158.5,1158.1,1158.5,1452
2026-08-31T13:35:00+05:30,1158.5,1158.5,1156.8,1157.5,3217
2026-08-31T13:40:00+05:30,1157.5,1158.5,1157.5,1157.9,1812
2026-08-31T13:45:00+05:30,1158.1,1158.1,1157.3,1157.5,2560
2026-08-31T13:50:00+05:30,1157.4,1158.8,1157.4,1158.6,3831
2026-08-31T13:55:00+05:30,1158.2,1158.6,1156,1156.2,5670
2026-08-31T14:00:00+05:30,1156.7,1156.8,1155.1,1156.5,5862
2026-08-31T14:05:00+05:30,1156,1157.3,1155.8,1156.2,2502
2026-08-31T14:10:00+05:30,1156.2,1156.6,1156,1156.1,1507
2026-08-31T14:15:00+05:30,1156,1156.6,1155.4,1155.8,3677
2026-08-31T14:20:00+05:30,1155.6,1158.2,1154,1157,25217
2026-08-31T14:25:00+05:30,1156.4,1158.5,1156,1158,3973
2026-08-31T14:30:00+05:30,1158.1,1159.3,1157.5,1157.5,6780
2026-08-31T14:35:00+05:30,1158,1158.7,1157.5,1158.3,2985
2026-08-31T14:40:00+05:30,1158.3,1159.8,1158.3,1159.8,3782
2026-08-31T14:45:00+05:30,1159.4,1162.8,1159.4,1161.5,12290
2026-08-31T14:50:00+05:30,1161.5,1162.6,1161,1161.4,4234
2026-08-31T14:55:00+05:30,1162.1,1162.9,1161.5,1162.1,9802
2026-08-31T15:00:00+05:30,1160.7,1161.1,1158.6,1158.6,6208
2026-08-31T15:05:00+05:30,1158.6,1159.6,1157,1159.6,18548
2026-08-31T15:10:00+05:30,1159.6,1160.3,1154.2,1160,25346
2026-09-01T09:15:00+05:30,1175.7,1175.7,1164.2,1167.5,53488
2026-09-01T09:20:00+05:30,1167.5,1170.5,1166,1167.6,18017
2026-09-01T09:25:00+05:30,1167.6,1171.9,1166.5,1169.5,37825
2026-09-01T09:30:00+05:30,1170,1172,1170,1171,10372
2026-09-01T09:35:00+05:30,1171,1174.9,1169.1,1170.6,26357
2026-09-01T09:40:00+05:30,1170.6,1171.9,1170.2,1170.8,3727
2026-09-01T09:45:00+05:30,1168,1169.2,1162.5,1163.1,20182
2026-09-01T09:50:00+05:30,1163.1,1165.2,1163.1,1164,10978
2026-09-01T09:55:00+05:30,1164,1164.5,1161.2,1162.6,3612
2026-09-01T10:00:00+05:30,1162.2,1163,1161.3,1162.1,3819
2026-09-01T10:05:00+05:30,1162.1,1162.9,1160.3,1162.5,3056
2026-09-01T10:10:00+05:30,1161.9,1163,1161.3,1162.9,1388
2026-09-01T10:15:00+05:30,1162.9,1163.6,1162.1,1163.5,2075
2026-09-01T10:20:00+05:30,1163.5,1164.1,1162.6,1163.6,4603
2026-09-01T10:25:00+05:30,1163.5,1164.5,1163.3,1164.2,1822
2026-09-01T10:30:00+05:30,1164.2,1164.8,1163.9,1164.7,1079
2026-09-01T10:35:00+05:30,1164.7,1164.7,1163.2,1164,1731
2026-09-01T10:40:00+05:30,1164,1164.4,1162,1162.8,3357
2026-09-01T10:45:00+05:30,1162.8,1163.7,1162,1163,2337
2026-09-01T10:50:00+05:30,1163,1164.6,1162.9,1164.3,1955
2026-09-01T10:55:00+05:30,1164,1164.6,1162.5,1163,1150
2026-09-01T11:00:00+05:30,1163,1163.5,1162.5,1162.9,954
2026-09-01T11:05:00+05:30,1162.9,1164.6,1161.7,1164.6,8155
2026-09-01T11:10:00+05:30,1164.6,1172,1164.5,1172,29514
2026-09-01T11:15:00+05:30,1171.9,1175,1170.9,1171.5,6781
2026-09-01T11:20:00+05:30,1171.5,1171.5,1167.7,1168.8,3220
2026-09-01T11:25:00+05:30,1168.4,1170,1168.2,1169.1,3317
2026-09-01T11:30:00+05:30,1169.1,1172.2,1169.1,1170.7,2823
2026-09-01T11:35:00+05:30,1170.9,1170.9,1168.1,1168.7,3759
2026-09-01T11:40:00+05:30,1168.7,1169.1,1167.9,1168.7,983
2026-09-01T11:45:00+05:30,1168.7,1169.3,1168.4,1168.9,432
2026-09-01T11:50:00+05:30,1168.9,1169,1167.8,1169,928
2026-09-01T11:55:00+05:30,1169,1169,1166.3,1167.6,1131
2026-09-01T12:00:00+05:30,1167.6,1168.7,1166.6,1168.6,1630
2026-09-01T12:05:00+05:30,1168.6,1169.4,1168.1,1169,1391
2026-09-01T12:10:00+05:30,1169,1169.5,1166.6,1167,1175
2026-09-01T12:15:00+05:30,1167,1167,1166.3,1166.9,542
2026-09-01T12:20:00+05:30,1166.9,1168,1166.6,1167.1,931
2026-09-01T12:25:00+05:30,1167.1,1169.3,1167,1169,791
2026-09-01T12:30:00+05:30,1168.5,1169.7,1168.4,1169.5,911
2026-09-01T12:35:00+05:30,1169.5,1169.5,1168.9,1169.2,727
2026-09-01T12:40:00+05:30,1169.2,1169.2,1167.6,1168.2,1017
2026-09-01T12:45:00+05:30,1168.2,1168.6,1167.6,1167.9,3906
2026-09-01T12:50:00+05:30,1167.9,1167.9,1164.3,1165.5,6583
2026-09-01T12:55:00+05:30,1165.5,1166.4,1163.3,1163.9,3770
2026-09-01T13:00:00+05:30,1164.5,1165.5,1163.9,1165.5,984
2026-09-01T13:05:00+05:30,1165.5,1166,1164.2,1164.9,6189
2026-09-01T13:10:00+05:30,1165,1166.9,1162.6,1163,18781
2026-09-01T13:15:00+05:30,1163,1163,1159.5,1162.8,20167
2026-09-01T13:20:00+05:30,1162.8,1163.8,1162.3,1162.8,992
2026-09-01T13:25:00+05:30,1162.3,1163.1,1161.6,1162.3,1432
2026-09-01T13:30:00+05:30,1162.3,1163,1161.3,1162,4427
2026-09-01T13:35:00+05:30,1162,1162.7,1158.6,1159.5,11062
2026-09-01T13:40:00+05:30,1159.5,1159.5,1157.3,1158.7,4727
2026-09-01T13:45:00+05:30,1158,1158.8,1157.5,1158.5,1897
2026-09-01T13:50:00+05:30,1158,1158.5,1156,1156.7,7090
2026-09-01T13:55:00+05:30,1156.7,1157.4,1156,1156.9,2655
2026-09-01T14:00:00+05:30,1156.2,1156.9,1153,1154.1,8882
2026-09-01T14:05:00+05:30,1153.2,1154.3,1152.6,1153,1683
2026-09-01T14:10:00+05:30,1152.6,1155,1152.5,1152.5,2484
2026-09-01T14:15:00+05:30,1152.5,1153,1152.2,1152.5,1738
2026-09-01T14:20:00+05:30,1152.5,1153.7,1150,1151,15031
2026-09-01T14:25:00+05:30,1150.9,1153,1150.9,1153,1793
2026-09-01T14:30:00+05:30,1152.9,1154,1152.2,1153.9,4418
2026-09-01T14:35:00+05:30,1153.9,1154.4,1150,1150.7,9260
2026-09-01T14:40:00+05:30,1150.7,1152.9,1150.7,1152.3,2638
2026-09-01T14:45:00+05:30,1152.3,1153.7,1152,1153.6,2329
2026-09-01T14:50:00+05:30,1153.6,1154.8,1153.6,1154.1,7521
2026-09-01T14:55:00+05:30,1154.1,1154.9,1150.9,1151.7,10083
2026-09-01T15:00:00+05:30,1152.1,1152.2,1150,1151.1,8198
2026-09-01T15:05:00+05:30,1150.9,1150.9,1147.9,1148.2,23703
2026-09-01T15:10:00+05:30,1148,1151,1147,1148,25591
2026-09-02T09:15:00+05:30,1149,1149,1141,1144.8,22467
2026-09-02T09:20:00+05:30,1144.8,1146,1142,1143.4,7782
2026-09-02T09:25:00+05:30,1143.4,1147.3,1143.4,1146.4,8045
2026-09-02T09:30:00+05:30,1146.4,1150.9,1145.6,1150.5,12054
2026-09-02T09:35:00+05:30,1150.5,1150.5,1148.1,1148.1,6272
2026-09-02T09:40:00+05:30,1148.1,1149.4,1148,1149.4,2833
2026-09-02T09:45:00+05:30,1149.1,1150,1148.7,1150,3918
2026-09-02T09:50:00+05:30,1149.5,1149.5,1147.7,1148.5,2652
2026-09-02T09:55:00+05:30,1148.5,1155.3,1148.5,1154.5,15517
2026-09-02T10:00:00+05:30,1155.1,1155.1,1152.4,1153,6431
2026-09-02T10:05:00+05:30,1153,1154,1152.2,1153.3,6428
2026-09-02T10:10:00+05:30,1153.3,1158.1,1151.9,1156.6,40087
2026-09-02T10:15:00+05:30,1156.8,1156.8,1154.2,1154.6,5908
2026-09-02T10:20:00+05:30,1154.6,1159.4,1153.8,1158.6,7146
2026-09-02T10:25:00+05:30,1158.4,1158.4,1156.1,1156.1,3244
2026-09-02T10:30:00+05:30,1156.1,1157.4,1155.9,1156.9,1713
2026-09-02T10:35:00+05:30,1157,1161.5,1155.7,1161.1,9745
2026-09-02T10:40:00+05:30,1161.1,1162.1,1160.6,1161,6781
2026-09-02T10:45:00+05:30,1161.8,1163.7,1161.4,1162.5,5360
2026-09-02T10:50:00+05:30,1162.5,1164.8,1162.5,1163.9,4862
2026-09-02T10:55:00+05:30,1163.9,1165,1163,1163.6,3927
2026-09-02T11:00:00+05:30,1163.6,1165.3,1162.7,1163.3,5296
2026-09-02T11:05:00+05:30,1163.3,1164.6,1159.3,1160.1,11938
2026-09-02T11:10:00+05:30,1160.1,1161.5,1159.7,1160.4,4274
2026-09-02T11:15:00+05:30,1160.4,1162,1160.4,1160.9,2302
2026-09-02T11:20:00+05:30,1160.9,1161.8,1160,1160.6,7774
2026-09-02T11:25:00+05:30,1161.4,1162.1,1160.9,1162.1,2834
2026-09-02T11:30:00+05:30,1161.9,1162,1157.5,1158.6,42710
2026-09-02T11:35:00+05:30,1158.5,1159.4,1157.3,1157.9,9200
2026-09-02T11:40:00+05:30,1157.9,1159.5,1157.6,1158.7,4132
2026-09-02T11:45:00+05:30,1158.7,1159.9,1158.7,1159.2,3101
2026-09-02T11:50:00+05:30,1159.2,1160.3,1159.1,1159.5,7724
2026-09-02T11:55:00+05:30,1159.5,1160.2,1159.5,1159.9,1683
2026-09-02T12:00:00+05:30,1159.9,1160.4,1159.7,1159.7,2895
2026-09-02T12:05:00+05:30,1159.7,1160,1158.7,1158.7,15346
2026-09-02T12:10:00+05:30,1158.7,1162.9,1158.5,1162.5,34407
2026-09-02T12:15:00+05:30,1162.5,1162.9,1158.2,1158.3,9202
2026-09-02T12:20:00+05:30,1158.2,1158.2,1152.1,1154.4,12842
2026-09-02T12:25:00+05:30,1154.2,1157.2,1153.7,1154,32586
2026-09-02T12:30:00+05:30,1153.7,1155.9,1153.5,1154.8,5625
2026-09-02T12:35:00+05:30,1154.8,1156.4,1154.8,1155.6,2957
2026-09-02T12:40:00+05:30,1155.3,1156.1,1154.6,1155,3249
2026-09-02T12:45:00+05:30,1155,1155,1153.5,1154,5409
2026-09-02T12:50:00+05:30,1153.8,1155.1,1153.5,1155.1,6064
2026-09-02T12:55:00+05:30,1155.1,1156.2,1154.8,1155.4,2650
2026-09-02T13:00:00+05:30,1155.4,1159,1155.4,1158.4,4228
2026-09-02T13:05:00+05:30,1158.4,1158.4,1155.8,1155.9,2379
2026-09-02T13:10:00+05:30,1155.9,1158.1,1155.9,1156.6,5145
2026-09-02T13:15:00+05:30,1156.6,1157.5,1155.6,1155.6,2375
2026-09-02T13:20:00+05:30,1155.6,1156,1154.4,1154.7,1748
2026-09-02T13:25:00+05:30,1154.7,1159.1,1154.7,1157.4,32921
2026-09-02T13:30:00+05:30,1157.1,1157.3,1155.4,1156.5,4530
2026-09-02T13:35:00+05:30,1156.5,1157.6,1154,1154,4070
2026-09-02T13:40:00+05:30,1154,1154.9,1153.1,1154.2,7128
2026-09-02T13:45:00+05:30,1154.1,1155.2,1153.9,1153.9,3098
2026-09-02T13:50:00+05:30,1153.9,1154.1,1152,1153,2544
2026-09-02T13:55:00+05:30,1153,1154,1153,1153.3,1161
2026-09-02T14:00:00+05:30,1153.3,1153.8,1149.7,1149.8,28308
2026-09-02T14:05:00+05:30,1149.8,1151.2,1149.7,1150.9,4710
2026-09-02T14:10:00+05:30,1150.9,1152.1,1150.9,1151.6,3532
2026-09-02T14:15:00+05:30,1151.6,1154.3,1151.6,1153,8722
2026-09-02T14:20:00+05:30,1153.1,1154.1,1152.6,1153.3,3733
2026-09-02T14:25:00+05:30,1153.3,1154.8,1153.3,1154.6,3828
2026-09-02T14:30:00+05:30,1154.6,1156,1154.6,1155,15517
2026-09-02T14:35:00+05:30,1154.9,1155.4,1154.4,1155,8439
2026-09-02T14:40:00+05:30,1154.8,1155.3,1154.1,1154.9,8412
2026-09-02T14:45:00+05:30,1154.9,1156,1154.5,1155.8,42759
2026-09-02T14:50:00+05:30,1155.8,1155.9,1154.5,1155.4,12612
2026-09-02T14:55:00+05:30,1155.4,1155.4,1154,1154.3,5717
2026-09-02T15:00:00+05:30,1154.1,1155.1,1153.9,1154.9,10910
2026-09-02T15:05:00+05:30,1155,1155.5,1154.9,1154.9,15590
2026-09-02T15:10:00+05:30,1154.9,1158.7,1153.9,1157.3,30819
2026-09-03T09:15:00+05:30,1165,1169,1158.9,1162.9,18766
2026-09-03T09:20:00+05:30,1162.9,1166,1161.6,1162.5,25178
2026-09-03T09:25:00+05:30,1162.4,1163.3,1160,1163,5035
2026-09-03T09:30:00+05:30,1163,1167.3,1162,1162.7,21090
2026-09-03T09:35:00+05:30,1162.9,1163.4,1161.5,1163.3,7815
2026-09-03T09:40:00+05:30,1163.3,1163.6,1159.2,1159.3,5016
2026-09-03T09:45:00+05:30,1159.3,1160,1155.2,1156.4,8647
2026-09-03T09:50:00+05:30,1156.5,1156.5,1153.6,1154.9,6784
2026-09-03T09:55:00+05:30,1154.9,1155.5,1153,1154,4468
2026-09-03T10:00:00+05:30,1154,1154,1152.1,1153.1,2347
2026-09-03T10:05:00+05:30,1153.5,1154.3,1153,1154,1629
2026-09-03T10:10:00+05:30,1154,1154.5,1153.5,1153.8,773
2026-09-03T10:15:00+05:30,1153.8,1153.8,1150.5,1152,4803
2026-09-03T10:20:00+05:30,1152,1152.3,1151.5,1151.5,3127
2026-09-03T10:25:00+05:30,1151.5,1152.5,1151.2,1151.7,2909
2026-09-03T10:30:00+05:30,1151.7,1155.6,1151.2,1155.2,22737
2026-09-03T10:35:00+05:30,1155.2,1155.6,1151.3,1151.9,15692
2026-09-03T10:40:00+05:30,1151.9,1152.9,1151.8,1152.7,2196
2026-09-03T10:45:00+05:30,1152.7,1153.5,1152,1152.3,2464
2026-09-03T10:50:00+05:30,1152.3,1153.6,1152,1152.4,890
2026-09-03T10:55:00+05:30,1152.4,1153.1,1148.4,1148.4,10041
2026-09-03T11:00:00+05:30,1148.4,1148.4,1144.1,1145.4,19563
2026-09-03T11:05:00+05:30,1145.9,1146,1143.3,1144.4,17485
2026-09-03T11:10:00+05:30,1144.4,1146,1144.2,1145,2082
2026-09-03T11:15:00+05:30,1145,1147.9,1145,1147.4,6010
2026-09-03T11:20:00+05:30,1147.4,1148.3,1147.2,1148.1,947
2026-09-03T11:25:00+05:30,1148.1,1149.4,1147.7,1147.9,2445
2026-09-03T11:30:00+05:30,1147.9,1150.9,1147.9,1150.3,2546
2026-09-03T11:35:00+05:30,1150.3,1151,1149.9,1150.1,919
2026-09-03T11:40:00+05:30,1150.2,1150.3,1148.4,1148.6,866
2026-09-03T11:45:00+05:30,1148.6,1149.3,1141.9,1149.2,58267
2026-09-03T11:50:00+05:30,1149.2,1149.2,1143.1,1144.9,73104
2026-09-03T11:55:00+05:30,1144.9,1146,1143.4,1144.9,8273
2026-09-03T12:00:00+05:30,1144.9,1145.6,1140.9,1142.3,67963
2026-09-03T12:05:00+05:30,1142.3,1143.4,1142.1,1142.3,5384
2026-09-03T12:10:00+05:30,1142.7,1144.3,1142.2,1142.8,5768
2026-09-03T12:15:00+05:30,1142.8,1142.8,1139.5,1141,25235
2026-09-03T12:20:00+05:30,1141,1141.9,1139.1,1139.4,10150
2026-09-03T12:25:00+05:30,1139.4,1140.5,1139.4,1140.4,2036
2026-09-03T12:30:00+05:30,1140.4,1140.4,1137.7,1138.9,9340
2026-09-03T12:35:00+05:30,1138.9,1139.4,1138.1,1139.4,3711
2026-09-03T12:40:00+05:30,1139.5,1140.4,1137.4,1138.3,11277
2026-09-03T12:45:00+05:30,1137.6,1138.8,1137.5,1138,4450
2026-09-03T12:50:00+05:30,1138,1138.3,1137.1,1137.9,4942
2026-09-03T12:55:00+05:30,1137.9,1138,1136.8,1137.1,6082
2026-09-03T13:00:00+05:30,1137.1,1137.8,1134.8,1135.7,11248
2026-09-03T13:05:00+05:30,1135.7,1136.6,1134.9,1134.9,8273
2026-09-03T13:10:00+05:30,1135,1136.3,1134.9,1135.5,2719
2026-09-03T13:15:00+05:30,1135.6,1137.1,1135.4,1136.7,2611
2026-09-03T13:20:00+05:30,1136.7,1137.1,1135,1135.1,12533
2026-09-03T13:25:00+05:30,1135.1,1138.4,1134.7,1138.2,13123
2026-09-03T13:30:00+05:30,1138.2,1139.5,1136.7,1139.5,12628
2026-09-03T13:35:00+05:30,1139.5,1140.8,1138.2,1138.2,10606
2026-09-03T13:40:00+05:30,1138.2,1139.3,1137.8,1138.2,3283
2026-09-03T13:45:00+05:30,1138.2,1139.5,1138,1138.7,4549
2026-09-03T13:50:00+05:30,1138.7,1139.7,1137.7,1139.1,9904
2026-09-03T13:55:00+05:30,1139.1,1140.4,1138.6,1139.7,9369
2026-09-03T14:00:00+05:30,1139.7,1140.5,1138.6,1138.7,9560
2026-09-03T14:05:00+05:30,1138.7,1139.9,1138.3,1139.4,7572
2026-09-03T14:10:00+05:30,1139.4,1141,1138.5,1140.9,18187
2026-09-03T14:15:00+05:30,1140.9,1143,1139.8,1142.6,21177
2026-09-03T14:20:00+05:30,1143.7,1145.5,1142.7,1143.6,30162
2026-09-03T14:25:00+05:30,1143.1,1145.4,1142.2,1143.8,18630
2026-09-03T14:30:00+05:30,1143.8,1144.8,1142.3,1142.5,6097
2026-09-03T14:35:00+05:30,1142.5,1144.1,1142.3,1143.3,8587
2026-09-03T14:40:00+05:30,1142.8,1144.3,1142.4,1142.9,17113
2026-09-03T14:45:00+05:30,1142.9,1144.2,1141.9,1141.9,13784
2026-09-03T14:50:00+05:30,1141.8,1145,1141.8,1142.5,25401
2026-09-03T14:55:00+05:30,1142.1,1143.1,1140.7,1140.9,18937
2026-09-03T15:00:00+05:30,1140.6,1143.1,1140.2,1141.7,32215
2026-09-03T15:05:00+05:30,1141.2,1142.5,1140.4,1142.2,23916
2026-09-03T15:10:00+05:30,1141.8,1144.9,1141.3,1142.3,49180
2026-09-04T09:15:00+05:30,1147,1150.3,1146.1,1150.3,10782
2026-09-04T09:20:00+05:30,1150.1,1150.1,1146.1,1146.1,12727
2026-09-04T09:25:00+05:30,1146,1146.3,1143,1143.5,5969
2026-09-04T09:30:00+05:30,1143.5,1145.6,1143.5,1144.6,4795
2026-09-04T09:35:00+05:30,1144.6,1144.9,1143.5,1143.9,3411
2026-09-04T09:40:00+05:30,1143.9,1144.1,1141.6,1142.3,6326
2026-09-04T09:45:00+05:30,1142.7,1145.4,1142.3,1144.2,4717
2026-09-04T09:50:00+05:30,1144.2,1145,1144.1,1144.6,1963
2026-09-04T09:55:00+05:30,1144.6,1146.2,1141.9,1143,5964
2026-09-04T10:00:00+05:30,1142.2,1144.2,1140.6,1140.6,2990
2026-09-04T10:05:00+05:30,1140.6,1141.8,1140.6,1140.9,1160
2026-09-04T10:10:00+05:30,1140.9,1141.7,1140.5,1140.5,4303
2026-09-04T10:15:00+05:30,1140.5,1141,1139,1141,3317
2026-09-04T10:20:00+05:30,1141,1142.2,1140.6,1141.1,1736
2026-09-04T10:25:00+05:30,1141.1,1141.8,1140.7,1141.5,658
2026-09-04T10:30:00+05:30,1141,1141,1140,1140.3,2448
2026-09-04T10:35:00+05:30,1140.3,1140.8,1139,1139.5,4069
2026-09-04T10:40:00+05:30,1140,1140.6,1139.6,1139.7,1102
2026-09-04T10:45:00+05:30,1139.7,1144.8,1139.3,1144.8,10193
2026-09-04T10:50:00+05:30,1144.8,1144.9,1143,1144.5,3709
2026-09-04T10:55:00+05:30,1144.5,1144.5,1141.4,1141.4,2610
2026-09-04T11:00:00+05:30,1141.4,1142.1,1140.5,1141.5,2645
2026-09-04T11:05:00+05:30,1141.5,1144.1,1141.5,1142.7,2179
2026-09-04T11:10:00+05:30,1142.7,1144.1,1141.9,1143.2,2316
2026-09-04T11:15:00+05:30,1143.4,1144,1139.7,1141.2,6514
2026-09-04T11:20:00+05:30,1141.2,1142,1140.7,1140.7,1216
2026-09-04T11:25:00+05:30,1140.7,1147.6,1140.7,1144,26508
2026-09-04T11:30:00+05:30,1144.1,1145.9,1143.2,1144,8585
2026-09-04T11:35:00+05:30,1144,1144.7,1143,1143.4,783
2026-09-04T11:40:00+05:30,1143.4,1145.1,1143.4,1144.3,946
2026-09-04T11:45:00+05:30,1144.3,1145.1,1143.9,1144.3,561
2026-09-04T11:50:00+05:30,1144.3,1145.1,1142.7,1142.9,2139
2026-09-04T11:55:00+05:30,1142.9,1143.8,1142,1142.3,1814
2026-09-04T12:00:00+05:30,1142.3,1143,1141.1,1141.7,1379
2026-09-04T12:05:00+05:30,1141.7,1141.9,1140,1140.3,7985
2026-09-04T12:10:00+05:30,1140.3,1140.7,1139,1139.4,3655
2026-09-04T12:15:00+05:30,1139.4,1140.9,1139.2,1140.8,1083
2026-09-04T12:20:00+05:30,1140.8,1141.4,1138.7,1139.6,6529
2026-09-04T12:25:00+05:30,1139.6,1140.1,1139.1,1139.5,210
2026-09-04T12:30:00+05:30,1139.5,1140.8,1139.3,1139.6,3770
2026-09-04T12:35:00+05:30,1139.6,1142.4,1139.4,1141.3,7155
2026-09-04T12:40:00+05:30,1141.3,1143.7,1141.3,1143.6,2019
2026-09-04T12:45:00+05:30,1143.6,1145.4,1143.1,1144.9,8944
2026-09-04T12:50:00+05:30,1144.9,1145.6,1143.2,1143.5,8622
2026-09-04T12:55:00+05:30,1143.2,1144.1,1143,1143.5,668
2026-09-04T13:00:00+05:30,1143.9,1145,1143.5,1144.1,1714
2026-09-04T13:05:00+05:30,1144.1,1147,1143.7,1146.6,4387
2026-09-04T13:10:00+05:30,1146.3,1149,1146.3,1148,8427
2026-09-04T13:15:00+05:30,1148.6,1149.5,1147.9,1148.5,6514
2026-09-04T13:20:00+05:30,1148.5,1150.5,1148.5,1149.1,9410
2026-09-04T13:25:00+05:30,1149.1,1149.9,1148.8,1149.1,2833
2026-09-04T13:30:00+05:30,1149.1,1151,1148.6,1150.7,4171
2026-09-04T13:35:00+05:30,1150.2,1152,1150.2,1151.9,6403
2026-09-04T13:40:00+05:30,1151.7,1157.5,1151.7,1156.5,16102
2026-09-04T13:45:00+05:30,1156.5,1162,1156.5,1161.5,51534
2026-09-04T13:50:00+05:30,1161.6,1162.5,1158.2,1159.7,42660
2026-09-04T13:55:00+05:30,1159.7,1169.4,1159.6,1168.9,153220
2026-09-04T14:00:00+05:30,1169,1170.9,1163.1,1163.5,61890
2026-09-04T14:05:00+05:30,1163.5,1165.7,1161.2,1164.9,24367
2026-09-04T14:10:00+05:30,1164.6,1166.1,1164.1,1165.9,12209
2026-09-04T14:15:00+05:30,1165.9,1166.2,1165,1165,35535
2026-09-04T14:20:00+05:30,1165.7,1167.8,1165.7,1167.4,9470
2026-09-04T14:25:00+05:30,1167.4,1168,1165,1165,36253
2026-09-04T14:30:00+05:30,1165,1166.6,1163.8,1165.6,25922
2026-09-04T14:35:00+05:30,1165.6,1167.8,1165.1,1166.2,8234
2026-09-04T14:40:00+05:30,1166.2,1166.5,1165.1,1165.5,4170
2026-09-04T14:45:00+05:30,1165.5,1165.9,1165,1165.2,8339
2026-09-04T14:50:00+05:30,1165.2,1165.7,1164.8,1165.1,17797
2026-09-04T14:55:00+05:30,1165.3,1165.5,1159.9,1160.3,36440
2026-09-04T15:00:00+05:30,1160.3,1165.7,1160.3,1165.7,27171
2026-09-04T15:05:00+05:30,1165.7,1165.7,1163,1164.1,34433
2026-09-04T15:10:00+05:30,1164.1,1164.7,1161.1,1163.8,31107
2026-09-07T09:15:00+05:30,1164.5,1168,1145.8,1148.3,46708
2026-09-07T09:20:00+05:30,1148.3,1148.6,1142,1142.3,26797
2026-09-07T09:25:00+05:30,1141.9,1146,1141.2,1146,15675
2026-09-07T09:30:00+05:30,1144.9,1145.1,1142.9,1143.6,18792
2026-09-07T09:35:00+05:30,1143.6,1145.9,1143.6,1145,8264
2026-09-07T09:40:00+05:30,1145,1145.7,1143.7,1145,8056
2026-09-07T09:45:00+05:30,1144.8,1145.7,1143.5,1143.8,6486
2026-09-07T09:50:00+05:30,1143.8,1144.5,1143.7,1143.8,9829
2026-09-07T09:55:00+05:30,1143.8,1144.7,1143.5,1144.3,1080
2026-09-07T10:00:00+05:30,1144.3,1145.9,1144.1,1145.3,4891
2026-09-07T10:05:00+05:30,1145.3,1145.3,1141.4,1142.3,14229
2026-09-07T10:10:00+05:30,1142,1143.4,1141.6,1141.9,6991
2026-09-07T10:15:00+05:30,1142.4,1143,1140.3,1141,5457
2026-09-07T10:20:00+05:30,1141,1141.8,1140.5,1140.6,4583
2026-09-07T10:25:00+05:30,1140.6,1141.6,1136.2,1138,29889
2026-09-07T10:30:00+05:30,1138,1138.5,1137.2,1137.4,4034
2026-09-07T10:35:00+05:30,1138,1138.3,1136.5,1137.3,10183
2026-09-07T10:40:00+05:30,1137.2,1137.9,1135.6,1135.6,6673
2026-09-07T10:45:00+05:30,1135.6,1136.4,1131,1131.2,21430
2026-09-07T10:50:00+05:30,1131.2,1133.2,1131.1,1132.4,9194
2026-09-07T10:55:00+05:30,1132.4,1132.4,1130.2,1130.5,12655
2026-09-07T11:00:00+05:30,1130.5,1134.8,1130.4,1134.2,19631
2026-09-07T11:05:00+05:30,1133.9,1134.6,1133.2,1134.6,4648
2026-09-07T11:10:00+05:30,1134.5,1135,1130,1131.2,40330
2026-09-07T11:15:00+05:30,1131.2,1133,1130.2,1132.3,11027
2026-09-07T11:20:00+05:30,1132,1134,1131.5,1132.7,5786
2026-09-07T11:25:00+05:30,1132.7,1135.8,1132.2,1134.3,12418
2026-09-07T11:30:00+05:30,1134.6,1137.2,1133.7,1135.9,20681
2026-09-07T11:35:00+05:30,1136,1137.2,1136,1136.2,11130
2026-09-07T11:40:00+05:30,1136.2,1138.3,1136.1,1137.4,8987
2026-09-07T11:45:00+05:30,1137.1,1138.1,1136.8,1137.1,4140
2026-09-07T11:50:00+05:30,1137.1,1140.7,1137.1,1140.2,9047
2026-09-07T11:55:00+05:30,1140.2,1140.3,1139.5,1139.6,2047
2026-09-07T12:00:00+05:30,1139.6,1141.6,1139.6,1140.8,3687
2026-09-07T12:05:00+05:30,1140.8,1141.6,1140.2,1140.9,6534
2026-09-07T12:10:00+05:30,1140.9,1142.9,1140.8,1142.6,12837
2026-09-07T12:15:00+05:30,1142.6,1142.7,1141.5,1141.5,6469
2026-09-07T12:20:00+05:30,1141.5,1142.1,1140.5,1140.5,2230
2026-09-07T12:25:00+05:30,1141.2,1141.8,1140,1140.2,4796
2026-09-07T12:30:00+05:30,1140.2,1140.4,1139.3,1139.7,4243
2026-09-07T12:35:00+05:30,1139.3,1139.8,1138.5,1139.8,5426
2026-09-07T12:40:00+05:30,1139.8,1139.8,1138.8,1139,1797
2026-09-07T12:45:00+05:30,1139,1139.8,1138.1,1138.7,6168
2026-09-07T12:50:00+05:30,1138.8,1139.4,1135.2,1136,8069
2026-09-07T12:55:00+05:30,1136,1136,1134.6,1134.7,5698
2026-09-07T13:00:00+05:30,1134.7,1139.8,1134.7,1138.5,6323
2026-09-07T13:05:00+05:30,1138.3,1140.7,1138.2,1139.4,3725
2026-09-07T13:10:00+05:30,1138.5,1139.8,1136.5,1136.5,11032
2026-09-07T13:15:00+05:30,1136.5,1140,1136,1139.9,6740
2026-09-07T13:20:00+05:30,1139.4,1140.5,1139.1,1139.7,3074
2026-09-07T13:25:00+05:30,1139.7,1141.8,1139.6,1141.4,3861
2026-09-07T13:30:00+05:30,1141.4,1142.9,1140.5,1142.4,11853
2026-09-07T13:35:00+05:30,1142,1143.7,1141.9,1143.7,5318
2026-09-07T13:40:00+05:30,1143.1,1144.9,1143.1,1143.6,19689
2026-09-07T13:45:00+05:30,1143.6,1145,1143.3,1144.9,6373
2026-09-07T13:50:00+05:30,1144.4,1145.8,1144.2,1145.4,4362
2026-09-07T13:55:00+05:30,1144.8,1146.9,1144.7,1145.5,13780
2026-09-07T14:00:00+05:30,1145.9,1146.7,1144.9,1146.1,3193
2026-09-07T14:05:00+05:30,1146.1,1148,1145.3,1146.6,11429
2026-09-07T14:10:00+05:30,1146.6,1147,1146.1,1146.9,5291
2026-09-07T14:15:00+05:30,1146.9,1147.1,1145.6,1146,5377
2026-09-07T14:20:00+05:30,1145.9,1147,1145.7,1146.7,12377
2026-09-07T14:25:00+05:30,1146.8,1147,1145.6,1146.5,9022
2026-09-07T14:30:00+05:30,1146.5,1146.8,1144.3,1144.7,9922
2026-09-07T14:35:00+05:30,1144.7,1144.7,1143.3,1143.8,8079
2026-09-07T14:40:00+05:30,1143.2,1144,1141.4,1143,9078
2026-09-07T14:45:00+05:30,1142.7,1143,1142.4,1143,3306
2026-09-07T14:50:00+05:30,1142.6,1144.4,1142.6,1144,5372
2026-09-07T14:55:00+05:30,1144.2,1145,1144,1144.6,7563
2026-09-07T15:00:00+05:30,1144,1145,1143.1,1144.1,9108
2026-09-07T15:05:00+05:30,1144.2,1145,1143.9,1145,21962
2026-09-07T15:10:00+05:30,1145,1147.1,1140,1142,34339
2026-09-08T09:15:00+05:30,1147.9,1151,1145.9,1149,11987
2026-09-08T09:20:00+05:30,1149,1149.7,1145.5,1147,22566
2026-09-08T09:25:00+05:30,1147,1147.2,1145,1146.6,23368
2026-09-08T09:30:00+05:30,1146.6,1147.3,1145.1,1146.2,4776
2026-09-08T09:35:00+05:30,1145.7,1148.4,1145.5,1147.9,4536
2026-09-08T09:40:00+05:30,1147.9,1148.6,1146.5,1146.6,8143
2026-09-08T09:45:00+05:30,1146.6,1147.2,1145,1145.7,3187
2026-09-08T09:50:00+05:30,1145.7,1149.6,1145.3,1149.6,2946
2026-09-08T09:55:00+05:30,1149,1150.7,1145.9,1146.7,10211
2026-09-08T10:00:00+05:30,1146.7,1146.7,1144.6,1145.3,10721
2026-09-08T10:05:00+05:30,1144.7,1148.2,1144.3,1146.5,6546
2026-09-08T10:10:00+05:30,1146.5,1149.9,1146.5,1149.9,5313
2026-09-08T10:15:00+05:30,1149.8,1150,1148.4,1148.8,8189
2026-09-08T10:20:00+05:30,1149.2,1150,1148.5,1149.2,1330
2026-09-08T10:25:00+05:30,1149,1151,1148.3,1149.2,7746
2026-09-08T10:30:00+05:30,1149.2,1150.3,1148.6,1149.8,3062
2026-09-08T10:35:00+05:30,1150,1150,1147.5,1147.5,4820
2026-09-08T10:40:00+05:30,1147.5,1149.4,1147.5,1148.8,2679
2026-09-08T10:45:00+05:30,1148.8,1150,1148.6,1149.3,2996
2026-09-08T10:50:00+05:30,1149.3,1149.8,1148,1148,1455
2026-09-08T10:55:00+05:30,1148,1148.4,1146.4,1146.5,2722
2026-09-08T11:00:00+05:30,1146.4,1146.5,1142.9,1144.3,13327
2026-09-08T11:05:00+05:30,1145,1145.5,1144.1,1144.5,6349
2026-09-08T11:10:00+05:30,1144.5,1145.9,1144.1,1145.2,3267
2026-09-08T11:15:00+05:30,1144.8,1147.3,1144.7,1146.5,6809
2026-09-08T11:20:00+05:30,1146.5,1146.9,1145.4,1146.1,3243
2026-09-08T11:25:00+05:30,1145.9,1147,1145.4,1145.4,788
2026-09-08T11:30:00+05:30,1145.3,1145.3,1143.4,1144.3,3603
2026-09-08T11:35:00+05:30,1144.3,1144.7,1143.2,1144.2,3386
2026-09-08T11:40:00+05:30,1144.2,1144.5,1143.6,1143.9,1792
2026-09-08T11:45:00+05:30,1143.9,1144.3,1143,1143,5128
2026-09-08T11:50:00+05:30,1143,1144,1141.2,1141.5,6109
2026-09-08T11:55:00+05:30,1141.5,1142.3,1140.4,1140.4,6895
2026-09-08T12:00:00+05:30,1140.4,1141.7,1140,1140.2,7496
2026-09-08T12:05:00+05:30,1140.2,1140.9,1139.2,1139.7,8934
2026-09-08T12:10:00+05:30,1139.8,1141.2,1139.8,1140.9,305
2026-09-08T12:15:00+05:30,1140.9,1141.4,1140.1,1140.1,919
2026-09-08T12:20:00+05:30,1140.1,1140.9,1140.1,1140.7,159
2026-09-08T12:25:00+05:30,1140.7,1141,1140.3,1140.5,728
2026-09-08T12:30:00+05:30,1140.5,1141.1,1138.6,1139.1,6459
2026-09-08T12:35:00+05:30,1138.7,1139.9,1138.7,1139.4,1604
2026-09-08T12:40:00+05:30,1139.4,1139.9,1137.4,1138.3,8801
2026-09-08T12:45:00+05:30,1138.3,1138.6,1137.9,1138,1278
2026-09-08T12:50:00+05:30,1138,1139.1,1138,1138.8,776
2026-09-08T12:55:00+05:30,1138.8,1140.1,1138.5,1139.7,691
2026-09-08T13:00:00+05:30,1139.7,1140.5,1138.1,1138.3,1318
2026-09-08T13:05:00+05:30,1138.3,1139.1,1138.3,1138.8,535
2026-09-08T13:10:00+05:30,1138.8,1140,1138.7,1138.7,8678
2026-09-08T13:15:00+05:30,1139.5,1139.5,1137.9,1137.9,2252
2026-09-08T13:20:00+05:30,1137.9,1138.4,1137.8,1138.4,998
2026-09-08T13:25:00+05:30,1138.4,1138.4,1136.1,1136.6,2583
2026-09-08T13:30:00+05:30,1137.3,1137.5,1136.7,1137.4,1657
2026-09-08T13:35:00+05:30,1137.4,1139.8,1136.1,1136.9,13247
2026-09-08T13:40:00+05:30,1136.3,1137,1135,1135.9,7699
2026-09-08T13:45:00+05:30,1136,1137,1135.9,1137,448
2026-09-08T13:50:00+05:30,1137,1137,1135.7,1135.7,1743
2026-09-08T13:55:00+05:30,1135.7,1137,1135.6,1136.6,1862
2026-09-08T14:00:00+05:30,1136.1,1137.7,1136.1,1137.7,1732
2026-09-08T14:05:00+05:30,1137.7,1138,1137.2,1137.5,414
2026-09-08T14:10:00+05:30,1137.5,1138.3,1137.3,1137.6,1388
2026-09-08T14:15:00+05:30,1137.6,1139.6,1137.4,1138.6,2107
2026-09-08T14:20:00+05:30,1139.4,1142.7,1139.4,1142.3,12394
2026-09-08T14:25:00+05:30,1141.9,1142.8,1141.1,1141.1,6830
2026-09-08T14:30:00+05:30,1140.8,1141.7,1140.4,1141.7,1855
2026-09-08T14:35:00+05:30,1141.3,1142,1138.8,1138.8,3228
2026-09-08T14:40:00+05:30,1138.8,1140.4,1138.2,1140.4,11059
2026-09-08T14:45:00+05:30,1140.4,1140.5,1139.6,1139.6,15485
2026-09-08T14:50:00+05:30,1139.6,1140,1139.1,1139.4,3375
2026-09-08T14:55:00+05:30,1139.3,1140,1138.8,1139.1,12621
2026-09-08T15:00:00+05:30,1138.3,1139.3,1137.9,1139,9868
2026-09-08T15:05:00+05:30,1139,1139,1136.4,1136.6,24408
2026-09-08T15:10:00+05:30,1136.6,1139,1135,1135.4,36455
2026-09-09T09:15:00+05:30,1139.6,1139.6,1130.6,1135.1,27405
2026-09-09T09:20:00+05:30,1135.1,1137.9,1135,1137.9,12714
2026-09-09T09:25:00+05:30,1137.9,1142.6,1137.9,1140.7,14458
2026-09-09T09:30:00+05:30,1140.7,1140.9,1138.1,1138.7,8471
2026-09-09T09:35:00+05:30,1138.7,1139.5,1137.5,1137.6,7088
2026-09-09T09:40:00+05:30,1137.6,1140,1137,1138.4,13623
2026-09-09T09:45:00+05:30,1138.4,1140,1138,1139,2716
2026-09-09T09:50:00+05:30,1139,1139,1137,1137.5,1963
2026-09-09T09:55:00+05:30,1138,1138.4,1134,1134.6,11494
2026-09-09T10:00:00+05:30,1134.6,1134.6,1132.8,1133,4770
2026-09-09T10:05:00+05:30,1133,1134.2,1133,1133.7,4115
2026-09-09T10:10:00+05:30,1133.7,1134.7,1133.7,1134,2163
2026-09-09T10:15:00+05:30,1134,1137.4,1133.8,1137.2,4902
2026-09-09T10:20:00+05:30,1137.6,1142.8,1137.4,1142.1,15850
2026-09-09T10:25:00+05:30,1142.1,1143.9,1141.3,1143.5,9140
2026-09-09T10:30:00+05:30,1143.4,1144.3,1142.4,1143.2,8201
2026-09-09T10:35:00+05:30,1143.1,1143.7,1140.5,1142,9555
2026-09-09T10:40:00+05:30,1142.5,1145.5,1142.1,1145.5,15120
2026-09-09T10:45:00+05:30,1145.5,1148.3,1144.2,1144.3,11513
2026-09-09T10:50:00+05:30,1144.3,1148.1,1144.3,1146.5,11406
2026-09-09T10:55:00+05:30,1146.5,1148.4,1146.5,1146.5,6314
2026-09-09T11:00:00+05:30,1146.7,1147.6,1145.6,1146.3,7455
2026-09-09T11:05:00+05:30,1146.3,1148.5,1146.1,1146.7,7264
2026-09-09T11:10:00+05:30,1146.7,1147.7,1145.8,1146.1,14494
2026-09-09T11:15:00+05:30,1146.1,1147.4,1146.1,1147.4,2865
2026-09-09T11:20:00+05:30,1147.4,1148.5,1146.7,1147.5,7858
2026-09-09T11:25:00+05:30,1147.5,1148.6,1147.4,1148,3213
2026-09-09T11:30:00+05:30,1148,1148.3,1146.7,1146.7,4308
2026-09-09T11:35:00+05:30,1146.7,1147.6,1146.6,1146.8,6145
2026-09-09T11:40:00+05:30,1146.8,1147.9,1146.7,1147.5,2636
2026-09-09T11:45:00+05:30,1147,1152,1147,1149,69500
2026-09-09T11:50:00+05:30,1149,1149.5,1142.3,1142.4,12527
2026-09-09T11:55:00+05:30,1143.2,1143.2,1141.1,1141.1,2611
2026-09-09T12:00:00+05:30,1141.1,1145.1,1141.1,1144.8,3165
2026-09-09T12:05:00+05:30,1144.3,1145.9,1144.3,1145.1,1040
2026-09-09T12:10:00+05:30,1145.1,1147.3,1145.1,1146.4,24164
2026-09-09T12:15:00+05:30,1146.4,1146.7,1144.7,1145.5,1118
2026-09-09T12:20:00+05:30,1146,1146.5,1145,1146,959
2026-09-09T12:25:00+05:30,1146,1148.9,1145.5,1148.5,6256
2026-09-09T12:30:00+05:30,1148.5,1149,1147,1148,3262
2026-09-09T12:35:00+05:30,1148,1151.5,1148,1151.5,4900
2026-09-09T12:40:00+05:30,1151.5,1153.3,1151.1,1152.5,7136
2026-09-09T12:45:00+05:30,1152.5,1152.5,1151.1,1151.8,6100
2026-09-09T12:50:00+05:30,1151.8,1152.2,1150,1150.1,2974
2026-09-09T12:55:00+05:30,1150.1,1152.5,1150,1152,2376
2026-09-09T13:00:00+05:30,1152,1153.7,1150.6,1151.1,10677
2026-09-09T13:05:00+05:30,1151.1,1153,1151.1,1152.7,8225
2026-09-09T13:10:00+05:30,1152.7,1153,1152,1152.1,1430
2026-09-09T13:15:00+05:30,1152.2,1152.7,1151.8,1151.9,1023
2026-09-09T13:20:00+05:30,1151.9,1152.1,1151.4,1151.4,1172
2026-09-09T13:25:00+05:30,1151.4,1153,1151.2,1152.5,9541
2026-09-09T13:30:00+05:30,1152.1,1153,1151.4,1151.5,1183
2026-09-09T13:35:00+05:30,1151.5,1155.2,1151.5,1153.9,9348
2026-09-09T13:40:00+05:30,1153.9,1157,1153.8,1156,7751
2026-09-09T13:45:00+05:30,1156,1158,1155.5,1156.7,4282
2026-09-09T13:50:00+05:30,1156.7,1157.5,1155.8,1156.2,5315
2026-09-09T13:55:00+05:30,1156,1156,1155.4,1155.9,1721
2026-09-09T14:00:00+05:30,1155.9,1157.9,1155.9,1156.3,6137
2026-09-09T14:05:00+05:30,1156.8,1157,1154.1,1154.6,4193
2026-09-09T14:10:00+05:30,1154.6,1156.8,1154,1155.3,3720
2026-09-09T14:15:00+05:30,1155.6,1156.1,1154.7,1155.1,4367
2026-09-09T14:20:00+05:30,1155.2,1155.9,1154.8,1155,3519
2026-09-09T14:25:00+05:30,1155,1156,1155,1155.8,2330
2026-09-09T14:30:00+05:30,1155.7,1155.7,1153.9,1154,3620
2026-09-09T14:35:00+05:30,1153.4,1154.2,1151.8,1152.5,10063
2026-09-09T14:40:00+05:30,1152.7,1152.8,1150.2,1150.5,4945
2026-09-09T14:45:00+05:30,1150.5,1151.3,1149.2,1151.3,15207
2026-09-09T14:50:00+05:30,1150.8,1151.9,1150.5,1150.5,3533
2026-09-09T14:55:00+05:30,1150.4,1151.4,1150.2,1150.7,13572
2026-09-09T15:00:00+05:30,1150.7,1150.9,1148.5,1148.5,10286
2026-09-09T15:05:00+05:30,1149.1,1149.1,1147,1148.3,7981
2026-09-09T15:10:00+05:30,1148.4,1149.6,1146.4,1146.4,13174
2026-09-10T09:15:00+05:30,1149.7,1151.7,1141.5,1143.6,28608
2026-09-10T09:20:00+05:30,1143.6,1146.2,1141.2,1144.6,21135
2026-09-10T09:25:00+05:30,1144.6,1147,1143.7,1143.9,5119
2026-09-10T09:30:00+05:30,1143.9,1144.9,1140.5,1142,13900
2026-09-10T09:35:00+05:30,1141,1142.5,1139.3,1141.1,8880
2026-09-10T09:40:00+05:30,1141.1,1141.1,1139.4,1140.1,4058
2026-09-10T09:45:00+05:30,1140.1,1140.1,1136.6,1138.2,6110
2026-09-10T09:50:00+05:30,1138.2,1140,1138.2,1138.9,2878
2026-09-10T09:55:00+05:30,1138.9,1142.3,1138.8,1139.3,11179
2026-09-10T10:00:00+05:30,1139.3,1140.9,1137,1139.8,29251
2026-09-10T10:05:00+05:30,1139.8,1140,1138.1,1138.6,900
2026-09-10T10:10:00+05:30,1138.6,1140,1138.4,1139.7,875
2026-09-10T10:15:00+05:30,1139.7,1141.5,1139.2,1140.8,7707
2026-09-10T10:20:00+05:30,1140.8,1140.8,1139.3,1139.9,3679
2026-09-10T10:25:00+05:30,1139.9,1140.5,1139.6,1140.5,419
2026-09-10T10:30:00+05:30,1140,1140.9,1140,1140.2,1884
2026-09-10T10:35:00+05:30,1140.1,1141.8,1140.1,1141,4353
2026-09-10T10:40:00+05:30,1141,1142,1140.7,1140.7,1959
2026-09-10T10:45:00+05:30,1141,1141,1139.6,1139.8,3185
2026-09-10T10:50:00+05:30,1139.8,1139.9,1138.7,1139.5,1984
2026-09-10T10:55:00+05:30,1139.5,1140.3,1138.4,1140.3,1715
2026-09-10T11:00:00+05:30,1140.2,1143.7,1140.2,1140.9,81105
2026-09-10T11:05:00+05:30,1140.9,1141.2,1140,1140.1,1295
2026-09-10T11:10:00+05:30,1140.1,1141.7,1140,1141.1,869
2026-09-10T11:15:00+05:30,1141.1,1141.7,1140,1140,830
2026-09-10T11:20:00+05:30,1140.1,1140.5,1138,1139.6,10269
2026-09-10T11:25:00+05:30,1139.6,1139.7,1138.5,1138.9,317
2026-09-10T11:30:00+05:30,1138.9,1139.7,1138.6,1138.7,1394
2026-09-10T11:35:00+05:30,1138.7,1139.2,1138.4,1138.5,740
2026-09-10T11:40:00+05:30,1138.5,1140.6,1138.1,1138.2,5000
2026-09-10T11:45:00+05:30,1138.2,1139.4,1138.2,1138.5,845
2026-09-10T11:50:00+05:30,1139,1141.3,1139,1140.7,728
2026-09-10T11:55:00+05:30,1140.7,1140.7,1138.6,1139.2,1502
2026-09-10T12:00:00+05:30,1139.2,1140.2,1139.1,1139.4,6326
2026-09-10T12:05:00+05:30,1139.8,1139.9,1139.2,1139.2,193
2026-09-10T12:10:00+05:30,1139.2,1140.2,1139.2,1140,246
2026-09-10T12:15:00+05:30,1139.5,1140.4,1138.7,1139,2633
2026-09-10T12:20:00+05:30,1139,1141.1,1138.5,1139.6,11024
2026-09-10T12:25:00+05:30,1139.6,1139.8,1138.8,1139,1481
2026-09-10T12:30:00+05:30,1139,1139.5,1138.5,1139.4,1057
2026-09-10T12:35:00+05:30,1139.4,1139.4,1138.5,1138.5,1444
2026-09-10T12:40:00+05:30,1138.5,1139.4,1138.5,1138.7,2475
2026-09-10T12:45:00+05:30,1138.7,1139.3,1138.5,1138.7,2459
2026-09-10T12:50:00+05:30,1138.7,1139.3,1138.5,1139.2,671
2026-09-10T12:55:00+05:30,1139.2,1139.3,1138.4,1139,3992
2026-09-10T13:00:00+05:30,1139,1139.3,1138.4,1138.4,1835
2026-09-10T13:05:00+05:30,1138.4,1139.1,1134.6,1135.8,16691
2026-09-10T13:10:00+05:30,1135.6,1136.4,1135.5,1136.3,1572
2026-09-10T13:15:00+05:30,1136.3,1136.3,1135.5,1135.6,960
2026-09-10T13:20:00+05:30,1135.6,1136.3,1135.5,1135.5,1355
2026-09-10T13:25:00+05:30,1135.5,1135.9,1135,1135.6,713
2026-09-10T13:30:00+05:30,1135.6,1135.6,1135,1135.1,999
2026-09-10T13:35:00+05:30,1135.1,1136,1134.9,1135.9,4854
2026-09-10T13:40:00+05:30,1135.9,1136,1135.2,1135.3,634
2026-09-10T13:45:00+05:30,1135.3,1136.1,1135,1135.5,2978
2026-09-10T13:50:00+05:30,1135.5,1136.5,1135.5,1136,1028
2026-09-10T13:55:00+05:30,1136,1136.6,1135.6,1136.3,763
2026-09-10T14:00:00+05:30,1136.3,1136.3,1135.5,1135.6,688
2026-09-10T14:05:00+05:30,1135.6,1137,1135.3,1137,7100
2026-09-10T14:10:00+05:30,1137,1137.2,1136.5,1136.8,9409
2026-09-10T14:15:00+05:30,1136.8,1137.4,1136.4,1136.6,2477
2026-09-10T14:20:00+05:30,1136.6,1137.8,1136.6,1137.3,2676
2026-09-10T14:25:00+05:30,1137.2,1137.8,1136.7,1136.7,412
2026-09-10T14:30:00+05:30,1137.6,1140.1,1136.7,1138.9,115267
2026-09-10T14:35:00+05:30,1138.7,1139.2,1134.2,1134.9,4982
2026-09-10T14:40:00+05:30,1134.4,1135.5,1134.4,1135.2,2857
2026-09-10T14:45:00+05:30,1135.2,1136.4,1135.2,1135.4,432
2026-09-10T14:50:00+05:30,1135.4,1136.1,1135.3,1135.4,7433
2026-09-10T14:55:00+05:30,1135.4,1135.5,1134.4,1135,3762
2026-09-10T15:00:00+05:30,1135,1135,1133,1133.7,6145
2026-09-10T15:05:00+05:30,1133.7,1135.3,1133.3,1134.3,17011
2026-09-10T15:10:00+05:30,1134.3,1134.3,1131,1131,28826
2026-09-11T09:15:00+05:30,1111,1111,1058,1107,56867
2026-09-11T09:20:00+05:30,1107,1107,1100.4,1101,15191
2026-09-11T09:25:00+05:30,1101,1104.5,1101,1104,8073
2026-09-11T09:30:00+05:30,1105.2,1105.6,1103,1104.3,13250
2026-09-11T09:35:00+05:30,1104.5,1105.7,1102,1103.1,8295
2026-09-11T09:40:00+05:30,1103.4,1103.5,1101.6,1102.7,4015
2026-09-11T09:45:00+05:30,1102.9,1114.5,1102,1113.9,49468
2026-09-11T09:50:00+05:30,1114,1116.2,1111.8,1112.6,12664
2026-09-11T09:55:00+05:30,1112.6,1117.4,1112.1,1112.3,8863
2026-09-11T10:00:00+05:30,1112.3,1113.7,1112.3,1113,5161
2026-09-11T10:05:00+05:30,1112.5,1114.1,1112.4,1114.1,4385
2026-09-11T10:10:00+05:30,1114.2,1115.4,1113.3,1114.5,5464
2026-09-11T10:15:00+05:30,1114.5,1114.5,1109.5,1109.9,8774
2026-09-11T10:20:00+05:30,1109.9,1111.8,1109.2,1111.2,4431
2026-09-11T10:25:00+05:30,1111.2,1111.4,1107.8,1109.5,10911
2026-09-11T10:30:00+05:30,1109.5,1111.5,1109.5,1111.5,3525
2026-09-11T10:35:00+05:30,1111.5,1113.2,1111.2,1113,1050
2026-09-11T10:40:00+05:30,1113,1116,1112.5,1115.9,4402
2026-09-11T10:45:00+05:30,1115.8,1116.3,1114.2,1115.5,2284
2026-09-11T10:50:00+05:30,1115.6,1115.9,1110.4,1110.4,6834
2026-09-11T10:55:00+05:30,1110,1113,1110,1111.1,12112
2026-09-11T11:00:00+05:30,1111.1,1114.2,1111.1,1114.2,3159
2026-09-11T11:05:00+05:30,1114.2,1115.8,1114,1114.5,31219
2026-09-11T11:10:00+05:30,1114.5,1118.2,1114.5,1117.7,13003
2026-09-11T11:15:00+05:30,1117.7,1120,1116.4,1118.3,9844
2026-09-11T11:20:00+05:30,1118.3,1118.3,1117.3,1117.8,871
2026-09-11T11:25:00+05:30,1117.8,1118.9,1117.1,1117.9,6667
2026-09-11T11:30:00+05:30,1117.9,1118.9,1117.7,1118.6,1504
2026-09-11T11:35:00+05:30,1118.6,1118.9,1117,1118.9,1890
2026-09-11T11:40:00+05:30,1118.9,1120.2,1117.5,1118.8,6049
2026-09-11T11:45:00+05:30,1118.8,1119.3,1116.3,1116.3,2391
2026-09-11T11:50:00+05:30,1116.3,1117.3,1116.3,1117,1724
2026-09-11T11:55:00+05:30,1117,1117.3,1115.2,1117,11727
2026-09-11T12:00:00+05:30,1117,1117.5,1116.7,1117,807
2026-09-11T12:05:00+05:30,1117,1118.3,1116.5,1118.2,3475
2026-09-11T12:10:00+05:30,1118.2,1118.2,1115.4,1116.5,5004
2026-09-11T12:15:00+05:30,1116.5,1118.9,1115.5,1118.4,2701
2026-09-11T12:20:00+05:30,1118.4,1118.4,1115.1,1117.7,8739
2026-09-11T12:25:00+05:30,1117.7,1118.4,1117,1118.4,2460
2026-09-11T12:30:00+05:30,1118.4,1118.5,1117,1118.5,3688
2026-09-11T12:35:00+05:30,1118.5,1120,1117.9,1120,3426
2026-09-11T12:40:00+05:30,1120,1120,1118,1118.8,2125
2026-09-11T12:45:00+05:30,1118.8,1119.3,1116.8,1118,2677
2026-09-11T12:50:00+05:30,1118,1119.4,1116.6,1117,16394
2026-09-11T12:55:00+05:30,1117,1118.1,1116.8,1117.6,4772
2026-09-11T13:00:00+05:30,1117.6,1117.6,1116.1,1117.4,1530
2026-09-11T13:05:00+05:30,1117.2,1117.4,1115.4,1115.7,3453
2026-09-11T13:10:00+05:30,1116.2,1117.3,1115.7,1117.2,1881
2026-09-11T13:15:00+05:30,1117.2,1117.5,1115.6,1116.4,1781
2026-09-11T13:20:00+05:30,1116.4,1116.5,1114.5,1114.9,5594
2026-09-11T13:25:00+05:30,1114.9,1115.7,1114.7,1115.4,718
2026-09-11T13:30:00+05:30,1115.4,1115.7,1113.6,1115,4514
2026-09-11T13:35:00+05:30,1115,1115,1114,1114.1,816
2026-09-11T13:40:00+05:30,1114.1,1114.3,1111.4,1113.5,9742
2026-09-11T13:45:00+05:30,1113.5,1117.8,1113.1,1117.5,3626
2026-09-11T13:50:00+05:30,1117.5,1119.7,1117,1117.8,6376
2026-09-11T13:55:00+05:30,1117.8,1119.5,1117.8,1119.4,2077
2026-09-11T14:00:00+05:30,1119.4,1122,1119.4,1121.1,4748
2026-09-11T14:05:00+05:30,1121.1,1121.9,1119.2,1120.4,6762
2026-09-11T14:10:00+05:30,1120.4,1120.9,1118.2,1120.5,5982
2026-09-11T14:15:00+05:30,1120.5,1120.5,1119.5,1120.4,954
2026-09-11T14:20:00+05:30,1120.4,1120.4,1118.1,1120,6573
2026-09-11T14:25:00+05:30,1120,1121.1,1119.1,1121.1,2325
2026-09-11T14:30:00+05:30,1121.2,1121.2,1120,1121.2,2563
2026-09-11T14:35:00+05:30,1121,1121,1119,1120,3233
2026-09-11T14:40:00+05:30,1120,1120.7,1119.1,1120.4,948
2026-09-11T14:45:00+05:30,1120.6,1120.6,1116.4,1117.2,5606
2026-09-11T14:50:00+05:30,1117.2,1117.7,1116,1116.4,4784
2026-09-11T14:55:00+05:30,1116.1,1116.9,1115.8,1115.8,3082
2026-09-11T15:00:00+05:30,1116,1116,1114.3,1115.8,9710
2026-09-11T15:05:00+05:30,1115.4,1117.1,1114.8,1116,15477
2026-09-11T15:10:00+05:30,1116.1,1118.7,1115.4,1118.3,12629
2026-09-15T09:15:00+05:30,1119.7,1119.7,1103.2,1106,39668
2026-09-15T09:20:00+05:30,1106.7,1115.4,1105,1114.1,28449
2026-09-15T09:25:00+05:30,1112.5,1112.9,1109.3,1110.4,3736
2026-09-15T09:30:00+05:30,1110.4,1110.4,1106.3,1106.5,5622
