date,open,high,low,close,volume
2026-06-08T09:15:00+05:30,233,233.95,232.78,233.54,611678
2026-06-08T09:20:00+05:30,233.61,233.7,232.85,233.54,303509
2026-06-08T09:25:00+05:30,233.52,233.6,233.17,233.45,227877
2026-06-08T09:30:00+05:30,233.32,233.65,233.17,233.31,262529
2026-06-08T09:35:00+05:30,233.32,233.32,232.61,232.89,259734
2026-06-08T09:40:00+05:30,233,233.4,232.96,233.17,136743
2026-06-08T09:45:00+05:30,233.32,233.55,232.55,232.75,240862
2026-06-08T09:50:00+05:30,232.67,233.42,232.4,233.42,235332
2026-06-08T09:55:00+05:30,233.39,234.1,233.39,234.1,177519
2026-06-08T10:00:00+05:30,234.09,234.1,233.61,233.75,102828
2026-06-08T10:05:00+05:30,233.69,234.21,233.52,234.05,109432
2026-06-08T10:10:00+05:30,234.04,234.2,233.86,233.95,94154
2026-06-08T10:15:00+05:30,234,234.13,233.76,234.1,118355
2026-06-08T10:20:00+05:30,234.1,234.13,233.81,233.97,76450
2026-06-08T10:25:00+05:30,233.95,233.97,233.64,233.7,71853
2026-06-08T10:30:00+05:30,233.67,234.05,233.64,234,55761
2026-06-08T10:35:00+05:30,234,234.12,233.9,233.99,74859
2026-06-08T10:40:00+05:30,233.98,234.09,233.61,233.61,98821
2026-06-08T10:45:00+05:30,233.51,233.9,233.5,233.88,85670
2026-06-08T10:50:00+05:30,233.88,234.04,233.61,233.68,95342
2026-06-08T10:55:00+05:30,233.68,234,233.61,233.92,42169
2026-06-08T11:00:00+05:30,233.92,234,233.67,233.78,147155
2026-06-08T11:05:00+05:30,233.77,233.77,233.08,233.26,139163
2026-06-08T11:10:00+05:30,233.26,233.3,233,233,92499
2026-06-08T11:15:00+05:30,233.09,233.09,232.7,232.74,154251
2026-06-08T11:20:00+05:30,232.72,232.92,232.4,232.41,155753
2026-06-08T11:25:00+05:30,232.43,232.63,232.2,232.41,156844
2026-06-08T11:30:00+05:30,232.41,232.63,232.4,232.56,111080
2026-06-08T11:35:00+05:30,232.55,232.75,232.45,232.72,59140
2026-06-08T11:40:00+05:30,232.67,232.86,232.55,232.72,60083
2026-06-08T11:45:00+05:30,232.72,232.78,232.5,232.57,104029
2026-06-08T11:50:00+05:30,232.57,232.58,232.35,232.47,118944
2026-06-08T11:55:00+05:30,232.47,232.67,232.35,232.43,47290
2026-06-08T12:00:00+05:30,232.43,232.5,232.31,232.42,47780
2026-06-08T12:05:00+05:30,232.42,232.43,232.1,232.38,177241
2026-06-08T12:10:00+05:30,232.38,232.68,232.25,232.6,124674
2026-06-08T12:15:00+05:30,232.66,233.02,232.62,232.98,122117
2026-06-08T12:20:00+05:30,232.98,233.23,232.9,232.93,215788
2026-06-08T12:25:00+05:30,232.93,232.95,232.55,232.57,62867
2026-06-08T12:30:00+05:30,232.64,232.77,232.5,232.6,54704
2026-06-08T12:35:00+05:30,232.63,232.7,232.4,232.47,107984
2026-06-08T12:40:00+05:30,232.47,232.75,232.41,232.66,68180
2026-06-08T12:45:00+05:30,232.68,232.81,232.45,232.71,97028
2026-06-08T12:50:00+05:30,232.8,232.93,232.69,232.83,82353
2026-06-08T12:55:00+05:30,232.8,232.91,232.72,232.72,58873
2026-06-08T13:00:00+05:30,232.73,232.77,232.42,232.47,70084
2026-06-08T13:05:00+05:30,232.45,232.47,232.25,232.31,65273
2026-06-08T13:10:00+05:30,232.3,232.31,232.22,232.23,66822
2026-06-08T13:15:00+05:30,232.23,232.42,232.2,232.3,53547
2026-06-08T13:20:00+05:30,232.3,232.31,232,232.07,235818
2026-06-08T13:25:00+05:30,232.07,232.08,231.75,231.84,145087
2026-06-08T13:30:00+05:30,231.83,232.19,231.82,232.06,123743
2026-06-08T13:35:00+05:30,232.06,232.09,231.95,232.07,58544
2026-06-08T13:40:00+05:30,232.09,232.09,231.7,231.7,76455
2026-06-08T13:45:00+05:30,231.76,231.82,231.51,231.76,127387
2026-06-08T13:50:00+05:30,231.75,231.76,231.21,231.42,238174
2026-06-08T13:55:00+05:30,231.41,231.41,230.8,231.2,295752
2026-06-08T14:00:00+05:30,231.24,231.5,231.2,231.49,54854
2026-06-08T14:05:00+05:30,231.45,231.45,231.1,231.15,68959
2026-06-08T14:10:00+05:30,231.15,231.19,231.01,231.05,74163
2026-06-08T14:15:00+05:30,231.07,231.27,230.86,231.26,134223
2026-06-08T14:20:00+05:30,231.15,231.18,230.7,230.88,102708
2026-06-08T14:25:00+05:30,230.88,230.88,230.55,230.65,127063
2026-06-08T14:30:00+05:30,230.61,231,230.6,230.7,96020
2026-06-08T14:35:00+05:30,230.7,230.94,230.15,230.15,307458
2026-06-08T14:40:00+05:30,230.24,230.92,230.11,230.92,246402
2026-06-08T14:45:00+05:30,230.9,231.14,230.63,230.89,151263
2026-06-08T14:50:00+05:30,230.89,230.95,230.4,230.5,167587
2026-06-08T14:55:00+05:30,230.5,230.64,230,230.36,406128
2026-06-08T15:00:00+05:30,230.36,230.36,229.1,229.45,592018
2026-06-08T15:05:00+05:30,229.45,229.71,229.25,229.71,349404
2026-06-08T15:10:00+05:30,229.7,229.77,229.15,229.2,477366
2026-06-08T15:15:00+05:30,229.2,229.24,228.53,228.64,625121
2026-06-08T15:20:00+05:30,228.64,228.73,228,228.04,776401
2026-06-08T15:25:00+05:30,228.04,228.2,227.68,228.19,618318
2026-06-09T09:15:00+05:30,229.57,232.3,229.57,231.8,696566
2026-06-09T09:20:00+05:30,231.85,232.75,231.85,232.69,460541
2026-06-09T09:25:00+05:30,232.65,232.7,232.06,232.24,217599
2026-06-09T09:30:00+05:30,232.24,232.69,232.22,232.42,127452
2026-06-09T09:35:00+05:30,232.5,232.92,232.45,232.72,249989
2026-06-09T09:40:00+05:30,232.72,232.99,232.07,232.1,228649
2026-06-09T09:45:00+05:30,232.2,232.88,232.1,232.26,172779
2026-06-09T09:50:00+05:30,232.28,233.6,232.23,233.42,272753
2026-06-09T09:55:00+05:30,233.51,233.6,233.1,233.43,196969
2026-06-09T10:00:00+05:30,233.43,233.58,232.61,232.71,175692
2026-06-09T10:05:00+05:30,232.71,233.18,232.65,233.08,91808
2026-06-09T10:10:00+05:30,233.09,233.5,233.01,233.15,162627
2026-06-09T10:15:00+05:30,233.15,233.37,233,233.3,99685
2026-06-09T10:20:00+05:30,233.3,233.3,232.77,232.87,122894
2026-06-09T10:25:00+05:30,232.87,233.45,232.83,233.45,97223
2026-06-09T10:30:00+05:30,233.45,233.46,233.05,233.2,105734
2026-06-09T10:35:00+05:30,233.2,233.26,232.8,232.81,78097
2026-06-09T10:40:00+05:30,232.81,233.21,232.81,233.2,108413
2026-06-09T10:45:00+05:30,233.2,233.29,232.6,232.6,170986
2026-06-09T10:50:00+05:30,232.52,233,232.28,233,144672
2026-06-09T10:55:00+05:30,233,233.1,232.65,232.98,105326
2026-06-09T11:00:00+05:30,232.98,233.16,232.77,232.97,86583
2026-06-09T11:05:00+05:30,232.97,233,232.9,232.9,51881
2026-06-09T11:10:00+05:30,232.95,233,232.45,232.54,74376
2026-06-09T11:15:00+05:30,232.54,233.45,232.32,233.25,260582
2026-06-09T11:20:00+05:30,233.25,233.3,232.5,232.56,236445
2026-06-09T11:25:00+05:30,232.56,232.9,232.26,232.78,102518
2026-06-09T11:30:00+05:30,232.78,232.8,232.5,232.7,34224
2026-06-09T11:35:00+05:30,232.7,233.2,232.7,233.19,60333
2026-06-09T11:40:00+05:30,233.2,233.48,232.87,233.4,109057
2026-06-09T11:45:00+05:30,233.32,233.89,233.22,233.75,209901
2026-06-09T11:50:00+05:30,233.75,233.9,233.43,233.5,63210
2026-06-09T11:55:00+05:30,233.5,233.73,233.34,233.56,72068
2026-06-09T12:00:00+05:30,233.6,233.86,233.5,233.62,50206
2026-06-09T12:05:00+05:30,233.62,233.76,233.4,233.47,58764
2026-06-09T12:10:00+05:30,233.5,233.75,233.43,233.75,43675
2026-06-09T12:15:00+05:30,233.74,233.83,233.74,233.79,65106
2026-06-09T12:20:00+05:30,233.8,233.99,233.68,233.78,104492
2026-06-09T12:25:00+05:30,233.83,233.95,233.74,233.95,37979
2026-06-09T12:30:00+05:30,233.98,234.09,233.86,233.99,172567
2026-06-09T12:35:00+05:30,233.99,234.06,233.81,233.97,70068
2026-06-09T12:40:00+05:30,233.94,233.98,233.75,233.86,69911
2026-06-09T12:45:00+05:30,233.9,234.08,233.66,233.77,129108
2026-06-09T12:50:00+05:30,233.77,233.77,233.29,233.47,71318
2026-06-09T12:55:00+05:30,233.46,233.51,232.91,233.2,111882
2026-06-09T13:00:00+05:30,233.19,233.43,233.1,233.21,70523
2026-06-09T13:05:00+05:30,233.32,233.5,233.17,233.41,52791
2026-06-09T13:10:00+05:30,233.33,233.64,233.31,233.62,31991
2026-06-09T13:15:00+05:30,233.61,233.7,233.5,233.56,44460
2026-06-09T13:20:00+05:30,233.56,233.7,233.5,233.56,134471
2026-06-09T13:25:00+05:30,233.56,233.73,233.54,233.66,63179
2026-06-09T13:30:00+05:30,233.71,233.73,233.45,233.71,89116
2026-06-09T13:35:00+05:30,233.71,233.99,233.63,233.97,73214
2026-06-09T13:40:00+05:30,233.99,234.05,233.86,234.01,57068
2026-06-09T13:45:00+05:30,233.99,234.01,233.7,233.72,64602
2026-06-09T13:50:00+05:30,233.74,233.78,233.29,233.32,105216
2026-06-09T13:55:00+05:30,233.4,233.51,233.1,233.31,70624
2026-06-09T14:00:00+05:30,233.28,233.42,233.08,233.38,66454
2026-06-09T14:05:00+05:30,233.4,233.5,233.29,233.5,32169
2026-06-09T14:10:00+05:30,233.5,233.69,233.37,233.45,69159
2026-06-09T14:15:00+05:30,233.48,233.54,233.26,233.53,44356
2026-06-09T14:20:00+05:30,233.54,233.54,233.26,233.37,58389
2026-06-09T14:25:00+05:30,233.37,233.5,233.26,233.32,40202
2026-06-09T14:30:00+05:30,233.32,233.39,232.77,233.25,151884
2026-06-09T14:35:00+05:30,233.25,233.45,232.95,233.3,101872
2026-06-09T14:40:00+05:30,233.3,233.49,233.1,233.18,105587
2026-06-09T14:45:00+05:30,233.18,233.34,232.86,232.87,80847
2026-06-09T14:50:00+05:30,232.87,233.55,232.8,233.53,99432
2026-06-09T14:55:00+05:30,233.55,234.3,233.5,234.3,226160
2026-06-09T15:00:00+05:30,234.22,234.34,233.6,234.25,270705
2026-06-09T15:05:00+05:30,234.25,234.49,234.25,234.31,239339
2026-06-09T15:10:00+05:30,234.31,234.4,234.18,234.39,214704
2026-06-09T15:15:00+05:30,234.39,234.39,234.09,234.23,197646
2026-06-09T15:20:00+05:30,234.23,234.44,234.1,234.28,299554
2026-06-09T15:25:00+05:30,234.28,234.29,233.94,234.2,300017
2026-06-10T09:15:00+05:30,234.2,234.95,233.49,234.1,421326
2026-06-10T09:20:00+05:30,234.1,234.1,233.1,233.5,277756
2026-06-10T09:25:00+05:30,233.54,233.54,233.05,233.48,115570
2026-06-10T09:30:00+05:30,233.6,234.22,233.6,234.14,225856
2026-06-10T09:35:00+05:30,234.16,234.19,233.9,234,127346
2026-06-10T09:40:00+05:30,234.05,234.05,233.71,233.85,82315
2026-06-10T09:45:00+05:30,233.94,234.19,233.74,234.1,76196
2026-06-10T09:50:00+05:30,234.1,234.7,233.9,234.19,168430
2026-06-10T09:55:00+05:30,234.19,234.19,233.6,233.77,115335
2026-06-10T10:00:00+05:30,233.77,233.97,233.5,233.5,92331
2026-06-10T10:05:00+05:30,233.54,233.57,233.3,233.53,83731
2026-06-10T10:10:00+05:30,233.53,233.58,233.16,233.19,99053
2026-06-10T10:15:00+05:30,233.19,233.28,232.87,233.15,377427
2026-06-10T10:20:00+05:30,233.1,233.15,232.9,232.94,68390
2026-06-10T10:25:00+05:30,232.94,232.97,232.7,232.82,67520
2026-06-10T10:30:00+05:30,232.82,233.3,232.74,233.2,78825
2026-06-10T10:35:00+05:30,233.2,233.44,233.01,233.11,68882
2026-06-10T10:40:00+05:30,233.13,233.37,233,233.29,55028
2026-06-10T10:45:00+05:30,233.25,233.32,232.88,232.98,61819
2026-06-10T10:50:00+05:30,232.98,233.08,232.81,232.97,49603
2026-06-10T10:55:00+05:30,232.97,233.24,232.85,233.23,59548
2026-06-10T11:00:00+05:30,233.34,233.34,232.96,233.15,75624
2026-06-10T11:05:00+05:30,233.24,233.58,232.9,233.54,337150
2026-06-10T11:10:00+05:30,233.54,234,233.53,233.81,123627
2026-06-10T11:15:00+05:30,233.77,233.96,233.2,233.45,172469
2026-06-10T11:20:00+05:30,233.23,233.38,233.02,233.26,43668
2026-06-10T11:25:00+05:30,233.27,233.45,233.19,233.31,37299
2026-06-10T11:30:00+05:30,233.31,233.31,232.91,232.98,69030
2026-06-10T11:35:00+05:30,233,233.15,232.86,233.05,53683
2026-06-10T11:40:00+05:30,233.1,233.16,232.9,233.01,62489
2026-06-10T11:45:00+05:30,233.01,233.15,232.9,233.1,63343
2026-06-10T11:50:00+05:30,233.1,233.21,232.89,232.93,39771
2026-06-10T11:55:00+05:30,232.93,233.1,232.9,232.91,81531
2026-06-10T12:00:00+05:30,232.92,232.94,232.41,232.63,125283
2026-06-10T12:05:00+05:30,232.62,232.78,232.51,232.77,63190
2026-06-10T12:10:00+05:30,232.66,232.77,232.5,232.64,73090
2026-06-10T12:15:00+05:30,232.64,232.73,232.57,232.7,52629
2026-06-10T12:20:00+05:30,232.67,232.74,232.5,232.5,45501
2026-06-10T12:25:00+05:30,232.5,232.68,232.45,232.45,57159
2026-06-10T12:30:00+05:30,232.45,232.48,232.25,232.33,56063
2026-06-10T12:35:00+05:30,232.33,232.4,232.21,232.24,61170
2026-06-10T12:40:00+05:30,232.24,232.25,231.81,231.89,142409
2026-06-10T12:45:00+05:30,231.97,232.3,231.81,232.27,59117
2026-06-10T12:50:00+05:30,232.27,232.71,232.2,232.66,70012
2026-06-10T12:55:00+05:30,232.66,232.66,232.33,232.6,53338
2026-06-10T13:00:00+05:30,232.56,232.95,232.56,232.94,56776
2026-06-10T13:05:00+05:30,232.93,233.37,232.64,233.06,106262
2026-06-10T13:10:00+05:30,233.06,233.22,232.82,232.84,73516
2026-06-10T13:15:00+05:30,232.83,232.92,232.69,232.69,45845
2026-06-10T13:20:00+05:30,232.69,232.76,232.46,232.46,100713
2026-06-10T13:25:00+05:30,232.47,232.75,232.35,232.7,36358
2026-06-10T13:30:00+05:30,232.7,232.8,232.3,232.5,65440
2026-06-10T13:35:00+05:30,232.5,232.5,232.31,232.36,34631
2026-06-10T13:40:00+05:30,232.38,232.6,232.08,232.1,61596
2026-06-10T13:45:00+05:30,232.11,232.3,232.1,232.17,42379
2026-06-10T13:50:00+05:30,232.17,232.24,232.07,232.09,47366
2026-06-10T13:55:00+05:30,232.07,232.2,232,232.03,39718
2026-06-10T14:00:00+05:30,232.03,232.24,231.95,232.13,79635
2026-06-10T14:05:00+05:30,232.13,232.13,231.8,231.85,99197
2026-06-10T14:10:00+05:30,231.85,231.99,231.5,231.59,106159
2026-06-10T14:15:00+05:30,231.59,231.9,231.4,231.77,86417
2026-06-10T14:20:00+05:30,231.8,231.9,231.71,231.8,52416
2026-06-10T14:25:00+05:30,231.82,231.88,231.59,231.79,59834
2026-06-10T14:30:00+05:30,231.79,231.79,231.54,231.66,61842
2026-06-10T14:35:00+05:30,231.7,231.82,231.26,231.26,92953
2026-06-10T14:40:00+05:30,231.31,231.5,231.11,231.19,142821
2026-06-10T14:45:00+05:30,231.19,231.19,230.63,230.78,186206
2026-06-10T14:50:00+05:30,230.73,230.98,230.66,230.78,123432
2026-06-10T14:55:00+05:30,230.78,231.14,230.78,231.03,129182
2026-06-10T15:00:00+05:30,230.95,231,230.64,230.71,166097
2026-06-10T15:05:00+05:30,230.74,230.87,230.41,230.74,242519
2026-06-10T15:10:00+05:30,230.74,230.74,230.02,230.11,179239
2026-06-10T15:15:00+05:30,230.02,230.49,229.64,229.99,518763
2026-06-10T15:20:00+05:30,229.98,230.15,229.74,229.9,220867
2026-06-10T15:25:00+05:30,229.9,230.6,229.55,230.6,364400
2026-06-11T09:15:00+05:30,229.65,229.88,227.5,228.3,471658
2026-06-11T09:20:00+05:30,228.41,229.02,228.26,228.41,522229
2026-06-11T09:25:00+05:30,228.41,228.8,228.05,228.57,170721
2026-06-11T09:30:00+05:30,228.64,228.92,228.2,228.41,230657
2026-06-11T09:35:00+05:30,228.42,229.19,228.25,229.15,135791
2026-06-11T09:40:00+05:30,229.15,229.16,228.61,229.07,180605
2026-06-11T09:45:00+05:30,229.07,229.1,228.67,228.98,134381
2026-06-11T09:50:00+05:30,228.95,229.2,228.68,228.68,206957
2026-06-11T09:55:00+05:30,228.68,228.76,228.27,228.27,140546
2026-06-11T10:00:00+05:30,228.4,228.59,227.9,228.07,239905
2026-06-11T10:05:00+05:30,228.07,228.79,227.95,228.69,101205
2026-06-11T10:10:00+05:30,228.64,228.79,228.3,228.42,113269
2026-06-11T10:15:00+05:30,228.42,228.93,228.29,228.93,147831
2026-06-11T10:20:00+05:30,228.94,229.15,228.75,228.85,82314
2026-06-11T10:25:00+05:30,228.85,229,228.71,228.8,94093
2026-06-11T10:30:00+05:30,228.89,228.89,228.36,228.75,409689
2026-06-11T10:35:00+05:30,228.75,228.99,228.2,228.56,483557
2026-06-11T10:40:00+05:30,228.5,228.9,228.2,228.66,834217
2026-06-11T10:45:00+05:30,228.66,228.89,228.31,228.32,249507
2026-06-11T10:50:00+05:30,228.32,228.43,227.85,228.13,321525
2026-06-11T10:55:00+05:30,228.09,228.1,227.57,227.75,184473
2026-06-11T11:00:00+05:30,227.78,227.8,227,227.5,348102
2026-06-11T11:05:00+05:30,227.5,227.89,227.46,227.71,172965
2026-06-11T11:10:00+05:30,227.7,227.7,227.4,227.6,87573
2026-06-11T11:15:00+05:30,227.6,228.15,227.51,228.02,139179
2026-06-11T11:20:00+05:30,228.05,228.35,228,228.27,89716
2026-06-11T11:25:00+05:30,228.34,228.8,228.16,228.78,142961
2026-06-11T11:30:00+05:30,228.8,228.88,228.4,228.55,108650
2026-06-11T11:35:00+05:30,228.59,228.99,228.32,228.44,142335
2026-06-11T11:40:00+05:30,228.44,228.8,228.41,228.8,52067
2026-06-11T11:45:00+05:30,228.79,228.92,228.62,228.7,107427
2026-06-11T11:50:00+05:30,228.75,229.1,228.66,229.03,125053
2026-06-11T11:55:00+05:30,229,229.39,228.92,229.14,135628
2026-06-11T12:00:00+05:30,229.14,229.38,228.67,228.67,106945
2026-06-11T12:05:00+05:30,228.67,228.75,228.45,228.54,93150
2026-06-11T12:10:00+05:30,228.54,228.54,228.25,228.4,99303
2026-06-11T12:15:00+05:30,228.4,228.69,228.4,228.48,61945
2026-06-11T12:20:00+05:30,228.48,228.48,228.28,228.37,50062
2026-06-11T12:25:00+05:30,228.37,228.38,228.1,228.37,79173
2026-06-11T12:30:00+05:30,228.37,228.8,228.37,228.65,82692
2026-06-11T12:35:00+05:30,228.77,228.88,228.2,228.43,69416
2026-06-11T12:40:00+05:30,228.43,228.5,228.21,228.25,50346
2026-06-11T12:45:00+05:30,228.25,228.4,227.91,227.95,212516
2026-06-11T12:50:00+05:30,227.95,228.22,227.92,227.98,89791
2026-06-11T12:55:00+05:30,227.99,228.34,227.85,228.3,72976
2026-06-11T13:00:00+05:30,228.34,228.53,228.15,228.27,64288
2026-06-11T13:05:00+05:30,228.27,228.27,227.95,227.95,67656
2026-06-11T13:10:00+05:30,227.94,227.97,227.66,227.7,71080
2026-06-11T13:15:00+05:30,227.7,227.85,227.63,227.65,89254
2026-06-11T13:20:00+05:30,227.7,227.88,227.38,227.65,187650
2026-06-11T13:25:00+05:30,227.65,227.8,227.5,227.73,52666
2026-06-11T13:30:00+05:30,227.73,228.2,227.73,227.79,68549
2026-06-11T13:35:00+05:30,227.79,227.95,227.6,227.63,68851
2026-06-11T13:40:00+05:30,227.63,227.77,227.4,227.51,204734
2026-06-11T13:45:00+05:30,227.59,227.93,227.47,227.73,58528
2026-06-11T13:50:00+05:30,227.73,227.92,227.72,227.86,43550
2026-06-11T13:55:00+05:30,227.86,228.14,227.85,227.94,60881
2026-06-11T14:00:00+05:30,227.94,228.24,227.9,228.24,122388
2026-06-11T14:05:00+05:30,228.25,228.35,227.84,228,175628
2026-06-11T14:10:00+05:30,228,228.29,227.97,228.2,59627
2026-06-11T14:15:00+05:30,228.2,228.24,228.05,228.14,44757
2026-06-11T14:20:00+05:30,228.18,228.4,228.01,228.1,55133
2026-06-11T14:25:00+05:30,228.1,228.79,228.1,228.59,90793
2026-06-11T14:30:00+05:30,228.5,228.73,228.41,228.45,124141
2026-06-11T14:35:00+05:30,228.5,228.69,228.1,228.3,75153
2026-06-11T14:40:00+05:30,228.34,228.6,228.1,228.22,143498
2026-06-11T14:45:00+05:30,228.29,228.39,227.75,228.16,132110
2026-06-11T14:50:00+05:30,228.1,228.1,227.8,227.88,79414
2026-06-11T14:55:00+05:30,227.87,228,227.76,227.89,105365
2026-06-11T15:00:00+05:30,227.95,228.15,227.68,227.7,156395
2026-06-11T15:05:00+05:30,227.71,227.79,227.58,227.73,128448
2026-06-11T15:10:00+05:30,227.77,228.3,227.77,228.18,164907
2026-06-11T15:15:00+05:30,228.15,228.33,228.06,228.07,151382
2026-06-11T15:20:00+05:30,228.07,228.29,228,228.17,307936
2026-06-11T15:25:00+05:30,228.17,228.2,227.9,228.2,292648
2026-06-12T09:15:00+05:30,230.9,232.13,230.81,231.9,695110
2026-06-12T09:20:00+05:30,231.87,232.78,231.83,232.31,355421
2026-06-12T09:25:00+05:30,232.24,232.36,231.87,231.87,307488
2026-06-12T09:30:00+05:30,231.9,231.99,231.31,231.71,157312
2026-06-12T09:35:00+05:30,231.7,231.8,231.42,231.6,81382
2026-06-12T09:40:00+05:30,231.64,231.66,230.9,231.1,151517
2026-06-12T09:45:00+05:30,231.05,231.3,230.77,231.2,155553
2026-06-12T09:50:00+05:30,231.13,231.3,230.7,230.72,83248
2026-06-12T09:55:00+05:30,230.8,230.89,230.5,230.5,186944
2026-06-12T10:00:00+05:30,230.54,230.61,230,230.61,360903
2026-06-12T10:05:00+05:30,230.6,230.96,230.57,230.59,90985
2026-06-12T10:10:00+05:30,230.55,230.83,230.43,230.72,81583
2026-06-12T10:15:00+05:30,230.81,230.89,230.45,230.5,57353
2026-06-12T10:20:00+05:30,230.5,230.88,230.43,230.87,43773
2026-06-12T10:25:00+05:30,230.87,231.1,230.71,230.9,81197
2026-06-12T10:30:00+05:30,230.94,231.15,230.87,230.99,105133
2026-06-12T10:35:00+05:30,230.97,231,230.82,231,31523
2026-06-12T10:40:00+05:30,231,231.1,230.81,230.91,61464
2026-06-12T10:45:00+05:30,230.99,230.99,230.3,230.6,82913
2026-06-12T10:50:00+05:30,230.6,230.74,230.49,230.71,43085
2026-06-12T10:55:00+05:30,230.74,230.97,230.65,230.84,41806
2026-06-12T11:00:00+05:30,230.88,230.9,230.56,230.76,46295
2026-06-12T11:05:00+05:30,230.85,230.87,230.58,230.74,29411
2026-06-12T11:10:00+05:30,230.69,231.23,230.65,231.22,78825
2026-06-12T11:15:00+05:30,231.32,231.35,231.11,231.19,91342
2026-06-12T11:20:00+05:30,231.19,231.4,231.05,231.39,68648
2026-06-12T11:25:00+05:30,231.35,231.37,231,231.06,30305
2026-06-12T11:30:00+05:30,231.06,231.57,231.06,231.57,91616
2026-06-12T11:35:00+05:30,231.58,232.23,231.55,232.2,267116
2026-06-12T11:40:00+05:30,232.2,232.2,231.99,232.17,86537
2026-06-12T11:45:00+05:30,232.1,232.43,232.02,232.36,122014
2026-06-12T11:50:00+05:30,232.34,232.4,232.12,232.34,77109
2026-06-12T11:55:00+05:30,232.34,232.48,232.11,232.11,90268
2026-06-12T12:00:00+05:30,232.11,232.37,232.01,232.34,55809
2026-06-12T12:05:00+05:30,232.34,232.44,231.84,231.98,158677
2026-06-12T12:10:00+05:30,231.98,232.1,231.91,231.99,140554
2026-06-12T12:15:00+05:30,231.99,232.29,231.8,232.29,188335
2026-06-12T12:20:00+05:30,232.29,232.45,232.25,232.41,75764
2026-06-12T12:25:00+05:30,232.41,232.48,232.23,232.36,39061
2026-06-12T12:30:00+05:30,232.36,232.36,232.01,232.15,59446
2026-06-12T12:35:00+05:30,232.15,232.15,231.75,231.82,282187
2026-06-12T12:40:00+05:30,231.85,231.89,231.3,231.34,91716
2026-06-12T12:45:00+05:30,231.3,231.6,231.12,231.42,180888
2026-06-12T12:50:00+05:30,231.43,231.55,231.3,231.43,46375
2026-06-12T12:55:00+05:30,231.49,231.5,231.3,231.4,43687
2026-06-12T13:00:00+05:30,231.45,231.49,231.2,231.32,49656
2026-06-12T13:05:00+05:30,231.32,231.5,231.25,231.43,35864
2026-06-12T13:10:00+05:30,231.43,231.54,231.27,231.45,26870
2026-06-12T13:15:00+05:30,231.45,231.5,231.38,231.41,54157
2026-06-12T13:20:00+05:30,231.41,231.41,231,231.02,36204
2026-06-12T13:25:00+05:30,231.09,232.42,231.01,232.28,144697
2026-06-12T13:30:00+05:30,232.39,233.59,232.39,233.49,518772
2026-06-12T13:35:00+05:30,233.49,234.19,233.39,234.05,356348
2026-06-12T13:40:00+05:30,234.11,234.33,233.66,234.13,361786
2026-06-12T13:45:00+05:30,234.14,234.3,234,234.03,282849
2026-06-12T13:50:00+05:30,234.09,234.18,233.82,234.15,121071
2026-06-12T13:55:00+05:30,234.15,234.39,234.07,234.35,232191
2026-06-12T14:00:00+05:30,234.3,234.49,234.1,234.35,174023
2026-06-12T14:05:00+05:30,234.37,234.37,234,234.19,122812
2026-06-12T14:10:00+05:30,234.19,234.19,233.86,234.12,191329
2026-06-12T14:15:00+05:30,234.1,234.96,234.03,234.2,290742
2026-06-12T14:20:00+05:30,234.24,234.45,234.08,234.37,81900
2026-06-12T14:25:00+05:30,234.35,234.55,234.13,234.55,152341
2026-06-12T14:30:00+05:30,234.55,235,234.53,234.86,265968
2026-06-12T14:35:00+05:30,234.9,235.04,234.53,235.04,172314
2026-06-12T14:40:00+05:30,235.06,235.2,234.8,235.05,339171
2026-06-12T14:45:00+05:30,235.09,235.3,234.95,235.21,157947
2026-06-12T14:50:00+05:30,235.2,235.35,235.01,235.25,192124
2026-06-12T14:55:00+05:30,235.23,235.34,235.1,235.25,186635
2026-06-12T15:00:00+05:30,235.21,235.8,235,235.69,457269
2026-06-12T15:05:00+05:30,235.76,236.01,235.69,235.71,402925
2026-06-12T15:10:00+05:30,235.65,235.65,235.17,235.55,286736
2026-06-12T15:15:00+05:30,235.54,236.35,235.51,236.13,493069
2026-06-12T15:20:00+05:30,236.13,236.5,236.01,236.45,440305
2026-06-12T15:25:00+05:30,236.45,236.5,236.2,236.33,344461
2026-06-15T09:15:00+05:30,241.5,242.9,240.11,241.64,1653783
2026-06-15T09:20:00+05:30,241.55,242.47,241.32,241.9,616937
2026-06-15T09:25:00+05:30,241.86,242.07,241.49,241.66,519988
2026-06-15T09:30:00+05:30,241.71,242,241.35,241.79,1244305
2026-06-15T09:35:00+05:30,241.69,242.34,241.06,242.1,687728
2026-06-15T09:40:00+05:30,242.1,243.3,241.65,243.1,877509
2026-06-15T09:45:00+05:30,243.1,243.69,242.71,242.8,729823
2026-06-15T09:50:00+05:30,242.84,243.4,242.35,242.76,502346
2026-06-15T09:55:00+05:30,242.85,243.04,242.42,242.42,280907
2026-06-15T10:00:00+05:30,242.52,243.43,242.08,242.38,1003888
2026-06-15T10:05:00+05:30,242.36,243,242.22,242.48,1266829
2026-06-15T10:10:00+05:30,242.48,242.84,242.23,242.49,323682
2026-06-15T10:15:00+05:30,242.49,242.79,242.25,242.62,301117
2026-06-15T10:20:00+05:30,242.62,242.69,242.16,242.22,81740
2026-06-15T10:25:00+05:30,242.2,242.77,242.06,242.73,134759
2026-06-15T10:30:00+05:30,242.73,242.9,242.41,242.41,120892
2026-06-15T10:35:00+05:30,242.41,242.66,242.24,242.59,112238
2026-06-15T10:40:00+05:30,242.61,243.15,242.51,242.91,206541
2026-06-15T10:45:00+05:30,242.87,242.9,242.2,242.32,158728
2026-06-15T10:50:00+05:30,242.4,242.5,242.11,242.34,141119
2026-06-15T10:55:00+05:30,242.32,242.4,242.15,242.4,78203
2026-06-15T11:00:00+05:30,242.33,242.4,242.12,242.39,127119
2026-06-15T11:05:00+05:30,242.31,242.4,242.17,242.29,65391
2026-06-15T11:10:00+05:30,242.3,242.4,242.02,242.02,77556
2026-06-15T11:15:00+05:30,242.11,242.29,242,242.29,102555
2026-06-15T11:20:00+05:30,242.17,242.36,242.02,242.06,94521
2026-06-15T11:25:00+05:30,242.02,242.25,242,242.17,342193
2026-06-15T11:30:00+05:30,242.19,242.35,242,242.15,117931
2026-06-15T11:35:00+05:30,242.1,242.2,242.02,242.08,154225
2026-06-15T11:40:00+05:30,242.08,242.34,242.02,242.27,113874
2026-06-15T11:45:00+05:30,242.27,242.32,242.05,242.25,93759
2026-06-15T11:50:00+05:30,242.25,242.45,242.16,242.27,118018
2026-06-15T11:55:00+05:30,242.3,242.37,242.19,242.22,83569
2026-06-15T12:00:00+05:30,242.22,242.29,242.03,242.03,44139
2026-06-15T12:05:00+05:30,242.06,242.06,241.45,241.55,197426
2026-06-15T12:10:00+05:30,241.55,241.79,241.4,241.4,93371
2026-06-15T12:15:00+05:30,241.4,241.5,241.1,241.18,195018
2026-06-15T12:20:00+05:30,241.24,241.24,241.02,241.1,128610
2026-06-15T12:25:00+05:30,241.05,241.05,240.73,240.73,114995
2026-06-15T12:30:00+05:30,240.73,240.99,240.7,240.99,69953
2026-06-15T12:35:00+05:30,240.92,241.18,240.81,240.81,81447
2026-06-15T12:40:00+05:30,240.86,240.86,240.1,240.25,156018
2026-06-15T12:45:00+05:30,240.27,240.37,240.15,240.24,82345
2026-06-15T12:50:00+05:30,240.25,240.34,240.12,240.15,73906
2026-06-15T12:55:00+05:30,240.21,240.28,240.13,240.17,69777
2026-06-15T13:00:00+05:30,240.27,240.35,240.22,240.24,59925
2026-06-15T13:05:00+05:30,240.27,240.35,240.09,240.35,61732
2026-06-15T13:10:00+05:30,240.37,241.23,240.37,241.16,324794
2026-06-15T13:15:00+05:30,241.15,241.15,240.72,240.8,67334
2026-06-15T13:20:00+05:30,240.8,241.13,240.77,241.1,48215
2026-06-15T13:25:00+05:30,241.1,241.15,240.94,241.1,64887
2026-06-15T13:30:00+05:30,241.1,241.1,240.83,241.07,47612
2026-06-15T13:35:00+05:30,241.06,241.07,240.73,240.82,69980
2026-06-15T13:40:00+05:30,240.86,240.86,240.46,240.49,146450
2026-06-15T13:45:00+05:30,240.57,240.71,240.45,240.58,61045
2026-06-15T13:50:00+05:30,240.61,240.64,240.11,240.4,117708
2026-06-15T13:55:00+05:30,240.39,240.8,240.32,240.71,69865
2026-06-15T14:00:00+05:30,240.78,241,240.71,240.76,93478
2026-06-15T14:05:00+05:30,240.75,240.8,240.58,240.59,57212
2026-06-15T14:10:00+05:30,240.69,240.8,240.58,240.7,48662
2026-06-15T14:15:00+05:30,240.71,240.88,240.64,240.8,56870
2026-06-15T14:20:00+05:30,240.8,240.91,240.6,240.8,76120
2026-06-15T14:25:00+05:30,240.8,240.85,240.61,240.7,55884
2026-06-15T14:30:00+05:30,240.7,240.85,240.65,240.78,43639
2026-06-15T14:35:00+05:30,240.76,240.84,240.54,240.62,180504
2026-06-15T14:40:00+05:30,240.62,240.65,240.21,240.28,99550
2026-06-15T14:45:00+05:30,240.28,240.35,240.03,240.17,148181
2026-06-15T14:50:00+05:30,240.17,240.23,239.81,239.9,192200
2026-06-15T14:55:00+05:30,239.9,240,239.8,239.94,88939
2026-06-15T15:00:00+05:30,239.94,240.15,239.51,239.84,329488
2026-06-15T15:05:00+05:30,239.84,239.89,239.34,239.64,288216
2026-06-15T15:10:00+05:30,239.61,239.61,239.04,239.47,264101
2026-06-15T15:15:00+05:30,239.45,239.86,239.45,239.56,298268
2026-06-15T15:20:00+05:30,239.56,239.61,239.25,239.41,311796
2026-06-15T15:25:00+05:30,239.41,239.45,239.28,239.4,383103
2026-06-16T09:15:00+05:30,240.05,241.29,239.86,241.12,932340
2026-06-16T09:20:00+05:30,241.09,241.15,240.2,240.9,332338
2026-06-16T09:25:00+05:30,240.91,241.6,240.65,241.47,424297
2026-06-16T09:30:00+05:30,241.58,242.45,241.11,242.2,380712
2026-06-16T09:35:00+05:30,242.2,242.2,241.24,241.4,393723
2026-06-16T09:40:00+05:30,241.45,242.73,241.11,241.82,449614
2026-06-16T09:45:00+05:30,241.74,242.62,241.65,241.8,317226
2026-06-16T09:50:00+05:30,241.83,242.18,241.35,242.08,155841
2026-06-16T09:55:00+05:30,242.03,242.9,242.03,242.36,368912
2026-06-16T10:00:00+05:30,242.36,242.54,242.07,242.3,162149
2026-06-16T10:05:00+05:30,242.35,242.69,242.2,242.36,255451
2026-06-16T10:10:00+05:30,242.36,242.45,242.11,242.45,175101
2026-06-16T10:15:00+05:30,242.35,243.2,242.35,242.66,625068
2026-06-16T10:20:00+05:30,242.68,243,242.6,242.65,501230
2026-06-16T10:25:00+05:30,242.65,243.1,242.51,243,613493
2026-06-16T10:30:00+05:30,243,243.02,242.5,242.62,330766
2026-06-16T10:35:00+05:30,242.62,243.32,242.47,242.91,369340
2026-06-16T10:40:00+05:30,242.91,243.18,242.55,242.7,496270
2026-06-16T10:45:00+05:30,242.65,243.01,242.53,242.63,373954
2026-06-16T10:50:00+05:30,242.6,242.6,242.03,242.24,290539
2026-06-16T10:55:00+05:30,242.22,242.61,242.05,242.34,510601
2026-06-16T11:00:00+05:30,242.3,242.35,242.01,242.01,143945
2026-06-16T11:05:00+05:30,242.04,242.14,241.12,241.17,251872
2026-06-16T11:10:00+05:30,241.15,241.22,240.77,241.13,234017
2026-06-16T11:15:00+05:30,241.18,241.3,241.05,241.2,58061
2026-06-16T11:20:00+05:30,241.23,241.77,241.11,241.77,85332
2026-06-16T11:25:00+05:30,241.66,241.8,241.35,241.45,59417
2026-06-16T11:30:00+05:30,241.45,241.62,241.12,241.57,62238
2026-06-16T11:35:00+05:30,241.56,241.56,241.12,241.29,42437
2026-06-16T11:40:00+05:30,241.29,241.37,241.01,241.21,79799
2026-06-16T11:45:00+05:30,241.21,241.49,241.14,241.32,25530
2026-06-16T11:50:00+05:30,241.32,241.56,241.24,241.3,102511
2026-06-16T11:55:00+05:30,241.3,241.49,241.1,241.33,40358
2026-06-16T12:00:00+05:30,241.33,241.45,240.99,241.23,55732
2026-06-16T12:05:00+05:30,241.23,241.4,241.1,241.34,43261
2026-06-16T12:10:00+05:30,241.27,241.39,241.1,241.13,28614
2026-06-16T12:15:00+05:30,241.27,241.29,240.85,240.9,46306
2026-06-16T12:20:00+05:30,240.9,241.21,240.83,241.13,59638
2026-06-16T12:25:00+05:30,241.21,241.5,241.07,241.35,36329
2026-06-16T12:30:00+05:30,241.44,241.5,241.27,241.28,44789
2026-06-16T12:35:00+05:30,241.28,241.44,241.25,241.41,54073
2026-06-16T12:40:00+05:30,241.31,241.42,241,241.16,21771
2026-06-16T12:45:00+05:30,241.2,241.2,240.92,241.11,30041
2026-06-16T12:50:00+05:30,241.19,241.19,240.9,241,24048
2026-06-16T12:55:00+05:30,241,241.2,240.9,241.08,24099
2026-06-16T13:00:00+05:30,241.08,241.16,240.9,241.05,30029
2026-06-16T13:05:00+05:30,241.12,241.25,241,241.25,32454
2026-06-16T13:10:00+05:30,241.25,241.3,241.08,241.2,64564
2026-06-16T13:15:00+05:30,241.2,241.2,240.9,240.92,55244
2026-06-16T13:20:00+05:30,241,241.15,240.9,241.15,50992
2026-06-16T13:25:00+05:30,241.12,241.25,241.01,241.2,59382
2026-06-16T13:30:00+05:30,241.2,241.2,241.02,241.12,18575
2026-06-16T13:35:00+05:30,241.19,241.64,241.06,241.37,92020
2026-06-16T13:40:00+05:30,241.33,241.37,240.93,241.02,272414
2026-06-16T13:45:00+05:30,241.02,241.1,240.81,240.95,54419
2026-06-16T13:50:00+05:30,241,241.01,240.9,240.91,84409
2026-06-16T13:55:00+05:30,241,241.25,240.81,240.93,253795
2026-06-16T14:00:00+05:30,240.88,240.96,240.7,240.8,178362
2026-06-16T14:05:00+05:30,240.76,242.29,240.75,242.24,1275131
2026-06-16T14:10:00+05:30,242.23,242.79,242.23,242.3,193943
2026-06-16T14:15:00+05:30,242.33,242.5,242.18,242.3,101753
2026-06-16T14:20:00+05:30,242.3,242.7,242.2,242.69,220284
2026-06-16T14:25:00+05:30,242.74,242.74,242.29,242.39,92372
2026-06-16T14:30:00+05:30,242.39,242.65,242.32,242.36,128001
2026-06-16T14:35:00+05:30,242.4,242.5,242.25,242.49,89977
2026-06-16T14:40:00+05:30,242.49,242.5,242,242.1,94542
2026-06-16T14:45:00+05:30,242.01,242.3,241.81,241.94,148901
2026-06-16T14:50:00+05:30,241.94,242.3,241.91,242.25,83200
2026-06-16T14:55:00+05:30,242.25,242.4,242.05,242.17,224909
2026-06-16T15:00:00+05:30,242.17,242.33,241.91,242.19,183352
2026-06-16T15:05:00+05:30,242.19,242.45,242.03,242.1,155342
2026-06-16T15:10:00+05:30,242.1,242.22,242.04,242.11,154989
2026-06-16T15:15:00+05:30,242.06,242.09,241.85,241.98,297501
2026-06-16T15:20:00+05:30,241.98,241.98,241.73,241.9,355717
2026-06-16T15:25:00+05:30,241.9,241.9,241.65,241.66,308732
2026-06-17T09:15:00+05:30,242.2,242.62,241.22,241.6,375777
2026-06-17T09:20:00+05:30,241.6,242.33,241.6,242.31,190157
2026-06-17T09:25:00+05:30,242.31,243.1,242.24,243.1,173775
2026-06-17T09:30:00+05:30,243.07,243.3,242.8,242.91,173530
2026-06-17T09:35:00+05:30,242.8,243.27,242.69,243.17,338815
2026-06-17T09:40:00+05:30,243.18,243.7,243.1,243.58,340070
2026-06-17T09:45:00+05:30,243.53,244.45,243.48,244.32,676453
2026-06-17T09:50:00+05:30,244.35,244.74,244.1,244.25,311282
2026-06-17T09:55:00+05:30,244.25,244.25,243.87,243.91,190890
2026-06-17T10:00:00+05:30,243.91,243.91,243.5,243.62,145842
2026-06-17T10:05:00+05:30,243.63,244.25,243.63,244.2,166702
2026-06-17T10:10:00+05:30,244.2,244.24,243.72,243.77,93775
2026-06-17T10:15:00+05:30,243.72,243.94,243.71,243.9,42598
2026-06-17T10:20:00+05:30,243.96,244,243.92,243.98,57800
2026-06-17T10:25:00+05:30,244,244.09,243.79,243.92,61573
2026-06-17T10:30:00+05:30,243.9,244.09,243.77,243.82,86520
2026-06-17T10:35:00+05:30,243.91,243.96,243.72,243.85,52805
2026-06-17T10:40:00+05:30,243.89,244.15,243.8,244.1,224457
2026-06-17T10:45:00+05:30,244.1,244.15,243.85,243.88,56504
2026-06-17T10:50:00+05:30,243.92,243.94,243.61,243.64,78433
2026-06-17T10:55:00+05:30,243.65,243.8,243.55,243.6,72620
2026-06-17T11:00:00+05:30,243.6,243.84,243.6,243.6,59641
2026-06-17T11:05:00+05:30,243.63,243.7,243.47,243.47,80361
2026-06-17T11:10:00+05:30,243.35,243.57,243.32,243.49,127477
2026-06-17T11:15:00+05:30,243.49,243.5,243.32,243.47,45882
2026-06-17T11:20:00+05:30,243.48,243.48,243.33,243.36,32033
2026-06-17T11:25:00+05:30,243.36,243.36,243.12,243.3,77642
2026-06-17T11:30:00+05:30,243.3,243.4,243.25,243.34,58616
2026-06-17T11:35:00+05:30,243.34,243.38,242.94,243,237032
2026-06-17T11:40:00+05:30,243,243.1,242.83,243,109417
2026-06-17T11:45:00+05:30,243,243,242.65,242.72,103567
2026-06-17T11:50:00+05:30,242.72,242.76,242.55,242.67,81001
2026-06-17T11:55:00+05:30,242.67,242.7,242.5,242.51,92959
2026-06-17T12:00:00+05:30,242.51,242.51,242.08,242.25,152910
2026-06-17T12:05:00+05:30,242.25,242.43,242.2,242.21,52892
2026-06-17T12:10:00+05:30,242.21,242.41,242.21,242.3,69408
2026-06-17T12:15:00+05:30,242.3,242.5,242.3,242.5,45704
2026-06-17T12:20:00+05:30,242.5,242.55,242.26,242.29,70418
2026-06-17T12:25:00+05:30,242.29,242.4,242.2,242.3,43076
2026-06-17T12:30:00+05:30,242.3,242.38,242.2,242.21,47223
2026-06-17T12:35:00+05:30,242.21,242.35,242.19,242.22,56001
2026-06-17T12:40:00+05:30,242.22,242.42,242.19,242.34,39057
2026-06-17T12:45:00+05:30,242.34,242.5,242.3,242.4,65609
2026-06-17T12:50:00+05:30,242.4,242.49,242.2,242.28,61683
2026-06-17T12:55:00+05:30,242.3,242.31,242.01,242.08,90441
2026-06-17T13:00:00+05:30,242.08,242.08,241.7,241.91,189337
2026-06-17T13:05:00+05:30,241.98,242,241.6,241.73,107476
2026-06-17T13:10:00+05:30,241.73,241.89,241.65,241.75,61218
2026-06-17T13:15:00+05:30,241.79,242.17,241.7,242.08,109716
2026-06-17T13:20:00+05:30,242.15,242.29,241.98,242.05,80398
2026-06-17T13:25:00+05:30,242.08,242.24,242,242.22,65357
2026-06-17T13:30:00+05:30,242.14,242.3,242.03,242.28,84008
2026-06-17T13:35:00+05:30,242.29,242.7,242.26,242.56,169811
2026-06-17T13:40:00+05:30,242.65,242.65,242.31,242.34,77299
2026-06-17T13:45:00+05:30,242.34,242.4,242.07,242.11,96649
2026-06-17T13:50:00+05:30,242.1,242.2,241.8,241.9,164207
2026-06-17T13:55:00+05:30,241.9,242.1,241.84,242.05,50361
2026-06-17T14:00:00+05:30,242.05,242.1,241.9,242.04,40432
2026-06-17T14:05:00+05:30,241.97,242.01,241.73,241.76,59666
2026-06-17T14:10:00+05:30,241.76,242.1,241.7,242.06,44972
2026-06-17T14:15:00+05:30,242.03,242.05,241.83,241.98,76809
2026-06-17T14:20:00+05:30,242,242,241.75,241.8,126951
2026-06-17T14:25:00+05:30,241.8,241.8,241.51,241.64,106433
2026-06-17T14:30:00+05:30,241.64,241.89,241.6,241.69,49020
2026-06-17T14:35:00+05:30,241.69,242,241.67,241.9,66015
2026-06-17T14:40:00+05:30,241.9,242.26,241.9,242.22,172627
2026-06-17T14:45:00+05:30,242.22,242.22,242.06,242.15,61464
2026-06-17T14:50:00+05:30,242.18,242.28,242.1,242.24,97380
2026-06-17T14:55:00+05:30,242.24,242.91,242.16,242.91,273530
2026-06-17T15:00:00+05:30,242.76,243.65,242.76,243.23,403442
2026-06-17T15:05:00+05:30,243.25,243.31,242.95,242.95,238488
2026-06-17T15:10:00+05:30,243,243.08,242.91,242.97,210771
2026-06-17T15:15:00+05:30,242.98,242.98,242.74,242.83,318551
2026-06-17T15:20:00+05:30,242.84,242.86,242.71,242.75,269056
2026-06-17T15:25:00+05:30,242.75,242.87,242.51,242.84,287440
2026-06-18T09:15:00+05:30,242.98,244.3,242.95,243.5,455090
2026-06-18T09:20:00+05:30,243.59,244.15,243.43,243.59,210414
2026-06-18T09:25:00+05:30,243.72,243.76,243.36,243.45,144325
2026-06-18T09:30:00+05:30,243.45,243.6,243.2,243.33,65052
2026-06-18T09:35:00+05:30,243.3,243.3,243,243.29,125968
2026-06-18T09:40:00+05:30,243.29,243.69,243.1,243.16,192674
2026-06-18T09:45:00+05:30,243.23,243.5,243.1,243.2,82210
2026-06-18T09:50:00+05:30,243.2,243.34,243.02,243.33,175107
2026-06-18T09:55:00+05:30,243.26,243.29,242.91,243,70352
2026-06-18T10:00:00+05:30,243,243.18,242.69,242.9,92432
2026-06-18T10:05:00+05:30,242.99,243.25,242.9,243.22,80108
2026-06-18T10:10:00+05:30,243.22,243.5,243.2,243.36,118726
2026-06-18T10:15:00+05:30,243.38,243.45,243,243.32,117059
2026-06-18T10:20:00+05:30,243.35,243.95,243.32,243.94,131100
2026-06-18T10:25:00+05:30,243.94,244.2,243.7,243.96,219150
2026-06-18T10:30:00+05:30,243.96,244.49,243.93,244.25,358119
2026-06-18T10:35:00+05:30,244.3,244.38,243.5,243.5,174561
2026-06-18T10:40:00+05:30,243.5,243.58,243.1,243.43,105032
2026-06-18T10:45:00+05:30,243.43,243.8,243.3,243.62,76287
2026-06-18T10:50:00+05:30,243.53,244.5,243.5,244.5,313094
2026-06-18T10:55:00+05:30,244.44,244.46,244.14,244.18,94456
2026-06-18T11:00:00+05:30,244.18,244.2,244.02,244.05,75516
2026-06-18T11:05:00+05:30,244.1,244.1,243.59,243.74,157067
2026-06-18T11:10:00+05:30,243.74,243.75,243.11,243.15,154562
2026-06-18T11:15:00+05:30,243.15,243.21,242.95,243.03,170674
2026-06-18T11:20:00+05:30,243.05,243.09,242.58,242.82,182746
2026-06-18T11:25:00+05:30,242.9,243.45,242.85,243.29,54034
2026-06-18T11:30:00+05:30,243.3,243.4,243.05,243.4,65386
2026-06-18T11:35:00+05:30,243.4,243.44,243.1,243.27,43248
2026-06-18T11:40:00+05:30,243.3,243.4,243.1,243.35,44388
2026-06-18T11:45:00+05:30,243.3,243.6,243.25,243.46,73712
2026-06-18T11:50:00+05:30,243.53,243.53,242.8,242.9,158051
2026-06-18T11:55:00+05:30,242.9,243.15,242.9,243.01,61911
2026-06-18T12:00:00+05:30,243.01,243.3,242.99,243.21,59166
2026-06-18T12:05:00+05:30,243.29,243.35,243.16,243.26,43841
2026-06-18T12:10:00+05:30,243.25,243.28,243.04,243.24,36908
2026-06-18T12:15:00+05:30,243.24,243.5,243.13,243.46,50430
2026-06-18T12:20:00+05:30,243.46,243.6,243.46,243.57,79435
2026-06-18T12:25:00+05:30,243.57,243.75,243.49,243.75,81610
2026-06-18T12:30:00+05:30,243.78,243.86,243.7,243.74,41374
2026-06-18T12:35:00+05:30,243.74,243.77,243.51,243.69,50248
2026-06-18T12:40:00+05:30,243.69,243.7,243.6,243.67,40578
2026-06-18T12:45:00+05:30,243.67,243.69,243.5,243.65,28039
2026-06-18T12:50:00+05:30,243.65,243.65,243.47,243.65,69553
2026-06-18T12:55:00+05:30,243.65,243.73,243.55,243.7,50078
2026-06-18T13:00:00+05:30,243.7,243.84,243.55,243.76,45572
2026-06-18T13:05:00+05:30,243.84,243.85,243.65,243.77,52162
2026-06-18T13:10:00+05:30,243.73,243.8,243.6,243.63,28575
2026-06-18T13:15:00+05:30,243.65,243.7,243.46,243.49,54344
2026-06-18T13:20:00+05:30,243.47,243.62,243.47,243.62,34257
2026-06-18T13:25:00+05:30,243.64,243.65,243.35,243.6,54751
2026-06-18T13:30:00+05:30,243.6,243.75,243.45,243.7,36634
2026-06-18T13:35:00+05:30,243.65,243.78,243.54,243.56,31729
2026-06-18T13:40:00+05:30,243.58,243.68,243.5,243.55,50413
2026-06-18T13:45:00+05:30,243.46,243.57,243.32,243.36,70821
2026-06-18T13:50:00+05:30,243.34,243.51,243.32,243.47,48710
2026-06-18T13:55:00+05:30,243.47,243.65,243.3,243.37,61168
2026-06-18T14:00:00+05:30,243.39,243.46,243.1,243.35,81234
2026-06-18T14:05:00+05:30,243.36,243.48,242.83,242.99,79987
2026-06-18T14:10:00+05:30,242.98,243.2,242.91,242.92,58946
2026-06-18T14:15:00+05:30,242.92,243,242.5,242.86,182552
2026-06-18T14:20:00+05:30,242.93,243.17,242.57,243.11,69002
2026-06-18T14:25:00+05:30,243.16,243.19,242.8,242.9,88105
2026-06-18T14:30:00+05:30,242.9,243,242.7,242.84,115191
2026-06-18T14:35:00+05:30,242.85,243.13,242.81,243,95749
2026-06-18T14:40:00+05:30,243,243,242.7,242.88,78994
2026-06-18T14:45:00+05:30,242.78,242.86,242.51,242.59,115487
2026-06-18T14:50:00+05:30,242.65,243.05,242.54,242.95,86113
2026-06-18T14:55:00+05:30,242.95,243.25,242.91,243.24,52858
2026-06-18T15:00:00+05:30,243.12,243.5,243.12,243.45,168607
2026-06-18T15:05:00+05:30,243.45,243.69,243.37,243.63,175486
2026-06-18T15:10:00+05:30,243.63,243.68,243.37,243.68,284288
2026-06-18T15:15:00+05:30,243.68,243.9,243.63,243.73,307730
2026-06-18T15:20:00+05:30,243.86,243.9,243.77,243.9,348492
2026-06-18T15:25:00+05:30,243.99,245,243.99,244.65,1170991
2026-06-19T09:15:00+05:30,244,244,242.4,243.8,607031
2026-06-19T09:20:00+05:30,243.8,243.89,243.51,243.6,212158
2026-06-19T09:25:00+05:30,243.6,243.8,243.26,243.8,213778
2026-06-19T09:30:00+05:30,243.8,244.5,243.59,244.1,365555
2026-06-19T09:35:00+05:30,244.05,244.05,243.31,243.4,231611
2026-06-19T09:40:00+05:30,243.43,244.16,243.4,243.91,137550
2026-06-19T09:45:00+05:30,243.91,244.25,243.84,244.2,117574
2026-06-19T09:50:00+05:30,244.27,244.9,244.24,244.7,241068
2026-06-19T09:55:00+05:30,244.83,244.93,244.65,244.89,189779
2026-06-19T10:00:00+05:30,244.88,245.4,244.6,245.37,392204
2026-06-19T10:05:00+05:30,245.37,246.38,245.28,245.95,661738
2026-06-19T10:10:00+05:30,246,246.65,245.75,246.57,461065
2026-06-19T10:15:00+05:30,246.6,246.8,245.99,245.99,427715
2026-06-19T10:20:00+05:30,246.02,246.33,245.9,246.04,316206
2026-06-19T10:25:00+05:30,246.1,246.1,245.4,245.48,261102
2026-06-19T10:30:00+05:30,245.48,245.64,245.16,245.45,328840
2026-06-19T10:35:00+05:30,245.41,245.42,245.05,245.34,124838
2026-06-19T10:40:00+05:30,245.34,245.4,245,245.35,203062
2026-06-19T10:45:00+05:30,245.34,245.4,245.17,245.22,69120
2026-06-19T10:50:00+05:30,245.25,245.3,244.8,245,174254
2026-06-19T10:55:00+05:30,245,245.14,244.74,244.99,125031
2026-06-19T11:00:00+05:30,244.99,245.23,244.79,245,122449
2026-06-19T11:05:00+05:30,245,245.02,244.7,244.93,96400
2026-06-19T11:10:00+05:30,244.93,245.55,244.93,245.55,173120
2026-06-19T11:15:00+05:30,245.59,245.6,245.36,245.46,107603
2026-06-19T11:20:00+05:30,245.5,245.5,245.16,245.29,70803
2026-06-19T11:25:00+05:30,245.28,245.32,245.12,245.32,49331
2026-06-19T11:30:00+05:30,245.37,245.9,245.18,245.86,90349
2026-06-19T11:35:00+05:30,245.89,245.97,245.79,245.94,111897
2026-06-19T11:40:00+05:30,245.9,245.96,245.71,245.83,158739
2026-06-19T11:45:00+05:30,245.84,245.84,245.34,245.46,117485
2026-06-19T11:50:00+05:30,245.46,245.48,245.06,245.18,84642
2026-06-19T11:55:00+05:30,245.19,246.55,245.05,246.12,389558
2026-06-19T12:00:00+05:30,246.15,246.23,245.71,245.8,66046
2026-06-19T12:05:00+05:30,245.9,245.97,245.46,245.46,58556
2026-06-19T12:10:00+05:30,245.46,245.62,245.41,245.6,58819
2026-06-19T12:15:00+05:30,245.6,245.7,245.4,245.48,38941
2026-06-19T12:20:00+05:30,245.47,245.61,245.42,245.5,70967
2026-06-19T12:25:00+05:30,245.5,246.06,245.5,245.92,63961
2026-06-19T12:30:00+05:30,245.95,246,245.73,245.93,77804
2026-06-19T12:35:00+05:30,245.93,245.93,245.5,245.67,64785
2026-06-19T12:40:00+05:30,245.56,245.65,244.89,245.39,158782
2026-06-19T12:45:00+05:30,245.39,245.69,245.24,245.52,61485
2026-06-19T12:50:00+05:30,245.52,245.65,245.51,245.63,33859
2026-06-19T12:55:00+05:30,245.63,245.65,245.01,245.25,69781
2026-06-19T13:00:00+05:30,245.25,245.37,244.32,244.45,177686
2026-06-19T13:05:00+05:30,244.45,244.81,244.31,244.43,134745
2026-06-19T13:10:00+05:30,244.43,244.79,244.15,244.79,131578
2026-06-19T13:15:00+05:30,244.81,244.88,244.46,244.6,55271
2026-06-19T13:20:00+05:30,244.5,244.7,244.4,244.43,51267
2026-06-19T13:25:00+05:30,244.52,244.95,244.44,244.95,41090
2026-06-19T13:30:00+05:30,244.85,245.49,244.78,245.39,164667
2026-06-19T13:35:00+05:30,245.39,245.59,245.22,245.52,116405
2026-06-19T13:40:00+05:30,245.52,246.15,245.24,245.94,303794
2026-06-19T13:45:00+05:30,245.94,246.85,245.84,246.46,295823
2026-06-19T13:50:00+05:30,246.46,246.46,245.9,245.95,112375
2026-06-19T13:55:00+05:30,245.95,246.24,245.9,246.17,91811
2026-06-19T14:00:00+05:30,246.26,246.37,245.69,245.87,136720
2026-06-19T14:05:00+05:30,245.87,246.2,245.52,245.9,289728
2026-06-19T14:10:00+05:30,245.9,246.27,245.4,246.14,294237
2026-06-19T14:15:00+05:30,246.25,246.5,245.71,246.05,629944
2026-06-19T14:20:00+05:30,246.12,246.12,242.59,242.94,1151858
2026-06-19T14:25:00+05:30,242.98,243.68,242.52,242.82,397654
2026-06-19T14:30:00+05:30,242.81,243.95,242.61,243.88,269859
2026-06-19T14:35:00+05:30,243.88,244.79,243.67,244.31,405314
2026-06-19T14:40:00+05:30,244.31,244.37,243.55,243.85,193428
2026-06-19T14:45:00+05:30,243.82,243.89,243.01,243.6,187051
2026-06-19T14:50:00+05:30,243.6,243.6,242.5,242.61,577708
2026-06-19T14:55:00+05:30,242.61,242.85,242.21,242.38,404354
2026-06-19T15:00:00+05:30,242.28,244.44,242.03,244.28,1668360
2026-06-19T15:05:00+05:30,244.24,244.73,244.24,244.65,1040181
2026-06-19T15:10:00+05:30,244.65,245,244.56,244.87,996986
2026-06-19T15:15:00+05:30,244.8,245,244.3,244.95,1252620
2026-06-19T15:20:00+05:30,244.9,244.99,244.75,244.78,1132562
2026-06-19T15:25:00+05:30,244.8,245,244.58,244.9,1130170
2026-06-22T09:15:00+05:30,245,245.49,244.65,244.96,425264
2026-06-22T09:20:00+05:30,244.91,246,244.61,245.9,335248
2026-06-22T09:25:00+05:30,245.92,246.4,245.7,245.84,526428
2026-06-22T09:30:00+05:30,245.85,246.1,245.65,245.95,139723
2026-06-22T09:35:00+05:30,245.89,245.96,245.55,245.6,212793
2026-06-22T09:40:00+05:30,245.6,245.85,245.32,245.33,181064
2026-06-22T09:45:00+05:30,245.33,245.51,245.03,245.4,159318
2026-06-22T09:50:00+05:30,245.38,245.49,245.16,245.34,80651
2026-06-22T09:55:00+05:30,245.35,245.59,245.22,245.35,99334
2026-06-22T10:00:00+05:30,245.36,245.46,245.01,245.01,159379
2026-06-22T10:05:00+05:30,244.85,245.83,244.81,245.83,219208
2026-06-22T10:10:00+05:30,245.84,245.85,245.44,245.59,86462
2026-06-22T10:15:00+05:30,245.59,245.75,245.5,245.55,36025
2026-06-22T10:20:00+05:30,245.55,245.58,245.25,245.25,52588
2026-06-22T10:25:00+05:30,245.34,245.5,245.25,245.45,41220
2026-06-22T10:30:00+05:30,245.42,245.5,245.2,245.3,76663
2026-06-22T10:35:00+05:30,245.37,245.7,245.27,245.69,62393
2026-06-22T10:40:00+05:30,245.7,245.75,245.49,245.67,48653
2026-06-22T10:45:00+05:30,245.67,245.88,245.56,245.75,57979
2026-06-22T10:50:00+05:30,245.75,245.79,245.6,245.69,54083
2026-06-22T10:55:00+05:30,245.6,245.99,245.6,245.87,97458
2026-06-22T11:00:00+05:30,245.92,245.94,245.5,245.54,57075
2026-06-22T11:05:00+05:30,245.61,245.72,245.5,245.66,45041
2026-06-22T11:10:00+05:30,245.66,245.68,245.52,245.62,31138
2026-06-22T11:15:00+05:30,245.62,245.7,245.55,245.64,58201
2026-06-22T11:20:00+05:30,245.64,245.64,245.45,245.5,55378
2026-06-22T11:25:00+05:30,245.5,245.63,245.5,245.6,37132
2026-06-22T11:30:00+05:30,245.6,245.6,245.5,245.59,24049
2026-06-22T11:35:00+05:30,245.59,245.75,245.5,245.73,51648
2026-06-22T11:40:00+05:30,245.73,245.74,245.32,245.45,86217
2026-06-22T11:45:00+05:30,245.45,245.5,245.33,245.43,37166
2026-06-22T11:50:00+05:30,245.43,245.43,245.04,245.18,55497
2026-06-22T11:55:00+05:30,245.19,245.27,245.04,245.16,36883
2026-06-22T12:00:00+05:30,245.16,245.25,244.69,244.75,164843
2026-06-22T12:05:00+05:30,244.75,244.8,244.57,244.68,45988
2026-06-22T12:10:00+05:30,244.68,244.79,244.55,244.75,59463
2026-06-22T12:15:00+05:30,244.75,244.91,244.74,244.8,51565
2026-06-22T12:20:00+05:30,244.8,244.89,244.58,244.71,42291
2026-06-22T12:25:00+05:30,244.77,244.86,244.56,244.69,57365
2026-06-22T12:30:00+05:30,244.77,244.88,244.55,244.66,46153
2026-06-22T12:35:00+05:30,244.66,244.82,244.45,244.56,106346
2026-06-22T12:40:00+05:30,244.56,244.74,244.55,244.6,55223
2026-06-22T12:45:00+05:30,244.63,244.71,244.45,244.56,56899
2026-06-22T12:50:00+05:30,244.56,244.75,243.25,244.09,335331
2026-06-22T12:55:00+05:30,244.09,244.24,243.87,244.05,75384
2026-06-22T13:00:00+05:30,244.11,244.19,243.97,244.07,101071
2026-06-22T13:05:00+05:30,244.07,244.17,243.95,244.04,103189
2026-06-22T13:10:00+05:30,243.95,244.01,243.76,243.95,103839
2026-06-22T13:15:00+05:30,243.89,244.35,243.83,244.23,38108
2026-06-22T13:20:00+05:30,244.22,244.22,243.95,244.07,21915
2026-06-22T13:25:00+05:30,244.08,244.09,243.95,244,21615
2026-06-22T13:30:00+05:30,244,244.28,243.86,244.15,40999
2026-06-22T13:35:00+05:30,244.19,244.3,244.01,244.08,33857
2026-06-22T13:40:00+05:30,244.08,244.32,243.89,244.06,65639
2026-06-22T13:45:00+05:30,244.08,244.23,243.95,243.97,48641
2026-06-22T13:50:00+05:30,243.97,244,243.9,244,37968
2026-06-22T13:55:00+05:30,244,244.41,243.9,244.2,86245
2026-06-22T14:00:00+05:30,244.2,244.35,244.09,244.11,34250
2026-06-22T14:05:00+05:30,244.18,244.37,243.95,243.96,36639
2026-06-22T14:10:00+05:30,243.95,244.15,243.83,243.86,51540
2026-06-22T14:15:00+05:30,243.85,244,243.81,244,42293
2026-06-22T14:20:00+05:30,244,244,243.67,243.9,49285
2026-06-22T14:25:00+05:30,243.85,244,243.83,243.99,60222
2026-06-22T14:30:00+05:30,244,244.14,243.8,244,129182
2026-06-22T14:35:00+05:30,244,244,243.8,243.86,64066
2026-06-22T14:40:00+05:30,243.86,243.93,243.76,243.86,41843
2026-06-22T14:45:00+05:30,243.86,243.99,243.8,243.9,24944
2026-06-22T14:50:00+05:30,243.9,243.99,243.81,243.86,43262
2026-06-22T14:55:00+05:30,243.86,243.97,243.76,243.88,53972
2026-06-22T15:00:00+05:30,243.85,243.96,243.4,243.47,203077
2026-06-22T15:05:00+05:30,243.47,243.47,243.01,243.11,264641
2026-06-22T15:10:00+05:30,243.11,243.56,243.09,243.44,261442
2026-06-22T15:15:00+05:30,243.44,243.65,243.32,243.4,255289
2026-06-22T15:20:00+05:30,243.42,243.5,243.17,243.31,365235
2026-06-22T15:25:00+05:30,243.31,243.54,243.2,243.5,528555
2026-06-23T09:15:00+05:30,244,244.19,243.3,243.81,366466
2026-06-23T09:20:00+05:30,243.83,244.1,243.8,244,190283
2026-06-23T09:25:00+05:30,244,244,243.42,243.56,102873
2026-06-23T09:30:00+05:30,243.54,243.76,243.1,243.1,134866
2026-06-23T09:35:00+05:30,243.14,243.19,242.95,243.15,215719
2026-06-23T09:40:00+05:30,243.17,243.25,242.89,242.97,126308
2026-06-23T09:45:00+05:30,242.98,243.5,242.96,243.5,76798
2026-06-23T09:50:00+05:30,243.45,243.94,243.42,243.79,79902
2026-06-23T09:55:00+05:30,243.77,243.85,243.31,243.62,81772
2026-06-23T10:00:00+05:30,243.65,243.79,243.56,243.7,40709
2026-06-23T10:05:00+05:30,243.65,243.7,243.42,243.6,78910
2026-06-23T10:10:00+05:30,243.65,243.65,243.4,243.49,63432
2026-06-23T10:15:00+05:30,243.49,243.75,243.35,243.68,105758
2026-06-23T10:20:00+05:30,243.68,243.83,243.62,243.73,36969
2026-06-23T10:25:00+05:30,243.71,243.71,243.32,243.32,218406
2026-06-23T10:30:00+05:30,243.41,243.41,243.11,243.36,41522
2026-06-23T10:35:00+05:30,243.36,243.73,243.26,243.4,68765
2026-06-23T10:40:00+05:30,243.45,243.55,243.26,243.32,44534
2026-06-23T10:45:00+05:30,243.31,243.31,242.95,243.17,77591
2026-06-23T10:50:00+05:30,243.17,243.2,242.95,242.96,42352
2026-06-23T10:55:00+05:30,242.97,243.07,242.81,242.82,163412
2026-06-23T11:00:00+05:30,242.8,242.83,242.5,242.74,76139
2026-06-23T11:05:00+05:30,242.74,242.9,242.64,242.89,87785
2026-06-23T11:10:00+05:30,242.89,243.03,242.72,242.84,49762
2026-06-23T11:15:00+05:30,242.84,243.01,242.6,242.77,66557
2026-06-23T11:20:00+05:30,242.77,242.77,242.55,242.55,50171
2026-06-23T11:25:00+05:30,242.55,242.61,242.1,242.21,113828
2026-06-23T11:30:00+05:30,242.34,242.35,241.8,241.95,228836
2026-06-23T11:35:00+05:30,241.95,242.07,241.84,241.95,34130
2026-06-23T11:40:00+05:30,241.95,242.05,241.6,241.63,88010
2026-06-23T11:45:00+05:30,241.63,241.66,241.08,241.19,174989
2026-06-23T11:50:00+05:30,241.19,241.25,241.05,241.1,104167
2026-06-23T11:55:00+05:30,241.1,241.17,240.21,240.51,298593
2026-06-23T12:00:00+05:30,240.51,240.7,240.11,240.11,179876
2026-06-23T12:05:00+05:30,240.22,240.24,239.74,239.96,324403
2026-06-23T12:10:00+05:30,239.96,240.13,239.68,240.05,258792
2026-06-23T12:15:00+05:30,240.05,240.29,240,240.2,118909
2026-06-23T12:20:00+05:30,240.2,240.2,239.75,239.99,328987
2026-06-23T12:25:00+05:30,240,240.65,239.99,240.38,184071
2026-06-23T12:30:00+05:30,240.44,240.44,240.07,240.32,85271
2026-06-23T12:35:00+05:30,240.3,240.37,240.08,240.27,111267
2026-06-23T12:40:00+05:30,240.23,240.38,240.16,240.27,71787
2026-06-23T12:45:00+05:30,240.27,240.34,240,240.01,115436
2026-06-23T12:50:00+05:30,240.05,240.2,239.99,240.1,136820
2026-06-23T12:55:00+05:30,240.1,240.14,239.85,239.89,101669
2026-06-23T13:00:00+05:30,239.89,239.9,239.55,239.76,95175
2026-06-23T13:05:00+05:30,239.8,239.98,239.77,239.8,136799
2026-06-23T13:10:00+05:30,239.85,239.94,239.59,239.59,194755
2026-06-23T13:15:00+05:30,239.59,239.67,239.2,239.43,280844
2026-06-23T13:20:00+05:30,239.44,240,239.41,239.58,352988
2026-06-23T13:25:00+05:30,239.65,239.65,239.09,239.2,105029
2026-06-23T13:30:00+05:30,239.25,239.45,239.14,239.19,185212
2026-06-23T13:35:00+05:30,239.15,239.29,239.02,239.11,62026
2026-06-23T13:40:00+05:30,239.11,239.6,239.1,239.5,159234
2026-06-23T13:45:00+05:30,239.5,239.6,239.32,239.56,53878
2026-06-23T13:50:00+05:30,239.56,239.56,238.82,238.85,175594
2026-06-23T13:55:00+05:30,238.9,238.9,238.47,238.6,181955
2026-06-23T14:00:00+05:30,238.66,239.23,238.58,239.22,66937
2026-06-23T14:05:00+05:30,239.18,239.31,239.01,239.25,52333
2026-06-23T14:10:00+05:30,239.16,239.64,239.15,239.5,53640
2026-06-23T14:15:00+05:30,239.5,239.85,239.36,239.5,82915
2026-06-23T14:20:00+05:30,239.5,239.75,239.4,239.71,67088
2026-06-23T14:25:00+05:30,239.75,239.79,239.32,239.56,65913
2026-06-23T14:30:00+05:30,239.56,239.65,239.2,239.3,43163
2026-06-23T14:35:00+05:30,239.3,239.48,239.12,239.15,57727
2026-06-23T14:40:00+05:30,239.15,239.71,239.01,239.44,159035
2026-06-23T14:45:00+05:30,239.44,239.44,238.76,238.8,138798
2026-06-23T14:50:00+05:30,238.8,239.27,238.71,239.18,100994
2026-06-23T14:55:00+05:30,239.18,239.35,238.93,239.11,182641
2026-06-23T15:00:00+05:30,239.18,239.25,237.82,238.01,425220
2026-06-23T15:05:00+05:30,238.01,238.4,238.01,238.18,346454
2026-06-23T15:10:00+05:30,238.18,238.31,237.9,238,324134
2026-06-23T15:15:00+05:30,238,238,237.3,237.51,387714
2026-06-23T15:20:00+05:30,237.51,237.74,237.43,237.53,384647
2026-06-23T15:25:00+05:30,237.55,237.55,237.2,237.33,448710
2026-06-24T09:15:00+05:30,237.76,238.65,237.11,238.14,344351
2026-06-24T09:20:00+05:30,238.24,238.42,237.7,238.28,186800
2026-06-24T09:25:00+05:30,238.28,238.3,237.21,237.45,205418
2026-06-24T09:30:00+05:30,237.45,237.56,236.74,236.98,278955
2026-06-24T09:35:00+05:30,237.02,237.38,236.5,236.61,171756
2026-06-24T09:40:00+05:30,236.61,236.96,236.05,236.23,207066
2026-06-24T09:45:00+05:30,236.11,236.2,235.41,235.42,263072
2026-06-24T09:50:00+05:30,235.4,235.73,235.3,235.73,187833
2026-06-24T09:55:00+05:30,235.69,236.25,235.65,236.11,142416
2026-06-24T10:00:00+05:30,236.18,237.18,236.18,237.05,160148
2026-06-24T10:05:00+05:30,237.05,237.44,236.83,237.44,116374
2026-06-24T10:10:00+05:30,237.49,237.82,237.4,237.6,161862
2026-06-24T10:15:00+05:30,237.6,237.75,237.4,237.49,94034
2026-06-24T10:20:00+05:30,237.4,237.89,237.4,237.89,76783
2026-06-24T10:25:00+05:30,238.06,238.17,237.4,237.4,197079
2026-06-24T10:30:00+05:30,237.4,237.65,237.3,237.42,73239
2026-06-24T10:35:00+05:30,237.5,237.59,237.18,237.2,59834
2026-06-24T10:40:00+05:30,237.2,237.59,237.1,237.15,62807
2026-06-24T10:45:00+05:30,237.11,237.47,237.11,237.27,50115
2026-06-24T10:50:00+05:30,237.25,237.45,237.15,237.32,35687
2026-06-24T10:55:00+05:30,237.32,237.55,237.07,237.5,42731
2026-06-24T11:00:00+05:30,237.5,237.72,237.46,237.51,63877
2026-06-24T11:05:00+05:30,237.57,238.09,237.51,238.07,95435
2026-06-24T11:10:00+05:30,238.07,238.38,237.9,238,149882
2026-06-24T11:15:00+05:30,238.03,238.2,237.63,237.7,83800
2026-06-24T11:20:00+05:30,237.7,238.02,237.59,237.81,158433
2026-06-24T11:25:00+05:30,237.75,237.9,237.46,237.61,80281
2026-06-24T11:30:00+05:30,237.68,237.68,237.28,237.44,56914
2026-06-24T11:35:00+05:30,237.44,237.8,237.38,237.77,56252
2026-06-24T11:40:00+05:30,237.77,238.22,237.5,237.76,128751
2026-06-24T11:45:00+05:30,237.8,238.25,237.59,238.15,176986
2026-06-24T11:50:00+05:30,238.19,238.23,238.01,238.17,43648
2026-06-24T11:55:00+05:30,238.09,238.42,237.97,238.07,149240
2026-06-24T12:00:00+05:30,238.12,238.28,238,238.18,41796
2026-06-24T12:05:00+05:30,238.18,238.3,238,238.01,96775
2026-06-24T12:10:00+05:30,238.01,238.01,237.72,237.85,164796
2026-06-24T12:15:00+05:30,237.85,238.4,237.84,238.3,104861
2026-06-24T12:20:00+05:30,238.3,238.35,238.15,238.21,65067
2026-06-24T12:25:00+05:30,238.3,238.3,238,238.01,95859
2026-06-24T12:30:00+05:30,238.01,238.11,237.83,238.11,82480
2026-06-24T12:35:00+05:30,238.09,238.22,238,238.2,136267
2026-06-24T12:40:00+05:30,238.2,238.25,238.03,238.1,36951
2026-06-24T12:45:00+05:30,238.1,238.18,237.9,237.93,33680
2026-06-24T12:50:00+05:30,237.93,238.2,237.91,238.01,41366
2026-06-24T12:55:00+05:30,238.01,238.26,237.92,238.19,78484
2026-06-24T13:00:00+05:30,238.25,238.25,238.08,238.11,32716
2026-06-24T13:05:00+05:30,238.15,238.8,238.14,238.8,159857
2026-06-24T13:10:00+05:30,238.6,239.14,238.6,239,167690
2026-06-24T13:15:00+05:30,239,239.2,238.84,238.94,126936
2026-06-24T13:20:00+05:30,238.94,239.25,238.9,239,142256
2026-06-24T13:25:00+05:30,239,239.2,238.96,239.14,78410
2026-06-24T13:30:00+05:30,239.19,239.4,239.1,239.33,75487
2026-06-24T13:35:00+05:30,239.33,239.6,239.02,239.09,127822
2026-06-24T13:40:00+05:30,239.02,239.25,239.01,239.07,77274
2026-06-24T13:45:00+05:30,239.1,239.47,239.07,239.35,82107
2026-06-24T13:50:00+05:30,239.4,239.47,239.26,239.26,66314
2026-06-24T13:55:00+05:30,239.3,239.43,239.04,239.05,120588
2026-06-24T14:00:00+05:30,239.15,239.15,238.9,238.91,139535
2026-06-24T14:05:00+05:30,238.95,239.13,238.8,239.11,88746
2026-06-24T14:10:00+05:30,239.14,239.44,239.14,239.35,101418
2026-06-24T14:15:00+05:30,239.31,239.43,239.16,239.27,64359
2026-06-24T14:20:00+05:30,239.27,239.27,239,239.1,67909
2026-06-24T14:25:00+05:30,239.08,239.24,239.04,239.09,52225
2026-06-24T14:30:00+05:30,239.14,239.16,238.85,238.97,148915
2026-06-24T14:35:00+05:30,239.03,239.1,238.72,239.05,110815
2026-06-24T14:40:00+05:30,239.07,239.58,239,239.39,158167
2026-06-24T14:45:00+05:30,239.45,239.45,239,239.17,73163
2026-06-24T14:50:00+05:30,239.17,239.58,239.17,239.38,117871
2026-06-24T14:55:00+05:30,239.36,239.59,239.12,239.3,108962
2026-06-24T15:00:00+05:30,239.21,239.75,239,239.37,312681
2026-06-24T15:05:00+05:30,239.35,239.35,238.9,238.97,219658
2026-06-24T15:10:00+05:30,238.86,239.01,238.57,238.64,313398
2026-06-24T15:15:00+05:30,238.55,239,238.51,238.56,209559
2026-06-24T15:20:00+05:30,238.5,238.85,238.5,238.65,345831
2026-06-24T15:25:00+05:30,238.7,238.75,238.51,238.72,273106
2026-06-25T09:15:00+05:30,240.05,240.9,239.85,240.2,298291
2026-06-25T09:20:00+05:30,240.15,241.93,240.06,241.15,446476
2026-06-25T09:25:00+05:30,241.07,241.43,240.86,241.1,158630
2026-06-25T09:30:00+05:30,241.06,241.21,240.85,241.08,184688
2026-06-25T09:35:00+05:30,241.08,241.45,240.81,240.88,150728
2026-06-25T09:40:00+05:30,240.9,241.11,240.54,240.83,124254
2026-06-25T09:45:00+05:30,240.76,241.23,240.74,240.91,160275
2026-06-25T09:50:00+05:30,240.91,241.35,240.87,241.04,122901
2026-06-25T09:55:00+05:30,241.03,241.2,240.8,240.85,95720
2026-06-25T10:00:00+05:30,240.84,240.99,240.66,240.98,74730
2026-06-25T10:05:00+05:30,240.99,240.99,240.63,240.84,141082
2026-06-25T10:10:00+05:30,240.9,241.45,240.72,241.31,115157
2026-06-25T10:15:00+05:30,241.34,241.59,241.21,241.3,162472
2026-06-25T10:20:00+05:30,241.29,241.29,240.98,241.05,56452
2026-06-25T10:25:00+05:30,241,241.06,240.82,240.85,63386
2026-06-25T10:30:00+05:30,240.9,241.25,240.87,241.01,75701
2026-06-25T10:35:00+05:30,241,241.11,240.65,240.76,126035
2026-06-25T10:40:00+05:30,240.78,240.99,240.7,240.95,70251
2026-06-25T10:45:00+05:30,240.94,240.99,240.8,240.87,42183
2026-06-25T10:50:00+05:30,240.8,240.86,240.48,240.53,63182
2026-06-25T10:55:00+05:30,240.53,241.4,240.5,241.12,207737
2026-06-25T11:00:00+05:30,241.13,241.15,240.67,240.96,75766
2026-06-25T11:05:00+05:30,240.96,240.99,240.6,240.68,69275
2026-06-25T11:10:00+05:30,240.68,240.74,240.54,240.68,31371
2026-06-25T11:15:00+05:30,240.63,240.82,240.62,240.75,36772
2026-06-25T11:20:00+05:30,240.75,240.78,240.6,240.72,31187
2026-06-25T11:25:00+05:30,240.65,240.72,240.43,240.52,67648
2026-06-25T11:30:00+05:30,240.51,240.59,240.19,240.3,79525
2026-06-25T11:35:00+05:30,240.3,240.69,240.2,240.55,40519
2026-06-25T11:40:00+05:30,240.63,240.68,240.45,240.51,22057
2026-06-25T11:45:00+05:30,240.51,240.51,240.25,240.27,17839
2026-06-25T11:50:00+05:30,240.27,240.5,240.27,240.46,33352
2026-06-25T11:55:00+05:30,240.46,240.7,240.35,240.5,25844
2026-06-25T12:00:00+05:30,240.5,240.89,240.45,240.89,47060
2026-06-25T12:05:00+05:30,240.89,240.93,240.48,240.61,41215
2026-06-25T12:10:00+05:30,240.61,240.7,240.35,240.35,29784
2026-06-25T12:15:00+05:30,240.43,240.45,240.1,240.29,44547
2026-06-25T12:20:00+05:30,240.2,240.3,239.8,239.9,128082
2026-06-25T12:25:00+05:30,239.9,240.39,239.84,240.33,117330
2026-06-25T12:30:00+05:30,240.27,240.4,240.05,240.2,32302
2026-06-25T12:35:00+05:30,240.13,240.6,240.13,240.48,52856
2026-06-25T12:40:00+05:30,240.49,240.57,240.2,240.27,24507
2026-06-25T12:45:00+05:30,240.18,240.33,240.1,240.22,34416
2026-06-25T12:50:00+05:30,240.15,240.5,240.07,240.49,25484
2026-06-25T12:55:00+05:30,240.5,240.53,240.29,240.42,44216
2026-06-25T13:00:00+05:30,240.42,240.6,240.22,240.55,26681
2026-06-25T13:05:00+05:30,240.55,240.9,240.49,240.9,57087
2026-06-25T13:10:00+05:30,240.9,240.99,240.51,240.69,52945
2026-06-25T13:15:00+05:30,240.65,241.1,240.55,241.1,147546
2026-06-25T13:20:00+05:30,241.08,241.25,241,241.18,72546
2026-06-25T13:25:00+05:30,241.19,241.19,240.65,241.08,142825
2026-06-25T13:30:00+05:30,241.09,241.1,241,241.08,37221
2026-06-25T13:35:00+05:30,241,241.05,240.81,240.95,179057
2026-06-25T13:40:00+05:30,241.03,241.1,240.96,241.09,54521
2026-06-25T13:45:00+05:30,241.04,241.1,241,241.08,24782
2026-06-25T13:50:00+05:30,241.01,241.08,240.78,240.83,174452
2026-06-25T13:55:00+05:30,240.8,240.96,240.72,240.79,37800
2026-06-25T14:00:00+05:30,240.77,240.95,240.7,240.85,77491
2026-06-25T14:05:00+05:30,240.8,241,240.8,240.9,28926
2026-06-25T14:10:00+05:30,240.89,240.89,240.25,240.4,110326
2026-06-25T14:15:00+05:30,240.34,240.5,240.07,240.4,83217
2026-06-25T14:20:00+05:30,240.4,240.46,240,240.36,91781
2026-06-25T14:25:00+05:30,240.22,240.32,240.01,240.26,57699
2026-06-25T14:30:00+05:30,240.21,240.45,240.12,240.34,71562
2026-06-25T14:35:00+05:30,240.35,240.45,240.19,240.19,78089
2026-06-25T14:40:00+05:30,240.2,240.21,239.77,239.95,391498
2026-06-25T14:45:00+05:30,239.95,240.15,239.91,240.02,155818
2026-06-25T14:50:00+05:30,239.98,240.14,239.98,240.13,156014
2026-06-25T14:55:00+05:30,240.14,240.14,239.92,240.1,92757
2026-06-25T15:00:00+05:30,240.1,240.1,239.11,239.9,544740
2026-06-25T15:05:00+05:30,239.9,240.12,239.68,240.02,214177
2026-06-25T15:10:00+05:30,240.02,240.02,239.63,239.63,373675
2026-06-25T15:15:00+05:30,239.63,239.68,239,239.2,360903
2026-06-25T15:20:00+05:30,239.2,239.2,238.64,238.78,320864
2026-06-25T15:25:00+05:30,238.78,239,238.5,239,321619
2026-06-29T09:15:00+05:30,239,239.2,237.81,238.12,400166
2026-06-29T09:20:00+05:30,238.11,238.2,237.66,237.93,216309
2026-06-29T09:25:00+05:30,237.87,238.91,237.71,238.4,119233
2026-06-29T09:30:00+05:30,238.44,238.58,237.29,237.29,180862
2026-06-29T09:35:00+05:30,237.29,237.6,237,237.58,177542
2026-06-29T09:40:00+05:30,237.6,237.89,237.55,237.7,93679
2026-06-29T09:45:00+05:30,237.7,237.8,237.49,237.5,140673
2026-06-29T09:50:00+05:30,237.55,237.69,237.27,237.38,73078
2026-06-29T09:55:00+05:30,237.3,237.65,237.23,237.52,72552
2026-06-29T10:00:00+05:30,237.51,237.89,237.4,237.45,153735
2026-06-29T10:05:00+05:30,237.44,237.82,237.33,237.62,89695
2026-06-29T10:10:00+05:30,237.64,237.8,237.59,237.66,60112
2026-06-29T10:15:00+05:30,237.69,237.73,237.27,237.41,95341
2026-06-29T10:20:00+05:30,237.37,237.98,237.3,237.88,93726
2026-06-29T10:25:00+05:30,237.87,238.14,237.82,237.99,163016
2026-06-29T10:30:00+05:30,237.99,238.06,237.76,238.05,56492
2026-06-29T10:35:00+05:30,237.96,238.2,237.8,238.2,48120
2026-06-29T10:40:00+05:30,238.13,238.2,237.85,238.14,98565
2026-06-29T10:45:00+05:30,238.14,238.17,237.75,238,80524
2026-06-29T10:50:00+05:30,238,238,237.61,237.65,28376
2026-06-29T10:55:00+05:30,237.7,238,237.7,237.97,33080
2026-06-29T11:00:00+05:30,237.97,238.13,237.72,238.13,73024
2026-06-29T11:05:00+05:30,238.13,238.13,237.76,238.1,39600
2026-06-29T11:10:00+05:30,238.1,238.1,237.81,237.87,17368
2026-06-29T11:15:00+05:30,237.87,238,237.8,237.89,26228
2026-06-29T11:20:00+05:30,237.89,238.05,237.81,237.95,22121
2026-06-29T11:25:00+05:30,237.9,237.95,237.55,237.55,69688
2026-06-29T11:30:00+05:30,237.73,238.17,237.1,237.32,283328
2026-06-29T11:35:00+05:30,237.33,238.09,237.33,238.05,182640
2026-06-29T11:40:00+05:30,238.05,238.3,237.72,238.23,358393
2026-06-29T11:45:00+05:30,238.19,238.29,237.89,237.98,44256
2026-06-29T11:50:00+05:30,237.9,237.94,237.56,237.6,42742
2026-06-29T11:55:00+05:30,237.61,237.75,237.51,237.67,61313
2026-06-29T12:00:00+05:30,237.67,237.75,237.35,237.4,82801
2026-06-29T12:05:00+05:30,237.4,237.48,237.21,237.36,52419
2026-06-29T12:10:00+05:30,237.4,237.4,236.83,237.12,187938
2026-06-29T12:15:00+05:30,237.12,237.16,236.71,236.89,109278
2026-06-29T12:20:00+05:30,236.8,237.05,236.8,237.03,40584
2026-06-29T12:25:00+05:30,237.03,237.33,236.2,236.62,486227
2026-06-29T12:30:00+05:30,236.6,236.63,236.12,236.37,97765
2026-06-29T12:35:00+05:30,236.37,236.74,235.92,236.54,583137
2026-06-29T12:40:00+05:30,236.5,236.64,236.39,236.51,53449
2026-06-29T12:45:00+05:30,236.47,236.66,236.42,236.53,48221
2026-06-29T12:50:00+05:30,236.53,237.07,236.35,236.55,336648
2026-06-29T12:55:00+05:30,236.51,236.75,236.51,236.72,54230
2026-06-29T13:00:00+05:30,236.72,236.75,236.5,236.64,24707
2026-06-29T13:05:00+05:30,236.72,236.92,236.6,236.9,42907
2026-06-29T13:10:00+05:30,236.93,236.93,236.58,236.61,80991
2026-06-29T13:15:00+05:30,236.64,236.64,236.34,236.5,41393
2026-06-29T13:20:00+05:30,236.5,236.56,236.37,236.43,51446
2026-06-29T13:25:00+05:30,236.43,236.65,236.35,236.65,33957
2026-06-29T13:30:00+05:30,236.65,236.9,236.55,236.64,29236
2026-06-29T13:35:00+05:30,236.69,236.92,236.55,236.74,58159
2026-06-29T13:40:00+05:30,236.74,236.75,236.31,236.35,90899
2026-06-29T13:45:00+05:30,236.35,236.4,236.21,236.23,40176
2026-06-29T13:50:00+05:30,236.22,236.37,236.12,236.31,33311
2026-06-29T13:55:00+05:30,236.31,236.65,236.25,236.32,107555
2026-06-29T14:00:00+05:30,236.39,236.44,236.26,236.34,27626
2026-06-29T14:05:00+05:30,236.3,236.52,236.3,236.36,26040
2026-06-29T14:10:00+05:30,236.35,236.5,236.3,236.49,22823
2026-06-29T14:15:00+05:30,236.49,236.72,236.26,236.55,104272
2026-06-29T14:20:00+05:30,236.6,236.95,236.5,236.61,46509
2026-06-29T14:25:00+05:30,236.64,236.78,236.5,236.56,29775
2026-06-29T14:30:00+05:30,236.56,236.95,236.52,236.85,43226
2026-06-29T14:35:00+05:30,236.83,236.98,236.6,236.73,40723
2026-06-29T14:40:00+05:30,236.73,236.97,236.72,236.77,41862
2026-06-29T14:45:00+05:30,236.74,236.86,236.63,236.77,37671
2026-06-29T14:50:00+05:30,236.75,236.78,236.4,236.53,48795
2026-06-29T14:55:00+05:30,236.55,236.67,236.3,236.35,85195
2026-06-29T15:00:00+05:30,236.48,237.15,236.37,236.87,381177
2026-06-29T15:05:00+05:30,236.84,237.08,236.71,237.05,444787
2026-06-29T15:10:00+05:30,236.96,236.98,236.62,236.79,196024
2026-06-29T15:15:00+05:30,236.79,236.79,236.45,236.48,277637
2026-06-29T15:20:00+05:30,236.5,236.77,236.33,236.5,471056
2026-06-29T15:25:00+05:30,236.5,236.5,236.35,236.5,375930
2026-06-30T09:15:00+05:30,237,237.76,236.26,236.4,436094
2026-06-30T09:20:00+05:30,236.37,236.4,235.8,235.86,241205
2026-06-30T09:25:00+05:30,235.88,235.95,235.55,235.83,207963
2026-06-30T09:30:00+05:30,235.81,236.11,235.55,235.55,120059
2026-06-30T09:35:00+05:30,235.62,235.95,235.5,235.66,94038
2026-06-30T09:40:00+05:30,235.77,235.77,235.56,235.6,155594
2026-06-30T09:45:00+05:30,235.6,235.69,235.26,235.43,103079
2026-06-30T09:50:00+05:30,235.45,235.98,235.43,235.71,147870
2026-06-30T09:55:00+05:30,235.71,235.9,235.6,235.74,66270
2026-06-30T10:00:00+05:30,235.8,235.81,235.52,235.77,89644
2026-06-30T10:05:00+05:30,235.77,235.9,235.6,235.64,82282
2026-06-30T10:10:00+05:30,235.61,235.99,235.61,235.95,56850
2026-06-30T10:15:00+05:30,235.92,235.98,235.52,235.8,109372
2026-06-30T10:20:00+05:30,235.86,235.86,235.53,235.81,54201
2026-06-30T10:25:00+05:30,235.82,235.98,235.75,235.94,64015
2026-06-30T10:30:00+05:30,235.94,236.19,235.93,236.17,62755
2026-06-30T10:35:00+05:30,236.17,236.26,236.11,236.2,46301
2026-06-30T10:40:00+05:30,236.25,236.25,236,236.19,39137
2026-06-30T10:45:00+05:30,236.19,236.23,236.04,236.23,47664
2026-06-30T10:50:00+05:30,236.23,236.83,236.21,236.8,155087
2026-06-30T10:55:00+05:30,236.8,236.88,236.66,236.75,235263
2026-06-30T11:00:00+05:30,236.72,237.2,236.65,237.04,148068
2026-06-30T11:05:00+05:30,237.02,237.17,236.96,237.17,78368
2026-06-30T11:10:00+05:30,237.17,237.5,237.07,237.41,120975
2026-06-30T11:15:00+05:30,237.42,237.45,237,237.1,39331
2026-06-30T11:20:00+05:30,237.1,237.9,237.03,237.84,136199
2026-06-30T11:25:00+05:30,237.84,238.1,237.6,238.07,147536
2026-06-30T11:30:00+05:30,238.07,238.13,237.65,238.1,98433
2026-06-30T11:35:00+05:30,238.09,238.14,237.57,237.88,87020
2026-06-30T11:40:00+05:30,237.82,238.05,237.65,237.68,69565
2026-06-30T11:45:00+05:30,237.69,237.78,237.55,237.56,32456
2026-06-30T11:50:00+05:30,237.61,237.83,237.56,237.75,51764
2026-06-30T11:55:00+05:30,237.8,237.94,237.69,237.69,41859
2026-06-30T12:00:00+05:30,237.74,237.74,237.25,237.25,61380
2026-06-30T12:05:00+05:30,237.21,237.26,237,237.01,45091
2026-06-30T12:10:00+05:30,237.01,237.08,237,237.04,28156
2026-06-30T12:15:00+05:30,237.05,237.17,237,237.1,64112
2026-06-30T12:20:00+05:30,237.1,237.55,237.06,237.51,52214
2026-06-30T12:25:00+05:30,237.5,238.02,237.27,237.94,250163
2026-06-30T12:30:00+05:30,237.94,238.2,237.88,238.1,123870
2026-06-30T12:35:00+05:30,238.04,238.32,238.03,238.23,97907
2026-06-30T12:40:00+05:30,238.16,238.23,238.08,238.18,45704
2026-06-30T12:45:00+05:30,238.15,238.27,238,238.09,44489
2026-06-30T12:50:00+05:30,238.09,238.2,237.76,237.9,46191
2026-06-30T12:55:00+05:30,237.78,238.25,237.66,237.94,158915
2026-06-30T13:00:00+05:30,237.95,238.06,237.75,237.9,43840
2026-06-30T13:05:00+05:30,237.9,237.93,237.61,237.72,25385
2026-06-30T13:10:00+05:30,237.72,237.72,237.55,237.68,76084
2026-06-30T13:15:00+05:30,237.6,237.72,237.55,237.63,18853
2026-06-30T13:20:00+05:30,237.63,237.63,237.3,237.38,27352
2026-06-30T13:25:00+05:30,237.38,237.52,237.26,237.52,35845
2026-06-30T13:30:00+05:30,237.49,237.6,237.36,237.56,33964
2026-06-30T13:35:00+05:30,237.49,237.74,237.49,237.63,31743
2026-06-30T13:40:00+05:30,237.54,237.84,237.53,237.74,51201
2026-06-30T13:45:00+05:30,237.66,237.9,237.63,237.75,172007
2026-06-30T13:50:00+05:30,237.84,237.95,237.62,237.66,39599
2026-06-30T13:55:00+05:30,237.66,237.81,237.63,237.74,40022
2026-06-30T14:00:00+05:30,237.74,237.75,237.2,237.2,143200
2026-06-30T14:05:00+05:30,237.2,237.44,237.18,237.35,38449
2026-06-30T14:10:00+05:30,237.33,237.35,237.11,237.13,36483
2026-06-30T14:15:00+05:30,237.15,237.3,237,237.08,84743
2026-06-30T14:20:00+05:30,237.08,237.8,237.05,237.8,74293
2026-06-30T14:25:00+05:30,237.73,238.1,237.73,237.87,185970
2026-06-30T14:30:00+05:30,237.87,237.99,237.5,237.63,58706
2026-06-30T14:35:00+05:30,237.63,237.85,237.62,237.72,91863
2026-06-30T14:40:00+05:30,237.76,237.94,237.71,237.8,54563
2026-06-30T14:45:00+05:30,237.81,237.9,237.65,237.82,56046
2026-06-30T14:50:00+05:30,237.85,237.85,237.57,237.69,149002
2026-06-30T14:55:00+05:30,237.69,237.79,237.25,237.34,325775
2026-06-30T15:00:00+05:30,237.35,237.35,236.25,236.3,806285
2026-06-30T15:05:00+05:30,236.3,236.43,235.86,235.92,408866
2026-06-30T15:10:00+05:30,235.91,236.96,235.81,236.67,892292
2026-06-30T15:15:00+05:30,236.66,236.77,236.38,236.49,428829
2026-06-30T15:20:00+05:30,236.42,236.49,236.08,236.45,439809
2026-06-30T15:25:00+05:30,236.45,236.94,236.37,236.8,369735
2026-07-01T09:15:00+05:30,236.76,237.44,236.76,237.2,146962
2026-07-01T09:20:00+05:30,237.19,237.35,236.89,236.89,98975
2026-07-01T09:25:00+05:30,236.9,237.76,236.85,237.55,124942
2026-07-01T09:30:00+05:30,237.5,237.82,237.21,237.21,108832
2026-07-01T09:35:00+05:30,237.3,237.76,237.19,237.54,64830
2026-07-01T09:40:00+05:30,237.54,237.6,236.91,237.15,75028
2026-07-01T09:45:00+05:30,237.14,237.39,236.9,236.9,52005
2026-07-01T09:50:00+05:30,236.9,237.07,236.55,237,149269
2026-07-01T09:55:00+05:30,236.92,237.5,236.92,237.39,68614
2026-07-01T10:00:00+05:30,237.45,237.6,236.95,237,95804
2026-07-01T10:05:00+05:30,237,237.09,236.55,236.72,125759
2026-07-01T10:10:00+05:30,236.72,237,236.5,236.89,364739
2026-07-01T10:15:00+05:30,236.88,237.47,236.82,237.28,265590
2026-07-01T10:20:00+05:30,237.38,237.8,237.33,237.57,109055
2026-07-01T10:25:00+05:30,237.57,237.6,237.15,237.23,58779
2026-07-01T10:30:00+05:30,237.3,237.55,237.2,237.21,52362
2026-07-01T10:35:00+05:30,237.21,237.29,236.85,236.99,63909
2026-07-01T10:40:00+05:30,236.99,237,236.6,236.83,123700
2026-07-01T10:45:00+05:30,236.83,237.27,236.76,237.12,31175
2026-07-01T10:50:00+05:30,237.12,237.28,236.95,237.25,45419
2026-07-01T10:55:00+05:30,237.19,237.29,237.05,237.2,29319
2026-07-01T11:00:00+05:30,237.19,237.3,237.11,237.21,26455
2026-07-01T11:05:00+05:30,237.21,237.35,237.08,237.35,33088
2026-07-01T11:10:00+05:30,237.35,237.89,237.32,237.84,89822
2026-07-01T11:15:00+05:30,237.89,238.1,237.7,237.83,149037
2026-07-01T11:20:00+05:30,237.83,237.83,237.36,237.47,124846
2026-07-01T11:25:00+05:30,237.47,238.39,237.23,238.39,164695
2026-07-01T11:30:00+05:30,238.39,238.5,237.94,238.05,146990
2026-07-01T11:35:00+05:30,238,238.85,238,238.76,107910
2026-07-01T11:40:00+05:30,238.74,238.78,238.57,238.58,73317
2026-07-01T11:45:00+05:30,238.57,238.8,238.55,238.8,90155
2026-07-01T11:50:00+05:30,238.75,238.8,238.32,238.36,52861
2026-07-01T11:55:00+05:30,238.3,238.5,238.1,238.5,65744
2026-07-01T12:00:00+05:30,238.45,238.7,238.41,238.6,95699
2026-07-01T12:05:00+05:30,238.6,238.85,238.5,238.8,73675
2026-07-01T12:10:00+05:30,238.8,238.8,238.5,238.68,63359
2026-07-01T12:15:00+05:30,238.63,238.72,238.44,238.67,51904
2026-07-01T12:20:00+05:30,238.67,238.69,238.44,238.61,59952
2026-07-01T12:25:00+05:30,238.6,238.68,237.82,237.84,101993
2026-07-01T12:30:00+05:30,238.04,238.68,238.04,238.56,49112
2026-07-01T12:35:00+05:30,238.55,238.63,238.42,238.6,55555
2026-07-01T12:40:00+05:30,238.59,238.61,238.21,238.4,56529
2026-07-01T12:45:00+05:30,238.4,238.55,238.28,238.5,53196
2026-07-01T12:50:00+05:30,238.5,238.55,238.3,238.34,80496
2026-07-01T12:55:00+05:30,238.31,238.99,238.25,238.67,197976
2026-07-01T13:00:00+05:30,238.68,239.2,238.52,239.13,142351
2026-07-01T13:05:00+05:30,239.06,239.25,239,239.15,75549
2026-07-01T13:10:00+05:30,239.16,239.63,239.1,239.45,123005
2026-07-01T13:15:00+05:30,239.43,239.54,239.33,239.4,81156
2026-07-01T13:20:00+05:30,239.4,239.55,239.2,239.32,110825
2026-07-01T13:25:00+05:30,239.32,239.74,239.26,239.59,103376
2026-07-01T13:30:00+05:30,239.59,239.75,239.41,239.69,99674
2026-07-01T13:35:00+05:30,239.7,239.95,239.65,239.81,102060
2026-07-01T13:40:00+05:30,239.9,239.93,239.7,239.8,57560
2026-07-01T13:45:00+05:30,239.78,240.3,239.7,240.2,234751
2026-07-01T13:50:00+05:30,240.2,240.45,240.14,240.22,135787
2026-07-01T13:55:00+05:30,240.06,240.2,239.99,240.1,97753
2026-07-01T14:00:00+05:30,240.09,240.35,239.99,240.29,104559
2026-07-01T14:05:00+05:30,240.35,240.47,240.2,240.38,72994
2026-07-01T14:10:00+05:30,240.38,240.59,240.28,240.45,79763
2026-07-01T14:15:00+05:30,240.45,240.6,240,240.12,210906
2026-07-01T14:20:00+05:30,240.2,240.5,240.14,240.49,79409
2026-07-01T14:25:00+05:30,240.49,240.6,240.38,240.45,75642
2026-07-01T14:30:00+05:30,240.37,240.5,240.3,240.32,71281
2026-07-01T14:35:00+05:30,240.37,240.5,240.16,240.23,68665
2026-07-01T14:40:00+05:30,240.19,240.6,240.02,240.5,121688
2026-07-01T14:45:00+05:30,240.5,240.6,240.41,240.48,62145
2026-07-01T14:50:00+05:30,240.41,240.69,240.41,240.64,119463
2026-07-01T14:55:00+05:30,240.64,240.64,240.32,240.43,68283
2026-07-01T15:00:00+05:30,240.65,240.76,240.32,240.46,93217
2026-07-01T15:05:00+05:30,240.46,240.5,240.16,240.21,82196
2026-07-01T15:10:00+05:30,240.24,240.29,239.97,240,162699
2026-07-01T15:15:00+05:30,240.05,240.13,239.8,239.94,166470
2026-07-01T15:20:00+05:30,239.88,240,239.63,239.99,287556
2026-07-01T15:25:00+05:30,239.89,240.13,239.79,239.95,321774
2026-07-02T09:15:00+05:30,240.01,240.79,240.01,240.24,208170
2026-07-02T09:20:00+05:30,240.35,240.52,240.02,240.52,169599
2026-07-02T09:25:00+05:30,240.5,240.5,240.05,240.11,127199
2026-07-02T09:30:00+05:30,240.07,240.49,240.06,240.34,327265
2026-07-02T09:35:00+05:30,240.34,240.74,240.31,240.74,112802
2026-07-02T09:40:00+05:30,240.74,240.75,239.69,239.8,222356
2026-07-02T09:45:00+05:30,239.85,240,239.7,239.93,74608
2026-07-02T09:50:00+05:30,239.88,240.2,239.7,239.98,185116
2026-07-02T09:55:00+05:30,239.97,240.06,239.8,240,61203
2026-07-02T10:00:00+05:30,239.77,239.98,239.5,239.79,134474
2026-07-02T10:05:00+05:30,239.75,239.87,239.45,239.77,90656
2026-07-02T10:10:00+05:30,239.86,240.13,239.7,239.7,51905
2026-07-02T10:15:00+05:30,239.78,239.88,239.57,239.67,80569
2026-07-02T10:20:00+05:30,239.72,239.76,239.62,239.63,34114
2026-07-02T10:25:00+05:30,239.69,239.97,239.56,239.85,108023
2026-07-02T10:30:00+05:30,239.82,239.82,239.3,239.6,85329
2026-07-02T10:35:00+05:30,239.6,239.7,239.5,239.6,57439
2026-07-02T10:40:00+05:30,239.56,239.61,239.5,239.51,25428
2026-07-02T10:45:00+05:30,239.55,239.64,239.4,239.6,96842
2026-07-02T10:50:00+05:30,239.59,239.91,239.54,239.84,74179
2026-07-02T10:55:00+05:30,239.86,239.86,239.59,239.61,22390
2026-07-02T11:00:00+05:30,239.58,239.72,239.51,239.51,28712
2026-07-02T11:05:00+05:30,239.62,239.63,239.4,239.4,27099
2026-07-02T11:10:00+05:30,239.48,239.48,239.3,239.45,28073
2026-07-02T11:15:00+05:30,239.46,239.46,239.15,239.32,34184
2026-07-02T11:20:00+05:30,239.31,239.32,239,239.01,56756
2026-07-02T11:25:00+05:30,239.05,239.18,238.9,238.9,75213
2026-07-02T11:30:00+05:30,238.9,238.97,238.83,238.95,30461
2026-07-02T11:35:00+05:30,238.94,239.4,238.94,239.21,32043
2026-07-02T11:40:00+05:30,239.17,239.17,239.02,239.13,15009
2026-07-02T11:45:00+05:30,239.15,239.2,239.02,239.18,18566
2026-07-02T11:50:00+05:30,239.1,239.27,239.1,239.15,26565
2026-07-02T11:55:00+05:30,239.23,240.1,239.12,240.04,218390
2026-07-02T12:00:00+05:30,240.04,240.39,239.94,240.1,110573
2026-07-02T12:05:00+05:30,240.1,240.1,239.62,239.66,121491
2026-07-02T12:10:00+05:30,239.62,239.83,239.45,239.56,42607
2026-07-02T12:15:00+05:30,239.53,239.9,239.53,239.8,23959
2026-07-02T12:20:00+05:30,239.83,240.34,239.77,240.21,75335
2026-07-02T12:25:00+05:30,240.21,240.29,240.1,240.15,26945
2026-07-02T12:30:00+05:30,240.2,240.26,240,240.2,34451
2026-07-02T12:35:00+05:30,240.24,240.24,240.06,240.23,30794
2026-07-02T12:40:00+05:30,240.23,240.23,240.04,240.04,26213
2026-07-02T12:45:00+05:30,240.12,240.2,240,240.08,36770
2026-07-02T12:50:00+05:30,240.07,240.07,239.5,239.59,219236
2026-07-02T12:55:00+05:30,239.59,239.73,239.2,239.36,92733
2026-07-02T13:00:00+05:30,239.47,239.9,239.3,239.9,143718
2026-07-02T13:05:00+05:30,239.85,239.85,239.5,239.69,45973
2026-07-02T13:10:00+05:30,239.69,239.85,239.55,239.84,48347
2026-07-02T13:15:00+05:30,239.84,239.84,239.62,239.76,12224
2026-07-02T13:20:00+05:30,239.79,240.01,239.51,239.9,205237
2026-07-02T13:25:00+05:30,240,240,239.75,239.75,43888
2026-07-02T13:30:00+05:30,239.82,239.88,239.58,239.83,28477
2026-07-02T13:35:00+05:30,239.86,239.86,239.6,239.71,16339
2026-07-02T13:40:00+05:30,239.71,239.82,239.65,239.7,19608
2026-07-02T13:45:00+05:30,239.7,239.87,239.53,239.74,33605
2026-07-02T13:50:00+05:30,239.64,239.91,239.64,239.75,32374
2026-07-02T13:55:00+05:30,239.76,239.92,239.65,239.73,29083
2026-07-02T14:00:00+05:30,239.8,239.85,239.68,239.75,19463
2026-07-02T14:05:00+05:30,239.75,239.8,239.55,239.63,56446
2026-07-02T14:10:00+05:30,239.67,239.7,239.57,239.6,28485
2026-07-02T14:15:00+05:30,239.62,239.72,239.51,239.67,38873
2026-07-02T14:20:00+05:30,239.67,239.83,239.5,239.71,47182
2026-07-02T14:25:00+05:30,239.73,239.73,239.5,239.5,49735
2026-07-02T14:30:00+05:30,239.5,239.62,239.5,239.57,16366
2026-07-02T14:35:00+05:30,239.55,239.77,239.5,239.72,38166
2026-07-02T14:40:00+05:30,239.72,239.82,239.63,239.69,52704
2026-07-02T14:45:00+05:30,239.69,239.85,239.65,239.74,43515
2026-07-02T14:50:00+05:30,239.72,239.87,239.65,239.83,55225
2026-07-02T14:55:00+05:30,239.86,239.86,239.68,239.79,18421
2026-07-02T15:00:00+05:30,239.8,239.9,239.61,239.89,124044
2026-07-02T15:05:00+05:30,239.87,239.99,239.7,239.86,156571
2026-07-02T15:10:00+05:30,239.9,239.9,239.76,239.85,95825
2026-07-02T15:15:00+05:30,239.9,239.95,239.65,239.65,179607
2026-07-02T15:20:00+05:30,239.65,239.72,239.51,239.54,162329
2026-07-02T15:25:00+05:30,239.67,239.7,239.41,239.69,179710
2026-07-03T09:15:00+05:30,241.05,241.67,240.71,241.17,718539
2026-07-03T09:20:00+05:30,241.03,241.39,240.95,241.18,161840
2026-07-03T09:25:00+05:30,241.16,241.29,240.6,240.78,157389
2026-07-03T09:30:00+05:30,240.77,241.08,240.65,240.88,82677
2026-07-03T09:35:00+05:30,240.89,240.96,240.7,240.95,86882
2026-07-03T09:40:00+05:30,240.96,241,240.68,240.77,101190
2026-07-03T09:45:00+05:30,240.73,240.9,240.65,240.7,65560
2026-07-03T09:50:00+05:30,240.7,240.99,240.65,240.71,118269
2026-07-03T09:55:00+05:30,240.7,240.95,240.64,240.88,89667
2026-07-03T10:00:00+05:30,240.92,241.07,240.8,240.87,126022
2026-07-03T10:05:00+05:30,240.8,241.79,240.71,241.59,326762
2026-07-03T10:10:00+05:30,241.59,241.6,241.1,241.18,62640
2026-07-03T10:15:00+05:30,241.1,242.2,241.1,241.84,269752
2026-07-03T10:20:00+05:30,241.8,242.03,241.61,241.69,143535
2026-07-03T10:25:00+05:30,241.75,241.92,241.57,241.74,66548
2026-07-03T10:30:00+05:30,241.73,241.78,240.25,240.41,1270514
2026-07-03T10:35:00+05:30,240.44,240.46,240.01,240.05,165697
2026-07-03T10:40:00+05:30,240.04,240.07,239.59,240.05,167884
2026-07-03T10:45:00+05:30,240.08,240.3,240.05,240.21,57563
2026-07-03T10:50:00+05:30,240.11,240.24,240.04,240.06,49977
2026-07-03T10:55:00+05:30,240.06,240.35,239.94,239.94,92765
2026-07-03T11:00:00+05:30,239.94,240.19,239.8,240.01,70925
2026-07-03T11:05:00+05:30,240.01,240.07,239.7,239.7,47374
2026-07-03T11:10:00+05:30,239.7,239.8,239.53,239.6,45872
2026-07-03T11:15:00+05:30,239.6,239.8,239.6,239.79,29812
2026-07-03T11:20:00+05:30,239.79,239.95,239.64,239.92,38465
2026-07-03T11:25:00+05:30,239.92,239.93,239.7,239.84,23392
2026-07-03T11:30:00+05:30,239.81,239.92,239.66,239.75,27836
2026-07-03T11:35:00+05:30,239.77,239.85,239.48,239.85,98892
2026-07-03T11:40:00+05:30,239.85,240,239.45,239.55,417463
2026-07-03T11:45:00+05:30,239.55,239.76,239.35,239.73,291080
2026-07-03T11:50:00+05:30,239.7,239.9,239.63,239.9,28500
2026-07-03T11:55:00+05:30,239.9,240.02,239.83,239.9,61588
2026-07-03T12:00:00+05:30,239.98,240,239.82,239.98,29074
2026-07-03T12:05:00+05:30,239.99,240,239.9,239.95,28178
2026-07-03T12:10:00+05:30,239.9,239.99,239.85,239.96,43411
2026-07-03T12:15:00+05:30,239.87,239.98,239.83,239.96,27718
2026-07-03T12:20:00+05:30,239.96,239.96,239.71,239.9,18185
2026-07-03T12:25:00+05:30,239.91,240.11,239.8,239.9,107014
2026-07-03T12:30:00+05:30,239.9,240,239.76,239.9,29734
2026-07-03T12:35:00+05:30,239.82,239.95,239.76,239.86,33493
2026-07-03T12:40:00+05:30,239.86,239.88,239.7,239.8,23809
2026-07-03T12:45:00+05:30,239.76,239.95,239.5,239.59,36238
2026-07-03T12:50:00+05:30,239.59,239.73,239.53,239.53,25848
2026-07-03T12:55:00+05:30,239.53,239.72,239.3,239.47,97770
2026-07-03T13:00:00+05:30,239.5,239.54,239,239.12,101804
2026-07-03T13:05:00+05:30,239.09,239.12,238.86,239.03,84927
2026-07-03T13:10:00+05:30,239.03,239.27,238.88,239.27,42135
2026-07-03T13:15:00+05:30,239.27,239.33,239.08,239.21,28794
2026-07-03T13:20:00+05:30,239.28,239.4,239.17,239.23,35640
2026-07-03T13:25:00+05:30,239.2,239.95,239.2,239.95,393778
2026-07-03T13:30:00+05:30,239.9,240.13,239.72,239.85,237724
2026-07-03T13:35:00+05:30,239.88,239.88,239.5,239.63,42427
2026-07-03T13:40:00+05:30,239.63,240,239.51,239.8,243363
2026-07-03T13:45:00+05:30,239.8,239.82,239.55,239.8,26960
2026-07-03T13:50:00+05:30,239.8,239.93,239.66,239.73,36360
2026-07-03T13:55:00+05:30,239.73,239.79,239.5,239.57,51669
2026-07-03T14:00:00+05:30,239.57,239.75,239.45,239.6,39372
2026-07-03T14:05:00+05:30,239.55,239.77,239.55,239.56,24505
2026-07-03T14:10:00+05:30,239.65,239.7,239.5,239.51,45142
2026-07-03T14:15:00+05:30,239.51,239.69,239.45,239.62,36020
2026-07-03T14:20:00+05:30,239.56,239.57,239.27,239.49,37306
2026-07-03T14:25:00+05:30,239.48,239.48,239.3,239.42,14591
2026-07-03T14:30:00+05:30,239.44,239.57,239.35,239.5,27575
2026-07-03T14:35:00+05:30,239.39,239.6,239.38,239.49,30337
2026-07-03T14:40:00+05:30,239.42,239.57,239.39,239.54,35114
2026-07-03T14:45:00+05:30,239.54,239.54,239.31,239.52,78328
2026-07-03T14:50:00+05:30,239.6,239.6,239.35,239.52,45099
2026-07-03T14:55:00+05:30,239.52,239.52,239.41,239.46,42223
2026-07-03T15:00:00+05:30,239.46,239.69,239.46,239.51,98404
2026-07-03T15:05:00+05:30,239.58,239.59,239.42,239.51,127251
2026-07-03T15:10:00+05:30,239.51,239.53,239.42,239.48,66252
2026-07-03T15:15:00+05:30,239.47,239.55,239.11,239.24,225920
2026-07-03T15:20:00+05:30,239.21,239.37,239.2,239.28,177206
2026-07-03T15:25:00+05:30,239.28,239.49,239.13,239.38,250603
2026-07-06T09:15:00+05:30,239.2,239.69,238.15,238.45,330427
2026-07-06T09:20:00+05:30,238.4,238.62,238.1,238.43,236252
2026-07-06T09:25:00+05:30,238.37,238.46,238.1,238.33,100775
2026-07-06T09:30:00+05:30,238.33,238.59,238.25,238.37,84751
2026-07-06T09:35:00+05:30,238.37,238.37,238.11,238.21,96303
2026-07-06T09:40:00+05:30,238.2,238.32,238.15,238.23,65781
2026-07-06T09:45:00+05:30,238.23,238.45,238.2,238.29,61469
2026-07-06T09:50:00+05:30,238.3,238.54,238.25,238.41,56301
2026-07-06T09:55:00+05:30,238.45,238.45,238.2,238.3,70823
2026-07-06T10:00:00+05:30,238.29,238.34,238.2,238.3,33009
2026-07-06T10:05:00+05:30,238.3,238.41,238.2,238.39,51654
2026-07-06T10:10:00+05:30,238.35,238.42,238.23,238.4,31364
2026-07-06T10:15:00+05:30,238.4,238.4,238.14,238.26,65461
2026-07-06T10:20:00+05:30,238.27,239.13,238.26,238.38,692519
2026-07-06T10:25:00+05:30,238.38,238.96,238.33,238.52,897147
2026-07-06T10:30:00+05:30,238.59,239.6,238.59,239.25,480017
2026-07-06T10:35:00+05:30,239.3,239.3,238.62,238.82,118602
2026-07-06T10:40:00+05:30,238.82,239.02,238.66,238.87,148926
2026-07-06T10:45:00+05:30,238.95,239,238.8,238.92,47506
2026-07-06T10:50:00+05:30,239,239,238.6,238.8,72167
2026-07-06T10:55:00+05:30,238.8,240.28,238.72,240,326411
2026-07-06T11:00:00+05:30,240,240.67,239.96,240.48,306073
2026-07-06T11:05:00+05:30,240.48,240.49,240.04,240.13,192751
2026-07-06T11:10:00+05:30,240.13,240.14,239.61,239.7,90709
2026-07-06T11:15:00+05:30,239.7,239.8,239.4,239.4,101363
2026-07-06T11:20:00+05:30,239.42,239.77,239.35,239.74,57316
2026-07-06T11:25:00+05:30,239.74,239.77,239.5,239.6,66113
2026-07-06T11:30:00+05:30,239.6,239.8,239.51,239.65,64853
2026-07-06T11:35:00+05:30,239.65,239.84,239.52,239.56,39930
2026-07-06T11:40:00+05:30,239.56,239.84,239.5,239.83,70453
2026-07-06T11:45:00+05:30,239.83,240.49,239.8,240.4,107695
2026-07-06T11:50:00+05:30,240.42,240.42,239.79,239.85,86859
2026-07-06T11:55:00+05:30,239.9,240.05,239.8,240,66297
2026-07-06T12:00:00+05:30,240,240,239.89,239.9,48393
2026-07-06T12:05:00+05:30,239.92,240,239.79,239.94,49830
2026-07-06T12:10:00+05:30,239.95,239.99,239.86,239.97,70127
2026-07-06T12:15:00+05:30,239.97,239.99,239.86,239.86,44955
2026-07-06T12:20:00+05:30,239.86,239.94,239.85,239.94,38148
2026-07-06T12:25:00+05:30,239.94,239.95,239.45,239.45,130486
2026-07-06T12:30:00+05:30,239.47,239.74,239.36,239.61,76672
2026-07-06T12:35:00+05:30,239.61,239.62,239.3,239.3,96929
2026-07-06T12:40:00+05:30,239.33,239.34,239.09,239.11,118447
2026-07-06T12:45:00+05:30,239.19,239.28,238.96,239.05,82721
2026-07-06T12:50:00+05:30,239.08,239.49,239.01,239.3,80281
2026-07-06T12:55:00+05:30,239.3,239.65,239.3,239.58,125911
2026-07-06T13:00:00+05:30,239.58,239.85,239.4,239.66,76353
2026-07-06T13:05:00+05:30,239.64,239.75,239.51,239.64,42344
2026-07-06T13:10:00+05:30,239.6,239.81,239.5,239.5,57599
2026-07-06T13:15:00+05:30,239.51,239.54,239.31,239.37,65550
2026-07-06T13:20:00+05:30,239.42,239.69,239.32,239.55,73351
2026-07-06T13:25:00+05:30,239.55,239.55,239.35,239.51,55448
2026-07-06T13:30:00+05:30,239.51,239.63,239.28,239.3,76527
2026-07-06T13:35:00+05:30,239.41,239.7,239.41,239.51,63161
2026-07-06T13:40:00+05:30,239.5,239.89,239.5,239.5,67478
2026-07-06T13:45:00+05:30,239.5,239.52,239.3,239.3,42374
2026-07-06T13:50:00+05:30,239.3,239.46,239.2,239.3,66550
2026-07-06T13:55:00+05:30,239.31,239.31,239.03,239.05,60050
2026-07-06T14:00:00+05:30,239.05,239.28,239.01,239.15,84900
2026-07-06T14:05:00+05:30,239.18,239.25,238.92,238.93,77819
2026-07-06T14:10:00+05:30,238.93,239,238.82,238.84,53000
2026-07-06T14:15:00+05:30,238.84,238.97,238.83,238.94,30957
2026-07-06T14:20:00+05:30,238.94,238.98,238.81,238.93,31393
2026-07-06T14:25:00+05:30,238.88,239,238.85,238.89,51960
2026-07-06T14:30:00+05:30,238.89,238.99,238.78,238.82,63704
2026-07-06T14:35:00+05:30,238.92,239,238.81,238.83,44316
2026-07-06T14:40:00+05:30,238.83,238.87,238.3,238.4,178697
2026-07-06T14:45:00+05:30,238.35,238.49,238.2,238.25,124577
2026-07-06T14:50:00+05:30,238.25,238.6,238.2,238.55,126539
2026-07-06T14:55:00+05:30,238.55,238.67,238.41,238.48,97575
2026-07-06T15:00:00+05:30,238.59,239.38,238.56,239.33,256774
2026-07-06T15:05:00+05:30,239.35,240.43,239.29,240.39,316075
2026-07-06T15:10:00+05:30,240.35,240.45,240.15,240.35,234089
2026-07-06T15:15:00+05:30,240.24,240.6,240.24,240.33,326949
2026-07-06T15:20:00+05:30,240.35,240.4,240.04,240.04,213827
2026-07-06T15:25:00+05:30,240.14,240.2,240.1,240.1,273195
2026-07-07T09:15:00+05:30,239.95,241,239.45,240.05,466472
2026-07-07T09:20:00+05:30,240.1,240.41,239.56,240.03,583999
2026-07-07T09:25:00+05:30,239.95,244,239.73,244,2405969
2026-07-07T09:30:00+05:30,243.8,244,243,243.1,593765
2026-07-07T09:35:00+05:30,243.1,243.57,242.98,243.16,928213
2026-07-07T09:40:00+05:30,243.16,243.55,243,243.01,340843
2026-07-07T09:45:00+05:30,243.1,243.1,242.89,243.02,973628
2026-07-07T09:50:00+05:30,243.01,243.37,242.82,243,291410
2026-07-07T09:55:00+05:30,243,243.19,242.8,242.86,357724
2026-07-07T10:00:00+05:30,243,243.23,243,243.01,292544
2026-07-07T10:05:00+05:30,243,243.29,242.75,243.03,491602
2026-07-07T10:10:00+05:30,243.04,243.12,243,243,199776
2026-07-07T10:15:00+05:30,243.01,243.1,242.72,243,312444
2026-07-07T10:20:00+05:30,243.04,244.58,243,244.2,791419
2026-07-07T10:25:00+05:30,244.15,244.17,243.27,243.27,140524
2026-07-07T10:30:00+05:30,243.22,243.4,243,243.25,147650
2026-07-07T10:35:00+05:30,243.75,244.45,243.65,244.24,293783
2026-07-07T10:40:00+05:30,244.24,244.26,243.5,243.5,190990
2026-07-07T10:45:00+05:30,243.5,243.52,243.1,243.13,150689
2026-07-07T10:50:00+05:30,243.1,243.25,242.94,243.03,226744
2026-07-07T10:55:00+05:30,243.03,243.1,242.89,243.04,243371
2026-07-07T11:00:00+05:30,243.04,243.53,243,243.15,96094
2026-07-07T11:05:00+05:30,243.18,243.35,243.05,243.15,125296
2026-07-07T11:10:00+05:30,243.19,243.6,243.1,243.59,131530
2026-07-07T11:15:00+05:30,243.6,243.69,243.21,243.31,76953
2026-07-07T11:20:00+05:30,243.31,244.05,243.22,244.05,153592
2026-07-07T11:25:00+05:30,244.05,244.99,244,244.99,513404
2026-07-07T11:30:00+05:30,244.87,245.25,244.59,244.79,706696
2026-07-07T11:35:00+05:30,244.76,245.17,244.5,244.9,244874
2026-07-07T11:40:00+05:30,244.9,244.93,244.53,244.65,103580
2026-07-07T11:45:00+05:30,244.72,245.05,244.55,244.81,214344
2026-07-07T11:50:00+05:30,244.81,244.87,244.5,244.55,82042
2026-07-07T11:55:00+05:30,244.55,244.58,244.11,244.11,159748
2026-07-07T12:00:00+05:30,244.16,244.41,244.1,244.16,115344
2026-07-07T12:05:00+05:30,244.16,244.3,243.75,243.87,197638
2026-07-07T12:10:00+05:30,243.81,243.96,243.5,243.51,128709
2026-07-07T12:15:00+05:30,243.56,243.64,243.01,243.1,153610
2026-07-07T12:20:00+05:30,243.1,243.38,243.01,243.14,175907
2026-07-07T12:25:00+05:30,243.14,243.45,243.1,243.28,57590
2026-07-07T12:30:00+05:30,243.32,243.32,243,243.05,197439
2026-07-07T12:35:00+05:30,243.06,243.27,243,243.25,132788
2026-07-07T12:40:00+05:30,243.25,243.37,243.05,243.23,41890
2026-07-07T12:45:00+05:30,243.2,243.28,243.06,243.15,35521
2026-07-07T12:50:00+05:30,243.15,243.36,243.06,243.1,48864
2026-07-07T12:55:00+05:30,243.1,243.36,243,243.16,108693
2026-07-07T13:00:00+05:30,243.2,243.2,243,243.06,38082
2026-07-07T13:05:00+05:30,243.06,243.16,243,243,288514
2026-07-07T13:10:00+05:30,243,243.35,242.67,243.17,382014
2026-07-07T13:15:00+05:30,243.15,243.27,242.04,242.2,223688
2026-07-07T13:20:00+05:30,242.17,242.84,242.01,242.84,144240
2026-07-07T13:25:00+05:30,242.82,243.2,242.82,243.02,86640
2026-07-07T13:30:00+05:30,243.02,243.25,242.94,242.96,33459
2026-07-07T13:35:00+05:30,243,243.08,242.66,242.79,47459
2026-07-07T13:40:00+05:30,242.73,243,242.66,243,69659
2026-07-07T13:45:00+05:30,243,243.19,242.81,243,84882
2026-07-07T13:50:00+05:30,243.02,243.15,242.91,243.1,24371
2026-07-07T13:55:00+05:30,243.15,243.79,243.08,243.65,108654
2026-07-07T14:00:00+05:30,243.65,243.68,243.31,243.31,87486
2026-07-07T14:05:00+05:30,243.35,243.49,243.14,243.3,53557
2026-07-07T14:10:00+05:30,243.27,243.4,243.2,243.25,29575
2026-07-07T14:15:00+05:30,243.24,243.31,243.01,243.17,96112
2026-07-07T14:20:00+05:30,243.17,243.34,243.15,243.21,30139
2026-07-07T14:25:00+05:30,243.26,243.6,243.21,243.44,108785
2026-07-07T14:30:00+05:30,243.47,243.49,243.3,243.45,22326
2026-07-07T14:35:00+05:30,243.45,243.65,243.1,243.11,73231
2026-07-07T14:40:00+05:30,243.11,243.15,242.86,243,114974
2026-07-07T14:45:00+05:30,243.01,243.17,242.81,242.9,121392
2026-07-07T14:50:00+05:30,242.95,243.12,242.9,242.97,178954
2026-07-07T14:55:00+05:30,243.05,243.24,242.94,243.18,136331
2026-07-07T15:00:00+05:30,243.19,243.4,242.91,243.17,2940431
2026-07-07T15:05:00+05:30,243.15,243.3,242.71,242.78,477649
2026-07-07T15:10:00+05:30,242.71,243.32,242.7,243.08,731433
2026-07-07T15:15:00+05:30,243.13,243.25,243,243.05,471982
2026-07-07T15:20:00+05:30,243.07,243.4,243,243.3,842606
2026-07-07T15:25:00+05:30,243.26,243.45,243,243.01,534892
2026-07-08T09:15:00+05:30,242,242,239.22,239.6,649308
2026-07-08T09:20:00+05:30,239.35,239.41,237.8,237.93,589282
2026-07-08T09:25:00+05:30,237.67,238.31,237,237.39,800421
2026-07-08T09:30:00+05:30,237.46,237.46,236.6,236.81,738489
2026-07-08T09:35:00+05:30,236.89,236.89,235.5,235.85,910226
2026-07-08T09:40:00+05:30,235.86,236.6,235.8,236.1,655876
2026-07-08T09:45:00+05:30,236.1,236.82,235.81,236.72,518878
2026-07-08T09:50:00+05:30,236.8,237.64,236.72,237.25,354912
2026-07-08T09:55:00+05:30,237.21,237.8,237.04,237.34,446225
2026-07-08T10:00:00+05:30,237.35,237.6,237.06,237.34,672101
2026-07-08T10:05:00+05:30,237.34,237.55,236.7,237.1,740418
2026-07-08T10:10:00+05:30,237.1,237.38,236.8,237.01,427067
2026-07-08T10:15:00+05:30,237.01,237.21,236.67,237.05,244031
2026-07-08T10:20:00+05:30,237.1,237.1,236.5,236.57,315316
2026-07-08T10:25:00+05:30,236.56,236.84,236.33,236.8,152259
2026-07-08T10:30:00+05:30,236.8,237.25,236.77,237.23,100788
2026-07-08T10:35:00+05:30,237.23,237.6,237.2,237.55,166903
2026-07-08T10:40:00+05:30,237.55,237.95,237.33,237.72,232967
2026-07-08T10:45:00+05:30,237.69,237.74,237.4,237.71,92381
2026-07-08T10:50:00+05:30,237.7,237.7,237.51,237.58,77506
2026-07-08T10:55:00+05:30,237.5,237.84,237.5,237.84,82149
2026-07-08T11:00:00+05:30,237.8,237.89,237.58,237.75,75486
2026-07-08T11:05:00+05:30,237.75,237.9,237.5,237.8,103255
2026-07-08T11:10:00+05:30,237.67,237.85,237.61,237.69,37600
2026-07-08T11:15:00+05:30,237.7,237.7,237.5,237.63,72981
2026-07-08T11:20:00+05:30,237.62,237.73,237.4,237.69,72013
2026-07-08T11:25:00+05:30,237.7,237.81,237.52,237.55,76903
2026-07-08T11:30:00+05:30,237.59,237.6,237.5,237.57,42902
2026-07-08T11:35:00+05:30,237.55,237.55,237.4,237.47,56012
2026-07-08T11:40:00+05:30,237.45,237.5,237.1,237.25,81800
2026-07-08T11:45:00+05:30,237.25,237.59,237.1,237.55,86960
2026-07-08T11:50:00+05:30,237.55,237.55,237.2,237.35,64625
2026-07-08T11:55:00+05:30,237.26,237.45,237.1,237.38,66244
2026-07-08T12:00:00+05:30,237.38,237.4,237.05,237.1,65844
2026-07-08T12:05:00+05:30,237.1,237.29,237.05,237.1,45451
2026-07-08T12:10:00+05:30,237.1,237.15,237,237.11,101643
2026-07-08T12:15:00+05:30,237.05,237.11,236.71,237.08,350920
2026-07-08T12:20:00+05:30,237.08,237.11,236.26,236.3,232198
2026-07-08T12:25:00+05:30,236.3,236.45,235.9,236.02,500291
2026-07-08T12:30:00+05:30,236,236.04,235.6,235.81,310144
2026-07-08T12:35:00+05:30,235.79,235.79,235.23,235.38,609703
2026-07-08T12:40:00+05:30,235.38,235.77,235.28,235.75,258702
2026-07-08T12:45:00+05:30,235.72,235.97,235.5,235.97,245476
2026-07-08T12:50:00+05:30,235.89,236.15,235.85,235.97,163962
2026-07-08T12:55:00+05:30,235.95,236.12,235.81,235.81,151930
2026-07-08T13:00:00+05:30,235.91,236.07,235.8,236.05,131927
2026-07-08T13:05:00+05:30,236.1,236.1,235.93,236.05,109374
2026-07-08T13:10:00+05:30,236.04,236.1,236,236.05,116828
2026-07-08T13:15:00+05:30,236.02,236.25,236.01,236.18,175809
2026-07-08T13:20:00+05:30,236.24,236.25,236,236.13,154032
2026-07-08T13:25:00+05:30,236.06,236.2,235.64,235.71,209744
2026-07-08T13:30:00+05:30,235.71,235.8,235.4,235.4,295423
2026-07-08T13:35:00+05:30,235.44,235.6,235.06,235.3,370977
2026-07-08T13:40:00+05:30,235.36,235.39,234.25,234.42,1137959
2026-07-08T13:45:00+05:30,234.42,234.5,233.55,233.71,1047849
2026-07-08T13:50:00+05:30,233.7,233.7,233.1,233.24,622055
2026-07-08T13:55:00+05:30,233.15,233.38,232.31,232.4,899660
2026-07-08T14:00:00+05:30,232.47,232.87,231.32,231.57,989503
2026-07-08T14:05:00+05:30,231.58,231.74,230.42,230.67,1388465
2026-07-08T14:10:00+05:30,230.61,230.86,230.25,230.66,656647
2026-07-08T14:15:00+05:30,230.65,231.7,230.63,231,902729
2026-07-08T14:20:00+05:30,231.1,231.12,230.3,231.05,578764
2026-07-08T14:25:00+05:30,231.01,231.25,230,230.1,1059288
2026-07-08T14:30:00+05:30,230.1,230.95,229.85,230.32,709665
2026-07-08T14:35:00+05:30,230.33,230.7,230.09,230.34,395202
2026-07-08T14:40:00+05:30,230.21,230.75,230.16,230.57,467481
2026-07-08T14:45:00+05:30,230.6,230.6,229.5,229.74,836294
2026-07-08T14:50:00+05:30,229.72,230.25,229.52,229.97,509401
2026-07-08T14:55:00+05:30,229.97,230.27,229.71,229.77,404435
2026-07-08T15:00:00+05:30,229.78,230.4,229.62,229.72,1343450
2026-07-08T15:05:00+05:30,229.69,229.99,229.3,229.57,4134645
2026-07-08T15:10:00+05:30,229.48,230.55,229,230.28,1853328
2026-07-08T15:15:00+05:30,230.28,231.14,230.28,230.95,1007863
2026-07-08T15:20:00+05:30,230.94,231.18,230.75,230.84,920723
2026-07-08T15:25:00+05:30,230.83,230.87,230.61,230.86,783193
2026-07-09T09:15:00+05:30,231,232.14,230.77,232,1343068
2026-07-09T09:20:00+05:30,231.94,232.63,231.5,232.63,607092
2026-07-09T09:25:00+05:30,232.52,233.75,232.01,233.6,1111677
2026-07-09T09:30:00+05:30,233.6,234.1,233.03,233.99,1062271
2026-07-09T09:35:00+05:30,234.1,234.22,233.71,234.07,349371
2026-07-09T09:40:00+05:30,234.07,234.09,233.24,233.72,669025
2026-07-09T09:45:00+05:30,233.75,234,233.5,233.63,290958
2026-07-09T09:50:00+05:30,233.63,233.89,233,233.19,339195
2026-07-09T09:55:00+05:30,233.11,233.46,232.97,233.11,168558
2026-07-09T10:00:00+05:30,233.11,233.56,233.11,233.41,74494
2026-07-09T10:05:00+05:30,233.44,233.44,233,233.23,97159
2026-07-09T10:10:00+05:30,233.23,233.28,233,233.01,256027
2026-07-09T10:15:00+05:30,233.01,233.15,233,233,234532
2026-07-09T10:20:00+05:30,233,233.09,233,233.02,205931
2026-07-09T10:25:00+05:30,233.02,233.06,232.41,232.67,190548
2026-07-09T10:30:00+05:30,232.7,232.9,232.35,232.56,99800
2026-07-09T10:35:00+05:30,232.58,232.72,232.2,232.47,116138
2026-07-09T10:40:00+05:30,232.48,233.55,232.48,233.13,114128
2026-07-09T10:45:00+05:30,233.12,233.18,232.36,232.45,69930
2026-07-09T10:50:00+05:30,232.5,232.86,232.4,232.74,48259
2026-07-09T10:55:00+05:30,232.76,232.76,232.33,232.33,75686
2026-07-09T11:00:00+05:30,232.33,232.6,232.2,232.6,92161
2026-07-09T11:05:00+05:30,232.6,233.2,232.51,232.83,103959
2026-07-09T11:10:00+05:30,232.9,232.95,232.72,232.8,37410
2026-07-09T11:15:00+05:30,232.8,232.9,232.32,232.59,86041
2026-07-09T11:20:00+05:30,232.57,232.8,232.42,232.75,44861
2026-07-09T11:25:00+05:30,232.75,233.22,232.73,233.17,95387
2026-07-09T11:30:00+05:30,233.11,233.18,232.94,233.18,89241
2026-07-09T11:35:00+05:30,233.18,233.2,233.02,233.14,44475
2026-07-09T11:40:00+05:30,233.14,233.44,233.07,233.37,104451
2026-07-09T11:45:00+05:30,233.33,233.47,233.25,233.34,68488
2026-07-09T11:50:00+05:30,233.36,233.45,233.14,233.39,51959
2026-07-09T11:55:00+05:30,233.36,233.5,233.31,233.41,58227
2026-07-09T12:00:00+05:30,233.49,233.6,233.38,233.55,43925
2026-07-09T12:05:00+05:30,233.59,233.75,233.55,233.6,94349
2026-07-09T12:10:00+05:30,233.6,233.77,233.5,233.68,65322
2026-07-09T12:15:00+05:30,233.68,233.75,233.5,233.55,103112
2026-07-09T12:20:00+05:30,233.5,234.07,233.5,233.99,169590
2026-07-09T12:25:00+05:30,233.99,234,233.74,233.76,41134
2026-07-09T12:30:00+05:30,233.76,233.95,233.67,233.8,44780
2026-07-09T12:35:00+05:30,233.71,233.85,233.7,233.77,33461
2026-07-09T12:40:00+05:30,233.76,233.77,233.36,233.42,54768
2026-07-09T12:45:00+05:30,233.44,233.63,233.21,233.43,42373
2026-07-09T12:50:00+05:30,233.43,233.6,233.27,233.49,19844
2026-07-09T12:55:00+05:30,233.49,233.66,233.39,233.6,37391
2026-07-09T13:00:00+05:30,233.6,233.78,233.51,233.68,27513
2026-07-09T13:05:00+05:30,233.68,233.75,233.5,233.72,33176
2026-07-09T13:10:00+05:30,233.72,233.72,233.6,233.7,11127
2026-07-09T13:15:00+05:30,233.7,233.8,233.61,233.72,27772
2026-07-09T13:20:00+05:30,233.72,233.78,233.4,233.44,26407
2026-07-09T13:25:00+05:30,233.47,233.49,233.28,233.42,24699
2026-07-09T13:30:00+05:30,233.44,233.71,233.34,233.63,40390
2026-07-09T13:35:00+05:30,233.63,233.7,233.47,233.58,50832
2026-07-09T13:40:00+05:30,233.63,233.65,233.34,233.46,30568
2026-07-09T13:45:00+05:30,233.46,233.47,233.22,233.27,28571
2026-07-09T13:50:00+05:30,233.27,233.35,233.15,233.15,30855
2026-07-09T13:55:00+05:30,233.15,233.34,233.05,233.29,115964
2026-07-09T14:00:00+05:30,233.29,233.43,233.18,233.31,46079
2026-07-09T14:05:00+05:30,233.31,233.48,233.2,233.31,32097
2026-07-09T14:10:00+05:30,233.33,233.6,233.09,233.53,62354
2026-07-09T14:15:00+05:30,233.53,233.64,233.37,233.53,62066
2026-07-09T14:20:00+05:30,233.53,233.6,233.33,233.59,16349
2026-07-09T14:25:00+05:30,233.55,233.67,233.39,233.49,42278
2026-07-09T14:30:00+05:30,233.53,233.74,233.4,233.62,45188
2026-07-09T14:35:00+05:30,233.58,233.7,233.17,233.34,67929
2026-07-09T14:40:00+05:30,233.25,233.72,232.99,233.39,187625
2026-07-09T14:45:00+05:30,233.39,233.5,233.26,233.35,50269
2026-07-09T14:50:00+05:30,233.42,233.67,233.35,233.58,51400
2026-07-09T14:55:00+05:30,233.59,233.59,233.43,233.51,101974
2026-07-09T15:00:00+05:30,233.37,233.37,232.8,233.18,208554
2026-07-09T15:05:00+05:30,233.15,233.37,232.86,233.34,136780
2026-07-09T15:10:00+05:30,233.3,233.33,233.08,233.13,186049
2026-07-09T15:15:00+05:30,233.17,233.5,233.17,233.35,179274
2026-07-09T15:20:00+05:30,233.35,233.82,233.32,233.57,257647
2026-07-09T15:25:00+05:30,233.6,233.79,233.4,233.75,171848
2026-07-10T09:15:00+05:30,235,235.34,233.95,234.82,562548
2026-07-10T09:20:00+05:30,234.78,236.24,234.78,236.13,731774
2026-07-10T09:25:00+05:30,236.13,237.75,236.13,237.56,2061616
2026-07-10T09:30:00+05:30,237.58,238.59,237.31,238.59,1397663
2026-07-10T09:35:00+05:30,238.5,241.2,238.46,240.35,1994371
2026-07-10T09:40:00+05:30,240.31,242.35,240.3,241.41,1754539
2026-07-10T09:45:00+05:30,241.48,242.11,240.31,241.83,1172023
2026-07-10T09:50:00+05:30,241.84,241.84,240.77,240.9,469648
2026-07-10T09:55:00+05:30,240.86,241.33,240.86,240.96,417557
2026-07-10T10:00:00+05:30,241,242.34,240.9,242.06,774273
2026-07-10T10:05:00+05:30,242.1,242.3,241.67,242.27,516291
2026-07-10T10:10:00+05:30,242.27,242.5,241.6,242,603568
2026-07-10T10:15:00+05:30,242.08,242.65,241.62,242.6,615953
2026-07-10T10:20:00+05:30,242.55,242.6,241.7,242.3,446748
2026-07-10T10:25:00+05:30,242.37,242.51,241.88,242.25,520290
2026-07-10T10:30:00+05:30,242.27,242.27,241.44,241.73,349992
2026-07-10T10:35:00+05:30,241.75,242.23,241.61,241.7,250648
2026-07-10T10:40:00+05:30,241.7,241.91,241.5,241.8,134128
2026-07-10T10:45:00+05:30,241.8,241.9,241.68,241.8,116656
2026-07-10T10:50:00+05:30,241.79,242.21,241.67,241.85,286319
2026-07-10T10:55:00+05:30,241.84,241.95,240.63,240.93,467523
2026-07-10T11:00:00+05:30,240.99,241.16,240.46,240.56,310339
2026-07-10T11:05:00+05:30,240.6,240.81,240.27,240.31,147351
2026-07-10T11:10:00+05:30,240.39,240.39,240.12,240.35,197152
2026-07-10T11:15:00+05:30,240.28,240.32,239.86,239.97,211198
2026-07-10T11:20:00+05:30,239.97,239.97,239.76,239.83,89545
2026-07-10T11:25:00+05:30,239.83,239.85,239.58,239.65,146200
2026-07-10T11:30:00+05:30,239.7,239.91,239.59,239.75,104520
2026-07-10T11:35:00+05:30,239.79,240,239.66,239.73,106620
2026-07-10T11:40:00+05:30,239.68,240,239.61,239.84,110475
2026-07-10T11:45:00+05:30,239.86,240.25,239.8,240.23,105785
2026-07-10T11:50:00+05:30,240.25,240.49,240.1,240.19,197463
2026-07-10T11:55:00+05:30,240.19,240.63,240.06,240.63,343393
2026-07-10T12:00:00+05:30,240.62,241.45,240.62,241.25,237910
2026-07-10T12:05:00+05:30,241.32,241.32,241.05,241.06,207383
2026-07-10T12:10:00+05:30,241.08,241.11,240.8,240.93,99317
2026-07-10T12:15:00+05:30,240.94,241.32,240.73,240.73,253434
2026-07-10T12:20:00+05:30,240.72,240.82,240.41,240.64,68931
2026-07-10T12:25:00+05:30,240.64,241.08,240.6,240.92,102848
2026-07-10T12:30:00+05:30,240.85,240.99,240.66,240.86,49555
2026-07-10T12:35:00+05:30,240.85,240.88,240.62,240.66,63079
2026-07-10T12:40:00+05:30,240.72,240.9,240.56,240.71,73805
2026-07-10T12:45:00+05:30,240.74,241.05,240.6,241.05,62028
2026-07-10T12:50:00+05:30,241.06,242,240.8,241.8,748183
2026-07-10T12:55:00+05:30,241.81,242.4,241.72,242.12,336009
2026-07-10T13:00:00+05:30,242.15,242.98,242.11,242.98,724391
2026-07-10T13:05:00+05:30,242.98,243.5,242.77,243.08,903455
2026-07-10T13:10:00+05:30,243.07,243.07,242.5,242.71,268151
2026-07-10T13:15:00+05:30,242.71,242.86,242.18,242.21,222357
2026-07-10T13:20:00+05:30,242.26,242.27,241.8,241.85,150572
2026-07-10T13:25:00+05:30,241.9,242.1,241.5,241.91,207678
2026-07-10T13:30:00+05:30,241.88,242.11,241.66,242.07,86318
2026-07-10T13:35:00+05:30,242.12,242.32,241.93,242.15,119912
2026-07-10T13:40:00+05:30,242.2,242.25,242,242.03,124293
2026-07-10T13:45:00+05:30,242.05,242.21,241.97,242,84971
2026-07-10T13:50:00+05:30,242,242.14,241.84,241.95,81996
2026-07-10T13:55:00+05:30,241.94,242.07,241.65,241.65,108273
2026-07-10T14:00:00+05:30,241.74,241.96,241.62,241.84,85273
2026-07-10T14:05:00+05:30,241.85,241.99,241.65,241.68,61764
2026-07-10T14:10:00+05:30,241.79,242,241.68,241.9,107831
2026-07-10T14:15:00+05:30,241.93,241.98,241.7,241.81,90875
2026-07-10T14:20:00+05:30,241.65,241.7,241.3,241.48,157530
2026-07-10T14:25:00+05:30,241.49,241.62,241.47,241.51,40433
2026-07-10T14:30:00+05:30,242.08,242.18,241.72,241.73,130542
2026-07-10T14:35:00+05:30,241.72,241.8,241.58,241.75,85387
2026-07-10T14:40:00+05:30,241.8,241.8,241.55,241.55,103079
2026-07-10T14:45:00+05:30,241.59,242.43,241.56,242.1,305419
2026-07-10T14:50:00+05:30,242.1,242.1,241.61,241.65,145901
2026-07-10T14:55:00+05:30,241.65,241.73,241.5,241.54,99276
2026-07-10T15:00:00+05:30,241.64,241.94,241.42,241.43,268033
2026-07-10T15:05:00+05:30,241.43,241.59,241.34,241.59,260455
2026-07-10T15:10:00+05:30,241.52,241.85,241.5,241.78,307179
2026-07-10T15:15:00+05:30,241.78,241.8,241.47,241.68,473893
2026-07-10T15:20:00+05:30,241.7,242.7,241.7,242.4,968996
2026-07-10T15:25:00+05:30,242.4,242.6,242.18,242.5,738390
2026-07-13T09:15:00+05:30,239.8,241.41,239.35,241.14,963927
2026-07-13T09:20:00+05:30,241.2,242.35,240.97,241.85,805294
2026-07-13T09:25:00+05:30,241.85,242.04,241.4,241.6,458273
2026-07-13T09:30:00+05:30,241.6,241.95,241.35,241.69,232906
2026-07-13T09:35:00+05:30,241.6,241.9,241.51,241.9,215190
2026-07-13T09:40:00+05:30,241.85,241.99,241.52,241.85,248235
2026-07-13T09:45:00+05:30,241.86,242.1,241.7,242.04,277388
2026-07-13T09:50:00+05:30,242.05,242.25,241.75,241.75,188366
2026-07-13T09:55:00+05:30,241.75,242.29,241.73,241.95,139785
2026-07-13T10:00:00+05:30,241.95,241.99,241.75,241.93,98117
2026-07-13T10:05:00+05:30,241.93,242.1,241.7,241.71,199688
2026-07-13T10:10:00+05:30,241.87,242.25,241.78,242.17,60103
2026-07-13T10:15:00+05:30,242.17,242.25,241.85,242,67435
2026-07-13T10:20:00+05:30,242,242.2,241.84,242.03,67238
2026-07-13T10:25:00+05:30,242.04,242.5,242,242.43,124264
2026-07-13T10:30:00+05:30,242.44,242.44,242.02,242.2,55218
2026-07-13T10:35:00+05:30,242.25,242.27,242,242,112053
2026-07-13T10:40:00+05:30,242,242.24,242,242.05,54468
2026-07-13T10:45:00+05:30,242.05,242.24,242,242.11,207237
2026-07-13T10:50:00+05:30,242.21,242.77,242.1,242.26,263752
2026-07-13T10:55:00+05:30,242.22,242.85,242,242.85,837487
2026-07-13T11:00:00+05:30,242.85,243.48,242.66,243.29,1516688
2026-07-13T11:05:00+05:30,243.29,243.35,242.7,242.7,248443
2026-07-13T11:10:00+05:30,242.7,242.82,242.25,242.28,113729
2026-07-13T11:15:00+05:30,242.33,242.49,242.05,242.09,102845
2026-07-13T11:20:00+05:30,242.1,242.37,242.06,242.08,97798
2026-07-13T11:25:00+05:30,242.08,242.41,242.01,242.03,90183
2026-07-13T11:30:00+05:30,242.04,242.15,242,242.15,171324
2026-07-13T11:35:00+05:30,242.23,242.25,242,242.1,71919
2026-07-13T11:40:00+05:30,242.12,242.14,242,242,47255
2026-07-13T11:45:00+05:30,242.05,242.1,242,242.02,329309
2026-07-13T11:50:00+05:30,242,242,240.63,240.91,311236
2026-07-13T11:55:00+05:30,240.91,241.3,240.65,240.75,205766
2026-07-13T12:00:00+05:30,240.75,240.97,240.71,240.92,82839
2026-07-13T12:05:00+05:30,240.83,241.24,240.82,241.1,62966
2026-07-13T12:10:00+05:30,241.1,241.75,240.94,241.5,95234
2026-07-13T12:15:00+05:30,241.52,241.63,241.34,241.5,66791
2026-07-13T12:20:00+05:30,241.5,241.7,241.21,241.3,54346
2026-07-13T12:25:00+05:30,241.38,241.45,241.14,241.24,50175
2026-07-13T12:30:00+05:30,241.24,241.45,241,241.31,64774
2026-07-13T12:35:00+05:30,241.31,241.7,241.15,241.69,49910
2026-07-13T12:40:00+05:30,241.69,241.73,241.32,241.43,87382
2026-07-13T12:45:00+05:30,241.43,241.58,241.2,241.47,61849
2026-07-13T12:50:00+05:30,241.35,242.3,241.35,242.03,127377
2026-07-13T12:55:00+05:30,242.03,242.1,241.92,242,169476
2026-07-13T13:00:00+05:30,242,242.08,241.93,242.04,201150
2026-07-13T13:05:00+05:30,242,242.25,242,242.19,67644
2026-07-13T13:10:00+05:30,242.13,242.22,242.03,242.04,24591
2026-07-13T13:15:00+05:30,242.04,242.13,242,242.05,24960
2026-07-13T13:20:00+05:30,242.05,242.14,241.97,242,72643
2026-07-13T13:25:00+05:30,242,242.04,241.2,241.4,234692
2026-07-13T13:30:00+05:30,241.4,241.6,241.33,241.42,33413
2026-07-13T13:35:00+05:30,241.42,241.75,241.32,241.53,57023
2026-07-13T13:40:00+05:30,241.53,241.65,241.4,241.41,55048
2026-07-13T13:45:00+05:30,241.46,241.76,241.3,241.61,26843
2026-07-13T13:50:00+05:30,241.69,241.69,241.25,241.25,25717
2026-07-13T13:55:00+05:30,241.2,241.45,241.2,241.45,26380
2026-07-13T14:00:00+05:30,241.4,241.51,241.07,241.16,74945
2026-07-13T14:05:00+05:30,241.16,241.31,241.09,241.22,36622
2026-07-13T14:10:00+05:30,241.21,241.43,241.19,241.36,25875
2026-07-13T14:15:00+05:30,241.42,241.48,241.2,241.26,32978
2026-07-13T14:20:00+05:30,241.25,241.3,241.2,241.2,36703
2026-07-13T14:25:00+05:30,241.2,241.27,240.9,241,78573
2026-07-13T14:30:00+05:30,241.04,241.16,240.97,241.01,36307
2026-07-13T14:35:00+05:30,241.09,241.1,240.93,241.07,37815
2026-07-13T14:40:00+05:30,241.05,241.2,241,241.2,40112
2026-07-13T14:45:00+05:30,241.26,241.65,241.16,241.56,53676
2026-07-13T14:50:00+05:30,241.68,241.74,241.58,241.72,65158
2026-07-13T14:55:00+05:30,241.66,241.8,241.42,241.63,84520
2026-07-13T15:00:00+05:30,241.63,241.8,241.53,241.62,156477
2026-07-13T15:05:00+05:30,241.64,241.87,241.6,241.72,148923
2026-07-13T15:10:00+05:30,241.72,241.83,241.6,241.83,164540
2026-07-13T15:15:00+05:30,241.84,241.91,241.71,241.72,260043
2026-07-13T15:20:00+05:30,241.74,241.9,240.91,241,840113
2026-07-13T15:25:00+05:30,240.99,241.4,240.75,241.23,323064
2026-07-14T09:15:00+05:30,239.7,239.7,238.5,238.77,465894
2026-07-14T09:20:00+05:30,238.74,239.7,238.58,239.7,308754
2026-07-14T09:25:00+05:30,239.65,239.89,239.17,239.26,233254
2026-07-14T09:30:00+05:30,239.24,239.42,239.06,239.29,103958
2026-07-14T09:35:00+05:30,239.23,239.29,238.5,238.5,257429
2026-07-14T09:40:00+05:30,238.39,238.39,237.66,237.91,366788
2026-07-14T09:45:00+05:30,237.91,238.1,237.76,237.8,178474
2026-07-14T09:50:00+05:30,237.84,238.03,237.75,237.82,146010
2026-07-14T09:55:00+05:30,237.8,238.24,237.75,238.18,113487
2026-07-14T10:00:00+05:30,238.15,238.24,237.91,238.11,114531
2026-07-14T10:05:00+05:30,238.09,238.3,237.89,238.26,84140
2026-07-14T10:10:00+05:30,238.3,238.44,238.24,238.27,61012
2026-07-14T10:15:00+05:30,238.25,238.36,237.7,237.71,145694
2026-07-14T10:20:00+05:30,237.72,238.17,237.5,237.53,160577
2026-07-14T10:25:00+05:30,237.39,237.68,237.31,237.43,145977
2026-07-14T10:30:00+05:30,237.45,238,237.35,237.78,107994
2026-07-14T10:35:00+05:30,237.79,237.85,237.55,237.67,97735
2026-07-14T10:40:00+05:30,237.67,237.69,237.3,237.56,92390
2026-07-14T10:45:00+05:30,237.55,237.84,237.51,237.84,67444
2026-07-14T10:50:00+05:30,237.84,238.01,237.8,237.95,121419
2026-07-14T10:55:00+05:30,237.95,238.19,237.86,238.11,47673
2026-07-14T11:00:00+05:30,238.11,238.2,238.02,238.09,48939
2026-07-14T11:05:00+05:30,238.09,238.15,237.99,238.11,50547
2026-07-14T11:10:00+05:30,238.11,238.36,237.97,238.28,50965
2026-07-14T11:15:00+05:30,238.2,238.32,238.01,238.1,40957
2026-07-14T11:20:00+05:30,238.16,238.16,237.9,237.93,56705
2026-07-14T11:25:00+05:30,237.93,238,237.8,237.96,46496
2026-07-14T11:30:00+05:30,237.82,237.92,237.5,237.61,123317
2026-07-14T11:35:00+05:30,237.63,237.64,236.78,237.07,344266
2026-07-14T11:40:00+05:30,237.07,237.19,236.7,236.91,109901
2026-07-14T11:45:00+05:30,236.94,237.08,236.72,236.76,75652
2026-07-14T11:50:00+05:30,236.76,237.02,236.75,236.8,78511
2026-07-14T11:55:00+05:30,236.84,236.86,236.65,236.8,110187
2026-07-14T12:00:00+05:30,236.82,237.29,236.8,236.88,60253
2026-07-14T12:05:00+05:30,236.99,237.05,236.8,236.89,65084
2026-07-14T12:10:00+05:30,236.88,236.89,236.69,236.72,43335
2026-07-14T12:15:00+05:30,236.73,236.79,236.5,236.6,160600
2026-07-14T12:20:00+05:30,236.6,236.85,236.55,236.69,83280
2026-07-14T12:25:00+05:30,236.6,236.75,236.2,236.4,140001
2026-07-14T12:30:00+05:30,236.4,236.6,236.31,236.58,76639
2026-07-14T12:35:00+05:30,236.58,236.7,236.46,236.65,43930
2026-07-14T12:40:00+05:30,236.65,236.65,236.5,236.6,46899
2026-07-14T12:45:00+05:30,236.65,236.85,236.59,236.69,41104
2026-07-14T12:50:00+05:30,236.71,236.81,236.64,236.7,34727
2026-07-14T12:55:00+05:30,236.69,236.87,236.6,236.64,46948
2026-07-14T13:00:00+05:30,236.63,236.71,236.25,236.41,105360
2026-07-14T13:05:00+05:30,236.41,236.7,236.4,236.64,36991
2026-07-14T13:10:00+05:30,236.66,236.68,236.45,236.65,58053
2026-07-14T13:15:00+05:30,236.55,236.65,236.4,236.65,61054
2026-07-14T13:20:00+05:30,236.61,236.85,236.6,236.75,48622
2026-07-14T13:25:00+05:30,236.75,236.8,236.55,236.67,50770
2026-07-14T13:30:00+05:30,236.65,236.77,236.45,236.45,85025
2026-07-14T13:35:00+05:30,236.51,236.58,235.9,236.19,239932
2026-07-14T13:40:00+05:30,236.18,236.2,236,236.16,76909
2026-07-14T13:45:00+05:30,236.2,236.41,236.15,236.3,101427
2026-07-14T13:50:00+05:30,236.34,236.4,236.25,236.32,39684
2026-07-14T13:55:00+05:30,236.39,236.45,236.25,236.3,50603
2026-07-14T14:00:00+05:30,236.3,236.41,236,236.15,81392
2026-07-14T14:05:00+05:30,236.08,236.15,235.71,235.74,227173
2026-07-14T14:10:00+05:30,235.85,235.95,235.76,235.89,81778
2026-07-14T14:15:00+05:30,235.88,235.94,235.59,235.62,133153
2026-07-14T14:20:00+05:30,235.68,235.72,235.31,235.48,169063
2026-07-14T14:25:00+05:30,235.58,235.76,235.39,235.56,77607
2026-07-14T14:30:00+05:30,235.59,235.59,235.3,235.41,242438
2026-07-14T14:35:00+05:30,235.5,235.74,235.41,235.55,139020
2026-07-14T14:40:00+05:30,235.66,235.81,235.56,235.57,81733
2026-07-14T14:45:00+05:30,235.62,235.62,235.2,235.44,135467
2026-07-14T14:50:00+05:30,235.39,235.5,235.3,235.48,107970
2026-07-14T14:55:00+05:30,235.4,235.76,235.35,235.55,129342
2026-07-14T15:00:00+05:30,235.5,236.02,235.5,236,297460
2026-07-14T15:05:00+05:30,236,236.43,235.97,236.18,415192
2026-07-14T15:10:00+05:30,236.19,236.2,236.01,236.14,204037
2026-07-14T15:15:00+05:30,236.14,236.25,235.72,235.9,395723
2026-07-14T15:20:00+05:30,235.9,236,235.8,235.88,304175
2026-07-14T15:25:00+05:30,235.82,236.1,235.75,236.06,387281
2026-07-15T09:15:00+05:30,237.2,237.94,236.52,236.99,879664
2026-07-15T09:20:00+05:30,237.14,237.47,237.01,237.43,268101
2026-07-15T09:25:00+05:30,237.46,238,237.46,237.7,308581
2026-07-15T09:30:00+05:30,237.73,238,237.64,237.8,289714
2026-07-15T09:35:00+05:30,237.87,238.4,237.8,237.92,483755
2026-07-15T09:40:00+05:30,237.84,238.08,237.82,237.84,183504
2026-07-15T09:45:00+05:30,237.88,237.94,237.71,237.71,113200
2026-07-15T09:50:00+05:30,237.71,238.27,237.71,238.12,128399
2026-07-15T09:55:00+05:30,238.2,238.2,238,238.06,75949
2026-07-15T10:00:00+05:30,238.04,238.1,237.84,238.06,85692
2026-07-15T10:05:00+05:30,238.06,238.15,238,238.13,69815
2026-07-15T10:10:00+05:30,238.13,238.38,238,238.18,100240
2026-07-15T10:15:00+05:30,238.2,238.5,238.2,238.37,173071
2026-07-15T10:20:00+05:30,238.44,238.44,238.15,238.25,80614
2026-07-15T10:25:00+05:30,238.32,238.47,238.15,238.35,105167
2026-07-15T10:30:00+05:30,238.34,238.36,238.01,238.11,66722
2026-07-15T10:35:00+05:30,238.1,238.13,237.75,237.83,94820
2026-07-15T10:40:00+05:30,237.78,237.8,237.63,237.72,74745
2026-07-15T10:45:00+05:30,237.72,237.75,237.21,237.4,142072
2026-07-15T10:50:00+05:30,237.4,237.55,237.2,237.51,193557
2026-07-15T10:55:00+05:30,237.51,237.52,237.15,237.34,115932
2026-07-15T11:00:00+05:30,237.35,237.44,237.27,237.37,92925
2026-07-15T11:05:00+05:30,237.36,237.67,237.2,237.48,74027
2026-07-15T11:10:00+05:30,237.48,237.48,237.11,237.2,47792
2026-07-15T11:15:00+05:30,237.19,237.43,236.97,237.3,128851
2026-07-15T11:20:00+05:30,237.36,237.38,237.18,237.31,53898
2026-07-15T11:25:00+05:30,237.37,238.34,237.36,237.81,40613
2026-07-15T11:30:00+05:30,237.79,237.92,237.6,237.76,60012
2026-07-15T11:35:00+05:30,237.75,237.91,237.57,237.83,33214
2026-07-15T11:40:00+05:30,237.83,237.9,237.56,237.62,47939
2026-07-15T11:45:00+05:30,237.62,237.68,237.5,237.65,24678
2026-07-15T11:50:00+05:30,237.64,237.65,237.43,237.43,47339
2026-07-15T11:55:00+05:30,237.5,237.66,237.45,237.64,28391
2026-07-15T12:00:00+05:30,237.64,237.66,237.45,237.49,36035
2026-07-15T12:05:00+05:30,237.59,237.91,237.27,237.8,92718
2026-07-15T12:10:00+05:30,237.8,237.9,237.32,237.4,71758
2026-07-15T12:15:00+05:30,237.36,237.65,237.28,237.5,51527
2026-07-15T12:20:00+05:30,237.58,237.63,237.15,237.15,61508
2026-07-15T12:25:00+05:30,237.25,237.38,237.1,237.15,27065
2026-07-15T12:30:00+05:30,237.18,237.18,236.8,236.95,113802
2026-07-15T12:35:00+05:30,237,237.03,236.8,236.8,67577
2026-07-15T12:40:00+05:30,236.83,237,236.72,237,56527
2026-07-15T12:45:00+05:30,237,237.04,236.66,236.8,64133
2026-07-15T12:50:00+05:30,236.83,236.89,236.6,236.63,52770
2026-07-15T12:55:00+05:30,236.63,236.63,235.35,235.92,321681
2026-07-15T13:00:00+05:30,235.92,236.33,235.75,236.1,161061
2026-07-15T13:05:00+05:30,236.16,236.16,235.76,235.81,90864
2026-07-15T13:10:00+05:30,235.81,235.87,235.7,235.84,65740
2026-07-15T13:15:00+05:30,235.9,236.36,235.76,236.3,83987
2026-07-15T13:20:00+05:30,236.31,236.4,236,236.1,67383
2026-07-15T13:25:00+05:30,236.1,236.29,236.02,236.2,28442
2026-07-15T13:30:00+05:30,236.26,236.31,235.92,235.92,128170
2026-07-15T13:35:00+05:30,235.96,236.28,235.92,236.13,45597
2026-07-15T13:40:00+05:30,236.13,236.17,235.81,235.95,50611
2026-07-15T13:45:00+05:30,235.96,236.43,235.86,236.28,81611
2026-07-15T13:50:00+05:30,236.3,236.32,235.9,236.02,73464
2026-07-15T13:55:00+05:30,236.04,236.4,236,236.3,38783
2026-07-15T14:00:00+05:30,236.3,236.39,236.3,236.37,41833
2026-07-15T14:05:00+05:30,236.37,236.5,236.25,236.41,47868
2026-07-15T14:10:00+05:30,236.41,236.56,236.3,236.48,56272
2026-07-15T14:15:00+05:30,236.48,236.79,236.35,236.63,61447
2026-07-15T14:20:00+05:30,236.7,236.78,236.34,236.6,171427
2026-07-15T14:25:00+05:30,236.61,236.72,236.52,236.58,72127
2026-07-15T14:30:00+05:30,236.58,236.86,236.52,236.7,53705
2026-07-15T14:35:00+05:30,236.73,237.36,236.65,237.36,107906
2026-07-15T14:40:00+05:30,237.3,237.36,237,237.29,130472
2026-07-15T14:45:00+05:30,237.29,237.37,237,237,72027
2026-07-15T14:50:00+05:30,237.07,237.2,236.8,236.82,66239
2026-07-15T14:55:00+05:30,236.9,237,236.75,236.85,78035
2026-07-15T15:00:00+05:30,236.81,237.13,236.6,236.75,229603
2026-07-15T15:05:00+05:30,236.7,236.97,236.55,236.55,291176
2026-07-15T15:10:00+05:30,236.56,236.75,236.4,236.4,189022
2026-07-15T15:15:00+05:30,236.49,236.59,236.33,236.53,281392
2026-07-15T15:20:00+05:30,236.55,236.68,236.39,236.68,588948
2026-07-15T15:25:00+05:30,236.65,236.72,236.5,236.5,348518
2026-07-16T09:15:00+05:30,237.78,237.91,236.25,236.97,482791
2026-07-16T09:20:00+05:30,236.97,237.12,236.27,236.51,239921
2026-07-16T09:25:00+05:30,236.51,236.51,235.6,235.75,268091
2026-07-16T09:30:00+05:30,235.75,236.35,235.2,235.2,276923
2026-07-16T09:35:00+05:30,235.1,235.16,234.1,234.26,584208
2026-07-16T09:40:00+05:30,234.29,235.02,234.21,234.74,281939
2026-07-16T09:45:00+05:30,234.74,235.2,234.71,235.12,133832
2026-07-16T09:50:00+05:30,235.1,235.4,235,235.35,114076
2026-07-16T09:55:00+05:30,235.33,235.68,235.3,235.46,122360
2026-07-16T10:00:00+05:30,235.46,235.48,235.17,235.32,85235
2026-07-16T10:05:00+05:30,235.32,235.8,235.07,235.63,174260
2026-07-16T10:10:00+05:30,235.66,235.9,235.54,235.82,176203
2026-07-16T10:15:00+05:30,235.82,235.96,235.75,235.96,50076
2026-07-16T10:20:00+05:30,235.96,236.4,235.91,236.4,174671
2026-07-16T10:25:00+05:30,236.4,236.48,235.42,235.73,202397
2026-07-16T10:30:00+05:30,235.74,236.08,235.5,236,84580
2026-07-16T10:35:00+05:30,235.96,236.08,235.55,235.81,175656
2026-07-16T10:40:00+05:30,235.7,236.18,235.66,236,58202
2026-07-16T10:45:00+05:30,236,236.3,235.97,236.3,103201
2026-07-16T10:50:00+05:30,236.3,236.39,236.17,236.27,48485
2026-07-16T10:55:00+05:30,236.27,236.44,236.17,236.44,58019
2026-07-16T11:00:00+05:30,236.44,236.5,236.24,236.4,110517
2026-07-16T11:05:00+05:30,236.4,236.49,236.2,236.45,112396
2026-07-16T11:10:00+05:30,236.5,236.58,236.17,236.57,186337
2026-07-16T11:15:00+05:30,236.57,236.77,236.26,236.32,151934
2026-07-16T11:20:00+05:30,236.33,236.6,236.21,236.42,88027
2026-07-16T11:25:00+05:30,236.43,236.43,236.26,236.36,27770
2026-07-16T11:30:00+05:30,236.36,236.37,236.09,236.28,45080
2026-07-16T11:35:00+05:30,236.22,236.56,236.09,236.31,60212
2026-07-16T11:40:00+05:30,236.35,236.44,236.11,236.28,47963
2026-07-16T11:45:00+05:30,236.25,236.39,236.22,236.25,61726
2026-07-16T11:50:00+05:30,236.25,236.35,235.82,235.91,131322
2026-07-16T11:55:00+05:30,235.91,235.99,235.76,235.9,60730
2026-07-16T12:00:00+05:30,235.9,235.9,235.6,235.82,96119
2026-07-16T12:05:00+05:30,235.82,236,235.7,236,64576
2026-07-16T12:10:00+05:30,236,236,235.81,235.85,31888
2026-07-16T12:15:00+05:30,235.94,236,235.68,235.82,48102
2026-07-16T12:20:00+05:30,235.9,235.9,235.8,235.9,33252
2026-07-16T12:25:00+05:30,235.9,236.25,235.87,236.25,106620
2026-07-16T12:30:00+05:30,236.25,236.33,236.09,236.1,60248
2026-07-16T12:35:00+05:30,236.17,236.29,236.11,236.22,45819
2026-07-16T12:40:00+05:30,236.22,236.29,236,236,48248
2026-07-16T12:45:00+05:30,236,236.11,235.9,236.1,86828
2026-07-16T12:50:00+05:30,236.07,236.09,235.6,235.75,63081
2026-07-16T12:55:00+05:30,235.71,235.8,235.51,235.52,53083
2026-07-16T13:00:00+05:30,235.51,235.61,235.35,235.47,87781
2026-07-16T13:05:00+05:30,235.47,235.74,235.46,235.65,50342
2026-07-16T13:10:00+05:30,235.65,235.75,235.49,235.65,58754
2026-07-16T13:15:00+05:30,235.66,235.66,235.42,235.58,65959
2026-07-16T13:20:00+05:30,235.6,235.7,235.56,235.69,30566
2026-07-16T13:25:00+05:30,235.7,235.73,235.35,235.5,96282
2026-07-16T13:30:00+05:30,235.55,235.55,235.01,235.2,122967
2026-07-16T13:35:00+05:30,235.21,235.28,234.88,234.96,247401
2026-07-16T13:40:00+05:30,234.99,235.18,234.9,235.03,84942
2026-07-16T13:45:00+05:30,235.07,235.2,234.92,235.1,98331
2026-07-16T13:50:00+05:30,235.09,235.33,235.01,235.22,43013
2026-07-16T13:55:00+05:30,235.22,235.48,235.21,235.41,68470
2026-07-16T14:00:00+05:30,235.45,235.64,235.35,235.56,46961
2026-07-16T14:05:00+05:30,235.6,235.6,235.5,235.54,24738
2026-07-16T14:10:00+05:30,235.58,235.59,235.37,235.5,32112
2026-07-16T14:15:00+05:30,235.5,235.79,235.48,235.6,82870
2026-07-16T14:20:00+05:30,235.65,235.7,235.51,235.6,38282
2026-07-16T14:25:00+05:30,235.63,235.79,235.58,235.62,49130
2026-07-16T14:30:00+05:30,235.65,235.78,235.56,235.6,69289
2026-07-16T14:35:00+05:30,235.55,235.92,235.3,235.92,185171
2026-07-16T14:40:00+05:30,235.9,235.95,235.63,235.78,72331
2026-07-16T14:45:00+05:30,235.78,235.79,235.51,235.68,76879
2026-07-16T14:50:00+05:30,235.68,235.88,235.67,235.8,99110
2026-07-16T14:55:00+05:30,235.8,235.93,235.61,235.93,141410
2026-07-16T15:00:00+05:30,235.79,236.1,235.7,235.75,259632
2026-07-16T15:05:00+05:30,235.75,235.76,235.61,235.74,190400
2026-07-16T15:10:00+05:30,235.74,235.77,235.35,235.44,261903
2026-07-16T15:15:00+05:30,235.43,235.57,235.28,235.52,292002
2026-07-16T15:20:00+05:30,235.51,235.77,235.5,235.71,560630
2026-07-16T15:25:00+05:30,235.61,236,235.48,235.98,363848
2026-07-17T09:15:00+05:30,247.5,249.95,244.59,247.95,19390391
2026-07-17T09:20:00+05:30,248,249.15,245.62,245.79,8727456
2026-07-17T09:25:00+05:30,245.66,247.62,245.5,245.94,3393333
2026-07-17T09:30:00+05:30,245.87,246.32,244.24,245.7,4342435
2026-07-17T09:35:00+05:30,245.75,246.5,244.03,244.48,3236728
2026-07-17T09:40:00+05:30,244.48,245.24,244,244.96,2314457
2026-07-17T09:45:00+05:30,244.99,245.96,244.34,245.35,1899374
2026-07-17T09:50:00+05:30,245.35,248.4,245.35,247.29,5574579
2026-07-17T09:55:00+05:30,247.3,247.3,245.12,245.79,2347997
2026-07-17T10:00:00+05:30,245.79,246,244.64,244.8,1839721
2026-07-17T10:05:00+05:30,244.87,245.75,244.5,245.6,1192794
2026-07-17T10:10:00+05:30,245.61,247,245.5,246.98,1555665
2026-07-17T10:15:00+05:30,246.91,247.45,245.26,245.5,1873923
2026-07-17T10:20:00+05:30,245.5,245.72,244.71,245.3,1353398
2026-07-17T10:25:00+05:30,245.3,245.4,244.55,244.75,1069803
2026-07-17T10:30:00+05:30,244.76,245.55,244.69,245.45,837897
2026-07-17T10:35:00+05:30,245.45,245.54,245.05,245.35,573384
2026-07-17T10:40:00+05:30,245.3,246.2,245.2,246.12,864019
2026-07-17T10:45:00+05:30,246.1,246.49,245.32,245.5,860838
2026-07-17T10:50:00+05:30,245.45,245.5,245,245.04,609679
2026-07-17T10:55:00+05:30,245,245.19,244.75,245.09,725911
2026-07-17T11:00:00+05:30,245,245.45,244.71,245.44,631644
2026-07-17T11:05:00+05:30,245.44,245.49,244.8,244.82,413950
2026-07-17T11:10:00+05:30,244.82,244.95,244.23,244.45,1117954
2026-07-17T11:15:00+05:30,244.48,244.66,243.26,243.46,1480709
2026-07-17T11:20:00+05:30,243.46,244.27,243.02,243.99,1278598
2026-07-17T11:25:00+05:30,243.99,244.1,243.5,244,453102
2026-07-17T11:30:00+05:30,244,244.68,243.91,244.5,417373
2026-07-17T11:35:00+05:30,244.52,244.52,243.9,244.1,454970
2026-07-17T11:40:00+05:30,244.1,244.1,243.8,243.91,303006
2026-07-17T11:45:00+05:30,243.91,243.97,243.51,243.65,338685
2026-07-17T11:50:00+05:30,243.7,243.87,243.5,243.75,270306
2026-07-17T11:55:00+05:30,243.77,244.48,243.76,244.13,557595
2026-07-17T12:00:00+05:30,244.1,244.25,243.57,244.13,418263
2026-07-17T12:05:00+05:30,244.1,244.25,244,244.23,277373
2026-07-17T12:10:00+05:30,244.23,244.63,244.16,244.26,335367
2026-07-17T12:15:00+05:30,244.3,244.36,243.8,244.11,231612
2026-07-17T12:20:00+05:30,244.19,244.2,243.8,244.02,287012
2026-07-17T12:25:00+05:30,244.02,244.07,243.7,243.87,229279
2026-07-17T12:30:00+05:30,243.89,244.07,243.8,243.89,239621
2026-07-17T12:35:00+05:30,243.89,244,243.6,243.96,317366
2026-07-17T12:40:00+05:30,243.98,244.19,243.7,244.19,204688
2026-07-17T12:45:00+05:30,244.14,244.61,244.08,244.31,594585
2026-07-17T12:50:00+05:30,244.23,244.99,244,244.89,716441
2026-07-17T12:55:00+05:30,244.89,244.89,244.35,244.48,493488
2026-07-17T13:00:00+05:30,244.49,244.63,244.1,244.22,332341
2026-07-17T13:05:00+05:30,244.15,244.52,244.11,244.11,278463
2026-07-17T13:10:00+05:30,244.12,244.49,244.11,244.3,226457
2026-07-17T13:15:00+05:30,244.34,244.34,243.8,243.96,365170
2026-07-17T13:20:00+05:30,243.94,244.04,243.8,243.9,172327
2026-07-17T13:25:00+05:30,243.88,244,243.75,243.9,237625
2026-07-17T13:30:00+05:30,243.9,243.98,243.6,243.62,355909
2026-07-17T13:35:00+05:30,243.69,243.93,243.61,243.93,197497
2026-07-17T13:40:00+05:30,243.85,243.93,243.59,243.61,396306
2026-07-17T13:45:00+05:30,243.72,243.72,242.77,243.1,1291020
2026-07-17T13:50:00+05:30,243.1,243.15,242.8,243.02,454821
2026-07-17T13:55:00+05:30,243.09,243.4,242.92,243.11,330253
2026-07-17T14:00:00+05:30,243.11,243.23,242.9,243.1,368249
2026-07-17T14:05:00+05:30,243.14,243.16,242.8,242.98,285667
2026-07-17T14:10:00+05:30,242.98,243,242.35,242.7,529403
2026-07-17T14:15:00+05:30,242.64,243.89,242.64,243.65,839430
2026-07-17T14:20:00+05:30,243.65,243.76,243,243.1,414678
2026-07-17T14:25:00+05:30,243.05,243.3,242.71,242.85,392429
2026-07-17T14:30:00+05:30,242.85,243,242.55,242.72,452894
2026-07-17T14:35:00+05:30,242.75,242.84,242.53,242.69,326641
2026-07-17T14:40:00+05:30,242.65,243.15,242.65,243.07,413261
2026-07-17T14:45:00+05:30,243.09,243.22,243,243.19,297998
2026-07-17T14:50:00+05:30,243.19,243.25,243.01,243.11,331442
2026-07-17T14:55:00+05:30,243.15,243.18,242.9,243.15,636036
2026-07-17T15:00:00+05:30,243.03,243.2,242.92,243.05,603734
2026-07-17T15:05:00+05:30,243.01,243.9,243.01,243.49,1225277
2026-07-17T15:10:00+05:30,243.46,243.58,243.17,243.42,1273652
2026-07-17T15:15:00+05:30,243.44,243.45,242.8,242.88,1397095
2026-07-17T15:20:00+05:30,242.88,243,242,242.39,1818772
2026-07-17T15:25:00+05:30,242.31,242.8,242.25,242.7,1429375
2026-07-20T09:15:00+05:30,243,243.11,239.25,240.1,1659190
2026-07-20T09:20:00+05:30,239.94,240.17,239.39,239.98,759627
2026-07-20T09:25:00+05:30,239.99,240.98,239.99,240.86,768683
2026-07-20T09:30:00+05:30,240.83,240.85,239.99,240.23,467489
2026-07-20T09:35:00+05:30,240.23,240.48,239.9,240.12,304095
2026-07-20T09:40:00+05:30,240.07,240.41,239.9,240.41,253680
2026-07-20T09:45:00+05:30,240.41,241.2,240.15,240.98,672608
2026-07-20T09:50:00+05:30,240.98,241.28,240.9,241.2,270356
2026-07-20T09:55:00+05:30,241.2,241.25,241.05,241.2,166840
2026-07-20T10:00:00+05:30,241.2,241.47,241,241.4,224016
2026-07-20T10:05:00+05:30,241.5,241.5,241,241.07,144437
2026-07-20T10:10:00+05:30,241,241.17,240.4,240.43,1225636
2026-07-20T10:15:00+05:30,240.43,240.67,240.3,240.41,241836
2026-07-20T10:20:00+05:30,240.49,240.54,239.94,240.1,287880
2026-07-20T10:25:00+05:30,240.09,240.18,239.71,240.12,305276
2026-07-20T10:30:00+05:30,240.1,240.21,239.81,240,199030
2026-07-20T10:35:00+05:30,240,240,239.6,239.84,243819
2026-07-20T10:40:00+05:30,239.81,239.98,239.7,239.9,134656
2026-07-20T10:45:00+05:30,239.83,239.85,239.5,239.83,228482
2026-07-20T10:50:00+05:30,239.81,239.98,239.7,239.92,82240
2026-07-20T10:55:00+05:30,239.9,239.9,239.29,239.49,316594
2026-07-20T11:00:00+05:30,239.49,239.5,239.3,239.49,217644
2026-07-20T11:05:00+05:30,239.48,239.51,239.1,239.33,182540
2026-07-20T11:10:00+05:30,239.42,239.45,238.81,239.32,417737
2026-07-20T11:15:00+05:30,239.32,239.47,239.1,239.1,123414
2026-07-20T11:20:00+05:30,239.1,239.29,239.1,239.16,98046
2026-07-20T11:25:00+05:30,239.15,239.34,239.05,239.18,103658
2026-07-20T11:30:00+05:30,239.3,239.43,239.18,239.43,57711
2026-07-20T11:35:00+05:30,239.43,239.5,239.2,239.45,106415
2026-07-20T11:40:00+05:30,239.45,239.45,239.05,239.06,119553
2026-07-20T11:45:00+05:30,239.09,239.2,238.91,239,193608
2026-07-20T11:50:00+05:30,239,239,238.6,238.65,363689
2026-07-20T11:55:00+05:30,238.65,238.7,238.55,238.58,179443
2026-07-20T12:00:00+05:30,238.57,238.65,238.35,238.52,287909
2026-07-20T12:05:00+05:30,238.52,238.54,238.25,238.3,142954
2026-07-20T12:10:00+05:30,238.3,238.77,238.25,238.71,251421
2026-07-20T12:15:00+05:30,238.71,238.95,238.51,238.89,143222
2026-07-20T12:20:00+05:30,238.89,238.89,238.4,238.55,144558
2026-07-20T12:25:00+05:30,238.55,238.59,238.25,238.42,140955
2026-07-20T12:30:00+05:30,238.42,238.65,238.37,238.62,64190
2026-07-20T12:35:00+05:30,238.6,238.6,238.35,238.47,84181
2026-07-20T12:40:00+05:30,238.5,238.56,238.13,238.25,157497
2026-07-20T12:45:00+05:30,238.25,238.27,238.1,238.25,206003
2026-07-20T12:50:00+05:30,238.25,238.49,238.24,238.33,85376
2026-07-20T12:55:00+05:30,238.39,238.78,238.3,238.67,122980
2026-07-20T13:00:00+05:30,238.69,238.8,238.53,238.65,61572
2026-07-20T13:05:00+05:30,238.62,238.77,238.55,238.62,136741
2026-07-20T13:10:00+05:30,238.62,239.36,238.56,239.31,247097
2026-07-20T13:15:00+05:30,239.34,239.67,238.96,239,540228
2026-07-20T13:20:00+05:30,239,239,238.8,239,92581
2026-07-20T13:25:00+05:30,239,239.42,238.93,239.36,377941
2026-07-20T13:30:00+05:30,239.31,239.36,238.91,239,380870
2026-07-20T13:35:00+05:30,239,239.03,238.8,238.82,365629
2026-07-20T13:40:00+05:30,238.81,238.98,238.72,238.81,108586
2026-07-20T13:45:00+05:30,238.81,239,238.8,238.97,81832
2026-07-20T13:50:00+05:30,238.97,238.97,238.8,238.91,62799
2026-07-20T13:55:00+05:30,238.87,239,238.87,238.95,89435
2026-07-20T14:00:00+05:30,238.99,239,238.91,239,413138
2026-07-20T14:05:00+05:30,239,239.13,238.96,239.11,105593
2026-07-20T14:10:00+05:30,239.05,239.11,238.94,238.94,115786
2026-07-20T14:15:00+05:30,238.95,239.07,238.83,239.07,102740
2026-07-20T14:20:00+05:30,238.99,239.1,238.9,238.9,92172
2026-07-20T14:25:00+05:30,238.9,239,238.75,239,129651
2026-07-20T14:30:00+05:30,239,239,238.71,238.84,83572
2026-07-20T14:35:00+05:30,238.74,238.84,238.58,238.6,148137
2026-07-20T14:40:00+05:30,238.65,238.8,238.6,238.8,47949
2026-07-20T14:45:00+05:30,238.77,238.94,238.76,238.85,90301
2026-07-20T14:50:00+05:30,238.87,239.04,238.82,238.9,184960
2026-07-20T14:55:00+05:30,238.85,238.98,238.74,238.8,121397
2026-07-20T15:00:00+05:30,238.86,238.94,238.74,238.78,196718
2026-07-20T15:05:00+05:30,238.78,238.93,238.7,238.85,245277
2026-07-20T15:10:00+05:30,238.91,238.99,238.79,238.95,269252
2026-07-20T15:15:00+05:30,238.94,239,238.7,238.94,533257
2026-07-20T15:20:00+05:30,238.92,239.05,238.85,239.05,379959
2026-07-20T15:25:00+05:30,239.04,239.1,238.9,239.1,338203
2026-07-21T09:15:00+05:30,239.48,239.68,238.5,238.98,648605
2026-07-21T09:20:00+05:30,238.99,239.01,238.65,238.89,280361
2026-07-21T09:25:00+05:30,238.86,239,238.71,238.92,271841
2026-07-21T09:30:00+05:30,238.92,238.98,238.21,238.3,334445
2026-07-21T09:35:00+05:30,238.32,238.57,238.3,238.35,134477
2026-07-21T09:40:00+05:30,238.33,238.39,237.97,238.19,294154
2026-07-21T09:45:00+05:30,238.13,238.2,237.75,237.95,191871
2026-07-21T09:50:00+05:30,237.97,238.3,237.95,238.27,185661
2026-07-21T09:55:00+05:30,238.23,238.48,238.19,238.46,128070
2026-07-21T10:00:00+05:30,238.48,238.5,237.85,237.85,110845
2026-07-21T10:05:00+05:30,237.85,238.08,237,238.02,571362
2026-07-21T10:10:00+05:30,238.03,238.05,237.82,237.91,98433
2026-07-21T10:15:00+05:30,237.91,238.04,237.73,237.96,158667
2026-07-21T10:20:00+05:30,238,238.2,237.31,237.46,158489
2026-07-21T10:25:00+05:30,237.43,237.5,237.36,237.43,90387
2026-07-21T10:30:00+05:30,237.48,237.5,237.15,237.29,206770
2026-07-21T10:35:00+05:30,237.23,237.33,237.02,237.16,100230
2026-07-21T10:40:00+05:30,237.16,237.34,237.05,237.2,67310
2026-07-21T10:45:00+05:30,237.25,237.31,237.11,237.21,59116
2026-07-21T10:50:00+05:30,237.13,237.23,237.04,237.1,104760
2026-07-21T10:55:00+05:30,237.1,237.11,236.9,236.93,247357
2026-07-21T11:00:00+05:30,236.89,236.97,236.75,236.8,223469
2026-07-21T11:05:00+05:30,236.8,237,236.76,236.94,67622
2026-07-21T11:10:00+05:30,236.94,236.99,236.9,236.98,57376
2026-07-21T11:15:00+05:30,236.91,237.32,236.87,237.22,609615
2026-07-21T11:20:00+05:30,237.22,237.65,237.22,237.58,604669
2026-07-21T11:25:00+05:30,237.58,237.7,237.5,237.59,63338
2026-07-21T11:30:00+05:30,237.59,238.3,237.5,238.17,591311
2026-07-21T11:35:00+05:30,238.17,238.45,237.86,238.35,377122
2026-07-21T11:40:00+05:30,238.38,238.38,237.58,237.6,385264
2026-07-21T11:45:00+05:30,237.67,237.68,237.23,237.29,115514
2026-07-21T11:50:00+05:30,237.29,237.42,237.2,237.31,65737
2026-07-21T11:55:00+05:30,237.32,237.38,237.19,237.31,47042
2026-07-21T12:00:00+05:30,237.45,237.5,237.2,237.2,63638
2026-07-21T12:05:00+05:30,237.3,237.37,237.09,237.18,65808
2026-07-21T12:10:00+05:30,237.18,237.2,236.87,236.9,252611
2026-07-21T12:15:00+05:30,236.98,237.05,236.9,237,88421
2026-07-21T12:20:00+05:30,237,237.02,236.8,236.86,88816
2026-07-21T12:25:00+05:30,236.85,237.2,236.71,237.1,513759
2026-07-21T12:30:00+05:30,237.1,237.4,237.01,237.32,102251
2026-07-21T12:35:00+05:30,237.29,237.87,237.21,237.75,471870
2026-07-21T12:40:00+05:30,237.78,237.8,237.48,237.57,101979
2026-07-21T12:45:00+05:30,237.58,238.42,237.52,238.31,367213
2026-07-21T12:50:00+05:30,238.38,238.5,238,238.5,242733
2026-07-21T12:55:00+05:30,238.43,238.55,238.08,238.15,285712
2026-07-21T13:00:00+05:30,238.15,238.37,238,238.16,227839
2026-07-21T13:05:00+05:30,238.2,238.5,238.13,238.5,395624
2026-07-21T13:10:00+05:30,238.46,238.63,238.37,238.37,95537
2026-07-21T13:15:00+05:30,238.4,238.4,238.21,238.21,51614
2026-07-21T13:20:00+05:30,238.23,238.38,238.03,238.28,69485
2026-07-21T13:25:00+05:30,238.3,238.3,238.15,238.18,24506
2026-07-21T13:30:00+05:30,238.2,238.4,238.12,238.35,44394
2026-07-21T13:35:00+05:30,238.39,239.47,238.29,239.45,363859
2026-07-21T13:40:00+05:30,239.45,240.95,239.31,239.83,782850
2026-07-21T13:45:00+05:30,239.83,240.46,239.67,239.75,211153
2026-07-21T13:50:00+05:30,239.75,240.3,239.68,240.18,222771
2026-07-21T13:55:00+05:30,240.19,241.2,240.11,240.57,782776
2026-07-21T14:00:00+05:30,240.58,240.63,240.11,240.34,150265
2026-07-21T14:05:00+05:30,240.35,240.9,240.13,240.22,269814
2026-07-21T14:10:00+05:30,240.29,240.32,240.12,240.24,98728
2026-07-21T14:15:00+05:30,240.22,240.3,240.12,240.2,79305
2026-07-21T14:20:00+05:30,240.24,240.33,239.8,240.02,180151
2026-07-21T14:25:00+05:30,240.08,240.15,239.81,240.03,115730
2026-07-21T14:30:00+05:30,240.04,240.25,239.94,239.94,228515
2026-07-21T14:35:00+05:30,239.95,240.1,239.7,239.7,112060
2026-07-21T14:40:00+05:30,239.74,239.74,239.49,239.63,129431
2026-07-21T14:45:00+05:30,239.71,239.9,239.48,239.9,123154
2026-07-21T14:50:00+05:30,239.9,239.95,239.62,239.82,225086
2026-07-21T14:55:00+05:30,239.82,239.82,239.48,239.54,201597
2026-07-21T15:00:00+05:30,239.63,239.74,239.49,239.6,200562
2026-07-21T15:05:00+05:30,239.59,239.77,239.54,239.71,170155
2026-07-21T15:10:00+05:30,239.72,239.85,239.56,239.72,255521
2026-07-21T15:15:00+05:30,239.79,239.83,239.63,239.77,194672
2026-07-21T15:20:00+05:30,239.77,240.49,239.75,240.46,559363
2026-07-21T15:25:00+05:30,240.48,240.6,240.26,240.55,412854
2026-07-22T09:15:00+05:30,239.36,241.44,239.05,240.4,920986
2026-07-22T09:20:00+05:30,240.32,240.4,239.76,239.97,282385
2026-07-22T09:25:00+05:30,239.95,239.95,238.5,238.65,331086
2026-07-22T09:30:00+05:30,238.53,238.53,237.76,238.05,456173
2026-07-22T09:35:00+05:30,237.98,238.15,237.86,238,164210
2026-07-22T09:40:00+05:30,238,238.04,237.7,237.71,179797
2026-07-22T09:45:00+05:30,237.72,237.83,237.51,237.51,214326
2026-07-22T09:50:00+05:30,237.51,237.85,237.4,237.5,193066
2026-07-22T09:55:00+05:30,237.45,237.53,237.12,237.43,200627
2026-07-22T10:00:00+05:30,237.36,237.36,236.8,237.22,404859
2026-07-22T10:05:00+05:30,237.21,237.6,237.07,237.56,228632
2026-07-22T10:10:00+05:30,237.5,237.93,237.4,237.58,372318
2026-07-22T10:15:00+05:30,237.58,237.59,237.06,237.15,436291
2026-07-22T10:20:00+05:30,237.15,237.17,236.96,237.02,165931
2026-07-22T10:25:00+05:30,237.07,237.07,236.5,236.91,422433
2026-07-22T10:30:00+05:30,237.04,237.05,236.78,236.8,125243
2026-07-22T10:35:00+05:30,236.77,236.91,236.4,236.55,444568
2026-07-22T10:40:00+05:30,236.55,236.6,236.2,236.35,200372
2026-07-22T10:45:00+05:30,236.35,236.48,236.25,236.4,104767
2026-07-22T10:50:00+05:30,236.43,236.74,236.36,236.72,298071
2026-07-22T10:55:00+05:30,236.65,236.74,236.45,236.5,151540
2026-07-22T11:00:00+05:30,236.5,236.5,236.37,236.38,114598
2026-07-22T11:05:00+05:30,236.38,236.6,236.24,236.47,133913
2026-07-22T11:10:00+05:30,236.46,236.49,236.2,236.2,106627
2026-07-22T11:15:00+05:30,236.1,236.44,236.09,236.31,143893
2026-07-22T11:20:00+05:30,236.33,236.6,236.32,236.57,72865
2026-07-22T11:25:00+05:30,236.57,236.8,236.55,236.73,76272
2026-07-22T11:30:00+05:30,236.74,236.76,236.6,236.76,71388
2026-07-22T11:35:00+05:30,236.76,236.8,236.6,236.69,84634
2026-07-22T11:40:00+05:30,236.69,236.88,236.55,236.6,118544
2026-07-22T11:45:00+05:30,236.6,236.72,236.51,236.59,67941
2026-07-22T11:50:00+05:30,236.59,236.79,236.51,236.53,242978
2026-07-22T11:55:00+05:30,236.51,236.51,236.3,236.33,162170
2026-07-22T12:00:00+05:30,236.38,236.39,234.63,235.16,1302207
2026-07-22T12:05:00+05:30,235.16,235.27,234.91,234.96,287653
2026-07-22T12:10:00+05:30,234.93,235.17,234.8,235.02,165065
2026-07-22T12:15:00+05:30,235,235.07,234.7,234.72,208972
2026-07-22T12:20:00+05:30,234.6,234.99,234.5,234.99,285320
2026-07-22T12:25:00+05:30,234.96,235.2,234.8,234.87,153922
2026-07-22T12:30:00+05:30,234.86,234.87,234.7,234.76,128074
2026-07-22T12:35:00+05:30,234.82,234.82,234.5,234.7,131142
2026-07-22T12:40:00+05:30,234.7,234.92,234.6,234.85,113993
2026-07-22T12:45:00+05:30,234.89,235.1,234.75,235.06,187031
2026-07-22T12:50:00+05:30,235,235.26,235,235.02,134990
2026-07-22T12:55:00+05:30,235.04,235.17,235,235.05,95356
2026-07-22T13:00:00+05:30,235,235.07,234.8,234.8,173423
2026-07-22T13:05:00+05:30,234.81,234.99,234.71,234.95,84709
2026-07-22T13:10:00+05:30,234.95,234.99,234.69,234.9,104481
2026-07-22T13:15:00+05:30,234.9,234.96,234.75,234.9,120276
2026-07-22T13:20:00+05:30,234.86,235.02,234.78,234.83,130804
2026-07-22T13:25:00+05:30,234.88,234.93,234.55,234.71,139409
2026-07-22T13:30:00+05:30,234.73,234.88,234.65,234.84,73384
2026-07-22T13:35:00+05:30,234.84,235.01,234.8,234.91,143104
2026-07-22T13:40:00+05:30,234.91,234.97,234.65,234.75,102984
2026-07-22T13:45:00+05:30,234.7,234.8,234.51,234.56,133484
2026-07-22T13:50:00+05:30,234.57,234.67,234.5,234.66,255200
2026-07-22T13:55:00+05:30,234.66,234.67,234.51,234.51,101771
2026-07-22T14:00:00+05:30,234.55,234.89,234.35,234.65,210259
2026-07-22T14:05:00+05:30,234.65,234.86,234.65,234.7,135020
2026-07-22T14:10:00+05:30,234.78,234.79,234.36,234.6,191359
2026-07-22T14:15:00+05:30,234.65,234.85,234.52,234.83,104786
2026-07-22T14:20:00+05:30,234.83,234.89,234.7,234.81,100572
2026-07-22T14:25:00+05:30,234.75,234.82,234.56,234.61,92911
2026-07-22T14:30:00+05:30,234.61,234.69,234.6,234.64,95789
2026-07-22T14:35:00+05:30,234.65,234.72,234.64,234.64,149847
2026-07-22T14:40:00+05:30,234.65,234.65,234.45,234.55,404346
2026-07-22T14:45:00+05:30,234.4,234.69,234.2,234.62,241817
2026-07-22T14:50:00+05:30,234.62,234.72,234.19,234.59,351379
2026-07-22T14:55:00+05:30,234.57,234.7,234.5,234.63,139068
2026-07-22T15:00:00+05:30,234.63,234.67,234.26,234.31,311704
2026-07-22T15:05:00+05:30,234.23,234.77,234.23,234.76,655996
2026-07-22T15:10:00+05:30,234.75,234.99,234.61,234.9,386227
2026-07-22T15:15:00+05:30,234.91,235.17,234.87,235.15,472284
2026-07-22T15:20:00+05:30,235.15,235.17,234.71,234.86,645366
2026-07-22T15:25:00+05:30,234.86,234.94,234.55,234.89,438693
2026-07-23T09:15:00+05:30,234,235.13,233.28,234.97,512190
2026-07-23T09:20:00+05:30,234.81,235.78,234.57,235.75,403645
2026-07-23T09:25:00+05:30,235.71,235.77,235.35,235.5,233391
2026-07-23T09:30:00+05:30,235.55,235.75,235.05,235.2,171495
2026-07-23T09:35:00+05:30,235.24,235.24,234.6,235,162414
2026-07-23T09:40:00+05:30,234.92,234.92,234.48,234.82,115255
2026-07-23T09:45:00+05:30,234.75,235.08,234.6,234.68,96156
2026-07-23T09:50:00+05:30,234.68,234.86,234.6,234.78,99507
2026-07-23T09:55:00+05:30,234.85,235.17,234.75,235.11,115273
2026-07-23T10:00:00+05:30,235.11,235.66,235.05,235.6,141269
2026-07-23T10:05:00+05:30,235.65,235.65,235.2,235.44,130772
2026-07-23T10:10:00+05:30,235.41,235.47,235.02,235.33,97515
2026-07-23T10:15:00+05:30,235.33,235.4,235.18,235.19,51199
2026-07-23T10:20:00+05:30,235.18,235.18,234.71,234.88,66557
2026-07-23T10:25:00+05:30,234.88,235.27,234.81,235.2,66575
2026-07-23T10:30:00+05:30,235.23,235.24,234.82,234.92,84149
2026-07-23T10:35:00+05:30,234.92,235.09,234.81,234.85,47817
2026-07-23T10:40:00+05:30,234.96,235.12,234.87,235.05,86298
2026-07-23T10:45:00+05:30,235.1,235.15,234.9,235.1,44740
2026-07-23T10:50:00+05:30,235.13,235.22,234.9,235,53124
2026-07-23T10:55:00+05:30,235,235.35,234.97,235.3,78619
2026-07-23T11:00:00+05:30,235.3,235.6,235.29,235.6,54976
2026-07-23T11:05:00+05:30,235.6,235.6,235.24,235.3,48909
2026-07-23T11:10:00+05:30,235.34,235.44,235.14,235.2,40721
2026-07-23T11:15:00+05:30,235.2,235.21,234.85,234.98,74903
2026-07-23T11:20:00+05:30,234.95,234.95,234.75,234.84,72568
2026-07-23T11:25:00+05:30,234.84,234.85,234.7,234.75,53390
2026-07-23T11:30:00+05:30,234.8,234.95,234.75,234.8,55257
2026-07-23T11:35:00+05:30,234.79,235,234.79,234.82,49004
2026-07-23T11:40:00+05:30,234.85,235,234.77,234.94,52147
2026-07-23T11:45:00+05:30,234.96,234.99,234.77,234.79,24555
2026-07-23T11:50:00+05:30,234.86,234.93,234.55,234.68,72246
2026-07-23T11:55:00+05:30,234.67,234.89,234.51,234.89,45687
2026-07-23T12:00:00+05:30,234.87,235,234.71,234.73,46359
2026-07-23T12:05:00+05:30,234.81,234.99,234.7,234.99,39384
2026-07-23T12:10:00+05:30,234.99,234.99,234.71,234.71,35945
2026-07-23T12:15:00+05:30,234.79,234.79,234.53,234.64,54595
2026-07-23T12:20:00+05:30,234.64,234.71,234.52,234.52,32146
2026-07-23T12:25:00+05:30,234.55,234.6,234.3,234.35,86265
2026-07-23T12:30:00+05:30,234.35,234.45,234.01,234.25,121213
2026-07-23T12:35:00+05:30,234.24,234.25,234.01,234.05,79581
2026-07-23T12:40:00+05:30,234.1,234.13,233.5,233.51,220507
2026-07-23T12:45:00+05:30,233.45,233.8,233.42,233.5,172411
2026-07-23T12:50:00+05:30,233.57,233.65,233.24,233.6,118799
2026-07-23T12:55:00+05:30,233.65,233.87,233.58,233.6,83836
2026-07-23T13:00:00+05:30,233.5,233.6,233.17,233.19,166711
2026-07-23T13:05:00+05:30,233.19,233.36,233.01,233.1,128418
2026-07-23T13:10:00+05:30,233.16,233.18,233,233.04,105932
2026-07-23T13:15:00+05:30,233.11,233.29,232.8,233.25,199957
2026-07-23T13:20:00+05:30,233.28,233.65,233.2,233.54,265856
2026-07-23T13:25:00+05:30,233.54,233.59,233.33,233.48,56473
2026-07-23T13:30:00+05:30,233.5,233.6,233.2,233.38,87942
2026-07-23T13:35:00+05:30,233.48,233.75,233.21,233.73,98903
2026-07-23T13:40:00+05:30,233.75,233.84,233.42,233.62,124522
2026-07-23T13:45:00+05:30,233.62,233.94,233.59,233.72,105376
2026-07-23T13:50:00+05:30,233.77,233.86,233.55,233.56,76240
2026-07-23T13:55:00+05:30,233.56,233.63,233.4,233.52,55181
2026-07-23T14:00:00+05:30,233.6,233.68,233.45,233.59,40223
2026-07-23T14:05:00+05:30,233.57,233.78,233.5,233.57,44102
2026-07-23T14:10:00+05:30,233.51,233.61,233.3,233.31,53704
2026-07-23T14:15:00+05:30,233.4,233.48,233.12,233.2,57505
2026-07-23T14:20:00+05:30,233.27,233.68,233.13,233.66,69950
2026-07-23T14:25:00+05:30,233.68,233.7,233.35,233.46,71697
2026-07-23T14:30:00+05:30,233.45,233.69,233.1,233.69,204456
2026-07-23T14:35:00+05:30,233.72,233.75,233.15,233.27,84326
2026-07-23T14:40:00+05:30,233.27,233.36,232.68,232.79,257340
2026-07-23T14:45:00+05:30,232.84,232.91,232.35,232.5,219130
2026-07-23T14:50:00+05:30,232.5,232.78,232.4,232.69,158727
2026-07-23T14:55:00+05:30,232.74,232.99,232.65,232.99,107498
2026-07-23T15:00:00+05:30,232.95,233.29,232.8,233.04,262329
2026-07-23T15:05:00+05:30,233.03,233.28,232.94,233.25,247459
2026-07-23T15:10:00+05:30,233.27,233.49,233.2,233.37,236442
2026-07-23T15:15:00+05:30,233.38,233.5,232.89,232.89,408013
2026-07-23T15:20:00+05:30,232.98,233.1,232.89,233.1,338578
2026-07-23T15:25:00+05:30,233.12,233.29,233.01,233.29,264128
2026-07-24T09:15:00+05:30,232,232.85,231.36,232.7,895401
2026-07-24T09:20:00+05:30,232.58,233.3,232.35,232.48,458046
2026-07-24T09:25:00+05:30,232.57,232.86,232.42,232.61,207857
2026-07-24T09:30:00+05:30,232.6,232.64,231.91,232.13,309923
2026-07-24T09:35:00+05:30,232.14,232.37,231.9,232,258633
2026-07-24T09:40:00+05:30,232.04,232.17,231.63,231.72,236281
2026-07-24T09:45:00+05:30,231.79,232,231.66,231.66,163747
2026-07-24T09:50:00+05:30,231.66,231.84,231.45,231.71,261034
2026-07-24T09:55:00+05:30,231.72,231.87,231.57,231.57,225920
2026-07-24T10:00:00+05:30,231.54,231.6,231.21,231.51,155458
2026-07-24T10:05:00+05:30,231.52,231.59,231.38,231.4,103390
2026-07-24T10:10:00+05:30,231.5,231.52,231.33,231.47,108120
2026-07-24T10:15:00+05:30,231.45,231.79,231.33,231.55,136945
2026-07-24T10:20:00+05:30,231.59,231.69,231.47,231.49,161029
2026-07-24T10:25:00+05:30,231.49,232.12,231.49,231.97,125913
2026-07-24T10:30:00+05:30,232,232,231.61,231.73,125999
2026-07-24T10:35:00+05:30,231.73,232.15,231.64,232.1,79733
2026-07-24T10:40:00+05:30,232.1,232.29,231.86,232.03,99966
2026-07-24T10:45:00+05:30,231.99,232.39,231.99,232.36,67945
2026-07-24T10:50:00+05:30,232.38,232.6,232.18,232.24,105858
2026-07-24T10:55:00+05:30,232.24,232.25,232.02,232.11,63644
2026-07-24T11:00:00+05:30,232.11,232.11,231.96,232.08,65042
2026-07-24T11:05:00+05:30,232.11,232.25,232.02,232.2,50761
2026-07-24T11:10:00+05:30,232.2,232.44,232.15,232.16,54757
2026-07-24T11:15:00+05:30,232.22,232.68,232.11,232.68,72356
2026-07-24T11:20:00+05:30,232.59,233.2,232.59,233.15,197794
2026-07-24T11:25:00+05:30,233.09,233.16,232.9,232.9,77613
2026-07-24T11:30:00+05:30,232.9,232.98,232.7,232.82,89116
2026-07-24T11:35:00+05:30,232.91,233.26,232.75,233.25,135854
2026-07-24T11:40:00+05:30,233.25,233.78,233.11,233.54,206209
2026-07-24T11:45:00+05:30,233.6,233.89,233.6,233.72,134041
2026-07-24T11:50:00+05:30,233.72,233.85,233.5,233.65,118237
2026-07-24T11:55:00+05:30,233.66,233.66,233.45,233.59,67816
2026-07-24T12:00:00+05:30,233.63,233.95,233.53,233.92,68958
2026-07-24T12:05:00+05:30,233.94,234.05,233.51,233.58,140499
2026-07-24T12:10:00+05:30,233.52,233.7,233.43,233.48,157628
2026-07-24T12:15:00+05:30,233.45,233.8,233.45,233.66,62922
2026-07-24T12:20:00+05:30,233.66,233.9,233.64,233.8,85097
2026-07-24T12:25:00+05:30,233.8,234.78,233.8,234.68,160952
2026-07-24T12:30:00+05:30,234.84,234.85,234.22,234.22,166888
2026-07-24T12:35:00+05:30,234.32,234.44,234.14,234.42,92250
2026-07-24T12:40:00+05:30,234.4,234.87,234.39,234.66,113798
2026-07-24T12:45:00+05:30,234.66,234.88,234.51,234.75,100527
2026-07-24T12:50:00+05:30,234.78,234.9,234.6,234.63,74972
2026-07-24T12:55:00+05:30,234.63,234.94,234.61,234.78,58656
2026-07-24T13:00:00+05:30,234.77,234.8,234.5,234.64,121424
2026-07-24T13:05:00+05:30,234.6,234.6,234.38,234.44,136447
2026-07-24T13:10:00+05:30,234.46,234.87,234.46,234.8,86972
2026-07-24T13:15:00+05:30,234.8,234.8,234.6,234.69,40147
2026-07-24T13:20:00+05:30,234.74,234.9,234.6,234.84,48199
2026-07-24T13:25:00+05:30,234.83,234.9,234.76,234.77,51588
2026-07-24T13:30:00+05:30,234.75,234.79,234.6,234.68,117495
2026-07-24T13:35:00+05:30,234.69,234.8,234.55,234.78,65548
2026-07-24T13:40:00+05:30,234.78,234.78,234.56,234.68,107407
2026-07-24T13:45:00+05:30,234.69,235.22,234.68,235.08,128073
2026-07-24T13:50:00+05:30,235.08,235.2,234.93,234.96,80773
2026-07-24T13:55:00+05:30,235,235.15,234.92,235.09,84379
2026-07-24T14:00:00+05:30,235.11,235.48,235.05,235.38,164330
2026-07-24T14:05:00+05:30,235.36,235.45,235.06,235.08,71887
2026-07-24T14:10:00+05:30,235.08,235.1,234.74,234.83,104488
2026-07-24T14:15:00+05:30,234.87,234.98,234.55,234.65,90290
2026-07-24T14:20:00+05:30,234.7,234.73,234.55,234.57,94823
2026-07-24T14:25:00+05:30,234.55,234.7,234.51,234.67,62832
2026-07-24T14:30:00+05:30,234.63,234.66,234.35,234.4,142636
2026-07-24T14:35:00+05:30,234.4,234.46,234.25,234.38,60097
2026-07-24T14:40:00+05:30,234.38,234.52,234.37,234.39,52560
2026-07-24T14:45:00+05:30,234.4,234.52,234.24,234.41,91869
2026-07-24T14:50:00+05:30,234.49,234.89,234.32,234.83,87945
2026-07-24T14:55:00+05:30,234.83,234.83,234.56,234.68,52485
2026-07-24T15:00:00+05:30,234.65,234.65,234.34,234.49,156796
2026-07-24T15:05:00+05:30,234.49,234.67,234.42,234.64,174966
2026-07-24T15:10:00+05:30,234.66,234.8,234.51,234.79,156986
2026-07-24T15:15:00+05:30,234.78,234.91,234.54,234.67,170186
2026-07-24T15:20:00+05:30,234.66,235,234.66,234.99,219345
2026-07-24T15:25:00+05:30,235,235,234.82,234.98,225645
2026-07-27T09:15:00+05:30,237,237.4,236.25,236.41,453705
2026-07-27T09:20:00+05:30,236.41,236.81,236.4,236.64,314593
2026-07-27T09:25:00+05:30,236.7,236.7,236.14,236.53,358737
2026-07-27T09:30:00+05:30,236.55,236.58,236.31,236.39,131300
2026-07-27T09:35:00+05:30,236.31,236.9,236.26,236.83,145524
2026-07-27T09:40:00+05:30,236.88,236.88,236.65,236.8,91309
2026-07-27T09:45:00+05:30,236.7,236.9,236.66,236.85,62237
2026-07-27T09:50:00+05:30,236.81,236.85,236.36,236.36,88405
2026-07-27T09:55:00+05:30,236.37,236.38,236.16,236.34,115399
2026-07-27T10:00:00+05:30,236.38,236.38,236.1,236.32,72968
2026-07-27T10:05:00+05:30,236.25,236.34,236.15,236.21,70999
2026-07-27T10:10:00+05:30,236.21,236.35,236.15,236.29,64490
2026-07-27T10:15:00+05:30,236.35,236.43,236.1,236.17,124396
2026-07-27T10:20:00+05:30,236.17,236.21,235.9,235.91,149938
2026-07-27T10:25:00+05:30,235.99,236.1,235.8,236.05,78393
2026-07-27T10:30:00+05:30,236.1,236.13,235.92,235.99,62961
2026-07-27T10:35:00+05:30,236.03,236.1,235.62,235.92,187683
2026-07-27T10:40:00+05:30,235.94,236.1,235.9,236,47571
2026-07-27T10:45:00+05:30,236.05,236.12,235.91,236,50056
2026-07-27T10:50:00+05:30,236,236.12,235.9,236.1,60588
2026-07-27T10:55:00+05:30,236.05,236.09,235.86,236,49161
2026-07-27T11:00:00+05:30,235.95,236.07,235.9,235.95,34888
2026-07-27T11:05:00+05:30,235.95,236,235.83,235.88,28953
2026-07-27T11:10:00+05:30,235.88,235.95,235.75,235.77,85495
2026-07-27T11:15:00+05:30,235.81,236.12,235.7,236.12,52135
2026-07-27T11:20:00+05:30,236.07,236.14,236.01,236.12,31935
2026-07-27T11:25:00+05:30,236.11,236.21,236.07,236.17,69812
2026-07-27T11:30:00+05:30,236.13,236.32,236.13,236.26,64083
2026-07-27T11:35:00+05:30,236.21,236.26,236.08,236.15,30642
2026-07-27T11:40:00+05:30,236.15,236.24,236.08,236.15,34230
2026-07-27T11:45:00+05:30,236.19,236.21,236.02,236.02,30857
2026-07-27T11:50:00+05:30,236.03,236.13,236,236.06,24301
2026-07-27T11:55:00+05:30,236.06,236.19,236,236.03,56006
2026-07-27T12:00:00+05:30,236.03,236.1,236,236,36058
2026-07-27T12:05:00+05:30,236.05,236.1,235.9,235.98,238845
2026-07-27T12:10:00+05:30,236,236.16,235.9,236,45792
2026-07-27T12:15:00+05:30,236.07,236.18,235.92,236.14,50786
2026-07-27T12:20:00+05:30,236.15,236.2,235.9,235.97,56565
2026-07-27T12:25:00+05:30,235.97,236.01,235.81,235.81,60089
2026-07-27T12:30:00+05:30,235.8,235.88,235.75,235.75,42378
2026-07-27T12:35:00+05:30,235.8,235.86,235.65,235.65,36675
2026-07-27T12:40:00+05:30,235.72,235.8,235.55,235.78,57917
2026-07-27T12:45:00+05:30,235.77,235.77,235.6,235.61,44661
2026-07-27T12:50:00+05:30,235.63,235.75,235.63,235.67,35426
2026-07-27T12:55:00+05:30,235.67,235.75,235.61,235.65,26611
2026-07-27T13:00:00+05:30,235.7,235.95,235.6,235.85,31633
2026-07-27T13:05:00+05:30,235.92,236.05,235.82,236.01,51236
2026-07-27T13:10:00+05:30,236.05,236.05,235.9,235.98,31732
2026-07-27T13:15:00+05:30,235.99,236.06,235.91,235.95,30696
2026-07-27T13:20:00+05:30,235.96,235.96,235.8,235.8,30688
2026-07-27T13:25:00+05:30,235.88,235.91,235.73,235.73,104665
2026-07-27T13:30:00+05:30,235.75,235.75,235.5,235.51,55435
2026-07-27T13:35:00+05:30,235.52,235.6,235.26,235.52,112959
2026-07-27T13:40:00+05:30,235.52,235.7,235.45,235.62,53086
2026-07-27T13:45:00+05:30,235.7,235.7,235.4,235.4,35819
2026-07-27T13:50:00+05:30,235.49,235.51,235.32,235.43,41138
2026-07-27T13:55:00+05:30,235.49,235.6,235.43,235.55,30733
2026-07-27T14:00:00+05:30,235.6,235.69,235.52,235.64,27360
2026-07-27T14:05:00+05:30,235.64,235.69,235.55,235.57,23181
2026-07-27T14:10:00+05:30,235.61,235.98,235.55,235.95,64962
2026-07-27T14:15:00+05:30,235.95,235.95,235.8,235.8,59036
2026-07-27T14:20:00+05:30,235.8,236.1,235.8,236.1,71430
2026-07-27T14:25:00+05:30,236.1,236.2,235.86,235.87,151257
2026-07-27T14:30:00+05:30,235.87,235.99,235.83,235.9,135567
2026-07-27T14:35:00+05:30,235.94,236.08,235.9,236,88634
2026-07-27T14:40:00+05:30,235.96,236.05,235.83,235.99,78485
2026-07-27T14:45:00+05:30,235.95,235.99,235.81,235.89,66001
2026-07-27T14:50:00+05:30,235.89,235.94,235.71,235.72,169484
2026-07-27T14:55:00+05:30,235.77,235.8,235.56,235.64,192121
2026-07-27T15:00:00+05:30,235.7,236.33,235.68,236.32,303084
2026-07-27T15:05:00+05:30,236.32,236.35,236.21,236.3,129675
2026-07-27T15:10:00+05:30,236.3,236.4,236.21,236.3,131261
2026-07-27T15:15:00+05:30,236.24,236.35,236.14,236.17,128957
2026-07-27T15:20:00+05:30,236.23,236.3,236.1,236.18,212909
2026-07-27T15:25:00+05:30,236.22,236.24,236.1,236.24,203562
2026-07-28T09:15:00+05:30,236,236.74,235.85,236.12,342914
2026-07-28T09:20:00+05:30,236.16,236.53,235.91,235.94,258588
2026-07-28T09:25:00+05:30,235.96,236,235.64,235.99,122801
2026-07-28T09:30:00+05:30,235.98,236,235.6,235.66,161148
2026-07-28T09:35:00+05:30,235.7,236.18,235.51,236.02,227150
2026-07-28T09:40:00+05:30,236.03,237.18,235.95,237.1,332500
2026-07-28T09:45:00+05:30,237.1,237.4,236.92,237.1,359268
2026-07-28T09:50:00+05:30,237.1,239.19,237,239.19,967312
2026-07-28T09:55:00+05:30,239.18,239.21,238.2,238.46,454089
2026-07-28T10:00:00+05:30,238.41,238.41,237.21,237.29,194022
2026-07-28T10:05:00+05:30,237.3,237.4,237.15,237.4,138023
2026-07-28T10:10:00+05:30,237.33,237.7,237.2,237.6,91359
2026-07-28T10:15:00+05:30,237.55,237.66,237.3,237.37,92579
2026-07-28T10:20:00+05:30,237.35,237.35,237.16,237.19,71137
2026-07-28T10:25:00+05:30,237.24,237.42,237.09,237.36,76696
2026-07-28T10:30:00+05:30,237.35,237.5,237.25,237.3,31678
2026-07-28T10:35:00+05:30,237.35,237.35,237.14,237.27,59285
2026-07-28T10:40:00+05:30,237.3,238.43,236.53,238.43,454839
2026-07-28T10:45:00+05:30,238.46,238.99,238.34,238.53,323283
2026-07-28T10:50:00+05:30,238.5,238.67,238.3,238.33,158772
2026-07-28T10:55:00+05:30,238.34,238.51,238.31,238.31,175670
2026-07-28T11:00:00+05:30,238.34,238.39,238,238.25,119034
2026-07-28T11:05:00+05:30,238.3,238.46,238.06,238.24,88053
2026-07-28T11:10:00+05:30,238.26,238.41,237.7,237.77,109269
2026-07-28T11:15:00+05:30,237.8,238.28,237.74,237.93,78374
2026-07-28T11:20:00+05:30,237.93,237.99,237.72,237.94,111522
2026-07-28T11:25:00+05:30,237.94,237.98,237.77,237.93,52158
2026-07-28T11:30:00+05:30,237.93,237.95,237.7,237.72,52206
2026-07-28T11:35:00+05:30,237.77,237.99,237.62,237.93,80474
2026-07-28T11:40:00+05:30,237.99,238,237.8,237.98,49380
2026-07-28T11:45:00+05:30,237.99,238,237.71,237.83,131042
2026-07-28T11:50:00+05:30,237.85,237.85,237.3,237.33,164665
2026-07-28T11:55:00+05:30,237.33,237.4,237.18,237.32,86631
2026-07-28T12:00:00+05:30,237.32,237.38,237.24,237.28,46279
2026-07-28T12:05:00+05:30,237.28,237.61,237.22,237.49,75683
2026-07-28T12:10:00+05:30,237.49,237.53,237.35,237.39,50429
2026-07-28T12:15:00+05:30,237.43,237.57,237.35,237.42,41546
2026-07-28T12:20:00+05:30,237.44,237.5,237,237.1,142898
2026-07-28T12:25:00+05:30,237.14,237.45,237.05,237.32,87088
2026-07-28T12:30:00+05:30,237.34,237.45,237.25,237.35,52131
2026-07-28T12:35:00+05:30,237.35,237.41,237.2,237.32,55360
2026-07-28T12:40:00+05:30,237.36,237.45,237.28,237.32,46106
2026-07-28T12:45:00+05:30,237.35,237.37,237.25,237.27,46906
2026-07-28T12:50:00+05:30,237.28,237.34,236.99,237.05,80224
2026-07-28T12:55:00+05:30,237.12,237.15,236.95,237.12,50375
2026-07-28T13:00:00+05:30,237.12,237.28,237.01,237.2,58735
2026-07-28T13:05:00+05:30,237.25,237.25,237.04,237.13,54855
2026-07-28T13:10:00+05:30,237.16,237.18,236.61,236.72,76976
2026-07-28T13:15:00+05:30,236.75,236.9,236.64,236.75,105298
2026-07-28T13:20:00+05:30,236.77,237.15,236.65,237.14,65886
2026-07-28T13:25:00+05:30,237.1,237.2,237.03,237.11,55237
2026-07-28T13:30:00+05:30,237.12,237.36,237.08,237.22,74821
2026-07-28T13:35:00+05:30,237.26,237.32,237.1,237.16,52057
2026-07-28T13:40:00+05:30,237.16,237.26,237.08,237.18,66472
2026-07-28T13:45:00+05:30,237.17,237.29,236.9,236.92,105621
2026-07-28T13:50:00+05:30,236.92,237.41,236.9,237.28,122989
2026-07-28T13:55:00+05:30,237.28,237.41,236.91,236.91,61260
2026-07-28T14:00:00+05:30,236.96,237,236.8,236.9,117556
2026-07-28T14:05:00+05:30,236.9,236.95,236.76,236.85,54629
2026-07-28T14:10:00+05:30,236.81,237.24,236.76,237.19,143852
2026-07-28T14:15:00+05:30,237.19,237.25,236.9,236.96,145382
2026-07-28T14:20:00+05:30,236.9,237,236.9,236.98,41117
2026-07-28T14:25:00+05:30,236.98,237.18,236.9,236.95,109541
2026-07-28T14:30:00+05:30,236.95,237.15,236.8,236.9,103718
2026-07-28T14:35:00+05:30,236.94,237.18,236.86,237.09,62016
2026-07-28T14:40:00+05:30,237.2,237.34,237.06,237.1,47707
2026-07-28T14:45:00+05:30,237.05,237.23,237,237.01,83570
2026-07-28T14:50:00+05:30,237.01,237.25,236.98,237.2,113131
2026-07-28T14:55:00+05:30,237.2,237.23,236.78,236.84,172053
2026-07-28T15:00:00+05:30,236.9,237.24,236.64,236.95,347425
2026-07-28T15:05:00+05:30,236.94,237,236.78,236.83,223437
2026-07-28T15:10:00+05:30,236.81,236.83,236.65,236.68,251176
2026-07-28T15:15:00+05:30,236.75,237.21,236.68,237.21,388827
2026-07-28T15:20:00+05:30,237.21,237.5,237.07,237.35,473185
2026-07-28T15:25:00+05:30,237.35,237.5,237.14,237.25,462192
2026-07-29T09:15:00+05:30,238,239.13,237.63,238.25,366419
2026-07-29T09:20:00+05:30,238.25,238.67,237.9,238,249341
2026-07-29T09:25:00+05:30,238.08,238.1,237.9,237.95,87093
2026-07-29T09:30:00+05:30,237.95,238.21,237.9,237.98,171491
2026-07-29T09:35:00+05:30,238,238.04,237.7,237.82,124830
2026-07-29T09:40:00+05:30,237.82,238.21,237.82,238.21,143092
2026-07-29T09:45:00+05:30,238.15,238.2,238.07,238.15,79908
2026-07-29T09:50:00+05:30,238.15,238.3,238.1,238.23,116928
2026-07-29T09:55:00+05:30,238.25,238.3,237.51,237.6,172011
2026-07-29T10:00:00+05:30,237.6,238,237.52,237.99,80020
2026-07-29T10:05:00+05:30,238,238.21,237.91,238.18,104221
2026-07-29T10:10:00+05:30,238.18,238.18,238,238,57059
2026-07-29T10:15:00+05:30,238.04,238.4,237.93,238.32,109536
2026-07-29T10:20:00+05:30,238.35,238.35,238.1,238.25,78057
2026-07-29T10:25:00+05:30,238.25,238.25,238.03,238.08,41608
2026-07-29T10:30:00+05:30,238.1,238.33,238,238.27,76239
2026-07-29T10:35:00+05:30,238.33,238.45,238.23,238.29,73238
2026-07-29T10:40:00+05:30,238.35,238.8,238.04,238.76,423560
2026-07-29T10:45:00+05:30,238.76,238.9,238.2,238.37,182247
2026-07-29T10:50:00+05:30,238.41,238.46,238.1,238.29,402813
2026-07-29T10:55:00+05:30,238.29,238.74,238.14,238.56,423967
2026-07-29T11:00:00+05:30,238.62,238.66,238.3,238.55,51328
2026-07-29T11:05:00+05:30,238.55,238.95,238.55,238.89,211649
2026-07-29T11:10:00+05:30,238.9,238.96,238.7,238.8,98960
2026-07-29T11:15:00+05:30,238.8,238.8,238.5,238.75,114752
2026-07-29T11:20:00+05:30,238.75,238.75,238.55,238.72,47564
2026-07-29T11:25:00+05:30,238.72,238.72,238.42,238.48,41081
2026-07-29T11:30:00+05:30,238.48,238.94,238.48,238.66,117356
2026-07-29T11:35:00+05:30,238.75,238.75,238.52,238.56,43915
2026-07-29T11:40:00+05:30,238.56,238.61,238.4,238.54,54140
2026-07-29T11:45:00+05:30,238.6,238.78,238.49,238.63,47762
2026-07-29T11:50:00+05:30,238.64,238.66,238.36,238.49,79523
2026-07-29T11:55:00+05:30,238.47,238.63,238.29,238.59,180745
2026-07-29T12:00:00+05:30,238.59,238.85,238.4,238.79,141332
2026-07-29T12:05:00+05:30,238.8,239,238.73,238.92,156143
2026-07-29T12:10:00+05:30,238.9,239.08,238.81,238.82,187740
2026-07-29T12:15:00+05:30,238.85,239.2,238.5,239.2,129851
2026-07-29T12:20:00+05:30,239.2,239.2,239,239.1,51204
2026-07-29T12:25:00+05:30,239.09,239.1,238.93,238.95,29814
2026-07-29T12:30:00+05:30,238.99,239.25,238.8,239.23,115724
2026-07-29T12:35:00+05:30,239.24,240.43,239.24,239.8,721193
2026-07-29T12:40:00+05:30,239.74,241.2,239.63,241.06,647109
2026-07-29T12:45:00+05:30,241.1,242.39,240.82,242,1173756
2026-07-29T12:50:00+05:30,242.06,243.4,241.64,243.34,1360988
2026-07-29T12:55:00+05:30,243.34,243.8,242.32,242.64,673645
2026-07-29T13:00:00+05:30,242.65,243.07,242.5,242.86,512979
2026-07-29T13:05:00+05:30,242.93,247.44,242.86,247.24,3399412
2026-07-29T13:10:00+05:30,247.32,253.44,247,253.07,7897876
2026-07-29T13:15:00+05:30,253.48,253.9,249.23,249.34,5095569
2026-07-29T13:20:00+05:30,249.47,250.42,248.5,249.9,2721442
2026-07-29T13:25:00+05:30,249.98,249.99,249.01,249.2,1093964
2026-07-29T13:30:00+05:30,249.2,250,248.56,249.6,1719282
2026-07-29T13:35:00+05:30,249.63,250.4,248.8,248.91,1351769
2026-07-29T13:40:00+05:30,248.94,248.94,248.3,248.51,725097
2026-07-29T13:45:00+05:30,248.6,249.9,248.3,249.75,963072
2026-07-29T13:50:00+05:30,249.66,250.22,249.1,249.6,1057518
2026-07-29T13:55:00+05:30,249.53,249.6,248.88,249.02,448220
2026-07-29T14:00:00+05:30,249.02,250.3,248.95,249.45,776115
2026-07-29T14:05:00+05:30,249.5,249.5,248.89,249,381034
2026-07-29T14:10:00+05:30,249,249.05,248.62,248.85,479024
2026-07-29T14:15:00+05:30,248.85,248.95,248.55,248.61,285828
2026-07-29T14:20:00+05:30,248.67,248.92,248.51,248.59,331916
2026-07-29T14:25:00+05:30,248.69,248.93,248.5,248.83,280221
2026-07-29T14:30:00+05:30,248.83,249.1,248.51,248.56,427061
2026-07-29T14:35:00+05:30,248.57,248.8,248.45,248.66,359507
2026-07-29T14:40:00+05:30,248.66,249.35,248.45,249.15,775715
2026-07-29T14:45:00+05:30,249.15,249.6,249,249.08,413922
2026-07-29T14:50:00+05:30,249.1,249.5,249.03,249.42,398255
2026-07-29T14:55:00+05:30,249.45,249.5,249.22,249.25,520951
2026-07-29T15:00:00+05:30,249.3,250.5,249.01,250.46,1279409
2026-07-29T15:05:00+05:30,250.49,251,249.93,249.93,1499779
2026-07-29T15:10:00+05:30,249.99,250,249.4,249.5,698893
2026-07-29T15:15:00+05:30,249.5,249.51,248.63,248.97,774485
2026-07-29T15:20:00+05:30,248.97,248.98,248.51,248.52,1106728
2026-07-29T15:25:00+05:30,248.54,248.99,248.36,248.61,1133758
2026-07-30T09:15:00+05:30,248.75,249.9,247.39,248,1250856
2026-07-30T09:20:00+05:30,247.99,248.47,247.1,247.36,656051
2026-07-30T09:25:00+05:30,247.28,248.03,246.72,247.44,600655
2026-07-30T09:30:00+05:30,247.3,248.1,246.55,246.7,479590
2026-07-30T09:35:00+05:30,246.7,247.25,246.1,246.18,451558
2026-07-30T09:40:00+05:30,246.18,246.19,245.6,245.66,372148
2026-07-30T09:45:00+05:30,245.6,246.32,245.57,245.84,335188
2026-07-30T09:50:00+05:30,245.83,246.36,245.83,245.93,187155
2026-07-30T09:55:00+05:30,245.81,246.73,245.75,246.28,176680
2026-07-30T10:00:00+05:30,246.3,246.39,245.65,245.85,295817
2026-07-30T10:05:00+05:30,245.9,246,245.55,245.63,153029
2026-07-30T10:10:00+05:30,245.63,245.8,245.25,245.33,200607
2026-07-30T10:15:00+05:30,245.33,245.61,245.12,245.2,133154
2026-07-30T10:20:00+05:30,245.16,245.8,245.1,245.71,185651
2026-07-30T10:25:00+05:30,245.71,248.15,245.7,247.5,895935
2026-07-30T10:30:00+05:30,247.55,247.55,246.71,247.1,232477
2026-07-30T10:35:00+05:30,247.09,247.95,246.37,246.37,195741
2026-07-30T10:40:00+05:30,246.37,246.94,246.16,246.9,119946
2026-07-30T10:45:00+05:30,246.9,247.17,246.71,247.14,145700
2026-07-30T10:50:00+05:30,247.14,247.38,247,247.13,150591
2026-07-30T10:55:00+05:30,247.13,247.45,247,247.2,126681
2026-07-30T11:00:00+05:30,247.19,247.6,247.19,247.33,213309
2026-07-30T11:05:00+05:30,247.4,247.43,246.4,246.4,237802
2026-07-30T11:10:00+05:30,246.56,247,246.53,246.64,52465
2026-07-30T11:15:00+05:30,246.64,246.95,246.55,246.79,84742
2026-07-30T11:20:00+05:30,246.79,246.89,246.35,246.48,58667
2026-07-30T11:25:00+05:30,246.5,246.86,246.48,246.73,58650
2026-07-30T11:30:00+05:30,246.69,247.89,246.65,247.51,382360
2026-07-30T11:35:00+05:30,247.6,247.68,246.8,246.8,84265
2026-07-30T11:40:00+05:30,246.8,247.09,246.8,246.86,74264
2026-07-30T11:45:00+05:30,246.93,246.96,246.31,246.4,196109
2026-07-30T11:50:00+05:30,246.39,246.54,246.1,246.31,98974
2026-07-30T11:55:00+05:30,246.39,246.52,246.15,246.34,58741
2026-07-30T12:00:00+05:30,246.41,246.42,245.84,246,118845
2026-07-30T12:05:00+05:30,246,246.24,245.9,245.9,82370
2026-07-30T12:10:00+05:30,245.97,246.14,245.75,245.94,43601
2026-07-30T12:15:00+05:30,245.94,245.94,245.72,245.78,48545
2026-07-30T12:20:00+05:30,245.81,246.02,245.79,245.83,56495
2026-07-30T12:25:00+05:30,245.82,245.89,245.7,245.71,54272
2026-07-30T12:30:00+05:30,245.76,246.8,245.71,246.34,127506
2026-07-30T12:35:00+05:30,246.34,246.65,246,246.23,137156
2026-07-30T12:40:00+05:30,246.29,246.46,246.03,246.15,55609
2026-07-30T12:45:00+05:30,246.26,247.24,246.03,246.34,295742
2026-07-30T12:50:00+05:30,246.4,246.57,246.2,246.52,44332
2026-07-30T12:55:00+05:30,246.59,246.6,246.32,246.5,69989
2026-07-30T13:00:00+05:30,246.5,246.5,246.12,246.28,76499
2026-07-30T13:05:00+05:30,246.28,246.39,246,246.03,99558
2026-07-30T13:10:00+05:30,246.13,246.24,245.75,246.03,85375
2026-07-30T13:15:00+05:30,246,246.02,245.78,245.88,44853
2026-07-30T13:20:00+05:30,245.87,246.2,245.87,246.19,69061
2026-07-30T13:25:00+05:30,246.19,246.29,245.82,245.9,103384
2026-07-30T13:30:00+05:30,245.94,247.36,245.85,247,286018
2026-07-30T13:35:00+05:30,247,247.59,246.82,247.23,348078
2026-07-30T13:40:00+05:30,247.18,247.32,246.5,246.66,87155
2026-07-30T13:45:00+05:30,246.71,246.71,246.1,246.15,57152
2026-07-30T13:50:00+05:30,246.15,246.38,246,246.31,70790
2026-07-30T13:55:00+05:30,246.32,246.5,245.86,246.34,381849
2026-07-30T14:00:00+05:30,246.34,246.63,246.05,246.2,129494
2026-07-30T14:05:00+05:30,246.2,246.22,246,246.03,54321
2026-07-30T14:10:00+05:30,246.06,246.06,245.5,245.5,140368
2026-07-30T14:15:00+05:30,245.56,245.75,245.4,245.68,145321
2026-07-30T14:20:00+05:30,245.68,245.68,245.24,245.41,104785
2026-07-30T14:25:00+05:30,245.42,245.5,245.2,245.25,172573
2026-07-30T14:30:00+05:30,245.33,245.76,245.21,245.6,76788
2026-07-30T14:35:00+05:30,245.58,245.94,245.5,245.75,100564
2026-07-30T14:40:00+05:30,245.84,246.2,245.55,246.17,256091
2026-07-30T14:45:00+05:30,246.18,246.76,246,246.48,412639
2026-07-30T14:50:00+05:30,246.48,247.05,246.41,246.6,225401
2026-07-30T14:55:00+05:30,246.6,247.2,246.52,246.94,278524
2026-07-30T15:00:00+05:30,247.06,247.25,246.98,247.12,215909
2026-07-30T15:05:00+05:30,247.13,247.29,246.89,247.22,255109
2026-07-30T15:10:00+05:30,247.25,247.39,247.04,247.14,269513
2026-07-30T15:15:00+05:30,247,247,246.53,246.6,282176
2026-07-30T15:20:00+05:30,246.7,246.9,246.6,246.8,261210
2026-07-30T15:25:00+05:30,246.81,246.93,246.5,246.6,292754
2026-07-31T09:15:00+05:30,247.5,249.4,247.5,247.91,1057779
2026-07-31T09:20:00+05:30,248.24,248.7,247.81,248.17,373889
2026-07-31T09:25:00+05:30,248.2,249.09,247.9,248.25,378187
2026-07-31T09:30:00+05:30,248.34,248.39,247.05,247.1,328464
2026-07-31T09:35:00+05:30,247.11,247.7,247,247.7,240592
2026-07-31T09:40:00+05:30,247.55,248.76,247.4,248.75,253636
2026-07-31T09:45:00+05:30,248.8,250.2,248.18,250.11,1019862
2026-07-31T09:50:00+05:30,250.18,250.2,249.69,249.88,442210
2026-07-31T09:55:00+05:30,249.87,250.5,249.87,250.04,511982
2026-07-31T10:00:00+05:30,250.15,250.4,249.88,249.97,322781
2026-07-31T10:05:00+05:30,249.92,250.3,249.55,250.27,291108
2026-07-31T10:10:00+05:30,250.28,250.9,250.27,250.85,556428
2026-07-31T10:15:00+05:30,250.84,251,250.38,250.7,509634
2026-07-31T10:20:00+05:30,250.7,250.9,250.25,250.35,243716
2026-07-31T10:25:00+05:30,250.34,251.19,250.06,250.95,587723
2026-07-31T10:30:00+05:30,250.96,251.95,250.86,251.12,910095
2026-07-31T10:35:00+05:30,251.12,251.3,250.58,251.29,483904
2026-07-31T10:40:00+05:30,251.29,251.31,250.4,250.7,321908
2026-07-31T10:45:00+05:30,250.7,250.9,250.51,250.51,156450
2026-07-31T10:50:00+05:30,250.59,250.6,250.3,250.3,189563
2026-07-31T10:55:00+05:30,250.3,250.45,250.3,250.4,144700
2026-07-31T11:00:00+05:30,250.42,251.38,250.38,251.32,325521
2026-07-31T11:05:00+05:30,251.34,252,250.65,250.8,628292
2026-07-31T11:10:00+05:30,250.91,251.95,250.76,251.87,380046
2026-07-31T11:15:00+05:30,251.86,252.18,251.18,251.51,616068
2026-07-31T11:20:00+05:30,251.46,251.63,251.18,251.28,213802
2026-07-31T11:25:00+05:30,251.28,251.45,250.51,250.87,278381
2026-07-31T11:30:00+05:30,250.87,251.57,250.79,250.9,190709
2026-07-31T11:35:00+05:30,250.9,251.1,250.71,250.82,202822
2026-07-31T11:40:00+05:30,250.9,251.4,250.81,251.16,170610
2026-07-31T11:45:00+05:30,251.11,251.37,251.05,251.15,193699
2026-07-31T11:50:00+05:30,251.24,251.32,251,251.32,134950
2026-07-31T11:55:00+05:30,251.33,252,251.24,251.45,307157
2026-07-31T12:00:00+05:30,251.47,251.5,251.07,251.1,100673
2026-07-31T12:05:00+05:30,251.11,251.15,250.91,251.08,124642
2026-07-31T12:10:00+05:30,251.01,251.12,251,251.05,94284
2026-07-31T12:15:00+05:30,251.05,251.1,250.8,250.89,137051
2026-07-31T12:20:00+05:30,250.88,250.94,249.79,250.08,555836
2026-07-31T12:25:00+05:30,250,250.25,249.9,250.07,134598
2026-07-31T12:30:00+05:30,250.08,250.28,249.79,249.87,249099
2026-07-31T12:35:00+05:30,249.9,250.12,249.7,249.86,92990
2026-07-31T12:40:00+05:30,249.94,250.25,249.85,250.01,170911
2026-07-31T12:45:00+05:30,250.02,250.15,249.6,250,243443
2026-07-31T12:50:00+05:30,250,250.05,249.8,250.04,90652
2026-07-31T12:55:00+05:30,250.05,250.5,249.94,250.43,186072
2026-07-31T13:00:00+05:30,250.49,250.76,250.04,250.07,197323
2026-07-31T13:05:00+05:30,250.08,251.4,250.08,251.11,307348
2026-07-31T13:10:00+05:30,251.1,251.48,250.75,251,262223
2026-07-31T13:15:00+05:30,251,251.42,250.99,251.08,186049
2026-07-31T13:20:00+05:30,251.08,251.9,250.99,251.76,617310
2026-07-31T13:25:00+05:30,251.58,251.89,251.42,251.55,335344
2026-07-31T13:30:00+05:30,251.55,251.7,251.2,251.25,190451
2026-07-31T13:35:00+05:30,251.3,252.4,251.24,251.56,920914
2026-07-31T13:40:00+05:30,251.58,251.82,251.1,251.76,192527
2026-07-31T13:45:00+05:30,251.78,252.25,251.69,252.03,475538
2026-07-31T13:50:00+05:30,252.03,253.45,252,253.05,1843042
2026-07-31T13:55:00+05:30,253.07,254.95,253.07,254.75,2319400
2026-07-31T14:00:00+05:30,254.75,254.9,253.25,253.7,770294
2026-07-31T14:05:00+05:30,253.82,254.14,253.5,253.57,454419
2026-07-31T14:10:00+05:30,253.61,255.55,253.57,255.35,2407524
2026-07-31T14:15:00+05:30,255.5,255.84,254.86,255.3,1170096
2026-07-31T14:20:00+05:30,255.37,255.55,254.88,255.52,671585
2026-07-31T14:25:00+05:30,255.5,255.58,254.9,255.05,434631
2026-07-31T14:30:00+05:30,255.05,255.15,254.55,254.78,553922
2026-07-31T14:35:00+05:30,254.76,255.1,254.5,254.84,689303
2026-07-31T14:40:00+05:30,254.85,255,254.27,254.9,392615
2026-07-31T14:45:00+05:30,254.9,256.6,254.87,256.09,2078615
2026-07-31T14:50:00+05:30,256.09,256.79,255.7,256.2,1263811
2026-07-31T14:55:00+05:30,256.25,257,256,256.05,973425
2026-07-31T15:00:00+05:30,256.05,256.67,255.75,256.55,1524494
2026-07-31T15:05:00+05:30,256.58,256.8,256.06,256.75,1033242
2026-07-31T15:10:00+05:30,256.78,256.92,256.12,256.4,998950
2026-07-31T15:15:00+05:30,256.35,256.5,256.13,256.15,891513
2026-07-31T15:20:00+05:30,256.15,256.72,256.13,256.44,1598896
2026-07-31T15:25:00+05:30,256.44,257.06,256.12,256.4,1886450
2026-08-03T09:15:00+05:30,260,260.55,258.1,258.45,2454583
2026-08-03T09:20:00+05:30,258.45,258.6,256.8,256.95,1159220
2026-08-03T09:25:00+05:30,257,259.15,256.3,257.55,928862
2026-08-03T09:30:00+05:30,257.55,258.6,257.3,257.6,870212
2026-08-03T09:35:00+05:30,257.65,258.45,257.25,258.15,348962
2026-08-03T09:40:00+05:30,258.05,260.4,258,259.7,1368019
2026-08-03T09:45:00+05:30,259.7,259.8,258.95,259.3,491582
2026-08-03T09:50:00+05:30,259.2,262,259.1,261.45,1389760
2026-08-03T09:55:00+05:30,261.45,262.65,261.4,262.4,1490803
2026-08-03T10:00:00+05:30,262.45,262.5,261.25,261.3,888906
2026-08-03T10:05:00+05:30,261.5,261.75,260.6,260.75,664801
2026-08-03T10:10:00+05:30,260.75,260.85,260.05,260.7,459407
2026-08-03T10:15:00+05:30,260.75,260.85,259.95,260.2,451905
2026-08-03T10:20:00+05:30,260.25,260.65,260,260.4,262258
2026-08-03T10:25:00+05:30,260.4,260.7,260.25,260.35,190465
2026-08-03T10:30:00+05:30,260.4,260.65,259.65,259.8,415644
2026-08-03T10:35:00+05:30,259.8,261,259.6,260.9,381905
2026-08-03T10:40:00+05:30,260.9,261.3,260.5,261,390728
2026-08-03T10:45:00+05:30,261,261,260.35,260.75,309923
2026-08-03T10:50:00+05:30,260.65,263,260.65,262.5,1236919
2026-08-03T10:55:00+05:30,262.6,262.95,262.2,262.75,881841
2026-08-03T11:00:00+05:30,262.7,262.8,261.9,262,370048
2026-08-03T11:05:00+05:30,262.05,262.15,261.7,261.75,235504
2026-08-03T11:10:00+05:30,261.75,261.9,260.85,261,298152
2026-08-03T11:15:00+05:30,261.1,262.95,261.05,261.7,671932
2026-08-03T11:20:00+05:30,261.7,262,261.35,261.9,188989
2026-08-03T11:25:00+05:30,261.85,261.9,261.5,261.75,159187
2026-08-03T11:30:00+05:30,261.75,261.8,261.1,261.3,245703
2026-08-03T11:35:00+05:30,261.3,261.6,261.2,261.5,202246
2026-08-03T11:40:00+05:30,261.5,261.9,261.35,261.7,148983
2026-08-03T11:45:00+05:30,261.55,262.35,261.5,262.25,243484
2026-08-03T11:50:00+05:30,262.25,263.2,262.2,262.5,1020669
2026-08-03T11:55:00+05:30,262.65,262.7,262.1,262.3,231564
2026-08-03T12:00:00+05:30,262.3,262.35,261.9,261.95,187219
2026-08-03T12:05:00+05:30,261.95,262.15,261.9,262,136383
2026-08-03T12:10:00+05:30,261.95,262,261.6,261.8,165828
2026-08-03T12:15:00+05:30,261.85,261.85,261.6,261.7,146172
2026-08-03T12:20:00+05:30,261.6,262.1,261.55,262.1,134400
2026-08-03T12:25:00+05:30,262.1,262.8,261.75,262.25,231257
2026-08-03T12:30:00+05:30,262.3,262.45,262.05,262.05,167763
2026-08-03T12:35:00+05:30,262,262.1,261.35,261.4,169059
2026-08-03T12:40:00+05:30,261.45,264.8,261.4,264.75,1511294
2026-08-03T12:45:00+05:30,264.6,266.95,264.35,264.65,3174526
2026-08-03T12:50:00+05:30,264.75,264.8,263.55,263.95,574341
2026-08-03T12:55:00+05:30,264,264.1,262.7,263.65,525816
2026-08-03T13:00:00+05:30,263.6,263.7,262.75,262.95,253677
2026-08-03T13:05:00+05:30,262.95,262.95,262.6,262.7,185066
2026-08-03T13:10:00+05:30,262.7,262.95,262.25,262.55,268760
2026-08-03T13:15:00+05:30,262.4,262.85,262.4,262.75,129221
2026-08-03T13:20:00+05:30,262.7,262.9,262.45,262.7,203701
2026-08-03T13:25:00+05:30,262.7,262.95,262.4,262.8,210354
2026-08-03T13:30:00+05:30,262.8,263.4,262.8,263,229556
2026-08-03T13:35:00+05:30,263,263.25,262.95,263.1,82967
2026-08-03T13:40:00+05:30,263.1,263.4,263,263.1,128159
2026-08-03T13:45:00+05:30,263.15,263.2,262.8,262.8,106874
2026-08-03T13:50:00+05:30,262.8,263,262.7,262.8,124841
2026-08-03T13:55:00+05:30,262.75,262.9,262.55,262.7,93509
2026-08-03T14:00:00+05:30,262.7,263.35,262.45,263.25,235816
2026-08-03T14:05:00+05:30,263.3,263.35,262.8,262.9,276560
2026-08-03T14:10:00+05:30,262.9,263.05,262.65,262.8,95992
2026-08-03T14:15:00+05:30,262.8,263.7,262.75,263.1,318554
2026-08-03T14:20:00+05:30,263.1,263.1,262.8,262.85,137380
2026-08-03T14:25:00+05:30,262.9,263.1,262.85,263,152130
2026-08-03T14:30:00+05:30,263.05,263.2,262.7,262.85,314330
2026-08-03T14:35:00+05:30,262.9,263,262.8,262.9,93564
2026-08-03T14:40:00+05:30,262.85,263.15,262.7,262.75,220241
2026-08-03T14:45:00+05:30,262.75,262.9,262.6,262.6,235104
2026-08-03T14:50:00+05:30,262.6,262.8,261.9,262.1,500335
2026-08-03T14:55:00+05:30,262.1,262.35,262.05,262.3,255773
2026-08-03T15:00:00+05:30,262.25,262.35,261.15,261.2,727457
2026-08-03T15:05:00+05:30,261.35,262.85,260.65,262.3,1172276
2026-08-03T15:10:00+05:30,262.25,262.35,261.25,261.65,746689
2026-08-04T09:15:00+05:30,264,264.45,261.9,263.65,1917584
2026-08-04T09:20:00+05:30,263.85,264.2,263.35,263.6,671177
2026-08-04T09:25:00+05:30,263.6,265.4,263.6,264.75,1035192
2026-08-04T09:30:00+05:30,264.7,264.8,263.8,263.95,399576
2026-08-04T09:35:00+05:30,263.8,264,263.6,263.9,309711
2026-08-04T09:40:00+05:30,263.75,264.4,263.55,263.95,333677
2026-08-04T09:45:00+05:30,263.9,265.1,263.9,264.4,460199
2026-08-04T09:50:00+05:30,264.4,264.9,263.85,264.1,349273
2026-08-04T09:55:00+05:30,264.2,264.35,263.65,264.2,316099
2026-08-04T10:00:00+05:30,264.2,264.3,263.9,263.9,157487
2026-08-04T10:05:00+05:30,264.05,264.15,263.55,263.6,166836
2026-08-04T10:10:00+05:30,263.45,266.6,263.45,266.1,1047026
2026-08-04T10:15:00+05:30,266,266.2,265.05,266,453344
2026-08-04T10:20:00+05:30,266,266.15,264.35,264.35,534764
2026-08-04T10:25:00+05:30,264.45,264.5,264,264.15,263899
2026-08-04T10:30:00+05:30,264.25,265.15,263.75,264.7,309820
2026-08-04T10:35:00+05:30,264.7,264.8,264.25,264.35,166556
2026-08-04T10:40:00+05:30,264.5,265,264.35,265,203717
2026-08-04T10:45:00+05:30,264.9,265.4,264.5,265.05,219671
2026-08-04T10:50:00+05:30,264.85,265.1,264.5,264.6,178570
2026-08-04T10:55:00+05:30,264.55,264.7,264.3,264.45,129925
2026-08-04T11:00:00+05:30,264.6,264.75,264.3,264.65,104240
2026-08-04T11:05:00+05:30,264.65,264.7,264.3,264.55,93314
2026-08-04T11:10:00+05:30,264.55,265.35,264.4,265,325538
2026-08-04T11:15:00+05:30,265,265,264.3,264.3,156320
2026-08-04T11:20:00+05:30,264.35,264.35,263.8,264,224832
2026-08-04T11:25:00+05:30,264,264.05,263.7,263.75,135216
2026-08-04T11:30:00+05:30,263.7,263.75,263.05,263.25,374246
2026-08-04T11:35:00+05:30,263.25,263.25,263,263.2,151887
2026-08-04T11:40:00+05:30,263.1,263.2,262.8,262.9,174854
2026-08-04T11:45:00+05:30,263,263.8,262.85,263.3,230747
2026-08-04T11:50:00+05:30,263.35,263.8,263.25,263.8,177539
2026-08-04T11:55:00+05:30,263.8,263.8,263.1,263.3,109081
2026-08-04T12:00:00+05:30,263.25,263.65,262.8,263.5,223794
2026-08-04T12:05:00+05:30,263.5,263.65,262.95,263.15,132836
2026-08-04T12:10:00+05:30,263.15,263.25,262.85,263.2,101969
2026-08-04T12:15:00+05:30,263.2,263.4,263.15,263.3,108272
2026-08-04T12:20:00+05:30,263.3,263.35,262.8,263,170300
2026-08-04T12:25:00+05:30,263.1,263.85,263,263.15,409467
2026-08-04T12:30:00+05:30,263.25,263.4,262.85,262.85,114962
2026-08-04T12:35:00+05:30,262.95,262.95,262.3,262.55,430393
2026-08-04T12:40:00+05:30,262.8,262.8,262,262.1,373483
2026-08-04T12:45:00+05:30,262.1,263.45,262.1,263.2,306005
2026-08-04T12:50:00+05:30,263.3,263.6,263,263.1,157379
2026-08-04T12:55:00+05:30,263.15,263.3,262.5,262.6,111712
2026-08-04T13:00:00+05:30,262.55,262.95,262.45,262.65,176085
2026-08-04T13:05:00+05:30,262.65,262.95,262.6,262.7,71198
2026-08-04T13:10:00+05:30,262.75,263.2,262.75,263,203589
2026-08-04T13:15:00+05:30,263.05,263.65,262.9,263.65,182030
2026-08-04T13:20:00+05:30,263.65,264.85,263.65,264.7,478902
2026-08-04T13:25:00+05:30,264.6,265,264.3,264.4,424272
2026-08-04T13:30:00+05:30,264.4,264.65,264,264.4,352993
2026-08-04T13:35:00+05:30,264.4,264.8,264.4,264.75,189293
2026-08-04T13:40:00+05:30,264.7,265.5,264.65,265,518730
2026-08-04T13:45:00+05:30,265,265.55,265,265.45,720660
2026-08-04T13:50:00+05:30,265.4,265.55,265,265.1,317993
2026-08-04T13:55:00+05:30,265.05,265.1,264.4,264.8,382340
2026-08-04T14:00:00+05:30,264.85,264.85,264.5,264.8,109667
2026-08-04T14:05:00+05:30,264.9,264.95,264.65,264.75,110184
2026-08-04T14:10:00+05:30,264.75,265.2,264.7,264.9,199401
2026-08-04T14:15:00+05:30,264.95,265.7,264.75,265.7,505766
2026-08-04T14:20:00+05:30,265.7,266.3,265.5,265.8,798177
2026-08-04T14:25:00+05:30,265.75,266.4,265.7,265.8,512939
2026-08-04T14:30:00+05:30,265.8,265.9,264.6,265.3,509820
2026-08-04T14:35:00+05:30,265.4,265.85,265.2,265.6,169144
2026-08-04T14:40:00+05:30,265.7,265.7,265.15,265.5,152994
2026-08-04T14:45:00+05:30,265.5,265.7,265.4,265.5,221624
2026-08-04T14:50:00+05:30,265.55,265.6,265.2,265.35,195633
2026-08-04T14:55:00+05:30,265.25,266.15,265.25,266.1,813343
2026-08-04T15:00:00+05:30,266.1,266.35,265.45,265.7,521627
2026-08-04T15:05:00+05:30,265.65,265.65,265.05,265.1,349604
2026-08-04T15:10:00+05:30,265.1,265.1,263.7,264.4,629906
2026-08-05T09:15:00+05:30,266.65,267.45,265.05,266.45,1127641
2026-08-05T09:20:00+05:30,266.45,267.4,266.4,267.15,733607
2026-08-05T09:25:00+05:30,267.15,267.25,266.55,267.1,459542
2026-08-05T09:30:00+05:30,267.05,268.2,266.5,266.6,1026345
2026-08-05T09:35:00+05:30,266.6,266.65,266,266.65,1028652
2026-08-05T09:40:00+05:30,266.85,267.95,266.5,266.65,839377
2026-08-05T09:45:00+05:30,266.65,267.9,266.4,267.6,654499
2026-08-05T09:50:00+05:30,267.7,267.9,266.9,267.55,621653
2026-08-05T09:55:00+05:30,267.65,267.65,266.6,266.75,184602
2026-08-05T10:00:00+05:30,266.8,267.4,266.45,267.15,430270
2026-08-05T10:05:00+05:30,267.1,267.15,266.5,266.55,135478
2026-08-05T10:10:00+05:30,266.5,266.8,266.5,266.75,453982
2026-08-05T10:15:00+05:30,266.65,266.65,265.8,265.85,535240
2026-08-05T10:20:00+05:30,265.8,265.9,265.15,265.4,294550
2026-08-05T10:25:00+05:30,265.4,265.45,263.9,264.15,1071232
2026-08-05T10:30:00+05:30,264,264.15,262.75,263.7,653953
2026-08-05T10:35:00+05:30,263.7,264.6,263.5,264.3,343335
2026-08-05T10:40:00+05:30,264.2,264.5,264.15,264.35,153796
2026-08-05T10:45:00+05:30,264.3,264.75,263.85,264.25,258586
2026-08-05T10:50:00+05:30,264.25,264.3,263.8,264.1,111648
2026-08-05T10:55:00+05:30,264.15,264.5,264.15,264.2,103385
2026-08-05T11:00:00+05:30,264.3,264.3,263.65,263.7,134805
2026-08-05T11:05:00+05:30,263.8,264.7,263.65,263.8,288761
2026-08-05T11:10:00+05:30,263.9,263.9,263.5,263.65,189674
2026-08-05T11:15:00+05:30,263.8,263.8,263.35,263.5,118748
2026-08-05T11:20:00+05:30,263.55,263.65,263.1,263.1,161304
2026-08-05T11:25:00+05:30,263.25,263.4,262.8,263,178508
2026-08-05T11:30:00+05:30,263,263.15,262.5,262.55,335093
2026-08-05T11:35:00+05:30,262.5,262.65,262.15,262.55,297289
2026-08-05T11:40:00+05:30,262.6,263.55,262.5,263.4,179527
2026-08-05T11:45:00+05:30,263.4,263.4,262.75,262.85,100213
2026-08-05T11:50:00+05:30,262.8,262.95,262.55,262.9,61224
2026-08-05T11:55:00+05:30,262.9,263,262.6,262.8,154665
2026-08-05T12:00:00+05:30,262.65,262.9,262.65,262.85,58377
2026-08-05T12:05:00+05:30,262.8,263,262.6,262.9,92883
2026-08-05T12:10:00+05:30,262.85,262.95,262.55,262.55,49436
2026-08-05T12:15:00+05:30,262.55,262.75,262.25,262.25,407241
2026-08-05T12:20:00+05:30,262.35,262.55,262.2,262.3,60198
2026-08-05T12:25:00+05:30,262.65,262.75,262.3,262.3,148078
2026-08-05T12:30:00+05:30,262.4,262.4,261.65,261.7,275033
2026-08-05T12:35:00+05:30,261.8,261.85,261.2,261.55,197315
2026-08-05T12:40:00+05:30,261.6,261.9,261.2,261.4,96433
2026-08-05T12:45:00+05:30,261.4,261.55,261.2,261.3,100771
2026-08-05T12:50:00+05:30,261.3,261.95,261.2,261.7,96586
2026-08-05T12:55:00+05:30,261.65,261.85,261.55,261.65,61198
2026-08-05T13:00:00+05:30,261.6,262,261.25,261.95,106532
2026-08-05T13:05:00+05:30,262.15,262.15,261.7,262.05,121928
2026-08-05T13:10:00+05:30,262.05,262.2,261.75,262.05,74150
2026-08-05T13:15:00+05:30,262.2,262.6,262.05,262.25,111308
2026-08-05T13:20:00+05:30,262.25,262.4,261.85,262,104683
2026-08-05T13:25:00+05:30,262,262.1,261.7,262.1,183962
2026-08-05T13:30:00+05:30,262.15,262.15,261.75,261.75,52957
2026-08-05T13:35:00+05:30,261.75,261.85,261.65,261.65,63990
2026-08-05T13:40:00+05:30,261.65,262,261.3,261.3,100157
2026-08-05T13:45:00+05:30,261.35,261.85,261.3,261.8,83973
2026-08-05T13:50:00+05:30,261.85,262.2,261.6,261.75,100489
2026-08-05T13:55:00+05:30,261.85,261.9,261.6,261.65,59309
2026-08-05T14:00:00+05:30,261.7,262.4,261.7,262.35,122698
2026-08-05T14:05:00+05:30,262.3,262.4,262.05,262.2,239825
2026-08-05T14:10:00+05:30,262.2,262.3,261.8,261.8,94381
2026-08-05T14:15:00+05:30,261.8,261.85,261.65,261.8,87720
2026-08-05T14:20:00+05:30,261.75,262,261.65,261.8,58702
2026-08-05T14:25:00+05:30,261.8,262,261.6,261.8,74052
2026-08-05T14:30:00+05:30,261.8,261.9,261.55,261.8,89320
2026-08-05T14:35:00+05:30,261.8,261.9,261.65,261.85,71262
2026-08-05T14:40:00+05:30,261.85,261.85,261.35,261.4,128073
2026-08-05T14:45:00+05:30,261.35,261.7,261.35,261.6,107672
2026-08-05T14:50:00+05:30,261.65,261.8,261.45,261.6,108577
2026-08-05T14:55:00+05:30,261.65,261.75,261.5,261.65,304733
2026-08-05T15:00:00+05:30,261.65,261.65,261.5,261.6,529211
2026-08-05T15:05:00+05:30,261.55,261.55,260.75,261.3,766418
2026-08-05T15:10:00+05:30,261.3,262,260.7,262,589678
2026-08-06T09:15:00+05:30,262.2,266.25,262.2,265.2,1648748
2026-08-06T09:20:00+05:30,265.25,265.45,264.55,264.6,595900
2026-08-06T09:25:00+05:30,264.45,264.75,264,264.15,263555
2026-08-06T09:30:00+05:30,264.4,264.4,263,263.1,451141
2026-08-06T09:35:00+05:30,263.15,263.3,262.7,262.85,289854
2026-08-06T09:40:00+05:30,263,263.5,263,263.35,181878
2026-08-06T09:45:00+05:30,263.35,263.55,263.2,263.2,131288
2026-08-06T09:50:00+05:30,263.2,263.45,262.75,262.8,203951
2026-08-06T09:55:00+05:30,262.85,262.85,262.3,262.4,220662
2026-08-06T10:00:00+05:30,262.4,262.4,260.3,261.3,637545
2026-08-06T10:05:00+05:30,261.3,261.5,261,261.15,142147
2026-08-06T10:10:00+05:30,261.15,261.85,261.1,261.75,210371
2026-08-06T10:15:00+05:30,261.75,261.95,261.3,261.65,85401
2026-08-06T10:20:00+05:30,261.65,263.5,261.5,263.3,358369
2026-08-06T10:25:00+05:30,263.35,263.4,263.05,263.05,125958
2026-08-06T10:30:00+05:30,263.05,263.1,262.8,262.8,192998
2026-08-06T10:35:00+05:30,262.95,264.2,262.85,263.8,339622
2026-08-06T10:40:00+05:30,263.8,264.15,263.6,264.05,162055
2026-08-06T10:45:00+05:30,264.1,264.15,263.55,263.7,280459
2026-08-06T10:50:00+05:30,263.75,263.8,263.25,263.65,93995
2026-08-06T10:55:00+05:30,263.75,264.05,263.6,264,173630
2026-08-06T11:00:00+05:30,264.05,264.05,263.5,263.75,87226
2026-08-06T11:05:00+05:30,263.6,263.95,263.5,263.8,69632
2026-08-06T11:10:00+05:30,263.85,264.4,263.8,264.1,296951
2026-08-06T11:15:00+05:30,264.15,264.15,263.75,263.9,121637
2026-08-06T11:20:00+05:30,264,264,263.85,263.9,87564
2026-08-06T11:25:00+05:30,264.25,264.25,263.9,264,120212
2026-08-06T11:30:00+05:30,264.1,265.55,264,265.4,688555
2026-08-06T11:35:00+05:30,265.5,266.35,265.3,265.7,860726
2026-08-06T11:40:00+05:30,265.75,265.95,265.1,265.15,384103
2026-08-06T11:45:00+05:30,265.25,265.25,264.6,264.65,122303
2026-08-06T11:50:00+05:30,264.7,264.95,264.6,264.6,90247
2026-08-06T11:55:00+05:30,264.4,264.9,264.3,264.75,107834
2026-08-06T12:00:00+05:30,264.8,264.8,264.4,264.4,86853
2026-08-06T12:05:00+05:30,264.55,264.8,264.35,264.45,128062
2026-08-06T12:10:00+05:30,264.45,264.55,264.3,264.35,44271
2026-08-06T12:15:00+05:30,264.4,264.4,264,264.3,86932
2026-08-06T12:20:00+05:30,264.25,264.4,264,264.25,95165
2026-08-06T12:25:00+05:30,264.35,264.4,264.2,264.35,70399
2026-08-06T12:30:00+05:30,264.35,265.2,264.3,264.95,240189
2026-08-06T12:35:00+05:30,264.85,265.15,264.8,264.9,131548
2026-08-06T12:40:00+05:30,264.95,265.5,264.85,265.3,196959
2026-08-06T12:45:00+05:30,265.35,265.4,264.95,264.95,153691
2026-08-06T12:50:00+05:30,264.9,265,264.55,264.65,60708
2026-08-06T12:55:00+05:30,264.6,265,264.5,264.85,115363
2026-08-06T13:00:00+05:30,264.85,265.2,264.75,265.05,83232
2026-08-06T13:05:00+05:30,265.1,265.1,264.7,264.7,171081
2026-08-06T13:10:00+05:30,264.8,264.85,264.5,264.55,57732
2026-08-06T13:15:00+05:30,264.6,265.1,264.4,265.1,202308
2026-08-06T13:20:00+05:30,265.1,265.1,264.25,264.35,101463
2026-08-06T13:25:00+05:30,264.4,264.6,264.25,264.4,95128
2026-08-06T13:30:00+05:30,264.55,264.6,264.2,264.25,91929
2026-08-06T13:35:00+05:30,264.4,264.5,264.1,264.3,75047
2026-08-06T13:40:00+05:30,264.35,264.4,263.8,263.9,169398
2026-08-06T13:45:00+05:30,263.95,263.95,263.55,263.6,164637
2026-08-06T13:50:00+05:30,263.6,264.55,263.45,264.3,272124
2026-08-06T13:55:00+05:30,264.3,265.1,264.2,264.4,207478
2026-08-06T14:00:00+05:30,264.3,264.8,264.1,264.75,90730
2026-08-06T14:05:00+05:30,264.7,264.8,264.35,264.5,104473
2026-08-06T14:10:00+05:30,264.5,264.8,264.3,264.75,122695
2026-08-06T14:15:00+05:30,264.8,264.8,264.4,264.4,65935
2026-08-06T14:20:00+05:30,264.45,264.7,264.35,264.5,92696
2026-08-06T14:25:00+05:30,264.7,264.7,264.35,264.6,77549
2026-08-06T14:30:00+05:30,264.6,264.7,264.2,264.7,162149
2026-08-06T14:35:00+05:30,264.6,264.6,264.15,264.15,70718
2026-08-06T14:40:00+05:30,264.2,264.35,264,264.2,113784
2026-08-06T14:45:00+05:30,264.15,264.4,263.75,264,178975
2026-08-06T14:50:00+05:30,264.05,264.2,264,264.15,123969
2026-08-06T14:55:00+05:30,264.15,264.85,263.95,264.6,220387
2026-08-06T15:00:00+05:30,264.55,264.65,263.9,264,207935
2026-08-06T15:05:00+05:30,264.05,264.05,263.6,263.8,488728
2026-08-06T15:10:00+05:30,263.85,264.25,263.65,264.05,441990
2026-08-07T09:15:00+05:30,263.1,263.4,261.2,261.6,635937
2026-08-07T09:20:00+05:30,261.55,262,261.1,261.8,285479
2026-08-07T09:25:00+05:30,261.55,261.75,260.6,260.85,410961
2026-08-07T09:30:00+05:30,260.8,260.8,260.15,260.45,324975
2026-08-07T09:35:00+05:30,260.35,260.65,260.2,260.45,164071
2026-08-07T09:40:00+05:30,260.55,260.6,260.2,260.45,146482
2026-08-07T09:45:00+05:30,260.55,260.65,260.1,260.2,101466
2026-08-07T09:50:00+05:30,260.15,260.45,260.1,260.35,118209
2026-08-07T09:55:00+05:30,260.6,261.15,260.6,261,162642
2026-08-07T10:00:00+05:30,260.95,261.15,260.9,261,140638
2026-08-07T10:05:00+05:30,261,261.1,260.8,261.05,101051
2026-08-07T10:10:00+05:30,261.05,261.05,259.65,259.9,370282
2026-08-07T10:15:00+05:30,260,260.1,259.15,259.2,196276
2026-08-07T10:20:00+05:30,259.35,259.8,259.35,259.4,123302
2026-08-07T10:25:00+05:30,259.45,260.15,259.4,259.9,215561
2026-08-07T10:30:00+05:30,259.9,260.3,259.5,260.3,149123
2026-08-07T10:35:00+05:30,260.3,260.3,260,260.1,41825
2026-08-07T10:40:00+05:30,260,260.35,259.8,259.95,121113
2026-08-07T10:45:00+05:30,260.1,260.3,259.8,260.15,91891
2026-08-07T10:50:00+05:30,260.15,260.15,259.8,259.8,55025
2026-08-07T10:55:00+05:30,259.8,259.85,259.6,259.75,74843
2026-08-07T11:00:00+05:30,259.8,259.8,259.45,259.65,76800
2026-08-07T11:05:00+05:30,259.65,259.75,259.5,259.7,30623
2026-08-07T11:10:00+05:30,259.6,259.7,259.55,259.65,33594
2026-08-07T11:15:00+05:30,259.65,260,259.55,259.85,54179
2026-08-07T11:20:00+05:30,259.9,260.3,259.8,260.3,85002
2026-08-07T11:25:00+05:30,260.3,260.75,260.15,260.65,199541
2026-08-07T11:30:00+05:30,260.6,260.6,260.05,260.1,104710
2026-08-07T11:35:00+05:30,260.1,260.45,259.9,260.3,77664
2026-08-07T11:40:00+05:30,260.35,260.4,260.1,260.15,27197
2026-08-07T11:45:00+05:30,260.2,260.3,259.65,259.65,88634
2026-08-07T11:50:00+05:30,259.65,259.7,259.35,259.5,87733
2026-08-07T11:55:00+05:30,259.6,259.8,259.45,259.8,34953
2026-08-07T12:00:00+05:30,259.8,259.8,259.5,259.6,65075
2026-08-07T12:05:00+05:30,259.6,259.65,259.35,259.5,55235
2026-08-07T12:10:00+05:30,259.4,259.5,259,259.15,190516
2026-08-07T12:15:00+05:30,259.2,259.3,258.8,259.25,83761
2026-08-07T12:20:00+05:30,259.3,259.55,259.15,259.35,43569
2026-08-07T12:25:00+05:30,259.5,260.1,259.3,259.5,92791
2026-08-07T12:30:00+05:30,259.45,259.6,259.3,259.6,49641
2026-08-07T12:35:00+05:30,259.6,260,259.5,260,116896
2026-08-07T12:40:00+05:30,260,260,259.5,259.6,91908
2026-08-07T12:45:00+05:30,259.6,260.05,259.5,259.9,120561
2026-08-07T12:50:00+05:30,259.9,260,259.6,259.65,39512
2026-08-07T12:55:00+05:30,259.6,259.65,259.4,259.5,40874
2026-08-07T13:00:00+05:30,259.55,259.6,259.35,259.5,113965
2026-08-07T13:05:00+05:30,259.6,259.7,259.4,259.5,37193
2026-08-07T13:10:00+05:30,259.6,259.7,259.35,259.5,31121
2026-08-07T13:15:00+05:30,259.45,259.55,259.25,259.25,35243
2026-08-07T13:20:00+05:30,259.3,259.5,259.1,259.45,69369
2026-08-07T13:25:00+05:30,259.4,259.45,259.2,259.3,42260
2026-08-07T13:30:00+05:30,259.3,259.3,258.7,258.75,125906
2026-08-07T13:35:00+05:30,258.75,259.05,258.25,258.35,254961
2026-08-07T13:40:00+05:30,258.35,258.6,258.3,258.55,47454
2026-08-07T13:45:00+05:30,258.55,258.8,258.45,258.6,51018
2026-08-07T13:50:00+05:30,258.6,258.75,258.4,258.4,61615
2026-08-07T13:55:00+05:30,258.5,258.65,258.35,258.4,56016
2026-08-07T14:00:00+05:30,258.5,258.65,257.8,257.8,233581
2026-08-07T14:05:00+05:30,257.9,258,257.6,257.9,164662
2026-08-07T14:10:00+05:30,257.9,258,257.65,257.9,98233
2026-08-07T14:15:00+05:30,257.85,258.25,257.75,258.15,138074
2026-08-07T14:20:00+05:30,258.25,258.5,258.15,258.4,60718
2026-08-07T14:25:00+05:30,258.45,258.45,258.1,258.1,46584
2026-08-07T14:30:00+05:30,258.1,258.1,257.8,257.95,97461
2026-08-07T14:35:00+05:30,257.95,258.15,257.75,257.8,149031
2026-08-07T14:40:00+05:30,257.75,257.9,257.7,257.85,123520
2026-08-07T14:45:00+05:30,257.85,258.35,257.8,258.35,146790
2026-08-07T14:50:00+05:30,258.3,258.35,258.15,258.25,133089
2026-08-07T14:55:00+05:30,258.25,258.35,258.05,258.2,179996
2026-08-07T15:00:00+05:30,258.2,258.65,258,258.45,550857
2026-08-07T15:05:00+05:30,258.4,258.55,257,257.55,974949
2026-08-07T15:10:00+05:30,257.55,257.85,257.2,257.8,408386
2026-08-10T09:15:00+05:30,256.8,257.45,256.45,257.1,474647
2026-08-10T09:20:00+05:30,257.1,257.7,256.75,256.9,327819
2026-08-10T09:25:00+05:30,256.9,256.9,256.2,256.4,203717
2026-08-10T09:30:00+05:30,256.4,256.4,255.7,256.05,243556
2026-08-10T09:35:00+05:30,256.05,256.25,255.65,255.95,181305
2026-08-10T09:40:00+05:30,255.95,256.1,255.25,255.75,179994
2026-08-10T09:45:00+05:30,255.95,256.4,255.6,256.05,139464
2026-08-10T09:50:00+05:30,256.1,256.6,255.55,255.75,182108
2026-08-10T09:55:00+05:30,255.9,256.2,255.7,255.75,103014
2026-08-10T10:00:00+05:30,255.8,255.8,255.05,255.45,419800
2026-08-10T10:05:00+05:30,255.4,255.45,254.85,255,242721
2026-08-10T10:10:00+05:30,254.9,256.6,254.9,256.35,336190
2026-08-10T10:15:00+05:30,256.35,257.5,256.3,256.6,347489
2026-08-10T10:20:00+05:30,256.7,257.5,256.7,257,180580
2026-08-10T10:25:00+05:30,257.1,257.6,257,257.3,303921
2026-08-10T10:30:00+05:30,257.35,257.35,257,257.2,121851
2026-08-10T10:35:00+05:30,257.2,257.3,257,257.3,69115
2026-08-10T10:40:00+05:30,257.2,257.65,257.05,257.5,112079
2026-08-10T10:45:00+05:30,257.45,257.85,257.1,257.35,148574
2026-08-10T10:50:00+05:30,257.35,257.4,257.05,257.1,88016
2026-08-10T10:55:00+05:30,257.15,257.6,257,257.35,97565
2026-08-10T11:00:00+05:30,257.35,257.45,257.1,257.4,39994
2026-08-10T11:05:00+05:30,257.4,257.45,257.15,257.4,58708
2026-08-10T11:10:00+05:30,257.4,257.4,256.75,256.85,117421
2026-08-10T11:15:00+05:30,256.85,257.1,256.75,257.1,102972
2026-08-10T11:20:00+05:30,257.05,257.3,257,257.1,60048
2026-08-10T11:25:00+05:30,257.1,257.15,256.9,257.15,35030
2026-08-10T11:30:00+05:30,257.15,257.15,256.45,256.45,50535
2026-08-10T11:35:00+05:30,256.55,256.9,256.55,256.85,49459
2026-08-10T11:40:00+05:30,256.85,256.95,256.7,256.7,43264
2026-08-10T11:45:00+05:30,256.7,256.7,256.2,256.6,123993
2026-08-10T11:50:00+05:30,256.6,256.65,256.4,256.5,36250
2026-08-10T11:55:00+05:30,256.5,256.7,256.3,256.35,34509
2026-08-10T12:00:00+05:30,256.45,256.7,256.35,256.55,30131
2026-08-10T12:05:00+05:30,256.6,256.75,256.5,256.65,39547
2026-08-10T12:10:00+05:30,256.65,256.95,256.55,256.95,25737
2026-08-10T12:15:00+05:30,256.9,257,256.1,256.35,398503
2026-08-10T12:20:00+05:30,256.25,256.7,256.25,256.5,46361
2026-08-10T12:25:00+05:30,256.35,256.65,256.35,256.65,57276
2026-08-10T12:30:00+05:30,256.6,256.65,256.3,256.45,53657
2026-08-10T12:35:00+05:30,256.45,256.65,256.25,256.6,39337
2026-08-10T12:40:00+05:30,256.6,256.65,256.3,256.3,44987
2026-08-10T12:45:00+05:30,256.3,256.4,255.75,255.9,134316
2026-08-10T12:50:00+05:30,255.9,255.9,255.5,255.7,40447
2026-08-10T12:55:00+05:30,255.7,255.7,255.35,255.4,168035
2026-08-10T13:00:00+05:30,255.4,255.6,255.25,255.35,119355
2026-08-10T13:05:00+05:30,255.35,255.5,255.3,255.3,42704
2026-08-10T13:10:00+05:30,255.3,255.5,255.3,255.45,39296
2026-08-10T13:15:00+05:30,255.45,255.6,255.35,255.5,40946
2026-08-10T13:20:00+05:30,255.5,255.5,254.8,254.9,235512
2026-08-10T13:25:00+05:30,254.9,255,254.8,255,45488
2026-08-10T13:30:00+05:30,255,255.2,254.85,255.2,127249
2026-08-10T13:35:00+05:30,255.15,255.25,255.05,255.05,40083
2026-08-10T13:40:00+05:30,255.1,255.25,255.05,255.2,31482
2026-08-10T13:45:00+05:30,255.2,255.3,254.9,255.1,148674
2026-08-10T13:50:00+05:30,255.1,255.45,255,255.45,40616
2026-08-10T13:55:00+05:30,255.45,255.45,255.1,255.15,40898
2026-08-10T14:00:00+05:30,255.15,255.15,254.9,254.95,53069
2026-08-10T14:05:00+05:30,254.95,255.35,254.95,255.3,52119
2026-08-10T14:10:00+05:30,255.2,255.3,254.85,254.9,66538
2026-08-10T14:15:00+05:30,254.95,255,254.8,254.85,36433
2026-08-10T14:20:00+05:30,254.85,254.9,254.7,254.8,96766
2026-08-10T14:25:00+05:30,254.8,254.8,254.7,254.8,33679
2026-08-10T14:30:00+05:30,254.75,254.95,254.35,254.5,118344
2026-08-10T14:35:00+05:30,254.6,254.6,254,254.25,129875
2026-08-10T14:40:00+05:30,254.25,254.5,253.95,254.45,232501
2026-08-10T14:45:00+05:30,254.35,254.4,253.85,253.9,187587
2026-08-10T14:50:00+05:30,253.95,254.25,253.55,254,244548
2026-08-10T14:55:00+05:30,253.95,254.25,253.95,254.15,106419
2026-08-10T15:00:00+05:30,254.15,254.6,253.95,254.55,274769
2026-08-10T15:05:00+05:30,254.55,254.55,253.8,254,370394
2026-08-10T15:10:00+05:30,253.95,254.15,253.8,254,293080
2026-08-11T09:15:00+05:30,253.9,254,252.2,252.45,331742
2026-08-11T09:20:00+05:30,252.45,253.1,252.1,253.1,284778
2026-08-11T09:25:00+05:30,253.1,253.35,252.65,252.8,225260
2026-08-11T09:30:00+05:30,252.8,252.8,252.35,252.5,111757
2026-08-11T09:35:00+05:30,252.45,252.75,252.4,252.6,71827
2026-08-11T09:40:00+05:30,252.65,252.65,252.15,252.45,88838
2026-08-11T09:45:00+05:30,252.3,252.45,252.15,252.4,89529
2026-08-11T09:50:00+05:30,252.4,252.7,252.2,252.2,94521
2026-08-11T09:55:00+05:30,252.2,252.7,252.15,252.45,80929
2026-08-11T10:00:00+05:30,252.45,252.8,252,252.65,206538
2026-08-11T10:05:00+05:30,252.55,252.8,252.2,252.5,95613
2026-08-11T10:10:00+05:30,252.5,252.65,252.3,252.45,49671
2026-08-11T10:15:00+05:30,252.45,252.75,252.3,252.45,73259
2026-08-11T10:20:00+05:30,252.4,252.8,252.35,252.6,60837
2026-08-11T10:25:00+05:30,252.7,253.3,252.65,252.95,202123
2026-08-11T10:30:00+05:30,252.95,253.5,252.8,253.5,236270
2026-08-11T10:35:00+05:30,253.5,253.5,253.1,253.15,66109
2026-08-11T10:40:00+05:30,253.2,253.65,252.95,253.35,97005
2026-08-11T10:45:00+05:30,253.3,253.4,253.1,253.25,62628
2026-08-11T10:50:00+05:30,253.3,253.4,253.2,253.3,39233
2026-08-11T10:55:00+05:30,253.3,253.4,253.05,253.25,45308
2026-08-11T11:00:00+05:30,253.35,253.35,252.5,252.65,115796
2026-08-11T11:05:00+05:30,252.7,252.9,252.4,252.45,85118
2026-08-11T11:10:00+05:30,252.45,252.45,252.3,252.4,43243
2026-08-11T11:15:00+05:30,252.35,252.7,252.35,252.55,68869
2026-08-11T11:20:00+05:30,252.55,252.65,252.45,252.6,25835
2026-08-11T11:25:00+05:30,252.5,252.75,252.5,252.6,25286
2026-08-11T11:30:00+05:30,252.6,252.85,252.6,252.65,32744
2026-08-11T11:35:00+05:30,252.75,252.75,252.5,252.65,15802
2026-08-11T11:40:00+05:30,252.65,252.75,252.5,252.6,27055
2026-08-11T11:45:00+05:30,252.5,252.8,252.5,252.75,29883
2026-08-11T11:50:00+05:30,252.6,252.75,252.45,252.6,41897
2026-08-11T11:55:00+05:30,252.6,252.6,252.3,252.4,26636
2026-08-11T12:00:00+05:30,252.4,252.45,252.2,252.4,39498
2026-08-11T12:05:00+05:30,252.25,252.6,252.25,252.6,36028
2026-08-11T12:10:00+05:30,252.6,252.9,252.6,252.9,60218
2026-08-11T12:15:00+05:30,252.9,252.9,252.55,252.6,28186
2026-08-11T12:20:00+05:30,252.6,252.75,252.45,252.5,30868
2026-08-11T12:25:00+05:30,252.5,252.6,252.35,252.6,24130
2026-08-11T12:30:00+05:30,252.6,252.75,252.45,252.65,31723
2026-08-11T12:35:00+05:30,252.65,252.65,252.3,252.55,24479
2026-08-11T12:40:00+05:30,252.55,252.8,252.45,252.75,29310
2026-08-11T12:45:00+05:30,252.75,253.5,252.55,253.45,122486
2026-08-11T12:50:00+05:30,253.45,253.45,252.8,252.9,45734
2026-08-11T12:55:00+05:30,252.9,253,252.65,252.75,42645
2026-08-11T13:00:00+05:30,252.75,253.15,252.65,253.05,34542
2026-08-11T13:05:00+05:30,253,253.2,253,253.1,25313
2026-08-11T13:10:00+05:30,253.1,253.1,252.75,252.85,36666
2026-08-11T13:15:00+05:30,252.8,252.85,252.5,252.85,40517
2026-08-11T13:20:00+05:30,252.85,253,252.65,253,34958
2026-08-11T13:25:00+05:30,252.95,253.25,252.8,253.05,76323
2026-08-11T13:30:00+05:30,253.05,253.35,252.95,253.3,307641
2026-08-11T13:35:00+05:30,253.3,253.3,253,253,28286
2026-08-11T13:40:00+05:30,253.05,253.5,253,253.4,71344
2026-08-11T13:45:00+05:30,253.35,253.5,253.15,253.25,34766
2026-08-11T13:50:00+05:30,253.25,253.4,253.1,253.25,32838
2026-08-11T13:55:00+05:30,253.25,253.25,252.85,253,51794
2026-08-11T14:00:00+05:30,252.9,252.95,252.75,252.9,31205
2026-08-11T14:05:00+05:30,252.9,253.25,252.75,253.2,81405
2026-08-11T14:10:00+05:30,253.25,253.25,253,253.2,29321
2026-08-11T14:15:00+05:30,253.2,253.2,253,253,24260
2026-08-11T14:20:00+05:30,253,253.15,252.8,252.95,34458
2026-08-11T14:25:00+05:30,253,253,252.8,252.8,22053
2026-08-11T14:30:00+05:30,252.8,252.9,252.65,252.7,33799
2026-08-11T14:35:00+05:30,252.7,252.7,252.55,252.7,32769
2026-08-11T14:40:00+05:30,252.65,252.75,252.4,252.7,78792
2026-08-11T14:45:00+05:30,252.7,252.8,252.55,252.7,81849
2026-08-11T14:50:00+05:30,252.7,252.85,252.6,252.8,42610
2026-08-11T14:55:00+05:30,252.75,252.9,252.65,252.85,109584
2026-08-11T15:00:00+05:30,252.9,252.95,252.4,252.55,246885
2026-08-11T15:05:00+05:30,252.55,252.85,252.4,252.45,267059
2026-08-11T15:10:00+05:30,252.3,252.75,252.05,252.5,281829
2026-08-12T09:15:00+05:30,252.75,252.9,251.05,251.45,399234
2026-08-12T09:20:00+05:30,251.45,251.95,251.3,251.5,367781
2026-08-12T09:25:00+05:30,251.5,252.6,251.5,252.2,335617
2026-08-12T09:30:00+05:30,252.2,252.35,251.45,251.65,290046
2026-08-12T09:35:00+05:30,251.65,252.1,250.85,251.1,429840
2026-08-12T09:40:00+05:30,251.1,251.2,250.8,250.8,149434
2026-08-12T09:45:00+05:30,250.8,250.9,250.5,250.5,183675
2026-08-12T09:50:00+05:30,250.5,250.5,249.55,249.7,523511
2026-08-12T09:55:00+05:30,249.75,249.9,249,249.1,334684
2026-08-12T10:00:00+05:30,249.1,249.6,249.05,249.25,234427
2026-08-12T10:05:00+05:30,249.1,249.65,249.1,249.5,172737
2026-08-12T10:10:00+05:30,249.6,250,249.55,249.95,108539
2026-08-12T10:15:00+05:30,249.85,250.3,249.8,250.25,167944
2026-08-12T10:20:00+05:30,250.25,250.3,249.85,249.95,155754
2026-08-12T10:25:00+05:30,249.95,250.25,249.95,250.2,57379
2026-08-12T10:30:00+05:30,250.2,250.9,250.15,250.8,137643
2026-08-12T10:35:00+05:30,250.7,251.45,250.55,250.85,436574
2026-08-12T10:40:00+05:30,250.9,250.9,250.6,250.85,84307
2026-08-12T10:45:00+05:30,250.9,250.9,250.3,250.55,67775
2026-08-12T10:50:00+05:30,250.5,250.75,250.5,250.75,76575
2026-08-12T10:55:00+05:30,250.6,250.75,250.1,250.4,159429
2026-08-12T11:00:00+05:30,250.4,250.75,250.2,250.6,90893
2026-08-12T11:05:00+05:30,250.7,250.7,250.35,250.5,64415
2026-08-12T11:10:00+05:30,250.6,250.65,250.3,250.35,55425
2026-08-12T11:15:00+05:30,250.45,250.65,250.3,250.6,53241
2026-08-12T11:20:00+05:30,250.65,250.9,250.5,250.6,103295
2026-08-12T11:25:00+05:30,250.6,250.7,250.5,250.65,48625
2026-08-12T11:30:00+05:30,250.65,250.65,250.5,250.5,52996
2026-08-12T11:35:00+05:30,250.55,250.7,250.35,250.45,106099
2026-08-12T11:40:00+05:30,250.45,250.45,249.9,250.25,150114
2026-08-12T11:45:00+05:30,250.35,250.4,250,250.05,72285
2026-08-12T11:50:00+05:30,250.1,250.2,249.9,250,76623
2026-08-12T11:55:00+05:30,250.1,250.45,249.95,250.4,62207
2026-08-12T12:00:00+05:30,250.45,250.55,250.3,250.4,58950
2026-08-12T12:05:00+05:30,250.3,250.55,250.25,250.4,41333
2026-08-12T12:10:00+05:30,250.5,250.5,250.25,250.35,43026
2026-08-12T12:15:00+05:30,250.4,250.7,250.35,250.7,68950
2026-08-12T12:20:00+05:30,250.7,250.7,250.5,250.6,74948
2026-08-12T12:25:00+05:30,250.65,250.8,250.55,250.75,42769
2026-08-12T12:30:00+05:30,250.8,251.45,250.65,251.45,136349
2026-08-12T12:35:00+05:30,251.35,251.45,251.15,251.35,67815
2026-08-12T12:40:00+05:30,251.4,251.7,251,251.2,91512
2026-08-12T12:45:00+05:30,251.2,251.3,251,251.25,52971
2026-08-12T12:50:00+05:30,251.3,251.4,251.1,251.1,32745
2026-08-12T12:55:00+05:30,251.2,251.2,250.55,250.8,187008
2026-08-12T13:00:00+05:30,250.8,254.45,250.8,253.65,1560926
2026-08-12T13:05:00+05:30,253.65,254,252.7,253.4,567266
2026-08-12T13:10:00+05:30,253.5,253.5,252.8,253.1,177282
2026-08-12T13:15:00+05:30,253.1,253.45,253,253.2,113880
2026-08-12T13:20:00+05:30,253.2,253.7,252.8,253.25,213581
2026-08-12T13:25:00+05:30,253.25,253.4,252.8,252.85,112815
2026-08-12T13:30:00+05:30,252.85,253.55,252.85,253.35,74111
2026-08-12T13:35:00+05:30,253.35,253.65,253.1,253.45,105354
2026-08-12T13:40:00+05:30,253.45,253.5,252.5,252.6,359364
2026-08-12T13:45:00+05:30,252.6,252.8,252.5,252.8,69834
2026-08-12T13:50:00+05:30,252.9,253.15,252.7,253,52377
2026-08-12T13:55:00+05:30,253.05,253.15,252.6,252.8,69825
2026-08-12T14:00:00+05:30,252.95,253,252.25,252.6,142973
2026-08-12T14:05:00+05:30,252.5,252.6,252.25,252.3,96020
2026-08-12T14:10:00+05:30,252.4,252.4,251.8,251.85,110019
2026-08-12T14:15:00+05:30,251.85,252.25,251.85,252.15,64891
2026-08-12T14:20:00+05:30,252.05,252.6,252,252.5,64983
2026-08-12T14:25:00+05:30,252.5,252.55,252.25,252.4,55771
2026-08-12T14:30:00+05:30,252.45,253.9,252.45,253.7,304264
2026-08-12T14:35:00+05:30,253.7,253.85,253.4,253.7,120983
2026-08-12T14:40:00+05:30,253.65,253.75,253.5,253.75,106685
2026-08-12T14:45:00+05:30,253.75,253.75,253.35,253.5,119330
2026-08-12T14:50:00+05:30,253.5,254,253.4,254,199485
2026-08-12T14:55:00+05:30,253.95,254.65,253.6,254.15,330534
2026-08-12T15:00:00+05:30,254.15,254.45,254,254.2,278682
2026-08-12T15:05:00+05:30,254.1,254.25,253.9,254.1,255040
2026-08-12T15:10:00+05:30,254.1,254.85,254.1,254.65,455674
2026-08-13T09:15:00+05:30,261.95,263.4,257,257.3,11618920
2026-08-13T09:20:00+05:30,257.3,258.2,256.1,256.95,4646133
2026-08-13T09:25:00+05:30,256.95,257.7,256.8,257.65,2106464
2026-08-13T09:30:00+05:30,257.65,258.7,257.5,258.6,1996152
2026-08-13T09:35:00+05:30,258.65,260,258.55,259.55,2242016
2026-08-13T09:40:00+05:30,259.7,259.85,258.4,258.85,1183397
2026-08-13T09:45:00+05:30,258.8,259.75,258.1,259.15,906400
2026-08-13T09:50:00+05:30,259.15,259.15,258.2,258.85,565327
2026-08-13T09:55:00+05:30,258.9,259.2,258.3,258.45,553305
2026-08-13T10:00:00+05:30,258.45,258.9,258.35,258.65,421179
2026-08-13T10:05:00+05:30,258.65,258.75,258.35,258.45,324408
2026-08-13T10:10:00+05:30,258.55,258.55,257.8,258.3,732995
2026-08-13T10:15:00+05:30,258.3,258.45,257.75,258.05,328418
2026-08-13T10:20:00+05:30,258.1,258.2,257.8,258,303579
2026-08-13T10:25:00+05:30,258,258.1,257.75,257.85,251106
2026-08-13T10:30:00+05:30,257.9,258.15,257.4,257.7,373080
2026-08-13T10:35:00+05:30,257.75,257.8,257.35,257.7,357706
2026-08-13T10:40:00+05:30,257.55,257.65,257,257.15,811714
2026-08-13T10:45:00+05:30,257.15,257.65,257.15,257.55,319875
2026-08-13T10:50:00+05:30,257.6,257.65,257.4,257.45,197314
2026-08-13T10:55:00+05:30,257.4,257.9,257.1,257.9,288936
2026-08-13T11:00:00+05:30,257.9,257.9,257.6,257.75,249749
2026-08-13T11:05:00+05:30,257.75,258,257.5,257.7,320625
2026-08-13T11:10:00+05:30,257.75,258,257.7,257.85,146693
2026-08-13T11:15:00+05:30,257.85,258.35,257.75,258.35,182871
2026-08-13T11:20:00+05:30,258.3,258.35,257.75,257.85,170056
2026-08-13T11:25:00+05:30,258,258.1,257.85,258,84356
2026-08-13T11:30:00+05:30,258,258.1,257.65,257.85,125450
2026-08-13T11:35:00+05:30,257.85,257.9,257.4,257.55,245168
2026-08-13T11:40:00+05:30,257.7,257.85,257.2,257.3,126228
2026-08-13T11:45:00+05:30,257.3,257.35,256,256.55,1128820
2026-08-13T11:50:00+05:30,256.55,256.6,256,256.2,524330
2026-08-13T11:55:00+05:30,256.2,256.3,255.55,255.85,637918
2026-08-13T12:00:00+05:30,255.95,256.75,255.9,256.55,299460
2026-08-13T12:05:00+05:30,256.55,256.75,256.5,256.55,183806
2026-08-13T12:10:00+05:30,256.55,256.65,256.3,256.4,196368
2026-08-13T12:15:00+05:30,256.4,256.45,256,256.15,202211
2026-08-13T12:20:00+05:30,256.15,256.2,255.5,255.6,381961
2026-08-13T12:25:00+05:30,255.65,255.65,255.05,255.2,683679
2026-08-13T12:30:00+05:30,255.2,255.55,255.1,255.35,243809
2026-08-13T12:35:00+05:30,255.35,255.5,255.1,255.3,237710
2026-08-13T12:40:00+05:30,255.3,255.3,254.35,254.9,675921
2026-08-13T12:45:00+05:30,254.9,255,254.5,254.65,268784
2026-08-13T12:50:00+05:30,254.65,255.3,254.5,255.25,290205
2026-08-13T12:55:00+05:30,255.25,255.5,255,255.3,216879
2026-08-13T13:00:00+05:30,255.3,255.45,255.15,255.25,135775
2026-08-13T13:05:00+05:30,255.3,255.45,255.15,255.35,110152
2026-08-13T13:10:00+05:30,255.35,255.4,255,255.2,143417
2026-08-13T13:15:00+05:30,255.25,255.35,254.9,255.25,190560
2026-08-13T13:20:00+05:30,255.25,255.8,255.2,255.55,195811
2026-08-13T13:25:00+05:30,255.65,255.75,255.4,255.45,138817
2026-08-13T13:30:00+05:30,255.45,255.6,255.3,255.45,103155
2026-08-13T13:35:00+05:30,255.45,255.6,255.3,255.55,97297
2026-08-13T13:40:00+05:30,255.5,255.8,255.45,255.7,139269
2026-08-13T13:45:00+05:30,255.7,255.75,255.55,255.55,124701
2026-08-13T13:50:00+05:30,255.65,255.65,255.2,255.3,186671
2026-08-13T13:55:00+05:30,255.3,255.5,255.2,255.35,76797
2026-08-13T14:00:00+05:30,255.4,255.45,255,255.35,140261
2026-08-13T14:05:00+05:30,255.35,255.4,254.75,255.05,214605
2026-08-13T14:10:00+05:30,255.1,255.8,255.05,255.75,276145
2026-08-13T14:15:00+05:30,255.7,255.75,255.35,255.7,169026
2026-08-13T14:20:00+05:30,255.7,256.2,255.6,255.8,594687
2026-08-13T14:25:00+05:30,255.8,255.8,255.55,255.7,102762
2026-08-13T14:30:00+05:30,255.7,255.9,255.2,255.3,262804
2026-08-13T14:35:00+05:30,255.45,255.7,255.2,255.4,207181
2026-08-13T14:40:00+05:30,255.5,255.6,255.05,255.1,265491
2026-08-13T14:45:00+05:30,255.15,255.85,255.15,255.7,671369
2026-08-13T14:50:00+05:30,255.7,255.8,255.35,255.7,725823
2026-08-13T14:55:00+05:30,255.7,255.75,255.35,255.45,405053
2026-08-13T15:00:00+05:30,255.6,255.6,255.45,255.45,685624
2026-08-13T15:05:00+05:30,255.45,255.6,254.5,254.8,1397115
2026-08-13T15:10:00+05:30,254.85,255.4,254,254.6,1298987
2026-08-14T09:15:00+05:30,255.6,255.6,252.3,252.75,1820355
2026-08-14T09:20:00+05:30,252.75,253.2,252.45,253,614933
2026-08-14T09:25:00+05:30,253.05,253.05,252,252.15,377344
2026-08-14T09:30:00+05:30,252.15,252.8,252,252.65,368424
2026-08-14T09:35:00+05:30,252.45,252.7,252.2,252.45,370413
2026-08-14T09:40:00+05:30,252.4,252.45,252.1,252.15,241196
2026-08-14T09:45:00+05:30,252.2,252.55,252,252.55,379845
2026-08-14T09:50:00+05:30,252.5,252.55,251.55,251.6,388547
2026-08-14T09:55:00+05:30,251.75,252.2,251.7,252.15,195377
2026-08-14T10:00:00+05:30,252.15,252.3,251.9,252.2,126545
2026-08-14T10:05:00+05:30,252.25,252.5,252.2,252.4,82454
2026-08-14T10:10:00+05:30,252.4,252.5,252.15,252.15,90477
2026-08-14T10:15:00+05:30,252.15,252.3,252,252.25,114969
2026-08-14T10:20:00+05:30,252.25,252.35,251.9,252.05,99102
2026-08-14T10:25:00+05:30,252.05,252.25,251.9,251.9,145935
2026-08-14T10:30:00+05:30,251.95,251.95,250.85,251.35,549598
2026-08-14T10:35:00+05:30,251.35,251.55,251.1,251.55,112207
2026-08-14T10:40:00+05:30,251.55,251.55,251,251.15,148550
2026-08-14T10:45:00+05:30,251.15,251.3,251,251.2,88295
2026-08-14T10:50:00+05:30,251.2,251.45,251.15,251.3,88226
2026-08-14T10:55:00+05:30,251.25,251.35,251.05,251.2,179491
2026-08-14T11:00:00+05:30,251.1,251.3,250.8,250.9,357890
2026-08-14T11:05:00+05:30,251.05,251.1,250.5,250.7,301903
2026-08-14T11:10:00+05:30,250.7,250.95,250.7,250.9,150801
2026-08-14T11:15:00+05:30,250.95,251.4,250.9,251.3,122113
2026-08-14T11:20:00+05:30,251.35,251.45,251.25,251.4,124463
2026-08-14T11:25:00+05:30,251.45,251.5,251.1,251.1,128336
2026-08-14T11:30:00+05:30,251.05,251.15,250.9,251,163424
2026-08-14T11:35:00+05:30,251,251,250.85,250.9,125296
2026-08-14T11:40:00+05:30,250.85,251.15,250.85,251,229865
2026-08-14T11:45:00+05:30,251,251,250.85,250.9,85161
2026-08-14T11:50:00+05:30,250.95,251,250.9,251,68183
2026-08-14T11:55:00+05:30,251,251,250.85,251,112345
2026-08-14T12:00:00+05:30,251,251,250.75,250.75,116181
2026-08-14T12:05:00+05:30,250.8,250.95,250.7,250.85,92918
2026-08-14T12:10:00+05:30,250.85,250.95,250.75,250.95,71032
2026-08-14T12:15:00+05:30,250.95,251,250.8,250.9,81060
2026-08-14T12:20:00+05:30,250.9,251.3,250.9,251.15,226395
2026-08-14T12:25:00+05:30,251.15,251.15,250.9,250.95,96379
2026-08-14T12:30:00+05:30,250.95,251,250.85,250.9,61118
2026-08-14T12:35:00+05:30,250.9,251,250.8,250.8,70892
2026-08-14T12:40:00+05:30,250.8,250.85,250.6,250.7,141141
2026-08-14T12:45:00+05:30,250.7,250.85,250.6,250.8,84554
2026-08-14T12:50:00+05:30,250.8,251,250.8,250.85,71432
2026-08-14T12:55:00+05:30,250.85,250.9,250.7,250.9,80807
2026-08-14T13:00:00+05:30,250.9,250.95,250.6,250.6,120923
2026-08-14T13:05:00+05:30,250.55,250.85,250.5,250.8,87722
2026-08-14T13:10:00+05:30,250.85,251,250.75,250.9,65533
2026-08-14T13:15:00+05:30,250.9,250.9,250.3,250.7,173907
2026-08-14T13:20:00+05:30,250.7,250.7,250.25,250.3,110013
2026-08-14T13:25:00+05:30,250.35,250.55,250.2,250.35,106513
2026-08-14T13:30:00+05:30,250.45,250.45,250.3,250.3,122301
2026-08-14T13:35:00+05:30,250.3,250.6,250.15,250.4,335252
2026-08-14T13:40:00+05:30,250.5,250.7,250.35,250.65,86204
2026-08-14T13:45:00+05:30,250.6,251,250.5,250.9,242575
2026-08-14T13:50:00+05:30,250.9,251,250.75,250.85,93753
2026-08-14T13:55:00+05:30,250.85,251,250.65,250.9,87381
2026-08-14T14:00:00+05:30,250.95,251,250.5,250.65,225607
2026-08-14T14:05:00+05:30,250.65,250.8,250.5,250.65,73686
2026-08-14T14:10:00+05:30,250.65,250.7,250.5,250.65,106832
2026-08-14T14:15:00+05:30,250.65,250.65,250.35,250.45,100431
2026-08-14T14:20:00+05:30,250.5,250.5,250.35,250.5,89776
2026-08-14T14:25:00+05:30,250.5,250.5,250.1,250.4,309441
2026-08-14T14:30:00+05:30,250.4,250.55,250,250.2,385504
2026-08-14T14:35:00+05:30,250.2,250.4,250.15,250.15,138391
2026-08-14T14:40:00+05:30,250.25,250.35,249.75,250.1,701998
2026-08-14T14:45:00+05:30,250.15,250.3,250.05,250.2,155145
2026-08-14T14:50:00+05:30,250.3,250.65,250.1,250.5,533562
2026-08-14T14:55:00+05:30,250.55,250.65,250.25,250.25,316518
2026-08-14T15:00:00+05:30,250.3,250.4,250.1,250.15,504553
2026-08-14T15:05:00+05:30,250.1,250.2,249.6,249.85,536544
2026-08-14T15:10:00+05:30,249.95,250.05,249.3,249.7,634659
2026-08-17T09:15:00+05:30,249.05,249.3,246.1,246.85,1153055
2026-08-17T09:20:00+05:30,246.75,246.8,246.2,246.3,473685
2026-08-17T09:25:00+05:30,246.3,246.8,245.8,245.85,924180
2026-08-17T09:30:00+05:30,245.85,246.4,245.75,246,400447
2026-08-17T09:35:00+05:30,246.1,247.25,246.1,247,344388
2026-08-17T09:40:00+05:30,246.95,247.1,246.55,246.8,178688
2026-08-17T09:45:00+05:30,246.8,246.95,246.65,246.9,113502
2026-08-17T09:50:00+05:30,246.9,246.95,246.05,246.05,236256
2026-08-17T09:55:00+05:30,246.1,246.2,245.8,245.95,312152
2026-08-17T10:00:00+05:30,245.9,246.05,245.75,246,247840
2026-08-17T10:05:00+05:30,246,246.6,245.9,246.5,274320
2026-08-17T10:10:00+05:30,246.55,246.65,246.35,246.6,166185
2026-08-17T10:15:00+05:30,246.6,246.7,246.2,246.45,186326
2026-08-17T10:20:00+05:30,246.45,246.6,246.3,246.55,58428
2026-08-17T10:25:00+05:30,246.5,246.9,246.45,246.85,112430
2026-08-17T10:30:00+05:30,246.8,246.8,246.5,246.6,66278
2026-08-17T10:35:00+05:30,246.6,246.65,246.45,246.65,53121
2026-08-17T10:40:00+05:30,246.65,246.65,246.25,246.45,89121
2026-08-17T10:45:00+05:30,246.5,246.5,246.25,246.5,112524
2026-08-17T10:50:00+05:30,246.5,246.65,246.4,246.55,73460
2026-08-17T10:55:00+05:30,246.5,246.6,246.4,246.6,73363
2026-08-17T11:00:00+05:30,246.6,246.75,246.5,246.75,43844
2026-08-17T11:05:00+05:30,246.7,246.75,246.45,246.65,61073
2026-08-17T11:10:00+05:30,246.65,246.65,246.25,246.3,50594
2026-08-17T11:15:00+05:30,246.4,246.55,246.3,246.55,39200
2026-08-17T11:20:00+05:30,246.55,246.55,246.3,246.45,48674
2026-08-17T11:25:00+05:30,246.45,246.7,246.35,246.65,54311
2026-08-17T11:30:00+05:30,246.5,246.65,246.4,246.65,54731
2026-08-17T11:35:00+05:30,246.65,247.45,246.5,247.45,227025
2026-08-17T11:40:00+05:30,247.4,247.5,247.15,247.35,201732
2026-08-17T11:45:00+05:30,247.35,247.95,247.3,247.8,248832
2026-08-17T11:50:00+05:30,247.9,248,247.8,247.85,183671
2026-08-17T11:55:00+05:30,247.9,247.95,247.55,247.85,110536
2026-08-17T12:00:00+05:30,247.85,248,247.65,247.75,89608
2026-08-17T12:05:00+05:30,247.75,247.9,247.5,247.5,68169
2026-08-17T12:10:00+05:30,247.5,247.65,247.35,247.65,40517
2026-08-17T12:15:00+05:30,247.65,247.95,247.55,247.9,77286
2026-08-17T12:20:00+05:30,247.9,247.95,247.75,247.75,45334
2026-08-17T12:25:00+05:30,247.85,247.9,247.75,247.8,40292
2026-08-17T12:30:00+05:30,247.8,247.9,247.75,247.75,33138
2026-08-17T12:35:00+05:30,247.75,247.9,247.75,247.9,32097
2026-08-17T12:40:00+05:30,247.9,247.95,247.75,247.85,31864
2026-08-17T12:45:00+05:30,247.85,248.5,247.75,248.4,230495
2026-08-17T12:50:00+05:30,248.4,248.6,248.4,248.5,117228
2026-08-17T12:55:00+05:30,248.4,248.85,248.4,248.75,183595
2026-08-17T13:00:00+05:30,248.75,248.85,248.7,248.7,86576
2026-08-17T13:05:00+05:30,248.7,249.4,248.7,249.3,322222
2026-08-17T13:10:00+05:30,249.4,249.6,249.2,249.3,226939
2026-08-17T13:15:00+05:30,249.35,249.45,249.15,249.2,65217
2026-08-17T13:20:00+05:30,249.2,249.4,249,249.15,67320
2026-08-17T13:25:00+05:30,249.1,249.25,248.9,249.15,86338
2026-08-17T13:30:00+05:30,249.25,249.3,249.1,249.2,41189
2026-08-17T13:35:00+05:30,249.2,249.2,248.85,249,71529
2026-08-17T13:40:00+05:30,249,249.25,248.95,249.25,42197
2026-08-17T13:45:00+05:30,249.25,249.35,249.1,249.25,50856
2026-08-17T13:50:00+05:30,249.1,249.3,248.95,249.1,84740
2026-08-17T13:55:00+05:30,249.05,249.2,248.9,249.2,42122
2026-08-17T14:00:00+05:30,249.15,249.25,248.9,249,56306
2026-08-17T14:05:00+05:30,248.95,249.15,248.9,249.05,72201
2026-08-17T14:10:00+05:30,249.05,249.1,248.85,248.85,83824
2026-08-17T14:15:00+05:30,248.85,249.2,248.85,249.2,82598
2026-08-17T14:20:00+05:30,249.1,249.2,248.9,249.05,79105
2026-08-17T14:25:00+05:30,249.05,249.1,248.85,249,76791
2026-08-17T14:30:00+05:30,249.05,249.5,249,249.35,156401
2026-08-17T14:35:00+05:30,249.35,249.4,249.1,249.25,73964
2026-08-17T14:40:00+05:30,249.25,249.45,249.25,249.45,80392
2026-08-17T14:45:00+05:30,249.45,249.5,249.35,249.45,96258
2026-08-17T14:50:00+05:30,249.45,249.75,249.45,249.65,258753
2026-08-17T14:55:00+05:30,249.65,249.8,249.45,249.55,205957
2026-08-17T15:00:00+05:30,249.45,249.85,249.35,249.85,212380
2026-08-17T15:05:00+05:30,249.85,249.85,249.35,249.5,238618
2026-08-17T15:10:00+05:30,249.5,249.9,249.45,249.8,288449
2026-08-18T09:15:00+05:30,248.9,248.9,246.75,247.05,727620
2026-08-18T09:20:00+05:30,247.05,247.05,246.55,246.75,341658
2026-08-18T09:25:00+05:30,246.6,247.2,246.6,246.7,367072
2026-08-18T09:30:00+05:30,246.6,246.85,246.35,246.75,315338
2026-08-18T09:35:00+05:30,246.8,246.95,246.65,246.85,152164
2026-08-18T09:40:00+05:30,247,247,246.65,246.75,184416
2026-08-18T09:45:00+05:30,246.75,246.9,246.6,246.85,86038
2026-08-18T09:50:00+05:30,246.9,246.9,246.75,246.85,69658
2026-08-18T09:55:00+05:30,246.85,246.85,246.5,246.6,183384
2026-08-18T10:00:00+05:30,246.55,246.7,246.1,246.15,259505
2026-08-18T10:05:00+05:30,246.1,246.25,245.8,246.1,356162
2026-08-18T10:10:00+05:30,246.1,246.5,246,246.4,96479
2026-08-18T10:15:00+05:30,246.45,246.45,246,246.35,170594
2026-08-18T10:20:00+05:30,246.35,246.65,246.2,246.45,77319
2026-08-18T10:25:00+05:30,246.45,246.75,246.4,246.6,75533
2026-08-18T10:30:00+05:30,246.65,246.9,246.6,246.85,77776
2026-08-18T10:35:00+05:30,246.85,247.1,246.7,246.95,152151
2026-08-18T10:40:00+05:30,246.85,246.95,246.45,246.65,128925
2026-08-18T10:45:00+05:30,246.65,246.65,246.45,246.6,51465
2026-08-18T10:50:00+05:30,246.6,246.6,246.3,246.55,44962
2026-08-18T10:55:00+05:30,246.5,246.55,246.15,246.2,133478
2026-08-18T11:00:00+05:30,246.35,246.55,246.2,246.55,101969
2026-08-18T11:05:00+05:30,246.55,246.55,246.35,246.5,46952
2026-08-18T11:10:00+05:30,246.5,246.5,246.3,246.3,33416
2026-08-18T11:15:00+05:30,246.4,246.55,246.3,246.55,62669
2026-08-18T11:20:00+05:30,246.55,246.55,246.3,246.45,35355
2026-08-18T11:25:00+05:30,246.45,246.45,246.2,246.4,37064
2026-08-18T11:30:00+05:30,246.4,247,246.25,246.8,180590
2026-08-18T11:35:00+05:30,246.8,247,246.65,246.85,94715
2026-08-18T11:40:00+05:30,246.85,247,246.7,246.9,47440
2026-08-18T11:45:00+05:30,246.9,246.95,246.85,246.9,34264
2026-08-18T11:50:00+05:30,246.9,247.25,246.9,247.15,154681
2026-08-18T11:55:00+05:30,247.15,247.3,247,247.25,55659
2026-08-18T12:00:00+05:30,247.25,247.35,247.15,247.2,38519
2026-08-18T12:05:00+05:30,247.2,247.35,247.2,247.35,39698
2026-08-18T12:10:00+05:30,247.35,247.4,247.2,247.35,37158
2026-08-18T12:15:00+05:30,247.35,247.35,247.1,247.2,46748
2026-08-18T12:20:00+05:30,247.2,247.2,247,247.15,23338
2026-08-18T12:25:00+05:30,247.15,247.4,247.1,247.4,46779
2026-08-18T12:30:00+05:30,247.4,247.6,247.3,247.45,79937
2026-08-18T12:35:00+05:30,247.45,247.65,247.4,247.45,97423
2026-08-18T12:40:00+05:30,247.45,247.5,247.2,247.3,46000
2026-08-18T12:45:00+05:30,247.3,247.35,247.1,247.35,32948
2026-08-18T12:50:00+05:30,247.35,247.45,247.2,247.35,35427
2026-08-18T12:55:00+05:30,247.35,247.35,247.1,247.2,25051
2026-08-18T13:00:00+05:30,247.2,247.2,247,247,39318
2026-08-18T13:05:00+05:30,247,247.1,246.75,247,110081
2026-08-18T13:10:00+05:30,247.05,247.1,246.85,247.1,33405
2026-08-18T13:15:00+05:30,247.1,247.15,246.9,247,27261
2026-08-18T13:20:00+05:30,247,247,246.65,246.7,58782
2026-08-18T13:25:00+05:30,246.7,246.75,246.45,246.75,77664
2026-08-18T13:30:00+05:30,246.7,246.8,246.55,246.55,30773
2026-08-18T13:35:00+05:30,246.6,246.7,246.45,246.55,57577
2026-08-18T13:40:00+05:30,246.6,246.65,246.45,246.6,48461
2026-08-18T13:45:00+05:30,246.65,246.65,246.45,246.5,33314
2026-08-18T13:50:00+05:30,246.55,246.6,246.35,246.5,33242
2026-08-18T13:55:00+05:30,246.5,246.5,246.3,246.35,47639
2026-08-18T14:00:00+05:30,246.35,246.5,246.3,246.45,39085
2026-08-18T14:05:00+05:30,246.45,246.5,246.3,246.4,36354
2026-08-18T14:10:00+05:30,246.4,246.4,246.15,246.15,97409
2026-08-18T14:15:00+05:30,246.25,246.25,246,246.15,100715
2026-08-18T14:20:00+05:30,246.05,246.25,246.05,246.15,72054
2026-08-18T14:25:00+05:30,246.1,246.2,245.9,246.1,168510
2026-08-18T14:30:00+05:30,246.15,246.25,245.95,246.1,78074
2026-08-18T14:35:00+05:30,246.2,246.2,245.9,246.05,116498
2026-08-18T14:40:00+05:30,246.05,246.15,245.9,245.95,53837
2026-08-18T14:45:00+05:30,246,246.15,245.95,246.05,117415
2026-08-18T14:50:00+05:30,246.05,246.55,246.05,246.55,437857
2026-08-18T14:55:00+05:30,246.55,246.55,246.4,246.4,172731
2026-08-18T15:00:00+05:30,246.4,246.75,246.4,246.6,458085
2026-08-18T15:05:00+05:30,246.6,246.7,246.4,246.45,278235
2026-08-18T15:10:00+05:30,246.45,246.6,246.15,246.35,432172
2026-08-19T09:15:00+05:30,245.8,246.3,244,245.4,738942
2026-08-19T09:20:00+05:30,245.4,246.1,245.25,245.25,443485
2026-08-19T09:25:00+05:30,245.35,245.65,245.1,245.5,158811
2026-08-19T09:30:00+05:30,245.5,245.55,245,245,171764
2026-08-19T09:35:00+05:30,245.05,245.2,244.6,245.1,360688
2026-08-19T09:40:00+05:30,245.1,245.1,244.8,244.8,111048
2026-08-19T09:45:00+05:30,244.75,245,244.55,245,119149
2026-08-19T09:50:00+05:30,245,245.5,244.9,245,159888
2026-08-19T09:55:00+05:30,245,245.15,244.7,244.8,143281
2026-08-19T10:00:00+05:30,244.8,244.95,244.7,244.9,135997
2026-08-19T10:05:00+05:30,244.8,245.3,244.7,245.2,132293
2026-08-19T10:10:00+05:30,245.2,245.35,245,245.25,100904
2026-08-19T10:15:00+05:30,245.25,245.25,244.85,245,55939
2026-08-19T10:20:00+05:30,245,245,244.75,244.8,78779
2026-08-19T10:25:00+05:30,244.8,244.95,244.75,244.9,47129
2026-08-19T10:30:00+05:30,244.95,244.95,244.7,244.75,144881
2026-08-19T10:35:00+05:30,244.75,244.8,244.6,244.65,264176
2026-08-19T10:40:00+05:30,244.7,244.7,243.75,243.8,583874
2026-08-19T10:45:00+05:30,243.8,243.95,243.35,243.6,266409
2026-08-19T10:50:00+05:30,243.6,243.85,243.3,243.8,130496
2026-08-19T10:55:00+05:30,243.8,244.15,243.7,244.05,86700
2026-08-19T11:00:00+05:30,244.05,244.05,243.8,244,56534
2026-08-19T11:05:00+05:30,244,244.05,243.5,243.9,133966
2026-08-19T11:10:00+05:30,244.05,244.1,243.9,244.1,44179
2026-08-19T11:15:00+05:30,244.1,244.3,243.95,244.1,112413
2026-08-19T11:20:00+05:30,244.25,244.25,244,244,49740
2026-08-19T11:25:00+05:30,244.1,244.2,243.9,244.1,58212
2026-08-19T11:30:00+05:30,244.2,244.2,244.05,244.05,34818
2026-08-19T11:35:00+05:30,244.15,244.25,244.05,244.1,65139
2026-08-19T11:40:00+05:30,244.2,244.2,244,244.1,56710
2026-08-19T11:45:00+05:30,244.15,244.2,244,244.05,73786
2026-08-19T11:50:00+05:30,244.05,244.2,244,244.2,91417
2026-08-19T11:55:00+05:30,244.2,244.2,243.9,243.95,78452
2026-08-19T12:00:00+05:30,243.95,244,243.7,243.75,56641
2026-08-19T12:05:00+05:30,243.75,243.9,243.6,243.6,51460
2026-08-19T12:10:00+05:30,243.6,243.85,243.6,243.75,42071
2026-08-19T12:15:00+05:30,243.75,243.95,243.65,243.8,119304
2026-08-19T12:20:00+05:30,243.8,244.05,243.8,244.05,43989
2026-08-19T12:25:00+05:30,244,244.05,243.8,243.9,35261
2026-08-19T12:30:00+05:30,243.9,244,243.65,243.65,45920
2026-08-19T12:35:00+05:30,243.65,243.85,243.6,243.8,52800
2026-08-19T12:40:00+05:30,243.8,244.05,243.7,243.9,25590
2026-08-19T12:45:00+05:30,243.9,244,243.8,243.85,43421
2026-08-19T12:50:00+05:30,243.95,243.95,243.75,243.9,31363
2026-08-19T12:55:00+05:30,243.95,244,243.65,243.8,91406
2026-08-19T13:00:00+05:30,243.9,243.95,243.75,243.9,44840
2026-08-19T13:05:00+05:30,243.85,243.95,243.5,243.8,113955
2026-08-19T13:10:00+05:30,243.8,243.8,243.45,243.45,62860
2026-08-19T13:15:00+05:30,243.5,243.6,243.45,243.6,31038
2026-08-19T13:20:00+05:30,243.6,243.6,243.4,243.5,50623
2026-08-19T13:25:00+05:30,243.6,243.6,243.5,243.55,27611
2026-08-19T13:30:00+05:30,243.6,243.7,243.5,243.5,52219
2026-08-19T13:35:00+05:30,243.55,243.7,243.4,243.55,64883
2026-08-19T13:40:00+05:30,243.6,243.6,243.45,243.45,27963
2026-08-19T13:45:00+05:30,243.5,243.55,243.25,243.4,71078
2026-08-19T13:50:00+05:30,243.45,243.45,243.3,243.4,50549
2026-08-19T13:55:00+05:30,243.45,243.6,243.4,243.5,32988
2026-08-19T14:00:00+05:30,243.5,243.7,243.35,243.5,45848
2026-08-19T14:05:00+05:30,243.5,243.6,243.3,243.35,53290
2026-08-19T14:10:00+05:30,243.35,243.6,243.3,243.5,36543
2026-08-19T14:15:00+05:30,243.45,243.5,243.25,243.35,61172
2026-08-19T14:20:00+05:30,243.35,243.35,242.8,242.95,290516
2026-08-19T14:25:00+05:30,242.95,243,242.8,243,78245
2026-08-19T14:30:00+05:30,243,243.1,242.8,243,194908
2026-08-19T14:35:00+05:30,243.05,243.45,242.8,242.85,223558
2026-08-19T14:40:00+05:30,242.95,243,242.8,242.95,79863
2026-08-19T14:45:00+05:30,243,243,242.55,242.75,120299
2026-08-19T14:50:00+05:30,242.7,242.8,242.4,242.5,524762
2026-08-19T14:55:00+05:30,242.5,242.5,242.3,242.4,233600
2026-08-19T15:00:00+05:30,242.45,242.7,242.4,242.5,204780
2026-08-19T15:05:00+05:30,242.45,242.45,242.05,242.25,302443
2026-08-19T15:10:00+05:30,242.15,242.5,241.5,242.4,479558
2026-08-20T09:15:00+05:30,244,244.8,243.9,244,755413
2026-08-20T09:20:00+05:30,244,244.2,243.75,244,258774
2026-08-20T09:25:00+05:30,244.05,244.9,244.05,244.8,230789
2026-08-20T09:30:00+05:30,244.8,244.8,244.5,244.6,232513
2026-08-20T09:35:00+05:30,244.7,244.85,244.55,244.8,113859
2026-08-20T09:40:00+05:30,244.75,244.8,244.55,244.65,93123
2026-08-20T09:45:00+05:30,244.65,244.75,244.5,244.65,72471
2026-08-20T09:50:00+05:30,244.65,244.65,244.3,244.35,91643
2026-08-20T09:55:00+05:30,244.35,245.1,244.35,245,240784
2026-08-20T10:00:00+05:30,245,245.55,244.75,245.4,192195
2026-08-20T10:05:00+05:30,245.4,245.5,245.05,245.1,168454
2026-08-20T10:10:00+05:30,245.15,245.25,245.05,245.05,60455
2026-08-20T10:15:00+05:30,245.15,245.2,245,245.1,49909
2026-08-20T10:20:00+05:30,245.1,245.15,244.9,245.05,73820
2026-08-20T10:25:00+05:30,245.1,245.15,244.9,245.1,52282
2026-08-20T10:30:00+05:30,245.15,245.45,245,245.35,109856
2026-08-20T10:35:00+05:30,245.25,245.75,245.25,245.7,131364
2026-08-20T10:40:00+05:30,245.7,246,245.4,245.9,234661
2026-08-20T10:45:00+05:30,245.85,246.8,245.75,246.45,433536
2026-08-20T10:50:00+05:30,246.4,246.5,245.85,246,213356
2026-08-20T10:55:00+05:30,245.95,246.4,245.95,246.35,148290
2026-08-20T11:00:00+05:30,246.3,246.5,246.15,246.25,98637
2026-08-20T11:05:00+05:30,246.25,246.5,246,246.45,93063
2026-08-20T11:10:00+05:30,246.4,246.6,246.2,246.5,157235
2026-08-20T11:15:00+05:30,246.5,246.5,246.15,246.4,66845
2026-08-20T11:20:00+05:30,246.4,246.45,246.15,246.3,67185
2026-08-20T11:25:00+05:30,246.35,246.35,246.15,246.25,35923
2026-08-20T11:30:00+05:30,246.35,246.7,246.3,246.65,87871
2026-08-20T11:35:00+05:30,246.65,246.7,246.5,246.65,89927
2026-08-20T11:40:00+05:30,246.65,246.65,246.05,246.15,71868
2026-08-20T11:45:00+05:30,246.15,246.25,246.05,246.1,59332
2026-08-20T11:50:00+05:30,246.1,246.25,246,246.05,61730
2026-08-20T11:55:00+05:30,246.1,246.35,246.05,246.2,53396
2026-08-20T12:00:00+05:30,246.2,246.4,246.15,246.2,80480
2026-08-20T12:05:00+05:30,246.2,246.3,246.15,246.25,60433
2026-08-20T12:10:00+05:30,246.25,246.65,246.25,246.55,115618
2026-08-20T12:15:00+05:30,246.55,247.2,246.55,246.9,300381
2026-08-20T12:20:00+05:30,246.9,246.95,246.6,246.7,109571
2026-08-20T12:25:00+05:30,246.7,246.75,246.6,246.6,69540
2026-08-20T12:30:00+05:30,246.6,246.75,246.6,246.7,54855
2026-08-20T12:35:00+05:30,246.75,246.85,246.6,246.8,182503
2026-08-20T12:40:00+05:30,246.85,247,246.7,246.9,123731
2026-08-20T12:45:00+05:30,246.75,247.2,246.75,247.15,132796
2026-08-20T12:50:00+05:30,247.15,247.25,246.8,246.85,170566
2026-08-20T12:55:00+05:30,246.8,246.9,246.75,246.85,67224
2026-08-20T13:00:00+05:30,246.8,246.85,246.3,246.3,62952
2026-08-20T13:05:00+05:30,246.4,246.5,246.3,246.35,45299
2026-08-20T13:10:00+05:30,246.4,246.4,246.35,246.35,30954
2026-08-20T13:15:00+05:30,246.35,246.4,246.25,246.3,44727
2026-08-20T13:20:00+05:30,246.3,246.3,246.05,246.2,80525
2026-08-20T13:25:00+05:30,246.2,246.2,246.1,246.15,29069
2026-08-20T13:30:00+05:30,246.2,246.2,246.1,246.15,23560
2026-08-20T13:35:00+05:30,246.1,246.2,245.8,245.9,98496
2026-08-20T13:40:00+05:30,245.9,246,245.85,245.85,53691
2026-08-20T13:45:00+05:30,245.9,246,245.8,245.85,47130
2026-08-20T13:50:00+05:30,245.95,245.95,245.8,245.85,14756
2026-08-20T13:55:00+05:30,245.85,245.85,245.6,245.65,59184
2026-08-20T14:00:00+05:30,245.7,245.7,245.45,245.55,124714
2026-08-20T14:05:00+05:30,245.6,245.65,245.3,245.35,98307
2026-08-20T14:10:00+05:30,245.4,245.5,245.3,245.5,58982
2026-08-20T14:15:00+05:30,245.5,245.5,245.25,245.3,64374
2026-08-20T14:20:00+05:30,245.35,245.35,245.1,245.3,113157
2026-08-20T14:25:00+05:30,245.3,245.35,245.1,245.3,56854
2026-08-20T14:30:00+05:30,245.3,245.65,245.3,245.5,74443
2026-08-20T14:35:00+05:30,245.5,245.55,245.4,245.45,31553
2026-08-20T14:40:00+05:30,245.5,245.5,245.15,245.25,37016
2026-08-20T14:45:00+05:30,245.3,245.3,245.1,245.2,41690
2026-08-20T14:50:00+05:30,245.2,245.2,245,245.05,47209
2026-08-20T14:55:00+05:30,245.05,245.05,244.8,244.8,204594
2026-08-20T15:00:00+05:30,244.85,244.9,244.55,244.7,138025
2026-08-20T15:05:00+05:30,244.7,244.7,244.35,244.5,223408
2026-08-20T15:10:00+05:30,244.5,244.9,244.15,244.85,416030
2026-08-21T09:15:00+05:30,244.3,245.5,244.2,245.3,591154
2026-08-21T09:20:00+05:30,245.3,245.3,244.7,244.9,199977
2026-08-21T09:25:00+05:30,245,245,244.55,244.7,160895
2026-08-21T09:30:00+05:30,244.6,244.6,244,244,153619
2026-08-21T09:35:00+05:30,244.05,244.4,243.85,244.35,151799
2026-08-21T09:40:00+05:30,244.4,245.15,244.4,245,136410
2026-08-21T09:45:00+05:30,245.05,245.65,244.9,245.15,231453
2026-08-21T09:50:00+05:30,245.15,245.2,245,245.05,59164
2026-08-21T09:55:00+05:30,245.2,245.2,244.65,244.8,58421
2026-08-21T10:00:00+05:30,244.8,245,244.7,244.9,64873
2026-08-21T10:05:00+05:30,244.9,244.9,244.5,244.5,48286
2026-08-21T10:10:00+05:30,244.5,244.9,244.5,244.75,48579
2026-08-21T10:15:00+05:30,244.75,244.75,244.5,244.6,33205
2026-08-21T10:20:00+05:30,244.6,244.75,244.35,244.5,80174
2026-08-21T10:25:00+05:30,244.6,245,244.5,244.95,45304
2026-08-21T10:30:00+05:30,244.9,245.1,244.8,244.9,50244
2026-08-21T10:35:00+05:30,244.9,244.9,244.45,244.75,110717
2026-08-21T10:40:00+05:30,244.65,244.95,244.65,244.85,29587
2026-08-21T10:45:00+05:30,244.85,245,244.7,245,69205
2026-08-21T10:50:00+05:30,245.1,245.8,245,245.55,133495
2026-08-21T10:55:00+05:30,245.55,245.6,245.15,245.25,44457
2026-08-21T11:00:00+05:30,245.25,245.35,245.05,245.1,48355
2026-08-21T11:05:00+05:30,245.2,245.3,245.1,245.3,35365
2026-08-21T11:10:00+05:30,245.25,245.4,245.1,245.35,32969
2026-08-21T11:15:00+05:30,245.35,245.35,245.1,245.2,19933
2026-08-21T11:20:00+05:30,245.1,245.25,244.95,245,50365
2026-08-21T11:25:00+05:30,245.1,245.15,244.9,245,23453
2026-08-21T11:30:00+05:30,245,245.2,244.7,245.2,84573
2026-08-21T11:35:00+05:30,245.2,245.2,245,245.05,31759
2026-08-21T11:40:00+05:30,245,245.2,245,245,42650
2026-08-21T11:45:00+05:30,245.15,245.15,244.85,245,41799
2026-08-21T11:50:00+05:30,244.9,245.1,244.9,245,39825
2026-08-21T11:55:00+05:30,245,245,244.8,244.85,20209
2026-08-21T12:00:00+05:30,244.85,244.95,244.85,244.85,17805
2026-08-21T12:05:00+05:30,244.85,244.95,244.8,244.85,40492
2026-08-21T12:10:00+05:30,244.95,245.1,244.8,245.05,48741
2026-08-21T12:15:00+05:30,245.05,245.1,244.95,245,30961
2026-08-21T12:20:00+05:30,245,245.1,244.9,244.9,21327
2026-08-21T12:25:00+05:30,244.9,245,244.9,244.95,17332
2026-08-21T12:30:00+05:30,244.95,245,244.75,244.85,37699
2026-08-21T12:35:00+05:30,244.85,244.95,244.8,244.9,24971
2026-08-21T12:40:00+05:30,244.9,244.9,244.6,244.7,35079
2026-08-21T12:45:00+05:30,244.7,244.7,244.5,244.5,37334
2026-08-21T12:50:00+05:30,244.5,244.65,244.5,244.6,17842
2026-08-21T12:55:00+05:30,244.6,244.85,244.5,244.65,45751
2026-08-21T13:00:00+05:30,244.65,244.8,244.2,244.35,111202
2026-08-21T13:05:00+05:30,244.35,244.45,244.2,244.3,28675
2026-08-21T13:10:00+05:30,244.3,244.45,244.2,244.25,41604
2026-08-21T13:15:00+05:30,244.25,244.3,244.2,244.2,22338
2026-08-21T13:20:00+05:30,244.25,244.3,244.1,244.2,30645
2026-08-21T13:25:00+05:30,244.1,244.3,244.1,244.2,34916
2026-08-21T13:30:00+05:30,244.25,244.25,244,244.1,25619
2026-08-21T13:35:00+05:30,244.15,244.15,243.9,244.05,106096
2026-08-21T13:40:00+05:30,244.05,244.1,243.8,243.95,80239
2026-08-21T13:45:00+05:30,243.95,244.05,243.8,244,46317
2026-08-21T13:50:00+05:30,244,244,243.55,243.9,124555
2026-08-21T13:55:00+05:30,243.9,244.05,243.8,243.9,46958
2026-08-21T14:00:00+05:30,243.9,244,243.85,243.95,24027
2026-08-21T14:05:00+05:30,243.95,244.1,243.9,243.95,59703
2026-08-21T14:10:00+05:30,243.95,244.15,243.9,244,28148
2026-08-21T14:15:00+05:30,244.05,244.15,243.95,244.1,20328
2026-08-21T14:20:00+05:30,244.1,244.25,243.95,244.15,42289
2026-08-21T14:25:00+05:30,244.2,244.2,243.95,244,36354
2026-08-21T14:30:00+05:30,244,244.1,243.9,243.95,74002
2026-08-21T14:35:00+05:30,243.95,244,243.85,243.85,37785
2026-08-21T14:40:00+05:30,243.85,244,243.85,243.95,38210
2026-08-21T14:45:00+05:30,243.95,243.95,243.85,243.85,50557
2026-08-21T14:50:00+05:30,243.9,243.95,243.8,243.95,83362
2026-08-21T14:55:00+05:30,244,244,243.7,243.7,284690
2026-08-21T15:00:00+05:30,243.8,243.8,243.6,243.6,115500
2026-08-21T15:05:00+05:30,243.7,243.75,243.6,243.65,190231
2026-08-21T15:10:00+05:30,243.65,243.9,243.5,243.8,333733
2026-08-24T09:15:00+05:30,244.55,245.35,243.55,244.95,391568
2026-08-24T09:20:00+05:30,244.95,245.25,244.85,245,202888
2026-08-24T09:25:00+05:30,245,245.05,244.5,244.7,189970
2026-08-24T09:30:00+05:30,244.7,244.7,244.2,244.55,154342
2026-08-24T09:35:00+05:30,244.45,244.6,244.3,244.5,73269
2026-08-24T09:40:00+05:30,244.5,244.65,244.3,244.5,76466
2026-08-24T09:45:00+05:30,244.4,244.55,244.3,244.3,55459
2026-08-24T09:50:00+05:30,244.35,244.5,244.05,244.1,83776
2026-08-24T09:55:00+05:30,244.1,244.4,244.05,244.4,86082
2026-08-24T10:00:00+05:30,244.4,244.4,244,244.2,109815
2026-08-24T10:05:00+05:30,244.1,244.2,243.95,244.05,193671
2026-08-24T10:10:00+05:30,244,244.15,243.75,244.15,136120
2026-08-24T10:15:00+05:30,244.3,244.45,244,244.2,125359
2026-08-24T10:20:00+05:30,244.3,244.35,244.1,244.1,61340
2026-08-24T10:25:00+05:30,244.25,244.25,244,244,53488
2026-08-24T10:30:00+05:30,244.1,244.2,244,244.2,34818
2026-08-24T10:35:00+05:30,244.2,244.2,244.1,244.1,44134
2026-08-24T10:40:00+05:30,244.2,244.2,243.95,244.05,63282
2026-08-24T10:45:00+05:30,244,244.1,243.95,244,37365
2026-08-24T10:50:00+05:30,244.1,244.1,243.8,243.85,49890
2026-08-24T10:55:00+05:30,243.8,243.9,243.4,243.4,214080
2026-08-24T11:00:00+05:30,243.5,243.5,243.1,243.2,109456
2026-08-24T11:05:00+05:30,243.3,243.3,242.8,242.95,163412
2026-08-24T11:10:00+05:30,242.9,242.9,242.5,242.5,136251
2026-08-24T11:15:00+05:30,242.65,242.7,242.4,242.6,78772
2026-08-24T11:20:00+05:30,242.55,242.7,242.3,242.45,87206
2026-08-24T11:25:00+05:30,242.45,242.8,242.45,242.8,52617
2026-08-24T11:30:00+05:30,242.8,242.95,242.55,242.7,74998
2026-08-24T11:35:00+05:30,242.7,242.7,242.5,242.7,78699
2026-08-24T11:40:00+05:30,242.7,242.9,242.6,242.8,38004
2026-08-24T11:45:00+05:30,242.75,243.1,242.75,243.1,80231
2026-08-24T11:50:00+05:30,243,243.35,242.8,243.1,87711
2026-08-24T11:55:00+05:30,243.1,243.2,243,243,75804
2026-08-24T12:00:00+05:30,243,243.2,242.8,243.15,107752
2026-08-24T12:05:00+05:30,243.15,243.3,243.05,243.3,35339
2026-08-24T12:10:00+05:30,243.3,243.65,243.2,243.5,95084
2026-08-24T12:15:00+05:30,243.5,243.6,243.25,243.3,76477
2026-08-24T12:20:00+05:30,243.3,243.45,243.25,243.3,91097
2026-08-24T12:25:00+05:30,243.3,243.5,243.25,243.4,22797
2026-08-24T12:30:00+05:30,243.35,243.45,243.2,243.2,42149
2026-08-24T12:35:00+05:30,243.2,243.45,243.15,243.15,36464
2026-08-24T12:40:00+05:30,243.15,243.45,243.15,243.45,35186
2026-08-24T12:45:00+05:30,243.45,243.45,243.2,243.2,30337
2026-08-24T12:50:00+05:30,243.2,243.3,243.05,243.15,47369
2026-08-24T12:55:00+05:30,243.1,243.3,243.1,243.2,28919
2026-08-24T13:00:00+05:30,243.1,243.2,243.05,243.1,28787
2026-08-24T13:05:00+05:30,243.2,243.2,242.55,242.8,149793
2026-08-24T13:10:00+05:30,242.85,242.85,242.7,242.8,43414
2026-08-24T13:15:00+05:30,242.8,242.85,242.65,242.85,33207
2026-08-24T13:20:00+05:30,242.9,243,242.8,242.9,48915
2026-08-24T13:25:00+05:30,242.9,243,242.85,243,45399
2026-08-24T13:30:00+05:30,242.95,243,242.8,242.85,56191
2026-08-24T13:35:00+05:30,242.8,242.9,242.8,242.8,22076
2026-08-24T13:40:00+05:30,242.8,243,242.8,242.9,41717
2026-08-24T13:45:00+05:30,242.9,243,242.9,242.95,48468
2026-08-24T13:50:00+05:30,242.95,243,242.8,242.8,29749
2026-08-24T13:55:00+05:30,242.9,242.95,242.75,242.75,24892
2026-08-24T14:00:00+05:30,242.75,242.9,242.65,242.65,47357
2026-08-24T14:05:00+05:30,242.65,242.8,242.5,242.6,100047
2026-08-24T14:10:00+05:30,242.6,242.8,242.4,242.4,63093
2026-08-24T14:15:00+05:30,242.4,242.5,242.3,242.4,57163
2026-08-24T14:20:00+05:30,242.4,242.65,242.3,242.4,97970
2026-08-24T14:25:00+05:30,242.35,242.5,242.3,242.5,79126
2026-08-24T14:30:00+05:30,242.5,242.75,242.4,242.7,56225
2026-08-24T14:35:00+05:30,242.55,242.8,242.55,242.55,37906
2026-08-24T14:40:00+05:30,242.7,242.7,242.45,242.5,51262
2026-08-24T14:45:00+05:30,242.5,242.6,242.35,242.55,82193
2026-08-24T14:50:00+05:30,242.5,242.65,242.45,242.6,64489
2026-08-24T14:55:00+05:30,242.6,242.75,242.55,242.6,83650
2026-08-24T15:00:00+05:30,242.6,242.85,242.6,242.85,174641
2026-08-24T15:05:00+05:30,242.85,242.85,242.55,242.85,262097
2026-08-24T15:10:00+05:30,242.85,242.9,242.6,242.6,251602
2026-08-25T09:15:00+05:30,242,242.3,241.05,242.05,547715
2026-08-25T09:20:00+05:30,242.15,242.5,241.95,242.1,458775
2026-08-25T09:25:00+05:30,242.1,242.45,242.1,242.25,168072
2026-08-25T09:30:00+05:30,242.25,242.45,242.1,242.4,127629
2026-08-25T09:35:00+05:30,242.4,242.4,241.85,241.85,180463
2026-08-25T09:40:00+05:30,241.9,241.9,241.3,241.4,166458
2026-08-25T09:45:00+05:30,241.4,241.5,241.25,241.35,91234
2026-08-25T09:50:00+05:30,241.35,241.4,241.05,241.15,136039
2026-08-25T09:55:00+05:30,241.05,241.2,240.75,240.9,226356
2026-08-25T10:00:00+05:30,240.9,241,240.4,240.95,248612
2026-08-25T10:05:00+05:30,240.95,241.05,240.6,240.7,156308
2026-08-25T10:10:00+05:30,240.6,240.95,240.6,240.75,105475
2026-08-25T10:15:00+05:30,240.75,240.85,240.65,240.75,244878
2026-08-25T10:20:00+05:30,240.75,240.95,240.6,240.7,102888
2026-08-25T10:25:00+05:30,240.6,240.75,240.55,240.65,44531
2026-08-25T10:30:00+05:30,240.7,240.7,240.5,240.65,62100
2026-08-25T10:35:00+05:30,240.65,240.85,240.45,240.65,81893
2026-08-25T10:40:00+05:30,240.65,241,240.65,240.9,62764
2026-08-25T10:45:00+05:30,241,241.15,240.85,241.1,73244
2026-08-25T10:50:00+05:30,241.1,241.3,241,241.2,72073
2026-08-25T10:55:00+05:30,241.25,241.3,241.1,241.2,60523
2026-08-25T11:00:00+05:30,241.25,241.25,241.05,241.25,54660
2026-08-25T11:05:00+05:30,241.25,241.3,241.15,241.15,26039
2026-08-25T11:10:00+05:30,241.2,241.35,241.15,241.3,127737
2026-08-25T11:15:00+05:30,241.3,241.3,241.05,241.05,59364
2026-08-25T11:20:00+05:30,241.05,241.2,241.05,241.15,29667
2026-08-25T11:25:00+05:30,241.15,241.15,240.8,240.95,159632
2026-08-25T11:30:00+05:30,241.05,241.1,240.85,241.05,32662
2026-08-25T11:35:00+05:30,241.05,241.15,241,241.05,22985
2026-08-25T11:40:00+05:30,241.05,241.2,241,241.05,25452
2026-08-25T11:45:00+05:30,241.1,241.25,241,241.1,34969
2026-08-25T11:50:00+05:30,241.1,241.3,241.05,241.25,41541
2026-08-25T11:55:00+05:30,241.3,241.5,241.2,241.25,160595
2026-08-25T12:00:00+05:30,241.25,241.35,241.2,241.3,46367
2026-08-25T12:05:00+05:30,241.3,241.3,240.95,240.95,83057
2026-08-25T12:10:00+05:30,240.95,241.15,240.9,241.05,94092
2026-08-25T12:15:00+05:30,241.05,241.15,240.95,241,38474
2026-08-25T12:20:00+05:30,241,241.1,240.9,240.9,46932
2026-08-25T12:25:00+05:30,241,241.25,240.85,241.1,47752
2026-08-25T12:30:00+05:30,241.2,242.2,241.05,242.2,586224
2026-08-25T12:35:00+05:30,242.2,242.2,241.05,241.15,271584
2026-08-25T12:40:00+05:30,241.15,241.2,240.9,240.9,47508
2026-08-25T12:45:00+05:30,241,241,240.8,240.95,47505
2026-08-25T12:50:00+05:30,241,241,240.85,241,44387
2026-08-25T12:55:00+05:30,241,241.15,240.8,240.95,123904
2026-08-25T13:00:00+05:30,240.9,241,240.45,240.7,197616
2026-08-25T13:05:00+05:30,240.7,240.7,240.45,240.65,41401
2026-08-25T13:10:00+05:30,240.65,240.75,240.5,240.5,103973
2026-08-25T13:15:00+05:30,240.5,240.75,240.4,240.65,326889
2026-08-25T13:20:00+05:30,240.75,240.75,240.4,240.45,47459
2026-08-25T13:25:00+05:30,240.45,240.5,240.4,240.45,71075
2026-08-25T13:30:00+05:30,240.45,240.55,240.4,240.5,36912
2026-08-25T13:35:00+05:30,240.45,240.65,240.4,240.6,86785
2026-08-25T13:40:00+05:30,240.65,240.7,240.45,240.5,37371
2026-08-25T13:45:00+05:30,240.5,240.75,240.5,240.6,87097
2026-08-25T13:50:00+05:30,240.7,241.15,240.6,241.05,154530
2026-08-25T13:55:00+05:30,241.1,241.15,240.6,240.8,165894
2026-08-25T14:00:00+05:30,240.8,240.85,240.5,240.7,55820
2026-08-25T14:05:00+05:30,240.65,240.8,240.55,240.75,41124
2026-08-25T14:10:00+05:30,240.75,240.8,240.5,240.55,47148
2026-08-25T14:15:00+05:30,240.55,240.65,240.4,240.6,44404
2026-08-25T14:20:00+05:30,240.6,240.6,240.55,240.6,49739
2026-08-25T14:25:00+05:30,240.6,241,240.55,240.95,109842
2026-08-25T14:30:00+05:30,240.9,241.95,240.9,241.45,347889
2026-08-25T14:35:00+05:30,241.45,241.95,241.45,241.7,118926
2026-08-25T14:40:00+05:30,241.7,242.1,241.7,242,162005
2026-08-25T14:45:00+05:30,242,242.2,242,242,158925
2026-08-25T14:50:00+05:30,242,242.45,242,242.4,167643
2026-08-25T14:55:00+05:30,242.4,242.45,242.35,242.45,142477
2026-08-25T15:00:00+05:30,242.45,242.45,242.15,242.35,255515
2026-08-25T15:05:00+05:30,242.35,242.9,242.25,242.55,354647
2026-08-25T15:10:00+05:30,242.55,242.9,242.4,242.9,422071
2026-08-26T09:15:00+05:30,244.15,244.9,243.35,244.1,650683
2026-08-26T09:20:00+05:30,243.9,244.5,243.9,244.3,215754
2026-08-26T09:25:00+05:30,244.45,244.45,244,244.1,151896
2026-08-26T09:30:00+05:30,244.1,244.15,243.8,244,105865
2026-08-26T09:35:00+05:30,244,244.2,243.75,244.2,154053
2026-08-26T09:40:00+05:30,244.2,245,244.2,244.75,229501
2026-08-26T09:45:00+05:30,244.7,244.8,244.3,244.55,97414
2026-08-26T09:50:00+05:30,244.55,244.6,244.35,244.45,66766
2026-08-26T09:55:00+05:30,244.45,244.6,244.2,244.35,104980
2026-08-26T10:00:00+05:30,244.35,244.4,244.15,244.25,92986
2026-08-26T10:05:00+05:30,244.25,244.45,243.85,243.95,90974
2026-08-26T10:10:00+05:30,244,244.35,243.75,244.05,130091
2026-08-26T10:15:00+05:30,244,244.2,243.65,243.7,85007
2026-08-26T10:20:00+05:30,243.65,243.7,243.25,243.45,132110
2026-08-26T10:25:00+05:30,243.6,244,243.4,244,107851
2026-08-26T10:30:00+05:30,244,244.25,243.85,244.2,64564
2026-08-26T10:35:00+05:30,244.15,244.2,243.65,243.75,90258
2026-08-26T10:40:00+05:30,243.75,243.75,243.2,243.45,101253
2026-08-26T10:45:00+05:30,243.4,243.6,243.25,243.55,57204
2026-08-26T10:50:00+05:30,243.6,243.6,243.25,243.5,48150
2026-08-26T10:55:00+05:30,243.5,243.75,243.4,243.6,147777
2026-08-26T11:00:00+05:30,243.6,243.6,243.3,243.35,99228
2026-08-26T11:05:00+05:30,243.35,243.5,243.2,243.5,109316
2026-08-26T11:10:00+05:30,243.4,243.6,243.3,243.4,69497
2026-08-26T11:15:00+05:30,243.35,243.5,243.15,243.2,59261
2026-08-26T11:20:00+05:30,243.25,243.45,243.2,243.35,58740
2026-08-26T11:25:00+05:30,243.3,243.45,243.15,243.2,35829
2026-08-26T11:30:00+05:30,243.25,243.25,243.1,243.25,47371
2026-08-26T11:35:00+05:30,243.25,243.4,243.15,243.2,24603
2026-08-26T11:40:00+05:30,243.25,243.4,243.15,243.4,32748
2026-08-26T11:45:00+05:30,243.35,243.45,243.2,243.2,58476
2026-08-26T11:50:00+05:30,243.35,243.4,243.15,243.15,37636
2026-08-26T11:55:00+05:30,243.1,243.2,243,243.15,68834
2026-08-26T12:00:00+05:30,243.15,243.15,242.65,242.8,115587
2026-08-26T12:05:00+05:30,242.8,242.9,242.7,242.75,30043
2026-08-26T12:10:00+05:30,242.75,242.9,242.7,242.75,29345
2026-08-26T12:15:00+05:30,242.75,242.95,242.7,242.9,33567
2026-08-26T12:20:00+05:30,242.9,243.05,242.8,242.9,60336
2026-08-26T12:25:00+05:30,242.85,243,242.8,242.85,47599
2026-08-26T12:30:00+05:30,242.85,242.9,242.5,242.65,63844
2026-08-26T12:35:00+05:30,242.65,242.75,242.55,242.55,24635
2026-08-26T12:40:00+05:30,242.55,242.7,242.5,242.65,36366
2026-08-26T12:45:00+05:30,242.55,242.75,242.3,242.4,66860
2026-08-26T12:50:00+05:30,242.4,242.5,242.35,242.4,43987
2026-08-26T12:55:00+05:30,242.4,242.6,242.4,242.5,19850
2026-08-26T13:00:00+05:30,242.5,242.5,242.35,242.35,36969
2026-08-26T13:05:00+05:30,242.4,242.65,242.35,242.45,42131
2026-08-26T13:10:00+05:30,242.35,242.45,242.25,242.35,36406
2026-08-26T13:15:00+05:30,242.3,242.35,242.05,242.35,68725
2026-08-26T13:20:00+05:30,242.3,242.35,242.1,242.2,48084
2026-08-26T13:25:00+05:30,242.2,242.35,242.05,242.3,44423
2026-08-26T13:30:00+05:30,242.3,242.4,242.15,242.4,35893
2026-08-26T13:35:00+05:30,242.35,242.5,241.85,242,255892
2026-08-26T13:40:00+05:30,242,242.25,241.95,242,109048
2026-08-26T13:45:00+05:30,242,242.05,241.85,241.9,54181
2026-08-26T13:50:00+05:30,241.9,242.05,241.8,242,122043
2026-08-26T13:55:00+05:30,241.9,242,241.8,241.95,28407
2026-08-26T14:00:00+05:30,241.9,242,241.85,242,45931
2026-08-26T14:05:00+05:30,241.9,242,241.85,241.95,33497
2026-08-26T14:10:00+05:30,241.95,242.25,241.9,242.2,26251
2026-08-26T14:15:00+05:30,242.2,242.35,242.15,242.25,26767
2026-08-26T14:20:00+05:30,242.2,242.35,242.05,242.1,39402
2026-08-26T14:25:00+05:30,242.1,242.2,242.05,242.1,32781
2026-08-26T14:30:00+05:30,242.2,242.3,242.05,242.1,64531
2026-08-26T14:35:00+05:30,242,242.2,242,242.1,29998
2026-08-26T14:40:00+05:30,242.05,242.2,242.05,242.1,37119
2026-08-26T14:45:00+05:30,242.1,242.45,242.05,242.4,62845
2026-08-26T14:50:00+05:30,242.35,242.65,242.3,242.6,204505
2026-08-26T14:55:00+05:30,242.5,242.65,242.4,242.5,146068
2026-08-26T15:00:00+05:30,242.5,242.5,242.3,242.35,165679
2026-08-26T15:05:00+05:30,242.35,242.35,242,242.1,286248
2026-08-26T15:10:00+05:30,242,242.15,241.9,242,249876
2026-08-27T09:15:00+05:30,242,242.65,241.5,241.7,472047
2026-08-27T09:20:00+05:30,241.7,241.9,241.5,241.8,170999
2026-08-27T09:25:00+05:30,241.8,241.8,241.35,241.5,140943
2026-08-27T09:30:00+05:30,241.5,241.5,241.05,241.5,133570
2026-08-27T09:35:00+05:30,241.5,241.6,241.15,241.2,81038
2026-08-27T09:40:00+05:30,241.25,241.3,241,241.25,142783
2026-08-27T09:45:00+05:30,241.25,241.4,241.15,241.3,75686
2026-08-27T09:50:00+05:30,241.3,241.3,241.05,241.2,116679
2026-08-27T09:55:00+05:30,241.15,241.15,240.65,240.75,175382
2026-08-27T10:00:00+05:30,240.75,240.75,240.5,240.7,136526
2026-08-27T10:05:00+05:30,240.7,240.7,240.25,240.4,152625
2026-08-27T10:10:00+05:30,240.4,240.6,240.25,240.5,134157
2026-08-27T10:15:00+05:30,240.5,240.7,240.1,240.15,94888
2026-08-27T10:20:00+05:30,240.15,240.15,239.8,239.9,288667
2026-08-27T10:25:00+05:30,239.9,239.95,239.55,239.8,173156
2026-08-27T10:30:00+05:30,239.85,239.95,239.7,239.9,109526
2026-08-27T10:35:00+05:30,239.9,239.9,239.55,239.85,94357
2026-08-27T10:40:00+05:30,239.85,239.85,239.55,239.6,67921
2026-08-27T10:45:00+05:30,239.65,239.65,239.45,239.6,115771
2026-08-27T10:50:00+05:30,239.55,239.6,239.25,239.4,100060
2026-08-27T10:55:00+05:30,239.35,239.45,239.2,239.45,115596
2026-08-27T11:00:00+05:30,239.45,239.55,239.1,239.55,109099
2026-08-27T11:05:00+05:30,239.55,239.7,239.55,239.65,54532
2026-08-27T11:10:00+05:30,239.65,239.7,239.4,239.4,74144
2026-08-27T11:15:00+05:30,239.4,239.4,239.1,239.15,79078
2026-08-27T11:20:00+05:30,239.15,239.25,239,239.15,116623
2026-08-27T11:25:00+05:30,239.15,239.45,239.15,239.4,86410
2026-08-27T11:30:00+05:30,239.35,239.4,239.3,239.4,40913
2026-08-27T11:35:00+05:30,239.4,239.6,239.35,239.55,48021
2026-08-27T11:40:00+05:30,239.6,239.65,239.55,239.6,44822
2026-08-27T11:45:00+05:30,239.6,239.7,239.6,239.65,53623
2026-08-27T11:50:00+05:30,239.65,239.85,239.6,239.8,60546
2026-08-27T11:55:00+05:30,239.85,239.95,239.75,239.95,66129
2026-08-27T12:00:00+05:30,239.95,240,239.75,239.9,69820
2026-08-27T12:05:00+05:30,239.85,239.9,239.2,239.25,106567
2026-08-27T12:10:00+05:30,239.25,239.55,239.15,239.45,97212
2026-08-27T12:15:00+05:30,239.5,239.6,239.3,239.3,53404
2026-08-27T12:20:00+05:30,239.4,239.45,239.2,239.25,60393
2026-08-27T12:25:00+05:30,239.3,239.45,239.25,239.4,32689
2026-08-27T12:30:00+05:30,239.4,239.6,239.3,239.5,93293
2026-08-27T12:35:00+05:30,239.55,239.95,239.5,239.9,67464
2026-08-27T12:40:00+05:30,239.9,240.45,239.8,240.2,144280
2026-08-27T12:45:00+05:30,240.2,240.25,240,240.2,89129
2026-08-27T12:50:00+05:30,240.25,240.3,240.15,240.2,62597
2026-08-27T12:55:00+05:30,240.25,240.4,240.1,240.2,99331
2026-08-27T13:00:00+05:30,240.2,240.2,240,240.05,24624
2026-08-27T13:05:00+05:30,240.05,240.05,239.6,239.85,59579
2026-08-27T13:10:00+05:30,239.85,239.9,239.7,239.8,46816
2026-08-27T13:15:00+05:30,239.8,239.9,239.65,239.8,48856
2026-08-27T13:20:00+05:30,239.8,239.8,239.65,239.65,34883
2026-08-27T13:25:00+05:30,239.65,239.7,239.5,239.55,51644
2026-08-27T13:30:00+05:30,239.55,239.55,239.4,239.55,66110
2026-08-27T13:35:00+05:30,239.55,239.55,239.35,239.45,44140
2026-08-27T13:40:00+05:30,239.5,239.5,239.35,239.4,39483
2026-08-27T13:45:00+05:30,239.35,239.4,239.1,239.25,70453
2026-08-27T13:50:00+05:30,239.25,239.3,239.15,239.3,39783
2026-08-27T13:55:00+05:30,239.25,239.3,239.1,239.15,72052
2026-08-27T14:00:00+05:30,239.15,239.2,239.1,239.15,35980
2026-08-27T14:05:00+05:30,239.15,239.2,239.05,239.2,57744
2026-08-27T14:10:00+05:30,239.15,239.4,239.15,239.2,55068
2026-08-27T14:15:00+05:30,239.2,239.3,239.15,239.25,47733
2026-08-27T14:20:00+05:30,239.25,239.3,239.15,239.3,31998
2026-08-27T14:25:00+05:30,239.3,239.45,239.2,239.45,47151
2026-08-27T14:30:00+05:30,239.5,239.5,239.1,239.35,127857
2026-08-27T14:35:00+05:30,239.35,239.45,239.2,239.35,43566
2026-08-27T14:40:00+05:30,239.35,239.35,239.15,239.25,39727
2026-08-27T14:45:00+05:30,239.2,239.5,239.2,239.5,227554
2026-08-27T14:50:00+05:30,239.5,239.5,239.25,239.4,181663
2026-08-27T14:55:00+05:30,239.45,239.5,239.2,239.25,130233
2026-08-27T15:00:00+05:30,239.2,239.3,239.05,239.1,190085
2026-08-27T15:05:00+05:30,239.05,239.15,239,239.05,295154
2026-08-27T15:10:00+05:30,239.05,239.1,238.4,238.75,406335
2026-08-28T09:15:00+05:30,238.6,238.95,238.1,238.45,412710
2026-08-28T09:20:00+05:30,238.45,238.55,237.8,238.1,382112
2026-08-28T09:25:00+05:30,238.1,238.9,238.05,238.45,194983
2026-08-28T09:30:00+05:30,238.45,238.6,238.3,238.5,96606
2026-08-28T09:35:00+05:30,238.5,238.5,238.2,238.25,103601
2026-08-28T09:40:00+05:30,238.25,238.8,238.2,238.7,60727
2026-08-28T09:45:00+05:30,238.7,238.75,238.4,238.5,98771
2026-08-28T09:50:00+05:30,238.45,238.6,238.2,238.6,90387
2026-08-28T09:55:00+05:30,238.6,238.6,238.3,238.35,57706
2026-08-28T10:00:00+05:30,238.4,238.45,238.05,238.1,139283
2026-08-28T10:05:00+05:30,238.15,238.3,237.75,238.25,215530
2026-08-28T10:10:00+05:30,238.25,238.6,238.2,238.6,45603
2026-08-28T10:15:00+05:30,238.6,238.75,238.45,238.6,113664
2026-08-28T10:20:00+05:30,238.55,238.6,238.4,238.45,57641
2026-08-28T10:25:00+05:30,238.5,238.75,238.4,238.7,81197
2026-08-28T10:30:00+05:30,238.7,238.7,238.4,238.5,42860
2026-08-28T10:35:00+05:30,238.55,238.6,238.25,238.6,67772
2026-08-28T10:40:00+05:30,238.6,238.65,238.4,238.45,81410
2026-08-28T10:45:00+05:30,238.45,238.75,238.4,238.7,47697
2026-08-28T10:50:00+05:30,238.75,239.7,238.7,239,381099
2026-08-28T10:55:00+05:30,239,239.25,238.9,239.15,61695
2026-08-28T11:00:00+05:30,239.1,239.1,238.75,239.05,175558
2026-08-28T11:05:00+05:30,239.05,239.1,238.6,238.65,80874
2026-08-28T11:10:00+05:30,238.65,239.3,238.6,239.2,86239
2026-08-28T11:15:00+05:30,239.35,240,239.15,239.4,310052
2026-08-28T11:20:00+05:30,239.35,239.4,239,239,74293
2026-08-28T11:25:00+05:30,239.1,239.15,238.6,238.65,98128
2026-08-28T11:30:00+05:30,238.6,238.85,238.5,238.55,108790
2026-08-28T11:35:00+05:30,238.55,238.55,238.2,238.45,87523
2026-08-28T11:40:00+05:30,238.5,238.6,238.4,238.5,43548
2026-08-28T11:45:00+05:30,238.5,238.6,238.35,238.5,40236
2026-08-28T11:50:00+05:30,238.5,238.6,238.25,238.25,74163
2026-08-28T11:55:00+05:30,238.25,238.35,238,238.1,93048
2026-08-28T12:00:00+05:30,238.1,238.3,238.05,238.3,36659
2026-08-28T12:05:00+05:30,238.2,238.35,238.05,238.1,41606
2026-08-28T12:10:00+05:30,238.1,238.1,237.65,237.9,193465
2026-08-28T12:15:00+05:30,237.9,237.95,237.75,237.75,48923
2026-08-28T12:20:00+05:30,237.75,237.95,237.75,237.85,44257
2026-08-28T12:25:00+05:30,237.85,238,237.8,238,31421
2026-08-28T12:30:00+05:30,238,238.1,237.9,237.95,36067
2026-08-28T12:35:00+05:30,237.95,238.05,237.95,238,27147
2026-08-28T12:40:00+05:30,238,238.15,238,238,36694
2026-08-28T12:45:00+05:30,238,238.2,238,238.05,35159
2026-08-28T12:50:00+05:30,238.1,238.1,238,238,29465
2026-08-28T12:55:00+05:30,238,238.05,237.8,237.9,74017
2026-08-28T13:00:00+05:30,237.9,237.9,237.7,237.75,90479
2026-08-28T13:05:00+05:30,237.75,237.8,237.6,237.7,92548
2026-08-28T13:10:00+05:30,237.75,237.8,237.7,237.75,32408
2026-08-28T13:15:00+05:30,237.8,237.8,237.6,237.65,46990
2026-08-28T13:20:00+05:30,237.65,237.95,237.6,237.95,42903
2026-08-28T13:25:00+05:30,237.95,238.1,237.8,237.8,77778
2026-08-28T13:30:00+05:30,237.8,238.05,237.8,238,43281
2026-08-28T13:35:00+05:30,238.05,238.2,237.9,238.1,76068
2026-08-28T13:40:00+05:30,238.1,238.2,238,238.1,43528
2026-08-28T13:45:00+05:30,238.1,238.2,237.75,238.1,81404
2026-08-28T13:50:00+05:30,238.1,238.1,237.8,237.8,30096
2026-08-28T13:55:00+05:30,237.9,237.95,237.8,237.9,23178
2026-08-28T14:00:00+05:30,237.9,237.95,237.8,237.9,32786
2026-08-28T14:05:00+05:30,237.95,237.95,237.75,237.85,57622
2026-08-28T14:10:00+05:30,237.8,238,237.8,237.95,14759
2026-08-28T14:15:00+05:30,237.95,238,237.8,238,42621
2026-08-28T14:20:00+05:30,237.95,238.05,237.8,237.95,43585
2026-08-28T14:25:00+05:30,237.95,238.05,237.85,237.95,32162
2026-08-28T14:30:00+05:30,237.95,238,237.85,237.9,33541
2026-08-28T14:35:00+05:30,237.95,238.05,237.8,237.9,86646
2026-08-28T14:40:00+05:30,237.85,237.95,237.75,237.8,68138
2026-08-28T14:45:00+05:30,237.9,238.1,237.8,238.1,105973
2026-08-28T14:50:00+05:30,238.1,238.55,238.1,238.45,274050
2026-08-28T14:55:00+05:30,238.45,238.45,238.2,238.2,96682
2026-08-28T15:00:00+05:30,238.3,238.3,237.8,237.85,220649
2026-08-28T15:05:00+05:30,237.95,238.15,237.85,238.15,177366
2026-08-28T15:10:00+05:30,238.15,238.4,237.95,238,271624
2026-08-31T09:15:00+05:30,238,238,235.5,236,769368
2026-08-31T09:20:00+05:30,236,237.1,235.9,236.85,368198
2026-08-31T09:25:00+05:30,236.85,236.85,236,236,338280
2026-08-31T09:30:00+05:30,236,236.6,236,236.35,200966
2026-08-31T09:35:00+05:30,236.35,236.6,236.25,236.3,178113
2026-08-31T09:40:00+05:30,236.3,236.5,236.1,236.3,113202
2026-08-31T09:45:00+05:30,236.3,236.6,236.1,236.4,146293
2026-08-31T09:50:00+05:30,236.4,236.65,236.3,236.5,124939
2026-08-31T09:55:00+05:30,236.5,236.6,236.15,236.6,120842
2026-08-31T10:00:00+05:30,236.6,236.95,236.6,236.9,166456
2026-08-31T10:05:00+05:30,236.9,237.8,236.8,237.5,271023
2026-08-31T10:10:00+05:30,237.45,237.5,237,237.1,80246
2026-08-31T10:15:00+05:30,237,237.15,236.9,236.95,75488
2026-08-31T10:20:00+05:30,236.95,237.05,236.7,236.9,83626
2026-08-31T10:25:00+05:30,236.8,237.15,236.75,237.15,75670
2026-08-31T10:30:00+05:30,237.1,237.1,236.5,236.65,135842
2026-08-31T10:35:00+05:30,236.55,236.65,236.45,236.55,58352
2026-08-31T10:40:00+05:30,236.5,236.8,236.15,236.8,189536
2026-08-31T10:45:00+05:30,236.55,236.85,236.5,236.75,65776
2026-08-31T10:50:00+05:30,236.75,236.8,236.5,236.8,52558
2026-08-31T10:55:00+05:30,236.7,236.8,236.55,236.6,50352
2026-08-31T11:00:00+05:30,236.7,236.7,236.5,236.65,52502
2026-08-31T11:05:00+05:30,236.65,236.8,236.3,236.45,91262
2026-08-31T11:10:00+05:30,236.4,236.6,236.3,236.5,34046
2026-08-31T11:15:00+05:30,236.5,236.75,236.5,236.65,37843
2026-08-31T11:20:00+05:30,236.7,236.85,236.55,236.85,29654
2026-08-31T11:25:00+05:30,236.85,236.85,236.55,236.7,54622
2026-08-31T11:30:00+05:30,236.65,237.1,236.6,236.85,78300
2026-08-31T11:35:00+05:30,236.95,237.25,236.75,237,90702
2026-08-31T11:40:00+05:30,237.05,237.25,236.95,236.95,107843
2026-08-31T11:45:00+05:30,237,237.15,236.8,237.1,47890
2026-08-31T11:50:00+05:30,237.15,237.95,237.05,237.85,94753
2026-08-31T11:55:00+05:30,237.85,237.85,237.3,237.45,108203
2026-08-31T12:00:00+05:30,237.5,237.65,237.25,237.55,59614
2026-08-31T12:05:00+05:30,237.65,237.65,237.25,237.45,94949
2026-08-31T12:10:00+05:30,237.5,237.6,237.35,237.4,46370
2026-08-31T12:15:00+05:30,237.45,237.6,237.3,237.5,46197
2026-08-31T12:20:00+05:30,237.6,237.65,237.3,237.3,59258
2026-08-31T12:25:00+05:30,237.45,237.45,237.15,237.3,56137
2026-08-31T12:30:00+05:30,237.3,237.4,237.1,237.25,38340
2026-08-31T12:35:00+05:30,237.25,237.5,237.15,237.25,68663
2026-08-31T12:40:00+05:30,237.25,237.3,237.1,237.25,39081
2026-08-31T12:45:00+05:30,237.25,237.25,237.05,237.1,25848
2026-08-31T12:50:00+05:30,237.1,237.1,236.65,236.8,98199
2026-08-31T12:55:00+05:30,236.8,237,236.6,236.7,110826
2026-08-31T13:00:00+05:30,236.7,237.2,236.7,237.2,36212
2026-08-31T13:05:00+05:30,237.2,237.3,237.1,237.25,41118
2026-08-31T13:10:00+05:30,237.25,237.75,237.2,237.65,82250
2026-08-31T13:15:00+05:30,237.75,238.5,237.7,237.8,234942
2026-08-31T13:20:00+05:30,237.8,238.4,237.8,238.4,149914
2026-08-31T13:25:00+05:30,238.4,238.75,237.9,238.15,192967
2026-08-31T13:30:00+05:30,238.2,238.5,238.1,238.45,65840
2026-08-31T13:35:00+05:30,238.5,238.9,237.9,238.3,240464
2026-08-31T13:40:00+05:30,238.45,238.7,238.25,238.4,133277
2026-08-31T13:45:00+05:30,238.45,238.6,238.25,238.55,90330
2026-08-31T13:50:00+05:30,238.55,238.7,238.25,238.4,76171
2026-08-31T13:55:00+05:30,238.35,238.35,237.9,237.9,107674
2026-08-31T14:00:00+05:30,237.95,238.15,237.9,237.95,64032
2026-08-31T14:05:00+05:30,238,238.05,237.6,237.6,98752
2026-08-31T14:10:00+05:30,237.6,237.65,237.5,237.55,52157
2026-08-31T14:15:00+05:30,237.55,237.7,237.5,237.55,47957
2026-08-31T14:20:00+05:30,237.6,237.65,237.35,237.35,36218
2026-08-31T14:25:00+05:30,237.4,237.6,237.3,237.6,77688
2026-08-31T14:30:00+05:30,237.6,237.95,237.5,237.8,88767
2026-08-31T14:35:00+05:30,237.75,237.85,237.55,237.7,84781
2026-08-31T14:40:00+05:30,237.65,237.95,237.5,237.9,128293
2026-08-31T14:45:00+05:30,237.9,238.8,237.9,238.35,198922
2026-08-31T14:50:00+05:30,238.35,238.65,238,238.05,235066
2026-08-31T14:55:00+05:30,238.05,238.1,237.4,237.4,199607
2026-08-31T15:00:00+05:30,237.45,237.55,237.1,237.15,400518
2026-08-31T15:05:00+05:30,237.15,237.7,236.75,237.7,640136
2026-08-31T15:10:00+05:30,237.7,238,237.2,237.95,414363
2026-09-01T09:15:00+05:30,240,240.01,237.6,238.16,589972
2026-09-01T09:20:00+05:30,238.16,238.65,238.04,238.5,267037
2026-09-01T09:25:00+05:30,238.52,238.85,238.46,238.68,198530
2026-09-01T09:30:00+05:30,238.75,238.95,238.5,238.76,107785
2026-09-01T09:35:00+05:30,238.73,238.74,238.2,238.23,111398
2026-09-01T09:40:00+05:30,238.22,238.22,237.78,237.82,155340
2026-09-01T09:45:00+05:30,237.82,237.9,237.61,237.68,160306
2026-09-01T09:50:00+05:30,237.71,237.83,237.41,237.41,236665
2026-09-01T09:55:00+05:30,237.47,237.6,237.21,237.28,174016
2026-09-01T10:00:00+05:30,237.28,237.5,237.16,237.45,134942
2026-09-01T10:05:00+05:30,237.5,237.55,237.31,237.45,107502
2026-09-01T10:10:00+05:30,237.48,237.72,237.46,237.62,101422
2026-09-01T10:15:00+05:30,237.62,238.07,237.6,238.05,108949
2026-09-01T10:20:00+05:30,238.01,238.05,237.78,237.99,122079
2026-09-01T10:25:00+05:30,237.99,238.19,237.85,238.1,51949
2026-09-01T10:30:00+05:30,238.1,238.3,238.06,238.15,58354
2026-09-01T10:35:00+05:30,238.13,238.25,238.04,238.18,102652
2026-09-01T10:40:00+05:30,238.18,238.2,237.81,238.05,100488
2026-09-01T10:45:00+05:30,238.06,238.18,237.81,238.16,52194
2026-09-01T10:50:00+05:30,238.16,238.45,238.03,238.45,62152
2026-09-01T10:55:00+05:30,238.45,238.48,238.19,238.26,118643
2026-09-01T11:00:00+05:30,238.35,238.39,238.05,238.11,48114
2026-09-01T11:05:00+05:30,238.08,238.62,238,238.54,117751
2026-09-01T11:10:00+05:30,238.5,238.74,238.43,238.65,119991
2026-09-01T11:15:00+05:30,238.62,238.79,238.62,238.75,80100
2026-09-01T11:20:00+05:30,238.75,238.8,238.64,238.66,59407
2026-09-01T11:25:00+05:30,238.7,238.8,238.61,238.71,38059
2026-09-01T11:30:00+05:30,238.71,238.9,238.61,238.66,65440
2026-09-01T11:35:00+05:30,238.66,238.7,238.5,238.5,40409
2026-09-01T11:40:00+05:30,238.53,238.73,238.22,238.29,142036
2026-09-01T11:45:00+05:30,238.3,238.34,238.1,238.16,67499
2026-09-01T11:50:00+05:30,238.16,238.16,237.8,238,110819
2026-09-01T11:55:00+05:30,238.03,238.06,237.91,237.96,29795
2026-09-01T12:00:00+05:30,237.97,237.97,237.65,237.77,61176
2026-09-01T12:05:00+05:30,237.77,237.88,237.66,237.83,54677
2026-09-01T12:10:00+05:30,237.83,237.98,237.83,237.93,36427
2026-09-01T12:15:00+05:30,237.93,237.96,237.85,237.86,46555
2026-09-01T12:20:00+05:30,237.86,237.95,237.54,237.6,91927
2026-09-01T12:25:00+05:30,237.6,237.76,237.4,237.7,83535
2026-09-01T12:30:00+05:30,237.7,237.88,237.65,237.72,48089
2026-09-01T12:35:00+05:30,237.72,237.99,237.7,237.85,58198
2026-09-01T12:40:00+05:30,237.85,237.93,237.8,237.93,21978
2026-09-01T12:45:00+05:30,237.93,237.95,237.6,237.7,80968
2026-09-01T12:50:00+05:30,237.7,237.71,237.6,237.62,48920
2026-09-01T12:55:00+05:30,237.63,237.66,237.5,237.6,61272
2026-09-01T13:00:00+05:30,237.6,237.6,237.44,237.54,54770
2026-09-01T13:05:00+05:30,237.54,237.54,237.31,237.44,94393
2026-09-01T13:10:00+05:30,237.44,237.47,237.11,237.27,129401
2026-09-01T13:15:00+05:30,237.22,237.23,237.01,237.16,99727
2026-09-01T13:20:00+05:30,237.21,237.26,237.1,237.21,74111
2026-09-01T13:25:00+05:30,237.16,237.37,237.03,237.24,182920
2026-09-01T13:30:00+05:30,237.25,237.41,237,237.06,119253
2026-09-01T13:35:00+05:30,237.06,237.13,236.66,236.74,272683
2026-09-01T13:40:00+05:30,236.74,236.78,236.06,236.16,282558
2026-09-01T13:45:00+05:30,236.21,236.31,236.1,236.24,130335
2026-09-01T13:50:00+05:30,236.23,236.23,235.65,235.89,382424
2026-09-01T13:55:00+05:30,235.89,236.03,235.81,235.88,113588
2026-09-01T14:00:00+05:30,235.9,235.97,235.19,235.29,339994
2026-09-01T14:05:00+05:30,235.29,235.58,235.1,235.2,174456
2026-09-01T14:10:00+05:30,235.21,235.55,235.15,235.35,268862
2026-09-01T14:15:00+05:30,235.27,235.37,235.01,235.15,280024
2026-09-01T14:20:00+05:30,235.2,235.29,235.07,235.29,94655
2026-09-01T14:25:00+05:30,235.29,235.8,235.21,235.8,189104
2026-09-01T14:30:00+05:30,235.8,235.8,235.4,235.65,146550
2026-09-01T14:35:00+05:30,235.65,235.66,235.3,235.39,134366
2026-09-01T14:40:00+05:30,235.39,235.61,235.3,235.44,105723
2026-09-01T14:45:00+05:30,235.4,235.71,235.23,235.39,182061
2026-09-01T14:50:00+05:30,235.39,235.87,235.38,235.8,241805
2026-09-01T14:55:00+05:30,235.8,236.14,235.8,236.06,185732
2026-09-01T15:00:00+05:30,235.92,236.13,235.8,235.84,303045
2026-09-01T15:05:00+05:30,235.95,235.95,235.7,235.77,303871
2026-09-01T15:10:00+05:30,235.76,235.8,235.34,235.6,394310
2026-09-02T09:15:00+05:30,234,234.45,232.4,233.4,955379
2026-09-02T09:20:00+05:30,233.4,233.4,232.3,232.55,581375
2026-09-02T09:25:00+05:30,232.55,233.4,232.55,233.31,392301
2026-09-02T09:30:00+05:30,233.31,233.8,232.9,233.76,325809
2026-09-02T09:35:00+05:30,233.76,234.29,233.7,233.81,224650
2026-09-02T09:40:00+05:30,233.76,234.6,233.76,234.45,185521
2026-09-02T09:45:00+05:30,234.44,234.47,233.9,234.29,281430
2026-09-02T09:50:00+05:30,234.19,234.37,233.9,233.98,155155
2026-09-02T09:55:00+05:30,233.98,234.43,233.85,234.29,223288
2026-09-02T10:00:00+05:30,234.25,234.85,234.14,234.75,248500
2026-09-02T10:05:00+05:30,234.8,235.49,234.8,235.28,327300
2026-09-02T10:10:00+05:30,235.08,236.02,235,235.7,341604
2026-09-02T10:15:00+05:30,235.7,235.73,235.32,235.64,121640
2026-09-02T10:20:00+05:30,235.53,236.6,235.51,236.46,260847
2026-09-02T10:25:00+05:30,236.5,236.5,235.96,236.44,202120
2026-09-02T10:30:00+05:30,236.44,237.21,236.4,236.74,384180
2026-09-02T10:35:00+05:30,236.73,236.74,236.34,236.35,147984
2026-09-02T10:40:00+05:30,236.35,237.4,236.29,236.87,333770
2026-09-02T10:45:00+05:30,236.88,237.26,236.8,236.97,287894
2026-09-02T10:50:00+05:30,236.96,237.08,236.1,236.37,294516
2026-09-02T10:55:00+05:30,236.37,236.57,236.11,236.29,130366
2026-09-02T11:00:00+05:30,236.29,236.47,236,236.05,149922
2026-09-02T11:05:00+05:30,236.05,236.35,235.86,236,115713
2026-09-02T11:10:00+05:30,236,236.31,235.91,236.27,92504
2026-09-02T11:15:00+05:30,236.2,236.46,236.07,236.42,209151
2026-09-02T11:20:00+05:30,236.42,236.5,236.14,236.25,76453
2026-09-02T11:25:00+05:30,236.25,236.25,235.9,235.95,110735
2026-09-02T11:30:00+05:30,235.85,235.9,235.4,235.79,140917
2026-09-02T11:35:00+05:30,235.77,235.85,235.41,235.77,110016
2026-09-02T11:40:00+05:30,235.77,235.79,235.43,235.6,107923
2026-09-02T11:45:00+05:30,235.55,235.87,235.51,235.75,169809
2026-09-02T11:50:00+05:30,235.91,236.06,235.77,236.05,96573
2026-09-02T11:55:00+05:30,236.06,236.26,235.8,235.81,98679
2026-09-02T12:00:00+05:30,235.86,235.9,235.33,235.41,76415
2026-09-02T12:05:00+05:30,235.39,235.45,235.25,235.31,171555
2026-09-02T12:10:00+05:30,235.31,235.96,235.26,235.77,151642
2026-09-02T12:15:00+05:30,235.83,235.91,235.5,235.52,107403
2026-09-02T12:20:00+05:30,235.56,235.56,235.3,235.31,68870
2026-09-02T12:25:00+05:30,235.34,235.76,235.3,235.58,78284
2026-09-02T12:30:00+05:30,235.61,235.93,235.49,235.66,102424
2026-09-02T12:35:00+05:30,235.62,236.46,235.62,236.34,196907
2026-09-02T12:40:00+05:30,236.34,236.67,236.34,236.4,179025
2026-09-02T12:45:00+05:30,236.4,236.43,236.01,236.3,92629
2026-09-02T12:50:00+05:30,236.3,236.4,236.22,236.3,70113
2026-09-02T12:55:00+05:30,236.3,236.58,236.16,236.58,113333
2026-09-02T13:00:00+05:30,236.58,236.7,236.38,236.47,95232
2026-09-02T13:05:00+05:30,236.47,236.57,236.25,236.31,112463
2026-09-02T13:10:00+05:30,236.31,236.76,236.3,236.64,105047
2026-09-02T13:15:00+05:30,236.64,236.72,236.45,236.69,127452
2026-09-02T13:20:00+05:30,236.74,236.84,236.53,236.61,92753
2026-09-02T13:25:00+05:30,236.62,236.74,236.57,236.62,56973
2026-09-02T13:30:00+05:30,236.58,236.69,236.32,236.69,89217
2026-09-02T13:35:00+05:30,236.69,237.1,236.51,236.64,234227
2026-09-02T13:40:00+05:30,236.73,236.8,236.4,236.48,115990
2026-09-02T13:45:00+05:30,236.48,236.62,236.1,236.25,383619
2026-09-02T13:50:00+05:30,236.27,236.55,236.15,236.48,245287
2026-09-02T13:55:00+05:30,236.49,236.65,236.47,236.56,81721
2026-09-02T14:00:00+05:30,236.61,236.74,236.2,236.21,91718
2026-09-02T14:05:00+05:30,236.21,236.97,236.18,236.48,446595
2026-09-02T14:10:00+05:30,236.55,236.59,235.73,235.8,289411
2026-09-02T14:15:00+05:30,235.8,235.8,235.51,235.74,164073
2026-09-02T14:20:00+05:30,235.68,236,235.46,235.81,147505
2026-09-02T14:25:00+05:30,235.82,236.18,235.77,236.1,95743
2026-09-02T14:30:00+05:30,236.11,236.4,236.04,236.15,149013
2026-09-02T14:35:00+05:30,236.15,236.38,236.15,236.27,97073
2026-09-02T14:40:00+05:30,236.28,236.37,235.7,235.74,282153
2026-09-02T14:45:00+05:30,235.74,236.04,235.74,235.99,111746
2026-09-02T14:50:00+05:30,236,236,235.8,235.83,121191
2026-09-02T14:55:00+05:30,235.88,235.88,235.4,235.65,485489
2026-09-02T15:00:00+05:30,235.69,235.7,235.26,235.41,742450
2026-09-02T15:05:00+05:30,235.48,235.78,235.19,235.76,576901
2026-09-02T15:10:00+05:30,235.72,236,235.34,235.99,711685
2026-09-03T09:15:00+05:30,236.9,238.09,236.9,237.38,415943
2026-09-03T09:20:00+05:30,237.5,237.6,236.64,236.7,181952
2026-09-03T09:25:00+05:30,236.54,237.37,236.4,237.36,239831
2026-09-03T09:30:00+05:30,237.36,237.75,237.29,237.35,287029
2026-09-03T09:35:00+05:30,237.36,237.7,237.31,237.46,147652
2026-09-03T09:40:00+05:30,237.59,237.7,237.4,237.63,100058
2026-09-03T09:45:00+05:30,237.7,237.9,237.66,237.81,205711
2026-09-03T09:50:00+05:30,237.85,238.39,237.7,238.21,311474
2026-09-03T09:55:00+05:30,238.21,238.45,237.91,237.98,175939
2026-09-03T10:00:00+05:30,237.97,238,237.69,237.74,93744
2026-09-03T10:05:00+05:30,237.74,237.75,237.4,237.69,141869
2026-09-03T10:10:00+05:30,237.69,237.72,237.49,237.54,160319
2026-09-03T10:15:00+05:30,237.54,237.6,237.3,237.54,112460
2026-09-03T10:20:00+05:30,237.54,237.73,237.5,237.57,92563
2026-09-03T10:25:00+05:30,237.57,237.57,237.39,237.39,48849
2026-09-03T10:30:00+05:30,237.39,237.5,237.31,237.38,92801
2026-09-03T10:35:00+05:30,237.38,237.4,237.11,237.23,98823
2026-09-03T10:40:00+05:30,237.23,237.26,236.87,237.06,218405
2026-09-03T10:45:00+05:30,237.07,237.57,237.06,237.52,126799
2026-09-03T10:50:00+05:30,237.55,237.68,237.24,237.32,174404
2026-09-03T10:55:00+05:30,237.32,237.7,237.2,237.6,88733
2026-09-03T11:00:00+05:30,237.6,237.71,237.5,237.5,78683
2026-09-03T11:05:00+05:30,237.53,237.65,237.04,237.16,172057
2026-09-03T11:10:00+05:30,237.07,237.34,237.04,237.07,53176
2026-09-03T11:15:00+05:30,237.14,237.53,237.07,237.5,65307
2026-09-03T11:20:00+05:30,237.5,237.9,237.44,237.9,94849
2026-09-03T11:25:00+05:30,237.9,238.1,237.75,238.03,116732
2026-09-03T11:30:00+05:30,238.1,240.48,238,239.45,772430
2026-09-03T11:35:00+05:30,239.51,239.68,238.81,238.83,205709
2026-09-03T11:40:00+05:30,238.86,238.98,238.51,238.88,87036
2026-09-03T11:45:00+05:30,238.88,238.94,238.34,238.59,137501
2026-09-03T11:50:00+05:30,238.59,238.68,238.4,238.41,67922
2026-09-03T11:55:00+05:30,238.41,238.6,238.25,238.51,51514
2026-09-03T12:00:00+05:30,238.5,238.84,238.2,238.5,138843
2026-09-03T12:05:00+05:30,238.52,238.6,238.2,238.21,108251
2026-09-03T12:10:00+05:30,238.2,238.47,238.2,238.37,85081
2026-09-03T12:15:00+05:30,238.33,238.39,238.08,238.23,101283
2026-09-03T12:20:00+05:30,238.23,238.32,237.83,237.85,106350
2026-09-03T12:25:00+05:30,237.85,238.16,237.8,238.14,76519
2026-09-03T12:30:00+05:30,238.14,238.33,238.06,238.1,83558
2026-09-03T12:35:00+05:30,238.1,238.3,237.95,238.28,70600
2026-09-03T12:40:00+05:30,238.28,238.28,238.07,238.27,74640
2026-09-03T12:45:00+05:30,238.27,238.29,238.12,238.12,33612
2026-09-03T12:50:00+05:30,238.18,238.33,238.11,238.19,58447
2026-09-03T12:55:00+05:30,238.2,238.9,238.1,238.55,250894
2026-09-03T13:00:00+05:30,238.6,238.69,238.37,238.53,37538
2026-09-03T13:05:00+05:30,238.52,238.63,238.16,238.35,107810
2026-09-03T13:10:00+05:30,238.35,238.5,238.26,238.26,35541
2026-09-03T13:15:00+05:30,238.31,238.39,238.25,238.3,38028
2026-09-03T13:20:00+05:30,238.35,238.41,238.1,238.13,42843
2026-09-03T13:25:00+05:30,238.13,238.16,237.9,238.1,63417
2026-09-03T13:30:00+05:30,238.1,238.25,237.95,238.21,51926
2026-09-03T13:35:00+05:30,238.21,238.25,237.81,237.84,33824
2026-09-03T13:40:00+05:30,237.84,237.99,237.8,237.82,70798
2026-09-03T13:45:00+05:30,237.82,238,237.8,237.97,63635
2026-09-03T13:50:00+05:30,237.97,238.08,237.7,237.74,52536
2026-09-03T13:55:00+05:30,237.75,238,237.72,237.9,57339
2026-09-03T14:00:00+05:30,237.9,237.94,237.59,237.75,87310
2026-09-03T14:05:00+05:30,237.75,237.86,237.7,237.74,46786
2026-09-03T14:10:00+05:30,237.73,238,237.73,237.96,61905
2026-09-03T14:15:00+05:30,238,238,237.8,237.88,50473
2026-09-03T14:20:00+05:30,237.9,238.06,237.81,237.9,71334
2026-09-03T14:25:00+05:30,237.9,238.15,237.9,238.02,48310
2026-09-03T14:30:00+05:30,238.01,238.13,238.01,238.05,70525
2026-09-03T14:35:00+05:30,238.05,238.16,237.82,237.82,88234
2026-09-03T14:40:00+05:30,237.85,237.89,237.75,237.87,70003
2026-09-03T14:45:00+05:30,237.81,237.89,237.46,237.64,164797
2026-09-03T14:50:00+05:30,237.64,237.75,237.45,237.5,85313
2026-09-03T14:55:00+05:30,237.5,237.52,237.21,237.31,149669
2026-09-03T15:00:00+05:30,237.23,237.42,237.15,237.27,164576
2026-09-03T15:05:00+05:30,237.27,237.35,237.15,237.27,151409
2026-09-03T15:10:00+05:30,237.32,237.98,237.25,237.95,475190
2026-09-04T09:15:00+05:30,237.8,239.67,237.8,239.22,342026
2026-09-04T09:20:00+05:30,239.33,239.33,238.7,239.27,262380
2026-09-04T09:25:00+05:30,239.28,239.55,239.1,239.39,257346
2026-09-04T09:30:00+05:30,239.39,239.5,239.05,239.28,121977
2026-09-04T09:35:00+05:30,239.24,239.34,239.08,239.34,126833
2026-09-04T09:40:00+05:30,239.17,239.85,239.06,239.65,176844
2026-09-04T09:45:00+05:30,239.68,240.19,239.51,239.74,272086
2026-09-04T09:50:00+05:30,239.75,240.48,239.75,240.37,622331
2026-09-04T09:55:00+05:30,240.43,240.48,239.5,239.57,382182
2026-09-04T10:00:00+05:30,239.61,239.61,238.82,239.12,238024
2026-09-04T10:05:00+05:30,239.12,239.3,239.05,239.14,103347
2026-09-04T10:10:00+05:30,239.14,239.17,238.56,238.77,172737
2026-09-04T10:15:00+05:30,238.77,239.3,238.66,239.2,137767
2026-09-04T10:20:00+05:30,239.2,239.46,239.17,239.35,81853
2026-09-04T10:25:00+05:30,239.36,239.7,239.3,239.39,103181
2026-09-04T10:30:00+05:30,239.35,239.6,239.11,239.16,103663
2026-09-04T10:35:00+05:30,239.14,239.14,238.88,238.96,101518
2026-09-04T10:40:00+05:30,238.96,238.96,238.65,238.75,104661
2026-09-04T10:45:00+05:30,238.7,238.95,238.61,238.75,117410
2026-09-04T10:50:00+05:30,238.7,238.8,238.26,238.46,213739
2026-09-04T10:55:00+05:30,238.46,238.57,238.4,238.53,77234
2026-09-04T11:00:00+05:30,238.53,238.75,238.51,238.75,72955
2026-09-04T11:05:00+05:30,238.75,238.8,238.61,238.74,50473
2026-09-04T11:10:00+05:30,238.74,238.82,238.55,238.6,55224
2026-09-04T11:15:00+05:30,238.6,238.92,238.6,238.9,101036
2026-09-04T11:20:00+05:30,238.9,239.03,238.88,238.93,60089
2026-09-04T11:25:00+05:30,238.93,239.05,238.85,238.92,62186
2026-09-04T11:30:00+05:30,238.93,239.44,238.9,239.25,85521
2026-09-04T11:35:00+05:30,239.25,239.4,239.12,239.28,52215
2026-09-04T11:40:00+05:30,239.26,239.26,239,239.14,38807
2026-09-04T11:45:00+05:30,239.14,239.32,239.07,239.17,55909
2026-09-04T11:50:00+05:30,239.18,239.38,239.16,239.28,72864
2026-09-04T11:55:00+05:30,239.28,239.39,239.24,239.25,38304
2026-09-04T12:00:00+05:30,239.25,239.26,239.19,239.25,214971
2026-09-04T12:05:00+05:30,239.25,239.26,238.8,238.93,135380
2026-09-04T12:10:00+05:30,238.93,238.93,238.63,238.7,71793
2026-09-04T12:15:00+05:30,238.7,238.95,238.57,238.77,78856
2026-09-04T12:20:00+05:30,238.85,238.9,238.41,238.52,59154
2026-09-04T12:25:00+05:30,238.52,238.65,238.51,238.6,31439
2026-09-04T12:30:00+05:30,238.6,238.63,238.45,238.63,60490
2026-09-04T12:35:00+05:30,238.58,238.77,238.58,238.63,47607
2026-09-04T12:40:00+05:30,238.63,238.64,238.5,238.51,43667
2026-09-04T12:45:00+05:30,238.51,238.67,238.5,238.56,35515
2026-09-04T12:50:00+05:30,238.56,238.63,238.45,238.46,39517
2026-09-04T12:55:00+05:30,238.45,238.46,238.26,238.38,57887
2026-09-04T13:00:00+05:30,238.38,238.4,238.29,238.3,52921
2026-09-04T13:05:00+05:30,238.37,238.49,238.29,238.44,58161
2026-09-04T13:10:00+05:30,238.44,238.6,238.4,238.48,31290
2026-09-04T13:15:00+05:30,238.48,238.84,238.46,238.84,68269
2026-09-04T13:20:00+05:30,238.76,238.9,238.59,238.75,47611
2026-09-04T13:25:00+05:30,238.72,238.8,238.31,238.63,324286
2026-09-04T13:30:00+05:30,238.83,238.9,238.63,238.83,71902
2026-09-04T13:35:00+05:30,238.83,238.88,238.7,238.8,32092
2026-09-04T13:40:00+05:30,238.8,238.89,238.71,238.81,67782
2026-09-04T13:45:00+05:30,238.82,239.3,238.81,239.09,221295
2026-09-04T13:50:00+05:30,239.09,239.2,239.01,239.06,105561
2026-09-04T13:55:00+05:30,239.13,239.22,239.04,239.15,57509
2026-09-04T14:00:00+05:30,239.17,239.55,239.15,239.43,140689
2026-09-04T14:05:00+05:30,239.5,239.58,239.37,239.5,145173
2026-09-04T14:10:00+05:30,239.47,240.63,239.45,240.24,1505619
2026-09-04T14:15:00+05:30,240.25,240.38,239.92,240.3,212984
2026-09-04T14:20:00+05:30,240.24,240.35,240.05,240.11,118823
2026-09-04T14:25:00+05:30,240.11,240.26,240.05,240.09,175789
2026-09-04T14:30:00+05:30,240.1,240.11,239.9,240.01,200390
2026-09-04T14:35:00+05:30,240,240.04,239.8,239.92,280508
2026-09-04T14:40:00+05:30,239.93,240.06,239.65,239.67,179445
2026-09-04T14:45:00+05:30,239.65,239.75,239.6,239.67,155389
2026-09-04T14:50:00+05:30,239.68,239.76,239.21,239.41,307665
2026-09-04T14:55:00+05:30,239.46,239.57,239.26,239.54,173651
2026-09-04T15:00:00+05:30,239.54,240,239.45,239.82,450446
2026-09-04T15:05:00+05:30,239.82,240.18,239.81,240.1,361657
2026-09-04T15:10:00+05:30,240.1,240.1,239.62,239.9,380953
2026-09-07T09:15:00+05:30,239,239.3,237.27,237.33,446653
2026-09-07T09:20:00+05:30,236.95,237.09,236.8,237.09,360189
2026-09-07T09:25:00+05:30,237,237.06,236.66,236.95,215497
2026-09-07T09:30:00+05:30,236.95,237.18,236.82,237.18,136416
2026-09-07T09:35:00+05:30,237.17,237.35,237.05,237.3,98686
2026-09-07T09:40:00+05:30,237.3,237.39,237.2,237.27,73676
2026-09-07T09:45:00+05:30,237.27,237.27,237,237.05,69368
2026-09-07T09:50:00+05:30,237.1,237.1,236.73,236.82,180351
2026-09-07T09:55:00+05:30,236.82,236.94,236.65,236.8,128305
2026-09-07T10:00:00+05:30,236.8,236.99,236.8,236.89,81400
2026-09-07T10:05:00+05:30,236.89,236.89,236.69,236.8,99902
2026-09-07T10:10:00+05:30,236.71,236.83,236.52,236.61,118296
2026-09-07T10:15:00+05:30,236.61,236.66,236.16,236.42,227145
2026-09-07T10:20:00+05:30,236.42,236.86,236.4,236.75,187597
2026-09-07T10:25:00+05:30,236.75,236.98,236.7,236.95,122022
2026-09-07T10:30:00+05:30,236.95,237.04,236.9,236.98,86505
2026-09-07T10:35:00+05:30,237,237.04,236.71,236.84,96334
2026-09-07T10:40:00+05:30,236.72,236.84,236.7,236.75,62554
2026-09-07T10:45:00+05:30,236.7,236.75,236.5,236.55,70910
2026-09-07T10:50:00+05:30,236.6,236.63,236.31,236.32,81197
2026-09-07T10:55:00+05:30,236.39,236.44,236.3,236.4,77423
2026-09-07T11:00:00+05:30,236.4,236.4,235.7,235.75,423064
2026-09-07T11:05:00+05:30,235.8,235.96,235.74,235.84,190922
2026-09-07T11:10:00+05:30,235.85,235.94,235.55,235.61,148026
2026-09-07T11:15:00+05:30,235.63,235.73,235.45,235.64,138687
2026-09-07T11:20:00+05:30,235.64,235.73,235.35,235.59,138326
2026-09-07T11:25:00+05:30,235.59,235.65,235.43,235.53,71762
2026-09-07T11:30:00+05:30,235.53,235.71,235.45,235.57,75273
2026-09-07T11:35:00+05:30,235.57,235.7,235.5,235.6,52287
2026-09-07T11:40:00+05:30,235.6,235.85,235.51,235.74,45456
2026-09-07T11:45:00+05:30,235.74,235.84,235.65,235.83,63942
2026-09-07T11:50:00+05:30,235.81,235.9,235.75,235.86,56504
2026-09-07T11:55:00+05:30,235.86,235.87,235.75,235.83,56020
2026-09-07T12:00:00+05:30,235.83,235.9,235.6,235.86,91058
2026-09-07T12:05:00+05:30,235.86,235.99,235.75,235.95,58105
2026-09-07T12:10:00+05:30,235.95,236.1,235.56,235.75,199866
2026-09-07T12:15:00+05:30,235.75,235.75,235.31,235.31,173940
2026-09-07T12:20:00+05:30,235.31,235.39,235,235.32,344689
2026-09-07T12:25:00+05:30,235.34,235.34,235.2,235.2,46214
2026-09-07T12:30:00+05:30,235.2,235.28,235.1,235.28,104614
2026-09-07T12:35:00+05:30,235.28,235.32,235.14,235.25,54061
2026-09-07T12:40:00+05:30,235.24,235.35,235.15,235.35,42724
2026-09-07T12:45:00+05:30,235.35,235.42,235.3,235.38,41328
2026-09-07T12:50:00+05:30,235.38,235.38,235.12,235.2,78043
2026-09-07T12:55:00+05:30,235.24,235.33,235.11,235.25,86952
2026-09-07T13:00:00+05:30,235.25,235.4,235.2,235.3,80855
2026-09-07T13:05:00+05:30,235.31,235.4,235.18,235.28,93091
2026-09-07T13:10:00+05:30,235.28,235.39,235.2,235.3,58363
2026-09-07T13:15:00+05:30,235.29,235.3,234.9,235,253079
2026-09-07T13:20:00+05:30,235.01,235.33,235.01,235.18,183094
2026-09-07T13:25:00+05:30,235.19,235.36,235.14,235.23,52878
2026-09-07T13:30:00+05:30,235.29,235.29,235.01,235.06,71983
2026-09-07T13:35:00+05:30,235.08,235.12,235,235.06,57028
2026-09-07T13:40:00+05:30,235.06,235.16,235,235.15,50789
2026-09-07T13:45:00+05:30,235.15,235.23,235.1,235.1,33213
2026-09-07T13:50:00+05:30,235.16,235.4,235.1,235.34,58070
2026-09-07T13:55:00+05:30,235.34,235.34,235.25,235.28,46326
2026-09-07T14:00:00+05:30,235.28,235.38,235.17,235.3,77774
2026-09-07T14:05:00+05:30,235.31,235.36,235.1,235.12,56744
2026-09-07T14:10:00+05:30,235.12,235.2,235.08,235.12,58579
2026-09-07T14:15:00+05:30,235.15,235.19,235.01,235.05,56762
2026-09-07T14:20:00+05:30,235.05,235.07,235,235.04,63903
2026-09-07T14:25:00+05:30,235.04,235.1,235,235.1,72727
2026-09-07T14:30:00+05:30,235.1,235.1,234.9,234.95,136068
2026-09-07T14:35:00+05:30,234.95,234.95,234.61,234.67,215373
2026-09-07T14:40:00+05:30,234.65,234.69,234.58,234.58,149645
2026-09-07T14:45:00+05:30,234.63,234.65,234.5,234.5,182985
2026-09-07T14:50:00+05:30,234.5,234.69,234.4,234.4,313762
2026-09-07T14:55:00+05:30,234.56,234.56,234.41,234.48,239627
2026-09-07T15:00:00+05:30,234.47,234.74,234.43,234.61,351612
2026-09-07T15:05:00+05:30,234.63,235,234.63,234.98,410579
2026-09-07T15:10:00+05:30,234.98,235.06,234.65,234.9,570242
2026-09-08T09:15:00+05:30,234.75,234.75,233.1,233.76,719172
2026-09-08T09:20:00+05:30,233.76,233.76,232.93,233.64,511739
2026-09-08T09:25:00+05:30,233.64,233.65,233.43,233.55,180187
2026-09-08T09:30:00+05:30,233.55,233.74,233.48,233.7,156577
2026-09-08T09:35:00+05:30,233.7,233.96,233.7,233.85,151671
2026-09-08T09:40:00+05:30,233.89,233.89,233.6,233.6,126623
2026-09-08T09:45:00+05:30,233.6,233.76,233.58,233.74,109346
2026-09-08T09:50:00+05:30,233.71,233.75,233.57,233.59,86369
2026-09-08T09:55:00+05:30,233.57,233.59,233.3,233.4,188431
2026-09-08T10:00:00+05:30,233.4,233.57,233.03,233.26,206634
2026-09-08T10:05:00+05:30,233.26,233.39,233.04,233.31,94771
2026-09-08T10:10:00+05:30,233.32,234.03,233.25,234.03,124801
2026-09-08T10:15:00+05:30,234.11,234.33,233.77,234.06,197649
2026-09-08T10:20:00+05:30,234.06,234.13,234,234.08,64178
2026-09-08T10:25:00+05:30,234.08,234.6,233.99,234.48,125779
2026-09-08T10:30:00+05:30,234.44,234.7,234.26,234.32,86875
2026-09-08T10:35:00+05:30,234.21,234.32,233.98,234,85179
2026-09-08T10:40:00+05:30,234,234.19,233.88,234.17,106673
2026-09-08T10:45:00+05:30,234.17,234.37,234.08,234.2,65152
2026-09-08T10:50:00+05:30,234.18,234.29,234.01,234.11,63955
2026-09-08T10:55:00+05:30,234.1,234.1,233.78,233.86,79058
2026-09-08T11:00:00+05:30,233.86,233.95,233.62,233.83,119779
2026-09-08T11:05:00+05:30,233.82,233.94,233.74,233.92,88939
2026-09-08T11:10:00+05:30,233.92,233.97,233.84,233.87,43431
2026-09-08T11:15:00+05:30,233.89,234.15,233.87,234.08,66333
2026-09-08T11:20:00+05:30,234.07,234.13,233.77,233.85,68932
2026-09-08T11:25:00+05:30,233.84,234.1,233.82,234.05,52356
2026-09-08T11:30:00+05:30,234.05,234.09,233.99,234.05,32354
2026-09-08T11:35:00+05:30,234.1,234.1,234,234.05,44657
2026-09-08T11:40:00+05:30,234.09,234.1,234,234,24740
2026-09-08T11:45:00+05:30,233.97,233.97,233.75,233.75,70114
2026-09-08T11:50:00+05:30,233.75,233.75,233.5,233.61,131126
2026-09-08T11:55:00+05:30,233.61,233.74,233.48,233.68,107541
2026-09-08T12:00:00+05:30,233.68,233.75,233.54,233.69,76936
2026-09-08T12:05:00+05:30,233.69,233.69,233.52,233.69,31691
2026-09-08T12:10:00+05:30,233.69,233.71,233.55,233.66,25841
2026-09-08T12:15:00+05:30,233.66,233.69,233.52,233.65,21165
2026-09-08T12:20:00+05:30,233.65,233.68,233.6,233.64,28621
2026-09-08T12:25:00+05:30,233.64,233.75,233.62,233.75,33161
2026-09-08T12:30:00+05:30,233.79,233.87,233.71,233.83,44083
2026-09-08T12:35:00+05:30,233.83,233.91,233.81,233.9,41119
2026-09-08T12:40:00+05:30,233.82,233.94,233.29,233.47,375294
2026-09-08T12:45:00+05:30,233.47,233.47,233.31,233.38,90853
2026-09-08T12:50:00+05:30,233.38,233.48,233.32,233.4,40487
2026-09-08T12:55:00+05:30,233.44,233.62,233.35,233.5,83187
2026-09-08T13:00:00+05:30,233.52,233.7,233.45,233.53,44331
2026-09-08T13:05:00+05:30,233.53,233.54,233.45,233.45,35472
2026-09-08T13:10:00+05:30,233.48,233.54,233.4,233.51,39841
2026-09-08T13:15:00+05:30,233.51,233.51,233.3,233.41,64015
2026-09-08T13:20:00+05:30,233.42,233.42,233.25,233.26,59254
2026-09-08T13:25:00+05:30,233.26,233.3,233.14,233.18,133290
2026-09-08T13:30:00+05:30,233.18,233.18,233.01,233.05,100399
2026-09-08T13:35:00+05:30,233.06,233.2,233.04,233.11,88426
2026-09-08T13:40:00+05:30,233.05,233.14,233.01,233.12,39481
2026-09-08T13:45:00+05:30,233.05,233.1,233.02,233.1,73340
2026-09-08T13:50:00+05:30,233.1,233.17,232.78,232.93,343567
2026-09-08T13:55:00+05:30,232.93,233.06,232.83,232.83,88981
2026-09-08T14:00:00+05:30,232.81,232.91,232.62,232.83,94056
2026-09-08T14:05:00+05:30,232.83,232.97,232.78,232.95,53965
2026-09-08T14:10:00+05:30,232.92,233.08,232.9,232.96,60135
2026-09-08T14:15:00+05:30,232.98,233.15,232.95,233.04,66771
2026-09-08T14:20:00+05:30,233.04,233.04,232.96,232.97,32205
2026-09-08T14:25:00+05:30,232.97,233.11,232.85,233.07,77048
2026-09-08T14:30:00+05:30,233.09,233.3,233.05,233.27,61724
2026-09-08T14:35:00+05:30,233.27,233.3,233.07,233.17,84008
2026-09-08T14:40:00+05:30,233.15,233.25,233.08,233.22,109162
2026-09-08T14:45:00+05:30,233.18,233.29,233.08,233.19,71358
2026-09-08T14:50:00+05:30,233.18,233.39,233,233.3,417719
2026-09-08T14:55:00+05:30,233.31,233.4,233.2,233.27,123140
2026-09-08T15:00:00+05:30,233.24,233.37,233.16,233.25,137890
2026-09-08T15:05:00+05:30,233.26,233.26,232.86,232.94,313912
2026-09-08T15:10:00+05:30,232.94,233.1,232.6,232.99,448872
2026-09-09T09:15:00+05:30,232.5,232.97,231.2,231.42,700757
2026-09-09T09:20:00+05:30,231.42,231.5,230.78,231.08,608060
2026-09-09T09:25:00+05:30,231.08,231.2,230.75,230.95,406738
2026-09-09T09:30:00+05:30,230.95,231.33,230.91,231.33,202788
2026-09-09T09:35:00+05:30,231.33,231.69,231.2,231.69,219954
2026-09-09T09:40:00+05:30,231.69,231.8,231.49,231.49,177083
2026-09-09T09:45:00+05:30,231.48,231.65,231.4,231.55,136274
2026-09-09T09:50:00+05:30,231.5,231.54,231.31,231.35,133590
2026-09-09T09:55:00+05:30,231.36,231.49,231.21,231.26,147613
2026-09-09T10:00:00+05:30,231.26,231.35,231.05,231.22,137429
2026-09-09T10:05:00+05:30,231.29,231.3,230.8,230.97,335227
2026-09-09T10:10:00+05:30,230.95,231.04,230.81,231,123366
2026-09-09T10:15:00+05:30,231.01,231.39,231.01,231.39,124124
2026-09-09T10:20:00+05:30,231.35,232.05,231.34,231.84,292650
2026-09-09T10:25:00+05:30,231.84,232,231.77,232,124367
2026-09-09T10:30:00+05:30,232,232.09,231.42,231.45,322644
2026-09-09T10:35:00+05:30,231.4,231.48,231.2,231.21,79198
2026-09-09T10:40:00+05:30,231.21,231.33,231.1,231.17,60285
2026-09-09T10:45:00+05:30,231.17,231.46,231.12,231.4,78677
2026-09-09T10:50:00+05:30,231.4,231.47,231.35,231.47,52462
2026-09-09T10:55:00+05:30,231.5,231.66,231.5,231.64,145773
2026-09-09T11:00:00+05:30,231.65,231.86,231.65,231.71,101707
2026-09-09T11:05:00+05:30,231.71,231.78,231.68,231.76,89715
2026-09-09T11:10:00+05:30,231.76,231.76,231.5,231.54,55023
2026-09-09T11:15:00+05:30,231.53,231.88,231.5,231.85,108879
2026-09-09T11:20:00+05:30,231.81,231.94,231.6,231.74,80100
2026-09-09T11:25:00+05:30,231.73,231.87,231.72,231.84,40811
2026-09-09T11:30:00+05:30,231.84,231.94,231.8,231.82,53809
2026-09-09T11:35:00+05:30,231.8,231.83,231.7,231.71,49185
2026-09-09T11:40:00+05:30,231.78,231.83,231.71,231.78,43445
2026-09-09T11:45:00+05:30,231.78,231.9,231.65,231.71,72152
2026-09-09T11:50:00+05:30,231.7,231.72,231.43,231.53,65631
2026-09-09T11:55:00+05:30,231.53,231.75,231.44,231.47,64390
2026-09-09T12:00:00+05:30,231.46,231.54,231.33,231.4,49327
2026-09-09T12:05:00+05:30,231.4,231.4,231.25,231.32,66648
2026-09-09T12:10:00+05:30,231.32,231.38,231.26,231.33,65136
2026-09-09T12:15:00+05:30,231.3,231.34,231.2,231.28,37505
2026-09-09T12:20:00+05:30,231.29,231.39,231.11,231.37,58846
2026-09-09T12:25:00+05:30,231.37,231.69,231.31,231.68,54139
2026-09-09T12:30:00+05:30,231.68,232.14,231.68,231.97,266767
2026-09-09T12:35:00+05:30,231.97,232.05,231.9,232,184590
2026-09-09T12:40:00+05:30,232,232.1,231.85,231.94,332384
2026-09-09T12:45:00+05:30,231.94,232,231.79,231.91,58854
2026-09-09T12:50:00+05:30,231.91,231.94,231.65,231.65,44996
2026-09-09T12:55:00+05:30,231.65,232,231.6,231.95,277503
2026-09-09T13:00:00+05:30,231.95,232.09,231.6,231.75,137973
2026-09-09T13:05:00+05:30,231.75,231.91,231.53,231.7,210724
2026-09-09T13:10:00+05:30,231.7,231.7,231.55,231.7,75298
2026-09-09T13:15:00+05:30,231.7,231.76,231.6,231.72,48483
2026-09-09T13:20:00+05:30,231.72,232,231.6,231.84,105956
2026-09-09T13:25:00+05:30,231.84,231.95,231.7,231.89,204044
2026-09-09T13:30:00+05:30,231.89,231.95,231.75,231.9,79893
2026-09-09T13:35:00+05:30,231.92,232.03,231.83,232,106103
2026-09-09T13:40:00+05:30,232,232,231.83,231.99,74334
2026-09-09T13:45:00+05:30,231.97,231.99,231.81,231.92,39282
2026-09-09T13:50:00+05:30,231.92,232,231.88,231.89,43694
2026-09-09T13:55:00+05:30,231.87,231.89,231.77,231.88,48857
2026-09-09T14:00:00+05:30,231.88,231.99,231.86,231.96,72002
2026-09-09T14:05:00+05:30,231.96,231.97,231.77,231.77,50395
2026-09-09T14:10:00+05:30,231.77,231.83,231.71,231.78,55826
2026-09-09T14:15:00+05:30,231.78,231.78,231.7,231.78,41896
2026-09-09T14:20:00+05:30,231.78,231.88,231.75,231.8,57568
2026-09-09T14:25:00+05:30,231.8,231.9,231.77,231.85,31775
2026-09-09T14:30:00+05:30,231.85,231.85,231.51,231.51,76473
2026-09-09T14:35:00+05:30,231.53,231.6,231.23,231.28,126688
2026-09-09T14:40:00+05:30,231.26,231.28,231.12,231.15,224342
2026-09-09T14:45:00+05:30,231.25,231.25,231.05,231.14,110992
2026-09-09T14:50:00+05:30,231.14,231.33,231.08,231.19,265592
2026-09-09T14:55:00+05:30,231.2,231.2,231.05,231.12,171546
2026-09-09T15:00:00+05:30,231.14,231.14,230.8,230.81,411828
2026-09-09T15:05:00+05:30,230.76,230.9,230.63,230.84,407622
2026-09-09T15:10:00+05:30,230.83,230.99,230.75,230.8,289815
2026-09-10T09:15:00+05:30,230.82,231.85,230.69,231.36,499457
2026-09-10T09:20:00+05:30,231.36,231.44,230.64,230.95,341536
2026-09-10T09:25:00+05:30,230.95,231.6,230.62,231.3,263444
2026-09-10T09:30:00+05:30,231.3,231.45,231.01,231.3,198812
2026-09-10T09:35:00+05:30,231.3,231.32,230.92,231.1,159699
2026-09-10T09:40:00+05:30,231.09,231.36,230.8,231.09,161817
2026-09-10T09:45:00+05:30,231.14,231.49,231.1,231.44,100798
2026-09-10T09:50:00+05:30,231.45,231.75,231.45,231.65,152525
2026-09-10T09:55:00+05:30,231.65,231.75,231.43,231.5,126094
2026-09-10T10:00:00+05:30,231.5,231.5,231.2,231.36,113080
2026-09-10T10:05:00+05:30,231.36,231.36,231.05,231.21,77530
2026-09-10T10:10:00+05:30,231.22,231.25,231.1,231.22,52600
2026-09-10T10:15:00+05:30,231.23,231.6,231.21,231.45,81639
2026-09-10T10:20:00+05:30,231.41,231.56,231.3,231.5,57668
2026-09-10T10:25:00+05:30,231.42,231.55,231.32,231.37,57025
2026-09-10T10:30:00+05:30,231.37,231.69,231.36,231.67,77629
2026-09-10T10:35:00+05:30,231.67,231.9,231.67,231.88,75451
2026-09-10T10:40:00+05:30,231.88,232,231.75,232,78711
2026-09-10T10:45:00+05:30,232,232.23,231.57,231.57,194355
2026-09-10T10:50:00+05:30,231.68,231.69,231.34,231.47,76877
2026-09-10T10:55:00+05:30,231.47,231.47,231.24,231.45,54118
2026-09-10T11:00:00+05:30,231.45,231.65,231.45,231.56,84466
2026-09-10T11:05:00+05:30,231.56,231.64,231.48,231.48,47073
2026-09-10T11:10:00+05:30,231.54,232.27,231.5,232.15,94814
2026-09-10T11:15:00+05:30,232.15,232.15,232.02,232.13,47958
2026-09-10T11:20:00+05:30,232.13,232.13,231.89,231.95,83498
2026-09-10T11:25:00+05:30,231.95,231.99,231.75,231.8,44583
2026-09-10T11:30:00+05:30,231.8,231.96,231.41,231.51,99287
2026-09-10T11:35:00+05:30,231.43,231.64,231.4,231.48,48178
2026-09-10T11:40:00+05:30,231.48,231.5,231.25,231.5,55522
2026-09-10T11:45:00+05:30,231.5,231.75,231.4,231.7,31976
2026-09-10T11:50:00+05:30,231.74,231.89,231.66,231.8,34228
2026-09-10T11:55:00+05:30,231.84,231.9,231.63,231.9,36999
2026-09-10T12:00:00+05:30,231.9,232,231.6,231.6,130817
2026-09-10T12:05:00+05:30,231.6,231.82,231.55,231.68,110972
2026-09-10T12:10:00+05:30,231.68,231.99,231.61,231.86,42042
2026-09-10T12:15:00+05:30,231.91,231.91,231.72,231.8,32047
2026-09-10T12:20:00+05:30,231.82,231.87,231.63,231.72,48111
2026-09-10T12:25:00+05:30,231.72,231.86,231.66,231.76,58771
2026-09-10T12:30:00+05:30,231.76,231.84,231.55,231.56,39648
2026-09-10T12:35:00+05:30,231.6,231.62,231.01,231.29,269866
2026-09-10T12:40:00+05:30,231.29,231.38,231.11,231.26,63735
2026-09-10T12:45:00+05:30,231.26,231.33,231.06,231.17,56834
2026-09-10T12:50:00+05:30,231.17,231.24,231.12,231.16,38053
2026-09-10T12:55:00+05:30,231.16,231.24,231.02,231.02,95813
2026-09-10T13:00:00+05:30,231.04,231.2,231,231.05,242299
2026-09-10T13:05:00+05:30,231.05,231.05,230.6,230.66,261677
2026-09-10T13:10:00+05:30,230.68,231,230.56,231,159110
2026-09-10T13:15:00+05:30,230.99,231.1,230.9,230.99,53181
2026-09-10T13:20:00+05:30,230.99,231.3,230.9,231.17,106373
2026-09-10T13:25:00+05:30,231.15,231.17,231,231.08,50802
2026-09-10T13:30:00+05:30,231.08,231.08,230.95,231.01,42638
2026-09-10T13:35:00+05:30,231.04,231.23,231,231.13,45130
2026-09-10T13:40:00+05:30,231.17,231.18,230.87,230.93,108793
2026-09-10T13:45:00+05:30,230.94,230.94,230.8,230.9,48772
2026-09-10T13:50:00+05:30,230.9,231.04,230.85,230.96,33952
2026-09-10T13:55:00+05:30,230.97,230.97,230.7,230.79,74199
2026-09-10T14:00:00+05:30,230.8,230.9,230.32,230.38,176165
2026-09-10T14:05:00+05:30,230.44,230.5,230.15,230.42,109164
2026-09-10T14:10:00+05:30,230.42,230.46,230.25,230.34,63741
2026-09-10T14:15:00+05:30,230.3,230.35,230.1,230.25,91649
2026-09-10T14:20:00+05:30,230.25,230.38,230.25,230.36,37418
2026-09-10T14:25:00+05:30,230.35,230.47,230.29,230.42,56906
2026-09-10T14:30:00+05:30,230.42,230.54,230.06,230.06,127096
2026-09-10T14:35:00+05:30,230.09,230.24,230,230.03,257528
2026-09-10T14:40:00+05:30,230.11,230.18,230,230.17,141567
2026-09-10T14:45:00+05:30,230.2,230.36,230.12,230.32,123436
2026-09-10T14:50:00+05:30,230.32,230.5,230.31,230.41,103994
2026-09-10T14:55:00+05:30,230.48,230.48,230.3,230.4,132810
2026-09-10T15:00:00+05:30,230.37,230.37,230.03,230.14,230342
2026-09-10T15:05:00+05:30,230.06,230.15,230,230.01,460922
2026-09-10T15:10:00+05:30,230.01,230.02,229.1,229.49,617790
2026-09-11T09:15:00+05:30,228.7,228.7,226.75,227.18,1020205
2026-09-11T09:20:00+05:30,227.18,227.18,226.52,227.14,549920
2026-09-11T09:25:00+05:30,227.14,227.98,227.05,227.42,385959
2026-09-11T09:30:00+05:30,227.45,227.71,227.2,227.66,266145
2026-09-11T09:35:00+05:30,227.68,228.13,227.41,227.7,300555
2026-09-11T09:40:00+05:30,227.67,227.91,227.2,227.3,224789
2026-09-11T09:45:00+05:30,227.36,227.64,227.3,227.58,141561
2026-09-11T09:50:00+05:30,227.7,227.8,227.5,227.58,92341
2026-09-11T09:55:00+05:30,227.57,227.7,227.45,227.5,99346
2026-09-11T10:00:00+05:30,227.5,227.98,227.45,227.89,121081
2026-09-11T10:05:00+05:30,227.89,228.15,227.8,228.15,107331
2026-09-11T10:10:00+05:30,228.15,228.4,228.06,228.3,115768
2026-09-11T10:15:00+05:30,228.3,228.3,228.1,228.15,75645
2026-09-11T10:20:00+05:30,228.19,228.34,228.04,228.11,88006
2026-09-11T10:25:00+05:30,228.14,228.14,227.62,227.71,121415
2026-09-11T10:30:00+05:30,227.71,227.74,226.91,227,854312
2026-09-11T10:35:00+05:30,227,227,226.95,227,399785
2026-09-11T10:40:00+05:30,227,227,226.88,227,437024
2026-09-11T10:45:00+05:30,227,227.25,226.75,226.8,560026
2026-09-11T10:50:00+05:30,226.8,226.8,226.56,226.65,217164
2026-09-11T10:55:00+05:30,226.69,226.7,226.44,226.48,286665
2026-09-11T11:00:00+05:30,226.48,226.73,226.48,226.65,104265
2026-09-11T11:05:00+05:30,226.72,226.98,226.66,226.95,84466
2026-09-11T11:10:00+05:30,226.95,227,226.92,227,997433
2026-09-11T11:15:00+05:30,227,227.47,226.86,227.3,1261766
2026-09-11T11:20:00+05:30,227.32,227.38,227.07,227.21,204929
2026-09-11T11:25:00+05:30,227.21,227.29,226.92,227,181800
2026-09-11T11:30:00+05:30,227.02,227.1,226.92,227.03,116658
2026-09-11T11:35:00+05:30,227.03,227.25,226.93,227.01,108817
2026-09-11T11:40:00+05:30,227.01,227.25,227.01,227.21,115216
2026-09-11T11:45:00+05:30,227.21,227.27,226.7,226.82,201376
2026-09-11T11:50:00+05:30,226.81,226.93,226.7,226.85,103973
2026-09-11T11:55:00+05:30,226.85,226.85,226.7,226.83,89887
2026-09-11T12:00:00+05:30,226.83,227.06,226.8,226.94,81103
2026-09-11T12:05:00+05:30,226.98,227.04,226.9,226.96,101363
2026-09-11T12:10:00+05:30,226.96,226.96,226.6,226.74,138586
2026-09-11T12:15:00+05:30,226.74,226.96,226.7,226.79,92621
2026-09-11T12:20:00+05:30,226.79,226.89,226.64,226.77,114808
2026-09-11T12:25:00+05:30,226.77,226.78,226.6,226.7,127885
2026-09-11T12:30:00+05:30,226.7,226.77,226.65,226.7,45473
2026-09-11T12:35:00+05:30,226.7,226.79,226.66,226.79,59432
2026-09-11T12:40:00+05:30,226.79,227.12,226.71,226.95,100641
2026-09-11T12:45:00+05:30,226.97,227.05,226.75,226.93,104845
2026-09-11T12:50:00+05:30,226.93,227,226.85,227,83043
2026-09-11T12:55:00+05:30,227,227.25,226.95,227.24,172477
2026-09-11T13:00:00+05:30,227.24,227.24,226.92,227.01,196698
2026-09-11T13:05:00+05:30,227,227.05,226.9,226.99,80339
2026-09-11T13:10:00+05:30,226.94,227.08,226.9,226.99,61547
2026-09-11T13:15:00+05:30,226.99,227.05,226.81,226.9,125531
2026-09-11T13:20:00+05:30,226.83,227,226.82,226.95,55048
2026-09-11T13:25:00+05:30,226.95,227,226.86,226.93,81402
2026-09-11T13:30:00+05:30,226.93,227.1,226.91,227.1,90736
2026-09-11T13:35:00+05:30,227.07,227.13,226.92,227.01,117353
2026-09-11T13:40:00+05:30,227.01,227.07,226.7,226.88,218692
2026-09-11T13:45:00+05:30,226.85,227,226.75,226.94,83471
2026-09-11T13:50:00+05:30,226.96,227.62,226.94,227.32,270867
2026-09-11T13:55:00+05:30,227.3,228.2,227.3,228.19,488613
2026-09-11T14:00:00+05:30,228.19,229.32,228.1,229.05,732416
2026-09-11T14:05:00+05:30,229.05,229.79,228.5,229.5,783591
2026-09-11T14:10:00+05:30,229.55,229.56,228.9,229.15,425913
2026-09-11T14:15:00+05:30,229.15,231.37,228.95,229.9,1333021
2026-09-11T14:20:00+05:30,229.9,230,229.33,229.5,857952
2026-09-11T14:25:00+05:30,229.5,229.69,229.1,229.28,429279
2026-09-11T14:30:00+05:30,229.3,229.95,229.27,229.36,1086914
2026-09-11T14:35:00+05:30,229.37,229.87,229.35,229.46,241169
2026-09-11T14:40:00+05:30,229.52,229.71,229.35,229.61,201960
2026-09-11T14:45:00+05:30,229.67,229.67,229.33,229.4,98613
2026-09-11T14:50:00+05:30,229.36,229.54,229.32,229.45,350691
2026-09-11T14:55:00+05:30,229.5,229.59,229.29,229.29,361007
2026-09-11T15:00:00+05:30,229.29,229.59,229.29,229.37,332217
2026-09-11T15:05:00+05:30,229.33,229.75,229.32,229.72,466870
2026-09-11T15:10:00+05:30,229.7,230.5,229.61,230.3,820053
2026-09-15T09:15:00+05:30,230.5,231.8,230.5,230.98,1055064
2026-09-15T09:20:00+05:30,230.9,231,230.35,230.36,493270
2026-09-15T09:25:00+05:30,230.35,230.35,229.71,230.22,464808
2026-09-15T09:30:00+05:30,230.27,230.5,230.22,230.34,127706
