date,open,high,low,close,volume
2026-06-08T09:15:00+05:30,12900,12949,12853,12870,14835
2026-06-08T09:20:00+05:30,12862,12938,12841,12930,11514
2026-06-08T09:25:00+05:30,12930,12948,12913,12948,6769
2026-06-08T09:30:00+05:30,12948,12979,12931,12978,9755
2026-06-08T09:35:00+05:30,12978,12978,12936,12949,6635
2026-06-08T09:40:00+05:30,12948,12950,12921,12930,5600
2026-06-08T09:45:00+05:30,12928,12939,12921,12932,3405
2026-06-08T09:50:00+05:30,12932,12950,12920,12946,3681
2026-06-08T09:55:00+05:30,12945,12965,12941,12952,3160
2026-06-08T10:00:00+05:30,12952,12965,12950,12959,2972
2026-06-08T10:05:00+05:30,12954,12968,12954,12961,15724
2026-06-08T10:10:00+05:30,12957,12964,12957,12958,3558
2026-06-08T10:15:00+05:30,12959,12961,12925,12947,18580
2026-06-08T10:20:00+05:30,12947,12949,12925,12927,3358
2026-06-08T10:25:00+05:30,12926,12934,12923,12930,1918
2026-06-08T10:30:00+05:30,12933,12964,12932,12960,2537
2026-06-08T10:35:00+05:30,12960,12960,12950,12955,868
2026-06-08T10:40:00+05:30,12955,12959,12940,12945,1155
2026-06-08T10:45:00+05:30,12945,12945,12936,12939,1372
2026-06-08T10:50:00+05:30,12944,12950,12937,12945,1335
2026-06-08T10:55:00+05:30,12945,12953,12938,12947,2491
2026-06-08T11:00:00+05:30,12947,12960,12942,12950,1337
2026-06-08T11:05:00+05:30,12951,12953,12942,12948,3356
2026-06-08T11:10:00+05:30,12948,12958,12942,12950,1157
2026-06-08T11:15:00+05:30,12954,12960,12945,12950,859
2026-06-08T11:20:00+05:30,12950,12952,12936,12945,1767
2026-06-08T11:25:00+05:30,12940,12953,12939,12950,2934
2026-06-08T11:30:00+05:30,12950,12959,12945,12955,1191
2026-06-08T11:35:00+05:30,12955,12965,12954,12959,951
2026-06-08T11:40:00+05:30,12959,12999,12959,12993,6180
2026-06-08T11:45:00+05:30,12992,12998,12984,12993,1529
2026-06-08T11:50:00+05:30,12993,13029,12988,13025,6559
2026-06-08T11:55:00+05:30,13025,13028,13003,13010,5901
2026-06-08T12:00:00+05:30,13010,13015,12994,12999,1615
2026-06-08T12:05:00+05:30,12999,12999,12970,12987,2816
2026-06-08T12:10:00+05:30,12985,13000,12985,12991,4252
2026-06-08T12:15:00+05:30,12991,13004,12991,12992,4190
2026-06-08T12:20:00+05:30,12995,13004,12988,13004,3537
2026-06-08T12:25:00+05:30,13003,13005,13000,13005,1456
2026-06-08T12:30:00+05:30,13005,13008,12983,12995,12909
2026-06-08T12:35:00+05:30,12995,13000,12986,12999,3730
2026-06-08T12:40:00+05:30,13000,13004,12996,13000,2476
2026-06-08T12:45:00+05:30,13000,13003,12999,13000,1344
2026-06-08T12:50:00+05:30,13000,13010,13000,13002,1162
2026-06-08T12:55:00+05:30,13005,13009,13000,13000,1052
2026-06-08T13:00:00+05:30,13004,13004,12999,13002,1147
2026-06-08T13:05:00+05:30,13000,13002,12990,12998,1141
2026-06-08T13:10:00+05:30,12998,12998,12983,12995,950
2026-06-08T13:15:00+05:30,12995,13008,12995,13003,6109
2026-06-08T13:20:00+05:30,13003,13007,12999,13002,2437
2026-06-08T13:25:00+05:30,13000,13006,12998,13006,7393
2026-06-08T13:30:00+05:30,13006,13007,12998,13000,3188
2026-06-08T13:35:00+05:30,13000,13000,12996,12997,14898
2026-06-08T13:40:00+05:30,12999,13000,12933,12933,29544
2026-06-08T13:45:00+05:30,12936,12950,12912,12945,5470
2026-06-08T13:50:00+05:30,12945,12968,12941,12941,9793
2026-06-08T13:55:00+05:30,12944,12945,12931,12940,2291
2026-06-08T14:00:00+05:30,12937,12965,12936,12961,2261
2026-06-08T14:05:00+05:30,12961,12962,12950,12951,2243
2026-06-08T14:10:00+05:30,12951,12961,12934,12939,3848
2026-06-08T14:15:00+05:30,12939,12959,12939,12952,2304
2026-06-08T14:20:00+05:30,12957,12957,12934,12943,2585
2026-06-08T14:25:00+05:30,12943,12950,12935,12939,2389
2026-06-08T14:30:00+05:30,12939,12958,12939,12948,2002
2026-06-08T14:35:00+05:30,12948,12970,12944,12969,3691
2026-06-08T14:40:00+05:30,12966,12972,12960,12969,4021
2026-06-08T14:45:00+05:30,12968,12971,12950,12956,3109
2026-06-08T14:50:00+05:30,12956,12957,12930,12937,4911
2026-06-08T14:55:00+05:30,12937,12960,12932,12950,4397
2026-06-08T15:00:00+05:30,12949,12949,12905,12908,8479
2026-06-08T15:05:00+05:30,12911,12928,12890,12921,15239
2026-06-08T15:10:00+05:30,12921,12927,12903,12915,9727
2026-06-08T15:15:00+05:30,12914,12916,12899,12907,7141
2026-06-08T15:20:00+05:30,12907,12918,12889,12895,6298
2026-06-08T15:25:00+05:30,12895,12895,12877,12890,7581
2026-06-09T09:15:00+05:30,13079,13079,12925,12950,14199
2026-06-09T09:20:00+05:30,12952,12960,12930,12953,4663
2026-06-09T09:25:00+05:30,12954,12958,12940,12943,2453
2026-06-09T09:30:00+05:30,12943,12943,12880,12885,10675
2026-06-09T09:35:00+05:30,12880,12891,12866,12884,8991
2026-06-09T09:40:00+05:30,12884,12910,12880,12893,9968
2026-06-09T09:45:00+05:30,12890,12913,12888,12901,3865
2026-06-09T09:50:00+05:30,12901,12915,12896,12915,5021
2026-06-09T09:55:00+05:30,12911,12920,12906,12912,4564
2026-06-09T10:00:00+05:30,12912,12915,12885,12885,5068
2026-06-09T10:05:00+05:30,12887,12894,12880,12894,5732
2026-06-09T10:10:00+05:30,12894,12899,12878,12891,10231
2026-06-09T10:15:00+05:30,12891,12899,12881,12890,5435
2026-06-09T10:20:00+05:30,12891,12892,12874,12881,5773
2026-06-09T10:25:00+05:30,12881,12885,12877,12883,1166
2026-06-09T10:30:00+05:30,12883,12887,12873,12880,4162
2026-06-09T10:35:00+05:30,12880,12880,12855,12855,21981
2026-06-09T10:40:00+05:30,12856,12879,12851,12879,2602
2026-06-09T10:45:00+05:30,12879,12895,12871,12873,9308
2026-06-09T10:50:00+05:30,12872,12883,12857,12882,6751
2026-06-09T10:55:00+05:30,12879,12888,12875,12888,1238
2026-06-09T11:00:00+05:30,12888,12915,12887,12911,7513
2026-06-09T11:05:00+05:30,12911,12912,12908,12908,1112
2026-06-09T11:10:00+05:30,12908,12909,12900,12906,14931
2026-06-09T11:15:00+05:30,12906,12915,12900,12907,2827
2026-06-09T11:20:00+05:30,12907,12911,12893,12903,17838
2026-06-09T11:25:00+05:30,12903,12903,12893,12901,4820
2026-06-09T11:30:00+05:30,12901,12920,12897,12916,1603
2026-06-09T11:35:00+05:30,12916,12933,12915,12931,6523
2026-06-09T11:40:00+05:30,12931,12946,12930,12946,6042
2026-06-09T11:45:00+05:30,12946,12977,12943,12964,9183
2026-06-09T11:50:00+05:30,12964,12979,12962,12973,4267
2026-06-09T11:55:00+05:30,12970,12984,12966,12984,3634
2026-06-09T12:00:00+05:30,12982,12995,12976,12990,2947
2026-06-09T12:05:00+05:30,12990,13006,12987,13001,2775
2026-06-09T12:10:00+05:30,12997,13024,12996,13023,3668
2026-06-09T12:15:00+05:30,13023,13050,13019,13041,5865
2026-06-09T12:20:00+05:30,13041,13046,13025,13028,3206
2026-06-09T12:25:00+05:30,13028,13038,13019,13030,3100
2026-06-09T12:30:00+05:30,13030,13044,13026,13034,4415
2026-06-09T12:35:00+05:30,13042,13046,13034,13035,4422
2026-06-09T12:40:00+05:30,13041,13043,13000,13021,5366
2026-06-09T12:45:00+05:30,13015,13021,13006,13021,1188
2026-06-09T12:50:00+05:30,13024,13025,13003,13005,867
2026-06-09T12:55:00+05:30,13005,13009,12990,12991,2263
2026-06-09T13:00:00+05:30,12991,13009,12991,13008,1769
2026-06-09T13:05:00+05:30,13008,13010,12999,13003,1167
2026-06-09T13:10:00+05:30,13002,13019,13000,13011,1661
2026-06-09T13:15:00+05:30,13011,13015,13005,13014,877
2026-06-09T13:20:00+05:30,13014,13015,13009,13011,654
2026-06-09T13:25:00+05:30,13011,13015,13003,13006,2633
2026-06-09T13:30:00+05:30,13010,13010,12990,13005,1970
2026-06-09T13:35:00+05:30,13006,13019,13001,13015,2125
2026-06-09T13:40:00+05:30,13015,13031,13006,13031,1965
2026-06-09T13:45:00+05:30,13031,13037,13020,13037,1766
2026-06-09T13:50:00+05:30,13037,13037,13020,13025,1464
2026-06-09T13:55:00+05:30,13025,13036,13020,13036,1880
2026-06-09T14:00:00+05:30,13036,13040,13029,13037,1495
2026-06-09T14:05:00+05:30,13037,13042,13033,13037,1065
2026-06-09T14:10:00+05:30,13042,13042,13034,13036,727
2026-06-09T14:15:00+05:30,13039,13046,13039,13041,1136
2026-06-09T14:20:00+05:30,13041,13043,13035,13037,2078
2026-06-09T14:25:00+05:30,13038,13062,13033,13055,3644
2026-06-09T14:30:00+05:30,13054,13078,13050,13071,3394
2026-06-09T14:35:00+05:30,13071,13098,13070,13096,6484
2026-06-09T14:40:00+05:30,13096,13104,13081,13097,5359
2026-06-09T14:45:00+05:30,13097,13120,13086,13113,5601
2026-06-09T14:50:00+05:30,13113,13139,13110,13133,6753
2026-06-09T14:55:00+05:30,13132,13157,13132,13151,12533
2026-06-09T15:00:00+05:30,13151,13151,13106,13115,10862
2026-06-09T15:05:00+05:30,13115,13150,13106,13139,21926
2026-06-09T15:10:00+05:30,13142,13147,13121,13124,11284
2026-06-09T15:15:00+05:30,13124,13127,13108,13121,20691
2026-06-09T15:20:00+05:30,13121,13130,13087,13102,19977
2026-06-09T15:25:00+05:30,13104,13123,13090,13119,5219
2026-06-10T09:15:00+05:30,13118,13118,13050,13070,5962
2026-06-10T09:20:00+05:30,13070,13105,13060,13100,3907
2026-06-10T09:25:00+05:30,13100,13120,13081,13120,2045
2026-06-10T09:30:00+05:30,13120,13125,13093,13112,2280
2026-06-10T09:35:00+05:30,13117,13117,13102,13111,1368
2026-06-10T09:40:00+05:30,13114,13145,13111,13134,3340
2026-06-10T09:45:00+05:30,13134,13135,13120,13129,1730
2026-06-10T09:50:00+05:30,13129,13134,13103,13105,1888
2026-06-10T09:55:00+05:30,13105,13106,13080,13080,2078
2026-06-10T10:00:00+05:30,13081,13110,13081,13082,1966
2026-06-10T10:05:00+05:30,13081,13094,13080,13089,1310
2026-06-10T10:10:00+05:30,13089,13090,13064,13064,2043
2026-06-10T10:15:00+05:30,13069,13115,13061,13105,2969
2026-06-10T10:20:00+05:30,13104,13108,13089,13093,2662
2026-06-10T10:25:00+05:30,13093,13097,13076,13097,1134
2026-06-10T10:30:00+05:30,13097,13105,13090,13102,1228
2026-06-10T10:35:00+05:30,13102,13119,13100,13117,1184
2026-06-10T10:40:00+05:30,13115,13120,13110,13119,2972
2026-06-10T10:45:00+05:30,13119,13125,13111,13119,1199
2026-06-10T10:50:00+05:30,13119,13123,13111,13112,878
2026-06-10T10:55:00+05:30,13120,13138,13110,13138,1725
2026-06-10T11:00:00+05:30,13134,13180,13127,13175,7304
2026-06-10T11:05:00+05:30,13175,13175,13150,13156,5269
2026-06-10T11:10:00+05:30,13156,13162,13145,13154,1359
2026-06-10T11:15:00+05:30,13151,13158,13131,13137,6674
2026-06-10T11:20:00+05:30,13135,13142,13129,13135,3518
2026-06-10T11:25:00+05:30,13135,13158,13132,13150,8757
2026-06-10T11:30:00+05:30,13150,13204,13135,13196,8631
2026-06-10T11:35:00+05:30,13196,13198,13185,13192,3594
2026-06-10T11:40:00+05:30,13195,13200,13182,13198,2258
2026-06-10T11:45:00+05:30,13198,13205,13180,13201,4239
2026-06-10T11:50:00+05:30,13201,13202,13182,13187,4034
2026-06-10T11:55:00+05:30,13187,13194,13176,13181,1287
2026-06-10T12:00:00+05:30,13180,13184,13171,13172,1833
2026-06-10T12:05:00+05:30,13172,13179,13165,13167,1070
2026-06-10T12:10:00+05:30,13167,13171,13154,13170,1426
2026-06-10T12:15:00+05:30,13170,13172,13159,13161,748
2026-06-10T12:20:00+05:30,13161,13165,13152,13155,1165
2026-06-10T12:25:00+05:30,13155,13180,13151,13174,1035
2026-06-10T12:30:00+05:30,13174,13174,13159,13163,678
2026-06-10T12:35:00+05:30,13163,13169,13153,13159,863
2026-06-10T12:40:00+05:30,13159,13159,13132,13138,2031
2026-06-10T12:45:00+05:30,13138,13152,13133,13136,1825
2026-06-10T12:50:00+05:30,13140,13156,13136,13152,876
2026-06-10T12:55:00+05:30,13156,13156,13142,13151,632
2026-06-10T13:00:00+05:30,13154,13179,13154,13179,1297
2026-06-10T13:05:00+05:30,13180,13187,13168,13172,1060
2026-06-10T13:10:00+05:30,13172,13179,13162,13170,980
2026-06-10T13:15:00+05:30,13174,13184,13167,13174,1013
2026-06-10T13:20:00+05:30,13176,13179,13150,13150,2524
2026-06-10T13:25:00+05:30,13150,13171,13150,13162,824
2026-06-10T13:30:00+05:30,13168,13173,13152,13160,1488
2026-06-10T13:35:00+05:30,13160,13164,13151,13152,1203
2026-06-10T13:40:00+05:30,13153,13165,13140,13155,1789
2026-06-10T13:45:00+05:30,13154,13173,13151,13170,1469
2026-06-10T13:50:00+05:30,13170,13175,13158,13172,1399
2026-06-10T13:55:00+05:30,13167,13189,13167,13185,2635
2026-06-10T14:00:00+05:30,13182,13200,13174,13198,3377
2026-06-10T14:05:00+05:30,13198,13198,13180,13193,2930
2026-06-10T14:10:00+05:30,13193,13193,13174,13190,6237
2026-06-10T14:15:00+05:30,13184,13198,13176,13179,2994
2026-06-10T14:20:00+05:30,13178,13178,13152,13152,2039
2026-06-10T14:25:00+05:30,13152,13164,13141,13154,1615
2026-06-10T14:30:00+05:30,13154,13157,13127,13130,5059
2026-06-10T14:35:00+05:30,13130,13137,13100,13107,6649
2026-06-10T14:40:00+05:30,13107,13122,13100,13115,1709
2026-06-10T14:45:00+05:30,13108,13108,13083,13093,2191
2026-06-10T14:50:00+05:30,13093,13100,13086,13100,1494
2026-06-10T14:55:00+05:30,13100,13109,13090,13090,1794
2026-06-10T15:00:00+05:30,13094,13094,13070,13084,5139
2026-06-10T15:05:00+05:30,13086,13086,13062,13070,8390
2026-06-10T15:10:00+05:30,13073,13074,13059,13063,2622
2026-06-10T15:15:00+05:30,13063,13081,13055,13080,4554
2026-06-10T15:20:00+05:30,13080,13089,13070,13078,5293
2026-06-10T15:25:00+05:30,13082,13087,13069,13072,4384
2026-06-11T09:15:00+05:30,13070,13125,13008,13030,15030
2026-06-11T09:20:00+05:30,13030,13040,12974,12974,5884
2026-06-11T09:25:00+05:30,12971,13031,12968,13010,4749
2026-06-11T09:30:00+05:30,13010,13030,12995,13002,3379
2026-06-11T09:35:00+05:30,13002,13009,12986,13002,2154
2026-06-11T09:40:00+05:30,13002,13002,12974,12984,3149
2026-06-11T09:45:00+05:30,12984,13010,12974,12996,2760
2026-06-11T09:50:00+05:30,12995,13028,12990,13022,2752
2026-06-11T09:55:00+05:30,13023,13023,12987,12995,2069
2026-06-11T10:00:00+05:30,12995,13012,12993,13004,1571
2026-06-11T10:05:00+05:30,13002,13026,12995,13022,2162
2026-06-11T10:10:00+05:30,13020,13025,13009,13019,1494
2026-06-11T10:15:00+05:30,13019,13052,13014,13050,2483
2026-06-11T10:20:00+05:30,13052,13065,13042,13065,2085
2026-06-11T10:25:00+05:30,13065,13083,13056,13081,2924
2026-06-11T10:30:00+05:30,13081,13083,13055,13064,1953
2026-06-11T10:35:00+05:30,13064,13079,13062,13079,1309
2026-06-11T10:40:00+05:30,13078,13097,13071,13076,2319
2026-06-11T10:45:00+05:30,13072,13097,13070,13072,2753
2026-06-11T10:50:00+05:30,13068,13069,13040,13054,2718
2026-06-11T10:55:00+05:30,13054,13055,13026,13040,2232
2026-06-11T11:00:00+05:30,13046,13046,13020,13036,2338
2026-06-11T11:05:00+05:30,13040,13070,13030,13048,4163
2026-06-11T11:10:00+05:30,13048,13053,13038,13047,1092
2026-06-11T11:15:00+05:30,13048,13060,13038,13055,1296
2026-06-11T11:20:00+05:30,13060,13097,13054,13092,4674
2026-06-11T11:25:00+05:30,13092,13133,13086,13115,5427
2026-06-11T11:30:00+05:30,13122,13179,13112,13152,7470
2026-06-11T11:35:00+05:30,13150,13155,13112,13127,4782
2026-06-11T11:40:00+05:30,13127,13135,13111,13126,2718
2026-06-11T11:45:00+05:30,13126,13140,13120,13136,4650
2026-06-11T11:50:00+05:30,13136,13140,13120,13131,2197
2026-06-11T11:55:00+05:30,13131,13146,13124,13141,2579
2026-06-11T12:00:00+05:30,13141,13156,13141,13144,2329
2026-06-11T12:05:00+05:30,13144,13159,13136,13155,4800
2026-06-11T12:10:00+05:30,13155,13175,13150,13172,3710
2026-06-11T12:15:00+05:30,13172,13217,13172,13194,7899
2026-06-11T12:20:00+05:30,13194,13198,13180,13192,2277
2026-06-11T12:25:00+05:30,13192,13205,13185,13195,3855
2026-06-11T12:30:00+05:30,13198,13217,13197,13204,2344
2026-06-11T12:35:00+05:30,13204,13208,13161,13174,4320
2026-06-11T12:40:00+05:30,13176,13176,13160,13175,1503
2026-06-11T12:45:00+05:30,13172,13174,13157,13157,2708
2026-06-11T12:50:00+05:30,13159,13173,13149,13159,1862
2026-06-11T12:55:00+05:30,13159,13178,13152,13171,894
2026-06-11T13:00:00+05:30,13176,13184,13167,13168,2252
2026-06-11T13:05:00+05:30,13173,13174,13145,13149,5430
2026-06-11T13:10:00+05:30,13149,13161,13141,13154,4028
2026-06-11T13:15:00+05:30,13156,13158,13150,13152,1747
2026-06-11T13:20:00+05:30,13152,13160,13135,13158,5236
2026-06-11T13:25:00+05:30,13158,13164,13150,13151,2784
2026-06-11T13:30:00+05:30,13151,13171,13151,13151,3281
2026-06-11T13:35:00+05:30,13151,13161,13148,13151,3503
2026-06-11T13:40:00+05:30,13151,13157,13138,13141,4756
2026-06-11T13:45:00+05:30,13143,13150,13132,13133,2778
2026-06-11T13:50:00+05:30,13137,13160,13128,13154,4744
2026-06-11T13:55:00+05:30,13154,13164,13151,13158,3733
2026-06-11T14:00:00+05:30,13158,13168,13153,13158,2498
2026-06-11T14:05:00+05:30,13158,13169,13152,13163,2507
2026-06-11T14:10:00+05:30,13161,13168,13153,13164,2339
2026-06-11T14:15:00+05:30,13160,13166,13153,13156,2234
2026-06-11T14:20:00+05:30,13155,13162,13151,13152,2138
2026-06-11T14:25:00+05:30,13153,13175,13149,13168,11009
2026-06-11T14:30:00+05:30,13164,13166,13142,13145,4195
2026-06-11T14:35:00+05:30,13145,13151,13130,13144,6732
2026-06-11T14:40:00+05:30,13144,13144,13133,13134,2628
2026-06-11T14:45:00+05:30,13134,13136,13095,13104,4543
2026-06-11T14:50:00+05:30,13106,13114,13096,13106,4011
2026-06-11T14:55:00+05:30,13107,13116,13100,13109,6787
2026-06-11T15:00:00+05:30,13108,13122,13071,13081,8695
2026-06-11T15:05:00+05:30,13077,13098,13076,13097,8895
2026-06-11T15:10:00+05:30,13097,13104,13087,13094,11109
2026-06-11T15:15:00+05:30,13094,13110,13085,13105,12027
2026-06-11T15:20:00+05:30,13105,13114,13090,13114,11483
2026-06-11T15:25:00+05:30,13114,13143,13108,13138,9505
2026-06-12T09:15:00+05:30,13232,13370,13217,13340,24031
2026-06-12T09:20:00+05:30,13347,13399,13338,13373,18583
2026-06-12T09:25:00+05:30,13375,13397,13352,13387,19333
2026-06-12T09:30:00+05:30,13391,13418,13331,13336,18118
2026-06-12T09:35:00+05:30,13335,13354,13332,13347,6952
2026-06-12T09:40:00+05:30,13347,13352,13291,13311,7052
2026-06-12T09:45:00+05:30,13311,13315,13285,13292,3835
2026-06-12T09:50:00+05:30,13292,13302,13275,13280,2432
2026-06-12T09:55:00+05:30,13285,13290,13266,13266,2306
2026-06-12T10:00:00+05:30,13268,13273,13250,13271,3488
2026-06-12T10:05:00+05:30,13269,13310,13264,13310,3321
2026-06-12T10:10:00+05:30,13305,13315,13252,13255,4116
2026-06-12T10:15:00+05:30,13255,13261,13236,13245,3606
2026-06-12T10:20:00+05:30,13245,13259,13233,13236,10553
2026-06-12T10:25:00+05:30,13236,13256,13213,13216,9940
2026-06-12T10:30:00+05:30,13215,13224,13175,13183,7117
2026-06-12T10:35:00+05:30,13180,13213,13171,13213,3378
2026-06-12T10:40:00+05:30,13213,13220,13200,13211,2948
2026-06-12T10:45:00+05:30,13211,13217,13201,13206,1146
2026-06-12T10:50:00+05:30,13206,13215,13201,13213,1076
2026-06-12T10:55:00+05:30,13215,13219,13201,13204,1738
2026-06-12T11:00:00+05:30,13204,13210,13200,13202,1137
2026-06-12T11:05:00+05:30,13207,13219,13201,13218,1189
2026-06-12T11:10:00+05:30,13218,13228,13211,13213,1783
2026-06-12T11:15:00+05:30,13213,13218,13190,13200,2096
2026-06-12T11:20:00+05:30,13200,13206,13192,13199,2208
2026-06-12T11:25:00+05:30,13199,13199,13169,13175,6865
2026-06-12T11:30:00+05:30,13175,13211,13175,13182,2530
2026-06-12T11:35:00+05:30,13182,13195,13178,13188,2315
2026-06-12T11:40:00+05:30,13193,13236,13183,13230,6910
2026-06-12T11:45:00+05:30,13234,13234,13214,13214,4759
2026-06-12T11:50:00+05:30,13214,13230,13198,13220,6753
2026-06-12T11:55:00+05:30,13219,13222,13191,13200,4089
2026-06-12T12:00:00+05:30,13200,13202,13183,13186,7340
2026-06-12T12:05:00+05:30,13186,13191,13162,13187,8795
2026-06-12T12:10:00+05:30,13187,13189,13169,13182,1282
2026-06-12T12:15:00+05:30,13182,13186,13172,13172,834
2026-06-12T12:20:00+05:30,13172,13206,13172,13200,2750
2026-06-12T12:25:00+05:30,13204,13210,13179,13185,7252
2026-06-12T12:30:00+05:30,13185,13185,13164,13167,10433
2026-06-12T12:35:00+05:30,13167,13170,13145,13159,3919
2026-06-12T12:40:00+05:30,13160,13160,13130,13143,7503
2026-06-12T12:45:00+05:30,13143,13146,13137,13143,1070
2026-06-12T12:50:00+05:30,13143,13154,13137,13152,1307
2026-06-12T12:55:00+05:30,13152,13165,13140,13164,1564
2026-06-12T13:00:00+05:30,13164,13180,13160,13178,1139
2026-06-12T13:05:00+05:30,13174,13182,13167,13179,1020
2026-06-12T13:10:00+05:30,13179,13199,13175,13188,3107
2026-06-12T13:15:00+05:30,13188,13210,13182,13197,8933
2026-06-12T13:20:00+05:30,13197,13205,13189,13190,1555
2026-06-12T13:25:00+05:30,13189,13228,13179,13220,3570
2026-06-12T13:30:00+05:30,13220,13250,13208,13242,13227
2026-06-12T13:35:00+05:30,13249,13278,13241,13277,4605
2026-06-12T13:40:00+05:30,13277,13302,13254,13299,12112
2026-06-12T13:45:00+05:30,13294,13332,13287,13315,6484
2026-06-12T13:50:00+05:30,13315,13327,13302,13324,3184
2026-06-12T13:55:00+05:30,13324,13375,13321,13367,21086
2026-06-12T14:00:00+05:30,13367,13395,13367,13377,36484
2026-06-12T14:05:00+05:30,13381,13385,13364,13375,3763
2026-06-12T14:10:00+05:30,13375,13378,13350,13350,4247
2026-06-12T14:15:00+05:30,13350,13355,13333,13349,2175
2026-06-12T14:20:00+05:30,13350,13350,13340,13346,1337
2026-06-12T14:25:00+05:30,13346,13350,13338,13350,2599
2026-06-12T14:30:00+05:30,13350,13385,13350,13363,10923
2026-06-12T14:35:00+05:30,13363,13374,13342,13370,3464
2026-06-12T14:40:00+05:30,13370,13395,13353,13355,19300
2026-06-12T14:45:00+05:30,13355,13368,13353,13363,4378
2026-06-12T14:50:00+05:30,13363,13374,13350,13361,9396
2026-06-12T14:55:00+05:30,13361,13378,13357,13364,18659
2026-06-12T15:00:00+05:30,13361,13379,13337,13371,17822
2026-06-12T15:05:00+05:30,13374,13379,13357,13364,25199
2026-06-12T15:10:00+05:30,13364,13390,13351,13388,14816
2026-06-12T15:15:00+05:30,13388,13395,13353,13360,10222
2026-06-12T15:20:00+05:30,13360,13375,13352,13366,15517
2026-06-12T15:25:00+05:30,13366,13380,13349,13350,26216
2026-06-15T09:15:00+05:30,13550,13747,13520,13670,46016
2026-06-15T09:20:00+05:30,13680,13691,13641,13684,13649
2026-06-15T09:25:00+05:30,13684,13698,13630,13666,13557
2026-06-15T09:30:00+05:30,13667,13699,13662,13695,6816
2026-06-15T09:35:00+05:30,13697,13706,13675,13682,6374
2026-06-15T09:40:00+05:30,13682,13769,13677,13766,19724
2026-06-15T09:45:00+05:30,13765,13791,13758,13785,14933
2026-06-15T09:50:00+05:30,13784,13863,13781,13860,26475
2026-06-15T09:55:00+05:30,13860,13880,13836,13845,16045
2026-06-15T10:00:00+05:30,13846,13885,13840,13875,7472
2026-06-15T10:05:00+05:30,13869,13880,13843,13865,10856
2026-06-15T10:10:00+05:30,13859,13865,13841,13851,4031
2026-06-15T10:15:00+05:30,13846,13859,13841,13858,3752
2026-06-15T10:20:00+05:30,13858,13913,13847,13910,17492
2026-06-15T10:25:00+05:30,13910,13913,13900,13905,5212
2026-06-15T10:30:00+05:30,13905,13915,13900,13915,3471
2026-06-15T10:35:00+05:30,13915,13920,13904,13904,3079
2026-06-15T10:40:00+05:30,13909,13920,13906,13909,5876
2026-06-15T10:45:00+05:30,13907,13918,13901,13916,2828
2026-06-15T10:50:00+05:30,13916,13942,13911,13921,10108
2026-06-15T10:55:00+05:30,13921,13930,13915,13920,2286
2026-06-15T11:00:00+05:30,13920,13926,13900,13909,10389
2026-06-15T11:05:00+05:30,13909,13922,13900,13906,6942
2026-06-15T11:10:00+05:30,13906,13930,13902,13929,5089
2026-06-15T11:15:00+05:30,13929,13938,13917,13925,7178
2026-06-15T11:20:00+05:30,13925,13937,13919,13937,8737
2026-06-15T11:25:00+05:30,13937,13954,13933,13953,10316
2026-06-15T11:30:00+05:30,13953,13961,13905,13912,7605
2026-06-15T11:35:00+05:30,13910,13954,13910,13950,16555
2026-06-15T11:40:00+05:30,13950,13953,13927,13930,7192
2026-06-15T11:45:00+05:30,13930,13945,13919,13942,8355
2026-06-15T11:50:00+05:30,13942,13950,13933,13949,1493
2026-06-15T11:55:00+05:30,13949,13950,13931,13941,2293
2026-06-15T12:00:00+05:30,13941,13945,13921,13922,2213
2026-06-15T12:05:00+05:30,13921,13925,13910,13917,3687
2026-06-15T12:10:00+05:30,13917,13936,13908,13910,5367
2026-06-15T12:15:00+05:30,13910,13925,13901,13923,17743
2026-06-15T12:20:00+05:30,13923,13945,13916,13929,9408
2026-06-15T12:25:00+05:30,13929,13939,13913,13929,7847
2026-06-15T12:30:00+05:30,13929,13937,13920,13930,4364
2026-06-15T12:35:00+05:30,13934,13941,13910,13915,7570
2026-06-15T12:40:00+05:30,13915,13917,13900,13905,6112
2026-06-15T12:45:00+05:30,13905,13906,13900,13901,2960
2026-06-15T12:50:00+05:30,13901,13909,13900,13905,4178
2026-06-15T12:55:00+05:30,13905,13910,13900,13902,2880
2026-06-15T13:00:00+05:30,13902,13906,13898,13906,2640
2026-06-15T13:05:00+05:30,13906,13906,13900,13905,2360
2026-06-15T13:10:00+05:30,13905,13926,13904,13913,2204
2026-06-15T13:15:00+05:30,13913,13913,13901,13905,1398
2026-06-15T13:20:00+05:30,13906,13911,13900,13905,2647
2026-06-15T13:25:00+05:30,13905,13910,13900,13907,3228
2026-06-15T13:30:00+05:30,13907,13915,13900,13910,5410
2026-06-15T13:35:00+05:30,13910,13914,13901,13907,1855
2026-06-15T13:40:00+05:30,13907,13907,13900,13907,2487
2026-06-15T13:45:00+05:30,13907,13908,13904,13906,1299
2026-06-15T13:50:00+05:30,13906,13914,13901,13910,4859
2026-06-15T13:55:00+05:30,13906,13912,13905,13910,1791
2026-06-15T14:00:00+05:30,13910,13915,13905,13907,1631
2026-06-15T14:05:00+05:30,13907,13908,13902,13906,1980
2026-06-15T14:10:00+05:30,13906,13907,13902,13905,1190
2026-06-15T14:15:00+05:30,13907,13907,13901,13907,2156
2026-06-15T14:20:00+05:30,13907,13907,13901,13907,1737
2026-06-15T14:25:00+05:30,13907,13908,13901,13906,1608
2026-06-15T14:30:00+05:30,13906,13907,13901,13907,2819
2026-06-15T14:35:00+05:30,13907,13914,13900,13901,7478
2026-06-15T14:40:00+05:30,13901,13905,13861,13871,15081
2026-06-15T14:45:00+05:30,13870,13871,13809,13811,29966
2026-06-15T14:50:00+05:30,13800,13854,13799,13825,18774
2026-06-15T14:55:00+05:30,13825,13834,13811,13820,5571
2026-06-15T15:00:00+05:30,13820,13820,13775,13809,15472
2026-06-15T15:05:00+05:30,13809,13819,13791,13819,11227
2026-06-15T15:10:00+05:30,13819,13819,13797,13809,10963
2026-06-15T15:15:00+05:30,13809,13831,13801,13819,15169
2026-06-15T15:20:00+05:30,13819,13822,13801,13805,13960
2026-06-15T15:25:00+05:30,13805,13813,13770,13806,13418
2026-06-16T09:15:00+05:30,13861,13874,13700,13848,21476
2026-06-16T09:20:00+05:30,13848,13852,13807,13811,10045
2026-06-16T09:25:00+05:30,13811,13824,13788,13822,4478
2026-06-16T09:30:00+05:30,13828,13839,13810,13839,3427
2026-06-16T09:35:00+05:30,13844,13850,13826,13835,3455
2026-06-16T09:40:00+05:30,13832,13835,13815,13820,1526
2026-06-16T09:45:00+05:30,13819,13854,13819,13839,5125
2026-06-16T09:50:00+05:30,13838,13838,13790,13821,18956
2026-06-16T09:55:00+05:30,13821,13830,13807,13814,14658
2026-06-16T10:00:00+05:30,13814,13814,13765,13770,4806
2026-06-16T10:05:00+05:30,13774,13776,13749,13755,4831
2026-06-16T10:10:00+05:30,13750,13774,13748,13774,1809
2026-06-16T10:15:00+05:30,13776,13782,13766,13771,2147
2026-06-16T10:20:00+05:30,13771,13792,13765,13765,1874
2026-06-16T10:25:00+05:30,13765,13772,13762,13770,1057
2026-06-16T10:30:00+05:30,13770,13772,13755,13767,1403
2026-06-16T10:35:00+05:30,13767,13782,13765,13775,1324
2026-06-16T10:40:00+05:30,13776,13778,13734,13740,3608
2026-06-16T10:45:00+05:30,13740,13743,13720,13725,3687
2026-06-16T10:50:00+05:30,13727,13730,13712,13726,2707
2026-06-16T10:55:00+05:30,13724,13728,13720,13725,1863
2026-06-16T11:00:00+05:30,13725,13730,13705,13721,3562
2026-06-16T11:05:00+05:30,13721,13727,13715,13723,1405
2026-06-16T11:10:00+05:30,13718,13731,13710,13720,1591
2026-06-16T11:15:00+05:30,13720,13723,13710,13713,1427
2026-06-16T11:20:00+05:30,13710,13725,13710,13725,1247
2026-06-16T11:25:00+05:30,13725,13729,13708,13713,1370
2026-06-16T11:30:00+05:30,13713,13721,13707,13715,1684
2026-06-16T11:35:00+05:30,13715,13715,13684,13693,4378
2026-06-16T11:40:00+05:30,13684,13690,13662,13681,4189
2026-06-16T11:45:00+05:30,13681,13707,13680,13702,1566
2026-06-16T11:50:00+05:30,13702,13710,13699,13707,1643
2026-06-16T11:55:00+05:30,13707,13710,13691,13704,1813
2026-06-16T12:00:00+05:30,13704,13707,13691,13703,1486
2026-06-16T12:05:00+05:30,13703,13707,13698,13704,849
2026-06-16T12:10:00+05:30,13704,13710,13692,13699,1151
2026-06-16T12:15:00+05:30,13699,13701,13681,13684,2006
2026-06-16T12:20:00+05:30,13684,13700,13678,13688,2074
2026-06-16T12:25:00+05:30,13689,13699,13685,13698,1102
2026-06-16T12:30:00+05:30,13698,13716,13694,13714,1651
2026-06-16T12:35:00+05:30,13714,13714,13699,13700,1621
2026-06-16T12:40:00+05:30,13700,13702,13689,13689,1334
2026-06-16T12:45:00+05:30,13690,13699,13690,13693,791
2026-06-16T12:50:00+05:30,13694,13694,13682,13689,1312
2026-06-16T12:55:00+05:30,13687,13692,13680,13689,1257
2026-06-16T13:00:00+05:30,13689,13694,13677,13684,1562
2026-06-16T13:05:00+05:30,13684,13690,13681,13690,591
2026-06-16T13:10:00+05:30,13688,13698,13683,13685,1348
2026-06-16T13:15:00+05:30,13685,13690,13679,13682,1009
2026-06-16T13:20:00+05:30,13682,13692,13678,13681,1283
2026-06-16T13:25:00+05:30,13681,13688,13678,13682,1159
2026-06-16T13:30:00+05:30,13682,13682,13661,13670,2993
2026-06-16T13:35:00+05:30,13670,13681,13669,13680,1222
2026-06-16T13:40:00+05:30,13680,13691,13679,13682,1968
2026-06-16T13:45:00+05:30,13680,13692,13680,13690,779
2026-06-16T13:50:00+05:30,13690,13696,13676,13677,1363
2026-06-16T13:55:00+05:30,13677,13710,13675,13699,5735
2026-06-16T14:00:00+05:30,13700,13717,13700,13715,3717
2026-06-16T14:05:00+05:30,13715,13715,13702,13713,3587
2026-06-16T14:10:00+05:30,13713,13725,13711,13721,1618
2026-06-16T14:15:00+05:30,13725,13742,13720,13742,21626
2026-06-16T14:20:00+05:30,13743,13743,13732,13741,6677
2026-06-16T14:25:00+05:30,13740,13747,13730,13732,4391
2026-06-16T14:30:00+05:30,13732,13737,13713,13720,2767
2026-06-16T14:35:00+05:30,13719,13721,13696,13716,5852
2026-06-16T14:40:00+05:30,13716,13717,13687,13687,3475
2026-06-16T14:45:00+05:30,13687,13705,13686,13703,2232
2026-06-16T14:50:00+05:30,13704,13710,13698,13710,3260
2026-06-16T14:55:00+05:30,13710,13715,13692,13701,2855
2026-06-16T15:00:00+05:30,13701,13711,13699,13705,6352
2026-06-16T15:05:00+05:30,13705,13705,13689,13689,3927
2026-06-16T15:10:00+05:30,13689,13693,13681,13690,7150
2026-06-16T15:15:00+05:30,13691,13693,13680,13683,7793
2026-06-16T15:20:00+05:30,13683,13698,13683,13696,6291
2026-06-16T15:25:00+05:30,13696,13699,13679,13687,6698
2026-06-17T09:15:00+05:30,13700,13717,13634,13654,7952
2026-06-17T09:20:00+05:30,13654,13669,13644,13644,2373
2026-06-17T09:25:00+05:30,13644,13698,13633,13698,3801
2026-06-17T09:30:00+05:30,13698,13708,13683,13688,5783
2026-06-17T09:35:00+05:30,13683,13702,13679,13702,3576
2026-06-17T09:40:00+05:30,13702,13719,13685,13719,3544
2026-06-17T09:45:00+05:30,13717,13740,13711,13725,4939
2026-06-17T09:50:00+05:30,13725,13729,13714,13715,2143
2026-06-17T09:55:00+05:30,13714,13717,13707,13714,1511
2026-06-17T10:00:00+05:30,13714,13716,13685,13690,2544
2026-06-17T10:05:00+05:30,13690,13699,13683,13696,1402
2026-06-17T10:10:00+05:30,13701,13710,13690,13693,2116
2026-06-17T10:15:00+05:30,13696,13708,13695,13706,1454
2026-06-17T10:20:00+05:30,13703,13706,13698,13702,1032
2026-06-17T10:25:00+05:30,13703,13703,13685,13690,875
2026-06-17T10:30:00+05:30,13690,13693,13683,13688,1082
2026-06-17T10:35:00+05:30,13688,13696,13678,13683,1463
2026-06-17T10:40:00+05:30,13686,13700,13680,13680,2214
2026-06-17T10:45:00+05:30,13680,13681,13660,13666,2334
2026-06-17T10:50:00+05:30,13666,13676,13665,13671,875
2026-06-17T10:55:00+05:30,13671,13680,13669,13676,776
2026-06-17T11:00:00+05:30,13680,13681,13676,13680,580
2026-06-17T11:05:00+05:30,13680,13680,13670,13673,743
2026-06-17T11:10:00+05:30,13674,13675,13651,13660,4388
2026-06-17T11:15:00+05:30,13662,13686,13657,13671,3312
2026-06-17T11:20:00+05:30,13671,13679,13661,13665,1085
2026-06-17T11:25:00+05:30,13661,13685,13661,13680,6169
2026-06-17T11:30:00+05:30,13680,13698,13677,13695,1603
2026-06-17T11:35:00+05:30,13691,13696,13675,13675,8583
2026-06-17T11:40:00+05:30,13674,13703,13669,13703,8582
2026-06-17T11:45:00+05:30,13703,13727,13698,13725,3266
2026-06-17T11:50:00+05:30,13727,13737,13714,13725,3890
2026-06-17T11:55:00+05:30,13725,13733,13710,13716,5452
2026-06-17T12:00:00+05:30,13716,13720,13683,13686,2538
2026-06-17T12:05:00+05:30,13686,13692,13675,13678,2320
2026-06-17T12:10:00+05:30,13678,13684,13671,13682,980
2026-06-17T12:15:00+05:30,13682,13682,13657,13668,3475
2026-06-17T12:20:00+05:30,13668,13673,13656,13661,1600
2026-06-17T12:25:00+05:30,13661,13661,13641,13647,1759
2026-06-17T12:30:00+05:30,13647,13647,13609,13621,3654
2026-06-17T12:35:00+05:30,13621,13639,13620,13621,3408
2026-06-17T12:40:00+05:30,13621,13629,13613,13622,1388
2026-06-17T12:45:00+05:30,13622,13625,13611,13618,2222
2026-06-17T12:50:00+05:30,13618,13625,13605,13607,1472
2026-06-17T12:55:00+05:30,13607,13614,13604,13610,1429
2026-06-17T13:00:00+05:30,13607,13610,13600,13600,1589
2026-06-17T13:05:00+05:30,13604,13604,13560,13565,5066
2026-06-17T13:10:00+05:30,13565,13594,13565,13580,3057
2026-06-17T13:15:00+05:30,13585,13609,13575,13608,2531
2026-06-17T13:20:00+05:30,13605,13614,13603,13610,1592
2026-06-17T13:25:00+05:30,13610,13619,13603,13613,1867
2026-06-17T13:30:00+05:30,13608,13620,13604,13619,1366
2026-06-17T13:35:00+05:30,13619,13628,13616,13623,1713
2026-06-17T13:40:00+05:30,13622,13624,13607,13621,2155
2026-06-17T13:45:00+05:30,13621,13621,13594,13601,2042
2026-06-17T13:50:00+05:30,13600,13602,13576,13594,2440
2026-06-17T13:55:00+05:30,13594,13600,13582,13595,1718
2026-06-17T14:00:00+05:30,13595,13596,13580,13586,2784
2026-06-17T14:05:00+05:30,13586,13609,13581,13601,2226
2026-06-17T14:10:00+05:30,13601,13614,13598,13600,2538
2026-06-17T14:15:00+05:30,13600,13608,13591,13599,2419
2026-06-17T14:20:00+05:30,13601,13601,13587,13590,2295
2026-06-17T14:25:00+05:30,13588,13595,13580,13583,2629
2026-06-17T14:30:00+05:30,13582,13596,13574,13580,3519
2026-06-17T14:35:00+05:30,13577,13603,13577,13602,5321
2026-06-17T14:40:00+05:30,13599,13603,13594,13601,1505
2026-06-17T14:45:00+05:30,13598,13603,13585,13600,2641
2026-06-17T14:50:00+05:30,13599,13600,13575,13592,3259
2026-06-17T14:55:00+05:30,13592,13608,13582,13607,3158
2026-06-17T15:00:00+05:30,13609,13656,13609,13645,12248
2026-06-17T15:05:00+05:30,13645,13659,13637,13642,10027
2026-06-17T15:10:00+05:30,13642,13650,13622,13624,7126
2026-06-17T15:15:00+05:30,13626,13626,13604,13615,7209
2026-06-17T15:20:00+05:30,13615,13620,13610,13619,6727
2026-06-17T15:25:00+05:30,13619,13638,13600,13633,8597
2026-06-18T09:15:00+05:30,13646,13714,13600,13668,9699
2026-06-18T09:20:00+05:30,13668,13677,13655,13664,4180
2026-06-18T09:25:00+05:30,13665,13665,13635,13640,3134
2026-06-18T09:30:00+05:30,13640,13653,13632,13639,2141
2026-06-18T09:35:00+05:30,13639,13640,13614,13639,1510
2026-06-18T09:40:00+05:30,13639,13651,13635,13640,2096
2026-06-18T09:45:00+05:30,13644,13652,13642,13645,894
2026-06-18T09:50:00+05:30,13646,13648,13633,13648,964
2026-06-18T09:55:00+05:30,13648,13666,13642,13652,3846
2026-06-18T10:00:00+05:30,13655,13661,13646,13653,1084
2026-06-18T10:05:00+05:30,13653,13656,13650,13653,550
2026-06-18T10:10:00+05:30,13653,13653,13620,13625,1827
2026-06-18T10:15:00+05:30,13626,13631,13620,13628,732
2026-06-18T10:20:00+05:30,13623,13636,13623,13636,877
2026-06-18T10:25:00+05:30,13636,13642,13624,13625,53585
2026-06-18T10:30:00+05:30,13625,13635,13611,13624,2798
2026-06-18T10:35:00+05:30,13622,13635,13611,13613,1177
2026-06-18T10:40:00+05:30,13612,13612,13590,13602,5218
2026-06-18T10:45:00+05:30,13602,13611,13597,13604,585
2026-06-18T10:50:00+05:30,13603,13604,13585,13590,2181
2026-06-18T10:55:00+05:30,13590,13590,13576,13590,1255
2026-06-18T11:00:00+05:30,13594,13594,13571,13586,2813
2026-06-18T11:05:00+05:30,13586,13586,13579,13585,753
2026-06-18T11:10:00+05:30,13585,13586,13561,13565,1968
2026-06-18T11:15:00+05:30,13565,13565,13523,13541,5545
2026-06-18T11:20:00+05:30,13534,13550,13516,13549,2951
2026-06-18T11:25:00+05:30,13549,13551,13525,13526,1860
2026-06-18T11:30:00+05:30,13526,13526,13490,13509,5268
2026-06-18T11:35:00+05:30,13509,13509,13467,13473,6304
2026-06-18T11:40:00+05:30,13473,13473,13442,13451,8164
2026-06-18T11:45:00+05:30,13451,13468,13437,13442,15949
2026-06-18T11:50:00+05:30,13442,13456,13437,13456,5079
2026-06-18T11:55:00+05:30,13456,13461,13455,13460,1889
2026-06-18T12:00:00+05:30,13459,13480,13456,13461,3742
2026-06-18T12:05:00+05:30,13460,13461,13455,13458,2605
2026-06-18T12:10:00+05:30,13458,13460,13451,13455,2713
2026-06-18T12:15:00+05:30,13458,13483,13455,13477,3200
2026-06-18T12:20:00+05:30,13477,13481,13462,13465,2795
2026-06-18T12:25:00+05:30,13465,13474,13459,13470,4507
2026-06-18T12:30:00+05:30,13470,13475,13459,13468,3473
2026-06-18T12:35:00+05:30,13468,13468,13451,13459,4138
2026-06-18T12:40:00+05:30,13459,13477,13451,13474,4047
2026-06-18T12:45:00+05:30,13474,13478,13465,13471,5821
2026-06-18T12:50:00+05:30,13471,13482,13469,13482,2805
2026-06-18T12:55:00+05:30,13491,13507,13485,13502,5819
2026-06-18T13:00:00+05:30,13502,13511,13501,13511,3665
2026-06-18T13:05:00+05:30,13508,13520,13503,13508,11465
2026-06-18T13:10:00+05:30,13503,13515,13500,13500,2247
2026-06-18T13:15:00+05:30,13501,13509,13477,13489,3661
2026-06-18T13:20:00+05:30,13490,13498,13483,13486,1074
2026-06-18T13:25:00+05:30,13486,13490,13481,13484,10035
2026-06-18T13:30:00+05:30,13484,13509,13479,13506,1219
2026-06-18T13:35:00+05:30,13506,13506,13487,13492,1659
2026-06-18T13:40:00+05:30,13492,13492,13481,13488,1001
2026-06-18T13:45:00+05:30,13487,13500,13483,13494,2388
2026-06-18T13:50:00+05:30,13494,13495,13485,13493,869
2026-06-18T13:55:00+05:30,13493,13497,13484,13484,617
2026-06-18T14:00:00+05:30,13489,13490,13460,13467,2189
2026-06-18T14:05:00+05:30,13467,13470,13451,13451,1598
2026-06-18T14:10:00+05:30,13455,13461,13445,13458,2368
2026-06-18T14:15:00+05:30,13458,13458,13440,13446,2520
2026-06-18T14:20:00+05:30,13445,13455,13443,13454,1254
2026-06-18T14:25:00+05:30,13454,13458,13440,13446,1975
2026-06-18T14:30:00+05:30,13447,13447,13434,13446,1958
2026-06-18T14:35:00+05:30,13446,13461,13443,13457,3501
2026-06-18T14:40:00+05:30,13457,13458,13445,13445,1630
2026-06-18T14:45:00+05:30,13446,13460,13441,13445,3041
2026-06-18T14:50:00+05:30,13445,13458,13442,13450,2911
2026-06-18T14:55:00+05:30,13450,13452,13433,13452,18372
2026-06-18T15:00:00+05:30,13451,13479,13450,13471,12737
2026-06-18T15:05:00+05:30,13472,13493,13470,13490,14137
2026-06-18T15:10:00+05:30,13490,13492,13479,13485,12217
2026-06-18T15:15:00+05:30,13480,13493,13480,13493,12238
2026-06-18T15:20:00+05:30,13494,13498,13486,13494,17824
2026-06-18T15:25:00+05:30,13494,13501,13482,13501,9525
2026-06-19T09:15:00+05:30,13484,13507,13444,13468,10287
2026-06-19T09:20:00+05:30,13469,13475,13421,13433,5903
2026-06-19T09:25:00+05:30,13433,13453,13433,13441,2379
2026-06-19T09:30:00+05:30,13441,13446,13420,13436,3326
2026-06-19T09:35:00+05:30,13436,13446,13415,13425,2396
2026-06-19T09:40:00+05:30,13421,13440,13420,13422,1131
2026-06-19T09:45:00+05:30,13422,13425,13402,13406,2526
2026-06-19T09:50:00+05:30,13406,13424,13406,13420,1596
2026-06-19T09:55:00+05:30,13422,13422,13403,13411,1840
2026-06-19T10:00:00+05:30,13411,13412,13395,13410,4577
2026-06-19T10:05:00+05:30,13409,13428,13405,13428,2742
2026-06-19T10:10:00+05:30,13428,13442,13428,13442,1760
2026-06-19T10:15:00+05:30,13446,13446,13430,13431,2905
2026-06-19T10:20:00+05:30,13431,13431,13402,13409,2838
2026-06-19T10:25:00+05:30,13410,13415,13404,13404,1323
2026-06-19T10:30:00+05:30,13405,13411,13404,13405,1091
2026-06-19T10:35:00+05:30,13409,13425,13405,13425,1840
2026-06-19T10:40:00+05:30,13425,13437,13424,13435,1810
2026-06-19T10:45:00+05:30,13435,13446,13435,13435,2956
2026-06-19T10:50:00+05:30,13434,13439,13413,13417,2608
2026-06-19T10:55:00+05:30,13422,13430,13417,13424,799
2026-06-19T11:00:00+05:30,13427,13429,13416,13422,1780
2026-06-19T11:05:00+05:30,13426,13426,13410,13417,1035
2026-06-19T11:10:00+05:30,13413,13421,13410,13415,2418
2026-06-19T11:15:00+05:30,13414,13426,13407,13422,4391
2026-06-19T11:20:00+05:30,13422,13433,13420,13431,1585
2026-06-19T11:25:00+05:30,13433,13433,13421,13427,988
2026-06-19T11:30:00+05:30,13427,13443,13420,13432,3417
2026-06-19T11:35:00+05:30,13432,13434,13420,13423,4118
2026-06-19T11:40:00+05:30,13427,13427,13410,13412,1242
2026-06-19T11:45:00+05:30,13399,13403,13378,13388,8207
2026-06-19T11:50:00+05:30,13389,13399,13380,13395,2973
2026-06-19T11:55:00+05:30,13395,13415,13392,13415,1764
2026-06-19T12:00:00+05:30,13410,13431,13409,13417,2427
2026-06-19T12:05:00+05:30,13417,13428,13412,13420,1523
2026-06-19T12:10:00+05:30,13422,13428,13419,13421,2294
2026-06-19T12:15:00+05:30,13421,13426,13416,13418,426
2026-06-19T12:20:00+05:30,13418,13425,13418,13420,642
2026-06-19T12:25:00+05:30,13420,13430,13417,13420,1184
2026-06-19T12:30:00+05:30,13420,13427,13418,13420,906
2026-06-19T12:35:00+05:30,13420,13433,13420,13432,1700
2026-06-19T12:40:00+05:30,13432,13440,13427,13432,4649
2026-06-19T12:45:00+05:30,13432,13435,13427,13429,1685
2026-06-19T12:50:00+05:30,13429,13435,13401,13404,2744
2026-06-19T12:55:00+05:30,13404,13429,13402,13420,2810
2026-06-19T13:00:00+05:30,13420,13422,13404,13414,5511
2026-06-19T13:05:00+05:30,13414,13416,13395,13399,5307
2026-06-19T13:10:00+05:30,13399,13405,13390,13402,4072
2026-06-19T13:15:00+05:30,13402,13409,13389,13390,4233
2026-06-19T13:20:00+05:30,13395,13400,13387,13397,3221
2026-06-19T13:25:00+05:30,13395,13406,13395,13406,2010
2026-06-19T13:30:00+05:30,13406,13420,13400,13417,2275
2026-06-19T13:35:00+05:30,13417,13428,13415,13424,1591
2026-06-19T13:40:00+05:30,13424,13430,13419,13421,3822
2026-06-19T13:45:00+05:30,13421,13431,13418,13423,5853
2026-06-19T13:50:00+05:30,13423,13430,13415,13422,4045
2026-06-19T13:55:00+05:30,13416,13429,13415,13424,4104
2026-06-19T14:00:00+05:30,13422,13429,13418,13424,3180
2026-06-19T14:05:00+05:30,13427,13429,13415,13420,4262
2026-06-19T14:10:00+05:30,13423,13445,13415,13425,14129
2026-06-19T14:15:00+05:30,13425,13442,13418,13426,17535
2026-06-19T14:20:00+05:30,13426,13429,13419,13421,3682
2026-06-19T14:25:00+05:30,13421,13426,13415,13415,3441
2026-06-19T14:30:00+05:30,13417,13440,13417,13434,4853
2026-06-19T14:35:00+05:30,13434,13450,13430,13430,8452
2026-06-19T14:40:00+05:30,13432,13435,13430,13433,1409
2026-06-19T14:45:00+05:30,13433,13435,13430,13434,1201
2026-06-19T14:50:00+05:30,13435,13435,13391,13393,5032
2026-06-19T14:55:00+05:30,13393,13406,13385,13400,3523
2026-06-19T15:00:00+05:30,13399,13407,13353,13403,99509
2026-06-19T15:05:00+05:30,13400,13408,13383,13398,81695
2026-06-19T15:10:00+05:30,13396,13408,13386,13393,82611
2026-06-19T15:15:00+05:30,13394,13405,13375,13399,85788
2026-06-19T15:20:00+05:30,13400,13419,13397,13419,78621
2026-06-19T15:25:00+05:30,13414,13435,13390,13422,58514
2026-06-22T09:15:00+05:30,13450,13473,13407,13409,5864
2026-06-22T09:20:00+05:30,13419,13427,13385,13387,5078
2026-06-22T09:25:00+05:30,13392,13413,13383,13403,2049
2026-06-22T09:30:00+05:30,13393,13419,13393,13406,3780
2026-06-22T09:35:00+05:30,13411,13416,13400,13410,1268
2026-06-22T09:40:00+05:30,13405,13410,13384,13384,2488
2026-06-22T09:45:00+05:30,13384,13390,13380,13385,1266
2026-06-22T09:50:00+05:30,13385,13407,13385,13403,1916
2026-06-22T09:55:00+05:30,13403,13418,13401,13418,1299
2026-06-22T10:00:00+05:30,13418,13435,13417,13429,3947
2026-06-22T10:05:00+05:30,13425,13425,13410,13419,2003
2026-06-22T10:10:00+05:30,13419,13421,13413,13414,665
2026-06-22T10:15:00+05:30,13414,13415,13392,13406,1842
2026-06-22T10:20:00+05:30,13405,13418,13405,13408,580
2026-06-22T10:25:00+05:30,13407,13413,13405,13411,692
2026-06-22T10:30:00+05:30,13411,13413,13396,13403,660
2026-06-22T10:35:00+05:30,13402,13429,13400,13429,1211
2026-06-22T10:40:00+05:30,13429,13435,13423,13432,2076
2026-06-22T10:45:00+05:30,13432,13445,13432,13438,2434
2026-06-22T10:50:00+05:30,13441,13450,13430,13450,1831
2026-06-22T10:55:00+05:30,13449,13452,13434,13440,2565
2026-06-22T11:00:00+05:30,13440,13440,13425,13425,1433
2026-06-22T11:05:00+05:30,13425,13438,13415,13437,920
2026-06-22T11:10:00+05:30,13436,13438,13425,13428,1120
2026-06-22T11:15:00+05:30,13428,13459,13423,13459,2792
2026-06-22T11:20:00+05:30,13459,13459,13436,13454,6041
2026-06-22T11:25:00+05:30,13454,13458,13447,13456,4230
2026-06-22T11:30:00+05:30,13456,13480,13450,13476,6499
2026-06-22T11:35:00+05:30,13476,13485,13470,13475,3100
2026-06-22T11:40:00+05:30,13475,13476,13440,13440,5356
2026-06-22T11:45:00+05:30,13441,13471,13435,13466,9558
2026-06-22T11:50:00+05:30,13466,13483,13458,13479,2265
2026-06-22T11:55:00+05:30,13480,13480,13468,13470,1610
2026-06-22T12:00:00+05:30,13470,13476,13461,13469,1349
2026-06-22T12:05:00+05:30,13469,13472,13460,13470,2318
2026-06-22T12:10:00+05:30,13472,13482,13471,13475,1533
2026-06-22T12:15:00+05:30,13472,13480,13470,13474,1522
2026-06-22T12:20:00+05:30,13477,13482,13470,13478,1506
2026-06-22T12:25:00+05:30,13479,13482,13472,13478,2300
2026-06-22T12:30:00+05:30,13479,13481,13474,13476,1655
2026-06-22T12:35:00+05:30,13477,13482,13470,13470,1758
2026-06-22T12:40:00+05:30,13473,13480,13471,13479,1507
2026-06-22T12:45:00+05:30,13475,13480,13474,13476,1518
2026-06-22T12:50:00+05:30,13480,13480,13476,13480,1356
2026-06-22T12:55:00+05:30,13480,13480,13474,13480,2088
2026-06-22T13:00:00+05:30,13480,13480,13471,13471,1939
2026-06-22T13:05:00+05:30,13476,13480,13471,13477,6930
2026-06-22T13:10:00+05:30,13477,13478,13450,13455,8129
2026-06-22T13:15:00+05:30,13454,13468,13450,13467,4339
2026-06-22T13:20:00+05:30,13468,13480,13465,13478,3377
2026-06-22T13:25:00+05:30,13478,13478,13470,13477,1842
2026-06-22T13:30:00+05:30,13477,13477,13470,13472,4743
2026-06-22T13:35:00+05:30,13472,13472,13455,13461,4144
2026-06-22T13:40:00+05:30,13461,13464,13450,13463,5641
2026-06-22T13:45:00+05:30,13463,13472,13453,13470,6358
2026-06-22T13:50:00+05:30,13471,13476,13470,13474,2517
2026-06-22T13:55:00+05:30,13474,13480,13470,13480,2360
2026-06-22T14:00:00+05:30,13475,13481,13470,13472,2136
2026-06-22T14:05:00+05:30,13473,13479,13470,13477,2043
2026-06-22T14:10:00+05:30,13477,13479,13474,13479,2013
2026-06-22T14:15:00+05:30,13479,13480,13475,13480,1932
2026-06-22T14:20:00+05:30,13480,13494,13480,13494,2912
2026-06-22T14:25:00+05:30,13494,13495,13483,13493,2713
2026-06-22T14:30:00+05:30,13492,13494,13445,13455,6263
2026-06-22T14:35:00+05:30,13455,13462,13445,13451,2962
2026-06-22T14:40:00+05:30,13451,13452,13410,13410,4608
2026-06-22T14:45:00+05:30,13410,13451,13410,13443,9082
2026-06-22T14:50:00+05:30,13443,13443,13438,13442,2060
2026-06-22T14:55:00+05:30,13442,13445,13428,13439,4073
2026-06-22T15:00:00+05:30,13439,13445,13425,13434,8809
2026-06-22T15:05:00+05:30,13435,13435,13415,13420,4721
2026-06-22T15:10:00+05:30,13420,13424,13413,13418,9405
2026-06-22T15:15:00+05:30,13418,13421,13413,13421,5858
2026-06-22T15:20:00+05:30,13421,13435,13403,13407,11780
2026-06-22T15:25:00+05:30,13407,13423,13403,13410,7449
2026-06-23T09:15:00+05:30,13420,13420,13356,13381,7562
2026-06-23T09:20:00+05:30,13387,13409,13387,13402,4445
2026-06-23T09:25:00+05:30,13402,13415,13401,13407,3447
2026-06-23T09:30:00+05:30,13407,13414,13391,13400,2227
2026-06-23T09:35:00+05:30,13400,13402,13390,13397,1256
2026-06-23T09:40:00+05:30,13397,13403,13397,13402,756
2026-06-23T09:45:00+05:30,13400,13400,13396,13396,580
2026-06-23T09:50:00+05:30,13396,13400,13387,13392,1379
2026-06-23T09:55:00+05:30,13396,13396,13376,13388,867
2026-06-23T10:00:00+05:30,13386,13393,13371,13375,1596
2026-06-23T10:05:00+05:30,13375,13385,13361,13380,3592
2026-06-23T10:10:00+05:30,13380,13381,13358,13361,4463
2026-06-23T10:15:00+05:30,13361,13361,13340,13353,2696
2026-06-23T10:20:00+05:30,13353,13360,13350,13350,1606
2026-06-23T10:25:00+05:30,13351,13351,13341,13345,1793
2026-06-23T10:30:00+05:30,13347,13348,13321,13334,3476
2026-06-23T10:35:00+05:30,13335,13358,13335,13349,1875
2026-06-23T10:40:00+05:30,13349,13355,13344,13349,1084
2026-06-23T10:45:00+05:30,13344,13355,13311,13323,3007
2026-06-23T10:50:00+05:30,13323,13325,13316,13317,2128
2026-06-23T10:55:00+05:30,13317,13326,13315,13316,2377
2026-06-23T11:00:00+05:30,13316,13316,13295,13295,4396
2026-06-23T11:05:00+05:30,13295,13310,13295,13310,1571
2026-06-23T11:10:00+05:30,13310,13312,13298,13300,2955
2026-06-23T11:15:00+05:30,13300,13305,13297,13300,1791
2026-06-23T11:20:00+05:30,13300,13302,13285,13300,9205
2026-06-23T11:25:00+05:30,13300,13325,13299,13313,5342
2026-06-23T11:30:00+05:30,13313,13316,13306,13310,1520
2026-06-23T11:35:00+05:30,13310,13311,13302,13305,2065
2026-06-23T11:40:00+05:30,13305,13308,13290,13291,1260
2026-06-23T11:45:00+05:30,13291,13307,13274,13280,9181
2026-06-23T11:50:00+05:30,13280,13302,13274,13276,9876
2026-06-23T11:55:00+05:30,13279,13279,13236,13247,17886
2026-06-23T12:00:00+05:30,13247,13259,13240,13250,3520
2026-06-23T12:05:00+05:30,13250,13275,13248,13274,2224
2026-06-23T12:10:00+05:30,13274,13278,13266,13276,2578
2026-06-23T12:15:00+05:30,13276,13286,13273,13279,3300
2026-06-23T12:20:00+05:30,13277,13300,13264,13298,6983
2026-06-23T12:25:00+05:30,13298,13313,13294,13310,11055
2026-06-23T12:30:00+05:30,13306,13315,13300,13310,3045
2026-06-23T12:35:00+05:30,13310,13350,13307,13340,5508
2026-06-23T12:40:00+05:30,13340,13347,13332,13341,2591
2026-06-23T12:45:00+05:30,13341,13359,13331,13332,4271
2026-06-23T12:50:00+05:30,13332,13346,13329,13340,4217
2026-06-23T12:55:00+05:30,13339,13369,13339,13355,3852
2026-06-23T13:00:00+05:30,13355,13361,13341,13354,2143
2026-06-23T13:05:00+05:30,13354,13370,13350,13367,2954
2026-06-23T13:10:00+05:30,13367,13383,13361,13375,6597
2026-06-23T13:15:00+05:30,13376,13381,13361,13366,5295
2026-06-23T13:20:00+05:30,13366,13371,13361,13363,7226
2026-06-23T13:25:00+05:30,13363,13370,13361,13370,6910
2026-06-23T13:30:00+05:30,13370,13370,13339,13341,3916
2026-06-23T13:35:00+05:30,13341,13365,13337,13356,4596
2026-06-23T13:40:00+05:30,13356,13375,13353,13368,2992
2026-06-23T13:45:00+05:30,13369,13400,13369,13384,4215
2026-06-23T13:50:00+05:30,13384,13393,13380,13380,1858
2026-06-23T13:55:00+05:30,13380,13387,13365,13372,4143
2026-06-23T14:00:00+05:30,13372,13380,13360,13370,3672
2026-06-23T14:05:00+05:30,13370,13385,13367,13380,3136
2026-06-23T14:10:00+05:30,13380,13416,13380,13404,5635
2026-06-23T14:15:00+05:30,13404,13420,13397,13413,5401
2026-06-23T14:20:00+05:30,13413,13439,13412,13438,6034
2026-06-23T14:25:00+05:30,13438,13460,13430,13458,5575
2026-06-23T14:30:00+05:30,13458,13458,13432,13442,4485
2026-06-23T14:35:00+05:30,13442,13450,13430,13446,4651
2026-06-23T14:40:00+05:30,13446,13471,13432,13469,6889
2026-06-23T14:45:00+05:30,13469,13496,13457,13496,7990
2026-06-23T14:50:00+05:30,13496,13528,13485,13522,9521
2026-06-23T14:55:00+05:30,13522,13549,13508,13516,9899
2026-06-23T15:00:00+05:30,13516,13519,13408,13443,25985
2026-06-23T15:05:00+05:30,13443,13467,13438,13460,21596
2026-06-23T15:10:00+05:30,13460,13478,13445,13470,18574
2026-06-23T15:15:00+05:30,13470,13470,13441,13464,7860
2026-06-23T15:20:00+05:30,13464,13468,13460,13460,14815
2026-06-23T15:25:00+05:30,13460,13461,13430,13430,10897
2026-06-24T09:15:00+05:30,13440,13440,13360,13360,7993
2026-06-24T09:20:00+05:30,13354,13365,13326,13327,6514
2026-06-24T09:25:00+05:30,13327,13327,13300,13307,6540
2026-06-24T09:30:00+05:30,13309,13311,13290,13296,6466
2026-06-24T09:35:00+05:30,13296,13320,13296,13308,2825
2026-06-24T09:40:00+05:30,13305,13320,13280,13284,3673
2026-06-24T09:45:00+05:30,13278,13287,13253,13253,3810
2026-06-24T09:50:00+05:30,13250,13272,13245,13262,3817
2026-06-24T09:55:00+05:30,13265,13280,13258,13262,4051
2026-06-24T10:00:00+05:30,13260,13295,13260,13284,2366
2026-06-24T10:05:00+05:30,13285,13288,13277,13281,2359
2026-06-24T10:10:00+05:30,13281,13293,13278,13293,2132
2026-06-24T10:15:00+05:30,13291,13293,13282,13282,1515
2026-06-24T10:20:00+05:30,13282,13302,13280,13302,1680
2026-06-24T10:25:00+05:30,13302,13310,13285,13289,3415
2026-06-24T10:30:00+05:30,13290,13290,13273,13277,2236
2026-06-24T10:35:00+05:30,13281,13283,13276,13276,1667
2026-06-24T10:40:00+05:30,13275,13281,13263,13268,2448
2026-06-24T10:45:00+05:30,13265,13285,13264,13271,2385
2026-06-24T10:50:00+05:30,13277,13285,13270,13275,1537
2026-06-24T10:55:00+05:30,13280,13282,13272,13277,1303
2026-06-24T11:00:00+05:30,13277,13288,13261,13261,2099
2026-06-24T11:05:00+05:30,13261,13273,13258,13268,2083
2026-06-24T11:10:00+05:30,13270,13270,13258,13264,2113
2026-06-24T11:15:00+05:30,13261,13264,13251,13253,2652
2026-06-24T11:20:00+05:30,13252,13255,13231,13236,4623
2026-06-24T11:25:00+05:30,13236,13247,13236,13242,2180
2026-06-24T11:30:00+05:30,13242,13259,13228,13231,4094
2026-06-24T11:35:00+05:30,13230,13244,13227,13239,3280
2026-06-24T11:40:00+05:30,13239,13239,13232,13238,2486
2026-06-24T11:45:00+05:30,13238,13244,13230,13240,3353
2026-06-24T11:50:00+05:30,13240,13254,13238,13254,2897
2026-06-24T11:55:00+05:30,13254,13267,13254,13266,5026
2026-06-24T12:00:00+05:30,13266,13273,13257,13273,4989
2026-06-24T12:05:00+05:30,13273,13278,13269,13275,6488
2026-06-24T12:10:00+05:30,13271,13274,13262,13262,5873
2026-06-24T12:15:00+05:30,13262,13263,13250,13259,4354
2026-06-24T12:20:00+05:30,13259,13259,13247,13252,6832
2026-06-24T12:25:00+05:30,13252,13252,13241,13251,2830
2026-06-24T12:30:00+05:30,13251,13251,13222,13230,3761
2026-06-24T12:35:00+05:30,13230,13236,13227,13232,1899
2026-06-24T12:40:00+05:30,13232,13235,13211,13212,3082
2026-06-24T12:45:00+05:30,13211,13215,13210,13211,2832
2026-06-24T12:50:00+05:30,13215,13231,13215,13230,3211
2026-06-24T12:55:00+05:30,13230,13243,13221,13241,3891
2026-06-24T13:00:00+05:30,13238,13244,13238,13241,1371
2026-06-24T13:05:00+05:30,13242,13260,13238,13257,14183
2026-06-24T13:10:00+05:30,13257,13275,13257,13271,4300
2026-06-24T13:15:00+05:30,13271,13302,13270,13285,7398
2026-06-24T13:20:00+05:30,13286,13294,13285,13294,3377
2026-06-24T13:25:00+05:30,13294,13302,13293,13299,4176
2026-06-24T13:30:00+05:30,13299,13311,13295,13311,3735
2026-06-24T13:35:00+05:30,13311,13342,13308,13335,8091
2026-06-24T13:40:00+05:30,13335,13335,13296,13297,4423
2026-06-24T13:45:00+05:30,13297,13309,13297,13297,3165
2026-06-24T13:50:00+05:30,13297,13298,13290,13293,2760
2026-06-24T13:55:00+05:30,13293,13310,13291,13310,5660
2026-06-24T14:00:00+05:30,13310,13310,13301,13307,2085
2026-06-24T14:05:00+05:30,13307,13319,13301,13315,4486
2026-06-24T14:10:00+05:30,13317,13331,13316,13320,2316
2026-06-24T14:15:00+05:30,13320,13327,13320,13324,2320
2026-06-24T14:20:00+05:30,13324,13334,13320,13334,3255
2026-06-24T14:25:00+05:30,13334,13334,13330,13330,2664
2026-06-24T14:30:00+05:30,13332,13332,13310,13310,9745
2026-06-24T14:35:00+05:30,13311,13316,13264,13268,10262
2026-06-24T14:40:00+05:30,13268,13296,13268,13277,5694
2026-06-24T14:45:00+05:30,13277,13278,13251,13256,5301
2026-06-24T14:50:00+05:30,13253,13268,13253,13262,3505
2026-06-24T14:55:00+05:30,13262,13267,13255,13255,3633
2026-06-24T15:00:00+05:30,13256,13273,13250,13264,8558
2026-06-24T15:05:00+05:30,13263,13273,13258,13266,9032
2026-06-24T15:10:00+05:30,13266,13269,13245,13245,6636
2026-06-24T15:15:00+05:30,13244,13265,13231,13231,8586
2026-06-24T15:20:00+05:30,13235,13240,13230,13238,10227
2026-06-24T15:25:00+05:30,13238,13238,13201,13209,7950
2026-06-25T09:15:00+05:30,13358,13535,13326,13518,37148
2026-06-25T09:20:00+05:30,13510,13549,13484,13546,25256
2026-06-25T09:25:00+05:30,13535,13604,13535,13575,25958
2026-06-25T09:30:00+05:30,13573,13625,13568,13596,12956
2026-06-25T09:35:00+05:30,13593,13637,13583,13628,14768
2026-06-25T09:40:00+05:30,13628,13635,13605,13614,8058
2026-06-25T09:45:00+05:30,13610,13657,13610,13655,14202
2026-06-25T09:50:00+05:30,13655,13690,13584,13609,52725
2026-06-25T09:55:00+05:30,13608,13620,13597,13600,5791
2026-06-25T10:00:00+05:30,13600,13621,13598,13619,5737
2026-06-25T10:05:00+05:30,13619,13649,13594,13642,10487
2026-06-25T10:10:00+05:30,13644,13688,13640,13680,10411
2026-06-25T10:15:00+05:30,13680,13730,13680,13718,42739
2026-06-25T10:20:00+05:30,13725,13748,13720,13740,12594
2026-06-25T10:25:00+05:30,13740,13765,13730,13748,13813
2026-06-25T10:30:00+05:30,13748,13760,13705,13711,35745
2026-06-25T10:35:00+05:30,13711,13725,13684,13704,5921
2026-06-25T10:40:00+05:30,13704,13755,13695,13752,8569
2026-06-25T10:45:00+05:30,13753,13857,13747,13830,55155
2026-06-25T10:50:00+05:30,13830,13845,13821,13845,12655
2026-06-25T10:55:00+05:30,13850,13866,13826,13830,14072
2026-06-25T11:00:00+05:30,13827,13830,13811,13824,6029
2026-06-25T11:05:00+05:30,13824,13837,13801,13837,6263
2026-06-25T11:10:00+05:30,13837,13849,13814,13818,4835
2026-06-25T11:15:00+05:30,13819,13855,13811,13852,12731
2026-06-25T11:20:00+05:30,13852,13857,13840,13840,16291
2026-06-25T11:25:00+05:30,13842,13890,13840,13890,10197
2026-06-25T11:30:00+05:30,13890,13890,13841,13851,16145
2026-06-25T11:35:00+05:30,13851,13851,13826,13847,5052
2026-06-25T11:40:00+05:30,13847,13850,13840,13843,2856
2026-06-25T11:45:00+05:30,13843,13857,13840,13853,8471
2026-06-25T11:50:00+05:30,13853,13853,13840,13842,3705
2026-06-25T11:55:00+05:30,13842,13853,13840,13846,2800
2026-06-25T12:00:00+05:30,13846,13849,13839,13844,10626
2026-06-25T12:05:00+05:30,13844,13848,13840,13840,2008
2026-06-25T12:10:00+05:30,13845,13869,13812,13860,22485
2026-06-25T12:15:00+05:30,13860,13899,13855,13896,11286
2026-06-25T12:20:00+05:30,13899,13910,13889,13901,13244
2026-06-25T12:25:00+05:30,13905,13917,13899,13905,8342
2026-06-25T12:30:00+05:30,13904,13904,13875,13884,6892
2026-06-25T12:35:00+05:30,13884,13895,13880,13888,4090
2026-06-25T12:40:00+05:30,13888,13900,13880,13895,4108
2026-06-25T12:45:00+05:30,13895,13899,13872,13888,4186
2026-06-25T12:50:00+05:30,13888,13901,13884,13900,5469
2026-06-25T12:55:00+05:30,13900,13904,13894,13900,4043
2026-06-25T13:00:00+05:30,13900,13900,13874,13896,4552
2026-06-25T13:05:00+05:30,13895,13898,13860,13875,6166
2026-06-25T13:10:00+05:30,13875,13882,13863,13864,4292
2026-06-25T13:15:00+05:30,13863,13892,13855,13889,5951
2026-06-25T13:20:00+05:30,13889,13890,13880,13887,5512
2026-06-25T13:25:00+05:30,13886,13888,13869,13871,5032
2026-06-25T13:30:00+05:30,13871,13875,13862,13867,5078
2026-06-25T13:35:00+05:30,13867,13882,13862,13880,4601
2026-06-25T13:40:00+05:30,13879,13887,13872,13882,4896
2026-06-25T13:45:00+05:30,13882,13889,13875,13881,5291
2026-06-25T13:50:00+05:30,13881,13881,13860,13868,6194
2026-06-25T13:55:00+05:30,13868,13869,13786,13800,40204
2026-06-25T14:00:00+05:30,13798,13801,13791,13800,7779
2026-06-25T14:05:00+05:30,13800,13800,13791,13799,7243
2026-06-25T14:10:00+05:30,13799,13799,13774,13785,8796
2026-06-25T14:15:00+05:30,13785,13793,13764,13769,8858
2026-06-25T14:20:00+05:30,13769,13772,13745,13755,10557
2026-06-25T14:25:00+05:30,13754,13773,13747,13768,9197
2026-06-25T14:30:00+05:30,13768,13777,13748,13750,8164
2026-06-25T14:35:00+05:30,13750,13780,13747,13751,14643
2026-06-25T14:40:00+05:30,13751,13760,13707,13711,18191
2026-06-25T14:45:00+05:30,13711,13750,13711,13733,10279
2026-06-25T14:50:00+05:30,13730,13778,13730,13764,11039
2026-06-25T14:55:00+05:30,13764,13787,13748,13760,10656
2026-06-25T15:00:00+05:30,13760,13760,13710,13740,29114
2026-06-25T15:05:00+05:30,13740,13772,13728,13739,28052
2026-06-25T15:10:00+05:30,13739,13756,13736,13738,19853
2026-06-25T15:15:00+05:30,13740,13762,13737,13750,24604
2026-06-25T15:20:00+05:30,13750,13765,13742,13762,21577
2026-06-25T15:25:00+05:30,13762,13772,13750,13753,16943
2026-06-29T09:15:00+05:30,13740,13840,13735,13780,16134
2026-06-29T09:20:00+05:30,13783,13795,13730,13730,4636
2026-06-29T09:25:00+05:30,13725,13752,13704,13748,5126
2026-06-29T09:30:00+05:30,13748,13755,13728,13729,3860
2026-06-29T09:35:00+05:30,13725,13761,13715,13761,3574
2026-06-29T09:40:00+05:30,13764,13793,13741,13757,6408
2026-06-29T09:45:00+05:30,13759,13767,13741,13754,3482
2026-06-29T09:50:00+05:30,13755,13756,13700,13715,6309
2026-06-29T09:55:00+05:30,13712,13721,13697,13711,6023
2026-06-29T10:00:00+05:30,13711,13723,13700,13716,3217
2026-06-29T10:05:00+05:30,13716,13730,13692,13693,3158
2026-06-29T10:10:00+05:30,13693,13694,13671,13681,3655
2026-06-29T10:15:00+05:30,13681,13694,13655,13663,3768
2026-06-29T10:20:00+05:30,13661,13695,13651,13677,9959
2026-06-29T10:25:00+05:30,13678,13695,13671,13671,3180
2026-06-29T10:30:00+05:30,13670,13682,13666,13677,2325
2026-06-29T10:35:00+05:30,13678,13682,13663,13669,4700
2026-06-29T10:40:00+05:30,13667,13670,13656,13657,3426
2026-06-29T10:45:00+05:30,13658,13664,13633,13637,5023
2026-06-29T10:50:00+05:30,13638,13638,13621,13622,4246
2026-06-29T10:55:00+05:30,13622,13636,13620,13626,3253
2026-06-29T11:00:00+05:30,13626,13629,13612,13626,4134
2026-06-29T11:05:00+05:30,13626,13629,13605,13607,3382
2026-06-29T11:10:00+05:30,13605,13624,13603,13606,3452
2026-06-29T11:15:00+05:30,13605,13616,13594,13609,4471
2026-06-29T11:20:00+05:30,13606,13618,13601,13602,3461
2026-06-29T11:25:00+05:30,13601,13607,13572,13575,5252
2026-06-29T11:30:00+05:30,13579,13612,13572,13573,12888
2026-06-29T11:35:00+05:30,13581,13581,13555,13561,6311
2026-06-29T11:40:00+05:30,13566,13584,13559,13579,6160
2026-06-29T11:45:00+05:30,13581,13587,13575,13576,4490
2026-06-29T11:50:00+05:30,13577,13578,13555,13559,4972
2026-06-29T11:55:00+05:30,13556,13564,13550,13551,3899
2026-06-29T12:00:00+05:30,13550,13556,13539,13547,4183
2026-06-29T12:05:00+05:30,13546,13552,13525,13533,5009
2026-06-29T12:10:00+05:30,13533,13534,13515,13522,5123
2026-06-29T12:15:00+05:30,13522,13543,13511,13536,9353
2026-06-29T12:20:00+05:30,13536,13577,13536,13572,9380
2026-06-29T12:25:00+05:30,13571,13585,13485,13492,37071
2026-06-29T12:30:00+05:30,13498,13501,13452,13473,14113
2026-06-29T12:35:00+05:30,13469,13469,13452,13456,4709
2026-06-29T12:40:00+05:30,13457,13465,13422,13425,13015
2026-06-29T12:45:00+05:30,13424,13467,13424,13446,6947
2026-06-29T12:50:00+05:30,13446,13450,13430,13435,5267
2026-06-29T12:55:00+05:30,13438,13459,13436,13451,7288
2026-06-29T13:00:00+05:30,13448,13457,13433,13454,5423
2026-06-29T13:05:00+05:30,13454,13475,13442,13470,6504
2026-06-29T13:10:00+05:30,13475,13475,13432,13448,8333
2026-06-29T13:15:00+05:30,13448,13448,13430,13438,6124
2026-06-29T13:20:00+05:30,13433,13452,13430,13452,5930
2026-06-29T13:25:00+05:30,13452,13466,13440,13446,8740
2026-06-29T13:30:00+05:30,13446,13466,13443,13445,5897
2026-06-29T13:35:00+05:30,13445,13460,13438,13443,7382
2026-06-29T13:40:00+05:30,13442,13451,13418,13430,7670
2026-06-29T13:45:00+05:30,13431,13451,13428,13435,6722
2026-06-29T13:50:00+05:30,13437,13457,13433,13457,6723
2026-06-29T13:55:00+05:30,13457,13475,13453,13470,6798
2026-06-29T14:00:00+05:30,13468,13475,13460,13473,6725
2026-06-29T14:05:00+05:30,13475,13475,13462,13467,11893
2026-06-29T14:10:00+05:30,13467,13469,13461,13466,4915
2026-06-29T14:15:00+05:30,13469,13475,13460,13467,5440
2026-06-29T14:20:00+05:30,13467,13473,13460,13464,7500
2026-06-29T14:25:00+05:30,13465,13471,13457,13461,7746
2026-06-29T14:30:00+05:30,13462,13475,13452,13475,25635
2026-06-29T14:35:00+05:30,13475,13475,13461,13475,10460
2026-06-29T14:40:00+05:30,13474,13521,13471,13516,60440
2026-06-29T14:45:00+05:30,13515,13524,13498,13519,15667
2026-06-29T14:50:00+05:30,13517,13520,13500,13511,17003
2026-06-29T14:55:00+05:30,13511,13540,13462,13466,19578
2026-06-29T15:00:00+05:30,13455,13455,13401,13422,136062
2026-06-29T15:05:00+05:30,13424,13431,13390,13420,134861
2026-06-29T15:10:00+05:30,13420,13420,13374,13409,133686
2026-06-29T15:15:00+05:30,13408,13415,13378,13408,142601
2026-06-29T15:20:00+05:30,13404,13440,13371,13437,152573
2026-06-29T15:25:00+05:30,13428,13475,13418,13440,91690
2026-06-30T09:15:00+05:30,13744,13790,13556,13565,46955
2026-06-30T09:20:00+05:30,13569,13658,13550,13590,21091
2026-06-30T09:25:00+05:30,13589,13603,13533,13579,24249
2026-06-30T09:30:00+05:30,13577,13577,13510,13569,14359
2026-06-30T09:35:00+05:30,13569,13625,13568,13619,15974
2026-06-30T09:40:00+05:30,13623,13658,13599,13623,15457
2026-06-30T09:45:00+05:30,13619,13660,13619,13654,7611
2026-06-30T09:50:00+05:30,13654,13660,13610,13634,8936
2026-06-30T09:55:00+05:30,13634,13648,13625,13636,3311
2026-06-30T10:00:00+05:30,13636,13655,13632,13638,5067
2026-06-30T10:05:00+05:30,13639,13643,13620,13622,3538
2026-06-30T10:10:00+05:30,13620,13671,13620,13658,8092
2026-06-30T10:15:00+05:30,13659,13679,13623,13674,13362
2026-06-30T10:20:00+05:30,13674,13710,13664,13705,19365
2026-06-30T10:25:00+05:30,13702,13747,13700,13747,16207
2026-06-30T10:30:00+05:30,13747,13772,13735,13766,17442
2026-06-30T10:35:00+05:30,13763,13807,13763,13804,24751
2026-06-30T10:40:00+05:30,13802,13803,13779,13799,13661
2026-06-30T10:45:00+05:30,13800,13860,13794,13850,36605
2026-06-30T10:50:00+05:30,13851,13870,13825,13861,32460
2026-06-30T10:55:00+05:30,13862,13920,13862,13905,31220
2026-06-30T11:00:00+05:30,13902,13925,13895,13910,13573
2026-06-30T11:05:00+05:30,13910,13917,13880,13917,21486
2026-06-30T11:10:00+05:30,13917,13939,13907,13939,15748
2026-06-30T11:15:00+05:30,13939,13970,13913,13970,19197
2026-06-30T11:20:00+05:30,13968,14016,13957,14014,38708
2026-06-30T11:25:00+05:30,14015,14064,14001,14036,35860
2026-06-30T11:30:00+05:30,14036,14051,14013,14030,15726
2026-06-30T11:35:00+05:30,14030,14067,14025,14055,16701
2026-06-30T11:40:00+05:30,14055,14072,14035,14045,18997
2026-06-30T11:45:00+05:30,14046,14055,14018,14036,15815
2026-06-30T11:50:00+05:30,14036,14044,13998,14006,17389
2026-06-30T11:55:00+05:30,14000,14033,14000,14033,12391
2026-06-30T12:00:00+05:30,14032,14050,14020,14036,10259
2026-06-30T12:05:00+05:30,14036,14040,14020,14040,21484
2026-06-30T12:10:00+05:30,14040,14055,14036,14054,10317
2026-06-30T12:15:00+05:30,14054,14079,14046,14073,21312
2026-06-30T12:20:00+05:30,14073,14113,14060,14101,34022
2026-06-30T12:25:00+05:30,14101,14104,14061,14068,25707
2026-06-30T12:30:00+05:30,14072,14073,14009,14022,24343
2026-06-30T12:35:00+05:30,14024,14030,14006,14021,16570
2026-06-30T12:40:00+05:30,14028,14028,13993,14000,15894
2026-06-30T12:45:00+05:30,14000,14036,13995,14025,10003
2026-06-30T12:50:00+05:30,14029,14043,14019,14037,7871
2026-06-30T12:55:00+05:30,14040,14042,14008,14036,9170
2026-06-30T13:00:00+05:30,14031,14036,14025,14031,5215
2026-06-30T13:05:00+05:30,14031,14035,14018,14034,7680
2026-06-30T13:10:00+05:30,14034,14065,14030,14054,9363
2026-06-30T13:15:00+05:30,14054,14068,14049,14060,8532
2026-06-30T13:20:00+05:30,14059,14084,14056,14083,14614
2026-06-30T13:25:00+05:30,14077,14108,14075,14100,16091
2026-06-30T13:30:00+05:30,14100,14110,14097,14105,12756
2026-06-30T13:35:00+05:30,14107,14130,14093,14123,18799
2026-06-30T13:40:00+05:30,14123,14162,14120,14133,36199
2026-06-30T13:45:00+05:30,14133,14133,14111,14120,13206
2026-06-30T13:50:00+05:30,14120,14128,14111,14124,10724
2026-06-30T13:55:00+05:30,14120,14126,14109,14122,12362
2026-06-30T14:00:00+05:30,14122,14123,14091,14100,14826
2026-06-30T14:05:00+05:30,14097,14115,14074,14113,19105
2026-06-30T14:10:00+05:30,14112,14123,14086,14095,11116
2026-06-30T14:15:00+05:30,14095,14118,14093,14113,12529
2026-06-30T14:20:00+05:30,14113,14120,14105,14120,9470
2026-06-30T14:25:00+05:30,14122,14150,14118,14150,20940
2026-06-30T14:30:00+05:30,14150,14150,14134,14144,16121
2026-06-30T14:35:00+05:30,14140,14145,14129,14133,12300
2026-06-30T14:40:00+05:30,14135,14170,14127,14138,25196
2026-06-30T14:45:00+05:30,14140,14157,14136,14147,13180
2026-06-30T14:50:00+05:30,14147,14155,14120,14151,17393
2026-06-30T14:55:00+05:30,14149,14152,14132,14148,15566
2026-06-30T15:00:00+05:30,14147,14147,14080,14099,50384
2026-06-30T15:05:00+05:30,14101,14115,14088,14101,48023
2026-06-30T15:10:00+05:30,14097,14115,14085,14087,47714
2026-06-30T15:15:00+05:30,14091,14123,14084,14122,53764
2026-06-30T15:20:00+05:30,14122,14150,14105,14130,44054
2026-06-30T15:25:00+05:30,14122,14201,14081,14149,79316
2026-07-01T09:15:00+05:30,14151,14215,14070,14176,36397
2026-07-01T09:20:00+05:30,14180,14238,14170,14186,23361
2026-07-01T09:25:00+05:30,14186,14216,14173,14185,12126
2026-07-01T09:30:00+05:30,14192,14199,14155,14168,15097
2026-07-01T09:35:00+05:30,14168,14190,14140,14165,12624
2026-07-01T09:40:00+05:30,14165,14280,14160,14280,26800
2026-07-01T09:45:00+05:30,14280,14399,14279,14390,47524
2026-07-01T09:50:00+05:30,14391,14493,14380,14490,66559
2026-07-01T09:55:00+05:30,14485,14549,14473,14486,70905
2026-07-01T10:00:00+05:30,14492,14497,14414,14430,36361
2026-07-01T10:05:00+05:30,14424,14452,14395,14434,32803
2026-07-01T10:10:00+05:30,14435,14436,14383,14414,15437
2026-07-01T10:15:00+05:30,14413,14418,14383,14397,15479
2026-07-01T10:20:00+05:30,14398,14398,14360,14360,10368
2026-07-01T10:25:00+05:30,14364,14382,14307,14315,27158
2026-07-01T10:30:00+05:30,14320,14335,14301,14309,14374
2026-07-01T10:35:00+05:30,14304,14363,14300,14356,15736
2026-07-01T10:40:00+05:30,14356,14370,14328,14328,20634
2026-07-01T10:45:00+05:30,14333,14354,14317,14326,9565
2026-07-01T10:50:00+05:30,14326,14344,14310,14343,6878
2026-07-01T10:55:00+05:30,14343,14360,14332,14345,12115
2026-07-01T11:00:00+05:30,14345,14350,14324,14343,6955
2026-07-01T11:05:00+05:30,14343,14349,14323,14340,9023
2026-07-01T11:10:00+05:30,14340,14402,14332,14401,30805
2026-07-01T11:15:00+05:30,14401,14412,14377,14384,10025
2026-07-01T11:20:00+05:30,14385,14396,14353,14359,6390
2026-07-01T11:25:00+05:30,14360,14360,14338,14347,5750
2026-07-01T11:30:00+05:30,14347,14366,14332,14352,24856
2026-07-01T11:35:00+05:30,14351,14358,14341,14358,14348
2026-07-01T11:40:00+05:30,14358,14361,14327,14352,14320
2026-07-01T11:45:00+05:30,14348,14354,14279,14296,46373
2026-07-01T11:50:00+05:30,14300,14306,14284,14301,40378
2026-07-01T11:55:00+05:30,14301,14331,14262,14321,44114
2026-07-01T12:00:00+05:30,14313,14373,14307,14361,11467
2026-07-01T12:05:00+05:30,14361,14396,14356,14385,8889
2026-07-01T12:10:00+05:30,14385,14395,14181,14250,54790
2026-07-01T12:15:00+05:30,14252,14298,14180,14248,52407
2026-07-01T12:20:00+05:30,14251,14269,14207,14230,22391
2026-07-01T12:25:00+05:30,14229,14250,14207,14209,9855
2026-07-01T12:30:00+05:30,14207,14250,14207,14231,10843
2026-07-01T12:35:00+05:30,14231,14298,14225,14288,31368
2026-07-01T12:40:00+05:30,14282,14289,14261,14273,9575
2026-07-01T12:45:00+05:30,14267,14285,14252,14275,8358
2026-07-01T12:50:00+05:30,14279,14290,14270,14270,7522
2026-07-01T12:55:00+05:30,14273,14320,14270,14313,10752
2026-07-01T13:00:00+05:30,14313,14320,14297,14313,7038
2026-07-01T13:05:00+05:30,14313,14339,14312,14335,9209
2026-07-01T13:10:00+05:30,14334,14334,14293,14307,10116
2026-07-01T13:15:00+05:30,14308,14345,14298,14341,10792
2026-07-01T13:20:00+05:30,14342,14349,14326,14342,5838
2026-07-01T13:25:00+05:30,14342,14350,14335,14341,6249
2026-07-01T13:30:00+05:30,14345,14359,14340,14359,6478
2026-07-01T13:35:00+05:30,14354,14376,14346,14355,10148
2026-07-01T13:40:00+05:30,14355,14364,14336,14342,6578
2026-07-01T13:45:00+05:30,14342,14360,14329,14359,5732
2026-07-01T13:50:00+05:30,14359,14359,14345,14351,4366
2026-07-01T13:55:00+05:30,14349,14361,14345,14360,3562
2026-07-01T14:00:00+05:30,14360,14365,14334,14365,9981
2026-07-01T14:05:00+05:30,14365,14372,14358,14372,4648
2026-07-01T14:10:00+05:30,14372,14380,14367,14375,7744
2026-07-01T14:15:00+05:30,14377,14393,14361,14390,16522
2026-07-01T14:20:00+05:30,14390,14407,14380,14406,25275
2026-07-01T14:25:00+05:30,14406,14413,14381,14389,27942
2026-07-01T14:30:00+05:30,14389,14389,14328,14354,18042
2026-07-01T14:35:00+05:30,14354,14372,14345,14348,10214
2026-07-01T14:40:00+05:30,14347,14359,14330,14353,8701
2026-07-01T14:45:00+05:30,14354,14368,14343,14350,8557
2026-07-01T14:50:00+05:30,14350,14365,14339,14342,7843
2026-07-01T14:55:00+05:30,14342,14353,14336,14349,7638
2026-07-01T15:00:00+05:30,14352,14389,14352,14376,14375
2026-07-01T15:05:00+05:30,14375,14410,14375,14392,28192
2026-07-01T15:10:00+05:30,14392,14420,14392,14414,24804
2026-07-01T15:15:00+05:30,14414,14414,14393,14404,23491
2026-07-01T15:20:00+05:30,14403,14416,14381,14381,28420
2026-07-01T15:25:00+05:30,14381,14383,14340,14340,16668
2026-07-02T09:15:00+05:30,14431,14490,14343,14370,20344
2026-07-02T09:20:00+05:30,14370,14409,14340,14402,8659
2026-07-02T09:25:00+05:30,14408,14418,14390,14396,8169
2026-07-02T09:30:00+05:30,14393,14400,14360,14371,7521
2026-07-02T09:35:00+05:30,14371,14388,14333,14349,6914
2026-07-02T09:40:00+05:30,14349,14394,14340,14377,5199
2026-07-02T09:45:00+05:30,14378,14400,14370,14390,3737
2026-07-02T09:50:00+05:30,14394,14395,14371,14375,3689
2026-07-02T09:55:00+05:30,14380,14386,14355,14371,3506
2026-07-02T10:00:00+05:30,14371,14382,14354,14381,3245
2026-07-02T10:05:00+05:30,14381,14419,14381,14408,5231
2026-07-02T10:10:00+05:30,14408,14417,14393,14393,3599
2026-07-02T10:15:00+05:30,14394,14400,14380,14387,3051
2026-07-02T10:20:00+05:30,14392,14411,14387,14405,2891
2026-07-02T10:25:00+05:30,14406,14413,14396,14405,3676
2026-07-02T10:30:00+05:30,14405,14410,14380,14387,2697
2026-07-02T10:35:00+05:30,14390,14412,14387,14412,1119
2026-07-02T10:40:00+05:30,14408,14412,14388,14407,2274
2026-07-02T10:45:00+05:30,14407,14409,14370,14370,2903
2026-07-02T10:50:00+05:30,14370,14377,14341,14360,6414
2026-07-02T10:55:00+05:30,14358,14369,14326,14336,8097
2026-07-02T11:00:00+05:30,14341,14384,14332,14384,13167
2026-07-02T11:05:00+05:30,14382,14392,14313,14325,10103
2026-07-02T11:10:00+05:30,14325,14334,14305,14306,4086
2026-07-02T11:15:00+05:30,14306,14332,14303,14324,4376
2026-07-02T11:20:00+05:30,14324,14331,14310,14320,2216
2026-07-02T11:25:00+05:30,14320,14325,14283,14300,5840
2026-07-02T11:30:00+05:30,14300,14315,14287,14306,4587
2026-07-02T11:35:00+05:30,14306,14311,14275,14284,5269
2026-07-02T11:40:00+05:30,14284,14325,14280,14325,4545
2026-07-02T11:45:00+05:30,14325,14340,14322,14338,4927
2026-07-02T11:50:00+05:30,14336,14377,14333,14359,4486
2026-07-02T11:55:00+05:30,14365,14367,14355,14363,1313
2026-07-02T12:00:00+05:30,14357,14378,14357,14372,2269
2026-07-02T12:05:00+05:30,14378,14378,14340,14341,2109
2026-07-02T12:10:00+05:30,14337,14348,14329,14332,2173
2026-07-02T12:15:00+05:30,14332,14360,14328,14357,1849
2026-07-02T12:20:00+05:30,14355,14364,14345,14355,1651
2026-07-02T12:25:00+05:30,14358,14369,14352,14367,1492
2026-07-02T12:30:00+05:30,14365,14370,14354,14364,1093
2026-07-02T12:35:00+05:30,14369,14382,14365,14379,4000
2026-07-02T12:40:00+05:30,14376,14381,14350,14359,3644
2026-07-02T12:45:00+05:30,14358,14380,14355,14374,2010
2026-07-02T12:50:00+05:30,14377,14380,14367,14379,960
2026-07-02T12:55:00+05:30,14378,14391,14373,14383,2561
2026-07-02T13:00:00+05:30,14383,14386,14362,14370,2006
2026-07-02T13:05:00+05:30,14370,14375,14364,14370,1059
2026-07-02T13:10:00+05:30,14370,14375,14362,14370,2000
2026-07-02T13:15:00+05:30,14368,14438,14366,14420,10429
2026-07-02T13:20:00+05:30,14420,14420,14408,14412,2502
2026-07-02T13:25:00+05:30,14415,14419,14403,14417,1340
2026-07-02T13:30:00+05:30,14417,14418,14401,14401,1845
2026-07-02T13:35:00+05:30,14402,14402,14382,14384,2252
2026-07-02T13:40:00+05:30,14383,14390,14375,14375,1945
2026-07-02T13:45:00+05:30,14375,14379,14357,14364,2538
2026-07-02T13:50:00+05:30,14365,14371,14355,14360,1143
2026-07-02T13:55:00+05:30,14360,14374,14357,14374,2566
2026-07-02T14:00:00+05:30,14374,14374,14350,14355,2633
2026-07-02T14:05:00+05:30,14354,14365,14345,14350,2087
2026-07-02T14:10:00+05:30,14350,14354,14327,14333,4525
2026-07-02T14:15:00+05:30,14332,14346,14328,14341,2637
2026-07-02T14:20:00+05:30,14344,14356,14340,14350,2396
2026-07-02T14:25:00+05:30,14350,14355,14334,14355,2847
2026-07-02T14:30:00+05:30,14364,14365,14328,14335,7218
2026-07-02T14:35:00+05:30,14335,14357,14328,14351,3998
2026-07-02T14:40:00+05:30,14351,14364,14342,14363,2635
2026-07-02T14:45:00+05:30,14363,14375,14359,14373,2279
2026-07-02T14:50:00+05:30,14370,14376,14365,14370,2561
2026-07-02T14:55:00+05:30,14370,14390,14367,14382,2349
2026-07-02T15:00:00+05:30,14385,14387,14350,14354,9032
2026-07-02T15:05:00+05:30,14354,14367,14345,14356,8468
2026-07-02T15:10:00+05:30,14355,14362,14348,14358,8380
2026-07-02T15:15:00+05:30,14358,14359,14333,14335,10427
2026-07-02T15:20:00+05:30,14335,14340,14322,14336,8699
2026-07-02T15:25:00+05:30,14333,14339,14320,14329,7068
2026-07-03T09:15:00+05:30,14450,14450,14369,14417,14311
2026-07-03T09:20:00+05:30,14421,14440,14415,14420,7560
2026-07-03T09:25:00+05:30,14425,14435,14405,14434,5054
2026-07-03T09:30:00+05:30,14434,14484,14413,14430,11242
2026-07-03T09:35:00+05:30,14430,14433,14408,14430,4298
2026-07-03T09:40:00+05:30,14434,14437,14361,14425,12657
2026-07-03T09:45:00+05:30,14427,14428,14386,14388,3786
2026-07-03T09:50:00+05:30,14388,14415,14387,14415,1915
2026-07-03T09:55:00+05:30,14411,14430,14409,14411,1279
2026-07-03T10:00:00+05:30,14411,14432,14400,14400,2067
2026-07-03T10:05:00+05:30,14397,14429,14392,14428,1534
2026-07-03T10:10:00+05:30,14426,14485,14426,14471,8128
2026-07-03T10:15:00+05:30,14471,14480,14443,14470,4549
2026-07-03T10:20:00+05:30,14468,14480,14459,14473,2980
2026-07-03T10:25:00+05:30,14464,14520,14464,14495,24944
2026-07-03T10:30:00+05:30,14498,14512,14493,14507,3779
2026-07-03T10:35:00+05:30,14504,14515,14489,14505,4545
2026-07-03T10:40:00+05:30,14508,14512,14470,14475,5310
2026-07-03T10:45:00+05:30,14475,14496,14475,14493,2723
2026-07-03T10:50:00+05:30,14493,14515,14473,14511,4898
2026-07-03T10:55:00+05:30,14511,14511,14470,14478,4993
2026-07-03T11:00:00+05:30,14472,14479,14460,14470,4257
2026-07-03T11:05:00+05:30,14466,14468,14440,14444,4655
2026-07-03T11:10:00+05:30,14440,14456,14426,14434,6096
2026-07-03T11:15:00+05:30,14434,14447,14433,14441,3291
2026-07-03T11:20:00+05:30,14441,14447,14421,14435,2792
2026-07-03T11:25:00+05:30,14430,14440,14424,14435,3513
2026-07-03T11:30:00+05:30,14435,14438,14417,14427,3146
2026-07-03T11:35:00+05:30,14427,14437,14421,14437,1025
2026-07-03T11:40:00+05:30,14437,14437,14421,14424,1879
2026-07-03T11:45:00+05:30,14427,14436,14417,14436,2376
2026-07-03T11:50:00+05:30,14436,14450,14424,14448,2174
2026-07-03T11:55:00+05:30,14448,14464,14440,14461,2639
2026-07-03T12:00:00+05:30,14459,14459,14446,14449,1769
2026-07-03T12:05:00+05:30,14448,14454,14444,14454,1504
2026-07-03T12:10:00+05:30,14454,14461,14442,14458,1762
2026-07-03T12:15:00+05:30,14456,14461,14432,14442,2217
2026-07-03T12:20:00+05:30,14442,14445,14432,14440,1419
2026-07-03T12:25:00+05:30,14440,14491,14434,14475,16754
2026-07-03T12:30:00+05:30,14477,14480,14464,14474,2537
2026-07-03T12:35:00+05:30,14478,14479,14461,14477,3027
2026-07-03T12:40:00+05:30,14477,14479,14451,14470,3788
2026-07-03T12:45:00+05:30,14470,14470,14456,14467,2037
2026-07-03T12:50:00+05:30,14467,14470,14458,14460,1961
2026-07-03T12:55:00+05:30,14460,14466,14456,14464,1835
2026-07-03T13:00:00+05:30,14463,14467,14453,14458,2034
2026-07-03T13:05:00+05:30,14458,14458,14401,14414,9843
2026-07-03T13:10:00+05:30,14414,14430,14411,14425,3471
2026-07-03T13:15:00+05:30,14425,14430,14414,14421,2581
2026-07-03T13:20:00+05:30,14421,14424,14415,14418,1789
2026-07-03T13:25:00+05:30,14419,14424,14401,14403,3392
2026-07-03T13:30:00+05:30,14401,14421,14400,14411,4704
2026-07-03T13:35:00+05:30,14411,14421,14402,14418,2663
2026-07-03T13:40:00+05:30,14418,14423,14400,14409,4522
2026-07-03T13:45:00+05:30,14409,14415,14401,14411,1862
2026-07-03T13:50:00+05:30,14411,14423,14408,14423,11039
2026-07-03T13:55:00+05:30,14423,14444,14410,14416,4494
2026-07-03T14:00:00+05:30,14416,14433,14416,14429,2381
2026-07-03T14:05:00+05:30,14429,14435,14424,14434,2444
2026-07-03T14:10:00+05:30,14434,14434,14424,14428,1364
2026-07-03T14:15:00+05:30,14431,14433,14395,14398,15162
2026-07-03T14:20:00+05:30,14398,14398,14365,14365,13729
2026-07-03T14:25:00+05:30,14361,14376,14361,14376,6169
2026-07-03T14:30:00+05:30,14376,14395,14376,14389,4768
2026-07-03T14:35:00+05:30,14389,14394,14356,14363,5568
2026-07-03T14:40:00+05:30,14361,14374,14350,14358,6428
2026-07-03T14:45:00+05:30,14358,14370,14352,14365,4799
2026-07-03T14:50:00+05:30,14365,14370,14350,14354,5234
2026-07-03T14:55:00+05:30,14354,14364,14333,14345,5490
2026-07-03T15:00:00+05:30,14349,14383,14349,14372,6847
2026-07-03T15:05:00+05:30,14373,14381,14352,14381,7956
2026-07-03T15:10:00+05:30,14381,14381,14340,14353,7670
2026-07-03T15:15:00+05:30,14353,14379,14352,14379,7643
2026-07-03T15:20:00+05:30,14380,14380,14367,14368,7202
2026-07-03T15:25:00+05:30,14368,14374,14339,14343,8997
2026-07-06T09:15:00+05:30,14348,14413,14291,14387,8622
2026-07-06T09:20:00+05:30,14385,14400,14371,14390,5658
2026-07-06T09:25:00+05:30,14381,14420,14365,14420,5304
2026-07-06T09:30:00+05:30,14417,14425,14398,14409,3984
2026-07-06T09:35:00+05:30,14406,14418,14398,14416,2201
2026-07-06T09:40:00+05:30,14418,14424,14400,14406,1542
2026-07-06T09:45:00+05:30,14407,14420,14400,14407,1077
2026-07-06T09:50:00+05:30,14411,14444,14408,14430,3154
2026-07-06T09:55:00+05:30,14431,14478,14424,14475,3872
2026-07-06T10:00:00+05:30,14475,14477,14447,14453,3035
2026-07-06T10:05:00+05:30,14454,14464,14441,14441,1502
2026-07-06T10:10:00+05:30,14447,14451,14432,14451,1313
2026-07-06T10:15:00+05:30,14452,14490,14432,14490,5151
2026-07-06T10:20:00+05:30,14490,14512,14465,14465,8369
2026-07-06T10:25:00+05:30,14469,14475,14451,14460,2026
2026-07-06T10:30:00+05:30,14460,14465,14445,14457,2534
2026-07-06T10:35:00+05:30,14461,14461,14442,14458,1377
2026-07-06T10:40:00+05:30,14449,14460,14436,14452,1155
2026-07-06T10:45:00+05:30,14462,14462,14445,14450,1565
2026-07-06T10:50:00+05:30,14455,14455,14440,14440,1324
2026-07-06T10:55:00+05:30,14440,14465,14440,14465,1472
2026-07-06T11:00:00+05:30,14462,14485,14453,14484,1437
2026-07-06T11:05:00+05:30,14489,14526,14489,14511,7192
2026-07-06T11:10:00+05:30,14517,14517,14443,14449,7868
2026-07-06T11:15:00+05:30,14450,14499,14445,14493,8467
2026-07-06T11:20:00+05:30,14490,14496,14480,14492,1729
2026-07-06T11:25:00+05:30,14495,14513,14490,14492,2655
2026-07-06T11:30:00+05:30,14490,14496,14460,14460,2498
2026-07-06T11:35:00+05:30,14460,14467,14450,14462,2021
2026-07-06T11:40:00+05:30,14456,14462,14442,14443,2717
2026-07-06T11:45:00+05:30,14445,14450,14414,14419,3731
2026-07-06T11:50:00+05:30,14415,14425,14400,14411,3926
2026-07-06T11:55:00+05:30,14412,14421,14409,14412,1470
2026-07-06T12:00:00+05:30,14408,14416,14405,14411,1339
2026-07-06T12:05:00+05:30,14408,14417,14405,14406,1105
2026-07-06T12:10:00+05:30,14411,14412,14400,14403,1545
2026-07-06T12:15:00+05:30,14403,14413,14402,14407,1157
2026-07-06T12:20:00+05:30,14409,14413,14404,14404,1327
2026-07-06T12:25:00+05:30,14409,14415,14404,14415,2420
2026-07-06T12:30:00+05:30,14415,14425,14412,14416,1592
2026-07-06T12:35:00+05:30,14418,14422,14410,14410,1119
2026-07-06T12:40:00+05:30,14412,14419,14410,14412,1000
2026-07-06T12:45:00+05:30,14416,14417,14403,14412,842
2026-07-06T12:50:00+05:30,14412,14420,14406,14415,1123
2026-07-06T12:55:00+05:30,14415,14423,14410,14423,1046
2026-07-06T13:00:00+05:30,14424,14429,14415,14422,915
2026-07-06T13:05:00+05:30,14422,14426,14416,14423,1355
2026-07-06T13:10:00+05:30,14423,14425,14410,14415,1129
2026-07-06T13:15:00+05:30,14415,14420,14412,14418,1048
2026-07-06T13:20:00+05:30,14418,14428,14411,14419,845
2026-07-06T13:25:00+05:30,14419,14425,14417,14420,745
2026-07-06T13:30:00+05:30,14420,14428,14420,14423,774
2026-07-06T13:35:00+05:30,14423,14432,14423,14431,1410
2026-07-06T13:40:00+05:30,14431,14432,14416,14422,1354
2026-07-06T13:45:00+05:30,14422,14427,14406,14411,2908
2026-07-06T13:50:00+05:30,14411,14420,14408,14411,1819
2026-07-06T13:55:00+05:30,14411,14414,14407,14409,1327
2026-07-06T14:00:00+05:30,14414,14414,14392,14403,2807
2026-07-06T14:05:00+05:30,14400,14408,14398,14400,2458
2026-07-06T14:10:00+05:30,14401,14414,14397,14406,3237
2026-07-06T14:15:00+05:30,14406,14411,14401,14403,1122
2026-07-06T14:20:00+05:30,14402,14407,14396,14404,1531
2026-07-06T14:25:00+05:30,14404,14407,14398,14400,991
2026-07-06T14:30:00+05:30,14400,14402,14396,14399,1057
2026-07-06T14:35:00+05:30,14399,14409,14396,14402,1959
2026-07-06T14:40:00+05:30,14403,14406,14392,14398,2658
2026-07-06T14:45:00+05:30,14396,14400,14392,14400,1580
2026-07-06T14:50:00+05:30,14400,14410,14392,14408,2954
2026-07-06T14:55:00+05:30,14409,14412,14402,14410,2444
2026-07-06T15:00:00+05:30,14410,14441,14410,14438,6872
2026-07-06T15:05:00+05:30,14439,14457,14438,14456,5473
2026-07-06T15:10:00+05:30,14455,14457,14447,14450,6236
2026-07-06T15:15:00+05:30,14450,14460,14444,14457,8154
2026-07-06T15:20:00+05:30,14459,14470,14458,14470,6623
2026-07-06T15:25:00+05:30,14468,14481,14441,14481,12668
2026-07-07T09:15:00+05:30,14463,14500,14432,14495,12800
2026-07-07T09:20:00+05:30,14509,14519,14476,14490,4810
2026-07-07T09:25:00+05:30,14487,14509,14449,14503,8846
2026-07-07T09:30:00+05:30,14503,14508,14471,14475,4397
2026-07-07T09:35:00+05:30,14471,14484,14433,14454,7878
2026-07-07T09:40:00+05:30,14454,14464,14450,14458,2617
2026-07-07T09:45:00+05:30,14457,14476,14451,14454,4890
2026-07-07T09:50:00+05:30,14433,14456,14422,14445,35521
2026-07-07T09:55:00+05:30,14443,14480,14442,14470,7694
2026-07-07T10:00:00+05:30,14470,14506,14470,14501,8090
2026-07-07T10:05:00+05:30,14500,14509,14461,14480,4347
2026-07-07T10:10:00+05:30,14480,14494,14480,14483,1284
2026-07-07T10:15:00+05:30,14483,14487,14447,14455,59410
2026-07-07T10:20:00+05:30,14455,14478,14427,14475,4952
2026-07-07T10:25:00+05:30,14475,14485,14460,14469,2606
2026-07-07T10:30:00+05:30,14469,14469,14451,14459,1740
2026-07-07T10:35:00+05:30,14463,14467,14454,14458,1695
2026-07-07T10:40:00+05:30,14458,14459,14414,14419,4906
2026-07-07T10:45:00+05:30,14428,14462,14420,14461,7495
2026-07-07T10:50:00+05:30,14461,14461,14448,14450,1440
2026-07-07T10:55:00+05:30,14451,14462,14448,14460,1513
2026-07-07T11:00:00+05:30,14462,14465,14451,14457,1353
2026-07-07T11:05:00+05:30,14457,14507,14453,14500,7011
2026-07-07T11:10:00+05:30,14500,14548,14499,14542,10379
2026-07-07T11:15:00+05:30,14542,14564,14534,14560,8601
2026-07-07T11:20:00+05:30,14563,14598,14558,14572,12168
2026-07-07T11:25:00+05:30,14572,14573,14552,14558,4710
2026-07-07T11:30:00+05:30,14558,14569,14548,14565,3598
2026-07-07T11:35:00+05:30,14566,14571,14547,14548,3042
2026-07-07T11:40:00+05:30,14552,14552,14520,14529,4542
2026-07-07T11:45:00+05:30,14525,14543,14525,14533,2473
2026-07-07T11:50:00+05:30,14536,14542,14508,14532,4374
2026-07-07T11:55:00+05:30,14530,14531,14513,14529,3151
2026-07-07T12:00:00+05:30,14529,14536,14510,14532,4059
2026-07-07T12:05:00+05:30,14532,14536,14525,14525,1722
2026-07-07T12:10:00+05:30,14534,14535,14519,14528,1739
2026-07-07T12:15:00+05:30,14526,14533,14516,14519,2501
2026-07-07T12:20:00+05:30,14524,14532,14518,14527,3493
2026-07-07T12:25:00+05:30,14529,14533,14523,14528,1967
2026-07-07T12:30:00+05:30,14526,14545,14516,14533,8116
2026-07-07T12:35:00+05:30,14531,14555,14531,14546,5890
2026-07-07T12:40:00+05:30,14545,14545,14533,14536,1696
2026-07-07T12:45:00+05:30,14536,14541,14530,14537,1740
2026-07-07T12:50:00+05:30,14535,14540,14524,14528,2027
2026-07-07T12:55:00+05:30,14525,14538,14520,14536,7698
2026-07-07T13:00:00+05:30,14535,14537,14527,14527,1152
2026-07-07T13:05:00+05:30,14527,14534,14527,14534,1343
2026-07-07T13:10:00+05:30,14534,14534,14527,14531,1565
2026-07-07T13:15:00+05:30,14530,14535,14523,14535,6178
2026-07-07T13:20:00+05:30,14534,14535,14529,14532,1516
2026-07-07T13:25:00+05:30,14532,14540,14531,14539,1875
2026-07-07T13:30:00+05:30,14539,14540,14535,14535,1238
2026-07-07T13:35:00+05:30,14535,14554,14534,14550,6962
2026-07-07T13:40:00+05:30,14550,14568,14546,14568,3322
2026-07-07T13:45:00+05:30,14567,14572,14561,14567,2334
2026-07-07T13:50:00+05:30,14566,14576,14563,14576,3305
2026-07-07T13:55:00+05:30,14575,14576,14568,14573,1967
2026-07-07T14:00:00+05:30,14572,14575,14563,14566,1809
2026-07-07T14:05:00+05:30,14569,14586,14560,14582,12651
2026-07-07T14:10:00+05:30,14582,14589,14576,14587,5855
2026-07-07T14:15:00+05:30,14587,14587,14530,14551,9349
2026-07-07T14:20:00+05:30,14551,14556,14546,14551,5525
2026-07-07T14:25:00+05:30,14551,14558,14550,14550,2314
2026-07-07T14:30:00+05:30,14550,14557,14550,14552,2679
2026-07-07T14:35:00+05:30,14552,14562,14550,14552,5205
2026-07-07T14:40:00+05:30,14553,14560,14549,14560,23428
2026-07-07T14:45:00+05:30,14558,14559,14545,14551,4219
2026-07-07T14:50:00+05:30,14551,14551,14550,14551,3049
2026-07-07T14:55:00+05:30,14551,14558,14547,14550,3839
2026-07-07T15:00:00+05:30,14550,14551,14548,14550,20516
2026-07-07T15:05:00+05:30,14550,14551,14525,14532,21739
2026-07-07T15:10:00+05:30,14530,14542,14527,14538,17714
2026-07-07T15:15:00+05:30,14537,14538,14530,14536,18785
2026-07-07T15:20:00+05:30,14533,14538,14530,14535,18743
2026-07-07T15:25:00+05:30,14536,14540,14530,14530,16978
2026-07-08T09:15:00+05:30,14475,14500,14399,14442,16416
2026-07-08T09:20:00+05:30,14441,14441,14390,14398,17039
2026-07-08T09:25:00+05:30,14388,14392,14286,14307,29867
2026-07-08T09:30:00+05:30,14307,14357,14294,14339,6617
2026-07-08T09:35:00+05:30,14334,14347,14314,14345,5276
2026-07-08T09:40:00+05:30,14345,14354,14335,14335,2754
2026-07-08T09:45:00+05:30,14340,14366,14335,14357,4145
2026-07-08T09:50:00+05:30,14357,14369,14341,14347,3560
2026-07-08T09:55:00+05:30,14347,14353,14313,14318,5019
2026-07-08T10:00:00+05:30,14315,14322,14294,14315,6020
2026-07-08T10:05:00+05:30,14308,14315,14276,14301,22085
2026-07-08T10:10:00+05:30,14301,14301,14240,14255,16355
2026-07-08T10:15:00+05:30,14251,14275,14235,14265,5496
2026-07-08T10:20:00+05:30,14263,14269,14225,14225,4059
2026-07-08T10:25:00+05:30,14225,14234,14204,14227,6329
2026-07-08T10:30:00+05:30,14224,14264,14224,14264,4123
2026-07-08T10:35:00+05:30,14264,14288,14258,14284,3124
2026-07-08T10:40:00+05:30,14286,14325,14283,14306,6346
2026-07-08T10:45:00+05:30,14304,14322,14291,14312,15468
2026-07-08T10:50:00+05:30,14312,14317,14305,14306,1505
2026-07-08T10:55:00+05:30,14308,14333,14302,14331,3132
2026-07-08T11:00:00+05:30,14331,14333,14310,14313,2114
2026-07-08T11:05:00+05:30,14313,14335,14312,14318,3860
2026-07-08T11:10:00+05:30,14318,14329,14312,14318,981
2026-07-08T11:15:00+05:30,14318,14320,14305,14307,2031
2026-07-08T11:20:00+05:30,14307,14311,14288,14300,3260
2026-07-08T11:25:00+05:30,14296,14312,14296,14307,1343
2026-07-08T11:30:00+05:30,14307,14311,14292,14294,1532
2026-07-08T11:35:00+05:30,14294,14307,14291,14304,1317
2026-07-08T11:40:00+05:30,14304,14304,14296,14297,608
2026-07-08T11:45:00+05:30,14297,14303,14291,14303,1653
2026-07-08T11:50:00+05:30,14304,14310,14290,14291,1510
2026-07-08T11:55:00+05:30,14291,14294,14284,14287,1865
2026-07-08T12:00:00+05:30,14287,14294,14285,14289,598
2026-07-08T12:05:00+05:30,14288,14297,14284,14284,1459
2026-07-08T12:10:00+05:30,14286,14295,14283,14289,991
2026-07-08T12:15:00+05:30,14289,14296,14285,14291,1134
2026-07-08T12:20:00+05:30,14292,14297,14275,14279,1445
2026-07-08T12:25:00+05:30,14279,14288,14274,14280,2448
2026-07-08T12:30:00+05:30,14280,14285,14274,14276,1125
2026-07-08T12:35:00+05:30,14276,14280,14260,14262,3129
2026-07-08T12:40:00+05:30,14262,14279,14253,14274,2346
2026-07-08T12:45:00+05:30,14277,14290,14271,14277,1207
2026-07-08T12:50:00+05:30,14277,14290,14275,14287,776
2026-07-08T12:55:00+05:30,14287,14295,14280,14288,1107
2026-07-08T13:00:00+05:30,14288,14295,14282,14286,1687
2026-07-08T13:05:00+05:30,14286,14297,14280,14290,766
2026-07-08T13:10:00+05:30,14290,14304,14289,14299,1966
2026-07-08T13:15:00+05:30,14299,14318,14298,14302,10877
2026-07-08T13:20:00+05:30,14302,14306,14282,14294,1820
2026-07-08T13:25:00+05:30,14298,14298,14277,14289,1791
2026-07-08T13:30:00+05:30,14289,14289,14269,14275,2340
2026-07-08T13:35:00+05:30,14275,14296,14265,14291,1947
2026-07-08T13:40:00+05:30,14291,14295,14276,14281,893
2026-07-08T13:45:00+05:30,14281,14286,14180,14193,28320
2026-07-08T13:50:00+05:30,14193,14199,14127,14134,9467
2026-07-08T13:55:00+05:30,14135,14158,14080,14094,10913
2026-07-08T14:00:00+05:30,14090,14098,14050,14062,6582
2026-07-08T14:05:00+05:30,14062,14070,14034,14037,6378
2026-07-08T14:10:00+05:30,14039,14048,13987,14000,7943
2026-07-08T14:15:00+05:30,14000,14062,13993,14003,6460
2026-07-08T14:20:00+05:30,14009,14030,14001,14009,5160
2026-07-08T14:25:00+05:30,14012,14017,13980,13980,9418
2026-07-08T14:30:00+05:30,13980,14006,13960,13969,6086
2026-07-08T14:35:00+05:30,13967,13979,13934,13940,6694
2026-07-08T14:40:00+05:30,13940,13942,13913,13915,5802
2026-07-08T14:45:00+05:30,13918,13934,13890,13909,7794
2026-07-08T14:50:00+05:30,13906,13915,13880,13899,6268
2026-07-08T14:55:00+05:30,13898,13914,13891,13905,5138
2026-07-08T15:00:00+05:30,13899,13955,13890,13953,13921
2026-07-08T15:05:00+05:30,13953,13977,13923,13936,27214
2026-07-08T15:10:00+05:30,13936,13954,13921,13924,10247
2026-07-08T15:15:00+05:30,13922,13959,13916,13945,17846
2026-07-08T15:20:00+05:30,13946,13983,13946,13968,14787
2026-07-08T15:25:00+05:30,13964,13989,13935,13973,18599
2026-07-09T09:15:00+05:30,14000,14037,13950,13979,19645
2026-07-09T09:20:00+05:30,13987,13989,13951,13984,7263
2026-07-09T09:25:00+05:30,13987,13987,13957,13957,6817
2026-07-09T09:30:00+05:30,13957,13972,13926,13948,7689
2026-07-09T09:35:00+05:30,13951,13964,13908,13916,8331
2026-07-09T09:40:00+05:30,13925,13932,13885,13885,9426
2026-07-09T09:45:00+05:30,13883,13924,13881,13901,5915
2026-07-09T09:50:00+05:30,13902,13910,13899,13905,3438
2026-07-09T09:55:00+05:30,13906,13919,13894,13900,3765
2026-07-09T10:00:00+05:30,13898,13916,13896,13908,3279
2026-07-09T10:05:00+05:30,13909,13909,13890,13895,4050
2026-07-09T10:10:00+05:30,13895,13895,13843,13846,9121
2026-07-09T10:15:00+05:30,13846,13881,13845,13873,3770
2026-07-09T10:20:00+05:30,13870,13915,13861,13907,5148
2026-07-09T10:25:00+05:30,13909,13925,13900,13913,4421
2026-07-09T10:30:00+05:30,13913,13913,13898,13905,6284
2026-07-09T10:35:00+05:30,13901,13915,13900,13915,5059
2026-07-09T10:40:00+05:30,13920,13970,13903,13941,11681
2026-07-09T10:45:00+05:30,13941,13960,13912,13929,19897
2026-07-09T10:50:00+05:30,13931,13931,13872,13885,6597
2026-07-09T10:55:00+05:30,13885,13892,13807,13835,9610
2026-07-09T11:00:00+05:30,13830,13842,13802,13824,6232
2026-07-09T11:05:00+05:30,13828,13830,13791,13805,5634
2026-07-09T11:10:00+05:30,13805,13839,13805,13833,3891
2026-07-09T11:15:00+05:30,13833,13920,13833,13919,6755
2026-07-09T11:20:00+05:30,13919,13934,13890,13906,3616
2026-07-09T11:25:00+05:30,13906,13929,13888,13924,2975
2026-07-09T11:30:00+05:30,13920,13927,13892,13917,3624
2026-07-09T11:35:00+05:30,13917,13945,13907,13944,3484
2026-07-09T11:40:00+05:30,13937,13944,13897,13909,2735
2026-07-09T11:45:00+05:30,13909,13909,13884,13893,6728
2026-07-09T11:50:00+05:30,13889,13902,13861,13872,3888
2026-07-09T11:55:00+05:30,13872,13922,13870,13912,3494
2026-07-09T12:00:00+05:30,13915,13935,13908,13935,1456
2026-07-09T12:05:00+05:30,13936,13953,13930,13945,4664
2026-07-09T12:10:00+05:30,13945,13949,13923,13937,2107
2026-07-09T12:15:00+05:30,13935,13959,13930,13948,2755
2026-07-09T12:20:00+05:30,13948,13954,13940,13950,3265
2026-07-09T12:25:00+05:30,13950,13955,13936,13940,2529
2026-07-09T12:30:00+05:30,13940,13945,13782,13846,70128
2026-07-09T12:35:00+05:30,13846,13852,13791,13817,24864
2026-07-09T12:40:00+05:30,13817,13825,13810,13823,6465
2026-07-09T12:45:00+05:30,13823,13829,13768,13800,33985
2026-07-09T12:50:00+05:30,13799,13800,13777,13793,2563
2026-07-09T12:55:00+05:30,13793,13800,13787,13797,8168
2026-07-09T13:00:00+05:30,13797,13800,13789,13800,18219
2026-07-09T13:05:00+05:30,13800,13800,13776,13785,3533
2026-07-09T13:10:00+05:30,13785,13790,13775,13780,2200
2026-07-09T13:15:00+05:30,13786,13800,13782,13800,8118
2026-07-09T13:20:00+05:30,13800,13800,13794,13798,4241
2026-07-09T13:25:00+05:30,13799,13799,13785,13797,2664
2026-07-09T13:30:00+05:30,13797,13800,13792,13800,5578
2026-07-09T13:35:00+05:30,13800,13856,13799,13852,7228
2026-07-09T13:40:00+05:30,13852,13852,13835,13843,2146
2026-07-09T13:45:00+05:30,13843,13845,13816,13824,2684
2026-07-09T13:50:00+05:30,13824,13834,13787,13788,8322
2026-07-09T13:55:00+05:30,13792,13792,13762,13789,5519
2026-07-09T14:00:00+05:30,13789,13800,13785,13798,2606
2026-07-09T14:05:00+05:30,13798,13800,13791,13792,2792
2026-07-09T14:10:00+05:30,13791,13800,13786,13800,3296
2026-07-09T14:15:00+05:30,13800,13800,13791,13793,2579
2026-07-09T14:20:00+05:30,13793,13799,13786,13796,2708
2026-07-09T14:25:00+05:30,13796,13800,13794,13799,4038
2026-07-09T14:30:00+05:30,13799,13800,13781,13797,3870
2026-07-09T14:35:00+05:30,13797,13800,13775,13787,3542
2026-07-09T14:40:00+05:30,13788,13788,13764,13780,5271
2026-07-09T14:45:00+05:30,13780,13795,13774,13790,4746
2026-07-09T14:50:00+05:30,13790,13790,13767,13780,5887
2026-07-09T14:55:00+05:30,13779,13788,13770,13771,4757
2026-07-09T15:00:00+05:30,13764,13770,13732,13736,21626
2026-07-09T15:05:00+05:30,13738,13750,13719,13736,10639
2026-07-09T15:10:00+05:30,13736,13740,13720,13731,9020
2026-07-09T15:15:00+05:30,13726,13733,13708,13720,10434
2026-07-09T15:20:00+05:30,13720,13720,13710,13713,17721
2026-07-09T15:25:00+05:30,13710,13718,13700,13700,11798
2026-07-10T09:15:00+05:30,13800,13848,13776,13834,8495
2026-07-10T09:20:00+05:30,13834,13842,13805,13836,4371
2026-07-10T09:25:00+05:30,13856,13883,13845,13867,6371
2026-07-10T09:30:00+05:30,13867,13924,13866,13909,6852
2026-07-10T09:35:00+05:30,13911,13939,13910,13939,5755
2026-07-10T09:40:00+05:30,13939,13987,13936,13964,8588
2026-07-10T09:45:00+05:30,13964,13965,13941,13944,4932
2026-07-10T09:50:00+05:30,13944,13944,13910,13916,12097
2026-07-10T09:55:00+05:30,13922,13948,13916,13930,1964
2026-07-10T10:00:00+05:30,13939,13949,13930,13940,2142
2026-07-10T10:05:00+05:30,13940,13945,13929,13945,1543
2026-07-10T10:10:00+05:30,13945,13955,13934,13941,1827
2026-07-10T10:15:00+05:30,13939,13950,13937,13945,849
2026-07-10T10:20:00+05:30,13945,13945,13891,13892,4498
2026-07-10T10:25:00+05:30,13890,13909,13878,13884,3252
2026-07-10T10:30:00+05:30,13884,13884,13858,13862,4439
2026-07-10T10:35:00+05:30,13862,13862,13811,13834,6875
2026-07-10T10:40:00+05:30,13829,13836,13820,13820,2728
2026-07-10T10:45:00+05:30,13826,13827,13807,13814,4529
2026-07-10T10:50:00+05:30,13812,13850,13794,13848,6961
2026-07-10T10:55:00+05:30,13848,13849,13819,13830,2250
2026-07-10T11:00:00+05:30,13830,13842,13825,13833,1435
2026-07-10T11:05:00+05:30,13830,13833,13821,13821,1543
2026-07-10T11:10:00+05:30,13821,13828,13802,13806,4009
2026-07-10T11:15:00+05:30,13806,13825,13780,13825,4903
2026-07-10T11:20:00+05:30,13824,13829,13805,13817,2951
2026-07-10T11:25:00+05:30,13817,13821,13797,13806,1949
2026-07-10T11:30:00+05:30,13806,13830,13802,13830,1645
2026-07-10T11:35:00+05:30,13830,13839,13823,13830,926
2026-07-10T11:40:00+05:30,13830,13834,13825,13829,841
2026-07-10T11:45:00+05:30,13829,13838,13827,13838,1003
2026-07-10T11:50:00+05:30,13838,13839,13832,13833,897
2026-07-10T11:55:00+05:30,13833,13842,13822,13836,4699
2026-07-10T12:00:00+05:30,13836,13868,13830,13860,2695
2026-07-10T12:05:00+05:30,13860,13865,13842,13851,6000
2026-07-10T12:10:00+05:30,13851,13851,13826,13839,5425
2026-07-10T12:15:00+05:30,13843,13850,13836,13841,1358
2026-07-10T12:20:00+05:30,13841,13859,13841,13855,1917
2026-07-10T12:25:00+05:30,13857,13868,13854,13862,1818
2026-07-10T12:30:00+05:30,13866,13867,13851,13855,1706
2026-07-10T12:35:00+05:30,13854,13858,13846,13846,3645
2026-07-10T12:40:00+05:30,13847,13853,13844,13849,1454
2026-07-10T12:45:00+05:30,13848,13863,13848,13853,1161
2026-07-10T12:50:00+05:30,13856,13857,13844,13846,719
2026-07-10T12:55:00+05:30,13850,13850,13846,13847,728
2026-07-10T13:00:00+05:30,13847,13849,13839,13840,1413
2026-07-10T13:05:00+05:30,13840,13842,13830,13833,1032
2026-07-10T13:10:00+05:30,13832,13846,13821,13840,5342
2026-07-10T13:15:00+05:30,13840,13850,13840,13848,1230
2026-07-10T13:20:00+05:30,13847,13855,13835,13848,1762
2026-07-10T13:25:00+05:30,13848,13871,13848,13871,4092
2026-07-10T13:30:00+05:30,13871,13872,13865,13872,2880
2026-07-10T13:35:00+05:30,13872,13912,13870,13912,3465
2026-07-10T13:40:00+05:30,13912,13917,13890,13900,4189
2026-07-10T13:45:00+05:30,13900,13903,13893,13898,1731
2026-07-10T13:50:00+05:30,13898,13915,13891,13913,1743
2026-07-10T13:55:00+05:30,13912,13919,13908,13919,2137
2026-07-10T14:00:00+05:30,13919,13935,13915,13927,4439
2026-07-10T14:05:00+05:30,13927,13949,13922,13938,8512
2026-07-10T14:10:00+05:30,13938,13939,13924,13935,2266
2026-07-10T14:15:00+05:30,13935,13942,13935,13940,1567
2026-07-10T14:20:00+05:30,13940,13942,13930,13942,1286
2026-07-10T14:25:00+05:30,13941,13965,13937,13963,1509
2026-07-10T14:30:00+05:30,13964,13969,13951,13964,3851
2026-07-10T14:35:00+05:30,13963,13968,13948,13957,4575
2026-07-10T14:40:00+05:30,13957,13969,13954,13960,3457
2026-07-10T14:45:00+05:30,13960,13964,13920,13927,8766
2026-07-10T14:50:00+05:30,13927,13930,13854,13859,22675
2026-07-10T14:55:00+05:30,13859,13873,13841,13857,24945
2026-07-10T15:00:00+05:30,13857,13865,13840,13848,25693
2026-07-10T15:05:00+05:30,13854,13876,13838,13868,23013
2026-07-10T15:10:00+05:30,13870,13877,13860,13872,21232
2026-07-10T15:15:00+05:30,13872,13872,13840,13859,22721
2026-07-10T15:20:00+05:30,13858,13874,13849,13862,25608
2026-07-10T15:25:00+05:30,13862,13870,13841,13850,31223
2026-07-13T09:15:00+05:30,13682,13735,13558,13645,18913
2026-07-13T09:20:00+05:30,13639,13669,13632,13654,6783
2026-07-13T09:25:00+05:30,13654,13655,13620,13632,7692
2026-07-13T09:30:00+05:30,13628,13628,13555,13575,12221
2026-07-13T09:35:00+05:30,13575,13634,13536,13634,11582
2026-07-13T09:40:00+05:30,13621,13650,13618,13639,6122
2026-07-13T09:45:00+05:30,13639,13640,13600,13618,5348
2026-07-13T09:50:00+05:30,13611,13632,13604,13615,3184
2026-07-13T09:55:00+05:30,13615,13650,13608,13647,3406
2026-07-13T10:00:00+05:30,13647,13678,13636,13653,7661
2026-07-13T10:05:00+05:30,13652,13694,13644,13689,6356
2026-07-13T10:10:00+05:30,13689,13714,13686,13706,8049
2026-07-13T10:15:00+05:30,13706,13716,13700,13710,3415
2026-07-13T10:20:00+05:30,13710,13742,13700,13735,9721
2026-07-13T10:25:00+05:30,13735,13761,13716,13759,5620
2026-07-13T10:30:00+05:30,13759,13775,13738,13770,3630
2026-07-13T10:35:00+05:30,13779,13800,13764,13784,6400
2026-07-13T10:40:00+05:30,13784,13796,13768,13793,2377
2026-07-13T10:45:00+05:30,13793,13793,13756,13764,2823
2026-07-13T10:50:00+05:30,13762,13763,13748,13752,2644
2026-07-13T10:55:00+05:30,13753,13778,13752,13767,2288
2026-07-13T11:00:00+05:30,13767,13784,13751,13777,1851
2026-07-13T11:05:00+05:30,13777,13788,13770,13782,3545
2026-07-13T11:10:00+05:30,13784,13833,13782,13801,7401
2026-07-13T11:15:00+05:30,13801,13810,13780,13793,2689
2026-07-13T11:20:00+05:30,13793,13841,13793,13832,3095
2026-07-13T11:25:00+05:30,13832,13835,13797,13804,2030
2026-07-13T11:30:00+05:30,13804,13814,13792,13810,2841
2026-07-13T11:35:00+05:30,13807,13815,13786,13799,2517
2026-07-13T11:40:00+05:30,13799,13803,13780,13791,2724
2026-07-13T11:45:00+05:30,13798,13806,13785,13797,2228
2026-07-13T11:50:00+05:30,13797,13804,13766,13770,7185
2026-07-13T11:55:00+05:30,13770,13778,13740,13774,9382
2026-07-13T12:00:00+05:30,13774,13799,13774,13798,1524
2026-07-13T12:05:00+05:30,13798,13800,13777,13794,2456
2026-07-13T12:10:00+05:30,13794,13819,13780,13800,2183
2026-07-13T12:15:00+05:30,13806,13815,13790,13802,984
2026-07-13T12:20:00+05:30,13802,13814,13780,13796,3410
2026-07-13T12:25:00+05:30,13802,13802,13752,13764,2413
2026-07-13T12:30:00+05:30,13764,13768,13661,13693,22110
2026-07-13T12:35:00+05:30,13689,13725,13685,13719,25612
2026-07-13T12:40:00+05:30,13719,13731,13682,13690,6435
2026-07-13T12:45:00+05:30,13688,13700,13686,13697,1887
2026-07-13T12:50:00+05:30,13696,13722,13690,13718,25151
2026-07-13T12:55:00+05:30,13718,13725,13706,13724,1866
2026-07-13T13:00:00+05:30,13720,13720,13681,13691,5402
2026-07-13T13:05:00+05:30,13691,13695,13666,13685,2244
2026-07-13T13:10:00+05:30,13686,13695,13680,13691,1553
2026-07-13T13:15:00+05:30,13691,13698,13685,13690,1345
2026-07-13T13:20:00+05:30,13690,13700,13680,13694,3257
2026-07-13T13:25:00+05:30,13694,13699,13680,13682,2134
2026-07-13T13:30:00+05:30,13682,13700,13682,13693,4936
2026-07-13T13:35:00+05:30,13693,13700,13684,13690,1757
2026-07-13T13:40:00+05:30,13690,13700,13685,13687,1496
2026-07-13T13:45:00+05:30,13685,13698,13683,13691,1191
2026-07-13T13:50:00+05:30,13691,13695,13672,13675,2567
2026-07-13T13:55:00+05:30,13680,13689,13673,13682,1445
2026-07-13T14:00:00+05:30,13682,13690,13675,13686,1467
2026-07-13T14:05:00+05:30,13686,13695,13683,13684,1040
2026-07-13T14:10:00+05:30,13684,13694,13678,13694,2267
2026-07-13T14:15:00+05:30,13694,13700,13679,13685,5427
2026-07-13T14:20:00+05:30,13681,13691,13670,13686,2440
2026-07-13T14:25:00+05:30,13686,13696,13681,13684,1137
2026-07-13T14:30:00+05:30,13684,13700,13681,13697,36754
2026-07-13T14:35:00+05:30,13697,13697,13680,13687,4994
2026-07-13T14:40:00+05:30,13687,13696,13682,13691,4901
2026-07-13T14:45:00+05:30,13691,13725,13691,13716,6751
2026-07-13T14:50:00+05:30,13716,13725,13695,13719,5693
2026-07-13T14:55:00+05:30,13719,13721,13692,13711,2947
2026-07-13T15:00:00+05:30,13702,13706,13675,13686,8963
2026-07-13T15:05:00+05:30,13679,13707,13678,13692,14991
2026-07-13T15:10:00+05:30,13694,13698,13683,13695,8221
2026-07-13T15:15:00+05:30,13695,13700,13689,13696,17950
2026-07-13T15:20:00+05:30,13698,13699,13688,13695,8465
2026-07-13T15:25:00+05:30,13695,13700,13693,13699,13937
2026-07-14T09:15:00+05:30,13619,13690,13560,13650,11113
2026-07-14T09:20:00+05:30,13650,13650,13618,13630,3987
2026-07-14T09:25:00+05:30,13626,13626,13615,13625,3571
2026-07-14T09:30:00+05:30,13625,13630,13612,13619,2273
2026-07-14T09:35:00+05:30,13619,13619,13584,13588,3268
2026-07-14T09:40:00+05:30,13588,13591,13567,13583,6050
2026-07-14T09:45:00+05:30,13586,13586,13559,13565,7291
2026-07-14T09:50:00+05:30,13556,13564,13540,13540,4008
2026-07-14T09:55:00+05:30,13544,13573,13536,13547,4866
2026-07-14T10:00:00+05:30,13547,13585,13547,13580,3388
2026-07-14T10:05:00+05:30,13580,13591,13564,13573,3016
2026-07-14T10:10:00+05:30,13569,13573,13554,13554,1863
2026-07-14T10:15:00+05:30,13554,13572,13543,13545,3041
2026-07-14T10:20:00+05:30,13545,13591,13545,13583,3879
2026-07-14T10:25:00+05:30,13583,13592,13562,13566,3788
2026-07-14T10:30:00+05:30,13566,13585,13563,13580,2673
2026-07-14T10:35:00+05:30,13580,13598,13516,13538,20400
2026-07-14T10:40:00+05:30,13529,13531,13513,13514,15551
2026-07-14T10:45:00+05:30,13514,13533,13506,13531,13238
2026-07-14T10:50:00+05:30,13530,13546,13519,13534,11011
2026-07-14T10:55:00+05:30,13536,13559,13534,13546,2579
2026-07-14T11:00:00+05:30,13546,13570,13546,13554,1945
2026-07-14T11:05:00+05:30,13554,13561,13513,13530,3164
2026-07-14T11:10:00+05:30,13535,13544,13517,13537,2955
2026-07-14T11:15:00+05:30,13537,13541,13520,13529,2471
2026-07-14T11:20:00+05:30,13529,13536,13524,13536,2243
2026-07-14T11:25:00+05:30,13535,13541,13530,13540,2677
2026-07-14T11:30:00+05:30,13534,13550,13517,13517,4235
2026-07-14T11:35:00+05:30,13525,13549,13521,13530,3659
2026-07-14T11:40:00+05:30,13544,13554,13526,13544,6959
2026-07-14T11:45:00+05:30,13549,13549,13532,13532,1464
2026-07-14T11:50:00+05:30,13532,13550,13532,13539,1304
2026-07-14T11:55:00+05:30,13539,13545,13530,13541,2762
2026-07-14T12:00:00+05:30,13541,13555,13540,13547,2800
2026-07-14T12:05:00+05:30,13553,13555,13541,13553,3602
2026-07-14T12:10:00+05:30,13553,13559,13544,13549,2180
2026-07-14T12:15:00+05:30,13545,13553,13529,13550,2856
2026-07-14T12:20:00+05:30,13553,13556,13544,13544,1409
2026-07-14T12:25:00+05:30,13548,13558,13530,13532,3062
2026-07-14T12:30:00+05:30,13532,13551,13532,13550,2454
2026-07-14T12:35:00+05:30,13549,13555,13545,13551,2233
2026-07-14T12:40:00+05:30,13551,13555,13540,13553,2111
2026-07-14T12:45:00+05:30,13554,13555,13539,13540,2189
2026-07-14T12:50:00+05:30,13540,13540,13523,13528,1954
2026-07-14T12:55:00+05:30,13526,13537,13521,13523,2178
2026-07-14T13:00:00+05:30,13520,13529,13510,13526,4967
2026-07-14T13:05:00+05:30,13526,13534,13522,13529,1049
2026-07-14T13:10:00+05:30,13529,13530,13512,13513,1622
2026-07-14T13:15:00+05:30,13513,13521,13507,13521,2374
2026-07-14T13:20:00+05:30,13521,13530,13514,13523,1254
2026-07-14T13:25:00+05:30,13525,13545,13521,13539,8208
2026-07-14T13:30:00+05:30,13540,13543,13522,13525,2788
2026-07-14T13:35:00+05:30,13525,13529,13493,13503,4686
2026-07-14T13:40:00+05:30,13503,13516,13502,13511,1617
2026-07-14T13:45:00+05:30,13506,13511,13502,13507,1835
2026-07-14T13:50:00+05:30,13507,13510,13501,13506,953
2026-07-14T13:55:00+05:30,13501,13531,13501,13523,4508
2026-07-14T14:00:00+05:30,13521,13529,13507,13519,5614
2026-07-14T14:05:00+05:30,13519,13531,13505,13519,14891
2026-07-14T14:10:00+05:30,13519,13530,13513,13530,2128
2026-07-14T14:15:00+05:30,13530,13534,13513,13528,4193
2026-07-14T14:20:00+05:30,13528,13534,13525,13529,4196
2026-07-14T14:25:00+05:30,13527,13533,13525,13525,2991
2026-07-14T14:30:00+05:30,13525,13530,13503,13513,5340
2026-07-14T14:35:00+05:30,13513,13524,13510,13524,2442
2026-07-14T14:40:00+05:30,13524,13525,13512,13523,2173
2026-07-14T14:45:00+05:30,13523,13527,13518,13522,3190
2026-07-14T14:50:00+05:30,13522,13526,13505,13516,5884
2026-07-14T14:55:00+05:30,13515,13526,13495,13497,8186
2026-07-14T15:00:00+05:30,13500,13500,13476,13484,15701
2026-07-14T15:05:00+05:30,13484,13500,13480,13491,13635
2026-07-14T15:10:00+05:30,13496,13500,13484,13498,14222
2026-07-14T15:15:00+05:30,13498,13499,13479,13490,13149
2026-07-14T15:20:00+05:30,13492,13495,13482,13486,8405
2026-07-14T15:25:00+05:30,13486,13486,13470,13480,9705
2026-07-15T09:15:00+05:30,13503,13599,13454,13535,12627
2026-07-15T09:20:00+05:30,13535,13559,13512,13525,7250
2026-07-15T09:25:00+05:30,13522,13525,13510,13510,4941
2026-07-15T09:30:00+05:30,13512,13532,13512,13526,2886
2026-07-15T09:35:00+05:30,13528,13558,13523,13556,4314
2026-07-15T09:40:00+05:30,13556,13566,13544,13559,4834
2026-07-15T09:45:00+05:30,13559,13565,13535,13544,4662
2026-07-15T09:50:00+05:30,13544,13606,13541,13598,14496
2026-07-15T09:55:00+05:30,13593,13603,13569,13569,5164
2026-07-15T10:00:00+05:30,13571,13572,13490,13492,11695
2026-07-15T10:05:00+05:30,13492,13499,13478,13498,5076
2026-07-15T10:10:00+05:30,13495,13526,13490,13521,4962
2026-07-15T10:15:00+05:30,13518,13553,13518,13534,4177
2026-07-15T10:20:00+05:30,13535,13539,13524,13529,1525
2026-07-15T10:25:00+05:30,13530,13530,13501,13513,2586
2026-07-15T10:30:00+05:30,13512,13539,13502,13534,3233
2026-07-15T10:35:00+05:30,13531,13546,13528,13532,2856
2026-07-15T10:40:00+05:30,13531,13534,13520,13526,2161
2026-07-15T10:45:00+05:30,13527,13527,13514,13521,2060
2026-07-15T10:50:00+05:30,13521,13523,13510,13515,2172
2026-07-15T10:55:00+05:30,13513,13534,13510,13528,2822
2026-07-15T11:00:00+05:30,13528,13532,13513,13523,2098
2026-07-15T11:05:00+05:30,13523,13527,13485,13490,25538
2026-07-15T11:10:00+05:30,13490,13495,13435,13440,42417
2026-07-15T11:15:00+05:30,13440,13459,13438,13452,7655
2026-07-15T11:20:00+05:30,13452,13471,13440,13458,9297
2026-07-15T11:25:00+05:30,13460,13506,13453,13493,7746
2026-07-15T11:30:00+05:30,13493,13527,13493,13522,5869
2026-07-15T11:35:00+05:30,13522,13560,13520,13549,11813
2026-07-15T11:40:00+05:30,13549,13551,13525,13545,3335
2026-07-15T11:45:00+05:30,13545,13551,13538,13543,9384
2026-07-15T11:50:00+05:30,13543,13569,13540,13563,6434
2026-07-15T11:55:00+05:30,13563,13592,13559,13574,8017
2026-07-15T12:00:00+05:30,13574,13583,13560,13574,3409
2026-07-15T12:05:00+05:30,13574,13586,13573,13581,9011
2026-07-15T12:10:00+05:30,13582,13592,13572,13590,6928
2026-07-15T12:15:00+05:30,13592,13593,13585,13585,2220
2026-07-15T12:20:00+05:30,13585,13587,13574,13586,3342
2026-07-15T12:25:00+05:30,13586,13603,13582,13585,7353
2026-07-15T12:30:00+05:30,13585,13597,13585,13591,2344
2026-07-15T12:35:00+05:30,13591,13594,13570,13570,3281
2026-07-15T12:40:00+05:30,13571,13572,13556,13566,1726
2026-07-15T12:45:00+05:30,13567,13576,13555,13576,2828
2026-07-15T12:50:00+05:30,13574,13576,13568,13576,4781
2026-07-15T12:55:00+05:30,13575,13575,13520,13540,23807
2026-07-15T13:00:00+05:30,13537,13544,13526,13540,1285
2026-07-15T13:05:00+05:30,13540,13544,13531,13537,1718
2026-07-15T13:10:00+05:30,13537,13538,13529,13537,1423
2026-07-15T13:15:00+05:30,13537,13548,13533,13548,3189
2026-07-15T13:20:00+05:30,13548,13548,13526,13532,3120
2026-07-15T13:25:00+05:30,13532,13532,13527,13531,1205
2026-07-15T13:30:00+05:30,13531,13531,13526,13531,3008
2026-07-15T13:35:00+05:30,13531,13532,13524,13525,1193
2026-07-15T13:40:00+05:30,13524,13525,13511,13516,9133
2026-07-15T13:45:00+05:30,13516,13528,13514,13525,4731
2026-07-15T13:50:00+05:30,13525,13525,13515,13521,1207
2026-07-15T13:55:00+05:30,13521,13544,13517,13542,4039
2026-07-15T14:00:00+05:30,13542,13552,13541,13546,1829
2026-07-15T14:05:00+05:30,13546,13546,13539,13540,940
2026-07-15T14:10:00+05:30,13540,13543,13534,13538,996
2026-07-15T14:15:00+05:30,13538,13547,13536,13541,3276
2026-07-15T14:20:00+05:30,13541,13541,13536,13541,1421
2026-07-15T14:25:00+05:30,13541,13542,13536,13541,1416
2026-07-15T14:30:00+05:30,13541,13550,13536,13547,2222
2026-07-15T14:35:00+05:30,13546,13573,13539,13573,3737
2026-07-15T14:40:00+05:30,13571,13574,13555,13563,1704
2026-07-15T14:45:00+05:30,13563,13563,13546,13555,1951
2026-07-15T14:50:00+05:30,13555,13579,13551,13575,3256
2026-07-15T14:55:00+05:30,13571,13578,13563,13574,3794
2026-07-15T15:00:00+05:30,13574,13580,13567,13578,8270
2026-07-15T15:05:00+05:30,13578,13585,13568,13571,6565
2026-07-15T15:10:00+05:30,13571,13590,13567,13586,19827
2026-07-15T15:15:00+05:30,13589,13595,13580,13585,9239
2026-07-15T15:20:00+05:30,13585,13594,13584,13591,10563
2026-07-15T15:25:00+05:30,13591,13595,13568,13568,16393
2026-07-16T09:15:00+05:30,13605,13779,13584,13776,28198
2026-07-16T09:20:00+05:30,13777,13825,13766,13770,21848
2026-07-16T09:25:00+05:30,13764,13778,13722,13745,7827
2026-07-16T09:30:00+05:30,13742,13801,13741,13775,8199
2026-07-16T09:35:00+05:30,13784,13788,13730,13747,4460
2026-07-16T09:40:00+05:30,13738,13794,13733,13764,5959
2026-07-16T09:45:00+05:30,13764,13782,13764,13769,3905
2026-07-16T09:50:00+05:30,13769,13777,13757,13770,3419
2026-07-16T09:55:00+05:30,13773,13774,13749,13757,3455
2026-07-16T10:00:00+05:30,13754,13765,13744,13758,1737
2026-07-16T10:05:00+05:30,13758,13759,13712,13718,4414
2026-07-16T10:10:00+05:30,13715,13732,13707,13723,2982
2026-07-16T10:15:00+05:30,13723,13736,13714,13724,2529
2026-07-16T10:20:00+05:30,13719,13732,13719,13731,1218
2026-07-16T10:25:00+05:30,13732,13748,13725,13728,2613
2026-07-16T10:30:00+05:30,13726,13741,13706,13714,2368
2026-07-16T10:35:00+05:30,13714,13720,13695,13713,4750
2026-07-16T10:40:00+05:30,13713,13730,13686,13687,3090
2026-07-16T10:45:00+05:30,13692,13718,13682,13710,2598
2026-07-16T10:50:00+05:30,13717,13731,13713,13724,3369
2026-07-16T10:55:00+05:30,13724,13728,13714,13728,2225
2026-07-16T11:00:00+05:30,13723,13745,13723,13729,2425
2026-07-16T11:05:00+05:30,13729,13733,13724,13729,1001
2026-07-16T11:10:00+05:30,13732,13743,13726,13732,1580
2026-07-16T11:15:00+05:30,13728,13738,13715,13719,3063
2026-07-16T11:20:00+05:30,13719,13735,13715,13730,1422
2026-07-16T11:25:00+05:30,13730,13732,13721,13724,1171
2026-07-16T11:30:00+05:30,13724,13748,13721,13736,3210
2026-07-16T11:35:00+05:30,13738,13780,13734,13775,5898
2026-07-16T11:40:00+05:30,13775,13798,13765,13767,6015
2026-07-16T11:45:00+05:30,13767,13774,13741,13744,2906
2026-07-16T11:50:00+05:30,13744,13748,13733,13736,2779
2026-07-16T11:55:00+05:30,13736,13758,13735,13758,2862
2026-07-16T12:00:00+05:30,13758,13758,13736,13741,1761
2026-07-16T12:05:00+05:30,13741,13744,13735,13744,2282
2026-07-16T12:10:00+05:30,13744,13749,13738,13748,948
2026-07-16T12:15:00+05:30,13747,13748,13739,13744,1077
2026-07-16T12:20:00+05:30,13744,13745,13734,13741,2149
2026-07-16T12:25:00+05:30,13741,13752,13733,13746,2586
2026-07-16T12:30:00+05:30,13746,13767,13743,13760,5566
2026-07-16T12:35:00+05:30,13760,13780,13759,13769,5623
2026-07-16T12:40:00+05:30,13770,13772,13753,13762,4016
2026-07-16T12:45:00+05:30,13762,13767,13750,13767,2544
2026-07-16T12:50:00+05:30,13767,13772,13762,13765,1463
2026-07-16T12:55:00+05:30,13765,13772,13755,13769,2029
2026-07-16T13:00:00+05:30,13769,13790,13763,13789,4300
2026-07-16T13:05:00+05:30,13790,13790,13779,13784,1996
2026-07-16T13:10:00+05:30,13783,13805,13779,13795,12441
2026-07-16T13:15:00+05:30,13795,13795,13776,13792,4284
2026-07-16T13:20:00+05:30,13790,13800,13790,13800,1645
2026-07-16T13:25:00+05:30,13797,13805,13791,13800,5148
2026-07-16T13:30:00+05:30,13802,13806,13790,13798,11447
2026-07-16T13:35:00+05:30,13798,13800,13776,13787,7154
2026-07-16T13:40:00+05:30,13787,13787,13764,13769,3599
2026-07-16T13:45:00+05:30,13769,13780,13764,13774,2368
2026-07-16T13:50:00+05:30,13774,13780,13770,13779,1558
2026-07-16T13:55:00+05:30,13779,13799,13776,13799,4047
2026-07-16T14:00:00+05:30,13799,13805,13796,13802,2239
2026-07-16T14:05:00+05:30,13802,13812,13799,13810,5270
2026-07-16T14:10:00+05:30,13808,13834,13805,13830,8937
2026-07-16T14:15:00+05:30,13833,13840,13814,13831,3529
2026-07-16T14:20:00+05:30,13831,13834,13821,13828,2371
2026-07-16T14:25:00+05:30,13825,13830,13816,13820,1909
2026-07-16T14:30:00+05:30,13820,13832,13820,13828,2880
2026-07-16T14:35:00+05:30,13828,13832,13820,13826,2781
2026-07-16T14:40:00+05:30,13826,13845,13826,13837,3802
2026-07-16T14:45:00+05:30,13837,13843,13808,13808,3814
2026-07-16T14:50:00+05:30,13806,13824,13802,13823,4779
2026-07-16T14:55:00+05:30,13823,13830,13812,13816,3739
2026-07-16T15:00:00+05:30,13810,13814,13769,13789,14008
2026-07-16T15:05:00+05:30,13790,13804,13786,13789,9915
2026-07-16T15:10:00+05:30,13789,13790,13770,13772,8436
2026-07-16T15:15:00+05:30,13771,13781,13765,13768,11659
2026-07-16T15:20:00+05:30,13768,13775,13766,13770,7510
2026-07-16T15:25:00+05:30,13771,13799,13768,13780,11278
2026-07-17T09:15:00+05:30,13750,13869,13700,13856,14242
2026-07-17T09:20:00+05:30,13845,13875,13830,13837,5811
2026-07-17T09:25:00+05:30,13837,13885,13820,13849,8991
2026-07-17T09:30:00+05:30,13849,13862,13822,13830,2986
2026-07-17T09:35:00+05:30,13830,13832,13789,13804,4397
2026-07-17T09:40:00+05:30,13804,13819,13781,13801,3899
2026-07-17T09:45:00+05:30,13801,13814,13797,13814,2354
2026-07-17T09:50:00+05:30,13814,13820,13788,13804,2661
2026-07-17T09:55:00+05:30,13802,13810,13780,13808,1920
2026-07-17T10:00:00+05:30,13808,13808,13775,13783,2343
2026-07-17T10:05:00+05:30,13783,13808,13775,13796,1481
2026-07-17T10:10:00+05:30,13796,13796,13773,13787,1516
2026-07-17T10:15:00+05:30,13787,13799,13777,13794,1064
2026-07-17T10:20:00+05:30,13795,13799,13777,13786,982
2026-07-17T10:25:00+05:30,13786,13794,13776,13784,1730
2026-07-17T10:30:00+05:30,13784,13822,13770,13807,2558
2026-07-17T10:35:00+05:30,13807,13807,13753,13763,3135
2026-07-17T10:40:00+05:30,13763,13763,13733,13754,3770
2026-07-17T10:45:00+05:30,13754,13766,13745,13762,2078
2026-07-17T10:50:00+05:30,13754,13772,13744,13746,7046
2026-07-17T10:55:00+05:30,13745,13764,13741,13761,1912
2026-07-17T11:00:00+05:30,13761,13769,13750,13764,1194
2026-07-17T11:05:00+05:30,13764,13770,13750,13750,1637
2026-07-17T11:10:00+05:30,13750,13755,13747,13755,1781
2026-07-17T11:15:00+05:30,13755,13755,13741,13746,698
2026-07-17T11:20:00+05:30,13746,13749,13732,13738,1414
2026-07-17T11:25:00+05:30,13737,13744,13728,13737,876
2026-07-17T11:30:00+05:30,13735,13758,13728,13758,1355
2026-07-17T11:35:00+05:30,13758,13758,13740,13752,837
2026-07-17T11:40:00+05:30,13749,13758,13736,13758,1388
2026-07-17T11:45:00+05:30,13758,13767,13750,13757,1387
2026-07-17T11:50:00+05:30,13760,13770,13752,13768,627
2026-07-17T11:55:00+05:30,13768,13778,13765,13769,3564
2026-07-17T12:00:00+05:30,13768,13782,13765,13775,1414
2026-07-17T12:05:00+05:30,13775,13778,13732,13745,6879
2026-07-17T12:10:00+05:30,13745,13757,13740,13754,3474
2026-07-17T12:15:00+05:30,13754,13782,13741,13776,6465
2026-07-17T12:20:00+05:30,13776,13782,13768,13779,1339
2026-07-17T12:25:00+05:30,13779,13782,13750,13757,1469
2026-07-17T12:30:00+05:30,13757,13770,13755,13770,417
2026-07-17T12:35:00+05:30,13770,13777,13765,13776,851
2026-07-17T12:40:00+05:30,13776,13776,13751,13768,1303
2026-07-17T12:45:00+05:30,13768,13782,13760,13777,2766
2026-07-17T12:50:00+05:30,13777,13782,13767,13779,4674
2026-07-17T12:55:00+05:30,13779,13790,13773,13786,9162
2026-07-17T13:00:00+05:30,13786,13809,13786,13805,4888
2026-07-17T13:05:00+05:30,13805,13808,13790,13791,1850
2026-07-17T13:10:00+05:30,13791,13793,13780,13790,3462
2026-07-17T13:15:00+05:30,13790,13790,13780,13782,1827
2026-07-17T13:20:00+05:30,13782,13790,13781,13785,2708
2026-07-17T13:25:00+05:30,13785,13785,13755,13760,5134
2026-07-17T13:30:00+05:30,13756,13780,13755,13768,6508
2026-07-17T13:35:00+05:30,13768,13781,13766,13774,603
2026-07-17T13:40:00+05:30,13771,13773,13760,13764,742
2026-07-17T13:45:00+05:30,13764,13768,13758,13758,1113
2026-07-17T13:50:00+05:30,13756,13778,13739,13770,7575
2026-07-17T13:55:00+05:30,13770,13791,13765,13791,1907
2026-07-17T14:00:00+05:30,13791,13791,13778,13789,1634
2026-07-17T14:05:00+05:30,13789,13789,13773,13774,1443
2026-07-17T14:10:00+05:30,13778,13781,13772,13774,659
2026-07-17T14:15:00+05:30,13774,13830,13774,13798,6332
2026-07-17T14:20:00+05:30,13798,13800,13782,13788,1152
2026-07-17T14:25:00+05:30,13788,13800,13778,13783,1367
2026-07-17T14:30:00+05:30,13782,13795,13781,13788,1667
2026-07-17T14:35:00+05:30,13788,13795,13786,13792,779
2026-07-17T14:40:00+05:30,13788,13813,13788,13803,2365
2026-07-17T14:45:00+05:30,13803,13810,13800,13807,1997
2026-07-17T14:50:00+05:30,13807,13819,13805,13818,2141
2026-07-17T14:55:00+05:30,13818,13825,13802,13803,2829
2026-07-17T15:00:00+05:30,13803,13815,13800,13801,4737
2026-07-17T15:05:00+05:30,13801,13806,13800,13801,5737
2026-07-17T15:10:00+05:30,13800,13807,13800,13803,4680
2026-07-17T15:15:00+05:30,13802,13809,13800,13801,10983
2026-07-17T15:20:00+05:30,13800,13805,13800,13805,7049
2026-07-17T15:25:00+05:30,13809,13825,13800,13800,6529
2026-07-20T09:15:00+05:30,13824,13832,13732,13741,10105
2026-07-20T09:20:00+05:30,13741,13746,13660,13700,10377
2026-07-20T09:25:00+05:30,13708,13710,13673,13700,8214
2026-07-20T09:30:00+05:30,13691,13705,13630,13649,11039
2026-07-20T09:35:00+05:30,13654,13681,13645,13648,6334
2026-07-20T09:40:00+05:30,13638,13640,13573,13620,11051
2026-07-20T09:45:00+05:30,13620,13630,13607,13623,2952
2026-07-20T09:50:00+05:30,13620,13629,13594,13624,4001
2026-07-20T09:55:00+05:30,13628,13635,13620,13624,2123
2026-07-20T10:00:00+05:30,13614,13615,13587,13596,4951
2026-07-20T10:05:00+05:30,13590,13620,13585,13620,7060
2026-07-20T10:10:00+05:30,13620,13634,13619,13627,2133
2026-07-20T10:15:00+05:30,13625,13646,13615,13645,7839
2026-07-20T10:20:00+05:30,13645,13646,13609,13636,2213
2026-07-20T10:25:00+05:30,13636,13636,13620,13623,2943
2026-07-20T10:30:00+05:30,13623,13635,13615,13615,1806
2026-07-20T10:35:00+05:30,13616,13620,13601,13613,3357
2026-07-20T10:40:00+05:30,13613,13636,13601,13629,3738
2026-07-20T10:45:00+05:30,13629,13640,13621,13638,1745
2026-07-20T10:50:00+05:30,13638,13640,13632,13638,759
2026-07-20T10:55:00+05:30,13637,13664,13632,13653,8872
2026-07-20T11:00:00+05:30,13653,13653,13613,13621,30484
2026-07-20T11:05:00+05:30,13621,13628,13603,13623,3824
2026-07-20T11:10:00+05:30,13623,13635,13620,13625,8383
2026-07-20T11:15:00+05:30,13625,13627,13580,13601,12797
2026-07-20T11:20:00+05:30,13601,13611,13556,13556,13655
2026-07-20T11:25:00+05:30,13557,13574,13553,13571,3529
2026-07-20T11:30:00+05:30,13571,13581,13557,13578,3576
2026-07-20T11:35:00+05:30,13579,13584,13565,13581,3398
2026-07-20T11:40:00+05:30,13592,13604,13592,13597,11623
2026-07-20T11:45:00+05:30,13598,13598,13568,13569,4696
2026-07-20T11:50:00+05:30,13569,13570,13539,13546,10831
2026-07-20T11:55:00+05:30,13548,13563,13545,13560,2077
2026-07-20T12:00:00+05:30,13560,13560,13545,13548,3360
2026-07-20T12:05:00+05:30,13548,13558,13537,13541,13540
2026-07-20T12:10:00+05:30,13540,13575,13540,13561,4965
2026-07-20T12:15:00+05:30,13561,13578,13552,13564,10641
2026-07-20T12:20:00+05:30,13569,13573,13555,13565,8986
2026-07-20T12:25:00+05:30,13565,13565,13544,13555,4635
2026-07-20T12:30:00+05:30,13555,13555,13512,13514,22720
2026-07-20T12:35:00+05:30,13514,13517,13485,13490,11097
2026-07-20T12:40:00+05:30,13493,13493,13402,13402,21071
2026-07-20T12:45:00+05:30,13403,13410,13377,13397,8586
2026-07-20T12:50:00+05:30,13397,13435,13393,13430,9440
2026-07-20T12:55:00+05:30,13430,13449,13413,13440,3474
2026-07-20T13:00:00+05:30,13440,13468,13419,13464,4334
2026-07-20T13:05:00+05:30,13460,13466,13386,13406,10987
2026-07-20T13:10:00+05:30,13406,13439,13386,13439,5496
2026-07-20T13:15:00+05:30,13439,13452,13423,13429,3993
2026-07-20T13:20:00+05:30,13429,13451,13403,13445,4216
2026-07-20T13:25:00+05:30,13445,13453,13433,13453,2851
2026-07-20T13:30:00+05:30,13452,13474,13440,13474,2661
2026-07-20T13:35:00+05:30,13474,13484,13465,13481,2338
2026-07-20T13:40:00+05:30,13481,13482,13460,13465,2346
2026-07-20T13:45:00+05:30,13461,13477,13460,13468,2509
2026-07-20T13:50:00+05:30,13471,13477,13450,13459,2748
2026-07-20T13:55:00+05:30,13459,13474,13452,13462,1175
2026-07-20T14:00:00+05:30,13462,13474,13462,13463,1322
2026-07-20T14:05:00+05:30,13464,13472,13455,13465,4726
2026-07-20T14:10:00+05:30,13465,13466,13441,13448,3842
2026-07-20T14:15:00+05:30,13448,13461,13444,13458,2142
2026-07-20T14:20:00+05:30,13458,13473,13444,13451,11744
2026-07-20T14:25:00+05:30,13451,13471,13449,13463,4097
2026-07-20T14:30:00+05:30,13463,13463,13445,13453,2673
2026-07-20T14:35:00+05:30,13450,13455,13432,13443,5005
2026-07-20T14:40:00+05:30,13447,13457,13442,13453,3285
2026-07-20T14:45:00+05:30,13453,13469,13450,13468,3144
2026-07-20T14:50:00+05:30,13468,13481,13464,13481,4996
2026-07-20T14:55:00+05:30,13481,13520,13475,13508,11986
2026-07-20T15:00:00+05:30,13514,13519,13500,13509,7189
2026-07-20T15:05:00+05:30,13509,13510,13490,13492,9254
2026-07-20T15:10:00+05:30,13492,13512,13491,13509,9114
2026-07-20T15:15:00+05:30,13510,13525,13507,13518,20100
2026-07-20T15:20:00+05:30,13520,13529,13513,13520,10491
2026-07-20T15:25:00+05:30,13520,13529,13515,13519,11085
2026-07-21T09:15:00+05:30,13520,13520,13350,13423,46034
2026-07-21T09:20:00+05:30,13423,13444,13416,13425,5653
2026-07-21T09:25:00+05:30,13419,13457,13414,13442,4284
2026-07-21T09:30:00+05:30,13445,13450,13416,13430,5292
2026-07-21T09:35:00+05:30,13430,13454,13427,13447,2253
2026-07-21T09:40:00+05:30,13445,13468,13442,13468,3088
2026-07-21T09:45:00+05:30,13468,13475,13451,13467,2919
2026-07-21T09:50:00+05:30,13468,13480,13466,13480,2177
2026-07-21T09:55:00+05:30,13480,13490,13461,13468,2833
2026-07-21T10:00:00+05:30,13468,13470,13420,13430,6945
2026-07-21T10:05:00+05:30,13430,13440,13418,13423,2780
2026-07-21T10:10:00+05:30,13419,13426,13393,13404,5848
2026-07-21T10:15:00+05:30,13404,13410,13380,13404,4429
2026-07-21T10:20:00+05:30,13406,13410,13391,13410,1658
2026-07-21T10:25:00+05:30,13415,13419,13409,13419,1231
2026-07-21T10:30:00+05:30,13419,13419,13395,13400,2177
2026-07-21T10:35:00+05:30,13400,13410,13393,13396,1907
2026-07-21T10:40:00+05:30,13396,13401,13372,13374,7461
2026-07-21T10:45:00+05:30,13372,13377,13363,13369,4259
2026-07-21T10:50:00+05:30,13365,13370,13348,13355,9977
2026-07-21T10:55:00+05:30,13355,13375,13355,13370,3420
2026-07-21T11:00:00+05:30,13370,13372,13356,13363,3034
2026-07-21T11:05:00+05:30,13363,13370,13350,13355,7142
2026-07-21T11:10:00+05:30,13355,13362,13352,13353,1382
2026-07-21T11:15:00+05:30,13353,13374,13353,13371,1451
2026-07-21T11:20:00+05:30,13370,13375,13361,13364,1648
2026-07-21T11:25:00+05:30,13364,13378,13364,13371,1446
2026-07-21T11:30:00+05:30,13376,13388,13371,13386,1723
2026-07-21T11:35:00+05:30,13383,13397,13380,13380,2443
2026-07-21T11:40:00+05:30,13380,13384,13365,13375,2337
2026-07-21T11:45:00+05:30,13375,13388,13372,13382,971
2026-07-21T11:50:00+05:30,13382,13388,13361,13376,2847
2026-07-21T11:55:00+05:30,13373,13399,13373,13397,1994
2026-07-21T12:00:00+05:30,13397,13419,13397,13418,4451
2026-07-21T12:05:00+05:30,13418,13419,13410,13411,4081
2026-07-21T12:10:00+05:30,13411,13413,13401,13408,1465
2026-07-21T12:15:00+05:30,13405,13409,13400,13404,1060
2026-07-21T12:20:00+05:30,13404,13418,13401,13410,2757
2026-07-21T12:25:00+05:30,13410,13418,13400,13415,1532
2026-07-21T12:30:00+05:30,13413,13418,13409,13416,1173
2026-07-21T12:35:00+05:30,13416,13417,13411,13414,776
2026-07-21T12:40:00+05:30,13414,13440,13411,13431,5044
2026-07-21T12:45:00+05:30,13431,13435,13425,13427,1167
2026-07-21T12:50:00+05:30,13427,13435,13418,13423,2292
2026-07-21T12:55:00+05:30,13423,13429,13410,13413,2964
2026-07-21T13:00:00+05:30,13413,13425,13410,13424,3902
2026-07-21T13:05:00+05:30,13424,13425,13413,13419,588
2026-07-21T13:10:00+05:30,13419,13422,13415,13416,638
2026-07-21T13:15:00+05:30,13416,13423,13413,13420,1044
2026-07-21T13:20:00+05:30,13420,13427,13418,13425,1022
2026-07-21T13:25:00+05:30,13420,13430,13419,13425,1362
2026-07-21T13:30:00+05:30,13435,13458,13435,13455,5031
2026-07-21T13:35:00+05:30,13454,13475,13448,13465,15447
2026-07-21T13:40:00+05:30,13465,13475,13461,13468,2192
2026-07-21T13:45:00+05:30,13468,13475,13450,13460,2896
2026-07-21T13:50:00+05:30,13460,13465,13458,13465,1806
2026-07-21T13:55:00+05:30,13465,13465,13446,13454,3077
2026-07-21T14:00:00+05:30,13452,13469,13452,13466,1617
2026-07-21T14:05:00+05:30,13466,13497,13453,13489,6628
2026-07-21T14:10:00+05:30,13489,13507,13454,13459,8039
2026-07-21T14:15:00+05:30,13463,13489,13459,13482,1862
2026-07-21T14:20:00+05:30,13482,13499,13474,13499,4497
2026-07-21T14:25:00+05:30,13499,13530,13498,13522,5672
2026-07-21T14:30:00+05:30,13527,13545,13522,13543,7370
2026-07-21T14:35:00+05:30,13543,13557,13522,13556,9602
2026-07-21T14:40:00+05:30,13556,13556,13508,13535,4790
2026-07-21T14:45:00+05:30,13535,13545,13526,13536,1871
2026-07-21T14:50:00+05:30,13536,13540,13517,13532,2945
2026-07-21T14:55:00+05:30,13533,13540,13520,13523,3009
2026-07-21T15:00:00+05:30,13523,13539,13520,13530,4416
2026-07-21T15:05:00+05:30,13530,13539,13524,13534,7919
2026-07-21T15:10:00+05:30,13533,13649,13518,13641,16701
2026-07-21T15:15:00+05:30,13646,13655,13605,13620,14695
2026-07-21T15:20:00+05:30,13620,13636,13610,13634,9380
2026-07-21T15:25:00+05:30,13629,13641,13629,13636,6662
2026-07-22T09:15:00+05:30,13596,13719,13569,13680,15562
2026-07-22T09:20:00+05:30,13679,13694,13644,13655,7121
2026-07-22T09:25:00+05:30,13653,13653,13589,13603,5475
2026-07-22T09:30:00+05:30,13604,13639,13579,13596,13318
2026-07-22T09:35:00+05:30,13595,13626,13575,13608,4087
2026-07-22T09:40:00+05:30,13608,13623,13606,13610,3280
2026-07-22T09:45:00+05:30,13614,13622,13556,13577,4647
2026-07-22T09:50:00+05:30,13579,13594,13567,13584,3448
2026-07-22T09:55:00+05:30,13584,13584,13562,13573,1693
2026-07-22T10:00:00+05:30,13574,13595,13557,13590,3262
2026-07-22T10:05:00+05:30,13590,13604,13570,13570,3490
2026-07-22T10:10:00+05:30,13577,13619,13577,13619,2788
2026-07-22T10:15:00+05:30,13619,13630,13600,13604,2396
2026-07-22T10:20:00+05:30,13604,13618,13590,13595,2687
2026-07-22T10:25:00+05:30,13598,13598,13571,13597,5034
2026-07-22T10:30:00+05:30,13598,13635,13593,13601,6504
2026-07-22T10:35:00+05:30,13598,13617,13593,13593,1338
2026-07-22T10:40:00+05:30,13593,13593,13567,13587,4741
2026-07-22T10:45:00+05:30,13587,13631,13585,13631,3390
2026-07-22T10:50:00+05:30,13635,13635,13615,13623,3057
2026-07-22T10:55:00+05:30,13623,13623,13612,13620,1506
2026-07-22T11:00:00+05:30,13619,13620,13603,13603,1170
2026-07-22T11:05:00+05:30,13605,13605,13591,13603,1284
2026-07-22T11:10:00+05:30,13604,13622,13602,13609,1626
2026-07-22T11:15:00+05:30,13609,13609,13596,13600,2838
2026-07-22T11:20:00+05:30,13600,13600,13587,13589,1950
2026-07-22T11:25:00+05:30,13589,13600,13589,13598,3164
2026-07-22T11:30:00+05:30,13600,13600,13585,13587,1838
2026-07-22T11:35:00+05:30,13587,13591,13580,13587,1733
2026-07-22T11:40:00+05:30,13589,13600,13587,13593,1516
2026-07-22T11:45:00+05:30,13593,13600,13575,13575,8222
2026-07-22T11:50:00+05:30,13578,13578,13550,13552,18237
2026-07-22T11:55:00+05:30,13553,13580,13550,13569,4412
2026-07-22T12:00:00+05:30,13569,13584,13568,13580,3924
2026-07-22T12:05:00+05:30,13582,13590,13561,13567,4963
2026-07-22T12:10:00+05:30,13567,13568,13544,13546,10943
2026-07-22T12:15:00+05:30,13548,13548,13526,13530,3557
2026-07-22T12:20:00+05:30,13530,13535,13521,13530,3600
2026-07-22T12:25:00+05:30,13530,13531,13512,13527,7279
2026-07-22T12:30:00+05:30,13530,13530,13493,13509,9632
2026-07-22T12:35:00+05:30,13509,13510,13491,13502,5243
2026-07-22T12:40:00+05:30,13500,13519,13499,13515,2935
2026-07-22T12:45:00+05:30,13518,13534,13513,13534,1800
2026-07-22T12:50:00+05:30,13534,13553,13531,13542,1710
2026-07-22T12:55:00+05:30,13543,13567,13542,13567,6438
2026-07-22T13:00:00+05:30,13567,13567,13555,13556,1219
2026-07-22T13:05:00+05:30,13557,13557,13550,13553,1467
2026-07-22T13:10:00+05:30,13553,13553,13533,13542,6414
2026-07-22T13:15:00+05:30,13543,13545,13520,13522,1421
2026-07-22T13:20:00+05:30,13525,13527,13512,13516,1236
2026-07-22T13:25:00+05:30,13515,13520,13507,13520,1407
2026-07-22T13:30:00+05:30,13520,13536,13518,13531,1251
2026-07-22T13:35:00+05:30,13531,13557,13530,13545,1729
2026-07-22T13:40:00+05:30,13545,13545,13530,13532,1544
2026-07-22T13:45:00+05:30,13532,13538,13529,13532,889
2026-07-22T13:50:00+05:30,13532,13545,13531,13545,1517
2026-07-22T13:55:00+05:30,13545,13545,13540,13540,1317
2026-07-22T14:00:00+05:30,13541,13541,13525,13525,6057
2026-07-22T14:05:00+05:30,13527,13527,13511,13520,1631
2026-07-22T14:10:00+05:30,13520,13542,13513,13534,4783
2026-07-22T14:15:00+05:30,13534,13542,13530,13540,1126
2026-07-22T14:20:00+05:30,13541,13545,13530,13544,2026
2026-07-22T14:25:00+05:30,13545,13545,13532,13532,822
2026-07-22T14:30:00+05:30,13532,13538,13530,13537,1299
2026-07-22T14:35:00+05:30,13538,13562,13537,13546,3468
2026-07-22T14:40:00+05:30,13546,13557,13543,13551,1640
2026-07-22T14:45:00+05:30,13553,13559,13550,13559,1286
2026-07-22T14:50:00+05:30,13559,13569,13557,13561,2641
2026-07-22T14:55:00+05:30,13565,13568,13560,13560,2952
2026-07-22T15:00:00+05:30,13562,13569,13537,13549,4991
2026-07-22T15:05:00+05:30,13549,13556,13542,13549,5153
2026-07-22T15:10:00+05:30,13547,13551,13540,13548,5187
2026-07-22T15:15:00+05:30,13549,13559,13535,13543,8450
2026-07-22T15:20:00+05:30,13541,13549,13532,13535,7680
2026-07-22T15:25:00+05:30,13535,13545,13526,13545,6912
2026-07-23T09:15:00+05:30,13541,13554,13472,13539,8701
2026-07-23T09:20:00+05:30,13542,13555,13522,13540,4916
2026-07-23T09:25:00+05:30,13540,13547,13518,13518,1706
2026-07-23T09:30:00+05:30,13518,13518,13492,13498,3220
2026-07-23T09:35:00+05:30,13504,13508,13451,13475,4862
2026-07-23T09:40:00+05:30,13477,13477,13432,13444,6136
2026-07-23T09:45:00+05:30,13444,13447,13425,13440,3200
2026-07-23T09:50:00+05:30,13443,13444,13431,13432,2160
2026-07-23T09:55:00+05:30,13432,13458,13425,13454,3343
2026-07-23T10:00:00+05:30,13454,13470,13445,13460,3728
2026-07-23T10:05:00+05:30,13460,13460,13440,13449,6758
2026-07-23T10:10:00+05:30,13449,13489,13441,13480,4179
2026-07-23T10:15:00+05:30,13480,13540,13480,13531,5868
2026-07-23T10:20:00+05:30,13532,13535,13492,13505,3150
2026-07-23T10:25:00+05:30,13505,13519,13504,13514,1540
2026-07-23T10:30:00+05:30,13514,13515,13501,13513,830
2026-07-23T10:35:00+05:30,13513,13560,13513,13540,5559
2026-07-23T10:40:00+05:30,13540,13568,13539,13555,4113
2026-07-23T10:45:00+05:30,13555,13557,13540,13550,2510
2026-07-23T10:50:00+05:30,13550,13566,13541,13546,2572
2026-07-23T10:55:00+05:30,13546,13558,13520,13538,3185
2026-07-23T11:00:00+05:30,13538,13555,13538,13550,910
2026-07-23T11:05:00+05:30,13548,13548,13533,13533,401
2026-07-23T11:10:00+05:30,13533,13545,13527,13533,1061
2026-07-23T11:15:00+05:30,13533,13546,13521,13534,5043
2026-07-23T11:20:00+05:30,13535,13540,13520,13523,1474
2026-07-23T11:25:00+05:30,13523,13540,13523,13539,1509
2026-07-23T11:30:00+05:30,13540,13550,13530,13548,2248
2026-07-23T11:35:00+05:30,13548,13550,13540,13540,1266
2026-07-23T11:40:00+05:30,13540,13540,13525,13537,3277
2026-07-23T11:45:00+05:30,13537,13537,13525,13530,514
2026-07-23T11:50:00+05:30,13530,13530,13520,13524,656
2026-07-23T11:55:00+05:30,13523,13540,13520,13540,2779
2026-07-23T12:00:00+05:30,13539,13542,13529,13537,2203
2026-07-23T12:05:00+05:30,13537,13544,13535,13544,687
2026-07-23T12:10:00+05:30,13544,13545,13535,13535,378
2026-07-23T12:15:00+05:30,13535,13538,13527,13532,369
2026-07-23T12:20:00+05:30,13532,13541,13522,13529,937
2026-07-23T12:25:00+05:30,13529,13532,13520,13524,1321
2026-07-23T12:30:00+05:30,13524,13524,13500,13510,6181
2026-07-23T12:35:00+05:30,13510,13521,13503,13510,2310
2026-07-23T12:40:00+05:30,13510,13510,13482,13496,13771
2026-07-23T12:45:00+05:30,13496,13499,13485,13499,4648
2026-07-23T12:50:00+05:30,13499,13506,13486,13499,10511
2026-07-23T12:55:00+05:30,13499,13504,13486,13501,4474
2026-07-23T13:00:00+05:30,13501,13507,13462,13475,8113
2026-07-23T13:05:00+05:30,13475,13500,13471,13478,13817
2026-07-23T13:10:00+05:30,13478,13481,13464,13467,4939
2026-07-23T13:15:00+05:30,13467,13468,13432,13468,9680
2026-07-23T13:20:00+05:30,13468,13476,13451,13460,5316
2026-07-23T13:25:00+05:30,13460,13472,13446,13455,3910
2026-07-23T13:30:00+05:30,13455,13460,13431,13453,12150
2026-07-23T13:35:00+05:30,13452,13459,13444,13450,12649
2026-07-23T13:40:00+05:30,13450,13455,13432,13436,4457
2026-07-23T13:45:00+05:30,13436,13437,13413,13432,7413
2026-07-23T13:50:00+05:30,13432,13435,13424,13429,2409
2026-07-23T13:55:00+05:30,13429,13444,13427,13433,3799
2026-07-23T14:00:00+05:30,13433,13436,13414,13428,2543
2026-07-23T14:05:00+05:30,13428,13429,13419,13427,1471
2026-07-23T14:10:00+05:30,13428,13428,13408,13419,1640
2026-07-23T14:15:00+05:30,13419,13419,13399,13404,3725
2026-07-23T14:20:00+05:30,13404,13407,13390,13401,2941
2026-07-23T14:25:00+05:30,13404,13407,13397,13405,2250
2026-07-23T14:30:00+05:30,13405,13428,13393,13426,4115
2026-07-23T14:35:00+05:30,13423,13425,13393,13396,1895
2026-07-23T14:40:00+05:30,13396,13400,13375,13387,3349
2026-07-23T14:45:00+05:30,13388,13396,13376,13383,4767
2026-07-23T14:50:00+05:30,13378,13386,13372,13376,5026
2026-07-23T14:55:00+05:30,13382,13389,13377,13382,4891
2026-07-23T15:00:00+05:30,13385,13398,13381,13387,5721
2026-07-23T15:05:00+05:30,13387,13413,13386,13410,11677
2026-07-23T15:10:00+05:30,13408,13420,13406,13419,5142
2026-07-23T15:15:00+05:30,13417,13418,13400,13406,8784
2026-07-23T15:20:00+05:30,13407,13411,13400,13408,8211
2026-07-23T15:25:00+05:30,13404,13407,13400,13406,8888
2026-07-24T09:15:00+05:30,13340,13341,13197,13302,14991
2026-07-24T09:20:00+05:30,13298,13305,13259,13272,4355
2026-07-24T09:25:00+05:30,13263,13289,13257,13257,3538
2026-07-24T09:30:00+05:30,13257,13279,13252,13256,2932
2026-07-24T09:35:00+05:30,13256,13270,13230,13238,5248
2026-07-24T09:40:00+05:30,13238,13245,13230,13245,2573
2026-07-24T09:45:00+05:30,13245,13247,13230,13244,2423
2026-07-24T09:50:00+05:30,13244,13253,13217,13230,3870
2026-07-24T09:55:00+05:30,13230,13244,13227,13236,1865
2026-07-24T10:00:00+05:30,13233,13235,13216,13224,2510
2026-07-24T10:05:00+05:30,13224,13224,13200,13213,3568
2026-07-24T10:10:00+05:30,13213,13220,13202,13208,2232
2026-07-24T10:15:00+05:30,13208,13239,13207,13233,1237
2026-07-24T10:20:00+05:30,13233,13257,13220,13240,3000
2026-07-24T10:25:00+05:30,13240,13268,13233,13262,2625
2026-07-24T10:30:00+05:30,13262,13269,13256,13263,3182
2026-07-24T10:35:00+05:30,13263,13275,13260,13269,1606
2026-07-24T10:40:00+05:30,13272,13280,13255,13280,2750
2026-07-24T10:45:00+05:30,13275,13295,13273,13286,2584
2026-07-24T10:50:00+05:30,13286,13298,13280,13283,2463
2026-07-24T10:55:00+05:30,13283,13286,13268,13272,1821
2026-07-24T11:00:00+05:30,13272,13279,13267,13275,1236
2026-07-24T11:05:00+05:30,13275,13290,13266,13283,4474
2026-07-24T11:10:00+05:30,13282,13284,13274,13280,1078
2026-07-24T11:15:00+05:30,13280,13320,13280,13320,4980
2026-07-24T11:20:00+05:30,13317,13334,13314,13328,2015
2026-07-24T11:25:00+05:30,13328,13343,13326,13338,3191
2026-07-24T11:30:00+05:30,13338,13355,13327,13350,3661
2026-07-24T11:35:00+05:30,13350,13359,13333,13350,2505
2026-07-24T11:40:00+05:30,13350,13378,13340,13376,6068
2026-07-24T11:45:00+05:30,13380,13423,13377,13418,5853
2026-07-24T11:50:00+05:30,13418,13451,13418,13443,5796
2026-07-24T11:55:00+05:30,13440,13487,13427,13485,6940
2026-07-24T12:00:00+05:30,13485,13485,13427,13452,3995
2026-07-24T12:05:00+05:30,13452,13460,13440,13446,3069
2026-07-24T12:10:00+05:30,13446,13446,13414,13430,2562
2026-07-24T12:15:00+05:30,13430,13454,13403,13445,4135
2026-07-24T12:20:00+05:30,13448,13475,13440,13475,2032
2026-07-24T12:25:00+05:30,13470,13495,13465,13484,3640
2026-07-24T12:30:00+05:30,13484,13495,13466,13471,4354
2026-07-24T12:35:00+05:30,13474,13482,13462,13476,2412
2026-07-24T12:40:00+05:30,13476,13489,13472,13476,1820
2026-07-24T12:45:00+05:30,13476,13495,13456,13488,4646
2026-07-24T12:50:00+05:30,13488,13494,13476,13487,3417
2026-07-24T12:55:00+05:30,13487,13495,13478,13479,1924
2026-07-24T13:00:00+05:30,13477,13482,13460,13460,2397
2026-07-24T13:05:00+05:30,13460,13464,13441,13449,832
2026-07-24T13:10:00+05:30,13449,13479,13442,13473,5074
2026-07-24T13:15:00+05:30,13473,13476,13456,13461,920
2026-07-24T13:20:00+05:30,13461,13475,13460,13470,992
2026-07-24T13:25:00+05:30,13470,13470,13454,13455,702
2026-07-24T13:30:00+05:30,13459,13462,13425,13440,2527
2026-07-24T13:35:00+05:30,13437,13440,13421,13438,1163
2026-07-24T13:40:00+05:30,13438,13439,13412,13426,1491
2026-07-24T13:45:00+05:30,13426,13435,13415,13429,1311
2026-07-24T13:50:00+05:30,13434,13448,13430,13445,1382
2026-07-24T13:55:00+05:30,13445,13458,13436,13457,1614
2026-07-24T14:00:00+05:30,13458,13469,13446,13465,1708
2026-07-24T14:05:00+05:30,13465,13466,13449,13453,1133
2026-07-24T14:10:00+05:30,13451,13451,13431,13445,1299
2026-07-24T14:15:00+05:30,13445,13450,13431,13439,902
2026-07-24T14:20:00+05:30,13439,13439,13428,13429,423
2026-07-24T14:25:00+05:30,13426,13435,13422,13435,1218
2026-07-24T14:30:00+05:30,13435,13445,13428,13436,1513
2026-07-24T14:35:00+05:30,13436,13436,13420,13425,2138
2026-07-24T14:40:00+05:30,13424,13439,13417,13439,1888
2026-07-24T14:45:00+05:30,13438,13448,13432,13436,1378
2026-07-24T14:50:00+05:30,13436,13457,13436,13452,1901
2026-07-24T14:55:00+05:30,13452,13456,13435,13443,2154
2026-07-24T15:00:00+05:30,13445,13454,13426,13438,3926
2026-07-24T15:05:00+05:30,13439,13443,13422,13428,4394
2026-07-24T15:10:00+05:30,13429,13447,13427,13446,4652
2026-07-24T15:15:00+05:30,13447,13453,13440,13449,5360
2026-07-24T15:20:00+05:30,13448,13452,13444,13450,4778
2026-07-24T15:25:00+05:30,13449,13459,13444,13449,4467
2026-07-27T09:15:00+05:30,13579,13640,13501,13546,14273
2026-07-27T09:20:00+05:30,13549,13590,13545,13580,9674
2026-07-27T09:25:00+05:30,13585,13616,13576,13610,7752
2026-07-27T09:30:00+05:30,13608,13618,13594,13601,3900
2026-07-27T09:35:00+05:30,13596,13618,13586,13610,3870
2026-07-27T09:40:00+05:30,13610,13623,13608,13616,4226
2026-07-27T09:45:00+05:30,13616,13620,13593,13593,2674
2026-07-27T09:50:00+05:30,13599,13599,13581,13592,2520
2026-07-27T09:55:00+05:30,13591,13591,13570,13575,2470
2026-07-27T10:00:00+05:30,13575,13587,13567,13577,2454
2026-07-27T10:05:00+05:30,13577,13583,13557,13561,4093
2026-07-27T10:10:00+05:30,13561,13599,13560,13599,1873
2026-07-27T10:15:00+05:30,13599,13599,13570,13581,1805
2026-07-27T10:20:00+05:30,13581,13596,13572,13583,2069
2026-07-27T10:25:00+05:30,13586,13606,13574,13601,1882
2026-07-27T10:30:00+05:30,13601,13609,13586,13609,1867
2026-07-27T10:35:00+05:30,13609,13609,13585,13587,886
2026-07-27T10:40:00+05:30,13587,13620,13585,13618,3356
2026-07-27T10:45:00+05:30,13620,13646,13613,13629,7577
2026-07-27T10:50:00+05:30,13629,13629,13597,13599,1615
2026-07-27T10:55:00+05:30,13592,13620,13586,13616,1495
2026-07-27T11:00:00+05:30,13617,13627,13598,13616,4340
2026-07-27T11:05:00+05:30,13616,13622,13574,13586,9795
2026-07-27T11:10:00+05:30,13586,13593,13586,13590,1623
2026-07-27T11:15:00+05:30,13590,13603,13588,13602,1507
2026-07-27T11:20:00+05:30,13602,13608,13595,13602,1296
2026-07-27T11:25:00+05:30,13602,13622,13602,13621,1229
2026-07-27T11:30:00+05:30,13622,13646,13617,13629,6593
2026-07-27T11:35:00+05:30,13629,13635,13625,13625,4687
2026-07-27T11:40:00+05:30,13630,13640,13625,13635,3191
2026-07-27T11:45:00+05:30,13635,13657,13625,13641,6117
2026-07-27T11:50:00+05:30,13644,13652,13628,13652,2984
2026-07-27T11:55:00+05:30,13652,13670,13648,13648,5041
2026-07-27T12:00:00+05:30,13650,13652,13629,13640,3372
2026-07-27T12:05:00+05:30,13633,13639,13630,13632,842
2026-07-27T12:10:00+05:30,13636,13638,13605,13619,4168
2026-07-27T12:15:00+05:30,13619,13631,13613,13626,2652
2026-07-27T12:20:00+05:30,13627,13629,13610,13623,1963
2026-07-27T12:25:00+05:30,13623,13638,13616,13636,4623
2026-07-27T12:30:00+05:30,13636,13636,13623,13624,843
2026-07-27T12:35:00+05:30,13624,13636,13624,13635,1846
2026-07-27T12:40:00+05:30,13635,13635,13630,13631,873
2026-07-27T12:45:00+05:30,13631,13642,13630,13638,4546
2026-07-27T12:50:00+05:30,13638,13641,13625,13628,7991
2026-07-27T12:55:00+05:30,13628,13635,13614,13633,6716
2026-07-27T13:00:00+05:30,13633,13647,13628,13643,1234
2026-07-27T13:05:00+05:30,13643,13654,13634,13641,2982
2026-07-27T13:10:00+05:30,13641,13642,13628,13631,2084
2026-07-27T13:15:00+05:30,13634,13662,13630,13632,5322
2026-07-27T13:20:00+05:30,13632,13635,13625,13627,2019
2026-07-27T13:25:00+05:30,13627,13638,13625,13630,2614
2026-07-27T13:30:00+05:30,13630,13646,13626,13632,1782
2026-07-27T13:35:00+05:30,13632,13643,13627,13637,1641
2026-07-27T13:40:00+05:30,13637,13645,13632,13641,2005
2026-07-27T13:45:00+05:30,13641,13645,13633,13640,2499
2026-07-27T13:50:00+05:30,13640,13643,13630,13636,1473
2026-07-27T13:55:00+05:30,13636,13650,13635,13645,3231
2026-07-27T14:00:00+05:30,13645,13648,13632,13637,2691
2026-07-27T14:05:00+05:30,13637,13646,13631,13640,3282
2026-07-27T14:10:00+05:30,13640,13640,13632,13635,2769
2026-07-27T14:15:00+05:30,13635,13639,13627,13636,2928
2026-07-27T14:20:00+05:30,13632,13635,13610,13625,8685
2026-07-27T14:25:00+05:30,13626,13645,13625,13638,2070
2026-07-27T14:30:00+05:30,13638,13653,13632,13645,3718
2026-07-27T14:35:00+05:30,13645,13665,13642,13664,3149
2026-07-27T14:40:00+05:30,13664,13669,13654,13666,4625
2026-07-27T14:45:00+05:30,13666,13679,13664,13672,5759
2026-07-27T14:50:00+05:30,13672,13698,13672,13684,7212
2026-07-27T14:55:00+05:30,13684,13685,13665,13674,4546
2026-07-27T15:00:00+05:30,13674,13716,13671,13712,10312
2026-07-27T15:05:00+05:30,13716,13716,13701,13710,7228
2026-07-27T15:10:00+05:30,13709,13737,13708,13730,15511
2026-07-27T15:15:00+05:30,13730,13760,13727,13751,26041
2026-07-27T15:20:00+05:30,13751,13751,13729,13729,11901
2026-07-27T15:25:00+05:30,13729,13745,13700,13730,10130
2026-07-28T09:15:00+05:30,13729,13748,13680,13712,16545
2026-07-28T09:20:00+05:30,13712,13723,13690,13693,5177
2026-07-28T09:25:00+05:30,13691,13697,13680,13681,3945
2026-07-28T09:30:00+05:30,13681,13708,13669,13704,4936
2026-07-28T09:35:00+05:30,13706,13760,13704,13746,10644
2026-07-28T09:40:00+05:30,13751,13754,13726,13728,5278
2026-07-28T09:45:00+05:30,13728,13729,13711,13711,3247
2026-07-28T09:50:00+05:30,13707,13718,13705,13715,1697
2026-07-28T09:55:00+05:30,13715,13719,13711,13712,1844
2026-07-28T10:00:00+05:30,13712,13714,13692,13692,2433
2026-07-28T10:05:00+05:30,13692,13743,13692,13736,2917
2026-07-28T10:10:00+05:30,13737,13739,13690,13707,7026
2026-07-28T10:15:00+05:30,13707,13713,13697,13702,1678
2026-07-28T10:20:00+05:30,13701,13708,13678,13685,3538
2026-07-28T10:25:00+05:30,13686,13709,13686,13703,1659
2026-07-28T10:30:00+05:30,13702,13710,13699,13705,2026
2026-07-28T10:35:00+05:30,13705,13719,13702,13709,2344
2026-07-28T10:40:00+05:30,13712,13724,13708,13723,2253
2026-07-28T10:45:00+05:30,13723,13742,13723,13741,3537
2026-07-28T10:50:00+05:30,13739,13750,13738,13744,4192
2026-07-28T10:55:00+05:30,13742,13742,13729,13731,2234
2026-07-28T11:00:00+05:30,13730,13734,13717,13727,2107
2026-07-28T11:05:00+05:30,13727,13730,13714,13716,1378
2026-07-28T11:10:00+05:30,13716,13720,13706,13712,2080
2026-07-28T11:15:00+05:30,13714,13758,13710,13746,5864
2026-07-28T11:20:00+05:30,13746,13755,13738,13740,3437
2026-07-28T11:25:00+05:30,13740,13752,13740,13747,3903
2026-07-28T11:30:00+05:30,13747,13753,13740,13750,2830
2026-07-28T11:35:00+05:30,13750,13753,13739,13739,4004
2026-07-28T11:40:00+05:30,13740,13753,13740,13750,6164
2026-07-28T11:45:00+05:30,13750,13753,13745,13748,9470
2026-07-28T11:50:00+05:30,13746,13753,13740,13742,2351
2026-07-28T11:55:00+05:30,13742,13782,13735,13775,14934
2026-07-28T12:00:00+05:30,13775,13797,13758,13776,17000
2026-07-28T12:05:00+05:30,13776,13781,13750,13753,3118
2026-07-28T12:10:00+05:30,13753,13776,13745,13761,10210
2026-07-28T12:15:00+05:30,13761,13763,13748,13752,1965
2026-07-28T12:20:00+05:30,13752,13788,13746,13786,8734
2026-07-28T12:25:00+05:30,13786,13810,13776,13804,14163
2026-07-28T12:30:00+05:30,13800,13820,13795,13795,10562
2026-07-28T12:35:00+05:30,13793,13805,13777,13802,14272
2026-07-28T12:40:00+05:30,13800,13822,13793,13797,9418
2026-07-28T12:45:00+05:30,13797,13798,13781,13789,4094
2026-07-28T12:50:00+05:30,13789,13790,13773,13790,2595
2026-07-28T12:55:00+05:30,13788,13848,13788,13830,6569
2026-07-28T13:00:00+05:30,13831,13845,13819,13831,4533
2026-07-28T13:05:00+05:30,13831,13840,13826,13829,2302
2026-07-28T13:10:00+05:30,13829,13833,13801,13802,4798
2026-07-28T13:15:00+05:30,13802,13806,13790,13793,7557
2026-07-28T13:20:00+05:30,13793,13809,13790,13799,3914
2026-07-28T13:25:00+05:30,13798,13800,13776,13778,5448
2026-07-28T13:30:00+05:30,13778,13787,13772,13779,2613
2026-07-28T13:35:00+05:30,13793,13809,13791,13802,9340
2026-07-28T13:40:00+05:30,13807,13807,13791,13791,3337
2026-07-28T13:45:00+05:30,13791,13792,13771,13788,6289
2026-07-28T13:50:00+05:30,13787,13824,13784,13821,9624
2026-07-28T13:55:00+05:30,13821,13821,13803,13816,2429
2026-07-28T14:00:00+05:30,13822,13838,13820,13829,4997
2026-07-28T14:05:00+05:30,13826,13834,13820,13833,3262
2026-07-28T14:10:00+05:30,13831,13835,13820,13825,3667
2026-07-28T14:15:00+05:30,13825,13830,13816,13821,2901
2026-07-28T14:20:00+05:30,13822,13838,13815,13832,4012
2026-07-28T14:25:00+05:30,13832,13838,13827,13828,2284
2026-07-28T14:30:00+05:30,13828,13832,13815,13824,3515
2026-07-28T14:35:00+05:30,13825,13835,13820,13821,3822
2026-07-28T14:40:00+05:30,13821,13825,13811,13824,5694
2026-07-28T14:45:00+05:30,13821,13825,13804,13806,7310
2026-07-28T14:50:00+05:30,13808,13820,13799,13816,7195
2026-07-28T14:55:00+05:30,13816,13822,13804,13810,4622
2026-07-28T15:00:00+05:30,13812,13814,13796,13797,19413
2026-07-28T15:05:00+05:30,13800,13807,13795,13795,13517
2026-07-28T15:10:00+05:30,13794,13810,13791,13810,20159
2026-07-28T15:15:00+05:30,13809,13810,13800,13800,15296
2026-07-28T15:20:00+05:30,13801,13806,13798,13804,19729
2026-07-28T15:25:00+05:30,13800,13809,13800,13805,26177
2026-07-29T09:15:00+05:30,13780,13852,13720,13852,32765
2026-07-29T09:20:00+05:30,13852,13922,13844,13846,24461
2026-07-29T09:25:00+05:30,13843,13845,13813,13819,9606
2026-07-29T09:30:00+05:30,13819,13839,13813,13831,7913
2026-07-29T09:35:00+05:30,13831,13855,13828,13855,7265
2026-07-29T09:40:00+05:30,13854,13870,13850,13850,9055
2026-07-29T09:45:00+05:30,13851,13883,13830,13879,6535
2026-07-29T09:50:00+05:30,13880,13885,13823,13827,9108
2026-07-29T09:55:00+05:30,13827,13844,13821,13840,7791
2026-07-29T10:00:00+05:30,13840,13855,13837,13841,4637
2026-07-29T10:05:00+05:30,13841,13850,13838,13846,1925
2026-07-29T10:10:00+05:30,13846,13846,13831,13836,4105
2026-07-29T10:15:00+05:30,13840,13840,13824,13834,7781
2026-07-29T10:20:00+05:30,13834,13843,13832,13833,3760
2026-07-29T10:25:00+05:30,13835,13850,13835,13847,2789
2026-07-29T10:30:00+05:30,13852,13854,13844,13849,3334
2026-07-29T10:35:00+05:30,13848,13864,13848,13863,3107
2026-07-29T10:40:00+05:30,13863,13874,13860,13864,3095
2026-07-29T10:45:00+05:30,13864,13865,13855,13860,2103
2026-07-29T10:50:00+05:30,13863,13865,13857,13862,2234
2026-07-29T10:55:00+05:30,13862,13864,13834,13847,2350
2026-07-29T11:00:00+05:30,13846,13857,13834,13853,3095
2026-07-29T11:05:00+05:30,13857,13862,13849,13855,4965
2026-07-29T11:10:00+05:30,13855,13871,13855,13864,5240
2026-07-29T11:15:00+05:30,13864,13880,13858,13876,12935
2026-07-29T11:20:00+05:30,13879,13899,13877,13890,6678
2026-07-29T11:25:00+05:30,13889,13890,13870,13886,5385
2026-07-29T11:30:00+05:30,13887,13890,13856,13862,4295
2026-07-29T11:35:00+05:30,13862,13868,13855,13855,1969
2026-07-29T11:40:00+05:30,13855,13889,13855,13889,2550
2026-07-29T11:45:00+05:30,13890,13899,13884,13899,5143
2026-07-29T11:50:00+05:30,13899,13901,13896,13901,4623
2026-07-29T11:55:00+05:30,13900,13906,13897,13901,7051
2026-07-29T12:00:00+05:30,13901,13906,13900,13903,15072
2026-07-29T12:05:00+05:30,13903,13920,13901,13917,6151
2026-07-29T12:10:00+05:30,13917,13924,13908,13910,4677
2026-07-29T12:15:00+05:30,13910,13910,13900,13901,6630
2026-07-29T12:20:00+05:30,13901,13910,13900,13903,3708
2026-07-29T12:25:00+05:30,13903,13908,13900,13900,3304
2026-07-29T12:30:00+05:30,13900,13910,13900,13909,6205
2026-07-29T12:35:00+05:30,13909,13910,13905,13905,1717
2026-07-29T12:40:00+05:30,13906,13906,13868,13877,14710
2026-07-29T12:45:00+05:30,13877,13878,13847,13852,5633
2026-07-29T12:50:00+05:30,13852,13854,13846,13850,3744
2026-07-29T12:55:00+05:30,13850,13878,13849,13874,6294
2026-07-29T13:00:00+05:30,13875,13892,13872,13890,6437
2026-07-29T13:05:00+05:30,13890,13908,13890,13902,5636
2026-07-29T13:10:00+05:30,13902,13906,13902,13905,2416
2026-07-29T13:15:00+05:30,13902,13907,13890,13891,3930
2026-07-29T13:20:00+05:30,13891,13895,13890,13891,2063
2026-07-29T13:25:00+05:30,13891,13905,13890,13892,4060
2026-07-29T13:30:00+05:30,13891,13897,13881,13882,12345
2026-07-29T13:35:00+05:30,13881,13881,13838,13838,10743
2026-07-29T13:40:00+05:30,13838,13868,13832,13858,21884
2026-07-29T13:45:00+05:30,13858,13892,13858,13881,11749
2026-07-29T13:50:00+05:30,13881,13883,13870,13871,2265
2026-07-29T13:55:00+05:30,13871,13882,13867,13878,1919
2026-07-29T14:00:00+05:30,13878,13900,13873,13899,3097
2026-07-29T14:05:00+05:30,13899,13899,13880,13894,2301
2026-07-29T14:10:00+05:30,13894,13905,13892,13896,3050
2026-07-29T14:15:00+05:30,13895,13919,13894,13918,5314
2026-07-29T14:20:00+05:30,13918,13930,13914,13919,7288
2026-07-29T14:25:00+05:30,13919,13925,13912,13924,3152
2026-07-29T14:30:00+05:30,13924,13925,13918,13924,3424
2026-07-29T14:35:00+05:30,13924,13938,13922,13936,4706
2026-07-29T14:40:00+05:30,13937,13949,13932,13937,8828
2026-07-29T14:45:00+05:30,13935,13955,13932,13955,7996
2026-07-29T14:50:00+05:30,13953,13976,13953,13960,9719
2026-07-29T14:55:00+05:30,13960,13967,13959,13964,3866
2026-07-29T15:00:00+05:30,13964,13967,13951,13954,10472
2026-07-29T15:05:00+05:30,13958,13980,13950,13969,18471
2026-07-29T15:10:00+05:30,13968,13971,13943,13944,9672
2026-07-29T15:15:00+05:30,13945,13945,13919,13920,10935
2026-07-29T15:20:00+05:30,13921,13934,13921,13925,11868
2026-07-29T15:25:00+05:30,13925,13942,13920,13930,7285
2026-07-30T09:15:00+05:30,13939,13976,13850,13960,19441
2026-07-30T09:20:00+05:30,13960,13999,13945,13981,13899
2026-07-30T09:25:00+05:30,13994,14006,13980,13992,7717
2026-07-30T09:30:00+05:30,13980,14045,13967,14020,11647
2026-07-30T09:35:00+05:30,14020,14021,13983,13996,5781
2026-07-30T09:40:00+05:30,13998,14009,13984,13991,6867
2026-07-30T09:45:00+05:30,13991,14030,13991,14023,6118
2026-07-30T09:50:00+05:30,14030,14040,13900,13927,39016
2026-07-30T09:55:00+05:30,13932,13958,13889,13958,7051
2026-07-30T10:00:00+05:30,13958,13958,13913,13913,5665
2026-07-30T10:05:00+05:30,13913,13936,13902,13925,5045
2026-07-30T10:10:00+05:30,13925,13929,13906,13917,4199
2026-07-30T10:15:00+05:30,13917,13948,13915,13938,5244
2026-07-30T10:20:00+05:30,13938,13948,13924,13925,4350
2026-07-30T10:25:00+05:30,13925,13933,13915,13919,4097
2026-07-30T10:30:00+05:30,13918,13928,13915,13925,3287
2026-07-30T10:35:00+05:30,13925,13932,13918,13923,3637
2026-07-30T10:40:00+05:30,13923,13927,13915,13923,2613
2026-07-30T10:45:00+05:30,13919,13923,13915,13916,2981
2026-07-30T10:50:00+05:30,13916,13934,13914,13930,8388
2026-07-30T10:55:00+05:30,13928,13948,13881,13915,15404
2026-07-30T11:00:00+05:30,13916,13925,13894,13924,6432
2026-07-30T11:05:00+05:30,13925,13930,13920,13930,4418
2026-07-30T11:10:00+05:30,13925,13955,13925,13954,5314
2026-07-30T11:15:00+05:30,13954,13969,13948,13958,5646
2026-07-30T11:20:00+05:30,13958,13965,13948,13951,4428
2026-07-30T11:25:00+05:30,13951,13956,13933,13954,4548
2026-07-30T11:30:00+05:30,13954,13962,13940,13962,8212
2026-07-30T11:35:00+05:30,13965,13972,13962,13969,3309
2026-07-30T11:40:00+05:30,13972,13978,13969,13976,3080
2026-07-30T11:45:00+05:30,13974,13994,13974,13992,4409
2026-07-30T11:50:00+05:30,13992,13997,13990,13991,8650
2026-07-30T11:55:00+05:30,13990,14009,13986,14005,7054
2026-07-30T12:00:00+05:30,14005,14010,14000,14008,4357
2026-07-30T12:05:00+05:30,14006,14009,13951,13962,9515
2026-07-30T12:10:00+05:30,13965,13973,13941,13953,5982
2026-07-30T12:15:00+05:30,13953,13954,13936,13950,7920
2026-07-30T12:20:00+05:30,13950,13956,13930,13945,5330
2026-07-30T12:25:00+05:30,13944,13950,13935,13945,3144
2026-07-30T12:30:00+05:30,13945,13994,13943,13976,6888
2026-07-30T12:35:00+05:30,13976,13992,13961,13973,3989
2026-07-30T12:40:00+05:30,13973,13982,13967,13982,2685
2026-07-30T12:45:00+05:30,13982,13983,13960,13965,3873
2026-07-30T12:50:00+05:30,13965,13970,13893,13900,19479
2026-07-30T12:55:00+05:30,13900,13903,13881,13884,5021
2026-07-30T13:00:00+05:30,13884,13894,13844,13882,8008
2026-07-30T13:05:00+05:30,13882,13899,13870,13880,4652
2026-07-30T13:10:00+05:30,13880,13887,13825,13862,10568
2026-07-30T13:15:00+05:30,13862,13905,13862,13899,13633
2026-07-30T13:20:00+05:30,13899,13920,13899,13912,21820
2026-07-30T13:25:00+05:30,13912,13917,13900,13913,4046
2026-07-30T13:30:00+05:30,13920,13926,13906,13916,6020
2026-07-30T13:35:00+05:30,13916,13970,13911,13963,6292
2026-07-30T13:40:00+05:30,13968,13998,13968,13972,6739
2026-07-30T13:45:00+05:30,13978,13998,13968,13996,4800
2026-07-30T13:50:00+05:30,13996,14032,13985,14028,14098
2026-07-30T13:55:00+05:30,14028,14048,14018,14025,10330
2026-07-30T14:00:00+05:30,14025,14050,14020,14040,6697
2026-07-30T14:05:00+05:30,14040,14068,14040,14062,8502
2026-07-30T14:10:00+05:30,14062,14078,14058,14069,5272
2026-07-30T14:15:00+05:30,14069,14090,14034,14047,10353
2026-07-30T14:20:00+05:30,14047,14065,14030,14041,5274
2026-07-30T14:25:00+05:30,14041,14055,14018,14039,7917
2026-07-30T14:30:00+05:30,14039,14050,13992,14008,14774
2026-07-30T14:35:00+05:30,14008,14045,14003,14045,5156
2026-07-30T14:40:00+05:30,14044,14065,14029,14064,10707
2026-07-30T14:45:00+05:30,14065,14248,14054,14248,26694
2026-07-30T14:50:00+05:30,14243,14250,14150,14154,17896
2026-07-30T14:55:00+05:30,14154,14157,14135,14142,5438
2026-07-30T15:00:00+05:30,14155,14196,14138,14195,8076
2026-07-30T15:05:00+05:30,14203,14215,14172,14178,13369
2026-07-30T15:10:00+05:30,14178,14190,14175,14188,10404
2026-07-30T15:15:00+05:30,14188,14199,14169,14199,10251
2026-07-30T15:20:00+05:30,14205,14210,14190,14196,11330
2026-07-30T15:25:00+05:30,14194,14201,14154,14180,9865
2026-07-31T09:15:00+05:30,14250,14348,14150,14288,30076
2026-07-31T09:20:00+05:30,14287,14330,14260,14273,14445
2026-07-31T09:25:00+05:30,14276,14277,14228,14258,12106
2026-07-31T09:30:00+05:30,14258,14260,14165,14196,14013
2026-07-31T09:35:00+05:30,14196,14221,14185,14207,8187
2026-07-31T09:40:00+05:30,14208,14276,14196,14269,13822
2026-07-31T09:45:00+05:30,14269,14308,14267,14300,13076
2026-07-31T09:50:00+05:30,14300,14301,14242,14243,6324
2026-07-31T09:55:00+05:30,14256,14265,14242,14251,13267
2026-07-31T10:00:00+05:30,14245,14297,14233,14282,12080
2026-07-31T10:05:00+05:30,14282,14298,14267,14295,9284
2026-07-31T10:10:00+05:30,14292,14307,14269,14277,4852
2026-07-31T10:15:00+05:30,14283,14290,14258,14280,5751
2026-07-31T10:20:00+05:30,14278,14290,14269,14279,5489
2026-07-31T10:25:00+05:30,14279,14299,14274,14290,7487
2026-07-31T10:30:00+05:30,14290,14290,14262,14269,4579
2026-07-31T10:35:00+05:30,14268,14269,14245,14252,3193
2026-07-31T10:40:00+05:30,14252,14259,14189,14201,16651
2026-07-31T10:45:00+05:30,14202,14231,14200,14211,4922
2026-07-31T10:50:00+05:30,14211,14216,14195,14201,4009
2026-07-31T10:55:00+05:30,14205,14206,14127,14140,13957
2026-07-31T11:00:00+05:30,14140,14171,14134,14155,4071
2026-07-31T11:05:00+05:30,14156,14169,14139,14139,4000
2026-07-31T11:10:00+05:30,14137,14206,14124,14196,6030
2026-07-31T11:15:00+05:30,14198,14217,14191,14215,5507
2026-07-31T11:20:00+05:30,14213,14244,14213,14244,7704
2026-07-31T11:25:00+05:30,14244,14244,14188,14188,11028
2026-07-31T11:30:00+05:30,14188,14195,14155,14159,4804
2026-07-31T11:35:00+05:30,14151,14187,14140,14173,4471
2026-07-31T11:40:00+05:30,14173,14190,14152,14181,2784
2026-07-31T11:45:00+05:30,14185,14189,14157,14165,4103
2026-07-31T11:50:00+05:30,14165,14216,14165,14211,6552
2026-07-31T11:55:00+05:30,14211,14224,14202,14212,4836
2026-07-31T12:00:00+05:30,14210,14225,14196,14202,6276
2026-07-31T12:05:00+05:30,14202,14208,14180,14191,3917
2026-07-31T12:10:00+05:30,14191,14207,14190,14201,2332
2026-07-31T12:15:00+05:30,14201,14205,14184,14191,3297
2026-07-31T12:20:00+05:30,14191,14200,14176,14188,6681
2026-07-31T12:25:00+05:30,14188,14225,14181,14225,5409
2026-07-31T12:30:00+05:30,14225,14230,14222,14229,3089
2026-07-31T12:35:00+05:30,14230,14230,14209,14220,1840
2026-07-31T12:40:00+05:30,14220,14232,14211,14216,3758
2026-07-31T12:45:00+05:30,14219,14241,14216,14240,3360
2026-07-31T12:50:00+05:30,14240,14241,14212,14228,6163
2026-07-31T12:55:00+05:30,14228,14240,14228,14236,1761
2026-07-31T13:00:00+05:30,14236,14258,14234,14255,4826
2026-07-31T13:05:00+05:30,14252,14253,14240,14243,1791
2026-07-31T13:10:00+05:30,14243,14246,14236,14240,1353
2026-07-31T13:15:00+05:30,14239,14243,14233,14238,1317
2026-07-31T13:20:00+05:30,14238,14260,14230,14233,6723
2026-07-31T13:25:00+05:30,14233,14245,14230,14238,3171
2026-07-31T13:30:00+05:30,14235,14240,14207,14222,4950
2026-07-31T13:35:00+05:30,14222,14226,14187,14193,5953
2026-07-31T13:40:00+05:30,14196,14225,14185,14220,4116
2026-07-31T13:45:00+05:30,14222,14255,14222,14250,4874
2026-07-31T13:50:00+05:30,14250,14250,14240,14245,4375
2026-07-31T13:55:00+05:30,14244,14249,14230,14240,3348
2026-07-31T14:00:00+05:30,14243,14243,14213,14221,2643
2026-07-31T14:05:00+05:30,14222,14250,14212,14216,7199
2026-07-31T14:10:00+05:30,14216,14240,14215,14231,1380
2026-07-31T14:15:00+05:30,14231,14237,14216,14235,1374
2026-07-31T14:20:00+05:30,14234,14237,14210,14220,5725
2026-07-31T14:25:00+05:30,14220,14238,14215,14222,5310
2026-07-31T14:30:00+05:30,14222,14228,14200,14202,5929
2026-07-31T14:35:00+05:30,14205,14222,14199,14216,7784
2026-07-31T14:40:00+05:30,14216,14219,14201,14203,2177
2026-07-31T14:45:00+05:30,14206,14218,14202,14216,4537
2026-07-31T14:50:00+05:30,14217,14225,14207,14220,3499
2026-07-31T14:55:00+05:30,14219,14220,14206,14210,5067
2026-07-31T15:00:00+05:30,14211,14241,14211,14241,11653
2026-07-31T15:05:00+05:30,14243,14254,14215,14234,19481
2026-07-31T15:10:00+05:30,14241,14253,14211,14220,20363
2026-07-31T15:15:00+05:30,14223,14236,14200,14219,24947
2026-07-31T15:20:00+05:30,14222,14251,14219,14248,13959
2026-07-31T15:25:00+05:30,14249,14279,14238,14240,13445
2026-08-03T09:15:00+05:30,14300,14440,14151,14241,84159
2026-08-03T09:20:00+05:30,14237,14275,14031,14035,27939
2026-08-03T09:25:00+05:30,14034,14057,13923,13985,36448
2026-08-03T09:30:00+05:30,13979,13979,13901,13966,26785
2026-08-03T09:35:00+05:30,13970,13988,13930,13986,24215
2026-08-03T09:40:00+05:30,13984,13998,13944,13993,22540
2026-08-03T09:45:00+05:30,13995,14064,13975,14024,23707
2026-08-03T09:50:00+05:30,14027,14043,13980,13995,25536
2026-08-03T09:55:00+05:30,14000,14012,13985,13991,27266
2026-08-03T10:00:00+05:30,13991,14015,13990,13998,32083
2026-08-03T10:05:00+05:30,13997,14064,13990,14050,54230
2026-08-03T10:10:00+05:30,14050,14225,14040,14188,45199
2026-08-03T10:15:00+05:30,14189,14228,14175,14218,17743
2026-08-03T10:20:00+05:30,14218,14236,14171,14185,12121
2026-08-03T10:25:00+05:30,14185,14185,14094,14099,11125
2026-08-03T10:30:00+05:30,14100,14124,14059,14090,15532
2026-08-03T10:35:00+05:30,14090,14148,14085,14143,9049
2026-08-03T10:40:00+05:30,14145,14148,14113,14146,9210
2026-08-03T10:45:00+05:30,14146,14156,14129,14130,7726
2026-08-03T10:50:00+05:30,14133,14137,14112,14126,6767
2026-08-03T10:55:00+05:30,14128,14165,14127,14136,12364
2026-08-03T11:00:00+05:30,14138,14160,14125,14152,6553
2026-08-03T11:05:00+05:30,14157,14167,14115,14122,19328
2026-08-03T11:10:00+05:30,14127,14134,14115,14123,9657
2026-08-03T11:15:00+05:30,14123,14135,14115,14122,4547
2026-08-03T11:20:00+05:30,14122,14180,14115,14174,12786
2026-08-03T11:25:00+05:30,14173,14189,14164,14169,8673
2026-08-03T11:30:00+05:30,14166,14183,14144,14183,6700
2026-08-03T11:35:00+05:30,14183,14206,14177,14202,16847
2026-08-03T11:40:00+05:30,14202,14214,14185,14197,10751
2026-08-03T11:45:00+05:30,14197,14208,14182,14186,4468
2026-08-03T11:50:00+05:30,14192,14208,14138,14160,19551
2026-08-03T11:55:00+05:30,14160,14169,14155,14165,2929
2026-08-03T12:00:00+05:30,14165,14175,14142,14142,3665
2026-08-03T12:05:00+05:30,14148,14160,14141,14154,4323
2026-08-03T12:10:00+05:30,14147,14175,14140,14174,3466
2026-08-03T12:15:00+05:30,14174,14190,14158,14189,5309
2026-08-03T12:20:00+05:30,14189,14200,14177,14190,5951
2026-08-03T12:25:00+05:30,14188,14192,14165,14173,4107
2026-08-03T12:30:00+05:30,14173,14183,14156,14170,4838
2026-08-03T12:35:00+05:30,14170,14179,14160,14172,3457
2026-08-03T12:40:00+05:30,14171,14186,14161,14179,4639
2026-08-03T12:45:00+05:30,14179,14194,14157,14179,6642
2026-08-03T12:50:00+05:30,14179,14194,14169,14182,4878
2026-08-03T12:55:00+05:30,14179,14184,14165,14168,3952
2026-08-03T13:00:00+05:30,14173,14173,14147,14152,4475
2026-08-03T13:05:00+05:30,14152,14170,14149,14170,3690
2026-08-03T13:10:00+05:30,14163,14175,14152,14153,4041
2026-08-03T13:15:00+05:30,14157,14171,14152,14168,3484
2026-08-03T13:20:00+05:30,14168,14185,14146,14148,6540
2026-08-03T13:25:00+05:30,14150,14160,14148,14153,3735
2026-08-03T13:30:00+05:30,14152,14157,14125,14130,8033
2026-08-03T13:35:00+05:30,14130,14150,14117,14143,12328
2026-08-03T13:40:00+05:30,14143,14151,14133,14135,5321
2026-08-03T13:45:00+05:30,14134,14143,14117,14117,4428
2026-08-03T13:50:00+05:30,14117,14129,14110,14115,5690
2026-08-03T13:55:00+05:30,14115,14132,14114,14115,11394
2026-08-03T14:00:00+05:30,14115,14128,14112,14126,4042
2026-08-03T14:05:00+05:30,14127,14150,14127,14139,5622
2026-08-03T14:10:00+05:30,14139,14140,14127,14135,5723
2026-08-03T14:15:00+05:30,14138,14140,14125,14127,11248
2026-08-03T14:20:00+05:30,14132,14135,14120,14129,5960
2026-08-03T14:25:00+05:30,14133,14140,14126,14139,6163
2026-08-03T14:30:00+05:30,14139,14153,14116,14120,17168
2026-08-03T14:35:00+05:30,14120,14133,14117,14131,5876
2026-08-03T14:40:00+05:30,14134,14154,14126,14154,11761
2026-08-03T14:45:00+05:30,14154,14165,14150,14164,9697
2026-08-03T14:50:00+05:30,14168,14170,14150,14151,7214
2026-08-03T14:55:00+05:30,14153,14160,14107,14107,16466
2026-08-03T15:00:00+05:30,14110,14124,14100,14122,19772
2026-08-03T15:05:00+05:30,14122,14125,14114,14117,16240
2026-08-03T15:10:00+05:30,14117,14119,14100,14100,19892
2026-08-04T09:15:00+05:30,14124,14124,14015,14058,23037
2026-08-04T09:20:00+05:30,14064,14086,14055,14076,13378
2026-08-04T09:25:00+05:30,14080,14099,14055,14070,7815
2026-08-04T09:30:00+05:30,14075,14160,14075,14152,14589
2026-08-04T09:35:00+05:30,14152,14169,14134,14136,5113
2026-08-04T09:40:00+05:30,14135,14150,14111,14150,5492
2026-08-04T09:45:00+05:30,14147,14150,14133,14141,3095
2026-08-04T09:50:00+05:30,14136,14142,14100,14129,7367
2026-08-04T09:55:00+05:30,14129,14133,14121,14123,567
2026-08-04T10:00:00+05:30,14123,14131,14111,14126,3090
2026-08-04T10:05:00+05:30,14126,14149,14119,14147,7064
2026-08-04T10:10:00+05:30,14144,14150,14135,14146,5338
2026-08-04T10:15:00+05:30,14146,14146,14125,14135,2959
2026-08-04T10:20:00+05:30,14131,14140,14106,14122,9236
2026-08-04T10:25:00+05:30,14122,14132,14117,14127,1621
2026-08-04T10:30:00+05:30,14127,14133,14122,14132,1087
2026-08-04T10:35:00+05:30,14132,14132,14116,14121,706
2026-08-04T10:40:00+05:30,14120,14140,14111,14139,9304
2026-08-04T10:45:00+05:30,14136,14140,14130,14139,1799
2026-08-04T10:50:00+05:30,14139,14140,14125,14127,1272
2026-08-04T10:55:00+05:30,14127,14168,14123,14165,19214
2026-08-04T11:00:00+05:30,14165,14232,14160,14204,16980
2026-08-04T11:05:00+05:30,14204,14215,14180,14180,12292
2026-08-04T11:10:00+05:30,14185,14200,14170,14180,15590
2026-08-04T11:15:00+05:30,14182,14240,14176,14219,9018
2026-08-04T11:20:00+05:30,14219,14222,14203,14212,2859
2026-08-04T11:25:00+05:30,14212,14221,14209,14220,3092
2026-08-04T11:30:00+05:30,14220,14254,14195,14199,19894
2026-08-04T11:35:00+05:30,14200,14205,14190,14200,9384
2026-08-04T11:40:00+05:30,14200,14200,14160,14165,11653
2026-08-04T11:45:00+05:30,14166,14174,14147,14161,16813
2026-08-04T11:50:00+05:30,14161,14168,14138,14152,23638
2026-08-04T11:55:00+05:30,14152,14167,14145,14159,6817
2026-08-04T12:00:00+05:30,14159,14195,14147,14193,4893
2026-08-04T12:05:00+05:30,14189,14202,14183,14196,7149
2026-08-04T12:10:00+05:30,14196,14196,14145,14160,6804
2026-08-04T12:15:00+05:30,14160,14163,14152,14159,3060
2026-08-04T12:20:00+05:30,14159,14159,14135,14150,15472
2026-08-04T12:25:00+05:30,14150,14160,14142,14145,15293
2026-08-04T12:30:00+05:30,14151,14152,14129,14135,5576
2026-08-04T12:35:00+05:30,14135,14143,14125,14136,2596
2026-08-04T12:40:00+05:30,14140,14144,14105,14111,3865
2026-08-04T12:45:00+05:30,14105,14131,14085,14128,14456
2026-08-04T12:50:00+05:30,14128,14169,14113,14159,15830
2026-08-04T12:55:00+05:30,14153,14159,14144,14150,2414
2026-08-04T13:00:00+05:30,14145,14154,14132,14150,2888
2026-08-04T13:05:00+05:30,14150,14153,14144,14150,5645
2026-08-04T13:10:00+05:30,14147,14151,14136,14142,2505
2026-08-04T13:15:00+05:30,14141,14150,14133,14145,1965
2026-08-04T13:20:00+05:30,14148,14150,14141,14150,2085
2026-08-04T13:25:00+05:30,14150,14150,14136,14139,2437
2026-08-04T13:30:00+05:30,14139,14139,14127,14133,1188
2026-08-04T13:35:00+05:30,14134,14142,14126,14140,4260
2026-08-04T13:40:00+05:30,14140,14140,14126,14126,1231
2026-08-04T13:45:00+05:30,14126,14134,14126,14133,888
2026-08-04T13:50:00+05:30,14133,14133,14117,14123,4224
2026-08-04T13:55:00+05:30,14125,14125,14095,14101,6737
2026-08-04T14:00:00+05:30,14101,14111,14096,14108,4511
2026-08-04T14:05:00+05:30,14109,14122,14106,14108,2505
2026-08-04T14:10:00+05:30,14113,14113,14105,14106,28093
2026-08-04T14:15:00+05:30,14106,14124,14106,14114,4447
2026-08-04T14:20:00+05:30,14115,14132,14100,14111,3518
2026-08-04T14:25:00+05:30,14111,14115,14085,14087,35205
2026-08-04T14:30:00+05:30,14090,14095,14084,14086,2955
2026-08-04T14:35:00+05:30,14087,14087,14073,14076,4187
2026-08-04T14:40:00+05:30,14076,14085,14064,14074,34100
2026-08-04T14:45:00+05:30,14074,14083,14074,14082,3827
2026-08-04T14:50:00+05:30,14082,14101,14062,14101,10212
2026-08-04T14:55:00+05:30,14100,14103,14099,14099,8010
2026-08-04T15:00:00+05:30,14100,14108,14099,14104,11028
2026-08-04T15:05:00+05:30,14107,14123,14102,14120,9961
2026-08-04T15:10:00+05:30,14122,14154,14099,14099,20747
2026-08-05T09:15:00+05:30,14240,14243,14131,14231,13087
2026-08-05T09:20:00+05:30,14220,14249,14206,14239,7029
2026-08-05T09:25:00+05:30,14239,14240,14215,14232,3818
2026-08-05T09:30:00+05:30,14231,14233,14215,14225,3615
2026-08-05T09:35:00+05:30,14229,14239,14211,14217,5394
2026-08-05T09:40:00+05:30,14217,14221,14195,14195,2601
2026-08-05T09:45:00+05:30,14201,14215,14190,14199,3790
2026-08-05T09:50:00+05:30,14189,14189,14163,14165,4869
2026-08-05T09:55:00+05:30,14166,14170,14142,14168,4602
2026-08-05T10:00:00+05:30,14166,14167,14155,14165,2388
2026-08-05T10:05:00+05:30,14164,14194,14160,14186,4005
2026-08-05T10:10:00+05:30,14186,14208,14180,14195,5105
2026-08-05T10:15:00+05:30,14192,14196,14176,14190,3515
2026-08-05T10:20:00+05:30,14192,14210,14188,14202,3173
2026-08-05T10:25:00+05:30,14200,14209,14185,14194,1193
2026-08-05T10:30:00+05:30,14194,14200,14182,14195,1064
2026-08-05T10:35:00+05:30,14198,14200,14184,14190,854
2026-08-05T10:40:00+05:30,14190,14193,14182,14186,1525
2026-08-05T10:45:00+05:30,14185,14194,14182,14191,954
2026-08-05T10:50:00+05:30,14190,14205,14182,14182,9531
2026-08-05T10:55:00+05:30,14184,14216,14182,14210,4487
2026-08-05T11:00:00+05:30,14209,14215,14188,14204,6686
2026-08-05T11:05:00+05:30,14203,14208,14150,14157,8602
2026-08-05T11:10:00+05:30,14157,14175,14141,14155,8490
2026-08-05T11:15:00+05:30,14155,14170,14155,14157,3589
2026-08-05T11:20:00+05:30,14158,14187,14155,14184,2934
2026-08-05T11:25:00+05:30,14184,14187,14159,14162,2678
2026-08-05T11:30:00+05:30,14162,14166,14155,14160,3216
2026-08-05T11:35:00+05:30,14159,14162,14140,14149,6331
2026-08-05T11:40:00+05:30,14149,14154,14135,14152,10537
2026-08-05T11:45:00+05:30,14153,14155,14132,14138,6458
2026-08-05T11:50:00+05:30,14145,14149,14117,14139,4579
2026-08-05T11:55:00+05:30,14134,14146,14128,14138,2409
2026-08-05T12:00:00+05:30,14141,14156,14128,14133,3693
2026-08-05T12:05:00+05:30,14133,14142,14126,14130,2217
2026-08-05T12:10:00+05:30,14126,14138,14124,14124,2808
2026-08-05T12:15:00+05:30,14126,14143,14120,14133,3281
2026-08-05T12:20:00+05:30,14133,14136,14130,14130,2145
2026-08-05T12:25:00+05:30,14131,14139,14128,14133,2253
2026-08-05T12:30:00+05:30,14135,14137,14126,14131,4756
2026-08-05T12:35:00+05:30,14130,14152,14130,14141,3284
2026-08-05T12:40:00+05:30,14142,14149,14131,14148,2109
2026-08-05T12:45:00+05:30,14149,14152,14140,14143,3195
2026-08-05T12:50:00+05:30,14142,14150,14140,14147,1902
2026-08-05T12:55:00+05:30,14147,14150,14140,14141,2510
2026-08-05T13:00:00+05:30,14144,14145,14134,14138,1979
2026-08-05T13:05:00+05:30,14139,14140,14122,14130,2578
2026-08-05T13:10:00+05:30,14130,14136,14124,14130,1839
2026-08-05T13:15:00+05:30,14130,14136,14124,14136,2278
2026-08-05T13:20:00+05:30,14135,14137,14125,14128,1860
2026-08-05T13:25:00+05:30,14128,14133,14122,14124,2009
2026-08-05T13:30:00+05:30,14123,14132,14110,14122,2995
2026-08-05T13:35:00+05:30,14122,14123,14110,14112,4231
2026-08-05T13:40:00+05:30,14112,14115,14091,14099,4226
2026-08-05T13:45:00+05:30,14099,14120,14099,14117,3055
2026-08-05T13:50:00+05:30,14118,14122,14110,14114,2739
2026-08-05T13:55:00+05:30,14118,14121,14110,14117,2118
2026-08-05T14:00:00+05:30,14117,14122,14112,14119,2967
2026-08-05T14:05:00+05:30,14121,14124,14113,14120,2628
2026-08-05T14:10:00+05:30,14114,14123,14111,14113,2645
2026-08-05T14:15:00+05:30,14116,14120,14109,14110,2548
2026-08-05T14:20:00+05:30,14106,14118,14105,14110,1969
2026-08-05T14:25:00+05:30,14107,14113,14089,14097,3678
2026-08-05T14:30:00+05:30,14100,14106,14097,14104,2642
2026-08-05T14:35:00+05:30,14106,14119,14100,14113,4174
2026-08-05T14:40:00+05:30,14113,14114,14101,14102,3894
2026-08-05T14:45:00+05:30,14103,14111,14093,14099,12430
2026-08-05T14:50:00+05:30,14099,14114,14091,14100,8105
2026-08-05T14:55:00+05:30,14100,14116,14096,14116,5970
2026-08-05T15:00:00+05:30,14115,14118,14101,14112,6524
2026-08-05T15:05:00+05:30,14110,14114,14102,14108,9666
2026-08-05T15:10:00+05:30,14109,14165,14096,14165,14750
2026-08-06T09:15:00+05:30,14181,14181,14055,14104,14228
2026-08-06T09:20:00+05:30,14105,14118,14091,14098,5744
2026-08-06T09:25:00+05:30,14100,14115,14096,14106,2815
2026-08-06T09:30:00+05:30,14105,14129,14105,14121,3457
2026-08-06T09:35:00+05:30,14121,14144,14121,14138,4751
2026-08-06T09:40:00+05:30,14138,14150,14125,14127,4642
2026-08-06T09:45:00+05:30,14132,14141,14127,14137,1662
2026-08-06T09:50:00+05:30,14136,14144,14127,14140,2196
2026-08-06T09:55:00+05:30,14140,14140,14111,14116,2375
2026-08-06T10:00:00+05:30,14116,14117,14090,14108,3814
2026-08-06T10:05:00+05:30,14103,14119,14103,14118,1433
2026-08-06T10:10:00+05:30,14119,14138,14118,14124,1905
2026-08-06T10:15:00+05:30,14124,14132,14120,14126,1726
2026-08-06T10:20:00+05:30,14126,14132,14121,14132,900
2026-08-06T10:25:00+05:30,14131,14145,14125,14139,2896
2026-08-06T10:30:00+05:30,14141,14150,14137,14145,3224
2026-08-06T10:35:00+05:30,14137,14145,14126,14135,2387
2026-08-06T10:40:00+05:30,14135,14147,14135,14142,1277
2026-08-06T10:45:00+05:30,14139,14140,14108,14110,4676
2026-08-06T10:50:00+05:30,14110,14126,14086,14090,7544
2026-08-06T10:55:00+05:30,14089,14091,14063,14073,6004
2026-08-06T11:00:00+05:30,14073,14073,14025,14049,10176
2026-08-06T11:05:00+05:30,14049,14067,14049,14066,2982
2026-08-06T11:10:00+05:30,14067,14081,14066,14078,2052
2026-08-06T11:15:00+05:30,14080,14086,14073,14083,3276
2026-08-06T11:20:00+05:30,14083,14118,14083,14103,4390
2026-08-06T11:25:00+05:30,14104,14136,14104,14132,4361
2026-08-06T11:30:00+05:30,14130,14147,14130,14145,5020
2026-08-06T11:35:00+05:30,14145,14145,14110,14132,4165
2026-08-06T11:40:00+05:30,14127,14127,14110,14117,4169
2026-08-06T11:45:00+05:30,14115,14118,14106,14115,3258
2026-08-06T11:50:00+05:30,14119,14142,14119,14120,5761
2026-08-06T11:55:00+05:30,14122,14122,14107,14108,3297
2026-08-06T12:00:00+05:30,14108,14112,14080,14090,4993
2026-08-06T12:05:00+05:30,14090,14090,14080,14080,2568
2026-08-06T12:10:00+05:30,14080,14084,14032,14060,7814
2026-08-06T12:15:00+05:30,14060,14073,14044,14045,5338
2026-08-06T12:20:00+05:30,14045,14049,14025,14025,4516
2026-08-06T12:25:00+05:30,14027,14034,14008,14014,5252
2026-08-06T12:30:00+05:30,14014,14023,14014,14020,2580
2026-08-06T12:35:00+05:30,14020,14026,14004,14014,6554
2026-08-06T12:40:00+05:30,14014,14028,14014,14019,2511
2026-08-06T12:45:00+05:30,14024,14028,14016,14018,3122
2026-08-06T12:50:00+05:30,14018,14021,14013,14017,2998
2026-08-06T12:55:00+05:30,14022,14023,14008,14015,2752
2026-08-06T13:00:00+05:30,14014,14026,14010,14024,2208
2026-08-06T13:05:00+05:30,14026,14029,14017,14019,2108
2026-08-06T13:10:00+05:30,14019,14023,14013,14014,1981
2026-08-06T13:15:00+05:30,14016,14039,14011,14034,5984
2026-08-06T13:20:00+05:30,14036,14040,14015,14020,4706
2026-08-06T13:25:00+05:30,14019,14027,14016,14018,1450
2026-08-06T13:30:00+05:30,14020,14030,14018,14025,2182
2026-08-06T13:35:00+05:30,14028,14032,14012,14014,2798
2026-08-06T13:40:00+05:30,14014,14019,14011,14011,1393
2026-08-06T13:45:00+05:30,14011,14015,13991,13994,7241
2026-08-06T13:50:00+05:30,13994,14000,13985,13997,6263
2026-08-06T13:55:00+05:30,14000,14011,13991,14010,2990
2026-08-06T14:00:00+05:30,14012,14028,14008,14028,1613
2026-08-06T14:05:00+05:30,14028,14028,14014,14019,1617
2026-08-06T14:10:00+05:30,14019,14030,14018,14024,2184
2026-08-06T14:15:00+05:30,14025,14028,14021,14028,1541
2026-08-06T14:20:00+05:30,14026,14030,14022,14030,2932
2026-08-06T14:25:00+05:30,14030,14030,14025,14026,2299
2026-08-06T14:30:00+05:30,14026,14033,14017,14033,4026
2026-08-06T14:35:00+05:30,14032,14040,14032,14037,5178
2026-08-06T14:40:00+05:30,14038,14038,14027,14030,5282
2026-08-06T14:45:00+05:30,14030,14039,14028,14033,3294
2026-08-06T14:50:00+05:30,14033,14035,14010,14015,15720
2026-08-06T14:55:00+05:30,14015,14015,14002,14008,9532
2026-08-06T15:00:00+05:30,14015,14019,14000,14009,15657
2026-08-06T15:05:00+05:30,14007,14020,13993,14020,13759
2026-08-06T15:10:00+05:30,14020,14035,14012,14034,9648
2026-08-07T09:15:00+05:30,13811,13953,13811,13927,24183
2026-08-07T09:20:00+05:30,13933,13954,13930,13938,6636
2026-08-07T09:25:00+05:30,13939,13950,13908,13909,3769
2026-08-07T09:30:00+05:30,13915,13929,13906,13917,4612
2026-08-07T09:35:00+05:30,13917,13933,13910,13920,2735
2026-08-07T09:40:00+05:30,13921,13938,13920,13937,2033
2026-08-07T09:45:00+05:30,13936,13950,13935,13945,4292
2026-08-07T09:50:00+05:30,13945,13990,13945,13987,6502
2026-08-07T09:55:00+05:30,13990,13994,13964,13991,5219
2026-08-07T10:00:00+05:30,13991,14003,13981,13984,4313
2026-08-07T10:05:00+05:30,13985,14004,13984,13998,1615
2026-08-07T10:10:00+05:30,13992,13998,13976,13978,2179
2026-08-07T10:15:00+05:30,13978,13978,13955,13959,2389
2026-08-07T10:20:00+05:30,13962,13967,13954,13962,1174
2026-08-07T10:25:00+05:30,13962,13965,13952,13956,1136
2026-08-07T10:30:00+05:30,13956,13961,13952,13959,1323
2026-08-07T10:35:00+05:30,13959,13974,13959,13967,2134
2026-08-07T10:40:00+05:30,13967,13971,13930,13930,3160
2026-08-07T10:45:00+05:30,13930,13948,13930,13936,1586
2026-08-07T10:50:00+05:30,13936,13961,13934,13948,1949
2026-08-07T10:55:00+05:30,13941,13955,13930,13935,2690
2026-08-07T11:00:00+05:30,13932,13938,13920,13923,5589
2026-08-07T11:05:00+05:30,13923,13932,13923,13927,1791
2026-08-07T11:10:00+05:30,13927,13930,13910,13922,2763
2026-08-07T11:15:00+05:30,13929,13930,13922,13923,1518
2026-08-07T11:20:00+05:30,13923,13928,13920,13925,1728
2026-08-07T11:25:00+05:30,13925,13940,13921,13930,2382
2026-08-07T11:30:00+05:30,13931,13939,13925,13932,1423
2026-08-07T11:35:00+05:30,13933,13939,13926,13938,1955
2026-08-07T11:40:00+05:30,13938,13940,13931,13938,1738
2026-08-07T11:45:00+05:30,13938,13938,13905,13908,5484
2026-08-07T11:50:00+05:30,13908,13915,13893,13902,6044
2026-08-07T11:55:00+05:30,13902,13902,13890,13901,2079
2026-08-07T12:00:00+05:30,13903,13908,13895,13899,1516
2026-08-07T12:05:00+05:30,13900,13908,13891,13908,1945
2026-08-07T12:10:00+05:30,13908,13916,13902,13909,1498
2026-08-07T12:15:00+05:30,13909,13915,13906,13915,1177
2026-08-07T12:20:00+05:30,13912,13924,13912,13921,1236
2026-08-07T12:25:00+05:30,13921,13968,13918,13960,4755
2026-08-07T12:30:00+05:30,13955,13980,13952,13979,5736
2026-08-07T12:35:00+05:30,13979,13980,13973,13975,2314
2026-08-07T12:40:00+05:30,13976,13985,13973,13978,4628
2026-08-07T12:45:00+05:30,13978,13986,13967,13967,6605
2026-08-07T12:50:00+05:30,13973,13977,13970,13975,6755
2026-08-07T12:55:00+05:30,13975,13984,13970,13975,4271
2026-08-07T13:00:00+05:30,13975,13977,13975,13977,1658
2026-08-07T13:05:00+05:30,13977,13985,13975,13979,3640
2026-08-07T13:10:00+05:30,13979,13989,13966,13966,9131
2026-08-07T13:15:00+05:30,13966,13977,13955,13956,1954
2026-08-07T13:20:00+05:30,13956,13976,13954,13976,2397
2026-08-07T13:25:00+05:30,13977,13995,13975,13988,3839
2026-08-07T13:30:00+05:30,13988,13999,13983,13997,7011
2026-08-07T13:35:00+05:30,13996,14007,13995,14000,4438
2026-08-07T13:40:00+05:30,14000,14018,13999,14012,6043
2026-08-07T13:45:00+05:30,14013,14021,14000,14003,4712
2026-08-07T13:50:00+05:30,14005,14030,14002,14024,2239
2026-08-07T13:55:00+05:30,14023,14026,14013,14023,2717
2026-08-07T14:00:00+05:30,14024,14038,14020,14023,4843
2026-08-07T14:05:00+05:30,14020,14024,13988,13989,39018
2026-08-07T14:10:00+05:30,13989,13992,13966,13971,3205
2026-08-07T14:15:00+05:30,13971,14015,13971,14009,3534
2026-08-07T14:20:00+05:30,14009,14011,14000,14002,2235
2026-08-07T14:25:00+05:30,14003,14010,13992,13994,2333
2026-08-07T14:30:00+05:30,13994,14009,13992,13997,2097
2026-08-07T14:35:00+05:30,13997,14002,13980,13982,1819
2026-08-07T14:40:00+05:30,13983,13990,13979,13979,2941
2026-08-07T14:45:00+05:30,13979,14000,13977,13996,3218
2026-08-07T14:50:00+05:30,13996,14009,13992,14002,5342
2026-08-07T14:55:00+05:30,14001,14001,13990,13995,5274
2026-08-07T15:00:00+05:30,13997,14018,13997,14015,4622
2026-08-07T15:05:00+05:30,14015,14021,14015,14016,7706
2026-08-07T15:10:00+05:30,14019,14026,14015,14015,8969
2026-08-10T09:15:00+05:30,14039,14091,13954,14076,16795
2026-08-10T09:20:00+05:30,14076,14107,14048,14069,9709
2026-08-10T09:25:00+05:30,14069,14096,14068,14081,4591
2026-08-10T09:30:00+05:30,14081,14087,14060,14060,2550
2026-08-10T09:35:00+05:30,14060,14070,14044,14047,6366
2026-08-10T09:40:00+05:30,14044,14060,14028,14039,6340
2026-08-10T09:45:00+05:30,14039,14061,14027,14050,4168
2026-08-10T09:50:00+05:30,14050,14061,14046,14049,4166
2026-08-10T09:55:00+05:30,14049,14070,14049,14065,3562
2026-08-10T10:00:00+05:30,14063,14065,14043,14054,2014
2026-08-10T10:05:00+05:30,14053,14057,14043,14043,2876
2026-08-10T10:10:00+05:30,14046,14048,14036,14044,1931
2026-08-10T10:15:00+05:30,14044,14060,14040,14058,1688
2026-08-10T10:20:00+05:30,14058,14064,14053,14062,1562
2026-08-10T10:25:00+05:30,14062,14080,14057,14080,2286
2026-08-10T10:30:00+05:30,14080,14100,14079,14079,7025
2026-08-10T10:35:00+05:30,14079,14090,14078,14090,1080
2026-08-10T10:40:00+05:30,14090,14115,14088,14099,7280
2026-08-10T10:45:00+05:30,14099,14108,14086,14104,6045
2026-08-10T10:50:00+05:30,14104,14104,14085,14086,3867
2026-08-10T10:55:00+05:30,14089,14100,14085,14100,1562
2026-08-10T11:00:00+05:30,14100,14100,14088,14096,1445
2026-08-10T11:05:00+05:30,14096,14105,14076,14087,2366
2026-08-10T11:10:00+05:30,14087,14089,14070,14082,1422
2026-08-10T11:15:00+05:30,14082,14085,14070,14073,3025
2026-08-10T11:20:00+05:30,14073,14083,14067,14073,2212
2026-08-10T11:25:00+05:30,14069,14082,14069,14071,2560
2026-08-10T11:30:00+05:30,14076,14080,14045,14059,7414
2026-08-10T11:35:00+05:30,14058,14076,14049,14067,4770
2026-08-10T11:40:00+05:30,14067,14070,14056,14063,2426
2026-08-10T11:45:00+05:30,14065,14075,14065,14072,1419
2026-08-10T11:50:00+05:30,14072,14079,14062,14074,1361
2026-08-10T11:55:00+05:30,14071,14088,14068,14078,2680
2026-08-10T12:00:00+05:30,14078,14087,14076,14085,3508
2026-08-10T12:05:00+05:30,14084,14100,14084,14096,2747
2026-08-10T12:10:00+05:30,14096,14099,14087,14095,7813
2026-08-10T12:15:00+05:30,14095,14097,14082,14091,1144
2026-08-10T12:20:00+05:30,14092,14097,14082,14086,2389
2026-08-10T12:25:00+05:30,14086,14096,14077,14096,1788
2026-08-10T12:30:00+05:30,14096,14105,14096,14102,2324
2026-08-10T12:35:00+05:30,14102,14103,14091,14096,5264
2026-08-10T12:40:00+05:30,14096,14103,14096,14100,3345
2026-08-10T12:45:00+05:30,14100,14109,14099,14107,3188
2026-08-10T12:50:00+05:30,14107,14119,14084,14097,5236
2026-08-10T12:55:00+05:30,14097,14106,14095,14103,1622
2026-08-10T13:00:00+05:30,14103,14107,14097,14101,2762
2026-08-10T13:05:00+05:30,14101,14110,14099,14105,3526
2026-08-10T13:10:00+05:30,14105,14112,14097,14110,2296
2026-08-10T13:15:00+05:30,14110,14110,14094,14103,1398
2026-08-10T13:20:00+05:30,14103,14108,14090,14102,2980
2026-08-10T13:25:00+05:30,14104,14105,14093,14103,1758
2026-08-10T13:30:00+05:30,14103,14106,14098,14101,1417
2026-08-10T13:35:00+05:30,14102,14106,14095,14104,2421
2026-08-10T13:40:00+05:30,14104,14105,14095,14100,1679
2026-08-10T13:45:00+05:30,14100,14107,14095,14103,3899
2026-08-10T13:50:00+05:30,14106,14111,14101,14110,1801
2026-08-10T13:55:00+05:30,14108,14108,14092,14095,2273
2026-08-10T14:00:00+05:30,14094,14105,14093,14102,2237
2026-08-10T14:05:00+05:30,14104,14106,14095,14101,2040
2026-08-10T14:10:00+05:30,14101,14106,14095,14098,1963
2026-08-10T14:15:00+05:30,14100,14105,14095,14101,2418
2026-08-10T14:20:00+05:30,14101,14109,14092,14103,3944
2026-08-10T14:25:00+05:30,14103,14107,14094,14103,3364
2026-08-10T14:30:00+05:30,14102,14110,14097,14105,3155
2026-08-10T14:35:00+05:30,14105,14107,14084,14084,3443
2026-08-10T14:40:00+05:30,14085,14100,14084,14092,11176
2026-08-10T14:45:00+05:30,14086,14091,14067,14085,8196
2026-08-10T14:50:00+05:30,14085,14085,14069,14071,7652
2026-08-10T14:55:00+05:30,14074,14089,14071,14081,6556
2026-08-10T15:00:00+05:30,14083,14100,14076,14099,13128
2026-08-10T15:05:00+05:30,14099,14100,14089,14096,13339
2026-08-10T15:10:00+05:30,14096,14100,14081,14099,12464
2026-08-11T09:15:00+05:30,14120,14120,14059,14094,9070
2026-08-11T09:20:00+05:30,14094,14095,14062,14089,7593
2026-08-11T09:25:00+05:30,14089,14093,14076,14090,2698
2026-08-11T09:30:00+05:30,14082,14119,14079,14102,4144
2026-08-11T09:35:00+05:30,14101,14135,14097,14122,4444
2026-08-11T09:40:00+05:30,14122,14122,14109,14113,2254
2026-08-11T09:45:00+05:30,14115,14117,14106,14113,2121
2026-08-11T09:50:00+05:30,14113,14120,14099,14099,3099
2026-08-11T09:55:00+05:30,14099,14112,14095,14105,3945
2026-08-11T10:00:00+05:30,14105,14106,14085,14085,4680
2026-08-11T10:05:00+05:30,14085,14097,14085,14092,5091
2026-08-11T10:10:00+05:30,14092,14105,14091,14105,2346
2026-08-11T10:15:00+05:30,14110,14120,14106,14113,3055
2026-08-11T10:20:00+05:30,14113,14116,14098,14098,1887
2026-08-11T10:25:00+05:30,14098,14103,14093,14099,1759
2026-08-11T10:30:00+05:30,14099,14103,14090,14102,2074
2026-08-11T10:35:00+05:30,14102,14117,14100,14113,864
2026-08-11T10:40:00+05:30,14113,14129,14107,14129,2321
2026-08-11T10:45:00+05:30,14128,14130,14110,14117,4799
2026-08-11T10:50:00+05:30,14117,14117,14107,14112,2555
2026-08-11T10:55:00+05:30,14112,14120,14110,14116,1427
2026-08-11T11:00:00+05:30,14119,14120,14094,14098,3837
2026-08-11T11:05:00+05:30,14100,14100,14094,14097,1695
2026-08-11T11:10:00+05:30,14095,14100,14090,14093,2781
2026-08-11T11:15:00+05:30,14095,14098,14089,14092,1833
2026-08-11T11:20:00+05:30,14092,14092,14088,14090,680
2026-08-11T11:25:00+05:30,14090,14093,14082,14085,2253
2026-08-11T11:30:00+05:30,14087,14087,14075,14080,1327
2026-08-11T11:35:00+05:30,14080,14101,14079,14099,7515
2026-08-11T11:40:00+05:30,14099,14122,14098,14120,5697
2026-08-11T11:45:00+05:30,14120,14120,14115,14118,1016
2026-08-11T11:50:00+05:30,14116,14145,14116,14145,6951
2026-08-11T11:55:00+05:30,14145,14145,14127,14135,1728
2026-08-11T12:00:00+05:30,14135,14136,14120,14122,1706
2026-08-11T12:05:00+05:30,14120,14158,14120,14154,10352
2026-08-11T12:10:00+05:30,14154,14175,14151,14169,7823
2026-08-11T12:15:00+05:30,14160,14170,14135,14140,15664
2026-08-11T12:20:00+05:30,14140,14146,14126,14126,3110
2026-08-11T12:25:00+05:30,14126,14132,14122,14124,2285
2026-08-11T12:30:00+05:30,14124,14140,14120,14140,4168
2026-08-11T12:35:00+05:30,14140,14140,14128,14128,2591
2026-08-11T12:40:00+05:30,14128,14133,14125,14130,6547
2026-08-11T12:45:00+05:30,14130,14133,14125,14130,2973
2026-08-11T12:50:00+05:30,14130,14130,14080,14090,9224
2026-08-11T12:55:00+05:30,14090,14097,14080,14097,4569
2026-08-11T13:00:00+05:30,14097,14120,14086,14114,14332
2026-08-11T13:05:00+05:30,14114,14114,14100,14106,2307
2026-08-11T13:10:00+05:30,14106,14116,14100,14113,2936
2026-08-11T13:15:00+05:30,14113,14128,14110,14124,2189
2026-08-11T13:20:00+05:30,14124,14126,14114,14126,1397
2026-08-11T13:25:00+05:30,14126,14135,14119,14120,3862
2026-08-11T13:30:00+05:30,14125,14130,14120,14120,572
2026-08-11T13:35:00+05:30,14124,14125,14115,14118,1401
2026-08-11T13:40:00+05:30,14118,14118,14110,14110,4147
2026-08-11T13:45:00+05:30,14110,14115,14100,14100,4888
2026-08-11T13:50:00+05:30,14100,14105,14093,14102,3382
2026-08-11T13:55:00+05:30,14098,14104,14093,14095,2280
2026-08-11T14:00:00+05:30,14095,14103,14091,14101,1842
2026-08-11T14:05:00+05:30,14095,14106,14090,14102,3316
2026-08-11T14:10:00+05:30,14101,14106,14093,14095,1524
2026-08-11T14:15:00+05:30,14093,14096,14023,14029,7619
2026-08-11T14:20:00+05:30,14036,14037,14026,14026,2082
2026-08-11T14:25:00+05:30,14030,14043,14020,14036,5776
2026-08-11T14:30:00+05:30,14040,14049,14035,14039,3380
2026-08-11T14:35:00+05:30,14037,14046,14027,14045,8892
2026-08-11T14:40:00+05:30,14045,14048,14008,14008,8203
2026-08-11T14:45:00+05:30,14010,14014,13990,14007,5324
2026-08-11T14:50:00+05:30,14006,14017,13982,14000,17745
2026-08-11T14:55:00+05:30,14004,14013,13996,14013,3828
2026-08-11T15:00:00+05:30,14019,14030,14002,14028,10373
2026-08-11T15:05:00+05:30,14030,14036,14020,14020,7062
2026-08-11T15:10:00+05:30,14022,14029,13980,14029,13279
2026-08-12T09:15:00+05:30,13990,14016,13946,13970,10384
2026-08-12T09:20:00+05:30,13970,13988,13968,13982,3716
2026-08-12T09:25:00+05:30,13982,14003,13978,13988,7144
2026-08-12T09:30:00+05:30,13988,14000,13984,13992,4621
2026-08-12T09:35:00+05:30,13992,13992,13977,13985,2596
2026-08-12T09:40:00+05:30,13985,13985,13966,13975,3223
2026-08-12T09:45:00+05:30,13975,13982,13932,13945,7858
2026-08-12T09:50:00+05:30,13945,13953,13942,13950,9607
2026-08-12T09:55:00+05:30,13950,13979,13947,13960,4111
2026-08-12T10:00:00+05:30,13960,13964,13953,13960,1948
2026-08-12T10:05:00+05:30,13960,13964,13953,13958,2420
2026-08-12T10:10:00+05:30,13956,13960,13942,13942,1890
2026-08-12T10:15:00+05:30,13943,13947,13941,13942,1247
2026-08-12T10:20:00+05:30,13942,13944,13920,13921,2153
2026-08-12T10:25:00+05:30,13921,13932,13921,13928,1567
2026-08-12T10:30:00+05:30,13925,13939,13925,13938,1539
2026-08-12T10:35:00+05:30,13938,13943,13933,13942,1355
2026-08-12T10:40:00+05:30,13940,13943,13934,13939,824
2026-08-12T10:45:00+05:30,13939,13939,13927,13931,1192
2026-08-12T10:50:00+05:30,13931,13940,13930,13940,1469
2026-08-12T10:55:00+05:30,13940,13950,13930,13946,4084
2026-08-12T11:00:00+05:30,13941,13946,13940,13942,1124
2026-08-12T11:05:00+05:30,13941,13950,13940,13940,5464
2026-08-12T11:10:00+05:30,13942,13990,13940,13980,5464
2026-08-12T11:15:00+05:30,13980,14013,13980,14002,7451
2026-08-12T11:20:00+05:30,14006,14030,14004,14019,3338
2026-08-12T11:25:00+05:30,14020,14049,14018,14030,11792
2026-08-12T11:30:00+05:30,14030,14062,14001,14052,19504
2026-08-12T11:35:00+05:30,14052,14067,14038,14044,4169
2026-08-12T11:40:00+05:30,14044,14056,14031,14051,2797
2026-08-12T11:45:00+05:30,14053,14061,14043,14053,2434
2026-08-12T11:50:00+05:30,14053,14060,14045,14053,1906
2026-08-12T11:55:00+05:30,14048,14060,14042,14058,1959
2026-08-12T12:00:00+05:30,14055,14055,14040,14047,1496
2026-08-12T12:05:00+05:30,14047,14048,14040,14042,897
2026-08-12T12:10:00+05:30,14040,14042,14021,14021,2797
2026-08-12T12:15:00+05:30,14021,14034,14018,14022,1608
2026-08-12T12:20:00+05:30,14022,14031,14015,14022,1873
2026-08-12T12:25:00+05:30,14022,14034,14014,14025,1623
2026-08-12T12:30:00+05:30,14024,14026,13996,13996,8946
2026-08-12T12:35:00+05:30,13996,14006,13993,14000,6599
2026-08-12T12:40:00+05:30,14001,14002,14000,14000,2247
2026-08-12T12:45:00+05:30,14000,14001,13974,13981,5322
2026-08-12T12:50:00+05:30,13981,13983,13972,13973,4483
2026-08-12T12:55:00+05:30,13973,13973,13958,13958,4681
2026-08-12T13:00:00+05:30,13958,13976,13951,13973,2539
2026-08-12T13:05:00+05:30,13973,13974,13970,13974,1213
2026-08-12T13:10:00+05:30,13973,13974,13970,13974,1025
2026-08-12T13:15:00+05:30,13974,14000,13971,13998,3141
2026-08-12T13:20:00+05:30,13998,14008,13993,14000,1652
2026-08-12T13:25:00+05:30,14000,14002,13990,13992,5587
2026-08-12T13:30:00+05:30,13992,14001,13979,13982,7196
2026-08-12T13:35:00+05:30,13982,13989,13967,13985,2534
2026-08-12T13:40:00+05:30,13983,13986,13960,13963,4483
2026-08-12T13:45:00+05:30,13963,13965,13953,13953,1637
2026-08-12T13:50:00+05:30,13952,13955,13932,13947,3317
2026-08-12T13:55:00+05:30,13950,13950,13940,13949,2104
2026-08-12T14:00:00+05:30,13949,13952,13940,13941,2231
2026-08-12T14:05:00+05:30,13941,13941,13922,13930,6070
2026-08-12T14:10:00+05:30,13929,13934,13925,13925,3337
2026-08-12T14:15:00+05:30,13928,13936,13923,13926,3988
2026-08-12T14:20:00+05:30,13927,13931,13923,13926,2288
2026-08-12T14:25:00+05:30,13926,13935,13926,13935,3123
2026-08-12T14:30:00+05:30,13937,13959,13931,13944,12808
2026-08-12T14:35:00+05:30,13942,13943,13933,13939,4755
2026-08-12T14:40:00+05:30,13940,13944,13920,13920,8050
2026-08-12T14:45:00+05:30,13924,13934,13920,13920,4152
2026-08-12T14:50:00+05:30,13921,13962,13920,13940,24109
2026-08-12T14:55:00+05:30,13940,13945,13925,13931,8163
2026-08-12T15:00:00+05:30,13933,13935,13920,13925,8676
2026-08-12T15:05:00+05:30,13926,13926,13914,13917,9013
2026-08-12T15:10:00+05:30,13917,13928,13900,13900,15501
2026-08-13T09:15:00+05:30,13884,13938,13884,13892,6577
2026-08-13T09:20:00+05:30,13892,13910,13889,13900,1974
2026-08-13T09:25:00+05:30,13900,13903,13875,13892,3158
2026-08-13T09:30:00+05:30,13892,13901,13864,13885,3612
2026-08-13T09:35:00+05:30,13886,13893,13877,13880,1443
2026-08-13T09:40:00+05:30,13877,13917,13875,13909,3621
2026-08-13T09:45:00+05:30,13909,13913,13885,13889,2417
2026-08-13T09:50:00+05:30,13887,13895,13877,13883,1374
2026-08-13T09:55:00+05:30,13882,13892,13850,13850,3745
2026-08-13T10:00:00+05:30,13852,13866,13845,13863,1813
2026-08-13T10:05:00+05:30,13863,13868,13845,13847,721
2026-08-13T10:10:00+05:30,13847,13855,13825,13849,2664
2026-08-13T10:15:00+05:30,13847,13869,13843,13862,1627
2026-08-13T10:20:00+05:30,13869,13875,13847,13848,2153
2026-08-13T10:25:00+05:30,13848,13860,13845,13854,942
2026-08-13T10:30:00+05:30,13854,13856,13845,13855,361
2026-08-13T10:35:00+05:30,13855,13890,13853,13882,2137
2026-08-13T10:40:00+05:30,13883,13890,13877,13882,1729
2026-08-13T10:45:00+05:30,13882,13910,13867,13890,36783
2026-08-13T10:50:00+05:30,13893,13910,13889,13903,5508
2026-08-13T10:55:00+05:30,13903,13910,13866,13866,3117
2026-08-13T11:00:00+05:30,13871,13881,13864,13873,1096
2026-08-13T11:05:00+05:30,13873,13875,13864,13872,992
2026-08-13T11:10:00+05:30,13874,13875,13867,13870,702
2026-08-13T11:15:00+05:30,13870,13883,13870,13883,671
2026-08-13T11:20:00+05:30,13880,13884,13875,13884,1850
2026-08-13T11:25:00+05:30,13884,13905,13876,13902,4935
2026-08-13T11:30:00+05:30,13901,13902,13885,13890,1256
2026-08-13T11:35:00+05:30,13893,13901,13885,13900,1148
2026-08-13T11:40:00+05:30,13900,13900,13879,13884,900
2026-08-13T11:45:00+05:30,13879,13891,13878,13891,548
2026-08-13T11:50:00+05:30,13891,13900,13887,13897,852
2026-08-13T11:55:00+05:30,13897,13905,13890,13905,1022
2026-08-13T12:00:00+05:30,13906,13925,13896,13925,4305
2026-08-13T12:05:00+05:30,13925,13933,13916,13933,3713
2026-08-13T12:10:00+05:30,13928,13936,13907,13907,3970
2026-08-13T12:15:00+05:30,13907,13913,13892,13908,2466
2026-08-13T12:20:00+05:30,13908,13916,13905,13911,1076
2026-08-13T12:25:00+05:30,13911,13911,13900,13903,1553
2026-08-13T12:30:00+05:30,13902,13906,13889,13900,1442
2026-08-13T12:35:00+05:30,13900,13905,13900,13900,667
2026-08-13T12:40:00+05:30,13900,13920,13900,13905,956
2026-08-13T12:45:00+05:30,13905,13911,13892,13901,4021
2026-08-13T12:50:00+05:30,13901,13906,13896,13898,4023
2026-08-13T12:55:00+05:30,13898,13900,13889,13899,1027
2026-08-13T13:00:00+05:30,13899,13905,13896,13900,516
2026-08-13T13:05:00+05:30,13900,13907,13895,13900,774
2026-08-13T13:10:00+05:30,13900,13909,13900,13909,1662
2026-08-13T13:15:00+05:30,13909,13911,13900,13900,2194
2026-08-13T13:20:00+05:30,13900,13905,13890,13895,2694
2026-08-13T13:25:00+05:30,13895,13896,13885,13885,597
2026-08-13T13:30:00+05:30,13885,13893,13880,13880,879
2026-08-13T13:35:00+05:30,13886,13886,13878,13885,3310
2026-08-13T13:40:00+05:30,13880,13895,13877,13895,1052
2026-08-13T13:45:00+05:30,13895,13896,13885,13892,1007
2026-08-13T13:50:00+05:30,13892,13895,13885,13893,653
2026-08-13T13:55:00+05:30,13890,13898,13890,13890,1066
2026-08-13T14:00:00+05:30,13889,13892,13871,13872,1791
2026-08-13T14:05:00+05:30,13872,13880,13870,13870,876
2026-08-13T14:10:00+05:30,13870,13876,13850,13855,3011
2026-08-13T14:15:00+05:30,13855,13874,13855,13870,2242
2026-08-13T14:20:00+05:30,13873,13880,13868,13875,1779
2026-08-13T14:25:00+05:30,13877,13879,13866,13872,2273
2026-08-13T14:30:00+05:30,13867,13880,13865,13880,2085
2026-08-13T14:35:00+05:30,13878,13881,13864,13881,3378
2026-08-13T14:40:00+05:30,13883,13886,13880,13881,1176
2026-08-13T14:45:00+05:30,13881,13881,13869,13875,1077
2026-08-13T14:50:00+05:30,13875,13889,13871,13884,3080
2026-08-13T14:55:00+05:30,13884,13888,13853,13856,11267
2026-08-13T15:00:00+05:30,13856,13873,13852,13873,6508
2026-08-13T15:05:00+05:30,13867,13874,13843,13847,7702
2026-08-13T15:10:00+05:30,13867,13886,13846,13880,14036
2026-08-14T09:15:00+05:30,13905,13925,13760,13825,12395
2026-08-14T09:20:00+05:30,13825,13832,13815,13829,3232
2026-08-14T09:25:00+05:30,13829,13845,13815,13820,5055
2026-08-14T09:30:00+05:30,13820,13839,13818,13828,1312
2026-08-14T09:35:00+05:30,13826,13843,13826,13827,1599
2026-08-14T09:40:00+05:30,13826,13832,13823,13826,914
2026-08-14T09:45:00+05:30,13827,13828,13810,13813,1809
2026-08-14T09:50:00+05:30,13815,13832,13806,13812,1363
2026-08-14T09:55:00+05:30,13808,13819,13800,13808,1820
2026-08-14T10:00:00+05:30,13803,13830,13789,13828,8476
2026-08-14T10:05:00+05:30,13828,13829,13813,13819,1848
2026-08-14T10:10:00+05:30,13810,13811,13787,13789,2120
2026-08-14T10:15:00+05:30,13789,13800,13786,13799,1183
2026-08-14T10:20:00+05:30,13799,13819,13792,13811,1716
2026-08-14T10:25:00+05:30,13811,13812,13796,13796,1110
2026-08-14T10:30:00+05:30,13797,13797,13782,13793,1164
2026-08-14T10:35:00+05:30,13789,13801,13788,13800,2063
2026-08-14T10:40:00+05:30,13800,13815,13800,13811,1313
2026-08-14T10:45:00+05:30,13810,13861,13802,13859,6653
2026-08-14T10:50:00+05:30,13858,13875,13844,13870,6437
2026-08-14T10:55:00+05:30,13871,13883,13850,13851,4820
2026-08-14T11:00:00+05:30,13851,13872,13851,13866,2920
2026-08-14T11:05:00+05:30,13867,13877,13866,13874,1997
2026-08-14T11:10:00+05:30,13873,13880,13870,13873,5264
2026-08-14T11:15:00+05:30,13872,13884,13871,13883,2054
2026-08-14T11:20:00+05:30,13881,13900,13876,13898,2340
2026-08-14T11:25:00+05:30,13895,13898,13882,13883,5089
2026-08-14T11:30:00+05:30,13882,13882,13865,13870,1954
2026-08-14T11:35:00+05:30,13870,13885,13870,13875,1267
2026-08-14T11:40:00+05:30,13875,13887,13875,13881,2695
2026-08-14T11:45:00+05:30,13880,13888,13880,13885,1191
2026-08-14T11:50:00+05:30,13885,13886,13881,13884,1210
2026-08-14T11:55:00+05:30,13883,13887,13883,13885,1237
2026-08-14T12:00:00+05:30,13885,13896,13885,13891,1487
2026-08-14T12:05:00+05:30,13890,13894,13885,13886,966
2026-08-14T12:10:00+05:30,13886,13907,13885,13901,3330
2026-08-14T12:15:00+05:30,13900,13907,13897,13906,1310
2026-08-14T12:20:00+05:30,13906,13910,13902,13905,1120
2026-08-14T12:25:00+05:30,13905,13920,13900,13917,2750
2026-08-14T12:30:00+05:30,13917,13923,13910,13915,1559
2026-08-14T12:35:00+05:30,13915,13921,13911,13913,1343
2026-08-14T12:40:00+05:30,13912,13920,13903,13905,2598
2026-08-14T12:45:00+05:30,13905,13912,13900,13908,2345
2026-08-14T12:50:00+05:30,13908,13925,13908,13923,1342
2026-08-14T12:55:00+05:30,13923,13924,13909,13912,762
2026-08-14T13:00:00+05:30,13912,13914,13905,13905,857
2026-08-14T13:05:00+05:30,13905,13910,13902,13905,1178
2026-08-14T13:10:00+05:30,13905,13906,13901,13905,761
2026-08-14T13:15:00+05:30,13905,13907,13900,13903,912
2026-08-14T13:20:00+05:30,13904,13907,13900,13902,826
2026-08-14T13:25:00+05:30,13900,13909,13900,13903,809
2026-08-14T13:30:00+05:30,13902,13904,13897,13901,6788
2026-08-14T13:35:00+05:30,13900,13900,13885,13896,3619
2026-08-14T13:40:00+05:30,13896,13911,13894,13911,1072
2026-08-14T13:45:00+05:30,13909,13925,13904,13907,3177
2026-08-14T13:50:00+05:30,13906,13917,13903,13914,988
2026-08-14T13:55:00+05:30,13914,13916,13903,13914,1777
2026-08-14T14:00:00+05:30,13909,13914,13888,13902,4648
2026-08-14T14:05:00+05:30,13900,13903,13896,13898,1783
2026-08-14T14:10:00+05:30,13897,13901,13870,13870,5490
2026-08-14T14:15:00+05:30,13870,13903,13870,13901,7304
2026-08-14T14:20:00+05:30,13900,13900,13886,13889,3689
2026-08-14T14:25:00+05:30,13888,13900,13883,13900,5140
2026-08-14T14:30:00+05:30,13900,13905,13890,13901,2388
2026-08-14T14:35:00+05:30,13900,13910,13900,13900,1547
2026-08-14T14:40:00+05:30,13901,13901,13890,13890,2818
2026-08-14T14:45:00+05:30,13891,13901,13890,13896,2125
2026-08-14T14:50:00+05:30,13897,13943,13894,13906,13385
2026-08-14T14:55:00+05:30,13905,13911,13901,13901,2322
2026-08-14T15:00:00+05:30,13902,13912,13901,13908,3553
2026-08-14T15:05:00+05:30,13906,13907,13890,13900,6819
2026-08-14T15:10:00+05:30,13901,13914,13870,13870,7028
2026-08-17T09:15:00+05:30,13834,13872,13804,13856,4882
2026-08-17T09:20:00+05:30,13855,13874,13850,13853,2426
2026-08-17T09:25:00+05:30,13853,13865,13850,13859,1045
2026-08-17T09:30:00+05:30,13859,13870,13853,13870,1121
2026-08-17T09:35:00+05:30,13870,13894,13861,13889,2848
2026-08-17T09:40:00+05:30,13883,13890,13875,13875,3010
2026-08-17T09:45:00+05:30,13875,13876,13862,13870,1125
2026-08-17T09:50:00+05:30,13872,13879,13861,13863,1275
2026-08-17T09:55:00+05:30,13862,13866,13844,13851,2361
2026-08-17T10:00:00+05:30,13844,13869,13844,13862,959
2026-08-17T10:05:00+05:30,13863,13869,13845,13860,741
2026-08-17T10:10:00+05:30,13865,13865,13852,13858,406
2026-08-17T10:15:00+05:30,13858,13866,13851,13859,722
2026-08-17T10:20:00+05:30,13857,13859,13851,13856,353
2026-08-17T10:25:00+05:30,13856,13865,13852,13860,829
2026-08-17T10:30:00+05:30,13860,13871,13853,13865,1189
2026-08-17T10:35:00+05:30,13865,13870,13860,13865,349
2026-08-17T10:40:00+05:30,13865,13885,13860,13879,2691
2026-08-17T10:45:00+05:30,13879,13889,13875,13884,1437
2026-08-17T10:50:00+05:30,13884,13889,13879,13885,1324
2026-08-17T10:55:00+05:30,13886,13894,13880,13889,1504
2026-08-17T11:00:00+05:30,13890,13894,13865,13865,2589
2026-08-17T11:05:00+05:30,13868,13876,13855,13867,2918
2026-08-17T11:10:00+05:30,13862,13873,13862,13868,1075
2026-08-17T11:15:00+05:30,13869,13870,13864,13869,729
2026-08-17T11:20:00+05:30,13869,13870,13860,13863,820
2026-08-17T11:25:00+05:30,13864,13870,13863,13865,824
2026-08-17T11:30:00+05:30,13865,13872,13863,13872,401
2026-08-17T11:35:00+05:30,13872,13879,13868,13879,578
2026-08-17T11:40:00+05:30,13879,13900,13874,13882,5961
2026-08-17T11:45:00+05:30,13882,13890,13874,13889,1542
2026-08-17T11:50:00+05:30,13889,13908,13882,13905,4928
2026-08-17T11:55:00+05:30,13900,13905,13899,13902,1371
2026-08-17T12:00:00+05:30,13902,13910,13892,13892,4074
2026-08-17T12:05:00+05:30,13892,13897,13889,13891,1524
2026-08-17T12:10:00+05:30,13891,13897,13880,13886,1095
2026-08-17T12:15:00+05:30,13886,13920,13882,13906,2253
2026-08-17T12:20:00+05:30,13906,13907,13900,13900,380
2026-08-17T12:25:00+05:30,13905,13915,13900,13910,1812
2026-08-17T12:30:00+05:30,13910,13910,13902,13908,351
2026-08-17T12:35:00+05:30,13908,13908,13904,13907,650
2026-08-17T12:40:00+05:30,13904,13907,13902,13902,1454
2026-08-17T12:45:00+05:30,13902,13912,13901,13907,1243
2026-08-17T12:50:00+05:30,13908,13916,13894,13915,3070
2026-08-17T12:55:00+05:30,13915,13920,13901,13905,1062
2026-08-17T13:00:00+05:30,13905,13905,13896,13897,1281
2026-08-17T13:05:00+05:30,13897,13897,13891,13892,605
2026-08-17T13:10:00+05:30,13892,13899,13887,13890,2598
2026-08-17T13:15:00+05:30,13888,13910,13888,13899,6946
2026-08-17T13:20:00+05:30,13892,13896,13890,13890,622
2026-08-17T13:25:00+05:30,13890,13900,13890,13899,714
2026-08-17T13:30:00+05:30,13899,13900,13890,13897,4754
2026-08-17T13:35:00+05:30,13897,13897,13889,13893,612
2026-08-17T13:40:00+05:30,13890,13893,13889,13890,1817
2026-08-17T13:45:00+05:30,13890,13899,13885,13887,1748
2026-08-17T13:50:00+05:30,13885,13887,13857,13858,2007
2026-08-17T13:55:00+05:30,13858,13862,13845,13849,2181
2026-08-17T14:00:00+05:30,13849,13863,13846,13860,2665
2026-08-17T14:05:00+05:30,13861,13861,13855,13857,1894
2026-08-17T14:10:00+05:30,13857,13861,13850,13855,2537
2026-08-17T14:15:00+05:30,13855,13867,13852,13862,1295
2026-08-17T14:20:00+05:30,13862,13866,13840,13844,1733
2026-08-17T14:25:00+05:30,13840,13846,13835,13839,2151
2026-08-17T14:30:00+05:30,13838,13845,13836,13841,1418
2026-08-17T14:35:00+05:30,13840,13858,13836,13857,2046
2026-08-17T14:40:00+05:30,13857,13861,13847,13861,2935
2026-08-17T14:45:00+05:30,13860,13860,13845,13855,3056
2026-08-17T14:50:00+05:30,13855,13866,13819,13833,18999
2026-08-17T14:55:00+05:30,13833,13847,13832,13838,3841
2026-08-17T15:00:00+05:30,13838,13851,13833,13834,4855
2026-08-17T15:05:00+05:30,13834,13834,13807,13807,6541
2026-08-17T15:10:00+05:30,13807,13848,13798,13830,13571
2026-08-18T09:15:00+05:30,13762,13838,13762,13837,4964
2026-08-18T09:20:00+05:30,13834,13865,13834,13863,4629
2026-08-18T09:25:00+05:30,13862,13890,13858,13874,3033
2026-08-18T09:30:00+05:30,13871,13872,13850,13868,1713
2026-08-18T09:35:00+05:30,13868,13877,13859,13866,1799
2026-08-18T09:40:00+05:30,13865,13866,13827,13831,3708
2026-08-18T09:45:00+05:30,13826,13831,13819,13822,2850
2026-08-18T09:50:00+05:30,13822,13824,13810,13824,1646
2026-08-18T09:55:00+05:30,13824,13824,13798,13808,3609
2026-08-18T10:00:00+05:30,13806,13813,13801,13806,1228
2026-08-18T10:05:00+05:30,13806,13814,13805,13809,1436
2026-08-18T10:10:00+05:30,13808,13839,13808,13813,2769
2026-08-18T10:15:00+05:30,13813,13824,13812,13824,745
2026-08-18T10:20:00+05:30,13823,13830,13821,13825,1064
2026-08-18T10:25:00+05:30,13825,13830,13805,13813,1417
2026-08-18T10:30:00+05:30,13813,13813,13802,13802,804
2026-08-18T10:35:00+05:30,13807,13810,13788,13800,2706
2026-08-18T10:40:00+05:30,13801,13804,13786,13795,1452
2026-08-18T10:45:00+05:30,13795,13798,13777,13782,2745
2026-08-18T10:50:00+05:30,13782,13786,13774,13775,1251
2026-08-18T10:55:00+05:30,13779,13780,13763,13765,2082
2026-08-18T11:00:00+05:30,13763,13777,13763,13773,1488
2026-08-18T11:05:00+05:30,13773,13792,13772,13790,1683
2026-08-18T11:10:00+05:30,13787,13791,13787,13788,730
2026-08-18T11:15:00+05:30,13788,13794,13785,13792,1946
2026-08-18T11:20:00+05:30,13792,13793,13782,13790,478
2026-08-18T11:25:00+05:30,13790,13794,13780,13783,864
2026-08-18T11:30:00+05:30,13783,13798,13780,13798,9336
2026-08-18T11:35:00+05:30,13798,13800,13782,13786,1582
2026-08-18T11:40:00+05:30,13786,13792,13783,13786,612
2026-08-18T11:45:00+05:30,13786,13798,13782,13797,4740
2026-08-18T11:50:00+05:30,13797,13798,13781,13785,525
2026-08-18T11:55:00+05:30,13785,13798,13760,13798,6893
2026-08-18T12:00:00+05:30,13798,13829,13769,13825,16513
2026-08-18T12:05:00+05:30,13825,13842,13819,13836,5247
2026-08-18T12:10:00+05:30,13836,13843,13833,13842,1254
2026-08-18T12:15:00+05:30,13842,13842,13817,13822,1147
2026-08-18T12:20:00+05:30,13822,13825,13818,13822,380
2026-08-18T12:25:00+05:30,13822,13822,13816,13821,506
2026-08-18T12:30:00+05:30,13818,13821,13808,13816,702
2026-08-18T12:35:00+05:30,13812,13820,13790,13797,1585
2026-08-18T12:40:00+05:30,13797,13800,13775,13782,1611
2026-08-18T12:45:00+05:30,13775,13786,13773,13781,1441
2026-08-18T12:50:00+05:30,13781,13793,13780,13785,1345
2026-08-18T12:55:00+05:30,13785,13786,13774,13779,1120
2026-08-18T13:00:00+05:30,13774,13794,13773,13791,6489
2026-08-18T13:05:00+05:30,13791,13801,13788,13801,9560
2026-08-18T13:10:00+05:30,13796,13808,13792,13808,1329
2026-08-18T13:15:00+05:30,13808,13816,13805,13810,4311
2026-08-18T13:20:00+05:30,13811,13822,13810,13815,9268
2026-08-18T13:25:00+05:30,13816,13824,13813,13820,8926
2026-08-18T13:30:00+05:30,13816,13829,13804,13809,8530
2026-08-18T13:35:00+05:30,13809,13810,13792,13794,1719
2026-08-18T13:40:00+05:30,13799,13800,13791,13793,1839
2026-08-18T13:45:00+05:30,13793,13799,13781,13785,2598
2026-08-18T13:50:00+05:30,13785,13790,13773,13788,1764
2026-08-18T13:55:00+05:30,13790,13790,13770,13772,3311
2026-08-18T14:00:00+05:30,13772,13778,13767,13777,2326
2026-08-18T14:05:00+05:30,13777,13779,13765,13770,2085
2026-08-18T14:10:00+05:30,13770,13790,13766,13787,4549
2026-08-18T14:15:00+05:30,13787,13795,13774,13793,6504
2026-08-18T14:20:00+05:30,13794,13795,13773,13774,4108
2026-08-18T14:25:00+05:30,13774,13783,13771,13781,3277
2026-08-18T14:30:00+05:30,13776,13785,13773,13773,4270
2026-08-18T14:35:00+05:30,13773,13775,13761,13762,2880
2026-08-18T14:40:00+05:30,13761,13767,13755,13763,3000
2026-08-18T14:45:00+05:30,13763,13766,13751,13757,3294
2026-08-18T14:50:00+05:30,13757,13774,13755,13766,14815
2026-08-18T14:55:00+05:30,13765,13768,13750,13751,5006
2026-08-18T15:00:00+05:30,13754,13768,13750,13752,8453
2026-08-18T15:05:00+05:30,13752,13774,13744,13763,7626
2026-08-18T15:10:00+05:30,13763,13782,13741,13741,9049
2026-08-19T09:15:00+05:30,13744,13745,13636,13673,6687
2026-08-19T09:20:00+05:30,13675,13693,13663,13684,2366
2026-08-19T09:25:00+05:30,13684,13684,13650,13659,2566
2026-08-19T09:30:00+05:30,13655,13655,13628,13655,4991
2026-08-19T09:35:00+05:30,13655,13668,13644,13665,1024
2026-08-19T09:40:00+05:30,13665,13680,13652,13664,1543
2026-08-19T09:45:00+05:30,13665,13690,13661,13679,2286
2026-08-19T09:50:00+05:30,13679,13680,13667,13673,766
2026-08-19T09:55:00+05:30,13670,13676,13660,13661,806
2026-08-19T10:00:00+05:30,13663,13680,13661,13670,594
2026-08-19T10:05:00+05:30,13673,13691,13669,13686,1870
2026-08-19T10:10:00+05:30,13686,13699,13682,13691,1599
2026-08-19T10:15:00+05:30,13698,13698,13686,13693,772
2026-08-19T10:20:00+05:30,13695,13695,13685,13686,878
2026-08-19T10:25:00+05:30,13688,13700,13685,13692,1882
2026-08-19T10:30:00+05:30,13692,13698,13688,13692,1227
2026-08-19T10:35:00+05:30,13690,13695,13660,13669,1961
2026-08-19T10:40:00+05:30,13670,13675,13665,13671,473
2026-08-19T10:45:00+05:30,13671,13679,13661,13670,4471
2026-08-19T10:50:00+05:30,13671,13689,13670,13689,790
2026-08-19T10:55:00+05:30,13689,13695,13680,13684,1363
2026-08-19T11:00:00+05:30,13684,13689,13680,13684,774
2026-08-19T11:05:00+05:30,13686,13686,13653,13671,5536
2026-08-19T11:10:00+05:30,13675,13679,13670,13670,761
2026-08-19T11:15:00+05:30,13674,13675,13669,13672,875
2026-08-19T11:20:00+05:30,13670,13681,13670,13677,1621
2026-08-19T11:25:00+05:30,13678,13683,13675,13676,1377
2026-08-19T11:30:00+05:30,13677,13680,13674,13675,3647
2026-08-19T11:35:00+05:30,13675,13680,13663,13668,3214
2026-08-19T11:40:00+05:30,13669,13672,13665,13666,322
2026-08-19T11:45:00+05:30,13666,13669,13663,13664,267
2026-08-19T11:50:00+05:30,13667,13674,13660,13673,730
2026-08-19T11:55:00+05:30,13673,13675,13671,13672,235
2026-08-19T12:00:00+05:30,13672,13687,13665,13666,8012
2026-08-19T12:05:00+05:30,13666,13668,13663,13668,262
2026-08-19T12:10:00+05:30,13668,13673,13661,13670,426
2026-08-19T12:15:00+05:30,13670,13673,13670,13672,2113
2026-08-19T12:20:00+05:30,13672,13673,13670,13670,509
2026-08-19T12:25:00+05:30,13672,13673,13659,13661,5098
2026-08-19T12:30:00+05:30,13661,13662,13642,13645,2501
2026-08-19T12:35:00+05:30,13645,13648,13640,13642,1157
2026-08-19T12:40:00+05:30,13642,13664,13639,13656,2341
2026-08-19T12:45:00+05:30,13656,13665,13652,13662,5370
2026-08-19T12:50:00+05:30,13663,13685,13661,13680,1470
2026-08-19T12:55:00+05:30,13680,13699,13680,13698,3656
2026-08-19T13:00:00+05:30,13698,13734,13691,13731,4250
2026-08-19T13:05:00+05:30,13733,13734,13718,13722,1117
2026-08-19T13:10:00+05:30,13723,13723,13708,13708,974
2026-08-19T13:15:00+05:30,13712,13712,13700,13712,576
2026-08-19T13:20:00+05:30,13712,13712,13702,13708,484
2026-08-19T13:25:00+05:30,13706,13706,13698,13700,3061
2026-08-19T13:30:00+05:30,13700,13701,13682,13684,1021
2026-08-19T13:35:00+05:30,13688,13700,13682,13691,4731
2026-08-19T13:40:00+05:30,13692,13694,13690,13690,1980
2026-08-19T13:45:00+05:30,13690,13691,13676,13684,3159
2026-08-19T13:50:00+05:30,13684,13697,13682,13684,3993
2026-08-19T13:55:00+05:30,13684,13684,13666,13667,2572
2026-08-19T14:00:00+05:30,13673,13682,13669,13670,2225
2026-08-19T14:05:00+05:30,13673,13681,13667,13671,1815
2026-08-19T14:10:00+05:30,13674,13681,13666,13674,759
2026-08-19T14:15:00+05:30,13679,13681,13664,13671,4871
2026-08-19T14:20:00+05:30,13671,13675,13657,13658,2420
2026-08-19T14:25:00+05:30,13658,13671,13655,13668,2429
2026-08-19T14:30:00+05:30,13665,13671,13655,13670,952
2026-08-19T14:35:00+05:30,13670,13693,13656,13658,4129
2026-08-19T14:40:00+05:30,13660,13661,13655,13657,1287
2026-08-19T14:45:00+05:30,13657,13659,13644,13648,1135
2026-08-19T14:50:00+05:30,13651,13672,13649,13663,7667
2026-08-19T14:55:00+05:30,13664,13674,13664,13666,1388
2026-08-19T15:00:00+05:30,13666,13674,13662,13666,3198
2026-08-19T15:05:00+05:30,13670,13674,13651,13653,5881
2026-08-19T15:10:00+05:30,13653,13661,13644,13650,6072
2026-08-20T09:15:00+05:30,13758,13810,13681,13694,12175
2026-08-20T09:20:00+05:30,13692,13700,13682,13690,2832
2026-08-20T09:25:00+05:30,13690,13720,13685,13711,2304
2026-08-20T09:30:00+05:30,13700,13738,13700,13725,3191
2026-08-20T09:35:00+05:30,13734,13735,13723,13727,2229
2026-08-20T09:40:00+05:30,13730,13745,13729,13740,1839
2026-08-20T09:45:00+05:30,13740,13758,13736,13756,1526
2026-08-20T09:50:00+05:30,13756,13756,13738,13743,1256
2026-08-20T09:55:00+05:30,13745,13753,13740,13745,789
2026-08-20T10:00:00+05:30,13745,13750,13733,13739,471
2026-08-20T10:05:00+05:30,13739,13739,13732,13733,398
2026-08-20T10:10:00+05:30,13733,13740,13726,13740,2545
2026-08-20T10:15:00+05:30,13734,13741,13727,13736,728
2026-08-20T10:20:00+05:30,13735,13739,13727,13727,769
2026-08-20T10:25:00+05:30,13733,13736,13725,13729,700
2026-08-20T10:30:00+05:30,13735,13735,13725,13728,590
2026-08-20T10:35:00+05:30,13728,13728,13710,13712,987
2026-08-20T10:40:00+05:30,13712,13718,13710,13712,921
2026-08-20T10:45:00+05:30,13712,13729,13702,13721,927
2026-08-20T10:50:00+05:30,13721,13728,13710,13718,1556
2026-08-20T10:55:00+05:30,13722,13725,13712,13712,317
2026-08-20T11:00:00+05:30,13717,13724,13712,13718,590
2026-08-20T11:05:00+05:30,13718,13723,13704,13705,429
2026-08-20T11:10:00+05:30,13705,13718,13700,13708,1533
2026-08-20T11:15:00+05:30,13708,13735,13701,13725,3454
2026-08-20T11:20:00+05:30,13725,13737,13722,13724,817
2026-08-20T11:25:00+05:30,13724,13735,13724,13734,476
2026-08-20T11:30:00+05:30,13734,13749,13728,13744,2214
2026-08-20T11:35:00+05:30,13744,13753,13743,13750,1557
2026-08-20T11:40:00+05:30,13750,13757,13741,13742,2405
2026-08-20T11:45:00+05:30,13742,13753,13742,13753,594
2026-08-20T11:50:00+05:30,13753,13757,13746,13753,798
2026-08-20T11:55:00+05:30,13753,13759,13745,13750,821
2026-08-20T12:00:00+05:30,13750,13752,13736,13741,737
2026-08-20T12:05:00+05:30,13741,13769,13735,13762,2121
2026-08-20T12:10:00+05:30,13762,13787,13760,13784,3949
2026-08-20T12:15:00+05:30,13784,13795,13779,13795,2589
2026-08-20T12:20:00+05:30,13795,13800,13791,13799,1500
2026-08-20T12:25:00+05:30,13799,13800,13792,13800,1733
2026-08-20T12:30:00+05:30,13800,13808,13793,13806,1769
2026-08-20T12:35:00+05:30,13806,13806,13800,13805,1088
2026-08-20T12:40:00+05:30,13800,13807,13795,13801,2227
2026-08-20T12:45:00+05:30,13801,13807,13800,13800,1598
2026-08-20T12:50:00+05:30,13800,13810,13800,13802,1670
2026-08-20T12:55:00+05:30,13802,13804,13795,13802,2644
2026-08-20T13:00:00+05:30,13802,13808,13797,13807,2647
2026-08-20T13:05:00+05:30,13805,13810,13802,13809,1060
2026-08-20T13:10:00+05:30,13809,13820,13796,13820,6557
2026-08-20T13:15:00+05:30,13819,13825,13818,13821,1842
2026-08-20T13:20:00+05:30,13821,13823,13809,13820,1856
2026-08-20T13:25:00+05:30,13820,13826,13818,13824,1708
2026-08-20T13:30:00+05:30,13821,13826,13816,13816,1678
2026-08-20T13:35:00+05:30,13816,13820,13810,13820,1459
2026-08-20T13:40:00+05:30,13820,13824,13808,13823,1408
2026-08-20T13:45:00+05:30,13822,13826,13809,13810,2292
2026-08-20T13:50:00+05:30,13810,13814,13797,13797,2053
2026-08-20T13:55:00+05:30,13796,13797,13782,13786,2143
2026-08-20T14:00:00+05:30,13786,13792,13771,13780,2550
2026-08-20T14:05:00+05:30,13780,13792,13770,13785,2110
2026-08-20T14:10:00+05:30,13787,13790,13778,13780,4235
2026-08-20T14:15:00+05:30,13780,13788,13761,13764,4403
2026-08-20T14:20:00+05:30,13764,13765,13752,13753,1187
2026-08-20T14:25:00+05:30,13753,13789,13751,13784,3695
2026-08-20T14:30:00+05:30,13784,13800,13773,13782,6634
2026-08-20T14:35:00+05:30,13782,13798,13782,13792,4155
2026-08-20T14:40:00+05:30,13792,13800,13775,13780,5159
2026-08-20T14:45:00+05:30,13775,13785,13773,13782,4929
2026-08-20T14:50:00+05:30,13782,13801,13775,13797,12429
2026-08-20T14:55:00+05:30,13797,13819,13790,13816,7400
2026-08-20T15:00:00+05:30,13815,13821,13802,13815,4933
2026-08-20T15:05:00+05:30,13815,13820,13800,13804,5776
2026-08-20T15:10:00+05:30,13804,13820,13800,13820,5672
2026-08-21T09:15:00+05:30,13809,13809,13747,13764,6458
2026-08-21T09:20:00+05:30,13764,13772,13746,13750,3437
2026-08-21T09:25:00+05:30,13751,13760,13743,13747,1545
2026-08-21T09:30:00+05:30,13747,13758,13729,13737,1911
2026-08-21T09:35:00+05:30,13732,13746,13727,13727,1455
2026-08-21T09:40:00+05:30,13729,13743,13720,13728,1809
2026-08-21T09:45:00+05:30,13728,13738,13724,13733,1899
2026-08-21T09:50:00+05:30,13731,13759,13731,13752,1627
2026-08-21T09:55:00+05:30,13752,13755,13731,13740,657
2026-08-21T10:00:00+05:30,13744,13748,13725,13733,1037
2026-08-21T10:05:00+05:30,13733,13739,13726,13732,688
2026-08-21T10:10:00+05:30,13732,13736,13721,13736,1563
2026-08-21T10:15:00+05:30,13736,13740,13730,13732,485
2026-08-21T10:20:00+05:30,13731,13740,13722,13724,2222
2026-08-21T10:25:00+05:30,13722,13728,13708,13721,1441
2026-08-21T10:30:00+05:30,13725,13729,13701,13715,1751
2026-08-21T10:35:00+05:30,13715,13715,13687,13688,2870
2026-08-21T10:40:00+05:30,13688,13711,13685,13707,1859
2026-08-21T10:45:00+05:30,13707,13709,13694,13701,2616
2026-08-21T10:50:00+05:30,13698,13714,13696,13712,771
2026-08-21T10:55:00+05:30,13712,13712,13700,13704,816
2026-08-21T11:00:00+05:30,13704,13713,13702,13708,863
2026-08-21T11:05:00+05:30,13708,13722,13705,13713,1127
2026-08-21T11:10:00+05:30,13711,13717,13711,13712,530
2026-08-21T11:15:00+05:30,13711,13715,13675,13697,5289
2026-08-21T11:20:00+05:30,13701,13701,13686,13687,920
2026-08-21T11:25:00+05:30,13686,13715,13676,13714,7424
2026-08-21T11:30:00+05:30,13708,13715,13700,13703,1093
2026-08-21T11:35:00+05:30,13703,13711,13683,13698,1861
2026-08-21T11:40:00+05:30,13698,13707,13689,13693,8413
2026-08-21T11:45:00+05:30,13693,13694,13673,13676,15764
2026-08-21T11:50:00+05:30,13676,13680,13666,13671,1824
2026-08-21T11:55:00+05:30,13671,13671,13654,13659,2386
2026-08-21T12:00:00+05:30,13659,13661,13652,13653,1395
2026-08-21T12:05:00+05:30,13653,13660,13652,13660,9800
2026-08-21T12:10:00+05:30,13660,13660,13656,13659,6010
2026-08-21T12:15:00+05:30,13659,13670,13651,13658,9276
2026-08-21T12:20:00+05:30,13658,13660,13652,13657,2267
2026-08-21T12:25:00+05:30,13657,13663,13655,13655,968
2026-08-21T12:30:00+05:30,13655,13662,13655,13659,1148
2026-08-21T12:35:00+05:30,13659,13663,13622,13622,3522
2026-08-21T12:40:00+05:30,13622,13631,13620,13621,1891
2026-08-21T12:45:00+05:30,13621,13632,13621,13630,1175
2026-08-21T12:50:00+05:30,13630,13638,13625,13627,1107
2026-08-21T12:55:00+05:30,13627,13632,13610,13614,2278
2026-08-21T13:00:00+05:30,13614,13620,13609,13617,1385
2026-08-21T13:05:00+05:30,13617,13626,13614,13615,1252
2026-08-21T13:10:00+05:30,13615,13624,13614,13614,1180
2026-08-21T13:15:00+05:30,13614,13616,13610,13612,1412
2026-08-21T13:20:00+05:30,13612,13620,13605,13609,1875
2026-08-21T13:25:00+05:30,13609,13622,13603,13622,1091
2026-08-21T13:30:00+05:30,13619,13626,13605,13608,2640
2026-08-21T13:35:00+05:30,13606,13610,13600,13608,1943
2026-08-21T13:40:00+05:30,13608,13615,13605,13615,889
2026-08-21T13:45:00+05:30,13615,13617,13607,13609,1491
2026-08-21T13:50:00+05:30,13609,13613,13603,13605,1240
2026-08-21T13:55:00+05:30,13606,13618,13606,13614,701
2026-08-21T14:00:00+05:30,13615,13620,13606,13608,1341
2026-08-21T14:05:00+05:30,13609,13616,13607,13610,859
2026-08-21T14:10:00+05:30,13610,13611,13605,13606,895
2026-08-21T14:15:00+05:30,13606,13611,13602,13610,1152
2026-08-21T14:20:00+05:30,13608,13611,13600,13603,2392
2026-08-21T14:25:00+05:30,13603,13628,13602,13615,2570
2026-08-21T14:30:00+05:30,13615,13623,13612,13615,1665
2026-08-21T14:35:00+05:30,13615,13627,13611,13619,5298
2026-08-21T14:40:00+05:30,13619,13631,13606,13610,7687
2026-08-21T14:45:00+05:30,13613,13615,13606,13610,1581
2026-08-21T14:50:00+05:30,13610,13620,13605,13605,8266
2026-08-21T14:55:00+05:30,13605,13607,13600,13600,4202
2026-08-21T15:00:00+05:30,13601,13614,13599,13599,6224
2026-08-21T15:05:00+05:30,13602,13602,13580,13588,10042
2026-08-21T15:10:00+05:30,13588,13596,13580,13592,14421
2026-08-24T09:15:00+05:30,13623,13694,13601,13611,9080
2026-08-24T09:20:00+05:30,13611,13621,13578,13585,5203
2026-08-24T09:25:00+05:30,13583,13594,13578,13578,2094
2026-08-24T09:30:00+05:30,13578,13578,13532,13537,3710
2026-08-24T09:35:00+05:30,13535,13566,13530,13546,2747
2026-08-24T09:40:00+05:30,13542,13554,13542,13545,1430
2026-08-24T09:45:00+05:30,13545,13575,13545,13571,2044
2026-08-24T09:50:00+05:30,13570,13590,13566,13566,1843
2026-08-24T09:55:00+05:30,13566,13578,13552,13552,1300
2026-08-24T10:00:00+05:30,13552,13562,13541,13543,1388
2026-08-24T10:05:00+05:30,13543,13564,13543,13560,1341
2026-08-24T10:10:00+05:30,13560,13577,13559,13571,2465
2026-08-24T10:15:00+05:30,13571,13600,13565,13598,2184
2026-08-24T10:20:00+05:30,13594,13605,13585,13585,2650
2026-08-24T10:25:00+05:30,13583,13600,13578,13599,1656
2026-08-24T10:30:00+05:30,13596,13602,13590,13591,1311
2026-08-24T10:35:00+05:30,13590,13597,13588,13590,1090
2026-08-24T10:40:00+05:30,13590,13596,13580,13586,1994
2026-08-24T10:45:00+05:30,13584,13599,13581,13591,1256
2026-08-24T10:50:00+05:30,13591,13597,13587,13587,928
2026-08-24T10:55:00+05:30,13588,13600,13580,13580,1333
2026-08-24T11:00:00+05:30,13579,13588,13560,13563,1460
2026-08-24T11:05:00+05:30,13563,13589,13557,13577,1736
2026-08-24T11:10:00+05:30,13570,13575,13556,13564,1226
2026-08-24T11:15:00+05:30,13564,13577,13556,13566,1321
2026-08-24T11:20:00+05:30,13566,13575,13560,13562,1168
2026-08-24T11:25:00+05:30,13562,13569,13554,13554,1102
2026-08-24T11:30:00+05:30,13554,13561,13536,13540,2386
2026-08-24T11:35:00+05:30,13540,13561,13536,13553,1341
2026-08-24T11:40:00+05:30,13553,13562,13535,13538,1754
2026-08-24T11:45:00+05:30,13538,13554,13535,13546,1542
2026-08-24T11:50:00+05:30,13546,13552,13540,13545,2081
2026-08-24T11:55:00+05:30,13545,13548,13531,13541,1469
2026-08-24T12:00:00+05:30,13541,13542,13533,13541,1237
2026-08-24T12:05:00+05:30,13541,13545,13522,13525,3632
2026-08-24T12:10:00+05:30,13525,13529,13517,13517,1970
2026-08-24T12:15:00+05:30,13517,13530,13507,13519,1856
2026-08-24T12:20:00+05:30,13519,13525,13515,13525,2101
2026-08-24T12:25:00+05:30,13524,13525,13510,13514,2614
2026-08-24T12:30:00+05:30,13514,13550,13510,13539,3447
2026-08-24T12:35:00+05:30,13539,13550,13533,13537,1689
2026-08-24T12:40:00+05:30,13535,13540,13525,13534,1533
2026-08-24T12:45:00+05:30,13534,13540,13527,13528,1517
2026-08-24T12:50:00+05:30,13534,13534,13520,13525,1383
2026-08-24T12:55:00+05:30,13526,13528,13512,13513,1697
2026-08-24T13:00:00+05:30,13511,13517,13506,13513,2030
2026-08-24T13:05:00+05:30,13509,13517,13505,13512,1793
2026-08-24T13:10:00+05:30,13512,13518,13507,13514,1584
2026-08-24T13:15:00+05:30,13508,13525,13506,13520,1568
2026-08-24T13:20:00+05:30,13520,13526,13515,13518,1477
2026-08-24T13:25:00+05:30,13517,13525,13514,13519,1364
2026-08-24T13:30:00+05:30,13522,13525,13516,13516,1646
2026-08-24T13:35:00+05:30,13515,13527,13514,13522,1559
2026-08-24T13:40:00+05:30,13519,13538,13519,13531,1917
2026-08-24T13:45:00+05:30,13526,13541,13526,13536,1725
2026-08-24T13:50:00+05:30,13531,13556,13531,13550,6489
2026-08-24T13:55:00+05:30,13550,13564,13548,13556,2529
2026-08-24T14:00:00+05:30,13555,13565,13551,13556,2560
2026-08-24T14:05:00+05:30,13556,13562,13551,13554,2439
2026-08-24T14:10:00+05:30,13554,13560,13551,13555,2500
2026-08-24T14:15:00+05:30,13555,13575,13553,13568,3495
2026-08-24T14:20:00+05:30,13569,13576,13531,13531,23128
2026-08-24T14:25:00+05:30,13531,13557,13531,13531,6846
2026-08-24T14:30:00+05:30,13531,13550,13531,13545,2642
2026-08-24T14:35:00+05:30,13545,13561,13541,13550,5782
2026-08-24T14:40:00+05:30,13550,13564,13550,13550,2658
2026-08-24T14:45:00+05:30,13550,13556,13545,13549,2924
2026-08-24T14:50:00+05:30,13549,13560,13547,13552,6103
2026-08-24T14:55:00+05:30,13552,13564,13541,13554,12835
2026-08-24T15:00:00+05:30,13555,13566,13551,13566,8870
2026-08-24T15:05:00+05:30,13566,13576,13565,13566,10513
2026-08-24T15:10:00+05:30,13566,13587,13553,13587,12621
2026-08-25T09:15:00+05:30,13609,13609,13536,13551,7242
2026-08-25T09:20:00+05:30,13550,13558,13508,13517,5027
2026-08-25T09:25:00+05:30,13520,13534,13516,13522,4732
2026-08-25T09:30:00+05:30,13522,13550,13521,13542,2876
2026-08-25T09:35:00+05:30,13540,13542,13523,13529,1015
2026-08-25T09:40:00+05:30,13530,13530,13501,13503,4548
2026-08-25T09:45:00+05:30,13503,13512,13491,13500,4625
2026-08-25T09:50:00+05:30,13500,13502,13490,13502,2611
2026-08-25T09:55:00+05:30,13498,13502,13490,13490,1868
2026-08-25T10:00:00+05:30,13490,13494,13476,13490,2354
2026-08-25T10:05:00+05:30,13490,13509,13480,13495,2281
2026-08-25T10:10:00+05:30,13483,13501,13483,13486,1994
2026-08-25T10:15:00+05:30,13490,13502,13485,13502,1018
2026-08-25T10:20:00+05:30,13502,13503,13490,13495,1059
2026-08-25T10:25:00+05:30,13490,13496,13485,13487,1113
2026-08-25T10:30:00+05:30,13495,13499,13487,13493,924
2026-08-25T10:35:00+05:30,13493,13499,13485,13489,1146
2026-08-25T10:40:00+05:30,13495,13510,13488,13509,1068
2026-08-25T10:45:00+05:30,13509,13535,13504,13526,3145
2026-08-25T10:50:00+05:30,13526,13530,13504,13510,4531
2026-08-25T10:55:00+05:30,13510,13511,13491,13491,1559
2026-08-25T11:00:00+05:30,13491,13501,13490,13498,1440
2026-08-25T11:05:00+05:30,13498,13505,13490,13491,1476
2026-08-25T11:10:00+05:30,13491,13507,13491,13504,1176
2026-08-25T11:15:00+05:30,13504,13516,13494,13510,8962
2026-08-25T11:20:00+05:30,13510,13518,13495,13496,6420
2026-08-25T11:25:00+05:30,13496,13500,13462,13469,7780
2026-08-25T11:30:00+05:30,13469,13472,13455,13461,5826
2026-08-25T11:35:00+05:30,13461,13462,13450,13457,6844
2026-08-25T11:40:00+05:30,13450,13481,13450,13481,12447
2026-08-25T11:45:00+05:30,13477,13495,13477,13494,3673
2026-08-25T11:50:00+05:30,13494,13508,13490,13506,5242
2026-08-25T11:55:00+05:30,13507,13523,13506,13516,8862
2026-08-25T12:00:00+05:30,13516,13521,13506,13508,1832
2026-08-25T12:05:00+05:30,13508,13519,13507,13510,1879
2026-08-25T12:10:00+05:30,13510,13514,13507,13511,652
2026-08-25T12:15:00+05:30,13511,13517,13507,13507,1872
2026-08-25T12:20:00+05:30,13507,13514,13500,13505,1316
2026-08-25T12:25:00+05:30,13505,13513,13492,13511,4160
2026-08-25T12:30:00+05:30,13511,13525,13511,13520,2521
2026-08-25T12:35:00+05:30,13520,13528,13515,13524,3475
2026-08-25T12:40:00+05:30,13524,13524,13504,13506,2324
2026-08-25T12:45:00+05:30,13511,13512,13494,13503,1838
2026-08-25T12:50:00+05:30,13503,13515,13497,13500,6141
2026-08-25T12:55:00+05:30,13504,13505,13495,13502,1468
2026-08-25T13:00:00+05:30,13502,13510,13496,13510,3590
2026-08-25T13:05:00+05:30,13511,13512,13494,13500,5037
2026-08-25T13:10:00+05:30,13500,13505,13494,13504,1451
2026-08-25T13:15:00+05:30,13503,13508,13500,13506,1607
2026-08-25T13:20:00+05:30,13506,13524,13502,13513,6748
2026-08-25T13:25:00+05:30,13513,13523,13504,13523,2424
2026-08-25T13:30:00+05:30,13520,13524,13515,13519,1092
2026-08-25T13:35:00+05:30,13521,13536,13517,13528,2824
2026-08-25T13:40:00+05:30,13530,13548,13529,13542,5515
2026-08-25T13:45:00+05:30,13545,13549,13534,13543,2380
2026-08-25T13:50:00+05:30,13543,13569,13536,13569,2823
2026-08-25T13:55:00+05:30,13571,13580,13560,13560,4323
2026-08-25T14:00:00+05:30,13560,13569,13554,13561,2649
2026-08-25T14:05:00+05:30,13562,13576,13559,13571,2335
2026-08-25T14:10:00+05:30,13572,13573,13558,13560,1852
2026-08-25T14:15:00+05:30,13562,13565,13548,13553,2574
2026-08-25T14:20:00+05:30,13554,13558,13541,13543,3662
2026-08-25T14:25:00+05:30,13549,13561,13538,13560,8266
2026-08-25T14:30:00+05:30,13560,13620,13557,13618,11383
2026-08-25T14:35:00+05:30,13618,13624,13582,13588,5361
2026-08-25T14:40:00+05:30,13591,13612,13590,13610,4265
2026-08-25T14:45:00+05:30,13610,13625,13603,13622,7940
2026-08-25T14:50:00+05:30,13622,13650,13611,13643,9706
2026-08-25T14:55:00+05:30,13635,13646,13624,13640,6564
2026-08-25T15:00:00+05:30,13640,13654,13624,13645,6295
2026-08-25T15:05:00+05:30,13647,13656,13630,13638,9454
2026-08-25T15:10:00+05:30,13638,13651,13621,13621,7388
2026-08-26T09:15:00+05:30,13750,13750,13645,13669,8875
2026-08-26T09:20:00+05:30,13665,13681,13657,13675,2163
2026-08-26T09:25:00+05:30,13676,13705,13671,13697,5749
2026-08-26T09:30:00+05:30,13691,13696,13670,13670,2855
2026-08-26T09:35:00+05:30,13663,13699,13663,13690,2728
2026-08-26T09:40:00+05:30,13695,13723,13695,13702,5206
2026-08-26T09:45:00+05:30,13702,13716,13702,13711,1989
2026-08-26T09:50:00+05:30,13711,13714,13680,13680,1721
2026-08-26T09:55:00+05:30,13680,13690,13676,13686,2198
2026-08-26T10:00:00+05:30,13686,13688,13665,13671,1488
2026-08-26T10:05:00+05:30,13671,13676,13665,13668,825
2026-08-26T10:10:00+05:30,13668,13690,13665,13677,868
2026-08-26T10:15:00+05:30,13672,13674,13642,13644,2740
2026-08-26T10:20:00+05:30,13643,13649,13621,13638,2639
2026-08-26T10:25:00+05:30,13639,13653,13635,13653,1631
2026-08-26T10:30:00+05:30,13651,13662,13644,13660,1180
2026-08-26T10:35:00+05:30,13660,13669,13653,13668,1243
2026-08-26T10:40:00+05:30,13668,13679,13664,13671,1588
2026-08-26T10:45:00+05:30,13671,13671,13638,13645,1975
2026-08-26T10:50:00+05:30,13645,13661,13644,13657,2682
2026-08-26T10:55:00+05:30,13657,13680,13656,13656,2273
2026-08-26T11:00:00+05:30,13656,13672,13651,13654,1545
2026-08-26T11:05:00+05:30,13654,13660,13648,13656,1107
2026-08-26T11:10:00+05:30,13659,13666,13648,13665,1691
2026-08-26T11:15:00+05:30,13665,13670,13642,13646,1856
2026-08-26T11:20:00+05:30,13651,13654,13640,13647,1354
2026-08-26T11:25:00+05:30,13643,13655,13642,13646,1302
2026-08-26T11:30:00+05:30,13646,13654,13623,13628,4677
2026-08-26T11:35:00+05:30,13627,13639,13626,13632,1072
2026-08-26T11:40:00+05:30,13632,13641,13632,13632,1359
2026-08-26T11:45:00+05:30,13632,13650,13632,13633,913
2026-08-26T11:50:00+05:30,13633,13637,13617,13621,2550
2026-08-26T11:55:00+05:30,13620,13635,13619,13626,1348
2026-08-26T12:00:00+05:30,13625,13628,13617,13621,1193
2026-08-26T12:05:00+05:30,13621,13626,13617,13617,990
2026-08-26T12:10:00+05:30,13617,13618,13606,13612,1774
2026-08-26T12:15:00+05:30,13609,13629,13609,13629,1831
2026-08-26T12:20:00+05:30,13629,13632,13616,13621,1412
2026-08-26T12:25:00+05:30,13621,13626,13612,13612,1373
2026-08-26T12:30:00+05:30,13615,13620,13610,13613,1095
2026-08-26T12:35:00+05:30,13620,13623,13611,13612,1355
2026-08-26T12:40:00+05:30,13612,13625,13612,13620,977
2026-08-26T12:45:00+05:30,13620,13630,13613,13614,1325
2026-08-26T12:50:00+05:30,13614,13626,13614,13616,1609
2026-08-26T12:55:00+05:30,13615,13618,13612,13612,771
2026-08-26T13:00:00+05:30,13615,13615,13610,13613,762
2026-08-26T13:05:00+05:30,13613,13620,13613,13615,1044
2026-08-26T13:10:00+05:30,13615,13619,13610,13610,896
2026-08-26T13:15:00+05:30,13610,13617,13607,13614,763
2026-08-26T13:20:00+05:30,13614,13617,13608,13609,521
2026-08-26T13:25:00+05:30,13610,13612,13603,13607,1589
2026-08-26T13:30:00+05:30,13607,13615,13604,13614,1457
2026-08-26T13:35:00+05:30,13614,13615,13607,13608,1435
2026-08-26T13:40:00+05:30,13608,13618,13607,13611,1172
2026-08-26T13:45:00+05:30,13611,13614,13603,13605,1238
2026-08-26T13:50:00+05:30,13605,13609,13601,13603,1271
2026-08-26T13:55:00+05:30,13603,13607,13585,13585,5554
2026-08-26T14:00:00+05:30,13585,13605,13581,13590,11404
2026-08-26T14:05:00+05:30,13590,13590,13585,13585,1669
2026-08-26T14:10:00+05:30,13585,13590,13582,13583,4135
2026-08-26T14:15:00+05:30,13581,13585,13581,13583,1291
2026-08-26T14:20:00+05:30,13584,13587,13567,13567,2920
2026-08-26T14:25:00+05:30,13568,13578,13565,13570,1495
2026-08-26T14:30:00+05:30,13570,13574,13566,13566,1627
2026-08-26T14:35:00+05:30,13566,13572,13552,13552,2174
2026-08-26T14:40:00+05:30,13552,13554,13546,13547,3586
2026-08-26T14:45:00+05:30,13550,13553,13547,13550,8104
2026-08-26T14:50:00+05:30,13550,13553,13543,13545,5026
2026-08-26T14:55:00+05:30,13546,13547,13535,13542,5717
2026-08-26T15:00:00+05:30,13542,13544,13530,13539,8772
2026-08-26T15:05:00+05:30,13537,13538,13520,13531,10262
2026-08-26T15:10:00+05:30,13530,13578,13514,13560,7524
2026-08-27T09:15:00+05:30,13520,13580,13507,13530,7651
2026-08-27T09:20:00+05:30,13530,13530,13502,13513,3591
2026-08-27T09:25:00+05:30,13512,13512,13456,13467,5109
2026-08-27T09:30:00+05:30,13460,13472,13460,13463,2329
2026-08-27T09:35:00+05:30,13463,13466,13437,13445,5468
2026-08-27T09:40:00+05:30,13444,13470,13440,13470,3670
2026-08-27T09:45:00+05:30,13470,13489,13466,13489,1947
2026-08-27T09:50:00+05:30,13489,13489,13466,13466,2143
2026-08-27T09:55:00+05:30,13466,13466,13422,13435,7103
2026-08-27T10:00:00+05:30,13435,13435,13407,13417,3192
2026-08-27T10:05:00+05:30,13417,13422,13410,13417,2922
2026-08-27T10:10:00+05:30,13416,13425,13410,13423,1421
2026-08-27T10:15:00+05:30,13422,13445,13422,13435,1561
2026-08-27T10:20:00+05:30,13435,13440,13430,13440,1126
2026-08-27T10:25:00+05:30,13440,13440,13430,13438,1346
2026-08-27T10:30:00+05:30,13438,13460,13435,13451,2213
2026-08-27T10:35:00+05:30,13451,13455,13442,13447,6096
2026-08-27T10:40:00+05:30,13451,13454,13434,13434,890
2026-08-27T10:45:00+05:30,13432,13439,13421,13432,1536
2026-08-27T10:50:00+05:30,13428,13438,13420,13431,3088
2026-08-27T10:55:00+05:30,13430,13451,13430,13449,7318
2026-08-27T11:00:00+05:30,13449,13460,13442,13452,906
2026-08-27T11:05:00+05:30,13453,13455,13450,13450,946
2026-08-27T11:10:00+05:30,13450,13460,13445,13455,10871
2026-08-27T11:15:00+05:30,13453,13461,13451,13451,2400
2026-08-27T11:20:00+05:30,13451,13463,13451,13461,2985
2026-08-27T11:25:00+05:30,13461,13472,13459,13465,3249
2026-08-27T11:30:00+05:30,13467,13476,13465,13470,3116
2026-08-27T11:35:00+05:30,13470,13473,13459,13460,1800
2026-08-27T11:40:00+05:30,13460,13469,13450,13450,2306
2026-08-27T11:45:00+05:30,13450,13464,13446,13460,7322
2026-08-27T11:50:00+05:30,13461,13482,13455,13473,2519
2026-08-27T11:55:00+05:30,13472,13473,13457,13470,1332
2026-08-27T12:00:00+05:30,13468,13471,13430,13445,9055
2026-08-27T12:05:00+05:30,13441,13447,13431,13434,1570
2026-08-27T12:10:00+05:30,13451,13455,13450,13452,5811
2026-08-27T12:15:00+05:30,13452,13453,13450,13450,2424
2026-08-27T12:20:00+05:30,13450,13451,13433,13433,2421
2026-08-27T12:25:00+05:30,13432,13447,13431,13438,1903
2026-08-27T12:30:00+05:30,13439,13453,13430,13452,2113
2026-08-27T12:35:00+05:30,13452,13453,13450,13451,1449
2026-08-27T12:40:00+05:30,13450,13453,13445,13446,7224
2026-08-27T12:45:00+05:30,13446,13451,13431,13439,3567
2026-08-27T12:50:00+05:30,13438,13442,13432,13432,2646
2026-08-27T12:55:00+05:30,13430,13442,13404,13418,20795
2026-08-27T13:00:00+05:30,13417,13450,13417,13434,9350
2026-08-27T13:05:00+05:30,13434,13452,13429,13452,7334
2026-08-27T13:10:00+05:30,13452,13452,13450,13450,2330
2026-08-27T13:15:00+05:30,13450,13453,13437,13441,2894
2026-08-27T13:20:00+05:30,13441,13448,13425,13433,3712
2026-08-27T13:25:00+05:30,13433,13441,13431,13440,2348
2026-08-27T13:30:00+05:30,13437,13439,13421,13431,3257
2026-08-27T13:35:00+05:30,13430,13433,13421,13427,2487
2026-08-27T13:40:00+05:30,13427,13429,13421,13424,2215
2026-08-27T13:45:00+05:30,13425,13426,13405,13407,4306
2026-08-27T13:50:00+05:30,13406,13411,13404,13406,1962
2026-08-27T13:55:00+05:30,13405,13410,13404,13405,2049
2026-08-27T14:00:00+05:30,13406,13423,13404,13421,2065
2026-08-27T14:05:00+05:30,13416,13422,13412,13414,1943
2026-08-27T14:10:00+05:30,13415,13436,13413,13431,9193
2026-08-27T14:15:00+05:30,13430,13445,13428,13445,3177
2026-08-27T14:20:00+05:30,13447,13472,13441,13468,4733
2026-08-27T14:25:00+05:30,13468,13477,13460,13476,5507
2026-08-27T14:30:00+05:30,13476,13488,13460,13467,7037
2026-08-27T14:35:00+05:30,13466,13472,13451,13451,2718
2026-08-27T14:40:00+05:30,13455,13463,13445,13452,4201
2026-08-27T14:45:00+05:30,13453,13461,13451,13456,3475
2026-08-27T14:50:00+05:30,13460,13487,13454,13470,13820
2026-08-27T14:55:00+05:30,13467,13473,13454,13457,4562
2026-08-27T15:00:00+05:30,13454,13466,13442,13445,7833
2026-08-27T15:05:00+05:30,13444,13452,13432,13450,9631
2026-08-27T15:10:00+05:30,13450,13468,13430,13445,13015
2026-08-28T09:15:00+05:30,13500,13525,13411,13425,7859
2026-08-28T09:20:00+05:30,13425,13425,13401,13424,5144
2026-08-28T09:25:00+05:30,13422,13435,13421,13428,5419
2026-08-28T09:30:00+05:30,13428,13464,13424,13456,11440
2026-08-28T09:35:00+05:30,13456,13456,13444,13447,4896
2026-08-28T09:40:00+05:30,13444,13494,13444,13484,4449
2026-08-28T09:45:00+05:30,13485,13510,13467,13505,4259
2026-08-28T09:50:00+05:30,13503,13514,13490,13495,2385
2026-08-28T09:55:00+05:30,13492,13516,13478,13478,11335
2026-08-28T10:00:00+05:30,13477,13505,13468,13492,2306
2026-08-28T10:05:00+05:30,13495,13500,13491,13498,6563
2026-08-28T10:10:00+05:30,13499,13506,13472,13490,8868
2026-08-28T10:15:00+05:30,13490,13499,13490,13490,1353
2026-08-28T10:20:00+05:30,13490,13495,13484,13494,1285
2026-08-28T10:25:00+05:30,13489,13503,13487,13491,15879
2026-08-28T10:30:00+05:30,13491,13494,13480,13485,1484
2026-08-28T10:35:00+05:30,13480,13490,13480,13490,1329
2026-08-28T10:40:00+05:30,13490,13493,13485,13488,1243
2026-08-28T10:45:00+05:30,13483,13491,13480,13490,715
2026-08-28T10:50:00+05:30,13485,13497,13485,13488,1191
2026-08-28T10:55:00+05:30,13491,13496,13480,13480,1807
2026-08-28T11:00:00+05:30,13485,13486,13460,13463,2423
2026-08-28T11:05:00+05:30,13469,13472,13451,13451,2129
2026-08-28T11:10:00+05:30,13450,13470,13450,13463,1336
2026-08-28T11:15:00+05:30,13463,13466,13439,13447,2827
2026-08-28T11:20:00+05:30,13443,13463,13440,13456,3006
2026-08-28T11:25:00+05:30,13455,13460,13444,13446,2696
2026-08-28T11:30:00+05:30,13450,13451,13417,13428,4195
2026-08-28T11:35:00+05:30,13428,13428,13404,13405,6560
2026-08-28T11:40:00+05:30,13405,13416,13381,13392,4448
2026-08-28T11:45:00+05:30,13393,13414,13392,13408,1633
2026-08-28T11:50:00+05:30,13402,13414,13402,13405,1380
2026-08-28T11:55:00+05:30,13404,13410,13395,13401,1847
2026-08-28T12:00:00+05:30,13407,13419,13400,13412,957
2026-08-28T12:05:00+05:30,13410,13422,13404,13406,933
2026-08-28T12:10:00+05:30,13406,13406,13393,13395,1014
2026-08-28T12:15:00+05:30,13400,13410,13394,13403,1199
2026-08-28T12:20:00+05:30,13404,13415,13398,13411,1879
2026-08-28T12:25:00+05:30,13411,13415,13410,13414,685
2026-08-28T12:30:00+05:30,13414,13415,13410,13410,1020
2026-08-28T12:35:00+05:30,13410,13415,13409,13410,756
2026-08-28T12:40:00+05:30,13410,13415,13405,13405,796
2026-08-28T12:45:00+05:30,13405,13405,13375,13378,16337
2026-08-28T12:50:00+05:30,13381,13382,13375,13376,1424
2026-08-28T12:55:00+05:30,13377,13377,13341,13351,5265
2026-08-28T13:00:00+05:30,13352,13357,13329,13333,9412
2026-08-28T13:05:00+05:30,13332,13349,13323,13345,7348
2026-08-28T13:10:00+05:30,13346,13358,13346,13348,1836
2026-08-28T13:15:00+05:30,13348,13355,13347,13347,1905
2026-08-28T13:20:00+05:30,13348,13354,13346,13347,1325
2026-08-28T13:25:00+05:30,13347,13356,13342,13350,1965
2026-08-28T13:30:00+05:30,13350,13358,13346,13358,2015
2026-08-28T13:35:00+05:30,13358,13362,13345,13348,2469
2026-08-28T13:40:00+05:30,13349,13362,13349,13362,1423
2026-08-28T13:45:00+05:30,13357,13362,13350,13350,1313
2026-08-28T13:50:00+05:30,13350,13356,13350,13351,1026
2026-08-28T13:55:00+05:30,13356,13356,13346,13350,1218
2026-08-28T14:00:00+05:30,13347,13350,13319,13327,6306
2026-08-28T14:05:00+05:30,13327,13348,13327,13342,1485
2026-08-28T14:10:00+05:30,13342,13349,13342,13347,1347
2026-08-28T14:15:00+05:30,13344,13346,13335,13335,1103
2026-08-28T14:20:00+05:30,13335,13342,13318,13342,14307
2026-08-28T14:25:00+05:30,13337,13346,13328,13336,4637
2026-08-28T14:30:00+05:30,13340,13359,13337,13353,2243
2026-08-28T14:35:00+05:30,13353,13361,13347,13361,3411
2026-08-28T14:40:00+05:30,13360,13368,13360,13361,1517
2026-08-28T14:45:00+05:30,13363,13370,13361,13368,1056
2026-08-28T14:50:00+05:30,13369,13385,13367,13385,4820
2026-08-28T14:55:00+05:30,13383,13384,13372,13374,6525
2026-08-28T15:00:00+05:30,13372,13378,13361,13367,8978
2026-08-28T15:05:00+05:30,13367,13377,13365,13366,4707
2026-08-28T15:10:00+05:30,13373,13399,13366,13370,8613
2026-08-31T09:15:00+05:30,13375,13390,13320,13343,5794
2026-08-31T09:20:00+05:30,13343,13357,13343,13357,4021
2026-08-31T09:25:00+05:30,13357,13385,13355,13380,3703
2026-08-31T09:30:00+05:30,13380,13386,13369,13379,1669
2026-08-31T09:35:00+05:30,13379,13390,13371,13371,2481
2026-08-31T09:40:00+05:30,13371,13375,13352,13357,1961
2026-08-31T09:45:00+05:30,13357,13369,13353,13356,2997
2026-08-31T09:50:00+05:30,13356,13385,13356,13381,1939
2026-08-31T09:55:00+05:30,13381,13397,13362,13367,3428
2026-08-31T10:00:00+05:30,13371,13378,13362,13375,2346
2026-08-31T10:05:00+05:30,13375,13380,13363,13363,1763
2026-08-31T10:10:00+05:30,13363,13365,13326,13333,7425
2026-08-31T10:15:00+05:30,13333,13347,13330,13340,2373
2026-08-31T10:20:00+05:30,13338,13338,13296,13314,11215
2026-08-31T10:25:00+05:30,13314,13334,13312,13331,2120
2026-08-31T10:30:00+05:30,13334,13343,13328,13340,1903
2026-08-31T10:35:00+05:30,13340,13350,13336,13344,1338
2026-08-31T10:40:00+05:30,13345,13354,13345,13347,1565
2026-08-31T10:45:00+05:30,13347,13360,13347,13353,1288
2026-08-31T10:50:00+05:30,13352,13359,13338,13345,1660
2026-08-31T10:55:00+05:30,13345,13354,13323,13326,4087
2026-08-31T11:00:00+05:30,13329,13340,13315,13321,3970
2026-08-31T11:05:00+05:30,13320,13320,13295,13296,3690
2026-08-31T11:10:00+05:30,13296,13310,13295,13305,2825
2026-08-31T11:15:00+05:30,13305,13310,13298,13300,2631
2026-08-31T11:20:00+05:30,13300,13304,13290,13292,3177
2026-08-31T11:25:00+05:30,13292,13298,13282,13290,3038
2026-08-31T11:30:00+05:30,13290,13295,13285,13286,2758
2026-08-31T11:35:00+05:30,13286,13296,13268,13276,9768
2026-08-31T11:40:00+05:30,13275,13292,13275,13280,2530
2026-08-31T11:45:00+05:30,13279,13289,13277,13282,2283
2026-08-31T11:50:00+05:30,13283,13317,13283,13314,9038
2026-08-31T11:55:00+05:30,13314,13335,13289,13324,36600
2026-08-31T12:00:00+05:30,13325,13359,13325,13356,3733
2026-08-31T12:05:00+05:30,13358,13362,13348,13356,3130
2026-08-31T12:10:00+05:30,13353,13359,13346,13358,4171
2026-08-31T12:15:00+05:30,13358,13370,13355,13366,3338
2026-08-31T12:20:00+05:30,13366,13401,13365,13380,17350
2026-08-31T12:25:00+05:30,13378,13388,13375,13378,3576
2026-08-31T12:30:00+05:30,13377,13408,13375,13400,5751
2026-08-31T12:35:00+05:30,13400,13425,13400,13410,6548
2026-08-31T12:40:00+05:30,13411,13425,13407,13420,2463
2026-08-31T12:45:00+05:30,13420,13432,13420,13426,3427
2026-08-31T12:50:00+05:30,13426,13455,13426,13442,2657
2026-08-31T12:55:00+05:30,13442,13446,13426,13429,1655
2026-08-31T13:00:00+05:30,13429,13444,13426,13443,1810
2026-08-31T13:05:00+05:30,13443,13445,13430,13430,830
2026-08-31T13:10:00+05:30,13435,13446,13426,13439,1668
2026-08-31T13:15:00+05:30,13439,13445,13430,13430,2628
2026-08-31T13:20:00+05:30,13430,13442,13430,13430,1854
2026-08-31T13:25:00+05:30,13430,13449,13430,13436,3227
2026-08-31T13:30:00+05:30,13436,13480,13413,13452,9658
2026-08-31T13:35:00+05:30,13450,13461,13431,13432,1985
2026-08-31T13:40:00+05:30,13433,13450,13433,13440,1191
2026-08-31T13:45:00+05:30,13440,13443,13430,13430,1254
2026-08-31T13:50:00+05:30,13431,13435,13421,13430,1035
2026-08-31T13:55:00+05:30,13425,13431,13416,13420,1946
2026-08-31T14:00:00+05:30,13416,13432,13415,13425,2895
2026-08-31T14:05:00+05:30,13422,13435,13416,13422,2780
2026-08-31T14:10:00+05:30,13423,13434,13423,13430,2305
2026-08-31T14:15:00+05:30,13430,13432,13419,13424,3247
2026-08-31T14:20:00+05:30,13424,13436,13423,13431,3444
2026-08-31T14:25:00+05:30,13431,13435,13420,13430,3648
2026-08-31T14:30:00+05:30,13433,13438,13418,13420,3914
2026-08-31T14:35:00+05:30,13423,13435,13417,13431,3100
2026-08-31T14:40:00+05:30,13431,13439,13423,13423,3358
2026-08-31T14:45:00+05:30,13429,13460,13415,13430,6755
2026-08-31T14:50:00+05:30,13424,13439,13424,13435,6010
2026-08-31T14:55:00+05:30,13432,13436,13420,13429,7372
2026-08-31T15:00:00+05:30,13422,13431,13408,13414,14219
2026-08-31T15:05:00+05:30,13417,13426,13404,13418,14879
2026-08-31T15:10:00+05:30,13418,13470,13400,13439,29521
2026-09-01T09:15:00+05:30,13540,13540,13387,13435,9838
2026-09-01T09:20:00+05:30,13435,13452,13411,13414,5289
2026-09-01T09:25:00+05:30,13414,13440,13409,13440,5834
2026-09-01T09:30:00+05:30,13440,13440,13418,13425,3949
2026-09-01T09:35:00+05:30,13425,13429,13394,13406,3550
2026-09-01T09:40:00+05:30,13405,13412,13398,13403,2457
2026-09-01T09:45:00+05:30,13403,13412,13400,13410,1139
2026-09-01T09:50:00+05:30,13410,13424,13398,13409,2346
2026-09-01T09:55:00+05:30,13409,13416,13398,13406,2923
2026-09-01T10:00:00+05:30,13406,13425,13405,13419,1362
2026-09-01T10:05:00+05:30,13422,13429,13400,13410,3081
2026-09-01T10:10:00+05:30,13408,13420,13388,13420,5862
2026-09-01T10:15:00+05:30,13416,13436,13413,13420,3395
2026-09-01T10:20:00+05:30,13420,13430,13419,13430,838
2026-09-01T10:25:00+05:30,13429,13429,13412,13412,789
2026-09-01T10:30:00+05:30,13412,13428,13397,13412,6645
2026-09-01T10:35:00+05:30,13412,13413,13375,13378,7916
2026-09-01T10:40:00+05:30,13377,13395,13377,13379,2456
2026-09-01T10:45:00+05:30,13377,13379,13356,13373,3295
2026-09-01T10:50:00+05:30,13369,13398,13369,13397,1421
2026-09-01T10:55:00+05:30,13397,13414,13383,13406,2993
2026-09-01T11:00:00+05:30,13409,13420,13404,13411,1447
2026-09-01T11:05:00+05:30,13417,13428,13411,13420,2663
2026-09-01T11:10:00+05:30,13422,13433,13410,13414,2638
2026-09-01T11:15:00+05:30,13414,13418,13410,13415,4447
2026-09-01T11:20:00+05:30,13415,13421,13407,13409,5517
2026-09-01T11:25:00+05:30,13386,13410,13385,13399,2931
2026-09-01T11:30:00+05:30,13399,13414,13398,13410,3496
2026-09-01T11:35:00+05:30,13403,13416,13381,13382,4366
2026-09-01T11:40:00+05:30,13381,13398,13380,13392,2432
2026-09-01T11:45:00+05:30,13393,13408,13392,13403,920
2026-09-01T11:50:00+05:30,13402,13404,13392,13392,1682
2026-09-01T11:55:00+05:30,13394,13396,13378,13395,2911
2026-09-01T12:00:00+05:30,13392,13395,13382,13383,2494
2026-09-01T12:05:00+05:30,13383,13392,13380,13386,2866
2026-09-01T12:10:00+05:30,13386,13397,13276,13303,18108
2026-09-01T12:15:00+05:30,13303,13309,13114,13209,32465
2026-09-01T12:20:00+05:30,13220,13220,13040,13052,38829
2026-09-01T12:25:00+05:30,13053,13123,13025,13032,34890
2026-09-01T12:30:00+05:30,13032,13088,13032,13088,12690
2026-09-01T12:35:00+05:30,13088,13102,13069,13079,20847
2026-09-01T12:40:00+05:30,13078,13095,12905,12968,37204
2026-09-01T12:45:00+05:30,12969,13017,12956,13012,17391
2026-09-01T12:50:00+05:30,13010,13024,12972,13003,15643
2026-09-01T12:55:00+05:30,13002,13025,12976,12992,65924
2026-09-01T13:00:00+05:30,12988,13000,12960,12967,38138
2026-09-01T13:05:00+05:30,12963,12985,12906,12910,36331
2026-09-01T13:10:00+05:30,12908,12917,12861,12867,30773
2026-09-01T13:15:00+05:30,12867,12949,12851,12915,40404
2026-09-01T13:20:00+05:30,12911,12977,12888,12960,14783
2026-09-01T13:25:00+05:30,12960,13006,12915,12923,25974
2026-09-01T13:30:00+05:30,12923,12941,12919,12930,7433
2026-09-01T13:35:00+05:30,12928,13010,12926,12995,20839
2026-09-01T13:40:00+05:30,12994,13004,12970,12978,9698
2026-09-01T13:45:00+05:30,12977,12985,12959,12961,10795
2026-09-01T13:50:00+05:30,12961,12965,12927,12950,14898
2026-09-01T13:55:00+05:30,12953,12959,12937,12951,13188
2026-09-01T14:00:00+05:30,12953,12953,12920,12923,11261
2026-09-01T14:05:00+05:30,12923,12923,12872,12876,14512
2026-09-01T14:10:00+05:30,12881,12900,12877,12898,13162
2026-09-01T14:15:00+05:30,12898,12909,12868,12893,28782
2026-09-01T14:20:00+05:30,12893,12906,12863,12865,23329
2026-09-01T14:25:00+05:30,12865,12889,12864,12889,9084
2026-09-01T14:30:00+05:30,12890,12910,12875,12907,8820
2026-09-01T14:35:00+05:30,12903,12907,12889,12901,6937
2026-09-01T14:40:00+05:30,12901,12911,12891,12905,6951
2026-09-01T14:45:00+05:30,12908,12917,12898,12907,8578
2026-09-01T14:50:00+05:30,12907,12922,12905,12910,12693
2026-09-01T14:55:00+05:30,12910,12918,12903,12910,13149
2026-09-01T15:00:00+05:30,12907,12909,12890,12895,23551
2026-09-01T15:05:00+05:30,12895,12917,12889,12905,28909
2026-09-01T15:10:00+05:30,12905,12921,12887,12920,17440
2026-09-02T09:15:00+05:30,12763,12844,12753,12800,21286
2026-09-02T09:20:00+05:30,12800,12820,12763,12795,9392
2026-09-02T09:25:00+05:30,12795,12824,12782,12784,7262
2026-09-02T09:30:00+05:30,12784,12797,12776,12793,4927
2026-09-02T09:35:00+05:30,12793,12798,12764,12776,7253
2026-09-02T09:40:00+05:30,12776,12799,12763,12778,4135
2026-09-02T09:45:00+05:30,12774,12796,12755,12792,4812
2026-09-02T09:50:00+05:30,12791,12800,12780,12792,3728
2026-09-02T09:55:00+05:30,12790,12859,12782,12859,10788
2026-09-02T10:00:00+05:30,12857,12884,12842,12877,7388
2026-09-02T10:05:00+05:30,12879,12888,12849,12862,12278
2026-09-02T10:10:00+05:30,12862,12862,12802,12809,5374
2026-09-02T10:15:00+05:30,12803,12807,12761,12766,8966
2026-09-02T10:20:00+05:30,12767,12790,12762,12770,6480
2026-09-02T10:25:00+05:30,12768,12783,12767,12779,6299
2026-09-02T10:30:00+05:30,12775,12780,12761,12763,5700
2026-09-02T10:35:00+05:30,12763,12788,12762,12774,5320
2026-09-02T10:40:00+05:30,12774,12785,12771,12785,3537
2026-09-02T10:45:00+05:30,12784,12787,12768,12774,6566
2026-09-02T10:50:00+05:30,12774,12780,12740,12751,7216
2026-09-02T10:55:00+05:30,12746,12755,12725,12750,4614
2026-09-02T11:00:00+05:30,12749,12749,12698,12710,15716
2026-09-02T11:05:00+05:30,12710,12715,12705,12709,4417
2026-09-02T11:10:00+05:30,12708,12711,12695,12697,15181
2026-09-02T11:15:00+05:30,12698,12718,12692,12696,10943
2026-09-02T11:20:00+05:30,12693,12709,12691,12691,8460
2026-09-02T11:25:00+05:30,12692,12697,12653,12653,10338
2026-09-02T11:30:00+05:30,12653,12668,12640,12653,7443
2026-09-02T11:35:00+05:30,12655,12658,12646,12647,6638
2026-09-02T11:40:00+05:30,12647,12670,12641,12653,12522
2026-09-02T11:45:00+05:30,12651,12659,12645,12653,5947
2026-09-02T11:50:00+05:30,12653,12675,12644,12669,9596
2026-09-02T11:55:00+05:30,12669,12670,12654,12661,3659
2026-09-02T12:00:00+05:30,12661,12669,12653,12656,3259
2026-09-02T12:05:00+05:30,12657,12658,12650,12655,3229
2026-09-02T12:10:00+05:30,12655,12679,12655,12678,9172
2026-09-02T12:15:00+05:30,12678,12689,12671,12676,8480
2026-09-02T12:20:00+05:30,12676,12678,12664,12666,7146
2026-09-02T12:25:00+05:30,12666,12688,12666,12681,7765
2026-09-02T12:30:00+05:30,12682,12705,12681,12694,16260
2026-09-02T12:35:00+05:30,12694,12706,12686,12700,5320
2026-09-02T12:40:00+05:30,12698,12710,12697,12703,7404
2026-09-02T12:45:00+05:30,12703,12737,12698,12726,6643
2026-09-02T12:50:00+05:30,12726,12733,12710,12712,6288
2026-09-02T12:55:00+05:30,12712,12730,12707,12723,4001
2026-09-02T13:00:00+05:30,12723,12728,12712,12715,3806
2026-09-02T13:05:00+05:30,12715,12720,12694,12694,4979
2026-09-02T13:10:00+05:30,12694,12719,12692,12716,5210
2026-09-02T13:15:00+05:30,12717,12734,12713,12725,5117
2026-09-02T13:20:00+05:30,12726,12726,12691,12693,8629
2026-09-02T13:25:00+05:30,12692,12700,12680,12684,5119
2026-09-02T13:30:00+05:30,12687,12687,12669,12680,5226
2026-09-02T13:35:00+05:30,12681,12691,12671,12685,12813
2026-09-02T13:40:00+05:30,12685,12691,12678,12691,8790
2026-09-02T13:45:00+05:30,12691,12709,12690,12700,6698
2026-09-02T13:50:00+05:30,12701,12706,12686,12697,5890
2026-09-02T13:55:00+05:30,12697,12699,12692,12699,4164
2026-09-02T14:00:00+05:30,12698,12728,12698,12717,7450
2026-09-02T14:05:00+05:30,12717,12725,12710,12724,5104
2026-09-02T14:10:00+05:30,12724,12724,12717,12721,5953
2026-09-02T14:15:00+05:30,12720,12722,12702,12711,5883
2026-09-02T14:20:00+05:30,12711,12718,12703,12711,10124
2026-09-02T14:25:00+05:30,12711,12720,12705,12714,4660
2026-09-02T14:30:00+05:30,12713,12728,12711,12713,7037
2026-09-02T14:35:00+05:30,12713,12723,12710,12717,8813
2026-09-02T14:40:00+05:30,12717,12722,12710,12710,8598
2026-09-02T14:45:00+05:30,12710,12722,12703,12721,11765
2026-09-02T14:50:00+05:30,12720,12721,12694,12703,25741
2026-09-02T14:55:00+05:30,12701,12715,12696,12706,15589
2026-09-02T15:00:00+05:30,12706,12732,12705,12729,16823
2026-09-02T15:05:00+05:30,12729,12760,12717,12758,16386
2026-09-02T15:10:00+05:30,12759,12777,12744,12775,23975
2026-09-03T09:15:00+05:30,12853,12876,12800,12817,13502
2026-09-03T09:20:00+05:30,12814,12814,12780,12792,5395
2026-09-03T09:25:00+05:30,12788,12820,12788,12814,4425
2026-09-03T09:30:00+05:30,12820,12837,12805,12805,2739
2026-09-03T09:35:00+05:30,12805,12840,12803,12840,3121
2026-09-03T09:40:00+05:30,12844,12864,12840,12853,3299
2026-09-03T09:45:00+05:30,12853,12855,12832,12848,1995
2026-09-03T09:50:00+05:30,12849,12853,12836,12836,1653
2026-09-03T09:55:00+05:30,12836,12842,12828,12840,1292
2026-09-03T10:00:00+05:30,12835,12846,12824,12828,2709
2026-09-03T10:05:00+05:30,12828,12845,12827,12841,923
2026-09-03T10:10:00+05:30,12841,12850,12835,12846,2691
2026-09-03T10:15:00+05:30,12846,12858,12845,12848,2082
2026-09-03T10:20:00+05:30,12848,12853,12825,12836,3832
2026-09-03T10:25:00+05:30,12836,12838,12821,12828,2003
2026-09-03T10:30:00+05:30,12828,12840,12824,12836,1685
2026-09-03T10:35:00+05:30,12836,12837,12823,12835,2694
2026-09-03T10:40:00+05:30,12835,12860,12824,12852,5059
2026-09-03T10:45:00+05:30,12852,12887,12852,12881,5679
2026-09-03T10:50:00+05:30,12881,12884,12875,12876,2226
2026-09-03T10:55:00+05:30,12875,12887,12873,12880,4581
2026-09-03T11:00:00+05:30,12878,12883,12875,12875,2473
2026-09-03T11:05:00+05:30,12875,12876,12864,12867,6560
2026-09-03T11:10:00+05:30,12871,12883,12843,12851,10149
2026-09-03T11:15:00+05:30,12847,12855,12843,12853,1904
2026-09-03T11:20:00+05:30,12853,12864,12847,12855,3907
2026-09-03T11:25:00+05:30,12875,12918,12866,12900,14871
2026-09-03T11:30:00+05:30,12900,12910,12893,12900,7076
2026-09-03T11:35:00+05:30,12900,12908,12900,12906,1568
2026-09-03T11:40:00+05:30,12906,12908,12883,12890,6537
2026-09-03T11:45:00+05:30,12888,12895,12878,12881,1864
2026-09-03T11:50:00+05:30,12881,12900,12879,12899,3791
2026-09-03T11:55:00+05:30,12895,12896,12880,12880,4449
2026-09-03T12:00:00+05:30,12880,12884,12860,12871,4967
2026-09-03T12:05:00+05:30,12868,12876,12857,12858,3945
2026-09-03T12:10:00+05:30,12858,12874,12858,12867,1304
2026-09-03T12:15:00+05:30,12871,12878,12854,12864,2883
2026-09-03T12:20:00+05:30,12870,12879,12870,12870,3596
2026-09-03T12:25:00+05:30,12870,12884,12870,12874,8796
2026-09-03T12:30:00+05:30,12872,12881,12870,12873,2141
2026-09-03T12:35:00+05:30,12875,12893,12873,12889,3034
2026-09-03T12:40:00+05:30,12888,12890,12883,12889,2267
2026-09-03T12:45:00+05:30,12885,12901,12885,12900,4763
2026-09-03T12:50:00+05:30,12900,12912,12900,12910,5398
2026-09-03T12:55:00+05:30,12910,12925,12900,12917,9092
2026-09-03T13:00:00+05:30,12914,12927,12910,12915,6372
2026-09-03T13:05:00+05:30,12915,12925,12912,12921,3196
2026-09-03T13:10:00+05:30,12921,12925,12880,12880,12683
2026-09-03T13:15:00+05:30,12880,12899,12872,12896,3929
2026-09-03T13:20:00+05:30,12896,12896,12881,12888,4866
2026-09-03T13:25:00+05:30,12884,12893,12872,12874,9113
2026-09-03T13:30:00+05:30,12873,12890,12870,12885,5006
2026-09-03T13:35:00+05:30,12885,12892,12855,12855,20519
2026-09-03T13:40:00+05:30,12855,12864,12850,12850,4095
2026-09-03T13:45:00+05:30,12850,12852,12835,12847,3983
2026-09-03T13:50:00+05:30,12847,12853,12845,12851,2066
2026-09-03T13:55:00+05:30,12851,12853,12840,12845,1601
2026-09-03T14:00:00+05:30,12845,12864,12836,12850,4618
2026-09-03T14:05:00+05:30,12852,12860,12840,12840,2282
2026-09-03T14:10:00+05:30,12840,12849,12839,12843,1191
2026-09-03T14:15:00+05:30,12843,12860,12838,12853,2662
2026-09-03T14:20:00+05:30,12853,12862,12849,12856,2833
2026-09-03T14:25:00+05:30,12856,12871,12853,12860,3577
2026-09-03T14:30:00+05:30,12860,12871,12852,12870,4118
2026-09-03T14:35:00+05:30,12869,12869,12856,12865,3410
2026-09-03T14:40:00+05:30,12862,12867,12848,12854,3086
2026-09-03T14:45:00+05:30,12854,12856,12840,12845,3357
2026-09-03T14:50:00+05:30,12848,12862,12848,12854,17060
2026-09-03T14:55:00+05:30,12854,12856,12828,12835,8054
2026-09-03T15:00:00+05:30,12841,12849,12830,12838,7734
2026-09-03T15:05:00+05:30,12836,12844,12830,12842,7604
2026-09-03T15:10:00+05:30,12844,12859,12833,12846,14328
2026-09-04T09:15:00+05:30,12880,12880,12775,12789,8556
2026-09-04T09:20:00+05:30,12784,12792,12773,12786,4886
2026-09-04T09:25:00+05:30,12788,12798,12770,12779,3640
2026-09-04T09:30:00+05:30,12775,12797,12775,12789,3002
2026-09-04T09:35:00+05:30,12782,12787,12752,12761,4887
2026-09-04T09:40:00+05:30,12761,12771,12761,12764,2363
2026-09-04T09:45:00+05:30,12765,12770,12760,12761,2723
2026-09-04T09:50:00+05:30,12761,12766,12755,12757,3295
2026-09-04T09:55:00+05:30,12760,12776,12758,12770,2571
2026-09-04T10:00:00+05:30,12765,12777,12760,12760,2171
2026-09-04T10:05:00+05:30,12760,12760,12750,12752,2941
2026-09-04T10:10:00+05:30,12752,12759,12747,12755,3905
2026-09-04T10:15:00+05:30,12760,12775,12755,12770,2548
2026-09-04T10:20:00+05:30,12770,12776,12765,12776,3479
2026-09-04T10:25:00+05:30,12771,12786,12769,12786,2142
2026-09-04T10:30:00+05:30,12783,12791,12775,12791,2680
2026-09-04T10:35:00+05:30,12790,12790,12772,12773,2836
2026-09-04T10:40:00+05:30,12773,12780,12765,12771,2006
2026-09-04T10:45:00+05:30,12772,12811,12770,12791,6013
2026-09-04T10:50:00+05:30,12795,12800,12783,12787,5095
2026-09-04T10:55:00+05:30,12790,12795,12785,12792,1464
2026-09-04T11:00:00+05:30,12788,12799,12780,12780,1990
2026-09-04T11:05:00+05:30,12780,12781,12771,12774,1874
2026-09-04T11:10:00+05:30,12775,12779,12770,12772,1626
2026-09-04T11:15:00+05:30,12775,12783,12769,12774,2209
2026-09-04T11:20:00+05:30,12774,12782,12768,12768,2130
2026-09-04T11:25:00+05:30,12768,12785,12768,12774,1530
2026-09-04T11:30:00+05:30,12774,12799,12774,12789,3371
2026-09-04T11:35:00+05:30,12789,12789,12771,12774,3163
2026-09-04T11:40:00+05:30,12774,12797,12774,12787,2576
2026-09-04T11:45:00+05:30,12787,12792,12783,12785,2200
2026-09-04T11:50:00+05:30,12785,12804,12782,12790,9670
2026-09-04T11:55:00+05:30,12790,12793,12775,12782,1759
2026-09-04T12:00:00+05:30,12778,12785,12761,12763,3349
2026-09-04T12:05:00+05:30,12763,12780,12761,12769,8861
2026-09-04T12:10:00+05:30,12769,12772,12759,12767,5425
2026-09-04T12:15:00+05:30,12767,12767,12755,12755,1834
2026-09-04T12:20:00+05:30,12756,12761,12751,12751,1636
2026-09-04T12:25:00+05:30,12751,12758,12730,12737,7859
2026-09-04T12:30:00+05:30,12737,12747,12734,12741,1736
2026-09-04T12:35:00+05:30,12737,12745,12725,12725,3701
2026-09-04T12:40:00+05:30,12729,12732,12721,12723,2801
2026-09-04T12:45:00+05:30,12723,12730,12713,12717,3046
2026-09-04T12:50:00+05:30,12720,12722,12701,12708,7607
2026-09-04T12:55:00+05:30,12707,12708,12693,12694,6355
2026-09-04T13:00:00+05:30,12698,12700,12690,12692,2995
2026-09-04T13:05:00+05:30,12693,12697,12681,12685,4226
2026-09-04T13:10:00+05:30,12690,12697,12685,12691,2338
2026-09-04T13:15:00+05:30,12691,12696,12670,12673,3969
2026-09-04T13:20:00+05:30,12671,12685,12671,12683,4930
2026-09-04T13:25:00+05:30,12682,12688,12682,12685,2645
2026-09-04T13:30:00+05:30,12685,12689,12682,12684,2821
2026-09-04T13:35:00+05:30,12684,12698,12684,12695,3301
2026-09-04T13:40:00+05:30,12693,12695,12682,12684,1727
2026-09-04T13:45:00+05:30,12686,12700,12682,12685,7690
2026-09-04T13:50:00+05:30,12682,12686,12665,12665,2926
2026-09-04T13:55:00+05:30,12669,12670,12656,12657,4230
2026-09-04T14:00:00+05:30,12657,12680,12657,12670,3326
2026-09-04T14:05:00+05:30,12670,12679,12663,12677,4673
2026-09-04T14:10:00+05:30,12677,12684,12675,12678,1925
2026-09-04T14:15:00+05:30,12678,12691,12676,12680,5729
2026-09-04T14:20:00+05:30,12680,12692,12671,12680,10407
2026-09-04T14:25:00+05:30,12680,12700,12674,12693,2593
2026-09-04T14:30:00+05:30,12693,12700,12690,12695,3818
2026-09-04T14:35:00+05:30,12692,12698,12690,12691,2959
2026-09-04T14:40:00+05:30,12691,12706,12690,12699,11500
2026-09-04T14:45:00+05:30,12695,12708,12692,12705,4047
2026-09-04T14:50:00+05:30,12705,12716,12697,12703,22052
2026-09-04T14:55:00+05:30,12703,12708,12696,12697,7335
2026-09-04T15:00:00+05:30,12697,12706,12677,12679,9841
2026-09-04T15:05:00+05:30,12679,12691,12675,12691,9595
2026-09-04T15:10:00+05:30,12691,12696,12664,12677,10767
2026-09-07T09:15:00+05:30,12691,12691,12618,12657,20795
2026-09-07T09:20:00+05:30,12659,12685,12641,12680,8814
2026-09-07T09:25:00+05:30,12682,12699,12663,12675,7033
2026-09-07T09:30:00+05:30,12673,12699,12671,12678,9316
2026-09-07T09:35:00+05:30,12674,12700,12674,12686,5370
2026-09-07T09:40:00+05:30,12686,12708,12680,12706,4810
2026-09-07T09:45:00+05:30,12706,12757,12703,12748,8759
2026-09-07T09:50:00+05:30,12747,12768,12741,12747,5540
2026-09-07T09:55:00+05:30,12747,12747,12720,12720,3410
2026-09-07T10:00:00+05:30,12728,12748,12721,12743,2584
2026-09-07T10:05:00+05:30,12743,12752,12729,12733,2904
2026-09-07T10:10:00+05:30,12733,12752,12733,12749,2050
2026-09-07T10:15:00+05:30,12750,12750,12736,12749,2265
2026-09-07T10:20:00+05:30,12741,12752,12740,12751,2055
2026-09-07T10:25:00+05:30,12750,12750,12733,12739,3317
2026-09-07T10:30:00+05:30,12736,12744,12732,12736,1981
2026-09-07T10:35:00+05:30,12737,12747,12726,12744,3073
2026-09-07T10:40:00+05:30,12744,12752,12738,12748,2337
2026-09-07T10:45:00+05:30,12752,12757,12733,12736,2613
2026-09-07T10:50:00+05:30,12742,12748,12736,12737,1875
2026-09-07T10:55:00+05:30,12741,12753,12732,12751,3091
2026-09-07T11:00:00+05:30,12751,12752,12729,12730,2244
2026-09-07T11:05:00+05:30,12735,12751,12730,12743,2604
2026-09-07T11:10:00+05:30,12743,12756,12734,12750,2818
2026-09-07T11:15:00+05:30,12750,12750,12701,12715,4060
2026-09-07T11:20:00+05:30,12715,12715,12690,12700,3362
2026-09-07T11:25:00+05:30,12703,12758,12701,12740,4504
2026-09-07T11:30:00+05:30,12745,12784,12740,12776,7351
2026-09-07T11:35:00+05:30,12776,12776,12759,12775,2768
2026-09-07T11:40:00+05:30,12775,12776,12754,12761,2797
2026-09-07T11:45:00+05:30,12767,12775,12762,12763,2222
2026-09-07T11:50:00+05:30,12767,12772,12759,12770,2396
2026-09-07T11:55:00+05:30,12770,12775,12764,12771,2292
2026-09-07T12:00:00+05:30,12771,12776,12769,12776,1972
2026-09-07T12:05:00+05:30,12776,12789,12766,12781,4893
2026-09-07T12:10:00+05:30,12781,12792,12773,12782,3423
2026-09-07T12:15:00+05:30,12782,12796,12781,12794,3528
2026-09-07T12:20:00+05:30,12796,12796,12782,12791,2863
2026-09-07T12:25:00+05:30,12791,12800,12766,12771,4490
2026-09-07T12:30:00+05:30,12783,12809,12781,12809,7037
2026-09-07T12:35:00+05:30,12809,12833,12801,12829,5940
2026-09-07T12:40:00+05:30,12826,12830,12813,12821,2775
2026-09-07T12:45:00+05:30,12821,12821,12802,12814,2456
2026-09-07T12:50:00+05:30,12814,12814,12802,12804,1024
2026-09-07T12:55:00+05:30,12804,12814,12802,12810,1669
2026-09-07T13:00:00+05:30,12810,12810,12784,12786,4932
2026-09-07T13:05:00+05:30,12787,12804,12786,12788,5778
2026-09-07T13:10:00+05:30,12792,12792,12772,12778,2216
2026-09-07T13:15:00+05:30,12783,12808,12778,12800,12037
2026-09-07T13:20:00+05:30,12800,12808,12796,12807,9328
2026-09-07T13:25:00+05:30,12808,12818,12797,12808,2871
2026-09-07T13:30:00+05:30,12808,12809,12791,12792,5710
2026-09-07T13:35:00+05:30,12796,12802,12775,12779,4096
2026-09-07T13:40:00+05:30,12775,12779,12755,12772,8818
2026-09-07T13:45:00+05:30,12775,12794,12772,12792,9071
2026-09-07T13:50:00+05:30,12792,12802,12786,12800,9180
2026-09-07T13:55:00+05:30,12800,12807,12793,12801,9890
2026-09-07T14:00:00+05:30,12801,12815,12799,12810,3648
2026-09-07T14:05:00+05:30,12810,12813,12800,12803,4164
2026-09-07T14:10:00+05:30,12803,12812,12792,12792,4129
2026-09-07T14:15:00+05:30,12792,12804,12792,12800,3949
2026-09-07T14:20:00+05:30,12801,12805,12794,12801,2909
2026-09-07T14:25:00+05:30,12805,12809,12801,12807,4106
2026-09-07T14:30:00+05:30,12807,12809,12786,12787,4608
2026-09-07T14:35:00+05:30,12790,12793,12782,12783,3616
2026-09-07T14:40:00+05:30,12781,12786,12775,12780,5608
2026-09-07T14:45:00+05:30,12776,12780,12771,12776,6215
2026-09-07T14:50:00+05:30,12780,12810,12776,12803,10555
2026-09-07T14:55:00+05:30,12803,12805,12796,12799,5763
2026-09-07T15:00:00+05:30,12794,12817,12775,12812,13091
2026-09-07T15:05:00+05:30,12812,12813,12720,12725,44511
2026-09-07T15:10:00+05:30,12723,12769,12712,12768,22298
2026-09-08T09:15:00+05:30,12758,12758,12699,12707,5028
2026-09-08T09:20:00+05:30,12707,12707,12663,12667,4576
2026-09-08T09:25:00+05:30,12666,12675,12660,12665,3530
2026-09-08T09:30:00+05:30,12665,12676,12655,12663,2338
2026-09-08T09:35:00+05:30,12659,12672,12651,12662,3430
2026-09-08T09:40:00+05:30,12659,12664,12638,12641,3258
2026-09-08T09:45:00+05:30,12640,12648,12631,12647,2190
2026-09-08T09:50:00+05:30,12646,12646,12622,12629,3479
2026-09-08T09:55:00+05:30,12629,12658,12629,12654,2342
2026-09-08T10:00:00+05:30,12652,12658,12630,12630,1959
2026-09-08T10:05:00+05:30,12630,12640,12625,12637,2028
2026-09-08T10:10:00+05:30,12637,12640,12614,12634,3609
2026-09-08T10:15:00+05:30,12634,12645,12625,12627,2271
2026-09-08T10:20:00+05:30,12630,12636,12628,12631,1992
2026-09-08T10:25:00+05:30,12634,12637,12620,12631,2308
2026-09-08T10:30:00+05:30,12626,12630,12617,12629,3224
2026-09-08T10:35:00+05:30,12630,12634,12619,12627,3157
2026-09-08T10:40:00+05:30,12621,12629,12602,12612,7157
2026-09-08T10:45:00+05:30,12612,12635,12612,12625,3679
2026-09-08T10:50:00+05:30,12624,12634,12591,12598,13155
2026-09-08T10:55:00+05:30,12600,12607,12582,12605,3102
2026-09-08T11:00:00+05:30,12602,12606,12588,12598,6261
2026-09-08T11:05:00+05:30,12601,12620,12598,12617,3864
2026-09-08T11:10:00+05:30,12617,12629,12598,12620,19049
2026-09-08T11:15:00+05:30,12619,12624,12600,12605,14051
2026-09-08T11:20:00+05:30,12605,12617,12600,12610,2530
2026-09-08T11:25:00+05:30,12610,12628,12608,12628,3085
2026-09-08T11:30:00+05:30,12625,12640,12612,12620,5127
2026-09-08T11:35:00+05:30,12615,12626,12605,12624,4672
2026-09-08T11:40:00+05:30,12620,12634,12610,12615,3089
2026-09-08T11:45:00+05:30,12615,12634,12615,12630,2278
2026-09-08T11:50:00+05:30,12630,12650,12625,12645,2708
2026-09-08T11:55:00+05:30,12645,12660,12642,12651,7367
2026-09-08T12:00:00+05:30,12651,12659,12651,12658,1824
2026-09-08T12:05:00+05:30,12658,12671,12652,12667,3948
2026-09-08T12:10:00+05:30,12668,12674,12664,12671,2360
2026-09-08T12:15:00+05:30,12671,12678,12663,12676,2422
2026-09-08T12:20:00+05:30,12676,12681,12670,12680,2356
2026-09-08T12:25:00+05:30,12680,12684,12673,12680,1890
2026-09-08T12:30:00+05:30,12680,12689,12680,12684,2364
2026-09-08T12:35:00+05:30,12684,12690,12680,12687,2150
2026-09-08T12:40:00+05:30,12687,12703,12685,12701,4048
2026-09-08T12:45:00+05:30,12700,12702,12686,12700,2906
2026-09-08T12:50:00+05:30,12699,12700,12681,12694,3403
2026-09-08T12:55:00+05:30,12693,12699,12690,12696,1629
2026-09-08T13:00:00+05:30,12694,12696,12690,12693,1216
2026-09-08T13:05:00+05:30,12693,12699,12683,12695,3948
2026-09-08T13:10:00+05:30,12695,12710,12690,12706,1732
2026-09-08T13:15:00+05:30,12705,12710,12690,12692,1829
2026-09-08T13:20:00+05:30,12690,12695,12685,12691,1863
2026-09-08T13:25:00+05:30,12690,12693,12685,12685,1653
2026-09-08T13:30:00+05:30,12685,12689,12682,12682,2158
2026-09-08T13:35:00+05:30,12687,12693,12680,12683,3642
2026-09-08T13:40:00+05:30,12683,12685,12661,12675,5411
2026-09-08T13:45:00+05:30,12678,12679,12669,12675,3326
2026-09-08T13:50:00+05:30,12675,12680,12667,12675,2992
2026-09-08T13:55:00+05:30,12680,12683,12675,12678,2148
2026-09-08T14:00:00+05:30,12675,12678,12662,12672,4157
2026-09-08T14:05:00+05:30,12666,12675,12649,12669,7324
2026-09-08T14:10:00+05:30,12667,12670,12650,12652,7018
2026-09-08T14:15:00+05:30,12647,12668,12645,12646,8606
2026-09-08T14:20:00+05:30,12646,12655,12636,12640,11144
2026-09-08T14:25:00+05:30,12636,12650,12629,12639,14376
2026-09-08T14:30:00+05:30,12639,12652,12636,12643,9385
2026-09-08T14:35:00+05:30,12643,12650,12630,12634,3566
2026-09-08T14:40:00+05:30,12630,12640,12630,12635,4438
2026-09-08T14:45:00+05:30,12635,12638,12629,12637,3617
2026-09-08T14:50:00+05:30,12640,12658,12640,12655,5491
2026-09-08T14:55:00+05:30,12653,12661,12631,12631,15736
2026-09-08T15:00:00+05:30,12631,12642,12626,12629,9307
2026-09-08T15:05:00+05:30,12633,12646,12628,12644,10037
2026-09-08T15:10:00+05:30,12644,12655,12628,12641,13021
2026-09-09T09:15:00+05:30,12609,12647,12537,12619,9691
2026-09-09T09:20:00+05:30,12619,12629,12603,12611,6094
2026-09-09T09:25:00+05:30,12611,12629,12605,12606,5266
2026-09-09T09:30:00+05:30,12605,12618,12592,12600,5621
2026-09-09T09:35:00+05:30,12600,12600,12584,12598,4047
2026-09-09T09:40:00+05:30,12598,12600,12594,12597,3537
2026-09-09T09:45:00+05:30,12598,12601,12587,12598,3860
2026-09-09T09:50:00+05:30,12598,12601,12594,12600,3496
2026-09-09T09:55:00+05:30,12600,12614,12590,12604,6166
2026-09-09T10:00:00+05:30,12607,12607,12590,12599,4058
2026-09-09T10:05:00+05:30,12599,12599,12574,12576,5431
2026-09-09T10:10:00+05:30,12580,12591,12573,12578,4911
2026-09-09T10:15:00+05:30,12578,12586,12567,12578,5065
2026-09-09T10:20:00+05:30,12578,12613,12578,12603,14454
2026-09-09T10:25:00+05:30,12603,12609,12571,12582,9798
2026-09-09T10:30:00+05:30,12582,12587,12574,12580,8065
2026-09-09T10:35:00+05:30,12580,12585,12571,12574,9927
2026-09-09T10:40:00+05:30,12573,12581,12567,12568,8942
2026-09-09T10:45:00+05:30,12573,12590,12567,12584,9790
2026-09-09T10:50:00+05:30,12584,12594,12575,12588,6370
2026-09-09T10:55:00+05:30,12592,12592,12568,12579,23198
2026-09-09T11:00:00+05:30,12579,12587,12575,12575,5737
2026-09-09T11:05:00+05:30,12575,12580,12571,12579,2665
2026-09-09T11:10:00+05:30,12579,12601,12577,12598,5941
2026-09-09T11:15:00+05:30,12598,12605,12591,12601,1958
2026-09-09T11:20:00+05:30,12601,12606,12600,12606,900
2026-09-09T11:25:00+05:30,12606,12607,12601,12601,565
2026-09-09T11:30:00+05:30,12601,12616,12600,12615,3130
2026-09-09T11:35:00+05:30,12615,12615,12604,12607,723
2026-09-09T11:40:00+05:30,12608,12611,12606,12607,269
2026-09-09T11:45:00+05:30,12612,12615,12600,12600,9540
2026-09-09T11:50:00+05:30,12600,12602,12588,12600,32790
2026-09-09T11:55:00+05:30,12600,12600,12587,12587,7923
2026-09-09T12:00:00+05:30,12587,12588,12577,12583,11828
2026-09-09T12:05:00+05:30,12583,12583,12575,12579,6778
2026-09-09T12:10:00+05:30,12575,12587,12573,12585,6663
2026-09-09T12:15:00+05:30,12585,12586,12575,12576,7688
2026-09-09T12:20:00+05:30,12576,12583,12571,12581,8250
2026-09-09T12:25:00+05:30,12580,12601,12580,12600,6162
2026-09-09T12:30:00+05:30,12600,12652,12600,12648,9398
2026-09-09T12:35:00+05:30,12648,12657,12640,12645,8047
2026-09-09T12:40:00+05:30,12645,12654,12640,12646,14728
2026-09-09T12:45:00+05:30,12646,12647,12640,12640,5376
2026-09-09T12:50:00+05:30,12643,12646,12637,12640,9363
2026-09-09T12:55:00+05:30,12640,12650,12640,12650,6191
2026-09-09T13:00:00+05:30,12650,12650,12640,12640,5346
2026-09-09T13:05:00+05:30,12641,12659,12640,12640,6734
2026-09-09T13:10:00+05:30,12644,12646,12640,12645,5906
2026-09-09T13:15:00+05:30,12645,12650,12645,12645,5000
2026-09-09T13:20:00+05:30,12646,12646,12640,12640,5166
2026-09-09T13:25:00+05:30,12642,12663,12640,12651,6781
2026-09-09T13:30:00+05:30,12651,12656,12640,12641,9135
2026-09-09T13:35:00+05:30,12641,12649,12629,12640,6305
2026-09-09T13:40:00+05:30,12640,12661,12640,12642,6254
2026-09-09T13:45:00+05:30,12646,12652,12641,12650,5700
2026-09-09T13:50:00+05:30,12650,12654,12620,12625,8509
2026-09-09T13:55:00+05:30,12625,12641,12615,12624,6895
2026-09-09T14:00:00+05:30,12624,12646,12620,12635,5810
2026-09-09T14:05:00+05:30,12632,12645,12630,12631,5902
2026-09-09T14:10:00+05:30,12635,12642,12626,12641,5696
2026-09-09T14:15:00+05:30,12641,12652,12634,12640,6115
2026-09-09T14:20:00+05:30,12644,12658,12640,12654,7380
2026-09-09T14:25:00+05:30,12654,12680,12648,12670,8450
2026-09-09T14:30:00+05:30,12674,12674,12650,12659,7330
2026-09-09T14:35:00+05:30,12654,12658,12626,12628,6143
2026-09-09T14:40:00+05:30,12628,12660,12627,12650,7201
2026-09-09T14:45:00+05:30,12660,12664,12632,12643,7404
2026-09-09T14:50:00+05:30,12637,12692,12636,12649,14185
2026-09-09T14:55:00+05:30,12645,12658,12630,12636,8499
2026-09-09T15:00:00+05:30,12636,12641,12620,12624,7720
2026-09-09T15:05:00+05:30,12619,12636,12615,12627,10944
2026-09-09T15:10:00+05:30,12630,12650,12611,12611,9424
2026-09-10T09:15:00+05:30,12679,12693,12603,12618,8408
2026-09-10T09:20:00+05:30,12618,12622,12582,12590,5101
2026-09-10T09:25:00+05:30,12586,12624,12580,12601,2004
2026-09-10T09:30:00+05:30,12601,12602,12587,12594,2376
2026-09-10T09:35:00+05:30,12594,12600,12525,12530,4935
2026-09-10T09:40:00+05:30,12530,12545,12517,12541,3046
2026-09-10T09:45:00+05:30,12535,12561,12535,12558,3586
2026-09-10T09:50:00+05:30,12555,12582,12553,12570,2378
2026-09-10T09:55:00+05:30,12572,12585,12566,12566,1310
2026-09-10T10:00:00+05:30,12567,12583,12565,12581,4148
2026-09-10T10:05:00+05:30,12582,12586,12560,12570,4509
2026-09-10T10:10:00+05:30,12570,12574,12545,12546,4404
2026-09-10T10:15:00+05:30,12547,12564,12546,12557,2952
2026-09-10T10:20:00+05:30,12555,12556,12540,12543,1223
2026-09-10T10:25:00+05:30,12543,12556,12540,12555,915
2026-09-10T10:30:00+05:30,12556,12570,12552,12566,1556
2026-09-10T10:35:00+05:30,12565,12568,12552,12557,1149
2026-09-10T10:40:00+05:30,12555,12566,12554,12564,2857
2026-09-10T10:45:00+05:30,12563,12569,12556,12558,4336
2026-09-10T10:50:00+05:30,12558,12563,12551,12552,921
2026-09-10T10:55:00+05:30,12551,12564,12545,12554,2448
2026-09-10T11:00:00+05:30,12554,12565,12552,12562,1360
2026-09-10T11:05:00+05:30,12563,12587,12558,12562,5260
2026-09-10T11:10:00+05:30,12562,12635,12560,12630,40957
2026-09-10T11:15:00+05:30,12630,12660,12627,12655,9273
2026-09-10T11:20:00+05:30,12655,12677,12642,12667,5657
2026-09-10T11:25:00+05:30,12667,12687,12661,12679,3671
2026-09-10T11:30:00+05:30,12679,12685,12659,12662,3543
2026-09-10T11:35:00+05:30,12662,12679,12639,12643,6047
2026-09-10T11:40:00+05:30,12642,12665,12634,12659,2948
2026-09-10T11:45:00+05:30,12659,12685,12646,12685,1559
2026-09-10T11:50:00+05:30,12683,12685,12666,12680,1013
2026-09-10T11:55:00+05:30,12681,12681,12666,12673,941
2026-09-10T12:00:00+05:30,12678,12684,12674,12682,1077
2026-09-10T12:05:00+05:30,12683,12683,12666,12666,1921
2026-09-10T12:10:00+05:30,12667,12673,12654,12673,14784
2026-09-10T12:15:00+05:30,12673,12679,12668,12670,965
2026-09-10T12:20:00+05:30,12670,12679,12668,12673,1668
2026-09-10T12:25:00+05:30,12673,12678,12667,12667,485
2026-09-10T12:30:00+05:30,12667,12682,12661,12682,3178
2026-09-10T12:35:00+05:30,12682,12682,12666,12671,6280
2026-09-10T12:40:00+05:30,12671,12679,12666,12668,3719
2026-09-10T12:45:00+05:30,12668,12678,12665,12670,3351
2026-09-10T12:50:00+05:30,12670,12675,12664,12666,4003
2026-09-10T12:55:00+05:30,12666,12667,12645,12648,14830
2026-09-10T13:00:00+05:30,12648,12655,12648,12654,639
2026-09-10T13:05:00+05:30,12654,12654,12639,12650,2463
2026-09-10T13:10:00+05:30,12650,12657,12637,12650,3188
2026-09-10T13:15:00+05:30,12647,12651,12633,12633,1498
2026-09-10T13:20:00+05:30,12633,12645,12625,12636,3213
2026-09-10T13:25:00+05:30,12636,12636,12611,12614,1883
2026-09-10T13:30:00+05:30,12614,12620,12606,12615,3542
2026-09-10T13:35:00+05:30,12615,12630,12610,12630,1855
2026-09-10T13:40:00+05:30,12630,12633,12616,12616,2407
2026-09-10T13:45:00+05:30,12617,12638,12612,12617,2984
2026-09-10T13:50:00+05:30,12618,12623,12613,12618,1804
2026-09-10T13:55:00+05:30,12618,12618,12603,12608,4905
2026-09-10T14:00:00+05:30,12612,12622,12600,12612,2853
2026-09-10T14:05:00+05:30,12611,12618,12605,12606,2051
2026-09-10T14:10:00+05:30,12612,12616,12603,12607,1393
2026-09-10T14:15:00+05:30,12607,12615,12596,12600,3664
2026-09-10T14:20:00+05:30,12600,12608,12591,12605,1478
2026-09-10T14:25:00+05:30,12605,12612,12605,12605,1499
2026-09-10T14:30:00+05:30,12611,12613,12602,12607,3322
2026-09-10T14:35:00+05:30,12600,12609,12600,12604,910
2026-09-10T14:40:00+05:30,12604,12625,12600,12623,2922
2026-09-10T14:45:00+05:30,12620,12624,12614,12614,1609
2026-09-10T14:50:00+05:30,12621,12627,12610,12610,6845
2026-09-10T14:55:00+05:30,12611,12615,12598,12599,6539
2026-09-10T15:00:00+05:30,12600,12604,12582,12595,12974
2026-09-10T15:05:00+05:30,12596,12605,12587,12602,28647
2026-09-10T15:10:00+05:30,12600,12605,12577,12600,19326
2026-09-11T09:15:00+05:30,12520,12541,12445,12448,14168
2026-09-11T09:20:00+05:30,12448,12460,12420,12460,4639
2026-09-11T09:25:00+05:30,12461,12469,12444,12468,2850
2026-09-11T09:30:00+05:30,12468,12480,12460,12479,3482
2026-09-11T09:35:00+05:30,12479,12488,12465,12475,1570
2026-09-11T09:40:00+05:30,12476,12483,12463,12475,2080
2026-09-11T09:45:00+05:30,12481,12492,12471,12492,1702
2026-09-11T09:50:00+05:30,12492,12494,12464,12471,2222
2026-09-11T09:55:00+05:30,12464,12469,12460,12465,2533
2026-09-11T10:00:00+05:30,12465,12468,12413,12423,10515
2026-09-11T10:05:00+05:30,12430,12449,12422,12433,9270
2026-09-11T10:10:00+05:30,12432,12450,12430,12439,10533
2026-09-11T10:15:00+05:30,12440,12446,12430,12435,7829
2026-09-11T10:20:00+05:30,12435,12460,12430,12439,33247
2026-09-11T10:25:00+05:30,12440,12478,12439,12460,63561
2026-09-11T10:30:00+05:30,12460,12461,12451,12456,6687
2026-09-11T10:35:00+05:30,12456,12461,12449,12449,6645
2026-09-11T10:40:00+05:30,12449,12454,12430,12440,3285
2026-09-11T10:45:00+05:30,12440,12449,12435,12438,1821
2026-09-11T10:50:00+05:30,12438,12438,12406,12413,9003
2026-09-11T10:55:00+05:30,12413,12423,12410,12415,1059
2026-09-11T11:00:00+05:30,12415,12426,12395,12401,5828
2026-09-11T11:05:00+05:30,12406,12427,12396,12426,1347
2026-09-11T11:10:00+05:30,12426,12449,12422,12449,3626
2026-09-11T11:15:00+05:30,12446,12446,12417,12417,8825
2026-09-11T11:20:00+05:30,12416,12427,12407,12415,11305
2026-09-11T11:25:00+05:30,12417,12423,12410,12416,10201
2026-09-11T11:30:00+05:30,12416,12431,12408,12426,4127
2026-09-11T11:35:00+05:30,12429,12434,12423,12428,1302
2026-09-11T11:40:00+05:30,12426,12434,12421,12428,1502
2026-09-11T11:45:00+05:30,12430,12435,12405,12407,8064
2026-09-11T11:50:00+05:30,12408,12420,12405,12418,1587
2026-09-11T11:55:00+05:30,12418,12423,12402,12414,3075
2026-09-11T12:00:00+05:30,12419,12421,12405,12405,1839
2026-09-11T12:05:00+05:30,12405,12411,12382,12405,7686
2026-09-11T12:10:00+05:30,12405,12410,12395,12400,2173
2026-09-11T12:15:00+05:30,12400,12416,12400,12410,929
2026-09-11T12:20:00+05:30,12410,12414,12401,12409,2072
2026-09-11T12:25:00+05:30,12409,12411,12395,12401,6477
2026-09-11T12:30:00+05:30,12401,12415,12400,12406,1539
2026-09-11T12:35:00+05:30,12409,12411,12400,12403,2191
2026-09-11T12:40:00+05:30,12403,12419,12401,12411,1457
2026-09-11T12:45:00+05:30,12411,12414,12400,12410,3731
2026-09-11T12:50:00+05:30,12413,12423,12410,12421,2117
2026-09-11T12:55:00+05:30,12419,12427,12410,12415,3858
2026-09-11T13:00:00+05:30,12415,12420,12410,12410,951
2026-09-11T13:05:00+05:30,12410,12413,12404,12405,2906
2026-09-11T13:10:00+05:30,12403,12408,12388,12407,3245
2026-09-11T13:15:00+05:30,12407,12408,12383,12384,5978
2026-09-11T13:20:00+05:30,12388,12398,12384,12396,1399
2026-09-11T13:25:00+05:30,12396,12412,12393,12412,21451
2026-09-11T13:30:00+05:30,12412,12432,12411,12418,8313
2026-09-11T13:35:00+05:30,12420,12420,12401,12404,1370
2026-09-11T13:40:00+05:30,12404,12404,12381,12390,4077
2026-09-11T13:45:00+05:30,12390,12394,12386,12391,1447
2026-09-11T13:50:00+05:30,12391,12415,12386,12396,3909
2026-09-11T13:55:00+05:30,12400,12417,12392,12411,18780
2026-09-11T14:00:00+05:30,12415,12449,12410,12433,15633
2026-09-11T14:05:00+05:30,12434,12440,12421,12422,4606
2026-09-11T14:10:00+05:30,12425,12428,12418,12426,2566
2026-09-11T14:15:00+05:30,12427,12429,12419,12425,2351
2026-09-11T14:20:00+05:30,12425,12433,12422,12433,2998
2026-09-11T14:25:00+05:30,12430,12435,12425,12430,3896
2026-09-11T14:30:00+05:30,12430,12454,12429,12436,12267
2026-09-11T14:35:00+05:30,12440,12441,12425,12436,3742
2026-09-11T14:40:00+05:30,12436,12438,12428,12428,3014
2026-09-11T14:45:00+05:30,12432,12432,12420,12422,3524
2026-09-11T14:50:00+05:30,12425,12434,12419,12425,9902
2026-09-11T14:55:00+05:30,12426,12431,12414,12415,10629
2026-09-11T15:00:00+05:30,12410,12410,12396,12406,12483
2026-09-11T15:05:00+05:30,12405,12417,12392,12416,13616
2026-09-11T15:10:00+05:30,12413,12442,12411,12432,30686
2026-09-15T09:15:00+05:30,12462,12462,12375,12385,4582
