date,open,high,low,close,volume
2026-06-08T09:15:00+05:30,426.2,429.8,425.2,429.65,210715
2026-06-08T09:20:00+05:30,430,431.2,428.9,430.6,98993
2026-06-08T09:25:00+05:30,430.6,431.7,429.6,429.7,212915
2026-06-08T09:30:00+05:30,429.9,431.2,429.45,430.9,169770
2026-06-08T09:35:00+05:30,430.9,430.9,428.75,428.9,77940
2026-06-08T09:40:00+05:30,429.2,429.45,427.25,427.5,56365
2026-06-08T09:45:00+05:30,427.55,428.45,426.35,426.5,69466
2026-06-08T09:50:00+05:30,426.35,426.7,425.95,426.5,61716
2026-06-08T09:55:00+05:30,426.8,427.95,426.5,427.75,57063
2026-06-08T10:00:00+05:30,427.95,427.95,426.5,426.6,27508
2026-06-08T10:05:00+05:30,426.8,427.85,426.05,427.7,45839
2026-06-08T10:10:00+05:30,427.6,427.9,427.5,427.75,12196
2026-06-08T10:15:00+05:30,427.75,428.2,427.3,428.2,35366
2026-06-08T10:20:00+05:30,428,428.75,428,428.15,33513
2026-06-08T10:25:00+05:30,428.25,428.4,427.45,427.85,78551
2026-06-08T10:30:00+05:30,427.85,429.85,427.75,429.25,247102
2026-06-08T10:35:00+05:30,429.25,431.3,428.95,431.3,56146
2026-06-08T10:40:00+05:30,431.3,432.5,431.05,431.5,74846
2026-06-08T10:45:00+05:30,431.5,432.45,430.55,432.4,102568
2026-06-08T10:50:00+05:30,432.5,434.35,432,432.8,110134
2026-06-08T10:55:00+05:30,432.8,433.95,432.35,433.95,44148
2026-06-08T11:00:00+05:30,433.75,433.75,432.9,432.95,19493
2026-06-08T11:05:00+05:30,432.9,433.6,432.75,433.35,34991
2026-06-08T11:10:00+05:30,433.35,433.35,430.8,431.1,201716
2026-06-08T11:15:00+05:30,431.05,431.4,430.3,431.4,55876
2026-06-08T11:20:00+05:30,431.4,431.6,429.9,429.9,159378
2026-06-08T11:25:00+05:30,430.05,430.6,429.7,430.4,58039
2026-06-08T11:30:00+05:30,430.4,430.9,429.8,429.95,39823
2026-06-08T11:35:00+05:30,430.15,431.35,428.9,431.1,411448
2026-06-08T11:40:00+05:30,431.1,431.9,430.9,431.8,152095
2026-06-08T11:45:00+05:30,431.7,432.75,431.6,432.5,55255
2026-06-08T11:50:00+05:30,432.5,432.9,432.05,432.5,41229
2026-06-08T11:55:00+05:30,432.5,433.6,432.3,432.85,45594
2026-06-08T12:00:00+05:30,432.85,433.05,431.6,432.45,68306
2026-06-08T12:05:00+05:30,432.45,433,432.05,432.8,38711
2026-06-08T12:10:00+05:30,432.8,433.6,432.7,433.3,31375
2026-06-08T12:15:00+05:30,433.3,433.5,432.7,433.4,33752
2026-06-08T12:20:00+05:30,433.4,434,433.3,433.95,31507
2026-06-08T12:25:00+05:30,433.85,433.95,433.35,433.85,28272
2026-06-08T12:30:00+05:30,433.85,434.45,433.6,434.3,113310
2026-06-08T12:35:00+05:30,434.3,434.45,434.05,434.1,37044
2026-06-08T12:40:00+05:30,434.05,434.9,434.05,434.9,51763
2026-06-08T12:45:00+05:30,434.9,435.25,434.3,435.15,100792
2026-06-08T12:50:00+05:30,435,435.4,434.65,434.9,51767
2026-06-08T12:55:00+05:30,434.85,435.1,433.8,434,119797
2026-06-08T13:00:00+05:30,434,434.6,433.6,433.75,50503
2026-06-08T13:05:00+05:30,433.75,434.4,433.65,434,45309
2026-06-08T13:10:00+05:30,433.8,434.45,433.65,433.95,49875
2026-06-08T13:15:00+05:30,433.95,434.5,433.75,434,49056
2026-06-08T13:20:00+05:30,433.95,434.15,433.8,433.9,44852
2026-06-08T13:25:00+05:30,433.9,434.2,433.5,434,58500
2026-06-08T13:30:00+05:30,434,434.05,432.6,432.85,314700
2026-06-08T13:35:00+05:30,432.85,433.05,432,432,168597
2026-06-08T13:40:00+05:30,432,432,431.5,431.5,91222
2026-06-08T13:45:00+05:30,431.5,432.35,431.1,432.25,122127
2026-06-08T13:50:00+05:30,432.1,433.2,432.1,432.75,50179
2026-06-08T13:55:00+05:30,432.75,432.8,432,432.25,78997
2026-06-08T14:00:00+05:30,432.55,433.45,432.5,432.95,69231
2026-06-08T14:05:00+05:30,432.95,433.3,432.25,432.8,61540
2026-06-08T14:10:00+05:30,432.8,433.2,432.35,432.95,45936
2026-06-08T14:15:00+05:30,432.95,433.1,432.3,432.6,52350
2026-06-08T14:20:00+05:30,432.5,432.5,432,432.1,35900
2026-06-08T14:25:00+05:30,432.25,432.35,431.85,431.95,40775
2026-06-08T14:30:00+05:30,431.8,432.5,431.65,432.15,39431
2026-06-08T14:35:00+05:30,432,432.6,431.85,431.95,47350
2026-06-08T14:40:00+05:30,431.95,432.2,431.6,431.85,44527
2026-06-08T14:45:00+05:30,431.95,432.05,431.25,431.45,62206
2026-06-08T14:50:00+05:30,431.45,431.7,430.9,430.9,44052
2026-06-08T14:55:00+05:30,430.9,431.5,430.35,431.3,64278
2026-06-08T15:00:00+05:30,430.95,430.95,428.15,428.4,162396
2026-06-08T15:05:00+05:30,428.45,429.5,428.15,429.2,148988
2026-06-08T15:10:00+05:30,429.25,429.25,428.6,428.6,112326
2026-06-08T15:15:00+05:30,428.6,429.05,428.5,428.9,117519
2026-06-08T15:20:00+05:30,428.9,429,427.3,427.45,271367
2026-06-08T15:25:00+05:30,427.45,429,426.5,428,195195
2026-06-09T09:15:00+05:30,430.3,432,429.7,431.7,164168
2026-06-09T09:20:00+05:30,431.7,433.9,431.7,433.6,116325
2026-06-09T09:25:00+05:30,433.7,434.4,432.7,432.7,85329
2026-06-09T09:30:00+05:30,432.95,433.3,432.25,432.3,62915
2026-06-09T09:35:00+05:30,432.3,432.65,431.8,432.45,37875
2026-06-09T09:40:00+05:30,432.4,433.7,431.95,433.2,176983
2026-06-09T09:45:00+05:30,433.15,435.9,433.15,435.35,177381
2026-06-09T09:50:00+05:30,435.6,438,435.4,437.3,402567
2026-06-09T09:55:00+05:30,437.4,437.7,436,436,71135
2026-06-09T10:00:00+05:30,436.05,436.35,435.1,435.2,337420
2026-06-09T10:05:00+05:30,435.4,435.75,435.25,435.45,76908
2026-06-09T10:10:00+05:30,435.45,436.6,435.45,435.8,227817
2026-06-09T10:15:00+05:30,435.8,436.55,435.75,436.2,147475
2026-06-09T10:20:00+05:30,436.2,436.7,435.1,435.25,60767
2026-06-09T10:25:00+05:30,435.25,436.05,435.2,435.9,44814
2026-06-09T10:30:00+05:30,436.1,436.1,435,435.6,223356
2026-06-09T10:35:00+05:30,435.8,435.85,435,435.05,25342
2026-06-09T10:40:00+05:30,435.1,436.2,435.05,435.15,188915
2026-06-09T10:45:00+05:30,435.15,436.1,434.95,435,151310
2026-06-09T10:50:00+05:30,434.2,435.45,434.05,435.3,138211
2026-06-09T10:55:00+05:30,435.25,435.8,434.6,435.8,36499
2026-06-09T11:00:00+05:30,435.8,435.9,435.3,435.55,19368
2026-06-09T11:05:00+05:30,435.75,436.9,435.5,436.4,49621
2026-06-09T11:10:00+05:30,436.4,437.2,435.8,435.85,148913
2026-06-09T11:15:00+05:30,435.85,436,435.05,435.45,37778
2026-06-09T11:20:00+05:30,435.45,435.5,434.45,434.5,15844
2026-06-09T11:25:00+05:30,434.5,434.9,434.1,434.75,43949
2026-06-09T11:30:00+05:30,434.75,434.75,434.4,434.7,19415
2026-06-09T11:35:00+05:30,434.7,435.3,434.55,434.8,37639
2026-06-09T11:40:00+05:30,434.8,435.2,434.4,435.05,50438
2026-06-09T11:45:00+05:30,434.95,436,434.8,435.25,20191
2026-06-09T11:50:00+05:30,435.25,435.7,434.85,435.3,23044
2026-06-09T11:55:00+05:30,435.3,436,435.15,435.7,30768
2026-06-09T12:00:00+05:30,435.7,436,435.65,435.85,18652
2026-06-09T12:05:00+05:30,435.85,436.35,435.8,435.8,23592
2026-06-09T12:10:00+05:30,435.85,436.15,435.7,436.1,18964
2026-06-09T12:15:00+05:30,436.1,436.45,436.1,436.2,23362
2026-06-09T12:20:00+05:30,436.15,436.8,436.05,436.25,37005
2026-06-09T12:25:00+05:30,436.15,436.25,436,436,9803
2026-06-09T12:30:00+05:30,436.05,436.4,435.75,436.1,34622
2026-06-09T12:35:00+05:30,436.05,436.25,435.7,435.9,16013
2026-06-09T12:40:00+05:30,435.9,436.45,435.85,435.9,11363
2026-06-09T12:45:00+05:30,435.9,435.9,435.15,435.15,12004
2026-06-09T12:50:00+05:30,435.15,435.15,434.55,434.55,27061
2026-06-09T12:55:00+05:30,434.55,434.65,433.8,433.8,59893
2026-06-09T13:00:00+05:30,433.85,434.45,433.65,433.75,50572
2026-06-09T13:05:00+05:30,433.75,434.55,433.75,434.15,23642
2026-06-09T13:10:00+05:30,434.15,435.95,434.05,435.8,52031
2026-06-09T13:15:00+05:30,435.8,436,435.3,435.5,29423
2026-06-09T13:20:00+05:30,435.65,435.75,434.9,434.95,29046
2026-06-09T13:25:00+05:30,434.95,435.9,434.95,435.55,37253
2026-06-09T13:30:00+05:30,435.55,435.75,435.35,435.65,13982
2026-06-09T13:35:00+05:30,435.65,436.3,435.65,436.3,31925
2026-06-09T13:40:00+05:30,436.3,436.4,436.05,436.25,18722
2026-06-09T13:45:00+05:30,436.3,436.3,436,436,11675
2026-06-09T13:50:00+05:30,435.95,436.1,435.25,435.45,17576
2026-06-09T13:55:00+05:30,435.45,436,435.1,435.85,24223
2026-06-09T14:00:00+05:30,435.85,436.05,435.6,435.9,30755
2026-06-09T14:05:00+05:30,435.85,435.9,435.55,435.75,14546
2026-06-09T14:10:00+05:30,435.7,436,435.65,435.7,9403
2026-06-09T14:15:00+05:30,435.65,436.1,435.45,435.85,29237
2026-06-09T14:20:00+05:30,435.9,435.9,435.5,435.6,11865
2026-06-09T14:25:00+05:30,435.6,436.35,435.6,436.25,38870
2026-06-09T14:30:00+05:30,436.25,436.7,435.85,436.4,55041
2026-06-09T14:35:00+05:30,436.4,436.95,436.1,436.85,47707
2026-06-09T14:40:00+05:30,436.85,436.85,435.75,435.8,271490
2026-06-09T14:45:00+05:30,435.8,436,435.25,435.25,48229
2026-06-09T14:50:00+05:30,435.25,436.2,435.1,436,162131
2026-06-09T14:55:00+05:30,436,436.25,435.85,436,240472
2026-06-09T15:00:00+05:30,436,436,434.75,435.6,132149
2026-06-09T15:05:00+05:30,435.6,436,435.5,435.6,108082
2026-06-09T15:10:00+05:30,435.6,436,435.4,436,102431
2026-06-09T15:15:00+05:30,436,436,435.5,435.75,112508
2026-06-09T15:20:00+05:30,435.8,435.8,435.15,435.35,147308
2026-06-09T15:25:00+05:30,435.35,436,435.35,435.7,207805
2026-06-10T09:15:00+05:30,435.6,436.8,433.85,434.4,124038
2026-06-10T09:20:00+05:30,434.5,435.2,433.5,435.1,67201
2026-06-10T09:25:00+05:30,435.1,436,434.4,435.8,45277
2026-06-10T09:30:00+05:30,435.9,438.75,435.7,438.35,131070
2026-06-10T09:35:00+05:30,438.4,438.55,437.4,438.4,86768
2026-06-10T09:40:00+05:30,438.4,438.5,436.3,436.5,122168
2026-06-10T09:45:00+05:30,436.45,438.9,436.35,438.55,119938
2026-06-10T09:50:00+05:30,438.45,438.55,437.5,437.5,22245
2026-06-10T09:55:00+05:30,437.4,437.8,436.3,436.95,283921
2026-06-10T10:00:00+05:30,436.95,437,436.4,436.55,76977
2026-06-10T10:05:00+05:30,436.65,436.7,436.25,436.35,12120
2026-06-10T10:10:00+05:30,436.35,436.4,435,435.05,55776
2026-06-10T10:15:00+05:30,435,435.75,434.45,435.7,43298
2026-06-10T10:20:00+05:30,435.7,435.95,435.25,435.8,74102
2026-06-10T10:25:00+05:30,436,436,435.4,435.7,12659
2026-06-10T10:30:00+05:30,435.7,437.1,435.6,436.95,139809
2026-06-10T10:35:00+05:30,436.9,437.1,436.2,436.5,33029
2026-06-10T10:40:00+05:30,436.6,436.9,436.25,436.65,19019
2026-06-10T10:45:00+05:30,436.65,436.8,436,436.65,28807
2026-06-10T10:50:00+05:30,437.15,440.45,437.15,440.45,364946
2026-06-10T10:55:00+05:30,440.4,440.65,439.5,439.9,283218
2026-06-10T11:00:00+05:30,439.9,439.9,436.6,437.9,152018
2026-06-10T11:05:00+05:30,437.85,437.9,436.45,437.45,50876
2026-06-10T11:10:00+05:30,437.5,438,437.05,437.15,27299
2026-06-10T11:15:00+05:30,437.15,437.5,436.05,436.1,55530
2026-06-10T11:20:00+05:30,436.2,436.45,435.8,436.3,55095
2026-06-10T11:25:00+05:30,436.3,437,436.2,436.7,40229
2026-06-10T11:30:00+05:30,436.65,436.7,436.3,436.4,18004
2026-06-10T11:35:00+05:30,436.4,436.65,436.3,436.3,15791
2026-06-10T11:40:00+05:30,436.3,436.8,436.15,436.15,12853
2026-06-10T11:45:00+05:30,436.15,437.1,436.05,437,18112
2026-06-10T11:50:00+05:30,437,437,436.1,436.6,17782
2026-06-10T11:55:00+05:30,436.6,436.9,436.5,436.6,16634
2026-06-10T12:00:00+05:30,436.55,436.55,436,436.3,11671
2026-06-10T12:05:00+05:30,436.15,436.9,436,436.8,47895
2026-06-10T12:10:00+05:30,436.8,436.9,436.5,436.9,20430
2026-06-10T12:15:00+05:30,436.9,437.7,436.7,437.7,36455
2026-06-10T12:20:00+05:30,437.7,437.8,437.2,437.3,14491
2026-06-10T12:25:00+05:30,437.3,437.3,436.7,436.85,15903
2026-06-10T12:30:00+05:30,436.85,436.9,436.5,436.75,12938
2026-06-10T12:35:00+05:30,436.75,437.1,436.7,437,12206
2026-06-10T12:40:00+05:30,437,437,435.6,435.7,32894
2026-06-10T12:45:00+05:30,435.45,436,435.1,435.95,52695
2026-06-10T12:50:00+05:30,435.95,436.3,435.75,436,129136
2026-06-10T12:55:00+05:30,435.9,436,435.3,435.8,12715
2026-06-10T13:00:00+05:30,436,436.55,435.75,436.55,16431
2026-06-10T13:05:00+05:30,436.4,436.5,435.65,436,12798
2026-06-10T13:10:00+05:30,435.65,436,435.25,435.6,14265
2026-06-10T13:15:00+05:30,435.7,435.75,435.1,435.1,97797
2026-06-10T13:20:00+05:30,435.15,435.25,434.5,434.5,33539
2026-06-10T13:25:00+05:30,434.6,435.65,434.5,435.45,19224
2026-06-10T13:30:00+05:30,435.4,435.55,434.8,434.8,9175
2026-06-10T13:35:00+05:30,434.8,434.95,434.5,434.5,10280
2026-06-10T13:40:00+05:30,434.5,435.15,434.05,434.05,32627
2026-06-10T13:45:00+05:30,434.05,435.1,434.05,434.8,17295
2026-06-10T13:50:00+05:30,434.8,435,434.15,434.65,17463
2026-06-10T13:55:00+05:30,434.65,435,434.45,434.65,8881
2026-06-10T14:00:00+05:30,434.6,435.35,434.55,435.2,11704
2026-06-10T14:05:00+05:30,435.2,435.45,434.8,434.95,20801
2026-06-10T14:10:00+05:30,434.85,435.1,434.05,434.1,19222
2026-06-10T14:15:00+05:30,434.1,434.75,434.1,434.7,6346
2026-06-10T14:20:00+05:30,434.7,434.75,434.3,434.55,9079
2026-06-10T14:25:00+05:30,434.6,434.6,433.8,434.3,13507
2026-06-10T14:30:00+05:30,434.3,434.35,433.85,434.25,16245
2026-06-10T14:35:00+05:30,434.25,434.25,432.85,433.15,79179
2026-06-10T14:40:00+05:30,433.15,433.4,432.3,432.5,27951
2026-06-10T14:45:00+05:30,432.5,433.1,432,432.45,127066
2026-06-10T14:50:00+05:30,432.45,432.45,431.8,432,36623
2026-06-10T14:55:00+05:30,432.05,433.2,432.05,433,28851
2026-06-10T15:00:00+05:30,433.15,433.15,432.2,432.6,59488
2026-06-10T15:05:00+05:30,432.8,433.25,431.85,431.95,137358
2026-06-10T15:10:00+05:30,432.05,432.2,430.75,430.8,100275
2026-06-10T15:15:00+05:30,430.6,431,429.9,430.9,135717
2026-06-10T15:20:00+05:30,430.85,430.9,429.95,430.2,124989
2026-06-10T15:25:00+05:30,430.35,431.5,430.2,431,79809
2026-06-11T09:15:00+05:30,429.9,429.9,422.9,423.9,516946
2026-06-11T09:20:00+05:30,423.65,425.6,423.65,424.05,131303
2026-06-11T09:25:00+05:30,423.9,424,420.05,420.05,287798
2026-06-11T09:30:00+05:30,419.95,420.2,417.55,418.7,259042
2026-06-11T09:35:00+05:30,418.55,420.3,418.15,420.3,232754
2026-06-11T09:40:00+05:30,420,420,417,417.45,220493
2026-06-11T09:45:00+05:30,417.5,419.2,416.6,417.45,320584
2026-06-11T09:50:00+05:30,417.6,418,416.55,416.95,154177
2026-06-11T09:55:00+05:30,416.95,417.6,415.55,417.25,149106
2026-06-11T10:00:00+05:30,417.35,417.4,416.1,416.4,100085
2026-06-11T10:05:00+05:30,416.4,417.55,416.2,417.2,125635
2026-06-11T10:10:00+05:30,417.05,417.2,416,416.1,137360
2026-06-11T10:15:00+05:30,416.05,418.35,415.2,418.35,202407
2026-06-11T10:20:00+05:30,418.3,419.2,417.85,419,207246
2026-06-11T10:25:00+05:30,419,419.1,418.4,418.6,77004
2026-06-11T10:30:00+05:30,418.6,419.35,418.5,419.1,69323
2026-06-11T10:35:00+05:30,419.2,419.8,418.7,419.8,120839
2026-06-11T10:40:00+05:30,419.75,420.85,419.55,420.25,133906
2026-06-11T10:45:00+05:30,420.25,421.5,419.9,420.75,91983
2026-06-11T10:50:00+05:30,420.9,421,419.35,420.2,95139
2026-06-11T10:55:00+05:30,420.2,420.25,419.35,420.05,79547
2026-06-11T11:00:00+05:30,420,420.15,419.1,420.1,45772
2026-06-11T11:05:00+05:30,420.1,421.5,420,420.65,66876
2026-06-11T11:10:00+05:30,420.65,420.8,419.55,420,49752
2026-06-11T11:15:00+05:30,420,421.45,419.7,420.95,50136
2026-06-11T11:20:00+05:30,420.95,421.8,420.9,421.3,49467
2026-06-11T11:25:00+05:30,421.3,422.75,421.25,422.5,54712
2026-06-11T11:30:00+05:30,422.7,423.7,422.2,422.45,87497
2026-06-11T11:35:00+05:30,422.2,422.4,421.2,421.5,59413
2026-06-11T11:40:00+05:30,421.65,422.45,421.4,422.45,29894
2026-06-11T11:45:00+05:30,422.45,423,420.55,420.55,148575
2026-06-11T11:50:00+05:30,420.55,421.2,420.2,420.6,90649
2026-06-11T11:55:00+05:30,420.6,420.7,419.9,420.1,50933
2026-06-11T12:00:00+05:30,420.1,420.6,418.5,418.5,124709
2026-06-11T12:05:00+05:30,418.5,418.6,417.1,417.3,108680
2026-06-11T12:10:00+05:30,417.3,417.75,416.9,417.6,84694
2026-06-11T12:15:00+05:30,417.6,418.05,416.55,416.6,94460
2026-06-11T12:20:00+05:30,416.6,416.85,415.7,416,116650
2026-06-11T12:25:00+05:30,416,416.5,415.25,415.55,115769
2026-06-11T12:30:00+05:30,415.55,418,415.55,417.6,111125
2026-06-11T12:35:00+05:30,417.6,419.25,417.6,419.15,156190
2026-06-11T12:40:00+05:30,419.15,419.5,417.1,417.1,86104
2026-06-11T12:45:00+05:30,417.1,417.4,416.1,416.15,67973
2026-06-11T12:50:00+05:30,416.15,416.9,416.15,416.75,32647
2026-06-11T12:55:00+05:30,416.75,417.65,416.6,417.5,50251
2026-06-11T13:00:00+05:30,417.5,417.75,416.5,416.55,34234
2026-06-11T13:05:00+05:30,416.75,416.75,414.75,414.75,140332
2026-06-11T13:10:00+05:30,415.05,415.4,414.8,415,83079
2026-06-11T13:15:00+05:30,415.15,415.3,414.15,414.15,72622
2026-06-11T13:20:00+05:30,414.2,414.2,413.3,413.7,155175
2026-06-11T13:25:00+05:30,413.7,414.25,413.35,414,72823
2026-06-11T13:30:00+05:30,414.05,415,414.05,414.4,85408
2026-06-11T13:35:00+05:30,414.45,414.95,413.3,413.35,69675
2026-06-11T13:40:00+05:30,413.35,413.6,413,413.25,73012
2026-06-11T13:45:00+05:30,413.15,414.25,413.05,413.6,73047
2026-06-11T13:50:00+05:30,413.4,413.9,413.35,413.6,58615
2026-06-11T13:55:00+05:30,413.6,413.65,413.05,413.1,57752
2026-06-11T14:00:00+05:30,413.1,413.8,412.5,413.45,130887
2026-06-11T14:05:00+05:30,413.45,413.6,412.6,413.4,114262
2026-06-11T14:10:00+05:30,413.25,413.5,412.7,413.25,77819
2026-06-11T14:15:00+05:30,413.25,413.55,412.55,413.1,81913
2026-06-11T14:20:00+05:30,413.3,413.7,412.7,412.85,103193
2026-06-11T14:25:00+05:30,412.85,414.6,412.8,414.15,102804
2026-06-11T14:30:00+05:30,413.6,414.75,413.6,414.05,134890
2026-06-11T14:35:00+05:30,414.3,414.45,414,414.3,227585
2026-06-11T14:40:00+05:30,414.3,414.6,414,414.05,77408
2026-06-11T14:45:00+05:30,414.3,414.3,413.1,413.6,118516
2026-06-11T14:50:00+05:30,413.5,414.1,413.25,413.45,98476
2026-06-11T14:55:00+05:30,413.2,413.5,412.65,413.3,112252
2026-06-11T15:00:00+05:30,414,414,412.85,412.95,107431
2026-06-11T15:05:00+05:30,412.85,413.55,412.65,413.05,234945
2026-06-11T15:10:00+05:30,413.15,414.05,412.85,413.9,187506
2026-06-11T15:15:00+05:30,413.9,414.65,413.45,413.8,234823
2026-06-11T15:20:00+05:30,413.8,414,413.2,413.45,256496
2026-06-11T15:25:00+05:30,413.45,414.3,413.25,414.3,216629
2026-06-12T09:15:00+05:30,418.1,419.5,416,417.65,201463
2026-06-12T09:20:00+05:30,417.65,417.9,416.45,416.7,352520
2026-06-12T09:25:00+05:30,416.7,416.95,415.15,415.55,97892
2026-06-12T09:30:00+05:30,415.55,416.5,415.5,416.35,102621
2026-06-12T09:35:00+05:30,416.4,416.7,415.6,415.85,55332
2026-06-12T09:40:00+05:30,415.85,416.1,415.55,415.6,35824
2026-06-12T09:45:00+05:30,415.6,416.3,415.25,416.2,62699
2026-06-12T09:50:00+05:30,416.05,416.5,415,415.05,54058
2026-06-12T09:55:00+05:30,415.3,415.4,414.5,415,76677
2026-06-12T10:00:00+05:30,415,415.8,414.8,415.8,53767
2026-06-12T10:05:00+05:30,415.8,416.85,415.8,416.25,117478
2026-06-12T10:10:00+05:30,416.25,416.7,416.05,416.25,36736
2026-06-12T10:15:00+05:30,416.45,416.7,416,416.2,57600
2026-06-12T10:20:00+05:30,416.2,417,415.85,416.75,32701
2026-06-12T10:25:00+05:30,416.75,417.45,416.65,417.05,41270
2026-06-12T10:30:00+05:30,417.05,417.45,416.7,416.85,48070
2026-06-12T10:35:00+05:30,416.95,416.95,416.55,416.55,20220
2026-06-12T10:40:00+05:30,416.55,417.55,416.5,417.25,40909
2026-06-12T10:45:00+05:30,417.25,418.55,417.05,418.2,82877
2026-06-12T10:50:00+05:30,418.2,418.65,417.6,418.65,65837
2026-06-12T10:55:00+05:30,418.7,419.2,418.4,418.4,50874
2026-06-12T11:00:00+05:30,418.4,418.45,417.65,417.85,36310
2026-06-12T11:05:00+05:30,417.65,418,417.4,417.55,32381
2026-06-12T11:10:00+05:30,417.65,418.7,417.45,418.6,78000
2026-06-12T11:15:00+05:30,418.45,418.85,418.1,418.5,72477
2026-06-12T11:20:00+05:30,418.55,418.55,418.05,418.25,24862
2026-06-12T11:25:00+05:30,418.1,418.15,417.15,417.15,33818
2026-06-12T11:30:00+05:30,417.15,418.2,417.15,418.05,52266
2026-06-12T11:35:00+05:30,418,418.25,417.8,418.15,48581
2026-06-12T11:40:00+05:30,418.25,418.35,417.05,417.1,52775
2026-06-12T11:45:00+05:30,417.05,417.95,417.05,417.75,44088
2026-06-12T11:50:00+05:30,417.75,418.55,417.65,418.45,102759
2026-06-12T11:55:00+05:30,418.45,418.5,418.2,418.25,32157
2026-06-12T12:00:00+05:30,418.25,418.65,418.2,418.25,45270
2026-06-12T12:05:00+05:30,418.25,418.35,417.35,417.4,28565
2026-06-12T12:10:00+05:30,417.4,417.5,416.5,416.7,47578
2026-06-12T12:15:00+05:30,416.7,417,416.1,416.2,30876
2026-06-12T12:20:00+05:30,416.2,416.65,416.15,416.6,29070
2026-06-12T12:25:00+05:30,416.5,417.05,416.45,416.75,38673
2026-06-12T12:30:00+05:30,416.75,416.85,416.2,416.3,23522
2026-06-12T12:35:00+05:30,416.3,416.8,416.15,416.35,35133
2026-06-12T12:40:00+05:30,416.35,416.75,415.7,415.7,27304
2026-06-12T12:45:00+05:30,415.9,415.9,415.5,415.6,21004
2026-06-12T12:50:00+05:30,415.6,415.9,415.35,415.65,39371
2026-06-12T12:55:00+05:30,415.75,415.75,415.3,415.3,18975
2026-06-12T13:00:00+05:30,415.35,415.4,414.6,415.15,74550
2026-06-12T13:05:00+05:30,415.1,415.9,414.2,414.95,140722
2026-06-12T13:10:00+05:30,414.95,414.95,414.4,414.5,22761
2026-06-12T13:15:00+05:30,414.5,415.2,414.4,414.95,47697
2026-06-12T13:20:00+05:30,414.95,415.15,414.6,414.6,29168
2026-06-12T13:25:00+05:30,414.6,416.55,414.5,416.4,58331
2026-06-12T13:30:00+05:30,416.5,416.9,415.25,415.55,56981
2026-06-12T13:35:00+05:30,415.55,416,415.45,415.7,36551
2026-06-12T13:40:00+05:30,415.7,416.9,415.7,416.75,55849
2026-06-12T13:45:00+05:30,416.9,418.4,416.4,418.15,129150
2026-06-12T13:50:00+05:30,418.1,419.35,417.8,419.3,170366
2026-06-12T13:55:00+05:30,419.1,419.75,418.95,419.4,88850
2026-06-12T14:00:00+05:30,419.4,419.4,417.65,417.65,82033
2026-06-12T14:05:00+05:30,417.65,417.65,415.55,416.55,144211
2026-06-12T14:10:00+05:30,416.55,417.05,416.1,416.65,63636
2026-06-12T14:15:00+05:30,416.65,417.6,416.35,417.6,54272
2026-06-12T14:20:00+05:30,417.6,419.05,417.45,418.7,123846
2026-06-12T14:25:00+05:30,418.7,419.3,418.2,418.4,91450
2026-06-12T14:30:00+05:30,418.45,419.9,418.2,419.4,174484
2026-06-12T14:35:00+05:30,419.4,419.95,419.2,419.65,70585
2026-06-12T14:40:00+05:30,419.7,421,419.65,420.95,155867
2026-06-12T14:45:00+05:30,420.9,420.9,419.6,420.05,96961
2026-06-12T14:50:00+05:30,420.05,420.75,419.6,420.35,128419
2026-06-12T14:55:00+05:30,420.35,420.9,420.3,420.45,77859
2026-06-12T15:00:00+05:30,420.45,421.3,420.35,421.25,146564
2026-06-12T15:05:00+05:30,421.25,421.6,420.9,421.3,125478
2026-06-12T15:10:00+05:30,420.95,421.25,420.15,421.15,102933
2026-06-12T15:15:00+05:30,421.35,421.55,420.9,421.3,93734
2026-06-12T15:20:00+05:30,421.3,421.3,421,421.05,82751
2026-06-12T15:25:00+05:30,421.05,421.5,420.85,421,114773
2026-06-15T09:15:00+05:30,426.5,430.25,425.3,428.4,237045
2026-06-15T09:20:00+05:30,428.2,428.95,427.05,427.05,97081
2026-06-15T09:25:00+05:30,427.2,427.75,427,427.1,158304
2026-06-15T09:30:00+05:30,427.3,431.55,427.3,430.6,448546
2026-06-15T09:35:00+05:30,430.6,431.1,430,430.4,123282
2026-06-15T09:40:00+05:30,430.6,430.7,430.05,430.45,61889
2026-06-15T09:45:00+05:30,430.55,430.55,429.85,430.15,53341
2026-06-15T09:50:00+05:30,430,430,428.9,429.5,60419
2026-06-15T09:55:00+05:30,429.5,429.95,428.9,429.95,70904
2026-06-15T10:00:00+05:30,430.2,433,430.15,432.15,191351
2026-06-15T10:05:00+05:30,432.3,432.35,431.35,431.6,63196
2026-06-15T10:10:00+05:30,431.65,431.75,431.05,431.2,52057
2026-06-15T10:15:00+05:30,431.25,432.25,431.15,432.05,67299
2026-06-15T10:20:00+05:30,432.25,433.7,432.25,432.55,167461
2026-06-15T10:25:00+05:30,432.6,433.1,432.35,432.9,62981
2026-06-15T10:30:00+05:30,432.9,433.2,432.9,432.9,73115
2026-06-15T10:35:00+05:30,432.95,433.15,432.55,432.6,96263
2026-06-15T10:40:00+05:30,432.55,432.7,432.15,432.25,58391
2026-06-15T10:45:00+05:30,432.25,433.05,432.2,432.85,31079
2026-06-15T10:50:00+05:30,432.85,433.25,432.8,432.8,52046
2026-06-15T10:55:00+05:30,432.9,433.05,432.5,432.8,39942
2026-06-15T11:00:00+05:30,432.9,433,432.5,432.8,55923
2026-06-15T11:05:00+05:30,432.8,432.8,431.7,431.8,26807
2026-06-15T11:10:00+05:30,431.8,432.65,431.75,432.35,80000
2026-06-15T11:15:00+05:30,432.45,432.45,432.1,432.2,23718
2026-06-15T11:20:00+05:30,432.15,432.2,431.9,432,41344
2026-06-15T11:25:00+05:30,432,432.05,430.1,430.2,76972
2026-06-15T11:30:00+05:30,430.2,430.7,429.75,430.2,51451
2026-06-15T11:35:00+05:30,430.2,430.2,429.45,429.55,50185
2026-06-15T11:40:00+05:30,429.55,430,429.55,429.75,23356
2026-06-15T11:45:00+05:30,429.7,429.7,429.2,429.4,54399
2026-06-15T11:50:00+05:30,429.4,429.85,429.1,429.75,37273
2026-06-15T11:55:00+05:30,429.75,429.8,429.15,429.15,26549
2026-06-15T12:00:00+05:30,429.15,429.25,427.95,428,240837
2026-06-15T12:05:00+05:30,428,429.3,427.95,429.05,58836
2026-06-15T12:10:00+05:30,429.05,429.7,428.9,429.15,78439
2026-06-15T12:15:00+05:30,429.15,429.25,428.8,428.95,32679
2026-06-15T12:20:00+05:30,428.95,429.65,428.75,429.4,49070
2026-06-15T12:25:00+05:30,429.35,429.5,428.2,428.3,64924
2026-06-15T12:30:00+05:30,428.3,429.1,428.3,428.8,62634
2026-06-15T12:35:00+05:30,428.9,429.05,428.75,428.8,20794
2026-06-15T12:40:00+05:30,428.75,428.8,427.85,428,70468
2026-06-15T12:45:00+05:30,427.9,428,427.85,427.95,16390
2026-06-15T12:50:00+05:30,427.95,428.15,427.6,428.05,43388
2026-06-15T12:55:00+05:30,428,428.25,427.9,428.2,23707
2026-06-15T13:00:00+05:30,428.2,428.25,427.95,427.95,21694
2026-06-15T13:05:00+05:30,427.85,428.15,427.55,428,38599
2026-06-15T13:10:00+05:30,427.95,428.55,427.9,428.3,47804
2026-06-15T13:15:00+05:30,428.2,428.3,427.9,428.05,29642
2026-06-15T13:20:00+05:30,428.05,428.75,428,428.6,29504
2026-06-15T13:25:00+05:30,428.55,428.9,428.3,428.45,31372
2026-06-15T13:30:00+05:30,428.45,428.5,428.15,428.4,27836
2026-06-15T13:35:00+05:30,428.4,428.65,428.25,428.35,22166
2026-06-15T13:40:00+05:30,428.3,428.55,427.8,427.95,39583
2026-06-15T13:45:00+05:30,427.95,428.6,427.8,428.45,40229
2026-06-15T13:50:00+05:30,428.45,428.45,427.65,427.75,30472
2026-06-15T13:55:00+05:30,427.8,428.4,427.65,428.3,50791
2026-06-15T14:00:00+05:30,428.3,428.9,428.2,428.25,45863
2026-06-15T14:05:00+05:30,428.2,428.25,427.9,428.1,47220
2026-06-15T14:10:00+05:30,428,428.2,427.2,427.3,68797
2026-06-15T14:15:00+05:30,427.35,427.9,427.2,427.55,42862
2026-06-15T14:20:00+05:30,427.55,427.9,427.25,427.35,105413
2026-06-15T14:25:00+05:30,427.35,427.5,427.05,427.2,65253
2026-06-15T14:30:00+05:30,427.2,427.65,427,427.2,109116
2026-06-15T14:35:00+05:30,427.1,427.3,426.75,426.9,69421
2026-06-15T14:40:00+05:30,426.9,426.9,426,426.2,83575
2026-06-15T14:45:00+05:30,426.15,427,426.05,426.75,85619
2026-06-15T14:50:00+05:30,426.75,426.75,425.9,426.15,65498
2026-06-15T14:55:00+05:30,426.1,426.15,425.6,425.85,50335
2026-06-15T15:00:00+05:30,425.95,426.45,424.95,425.6,175908
2026-06-15T15:05:00+05:30,425.6,425.65,424.45,424.7,109904
2026-06-15T15:10:00+05:30,424.7,424.7,423.2,423.85,161255
2026-06-15T15:15:00+05:30,423.85,424.65,423.8,424.25,147557
2026-06-15T15:20:00+05:30,424.25,424.6,423.65,424.1,210706
2026-06-15T15:25:00+05:30,424.1,425.3,423.95,424.7,168544
2026-06-16T09:15:00+05:30,426.5,428.85,425.9,428.85,181410
2026-06-16T09:20:00+05:30,428.7,430.45,428.2,430.45,175053
2026-06-16T09:25:00+05:30,431.15,433.5,430.6,432.9,296684
2026-06-16T09:30:00+05:30,432.9,433.9,432.55,432.95,201285
2026-06-16T09:35:00+05:30,433.05,433.95,432.45,432.7,229974
2026-06-16T09:40:00+05:30,432.25,432.55,431.3,431.45,158242
2026-06-16T09:45:00+05:30,431.4,431.95,428.1,428.1,302185
2026-06-16T09:50:00+05:30,428.1,430.95,428.1,430.65,99031
2026-06-16T09:55:00+05:30,430.7,430.7,430,430.05,65223
2026-06-16T10:00:00+05:30,430.05,430.5,429.1,429.7,72172
2026-06-16T10:05:00+05:30,429.8,429.9,428.95,429,71691
2026-06-16T10:10:00+05:30,429.05,429.6,427.4,427.65,90040
2026-06-16T10:15:00+05:30,427.65,428,427.5,427.6,58514
2026-06-16T10:20:00+05:30,427.6,427.75,427.1,427.4,58214
2026-06-16T10:25:00+05:30,427.4,427.5,426.8,427.15,74025
2026-06-16T10:30:00+05:30,427.15,428.2,427.15,428.1,49490
2026-06-16T10:35:00+05:30,428.05,428.1,427.55,427.6,35205
2026-06-16T10:40:00+05:30,427.6,427.6,427,427.35,37367
2026-06-16T10:45:00+05:30,427.35,427.35,427,427.15,20389
2026-06-16T10:50:00+05:30,427.15,427.35,426.9,426.95,46503
2026-06-16T10:55:00+05:30,426.85,426.95,426.2,426.25,46134
2026-06-16T11:00:00+05:30,426.25,426.3,425.75,425.75,61985
2026-06-16T11:05:00+05:30,425.75,426.3,425.35,425.8,90658
2026-06-16T11:10:00+05:30,425.75,426.25,425.6,425.9,61239
2026-06-16T11:15:00+05:30,425.9,426.25,425.55,425.55,31938
2026-06-16T11:20:00+05:30,425.55,426,425.3,425.95,31727
2026-06-16T11:25:00+05:30,425.95,426.15,425.3,425.6,26464
2026-06-16T11:30:00+05:30,425.6,425.75,425.25,425.65,28521
2026-06-16T11:35:00+05:30,425.8,425.8,425.1,425.35,38997
2026-06-16T11:40:00+05:30,425.35,425.45,425.15,425.35,20084
2026-06-16T11:45:00+05:30,425.35,425.8,425.25,425.55,37863
2026-06-16T11:50:00+05:30,425.55,425.8,425.55,425.75,29981
2026-06-16T11:55:00+05:30,425.75,425.8,425.55,425.8,27618
2026-06-16T12:00:00+05:30,425.8,426,425.15,425.85,32838
2026-06-16T12:05:00+05:30,425.85,426.6,425.7,426.3,24863
2026-06-16T12:10:00+05:30,426.2,426.45,426,426.3,24877
2026-06-16T12:15:00+05:30,426.3,426.3,425.55,425.65,22795
2026-06-16T12:20:00+05:30,425.35,425.85,425.2,425.7,32320
2026-06-16T12:25:00+05:30,425.75,425.9,425.2,425.25,26306
2026-06-16T12:30:00+05:30,425.25,425.5,425.25,425.3,30037
2026-06-16T12:35:00+05:30,425.3,425.4,425.2,425.3,21928
2026-06-16T12:40:00+05:30,425.4,425.6,424.85,425.05,66584
2026-06-16T12:45:00+05:30,425,425.65,425,425.45,38626
2026-06-16T12:50:00+05:30,425.45,425.55,425,425.1,22850
2026-06-16T12:55:00+05:30,425.1,425.35,424.95,425.2,30718
2026-06-16T13:00:00+05:30,425.15,425.55,424.95,425.15,28205
2026-06-16T13:05:00+05:30,425.15,425.45,425,425.35,26167
2026-06-16T13:10:00+05:30,425.5,425.7,425.35,425.6,22400
2026-06-16T13:15:00+05:30,425.7,426.25,425.5,425.8,45723
2026-06-16T13:20:00+05:30,425.55,426.65,425.55,426.6,35892
2026-06-16T13:25:00+05:30,426.65,426.95,426.3,426.5,43062
2026-06-16T13:30:00+05:30,426.7,426.7,426.05,426.5,31341
2026-06-16T13:35:00+05:30,426.45,426.85,426.45,426.45,32640
2026-06-16T13:40:00+05:30,426.45,426.5,426,426.15,23129
2026-06-16T13:45:00+05:30,426,426.1,425.75,426,27034
2026-06-16T13:50:00+05:30,425.8,426,425.55,426,28513
2026-06-16T13:55:00+05:30,426.1,426.8,426.05,426.5,34524
2026-06-16T14:00:00+05:30,426.5,427.05,426.5,427.05,42796
2026-06-16T14:05:00+05:30,427.05,427.2,426.7,427.15,40257
2026-06-16T14:10:00+05:30,427.2,428,426.6,428,252237
2026-06-16T14:15:00+05:30,428,428,427.4,427.85,79362
2026-06-16T14:20:00+05:30,427.85,427.85,426.85,427.2,49836
2026-06-16T14:25:00+05:30,427.35,427.7,427.2,427.5,39761
2026-06-16T14:30:00+05:30,427.6,427.9,427,427.35,94439
2026-06-16T14:35:00+05:30,427.3,427.5,427,427.2,29566
2026-06-16T14:40:00+05:30,427.2,427.3,426.1,426.1,48737
2026-06-16T14:45:00+05:30,426.1,427.15,426.1,426.75,81884
2026-06-16T14:50:00+05:30,426.75,427.3,426.5,427.3,31497
2026-06-16T14:55:00+05:30,427.3,427.3,426.5,427,77769
2026-06-16T15:00:00+05:30,427,427.9,426.85,427.45,114486
2026-06-16T15:05:00+05:30,427.45,427.45,426.8,427.05,194874
2026-06-16T15:10:00+05:30,427.05,428,427.05,427.95,117125
2026-06-16T15:15:00+05:30,427.95,428,427.65,428,201108
2026-06-16T15:20:00+05:30,428,428,427.6,427.6,88526
2026-06-16T15:25:00+05:30,427.6,427.75,427.25,427.5,111359
2026-06-17T09:15:00+05:30,429,430.2,428.35,429.5,107468
2026-06-17T09:20:00+05:30,429.5,429.6,427.6,428.1,111466
2026-06-17T09:25:00+05:30,428.1,428.3,427,427.3,52198
2026-06-17T09:30:00+05:30,427.3,427.75,427,427.1,67351
2026-06-17T09:35:00+05:30,427.1,427.9,426.65,427.65,138416
2026-06-17T09:40:00+05:30,427.65,428.2,427.25,427.7,44209
2026-06-17T09:45:00+05:30,427.7,428.1,426.45,427,83810
2026-06-17T09:50:00+05:30,426.95,427,426.5,426.9,43474
2026-06-17T09:55:00+05:30,426.9,427,426.75,427,86843
2026-06-17T10:00:00+05:30,427,427,426.5,426.5,47643
2026-06-17T10:05:00+05:30,426.5,426.95,426.1,426.95,39604
2026-06-17T10:10:00+05:30,426.95,427.15,426.65,426.75,158007
2026-06-17T10:15:00+05:30,426.75,427.25,426.7,426.95,212874
2026-06-17T10:20:00+05:30,427,427.3,426.45,426.95,157205
2026-06-17T10:25:00+05:30,427,427.05,426.4,426.9,89641
2026-06-17T10:30:00+05:30,426.9,427.5,426.9,427,54617
2026-06-17T10:35:00+05:30,427.05,428.05,427,427.45,65419
2026-06-17T10:40:00+05:30,427.4,427.75,426.65,426.9,33725
2026-06-17T10:45:00+05:30,426.85,427,426.6,426.9,35884
2026-06-17T10:50:00+05:30,426.9,426.95,426.05,426.5,42388
2026-06-17T10:55:00+05:30,426.5,426.75,425.15,425.65,77781
2026-06-17T11:00:00+05:30,425.55,426.35,425.1,426.05,39077
2026-06-17T11:05:00+05:30,427.1,427.1,426.45,426.75,49235
2026-06-17T11:10:00+05:30,426.75,427.1,426.75,427,40116
2026-06-17T11:15:00+05:30,427,427.3,427,427.2,39107
2026-06-17T11:20:00+05:30,427.15,427.8,427,427.5,86806
2026-06-17T11:25:00+05:30,427.5,427.6,427,427.2,94806
2026-06-17T11:30:00+05:30,427.2,427.25,426.85,426.95,39631
2026-06-17T11:35:00+05:30,426.9,427.15,426.85,427.1,47082
2026-06-17T11:40:00+05:30,427.15,427.75,427.05,427.5,71541
2026-06-17T11:45:00+05:30,427.5,427.65,427.1,427.15,30012
2026-06-17T11:50:00+05:30,426.9,427.3,426.9,427.1,32295
2026-06-17T11:55:00+05:30,427.05,427.25,426.9,427.1,33721
2026-06-17T12:00:00+05:30,427.1,427.1,426.5,427,60914
2026-06-17T12:05:00+05:30,427,427.1,426.75,426.8,21621
2026-06-17T12:10:00+05:30,426.8,427.05,426.75,426.95,25302
2026-06-17T12:15:00+05:30,426.95,427.1,426.75,427.1,27214
2026-06-17T12:20:00+05:30,427.1,427.1,426.75,427.1,28759
2026-06-17T12:25:00+05:30,427.1,427.1,426.4,426.9,87417
2026-06-17T12:30:00+05:30,426.9,426.95,426.45,426.65,51260
2026-06-17T12:35:00+05:30,426.65,426.95,426.6,426.85,26248
2026-06-17T12:40:00+05:30,426.85,427,426.6,427,37833
2026-06-17T12:45:00+05:30,427,427.75,426.95,427.5,51248
2026-06-17T12:50:00+05:30,427.5,427.65,427.15,427.65,37214
2026-06-17T12:55:00+05:30,427.65,427.75,427.25,427.5,54282
2026-06-17T13:00:00+05:30,427.5,427.5,427.15,427.3,20719
2026-06-17T13:05:00+05:30,427.3,428.15,426.95,428.15,72461
2026-06-17T13:10:00+05:30,428,429,427.75,428.5,91685
2026-06-17T13:15:00+05:30,428.45,429.5,428.35,429.35,106257
2026-06-17T13:20:00+05:30,429.35,430,429.35,429.65,70747
2026-06-17T13:25:00+05:30,429.65,429.65,428.6,428.8,70202
2026-06-17T13:30:00+05:30,428.7,429,428.7,429,54355
2026-06-17T13:35:00+05:30,429,429.55,428.85,429.5,300174
2026-06-17T13:40:00+05:30,429.5,429.8,429.25,429.45,49513
2026-06-17T13:45:00+05:30,429.45,429.7,429.15,429.65,47090
2026-06-17T13:50:00+05:30,429.6,429.65,428.85,429.2,64228
2026-06-17T13:55:00+05:30,429.2,429.45,429.05,429.35,41319
2026-06-17T14:00:00+05:30,429.3,429.4,428.5,428.65,39711
2026-06-17T14:05:00+05:30,428.65,428.65,428,428.1,46978
2026-06-17T14:10:00+05:30,428.1,429.5,427.75,429.35,315335
2026-06-17T14:15:00+05:30,429.35,429.35,428.75,428.9,37790
2026-06-17T14:20:00+05:30,428.9,429,428.6,428.7,31941
2026-06-17T14:25:00+05:30,428.7,430.45,428,430.05,311061
2026-06-17T14:30:00+05:30,430.05,430.75,429.75,430.4,64551
2026-06-17T14:35:00+05:30,430.4,430.6,430.2,430.4,59183
2026-06-17T14:40:00+05:30,430.5,431.2,430.45,430.9,117413
2026-06-17T14:45:00+05:30,430.75,430.75,430.05,430.5,57393
2026-06-17T14:50:00+05:30,430.65,430.65,429.85,429.95,80450
2026-06-17T14:55:00+05:30,429.95,430.4,429.95,430,179087
2026-06-17T15:00:00+05:30,430.25,432.95,430,432.75,489414
2026-06-17T15:05:00+05:30,433,433.5,431.9,432.25,218717
2026-06-17T15:10:00+05:30,432.25,432.3,431.6,432,210978
2026-06-17T15:15:00+05:30,432.1,432.45,431.65,431.8,226976
2026-06-17T15:20:00+05:30,432,432.4,431.75,432.1,313305
2026-06-17T15:25:00+05:30,432.3,432.75,432.05,432.25,137918
2026-06-18T09:15:00+05:30,432.1,434.65,431.85,433,107967
2026-06-18T09:20:00+05:30,433,433.25,432,432.1,29818
2026-06-18T09:25:00+05:30,432.1,432.9,432,432.05,26665
2026-06-18T09:30:00+05:30,432.6,432.75,430.85,431.3,59590
2026-06-18T09:35:00+05:30,431.4,431.45,430.5,431.25,33762
2026-06-18T09:40:00+05:30,431.25,432.2,431.2,431.85,26918
2026-06-18T09:45:00+05:30,431.85,432.45,431.6,432.25,28330
2026-06-18T09:50:00+05:30,432.25,432.95,432.05,432.95,41022
2026-06-18T09:55:00+05:30,432.75,435.9,432.75,434.5,188194
2026-06-18T10:00:00+05:30,434.55,435.5,434.1,434.95,80502
2026-06-18T10:05:00+05:30,434.85,435.4,434.3,435.35,47547
2026-06-18T10:10:00+05:30,435.35,435.9,435.2,435.45,37964
2026-06-18T10:15:00+05:30,435.45,435.45,434.1,435.2,43867
2026-06-18T10:20:00+05:30,435.35,436.65,435.2,435.3,119457
2026-06-18T10:25:00+05:30,435.55,435.55,434,434.1,53509
2026-06-18T10:30:00+05:30,434.25,435.4,434.05,435.1,72451
2026-06-18T10:35:00+05:30,435.35,435.35,434.2,434.2,58961
2026-06-18T10:40:00+05:30,434.35,434.95,433.8,434.5,48625
2026-06-18T10:45:00+05:30,434.5,435.25,434.5,434.5,37673
2026-06-18T10:50:00+05:30,434.6,434.7,432.05,432.85,89153
2026-06-18T10:55:00+05:30,432.65,432.95,431.65,432.35,45724
2026-06-18T11:00:00+05:30,432.3,432.3,428.9,429.5,166941
2026-06-18T11:05:00+05:30,429.6,429.6,428.55,429,56668
2026-06-18T11:10:00+05:30,429.15,429.15,425.25,425.3,113921
2026-06-18T11:15:00+05:30,425.45,425.5,422.65,424.1,169923
2026-06-18T11:20:00+05:30,424.05,425.4,423.85,424.5,46205
2026-06-18T11:25:00+05:30,424.75,426.55,424.25,425.55,183982
2026-06-18T11:30:00+05:30,425.7,427.45,425.5,427.15,164670
2026-06-18T11:35:00+05:30,427.25,427.25,426.55,426.9,31355
2026-06-18T11:40:00+05:30,426.9,427.1,425.5,425.5,33809
2026-06-18T11:45:00+05:30,425.5,425.9,425,425.7,29909
2026-06-18T11:50:00+05:30,425.7,426.5,425.6,426.4,20657
2026-06-18T11:55:00+05:30,426.25,426.7,426.05,426.3,30354
2026-06-18T12:00:00+05:30,426.45,426.45,425.4,425.9,24332
2026-06-18T12:05:00+05:30,425.9,426.2,425.4,426,20765
2026-06-18T12:10:00+05:30,425.9,426,425.65,425.75,22594
2026-06-18T12:15:00+05:30,425.75,426.7,425.7,426.5,17306
2026-06-18T12:20:00+05:30,426.5,426.7,426.25,426.45,19390
2026-06-18T12:25:00+05:30,426.45,427.25,426.45,427.05,19000
2026-06-18T12:30:00+05:30,427.15,428,427,427.95,40851
2026-06-18T12:35:00+05:30,427.95,428,427.4,427.6,18579
2026-06-18T12:40:00+05:30,427.6,428.45,427.4,428.05,29392
2026-06-18T12:45:00+05:30,428.05,428.35,428,428.3,23187
2026-06-18T12:50:00+05:30,428.3,428.65,428.2,428.3,28331
2026-06-18T12:55:00+05:30,428.3,428.6,428,428.15,15876
2026-06-18T13:00:00+05:30,428.15,428.35,427.55,427.95,18555
2026-06-18T13:05:00+05:30,427.95,428.1,427.6,427.95,13360
2026-06-18T13:10:00+05:30,427.85,428,427.85,427.95,7368
2026-06-18T13:15:00+05:30,427.95,427.95,427.35,427.55,32251
2026-06-18T13:20:00+05:30,427.55,427.6,427.1,427.15,21178
2026-06-18T13:25:00+05:30,427.15,427.4,426.75,427.2,16461
2026-06-18T13:30:00+05:30,427.1,427.7,427.1,427.55,24219
2026-06-18T13:35:00+05:30,427.55,427.75,427.55,427.65,3992
2026-06-18T13:40:00+05:30,427.7,428,427.55,427.55,22415
2026-06-18T13:45:00+05:30,427.55,428,427.55,427.7,15634
2026-06-18T13:50:00+05:30,427.7,427.9,427.65,427.65,15407
2026-06-18T13:55:00+05:30,427.65,427.8,427.15,427.15,11748
2026-06-18T14:00:00+05:30,427.1,427.6,427.1,427.25,13364
2026-06-18T14:05:00+05:30,427.25,427.45,426.55,426.8,22740
2026-06-18T14:10:00+05:30,426.8,427,426.25,426.55,18680
2026-06-18T14:15:00+05:30,426.55,426.85,426.1,426.3,18011
2026-06-18T14:20:00+05:30,426.3,427.25,426.3,426.95,32631
2026-06-18T14:25:00+05:30,426.95,427.45,426.8,426.85,21603
2026-06-18T14:30:00+05:30,426.9,426.9,426,426.5,24257
2026-06-18T14:35:00+05:30,426.6,427.25,426.5,426.6,28971
2026-06-18T14:40:00+05:30,426.6,427,426.55,426.85,29351
2026-06-18T14:45:00+05:30,427,427,426.6,426.7,29162
2026-06-18T14:50:00+05:30,426.7,427.25,426.55,427.25,29244
2026-06-18T14:55:00+05:30,427.25,428.3,427.15,427.8,44388
2026-06-18T15:00:00+05:30,428,429.2,427.85,429.1,161650
2026-06-18T15:05:00+05:30,429.1,429.45,428.95,429,214903
2026-06-18T15:10:00+05:30,428.95,429.2,428.5,428.9,156924
2026-06-18T15:15:00+05:30,428.8,430.4,428.6,429.4,374979
2026-06-18T15:20:00+05:30,429.35,429.9,429.05,429.8,228923
2026-06-18T15:25:00+05:30,429.85,430.15,429.05,429.25,223762
2026-06-19T09:15:00+05:30,429.3,429.9,425.65,429.5,87011
2026-06-19T09:20:00+05:30,429.5,430.9,429.35,430.6,69262
2026-06-19T09:25:00+05:30,430.6,432,430.55,431.7,41273
2026-06-19T09:30:00+05:30,431.5,431.55,429.75,429.8,30410
2026-06-19T09:35:00+05:30,429.8,430.55,429.5,429.9,37469
2026-06-19T09:40:00+05:30,429.7,430,429.1,429.2,60350
2026-06-19T09:45:00+05:30,429.2,429.8,428.9,429.4,15235
2026-06-19T09:50:00+05:30,429.75,429.75,428.65,429.25,10617
2026-06-19T09:55:00+05:30,429.25,429.85,429.15,429.6,22843
2026-06-19T10:00:00+05:30,429.75,429.95,429.25,429.85,12095
2026-06-19T10:05:00+05:30,429.85,430.45,429.6,430.45,18728
2026-06-19T10:10:00+05:30,430.45,431.3,430.15,431.3,42169
2026-06-19T10:15:00+05:30,431.2,431.55,430.9,431.1,20577
2026-06-19T10:20:00+05:30,431.1,431.1,430,430.8,29884
2026-06-19T10:25:00+05:30,430.75,430.95,430.45,430.45,9355
2026-06-19T10:30:00+05:30,430.55,430.75,430.1,430.55,15097
2026-06-19T10:35:00+05:30,430.55,430.55,430.1,430.1,4388
2026-06-19T10:40:00+05:30,430.1,430.4,429.75,430.25,18819
2026-06-19T10:45:00+05:30,430.25,430.25,429.2,429.2,10779
2026-06-19T10:50:00+05:30,429.4,429.55,428.75,428.75,11463
2026-06-19T10:55:00+05:30,428.65,429.05,428.2,429,15786
2026-06-19T11:00:00+05:30,429,429.8,428.75,429.6,11782
2026-06-19T11:05:00+05:30,429.6,429.8,429.25,429.65,15742
2026-06-19T11:10:00+05:30,429.65,430.3,429.4,430.05,9410
2026-06-19T11:15:00+05:30,430.25,430.55,430,430.35,5611
2026-06-19T11:20:00+05:30,430.35,430.5,429.8,430,7566
2026-06-19T11:25:00+05:30,430,430.3,429.6,430.15,4642
2026-06-19T11:30:00+05:30,430.25,430.75,430.05,430.75,8663
2026-06-19T11:35:00+05:30,430.7,430.85,430.15,430.2,14449
2026-06-19T11:40:00+05:30,430.2,430.3,429.35,429.45,4836
2026-06-19T11:45:00+05:30,429.45,429.45,428.95,428.95,11998
2026-06-19T11:50:00+05:30,428.95,429.2,428.9,428.95,6091
2026-06-19T11:55:00+05:30,428.95,429.35,428.75,429.35,3540
2026-06-19T12:00:00+05:30,429.35,429.8,429.2,429.4,11599
2026-06-19T12:05:00+05:30,429.4,431.25,429.1,431,151337
2026-06-19T12:10:00+05:30,431,431.2,430.9,431.15,48078
2026-06-19T12:15:00+05:30,431.15,431.15,430.55,430.55,33816
2026-06-19T12:20:00+05:30,430.55,431.4,430.55,430.85,22826
2026-06-19T12:25:00+05:30,430.85,431.1,430.5,430.5,10641
2026-06-19T12:30:00+05:30,430.5,430.7,430.3,430.5,6955
2026-06-19T12:35:00+05:30,430.5,431.45,430.1,431.45,11677
2026-06-19T12:40:00+05:30,431.45,431.45,429.95,430.85,21153
2026-06-19T12:45:00+05:30,430.85,431.4,430.7,431.05,7250
2026-06-19T12:50:00+05:30,431.05,431.05,430.6,430.6,4195
2026-06-19T12:55:00+05:30,430.6,430.8,430.05,430.4,6846
2026-06-19T13:00:00+05:30,430.4,430.5,429.8,429.8,8193
2026-06-19T13:05:00+05:30,429.8,430.45,429.8,430.4,7638
2026-06-19T13:10:00+05:30,430.4,431.8,430,431.75,86237
2026-06-19T13:15:00+05:30,431.75,431.95,431.55,431.65,22295
2026-06-19T13:20:00+05:30,431.65,431.75,431.1,431.25,15733
2026-06-19T13:25:00+05:30,431.1,431.25,431,431.1,8536
2026-06-19T13:30:00+05:30,431.1,431.6,431.05,431.5,9081
2026-06-19T13:35:00+05:30,431.5,431.8,431.4,431.4,12864
2026-06-19T13:40:00+05:30,431.4,431.7,431.1,431.15,18235
2026-06-19T13:45:00+05:30,431.15,431.55,431,431.35,37935
2026-06-19T13:50:00+05:30,431.6,431.6,431,431.2,8022
2026-06-19T13:55:00+05:30,431.15,431.5,431,431.1,72006
2026-06-19T14:00:00+05:30,431.05,431.45,431,431.15,38046
2026-06-19T14:05:00+05:30,431.2,431.45,431,431.2,13645
2026-06-19T14:10:00+05:30,431.2,431.4,431.05,431.4,11002
2026-06-19T14:15:00+05:30,431.4,431.4,431.2,431.25,4619
2026-06-19T14:20:00+05:30,431.45,431.45,430.4,430.4,78953
2026-06-19T14:25:00+05:30,430.4,430.6,430.1,430.25,16109
2026-06-19T14:30:00+05:30,430.25,430.65,430.25,430.45,6593
2026-06-19T14:35:00+05:30,430.65,431.2,430.55,430.6,10993
2026-06-19T14:40:00+05:30,430.6,430.6,430.2,430.5,16392
2026-06-19T14:45:00+05:30,430.5,430.7,430.2,430.25,12001
2026-06-19T14:50:00+05:30,430.25,430.25,427.5,427.9,107728
2026-06-19T14:55:00+05:30,427.9,429.95,427.4,429.65,466038
2026-06-19T15:00:00+05:30,429.3,431.9,429.25,430.6,286722
2026-06-19T15:05:00+05:30,430.65,431.85,430.65,431.7,199991
2026-06-19T15:10:00+05:30,431.75,431.75,431.3,431.3,183376
2026-06-19T15:15:00+05:30,431.35,431.35,431,431.15,220200
2026-06-19T15:20:00+05:30,431.05,431.2,430.3,430.4,259159
2026-06-19T15:25:00+05:30,430.4,431,429.75,430.5,224994
2026-06-22T09:15:00+05:30,433,435.9,430.55,433.7,188940
2026-06-22T09:20:00+05:30,433.2,435.05,432.65,435,99882
2026-06-22T09:25:00+05:30,434.75,434.85,434.3,434.35,55329
2026-06-22T09:30:00+05:30,434.3,436.2,434.3,435.05,107587
2026-06-22T09:35:00+05:30,435.05,435.3,434.25,434.5,51931
2026-06-22T09:40:00+05:30,434.45,435.2,433.55,434.5,61190
2026-06-22T09:45:00+05:30,434.8,434.8,433.55,434,41231
2026-06-22T09:50:00+05:30,433.75,434.05,433.45,433.8,36014
2026-06-22T09:55:00+05:30,433.9,435,433.7,435,21394
2026-06-22T10:00:00+05:30,434.95,436.3,434.75,435.6,86046
2026-06-22T10:05:00+05:30,435.55,437.7,435.15,437.7,107233
2026-06-22T10:10:00+05:30,437.7,438.4,437.6,437.9,162663
2026-06-22T10:15:00+05:30,437.95,440.95,437.75,440.95,305728
2026-06-22T10:20:00+05:30,441,442.55,440.3,441.1,737957
2026-06-22T10:25:00+05:30,441.1,443.65,441,443.35,239119
2026-06-22T10:30:00+05:30,443.55,444.8,440,440.5,783351
2026-06-22T10:35:00+05:30,440.45,441.9,440.1,441.4,244840
2026-06-22T10:40:00+05:30,441.4,442.9,441.2,441.8,210163
2026-06-22T10:45:00+05:30,441.8,442.2,441.15,441.15,85132
2026-06-22T10:50:00+05:30,441.3,441.75,440.9,441.35,67480
2026-06-22T10:55:00+05:30,441.35,441.8,441.3,441.7,44329
2026-06-22T11:00:00+05:30,441.75,442.65,441.7,442,120067
2026-06-22T11:05:00+05:30,442,442.75,441.95,442.35,118841
2026-06-22T11:10:00+05:30,442.4,442.65,441.75,442.1,183384
2026-06-22T11:15:00+05:30,442.1,442.65,441.75,442,78629
2026-06-22T11:20:00+05:30,442,442.2,441.15,441.95,71745
2026-06-22T11:25:00+05:30,441.95,442.1,441.7,442,26385
2026-06-22T11:30:00+05:30,442,443,441.95,443,84734
2026-06-22T11:35:00+05:30,443,443,441.65,442.25,91857
2026-06-22T11:40:00+05:30,442.25,442.4,441.45,441.6,99723
2026-06-22T11:45:00+05:30,441.6,441.75,441,441.2,121883
2026-06-22T11:50:00+05:30,441.2,441.6,441,441.1,44963
2026-06-22T11:55:00+05:30,441.25,441.65,441,441.3,25901
2026-06-22T12:00:00+05:30,441.3,442,441.15,441.5,56280
2026-06-22T12:05:00+05:30,441.5,441.75,440.65,441,81123
2026-06-22T12:10:00+05:30,440.9,441,440.65,440.9,23325
2026-06-22T12:15:00+05:30,440.85,441.1,440.7,441,59495
2026-06-22T12:20:00+05:30,441,441.1,440.8,441,49341
2026-06-22T12:25:00+05:30,441,441.05,440.7,441,34840
2026-06-22T12:30:00+05:30,441,441.35,440.7,440.95,37672
2026-06-22T12:35:00+05:30,441,441.05,440.7,440.7,23137
2026-06-22T12:40:00+05:30,440.8,440.8,439.25,439.7,114277
2026-06-22T12:45:00+05:30,439.6,439.9,439.35,439.85,40548
2026-06-22T12:50:00+05:30,439.8,439.95,439.45,439.45,97522
2026-06-22T12:55:00+05:30,439.7,440.25,439.6,440.1,94582
2026-06-22T13:00:00+05:30,440.15,440.5,439.85,440.35,48174
2026-06-22T13:05:00+05:30,440.35,440.5,440.05,440.3,26581
2026-06-22T13:10:00+05:30,440.3,440.3,439.65,439.95,36618
2026-06-22T13:15:00+05:30,439.95,440.85,439.6,440.05,55929
2026-06-22T13:20:00+05:30,440.15,440.95,440,440.75,40783
2026-06-22T13:25:00+05:30,440.7,440.75,440.2,440.5,37728
2026-06-22T13:30:00+05:30,440.5,440.75,440.25,440.25,40390
2026-06-22T13:35:00+05:30,440.5,440.8,439.8,440,49319
2026-06-22T13:40:00+05:30,440,440.1,439.55,440.1,33273
2026-06-22T13:45:00+05:30,440.15,440.25,439.95,440.05,19581
2026-06-22T13:50:00+05:30,440.2,440.95,440,440.65,55441
2026-06-22T13:55:00+05:30,440.8,440.85,440.15,440.2,106205
2026-06-22T14:00:00+05:30,440.3,440.6,440,440.05,54494
2026-06-22T14:05:00+05:30,440.2,440.55,439.85,440.15,46830
2026-06-22T14:10:00+05:30,440.25,441,440,440.05,73029
2026-06-22T14:15:00+05:30,440.05,440.65,440.05,440.5,29386
2026-06-22T14:20:00+05:30,440.6,440.95,440.35,440.75,40603
2026-06-22T14:25:00+05:30,440.75,442.5,440.65,441.75,230867
2026-06-22T14:30:00+05:30,441.75,441.9,440.9,441.1,108241
2026-06-22T14:35:00+05:30,441.1,441.95,441,441.35,103309
2026-06-22T14:40:00+05:30,441.5,441.7,441.25,441.35,80072
2026-06-22T14:45:00+05:30,441.35,441.9,440.8,441.05,252853
2026-06-22T14:50:00+05:30,441.05,441.5,440.8,441.25,150936
2026-06-22T14:55:00+05:30,441.25,441.45,440.75,440.9,131320
2026-06-22T15:00:00+05:30,440.9,441.5,440.7,441.1,349103
2026-06-22T15:05:00+05:30,441.3,441.45,440.05,440.8,392375
2026-06-22T15:10:00+05:30,440.7,441.15,440.3,441,433376
2026-06-22T15:15:00+05:30,441,441.2,440.85,441,558813
2026-06-22T15:20:00+05:30,441,441,440.7,440.95,360631
2026-06-22T15:25:00+05:30,440.95,441,440.55,440.9,574375
2026-06-23T09:15:00+05:30,443,443,439.25,439.65,234803
2026-06-23T09:20:00+05:30,439.75,440.55,438.85,440.2,290452
2026-06-23T09:25:00+05:30,440,440.75,439.85,440.35,80018
2026-06-23T09:30:00+05:30,440.35,441,440.1,440.15,64289
2026-06-23T09:35:00+05:30,440.2,440.7,439.8,439.8,58912
2026-06-23T09:40:00+05:30,439.8,440.15,438.3,438.8,66858
2026-06-23T09:45:00+05:30,438.85,439.35,438.4,439,39525
2026-06-23T09:50:00+05:30,439.15,439.35,438.75,439.05,19478
2026-06-23T09:55:00+05:30,438.9,439.3,437.65,438.35,72713
2026-06-23T10:00:00+05:30,438.3,439,438.1,438.65,33979
2026-06-23T10:05:00+05:30,438.55,438.55,437.55,437.65,22324
2026-06-23T10:10:00+05:30,437.9,437.9,436.7,436.9,44117
2026-06-23T10:15:00+05:30,436.9,436.95,436.2,436.8,28836
2026-06-23T10:20:00+05:30,436.55,437,436.55,436.8,24534
2026-06-23T10:25:00+05:30,436.8,437.2,436.15,436.45,42066
2026-06-23T10:30:00+05:30,436.45,436.45,436,436.2,26900
2026-06-23T10:35:00+05:30,436.2,436.55,436.2,436.5,20932
2026-06-23T10:40:00+05:30,436.6,437.2,436.35,436.75,19065
2026-06-23T10:45:00+05:30,436.6,436.7,436.2,436.45,22142
2026-06-23T10:50:00+05:30,436.6,437,436.2,436.95,26016
2026-06-23T10:55:00+05:30,436.7,437.2,436.65,437,14003
2026-06-23T11:00:00+05:30,436.8,437.05,436.2,436.9,31672
2026-06-23T11:05:00+05:30,436.9,437.3,436.2,436.4,36783
2026-06-23T11:10:00+05:30,436.2,436.75,436.2,436.75,24776
2026-06-23T11:15:00+05:30,436.75,437.1,436.35,436.6,24078
2026-06-23T11:20:00+05:30,436.6,436.7,436.2,436.6,19121
2026-06-23T11:25:00+05:30,436.6,436.6,436.05,436.1,21300
2026-06-23T11:30:00+05:30,436.1,436.4,436,436.15,21615
2026-06-23T11:35:00+05:30,436.15,436.35,435.65,435.65,34596
2026-06-23T11:40:00+05:30,435.65,435.7,434.5,434.7,52852
2026-06-23T11:45:00+05:30,434.7,434.8,434,434.5,58867
2026-06-23T11:50:00+05:30,434.5,434.55,434.05,434.2,25939
2026-06-23T11:55:00+05:30,434.2,434.3,433,433.1,42659
2026-06-23T12:00:00+05:30,433.1,433.7,432.8,433,28615
2026-06-23T12:05:00+05:30,432.75,433.95,432.75,433.45,204076
2026-06-23T12:10:00+05:30,433.15,434.25,433.05,434.25,39957
2026-06-23T12:15:00+05:30,434.25,435.4,434,435.15,111075
2026-06-23T12:20:00+05:30,435.1,435.4,434.5,435.2,134075
2026-06-23T12:25:00+05:30,435,436.3,435,436.15,39726
2026-06-23T12:30:00+05:30,436.05,436.4,435.75,436.4,73328
2026-06-23T12:35:00+05:30,436.4,436.6,436.1,436.5,100081
2026-06-23T12:40:00+05:30,436.6,436.6,435.9,435.9,24585
2026-06-23T12:45:00+05:30,435.95,436.15,435.5,435.7,118062
2026-06-23T12:50:00+05:30,435.4,435.45,434.55,434.7,39590
2026-06-23T12:55:00+05:30,434.6,434.8,433.9,434.5,71287
2026-06-23T13:00:00+05:30,434.25,435.2,434.25,435,48236
2026-06-23T13:05:00+05:30,434.95,435.65,434.95,435,19232
2026-06-23T13:10:00+05:30,435.05,435.2,434.65,434.65,101461
2026-06-23T13:15:00+05:30,434.6,435.15,434.25,434.7,104972
2026-06-23T13:20:00+05:30,434.7,435.2,433.6,433.6,66162
2026-06-23T13:25:00+05:30,433,433.45,432.3,432.6,282401
2026-06-23T13:30:00+05:30,432.85,432.85,431.5,431.8,64344
2026-06-23T13:35:00+05:30,431.55,432.2,431.55,432,22322
2026-06-23T13:40:00+05:30,431.75,432.45,431.75,432,24038
2026-06-23T13:45:00+05:30,431.9,432.75,431.8,432.45,23491
2026-06-23T13:50:00+05:30,432.55,432.75,431.7,431.85,29416
2026-06-23T13:55:00+05:30,431.8,432,431.5,431.85,15691
2026-06-23T14:00:00+05:30,431.8,432.55,431.5,432.55,16429
2026-06-23T14:05:00+05:30,432.15,432.5,431.75,431.95,22493
2026-06-23T14:10:00+05:30,432,432.2,431.75,431.95,22897
2026-06-23T14:15:00+05:30,431.8,432.15,431.25,431.25,45630
2026-06-23T14:20:00+05:30,431.25,431.7,431.05,431.45,25447
2026-06-23T14:25:00+05:30,431.35,431.7,431.05,431.15,23123
2026-06-23T14:30:00+05:30,431.15,431.65,431.1,431.4,28056
2026-06-23T14:35:00+05:30,431.4,431.5,430.85,431,213862
2026-06-23T14:40:00+05:30,431,431.9,430.95,431.9,137180
2026-06-23T14:45:00+05:30,431.9,432,431.2,431.5,57044
2026-06-23T14:50:00+05:30,431.4,432.15,431.35,432.15,166946
2026-06-23T14:55:00+05:30,432.15,432.3,431.6,431.7,179747
2026-06-23T15:00:00+05:30,431.7,432,429.65,429.95,446904
2026-06-23T15:05:00+05:30,429.95,431.05,429.95,430.5,576299
2026-06-23T15:10:00+05:30,430.5,431.1,430.5,430.85,86039
2026-06-23T15:15:00+05:30,430.85,432.15,430.5,432,216568
2026-06-23T15:20:00+05:30,432,432.85,431.65,432.85,165433
2026-06-23T15:25:00+05:30,432.85,432.9,431.3,431.3,240562
2026-06-24T09:15:00+05:30,431,434.15,430.15,432.7,237142
2026-06-24T09:20:00+05:30,432.7,434.45,432.45,434.15,140537
2026-06-24T09:25:00+05:30,434.15,435.4,434.05,435.05,122268
2026-06-24T09:30:00+05:30,435.05,435.9,434.3,435.6,158047
2026-06-24T09:35:00+05:30,435.6,435.75,434.15,434.3,93634
2026-06-24T09:40:00+05:30,434.35,434.95,434.05,434.7,221823
2026-06-24T09:45:00+05:30,434.7,434.7,432.5,432.5,147839
2026-06-24T09:50:00+05:30,432.5,433.2,432.35,433.2,52688
2026-06-24T09:55:00+05:30,433.1,434.05,432.8,433.2,74124
2026-06-24T10:00:00+05:30,433.2,434.8,433.2,434.3,37685
2026-06-24T10:05:00+05:30,434.3,434.4,432.7,433.05,44962
2026-06-24T10:10:00+05:30,433.05,433.2,432.5,432.7,91682
2026-06-24T10:15:00+05:30,432.8,432.8,431.75,431.85,74661
2026-06-24T10:20:00+05:30,431.85,432.95,431.85,432.8,174862
2026-06-24T10:25:00+05:30,432.8,433.2,432.5,432.55,56157
2026-06-24T10:30:00+05:30,432.5,433.05,432.2,432.7,39931
2026-06-24T10:35:00+05:30,432.7,432.75,432.1,432.25,34706
2026-06-24T10:40:00+05:30,432.25,432.75,432.25,432.4,27132
2026-06-24T10:45:00+05:30,432.35,433.2,432.35,433.05,26456
2026-06-24T10:50:00+05:30,433,433.1,432.45,432.55,37783
2026-06-24T10:55:00+05:30,432.6,433.25,432.55,433.2,26187
2026-06-24T11:00:00+05:30,433.3,434.15,433.15,434.05,56664
2026-06-24T11:05:00+05:30,434.15,434.8,433.8,433.9,59622
2026-06-24T11:10:00+05:30,433.9,434.55,433.9,434.1,65982
2026-06-24T11:15:00+05:30,434.1,434.85,434,434.1,45003
2026-06-24T11:20:00+05:30,434.1,434.2,433.95,434.15,20668
2026-06-24T11:25:00+05:30,434.2,434.25,433.8,433.85,19468
2026-06-24T11:30:00+05:30,433.9,433.9,433.4,433.85,25025
2026-06-24T11:35:00+05:30,433.85,434.3,433.45,434.2,43087
2026-06-24T11:40:00+05:30,434.1,434.55,433.85,434.5,28410
2026-06-24T11:45:00+05:30,434.5,435,434.5,434.9,25508
2026-06-24T11:50:00+05:30,434.9,435,434.4,434.5,37198
2026-06-24T11:55:00+05:30,434.5,435.35,434.4,434.7,35579
2026-06-24T12:00:00+05:30,434.8,434.85,434.05,434.3,55212
2026-06-24T12:05:00+05:30,434.3,434.5,434,434,19799
2026-06-24T12:10:00+05:30,434,434.5,433.75,434.05,138363
2026-06-24T12:15:00+05:30,434.05,435.45,434.05,435.45,76796
2026-06-24T12:20:00+05:30,435.25,435.6,435.05,435.3,33878
2026-06-24T12:25:00+05:30,435.3,436.2,435.2,435.5,210047
2026-06-24T12:30:00+05:30,435.5,436.3,435.05,436,108963
2026-06-24T12:35:00+05:30,436,436.35,436,436.05,91686
2026-06-24T12:40:00+05:30,436.05,436.4,436.05,436.2,29558
2026-06-24T12:45:00+05:30,436.2,436.25,435.9,436,65546
2026-06-24T12:50:00+05:30,436,436.25,436,436.05,18755
2026-06-24T12:55:00+05:30,436.05,436.5,436,436.15,77153
2026-06-24T13:00:00+05:30,436.15,436.65,436.1,436.4,108792
2026-06-24T13:05:00+05:30,436.5,437.45,436.4,437.45,68597
2026-06-24T13:10:00+05:30,437.45,438,437.25,437.75,91556
2026-06-24T13:15:00+05:30,437.9,438.1,437.15,437.65,56951
2026-06-24T13:20:00+05:30,437.65,437.95,437.4,437.4,41212
2026-06-24T13:25:00+05:30,437.4,437.5,437,437.5,25057
2026-06-24T13:30:00+05:30,437.5,437.55,437.05,437.25,19154
2026-06-24T13:35:00+05:30,437.25,438.05,437.2,437.6,47952
2026-06-24T13:40:00+05:30,437.6,438.35,437.6,438.2,98370
2026-06-24T13:45:00+05:30,438.35,438.55,438,438.25,41239
2026-06-24T13:50:00+05:30,438.3,439,438.1,438.75,71828
2026-06-24T13:55:00+05:30,438.75,438.9,438.15,438.85,27541
2026-06-24T14:00:00+05:30,438.75,438.8,438.2,438.3,33247
2026-06-24T14:05:00+05:30,438.25,438.6,437.4,437.85,55734
2026-06-24T14:10:00+05:30,437.85,438.35,437.65,437.65,28637
2026-06-24T14:15:00+05:30,437.55,437.7,437.4,437.55,20670
2026-06-24T14:20:00+05:30,437.5,437.75,436.75,437.1,36870
2026-06-24T14:25:00+05:30,437,437.55,436.9,437.25,29615
2026-06-24T14:30:00+05:30,437.25,437.8,437.25,437.8,29180
2026-06-24T14:35:00+05:30,437.75,437.85,437.25,437.4,70426
2026-06-24T14:40:00+05:30,437.4,438.15,437.4,437.8,29095
2026-06-24T14:45:00+05:30,437.8,437.8,436.7,437.1,53878
2026-06-24T14:50:00+05:30,437.1,437.65,437.1,437.55,22979
2026-06-24T14:55:00+05:30,437.55,437.75,437.1,437.45,47506
2026-06-24T15:00:00+05:30,437.1,438.25,436.65,438,175904
2026-06-24T15:05:00+05:30,438,438,436.85,437.15,113106
2026-06-24T15:10:00+05:30,437.1,437.2,436.75,436.75,105637
2026-06-24T15:15:00+05:30,436.9,437.4,436.55,437,301955
2026-06-24T15:20:00+05:30,437,437.05,436.25,436.6,177844
2026-06-24T15:25:00+05:30,436.6,437.8,436.55,437.8,154112
2026-06-25T09:15:00+05:30,440,442.75,439.75,441.55,509671
2026-06-25T09:20:00+05:30,441.85,441.85,440.3,440.3,176261
2026-06-25T09:25:00+05:30,440.45,440.95,439.15,440.7,1260912
2026-06-25T09:30:00+05:30,440.65,440.7,439.05,439.45,75744
2026-06-25T09:35:00+05:30,439.5,439.65,438.2,438.6,105756
2026-06-25T09:40:00+05:30,438.7,438.7,437.25,437.65,70721
2026-06-25T09:45:00+05:30,437.65,437.8,437,437.1,71490
2026-06-25T09:50:00+05:30,437.1,437.85,436.7,437.7,57950
2026-06-25T09:55:00+05:30,437.9,437.9,437.05,437.4,80214
2026-06-25T10:00:00+05:30,437.4,437.6,437.15,437.4,63341
2026-06-25T10:05:00+05:30,437.4,437.65,437.2,437.4,48913
2026-06-25T10:10:00+05:30,437.45,437.65,436.8,437.35,70013
2026-06-25T10:15:00+05:30,437.2,437.4,436.4,436.55,83641
2026-06-25T10:20:00+05:30,436.55,436.55,435.65,435.85,79901
2026-06-25T10:25:00+05:30,435.85,436,435.55,435.8,50328
2026-06-25T10:30:00+05:30,435.8,436.2,435.6,435.8,64764
2026-06-25T10:35:00+05:30,435.8,436.05,435.75,436.05,41682
2026-06-25T10:40:00+05:30,436,437,435.9,436.5,61991
2026-06-25T10:45:00+05:30,436.45,437.25,436.45,437.1,94810
2026-06-25T10:50:00+05:30,437.1,437.2,436.15,437.15,105640
2026-06-25T10:55:00+05:30,437.2,438.1,437,438,105006
2026-06-25T11:00:00+05:30,438,438.9,437.9,438.7,44811
2026-06-25T11:05:00+05:30,438.7,440.8,438.7,439,466168
2026-06-25T11:10:00+05:30,439,439,438,438.5,288780
2026-06-25T11:15:00+05:30,438.45,439,438.4,438.6,397734
2026-06-25T11:20:00+05:30,438.6,439,438.45,438.75,189053
2026-06-25T11:25:00+05:30,438.75,439,438.05,438.7,320146
2026-06-25T11:30:00+05:30,438.7,439,436.9,437.1,101862
2026-06-25T11:35:00+05:30,437.1,437.1,436,436.25,47392
2026-06-25T11:40:00+05:30,436.25,436.5,435.75,435.9,39473
2026-06-25T11:45:00+05:30,435.9,435.9,435,435.2,60807
2026-06-25T11:50:00+05:30,435.2,435.45,434.7,435.35,329865
2026-06-25T11:55:00+05:30,435.35,435.95,435.25,435.45,28682
2026-06-25T12:00:00+05:30,435.45,435.7,435.2,435.45,21845
2026-06-25T12:05:00+05:30,435.45,435.7,435.2,435.5,21382
2026-06-25T12:10:00+05:30,435.5,437,435.4,436.7,154015
2026-06-25T12:15:00+05:30,436.65,436.7,436.25,436.55,23150
2026-06-25T12:20:00+05:30,436.5,437,435.6,435.6,61334
2026-06-25T12:25:00+05:30,435.6,435.7,435,435.1,72229
2026-06-25T12:30:00+05:30,435.25,435.35,434.2,434.85,39362
2026-06-25T12:35:00+05:30,434.85,434.95,434.55,434.8,41158
2026-06-25T12:40:00+05:30,434.8,435,434.7,434.9,24298
2026-06-25T12:45:00+05:30,434.9,435.4,434.75,435,41416
2026-06-25T12:50:00+05:30,435,435.6,434.9,435.5,33836
2026-06-25T12:55:00+05:30,435.5,435.5,434.9,435.05,47219
2026-06-25T13:00:00+05:30,435.05,435.6,434.95,435.45,19862
2026-06-25T13:05:00+05:30,435.45,435.65,435.4,435.4,20046
2026-06-25T13:10:00+05:30,435.4,435.45,434.75,434.8,33861
2026-06-25T13:15:00+05:30,434.75,435.6,434.75,435.6,32089
2026-06-25T13:20:00+05:30,435.7,437.15,435.7,437.05,211218
2026-06-25T13:25:00+05:30,437.05,437.5,436.7,437.25,58281
2026-06-25T13:30:00+05:30,437.3,437.5,436.95,437.35,33173
2026-06-25T13:35:00+05:30,437.2,437.95,437.05,437.75,36331
2026-06-25T13:40:00+05:30,437.75,438.35,437.75,437.95,28012
2026-06-25T13:45:00+05:30,438,438.5,437.85,437.9,59063
2026-06-25T13:50:00+05:30,437.9,438.4,437.65,437.7,32180
2026-06-25T13:55:00+05:30,437.85,437.85,437,437.1,40530
2026-06-25T14:00:00+05:30,437.25,437.7,436.85,437.4,34290
2026-06-25T14:05:00+05:30,437.35,437.85,437.25,437.25,27959
2026-06-25T14:10:00+05:30,437.4,437.4,436.4,436.6,44187
2026-06-25T14:15:00+05:30,436.6,436.6,435.7,435.7,40160
2026-06-25T14:20:00+05:30,435.8,436.3,435.8,436.15,31492
2026-06-25T14:25:00+05:30,436.1,436.15,435.6,435.65,34988
2026-06-25T14:30:00+05:30,435.75,435.95,435.25,435.35,48383
2026-06-25T14:35:00+05:30,435.35,435.6,434.9,434.9,53890
2026-06-25T14:40:00+05:30,435.1,435.1,434.1,434.75,101264
2026-06-25T14:45:00+05:30,434.75,434.9,433.85,433.9,101668
2026-06-25T14:50:00+05:30,434,434.25,433.65,434.25,113289
2026-06-25T14:55:00+05:30,434.25,434.4,433.5,433.7,49407
2026-06-25T15:00:00+05:30,433.7,433.85,432.55,433.1,170650
2026-06-25T15:05:00+05:30,433.1,433.8,432.6,432.7,261889
2026-06-25T15:10:00+05:30,432.7,433.35,432.6,432.75,123975
2026-06-25T15:15:00+05:30,432.75,432.8,431.95,432.25,198265
2026-06-25T15:20:00+05:30,432.25,432.5,431.7,431.95,209143
2026-06-25T15:25:00+05:30,431.9,432.9,431.8,432.7,211154
2026-06-29T09:15:00+05:30,430.1,432.45,427.05,427.4,464899
2026-06-29T09:20:00+05:30,427.4,427.45,424.15,424.75,220657
2026-06-29T09:25:00+05:30,424.6,426.9,423.65,426.35,154937
2026-06-29T09:30:00+05:30,426.35,426.5,424.3,424.3,241678
2026-06-29T09:35:00+05:30,424.3,425.8,424.1,425.6,147048
2026-06-29T09:40:00+05:30,425.5,426.2,424.95,426,171749
2026-06-29T09:45:00+05:30,426.35,426.35,425.4,425.4,133992
2026-06-29T09:50:00+05:30,425.15,425.65,425.05,425.45,108412
2026-06-29T09:55:00+05:30,425.7,425.7,424.7,425.15,84671
2026-06-29T10:00:00+05:30,424.95,425.2,424.45,424.95,81626
2026-06-29T10:05:00+05:30,425,425.9,424.75,425,73075
2026-06-29T10:10:00+05:30,424.9,425.05,423.8,423.9,127516
2026-06-29T10:15:00+05:30,423.9,423.95,422.65,422.9,81286
2026-06-29T10:20:00+05:30,423,423.2,422.2,423.05,115193
2026-06-29T10:25:00+05:30,423.2,423.7,423.05,423.45,128836
2026-06-29T10:30:00+05:30,423.3,424.7,423.3,424.6,152789
2026-06-29T10:35:00+05:30,424.55,425.2,423.85,424.5,408477
2026-06-29T10:40:00+05:30,424.5,425.95,423.35,425.85,176325
2026-06-29T10:45:00+05:30,425.3,425.8,424.3,425.05,84471
2026-06-29T10:50:00+05:30,425.05,425.4,424.8,424.8,87868
2026-06-29T10:55:00+05:30,425.05,425.95,424.8,425.15,110950
2026-06-29T11:00:00+05:30,425.1,425.35,424.75,425.15,126375
2026-06-29T11:05:00+05:30,425.15,425.95,424.65,425.8,104240
2026-06-29T11:10:00+05:30,425.7,426.35,425.4,425.7,109008
2026-06-29T11:15:00+05:30,425.7,425.95,425.15,425.45,131778
2026-06-29T11:20:00+05:30,425.45,425.45,424.25,424.8,55878
2026-06-29T11:25:00+05:30,424.8,425,423,423.35,121239
2026-06-29T11:30:00+05:30,423.3,423.9,422.4,423.35,81084
2026-06-29T11:35:00+05:30,423.35,424.5,423.35,423.8,189976
2026-06-29T11:40:00+05:30,424.05,424.9,423.75,424.9,48361
2026-06-29T11:45:00+05:30,424.85,426.3,424.85,425.6,76970
2026-06-29T11:50:00+05:30,425.5,426,424.95,425.15,90304
2026-06-29T11:55:00+05:30,425.05,426.3,425,425,27587
2026-06-29T12:00:00+05:30,425,426,424.2,425.5,282449
2026-06-29T12:05:00+05:30,425.5,425.55,425.05,425.25,39014
2026-06-29T12:10:00+05:30,425.25,426.25,425.25,425.95,190071
2026-06-29T12:15:00+05:30,425.95,426.25,425.25,425.95,173839
2026-06-29T12:20:00+05:30,425.95,426.35,425.35,426.25,219572
2026-06-29T12:25:00+05:30,426.25,426.3,425.15,425.3,86044
2026-06-29T12:30:00+05:30,425.45,425.75,425,425.55,186685
2026-06-29T12:35:00+05:30,425.55,426,425.2,425.65,194534
2026-06-29T12:40:00+05:30,425.65,426.1,425.6,426.1,68358
2026-06-29T12:45:00+05:30,426,426.3,425.1,425.1,41506
2026-06-29T12:50:00+05:30,424.9,425.15,423.8,423.9,86975
2026-06-29T12:55:00+05:30,423.9,424.6,423.8,424,69084
2026-06-29T13:00:00+05:30,424.1,424.4,423.7,423.85,23035
2026-06-29T13:05:00+05:30,423.95,424.3,423.7,424.1,18902
2026-06-29T13:10:00+05:30,424.15,424.3,423.85,423.95,23838
2026-06-29T13:15:00+05:30,423.95,424.15,423.1,423.6,43775
2026-06-29T13:20:00+05:30,423.6,424.35,423.15,424.2,103223
2026-06-29T13:25:00+05:30,424.2,425.05,424.2,424.8,22740
2026-06-29T13:30:00+05:30,424.75,425.2,424.5,424.6,23161
2026-06-29T13:35:00+05:30,424.55,425.2,424.3,424.45,40276
2026-06-29T13:40:00+05:30,424.45,425.1,424.3,424.4,27206
2026-06-29T13:45:00+05:30,424.3,424.95,424.3,424.8,29546
2026-06-29T13:50:00+05:30,424.95,424.95,424.1,424.85,47063
2026-06-29T13:55:00+05:30,424.85,425.6,424.8,425.5,47733
2026-06-29T14:00:00+05:30,425.5,426.2,425.35,426,48885
2026-06-29T14:05:00+05:30,426,426.4,426,426.05,45259
2026-06-29T14:10:00+05:30,426,426.25,425.75,426.15,48287
2026-06-29T14:15:00+05:30,426.15,426.15,425.4,425.6,44282
2026-06-29T14:20:00+05:30,425.5,426,425.45,425.45,31867
2026-06-29T14:25:00+05:30,425.55,425.9,425.4,425.85,27491
2026-06-29T14:30:00+05:30,425.6,426.35,425.3,426.35,60349
2026-06-29T14:35:00+05:30,426.2,426.3,425.7,425.75,26015
2026-06-29T14:40:00+05:30,425.75,426.2,425.7,426,81942
2026-06-29T14:45:00+05:30,426,426.05,425.7,425.75,46081
2026-06-29T14:50:00+05:30,425.7,426,425.2,425.3,79378
2026-06-29T14:55:00+05:30,425.25,425.95,424.8,425.1,63539
2026-06-29T15:00:00+05:30,424.7,425.9,424.05,424.3,164902
2026-06-29T15:05:00+05:30,424.45,424.75,423.7,424.4,180097
2026-06-29T15:10:00+05:30,424.35,424.35,423.85,424.05,126413
2026-06-29T15:15:00+05:30,423.95,424.8,423.95,424.35,155033
2026-06-29T15:20:00+05:30,424.35,424.8,424.2,424.4,166858
2026-06-29T15:25:00+05:30,424.4,425.5,424.4,425.5,159444
2026-06-30T09:15:00+05:30,425.45,426.85,424.55,426.3,164034
2026-06-30T09:20:00+05:30,426.2,426.95,425.35,426.4,127756
2026-06-30T09:25:00+05:30,426.45,427.4,425.95,426,156262
2026-06-30T09:30:00+05:30,426.2,426.55,425.55,425.7,211119
2026-06-30T09:35:00+05:30,425.9,426.25,425.45,425.45,58245
2026-06-30T09:40:00+05:30,425.2,425.65,424.8,425,82918
2026-06-30T09:45:00+05:30,424.85,424.9,423.95,424.25,164945
2026-06-30T09:50:00+05:30,424.25,425.65,424,425.1,109464
2026-06-30T09:55:00+05:30,425.1,425.45,424.05,424.05,71712
2026-06-30T10:00:00+05:30,424.2,425.35,424,425.35,45888
2026-06-30T10:05:00+05:30,425.3,425.4,424.55,424.55,37953
2026-06-30T10:10:00+05:30,424.7,424.85,424.15,424.25,60198
2026-06-30T10:15:00+05:30,424.2,424.85,424,424.3,63055
2026-06-30T10:20:00+05:30,424.2,424.45,423.65,424.35,77917
2026-06-30T10:25:00+05:30,424.35,424.9,424.25,424.9,41965
2026-06-30T10:30:00+05:30,424.9,425.45,424.7,425.25,41736
2026-06-30T10:35:00+05:30,425.15,425.35,424.8,424.95,30216
2026-06-30T10:40:00+05:30,424.95,425.05,424.65,425.05,23429
2026-06-30T10:45:00+05:30,425.05,425.25,424.55,424.9,41249
2026-06-30T10:50:00+05:30,424.9,425.9,424.65,425.8,232447
2026-06-30T10:55:00+05:30,425.9,426.25,425.35,426.25,216455
2026-06-30T11:00:00+05:30,426.15,426.8,426,426.5,65477
2026-06-30T11:05:00+05:30,426.5,426.55,426.05,426.45,78852
2026-06-30T11:10:00+05:30,426.45,427.9,426.2,427.5,143854
2026-06-30T11:15:00+05:30,427.5,427.7,427.1,427.4,62937
2026-06-30T11:20:00+05:30,427.4,428.45,427.2,428.15,79738
2026-06-30T11:25:00+05:30,428.25,428.55,427.55,427.65,116047
2026-06-30T11:30:00+05:30,427.8,428.2,427.25,427.8,82403
2026-06-30T11:35:00+05:30,427.7,427.7,427,427,58769
2026-06-30T11:40:00+05:30,427,427.2,426.25,426.35,129234
2026-06-30T11:45:00+05:30,426.3,426.4,425.45,425.5,88143
2026-06-30T11:50:00+05:30,425.8,426.15,425.6,426,136651
2026-06-30T11:55:00+05:30,426,426.5,425.6,426.3,79433
2026-06-30T12:00:00+05:30,426.3,426.5,426.1,426.15,34439
2026-06-30T12:05:00+05:30,426.05,426.2,425.8,426.2,89521
2026-06-30T12:10:00+05:30,426.3,426.35,425.6,425.75,151422
2026-06-30T12:15:00+05:30,425.95,426.2,425.55,426,81049
2026-06-30T12:20:00+05:30,426,426.2,425.55,426.05,177970
2026-06-30T12:25:00+05:30,426.05,426.25,425.5,425.7,154732
2026-06-30T12:30:00+05:30,425.55,425.75,424.75,424.95,56241
2026-06-30T12:35:00+05:30,424.95,425.15,424.6,424.9,30816
2026-06-30T12:40:00+05:30,424.9,425.15,424.75,425,26880
2026-06-30T12:45:00+05:30,425,425.3,424.65,424.75,26950
2026-06-30T12:50:00+05:30,424.75,424.9,423.4,423.9,54267
2026-06-30T12:55:00+05:30,424,425,423.85,425,44116
2026-06-30T13:00:00+05:30,425.05,425.3,424.25,424.65,77934
2026-06-30T13:05:00+05:30,424.45,424.7,424.2,424.6,21852
2026-06-30T13:10:00+05:30,424.6,424.6,423.85,424.1,39326
2026-06-30T13:15:00+05:30,424.1,424.7,424.05,424.7,38399
2026-06-30T13:20:00+05:30,424.65,424.75,424,424,47825
2026-06-30T13:25:00+05:30,424,424.65,423.95,424.4,32271
2026-06-30T13:30:00+05:30,424.4,424.65,423.75,424.15,60658
2026-06-30T13:35:00+05:30,424,424.2,423.75,423.85,86355
2026-06-30T13:40:00+05:30,423.8,424.25,423.65,424.2,42639
2026-06-30T13:45:00+05:30,424.2,424.3,423.8,424,36873
2026-06-30T13:50:00+05:30,423.9,424.05,423.35,423.35,44701
2026-06-30T13:55:00+05:30,423.35,423.75,422.8,423.7,49619
2026-06-30T14:00:00+05:30,423.7,424.1,423.55,423.8,33727
2026-06-30T14:05:00+05:30,423.7,424.05,423.4,423.95,44823
2026-06-30T14:10:00+05:30,423.95,423.95,423.65,423.85,24814
2026-06-30T14:15:00+05:30,423.85,424.75,423.65,424.35,62925
2026-06-30T14:20:00+05:30,424.35,425.25,423.85,425.25,58116
2026-06-30T14:25:00+05:30,425.3,426.1,425.2,425.4,54179
2026-06-30T14:30:00+05:30,425.4,425.9,425,425.7,68501
2026-06-30T14:35:00+05:30,425.7,425.9,425.2,425.6,50106
2026-06-30T14:40:00+05:30,425.6,426.6,425.45,426.6,75277
2026-06-30T14:45:00+05:30,426.5,426.75,426.15,426.4,62891
2026-06-30T14:50:00+05:30,426.4,426.75,426.2,426.6,38942
2026-06-30T14:55:00+05:30,426.6,426.75,425.4,425.75,92281
2026-06-30T15:00:00+05:30,425.35,425.35,423.85,424.75,331327
2026-06-30T15:05:00+05:30,424.85,425.2,424.75,424.85,236196
2026-06-30T15:10:00+05:30,424.8,424.85,424.45,424.65,223196
2026-06-30T15:15:00+05:30,424.4,424.5,423.8,423.9,337961
2026-06-30T15:20:00+05:30,423.95,424,423.55,423.8,293649
2026-06-30T15:25:00+05:30,423.75,426,423.6,424.9,311240
2026-07-01T09:15:00+05:30,426.4,428.4,423.3,424.55,176572
2026-07-01T09:20:00+05:30,424.5,424.9,424.2,424.5,40161
2026-07-01T09:25:00+05:30,424.5,425.45,424.4,424.5,33217
2026-07-01T09:30:00+05:30,424.4,425,424.35,424.4,46187
2026-07-01T09:35:00+05:30,424.45,425.85,424.35,425,27243
2026-07-01T09:40:00+05:30,425,425.45,424.4,424.75,25418
2026-07-01T09:45:00+05:30,424.75,425.15,424.5,424.55,44962
2026-07-01T09:50:00+05:30,424.55,425.35,424.55,425.15,26522
2026-07-01T09:55:00+05:30,425.15,425.5,425,425.2,25988
2026-07-01T10:00:00+05:30,425.15,425.4,425.05,425.05,15049
2026-07-01T10:05:00+05:30,425.05,425.15,424.65,425.15,21783
2026-07-01T10:10:00+05:30,425,425.15,423.6,423.6,80814
2026-07-01T10:15:00+05:30,423.65,426.25,423.55,426.25,70820
2026-07-01T10:20:00+05:30,426.05,426.75,426.05,426.7,67235
2026-07-01T10:25:00+05:30,426.75,427.35,426.35,427.3,56657
2026-07-01T10:30:00+05:30,427.3,428,427.25,427.8,69065
2026-07-01T10:35:00+05:30,427.8,428.15,427.5,428.05,84696
2026-07-01T10:40:00+05:30,428.05,429.4,428,428.95,120985
2026-07-01T10:45:00+05:30,428.95,430.45,428.85,430,114604
2026-07-01T10:50:00+05:30,429.95,430.5,429.3,429.3,88390
2026-07-01T10:55:00+05:30,429.4,429.7,428.8,428.8,43436
2026-07-01T11:00:00+05:30,429,429.85,428.9,429.3,23347
2026-07-01T11:05:00+05:30,429.3,429.6,429.05,429.3,11099
2026-07-01T11:10:00+05:30,429.3,429.55,429.1,429.4,10177
2026-07-01T11:15:00+05:30,429.4,430.8,429.3,430.5,31551
2026-07-01T11:20:00+05:30,430.5,432.25,430.35,431.7,112135
2026-07-01T11:25:00+05:30,431.6,431.75,430.65,431.35,64995
2026-07-01T11:30:00+05:30,431.4,431.6,431.2,431.25,27357
2026-07-01T11:35:00+05:30,431.25,431.4,430.5,431.2,17300
2026-07-01T11:40:00+05:30,431.2,431.9,431.15,431.75,23368
2026-07-01T11:45:00+05:30,431.95,432,431.85,431.9,62396
2026-07-01T11:50:00+05:30,431.9,432.45,431.7,431.95,271878
2026-07-01T11:55:00+05:30,431.95,432,431.5,432,170246
2026-07-01T12:00:00+05:30,432,432.15,431.85,432,194534
2026-07-01T12:05:00+05:30,432,432.6,431.4,431.65,228749
2026-07-01T12:10:00+05:30,431.55,433.8,431.5,433.1,103608
2026-07-01T12:15:00+05:30,433.1,433.2,431.5,431.85,54498
2026-07-01T12:20:00+05:30,432,432,431.5,431.6,30722
2026-07-01T12:25:00+05:30,431.65,431.65,430.5,430.6,47083
2026-07-01T12:30:00+05:30,430.8,431.75,430.7,431.4,39759
2026-07-01T12:35:00+05:30,431.4,431.55,430.95,431.2,16878
2026-07-01T12:40:00+05:30,431.2,431.3,430.8,430.8,22295
2026-07-01T12:45:00+05:30,430.8,430.95,430.4,430.65,34222
2026-07-01T12:50:00+05:30,430.7,431.65,430.45,431,169526
2026-07-01T12:55:00+05:30,431,431.4,430.9,431.1,26041
2026-07-01T13:00:00+05:30,431.1,431.3,431,431.1,58282
2026-07-01T13:05:00+05:30,431.1,431.4,431.05,431.1,13285
2026-07-01T13:10:00+05:30,431.1,431.3,430.9,431.15,64868
2026-07-01T13:15:00+05:30,431.15,431.2,430.3,430.5,40259
2026-07-01T13:20:00+05:30,430.3,430.4,429.85,429.85,45097
2026-07-01T13:25:00+05:30,429.95,430.2,429.5,429.6,18587
2026-07-01T13:30:00+05:30,429.55,430.25,429.55,429.85,23405
2026-07-01T13:35:00+05:30,429.85,430.3,429.8,430.25,11706
2026-07-01T13:40:00+05:30,430.15,430.65,430.1,430.5,15684
2026-07-01T13:45:00+05:30,430.45,430.5,430,430.3,21928
2026-07-01T13:50:00+05:30,430.5,430.95,430.2,430.5,19453
2026-07-01T13:55:00+05:30,430.5,430.5,430.05,430.3,13108
2026-07-01T14:00:00+05:30,429.95,430.3,429.7,430.2,29127
2026-07-01T14:05:00+05:30,430.2,430.45,429.9,430.4,12640
2026-07-01T14:10:00+05:30,430.4,430.65,429.95,430.5,22377
2026-07-01T14:15:00+05:30,430.5,430.8,430.15,430.15,18022
2026-07-01T14:20:00+05:30,430.15,430.75,430.15,430.4,20604
2026-07-01T14:25:00+05:30,430.4,430.5,430.1,430.35,28726
2026-07-01T14:30:00+05:30,430.35,430.75,430.2,430.65,30824
2026-07-01T14:35:00+05:30,430.6,430.8,430.4,430.6,33058
2026-07-01T14:40:00+05:30,430.6,431.3,430.25,431.1,42800
2026-07-01T14:45:00+05:30,431.3,431.35,430.75,430.95,57212
2026-07-01T14:50:00+05:30,430.65,431.25,430.45,431.2,66826
2026-07-01T14:55:00+05:30,431.1,431.55,430.6,431.45,60258
2026-07-01T15:00:00+05:30,431.45,431.7,430.85,430.95,129582
2026-07-01T15:05:00+05:30,431,431.2,430.7,430.9,104076
2026-07-01T15:10:00+05:30,430.65,430.85,430.25,430.55,113170
2026-07-01T15:15:00+05:30,430.45,430.9,430.35,430.55,134965
2026-07-01T15:20:00+05:30,430.45,430.9,430.4,430.75,176511
2026-07-01T15:25:00+05:30,430.7,430.95,430,430.05,115465
2026-07-02T09:15:00+05:30,432.35,432.35,428.1,428.7,70394
2026-07-02T09:20:00+05:30,428.6,429.45,428.6,429.4,62370
2026-07-02T09:25:00+05:30,429.4,430.3,428.7,428.9,59762
2026-07-02T09:30:00+05:30,428.8,429.15,428.35,429,44283
2026-07-02T09:35:00+05:30,429,429.95,429,429.65,37353
2026-07-02T09:40:00+05:30,429.7,429.8,429.3,429.75,30262
2026-07-02T09:45:00+05:30,429.75,430,429.3,429.35,21666
2026-07-02T09:50:00+05:30,429.35,429.7,429.05,429.4,18065
2026-07-02T09:55:00+05:30,429.35,429.4,428.8,428.8,13947
2026-07-02T10:00:00+05:30,428.95,429.2,428.6,428.95,72965
2026-07-02T10:05:00+05:30,428.95,429.1,428,428.65,26025
2026-07-02T10:10:00+05:30,428.65,429.2,428.6,428.6,10905
2026-07-02T10:15:00+05:30,428.6,428.6,427.5,428.25,37262
2026-07-02T10:20:00+05:30,428.3,428.75,428.2,428.25,10627
2026-07-02T10:25:00+05:30,428.25,428.5,428,428.15,11455
2026-07-02T10:30:00+05:30,428.1,428.2,427.6,427.9,14656
2026-07-02T10:35:00+05:30,427.85,428.4,427.6,428.3,34256
2026-07-02T10:40:00+05:30,428.15,428.85,428,428.4,15499
2026-07-02T10:45:00+05:30,428.4,429.3,428.3,429.25,43050
2026-07-02T10:50:00+05:30,429.2,429.45,429,429,18044
2026-07-02T10:55:00+05:30,429,429.45,428.75,429.35,85189
2026-07-02T11:00:00+05:30,429.4,429.8,429.25,429.25,14047
2026-07-02T11:05:00+05:30,429.3,429.5,429,429.2,10216
2026-07-02T11:10:00+05:30,429.2,429.35,429,429,10354
2026-07-02T11:15:00+05:30,429.05,429.2,428.25,428.4,75628
2026-07-02T11:20:00+05:30,428.4,429.2,427.8,429.2,186857
2026-07-02T11:25:00+05:30,429.1,429.4,428.5,428.5,41316
2026-07-02T11:30:00+05:30,428.45,429.2,428.15,429.05,57294
2026-07-02T11:35:00+05:30,429,429.15,428.55,428.6,145579
2026-07-02T11:40:00+05:30,428.55,428.55,428.25,428.4,9578
2026-07-02T11:45:00+05:30,428.65,429.1,428.35,428.6,179131
2026-07-02T11:50:00+05:30,428.6,428.95,428.05,428.4,95054
2026-07-02T11:55:00+05:30,428.4,428.45,428.15,428.3,7583
2026-07-02T12:00:00+05:30,428.3,428.7,428.25,428.3,15303
2026-07-02T12:05:00+05:30,428.3,429.1,428.3,428.8,16626
2026-07-02T12:10:00+05:30,428.6,429,428.4,428.45,16162
2026-07-02T12:15:00+05:30,428.45,428.8,428.2,428.6,10770
2026-07-02T12:20:00+05:30,428.6,429.15,428.6,429.05,10493
2026-07-02T12:25:00+05:30,429.05,430.15,429.05,430.15,48274
2026-07-02T12:30:00+05:30,430,430,429.6,429.75,15581
2026-07-02T12:35:00+05:30,429.8,431.25,429.7,430.7,168473
2026-07-02T12:40:00+05:30,430.7,430.95,430.15,430.5,14408
2026-07-02T12:45:00+05:30,430.5,430.85,430.35,430.6,12190
2026-07-02T12:50:00+05:30,430.5,430.75,429.5,429.7,26628
2026-07-02T12:55:00+05:30,429.7,429.75,429.35,429.6,10043
2026-07-02T13:00:00+05:30,429.6,430,429.6,429.95,6371
2026-07-02T13:05:00+05:30,429.9,430.3,429.85,430.15,10621
2026-07-02T13:10:00+05:30,430.15,430.55,430.05,430.15,11968
2026-07-02T13:15:00+05:30,430.15,430.35,430.05,430.15,7490
2026-07-02T13:20:00+05:30,430.15,430.3,429.55,430.15,17163
2026-07-02T13:25:00+05:30,430.2,430.35,429.5,429.5,10240
2026-07-02T13:30:00+05:30,429.55,429.75,429.35,429.55,9216
2026-07-02T13:35:00+05:30,429.6,429.6,429.2,429.4,8401
2026-07-02T13:40:00+05:30,429.4,429.6,429.3,429.45,5349
2026-07-02T13:45:00+05:30,429.3,429.45,429,429.15,8202
2026-07-02T13:50:00+05:30,429.05,430.45,429.05,430.3,16682
2026-07-02T13:55:00+05:30,430.35,430.35,429.3,429.6,25929
2026-07-02T14:00:00+05:30,429.55,429.9,429.4,429.75,8286
2026-07-02T14:05:00+05:30,429.65,429.8,429.1,429.35,16356
2026-07-02T14:10:00+05:30,429.35,429.45,428,428.3,24310
2026-07-02T14:15:00+05:30,428.25,429.25,428,429,67781
2026-07-02T14:20:00+05:30,428.95,429.6,428.85,429.55,57929
2026-07-02T14:25:00+05:30,429.45,429.6,429,429.35,19423
2026-07-02T14:30:00+05:30,429.2,429.85,429.2,429.65,23763
2026-07-02T14:35:00+05:30,429.45,430.25,429.3,430.05,30407
2026-07-02T14:40:00+05:30,430.1,430.25,429.7,430.15,38034
2026-07-02T14:45:00+05:30,429.95,430.25,429.95,430.05,28185
2026-07-02T14:50:00+05:30,430.05,430.25,429.6,429.85,90960
2026-07-02T14:55:00+05:30,429.7,430.15,429.6,429.95,39949
2026-07-02T15:00:00+05:30,429.95,430.15,429.7,429.95,73607
2026-07-02T15:05:00+05:30,429.95,430.35,429.85,430.1,117538
2026-07-02T15:10:00+05:30,430.1,430.35,429.55,429.75,155676
2026-07-02T15:15:00+05:30,430,430.45,429.9,430.2,121019
2026-07-02T15:20:00+05:30,430.05,430.45,429.55,429.95,181152
2026-07-02T15:25:00+05:30,430.25,430.45,429.15,429.75,82135
2026-07-03T09:15:00+05:30,433,433,430.05,430.65,53633
2026-07-03T09:20:00+05:30,430.15,431.7,430.15,430.75,53952
2026-07-03T09:25:00+05:30,430.95,431.35,430.65,430.65,43491
2026-07-03T09:30:00+05:30,430.75,431,430.2,430.25,24896
2026-07-03T09:35:00+05:30,430.5,430.5,429.25,429.25,34519
2026-07-03T09:40:00+05:30,429.25,429.85,428.2,428.25,51991
2026-07-03T09:45:00+05:30,428.45,428.8,427.55,427.85,50609
2026-07-03T09:50:00+05:30,427.8,429.45,427.8,428.6,21331
2026-07-03T09:55:00+05:30,428.6,428.8,428,428.8,7436
2026-07-03T10:00:00+05:30,428.8,429.3,428.55,428.9,12593
2026-07-03T10:05:00+05:30,428.9,429.15,428.5,429.1,12109
2026-07-03T10:10:00+05:30,429,429.9,428.85,429.1,46571
2026-07-03T10:15:00+05:30,429.15,429.65,429.1,429.55,19951
2026-07-03T10:20:00+05:30,429.55,430.15,429.2,429.4,17769
2026-07-03T10:25:00+05:30,429.4,429.95,429.4,429.55,7284
2026-07-03T10:30:00+05:30,429.55,429.65,429,429.25,12907
2026-07-03T10:35:00+05:30,429.25,429.95,429.1,429.25,24924
2026-07-03T10:40:00+05:30,429.2,429.2,428,428.2,19364
2026-07-03T10:45:00+05:30,428.1,428.55,428.05,428.4,12479
2026-07-03T10:50:00+05:30,428.3,428.65,428.05,428.65,5327
2026-07-03T10:55:00+05:30,428.5,428.6,428.1,428.45,6979
2026-07-03T11:00:00+05:30,428.45,428.55,427.65,427.75,29060
2026-07-03T11:05:00+05:30,427.75,427.75,426.55,426.75,103509
2026-07-03T11:10:00+05:30,426.85,427.05,426.6,426.8,41363
2026-07-03T11:15:00+05:30,426.8,427.8,426.75,427.5,40685
2026-07-03T11:20:00+05:30,427.55,427.85,427.15,427.65,18496
2026-07-03T11:25:00+05:30,427.85,427.85,427.2,427.3,20521
2026-07-03T11:30:00+05:30,427.3,427.65,427,427.35,20074
2026-07-03T11:35:00+05:30,427.35,429.6,427.1,429.5,92381
2026-07-03T11:40:00+05:30,429.5,429.7,429,429.05,137287
2026-07-03T11:45:00+05:30,429.05,429.2,428.7,429,9423
2026-07-03T11:50:00+05:30,428.95,429,427.3,427.3,56418
2026-07-03T11:55:00+05:30,427.3,427.6,426.65,427.25,28885
2026-07-03T12:00:00+05:30,427.4,427.4,426.7,427,15273
2026-07-03T12:05:00+05:30,427,427.15,426.6,426.9,16354
2026-07-03T12:10:00+05:30,427,427.1,426.7,427,10747
2026-07-03T12:15:00+05:30,426.9,428.6,426.85,428.6,153518
2026-07-03T12:20:00+05:30,428.5,428.6,427.9,428,50111
2026-07-03T12:25:00+05:30,428.1,429.25,428,429.05,47301
2026-07-03T12:30:00+05:30,429,429.2,428,428.75,273458
2026-07-03T12:35:00+05:30,428.75,429,427.85,428.1,120404
2026-07-03T12:40:00+05:30,428.1,428.2,428,428,15024
2026-07-03T12:45:00+05:30,428,428.75,427.9,428.4,146810
2026-07-03T12:50:00+05:30,428.4,428.9,428.3,428.35,11934
2026-07-03T12:55:00+05:30,428.35,428.6,427.75,427.85,22304
2026-07-03T13:00:00+05:30,427.85,427.95,426.9,427,24620
2026-07-03T13:05:00+05:30,426.9,426.95,425.6,426.3,77145
2026-07-03T13:10:00+05:30,426.1,427.15,426.05,426.9,93480
2026-07-03T13:15:00+05:30,426.75,426.75,426.25,426.3,12954
2026-07-03T13:20:00+05:30,426.35,427.15,426.25,427,99380
2026-07-03T13:25:00+05:30,427,427,426.4,426.6,26288
2026-07-03T13:30:00+05:30,426.5,426.6,425.85,425.9,33052
2026-07-03T13:35:00+05:30,425.9,426,425.6,425.8,10365
2026-07-03T13:40:00+05:30,425.8,426.4,425.1,425.8,81511
2026-07-03T13:45:00+05:30,425.8,426,425.15,425.5,83919
2026-07-03T13:50:00+05:30,425.5,425.8,425.25,425.45,20116
2026-07-03T13:55:00+05:30,425.4,425.45,425.2,425.25,13109
2026-07-03T14:00:00+05:30,425.25,425.4,424.05,424.35,82020
2026-07-03T14:05:00+05:30,424.35,425.15,424.3,425,25360
2026-07-03T14:10:00+05:30,425,425.55,424.8,425.5,18992
2026-07-03T14:15:00+05:30,425.45,425.5,424.75,425.05,48914
2026-07-03T14:20:00+05:30,425,425.35,424.5,425.1,19224
2026-07-03T14:25:00+05:30,425.05,425.35,424.8,425.05,14392
2026-07-03T14:30:00+05:30,425.15,426.3,425.05,426.2,22250
2026-07-03T14:35:00+05:30,426.2,426.3,425.8,426.2,34859
2026-07-03T14:40:00+05:30,426.2,426.45,425.3,425.4,36052
2026-07-03T14:45:00+05:30,425.35,425.45,424.85,425,25169
2026-07-03T14:50:00+05:30,425,425.05,424,424.2,53795
2026-07-03T14:55:00+05:30,424,424.25,423.8,424.15,41477
2026-07-03T15:00:00+05:30,424.7,425.5,424.45,425.45,52206
2026-07-03T15:05:00+05:30,425.45,426.3,425.4,426.25,373571
2026-07-03T15:10:00+05:30,426.45,426.45,425.65,425.7,133561
2026-07-03T15:15:00+05:30,425.7,425.7,424.6,425.05,113294
2026-07-03T15:20:00+05:30,425.2,425.35,424.6,424.7,98792
2026-07-03T15:25:00+05:30,424.7,425.1,424.5,425.1,108975
2026-07-06T09:15:00+05:30,422.5,426.95,422.1,426.35,181035
2026-07-06T09:20:00+05:30,426.35,426.35,425,425.45,45956
2026-07-06T09:25:00+05:30,425.45,425.45,424.4,424.6,38670
2026-07-06T09:30:00+05:30,424.75,424.75,423.6,423.7,40507
2026-07-06T09:35:00+05:30,423.7,424.05,423.1,423.45,42917
2026-07-06T09:40:00+05:30,423.35,424.05,423.3,423.5,47252
2026-07-06T09:45:00+05:30,423.5,424.25,423.35,424.05,21169
2026-07-06T09:50:00+05:30,424.05,424.6,423.6,424.3,49226
2026-07-06T09:55:00+05:30,424.35,424.5,422.85,423.5,85695
2026-07-06T10:00:00+05:30,423.3,424.45,423.3,424.35,21318
2026-07-06T10:05:00+05:30,424.6,424.6,423.8,424.25,13461
2026-07-06T10:10:00+05:30,424.25,424.25,422.45,422.9,61472
2026-07-06T10:15:00+05:30,422.9,423.5,422.45,422.6,25490
2026-07-06T10:20:00+05:30,422.5,423.45,422.5,423.3,42111
2026-07-06T10:25:00+05:30,423.35,424,423.35,423.95,78929
2026-07-06T10:30:00+05:30,423.95,424.1,423.25,423.25,81512
2026-07-06T10:35:00+05:30,423.25,423.7,423,423.05,28808
2026-07-06T10:40:00+05:30,423.1,423.5,423,423.4,29574
2026-07-06T10:45:00+05:30,423.6,424.15,423.15,424.15,37291
2026-07-06T10:50:00+05:30,424.15,424.15,422.35,422.6,112371
2026-07-06T10:55:00+05:30,422.65,422.9,422.5,422.55,39176
2026-07-06T11:00:00+05:30,422.65,422.65,422.4,422.4,25092
2026-07-06T11:05:00+05:30,422.4,422.6,422.15,422.2,59356
2026-07-06T11:10:00+05:30,422.2,422.45,422,422.25,24221
2026-07-06T11:15:00+05:30,422.3,422.5,422.15,422.3,10888
2026-07-06T11:20:00+05:30,422.35,423.9,422.3,422.95,132486
2026-07-06T11:25:00+05:30,422.8,422.95,422.45,422.75,10976
2026-07-06T11:30:00+05:30,422.75,423,422.7,423,4217
2026-07-06T11:35:00+05:30,423,423,422.55,422.55,24556
2026-07-06T11:40:00+05:30,422.75,423.5,422.65,423.4,16292
2026-07-06T11:45:00+05:30,423.25,423.4,422.8,422.85,21392
2026-07-06T11:50:00+05:30,423,423.6,422.45,423.5,133005
2026-07-06T11:55:00+05:30,423.55,424.85,423.4,424.4,120912
2026-07-06T12:00:00+05:30,424.45,425.05,424.2,425,116249
2026-07-06T12:05:00+05:30,424.85,424.9,424.4,424.65,14806
2026-07-06T12:10:00+05:30,424.65,425.4,424.5,425.25,13536
2026-07-06T12:15:00+05:30,425.25,425.35,424.55,424.75,33636
2026-07-06T12:20:00+05:30,424.6,425.15,423.9,425.05,204193
2026-07-06T12:25:00+05:30,425.05,425.65,424.85,425.65,101021
2026-07-06T12:30:00+05:30,425.65,427.8,425.6,427,76295
2026-07-06T12:35:00+05:30,427.1,427.1,426.3,426.3,9968
2026-07-06T12:40:00+05:30,426.4,426.45,425.15,425.55,73993
2026-07-06T12:45:00+05:30,425.6,425.8,424.95,425.4,57033
2026-07-06T12:50:00+05:30,425.4,425.4,423.45,423.5,217105
2026-07-06T12:55:00+05:30,423.5,425,423.45,424.2,370163
2026-07-06T13:00:00+05:30,424.4,425,424,424.85,232692
2026-07-06T13:05:00+05:30,424.85,425.35,424.5,424.7,10158
2026-07-06T13:10:00+05:30,424.8,425,424.7,424.7,18079
2026-07-06T13:15:00+05:30,424.7,425.1,424.7,424.75,152759
2026-07-06T13:20:00+05:30,424.75,425.2,424.6,425,90380
2026-07-06T13:25:00+05:30,424.95,425.1,424.9,425.1,55152
2026-07-06T13:30:00+05:30,425.1,425.1,423.55,423.95,85556
2026-07-06T13:35:00+05:30,423.95,424.2,423.75,424,19605
2026-07-06T13:40:00+05:30,424,424.15,423.75,423.95,16524
2026-07-06T13:45:00+05:30,423.95,423.95,422.85,423.45,341725
2026-07-06T13:50:00+05:30,423.5,423.5,422.6,422.8,46439
2026-07-06T13:55:00+05:30,422.8,422.85,422.55,422.7,10642
2026-07-06T14:00:00+05:30,422.7,422.8,422.6,422.75,6419
2026-07-06T14:05:00+05:30,422.65,422.85,422.35,422.5,46314
2026-07-06T14:10:00+05:30,422.5,422.75,421.45,422.35,142839
2026-07-06T14:15:00+05:30,422.25,422.5,421.7,422,48950
2026-07-06T14:20:00+05:30,422,422.2,421.9,421.95,25896
2026-07-06T14:25:00+05:30,422,422.2,421.8,422,75098
2026-07-06T14:30:00+05:30,421.9,422,421.5,421.7,18128
2026-07-06T14:35:00+05:30,421.7,421.85,421.4,421.6,30294
2026-07-06T14:40:00+05:30,421.5,421.55,421.05,421.45,44432
2026-07-06T14:45:00+05:30,421.5,421.6,420.25,420.7,70030
2026-07-06T14:50:00+05:30,420.7,421.3,420.35,420.85,95469
2026-07-06T14:55:00+05:30,420.85,420.9,420.1,420.6,108994
2026-07-06T15:00:00+05:30,421.2,421.9,420.9,421.75,149565
2026-07-06T15:05:00+05:30,421.75,422,421.5,421.65,99604
2026-07-06T15:10:00+05:30,421.6,421.9,420,421.4,449742
2026-07-06T15:15:00+05:30,421.25,421.45,420.65,420.95,200917
2026-07-06T15:20:00+05:30,420.95,421.1,420.5,420.95,191022
2026-07-06T15:25:00+05:30,420.95,421.55,420.75,421.55,235579
2026-07-07T09:15:00+05:30,421.1,422.45,419.2,421.3,126000
2026-07-07T09:20:00+05:30,421.35,421.55,420.15,420.3,40365
2026-07-07T09:25:00+05:30,420.3,420.35,419.4,419.45,78079
2026-07-07T09:30:00+05:30,419.05,419.05,416.7,416.75,123925
2026-07-07T09:35:00+05:30,416.9,417,416,416.45,89616
2026-07-07T09:40:00+05:30,416.4,416.65,416,416.45,60454
2026-07-07T09:45:00+05:30,416.5,417,416.25,416.55,34153
2026-07-07T09:50:00+05:30,416.6,416.95,416.5,416.8,39048
2026-07-07T09:55:00+05:30,416.7,417.45,416.65,417,35819
2026-07-07T10:00:00+05:30,417,417.3,416.6,416.6,19834
2026-07-07T10:05:00+05:30,416.75,417.05,416.5,416.7,23459
2026-07-07T10:10:00+05:30,416.65,416.9,416.15,416.3,68959
2026-07-07T10:15:00+05:30,416.25,416.45,416,416.35,33360
2026-07-07T10:20:00+05:30,416.35,416.35,416.05,416.25,28418
2026-07-07T10:25:00+05:30,416.05,416.35,416.05,416.05,21889
2026-07-07T10:30:00+05:30,416.2,416.7,415.6,416.55,107664
2026-07-07T10:35:00+05:30,416.55,416.55,416.1,416.35,22318
2026-07-07T10:40:00+05:30,416.55,416.55,415.8,415.8,24004
2026-07-07T10:45:00+05:30,415.75,416.1,415.6,415.8,32866
2026-07-07T10:50:00+05:30,415.8,415.85,415.45,415.6,32497
2026-07-07T10:55:00+05:30,415.6,415.6,415.15,415.4,35368
2026-07-07T11:00:00+05:30,415.55,415.8,415.15,415.8,26432
2026-07-07T11:05:00+05:30,415.8,417.4,415.55,417.05,277573
2026-07-07T11:10:00+05:30,417.05,417.8,416.25,417.75,67529
2026-07-07T11:15:00+05:30,417.75,417.75,417,417.2,23256
2026-07-07T11:20:00+05:30,417.15,417.65,417.1,417.2,22321
2026-07-07T11:25:00+05:30,417.25,417.7,417.2,417.5,31644
2026-07-07T11:30:00+05:30,417.5,417.85,417.4,417.5,22476
2026-07-07T11:35:00+05:30,417.65,417.8,417.35,417.35,19117
2026-07-07T11:40:00+05:30,417.4,417.7,416.95,417,69146
2026-07-07T11:45:00+05:30,417,417.3,417,417.05,64521
2026-07-07T11:50:00+05:30,417.2,417.5,417,417.2,86949
2026-07-07T11:55:00+05:30,417.2,417.5,417.1,417.2,21543
2026-07-07T12:00:00+05:30,417.4,417.5,417.2,417.45,25205
2026-07-07T12:05:00+05:30,417.5,417.5,417,417.05,39924
2026-07-07T12:10:00+05:30,417.05,417.25,417,417,27640
2026-07-07T12:15:00+05:30,417,417.2,416.3,416.4,53809
2026-07-07T12:20:00+05:30,416.4,417.3,416.3,417.25,88093
2026-07-07T12:25:00+05:30,417.25,417.95,417.1,417.95,90307
2026-07-07T12:30:00+05:30,417.8,418,417,417.35,106995
2026-07-07T12:35:00+05:30,417.35,418.25,417.05,417.55,194165
2026-07-07T12:40:00+05:30,417.55,417.85,417.25,417.5,44943
2026-07-07T12:45:00+05:30,417.35,418.05,417.15,418,76460
2026-07-07T12:50:00+05:30,418,418.5,417.8,417.8,180375
2026-07-07T12:55:00+05:30,417.8,418.3,417.45,417.55,93138
2026-07-07T13:00:00+05:30,417.55,417.6,417,417.25,41231
2026-07-07T13:05:00+05:30,417.25,417.65,417.15,417.35,31967
2026-07-07T13:10:00+05:30,417.35,417.55,416.45,416.45,43524
2026-07-07T13:15:00+05:30,416.45,416.95,416.4,416.4,50468
2026-07-07T13:20:00+05:30,416.4,416.6,415.85,415.9,75900
2026-07-07T13:25:00+05:30,415.9,416.45,415.9,416.1,25928
2026-07-07T13:30:00+05:30,416.3,416.4,415.95,416.15,28261
2026-07-07T13:35:00+05:30,416,416.3,415.65,415.7,28200
2026-07-07T13:40:00+05:30,415.7,415.85,415.2,415.55,152602
2026-07-07T13:45:00+05:30,415.5,416.85,415.45,416.1,133992
2026-07-07T13:50:00+05:30,416.2,416.4,415.7,415.7,42053
2026-07-07T13:55:00+05:30,415.7,416.2,415.65,416,25733
2026-07-07T14:00:00+05:30,416.2,416.2,415.65,415.65,29813
2026-07-07T14:05:00+05:30,415.65,415.9,415.05,415.4,171021
2026-07-07T14:10:00+05:30,415.4,415.4,414.5,414.95,201609
2026-07-07T14:15:00+05:30,414.95,415.35,414.7,414.95,81224
2026-07-07T14:20:00+05:30,414.95,415.25,414.8,414.85,33842
2026-07-07T14:25:00+05:30,414.8,415.15,414.6,415.05,71928
2026-07-07T14:30:00+05:30,415.05,415.1,414.55,414.9,65700
2026-07-07T14:35:00+05:30,414.65,414.95,414.1,414.5,96620
2026-07-07T14:40:00+05:30,414.5,414.75,414.1,414.4,103449
2026-07-07T14:45:00+05:30,414.4,414.8,414.25,414.55,124766
2026-07-07T14:50:00+05:30,414.55,414.7,414.2,414.4,64986
2026-07-07T14:55:00+05:30,414.4,414.8,414,414.35,159649
2026-07-07T15:00:00+05:30,414.5,414.5,413.5,413.8,169095
2026-07-07T15:05:00+05:30,413.8,413.9,413.45,413.7,118208
2026-07-07T15:10:00+05:30,413.6,413.6,412.9,413.3,184049
2026-07-07T15:15:00+05:30,413.45,413.7,412.5,412.75,175087
2026-07-07T15:20:00+05:30,412.75,413.05,412.1,412.85,302958
2026-07-07T15:25:00+05:30,412.75,413.45,411.3,411.3,190528
2026-07-08T09:15:00+05:30,408.9,409,406.3,407.85,220976
2026-07-08T09:20:00+05:30,407.8,408.25,407.15,407.8,48239
2026-07-08T09:25:00+05:30,407.85,408.4,407.75,408.2,36770
2026-07-08T09:30:00+05:30,408.1,408.1,407.4,407.85,45563
2026-07-08T09:35:00+05:30,407.85,408.4,407.7,408.3,29671
2026-07-08T09:40:00+05:30,408.45,410.7,408.3,410.55,67723
2026-07-08T09:45:00+05:30,410.55,413.15,410.3,412.25,169019
2026-07-08T09:50:00+05:30,412.25,413.7,412.25,412.5,46288
2026-07-08T09:55:00+05:30,412.5,414.75,412.45,413.4,53856
2026-07-08T10:00:00+05:30,413.65,414.5,413.3,414,37139
2026-07-08T10:05:00+05:30,414.1,414.25,413.55,413.95,16992
2026-07-08T10:10:00+05:30,413.95,415.45,413.95,414.35,50658
2026-07-08T10:15:00+05:30,414.35,414.35,413.7,413.75,30446
2026-07-08T10:20:00+05:30,413.8,413.9,412.55,412.55,34295
2026-07-08T10:25:00+05:30,412.55,413.2,412.3,413,12742
2026-07-08T10:30:00+05:30,413,413.65,413,413.15,7295
2026-07-08T10:35:00+05:30,413.15,413.7,413,413.5,13216
2026-07-08T10:40:00+05:30,413.5,413.5,412.55,412.55,20096
2026-07-08T10:45:00+05:30,412.55,413,412.15,412.7,12004
2026-07-08T10:50:00+05:30,412.7,413,412.35,412.7,6915
2026-07-08T10:55:00+05:30,412.75,413.5,412.75,413.15,6115
2026-07-08T11:00:00+05:30,413.35,414,413.1,413.85,9904
2026-07-08T11:05:00+05:30,413.85,413.9,412.85,413.15,9366
2026-07-08T11:10:00+05:30,413.15,415,413,414.8,136837
2026-07-08T11:15:00+05:30,414.55,414.9,414,414.1,107971
2026-07-08T11:20:00+05:30,414,414.45,414,414.45,10331
2026-07-08T11:25:00+05:30,414.5,415.05,414.3,414.6,90728
2026-07-08T11:30:00+05:30,414.6,415.9,414.4,415.35,173234
2026-07-08T11:35:00+05:30,415.3,415.35,414.65,414.75,127305
2026-07-08T11:40:00+05:30,414.75,415.35,414.3,415.3,16483
2026-07-08T11:45:00+05:30,415.3,415.35,414.8,415.1,74698
2026-07-08T11:50:00+05:30,415.1,415.5,415,415.15,20211
2026-07-08T11:55:00+05:30,415.15,415.4,414.95,415.4,51106
2026-07-08T12:00:00+05:30,415.35,415.5,415,415,15661
2026-07-08T12:05:00+05:30,414.9,414.9,412.9,413.1,122346
2026-07-08T12:10:00+05:30,412.95,414.2,412.9,414.2,61266
2026-07-08T12:15:00+05:30,414,414.2,413.7,413.85,20473
2026-07-08T12:20:00+05:30,413.8,414.35,413.75,414.05,25077
2026-07-08T12:25:00+05:30,414,414.3,413.55,414.05,108039
2026-07-08T12:30:00+05:30,414.2,414.3,413.5,413.6,92625
2026-07-08T12:35:00+05:30,413.5,413.65,412.55,412.6,172567
2026-07-08T12:40:00+05:30,412.6,412.75,411.75,412.3,68815
2026-07-08T12:45:00+05:30,412.5,412.9,412.2,412.7,33102
2026-07-08T12:50:00+05:30,412.65,413,412.55,412.85,40122
2026-07-08T12:55:00+05:30,412.9,413.45,412.5,413.1,27041
2026-07-08T13:00:00+05:30,413.25,413.45,413.05,413.25,33157
2026-07-08T13:05:00+05:30,413,413.45,413,413,36607
2026-07-08T13:10:00+05:30,412.9,413.2,412.55,412.7,52816
2026-07-08T13:15:00+05:30,412.5,413.1,411.9,412,175300
2026-07-08T13:20:00+05:30,412,412.6,411.75,411.85,62797
2026-07-08T13:25:00+05:30,412,412,411.4,411.4,64663
2026-07-08T13:30:00+05:30,411.75,411.95,410.65,411.4,72207
2026-07-08T13:35:00+05:30,411.1,411.5,410.75,410.8,71782
2026-07-08T13:40:00+05:30,411.05,411.55,410.75,411.1,78241
2026-07-08T13:45:00+05:30,411.1,411.35,410,410,143294
2026-07-08T13:50:00+05:30,410,410.05,408.45,408.65,132334
2026-07-08T13:55:00+05:30,408.55,408.8,407.8,407.85,64007
2026-07-08T14:00:00+05:30,407.8,408,406.45,406.75,89908
2026-07-08T14:05:00+05:30,406.75,407.15,406,406.15,78678
2026-07-08T14:10:00+05:30,406.05,406.2,405.1,405.2,99117
2026-07-08T14:15:00+05:30,405.4,406.25,405,405.25,74485
2026-07-08T14:20:00+05:30,405.1,405.75,404.45,404.85,97347
2026-07-08T14:25:00+05:30,404.85,405.05,403.5,403.55,112000
2026-07-08T14:30:00+05:30,403.65,404.75,403.4,403.6,134725
2026-07-08T14:35:00+05:30,403.85,404.1,402.65,402.8,149396
2026-07-08T14:40:00+05:30,403.1,404.2,402.95,404.15,198274
2026-07-08T14:45:00+05:30,404,404,403.2,403.45,147501
2026-07-08T14:50:00+05:30,403.4,403.65,402.6,402.6,171862
2026-07-08T14:55:00+05:30,402.6,403.4,402.45,402.9,178639
2026-07-08T15:00:00+05:30,403.75,404.4,403.1,403.35,326861
2026-07-08T15:05:00+05:30,403.5,404,403.2,403.55,163140
2026-07-08T15:10:00+05:30,403.45,403.75,402.75,403.5,166232
2026-07-08T15:15:00+05:30,403.65,405.5,403.5,403.6,228468
2026-07-08T15:20:00+05:30,403.6,404.55,403.05,403.2,184794
2026-07-08T15:25:00+05:30,403.3,403.3,402,402.85,206854
2026-07-09T09:15:00+05:30,403.55,405.55,403.1,404.05,139691
2026-07-09T09:20:00+05:30,404.1,404.85,403.6,404.8,65022
2026-07-09T09:25:00+05:30,404.7,405,404.5,404.7,55525
2026-07-09T09:30:00+05:30,404.6,405.2,404.1,405,47831
2026-07-09T09:35:00+05:30,405,405.35,404.4,404.6,39558
2026-07-09T09:40:00+05:30,404.6,404.7,403.4,404,98973
2026-07-09T09:45:00+05:30,404,405.4,404,405.15,23983
2026-07-09T09:50:00+05:30,404.95,405.5,404.65,404.7,35904
2026-07-09T09:55:00+05:30,404.65,405,403.85,404.4,67048
2026-07-09T10:00:00+05:30,404.5,405.4,404.35,405.15,53299
2026-07-09T10:05:00+05:30,405.15,405.2,403.95,404,48129
2026-07-09T10:10:00+05:30,404.05,404.05,403.3,403.65,122194
2026-07-09T10:15:00+05:30,403.6,403.8,402.25,402.5,188347
2026-07-09T10:20:00+05:30,402.45,402.45,400.15,400.65,148540
2026-07-09T10:25:00+05:30,400.65,401.05,399.75,400.75,131974
2026-07-09T10:30:00+05:30,400.95,401.35,399,399.65,147170
2026-07-09T10:35:00+05:30,399.65,399.65,399.05,399.6,99949
2026-07-09T10:40:00+05:30,399.8,401.85,399.5,400.75,107427
2026-07-09T10:45:00+05:30,400.75,400.85,399.35,399.55,63233
2026-07-09T10:50:00+05:30,399.55,400.25,399.5,399.95,48362
2026-07-09T10:55:00+05:30,400.1,400.1,399.1,399.25,45850
2026-07-09T11:00:00+05:30,399.25,400.4,399.15,400.2,180968
2026-07-09T11:05:00+05:30,400.2,400.35,400,400.2,20958
2026-07-09T11:10:00+05:30,400.2,400.2,399.3,399.85,36039
2026-07-09T11:15:00+05:30,399.85,400.2,399.15,399.4,53989
2026-07-09T11:20:00+05:30,399.4,401.4,399.35,401.2,148508
2026-07-09T11:25:00+05:30,401.2,402.5,401.2,401.25,93765
2026-07-09T11:30:00+05:30,401.25,401.25,400.45,400.7,136413
2026-07-09T11:35:00+05:30,400.55,400.8,400.3,400.8,41359
2026-07-09T11:40:00+05:30,400.85,400.85,400,400.2,43963
2026-07-09T11:45:00+05:30,400.2,400.6,400,400.3,45366
2026-07-09T11:50:00+05:30,400.3,400.8,400.1,400.65,52104
2026-07-09T11:55:00+05:30,400.65,403.9,400.55,403.35,386948
2026-07-09T12:00:00+05:30,403.25,404,402.9,403.4,121064
2026-07-09T12:05:00+05:30,403.3,403.4,402.05,402.05,52285
2026-07-09T12:10:00+05:30,402.2,402.6,402,402.25,30023
2026-07-09T12:15:00+05:30,402.4,402.85,402,402.05,49902
2026-07-09T12:20:00+05:30,402.05,402.5,401.65,402.3,34956
2026-07-09T12:25:00+05:30,402.3,403.25,402.1,402.2,76463
2026-07-09T12:30:00+05:30,402.2,402.75,402.05,402.35,33433
2026-07-09T12:35:00+05:30,402.35,402.5,402,402.1,29294
2026-07-09T12:40:00+05:30,402.1,402.1,401.1,401.25,50795
2026-07-09T12:45:00+05:30,401.25,401.95,401.2,401.35,26436
2026-07-09T12:50:00+05:30,401.35,402.5,401.25,402.3,39663
2026-07-09T12:55:00+05:30,402.3,402.7,402,402.3,36889
2026-07-09T13:00:00+05:30,402.3,403.2,402.25,402.9,55387
2026-07-09T13:05:00+05:30,402.9,403.1,402.6,403,63959
2026-07-09T13:10:00+05:30,403.05,403.1,402.8,403.05,27155
2026-07-09T13:15:00+05:30,403.05,403.15,402.7,403,25778
2026-07-09T13:20:00+05:30,403.15,403.2,402.8,403.05,100651
2026-07-09T13:25:00+05:30,403.05,403.2,403,403.1,61345
2026-07-09T13:30:00+05:30,403.1,403.85,403,403.65,47491
2026-07-09T13:35:00+05:30,403.6,404.2,403.3,403.6,76531
2026-07-09T13:40:00+05:30,403.65,404.5,403.4,404.5,114899
2026-07-09T13:45:00+05:30,404.4,404.5,403.6,404,120513
2026-07-09T13:50:00+05:30,403.85,404.25,403.45,403.45,101464
2026-07-09T13:55:00+05:30,403.55,403.75,403.35,403.35,27819
2026-07-09T14:00:00+05:30,403.55,404,403.35,403.75,44226
2026-07-09T14:05:00+05:30,403.75,403.75,403,403.4,24658
2026-07-09T14:10:00+05:30,403.2,403.8,403,403.7,156213
2026-07-09T14:15:00+05:30,403.7,403.8,403.2,403.2,56719
2026-07-09T14:20:00+05:30,403.2,403.4,402.4,402.8,112398
2026-07-09T14:25:00+05:30,402.8,403.2,402.55,403,57793
2026-07-09T14:30:00+05:30,403,403.4,402.7,403.2,52385
2026-07-09T14:35:00+05:30,403.3,403.4,402.8,402.8,59522
2026-07-09T14:40:00+05:30,402.75,403,402.15,402.6,73821
2026-07-09T14:45:00+05:30,402.45,403.7,402.3,403.6,74313
2026-07-09T14:50:00+05:30,403.6,405.45,403.6,405.45,156636
2026-07-09T14:55:00+05:30,405.5,406.25,404.9,405.05,128608
2026-07-09T15:00:00+05:30,404.75,404.75,403.3,403.8,124525
2026-07-09T15:05:00+05:30,404.1,404.35,402.85,403.75,117613
2026-07-09T15:10:00+05:30,403.65,403.75,403.05,403.35,92654
2026-07-09T15:15:00+05:30,403.5,404,403.4,403.8,179042
2026-07-09T15:20:00+05:30,403.85,405.3,403.75,404.95,200856
2026-07-09T15:25:00+05:30,404.85,405,404.45,404.45,253803
2026-07-10T09:15:00+05:30,406.3,409.1,406.1,407.75,128027
2026-07-10T09:20:00+05:30,407.6,409.25,407.4,408.9,35175
2026-07-10T09:25:00+05:30,408.9,409.5,408.6,409.2,55499
2026-07-10T09:30:00+05:30,409.2,409.45,408.4,408.8,40484
2026-07-10T09:35:00+05:30,408.8,408.9,408.15,408.55,22165
2026-07-10T09:40:00+05:30,408.75,408.75,408.15,408.45,23628
2026-07-10T09:45:00+05:30,408.45,408.8,408.1,408.35,25841
2026-07-10T09:50:00+05:30,408.35,408.6,408.05,408.4,19779
2026-07-10T09:55:00+05:30,408.4,408.95,408,408.2,23121
2026-07-10T10:00:00+05:30,408.2,408.45,408.1,408.2,10673
2026-07-10T10:05:00+05:30,408.2,408.75,408,408.7,28287
2026-07-10T10:10:00+05:30,408.7,408.8,408.5,408.8,11923
2026-07-10T10:15:00+05:30,408.9,409.4,408.5,409.35,36813
2026-07-10T10:20:00+05:30,409.35,409.8,409.2,409.6,79359
2026-07-10T10:25:00+05:30,409.6,409.7,408.45,408.75,106598
2026-07-10T10:30:00+05:30,408.75,408.75,407,407.3,60722
2026-07-10T10:35:00+05:30,407.2,407.65,407.2,407.6,13893
2026-07-10T10:40:00+05:30,407.4,407.95,407.1,407.8,18443
2026-07-10T10:45:00+05:30,407.8,407.9,407.5,407.5,18321
2026-07-10T10:50:00+05:30,407.55,407.55,406.9,407.15,24669
2026-07-10T10:55:00+05:30,407.2,407.35,406.75,406.8,18930
2026-07-10T11:00:00+05:30,406.85,407.25,406.8,406.95,11595
2026-07-10T11:05:00+05:30,406.95,406.95,406.35,406.35,19530
2026-07-10T11:10:00+05:30,406.4,406.4,406.1,406.15,20011
2026-07-10T11:15:00+05:30,406.2,406.3,405.55,405.65,29143
2026-07-10T11:20:00+05:30,405.65,405.65,404.5,405,47422
2026-07-10T11:25:00+05:30,405.05,405.35,404.9,405,18627
2026-07-10T11:30:00+05:30,405,405.05,404.2,404.5,23299
2026-07-10T11:35:00+05:30,404.5,404.9,404.4,404.75,10860
2026-07-10T11:40:00+05:30,404.75,404.8,404.25,404.25,33225
2026-07-10T11:45:00+05:30,404.3,404.9,404.2,404.85,20600
2026-07-10T11:50:00+05:30,404.85,405.8,404.45,405.7,69832
2026-07-10T11:55:00+05:30,405.5,406,404.8,406,67067
2026-07-10T12:00:00+05:30,406,406.05,405.5,405.8,27737
2026-07-10T12:05:00+05:30,405.75,406.25,405.55,406.2,18631
2026-07-10T12:10:00+05:30,406.05,406.25,405.5,405.65,22422
2026-07-10T12:15:00+05:30,405.65,405.65,405,405.05,21593
2026-07-10T12:20:00+05:30,405.15,405.2,404.8,405.15,11094
2026-07-10T12:25:00+05:30,405.15,406,405.15,406,22014
2026-07-10T12:30:00+05:30,406,406.1,405.45,405.8,20368
2026-07-10T12:35:00+05:30,405.75,405.8,405.15,405.65,14762
2026-07-10T12:40:00+05:30,405.65,406.5,405.6,406.45,16987
2026-07-10T12:45:00+05:30,406.5,406.5,405.85,406.4,13990
2026-07-10T12:50:00+05:30,406.4,406.75,406.2,406.2,10873
2026-07-10T12:55:00+05:30,406.2,406.8,406.2,406.35,10976
2026-07-10T13:00:00+05:30,406.6,407.7,406.5,407.6,29667
2026-07-10T13:05:00+05:30,407.6,408.95,407.45,407.85,101552
2026-07-10T13:10:00+05:30,407.8,407.95,406.9,407,14438
2026-07-10T13:15:00+05:30,407.15,407.5,406.6,406.7,38423
2026-07-10T13:20:00+05:30,406.7,406.8,405.15,405.45,35205
2026-07-10T13:25:00+05:30,405.45,405.75,405.1,405.7,37152
2026-07-10T13:30:00+05:30,405.7,405.95,405.4,405.75,10627
2026-07-10T13:35:00+05:30,405.85,406.7,405.75,406.4,23998
2026-07-10T13:40:00+05:30,406.55,407.2,406.55,407,24728
2026-07-10T13:45:00+05:30,406.85,407.1,405.55,405.65,145025
2026-07-10T13:50:00+05:30,405.65,406.95,405.65,405.85,274008
2026-07-10T13:55:00+05:30,405.8,405.9,404.9,404.95,179792
2026-07-10T14:00:00+05:30,405,405.9,404.9,405.8,152907
2026-07-10T14:05:00+05:30,405.65,406.35,405.4,406,69281
2026-07-10T14:10:00+05:30,406,406.35,405.8,406.2,14099
2026-07-10T14:15:00+05:30,406.2,406.25,406,406.15,29457
2026-07-10T14:20:00+05:30,406.15,406.5,406.1,406.3,38081
2026-07-10T14:25:00+05:30,406.4,406.7,405.95,406.1,16818
2026-07-10T14:30:00+05:30,406.1,406.2,405.65,405.85,36533
2026-07-10T14:35:00+05:30,405.75,406,405.6,405.85,12953
2026-07-10T14:40:00+05:30,405.9,406,405.45,405.45,20468
2026-07-10T14:45:00+05:30,405.6,406.55,405.45,406.45,29464
2026-07-10T14:50:00+05:30,406.5,406.6,406.3,406.45,15311
2026-07-10T14:55:00+05:30,406.45,406.7,406.25,406.4,21250
2026-07-10T15:00:00+05:30,406.4,406.7,406,406.4,100030
2026-07-10T15:05:00+05:30,406.4,406.75,405.55,406.45,102069
2026-07-10T15:10:00+05:30,406.45,406.7,406.35,406.55,59560
2026-07-10T15:15:00+05:30,406.55,406.55,406.25,406.3,86923
2026-07-10T15:20:00+05:30,406.3,406.9,406.25,406.7,112077
2026-07-10T15:25:00+05:30,406.8,407.4,406.4,406.5,188375
2026-07-13T09:15:00+05:30,403,403.15,400.6,402.1,110581
2026-07-13T09:20:00+05:30,401.75,402.35,401.35,401.95,49428
2026-07-13T09:25:00+05:30,401.95,402.4,401.5,402.4,43765
2026-07-13T09:30:00+05:30,402.35,402.45,401.2,402,88625
2026-07-13T09:35:00+05:30,402.05,402.65,401.4,402.55,44827
2026-07-13T09:40:00+05:30,402.4,402.4,401.5,401.55,47863
2026-07-13T09:45:00+05:30,401.2,401.5,399.95,401.45,595434
2026-07-13T09:50:00+05:30,401.45,402.4,401.2,402.35,82110
2026-07-13T09:55:00+05:30,402.4,402.4,401.5,401.6,56736
2026-07-13T10:00:00+05:30,401.6,401.75,401.3,401.55,78714
2026-07-13T10:05:00+05:30,401.6,401.75,401.4,401.6,17652
2026-07-13T10:10:00+05:30,401.55,402.1,401.4,401.8,45920
2026-07-13T10:15:00+05:30,401.75,401.95,401.15,401.2,60615
2026-07-13T10:20:00+05:30,401.2,401.55,400.7,401.35,48503
2026-07-13T10:25:00+05:30,401.4,401.7,401.05,401.45,19958
2026-07-13T10:30:00+05:30,401.35,401.5,400.75,400.85,74994
2026-07-13T10:35:00+05:30,400.75,401.15,400.75,400.85,29234
2026-07-13T10:40:00+05:30,400.75,401.15,400.7,400.85,52729
2026-07-13T10:45:00+05:30,400.85,401,400.55,400.55,33744
2026-07-13T10:50:00+05:30,400.55,400.7,400.2,400.5,147559
2026-07-13T10:55:00+05:30,400.5,402.7,400.4,402.15,433055
2026-07-13T11:00:00+05:30,402.15,404.9,402.15,403.7,203599
2026-07-13T11:05:00+05:30,403.55,403.7,402.6,402.65,49671
2026-07-13T11:10:00+05:30,402.7,402.85,402.25,402.4,20559
2026-07-13T11:15:00+05:30,402.25,402.9,402.25,402.75,104322
2026-07-13T11:20:00+05:30,402.55,402.9,402.15,402.35,36372
2026-07-13T11:25:00+05:30,402.35,402.4,401.25,401.8,136561
2026-07-13T11:30:00+05:30,401.8,402,401.55,401.9,13280
2026-07-13T11:35:00+05:30,401.75,402.25,401.55,402.05,19829
2026-07-13T11:40:00+05:30,401.9,402.55,401.75,402.4,28602
2026-07-13T11:45:00+05:30,402.4,402.4,401.6,401.6,21846
2026-07-13T11:50:00+05:30,401.6,401.8,401.2,401.4,22359
2026-07-13T11:55:00+05:30,401.35,401.9,401.1,401.2,23022
2026-07-13T12:00:00+05:30,401.1,401.5,401,401,18529
2026-07-13T12:05:00+05:30,401.05,401.5,401,401.35,18845
2026-07-13T12:10:00+05:30,401.3,402.1,401.05,401.95,57727
2026-07-13T12:15:00+05:30,401.95,402,401.65,401.65,16320
2026-07-13T12:20:00+05:30,401.7,401.8,401.35,401.55,19150
2026-07-13T12:25:00+05:30,401.45,401.55,401.15,401.35,173509
2026-07-13T12:30:00+05:30,401.4,401.9,401.05,401.85,53605
2026-07-13T12:35:00+05:30,401.85,403,401.85,402.4,159823
2026-07-13T12:40:00+05:30,402.4,403.4,402.3,403,38882
2026-07-13T12:45:00+05:30,402.95,403.7,402.95,403.5,44658
2026-07-13T12:50:00+05:30,403.5,404.4,403.35,403.85,82894
2026-07-13T12:55:00+05:30,403.85,403.85,403.45,403.55,25787
2026-07-13T13:00:00+05:30,403.4,404.35,403.4,404,39618
2026-07-13T13:05:00+05:30,404,404.3,404,404.2,11751
2026-07-13T13:10:00+05:30,404.05,404.15,404,404,11266
2026-07-13T13:15:00+05:30,404,404.15,403.5,403.6,154678
2026-07-13T13:20:00+05:30,403.6,403.9,403.2,403.2,23711
2026-07-13T13:25:00+05:30,403.3,403.3,402.4,402.6,28720
2026-07-13T13:30:00+05:30,402.45,404.2,402.45,404,44543
2026-07-13T13:35:00+05:30,404,404.8,404,404.55,37267
2026-07-13T13:40:00+05:30,404.55,405.25,404.55,404.8,34949
2026-07-13T13:45:00+05:30,404.8,405.3,404.5,405.1,45188
2026-07-13T13:50:00+05:30,405.15,405.25,404.4,404.6,20906
2026-07-13T13:55:00+05:30,404.6,404.6,404.2,404.5,25052
2026-07-13T14:00:00+05:30,404.55,404.75,404.15,404.45,15855
2026-07-13T14:05:00+05:30,404.45,404.7,404.35,404.55,13182
2026-07-13T14:10:00+05:30,404.55,404.95,404.4,404.85,20160
2026-07-13T14:15:00+05:30,404.65,405.25,404.65,405,20519
2026-07-13T14:20:00+05:30,405,405.45,404.95,405.2,25622
2026-07-13T14:25:00+05:30,405.2,405.2,404.65,404.7,27490
2026-07-13T14:30:00+05:30,404.65,404.7,404,404.15,24261
2026-07-13T14:35:00+05:30,404.1,404.45,404,404.05,30708
2026-07-13T14:40:00+05:30,404.05,404.55,404,404.35,22758
2026-07-13T14:45:00+05:30,404.35,404.95,404.35,404.6,29899
2026-07-13T14:50:00+05:30,404.7,405.1,404.55,404.95,28363
2026-07-13T14:55:00+05:30,404.9,405,404.6,404.75,34289
2026-07-13T15:00:00+05:30,404.7,405,404.5,404.9,96975
2026-07-13T15:05:00+05:30,405,405.35,405,405.05,78947
2026-07-13T15:10:00+05:30,405.05,405.2,404.7,404.7,100815
2026-07-13T15:15:00+05:30,404.75,405.1,404.4,405.1,122444
2026-07-13T15:20:00+05:30,405.1,405.8,404.9,405.8,160485
2026-07-13T15:25:00+05:30,405.8,406,405.55,405.9,88673
2026-07-14T09:15:00+05:30,405,405,400.15,402.7,158365
2026-07-14T09:20:00+05:30,402.5,403.45,402.2,403.2,39173
2026-07-14T09:25:00+05:30,403.05,403.45,402.15,402.4,41268
2026-07-14T09:30:00+05:30,402.4,403.6,402.15,403.6,44577
2026-07-14T09:35:00+05:30,403.4,406.35,403.4,405.85,106299
2026-07-14T09:40:00+05:30,406.05,406.3,405.25,405.6,71725
2026-07-14T09:45:00+05:30,405.6,406,404.6,404.95,49770
2026-07-14T09:50:00+05:30,404.95,405.25,404.65,405.25,24951
2026-07-14T09:55:00+05:30,405.2,405.65,404.55,404.55,39005
2026-07-14T10:00:00+05:30,404.6,405.2,404.25,404.85,39228
2026-07-14T10:05:00+05:30,405,405.05,404.55,404.9,30252
2026-07-14T10:10:00+05:30,405.05,405.65,404.9,404.9,43246
2026-07-14T10:15:00+05:30,405.05,405.75,404.85,405.05,39864
2026-07-14T10:20:00+05:30,405.05,405.75,405.05,405.35,23603
2026-07-14T10:25:00+05:30,405.2,405.2,404.65,405.1,21625
2026-07-14T10:30:00+05:30,405,406.35,404.8,406,39328
2026-07-14T10:35:00+05:30,406,406.95,405.6,406.25,70028
2026-07-14T10:40:00+05:30,406.2,406.7,405.5,406.2,109816
2026-07-14T10:45:00+05:30,406.15,407.8,406.15,407.1,63958
2026-07-14T10:50:00+05:30,407,408.3,406.7,407.75,65551
2026-07-14T10:55:00+05:30,407.7,408.6,407.5,408.6,34723
2026-07-14T11:00:00+05:30,408.6,408.9,407.65,408,63015
2026-07-14T11:05:00+05:30,408,408,406.7,407.3,42063
2026-07-14T11:10:00+05:30,407.3,407.6,406.8,407.35,20230
2026-07-14T11:15:00+05:30,407.2,407.85,407.2,407.7,19989
2026-07-14T11:20:00+05:30,407.7,408,405.9,406.3,190415
2026-07-14T11:25:00+05:30,406.3,406.6,406,406.3,29153
2026-07-14T11:30:00+05:30,406.3,406.3,405.6,406.05,83920
2026-07-14T11:35:00+05:30,406.05,406.1,405.5,405.8,17469
2026-07-14T11:40:00+05:30,405.85,406.1,405.6,405.85,21729
2026-07-14T11:45:00+05:30,405.9,406.5,405.9,406.4,23274
2026-07-14T11:50:00+05:30,406.4,406.4,406,406.15,33842
2026-07-14T11:55:00+05:30,406.15,406.5,406,406.5,21093
2026-07-14T12:00:00+05:30,406.5,407.2,406.45,407.15,26627
2026-07-14T12:05:00+05:30,407.15,407.15,406.75,406.95,24225
2026-07-14T12:10:00+05:30,407,407.95,406.85,407.9,90237
2026-07-14T12:15:00+05:30,407.9,407.95,406.2,406.4,113985
2026-07-14T12:20:00+05:30,406.4,407.35,406.35,407.3,48677
2026-07-14T12:25:00+05:30,407.3,407.4,406.05,406.1,53335
2026-07-14T12:30:00+05:30,406.2,406.3,405.6,406.25,37290
2026-07-14T12:35:00+05:30,406.25,406.65,406.05,406.65,25765
2026-07-14T12:40:00+05:30,406.6,407.25,406.35,406.9,38605
2026-07-14T12:45:00+05:30,407.05,407.2,406.6,407.05,19504
2026-07-14T12:50:00+05:30,407.05,407.4,406.7,407.25,54812
2026-07-14T12:55:00+05:30,407.25,408.15,406.85,408.05,129557
2026-07-14T13:00:00+05:30,408.05,408.1,407.5,407.95,120291
2026-07-14T13:05:00+05:30,408,408,407.5,407.7,25699
2026-07-14T13:10:00+05:30,407.7,407.8,407.3,407.35,22864
2026-07-14T13:15:00+05:30,407.45,407.5,406.85,407.05,23703
2026-07-14T13:20:00+05:30,407.05,407.05,406.6,406.75,32751
2026-07-14T13:25:00+05:30,406.85,406.9,406.35,406.7,31428
2026-07-14T13:30:00+05:30,406.8,406.8,406.15,406.35,27006
2026-07-14T13:35:00+05:30,406.25,406.25,405.55,405.95,33864
2026-07-14T13:40:00+05:30,405.8,406.1,405.6,406,29171
2026-07-14T13:45:00+05:30,405.9,406.4,405.9,406.05,23005
2026-07-14T13:50:00+05:30,406.15,406.2,405.7,406.15,30733
2026-07-14T13:55:00+05:30,406.15,406.65,405.9,406.45,51216
2026-07-14T14:00:00+05:30,406.6,408.45,406.45,408.35,167209
2026-07-14T14:05:00+05:30,408.35,408.75,408,408.5,75531
2026-07-14T14:10:00+05:30,408.5,408.9,408.45,408.8,48132
2026-07-14T14:15:00+05:30,408.65,409.45,408.6,409.05,70923
2026-07-14T14:20:00+05:30,409.05,409.3,408.6,409,40862
2026-07-14T14:25:00+05:30,408.85,409.05,408.1,408.9,72582
2026-07-14T14:30:00+05:30,408.85,409.45,408,409.35,100537
2026-07-14T14:35:00+05:30,409.4,409.5,408.95,409.05,42171
2026-07-14T14:40:00+05:30,409,409.75,408.95,409.3,57679
2026-07-14T14:45:00+05:30,409.3,409.3,408,408.2,73372
2026-07-14T14:50:00+05:30,408.2,408.6,408.1,408.6,43924
2026-07-14T14:55:00+05:30,408.5,408.95,408.35,408.6,44903
2026-07-14T15:00:00+05:30,408.8,409.95,408.55,409.95,115207
2026-07-14T15:05:00+05:30,409.6,409.8,409.1,409.35,93406
2026-07-14T15:10:00+05:30,409.3,409.4,408.75,408.85,84786
2026-07-14T15:15:00+05:30,408.9,409.3,408.75,409.05,130902
2026-07-14T15:20:00+05:30,408.95,409.45,408.6,409,121817
2026-07-14T15:25:00+05:30,409,409.25,408.8,409,80564
2026-07-15T09:15:00+05:30,412.75,412.75,411,411.25,156210
2026-07-15T09:20:00+05:30,411.3,411.4,410.65,411.15,80222
2026-07-15T09:25:00+05:30,411.15,411.25,410.05,411.15,58474
2026-07-15T09:30:00+05:30,411.15,412.25,411.05,412.05,75998
2026-07-15T09:35:00+05:30,412.1,412.15,411.6,411.7,34357
2026-07-15T09:40:00+05:30,411.7,412.2,411.45,411.95,47621
2026-07-15T09:45:00+05:30,412,412.5,411.8,411.8,45808
2026-07-15T09:50:00+05:30,411.7,412.5,411.6,412.2,35775
2026-07-15T09:55:00+05:30,412,412.45,411.75,411.9,34363
2026-07-15T10:00:00+05:30,411.9,412,411.65,411.7,22230
2026-07-15T10:05:00+05:30,411.7,411.9,411.25,411.45,32034
2026-07-15T10:10:00+05:30,411.45,411.45,411,411.2,26945
2026-07-15T10:15:00+05:30,411.2,411.9,411.2,411.75,37567
2026-07-15T10:20:00+05:30,411.75,411.75,411.3,411.7,50779
2026-07-15T10:25:00+05:30,411.75,412,411.7,411.95,43632
2026-07-15T10:30:00+05:30,412,412.5,412,412.4,84384
2026-07-15T10:35:00+05:30,412.35,412.85,412.25,412.65,88110
2026-07-15T10:40:00+05:30,412.65,412.8,412.3,412.4,74518
2026-07-15T10:45:00+05:30,412.4,412.6,411.95,412.2,42121
2026-07-15T10:50:00+05:30,412.15,412.45,412.15,412.45,39182
2026-07-15T10:55:00+05:30,412.45,412.55,412.15,412.25,41616
2026-07-15T11:00:00+05:30,412.25,412.4,411.5,411.5,71977
2026-07-15T11:05:00+05:30,411.45,411.8,411.25,411.25,39733
2026-07-15T11:10:00+05:30,411.2,411.3,410.15,410.35,72207
2026-07-15T11:15:00+05:30,410.35,410.7,409.6,409.95,65637
2026-07-15T11:20:00+05:30,409.95,410.1,409.8,409.95,23054
2026-07-15T11:25:00+05:30,409.85,410,409.85,410,20580
2026-07-15T11:30:00+05:30,409.95,410.05,409.75,409.8,97334
2026-07-15T11:35:00+05:30,409.75,409.85,409.5,409.65,37234
2026-07-15T11:40:00+05:30,409.55,409.6,408.3,408.3,57383
2026-07-15T11:45:00+05:30,408.35,408.75,407.9,407.9,45103
2026-07-15T11:50:00+05:30,407.9,408,407.15,407.15,50572
2026-07-15T11:55:00+05:30,407.25,408.35,407.25,407.75,140109
2026-07-15T12:00:00+05:30,407.85,408.1,407.55,407.95,43001
2026-07-15T12:05:00+05:30,407.95,408,407.45,407.6,41953
2026-07-15T12:10:00+05:30,407.6,408,407.5,407.7,27334
2026-07-15T12:15:00+05:30,407.75,407.75,407.3,407.3,20092
2026-07-15T12:20:00+05:30,407.3,407.35,406.55,406.6,36093
2026-07-15T12:25:00+05:30,406.6,407.15,406.6,406.85,23732
2026-07-15T12:30:00+05:30,406.95,407,406.55,406.8,46438
2026-07-15T12:35:00+05:30,406.85,406.9,406.45,406.5,58737
2026-07-15T12:40:00+05:30,406.5,406.85,406.45,406.6,26551
2026-07-15T12:45:00+05:30,406.65,407.2,406.6,406.8,362924
2026-07-15T12:50:00+05:30,406.8,407,406.5,406.6,487641
2026-07-15T12:55:00+05:30,406.6,407.45,405.25,406.05,446240
2026-07-15T13:00:00+05:30,406,406.8,405.85,406,28266
2026-07-15T13:05:00+05:30,406,406.3,405.8,406,26343
2026-07-15T13:10:00+05:30,406,406.65,405.55,405.6,301796
2026-07-15T13:15:00+05:30,405.6,406.35,405,406.35,58736
2026-07-15T13:20:00+05:30,406.35,406.5,405.7,405.75,28267
2026-07-15T13:25:00+05:30,405.75,406,405.7,405.75,17502
2026-07-15T13:30:00+05:30,405.75,406.05,405.25,405.25,38400
2026-07-15T13:35:00+05:30,405.3,405.6,404.9,404.95,39658
2026-07-15T13:40:00+05:30,405,405.3,404.65,405.25,25912
2026-07-15T13:45:00+05:30,405.25,405.95,405,405.5,36414
2026-07-15T13:50:00+05:30,405.5,405.7,405.4,405.4,21834
2026-07-15T13:55:00+05:30,405.4,405.6,405.05,405.45,32816
2026-07-15T14:00:00+05:30,405.45,405.65,405.45,405.5,16941
2026-07-15T14:05:00+05:30,405.45,405.95,405.2,405.8,27468
2026-07-15T14:10:00+05:30,405.8,405.8,405.15,405.2,31066
2026-07-15T14:15:00+05:30,405.2,405.35,404.75,405.25,72595
2026-07-15T14:20:00+05:30,405.15,405.5,405.1,405.3,31470
2026-07-15T14:25:00+05:30,405.25,405.45,405.1,405.4,24412
2026-07-15T14:30:00+05:30,405.4,405.45,405.25,405.35,21017
2026-07-15T14:35:00+05:30,405.3,405.8,405.3,405.75,35377
2026-07-15T14:40:00+05:30,405.75,405.95,405.45,405.55,40074
2026-07-15T14:45:00+05:30,405.55,405.8,405.3,405.45,53913
2026-07-15T14:50:00+05:30,405.3,405.55,405.25,405.4,46551
2026-07-15T14:55:00+05:30,405.4,405.45,404.75,404.85,120940
2026-07-15T15:00:00+05:30,404.75,406.15,404.7,405.85,287393
2026-07-15T15:05:00+05:30,405.65,406,405.55,405.55,205273
2026-07-15T15:10:00+05:30,405.65,405.9,405.5,405.9,170015
2026-07-15T15:15:00+05:30,405.8,406,405.4,405.4,206568
2026-07-15T15:20:00+05:30,405.6,406,405.5,405.95,231475
2026-07-15T15:25:00+05:30,406,406.15,405.2,405.4,191651
2026-07-16T09:15:00+05:30,407.45,407.85,406,406.45,102829
2026-07-16T09:20:00+05:30,406.5,406.8,405.6,405.85,39535
2026-07-16T09:25:00+05:30,405.85,406.55,405.85,406.35,24745
2026-07-16T09:30:00+05:30,406.35,406.75,406.25,406.5,21673
2026-07-16T09:35:00+05:30,406.3,406.55,406.05,406.5,24434
2026-07-16T09:40:00+05:30,406.35,406.9,406.15,406.6,21809
2026-07-16T09:45:00+05:30,406.5,406.75,406.15,406.15,24550
2026-07-16T09:50:00+05:30,406.15,406.6,405.8,405.9,10519
2026-07-16T09:55:00+05:30,405.8,406.1,405.75,405.9,21149
2026-07-16T10:00:00+05:30,406,406,405.5,405.5,18458
2026-07-16T10:05:00+05:30,405.5,406.5,405.25,406.3,42905
2026-07-16T10:10:00+05:30,406.35,406.8,406.1,406.75,37533
2026-07-16T10:15:00+05:30,406.6,406.8,406.35,406.75,9919
2026-07-16T10:20:00+05:30,406.65,406.75,406.3,406.7,13690
2026-07-16T10:25:00+05:30,406.7,406.75,405.85,406.15,16777
2026-07-16T10:30:00+05:30,406,406.25,405.85,406.15,21102
2026-07-16T10:35:00+05:30,406.05,406.35,405.9,406,12244
2026-07-16T10:40:00+05:30,406,406.75,406,406.75,20508
2026-07-16T10:45:00+05:30,406.75,407.8,406.75,407.6,46982
2026-07-16T10:50:00+05:30,407.5,407.85,407.45,407.6,14149
2026-07-16T10:55:00+05:30,407.55,408.6,407.5,408.25,25278
2026-07-16T11:00:00+05:30,408.1,408.4,407.9,408,16102
2026-07-16T11:05:00+05:30,408.25,408.25,407.7,407.8,20648
2026-07-16T11:10:00+05:30,407.75,407.95,407.3,407.35,21927
2026-07-16T11:15:00+05:30,407.3,407.4,407,407.2,12483
2026-07-16T11:20:00+05:30,407.25,407.3,407,407.2,8872
2026-07-16T11:25:00+05:30,407.1,407.2,406.35,406.6,69173
2026-07-16T11:30:00+05:30,406.35,406.65,406.25,406.3,11617
2026-07-16T11:35:00+05:30,406.45,406.7,406.3,406.7,8663
2026-07-16T11:40:00+05:30,406.5,406.6,405.95,405.95,17816
2026-07-16T11:45:00+05:30,405.95,406.2,405.95,406.05,11174
2026-07-16T11:50:00+05:30,406.05,406.15,405.6,405.7,12121
2026-07-16T11:55:00+05:30,405.65,405.95,405.65,405.8,8658
2026-07-16T12:00:00+05:30,405.7,405.8,404.05,404.05,49389
2026-07-16T12:05:00+05:30,404.05,404.6,404.05,404.6,21244
2026-07-16T12:10:00+05:30,404.5,404.75,404.25,404.4,15631
2026-07-16T12:15:00+05:30,404.35,405.05,404.25,405.05,52981
2026-07-16T12:20:00+05:30,405.05,405.5,405,405.5,12174
2026-07-16T12:25:00+05:30,405.45,406.35,405.45,406.3,166511
2026-07-16T12:30:00+05:30,406.25,406.3,405.95,406.05,50350
2026-07-16T12:35:00+05:30,406.05,406.05,405.85,406.05,10758
2026-07-16T12:40:00+05:30,406.05,406.05,404.7,405.3,35882
2026-07-16T12:45:00+05:30,405.3,405.75,405.1,405.55,71087
2026-07-16T12:50:00+05:30,405.5,406.25,405.4,405.65,140060
2026-07-16T12:55:00+05:30,405.45,405.65,405.35,405.55,14515
2026-07-16T13:00:00+05:30,405.5,405.55,405.25,405.55,11278
2026-07-16T13:05:00+05:30,405.55,405.7,405.15,405.15,22572
2026-07-16T13:10:00+05:30,405.1,405.1,404.3,404.8,23420
2026-07-16T13:15:00+05:30,404.7,404.8,404.25,404.45,12342
2026-07-16T13:20:00+05:30,404.4,404.6,404.35,404.45,6688
2026-07-16T13:25:00+05:30,404.35,404.5,404.25,404.4,11376
2026-07-16T13:30:00+05:30,404.4,404.4,403.6,403.75,35752
2026-07-16T13:35:00+05:30,403.75,403.75,402.75,402.9,39658
2026-07-16T13:40:00+05:30,402.8,403.1,402,402.3,44282
2026-07-16T13:45:00+05:30,402.2,402.55,402.05,402.2,22382
2026-07-16T13:50:00+05:30,402.2,402.55,402.2,402.4,22183
2026-07-16T13:55:00+05:30,402.45,402.65,402,402.65,47468
2026-07-16T14:00:00+05:30,402.5,402.65,402.25,402.25,26977
2026-07-16T14:05:00+05:30,402.25,402.3,402.2,402.3,12726
2026-07-16T14:10:00+05:30,402.25,402.3,402,402.15,28438
2026-07-16T14:15:00+05:30,402.05,402.15,401.6,401.9,209664
2026-07-16T14:20:00+05:30,401.75,401.9,401.65,401.7,12647
2026-07-16T14:25:00+05:30,401.75,401.85,401.6,401.85,19794
2026-07-16T14:30:00+05:30,401.8,401.85,401.55,401.6,35840
2026-07-16T14:35:00+05:30,401.6,401.7,401.55,401.6,27355
2026-07-16T14:40:00+05:30,401.55,401.95,401.55,401.8,24511
2026-07-16T14:45:00+05:30,401.8,402,401.65,401.8,30459
2026-07-16T14:50:00+05:30,401.75,402,401.65,401.7,34035
2026-07-16T14:55:00+05:30,401.7,402,401.65,402,86395
2026-07-16T15:00:00+05:30,401.6,401.75,401.05,401.25,190470
2026-07-16T15:05:00+05:30,401.35,401.6,401.25,401.5,180879
2026-07-16T15:10:00+05:30,401.5,401.65,401.05,401.05,164559
2026-07-16T15:15:00+05:30,401.15,401.45,400.85,400.9,162202
2026-07-16T15:20:00+05:30,400.95,401.1,400.8,401,190626
2026-07-16T15:25:00+05:30,400.95,402,400.9,401.95,237784
2026-07-17T09:15:00+05:30,402,402.8,399.75,402.65,140406
2026-07-17T09:20:00+05:30,402.65,403,401.45,402.1,111593
2026-07-17T09:25:00+05:30,402.05,402.7,402.05,402.65,42919
2026-07-17T09:30:00+05:30,402.65,403.9,402.65,403.8,72004
2026-07-17T09:35:00+05:30,403.95,404.2,403.5,403.75,50643
2026-07-17T09:40:00+05:30,403.75,403.9,403.25,403.8,54727
2026-07-17T09:45:00+05:30,403.9,405.3,403.8,404.6,88940
2026-07-17T09:50:00+05:30,404.65,404.85,404.2,404.55,87262
2026-07-17T09:55:00+05:30,404.55,404.55,403.75,404.1,28607
2026-07-17T10:00:00+05:30,404.15,404.2,403.5,403.55,27849
2026-07-17T10:05:00+05:30,403.55,404.3,403.25,404,27873
2026-07-17T10:10:00+05:30,404.05,404.3,404,404,11896
2026-07-17T10:15:00+05:30,404.1,406.6,404.1,406.6,134276
2026-07-17T10:20:00+05:30,406.6,406.8,405.75,405.75,66839
2026-07-17T10:25:00+05:30,405.6,406.2,405.5,406,24786
2026-07-17T10:30:00+05:30,406,406.1,404.7,404.9,74441
2026-07-17T10:35:00+05:30,404.95,404.95,404.45,404.6,22368
2026-07-17T10:40:00+05:30,404.6,404.9,404.45,404.55,23449
2026-07-17T10:45:00+05:30,404.55,404.8,403.6,403.8,194267
2026-07-17T10:50:00+05:30,403.8,403.9,403.3,403.45,149137
2026-07-17T10:55:00+05:30,403.4,403.45,402.55,402.85,73926
2026-07-17T11:00:00+05:30,402.85,403.3,402.65,403,32734
2026-07-17T11:05:00+05:30,403,403.4,402.8,402.9,55517
2026-07-17T11:10:00+05:30,402.9,403.15,402.7,403.1,16279
2026-07-17T11:15:00+05:30,403.15,403.8,403.05,403.5,31178
2026-07-17T11:20:00+05:30,403.55,403.9,403.3,403.4,44695
2026-07-17T11:25:00+05:30,403.5,403.7,403.2,403.2,9262
2026-07-17T11:30:00+05:30,403.35,403.4,402.05,402.05,20860
2026-07-17T11:35:00+05:30,402.1,402.25,401.6,402,30825
2026-07-17T11:40:00+05:30,402,402.45,401.45,402.1,267319
2026-07-17T11:45:00+05:30,402.3,402.5,402.15,402.25,8283
2026-07-17T11:50:00+05:30,402.25,403.75,402.2,403.2,305078
2026-07-17T11:55:00+05:30,403.4,403.75,403.15,403.6,14491
2026-07-17T12:00:00+05:30,403.45,404.9,403.35,404.7,292284
2026-07-17T12:05:00+05:30,404.65,405.15,404.6,405.1,23784
2026-07-17T12:10:00+05:30,405.15,405.35,405,405.35,22389
2026-07-17T12:15:00+05:30,405.35,405.6,405.05,405.4,18057
2026-07-17T12:20:00+05:30,405.4,406.8,405.2,406.7,71432
2026-07-17T12:25:00+05:30,406.7,407.55,400.25,401.2,5379449
2026-07-17T12:30:00+05:30,401.2,402,400.6,401.75,536605
2026-07-17T12:35:00+05:30,401.75,402,401.2,401.85,202887
2026-07-17T12:40:00+05:30,401.85,402.8,401.45,402.8,240286
2026-07-17T12:45:00+05:30,402.8,403.05,401.85,402.7,268033
2026-07-17T12:50:00+05:30,402.7,402.85,402.25,402.55,97399
2026-07-17T12:55:00+05:30,402.55,402.55,401.5,401.5,138248
2026-07-17T13:00:00+05:30,401.5,402.2,401.5,401.9,83939
2026-07-17T13:05:00+05:30,401.9,402.9,401.7,402.25,102374
2026-07-17T13:10:00+05:30,402.25,402.55,401.8,401.9,68833
2026-07-17T13:15:00+05:30,401.9,402,401.1,401.2,111005
2026-07-17T13:20:00+05:30,401.2,401.45,400.8,400.8,59635
2026-07-17T13:25:00+05:30,400.8,401.35,400.8,401.1,50014
2026-07-17T13:30:00+05:30,401.1,401.2,400.6,400.85,65037
2026-07-17T13:35:00+05:30,400.85,401.7,400.75,401.6,63488
2026-07-17T13:40:00+05:30,401.45,401.45,400.8,401.05,42935
2026-07-17T13:45:00+05:30,401,401.5,400.8,401.5,36084
2026-07-17T13:50:00+05:30,401.45,401.8,400.9,401.55,61263
2026-07-17T13:55:00+05:30,401.55,402.6,401.55,402.6,82019
2026-07-17T14:00:00+05:30,402.6,402.8,401.9,402.7,85024
2026-07-17T14:05:00+05:30,402.75,402.85,402.15,402.7,61664
2026-07-17T14:10:00+05:30,402.7,402.95,402.4,402.95,68874
2026-07-17T14:15:00+05:30,402.9,403.95,402.75,402.85,126657
2026-07-17T14:20:00+05:30,402.85,403.3,402.4,403.05,74238
2026-07-17T14:25:00+05:30,403.1,403.9,402.8,402.8,121069
2026-07-17T14:30:00+05:30,402.9,403.75,402.9,403.45,95218
2026-07-17T14:35:00+05:30,403.45,403.9,403.15,403.9,74343
2026-07-17T14:40:00+05:30,403.9,404.2,403.6,404.15,62334
2026-07-17T14:45:00+05:30,404.15,404.8,403.75,404.5,75489
2026-07-17T14:50:00+05:30,404.5,404.9,404.2,404.9,88964
2026-07-17T14:55:00+05:30,404.9,405.25,404.75,405,82066
2026-07-17T15:00:00+05:30,405.2,405.85,404.85,404.95,193651
2026-07-17T15:05:00+05:30,404.95,405.5,404.8,404.85,220916
2026-07-17T15:10:00+05:30,405,405.45,404.85,405.15,186444
2026-07-17T15:15:00+05:30,404.9,405.2,404.25,404.6,225978
2026-07-17T15:20:00+05:30,404.4,404.5,404.2,404.45,235283
2026-07-17T15:25:00+05:30,404.45,405.05,404.25,404.65,239447
2026-07-20T09:15:00+05:30,403.25,404.45,401.45,403.65,102899
2026-07-20T09:20:00+05:30,403.8,405.65,403.7,404.6,105164
2026-07-20T09:25:00+05:30,404.55,405.55,404.2,405.5,49812
2026-07-20T09:30:00+05:30,405.25,405.25,404.5,405.2,37160
2026-07-20T09:35:00+05:30,405.2,405.35,404.5,404.75,38906
2026-07-20T09:40:00+05:30,404.7,405.35,404.65,405.25,37438
2026-07-20T09:45:00+05:30,405.25,406.5,405.05,405.6,45674
2026-07-20T09:50:00+05:30,405.7,406.75,405.7,406.75,23890
2026-07-20T09:55:00+05:30,406.5,407.35,406.1,407,81905
2026-07-20T10:00:00+05:30,407.05,410.6,407,410.25,239047
2026-07-20T10:05:00+05:30,410.3,411.9,409.3,410.75,223219
2026-07-20T10:10:00+05:30,410.85,411.1,408.2,409.15,96497
2026-07-20T10:15:00+05:30,409.15,410,409.1,409.7,47670
2026-07-20T10:20:00+05:30,409.7,411,409.3,409.65,87190
2026-07-20T10:25:00+05:30,409.65,410.25,409.55,409.65,46685
2026-07-20T10:30:00+05:30,409.85,410.75,409.55,410.3,52258
2026-07-20T10:35:00+05:30,410.3,410.3,409.5,409.6,22313
2026-07-20T10:40:00+05:30,409.6,410.15,409.35,410,42532
2026-07-20T10:45:00+05:30,409.85,410.05,409.5,410.05,17443
2026-07-20T10:50:00+05:30,410.05,410.75,409.8,410.2,43087
2026-07-20T10:55:00+05:30,410.2,410.2,409.5,409.65,23903
2026-07-20T11:00:00+05:30,409.8,410.1,409.4,409.9,29098
2026-07-20T11:05:00+05:30,409.95,410.25,409.75,409.85,38987
2026-07-20T11:10:00+05:30,409.85,410.15,409.55,409.75,28997
2026-07-20T11:15:00+05:30,409.6,409.85,409.2,409.4,22987
2026-07-20T11:20:00+05:30,409.4,409.85,409.4,409.55,20904
2026-07-20T11:25:00+05:30,409.55,409.75,409.4,409.45,9404
2026-07-20T11:30:00+05:30,409.45,409.5,409.3,409.45,12309
2026-07-20T11:35:00+05:30,409.35,409.95,408.95,409.6,28712
2026-07-20T11:40:00+05:30,409.6,409.7,408.8,409.25,34451
2026-07-20T11:45:00+05:30,409.25,409.75,409.15,409.5,22562
2026-07-20T11:50:00+05:30,409.5,409.85,409.4,409.4,25243
2026-07-20T11:55:00+05:30,409.4,409.7,409.3,409.5,18281
2026-07-20T12:00:00+05:30,409.55,409.75,409.25,409.5,20208
2026-07-20T12:05:00+05:30,409.4,409.8,409.3,409.3,23284
2026-07-20T12:10:00+05:30,409.3,410.5,409.3,410.1,53245
2026-07-20T12:15:00+05:30,410.1,411.35,409.75,410.8,73148
2026-07-20T12:20:00+05:30,410.5,410.65,409.85,410,34093
2026-07-20T12:25:00+05:30,410,410.9,409.9,410.1,52065
2026-07-20T12:30:00+05:30,410.15,410.5,409.7,409.7,22843
2026-07-20T12:35:00+05:30,409.7,409.8,409.2,409.6,24311
2026-07-20T12:40:00+05:30,409.6,410.05,409.6,409.7,14412
2026-07-20T12:45:00+05:30,409.65,409.95,409.25,409.55,29198
2026-07-20T12:50:00+05:30,409.55,409.8,409.25,409.6,31741
2026-07-20T12:55:00+05:30,409.5,410.3,409.4,410.1,60077
2026-07-20T13:00:00+05:30,410.1,411.15,410,410.7,40961
2026-07-20T13:05:00+05:30,410.7,410.85,410.15,410.7,31110
2026-07-20T13:10:00+05:30,410.7,410.85,410.3,410.65,25874
2026-07-20T13:15:00+05:30,410.75,411.9,410.55,411.8,72363
2026-07-20T13:20:00+05:30,411.75,412.15,411.25,411.9,91074
2026-07-20T13:25:00+05:30,411.9,412.5,411.4,411.85,34256
2026-07-20T13:30:00+05:30,411.9,412.2,411.7,411.85,42948
2026-07-20T13:35:00+05:30,411.85,412.1,411.25,411.45,23192
2026-07-20T13:40:00+05:30,411.45,411.55,411.25,411.4,15671
2026-07-20T13:45:00+05:30,411.4,412,411.35,412,36826
2026-07-20T13:50:00+05:30,411.85,412.75,411.85,412.5,239891
2026-07-20T13:55:00+05:30,412.5,413.05,412.4,412.55,54160
2026-07-20T14:00:00+05:30,412.55,413.4,412.45,413.4,48487
2026-07-20T14:05:00+05:30,413.3,414.4,413.3,414,137387
2026-07-20T14:10:00+05:30,414,414.55,414,414,63371
2026-07-20T14:15:00+05:30,414.2,414.4,413.55,414.15,50490
2026-07-20T14:20:00+05:30,414.2,414.25,413.7,413.8,30571
2026-07-20T14:25:00+05:30,413.75,414.15,413.75,414.05,32487
2026-07-20T14:30:00+05:30,414.05,414.15,413.75,413.8,37037
2026-07-20T14:35:00+05:30,413.8,414.6,413.65,414.1,90938
2026-07-20T14:40:00+05:30,414.1,414.4,413.9,414.15,37162
2026-07-20T14:45:00+05:30,414.05,414.5,414,414.1,48009
2026-07-20T14:50:00+05:30,414.25,414.85,414.15,414.65,64304
2026-07-20T14:55:00+05:30,414.65,414.9,414.25,414.3,100202
2026-07-20T15:00:00+05:30,414.45,415,413.95,414.1,137770
2026-07-20T15:05:00+05:30,414.05,414.35,414,414.1,91270
2026-07-20T15:10:00+05:30,414,414.25,413.9,414.25,137199
2026-07-20T15:15:00+05:30,414.2,414.25,413.55,413.7,163746
2026-07-20T15:20:00+05:30,413.65,413.75,413.35,413.4,242390
2026-07-20T15:25:00+05:30,413.55,414.2,413.1,414,151211
2026-07-21T09:15:00+05:30,414.9,416.6,412.1,416.25,142848
2026-07-21T09:20:00+05:30,416.4,418.35,416.2,417,256892
2026-07-21T09:25:00+05:30,416.35,417.25,416.35,416.8,121046
2026-07-21T09:30:00+05:30,416.75,417.85,416.6,417.05,68137
2026-07-21T09:35:00+05:30,417.2,417.3,416.55,417,48308
2026-07-21T09:40:00+05:30,417,417,415.55,415.75,62522
2026-07-21T09:45:00+05:30,415.7,415.8,415,415.5,39875
2026-07-21T09:50:00+05:30,415.4,416,415.35,415.65,41733
2026-07-21T09:55:00+05:30,415.65,415.65,414.6,415.05,49395
2026-07-21T10:00:00+05:30,415.05,415.9,413.8,413.95,1820223
2026-07-21T10:05:00+05:30,413.8,415.75,413.8,415.65,149610
2026-07-21T10:10:00+05:30,415.6,415.75,415.25,415.3,36023
2026-07-21T10:15:00+05:30,415.3,415.4,415,415.1,19423
2026-07-21T10:20:00+05:30,415.35,415.4,414.7,415.3,22993
2026-07-21T10:25:00+05:30,415.3,415.5,415.15,415.3,20967
2026-07-21T10:30:00+05:30,415.25,415.6,415.15,415.5,11150
2026-07-21T10:35:00+05:30,415.5,415.65,414.5,414.5,26078
2026-07-21T10:40:00+05:30,414.5,414.85,414,414.6,20277
2026-07-21T10:45:00+05:30,414.6,414.6,414.1,414.35,20691
2026-07-21T10:50:00+05:30,414.35,414.35,414,414.15,19420
2026-07-21T10:55:00+05:30,414.1,414.5,413.95,414.3,46060
2026-07-21T11:00:00+05:30,414.4,414.4,414.1,414.35,13100
2026-07-21T11:05:00+05:30,414.4,414.85,414.1,414.25,17643
2026-07-21T11:10:00+05:30,414.25,414.5,413.8,413.95,24396
2026-07-21T11:15:00+05:30,413.85,414,413.45,413.65,15846
2026-07-21T11:20:00+05:30,413.6,413.85,413,413.55,23370
2026-07-21T11:25:00+05:30,413.5,414.05,413.5,413.85,17617
2026-07-21T11:30:00+05:30,413.85,414,413.35,413.8,13717
2026-07-21T11:35:00+05:30,413.85,414,413.35,413.45,15241
2026-07-21T11:40:00+05:30,413.45,413.55,412.85,413,33080
2026-07-21T11:45:00+05:30,413.05,413.4,412.8,413.4,15653
2026-07-21T11:50:00+05:30,413.4,413.45,412.55,412.85,26833
2026-07-21T11:55:00+05:30,412.85,413.1,412.75,413,17576
2026-07-21T12:00:00+05:30,413,413.2,412.75,412.9,8838
2026-07-21T12:05:00+05:30,413,413,412.65,412.7,11592
2026-07-21T12:10:00+05:30,412.65,412.85,412.35,412.6,30059
2026-07-21T12:15:00+05:30,412.6,412.75,412.25,412.35,13190
2026-07-21T12:20:00+05:30,412.5,412.55,411.3,412.1,38792
2026-07-21T12:25:00+05:30,412.05,412.5,412,412.15,40348
2026-07-21T12:30:00+05:30,412.2,412.9,412.2,412.75,20756
2026-07-21T12:35:00+05:30,412.75,413.1,412.45,412.6,44935
2026-07-21T12:40:00+05:30,412.55,412.6,412.2,412.35,9865
2026-07-21T12:45:00+05:30,412.35,412.4,412.05,412.25,8816
2026-07-21T12:50:00+05:30,412.25,412.35,411.2,411.3,32482
2026-07-21T12:55:00+05:30,411.3,411.5,410.3,410.3,32440
2026-07-21T13:00:00+05:30,410.4,410.7,410.25,410.6,19338
2026-07-21T13:05:00+05:30,410.6,410.65,410.05,410.6,53008
2026-07-21T13:10:00+05:30,410.45,410.6,410.3,410.4,13829
2026-07-21T13:15:00+05:30,410.35,410.5,410.3,410.5,7708
2026-07-21T13:20:00+05:30,410.5,410.8,410.35,410.65,21681
2026-07-21T13:25:00+05:30,410.75,410.9,410.35,410.7,23413
2026-07-21T13:30:00+05:30,410.7,411,410.5,410.9,7817
2026-07-21T13:35:00+05:30,411,411.45,410.8,411.4,18878
2026-07-21T13:40:00+05:30,411.4,411.85,411.3,411.8,16838
2026-07-21T13:45:00+05:30,411.85,413.3,411.8,413.05,50065
2026-07-21T13:50:00+05:30,413.3,413.6,413.05,413.4,29253
2026-07-21T13:55:00+05:30,413.3,413.4,412.7,413.1,40984
2026-07-21T14:00:00+05:30,413.1,413.45,412.85,413.3,17457
2026-07-21T14:05:00+05:30,413.25,413.8,413.1,413.3,20714
2026-07-21T14:10:00+05:30,413.3,413.8,413.25,413.75,13931
2026-07-21T14:15:00+05:30,413.75,413.8,413.05,413.55,23326
2026-07-21T14:20:00+05:30,413.7,414.55,413.65,414.2,43197
2026-07-21T14:25:00+05:30,414.15,414.25,413.6,413.9,24209
2026-07-21T14:30:00+05:30,413.9,414.15,413.7,413.95,16252
2026-07-21T14:35:00+05:30,413.95,414.05,413.5,413.6,21047
2026-07-21T14:40:00+05:30,413.5,413.65,412.9,413.5,19396
2026-07-21T14:45:00+05:30,413.5,413.75,413.35,413.75,14613
2026-07-21T14:50:00+05:30,413.75,414.65,413.65,414.45,378144
2026-07-21T14:55:00+05:30,414.45,415.1,414.4,415,85827
2026-07-21T15:00:00+05:30,415,415.25,414.85,414.85,109932
2026-07-21T15:05:00+05:30,414.9,415.4,414.9,415.15,85773
2026-07-21T15:10:00+05:30,415.15,415.15,414.85,414.95,85851
2026-07-21T15:15:00+05:30,415,415.1,414.8,414.85,311546
2026-07-21T15:20:00+05:30,414.8,415.2,414.7,414.85,272088
2026-07-21T15:25:00+05:30,414.85,415,413.25,414.45,161992
2026-07-22T09:15:00+05:30,414,414.1,412.35,413.8,51730
2026-07-22T09:20:00+05:30,413.6,414.3,412.8,413,53815
2026-07-22T09:25:00+05:30,412.95,413.15,411.55,411.65,44258
2026-07-22T09:30:00+05:30,411.65,411.95,411.2,411.7,35544
2026-07-22T09:35:00+05:30,411.55,411.8,411.25,411.7,10529
2026-07-22T09:40:00+05:30,411.6,411.9,410.75,410.95,82495
2026-07-22T09:45:00+05:30,410.95,410.95,409.45,409.9,51356
2026-07-22T09:50:00+05:30,409.9,410.3,409.65,409.75,25587
2026-07-22T09:55:00+05:30,409.85,409.85,409.1,409.8,35727
2026-07-22T10:00:00+05:30,409.75,410.25,409.35,410.25,26796
2026-07-22T10:05:00+05:30,410.15,410.6,409.75,410.4,31975
2026-07-22T10:10:00+05:30,410.35,411.2,410.3,410.7,29674
2026-07-22T10:15:00+05:30,410.65,411.2,410.35,410.95,10666
2026-07-22T10:20:00+05:30,410.95,411,410.2,410.5,10033
2026-07-22T10:25:00+05:30,410.55,410.55,409.8,410.45,36678
2026-07-22T10:30:00+05:30,410.45,411,410.4,410.7,14317
2026-07-22T10:35:00+05:30,410.85,410.95,410.6,410.8,3064
2026-07-22T10:40:00+05:30,410.8,410.8,410.25,410.6,7934
2026-07-22T10:45:00+05:30,410.6,410.85,410.4,410.8,5554
2026-07-22T10:50:00+05:30,410.8,410.9,410.5,410.85,9090
2026-07-22T10:55:00+05:30,410.85,410.95,410.6,410.85,7562
2026-07-22T11:00:00+05:30,410.85,411,410.2,410.65,29899
2026-07-22T11:05:00+05:30,410.65,410.8,410.2,410.55,12474
2026-07-22T11:10:00+05:30,410.55,410.55,410.05,410.2,11267
2026-07-22T11:15:00+05:30,410.2,411.45,410.05,411.05,64221
2026-07-22T11:20:00+05:30,410.95,411.8,410.95,411.7,47599
2026-07-22T11:25:00+05:30,411.7,412.5,411.7,412.35,96090
2026-07-22T11:30:00+05:30,412.35,412.35,412,412.15,20141
2026-07-22T11:35:00+05:30,412.15,412.25,412,412.25,19297
2026-07-22T11:40:00+05:30,412.25,412.9,412.25,412.75,18614
2026-07-22T11:45:00+05:30,412.6,412.75,412.2,412.2,10004
2026-07-22T11:50:00+05:30,412.2,412.65,412,412.55,16054
2026-07-22T11:55:00+05:30,412.5,412.8,412,412,54234
2026-07-22T12:00:00+05:30,412,412.25,410.8,412.05,54037
2026-07-22T12:05:00+05:30,412.05,412.05,411.3,412.05,59844
2026-07-22T12:10:00+05:30,412,412.2,411.65,412.2,67126
2026-07-22T12:15:00+05:30,412.2,412.2,411.9,411.9,28784
2026-07-22T12:20:00+05:30,411.95,412.55,411.75,412.55,33419
2026-07-22T12:25:00+05:30,412.45,412.9,412.25,412.8,17252
2026-07-22T12:30:00+05:30,412.5,412.8,412.3,412.4,7209
2026-07-22T12:35:00+05:30,412.5,412.5,411.5,411.7,26748
2026-07-22T12:40:00+05:30,411.7,411.9,411.05,411.6,27234
2026-07-22T12:45:00+05:30,411.65,412.1,411.35,411.8,14281
2026-07-22T12:50:00+05:30,411.8,412.2,411.5,411.8,8713
2026-07-22T12:55:00+05:30,411.8,412,411.75,411.95,3041
2026-07-22T13:00:00+05:30,411.95,411.95,411.1,411.15,22027
2026-07-22T13:05:00+05:30,410.9,412.15,410.8,412.05,142437
2026-07-22T13:10:00+05:30,412.05,412.25,411.15,411.4,63875
2026-07-22T13:15:00+05:30,411.4,412.1,411.15,411.55,93531
2026-07-22T13:20:00+05:30,411.4,411.95,411.35,411.65,20509
2026-07-22T13:25:00+05:30,411.75,412.2,411.4,412,108336
2026-07-22T13:30:00+05:30,412.15,413.2,411.9,413.15,34215
2026-07-22T13:35:00+05:30,413.15,413.2,412.65,412.95,29895
2026-07-22T13:40:00+05:30,412.95,413.15,412.35,413,21450
2026-07-22T13:45:00+05:30,413,413.1,412.5,412.65,3356
2026-07-22T13:50:00+05:30,412.65,412.95,412.65,412.75,15766
2026-07-22T13:55:00+05:30,412.9,412.95,412.6,412.75,4859
2026-07-22T14:00:00+05:30,412.7,412.75,412.5,412.5,5479
2026-07-22T14:05:00+05:30,412.5,412.8,412.4,412.5,33914
2026-07-22T14:10:00+05:30,412.5,412.9,412.25,412.9,56096
2026-07-22T14:15:00+05:30,412.75,413.25,412.6,413.15,8965
2026-07-22T14:20:00+05:30,413.15,413.25,412.6,412.75,10331
2026-07-22T14:25:00+05:30,412.75,413.15,412.7,413,36164
2026-07-22T14:30:00+05:30,413,413.35,413,413.2,20474
2026-07-22T14:35:00+05:30,413.2,413.45,413,413,12012
2026-07-22T14:40:00+05:30,413,413.1,412.3,412.8,30364
2026-07-22T14:45:00+05:30,412.65,413,412.5,412.75,11529
2026-07-22T14:50:00+05:30,412.9,413.5,412.75,413.3,17625
2026-07-22T14:55:00+05:30,413.3,413.65,413.15,413.35,24860
2026-07-22T15:00:00+05:30,413.65,413.65,412.25,412.25,57472
2026-07-22T15:05:00+05:30,412.4,412.9,412.25,412.75,90954
2026-07-22T15:10:00+05:30,412.7,412.8,412.5,412.55,61558
2026-07-22T15:15:00+05:30,412.5,412.75,412.4,412.45,79147
2026-07-22T15:20:00+05:30,412.4,412.5,411.7,411.7,89050
2026-07-22T15:25:00+05:30,411.7,412,410.15,411,111703
2026-07-23T09:15:00+05:30,410,410.9,409,410.05,93997
2026-07-23T09:20:00+05:30,410.1,411.25,409.75,411.05,43209
2026-07-23T09:25:00+05:30,411.2,411.85,410.65,411.65,25885
2026-07-23T09:30:00+05:30,411.55,411.55,410.7,410.9,18565
2026-07-23T09:35:00+05:30,411,411,409.55,410.35,26814
2026-07-23T09:40:00+05:30,410.1,410.4,409.5,410.1,21167
2026-07-23T09:45:00+05:30,410.15,410.8,409.85,410.35,33216
2026-07-23T09:50:00+05:30,410.45,410.45,409.65,410.05,13100
2026-07-23T09:55:00+05:30,410.05,411,410.05,411,15872
2026-07-23T10:00:00+05:30,411,412.1,410.6,411.85,36411
2026-07-23T10:05:00+05:30,411.85,412.5,411.5,412.05,38864
2026-07-23T10:10:00+05:30,412.15,412.3,411.6,412,21936
2026-07-23T10:15:00+05:30,411.9,412.7,411.9,412.35,35636
2026-07-23T10:20:00+05:30,412.15,412.3,411.35,412.05,31810
2026-07-23T10:25:00+05:30,411.9,412.15,411.55,411.75,20288
2026-07-23T10:30:00+05:30,411.6,411.65,410.1,410.1,73109
2026-07-23T10:35:00+05:30,410.1,410.45,410.05,410.3,18443
2026-07-23T10:40:00+05:30,410.3,410.75,410.3,410.55,19757
2026-07-23T10:45:00+05:30,410.55,410.65,410.25,410.55,10851
2026-07-23T10:50:00+05:30,410.55,410.6,410.1,410.1,12487
2026-07-23T10:55:00+05:30,410.1,410.95,410.1,410.9,27855
2026-07-23T11:00:00+05:30,410.95,412.45,410.35,412.4,280493
2026-07-23T11:05:00+05:30,412.4,413,411.8,412.5,114300
2026-07-23T11:10:00+05:30,412.25,413.45,412.1,412.9,106410
2026-07-23T11:15:00+05:30,413.1,413.35,413,413,83374
2026-07-23T11:20:00+05:30,413,413.1,412.55,412.6,166163
2026-07-23T11:25:00+05:30,412.6,413.3,412.6,413.2,20722
2026-07-23T11:30:00+05:30,413.2,413.65,412.7,413,131964
2026-07-23T11:35:00+05:30,413.2,413.2,412.75,412.8,111944
2026-07-23T11:40:00+05:30,412.8,412.8,412,412.3,56502
2026-07-23T11:45:00+05:30,412.25,412.3,411.15,411.2,35919
2026-07-23T11:50:00+05:30,412.6,412.6,411.35,411.35,308963
2026-07-23T11:55:00+05:30,411.45,411.45,410.65,411.4,47462
2026-07-23T12:00:00+05:30,411.35,411.4,410.35,410.35,19991
2026-07-23T12:05:00+05:30,410.35,410.85,410.35,410.6,18507
2026-07-23T12:10:00+05:30,410.7,410.95,410.6,410.6,125578
2026-07-23T12:15:00+05:30,410.6,410.6,410.3,410.45,10573
2026-07-23T12:20:00+05:30,410.3,410.5,410.05,410.45,20262
2026-07-23T12:25:00+05:30,410.4,410.5,410,410,20329
2026-07-23T12:30:00+05:30,410,410.05,408.8,409.35,104475
2026-07-23T12:35:00+05:30,409.1,409.35,409,409.1,17874
2026-07-23T12:40:00+05:30,409.05,409.05,407.95,407.95,152504
2026-07-23T12:45:00+05:30,408.15,408.3,407.85,408.1,26788
2026-07-23T12:50:00+05:30,408,408.3,407.8,408.05,45768
2026-07-23T12:55:00+05:30,408.05,408.3,407.8,407.8,68756
2026-07-23T13:00:00+05:30,407.8,407.9,407.55,407.7,20325
2026-07-23T13:05:00+05:30,407.6,407.7,407.35,407.5,22330
2026-07-23T13:10:00+05:30,407.5,408.7,407,408.35,122090
2026-07-23T13:15:00+05:30,408.35,408.45,407.7,407.9,47160
2026-07-23T13:20:00+05:30,407.85,408.35,407.8,408.05,23095
2026-07-23T13:25:00+05:30,408.05,408.55,407.85,408.3,22872
2026-07-23T13:30:00+05:30,408.3,408.3,407.95,408.05,19782
2026-07-23T13:35:00+05:30,408.05,408.7,408.05,408.7,15680
2026-07-23T13:40:00+05:30,408.7,409.05,408.55,409.05,16684
2026-07-23T13:45:00+05:30,408.85,409.2,408.8,408.85,19090
2026-07-23T13:50:00+05:30,408.8,409.05,408.65,408.85,22414
2026-07-23T13:55:00+05:30,408.6,409.05,408.55,408.9,35984
2026-07-23T14:00:00+05:30,408.9,409.15,408.2,408.2,12857
2026-07-23T14:05:00+05:30,408.25,408.7,408.25,408.35,46785
2026-07-23T14:10:00+05:30,408.3,408.8,408.05,408.7,19659
2026-07-23T14:15:00+05:30,408.7,408.85,408.35,408.4,13819
2026-07-23T14:20:00+05:30,408.4,408.8,408.4,408.8,21845
2026-07-23T14:25:00+05:30,408.9,409,408.65,408.75,11278
2026-07-23T14:30:00+05:30,408.65,409.4,408.5,409.4,36108
2026-07-23T14:35:00+05:30,409.45,409.55,408.4,408.45,33155
2026-07-23T14:40:00+05:30,408.4,408.65,408.15,408.55,22120
2026-07-23T14:45:00+05:30,408.55,408.65,408,408.1,15918
2026-07-23T14:50:00+05:30,408.2,408.65,408.05,408.5,29695
2026-07-23T14:55:00+05:30,408.5,409.2,408.3,409,31126
2026-07-23T15:00:00+05:30,409.25,410,408.75,409.65,91671
2026-07-23T15:05:00+05:30,409.6,410.85,409.6,410.65,158930
2026-07-23T15:10:00+05:30,410.65,410.7,410.05,410.35,93509
2026-07-23T15:15:00+05:30,410.35,410.55,409.75,410.1,117062
2026-07-23T15:20:00+05:30,410,410.15,409.45,410,172139
2026-07-23T15:25:00+05:30,409.9,410.15,409.4,409.65,111437
2026-07-24T09:15:00+05:30,406,411.15,405.3,411.15,168691
2026-07-24T09:20:00+05:30,411.15,412,410.65,411.6,116408
2026-07-24T09:25:00+05:30,411.35,411.55,409.6,409.9,76855
2026-07-24T09:30:00+05:30,409.85,410.45,408.75,409.55,142259
2026-07-24T09:35:00+05:30,409.4,409.4,408.8,408.85,26687
2026-07-24T09:40:00+05:30,408.85,408.95,407.75,408.45,62480
2026-07-24T09:45:00+05:30,408.4,408.55,407.1,407.1,62022
2026-07-24T09:50:00+05:30,407.15,407.3,406.45,406.9,99673
2026-07-24T09:55:00+05:30,406.75,407.25,406.65,406.95,42660
2026-07-24T10:00:00+05:30,406.8,407.8,406.6,407.65,80108
2026-07-24T10:05:00+05:30,407.7,407.75,406.3,406.75,39709
2026-07-24T10:10:00+05:30,406.65,407.6,406.65,407.1,38568
2026-07-24T10:15:00+05:30,407.35,407.75,406.85,406.95,27686
2026-07-24T10:20:00+05:30,407,407.55,406.9,407,29444
2026-07-24T10:25:00+05:30,407,407.7,406.65,407,36912
2026-07-24T10:30:00+05:30,407,407.05,406.55,406.8,40472
2026-07-24T10:35:00+05:30,406.65,407.1,406.5,407.1,25177
2026-07-24T10:40:00+05:30,407,408.6,406.55,408.5,318117
2026-07-24T10:45:00+05:30,408.5,408.7,407.75,408.7,28718
2026-07-24T10:50:00+05:30,408.6,409.2,408.45,409.1,151174
2026-07-24T10:55:00+05:30,409.1,409.4,407.25,408.5,169872
2026-07-24T11:00:00+05:30,408.5,408.55,408,408,55532
2026-07-24T11:05:00+05:30,408.1,408.1,407.7,407.8,115280
2026-07-24T11:10:00+05:30,407.8,408.4,407.8,408.1,30087
2026-07-24T11:15:00+05:30,408.1,409.3,408,409.2,36475
2026-07-24T11:20:00+05:30,409.2,409.85,409.2,409.75,44505
2026-07-24T11:25:00+05:30,409.75,410.25,409.3,409.55,281524
2026-07-24T11:30:00+05:30,409.45,409.65,409.05,409.55,177492
2026-07-24T11:35:00+05:30,409.55,410.4,409.55,410.25,49003
2026-07-24T11:40:00+05:30,410.25,410.35,409.9,410.15,24357
2026-07-24T11:45:00+05:30,410.15,410.25,409.8,410.05,30226
2026-07-24T11:50:00+05:30,410.1,410.1,409.65,410,34160
2026-07-24T11:55:00+05:30,410,410,409.5,409.5,35755
2026-07-24T12:00:00+05:30,409.55,409.65,409.2,409.65,28371
2026-07-24T12:05:00+05:30,409.65,409.8,409.45,409.5,21054
2026-07-24T12:10:00+05:30,409.5,409.8,409.1,409.55,31069
2026-07-24T12:15:00+05:30,409.35,410,409.35,409.85,38711
2026-07-24T12:20:00+05:30,409.8,410.85,409.65,410.6,95061
2026-07-24T12:25:00+05:30,410.6,412.2,410.6,412,138423
2026-07-24T12:30:00+05:30,411.9,412.65,411.05,412.35,106760
2026-07-24T12:35:00+05:30,412.35,412.8,411.75,412.3,109776
2026-07-24T12:40:00+05:30,412.35,412.65,412.15,412.15,95469
2026-07-24T12:45:00+05:30,412.35,412.9,412.25,412.55,65379
2026-07-24T12:50:00+05:30,412.6,413,412.55,413,50913
2026-07-24T12:55:00+05:30,413,413.65,412.95,413.4,65908
2026-07-24T13:00:00+05:30,413.4,414.1,412.75,413,84493
2026-07-24T13:05:00+05:30,413,413,412.05,412.2,34777
2026-07-24T13:10:00+05:30,412.15,413.3,412,413.15,31867
2026-07-24T13:15:00+05:30,413.15,413.15,412.8,412.9,15982
2026-07-24T13:20:00+05:30,412.95,413.1,412.6,412.75,20254
2026-07-24T13:25:00+05:30,412.75,413,412.6,412.6,19385
2026-07-24T13:30:00+05:30,412.7,412.7,411.5,411.55,24869
2026-07-24T13:35:00+05:30,411.75,411.85,411.3,411.7,22149
2026-07-24T13:40:00+05:30,411.55,411.9,411.1,411.75,30376
2026-07-24T13:45:00+05:30,411.9,412.1,411.3,411.95,26943
2026-07-24T13:50:00+05:30,411.95,413.3,411.85,413.1,48544
2026-07-24T13:55:00+05:30,413.05,413.75,412.65,413.25,34767
2026-07-24T14:00:00+05:30,413.25,414.15,413,414.05,43767
2026-07-24T14:05:00+05:30,414.05,414.05,413.45,413.55,29187
2026-07-24T14:10:00+05:30,413.35,413.75,412.9,413.1,27004
2026-07-24T14:15:00+05:30,413.1,413.5,412.55,412.6,25107
2026-07-24T14:20:00+05:30,412.7,412.85,412.35,412.5,12878
2026-07-24T14:25:00+05:30,412.5,412.5,411.2,411.5,81418
2026-07-24T14:30:00+05:30,411.7,411.75,411.2,411.45,40372
2026-07-24T14:35:00+05:30,411.45,411.7,411.05,411.1,16335
2026-07-24T14:40:00+05:30,411.05,412.05,411.05,411.85,31470
2026-07-24T14:45:00+05:30,411.95,412.25,411.55,412,24532
2026-07-24T14:50:00+05:30,412,412.8,411.8,412.4,26987
2026-07-24T14:55:00+05:30,412.4,412.6,411.85,411.95,29084
2026-07-24T15:00:00+05:30,412.1,412.7,411.6,411.7,73298
2026-07-24T15:05:00+05:30,411.7,412.1,411.6,411.7,95874
2026-07-24T15:10:00+05:30,411.8,412.25,411.7,411.8,61777
2026-07-24T15:15:00+05:30,411.85,412.6,411.7,411.9,85408
2026-07-24T15:20:00+05:30,411.9,411.9,411.7,411.75,93297
2026-07-24T15:25:00+05:30,411.8,412.5,411.75,412.5,104184
2026-07-27T09:15:00+05:30,412.2,415.9,411,414.1,179151
2026-07-27T09:20:00+05:30,413.85,416.75,413.85,415.05,206593
2026-07-27T09:25:00+05:30,414.9,416.15,414.8,416.15,44046
2026-07-27T09:30:00+05:30,416.4,416.9,415.35,415.6,157981
2026-07-27T09:35:00+05:30,415.6,415.6,415.15,415.3,20838
2026-07-27T09:40:00+05:30,415.3,415.5,414.45,414.65,58682
2026-07-27T09:45:00+05:30,414.6,415.05,414.4,414.8,17789
2026-07-27T09:50:00+05:30,414.8,414.8,413.8,414,31324
2026-07-27T09:55:00+05:30,413.85,414.2,413.5,414,24047
2026-07-27T10:00:00+05:30,414,414.6,414,414.1,21550
2026-07-27T10:05:00+05:30,414.1,414.45,413.8,414.4,21990
2026-07-27T10:10:00+05:30,414.2,414.4,413.35,413.6,22444
2026-07-27T10:15:00+05:30,413.6,414,413.2,413.4,17377
2026-07-27T10:20:00+05:30,413.2,413.4,412.15,412.2,23032
2026-07-27T10:25:00+05:30,412.25,413.1,412.25,413.1,19133
2026-07-27T10:30:00+05:30,413.05,413.55,412.8,413.15,44736
2026-07-27T10:35:00+05:30,413.1,413.55,412.85,413,14590
2026-07-27T10:40:00+05:30,413,414.2,413,413.95,33144
2026-07-27T10:45:00+05:30,413.95,414.7,413.8,414.35,22033
2026-07-27T10:50:00+05:30,414.3,414.5,414.2,414.4,15929
2026-07-27T10:55:00+05:30,414.45,414.95,414.45,414.65,26942
2026-07-27T11:00:00+05:30,414.55,415.15,414.35,415.05,41793
2026-07-27T11:05:00+05:30,415,416.45,415,416.3,46640
2026-07-27T11:10:00+05:30,416.4,416.4,415.9,415.9,64473
2026-07-27T11:15:00+05:30,416,417.5,415.9,417.3,67102
2026-07-27T11:20:00+05:30,417.15,417.2,416.8,417.1,33811
2026-07-27T11:25:00+05:30,417.05,417.8,417.05,417.55,44917
2026-07-27T11:30:00+05:30,417.65,417.75,417.25,417.45,61729
2026-07-27T11:35:00+05:30,417.45,417.85,417.1,417.15,130741
2026-07-27T11:40:00+05:30,417.15,417.45,416.65,416.65,43372
2026-07-27T11:45:00+05:30,416.55,416.6,416.2,416.4,10830
2026-07-27T11:50:00+05:30,416.35,416.55,416.2,416.4,13688
2026-07-27T11:55:00+05:30,416.4,416.4,415.5,415.5,72441
2026-07-27T12:00:00+05:30,415.5,415.9,415.2,415.3,34442
2026-07-27T12:05:00+05:30,415.3,416.65,415.1,416.3,276799
2026-07-27T12:10:00+05:30,416.3,417.35,416,417.05,48197
2026-07-27T12:15:00+05:30,417.15,417.3,417,417.25,80411
2026-07-27T12:20:00+05:30,417.4,417.6,416.4,416.5,186487
2026-07-27T12:25:00+05:30,416.5,417.2,416.35,416.85,19295
2026-07-27T12:30:00+05:30,416.8,417.4,416.8,416.85,19600
2026-07-27T12:35:00+05:30,416.85,417.05,416.5,417.05,21504
2026-07-27T12:40:00+05:30,417.05,417.5,417.05,417.4,38753
2026-07-27T12:45:00+05:30,417.25,417.95,417.25,417.9,31332
2026-07-27T12:50:00+05:30,417.9,418.5,417.8,418.5,75596
2026-07-27T12:55:00+05:30,418.35,419.3,418.35,418.6,91872
2026-07-27T13:00:00+05:30,418.4,419.3,418.4,418.9,32477
2026-07-27T13:05:00+05:30,418.9,419.5,418.5,418.55,47637
2026-07-27T13:10:00+05:30,418.6,418.8,418,418.2,95649
2026-07-27T13:15:00+05:30,418.15,418.55,418.1,418.3,41825
2026-07-27T13:20:00+05:30,418.2,418.75,418,418.6,44840
2026-07-27T13:25:00+05:30,418.7,418.75,418.1,418.55,18181
2026-07-27T13:30:00+05:30,418.55,419.1,418.1,418.3,35957
2026-07-27T13:35:00+05:30,418.25,418.25,417.4,417.8,130807
2026-07-27T13:40:00+05:30,417.9,418.1,417.8,418.05,85464
2026-07-27T13:45:00+05:30,418,418.05,417.45,417.75,80446
2026-07-27T13:50:00+05:30,417.8,418.35,417.65,418.35,27325
2026-07-27T13:55:00+05:30,418.35,418.5,417.9,418,14244
2026-07-27T14:00:00+05:30,418,418.5,418,418.1,18497
2026-07-27T14:05:00+05:30,418.1,418.5,417.9,418.45,25051
2026-07-27T14:10:00+05:30,418.45,419.25,418.45,419.25,37903
2026-07-27T14:15:00+05:30,419.2,419.35,418.9,419.35,43373
2026-07-27T14:20:00+05:30,419.35,419.5,419.15,419.4,33533
2026-07-27T14:25:00+05:30,419.4,419.4,418.4,418.45,26813
2026-07-27T14:30:00+05:30,418.6,419.05,418.35,419,26908
2026-07-27T14:35:00+05:30,418.95,418.95,417.8,418.05,98446
2026-07-27T14:40:00+05:30,418.2,418.6,418.1,418.5,16966
2026-07-27T14:45:00+05:30,418.4,418.85,418.15,418.4,35334
2026-07-27T14:50:00+05:30,418.35,419.1,418.05,419.1,37282
2026-07-27T14:55:00+05:30,419.1,419.4,419,419.25,63805
2026-07-27T15:00:00+05:30,419.25,419.75,419.15,419.75,103316
2026-07-27T15:05:00+05:30,419.8,420.5,419.75,420.4,143769
2026-07-27T15:10:00+05:30,420.3,420.6,419.65,419.95,110307
2026-07-27T15:15:00+05:30,420.1,420.55,419.9,420.5,99299
2026-07-27T15:20:00+05:30,420.7,420.7,420.1,420.3,141332
2026-07-27T15:25:00+05:30,420.3,420.55,418,418.25,128443
2026-07-28T09:15:00+05:30,420,420.25,418.3,419.25,165461
2026-07-28T09:20:00+05:30,419.2,420.8,419,419.9,66441
2026-07-28T09:25:00+05:30,419.9,420.45,419.55,419.65,84145
2026-07-28T09:30:00+05:30,419.65,421.4,419.65,421.35,125397
2026-07-28T09:35:00+05:30,421.15,421.5,420.9,421,41176
2026-07-28T09:40:00+05:30,421,421.45,420.5,421.4,84484
2026-07-28T09:45:00+05:30,421.4,421.6,420.05,420.25,46195
2026-07-28T09:50:00+05:30,420.2,420.2,419.55,419.95,47700
2026-07-28T09:55:00+05:30,419.9,420.2,418.75,418.8,26390
2026-07-28T10:00:00+05:30,418.9,418.9,418.15,418.65,34121
2026-07-28T10:05:00+05:30,418.6,418.6,418.2,418.3,27177
2026-07-28T10:10:00+05:30,418.2,418.45,418.15,418.4,10844
2026-07-28T10:15:00+05:30,418.3,418.3,417.55,417.7,97655
2026-07-28T10:20:00+05:30,417.6,418,417.3,418,98525
2026-07-28T10:25:00+05:30,418,419.5,417.95,419.25,157019
2026-07-28T10:30:00+05:30,419.4,419.9,419.3,419.9,43975
2026-07-28T10:35:00+05:30,420,420,419.1,419.35,81603
2026-07-28T10:40:00+05:30,419.5,419.6,419.05,419.4,87203
2026-07-28T10:45:00+05:30,419.4,420.35,419.4,420.25,81276
2026-07-28T10:50:00+05:30,420.25,420.35,419.55,419.8,35040
2026-07-28T10:55:00+05:30,419.7,421.45,419.7,421.1,55313
2026-07-28T11:00:00+05:30,421.15,422.5,420.7,422.45,102445
2026-07-28T11:05:00+05:30,422.45,423.5,422.25,423,95202
2026-07-28T11:10:00+05:30,423,423.2,422.6,422.8,200384
2026-07-28T11:15:00+05:30,422.75,423.4,422.4,422.6,148566
2026-07-28T11:20:00+05:30,423.05,423.25,422.6,422.6,107135
2026-07-28T11:25:00+05:30,422.6,423,421.85,421.95,75181
2026-07-28T11:30:00+05:30,421.85,421.95,421.4,421.85,28373
2026-07-28T11:35:00+05:30,421.85,421.85,421.4,421.6,19609
2026-07-28T11:40:00+05:30,421.6,422.6,421.55,422.55,63563
2026-07-28T11:45:00+05:30,422.55,423,422.4,422.85,24405
2026-07-28T11:50:00+05:30,422.7,422.85,422.1,422.8,28415
2026-07-28T11:55:00+05:30,422.8,422.95,422.2,422.9,31932
2026-07-28T12:00:00+05:30,422.9,423.05,422.55,423,29116
2026-07-28T12:05:00+05:30,422.95,423.25,422.6,423.05,39401
2026-07-28T12:10:00+05:30,423.05,423.25,422.35,422.45,20593
2026-07-28T12:15:00+05:30,422.45,423,422.4,422.65,32146
2026-07-28T12:20:00+05:30,422.6,423,422.4,423,26500
2026-07-28T12:25:00+05:30,422.9,423.3,422.85,423.1,34991
2026-07-28T12:30:00+05:30,423.1,423.2,422.4,422.4,29776
2026-07-28T12:35:00+05:30,422.45,422.55,422,422.35,23777
2026-07-28T12:40:00+05:30,422.35,422.5,422.1,422.3,15039
2026-07-28T12:45:00+05:30,422.3,423,422.05,422.8,69339
2026-07-28T12:50:00+05:30,422.9,422.9,421.65,421.7,33747
2026-07-28T12:55:00+05:30,421.7,421.9,421.3,421.55,37468
2026-07-28T13:00:00+05:30,421.55,421.7,421.2,421.35,19733
2026-07-28T13:05:00+05:30,421.3,421.4,421,421.15,16753
2026-07-28T13:10:00+05:30,421.15,421.15,420.3,420.4,20520
2026-07-28T13:15:00+05:30,420.4,420.7,420.25,420.55,49975
2026-07-28T13:20:00+05:30,420.55,421.35,420.5,421.35,18860
2026-07-28T13:25:00+05:30,421.35,421.65,421.05,421.05,67423
2026-07-28T13:30:00+05:30,421.3,421.5,421.05,421.4,18701
2026-07-28T13:35:00+05:30,421.4,421.4,420.5,420.6,22524
2026-07-28T13:40:00+05:30,420.65,420.7,420.3,420.6,27423
2026-07-28T13:45:00+05:30,420.6,420.65,420,420,27827
2026-07-28T13:50:00+05:30,420.2,420.75,420,420.6,34410
2026-07-28T13:55:00+05:30,420.6,420.75,420.25,420.3,21679
2026-07-28T14:00:00+05:30,420.45,420.65,420.3,420.5,9377
2026-07-28T14:05:00+05:30,420.5,420.5,420,420.2,24204
2026-07-28T14:10:00+05:30,420,420.45,420,420.45,37951
2026-07-28T14:15:00+05:30,420.45,420.95,420.25,420.4,70428
2026-07-28T14:20:00+05:30,420.4,420.4,419.65,419.75,48827
2026-07-28T14:25:00+05:30,419.6,420.5,419.5,420.3,62896
2026-07-28T14:30:00+05:30,420.15,420.6,419.75,420.6,37268
2026-07-28T14:35:00+05:30,420.6,422.25,420.45,421.75,52108
2026-07-28T14:40:00+05:30,421.75,422,421.25,421.25,25184
2026-07-28T14:45:00+05:30,421.25,421.6,420.8,420.9,33289
2026-07-28T14:50:00+05:30,420.9,421.5,420.9,421.5,18646
2026-07-28T14:55:00+05:30,421.5,421.6,421.1,421.4,20451
2026-07-28T15:00:00+05:30,421.3,421.3,419.8,419.85,183605
2026-07-28T15:05:00+05:30,419.95,420.2,419.3,419.55,200601
2026-07-28T15:10:00+05:30,419.6,420.25,419.4,419.55,147413
2026-07-28T15:15:00+05:30,419.5,420.2,419.4,419.6,202070
2026-07-28T15:20:00+05:30,419.55,420.4,419.55,419.8,185648
2026-07-28T15:25:00+05:30,420,420.15,419.1,419.8,160890
2026-07-29T09:15:00+05:30,419.9,422.45,419.45,419.85,105927
2026-07-29T09:20:00+05:30,419.85,420.8,419.55,419.8,44453
2026-07-29T09:25:00+05:30,419.65,421.5,419.1,421.5,161757
2026-07-29T09:30:00+05:30,421.25,422.2,421,421.9,87474
2026-07-29T09:35:00+05:30,421.9,421.95,421,421.5,41361
2026-07-29T09:40:00+05:30,421.5,421.7,420.65,421.4,22063
2026-07-29T09:45:00+05:30,421.85,422.45,421.45,422,52644
2026-07-29T09:50:00+05:30,421.75,422.9,421.3,422.6,91088
2026-07-29T09:55:00+05:30,422.6,422.8,421.8,421.8,37221
2026-07-29T10:00:00+05:30,421.85,422.5,421.6,422.25,42199
2026-07-29T10:05:00+05:30,422.25,422.85,421.95,422.2,36534
2026-07-29T10:10:00+05:30,422.2,422.3,420.8,420.8,73586
2026-07-29T10:15:00+05:30,421.25,421.75,420.8,421.65,31023
2026-07-29T10:20:00+05:30,421.7,422.05,420.8,421.05,42921
2026-07-29T10:25:00+05:30,421.1,421.7,420.9,421.15,63190
2026-07-29T10:30:00+05:30,421.25,421.9,421,421.9,28237
2026-07-29T10:35:00+05:30,421.9,422.1,421.45,421.75,40123
2026-07-29T10:40:00+05:30,421.75,421.9,421.15,421.9,37003
2026-07-29T10:45:00+05:30,421.8,421.9,420.5,420.55,64648
2026-07-29T10:50:00+05:30,421.05,421.75,420.8,421.45,29910
2026-07-29T10:55:00+05:30,421.45,421.45,420.75,420.95,36511
2026-07-29T11:00:00+05:30,420.95,422.45,420.5,422.2,112578
2026-07-29T11:05:00+05:30,422.2,423.25,422.05,423.2,58719
2026-07-29T11:10:00+05:30,423.2,423.9,422.75,422.95,189160
2026-07-29T11:15:00+05:30,423,423.1,422.55,422.7,16708
2026-07-29T11:20:00+05:30,422.7,423.5,422.4,423.4,66977
2026-07-29T11:25:00+05:30,423.25,423.45,422.5,423.05,138154
2026-07-29T11:30:00+05:30,423.1,424.3,422.9,423.9,191327
2026-07-29T11:35:00+05:30,423.7,424.6,423.5,424.5,265087
2026-07-29T11:40:00+05:30,424.3,425.1,424.15,425,140835
2026-07-29T11:45:00+05:30,425,425.75,424.5,425.5,175177
2026-07-29T11:50:00+05:30,425.5,428.35,425.25,427,337239
2026-07-29T11:55:00+05:30,427,428.85,426.2,428.7,97794
2026-07-29T12:00:00+05:30,428.55,431.4,428.4,430.55,264974
2026-07-29T12:05:00+05:30,430.65,430.8,429.35,430.25,91019
2026-07-29T12:10:00+05:30,430.25,430.4,429.2,430.4,51559
2026-07-29T12:15:00+05:30,430.25,430.7,429,429.3,78395
2026-07-29T12:20:00+05:30,429.3,430,429.2,429.85,59563
2026-07-29T12:25:00+05:30,429.95,430.45,429.4,430.15,233376
2026-07-29T12:30:00+05:30,429.8,430,428.05,428.4,82441
2026-07-29T12:35:00+05:30,428.55,428.6,426.3,426.3,80597
2026-07-29T12:40:00+05:30,426.3,426.4,425.7,426,59756
2026-07-29T12:45:00+05:30,425.8,426.4,425.7,426.25,36291
2026-07-29T12:50:00+05:30,426.25,426.95,425.85,426.1,62649
2026-07-29T12:55:00+05:30,426.3,426.85,426.05,426.8,46083
2026-07-29T13:00:00+05:30,426.8,427.75,426.75,427.35,80003
2026-07-29T13:05:00+05:30,427.5,428.7,427.2,428.15,78752
2026-07-29T13:10:00+05:30,428.1,429.05,428,428.55,78581
2026-07-29T13:15:00+05:30,428.55,428.65,427.65,427.75,67960
2026-07-29T13:20:00+05:30,427.85,428.15,427.6,427.75,50073
2026-07-29T13:25:00+05:30,427.7,428.8,427.55,428.25,70949
2026-07-29T13:30:00+05:30,428.4,428.55,427.75,427.85,34634
2026-07-29T13:35:00+05:30,427.8,427.95,426.95,427,62716
2026-07-29T13:40:00+05:30,426.95,427.2,426.5,426.6,51967
2026-07-29T13:45:00+05:30,426.7,427.8,426.55,427.55,51611
2026-07-29T13:50:00+05:30,427.55,427.7,427.2,427.2,50840
2026-07-29T13:55:00+05:30,427.25,427.55,427.2,427.3,47522
2026-07-29T14:00:00+05:30,427.3,427.9,427.15,427.55,94162
2026-07-29T14:05:00+05:30,427.6,427.6,426.85,427.4,94435
2026-07-29T14:10:00+05:30,427.5,427.9,427.2,427.35,69835
2026-07-29T14:15:00+05:30,427.35,427.75,427.25,427.5,84405
2026-07-29T14:20:00+05:30,427.5,427.7,427.3,427.35,69606
2026-07-29T14:25:00+05:30,427.3,427.9,427.2,427.8,108061
2026-07-29T14:30:00+05:30,427.65,427.9,427,427.05,30102
2026-07-29T14:35:00+05:30,427.05,427.15,426.3,426.85,77243
2026-07-29T14:40:00+05:30,426.95,428.25,426.9,428.2,64646
2026-07-29T14:45:00+05:30,428.05,428.65,427.65,428.35,76437
2026-07-29T14:50:00+05:30,428.15,428.4,427.1,427.3,108669
2026-07-29T14:55:00+05:30,427.25,427.8,426.95,427.2,120636
2026-07-29T15:00:00+05:30,427.3,427.65,427,427.6,127969
2026-07-29T15:05:00+05:30,427.65,427.7,427.25,427.4,79661
2026-07-29T15:10:00+05:30,427.3,427.55,426.85,427.55,169167
2026-07-29T15:15:00+05:30,427.5,427.55,426.3,427,97456
2026-07-29T15:20:00+05:30,427,427.3,426.6,427,132026
2026-07-29T15:25:00+05:30,426.85,427.5,426.4,426.75,138353
2026-07-30T09:15:00+05:30,427.1,429.05,423.4,428,175864
2026-07-30T09:20:00+05:30,427.45,429.1,426.4,426.4,387465
2026-07-30T09:25:00+05:30,426.4,427.15,426.2,426.45,96450
2026-07-30T09:30:00+05:30,426.4,428.9,426.4,427.15,132071
2026-07-30T09:35:00+05:30,427.15,428.3,426.8,427.7,109879
2026-07-30T09:40:00+05:30,427.7,427.7,425.75,425.8,66884
2026-07-30T09:45:00+05:30,425.7,427.1,425.7,426.95,42459
2026-07-30T09:50:00+05:30,426.95,427.35,426.6,426.95,40245
2026-07-30T09:55:00+05:30,426.95,427.6,426.3,427.4,46201
2026-07-30T10:00:00+05:30,427.3,427.6,426.45,426.65,76667
2026-07-30T10:05:00+05:30,426.7,427.35,426.65,427.35,37532
2026-07-30T10:10:00+05:30,427.35,427.65,426.7,427.05,29566
2026-07-30T10:15:00+05:30,427.05,428.05,426.1,426.4,53283
2026-07-30T10:20:00+05:30,426.15,427.3,425.95,427.3,101067
2026-07-30T10:25:00+05:30,427.25,427.6,426.25,426.9,67296
2026-07-30T10:30:00+05:30,426.9,426.95,425.95,426.2,69650
2026-07-30T10:35:00+05:30,426.45,427.45,426.45,426.65,63541
2026-07-30T10:40:00+05:30,426.55,427.35,426.25,427.2,69274
2026-07-30T10:45:00+05:30,427.2,427.3,427.05,427.3,37955
2026-07-30T10:50:00+05:30,427.3,427.7,426.4,426.55,76184
2026-07-30T10:55:00+05:30,426.6,426.95,424.75,425.75,324625
2026-07-30T11:00:00+05:30,425.65,425.8,425,425.2,65579
2026-07-30T11:05:00+05:30,425.3,425.4,424.35,425.2,303465
2026-07-30T11:10:00+05:30,425.2,426.75,425.2,425.65,269199
2026-07-30T11:15:00+05:30,425.65,425.65,425.15,425.35,47341
2026-07-30T11:20:00+05:30,425.35,425.85,425.35,425.8,78636
2026-07-30T11:25:00+05:30,425.85,426.45,425.85,426.15,44548
2026-07-30T11:30:00+05:30,426.15,426.7,426.05,426.3,474522
2026-07-30T11:35:00+05:30,426.3,426.35,425.5,425.5,280906
2026-07-30T11:40:00+05:30,425.4,426,425.15,425.75,148587
2026-07-30T11:45:00+05:30,425.75,426.15,425.6,426.1,96911
2026-07-30T11:50:00+05:30,426.05,426.35,425.6,425.85,47920
2026-07-30T11:55:00+05:30,425.8,426.65,424.7,424.85,374928
2026-07-30T12:00:00+05:30,424.85,426.05,424.65,425.45,201717
2026-07-30T12:05:00+05:30,425.45,425.5,425.1,425.4,22491
2026-07-30T12:10:00+05:30,425.35,426.1,425,425.95,47800
2026-07-30T12:15:00+05:30,425.95,425.95,424.9,425.2,51826
2026-07-30T12:20:00+05:30,425.2,425.95,424.9,425.55,78590
2026-07-30T12:25:00+05:30,425.5,426.05,425.4,425.5,57601
2026-07-30T12:30:00+05:30,425.5,427.4,425.35,426.9,63318
2026-07-30T12:35:00+05:30,426.9,427.2,425.25,425.6,372282
2026-07-30T12:40:00+05:30,425.6,425.9,425.05,425.15,49515
2026-07-30T12:45:00+05:30,425.15,425.4,425,425.3,29710
2026-07-30T12:50:00+05:30,425.3,425.4,424.65,424.75,101619
2026-07-30T12:55:00+05:30,424.8,425,424.8,424.85,40238
2026-07-30T13:00:00+05:30,424.8,424.85,424.35,424.4,37929
2026-07-30T13:05:00+05:30,424.4,424.6,424.35,424.4,11838
2026-07-30T13:10:00+05:30,424.55,424.6,423.6,424.15,40296
2026-07-30T13:15:00+05:30,424.1,424.55,423.65,424.35,41105
2026-07-30T13:20:00+05:30,424.3,424.65,424.3,424.5,24346
2026-07-30T13:25:00+05:30,424.45,424.5,423.75,423.95,31410
2026-07-30T13:30:00+05:30,423.95,424.4,423.85,424.2,31908
2026-07-30T13:35:00+05:30,424.2,425,424.15,424.5,55088
2026-07-30T13:40:00+05:30,424.45,424.5,424.2,424.3,15238
2026-07-30T13:45:00+05:30,424.3,424.3,423.95,423.95,31608
2026-07-30T13:50:00+05:30,423.9,424.95,423.8,424.65,56670
2026-07-30T13:55:00+05:30,424.6,424.8,424.45,424.45,32968
2026-07-30T14:00:00+05:30,424.45,425.6,424.4,425.2,529100
2026-07-30T14:05:00+05:30,425.2,425.7,424.95,425.5,69848
2026-07-30T14:10:00+05:30,425.5,425.95,424.95,425,73417
2026-07-30T14:15:00+05:30,424.95,425.25,424.85,425.05,45591
2026-07-30T14:20:00+05:30,425.05,425.1,424.9,425,41742
2026-07-30T14:25:00+05:30,425,425.3,425,425.05,71567
2026-07-30T14:30:00+05:30,425.05,425.75,425,425.5,45974
2026-07-30T14:35:00+05:30,425.5,425.95,425.35,425.9,87133
2026-07-30T14:40:00+05:30,425.85,426.15,425.55,425.8,49958
2026-07-30T14:45:00+05:30,425.8,426.5,425.6,426.4,98669
2026-07-30T14:50:00+05:30,426.35,426.65,425.8,426,70440
2026-07-30T14:55:00+05:30,425.9,426.25,425.9,426,29399
2026-07-30T15:00:00+05:30,426.2,426.3,425.6,426.25,79994
2026-07-30T15:05:00+05:30,426.3,426.7,426.1,426.3,99254
2026-07-30T15:10:00+05:30,426.45,426.45,426.35,426.45,81663
2026-07-30T15:15:00+05:30,426.45,426.45,425.9,426,90655
2026-07-30T15:20:00+05:30,425.95,426.5,425.95,426.35,139250
2026-07-30T15:25:00+05:30,426.35,427,425.75,425.75,184504
2026-07-31T09:15:00+05:30,423.7,425.45,422.3,423.45,110975
2026-07-31T09:20:00+05:30,423.45,424.7,423.45,424.15,53867
2026-07-31T09:25:00+05:30,424.25,425,423.55,424.6,52319
2026-07-31T09:30:00+05:30,424.6,425.25,424.1,424.2,36132
2026-07-31T09:35:00+05:30,424.2,424.4,423.6,424.1,28664
2026-07-31T09:40:00+05:30,424,426.95,424,426.95,135242
2026-07-31T09:45:00+05:30,426.85,427.1,425.7,425.85,64076
2026-07-31T09:50:00+05:30,425.95,426.95,425.75,426.85,104492
2026-07-31T09:55:00+05:30,426.9,426.9,425,425.65,62889
2026-07-31T10:00:00+05:30,425.65,425.8,425.45,425.5,25438
2026-07-31T10:05:00+05:30,425.5,425.7,425.3,425.35,26534
2026-07-31T10:10:00+05:30,425.35,425.7,425.05,425.15,38741
2026-07-31T10:15:00+05:30,425.25,425.3,424.7,425.05,28582
2026-07-31T10:20:00+05:30,425,425.4,424.7,424.85,120732
2026-07-31T10:25:00+05:30,424.9,425.3,424.75,425.25,24787
2026-07-31T10:30:00+05:30,425.25,425.55,425,425.35,58382
2026-07-31T10:35:00+05:30,425.5,425.5,424.8,425.25,109712
2026-07-31T10:40:00+05:30,425.25,425.5,424.75,424.95,34050
2026-07-31T10:45:00+05:30,425.05,425.05,424.3,424.7,28419
2026-07-31T10:50:00+05:30,424.7,425.35,424.5,425.1,27773
2026-07-31T10:55:00+05:30,425.1,425.35,424.75,424.75,73538
2026-07-31T11:00:00+05:30,424.75,425,424.5,424.75,23273
2026-07-31T11:05:00+05:30,424.5,424.8,423.7,423.8,18167
2026-07-31T11:10:00+05:30,423.8,424.15,423.65,424,16263
2026-07-31T11:15:00+05:30,424.05,424.3,423.75,423.85,24389
2026-07-31T11:20:00+05:30,423.9,424,423.45,423.45,39144
2026-07-31T11:25:00+05:30,423.45,423.95,422.75,422.8,72859
2026-07-31T11:30:00+05:30,422.95,423.15,422.05,422.8,67422
2026-07-31T11:35:00+05:30,422.8,423,422.35,422.35,43747
2026-07-31T11:40:00+05:30,422.4,422.45,422.05,422.1,44841
2026-07-31T11:45:00+05:30,422.3,422.4,422,422,38245
2026-07-31T11:50:00+05:30,422.1,422.35,420.35,421,681308
2026-07-31T11:55:00+05:30,421,422.35,420.75,422.05,253678
2026-07-31T12:00:00+05:30,422.1,423.4,421.85,423.25,67573
2026-07-31T12:05:00+05:30,423.25,423.5,423,423.25,27633
2026-07-31T12:10:00+05:30,423.15,423.75,423.15,423.7,23107
2026-07-31T12:15:00+05:30,423.7,423.8,422.95,423.25,417320
2026-07-31T12:20:00+05:30,423.3,423.6,423.05,423.35,22662
2026-07-31T12:25:00+05:30,423.55,424.8,423.3,424.45,41501
2026-07-31T12:30:00+05:30,424.25,425.15,424.25,425.15,71330
2026-07-31T12:35:00+05:30,425,425.35,423.55,424.05,613425
2026-07-31T12:40:00+05:30,424,425.6,423.9,424.5,518977
2026-07-31T12:45:00+05:30,424.8,425.15,423.9,424.3,465692
2026-07-31T12:50:00+05:30,424.3,424.6,423.85,423.95,184230
2026-07-31T12:55:00+05:30,423.95,424.4,423.85,424.3,24032
2026-07-31T13:00:00+05:30,424.3,424.45,424.15,424.4,29409
2026-07-31T13:05:00+05:30,424.35,424.7,424.2,424.5,16805
2026-07-31T13:10:00+05:30,424.8,424.85,424.25,424.55,177011
2026-07-31T13:15:00+05:30,424.55,425,424.25,424.75,29179
2026-07-31T13:20:00+05:30,424.7,424.95,424.6,424.8,17645
2026-07-31T13:25:00+05:30,424.9,425.85,423.55,423.9,820922
2026-07-31T13:30:00+05:30,423.9,423.9,423,423.2,56406
2026-07-31T13:35:00+05:30,423.05,423.45,423,423.05,20080
2026-07-31T13:40:00+05:30,423.05,424.2,422.8,424.2,259243
2026-07-31T13:45:00+05:30,424.2,424.6,423.95,424.6,26567
2026-07-31T13:50:00+05:30,424.6,424.8,423.55,423.65,304570
2026-07-31T13:55:00+05:30,423.8,424.65,423.8,424.65,68655
2026-07-31T14:00:00+05:30,424.65,424.65,423.5,423.6,299002
2026-07-31T14:05:00+05:30,423.6,423.8,423.4,423.7,24001
2026-07-31T14:10:00+05:30,423.75,424.05,423.65,424.05,29965
2026-07-31T14:15:00+05:30,424.15,424.5,423.65,424,50030
2026-07-31T14:20:00+05:30,423.85,424.05,423.6,424,36802
2026-07-31T14:25:00+05:30,424.05,424.15,423.9,423.9,20377
2026-07-31T14:30:00+05:30,424,425.05,423.9,424.55,170032
2026-07-31T14:35:00+05:30,424.7,424.7,424.3,424.6,31671
2026-07-31T14:40:00+05:30,424.55,424.7,423.1,423.75,175288
2026-07-31T14:45:00+05:30,423.95,423.95,423.5,423.95,39929
2026-07-31T14:50:00+05:30,423.9,424.3,423.8,424.1,54694
2026-07-31T14:55:00+05:30,424.1,424.15,423.35,423.6,71401
2026-07-31T15:00:00+05:30,423.5,424.9,423.3,424.8,206127
2026-07-31T15:05:00+05:30,424.75,425.75,424.45,425.05,724082
2026-07-31T15:10:00+05:30,425.05,425.55,423.8,424.15,856290
2026-07-31T15:15:00+05:30,423.9,424.95,423.7,424.7,269178
2026-07-31T15:20:00+05:30,424.7,424.9,423.8,423.95,216851
2026-07-31T15:25:00+05:30,423.95,425.25,423.8,425,221503
2026-08-03T09:15:00+05:30,425.5,429.25,424.4,426.6,198431
2026-08-03T09:20:00+05:30,426.9,426.9,425.25,425.95,124098
2026-08-03T09:25:00+05:30,426.05,426.9,425.6,426.6,79325
2026-08-03T09:30:00+05:30,426.6,426.8,426.1,426.2,10229
2026-08-03T09:35:00+05:30,426.35,427,425.9,427,106799
2026-08-03T09:40:00+05:30,427,427,425.7,426.55,157348
2026-08-03T09:45:00+05:30,426.6,426.95,425.65,425.65,182715
2026-08-03T09:50:00+05:30,425.55,427,425.55,426.3,78289
2026-08-03T09:55:00+05:30,426.3,427.3,426.25,426.85,206944
2026-08-03T10:00:00+05:30,426.85,427.2,426.2,426.4,34067
2026-08-03T10:05:00+05:30,426.2,426.6,425.7,425.8,49765
2026-08-03T10:10:00+05:30,425.8,425.85,425.3,425.55,66952
2026-08-03T10:15:00+05:30,425.7,425.85,425.25,425.85,27279
2026-08-03T10:20:00+05:30,425.5,426.05,425.4,425.65,21460
2026-08-03T10:25:00+05:30,425.75,426.4,425.65,425.85,33958
2026-08-03T10:30:00+05:30,425.85,426.2,425.25,425.5,19074
2026-08-03T10:35:00+05:30,425.5,425.55,424.35,424.95,73192
2026-08-03T10:40:00+05:30,424.95,425,424.5,424.6,25174
2026-08-03T10:45:00+05:30,424.35,424.7,424.05,424.5,25311
2026-08-03T10:50:00+05:30,424.45,424.9,424.3,424.75,39208
2026-08-03T10:55:00+05:30,424.75,424.8,424.25,424.5,24599
2026-08-03T11:00:00+05:30,424.5,424.7,424.1,424.2,24578
2026-08-03T11:05:00+05:30,424.2,424.3,423.65,423.65,23169
2026-08-03T11:10:00+05:30,423.8,423.8,422.95,423.4,33841
2026-08-03T11:15:00+05:30,423.4,423.4,422.65,423.3,14713
2026-08-03T11:20:00+05:30,423.3,423.3,422.3,422.85,39173
2026-08-03T11:25:00+05:30,422.85,423.05,422.5,422.9,90229
2026-08-03T11:30:00+05:30,422.9,423.1,422.4,422.6,51726
2026-08-03T11:35:00+05:30,422.45,424,422.35,423.25,84571
2026-08-03T11:40:00+05:30,423.3,424.1,423.2,423.95,206716
2026-08-03T11:45:00+05:30,423.95,424.2,423.5,423.65,48634
2026-08-03T11:50:00+05:30,423.65,423.75,423.25,423.35,15780
2026-08-03T11:55:00+05:30,423.5,423.55,423,423.3,14520
2026-08-03T12:00:00+05:30,423.3,423.45,421.9,422.5,48042
2026-08-03T12:05:00+05:30,422.5,422.5,421.75,421.9,44688
2026-08-03T12:10:00+05:30,422,422.05,420.65,420.8,48420
2026-08-03T12:15:00+05:30,420.65,421.15,419.85,420,667177
2026-08-03T12:20:00+05:30,420,420,418.65,419.5,205564
2026-08-03T12:25:00+05:30,419.8,419.95,419.25,419.5,70206
2026-08-03T12:30:00+05:30,419.55,420,419.2,419.25,270572
2026-08-03T12:35:00+05:30,419.25,419.7,418.7,419.05,35569
2026-08-03T12:40:00+05:30,419.25,419.4,418.9,419.4,21036
2026-08-03T12:45:00+05:30,419.35,419.45,418.55,419.45,34940
2026-08-03T12:50:00+05:30,419.45,419.55,419,419.25,6439
2026-08-03T12:55:00+05:30,419.25,419.25,418.8,419.1,7940
2026-08-03T13:00:00+05:30,419.1,419.8,419.05,419.35,130598
2026-08-03T13:05:00+05:30,419.35,419.4,419.1,419.3,8122
2026-08-03T13:10:00+05:30,419.3,419.5,419,419.15,13060
2026-08-03T13:15:00+05:30,419.15,419.65,418.85,419,155530
2026-08-03T13:20:00+05:30,419,419.9,419,419.45,143170
2026-08-03T13:25:00+05:30,419.45,419.55,419.2,419.45,11146
2026-08-03T13:30:00+05:30,419.4,419.55,418.85,418.95,32130
2026-08-03T13:35:00+05:30,419,419,418.5,418.8,53846
2026-08-03T13:40:00+05:30,418.8,419.05,418.65,418.8,16360
2026-08-03T13:45:00+05:30,418.8,419.4,418.7,419.4,14007
2026-08-03T13:50:00+05:30,419.2,419.5,418.8,419.25,14305
2026-08-03T13:55:00+05:30,419.25,419.35,418.5,418.6,89325
2026-08-03T14:00:00+05:30,418.6,418.8,418,418.25,35833
2026-08-03T14:05:00+05:30,418.25,418.4,417.95,417.95,24270
2026-08-03T14:10:00+05:30,417.9,418,417.55,417.8,28540
2026-08-03T14:15:00+05:30,417.95,418,417.65,417.7,13439
2026-08-03T14:20:00+05:30,417.7,418,417.5,417.6,16138
2026-08-03T14:25:00+05:30,417.6,418.25,417.5,417.95,29909
2026-08-03T14:30:00+05:30,417.95,418.75,417.95,418.4,56008
2026-08-03T14:35:00+05:30,418.35,418.75,418.2,418.25,36857
2026-08-03T14:40:00+05:30,418.25,418.4,417.9,418.15,32239
2026-08-03T14:45:00+05:30,418.05,418.7,417.9,418.3,155770
2026-08-03T14:50:00+05:30,418.3,418.4,417.55,417.9,47883
2026-08-03T14:55:00+05:30,418.1,418.35,417.95,417.95,206015
2026-08-03T15:00:00+05:30,418.05,418.3,417.35,418.1,88832
2026-08-03T15:05:00+05:30,418.05,418.1,417.45,417.55,545933
2026-08-03T15:10:00+05:30,417.75,418.2,417.3,417.7,194896
2026-08-04T09:15:00+05:30,420,420,416.25,418.2,98213
2026-08-04T09:20:00+05:30,418.15,418.7,417.15,417.75,48397
2026-08-04T09:25:00+05:30,417.7,417.95,417.5,417.8,30870
2026-08-04T09:30:00+05:30,417.85,419.25,417.75,419.25,47749
2026-08-04T09:35:00+05:30,419.05,419.35,418.9,419.2,22002
2026-08-04T09:40:00+05:30,419.05,419.3,418.3,418.5,39542
2026-08-04T09:45:00+05:30,418.5,419.85,418.5,419.5,41232
2026-08-04T09:50:00+05:30,419.75,420.55,419.45,420.1,50363
2026-08-04T09:55:00+05:30,420.2,420.75,420,420.45,36633
2026-08-04T10:00:00+05:30,420.35,421.8,419.55,419.75,155635
2026-08-04T10:05:00+05:30,419.75,420.15,419.7,420.15,20455
2026-08-04T10:10:00+05:30,420.05,420.1,418.8,419.15,28943
2026-08-04T10:15:00+05:30,419.15,420,418.95,420,37125
2026-08-04T10:20:00+05:30,419.95,420,419.55,419.55,30335
2026-08-04T10:25:00+05:30,419.55,419.6,418.85,419.5,49185
2026-08-04T10:30:00+05:30,419.6,419.6,418.8,419.25,22970
2026-08-04T10:35:00+05:30,419.15,419.35,418.8,419.2,22923
2026-08-04T10:40:00+05:30,419.2,419.5,419.05,419.4,23406
2026-08-04T10:45:00+05:30,419.4,419.55,419.1,419.45,31347
2026-08-04T10:50:00+05:30,419.45,420.05,419.4,420.05,32853
2026-08-04T10:55:00+05:30,419.95,420.05,419.1,419.6,66096
2026-08-04T11:00:00+05:30,419.75,421.5,419.6,420.75,877329
2026-08-04T11:05:00+05:30,420.75,421.5,420.05,421.15,142705
2026-08-04T11:10:00+05:30,421,421.8,420.1,420.75,688308
2026-08-04T11:15:00+05:30,420.75,420.85,419.8,420,367614
2026-08-04T11:20:00+05:30,419.95,420,419.55,419.9,70618
2026-08-04T11:25:00+05:30,419.9,419.95,419.1,419.6,50177
2026-08-04T11:30:00+05:30,419.55,419.6,418.8,419,247289
2026-08-04T11:35:00+05:30,419,419.05,418.8,418.85,32769
2026-08-04T11:40:00+05:30,418.85,419,418.3,418.3,67380
2026-08-04T11:45:00+05:30,418.3,418.8,418.3,418.35,240820
2026-08-04T11:50:00+05:30,418.4,419.1,418.35,419.1,58826
2026-08-04T11:55:00+05:30,419.05,419.1,418.6,418.7,44005
2026-08-04T12:00:00+05:30,418.75,418.9,418.4,418.6,64566
2026-08-04T12:05:00+05:30,418.6,418.6,417.95,418,79605
2026-08-04T12:10:00+05:30,418,418.2,417.75,418.05,29953
2026-08-04T12:15:00+05:30,418.05,418.25,417.95,418,61618
2026-08-04T12:20:00+05:30,418,418.05,417.95,418,46952
2026-08-04T12:25:00+05:30,418,418.2,417.9,418.15,60904
2026-08-04T12:30:00+05:30,418.15,418.85,417.95,418,381546
2026-08-04T12:35:00+05:30,418.15,418.3,417.75,417.95,51960
2026-08-04T12:40:00+05:30,418.05,418.3,417.95,418,174096
2026-08-04T12:45:00+05:30,417.95,418.95,417.95,418.55,648852
2026-08-04T12:50:00+05:30,418.65,419.25,418.2,419.2,106669
2026-08-04T12:55:00+05:30,419.25,419.6,419,419.3,96083
2026-08-04T13:00:00+05:30,419.2,419.6,419.15,419.6,85844
2026-08-04T13:05:00+05:30,419.6,419.6,418.8,419,111895
2026-08-04T13:10:00+05:30,419,419.35,418.8,418.9,36496
2026-08-04T13:15:00+05:30,418.9,419.35,418.65,419.3,57597
2026-08-04T13:20:00+05:30,419.2,419.45,418.95,419.3,31637
2026-08-04T13:25:00+05:30,419.35,419.35,419,419,35854
2026-08-04T13:30:00+05:30,419,419.15,418.95,419.1,21971
2026-08-04T13:35:00+05:30,419,419.1,418.65,419,30228
2026-08-04T13:40:00+05:30,418.95,419.15,418.65,418.85,48874
2026-08-04T13:45:00+05:30,418.8,418.8,417.75,417.9,159694
2026-08-04T13:50:00+05:30,417.9,417.9,417.3,417.65,24880
2026-08-04T13:55:00+05:30,417.5,417.7,417.35,417.7,22606
2026-08-04T14:00:00+05:30,417.65,417.65,417.25,417.65,45688
2026-08-04T14:05:00+05:30,417.65,418,417.55,417.55,30710
2026-08-04T14:10:00+05:30,417.7,418,417.5,417.9,26405
2026-08-04T14:15:00+05:30,417.95,418.2,417.75,418,230667
2026-08-04T14:20:00+05:30,418,418.05,417.8,418,550596
2026-08-04T14:25:00+05:30,418,418.75,417.8,418.35,236262
2026-08-04T14:30:00+05:30,418.55,418.7,418.05,418.3,45624
2026-08-04T14:35:00+05:30,418.25,418.6,418,418.35,52995
2026-08-04T14:40:00+05:30,418.3,418.6,417.7,417.7,72668
2026-08-04T14:45:00+05:30,417.55,418.3,417.55,418.1,139686
2026-08-04T14:50:00+05:30,418.05,418.2,417.6,418.2,117684
2026-08-04T14:55:00+05:30,418.3,418.8,418.25,418.7,87893
2026-08-04T15:00:00+05:30,418.7,418.7,418.5,418.6,81937
2026-08-04T15:05:00+05:30,418.35,418.4,417.95,418.35,125966
2026-08-04T15:10:00+05:30,418.2,419,417.9,419,192642
2026-08-05T09:15:00+05:30,422.1,424,420,420.75,235757
2026-08-05T09:20:00+05:30,420.3,420.55,419.2,420.1,199273
2026-08-05T09:25:00+05:30,420.1,420.5,419.6,419.95,51610
2026-08-05T09:30:00+05:30,419.95,420.55,419.6,420,52569
2026-08-05T09:35:00+05:30,420,420.05,418.7,418.7,68848
2026-08-05T09:40:00+05:30,418.75,419.9,418.75,419,140433
2026-08-05T09:45:00+05:30,419.15,419.95,419.15,419.6,100934
2026-08-05T09:50:00+05:30,419.65,419.65,418.3,418.45,44456
2026-08-05T09:55:00+05:30,418.4,418.8,418.1,418.65,39336
2026-08-05T10:00:00+05:30,418.65,418.95,418.25,418.95,19425
2026-08-05T10:05:00+05:30,418.9,418.9,417.7,418.4,42642
2026-08-05T10:10:00+05:30,418.35,418.55,417.85,418.55,34112
2026-08-05T10:15:00+05:30,418.55,419.7,418.45,419.6,335495
2026-08-05T10:20:00+05:30,419.6,419.8,418.4,418.55,350010
2026-08-05T10:25:00+05:30,418.5,418.7,418,418.1,44372
2026-08-05T10:30:00+05:30,417.95,418.25,417.05,417.6,55200
2026-08-05T10:35:00+05:30,417.6,417.95,417.25,417.7,29664
2026-08-05T10:40:00+05:30,417.85,417.85,416.6,416.9,55353
2026-08-05T10:45:00+05:30,416.95,417.15,416.7,416.7,23512
2026-08-05T10:50:00+05:30,416.7,416.8,416.4,416.4,51542
2026-08-05T10:55:00+05:30,416.5,416.7,416.2,416.55,42017
2026-08-05T11:00:00+05:30,416.6,416.95,415.4,415.4,75774
2026-08-05T11:05:00+05:30,415.6,415.85,415.2,415.6,45097
2026-08-05T11:10:00+05:30,415.6,415.9,415.05,415.15,34380
2026-08-05T11:15:00+05:30,415.15,415.65,414.4,415.15,183620
2026-08-05T11:20:00+05:30,415.15,415.6,414.8,415.25,30657
2026-08-05T11:25:00+05:30,415.35,415.5,414.9,415.05,22610
2026-08-05T11:30:00+05:30,415.1,415.6,414.7,415.35,147806
2026-08-05T11:35:00+05:30,415.35,415.55,414.95,415.55,19315
2026-08-05T11:40:00+05:30,415.5,415.75,415.25,415.25,33887
2026-08-05T11:45:00+05:30,415.25,415.35,415.05,415.1,15494
2026-08-05T11:50:00+05:30,415.1,415.25,414.85,415.15,35497
2026-08-05T11:55:00+05:30,415.15,415.15,414.9,414.95,12675
2026-08-05T12:00:00+05:30,414.95,415.9,414.95,415.85,150297
2026-08-05T12:05:00+05:30,415.85,415.9,415.55,415.8,21887
2026-08-05T12:10:00+05:30,415.8,416.4,415.5,416.2,26850
2026-08-05T12:15:00+05:30,416.15,416.8,416.15,416.25,31104
2026-08-05T12:20:00+05:30,416.25,416.65,416.2,416.35,20137
2026-08-05T12:25:00+05:30,416.35,416.8,416.35,416.5,21965
2026-08-05T12:30:00+05:30,416.55,416.55,416.3,416.4,18353
2026-08-05T12:35:00+05:30,416.4,417.25,416.4,417.25,70383
2026-08-05T12:40:00+05:30,417.25,417.25,416.1,416.4,150032
2026-08-05T12:45:00+05:30,416.4,416.65,415.75,415.85,31249
2026-08-05T12:50:00+05:30,415.85,416.2,415.7,416.1,13110
2026-08-05T12:55:00+05:30,416.1,417.05,416.1,416.9,110127
2026-08-05T13:00:00+05:30,416.9,417,415.95,416.25,101162
2026-08-05T13:05:00+05:30,416.3,417.15,415.95,416.6,174863
2026-08-05T13:10:00+05:30,416.6,416.9,416.5,416.65,16913
2026-08-05T13:15:00+05:30,416.65,417.05,416.35,416.65,40872
2026-08-05T13:20:00+05:30,416.65,416.85,416.3,416.45,17253
2026-08-05T13:25:00+05:30,416.3,416.6,416.15,416.6,18935
2026-08-05T13:30:00+05:30,416.6,416.8,416.2,416.6,79772
2026-08-05T13:35:00+05:30,416.6,416.9,416.55,416.7,18950
2026-08-05T13:40:00+05:30,416.65,416.85,416.05,416.15,56366
2026-08-05T13:45:00+05:30,416.1,416.65,416.1,416.6,12577
2026-08-05T13:50:00+05:30,416.6,416.65,416.15,416.45,12038
2026-08-05T13:55:00+05:30,416.45,416.6,416.35,416.5,11188
2026-08-05T14:00:00+05:30,416.65,416.95,416.55,416.95,12705
2026-08-05T14:05:00+05:30,416.95,417.2,416.65,416.95,26596
2026-08-05T14:10:00+05:30,416.95,417.2,416.7,416.7,19066
2026-08-05T14:15:00+05:30,416.85,416.85,416.3,416.65,21054
2026-08-05T14:20:00+05:30,416.65,416.7,416.15,416.35,63621
2026-08-05T14:25:00+05:30,416.35,416.75,416.2,416.6,18601
2026-08-05T14:30:00+05:30,416.65,416.95,416.2,416.75,26013
2026-08-05T14:35:00+05:30,416.7,417.3,416.65,417.15,29745
2026-08-05T14:40:00+05:30,417.05,417.3,416.7,416.9,31307
2026-08-05T14:45:00+05:30,416.9,417.1,416.5,417.1,32153
2026-08-05T14:50:00+05:30,417,417.45,416.65,416.65,146387
2026-08-05T14:55:00+05:30,416.5,416.75,416.25,416.55,108949
2026-08-05T15:00:00+05:30,416.65,416.8,416.1,416.2,111198
2026-08-05T15:05:00+05:30,416.35,416.65,416.2,416.5,121216
2026-08-05T15:10:00+05:30,416.5,418.1,416.45,416.8,227114
2026-08-06T09:15:00+05:30,416,417.25,414.4,415.1,108311
2026-08-06T09:20:00+05:30,415.05,416.25,414.55,416.1,72767
2026-08-06T09:25:00+05:30,416.1,416.4,415.4,415.55,14908
2026-08-06T09:30:00+05:30,415.4,415.55,414.7,414.8,56313
2026-08-06T09:35:00+05:30,414.8,416,414.3,415.9,85408
2026-08-06T09:40:00+05:30,415.9,417.15,415.9,416.9,68915
2026-08-06T09:45:00+05:30,416.9,417.55,416.7,417.05,19133
2026-08-06T09:50:00+05:30,417.05,417.55,416.9,417.15,19275
2026-08-06T09:55:00+05:30,417.15,417.3,416.6,416.6,8491
2026-08-06T10:00:00+05:30,416.6,416.75,415.3,415.3,26963
2026-08-06T10:05:00+05:30,415.75,416.1,415.05,415.05,18363
2026-08-06T10:10:00+05:30,415.1,415.55,415.05,415.3,5910
2026-08-06T10:15:00+05:30,415.3,415.7,415.3,415.4,10168
2026-08-06T10:20:00+05:30,415.4,415.7,415.2,415.5,14043
2026-08-06T10:25:00+05:30,415.35,415.6,415.15,415.45,16508
2026-08-06T10:30:00+05:30,415.3,415.5,415,415.1,15877
2026-08-06T10:35:00+05:30,415.1,415.65,415,415.25,11113
2026-08-06T10:40:00+05:30,415.25,415.9,415.1,415.65,8312
2026-08-06T10:45:00+05:30,415.65,415.8,415.4,415.55,9657
2026-08-06T10:50:00+05:30,415.45,415.7,415.15,415.2,6703
2026-08-06T10:55:00+05:30,415.15,415.5,415.1,415.15,9253
2026-08-06T11:00:00+05:30,415.25,415.4,414.8,415.2,65069
2026-08-06T11:05:00+05:30,415,415.35,415,415.05,7719
2026-08-06T11:10:00+05:30,415.05,415.4,415,415.2,21143
2026-08-06T11:15:00+05:30,415.2,415.3,414.75,414.85,16285
2026-08-06T11:20:00+05:30,414.85,415,414.8,414.9,5158
2026-08-06T11:25:00+05:30,414.9,415.2,414.85,415.15,10234
2026-08-06T11:30:00+05:30,415.15,416.15,415,416.05,38193
2026-08-06T11:35:00+05:30,416.05,416.4,416,416,27174
2026-08-06T11:40:00+05:30,416,416.3,414.8,415.9,369311
2026-08-06T11:45:00+05:30,416.05,416.05,415.2,415.8,13227
2026-08-06T11:50:00+05:30,415.9,415.9,415.1,415.25,21088
2026-08-06T11:55:00+05:30,415.2,415.9,414.6,414.85,197967
2026-08-06T12:00:00+05:30,414.7,415.65,414.65,415.6,85876
2026-08-06T12:05:00+05:30,415.6,415.8,415.25,415.5,110102
2026-08-06T12:10:00+05:30,415.55,415.55,414.5,414.55,33765
2026-08-06T12:15:00+05:30,414.55,414.65,414.3,414.5,18820
2026-08-06T12:20:00+05:30,414.55,414.65,414.15,414.55,44895
2026-08-06T12:25:00+05:30,414.6,414.65,413.6,413.95,63564
2026-08-06T12:30:00+05:30,413.95,414.3,413.85,414,25181
2026-08-06T12:35:00+05:30,414.05,414.45,413.85,414.05,31468
2026-08-06T12:40:00+05:30,414.05,414.6,414.05,414.55,17903
2026-08-06T12:45:00+05:30,414.5,414.8,414.45,414.6,16156
2026-08-06T12:50:00+05:30,414.55,414.8,414.3,414.5,16173
2026-08-06T12:55:00+05:30,414.5,414.6,414.35,414.45,14646
2026-08-06T13:00:00+05:30,414.55,414.65,414.4,414.45,14424
2026-08-06T13:05:00+05:30,414.5,414.5,414.1,414.15,14310
2026-08-06T13:10:00+05:30,414.1,414.3,414,414.05,14393
2026-08-06T13:15:00+05:30,414.05,414.25,412.95,413.7,618043
2026-08-06T13:20:00+05:30,413.7,413.75,413.2,413.4,28167
2026-08-06T13:25:00+05:30,413.3,414,413.15,413.6,27240
2026-08-06T13:30:00+05:30,413.7,413.75,413.45,413.5,9801
2026-08-06T13:35:00+05:30,413.5,413.75,413.1,413.1,19879
2026-08-06T13:40:00+05:30,413.35,413.4,413.1,413.4,49663
2026-08-06T13:45:00+05:30,413.35,413.5,413.25,413.25,43968
2026-08-06T13:50:00+05:30,413.45,414.2,413.35,413.95,70291
2026-08-06T13:55:00+05:30,413.95,414.65,413.7,414.65,54221
2026-08-06T14:00:00+05:30,414.7,415.2,414.35,414.95,54626
2026-08-06T14:05:00+05:30,414.9,415.2,414.8,414.85,45789
2026-08-06T14:10:00+05:30,414.85,415.05,414.65,414.9,24577
2026-08-06T14:15:00+05:30,414.85,414.95,414.6,414.65,29936
2026-08-06T14:20:00+05:30,414.6,414.7,414.35,414.65,23260
2026-08-06T14:25:00+05:30,414.7,414.8,414.1,414.1,21295
2026-08-06T14:30:00+05:30,414.25,414.55,414,414.4,25886
2026-08-06T14:35:00+05:30,414.5,414.85,414.2,414.45,38691
2026-08-06T14:40:00+05:30,414.45,414.65,414.1,414.35,36604
2026-08-06T14:45:00+05:30,414.35,414.5,414.1,414.15,31399
2026-08-06T14:50:00+05:30,414.1,414.5,414,414.1,155165
2026-08-06T14:55:00+05:30,414.2,414.55,414.05,414.25,42165
2026-08-06T15:00:00+05:30,414.15,414.9,414.15,414.3,49402
2026-08-06T15:05:00+05:30,414.3,414.6,414.1,414.35,57448
2026-08-06T15:10:00+05:30,414.3,415.2,414.05,414.85,96689
2026-08-07T09:15:00+05:30,417,417,414.55,415.7,153506
2026-08-07T09:20:00+05:30,415.75,416.4,415.25,415.55,86616
2026-08-07T09:25:00+05:30,415.55,415.75,414.6,414.75,75883
2026-08-07T09:30:00+05:30,414.7,416.2,414.5,416.05,31945
2026-08-07T09:35:00+05:30,416.05,419.25,415.6,418.1,112605
2026-08-07T09:40:00+05:30,418.3,419.95,418.15,419.95,115341
2026-08-07T09:45:00+05:30,420,420.95,417.85,418,107852
2026-08-07T09:50:00+05:30,418,419.25,417.65,418.9,50937
2026-08-07T09:55:00+05:30,418.8,419.4,417.6,418,21767
2026-08-07T10:00:00+05:30,418,418.15,417.2,418,36456
2026-08-07T10:05:00+05:30,417.9,418.7,417.55,418.65,24210
2026-08-07T10:10:00+05:30,418.85,418.95,417.8,417.95,23952
2026-08-07T10:15:00+05:30,418.1,418.1,417.1,417.4,30129
2026-08-07T10:20:00+05:30,417.4,418.1,417.3,417.65,19588
2026-08-07T10:25:00+05:30,417.55,417.9,417.05,417.5,25464
2026-08-07T10:30:00+05:30,417.45,417.7,417.05,417.65,12777
2026-08-07T10:35:00+05:30,417.65,417.8,417,417.4,13216
2026-08-07T10:40:00+05:30,417.4,417.8,417.1,417.55,27359
2026-08-07T10:45:00+05:30,417.5,418.25,417.2,418,34108
2026-08-07T10:50:00+05:30,418,418.4,417.75,417.9,26150
2026-08-07T10:55:00+05:30,417.95,418.15,417.65,417.7,9301
2026-08-07T11:00:00+05:30,417.65,418.3,417.3,418.3,25604
2026-08-07T11:05:00+05:30,418.3,419.4,418.3,419.35,23193
2026-08-07T11:10:00+05:30,419.35,420,419.05,420,210514
2026-08-07T11:15:00+05:30,420,420,419.4,419.95,52524
2026-08-07T11:20:00+05:30,419.95,421.15,419.4,419.8,391321
2026-08-07T11:25:00+05:30,419.9,419.95,418.75,418.75,66456
2026-08-07T11:30:00+05:30,418.9,419.7,418.35,419.3,214355
2026-08-07T11:35:00+05:30,419.3,420,419.1,420,202073
2026-08-07T11:40:00+05:30,420,420,418.9,419.75,116075
2026-08-07T11:45:00+05:30,419.8,420.2,419.25,419.85,164007
2026-08-07T11:50:00+05:30,419.9,419.9,419.2,419.4,76877
2026-08-07T11:55:00+05:30,419.4,419.85,419.15,419.7,85095
2026-08-07T12:00:00+05:30,419.7,419.9,419.25,419.4,44134
2026-08-07T12:05:00+05:30,419.4,419.5,418.8,418.95,25737
2026-08-07T12:10:00+05:30,418.95,418.95,418.35,418.5,37306
2026-08-07T12:15:00+05:30,418.5,418.55,417.65,418,45589
2026-08-07T12:20:00+05:30,418,418.8,417.85,418.6,24210
2026-08-07T12:25:00+05:30,418.6,419,418.6,418.65,20722
2026-08-07T12:30:00+05:30,418.65,418.75,418.35,418.75,25285
2026-08-07T12:35:00+05:30,418.75,419.65,418.6,419.65,40582
2026-08-07T12:40:00+05:30,419.65,419.65,418.6,418.7,50210
2026-08-07T12:45:00+05:30,418.7,419,418.5,418.95,20588
2026-08-07T12:50:00+05:30,418.95,419,418.5,418.65,21554
2026-08-07T12:55:00+05:30,418.65,419,418.6,418.65,19560
2026-08-07T13:00:00+05:30,418.7,418.85,418.65,418.7,18218
2026-08-07T13:05:00+05:30,418.7,419,418.7,418.9,20707
2026-08-07T13:10:00+05:30,418.65,419,418.6,418.6,25106
2026-08-07T13:15:00+05:30,418.5,418.7,418.35,418.5,28819
2026-08-07T13:20:00+05:30,418.5,419,418.45,418.9,21088
2026-08-07T13:25:00+05:30,418.9,419.15,418.65,419,31539
2026-08-07T13:30:00+05:30,419,419,418.4,418.45,23954
2026-08-07T13:35:00+05:30,418.45,418.7,418.2,418.45,25090
2026-08-07T13:40:00+05:30,418.45,418.9,418.45,418.9,21644
2026-08-07T13:45:00+05:30,418.9,419.5,418.7,418.9,48337
2026-08-07T13:50:00+05:30,418.9,419,418.85,418.85,19632
2026-08-07T13:55:00+05:30,418.85,418.85,418.05,418.8,43783
2026-08-07T14:00:00+05:30,418.8,419,418.65,418.85,23370
2026-08-07T14:05:00+05:30,418.85,419,418.3,418.35,27502
2026-08-07T14:10:00+05:30,418.45,418.9,418.45,418.8,27441
2026-08-07T14:15:00+05:30,418.8,418.9,418.7,418.8,24975
2026-08-07T14:20:00+05:30,418.8,419,418.75,419,20756
2026-08-07T14:25:00+05:30,418.95,419,418.8,419,27029
2026-08-07T14:30:00+05:30,419,419,418.5,418.8,34453
2026-08-07T14:35:00+05:30,418.8,419,418.35,418.35,53308
2026-08-07T14:40:00+05:30,418.2,418.85,418.2,418.85,35616
2026-08-07T14:45:00+05:30,418.85,419,418.7,418.75,35975
2026-08-07T14:50:00+05:30,418.75,419,418.7,418.95,81301
2026-08-07T14:55:00+05:30,418.75,419,418.75,419,52534
2026-08-07T15:00:00+05:30,418.9,419.6,418.9,419.45,167452
2026-08-07T15:05:00+05:30,419.35,419.45,418.3,419.05,144708
2026-08-07T15:10:00+05:30,419.2,419.65,418.4,419,181018
2026-08-10T09:15:00+05:30,412.1,414.65,404,404.45,925066
2026-08-10T09:20:00+05:30,404.4,405.55,403.55,404.65,378729
2026-08-10T09:25:00+05:30,404.75,406.85,404.45,406.4,235482
2026-08-10T09:30:00+05:30,406.4,407,405.3,405.85,313400
2026-08-10T09:35:00+05:30,405.85,405.85,404.6,404.8,452457
2026-08-10T09:40:00+05:30,404.8,404.95,403.9,404.85,474953
2026-08-10T09:45:00+05:30,404.85,405.25,403.75,404,351781
2026-08-10T09:50:00+05:30,404,404.35,403.85,404,153460
2026-08-10T09:55:00+05:30,404,404,402.65,403,233212
2026-08-10T10:00:00+05:30,403,404.45,402.95,404.35,216184
2026-08-10T10:05:00+05:30,404.35,405,403.15,403.5,148116
2026-08-10T10:10:00+05:30,403.5,403.55,401.75,402.05,526525
2026-08-10T10:15:00+05:30,402.2,403.1,401.85,402.8,461358
2026-08-10T10:20:00+05:30,402.8,403.5,402.15,402.65,126275
2026-08-10T10:25:00+05:30,402.65,402.8,401.5,401.9,334741
2026-08-10T10:30:00+05:30,401.85,402,400.1,400.5,450245
2026-08-10T10:35:00+05:30,400.5,400.85,398.8,399,640070
2026-08-10T10:40:00+05:30,398.85,399.3,398.05,399.3,299981
2026-08-10T10:45:00+05:30,399.2,400,398.9,399.75,249393
2026-08-10T10:50:00+05:30,399.8,399.8,397.6,398,396606
2026-08-10T10:55:00+05:30,397.95,398.15,396.15,397,398790
2026-08-10T11:00:00+05:30,397,397.2,396.25,396.95,293310
2026-08-10T11:05:00+05:30,396.85,397.1,396.3,396.4,245093
2026-08-10T11:10:00+05:30,396.4,397,396.25,396.95,330578
2026-08-10T11:15:00+05:30,396.95,396.95,395.1,395.65,353064
2026-08-10T11:20:00+05:30,395.65,395.85,395.1,395.65,204377
2026-08-10T11:25:00+05:30,395.65,395.8,394.9,395.35,369498
2026-08-10T11:30:00+05:30,395.3,395.3,394.15,394.15,299005
2026-08-10T11:35:00+05:30,394.25,394.7,393.7,394,317350
2026-08-10T11:40:00+05:30,394,394,389.6,392,1170338
2026-08-10T11:45:00+05:30,392,394.15,391.9,393.8,317970
2026-08-10T11:50:00+05:30,393.7,393.8,392.35,392.8,244259
2026-08-10T11:55:00+05:30,392.8,392.95,392,392.5,224062
2026-08-10T12:00:00+05:30,392.6,393.55,392.3,393.4,192348
2026-08-10T12:05:00+05:30,393.4,393.65,392.5,392.7,225356
2026-08-10T12:10:00+05:30,392.7,393.55,392.45,393.5,181943
2026-08-10T12:15:00+05:30,393.5,393.6,392.65,392.8,374846
2026-08-10T12:20:00+05:30,392.8,393.2,391.7,392,623651
2026-08-10T12:25:00+05:30,392,392,391.5,391.65,332315
2026-08-10T12:30:00+05:30,391.65,391.65,389.8,390,858434
2026-08-10T12:35:00+05:30,390,391.3,389.5,389.75,547364
2026-08-10T12:40:00+05:30,389.75,390,388.3,388.55,476943
2026-08-10T12:45:00+05:30,388.6,388.85,387.5,388.8,561890
2026-08-10T12:50:00+05:30,388.8,388.8,387.1,387.7,895221
2026-08-10T12:55:00+05:30,387.55,387.75,386.5,386.75,404265
2026-08-10T13:00:00+05:30,386.8,387.8,386.05,386.35,400639
2026-08-10T13:05:00+05:30,386.2,386.2,384.85,385.1,1031981
2026-08-10T13:10:00+05:30,385.1,386,385.1,385.25,344297
2026-08-10T13:15:00+05:30,385.25,386,385.2,385.55,338554
2026-08-10T13:20:00+05:30,385.55,385.95,385.3,385.35,302037
2026-08-10T13:25:00+05:30,385.35,385.8,385.2,385.65,294402
2026-08-10T13:30:00+05:30,385.65,386.7,385.6,386.4,274469
2026-08-10T13:35:00+05:30,386.4,386.85,386.1,386.45,262526
2026-08-10T13:40:00+05:30,386.5,387.3,386.15,386.3,321845
2026-08-10T13:45:00+05:30,386.45,386.45,386,386.15,220322
2026-08-10T13:50:00+05:30,386.15,387.3,386.05,386.9,237374
2026-08-10T13:55:00+05:30,386.9,387,386.35,386.55,162548
2026-08-10T14:00:00+05:30,386.55,386.7,386.1,386.1,214752
2026-08-10T14:05:00+05:30,386,386.25,385.5,385.8,309481
2026-08-10T14:10:00+05:30,385.8,386.1,385.55,385.7,164443
2026-08-10T14:15:00+05:30,385.6,386,385.5,385.6,248776
2026-08-10T14:20:00+05:30,385.55,385.65,385.25,385.45,199427
2026-08-10T14:25:00+05:30,385.3,385.6,385.2,385.5,154038
2026-08-10T14:30:00+05:30,385.5,385.85,385.25,385.3,193915
2026-08-10T14:35:00+05:30,385.3,385.35,384.75,385,557813
2026-08-10T14:40:00+05:30,385,385.6,385,385.45,277668
2026-08-10T14:45:00+05:30,385.6,385.65,384.8,384.85,298019
2026-08-10T14:50:00+05:30,384.9,385.45,384.5,385.15,403844
2026-08-10T14:55:00+05:30,385.05,385.7,384.6,385,627171
2026-08-10T15:00:00+05:30,385.1,385.55,384.45,384.5,453027
2026-08-10T15:05:00+05:30,384.5,384.85,384,384.25,628803
2026-08-10T15:10:00+05:30,384.1,385.2,383.2,385.1,980648
2026-08-11T09:15:00+05:30,386,387,384.15,385.05,841345
2026-08-11T09:20:00+05:30,385.05,385.3,383.35,384.45,414164
2026-08-11T09:25:00+05:30,384.45,384.9,382.8,382.8,392417
2026-08-11T09:30:00+05:30,383.05,383.55,382,382.35,291263
2026-08-11T09:35:00+05:30,382.35,382.75,382,382.65,168865
2026-08-11T09:40:00+05:30,382.6,382.8,381.8,382.3,212420
2026-08-11T09:45:00+05:30,382.25,383.4,381.05,382,378045
2026-08-11T09:50:00+05:30,382,383.5,382,383.25,227170
2026-08-11T09:55:00+05:30,383.3,383.8,382.6,382.6,93349
2026-08-11T10:00:00+05:30,382.65,382.85,381.4,381.9,203156
2026-08-11T10:05:00+05:30,381.9,382.35,381.5,381.65,186330
2026-08-11T10:10:00+05:30,381.6,382.4,381.4,382.35,109794
2026-08-11T10:15:00+05:30,382.4,383.4,382.35,383,109717
2026-08-11T10:20:00+05:30,383.1,383.55,382.95,383.2,98245
2026-08-11T10:25:00+05:30,383.2,383.85,383,383.65,93102
2026-08-11T10:30:00+05:30,383.65,384.25,383.25,383.7,179778
2026-08-11T10:35:00+05:30,383.55,383.7,383.3,383.5,66541
2026-08-11T10:40:00+05:30,383.5,383.5,382.3,382.65,141145
2026-08-11T10:45:00+05:30,382.65,383,382.5,382.85,60016
2026-08-11T10:50:00+05:30,382.8,383.35,382.7,383.1,83397
2026-08-11T10:55:00+05:30,383.1,383.25,382.25,382.75,369846
2026-08-11T11:00:00+05:30,382.65,382.85,382.05,382.25,78731
2026-08-11T11:05:00+05:30,382.25,382.5,382.2,382.25,77478
2026-08-11T11:10:00+05:30,382.25,382.75,382.25,382.6,60334
2026-08-11T11:15:00+05:30,382.55,382.75,382.5,382.6,39536
2026-08-11T11:20:00+05:30,382.6,382.8,382.5,382.6,45209
2026-08-11T11:25:00+05:30,382.6,382.7,382.5,382.5,39814
2026-08-11T11:30:00+05:30,382.55,383.55,382.5,383.3,104622
2026-08-11T11:35:00+05:30,383.3,383.95,383.15,383.4,93871
2026-08-11T11:40:00+05:30,383.4,383.75,383.4,383.45,73875
2026-08-11T11:45:00+05:30,383.45,383.7,383.35,383.6,46508
2026-08-11T11:50:00+05:30,383.55,383.7,383.3,383.45,54593
2026-08-11T11:55:00+05:30,383.4,383.5,382,382.05,840733
2026-08-11T12:00:00+05:30,382.05,382.25,381.5,381.6,107279
2026-08-11T12:05:00+05:30,381.6,382.7,381.35,382.7,114666
2026-08-11T12:10:00+05:30,382.7,383.9,382.35,383.5,266328
2026-08-11T12:15:00+05:30,383.5,383.5,382.7,382.85,57755
2026-08-11T12:20:00+05:30,382.85,383.05,382.05,382.2,58138
2026-08-11T12:25:00+05:30,382.2,382.5,382.1,382.3,35374
2026-08-11T12:30:00+05:30,382.3,382.8,382.3,382.65,36641
2026-08-11T12:35:00+05:30,382.65,382.95,382.5,382.95,41028
2026-08-11T12:40:00+05:30,382.95,383.2,382.65,382.85,50655
2026-08-11T12:45:00+05:30,382.85,383.05,382.7,382.95,99018
2026-08-11T12:50:00+05:30,382.95,383.05,382.5,382.55,47593
2026-08-11T12:55:00+05:30,382.55,382.65,382.2,382.25,49985
2026-08-11T13:00:00+05:30,382.25,382.4,382.1,382.2,66003
2026-08-11T13:05:00+05:30,382.2,382.75,382.1,382.55,62786
2026-08-11T13:10:00+05:30,382.4,382.55,382.1,382.25,54657
2026-08-11T13:15:00+05:30,382.2,382.45,382.1,382.4,123401
2026-08-11T13:20:00+05:30,382.4,382.5,382.05,382.25,237568
2026-08-11T13:25:00+05:30,382.25,382.6,381.95,382.1,386677
2026-08-11T13:30:00+05:30,382,382.15,381.95,382.05,67851
2026-08-11T13:35:00+05:30,382.05,382.25,381.8,381.9,49540
2026-08-11T13:40:00+05:30,381.9,382.35,381.9,382,79901
2026-08-11T13:45:00+05:30,382.25,382.3,381.95,382,56981
2026-08-11T13:50:00+05:30,382,382.05,381.65,381.7,44247
2026-08-11T13:55:00+05:30,381.8,381.8,381.2,381.3,106884
2026-08-11T14:00:00+05:30,381.3,381.5,381.2,381.5,84963
2026-08-11T14:05:00+05:30,381.3,381.55,381.2,381.4,48111
2026-08-11T14:10:00+05:30,381.4,381.75,381.3,381.75,46376
2026-08-11T14:15:00+05:30,381.7,381.7,381.3,381.4,69722
2026-08-11T14:20:00+05:30,381.45,381.55,381.25,381.3,70548
2026-08-11T14:25:00+05:30,381.3,381.45,381,381.1,138396
2026-08-11T14:30:00+05:30,381.1,381.4,381.1,381.15,78496
2026-08-11T14:35:00+05:30,381.3,381.4,381.15,381.2,79234
2026-08-11T14:40:00+05:30,381.3,381.5,381.15,381.35,53483
2026-08-11T14:45:00+05:30,381.35,381.45,381.25,381.3,62785
2026-08-11T14:50:00+05:30,381.3,381.65,381,381.3,220444
2026-08-11T14:55:00+05:30,381.25,381.4,381.05,381.1,110845
2026-08-11T15:00:00+05:30,381.05,381.3,380.95,380.95,276278
2026-08-11T15:05:00+05:30,381,381,380.35,380.5,399522
2026-08-11T15:10:00+05:30,380.55,380.7,380.15,380.6,315165
2026-08-12T09:15:00+05:30,381,381.65,377.8,378.2,552003
2026-08-12T09:20:00+05:30,378.2,378.85,377.85,378.8,183036
2026-08-12T09:25:00+05:30,378.8,380.25,378.8,379.65,225560
2026-08-12T09:30:00+05:30,379.65,379.65,378.35,378.5,139014
2026-08-12T09:35:00+05:30,378.5,378.55,377.2,377.75,251423
2026-08-12T09:40:00+05:30,377.75,378.15,377.65,378.1,118335
2026-08-12T09:45:00+05:30,378.1,378.1,377.1,377.7,116787
2026-08-12T09:50:00+05:30,377.7,378.3,377.6,378.2,67520
2026-08-12T09:55:00+05:30,378.2,378.25,377.75,378.2,97830
2026-08-12T10:00:00+05:30,378.05,379.25,378,378.95,115338
2026-08-12T10:05:00+05:30,378.9,379.05,378.2,378.3,73022
2026-08-12T10:10:00+05:30,378.3,379,378.3,378.7,56828
2026-08-12T10:15:00+05:30,378.65,379,378.65,378.8,74254
2026-08-12T10:20:00+05:30,378.85,379.5,378.65,378.7,79168
2026-08-12T10:25:00+05:30,378.6,379.05,378.55,378.8,55743
2026-08-12T10:30:00+05:30,378.8,380,378.75,379.9,130334
2026-08-12T10:35:00+05:30,379.8,380,379,379.25,98181
2026-08-12T10:40:00+05:30,379.3,379.3,379,379.15,65201
2026-08-12T10:45:00+05:30,379.2,379.25,379,379.05,69742
2026-08-12T10:50:00+05:30,379.05,379.2,378.8,378.9,52961
2026-08-12T10:55:00+05:30,378.85,379.35,378.6,379,97753
2026-08-12T11:00:00+05:30,379.05,379.05,378.5,378.5,73226
2026-08-12T11:05:00+05:30,378.5,378.65,378.35,378.5,79066
2026-08-12T11:10:00+05:30,378.5,378.8,378.25,378.4,122803
2026-08-12T11:15:00+05:30,378.35,378.75,378.2,378.25,89756
2026-08-12T11:20:00+05:30,378.2,378.75,378,378,128783
2026-08-12T11:25:00+05:30,378,378.45,376.7,376.7,301841
2026-08-12T11:30:00+05:30,376.95,376.95,375.5,375.8,235641
2026-08-12T11:35:00+05:30,375.75,376.25,375.75,375.75,144558
2026-08-12T11:40:00+05:30,375.8,375.95,375.3,375.75,181681
2026-08-12T11:45:00+05:30,375.6,376.25,375.4,376,120558
2026-08-12T11:50:00+05:30,376,377.2,375.7,376.75,234645
2026-08-12T11:55:00+05:30,376.75,377,376.35,376.8,155777
2026-08-12T12:00:00+05:30,376.8,376.95,376.35,376.45,126477
2026-08-12T12:05:00+05:30,376.45,377.9,376.45,377.15,185435
2026-08-12T12:10:00+05:30,377.15,377.4,376.95,377.25,101706
2026-08-12T12:15:00+05:30,377.5,377.55,376.95,377.15,141721
2026-08-12T12:20:00+05:30,377.1,377.35,376.8,377,120366
2026-08-12T12:25:00+05:30,377,377.05,376.5,376.55,99125
2026-08-12T12:30:00+05:30,376.5,376.75,376.15,376.65,119779
2026-08-12T12:35:00+05:30,376.7,376.7,376.25,376.35,95005
2026-08-12T12:40:00+05:30,376.4,377.1,376.35,376.4,130189
2026-08-12T12:45:00+05:30,376.4,376.6,375.95,376.05,132492
2026-08-12T12:50:00+05:30,376,377.15,375.9,377,136825
2026-08-12T12:55:00+05:30,377,377.2,376.7,376.95,138972
2026-08-12T13:00:00+05:30,377.15,377.95,376.8,376.9,152920
2026-08-12T13:05:00+05:30,376.9,377.15,376.75,376.85,99728
2026-08-12T13:10:00+05:30,377,377.1,376.8,377,76860
2026-08-12T13:15:00+05:30,377,377.25,376.2,376.4,227110
2026-08-12T13:20:00+05:30,376.4,377.05,376.25,376.8,135286
2026-08-12T13:25:00+05:30,376.8,376.8,376.3,376.75,124837
2026-08-12T13:30:00+05:30,376.75,377.4,376.75,376.95,99629
2026-08-12T13:35:00+05:30,376.95,377.4,376.85,377.05,89751
2026-08-12T13:40:00+05:30,377.05,377.05,376.35,376.65,194639
2026-08-12T13:45:00+05:30,376.65,377.6,376.4,377.5,145359
2026-08-12T13:50:00+05:30,377.5,377.65,376.4,376.6,203221
2026-08-12T13:55:00+05:30,376.6,377.05,376.55,377.05,92401
2026-08-12T14:00:00+05:30,377,377.05,376.6,376.85,229873
2026-08-12T14:05:00+05:30,376.85,377.1,376.65,376.65,109921
2026-08-12T14:10:00+05:30,376.65,376.8,376.6,376.7,48045
2026-08-12T14:15:00+05:30,376.6,377.1,376.6,376.9,113938
2026-08-12T14:20:00+05:30,376.9,376.95,376.5,376.8,125858
2026-08-12T14:25:00+05:30,376.85,377.05,376.65,376.75,84817
2026-08-12T14:30:00+05:30,376.8,378.4,376.75,377.8,556740
2026-08-12T14:35:00+05:30,377.8,378.15,377.05,377.25,341754
2026-08-12T14:40:00+05:30,377.2,377.5,377.15,377.25,103828
2026-08-12T14:45:00+05:30,377.35,377.5,377.05,377.15,394565
2026-08-12T14:50:00+05:30,377.15,377.75,377,377.75,416007
2026-08-12T14:55:00+05:30,377.85,377.85,376.65,376.85,423534
2026-08-12T15:00:00+05:30,377.05,377.05,376.6,376.8,357394
2026-08-12T15:05:00+05:30,377.05,377.1,376.55,376.6,337792
2026-08-12T15:10:00+05:30,376.6,376.9,376.4,376.45,428163
2026-08-13T09:15:00+05:30,377.9,377.9,375.35,377.15,251272
2026-08-13T09:20:00+05:30,377.15,377.15,376,376.1,178042
2026-08-13T09:25:00+05:30,376.1,376.1,374.5,375.15,359727
2026-08-13T09:30:00+05:30,375.15,375.5,374.15,374.75,112471
2026-08-13T09:35:00+05:30,374.65,375.2,374.65,375.1,75285
2026-08-13T09:40:00+05:30,375.15,375.35,374.85,374.95,106613
2026-08-13T09:45:00+05:30,374.85,375,374.45,374.6,182290
2026-08-13T09:50:00+05:30,374.6,374.85,374.3,374.35,150258
2026-08-13T09:55:00+05:30,374.45,374.6,374.25,374.35,69626
2026-08-13T10:00:00+05:30,374.3,374.6,374.25,374.4,95478
2026-08-13T10:05:00+05:30,374.45,374.6,374.1,374.55,127891
2026-08-13T10:10:00+05:30,374.55,375.1,374.5,374.9,137351
2026-08-13T10:15:00+05:30,374.95,375.25,374.45,374.6,163748
2026-08-13T10:20:00+05:30,374.6,375,374.6,374.95,80926
2026-08-13T10:25:00+05:30,374.95,375,374.75,374.8,70336
2026-08-13T10:30:00+05:30,374.85,374.85,374.5,374.6,54072
2026-08-13T10:35:00+05:30,374.5,374.6,374.3,374.35,37945
2026-08-13T10:40:00+05:30,374.35,374.55,374,374.55,74791
2026-08-13T10:45:00+05:30,374.45,374.65,374.3,374.45,38537
2026-08-13T10:50:00+05:30,374.45,374.55,374.35,374.4,41777
2026-08-13T10:55:00+05:30,374.4,374.5,374.2,374.2,37902
2026-08-13T11:00:00+05:30,374.35,374.95,374.2,374.7,200872
2026-08-13T11:05:00+05:30,374.7,375.2,374.6,375.15,44771
2026-08-13T11:10:00+05:30,375.2,375.2,375,375,37514
2026-08-13T11:15:00+05:30,375.05,375.05,374.7,374.95,134111
2026-08-13T11:20:00+05:30,374.95,375.05,374.8,374.8,37611
2026-08-13T11:25:00+05:30,374.8,374.95,374.6,374.7,32604
2026-08-13T11:30:00+05:30,374.7,375.35,374.55,374.55,404304
2026-08-13T11:35:00+05:30,374.7,375.15,374.3,375.05,470836
2026-08-13T11:40:00+05:30,375.05,375.3,374.9,375.05,235435
2026-08-13T11:45:00+05:30,375.05,375.3,374.75,374.85,101088
2026-08-13T11:50:00+05:30,374.85,375.1,374.8,375.05,64711
2026-08-13T11:55:00+05:30,375.1,375.25,374.8,375.15,60279
2026-08-13T12:00:00+05:30,375.05,375.25,374.9,374.95,66703
2026-08-13T12:05:00+05:30,374.9,375.2,374.8,375.15,102052
2026-08-13T12:10:00+05:30,375,375.15,374.85,374.95,42664
2026-08-13T12:15:00+05:30,374.95,375.1,374.95,375,58902
2026-08-13T12:20:00+05:30,375.05,375.05,375,375.05,44275
2026-08-13T12:25:00+05:30,375.05,375.35,375,375.15,277385
2026-08-13T12:30:00+05:30,375.15,376.9,375,376.8,206279
2026-08-13T12:35:00+05:30,376.8,377.3,376.45,376.5,154767
2026-08-13T12:40:00+05:30,376.5,378.6,376.4,377.9,410032
2026-08-13T12:45:00+05:30,377.85,378.35,377.75,378,200069
2026-08-13T12:50:00+05:30,378,378.3,377.55,377.85,112037
2026-08-13T12:55:00+05:30,377.85,378,377.5,378,89259
2026-08-13T13:00:00+05:30,378,378.3,377.8,377.9,79384
2026-08-13T13:05:00+05:30,377.9,377.9,377,377.3,95174
2026-08-13T13:10:00+05:30,377.25,377.4,377,377.05,53311
2026-08-13T13:15:00+05:30,377.1,377.65,377.05,377.25,67702
2026-08-13T13:20:00+05:30,377.25,377.5,377,377.15,56474
2026-08-13T13:25:00+05:30,377.2,377.2,377,377.15,48919
2026-08-13T13:30:00+05:30,377.25,377.25,377,377.15,49345
2026-08-13T13:35:00+05:30,377.15,377.85,377,377.55,174024
2026-08-13T13:40:00+05:30,377.55,377.75,377.35,377.6,63389
2026-08-13T13:45:00+05:30,377.6,377.6,377.4,377.45,35159
2026-08-13T13:50:00+05:30,377.45,378.05,377.4,377.7,90995
2026-08-13T13:55:00+05:30,377.55,377.8,377.55,377.8,53431
2026-08-13T14:00:00+05:30,377.8,377.8,377.45,377.8,92829
2026-08-13T14:05:00+05:30,377.8,377.8,377.6,377.6,20582
2026-08-13T14:10:00+05:30,377.65,377.75,377.5,377.65,73820
2026-08-13T14:15:00+05:30,377.7,378.3,377.65,378.25,258500
2026-08-13T14:20:00+05:30,378.15,378.25,377.9,378.15,131445
2026-08-13T14:25:00+05:30,378.2,378.3,378.05,378.05,90913
2026-08-13T14:30:00+05:30,378.05,378.8,378.05,378.5,161075
2026-08-13T14:35:00+05:30,378.5,378.6,378.45,378.45,72872
2026-08-13T14:40:00+05:30,378.45,378.6,378.05,378.05,96180
2026-08-13T14:45:00+05:30,378.05,378.2,377.9,378.05,46563
2026-08-13T14:50:00+05:30,378.05,378.5,378.05,378.5,82032
2026-08-13T14:55:00+05:30,378.5,378.5,377.95,378.2,77153
2026-08-13T15:00:00+05:30,378.1,378.4,378.05,378.2,83351
2026-08-13T15:05:00+05:30,378.2,378.5,378.15,378.4,218927
2026-08-13T15:10:00+05:30,378.35,378.45,378,378.3,294309
2026-08-14T09:15:00+05:30,376.95,379.8,376.95,378.25,157377
2026-08-14T09:20:00+05:30,378.25,378.5,378.05,378.2,79123
2026-08-14T09:25:00+05:30,378.2,378.25,377.4,377.55,62598
2026-08-14T09:30:00+05:30,377.55,377.55,376.65,377.2,62321
2026-08-14T09:35:00+05:30,377.25,378.4,376.9,377.7,57188
2026-08-14T09:40:00+05:30,377.9,378.05,376.25,376.45,81378
2026-08-14T09:45:00+05:30,376.55,376.95,376.35,376.6,39851
2026-08-14T09:50:00+05:30,376.85,377.1,376.55,376.6,37312
2026-08-14T09:55:00+05:30,376.6,376.75,376,376.2,74372
2026-08-14T10:00:00+05:30,376.05,376.8,375.7,376.75,80335
2026-08-14T10:05:00+05:30,376.75,376.8,376.2,376.65,27785
2026-08-14T10:10:00+05:30,376.6,376.85,376.5,376.7,32362
2026-08-14T10:15:00+05:30,376.75,376.75,376.15,376.5,36726
2026-08-14T10:20:00+05:30,376.35,376.75,376.3,376.35,35875
2026-08-14T10:25:00+05:30,376.35,376.65,376.1,376.15,35464
2026-08-14T10:30:00+05:30,376.3,376.5,375.6,375.65,79430
2026-08-14T10:35:00+05:30,375.75,375.85,374.95,375.25,185223
2026-08-14T10:40:00+05:30,375.3,375.9,375.25,375.85,27845
2026-08-14T10:45:00+05:30,375.75,376.15,375.55,375.95,28475
2026-08-14T10:50:00+05:30,375.95,376.15,375.65,375.85,21048
2026-08-14T10:55:00+05:30,375.95,376,375.35,375.5,26902
2026-08-14T11:00:00+05:30,375.5,376.8,375.4,376.35,52478
2026-08-14T11:05:00+05:30,376.35,376.6,376.1,376.1,21643
2026-08-14T11:10:00+05:30,376.1,377.1,376.1,376.5,180360
2026-08-14T11:15:00+05:30,376.6,376.9,376.15,376.3,24412
2026-08-14T11:20:00+05:30,376.4,376.6,376.1,376.1,29473
2026-08-14T11:25:00+05:30,376.1,376.15,375.8,375.8,40885
2026-08-14T11:30:00+05:30,375.85,376,375.55,376,39443
2026-08-14T11:35:00+05:30,375.9,376.25,375.9,375.9,27334
2026-08-14T11:40:00+05:30,375.9,377,375.9,376.55,318533
2026-08-14T11:45:00+05:30,376.55,376.75,376.2,376.45,35581
2026-08-14T11:50:00+05:30,376.4,376.8,376.2,376.65,59911
2026-08-14T11:55:00+05:30,376.45,376.65,376.25,376.35,28942
2026-08-14T12:00:00+05:30,376.3,376.75,376.3,376.55,39878
2026-08-14T12:05:00+05:30,376.4,376.6,376.35,376.35,32305
2026-08-14T12:10:00+05:30,376.35,376.95,376.25,376.5,60210
2026-08-14T12:15:00+05:30,376.5,376.65,376.4,376.4,24489
2026-08-14T12:20:00+05:30,376.4,376.6,376.15,376.15,37951
2026-08-14T12:25:00+05:30,376.15,376.3,376,376,40208
2026-08-14T12:30:00+05:30,376,376.45,376,376.3,38237
2026-08-14T12:35:00+05:30,376.3,376.4,376.3,376.3,24882
2026-08-14T12:40:00+05:30,376.3,376.4,375.6,375.6,85747
2026-08-14T12:45:00+05:30,375.6,375.6,375.35,375.45,53681
2026-08-14T12:50:00+05:30,375.45,375.8,375.45,375.6,28598
2026-08-14T12:55:00+05:30,375.6,375.7,375.35,375.35,29008
2026-08-14T13:00:00+05:30,375.35,375.4,375.1,375.25,31133
2026-08-14T13:05:00+05:30,375.1,375.45,375.1,375.4,40283
2026-08-14T13:10:00+05:30,375.25,375.45,375.25,375.4,20820
2026-08-14T13:15:00+05:30,375.4,375.6,375.15,375.55,67281
2026-08-14T13:20:00+05:30,375.55,375.65,375.55,375.6,28718
2026-08-14T13:25:00+05:30,375.55,375.55,375.2,375.25,26653
2026-08-14T13:30:00+05:30,375.3,376.4,375.25,376.05,326547
2026-08-14T13:35:00+05:30,375.85,376.5,375.85,376.15,292931
2026-08-14T13:40:00+05:30,376.15,376.4,376.1,376.3,42848
2026-08-14T13:45:00+05:30,376.35,377,376.25,376.6,62173
2026-08-14T13:50:00+05:30,376.6,376.9,376.25,376.3,83349
2026-08-14T13:55:00+05:30,376.35,377.1,376.3,376.7,329223
2026-08-14T14:00:00+05:30,376.7,376.85,376.35,376.4,71590
2026-08-14T14:05:00+05:30,376.4,376.7,376.4,376.4,58949
2026-08-14T14:10:00+05:30,376.45,376.45,376.05,376.1,41165
2026-08-14T14:15:00+05:30,376.1,376.5,376.05,376.15,72476
2026-08-14T14:20:00+05:30,376.05,376.4,376,376.3,63552
2026-08-14T14:25:00+05:30,376.3,376.3,376.1,376.25,31655
2026-08-14T14:30:00+05:30,376.2,376.6,376.1,376.5,62901
2026-08-14T14:35:00+05:30,376.35,376.5,376.05,376.05,50075
2026-08-14T14:40:00+05:30,376.1,376.5,376.1,376.4,64637
2026-08-14T14:45:00+05:30,376.2,376.6,376,376.35,239727
2026-08-14T14:50:00+05:30,376.35,376.7,376.3,376.45,185980
2026-08-14T14:55:00+05:30,376.5,377,376.45,376.85,225641
2026-08-14T15:00:00+05:30,376.9,377.2,376.6,376.6,117330
2026-08-14T15:05:00+05:30,376.5,376.55,375.7,375.8,231017
2026-08-14T15:10:00+05:30,375.8,377.25,375.75,377.05,175040
2026-08-17T09:15:00+05:30,376,377,374.3,374.7,177242
2026-08-17T09:20:00+05:30,374.55,374.55,373.4,373.4,139128
2026-08-17T09:25:00+05:30,373.3,373.5,372.3,372.35,142000
2026-08-17T09:30:00+05:30,372.45,372.75,372.15,372.7,57908
2026-08-17T09:35:00+05:30,372.7,374.4,372.7,374.1,58184
2026-08-17T09:40:00+05:30,374,374.75,373.85,374.3,52559
2026-08-17T09:45:00+05:30,374.2,375,374.15,374.95,79941
2026-08-17T09:50:00+05:30,374.95,375.25,374.75,375.1,53150
2026-08-17T09:55:00+05:30,375.15,375.45,375,375.1,65553
2026-08-17T10:00:00+05:30,375.05,375.4,374.65,375.05,70068
2026-08-17T10:05:00+05:30,375.15,375.35,374.65,375.1,53373
2026-08-17T10:10:00+05:30,375,375.05,374.7,374.9,40699
2026-08-17T10:15:00+05:30,374.95,374.95,374.1,374.1,50213
2026-08-17T10:20:00+05:30,374.1,374.25,373.85,374.2,48500
2026-08-17T10:25:00+05:30,374.25,374.25,373.65,373.85,30429
2026-08-17T10:30:00+05:30,373.85,374,373.75,373.9,26366
2026-08-17T10:35:00+05:30,373.9,374.25,373.8,374,39345
2026-08-17T10:40:00+05:30,374,374.4,373.95,374.1,32024
2026-08-17T10:45:00+05:30,374.1,375,373.85,374.95,73404
2026-08-17T10:50:00+05:30,374.85,375.3,374.5,375.05,60108
2026-08-17T10:55:00+05:30,375.05,375.05,374.8,374.8,91495
2026-08-17T11:00:00+05:30,374.75,374.9,374.35,374.75,155519
2026-08-17T11:05:00+05:30,374.75,374.8,374.25,374.6,31954
2026-08-17T11:10:00+05:30,374.65,374.8,374.25,374.5,159219
2026-08-17T11:15:00+05:30,374.5,375,374.3,374.35,124853
2026-08-17T11:20:00+05:30,374.35,374.7,373.85,373.95,336242
2026-08-17T11:25:00+05:30,373.95,374,373.8,373.85,42524
2026-08-17T11:30:00+05:30,373.9,373.95,373.3,373.95,99701
2026-08-17T11:35:00+05:30,373.85,374,373.8,373.85,18100
2026-08-17T11:40:00+05:30,373.85,374,373.8,373.85,59987
2026-08-17T11:45:00+05:30,373.85,374.05,373.8,373.85,94665
2026-08-17T11:50:00+05:30,373.85,373.9,373.35,373.7,149377
2026-08-17T11:55:00+05:30,373.7,373.95,373.6,373.75,42052
2026-08-17T12:00:00+05:30,373.75,373.85,373.6,373.7,33170
2026-08-17T12:05:00+05:30,373.7,374.35,373.5,373.5,295638
2026-08-17T12:10:00+05:30,373.5,373.85,373.4,373.85,21264
2026-08-17T12:15:00+05:30,373.9,373.95,373.6,373.75,123825
2026-08-17T12:20:00+05:30,373.75,373.85,373.55,373.75,27766
2026-08-17T12:25:00+05:30,373.75,373.8,373.55,373.6,26562
2026-08-17T12:30:00+05:30,373.7,373.9,373.6,373.75,90409
2026-08-17T12:35:00+05:30,373.75,373.9,373.7,373.75,89280
2026-08-17T12:40:00+05:30,373.75,373.95,373.65,373.65,210236
2026-08-17T12:45:00+05:30,373.7,375.25,373.7,375.25,149538
2026-08-17T12:50:00+05:30,375.05,375.5,375.05,375.1,70364
2026-08-17T12:55:00+05:30,375.1,375.45,374.75,374.75,75911
2026-08-17T13:00:00+05:30,374.85,374.85,374.5,374.65,75464
2026-08-17T13:05:00+05:30,374.6,374.8,374.5,374.75,28147
2026-08-17T13:10:00+05:30,374.8,374.8,374.55,374.7,61659
2026-08-17T13:15:00+05:30,374.75,374.9,374.6,374.7,33302
2026-08-17T13:20:00+05:30,374.8,374.9,374.6,374.7,68081
2026-08-17T13:25:00+05:30,374.7,374.8,374.7,374.75,14993
2026-08-17T13:30:00+05:30,374.8,374.85,374.7,374.7,31194
2026-08-17T13:35:00+05:30,374.7,374.85,374.6,374.8,33905
2026-08-17T13:40:00+05:30,374.8,375.25,374.7,375,69976
2026-08-17T13:45:00+05:30,374.95,374.95,374.7,374.75,29911
2026-08-17T13:50:00+05:30,374.7,375.75,374.65,375.65,66971
2026-08-17T13:55:00+05:30,375.7,376.05,374.75,375.1,250859
2026-08-17T14:00:00+05:30,375.1,375.15,374.75,374.85,159949
2026-08-17T14:05:00+05:30,374.95,375.15,374.7,374.75,62246
2026-08-17T14:10:00+05:30,374.75,375.25,374.7,375,69559
2026-08-17T14:15:00+05:30,375,375.45,374.85,375.25,94055
2026-08-17T14:20:00+05:30,375.4,375.4,375.15,375.15,22394
2026-08-17T14:25:00+05:30,375.1,375.4,375,375.25,72008
2026-08-17T14:30:00+05:30,375.25,375.35,375.05,375.05,51568
2026-08-17T14:35:00+05:30,375.05,375.2,375.05,375.15,36071
2026-08-17T14:40:00+05:30,375.15,375.4,375.15,375.35,62112
2026-08-17T14:45:00+05:30,375.35,375.4,375.1,375.2,47372
2026-08-17T14:50:00+05:30,375.2,375.5,375.1,375.15,399207
2026-08-17T14:55:00+05:30,375.2,375.25,375.1,375.1,120919
2026-08-17T15:00:00+05:30,375.1,375.1,374.7,374.75,274327
2026-08-17T15:05:00+05:30,374.75,374.85,374.7,374.8,290478
2026-08-17T15:10:00+05:30,374.8,375.6,374.75,375.1,368259
2026-08-18T09:15:00+05:30,375,376.25,374.4,376.25,156774
2026-08-18T09:20:00+05:30,376.15,376.4,375,375.25,83344
2026-08-18T09:25:00+05:30,375.15,376.1,375,375.55,75700
2026-08-18T09:30:00+05:30,375.45,376,375.3,375.9,65070
2026-08-18T09:35:00+05:30,375.9,376.55,375.55,375.85,80109
2026-08-18T09:40:00+05:30,375.8,375.95,374.6,374.75,88797
2026-08-18T09:45:00+05:30,374.65,375.05,374.6,374.85,59485
2026-08-18T09:50:00+05:30,374.85,375.1,374.75,374.9,25242
2026-08-18T09:55:00+05:30,374.85,375.55,374.6,375.5,37271
2026-08-18T10:00:00+05:30,375.5,376.25,374.85,376.1,97300
2026-08-18T10:05:00+05:30,376.1,376.25,375.85,375.9,68498
2026-08-18T10:10:00+05:30,375.9,376.15,375.55,375.7,41042
2026-08-18T10:15:00+05:30,375.7,375.75,375.2,375.7,52870
2026-08-18T10:20:00+05:30,375.75,376.05,375.6,375.85,41980
2026-08-18T10:25:00+05:30,375.7,376.4,375.7,376.25,34388
2026-08-18T10:30:00+05:30,376.3,376.55,376.15,376.25,60202
2026-08-18T10:35:00+05:30,376.2,376.4,375.9,376,101442
2026-08-18T10:40:00+05:30,376,376.1,375.3,375.8,105223
2026-08-18T10:45:00+05:30,375.8,375.8,375.3,375.55,18826
2026-08-18T10:50:00+05:30,375.45,375.65,375.25,375.55,26346
2026-08-18T10:55:00+05:30,375.55,375.6,375.2,375.3,27522
2026-08-18T11:00:00+05:30,375.4,375.4,375.2,375.2,42495
2026-08-18T11:05:00+05:30,375.2,375.35,375.2,375.25,14037
2026-08-18T11:10:00+05:30,375.3,375.4,375.05,375.1,144567
2026-08-18T11:15:00+05:30,375.1,375.25,374.65,374.8,332256
2026-08-18T11:20:00+05:30,374.8,375.2,374.7,375,119069
2026-08-18T11:25:00+05:30,375,375.2,374.3,374.4,99975
2026-08-18T11:30:00+05:30,374.4,375.35,374.1,375.3,339020
2026-08-18T11:35:00+05:30,375.3,375.3,374.85,375,20064
2026-08-18T11:40:00+05:30,375,375.15,374.85,375,18331
2026-08-18T11:45:00+05:30,375,375.1,374.85,374.95,15605
2026-08-18T11:50:00+05:30,374.95,375,374.85,375,121162
2026-08-18T11:55:00+05:30,375,375.1,374.5,374.65,92139
2026-08-18T12:00:00+05:30,374.65,374.8,374.3,374.5,629031
2026-08-18T12:05:00+05:30,374.5,374.65,374.35,374.65,47155
2026-08-18T12:10:00+05:30,374.65,374.65,374.5,374.65,35871
2026-08-18T12:15:00+05:30,374.6,374.65,374.4,374.45,47951
2026-08-18T12:20:00+05:30,374.45,374.45,374.25,374.4,49367
2026-08-18T12:25:00+05:30,374.35,374.55,374.25,374.5,208362
2026-08-18T12:30:00+05:30,374.55,374.75,374.4,374.6,260665
2026-08-18T12:35:00+05:30,374.6,374.75,374.4,374.45,194276
2026-08-18T12:40:00+05:30,374.65,374.65,374.2,374.3,48281
2026-08-18T12:45:00+05:30,374.25,374.35,374.1,374.25,28501
2026-08-18T12:50:00+05:30,374.2,374.45,374.15,374.4,25789
2026-08-18T12:55:00+05:30,374.45,375,374.3,374.4,355581
2026-08-18T13:00:00+05:30,374.4,374.55,374.3,374.55,14291
2026-08-18T13:05:00+05:30,374.5,374.75,374.2,374.55,311480
2026-08-18T13:10:00+05:30,374.45,374.7,374.3,374.4,40198
2026-08-18T13:15:00+05:30,374.35,374.45,374.3,374.35,27602
2026-08-18T13:20:00+05:30,374.3,374.4,374.3,374.4,41202
2026-08-18T13:25:00+05:30,374.35,374.55,374.3,374.35,243282
2026-08-18T13:30:00+05:30,374.35,374.95,374.3,374.5,221585
2026-08-18T13:35:00+05:30,374.5,374.5,374.25,374.35,20394
2026-08-18T13:40:00+05:30,374.35,374.45,374.25,374.3,34224
2026-08-18T13:45:00+05:30,374.35,374.4,374.25,374.4,53499
2026-08-18T13:50:00+05:30,374.3,374.4,373.65,373.7,107812
2026-08-18T13:55:00+05:30,373.75,373.9,373.7,373.85,27563
2026-08-18T14:00:00+05:30,373.9,374,373.7,373.95,32693
2026-08-18T14:05:00+05:30,373.95,374.2,373.8,374.15,100956
2026-08-18T14:10:00+05:30,374.15,374.2,373.9,373.9,49369
2026-08-18T14:15:00+05:30,373.9,373.95,373.85,373.9,19250
2026-08-18T14:20:00+05:30,373.8,373.85,373.65,373.7,22019
2026-08-18T14:25:00+05:30,373.7,373.75,373.6,373.65,26480
2026-08-18T14:30:00+05:30,373.7,373.95,373.65,373.7,29586
2026-08-18T14:35:00+05:30,373.7,374,373.65,373.95,40118
2026-08-18T14:40:00+05:30,374,374.1,373.95,373.95,46723
2026-08-18T14:45:00+05:30,373.95,374,373.75,373.75,60748
2026-08-18T14:50:00+05:30,373.75,374.3,373.75,373.95,316165
2026-08-18T14:55:00+05:30,373.95,374.05,373.6,373.7,117175
2026-08-18T15:00:00+05:30,373.7,374,373.7,373.95,130937
2026-08-18T15:05:00+05:30,373.95,374,373.95,373.95,212411
2026-08-18T15:10:00+05:30,373.95,374.45,373.85,373.85,298299
2026-08-19T09:15:00+05:30,374.95,374.95,372.7,373.7,125679
2026-08-19T09:20:00+05:30,373.6,373.85,373.15,373.2,67810
2026-08-19T09:25:00+05:30,373.2,373.35,372.7,372.75,74364
2026-08-19T09:30:00+05:30,372.75,372.8,372.25,372.25,57551
2026-08-19T09:35:00+05:30,372.25,372.45,372,372.25,129103
2026-08-19T09:40:00+05:30,372.2,373.4,372.15,373,45289
2026-08-19T09:45:00+05:30,373,373.5,372.85,373.5,33396
2026-08-19T09:50:00+05:30,373.35,373.85,373.35,373.6,29308
2026-08-19T09:55:00+05:30,373.55,373.85,373.3,373.45,37350
2026-08-19T10:00:00+05:30,373.45,373.65,373.35,373.45,26965
2026-08-19T10:05:00+05:30,373.5,373.55,373.1,373.1,31086
2026-08-19T10:10:00+05:30,373.1,373.35,372.65,372.65,56105
2026-08-19T10:15:00+05:30,372.7,372.7,372.3,372.3,38698
2026-08-19T10:20:00+05:30,372.35,372.35,372.15,372.3,48112
2026-08-19T10:25:00+05:30,372.25,372.35,372.05,372.05,55123
2026-08-19T10:30:00+05:30,372.05,372.1,371.15,371.4,125702
2026-08-19T10:35:00+05:30,371.45,371.6,371.25,371.5,55767
2026-08-19T10:40:00+05:30,371.5,371.75,371.25,371.7,42512
2026-08-19T10:45:00+05:30,371.55,371.95,371.55,371.8,32062
2026-08-19T10:50:00+05:30,371.8,371.9,371.4,371.6,42144
2026-08-19T10:55:00+05:30,371.6,372.7,371.6,372.65,67246
2026-08-19T11:00:00+05:30,372.7,374.35,372.65,374.25,394282
2026-08-19T11:05:00+05:30,374.3,374.55,373.5,373.75,242631
2026-08-19T11:10:00+05:30,373.75,373.95,373.55,373.55,99770
2026-08-19T11:15:00+05:30,373.55,373.7,373.4,373.4,31843
2026-08-19T11:20:00+05:30,373.4,375.3,373.4,374.6,489123
2026-08-19T11:25:00+05:30,374.6,374.85,374.2,374.2,74564
2026-08-19T11:30:00+05:30,374.2,374.4,374,374.15,54151
2026-08-19T11:35:00+05:30,374.2,375,374.1,374.45,145938
2026-08-19T11:40:00+05:30,374.45,374.75,374.35,374.55,47202
2026-08-19T11:45:00+05:30,374.55,374.75,374.4,374.4,62283
2026-08-19T11:50:00+05:30,374.4,376,374.4,375.4,342343
2026-08-19T11:55:00+05:30,375.4,375.8,374.75,375,268955
2026-08-19T12:00:00+05:30,375,375,374.35,374.35,138630
2026-08-19T12:05:00+05:30,374.35,374.85,374.35,374.4,66139
2026-08-19T12:10:00+05:30,374.4,374.85,374.2,374.2,99097
2026-08-19T12:15:00+05:30,374.2,374.4,374.1,374.35,44984
2026-08-19T12:20:00+05:30,374.35,374.6,374.3,374.5,48659
2026-08-19T12:25:00+05:30,374.5,374.55,374.2,374.45,54493
2026-08-19T12:30:00+05:30,374.45,374.75,374,374.1,53377
2026-08-19T12:35:00+05:30,374.1,374.45,374.05,374.4,38933
2026-08-19T12:40:00+05:30,374.4,374.4,374,374.1,57040
2026-08-19T12:45:00+05:30,374.1,374.5,374,374.3,140623
2026-08-19T12:50:00+05:30,374.3,374.5,374.25,374.3,51334
2026-08-19T12:55:00+05:30,374.3,374.35,374.2,374.25,30625
2026-08-19T13:00:00+05:30,374.2,374.5,374.1,374.5,72923
2026-08-19T13:05:00+05:30,374.55,374.55,374.25,374.25,41117
2026-08-19T13:10:00+05:30,374.25,374.4,374.15,374.15,40806
2026-08-19T13:15:00+05:30,374.2,374.3,374,374.05,58526
2026-08-19T13:20:00+05:30,373.95,373.95,373.6,373.65,82314
2026-08-19T13:25:00+05:30,373.65,373.7,373.5,373.7,96288
2026-08-19T13:30:00+05:30,373.7,373.7,373.4,373.5,75405
2026-08-19T13:35:00+05:30,373.55,373.6,373.2,373.3,107141
2026-08-19T13:40:00+05:30,373.25,373.75,373.25,373.75,99553
2026-08-19T13:45:00+05:30,373.75,373.85,373.45,373.45,62957
2026-08-19T13:50:00+05:30,373.5,373.55,373.25,373.35,53032
2026-08-19T13:55:00+05:30,373.4,373.7,373.3,373.6,92117
2026-08-19T14:00:00+05:30,373.5,373.8,373.45,373.55,63479
2026-08-19T14:05:00+05:30,373.55,373.55,373.3,373.35,42645
2026-08-19T14:10:00+05:30,373.35,373.9,373.35,373.8,76391
2026-08-19T14:15:00+05:30,373.75,373.8,373.65,373.75,36270
2026-08-19T14:20:00+05:30,373.7,373.75,373.35,373.55,163536
2026-08-19T14:25:00+05:30,373.55,373.65,373.4,373.65,45775
2026-08-19T14:30:00+05:30,373.55,374,373.5,373.95,72858
2026-08-19T14:35:00+05:30,373.95,374.2,373.65,373.8,56639
2026-08-19T14:40:00+05:30,373.8,373.95,373.7,373.9,49871
2026-08-19T14:45:00+05:30,373.85,374.05,373.8,373.85,50859
2026-08-19T14:50:00+05:30,374,376.4,373.8,374.15,523959
2026-08-19T14:55:00+05:30,374.15,374.15,373.85,373.9,112703
2026-08-19T15:00:00+05:30,374,374.4,372.8,372.85,483225
2026-08-19T15:05:00+05:30,372.85,372.95,372.2,372.3,122520
2026-08-19T15:10:00+05:30,372.3,373.3,372.25,372.8,139167
2026-08-20T09:15:00+05:30,374.45,375.1,368.8,370.2,725517
2026-08-20T09:20:00+05:30,370.1,371.15,369.65,369.85,211456
2026-08-20T09:25:00+05:30,369.8,369.8,368.1,368.25,323522
2026-08-20T09:30:00+05:30,368.25,368.7,368,368.3,253744
2026-08-20T09:35:00+05:30,368,368.85,367.8,368.35,149605
2026-08-20T09:40:00+05:30,368.3,368.55,368,368.45,136612
2026-08-20T09:45:00+05:30,368.45,368.5,367.9,368.1,113619
2026-08-20T09:50:00+05:30,368.1,368.1,367.25,367.4,155212
2026-08-20T09:55:00+05:30,367.55,368.4,367.5,368,90993
2026-08-20T10:00:00+05:30,368.05,368.05,366.5,366.8,298116
2026-08-20T10:05:00+05:30,366.55,366.85,366.2,366.5,227382
2026-08-20T10:10:00+05:30,366.5,366.65,366.2,366.35,115238
2026-08-20T10:15:00+05:30,366.35,366.75,366,366.15,140101
2026-08-20T10:20:00+05:30,366.1,366.25,365.2,365.65,291096
2026-08-20T10:25:00+05:30,365.6,365.65,365.05,365.3,134038
2026-08-20T10:30:00+05:30,365.25,366.5,365.25,366.3,129877
2026-08-20T10:35:00+05:30,366.3,366.65,366.2,366.45,82932
2026-08-20T10:40:00+05:30,366.4,366.75,366.3,366.55,73105
2026-08-20T10:45:00+05:30,366.6,366.95,366.45,366.95,98594
2026-08-20T10:50:00+05:30,367,367.1,366.55,366.8,92145
2026-08-20T10:55:00+05:30,366.8,366.9,366.5,366.6,77298
2026-08-20T11:00:00+05:30,366.65,366.9,366.5,366.9,47812
2026-08-20T11:05:00+05:30,366.75,367.1,366.6,367,87751
2026-08-20T11:10:00+05:30,367,367.65,366.7,366.9,206098
2026-08-20T11:15:00+05:30,366.9,366.9,366.55,366.65,43365
2026-08-20T11:20:00+05:30,366.7,366.75,366.1,366.15,60740
2026-08-20T11:25:00+05:30,366.15,366.2,365.7,365.7,124326
2026-08-20T11:30:00+05:30,365.75,365.85,365.35,365.5,115166
2026-08-20T11:35:00+05:30,365.5,365.85,365.5,365.8,70350
2026-08-20T11:40:00+05:30,365.8,365.85,365.5,365.5,65290
2026-08-20T11:45:00+05:30,365.7,365.7,365.15,365.55,92235
2026-08-20T11:50:00+05:30,365.55,365.75,365.3,365.75,82188
2026-08-20T11:55:00+05:30,365.7,365.85,365.4,365.55,400585
2026-08-20T12:00:00+05:30,365.55,365.55,365.1,365.35,101576
2026-08-20T12:05:00+05:30,365.35,366.25,365.15,365.8,353285
2026-08-20T12:10:00+05:30,365.8,365.8,365.35,365.5,58830
2026-08-20T12:15:00+05:30,365.5,365.75,365.2,365.45,94581
2026-08-20T12:20:00+05:30,365.45,365.85,365.3,365.8,138000
2026-08-20T12:25:00+05:30,365.8,365.85,365.6,365.85,86159
2026-08-20T12:30:00+05:30,365.85,366,365.5,365.55,146672
2026-08-20T12:35:00+05:30,365.6,365.6,365.3,365.45,63298
2026-08-20T12:40:00+05:30,365.45,365.5,365.3,365.35,56125
2026-08-20T12:45:00+05:30,365.35,365.75,365.3,365.6,64764
2026-08-20T12:50:00+05:30,365.65,366.1,365.6,366.1,375610
2026-08-20T12:55:00+05:30,366.05,366.4,366.05,366.35,64265
2026-08-20T13:00:00+05:30,366.3,366.85,365.85,365.85,227546
2026-08-20T13:05:00+05:30,365.8,366.05,365.8,366,57361
2026-08-20T13:10:00+05:30,366.05,367.1,366,367.05,358614
2026-08-20T13:15:00+05:30,367.05,367.45,367,367.2,110925
2026-08-20T13:20:00+05:30,367.25,367.3,366.2,366.45,123174
2026-08-20T13:25:00+05:30,366.45,366.65,366.35,366.45,51441
2026-08-20T13:30:00+05:30,366.45,366.45,366,366.05,66273
2026-08-20T13:35:00+05:30,366.05,366.25,365.85,366.25,112316
2026-08-20T13:40:00+05:30,366.25,366.25,366,366.15,47092
2026-08-20T13:45:00+05:30,366.15,366.15,365.8,365.9,65315
2026-08-20T13:50:00+05:30,365.9,365.95,365.6,365.6,88558
2026-08-20T13:55:00+05:30,365.6,365.7,364.5,364.55,848703
2026-08-20T14:00:00+05:30,364.6,364.65,364.2,364.25,172346
2026-08-20T14:05:00+05:30,364.25,364.45,364.25,364.35,197391
2026-08-20T14:10:00+05:30,364.35,364.75,364.1,364.65,209164
2026-08-20T14:15:00+05:30,364.6,364.65,364.05,364.45,283526
2026-08-20T14:20:00+05:30,364.35,364.45,364.15,364.25,177188
2026-08-20T14:25:00+05:30,364.3,364.5,364.2,364.4,169485
2026-08-20T14:30:00+05:30,364.4,365,364.3,364.95,207859
2026-08-20T14:35:00+05:30,365.05,365.2,364.7,364.85,256583
2026-08-20T14:40:00+05:30,364.85,365.4,364.7,365.1,263976
2026-08-20T14:45:00+05:30,365.15,365.3,364.75,364.75,255478
2026-08-20T14:50:00+05:30,364.75,364.9,364.55,364.65,359897
2026-08-20T14:55:00+05:30,364.65,364.7,364.4,364.5,232586
2026-08-20T15:00:00+05:30,364.5,364.5,363.75,363.85,510191
2026-08-20T15:05:00+05:30,363.85,363.9,363.2,363.5,479579
2026-08-20T15:10:00+05:30,363.5,363.9,363.25,363.6,416885
2026-08-21T09:15:00+05:30,363.8,364.95,362.7,362.75,337351
2026-08-21T09:20:00+05:30,362.75,363.2,362.5,362.95,124199
2026-08-21T09:25:00+05:30,363,363.05,362.3,362.65,121071
2026-08-21T09:30:00+05:30,362.6,362.6,361.7,361.7,139147
2026-08-21T09:35:00+05:30,361.8,362.65,361.6,362.65,73967
2026-08-21T09:40:00+05:30,362.65,364.2,362.65,364.1,111615
2026-08-21T09:45:00+05:30,363.8,364.1,363.65,363.75,174177
2026-08-21T09:50:00+05:30,363.9,364.25,363.7,364.25,71499
2026-08-21T09:55:00+05:30,364.2,364.2,363.7,364.05,61172
2026-08-21T10:00:00+05:30,364.05,364.15,363.75,363.8,180925
2026-08-21T10:05:00+05:30,363.8,363.9,363.2,363.2,236214
2026-08-21T10:10:00+05:30,363.3,363.3,362.7,362.8,99204
2026-08-21T10:15:00+05:30,362.8,363.15,362.65,362.7,67597
2026-08-21T10:20:00+05:30,362.7,363,362.6,362.85,78600
2026-08-21T10:25:00+05:30,362.9,363.45,362.85,363.45,163297
2026-08-21T10:30:00+05:30,363.5,363.5,363.1,363.15,65610
2026-08-21T10:35:00+05:30,363.25,363.25,363,363.15,74027
2026-08-21T10:40:00+05:30,363.1,363.45,363,363.3,74427
2026-08-21T10:45:00+05:30,363.3,363.7,363.15,363.65,93433
2026-08-21T10:50:00+05:30,363.65,364,363.45,363.8,164047
2026-08-21T10:55:00+05:30,363.85,364.4,363.6,364.1,162102
2026-08-21T11:00:00+05:30,364.1,364.25,363.8,363.95,100570
2026-08-21T11:05:00+05:30,363.9,364.25,363.8,364.2,116838
2026-08-21T11:10:00+05:30,364.2,364.45,364.2,364.4,99411
2026-08-21T11:15:00+05:30,364.35,364.45,363.9,364,99443
2026-08-21T11:20:00+05:30,364.05,364.05,363.65,363.85,87732
2026-08-21T11:25:00+05:30,363.85,364.1,363.55,364,182607
2026-08-21T11:30:00+05:30,364.1,364.65,364.1,364.5,215602
2026-08-21T11:35:00+05:30,364.5,364.5,364.05,364.45,126702
2026-08-21T11:40:00+05:30,364.2,364.2,363.6,363.95,124978
2026-08-21T11:45:00+05:30,363.95,364.2,363.1,363.5,108146
2026-08-21T11:50:00+05:30,363.5,364.05,363.25,363.6,328121
2026-08-21T11:55:00+05:30,363.6,363.75,363.1,363.45,75191
2026-08-21T12:00:00+05:30,363.45,363.85,363.4,363.8,53942
2026-08-21T12:05:00+05:30,363.8,363.8,363.7,363.75,39963
2026-08-21T12:10:00+05:30,363.75,364,363.75,363.9,271260
2026-08-21T12:15:00+05:30,363.9,364,363.5,364,90149
2026-08-21T12:20:00+05:30,364,364.05,363.9,364,141414
2026-08-21T12:25:00+05:30,364,364,363.55,363.65,55961
2026-08-21T12:30:00+05:30,363.65,363.7,363.4,363.55,41377
2026-08-21T12:35:00+05:30,363.55,363.7,363.05,363.25,72312
2026-08-21T12:40:00+05:30,363.25,363.6,363.15,363.45,112109
2026-08-21T12:45:00+05:30,363.45,363.5,362.9,363.05,128110
2026-08-21T12:50:00+05:30,363.05,363.3,362.95,363.25,67356
2026-08-21T12:55:00+05:30,363.25,363.3,363,363,63900
2026-08-21T13:00:00+05:30,363,363.3,362.95,363.1,120474
2026-08-21T13:05:00+05:30,363.1,363.4,362.9,363.05,163681
2026-08-21T13:10:00+05:30,363.05,363.2,363,363.05,9109
2026-08-21T13:15:00+05:30,363.05,363.1,363,363.1,17022
2026-08-21T13:20:00+05:30,363.1,363.2,363.1,363.2,21567
2026-08-21T13:25:00+05:30,363.2,363.3,363,363.15,19217
2026-08-21T13:30:00+05:30,363.15,363.35,363,363.3,66564
2026-08-21T13:35:00+05:30,363.3,363.3,363.1,363.3,20825
2026-08-21T13:40:00+05:30,363.3,364.45,363.15,364.4,108450
2026-08-21T13:45:00+05:30,364.45,364.45,363.95,363.95,439020
2026-08-21T13:50:00+05:30,363.95,364.05,363.85,363.9,26077
2026-08-21T13:55:00+05:30,364,364.35,363.9,364.1,66636
2026-08-21T14:00:00+05:30,364.1,364.6,363.9,364.05,427266
2026-08-21T14:05:00+05:30,364.05,364.05,363.4,363.4,129029
2026-08-21T14:10:00+05:30,363.5,363.55,363.15,363.25,169858
2026-08-21T14:15:00+05:30,363.2,363.65,363,363.6,42833
2026-08-21T14:20:00+05:30,363.6,363.65,363.3,363.3,80576
2026-08-21T14:25:00+05:30,363.25,363.5,362.8,363.45,237424
2026-08-21T14:30:00+05:30,363.45,363.55,362.7,363,209463
2026-08-21T14:35:00+05:30,363,363.2,362.8,362.95,31308
2026-08-21T14:40:00+05:30,362.95,363.05,362.6,362.9,87370
2026-08-21T14:45:00+05:30,362.9,363.5,362.9,363.45,88458
2026-08-21T14:50:00+05:30,363.45,363.55,362.9,363,485049
2026-08-21T14:55:00+05:30,363,363.05,362.6,362.75,118230
2026-08-21T15:00:00+05:30,362.6,362.8,362.3,362.4,188720
2026-08-21T15:05:00+05:30,362.4,362.4,362,362.15,246269
2026-08-21T15:10:00+05:30,362.05,362.6,361.95,362.5,366576
2026-08-24T09:15:00+05:30,363,364.8,361.25,364.35,204599
2026-08-24T09:20:00+05:30,364.55,364.55,363.9,364.4,117787
2026-08-24T09:25:00+05:30,364.3,365.3,364.15,364.9,172998
2026-08-24T09:30:00+05:30,365,365,364.45,364.8,142154
2026-08-24T09:35:00+05:30,364.75,365.75,364.65,365.1,218077
2026-08-24T09:40:00+05:30,365.3,365.35,364.2,364.2,229783
2026-08-24T09:45:00+05:30,364.35,364.35,363.6,363.9,126579
2026-08-24T09:50:00+05:30,363.95,363.95,363.3,363.3,95013
2026-08-24T09:55:00+05:30,363.3,364.2,363.3,363.8,57383
2026-08-24T10:00:00+05:30,363.75,363.85,363.55,363.65,44856
2026-08-24T10:05:00+05:30,363.65,363.85,363.5,363.6,37676
2026-08-24T10:10:00+05:30,363.6,363.75,363.3,363.4,46204
2026-08-24T10:15:00+05:30,363.4,364,363.35,363.7,44326
2026-08-24T10:20:00+05:30,363.8,363.9,362.85,363.1,198457
2026-08-24T10:25:00+05:30,363,363.2,362.95,363,41889
2026-08-24T10:30:00+05:30,363,363.4,362.9,363.4,45950
2026-08-24T10:35:00+05:30,363.75,363.75,363.2,363.6,104023
2026-08-24T10:40:00+05:30,363.6,363.8,363.35,363.35,296394
2026-08-24T10:45:00+05:30,363.3,363.4,363,363.15,61124
2026-08-24T10:50:00+05:30,363.15,363.2,362.55,362.8,86712
2026-08-24T10:55:00+05:30,362.75,363.3,362.5,362.85,577176
2026-08-24T11:00:00+05:30,362.85,363.45,362.65,363.05,60116
2026-08-24T11:05:00+05:30,363,363.3,362.65,362.65,50067
2026-08-24T11:10:00+05:30,362.8,362.85,362.45,362.45,100798
2026-08-24T11:15:00+05:30,362.55,362.8,362.5,362.6,36102
2026-08-24T11:20:00+05:30,362.6,362.65,362.4,362.5,40923
2026-08-24T11:25:00+05:30,362.5,362.7,362.35,362.6,76853
2026-08-24T11:30:00+05:30,362.6,362.6,362.35,362.6,114873
2026-08-24T11:35:00+05:30,362.6,362.7,362.4,362.6,38367
2026-08-24T11:40:00+05:30,362.6,363.3,362.55,363.1,70545
2026-08-24T11:45:00+05:30,363.1,363.75,363,363.15,70035
2026-08-24T11:50:00+05:30,363.15,363.25,362.7,362.8,396437
2026-08-24T11:55:00+05:30,362.8,363.2,362.35,362.6,63609
2026-08-24T12:00:00+05:30,362.6,363.1,362.45,362.85,45184
2026-08-24T12:05:00+05:30,362.85,362.9,362.6,362.85,33087
2026-08-24T12:10:00+05:30,362.85,362.9,362.55,362.75,28840
2026-08-24T12:15:00+05:30,362.75,362.75,362.35,362.6,301729
2026-08-24T12:20:00+05:30,362.6,362.7,362.35,362.55,29636
2026-08-24T12:25:00+05:30,362.55,363,362.3,362.35,182482
2026-08-24T12:30:00+05:30,362.35,362.85,362.35,362.6,34836
2026-08-24T12:35:00+05:30,362.5,362.85,362.45,362.6,33756
2026-08-24T12:40:00+05:30,362.6,362.85,362.45,362.75,38984
2026-08-24T12:45:00+05:30,362.75,362.8,362.55,362.6,31725
2026-08-24T12:50:00+05:30,362.55,362.7,362.55,362.7,36398
2026-08-24T12:55:00+05:30,362.7,362.7,362.5,362.55,32501
2026-08-24T13:00:00+05:30,362.5,362.6,362.5,362.55,57071
2026-08-24T13:05:00+05:30,362.5,362.55,362.4,362.5,54804
2026-08-24T13:10:00+05:30,362.5,362.6,362.4,362.55,19976
2026-08-24T13:15:00+05:30,362.4,362.55,361.85,362,143725
2026-08-24T13:20:00+05:30,362,362,361.65,361.9,32785
2026-08-24T13:25:00+05:30,361.9,361.95,361.5,361.55,57162
2026-08-24T13:30:00+05:30,361.65,361.7,361.35,361.45,50075
2026-08-24T13:35:00+05:30,361.45,361.5,361.2,361.35,49123
2026-08-24T13:40:00+05:30,361.35,362,361.2,361.85,38300
2026-08-24T13:45:00+05:30,361.85,362,361.7,362,29201
2026-08-24T13:50:00+05:30,361.9,362.1,361.85,361.9,24261
2026-08-24T13:55:00+05:30,361.9,362.1,361.85,361.95,56760
2026-08-24T14:00:00+05:30,361.9,362.3,361.85,362.25,31505
2026-08-24T14:05:00+05:30,362.25,362.45,362.1,362.25,26262
2026-08-24T14:10:00+05:30,362.15,362.25,362,362.1,23185
2026-08-24T14:15:00+05:30,362.05,362.4,361.95,362.15,67147
2026-08-24T14:20:00+05:30,362.15,362.4,362.05,362.25,34499
2026-08-24T14:25:00+05:30,362.25,362.7,362.15,362.65,63857
2026-08-24T14:30:00+05:30,362.5,362.85,362.4,362.8,43444
2026-08-24T14:35:00+05:30,362.8,363,362.6,362.9,35594
2026-08-24T14:40:00+05:30,362.8,363.15,362.8,363.05,80735
2026-08-24T14:45:00+05:30,362.95,363.3,362.9,363.3,82401
2026-08-24T14:50:00+05:30,363.3,363.7,363.15,363.5,199281
2026-08-24T14:55:00+05:30,363.5,363.75,363.5,363.65,63699
2026-08-24T15:00:00+05:30,363.65,363.9,363.6,363.7,99195
2026-08-24T15:05:00+05:30,363.7,363.75,363.35,363.75,144988
2026-08-24T15:10:00+05:30,363.75,364,363.55,363.75,190211
2026-08-25T09:15:00+05:30,364,366.6,362.45,363.5,265460
2026-08-25T09:20:00+05:30,363.3,364.45,363.2,363.6,147424
2026-08-25T09:25:00+05:30,363.5,363.65,363.2,363.6,116107
2026-08-25T09:30:00+05:30,363.5,363.7,363.2,363.5,51646
2026-08-25T09:35:00+05:30,363.4,363.45,363,363.2,118133
2026-08-25T09:40:00+05:30,363.15,363.4,363,363.4,73767
2026-08-25T09:45:00+05:30,363.4,363.65,363.25,363.3,67137
2026-08-25T09:50:00+05:30,363.3,363.5,362.8,363.4,122459
2026-08-25T09:55:00+05:30,363.5,363.85,363.3,363.65,61304
2026-08-25T10:00:00+05:30,363.6,363.65,363.15,363.15,22488
2026-08-25T10:05:00+05:30,363.3,363.35,363.15,363.35,19811
2026-08-25T10:10:00+05:30,363.35,363.4,363.05,363.3,88072
2026-08-25T10:15:00+05:30,363.25,363.4,363.1,363.4,26065
2026-08-25T10:20:00+05:30,363.4,363.4,363.25,363.4,20554
2026-08-25T10:25:00+05:30,363.3,363.5,363.25,363.5,22007
2026-08-25T10:30:00+05:30,363.5,363.6,363.35,363.55,30268
2026-08-25T10:35:00+05:30,363.4,363.7,363.35,363.4,38090
2026-08-25T10:40:00+05:30,363.25,363.75,363.25,363.7,36866
2026-08-25T10:45:00+05:30,363.7,363.85,363.35,363.65,133446
2026-08-25T10:50:00+05:30,363.6,364.95,363.5,364.8,418732
2026-08-25T10:55:00+05:30,364.8,364.85,364.15,364.8,73377
2026-08-25T11:00:00+05:30,364.8,364.95,364.4,364.55,59832
2026-08-25T11:05:00+05:30,364.55,364.75,364.4,364.65,81021
2026-08-25T11:10:00+05:30,364.65,364.95,364.4,364.6,134375
2026-08-25T11:15:00+05:30,364.6,364.8,364.1,364.25,50170
2026-08-25T11:20:00+05:30,364.25,364.45,364,364.15,26884
2026-08-25T11:25:00+05:30,364.15,364.2,363.95,364.1,29957
2026-08-25T11:30:00+05:30,364.05,364.2,363.8,363.9,61677
2026-08-25T11:35:00+05:30,363.9,363.9,363.55,363.8,25487
2026-08-25T11:40:00+05:30,363.7,364.1,363.7,363.85,257301
2026-08-25T11:45:00+05:30,363.85,364,363.5,363.75,44086
2026-08-25T11:50:00+05:30,363.75,363.8,363.4,363.6,62696
2026-08-25T11:55:00+05:30,363.6,363.8,363.5,363.5,344583
2026-08-25T12:00:00+05:30,363.5,363.65,363.25,363.45,35226
2026-08-25T12:05:00+05:30,363.45,363.5,363.2,363.45,27741
2026-08-25T12:10:00+05:30,363.45,363.45,362.8,362.95,314250
2026-08-25T12:15:00+05:30,362.95,363.1,362.75,362.85,100813
2026-08-25T12:20:00+05:30,362.85,363,362.8,362.95,51896
2026-08-25T12:25:00+05:30,362.95,362.95,362.6,362.7,92836
2026-08-25T12:30:00+05:30,362.7,362.85,362.55,362.55,48339
2026-08-25T12:35:00+05:30,362.55,362.75,362.25,362.5,120665
2026-08-25T12:40:00+05:30,362.5,362.6,362.3,362.5,51333
2026-08-25T12:45:00+05:30,362.5,362.95,362.2,362.4,76100
2026-08-25T12:50:00+05:30,362.4,362.45,362.1,362.45,49804
2026-08-25T12:55:00+05:30,362.4,363,362.4,362.95,54526
2026-08-25T13:00:00+05:30,362.95,363.35,362.65,362.8,90086
2026-08-25T13:05:00+05:30,362.9,363,362.65,362.9,64876
2026-08-25T13:10:00+05:30,362.9,363.1,362.7,362.7,73312
2026-08-25T13:15:00+05:30,362.85,362.9,362.5,362.6,43302
2026-08-25T13:20:00+05:30,362.6,362.75,362.5,362.75,46847
2026-08-25T13:25:00+05:30,362.75,362.8,362.7,362.75,42325
2026-08-25T13:30:00+05:30,362.7,362.8,362.55,362.65,28252
2026-08-25T13:35:00+05:30,362.6,362.65,362.4,362.65,33933
2026-08-25T13:40:00+05:30,362.6,362.75,362.4,362.4,24593
2026-08-25T13:45:00+05:30,362.5,362.6,362.3,362.45,37213
2026-08-25T13:50:00+05:30,362.4,362.95,362.4,362.9,50805
2026-08-25T13:55:00+05:30,362.9,362.95,362.6,362.9,53070
2026-08-25T14:00:00+05:30,362.85,363.3,362.65,363,122684
2026-08-25T14:05:00+05:30,362.95,363.05,362.9,362.95,26842
2026-08-25T14:10:00+05:30,362.9,362.95,362.6,362.75,34032
2026-08-25T14:15:00+05:30,362.7,362.85,362.55,362.85,29910
2026-08-25T14:20:00+05:30,362.75,362.9,362.55,362.55,32282
2026-08-25T14:25:00+05:30,362.6,363.1,362.55,363.1,65499
2026-08-25T14:30:00+05:30,363.1,363.9,363,363.6,151017
2026-08-25T14:35:00+05:30,363.65,363.85,363.55,363.6,95345
2026-08-25T14:40:00+05:30,363.55,364.35,363.4,364.15,129284
2026-08-25T14:45:00+05:30,364.15,364.7,364.15,364.6,79970
2026-08-25T14:50:00+05:30,364.6,365.3,364.55,365.1,81116
2026-08-25T14:55:00+05:30,365.1,365.45,364.95,365.4,103169
2026-08-25T15:00:00+05:30,365.45,365.45,364.7,365.05,123380
2026-08-25T15:05:00+05:30,365.1,365.45,365,365.4,211595
2026-08-25T15:10:00+05:30,365.4,365.95,365.3,365.9,172211
2026-08-26T09:15:00+05:30,366.8,367.85,365.8,367.35,184038
2026-08-26T09:20:00+05:30,367.15,367.6,367,367.15,109293
2026-08-26T09:25:00+05:30,366.95,367.45,366.75,367.25,122942
2026-08-26T09:30:00+05:30,367.2,367.45,367.05,367.3,76033
2026-08-26T09:35:00+05:30,367.4,367.95,367.3,367.95,50539
2026-08-26T09:40:00+05:30,367.95,369.15,367.85,368.85,109888
2026-08-26T09:45:00+05:30,368.95,368.95,368.05,368.05,78294
2026-08-26T09:50:00+05:30,368.05,368.35,368.05,368.2,39845
2026-08-26T09:55:00+05:30,368.2,368.55,367.7,368.15,65574
2026-08-26T10:00:00+05:30,368.15,368.25,367.95,368.2,29489
2026-08-26T10:05:00+05:30,368.2,368.4,368,368.3,18936
2026-08-26T10:10:00+05:30,368.3,368.4,368.05,368.25,23330
2026-08-26T10:15:00+05:30,368.1,368.25,366.95,366.95,288880
2026-08-26T10:20:00+05:30,366.95,367.05,366.15,366.5,319362
2026-08-26T10:25:00+05:30,366.6,366.9,366.45,366.7,121605
2026-08-26T10:30:00+05:30,366.7,367.15,366.65,367,30840
2026-08-26T10:35:00+05:30,367.15,367.2,366.7,366.95,22996
2026-08-26T10:40:00+05:30,366.95,367.85,366.95,367.4,63429
2026-08-26T10:45:00+05:30,367.4,367.5,367,367.15,44808
2026-08-26T10:50:00+05:30,367.15,367.25,367.05,367.15,16257
2026-08-26T10:55:00+05:30,367.05,367.35,367.05,367.25,12600
2026-08-26T11:00:00+05:30,367.2,367.35,367.05,367.2,31993
2026-08-26T11:05:00+05:30,367.1,367.2,366.8,366.95,37842
2026-08-26T11:10:00+05:30,366.95,367,366.65,366.9,27273
2026-08-26T11:15:00+05:30,366.9,367,366.25,366.4,61680
2026-08-26T11:20:00+05:30,366.4,366.6,366.2,366.4,32675
2026-08-26T11:25:00+05:30,366.5,366.5,366.05,366.2,22263
2026-08-26T11:30:00+05:30,366.25,366.4,366.1,366.3,39355
2026-08-26T11:35:00+05:30,366.2,366.4,366.15,366.2,24585
2026-08-26T11:40:00+05:30,366.2,366.4,366.2,366.4,54306
2026-08-26T11:45:00+05:30,366.2,366.4,366.2,366.2,51103
2026-08-26T11:50:00+05:30,366.2,366.35,366,366.1,26722
2026-08-26T11:55:00+05:30,366.1,366.25,365.8,365.9,44465
2026-08-26T12:00:00+05:30,365.9,366,365.5,365.65,32579
2026-08-26T12:05:00+05:30,365.65,365.85,365.55,365.65,13813
2026-08-26T12:10:00+05:30,365.7,365.85,365.65,365.75,20767
2026-08-26T12:15:00+05:30,365.75,365.9,365.7,365.75,14203
2026-08-26T12:20:00+05:30,365.75,365.9,365.4,365.55,29954
2026-08-26T12:25:00+05:30,365.55,365.8,365.55,365.8,11614
2026-08-26T12:30:00+05:30,365.65,365.85,365.2,365.25,48104
2026-08-26T12:35:00+05:30,365.3,365.4,364.6,364.6,88411
2026-08-26T12:40:00+05:30,364.6,364.75,364.4,364.5,41253
2026-08-26T12:45:00+05:30,364.5,364.6,364.25,364.35,24590
2026-08-26T12:50:00+05:30,364.3,364.5,364.2,364.4,37556
2026-08-26T12:55:00+05:30,364.4,364.55,364.3,364.5,19219
2026-08-26T13:00:00+05:30,364.5,364.6,364.2,364.4,36915
2026-08-26T13:05:00+05:30,364.4,364.6,364.4,364.4,15115
2026-08-26T13:10:00+05:30,364.45,364.55,364.05,364.05,91627
2026-08-26T13:15:00+05:30,364.05,364.1,363.35,363.8,112484
2026-08-26T13:20:00+05:30,363.8,364,363.6,363.75,24580
2026-08-26T13:25:00+05:30,363.7,363.8,363.45,363.7,30657
2026-08-26T13:30:00+05:30,363.7,364,363.7,363.9,24009
2026-08-26T13:35:00+05:30,363.9,363.95,363.5,363.55,49733
2026-08-26T13:40:00+05:30,363.55,363.85,363.4,363.65,217166
2026-08-26T13:45:00+05:30,363.65,363.7,363.5,363.65,23410
2026-08-26T13:50:00+05:30,363.65,363.8,363.45,363.6,21742
2026-08-26T13:55:00+05:30,363.6,363.8,363.5,363.65,87183
2026-08-26T14:00:00+05:30,363.7,364,363.6,363.85,35756
2026-08-26T14:05:00+05:30,363.85,364.25,363.8,364.05,54983
2026-08-26T14:10:00+05:30,364.05,364.35,364,364.2,37523
2026-08-26T14:15:00+05:30,364.2,364.4,364.2,364.3,42142
2026-08-26T14:20:00+05:30,364.25,364.45,364.25,364.25,32003
2026-08-26T14:25:00+05:30,364.25,364.3,364.15,364.2,18529
2026-08-26T14:30:00+05:30,364.25,364.45,364.2,364.3,33976
2026-08-26T14:35:00+05:30,364.3,364.65,364.25,364.5,35090
2026-08-26T14:40:00+05:30,364.5,364.6,364.45,364.5,34407
2026-08-26T14:45:00+05:30,364.5,364.9,364.45,364.8,49319
2026-08-26T14:50:00+05:30,364.85,365.7,364.85,365.45,202880
2026-08-26T14:55:00+05:30,365.55,365.6,365.05,365.15,151502
2026-08-26T15:00:00+05:30,365.05,365.15,364.55,364.7,241142
2026-08-26T15:05:00+05:30,365,365,364.5,364.75,193719
2026-08-26T15:10:00+05:30,364.9,364.9,364.4,364.45,244601
2026-08-27T09:15:00+05:30,361.75,362.3,358.5,359.05,596499
2026-08-27T09:20:00+05:30,358.85,358.85,357.6,357.6,419176
2026-08-27T09:25:00+05:30,357.7,358,357.25,357.7,193913
2026-08-27T09:30:00+05:30,357.7,357.9,356.55,357.3,200309
2026-08-27T09:35:00+05:30,357.3,357.55,356.5,356.85,184958
2026-08-27T09:40:00+05:30,356.75,357.15,356.75,356.85,90472
2026-08-27T09:45:00+05:30,356.85,357.05,356.8,356.85,71359
2026-08-27T09:50:00+05:30,356.85,357,356.1,356.25,197029
2026-08-27T09:55:00+05:30,356.25,356.25,355.25,355.4,233834
2026-08-27T10:00:00+05:30,355.4,355.4,354.7,355.15,269572
2026-08-27T10:05:00+05:30,355.15,355.2,354.55,354.65,106484
2026-08-27T10:10:00+05:30,354.65,355,354.6,354.75,95730
2026-08-27T10:15:00+05:30,354.7,354.8,354.2,354.4,170278
2026-08-27T10:20:00+05:30,354.5,354.65,353.8,353.85,186569
2026-08-27T10:25:00+05:30,353.9,354,353.65,353.65,82141
2026-08-27T10:30:00+05:30,353.65,353.8,353.3,353.45,186475
2026-08-27T10:35:00+05:30,353.5,353.5,352.9,352.9,224272
2026-08-27T10:40:00+05:30,352.95,353.1,352.5,352.6,117342
2026-08-27T10:45:00+05:30,352.65,353.15,352.65,352.75,128223
2026-08-27T10:50:00+05:30,352.75,353.65,352.35,353.35,431323
2026-08-27T10:55:00+05:30,353.25,353.55,353.1,353.3,83409
2026-08-27T11:00:00+05:30,353.3,353.95,353,353.95,89184
2026-08-27T11:05:00+05:30,353.9,354,353.65,354,73350
2026-08-27T11:10:00+05:30,354,355.05,353.75,354.65,405804
2026-08-27T11:15:00+05:30,354.65,354.95,354.5,354.75,109150
2026-08-27T11:20:00+05:30,354.75,355.1,354.5,355,220651
2026-08-27T11:25:00+05:30,355,355.45,354.7,354.9,127050
2026-08-27T11:30:00+05:30,354.9,355.4,354.75,355,99176
2026-08-27T11:35:00+05:30,355,355.8,354.85,355.65,119484
2026-08-27T11:40:00+05:30,355.65,356.8,355.5,356.1,471966
2026-08-27T11:45:00+05:30,356.1,356.4,355.85,355.9,138919
2026-08-27T11:50:00+05:30,355.9,356.35,355.75,355.95,96447
2026-08-27T11:55:00+05:30,355.95,356.05,355.7,355.95,56014
2026-08-27T12:00:00+05:30,355.95,356.1,355,355.4,161526
2026-08-27T12:05:00+05:30,355.45,355.75,355.2,355.65,99479
2026-08-27T12:10:00+05:30,355.6,355.95,355.3,355.6,168310
2026-08-27T12:15:00+05:30,355.6,355.95,355.55,355.75,104659
2026-08-27T12:20:00+05:30,355.75,356.25,355.65,356.25,173699
2026-08-27T12:25:00+05:30,356.2,356.95,356.1,356.6,234140
2026-08-27T12:30:00+05:30,356.8,356.85,356.3,356.35,165780
2026-08-27T12:35:00+05:30,356.35,356.45,354.85,355.1,380830
2026-08-27T12:40:00+05:30,355.1,356.2,355,356.1,482416
2026-08-27T12:45:00+05:30,356.1,356.1,355.15,355.3,76807
2026-08-27T12:50:00+05:30,355.3,355.95,354.8,354.95,481991
2026-08-27T12:55:00+05:30,355.1,355.5,354.55,354.8,149254
2026-08-27T13:00:00+05:30,354.8,355.05,354.75,354.85,69792
2026-08-27T13:05:00+05:30,354.85,355.05,354.75,354.8,64077
2026-08-27T13:10:00+05:30,354.8,355.45,354.65,355.3,64997
2026-08-27T13:15:00+05:30,355.3,355.4,354.7,354.8,43503
2026-08-27T13:20:00+05:30,354.8,355,354.75,354.8,35012
2026-08-27T13:25:00+05:30,354.8,355.1,354.75,354.8,61453
2026-08-27T13:30:00+05:30,354.9,355.15,354.8,354.9,97656
2026-08-27T13:35:00+05:30,355,355,354.7,354.9,27092
2026-08-27T13:40:00+05:30,354.9,355,354.4,354.4,50575
2026-08-27T13:45:00+05:30,354.4,354.55,354.1,354.25,51319
2026-08-27T13:50:00+05:30,354.25,354.35,354.05,354.05,46319
2026-08-27T13:55:00+05:30,354.05,354.25,354,354.1,49993
2026-08-27T14:00:00+05:30,354,354.25,354,354.2,32809
2026-08-27T14:05:00+05:30,354.1,354.3,354,354.1,60692
2026-08-27T14:10:00+05:30,354.15,354.65,354.1,354.4,67236
2026-08-27T14:15:00+05:30,354.4,354.5,354.25,354.35,35752
2026-08-27T14:20:00+05:30,354.35,354.55,354.3,354.35,34792
2026-08-27T14:25:00+05:30,354.4,354.6,354.3,354.5,48119
2026-08-27T14:30:00+05:30,354.5,355.1,354.5,354.9,127235
2026-08-27T14:35:00+05:30,354.95,354.95,354.45,354.45,86158
2026-08-27T14:40:00+05:30,354.5,354.6,354.05,354.35,149216
2026-08-27T14:45:00+05:30,354.5,354.8,354.3,354.55,190544
2026-08-27T14:50:00+05:30,354.55,355.75,354.5,355.65,764642
2026-08-27T14:55:00+05:30,355.65,355.65,354.75,354.8,447848
2026-08-27T15:00:00+05:30,354.8,355.1,354.55,354.55,232864
2026-08-27T15:05:00+05:30,354.6,354.8,354.4,354.6,386354
2026-08-27T15:10:00+05:30,354.45,355.05,354.25,354.65,355453
2026-08-28T09:15:00+05:30,356,356,354,354.15,134472
2026-08-28T09:20:00+05:30,354.15,354.15,353.25,353.45,95589
2026-08-28T09:25:00+05:30,353.4,354.25,353.35,353.9,74910
2026-08-28T09:30:00+05:30,353.85,353.95,353.3,353.8,72272
2026-08-28T09:35:00+05:30,353.8,353.85,353.3,353.4,42758
2026-08-28T09:40:00+05:30,353.4,353.75,353.35,353.5,21501
2026-08-28T09:45:00+05:30,353.5,353.85,353.5,353.5,48752
2026-08-28T09:50:00+05:30,353.55,353.8,353.25,353.65,81371
2026-08-28T09:55:00+05:30,353.65,353.8,352.8,353,176988
2026-08-28T10:00:00+05:30,353.1,353.1,352.7,352.7,54051
2026-08-28T10:05:00+05:30,352.7,353.05,352.3,352.85,94470
2026-08-28T10:10:00+05:30,352.85,353.6,352.85,353.6,122057
2026-08-28T10:15:00+05:30,353.55,354,353.3,353.35,103453
2026-08-28T10:20:00+05:30,353.35,353.9,353.35,353.7,54732
2026-08-28T10:25:00+05:30,353.75,353.85,353.55,353.65,41847
2026-08-28T10:30:00+05:30,353.65,353.65,353.1,353.15,43835
2026-08-28T10:35:00+05:30,353.15,353.45,353.1,353.25,46367
2026-08-28T10:40:00+05:30,353.3,353.6,353.2,353.4,56661
2026-08-28T10:45:00+05:30,353.4,353.7,353.4,353.5,31219
2026-08-28T10:50:00+05:30,353.5,353.7,353.35,353.45,34506
2026-08-28T10:55:00+05:30,353.45,353.5,353.25,353.25,33462
2026-08-28T11:00:00+05:30,353.3,353.45,353.15,353.4,46201
2026-08-28T11:05:00+05:30,353.25,353.8,353.15,353.2,42187
2026-08-28T11:10:00+05:30,353.2,353.65,353.2,353.4,31829
2026-08-28T11:15:00+05:30,353.4,353.65,353.3,353.5,34151
2026-08-28T11:20:00+05:30,353.5,353.55,353.1,353.1,40169
2026-08-28T11:25:00+05:30,353.4,353.4,352.8,352.8,103778
2026-08-28T11:30:00+05:30,352.8,353,352.7,352.8,39104
2026-08-28T11:35:00+05:30,352.9,352.95,352.7,352.7,29979
2026-08-28T11:40:00+05:30,352.7,352.9,352.55,352.6,40961
2026-08-28T11:45:00+05:30,352.65,352.75,352.5,352.55,28717
2026-08-28T11:50:00+05:30,352.5,352.65,351.55,351.55,138546
2026-08-28T11:55:00+05:30,351.6,351.8,351.4,351.65,78021
2026-08-28T12:00:00+05:30,351.65,351.8,351.5,351.7,51180
2026-08-28T12:05:00+05:30,351.65,351.75,351.25,351.35,68588
2026-08-28T12:10:00+05:30,351.35,351.45,350.65,350.8,124649
2026-08-28T12:15:00+05:30,350.85,351.05,350.8,351.05,38134
2026-08-28T12:20:00+05:30,351.05,351.4,351,351.05,62201
2026-08-28T12:25:00+05:30,351.05,351.45,351,351.05,50512
2026-08-28T12:30:00+05:30,351.05,351.3,351,351.2,41999
2026-08-28T12:35:00+05:30,351.2,351.2,351,351,30563
2026-08-28T12:40:00+05:30,351,351.2,350.9,350.9,54542
2026-08-28T12:45:00+05:30,350.9,351.2,350.75,350.75,52011
2026-08-28T12:50:00+05:30,350.9,350.9,350.25,350.25,63680
2026-08-28T12:55:00+05:30,350.3,350.55,350.2,350.35,47885
2026-08-28T13:00:00+05:30,350.35,351.25,350.2,350.3,491700
2026-08-28T13:05:00+05:30,350.45,351.2,350.3,350.6,346090
2026-08-28T13:10:00+05:30,350.6,351.25,350.5,351,104188
2026-08-28T13:15:00+05:30,351,351.25,350.95,351,180302
2026-08-28T13:20:00+05:30,351.15,351.5,351,351.2,74917
2026-08-28T13:25:00+05:30,351.2,351.55,351.1,351.3,146808
2026-08-28T13:30:00+05:30,351.3,351.7,351.25,351.65,75349
2026-08-28T13:35:00+05:30,351.7,351.7,351.1,351.1,139648
2026-08-28T13:40:00+05:30,351.15,351.35,351.05,351.05,180080
2026-08-28T13:45:00+05:30,351.05,351.5,350.85,350.85,78323
2026-08-28T13:50:00+05:30,350.85,351,350.6,350.6,31206
2026-08-28T13:55:00+05:30,350.6,351.05,350.55,350.85,66557
2026-08-28T14:00:00+05:30,351,351.05,350.6,350.65,37495
2026-08-28T14:05:00+05:30,350.6,350.8,350.55,350.65,32547
2026-08-28T14:10:00+05:30,350.7,351.2,350.65,350.85,40781
2026-08-28T14:15:00+05:30,350.9,351,350.75,350.85,36151
2026-08-28T14:20:00+05:30,350.75,351.05,350.75,350.8,33054
2026-08-28T14:25:00+05:30,350.75,351.05,350.75,350.75,36822
2026-08-28T14:30:00+05:30,350.8,350.9,350.7,350.8,71516
2026-08-28T14:35:00+05:30,350.7,350.9,350.6,350.75,45102
2026-08-28T14:40:00+05:30,350.75,351.1,350.6,351,89111
2026-08-28T14:45:00+05:30,351,351.15,350.65,350.75,84430
2026-08-28T14:50:00+05:30,350.7,351.1,350.7,350.85,246361
2026-08-28T14:55:00+05:30,350.7,350.85,350.55,350.55,59764
2026-08-28T15:00:00+05:30,350.55,350.7,350.55,350.6,122612
2026-08-28T15:05:00+05:30,350.6,350.95,350.6,350.85,210530
2026-08-28T15:10:00+05:30,350.85,351.3,350.8,351.25,286237
2026-08-31T09:15:00+05:30,352,352,349.3,351.35,380994
2026-08-31T09:20:00+05:30,351.35,352.3,351.1,351.6,194485
2026-08-31T09:25:00+05:30,351.6,351.7,351.1,351.4,83421
2026-08-31T09:30:00+05:30,351.4,351.45,350.65,351.15,115825
2026-08-31T09:35:00+05:30,351.15,351.5,351,351.05,83560
2026-08-31T09:40:00+05:30,351.05,351.25,350.35,350.4,74490
2026-08-31T09:45:00+05:30,350.4,350.45,349.55,349.9,284575
2026-08-31T09:50:00+05:30,349.9,350,349.55,349.65,58909
2026-08-31T09:55:00+05:30,349.6,350.35,349.6,350.35,33710
2026-08-31T10:00:00+05:30,350.35,350.6,350.1,350.4,32869
2026-08-31T10:05:00+05:30,350.35,350.75,349.1,349.3,338991
2026-08-31T10:10:00+05:30,349.25,349.35,348.8,349.35,94349
2026-08-31T10:15:00+05:30,349.35,349.45,348.95,349,46057
2026-08-31T10:20:00+05:30,348.95,349.15,348.95,349.05,27889
2026-08-31T10:25:00+05:30,349.1,349.25,349,349.25,28958
2026-08-31T10:30:00+05:30,349.25,349.3,348.75,348.75,68824
2026-08-31T10:35:00+05:30,348.7,348.75,348.4,348.65,64293
2026-08-31T10:40:00+05:30,348.5,348.65,348.4,348.5,30120
2026-08-31T10:45:00+05:30,348.5,348.6,348.45,348.5,38031
2026-08-31T10:50:00+05:30,348.45,348.65,348,348.55,83297
2026-08-31T10:55:00+05:30,348.55,348.75,348.5,348.7,20507
2026-08-31T11:00:00+05:30,348.7,348.8,348.4,348.6,52326
2026-08-31T11:05:00+05:30,348.6,348.65,348.15,348.15,39545
2026-08-31T11:10:00+05:30,348.25,348.35,348,348.2,60453
2026-08-31T11:15:00+05:30,348.2,348.55,348.2,348.4,26693
2026-08-31T11:20:00+05:30,348.4,348.45,348,348.1,49532
2026-08-31T11:25:00+05:30,347.75,347.85,347.1,347.5,210295
2026-08-31T11:30:00+05:30,347.55,347.55,346.65,346.65,102867
2026-08-31T11:35:00+05:30,346.8,347.15,346.8,347.05,40599
2026-08-31T11:40:00+05:30,347,347.3,347,347.1,40735
2026-08-31T11:45:00+05:30,347.05,347.35,347,347.2,45687
2026-08-31T11:50:00+05:30,347.15,348.1,347,347.95,62327
2026-08-31T11:55:00+05:30,347.95,348.1,347.1,347.2,176746
2026-08-31T12:00:00+05:30,347.2,348.3,347.1,348.3,156148
2026-08-31T12:05:00+05:30,348.3,348.3,348.05,348.25,34885
2026-08-31T12:10:00+05:30,348.2,348.7,348,348.5,346287
2026-08-31T12:15:00+05:30,348.5,348.85,348.15,348.65,47703
2026-08-31T12:20:00+05:30,348.65,349.1,348.4,348.5,197778
2026-08-31T12:25:00+05:30,348.4,348.9,348.15,348.2,426808
2026-08-31T12:30:00+05:30,348.2,349.05,348.15,349.05,297804
2026-08-31T12:35:00+05:30,349.05,349.3,348.75,348.8,588947
2026-08-31T12:40:00+05:30,348.8,348.95,348.45,348.45,27166
2026-08-31T12:45:00+05:30,348.65,348.7,347.75,347.8,184445
2026-08-31T12:50:00+05:30,347.8,348,347.75,347.75,26335
2026-08-31T12:55:00+05:30,347.75,347.9,347.65,347.75,22198
2026-08-31T13:00:00+05:30,347.75,348.1,347.5,348.1,27328
2026-08-31T13:05:00+05:30,348.1,348.3,348,348.3,14097
2026-08-31T13:10:00+05:30,348.3,348.75,348.05,348.75,56988
2026-08-31T13:15:00+05:30,348.9,349,347.7,348.15,951082
2026-08-31T13:20:00+05:30,348.15,348.65,347.95,348.2,126259
2026-08-31T13:25:00+05:30,348.2,348.3,347.95,348.1,20642
2026-08-31T13:30:00+05:30,348.1,348.7,347.85,347.85,338098
2026-08-31T13:35:00+05:30,347.95,348,347.5,347.75,32761
2026-08-31T13:40:00+05:30,347.75,347.9,347.25,347.3,35825
2026-08-31T13:45:00+05:30,347.3,347.4,347.1,347.35,25651
2026-08-31T13:50:00+05:30,347.3,347.4,347.15,347.15,19340
2026-08-31T13:55:00+05:30,347.2,347.4,346.75,346.8,167687
2026-08-31T14:00:00+05:30,346.8,347.05,346.7,347.05,28345
2026-08-31T14:05:00+05:30,347,347.15,346.85,347,63112
2026-08-31T14:10:00+05:30,347.05,347.1,346.95,347.1,12670
2026-08-31T14:15:00+05:30,347.15,347.45,347.1,347.35,141368
2026-08-31T14:20:00+05:30,347.35,347.75,347.3,347.75,56334
2026-08-31T14:25:00+05:30,347.75,348.2,347.55,348.2,81093
2026-08-31T14:30:00+05:30,348.05,348.35,347.7,347.8,169107
2026-08-31T14:35:00+05:30,347.8,348.15,347.8,348,273411
2026-08-31T14:40:00+05:30,347.95,348.15,347.9,348,200321
2026-08-31T14:45:00+05:30,348,348.2,346.9,347.2,660367
2026-08-31T14:50:00+05:30,347.2,347.45,346.95,347.1,161712
2026-08-31T14:55:00+05:30,347,347.05,346.55,346.65,198281
2026-08-31T15:00:00+05:30,346.45,346.85,346.25,346.75,324309
2026-08-31T15:05:00+05:30,346.75,346.75,346.5,346.65,376380
2026-08-31T15:10:00+05:30,346.65,347.25,346.45,347.25,555902
2026-09-01T09:15:00+05:30,343.3,346.9,343.3,345.55,873799
2026-09-01T09:20:00+05:30,345.55,346.6,344.75,345.9,458754
2026-09-01T09:25:00+05:30,346.15,347.75,345.85,347.25,399798
2026-09-01T09:30:00+05:30,347.25,347.3,346,346.15,217558
2026-09-01T09:35:00+05:30,345.8,345.9,344.5,344.65,219210
2026-09-01T09:40:00+05:30,344.65,344.65,343.7,343.75,145965
2026-09-01T09:45:00+05:30,343.6,344,343.2,343.95,138622
2026-09-01T09:50:00+05:30,344,344.2,343.85,343.9,99576
2026-09-01T09:55:00+05:30,343.95,344.4,343.6,344.4,107169
2026-09-01T10:00:00+05:30,344.5,344.85,344.1,344.7,95645
2026-09-01T10:05:00+05:30,344.7,344.8,344.1,344.6,106524
2026-09-01T10:10:00+05:30,344.6,345.05,344.45,344.8,118398
2026-09-01T10:15:00+05:30,344.8,345,344.15,344.7,93858
2026-09-01T10:20:00+05:30,344.7,344.8,344.25,344.75,66067
2026-09-01T10:25:00+05:30,344.9,345.1,344.85,345,52487
2026-09-01T10:30:00+05:30,345,345.4,344.9,344.95,68562
2026-09-01T10:35:00+05:30,344.95,345.95,344.75,345.8,151543
2026-09-01T10:40:00+05:30,345.8,345.9,345.15,345.25,22033
2026-09-01T10:45:00+05:30,345.25,345.25,344.85,344.9,36708
2026-09-01T10:50:00+05:30,345,345.5,344.9,345.4,79342
2026-09-01T10:55:00+05:30,345.4,345.45,345.05,345.05,27283
2026-09-01T11:00:00+05:30,345.1,345.25,344.7,344.7,45071
2026-09-01T11:05:00+05:30,344.7,345,344.5,345,44290
2026-09-01T11:10:00+05:30,344.95,345,344.65,344.95,30341
2026-09-01T11:15:00+05:30,344.95,345.35,344.95,345.3,141453
2026-09-01T11:20:00+05:30,345.3,345.7,345,345.65,123004
2026-09-01T11:25:00+05:30,345.65,346.15,345.6,345.9,171597
2026-09-01T11:30:00+05:30,345.9,346,345.35,345.35,28049
2026-09-01T11:35:00+05:30,345.35,345.5,344.75,344.75,59226
2026-09-01T11:40:00+05:30,344.85,345.3,344.6,345.25,128221
2026-09-01T11:45:00+05:30,345.25,346,345.25,345.45,296771
2026-09-01T11:50:00+05:30,345.45,345.55,345,345.1,35270
2026-09-01T11:55:00+05:30,345.15,345.15,344.9,344.9,21014
2026-09-01T12:00:00+05:30,344.95,344.95,344.65,344.75,38668
2026-09-01T12:05:00+05:30,344.75,345.1,344.7,345.1,39867
2026-09-01T12:10:00+05:30,345.1,345.2,344.9,345,17466
2026-09-01T12:15:00+05:30,345,345,344.65,344.7,17351
2026-09-01T12:20:00+05:30,344.7,345.4,344.5,345.2,50221
2026-09-01T12:25:00+05:30,345.25,345.95,345.15,345.8,86587
2026-09-01T12:30:00+05:30,345.8,346.4,345.7,345.9,75986
2026-09-01T12:35:00+05:30,345.9,346.05,345.55,345.7,226619
2026-09-01T12:40:00+05:30,345.7,346.15,345.55,346.05,64645
2026-09-01T12:45:00+05:30,346.05,346.2,345.5,345.95,58971
2026-09-01T12:50:00+05:30,345.95,346.15,345.8,346.1,48034
2026-09-01T12:55:00+05:30,346.1,346.1,345.85,345.85,103050
2026-09-01T13:00:00+05:30,345.85,346.25,345.75,345.75,125872
2026-09-01T13:05:00+05:30,345.75,346,345.5,345.75,44950
2026-09-01T13:10:00+05:30,345.75,345.8,345.55,345.6,228281
2026-09-01T13:15:00+05:30,345.65,345.8,345.3,345.6,91790
2026-09-01T13:20:00+05:30,345.65,345.85,345.5,345.6,59188
2026-09-01T13:25:00+05:30,345.6,345.65,345.5,345.55,27593
2026-09-01T13:30:00+05:30,345.65,345.7,345.55,345.6,18832
2026-09-01T13:35:00+05:30,345.6,345.75,345.05,345.1,45898
2026-09-01T13:40:00+05:30,345.1,345.3,344.8,345.1,98109
2026-09-01T13:45:00+05:30,345.1,345.65,345.05,345.6,165168
2026-09-01T13:50:00+05:30,345.6,345.95,345.2,345.65,130578
2026-09-01T13:55:00+05:30,345.85,346.65,345.7,346.65,164780
2026-09-01T14:00:00+05:30,346.65,346.65,346,346.05,132986
2026-09-01T14:05:00+05:30,346.1,346.15,345.65,345.65,51030
2026-09-01T14:10:00+05:30,345.65,346.15,345.6,346.05,78768
2026-09-01T14:15:00+05:30,346,346.4,346,346.3,85351
2026-09-01T14:20:00+05:30,346.3,346.45,345.9,345.9,110386
2026-09-01T14:25:00+05:30,345.9,346.2,345.6,346.2,55462
2026-09-01T14:30:00+05:30,346.2,346.2,345.9,345.9,32334
2026-09-01T14:35:00+05:30,345.95,345.95,345.25,345.3,34531
2026-09-01T14:40:00+05:30,345.4,345.5,345.25,345.4,25850
2026-09-01T14:45:00+05:30,345.4,345.55,345.25,345.4,42207
2026-09-01T14:50:00+05:30,345.4,345.75,345.4,345.75,70196
2026-09-01T14:55:00+05:30,345.75,345.75,344.55,344.6,104291
2026-09-01T15:00:00+05:30,344.4,344.75,344.35,344.55,111592
2026-09-01T15:05:00+05:30,344.65,344.8,344.5,344.6,212141
2026-09-01T15:10:00+05:30,344.55,344.75,344.3,344.35,140737
2026-09-02T09:15:00+05:30,343.4,343.4,340.9,341.4,204666
2026-09-02T09:20:00+05:30,341.4,341.75,340.5,340.75,166177
2026-09-02T09:25:00+05:30,340.75,342.15,340.75,341.8,97309
2026-09-02T09:30:00+05:30,341.8,341.9,341.2,341.85,81440
2026-09-02T09:35:00+05:30,341.85,342.35,341.55,342,40405
2026-09-02T09:40:00+05:30,342,342.6,341.8,342.6,66972
2026-09-02T09:45:00+05:30,342.5,342.65,341.85,342.65,53581
2026-09-02T09:50:00+05:30,342.65,342.9,342.5,342.75,33364
2026-09-02T09:55:00+05:30,342.75,343.8,342.65,343.6,72811
2026-09-02T10:00:00+05:30,343.6,344.4,343.25,344.15,62018
2026-09-02T10:05:00+05:30,344.25,344.65,343.75,344,62241
2026-09-02T10:10:00+05:30,343.9,344,343.55,343.8,36907
2026-09-02T10:15:00+05:30,344,344.4,343.95,344,32091
2026-09-02T10:20:00+05:30,344.15,345,344,344.5,66011
2026-09-02T10:25:00+05:30,344.65,345,344.5,345,57910
2026-09-02T10:30:00+05:30,344.85,345.1,344.75,344.9,49363
2026-09-02T10:35:00+05:30,344.9,344.9,344.6,344.8,30590
2026-09-02T10:40:00+05:30,344.7,344.95,344.5,344.7,38393
2026-09-02T10:45:00+05:30,344.7,345.05,344.65,344.95,59516
2026-09-02T10:50:00+05:30,344.95,345.2,344.55,344.9,66813
2026-09-02T10:55:00+05:30,344.95,345,344.5,344.55,23835
2026-09-02T11:00:00+05:30,344.55,344.65,344.2,344.25,41170
2026-09-02T11:05:00+05:30,344.2,344.35,343.6,343.6,54098
2026-09-02T11:10:00+05:30,343.75,344.2,343.6,343.65,35928
2026-09-02T11:15:00+05:30,343.65,343.65,343.15,343.3,29562
2026-09-02T11:20:00+05:30,343.3,343.3,342.6,342.7,45097
2026-09-02T11:25:00+05:30,342.7,342.7,342.5,342.55,32434
2026-09-02T11:30:00+05:30,342.55,342.55,342.15,342.35,24971
2026-09-02T11:35:00+05:30,342.35,342.45,342,342.25,38027
2026-09-02T11:40:00+05:30,342.25,342.45,342.05,342.3,19325
2026-09-02T11:45:00+05:30,342.3,343.05,342.2,342.7,57175
2026-09-02T11:50:00+05:30,342.7,343.2,342.7,343,28042
2026-09-02T11:55:00+05:30,343,343.55,342.85,343,142299
2026-09-02T12:00:00+05:30,343,343,342.7,342.95,44204
2026-09-02T12:05:00+05:30,343.1,344.6,342.95,344.05,626898
2026-09-02T12:10:00+05:30,344.05,345,344,344.85,87982
2026-09-02T12:15:00+05:30,344.8,345.1,344.55,344.6,51041
2026-09-02T12:20:00+05:30,344.6,345.7,344.45,345.5,247097
2026-09-02T12:25:00+05:30,345.5,345.6,345.3,345.3,55482
2026-09-02T12:30:00+05:30,345.3,345.6,345.3,345.5,29510
2026-09-02T12:35:00+05:30,345.5,346.05,345.45,345.75,145936
2026-09-02T12:40:00+05:30,345.8,346.4,345.3,345.5,102031
2026-09-02T12:45:00+05:30,345.5,345.8,345.2,345.3,60359
2026-09-02T12:50:00+05:30,345.3,345.75,345.3,345.7,39131
2026-09-02T12:55:00+05:30,345.7,345.9,345.55,345.8,40453
2026-09-02T13:00:00+05:30,345.8,345.9,345.4,345.9,66697
2026-09-02T13:05:00+05:30,345.9,345.9,345.2,345.25,66187
2026-09-02T13:10:00+05:30,345.4,345.55,345.15,345.25,64015
2026-09-02T13:15:00+05:30,345.35,345.35,345.15,345.3,27657
2026-09-02T13:20:00+05:30,345.35,345.35,345.1,345.2,30250
2026-09-02T13:25:00+05:30,345.2,345.85,345.2,345.65,75054
2026-09-02T13:30:00+05:30,345.6,346.05,345.45,345.95,191508
2026-09-02T13:35:00+05:30,345.9,346,345.25,345.3,60300
2026-09-02T13:40:00+05:30,345.3,345.9,345.2,345.35,40924
2026-09-02T13:45:00+05:30,345.35,345.65,345.3,345.5,36880
2026-09-02T13:50:00+05:30,345.6,345.75,345.35,345.6,39637
2026-09-02T13:55:00+05:30,345.7,345.85,345.6,345.7,27781
2026-09-02T14:00:00+05:30,345.65,345.7,345.4,345.4,38331
2026-09-02T14:05:00+05:30,345.45,345.95,345.4,345.75,67128
2026-09-02T14:10:00+05:30,345.8,345.9,345.75,345.75,23430
2026-09-02T14:15:00+05:30,345.8,345.85,345.65,345.7,39511
2026-09-02T14:20:00+05:30,345.75,346,345.75,346,45058
2026-09-02T14:25:00+05:30,346,346,345.8,345.85,51569
2026-09-02T14:30:00+05:30,345.95,346.6,345.7,345.95,240433
2026-09-02T14:35:00+05:30,345.95,347.3,345.9,346.7,4203180
2026-09-02T14:40:00+05:30,346.9,347,346.5,346.85,124301
2026-09-02T14:45:00+05:30,346.85,347,346.8,347,107132
2026-09-02T14:50:00+05:30,347,347,346.6,346.75,146567
2026-09-02T14:55:00+05:30,346.65,346.65,346.3,346.45,105865
2026-09-02T15:00:00+05:30,346.45,346.45,346.15,346.25,159229
2026-09-02T15:05:00+05:30,346.2,346.8,346.2,346.8,175688
2026-09-02T15:10:00+05:30,346.85,347,346.3,346.7,1079718
2026-09-03T09:15:00+05:30,349.2,350.5,348.5,350.25,277212
2026-09-03T09:20:00+05:30,350.25,351.75,349.75,351.35,188236
2026-09-03T09:25:00+05:30,351.15,351.15,349.3,349.35,117561
2026-09-03T09:30:00+05:30,349.35,349.5,348.7,348.9,99481
2026-09-03T09:35:00+05:30,349,349.2,348.75,348.9,75726
2026-09-03T09:40:00+05:30,348.85,349.85,348.85,349.85,44861
2026-09-03T09:45:00+05:30,349.8,350.35,349.75,350.35,79850
2026-09-03T09:50:00+05:30,350.35,350.8,349.4,349.4,284520
2026-09-03T09:55:00+05:30,349.4,349.5,347.15,347.9,507608
2026-09-03T10:00:00+05:30,347.8,347.9,346.6,346.6,225433
2026-09-03T10:05:00+05:30,346.5,347.2,346.2,347.1,393509
2026-09-03T10:10:00+05:30,347.15,348.2,347,348,386657
2026-09-03T10:15:00+05:30,348,348.4,347.6,347.7,160943
2026-09-03T10:20:00+05:30,347.7,348.15,347.5,348,45666
2026-09-03T10:25:00+05:30,348,348,346.75,346.9,127880
2026-09-03T10:30:00+05:30,346.9,347,346.4,346.5,67120
2026-09-03T10:35:00+05:30,346.5,346.5,345.8,346.3,162813
2026-09-03T10:40:00+05:30,346.3,347.45,345.85,347.2,330828
2026-09-03T10:45:00+05:30,347.25,348.45,347.05,348,298519
2026-09-03T10:50:00+05:30,348,348.2,347.6,347.6,121069
2026-09-03T10:55:00+05:30,347.6,348,347.4,347.7,33212
2026-09-03T11:00:00+05:30,347.75,347.85,346.75,347.1,138136
2026-09-03T11:05:00+05:30,347,347.6,346.7,346.7,307062
2026-09-03T11:10:00+05:30,346.7,347.5,346.25,347.5,100959
2026-09-03T11:15:00+05:30,347.5,347.5,346.6,346.9,106836
2026-09-03T11:20:00+05:30,346.9,347.2,346.8,347.1,60210
2026-09-03T11:25:00+05:30,347.1,347.5,347.05,347.4,37782
2026-09-03T11:30:00+05:30,347.4,347.4,346.9,346.9,102478
2026-09-03T11:35:00+05:30,346.9,347.5,346.9,347.4,58199
2026-09-03T11:40:00+05:30,347.35,347.4,346.9,346.95,81476
2026-09-03T11:45:00+05:30,346.9,346.95,346.15,346.4,77669
2026-09-03T11:50:00+05:30,346.4,346.7,346.25,346.7,31032
2026-09-03T11:55:00+05:30,346.8,346.8,346.45,346.55,46807
2026-09-03T12:00:00+05:30,346.5,346.55,346.1,346.1,59638
2026-09-03T12:05:00+05:30,346.1,346.35,345.75,345.75,67730
2026-09-03T12:10:00+05:30,345.75,346.3,345.75,346.25,44066
2026-09-03T12:15:00+05:30,346.3,346.4,345.95,346.1,45187
2026-09-03T12:20:00+05:30,346,346.1,345.85,345.9,38174
2026-09-03T12:25:00+05:30,346,346.35,345.9,346.2,35619
2026-09-03T12:30:00+05:30,346.2,346.45,346.05,346.1,69581
2026-09-03T12:35:00+05:30,346.15,346.25,346,346.1,36996
2026-09-03T12:40:00+05:30,346.1,346.2,345.9,346,41676
2026-09-03T12:45:00+05:30,346,346.25,346,346.15,27456
2026-09-03T12:50:00+05:30,346.15,346.2,346,346.1,27084
2026-09-03T12:55:00+05:30,346.1,346.2,345.9,346,38059
2026-09-03T13:00:00+05:30,346,346.15,345.85,345.95,58418
2026-09-03T13:05:00+05:30,345.95,346.05,345.85,346,27779
2026-09-03T13:10:00+05:30,346,346.05,345.9,345.95,34358
2026-09-03T13:15:00+05:30,345.95,345.95,345.7,345.75,40909
2026-09-03T13:20:00+05:30,345.8,345.8,345,345.35,218486
2026-09-03T13:25:00+05:30,345.3,345.45,345.25,345.45,15391
2026-09-03T13:30:00+05:30,345.45,345.75,345.35,345.7,23969
2026-09-03T13:35:00+05:30,345.7,345.8,345.55,345.55,15060
2026-09-03T13:40:00+05:30,345.55,345.6,345.15,345.4,43242
2026-09-03T13:45:00+05:30,345.4,345.4,344.65,344.65,119120
2026-09-03T13:50:00+05:30,344.65,345,344.45,344.65,131652
2026-09-03T13:55:00+05:30,344.65,344.8,344.55,344.6,27601
2026-09-03T14:00:00+05:30,344.6,344.75,344.45,344.55,24067
2026-09-03T14:05:00+05:30,344.55,344.8,344.55,344.7,19450
2026-09-03T14:10:00+05:30,344.7,344.9,344.6,344.9,31857
2026-09-03T14:15:00+05:30,344.9,344.9,344.65,344.65,12697
2026-09-03T14:20:00+05:30,344.7,344.75,344.55,344.65,25885
2026-09-03T14:25:00+05:30,344.65,345.05,344.65,344.95,49639
2026-09-03T14:30:00+05:30,345,345.7,344.85,345,232409
2026-09-03T14:35:00+05:30,345,345.2,344.7,344.75,90192
2026-09-03T14:40:00+05:30,344.75,344.85,343.7,343.9,128401
2026-09-03T14:45:00+05:30,343.9,344.4,343.75,344.3,47776
2026-09-03T14:50:00+05:30,344.3,344.55,343.95,344,140882
2026-09-03T14:55:00+05:30,344,344.05,343.75,343.85,53255
2026-09-03T15:00:00+05:30,343.9,343.9,343.3,343.3,270883
2026-09-03T15:05:00+05:30,343.35,344.9,343.3,344.05,496277
2026-09-03T15:10:00+05:30,344,345,344,344.3,237821
2026-09-04T09:15:00+05:30,344.9,346.4,344,345.2,124455
2026-09-04T09:20:00+05:30,345.2,346.7,344.9,345.75,127400
2026-09-04T09:25:00+05:30,346,346.15,345.6,345.75,47820
2026-09-04T09:30:00+05:30,345.95,346.3,345.6,345.85,38353
2026-09-04T09:35:00+05:30,345.85,345.95,345.6,345.85,38016
2026-09-04T09:40:00+05:30,345.85,345.85,345.55,345.7,35041
2026-09-04T09:45:00+05:30,345.7,346.35,345.7,346.1,41359
2026-09-04T09:50:00+05:30,346.05,346.25,345.75,346,29487
2026-09-04T09:55:00+05:30,346,346.45,345.95,346.4,37635
2026-09-04T10:00:00+05:30,346.45,346.45,346,346.3,45687
2026-09-04T10:05:00+05:30,346.3,346.4,346.1,346.35,27546
2026-09-04T10:10:00+05:30,346.35,346.4,346.05,346.15,16073
2026-09-04T10:15:00+05:30,346.15,346.4,346.05,346.4,58103
2026-09-04T10:20:00+05:30,346.4,346.75,346.3,346.45,37693
2026-09-04T10:25:00+05:30,346.5,346.55,346.2,346.4,28141
2026-09-04T10:30:00+05:30,346.4,346.8,346.4,346.6,39660
2026-09-04T10:35:00+05:30,346.6,346.65,346.4,346.6,14767
2026-09-04T10:40:00+05:30,346.6,346.65,346.25,346.45,26096
2026-09-04T10:45:00+05:30,346.35,346.8,346.35,346.8,8526
2026-09-04T10:50:00+05:30,346.75,348.7,346.6,348.15,282333
2026-09-04T10:55:00+05:30,348.3,348.3,347.65,347.9,102758
2026-09-04T11:00:00+05:30,347.9,347.9,347.4,347.75,36135
2026-09-04T11:05:00+05:30,347.75,348,347.7,347.85,27242
2026-09-04T11:10:00+05:30,347.8,347.8,347.45,347.6,32637
2026-09-04T11:15:00+05:30,347.6,347.85,347.5,347.85,32270
2026-09-04T11:20:00+05:30,347.9,349,347.85,348.3,110550
2026-09-04T11:25:00+05:30,348.3,348.75,348.15,348.6,223263
2026-09-04T11:30:00+05:30,348.6,349.05,348.2,348.4,100989
2026-09-04T11:35:00+05:30,348.4,349.1,348.15,349.1,166610
2026-09-04T11:40:00+05:30,349.1,350.1,349,349.85,143030
2026-09-04T11:45:00+05:30,349.85,350.35,349.45,350.3,88029
2026-09-04T11:50:00+05:30,350.3,350.9,350.05,350.85,77798
2026-09-04T11:55:00+05:30,350.85,350.85,350.3,350.3,77346
2026-09-04T12:00:00+05:30,350.3,352.65,350.1,352.3,5692150
2026-09-04T12:05:00+05:30,352.3,354.25,352.1,353.7,302446
2026-09-04T12:10:00+05:30,353.7,354.9,353.6,354.85,190638
2026-09-04T12:15:00+05:30,354.85,355.85,354.4,355.2,395250
2026-09-04T12:20:00+05:30,355.2,356.45,354.95,355,196389
2026-09-04T12:25:00+05:30,354.95,356.9,354.55,356.6,329328
2026-09-04T12:30:00+05:30,356.6,357.4,355.9,357.15,288510
2026-09-04T12:35:00+05:30,357.25,357.3,355.8,355.95,199240
2026-09-04T12:40:00+05:30,355.8,355.95,354.4,355.2,542750
2026-09-04T12:45:00+05:30,355.2,356.9,355.1,356.9,143781
2026-09-04T12:50:00+05:30,356.9,357,355.6,355.8,142302
2026-09-04T12:55:00+05:30,355.65,355.95,354.5,355,245261
2026-09-04T13:00:00+05:30,355,355.35,354.05,354.3,294650
2026-09-04T13:05:00+05:30,354.35,355.7,354.25,354.95,294584
2026-09-04T13:10:00+05:30,355,355.95,354.8,355.65,500382
2026-09-04T13:15:00+05:30,355.65,356.25,355.1,355.7,320783
2026-09-04T13:20:00+05:30,355.7,356.45,355.55,356.3,449060
2026-09-04T13:25:00+05:30,356.3,357.45,355.65,355.75,549933
2026-09-04T13:30:00+05:30,355.75,355.75,355.15,355.4,76685
2026-09-04T13:35:00+05:30,355.4,355.6,355.3,355.5,58185
2026-09-04T13:40:00+05:30,355.5,355.6,354.9,355.2,411864
2026-09-04T13:45:00+05:30,355.2,355.35,354.45,354.8,195634
2026-09-04T13:50:00+05:30,354.8,354.9,354.2,354.55,72123
2026-09-04T13:55:00+05:30,354.55,354.95,354.5,354.65,50617
2026-09-04T14:00:00+05:30,354.85,356.1,354.65,356.1,55137
2026-09-04T14:05:00+05:30,356.2,356.85,356.2,356.7,432285
2026-09-04T14:10:00+05:30,356.6,356.85,356.5,356.75,222709
2026-09-04T14:15:00+05:30,356.7,356.8,356.3,356.55,136061
2026-09-04T14:20:00+05:30,356.7,356.7,356.05,356.65,205618
2026-09-04T14:25:00+05:30,356.7,356.8,356.35,356.45,289445
2026-09-04T14:30:00+05:30,356.45,356.6,356,356.15,209335
2026-09-04T14:35:00+05:30,356.15,356.35,355.9,355.9,107232
2026-09-04T14:40:00+05:30,355.95,356.45,355.95,356.35,291962
2026-09-04T14:45:00+05:30,356.3,356.4,356,356.25,196279
2026-09-04T14:50:00+05:30,356.35,357.7,356.35,356.7,371523
2026-09-04T14:55:00+05:30,356.7,356.7,356.2,356.55,408618
2026-09-04T15:00:00+05:30,356.55,356.75,356.1,356.35,569621
2026-09-04T15:05:00+05:30,356.35,356.4,356,356.25,643971
2026-09-04T15:10:00+05:30,356.25,356.25,355.6,355.85,631076
2026-09-07T09:15:00+05:30,355.75,356.4,354.3,354.85,152097
2026-09-07T09:20:00+05:30,354.8,355.2,354.1,354.7,68829
2026-09-07T09:25:00+05:30,354.75,355.05,354.7,354.75,41885
2026-09-07T09:30:00+05:30,354.75,355.2,354.4,354.55,61861
2026-09-07T09:35:00+05:30,354.55,356.95,354.55,356.65,128279
2026-09-07T09:40:00+05:30,356.8,358.75,356.8,358.3,203145
2026-09-07T09:45:00+05:30,358.4,359.15,357.9,358.05,165106
2026-09-07T09:50:00+05:30,358.1,358.15,357.4,357.65,99558
2026-09-07T09:55:00+05:30,357.65,357.65,357.2,357.25,109834
2026-09-07T10:00:00+05:30,357.2,357.25,356.35,356.6,79223
2026-09-07T10:05:00+05:30,356.55,356.8,355.8,355.95,70005
2026-09-07T10:10:00+05:30,355.95,355.95,355.45,355.6,188696
2026-09-07T10:15:00+05:30,355.5,356.25,355.5,355.6,299505
2026-09-07T10:20:00+05:30,355.6,355.6,355.35,355.6,124873
2026-09-07T10:25:00+05:30,355.6,355.6,355.2,355.5,33273
2026-09-07T10:30:00+05:30,355.5,355.65,355.4,355.5,54828
2026-09-07T10:35:00+05:30,355.5,355.5,355.25,355.4,31823
2026-09-07T10:40:00+05:30,355.4,355.4,353.55,353.7,202408
2026-09-07T10:45:00+05:30,353.7,354.2,353.55,353.6,52015
2026-09-07T10:50:00+05:30,353.6,354.2,353.6,353.9,51069
2026-09-07T10:55:00+05:30,353.9,354.05,353.7,353.8,37121
2026-09-07T11:00:00+05:30,354,354,353.15,353.35,103817
2026-09-07T11:05:00+05:30,353.25,353.55,353.1,353.4,56625
2026-09-07T11:10:00+05:30,353.4,353.8,353.25,353.65,146501
2026-09-07T11:15:00+05:30,353.65,354.05,353.3,354.05,39717
2026-09-07T11:20:00+05:30,354.05,354.2,353.75,353.75,31071
2026-09-07T11:25:00+05:30,353.9,355.2,353.65,355,429855
2026-09-07T11:30:00+05:30,355.1,355.15,354.75,354.9,104966
2026-09-07T11:35:00+05:30,354.9,355.2,354.75,355.05,43228
2026-09-07T11:40:00+05:30,355.2,355.2,354.7,355.05,75338
2026-09-07T11:45:00+05:30,355.05,355.05,354.7,354.9,76658
2026-09-07T11:50:00+05:30,354.9,355.3,354.7,355,49603
2026-09-07T11:55:00+05:30,355,355.2,355,355,23141
2026-09-07T12:00:00+05:30,355,355.2,354.95,355.2,71550
2026-09-07T12:05:00+05:30,355.2,355.25,355,355.1,19602
2026-09-07T12:10:00+05:30,355.1,355.1,355,355.1,20400
2026-09-07T12:15:00+05:30,355.1,355.25,354.2,354.2,191669
2026-09-07T12:20:00+05:30,354.2,354.5,354.15,354.15,24901
2026-09-07T12:25:00+05:30,354.15,354.6,354,354.6,46030
2026-09-07T12:30:00+05:30,354.6,355.05,354.5,355,40981
2026-09-07T12:35:00+05:30,355,355.05,354.6,354.9,233113
2026-09-07T12:40:00+05:30,354.9,355,354.05,354.1,57105
2026-09-07T12:45:00+05:30,354,354.1,353.65,353.7,52321
2026-09-07T12:50:00+05:30,353.7,354.25,353.6,354,139300
2026-09-07T12:55:00+05:30,354,354,353.8,353.8,214975
2026-09-07T13:00:00+05:30,353.8,354.55,353.7,354.35,154922
2026-09-07T13:05:00+05:30,354.25,354.45,354.05,354.25,34767
2026-09-07T13:10:00+05:30,354.25,354.25,353.85,353.9,16176
2026-09-07T13:15:00+05:30,353.9,353.95,353.65,353.8,36791
2026-09-07T13:20:00+05:30,353.75,353.95,353.6,353.65,41879
2026-09-07T13:25:00+05:30,353.7,353.9,353.65,353.7,38315
2026-09-07T13:30:00+05:30,353.8,353.8,353.5,353.5,34396
2026-09-07T13:35:00+05:30,353.6,353.75,353.35,353.65,45766
2026-09-07T13:40:00+05:30,353.65,353.65,353.4,353.5,36024
2026-09-07T13:45:00+05:30,353.5,353.7,353.5,353.6,23745
2026-09-07T13:50:00+05:30,353.6,354,353.4,353.9,56339
2026-09-07T13:55:00+05:30,353.9,353.9,353.55,353.55,25744
2026-09-07T14:00:00+05:30,353.7,353.7,353.5,353.6,36103
2026-09-07T14:05:00+05:30,353.6,353.65,353.5,353.5,26367
2026-09-07T14:10:00+05:30,353.5,353.6,353.5,353.6,35404
2026-09-07T14:15:00+05:30,353.6,353.65,353.5,353.55,36142
2026-09-07T14:20:00+05:30,353.55,353.85,353.5,353.7,50178
2026-09-07T14:25:00+05:30,353.7,353.9,353.7,353.75,40310
2026-09-07T14:30:00+05:30,353.8,353.85,353.5,353.5,38203
2026-09-07T14:35:00+05:30,353.65,354,353.3,353.3,83842
2026-09-07T14:40:00+05:30,353.3,353.65,353.25,353.65,53435
2026-09-07T14:45:00+05:30,353.55,353.6,353.35,353.6,98454
2026-09-07T14:50:00+05:30,353.75,353.95,353.55,353.65,49868
2026-09-07T14:55:00+05:30,353.65,353.85,353.45,353.7,88284
2026-09-07T15:00:00+05:30,353.6,353.7,353.35,353.35,128110
2026-09-07T15:05:00+05:30,353.3,353.5,353.1,353.15,185801
2026-09-07T15:10:00+05:30,353.1,353.8,353,353.75,380953
2026-09-08T09:15:00+05:30,352.05,353,351.15,352.45,158185
2026-09-08T09:20:00+05:30,352.45,352.6,352.05,352.45,46695
2026-09-08T09:25:00+05:30,352.45,353,352.35,352.75,47797
2026-09-08T09:30:00+05:30,352.8,352.8,351.65,352.15,78053
2026-09-08T09:35:00+05:30,352.2,352.8,352.1,352.55,47016
2026-09-08T09:40:00+05:30,352.55,352.55,352.05,352.25,29435
2026-09-08T09:45:00+05:30,352.25,352.45,351.8,352.2,71126
2026-09-08T09:50:00+05:30,352.2,352.35,352.05,352.2,34171
2026-09-08T09:55:00+05:30,352.2,352.35,352,352.25,43999
2026-09-08T10:00:00+05:30,352.25,352.35,351.9,351.95,31561
2026-09-08T10:05:00+05:30,351.9,352.8,351.75,352.8,46805
2026-09-08T10:10:00+05:30,352.65,353.5,352.65,353.5,38579
2026-09-08T10:15:00+05:30,353.45,353.5,352.75,352.85,28470
2026-09-08T10:20:00+05:30,352.9,353.25,352.8,353.2,19956
2026-09-08T10:25:00+05:30,353.15,353.4,352.85,353,30295
2026-09-08T10:30:00+05:30,352.95,354.95,352.95,354.65,117761
2026-09-08T10:35:00+05:30,354.7,354.75,353.95,354.1,71129
2026-09-08T10:40:00+05:30,354.1,354.15,353.55,353.65,66447
2026-09-08T10:45:00+05:30,353.6,354.75,353.55,353.55,190898
2026-09-08T10:50:00+05:30,353.55,354.1,353.35,353.35,101986
2026-09-08T10:55:00+05:30,353.5,353.5,352.35,352.7,440804
2026-09-08T11:00:00+05:30,352.8,353.7,352.35,353.5,251938
2026-09-08T11:05:00+05:30,353.4,353.95,353.35,353.45,36960
2026-09-08T11:10:00+05:30,353.5,353.6,353.1,353.35,20585
2026-09-08T11:15:00+05:30,353.4,353.65,353.3,353.6,15656
2026-09-08T11:20:00+05:30,353.6,353.6,352.95,352.95,47723
2026-09-08T11:25:00+05:30,353.1,353.2,353,353,12648
2026-09-08T11:30:00+05:30,353.15,353.4,352.75,353.3,24932
2026-09-08T11:35:00+05:30,353.35,354,353.15,353.95,90629
2026-09-08T11:40:00+05:30,353.95,354.5,353.6,354.35,208626
2026-09-08T11:45:00+05:30,354.3,354.5,354.15,354.3,54256
2026-09-08T11:50:00+05:30,354.3,354.65,354.15,354.3,98536
2026-09-08T11:55:00+05:30,354.3,354.5,354.15,354.2,129315
2026-09-08T12:00:00+05:30,354.2,354.3,353.85,353.95,91342
2026-09-08T12:05:00+05:30,353.95,354.15,353.4,353.55,93452
2026-09-08T12:10:00+05:30,353.55,353.85,353.55,353.7,40887
2026-09-08T12:15:00+05:30,353.7,353.9,353.7,353.8,15072
2026-09-08T12:20:00+05:30,353.8,354.1,353.75,354,47089
2026-09-08T12:25:00+05:30,354,354.35,354,354.25,59039
2026-09-08T12:30:00+05:30,354.25,354.3,354.1,354.15,16023
2026-09-08T12:35:00+05:30,354.15,354.25,354,354.05,47764
2026-09-08T12:40:00+05:30,354.15,354.15,354,354.1,20633
2026-09-08T12:45:00+05:30,354.05,354.2,353.95,354.05,38256
2026-09-08T12:50:00+05:30,354.05,354.1,354,354.05,54787
2026-09-08T12:55:00+05:30,354.05,355.9,354,355.7,211073
2026-09-08T13:00:00+05:30,355.75,355.8,355.3,355.3,16714
2026-09-08T13:05:00+05:30,355.3,355.35,354.5,354.65,149933
2026-09-08T13:10:00+05:30,354.65,354.8,354.4,354.55,294334
2026-09-08T13:15:00+05:30,354.7,354.7,354.5,354.5,17047
2026-09-08T13:20:00+05:30,354.6,354.6,354.4,354.55,39897
2026-09-08T13:25:00+05:30,354.5,354.75,354.4,354.6,85861
2026-09-08T13:30:00+05:30,354.6,354.75,354.4,354.55,29457
2026-09-08T13:35:00+05:30,354.55,354.75,354.55,354.6,105498
2026-09-08T13:40:00+05:30,354.6,354.75,354.55,354.55,183581
2026-09-08T13:45:00+05:30,354.55,354.6,354.05,354.1,36074
2026-09-08T13:50:00+05:30,354.1,354.15,353.75,353.75,24668
2026-09-08T13:55:00+05:30,353.8,354.25,353.7,354.15,22230
2026-09-08T14:00:00+05:30,354.2,354.45,354.15,354.45,13322
2026-09-08T14:05:00+05:30,354.35,354.75,354.1,354.55,217572
2026-09-08T14:10:00+05:30,354.55,354.7,354.55,354.55,12824
2026-09-08T14:15:00+05:30,354.55,354.7,354.55,354.55,14306
2026-09-08T14:20:00+05:30,354.55,355.4,354.5,355.35,117268
2026-09-08T14:25:00+05:30,355.35,355.4,355.1,355.25,49826
2026-09-08T14:30:00+05:30,355.2,355.65,355.1,355.4,165623
2026-09-08T14:35:00+05:30,355.4,355.4,354.8,355,33969
2026-09-08T14:40:00+05:30,355,355.1,354.9,355,24089
2026-09-08T14:45:00+05:30,355.1,355.2,354.95,355.1,37821
2026-09-08T14:50:00+05:30,355.1,356.1,354.8,355.1,365774
2026-09-08T14:55:00+05:30,355.1,355.3,355.05,355.05,193966
2026-09-08T15:00:00+05:30,355.2,355.45,355.05,355.25,196630
2026-09-08T15:05:00+05:30,355.3,356.5,355.25,355.8,322271
2026-09-08T15:10:00+05:30,355.8,356.1,355.05,355.6,333438
2026-09-09T09:15:00+05:30,354.35,355.05,352.8,353.55,78281
2026-09-09T09:20:00+05:30,353.55,354.45,353.55,354.4,58384
2026-09-09T09:25:00+05:30,354.4,354.7,353.5,353.55,37792
2026-09-09T09:30:00+05:30,353.55,354.2,353.5,354.05,36702
2026-09-09T09:35:00+05:30,354.05,355.3,353.85,354.8,76901
2026-09-09T09:40:00+05:30,354.9,355,354.25,354.45,45139
2026-09-09T09:45:00+05:30,354.45,354.45,353.7,353.9,49287
2026-09-09T09:50:00+05:30,353.9,354.15,353.8,354,51047
2026-09-09T09:55:00+05:30,353.9,354.2,353.7,353.7,45778
2026-09-09T10:00:00+05:30,353.7,353.7,353.1,353.15,73709
2026-09-09T10:05:00+05:30,353.15,353.15,352.55,352.7,54587
2026-09-09T10:10:00+05:30,352.75,352.85,352.55,352.8,24723
2026-09-09T10:15:00+05:30,352.8,353,352.4,352.9,41204
2026-09-09T10:20:00+05:30,352.9,353.5,352.8,353.35,38094
2026-09-09T10:25:00+05:30,353.35,353.45,353.1,353.25,40037
2026-09-09T10:30:00+05:30,353.2,353.25,352.8,352.9,29678
2026-09-09T10:35:00+05:30,352.9,352.95,352.3,352.75,56537
2026-09-09T10:40:00+05:30,352.65,353.05,352.6,352.7,49000
2026-09-09T10:45:00+05:30,352.7,353,352.55,352.6,51938
2026-09-09T10:50:00+05:30,352.6,352.8,352.6,352.65,19116
2026-09-09T10:55:00+05:30,352.65,352.8,352.4,352.55,38870
2026-09-09T11:00:00+05:30,352.65,353.2,352.65,352.7,45603
2026-09-09T11:05:00+05:30,352.65,352.7,351.55,351.65,68674
2026-09-09T11:10:00+05:30,351.65,351.8,351.1,351.2,52203
2026-09-09T11:15:00+05:30,351.2,352,351.05,351.8,70730
2026-09-09T11:20:00+05:30,351.75,352,351.65,351.75,31083
2026-09-09T11:25:00+05:30,351.75,352.8,351.75,352.65,133811
2026-09-09T11:30:00+05:30,352.65,353,352.4,352.5,218759
2026-09-09T11:35:00+05:30,352.6,352.6,351.8,351.8,64291
2026-09-09T11:40:00+05:30,351.8,353,351.8,352.4,327222
2026-09-09T11:45:00+05:30,352.4,352.9,352,352.05,377538
2026-09-09T11:50:00+05:30,352.05,352.35,351.8,351.95,41993
2026-09-09T11:55:00+05:30,351.85,352.1,351.85,351.9,26056
2026-09-09T12:00:00+05:30,351.9,352.9,351.9,352.45,109705
2026-09-09T12:05:00+05:30,352.55,352.55,352.1,352.25,235613
2026-09-09T12:10:00+05:30,352.2,352.3,352,352.05,31856
2026-09-09T12:15:00+05:30,352.25,352.35,352,352.2,20488
2026-09-09T12:20:00+05:30,352.2,352.5,352.15,352.4,24464
2026-09-09T12:25:00+05:30,352.4,352.6,352.15,352.5,36822
2026-09-09T12:30:00+05:30,352.5,352.85,352.35,352.85,73182
2026-09-09T12:35:00+05:30,352.85,352.95,352.4,352.6,96513
2026-09-09T12:40:00+05:30,352.6,352.7,352.4,352.65,82100
2026-09-09T12:45:00+05:30,352.65,352.95,352.4,352.7,144199
2026-09-09T12:50:00+05:30,352.85,353.4,352.6,353.05,75301
2026-09-09T12:55:00+05:30,353.05,353.25,353,353.1,35266
2026-09-09T13:00:00+05:30,353.1,353.25,352.65,352.8,158338
2026-09-09T13:05:00+05:30,352.8,353.05,352.7,352.9,39559
2026-09-09T13:10:00+05:30,352.95,353,352.75,352.75,24952
2026-09-09T13:15:00+05:30,352.8,353,352.75,352.95,30560
2026-09-09T13:20:00+05:30,352.95,353.1,352.65,352.95,28851
2026-09-09T13:25:00+05:30,352.95,353.15,352.75,353.05,29219
2026-09-09T13:30:00+05:30,353.05,353.2,352.75,353.05,20840
2026-09-09T13:35:00+05:30,352.85,353.1,352.8,353,17378
2026-09-09T13:40:00+05:30,352.85,353,352.65,352.75,35963
2026-09-09T13:45:00+05:30,352.75,352.95,352.6,352.75,26517
2026-09-09T13:50:00+05:30,352.85,353.2,352.7,352.9,41821
2026-09-09T13:55:00+05:30,352.9,353.15,352.7,353.05,46222
2026-09-09T14:00:00+05:30,352.9,353.45,352.9,353.05,91055
2026-09-09T14:05:00+05:30,353.05,353.25,352.5,352.6,137569
2026-09-09T14:10:00+05:30,352.6,352.7,352.4,352.6,37154
2026-09-09T14:15:00+05:30,352.6,352.85,352.45,352.8,27822
2026-09-09T14:20:00+05:30,352.7,353.1,352.7,352.9,98838
2026-09-09T14:25:00+05:30,352.9,353,352.65,352.9,60549
2026-09-09T14:30:00+05:30,352.9,353,352.55,352.7,27295
2026-09-09T14:35:00+05:30,352.65,352.65,352,352.05,48037
2026-09-09T14:40:00+05:30,352.1,352.25,351.75,352.25,58774
2026-09-09T14:45:00+05:30,352.25,352.25,351.65,352,57024
2026-09-09T14:50:00+05:30,352,352.15,351.55,351.6,254707
2026-09-09T14:55:00+05:30,351.7,351.7,351.15,351.15,88014
2026-09-09T15:00:00+05:30,351.1,351.15,350.5,350.5,119297
2026-09-09T15:05:00+05:30,350.55,350.65,350.3,350.55,110369
2026-09-09T15:10:00+05:30,350.55,350.7,350.1,350.1,182773
2026-09-10T09:15:00+05:30,350,351.9,349.3,351.45,410780
2026-09-10T09:20:00+05:30,351.45,351.45,350.2,350.6,90449
2026-09-10T09:25:00+05:30,350.6,351.45,350.5,351,70438
2026-09-10T09:30:00+05:30,351,351.15,350.25,350.7,63172
2026-09-10T09:35:00+05:30,350.7,350.7,350.4,350.6,52805
2026-09-10T09:40:00+05:30,350.6,351.2,350.45,350.45,55834
2026-09-10T09:45:00+05:30,350.6,351,350.35,350.9,39458
2026-09-10T09:50:00+05:30,350.9,351.1,350.55,350.75,49008
2026-09-10T09:55:00+05:30,350.9,350.9,350.15,350.15,67073
2026-09-10T10:00:00+05:30,350.15,350.35,350.05,350.35,162391
2026-09-10T10:05:00+05:30,350.35,350.4,349.75,349.8,52143
2026-09-10T10:10:00+05:30,349.95,349.95,349.7,349.8,30655
2026-09-10T10:15:00+05:30,349.8,350.45,349.8,350,142138
2026-09-10T10:20:00+05:30,350.05,350.25,350,350.15,45066
2026-09-10T10:25:00+05:30,350.2,350.75,350.1,350.6,115598
2026-09-10T10:30:00+05:30,350.65,350.75,350.4,350.5,46871
2026-09-10T10:35:00+05:30,350.55,350.95,350.35,350.8,60764
2026-09-10T10:40:00+05:30,350.85,350.95,350.65,350.95,54258
2026-09-10T10:45:00+05:30,350.95,351.15,350.5,350.55,47569
2026-09-10T10:50:00+05:30,350.6,350.6,350.1,350.15,40355
2026-09-10T10:55:00+05:30,350.2,350.45,350,350.15,60107
2026-09-10T11:00:00+05:30,350.2,351.05,350.2,350.9,109467
2026-09-10T11:05:00+05:30,350.95,353.85,350.55,352.9,366961
2026-09-10T11:10:00+05:30,352.9,354.75,352.9,354.1,201441
2026-09-10T11:15:00+05:30,354.1,354.3,353.25,353.7,74473
2026-09-10T11:20:00+05:30,353.5,354,353.3,353.7,68796
2026-09-10T11:25:00+05:30,353.55,353.95,353.25,353.25,47892
2026-09-10T11:30:00+05:30,353.25,353.45,352.6,352.8,68354
2026-09-10T11:35:00+05:30,352.9,353.45,352.75,353.4,81512
2026-09-10T11:40:00+05:30,353.4,353.45,352.95,353,64711
2026-09-10T11:45:00+05:30,353,353.05,352.2,352.3,84033
2026-09-10T11:50:00+05:30,352.35,353.4,352.05,353.3,79365
2026-09-10T11:55:00+05:30,353.4,353.55,353.15,353.2,30065
2026-09-10T12:00:00+05:30,353.2,353.2,353,353,31461
2026-09-10T12:05:00+05:30,353,353.05,352.75,352.8,74223
2026-09-10T12:10:00+05:30,352.75,353.85,352.65,353.65,73429
2026-09-10T12:15:00+05:30,353.85,354.2,352.15,352.2,164640
2026-09-10T12:20:00+05:30,352.2,353,352.2,352.6,75309
2026-09-10T12:25:00+05:30,352.6,352.9,351.85,351.85,138096
2026-09-10T12:30:00+05:30,351.85,352.25,351.75,351.8,120228
2026-09-10T12:35:00+05:30,351.8,352.05,351.45,351.85,82911
2026-09-10T12:40:00+05:30,351.85,352.5,351.8,352.15,132390
2026-09-10T12:45:00+05:30,352.15,352.55,352.05,352.15,77691
2026-09-10T12:50:00+05:30,352.15,352.2,351.85,351.9,88116
2026-09-10T12:55:00+05:30,351.9,352.3,351.5,351.5,140335
2026-09-10T13:00:00+05:30,351.5,351.6,351.2,351.3,53721
2026-09-10T13:05:00+05:30,351.3,351.45,351.05,351.15,30618
2026-09-10T13:10:00+05:30,351.15,351.9,351,351.65,117329
2026-09-10T13:15:00+05:30,351.85,351.85,351.3,351.75,197374
2026-09-10T13:20:00+05:30,351.8,351.8,351.2,351.25,84685
2026-09-10T13:25:00+05:30,351.3,351.85,351.05,351.7,279974
2026-09-10T13:30:00+05:30,351.7,352.05,351.3,351.35,62050
2026-09-10T13:35:00+05:30,351.45,351.7,351.45,351.6,41137
2026-09-10T13:40:00+05:30,351.65,352,351.55,351.75,296937
2026-09-10T13:45:00+05:30,351.75,351.85,351.3,351.4,110277
2026-09-10T13:50:00+05:30,351.55,351.65,351.3,351.45,35525
2026-09-10T13:55:00+05:30,351.55,351.6,351.3,351.4,27740
2026-09-10T14:00:00+05:30,351.45,351.5,351.1,351.25,19096
2026-09-10T14:05:00+05:30,351.25,351.7,351.15,351.3,38233
2026-09-10T14:10:00+05:30,351.3,351.6,351.3,351.45,44192
2026-09-10T14:15:00+05:30,351.55,351.6,351.25,351.25,13227
2026-09-10T14:20:00+05:30,351.3,351.55,351.25,351.55,42581
2026-09-10T14:25:00+05:30,351.5,351.5,351.35,351.4,16218
2026-09-10T14:30:00+05:30,351.55,351.65,351.4,351.6,39305
2026-09-10T14:35:00+05:30,351.5,351.65,351.4,351.5,37194
2026-09-10T14:40:00+05:30,351.5,352.1,351.4,351.65,76250
2026-09-10T14:45:00+05:30,351.8,352.05,351.6,351.75,158252
2026-09-10T14:50:00+05:30,351.85,352.7,351.6,352.3,537830
2026-09-10T14:55:00+05:30,352.3,352.65,351.8,352.05,166127
2026-09-10T15:00:00+05:30,352.3,352.3,351.7,351.75,74485
2026-09-10T15:05:00+05:30,351.8,352.25,351.75,351.9,115908
2026-09-10T15:10:00+05:30,351.85,352.55,351.7,351.7,191894
2026-09-11T09:15:00+05:30,348,351,348,351,204427
2026-09-11T09:20:00+05:30,350.85,351.2,349,350.25,103873
2026-09-11T09:25:00+05:30,350.25,351.3,349.85,349.85,65529
2026-09-11T09:30:00+05:30,349.9,349.95,349.1,349.95,62935
2026-09-11T09:35:00+05:30,349.95,350.2,348.25,348.6,79828
2026-09-11T09:40:00+05:30,348.4,348.8,348.05,348.5,44074
2026-09-11T09:45:00+05:30,348.5,348.8,348.3,348.65,39052
2026-09-11T09:50:00+05:30,348.65,348.85,348.6,348.65,31970
2026-09-11T09:55:00+05:30,348.45,348.95,348.45,348.95,42521
2026-09-11T10:00:00+05:30,348.85,349.75,348.85,349.2,75571
2026-09-11T10:05:00+05:30,349.2,349.55,349,349.55,34619
2026-09-11T10:10:00+05:30,349.55,349.6,349.2,349.5,31382
2026-09-11T10:15:00+05:30,349.5,350.05,349.45,349.9,70353
2026-09-11T10:20:00+05:30,350,350.8,349.6,350.45,65609
2026-09-11T10:25:00+05:30,350.4,350.45,349.5,349.7,65969
2026-09-11T10:30:00+05:30,349.7,350.1,349.65,349.95,32028
2026-09-11T10:35:00+05:30,349.9,350.25,349.9,350.05,18644
2026-09-11T10:40:00+05:30,350.1,350.45,349.8,350.35,31796
2026-09-11T10:45:00+05:30,350.45,350.65,349.9,350.05,56496
2026-09-11T10:50:00+05:30,350.05,350.05,349.75,349.8,26387
2026-09-11T10:55:00+05:30,349.75,349.8,349.5,349.55,32161
2026-09-11T11:00:00+05:30,349.55,350,349.55,349.6,66405
2026-09-11T11:05:00+05:30,349.6,350,349.6,349.95,31743
2026-09-11T11:10:00+05:30,349.95,350.7,349.9,350.65,39657
2026-09-11T11:15:00+05:30,350.65,350.8,350.5,350.75,45041
2026-09-11T11:20:00+05:30,350.75,350.8,350.3,350.55,28093
2026-09-11T11:25:00+05:30,350.55,350.95,350.3,350.7,32154
2026-09-11T11:30:00+05:30,350.7,351.9,350.6,351.45,83193
2026-09-11T11:35:00+05:30,351.5,351.5,351,351.05,39374
2026-09-11T11:40:00+05:30,351.05,351.2,351,351.15,25063
2026-09-11T11:45:00+05:30,351.1,351.15,350.95,351,30801
2026-09-11T11:50:00+05:30,351.05,351.2,350.95,351.05,21591
2026-09-11T11:55:00+05:30,351.05,351.5,351.05,351.1,54101
2026-09-11T12:00:00+05:30,351.2,351.2,350.95,351.1,14656
2026-09-11T12:05:00+05:30,351.1,351.1,350.85,351,11258
2026-09-11T12:10:00+05:30,351,351,350.75,351,12387
2026-09-11T12:15:00+05:30,351,351.1,350.85,350.95,32280
2026-09-11T12:20:00+05:30,350.95,351.35,350.95,351.35,46165
2026-09-11T12:25:00+05:30,351.35,351.35,350.85,351.1,84058
2026-09-11T12:30:00+05:30,351.1,351.25,349.8,349.85,464716
2026-09-11T12:35:00+05:30,349.95,350.3,349.7,349.9,417930
2026-09-11T12:40:00+05:30,349.9,350.1,349.55,349.8,393837
2026-09-11T12:45:00+05:30,349.8,349.85,349.3,349.5,55229
2026-09-11T12:50:00+05:30,349.65,350,349.5,349.8,343046
2026-09-11T12:55:00+05:30,349.95,350.7,349.9,350.25,131044
2026-09-11T13:00:00+05:30,350.15,350.3,349.8,349.85,223568
2026-09-11T13:05:00+05:30,349.8,350.25,349.75,350.25,396935
2026-09-11T13:10:00+05:30,350.25,351.2,350.25,351.2,49969
2026-09-11T13:15:00+05:30,351.15,351.2,351,351.05,21020
2026-09-11T13:20:00+05:30,351,351.35,350.7,351,65725
2026-09-11T13:25:00+05:30,351.05,351.35,351,351.1,37362
2026-09-11T13:30:00+05:30,351.2,351.2,350.7,350.8,36553
2026-09-11T13:35:00+05:30,350.75,350.85,350.55,350.55,30423
2026-09-11T13:40:00+05:30,350.95,351.1,350.55,350.95,61555
2026-09-11T13:45:00+05:30,350.95,351.4,350.9,351.3,22339
2026-09-11T13:50:00+05:30,351.4,351.85,351.2,351.55,51775
2026-09-11T13:55:00+05:30,351.55,352,351.5,351.7,39789
2026-09-11T14:00:00+05:30,351.7,352,351.5,351.9,37741
2026-09-11T14:05:00+05:30,351.9,352.15,351.65,352.1,40479
2026-09-11T14:10:00+05:30,352.1,352.35,351.9,352.15,51369
2026-09-11T14:15:00+05:30,352.2,352.3,352.05,352.3,26976
2026-09-11T14:20:00+05:30,352.3,352.3,351.8,352.2,33496
2026-09-11T14:25:00+05:30,352.2,352.5,352,352.35,80056
2026-09-11T14:30:00+05:30,352.35,352.45,352.25,352.3,35124
2026-09-11T14:35:00+05:30,352.3,353.15,352.2,352.5,142915
2026-09-11T14:40:00+05:30,352.7,352.75,352.3,352.4,37769
2026-09-11T14:45:00+05:30,352.4,352.45,352,352.1,35851
2026-09-11T14:50:00+05:30,352.05,352.1,351.6,351.7,33861
2026-09-11T14:55:00+05:30,351.65,351.7,351.25,351.45,45009
2026-09-11T15:00:00+05:30,351.45,351.45,351.15,351.3,56374
2026-09-11T15:05:00+05:30,351.4,351.8,351.2,351.6,111253
2026-09-11T15:10:00+05:30,351.6,351.65,351.2,351.55,169644
2026-09-15T09:15:00+05:30,352.45,353.3,350.05,350.9,264099
2026-09-15T09:20:00+05:30,351.05,351.55,350.75,350.8,68194
2026-09-15T09:25:00+05:30,350.8,351.15,350.55,350.75,52266
2026-09-15T09:30:00+05:30,350.75,351,350.35,350.45,75142
