date,open,high,low,close,volume
2026-06-08T09:15:00+05:30,24030,24030,23740,23930,432
2026-06-08T09:20:00+05:30,23930,23965,23870,23965,151
2026-06-08T09:25:00+05:30,23965,24075,23920,24040,344
2026-06-08T09:30:00+05:30,24050,24090,24020,24025,268
2026-06-08T09:35:00+05:30,24000,24005,23900,23900,96
2026-06-08T09:40:00+05:30,23905,23930,23890,23890,103
2026-06-08T09:45:00+05:30,23890,23900,23840,23840,406
2026-06-08T09:50:00+05:30,23835,23855,23800,23825,701
2026-06-08T09:55:00+05:30,23825,23825,23750,23780,555
2026-06-08T10:00:00+05:30,23780,23800,23780,23790,93
2026-06-08T10:05:00+05:30,23790,23800,23765,23800,39
2026-06-08T10:10:00+05:30,23800,23815,23780,23780,212
2026-06-08T10:15:00+05:30,23770,23770,23700,23760,403
2026-06-08T10:20:00+05:30,23765,23770,23730,23770,394
2026-06-08T10:25:00+05:30,23770,23775,23730,23740,148
2026-06-08T10:30:00+05:30,23740,23820,23740,23810,338
2026-06-08T10:35:00+05:30,23810,23840,23785,23840,277
2026-06-08T10:40:00+05:30,23840,23850,23810,23810,193
2026-06-08T10:45:00+05:30,23810,23810,23780,23780,27
2026-06-08T10:50:00+05:30,23780,23820,23780,23800,194
2026-06-08T10:55:00+05:30,23800,23820,23790,23800,190
2026-06-08T11:00:00+05:30,23800,23930,23790,23890,2902
2026-06-08T11:05:00+05:30,23890,23890,23780,23850,4016
2026-06-08T11:10:00+05:30,23850,23850,23795,23850,1025
2026-06-08T11:15:00+05:30,23850,23975,23845,23935,5360
2026-06-08T11:20:00+05:30,23900,23930,23810,23860,2790
2026-06-08T11:25:00+05:30,23860,23900,23795,23815,7294
2026-06-08T11:30:00+05:30,23815,23815,23790,23800,159
2026-06-08T11:35:00+05:30,23800,23805,23785,23795,111
2026-06-08T11:40:00+05:30,23795,23835,23760,23760,328
2026-06-08T11:45:00+05:30,23760,23780,23760,23780,35
2026-06-08T11:50:00+05:30,23780,23780,23755,23780,73
2026-06-08T11:55:00+05:30,23780,23805,23765,23770,53
2026-06-08T12:00:00+05:30,23770,23790,23760,23790,53
2026-06-08T12:05:00+05:30,23790,23790,23750,23770,100
2026-06-08T12:10:00+05:30,23770,23800,23770,23800,81
2026-06-08T12:15:00+05:30,23800,23800,23770,23780,130
2026-06-08T12:20:00+05:30,23780,23805,23780,23795,330
2026-06-08T12:25:00+05:30,23795,23795,23780,23780,55
2026-06-08T12:30:00+05:30,23780,23800,23780,23785,61
2026-06-08T12:35:00+05:30,23785,23790,23780,23780,23
2026-06-08T12:40:00+05:30,23780,23800,23780,23790,75
2026-06-08T12:45:00+05:30,23790,23805,23780,23800,56
2026-06-08T12:50:00+05:30,23800,23805,23780,23785,123
2026-06-08T12:55:00+05:30,23785,23800,23785,23790,35
2026-06-08T13:00:00+05:30,23790,23805,23790,23795,154
2026-06-08T13:05:00+05:30,23795,23795,23780,23780,139
2026-06-08T13:10:00+05:30,23780,23795,23750,23750,124
2026-06-08T13:15:00+05:30,23750,23800,23740,23750,79
2026-06-08T13:20:00+05:30,23750,23765,23740,23750,36
2026-06-08T13:25:00+05:30,23750,23760,23730,23730,34
2026-06-08T13:30:00+05:30,23740,23745,23720,23725,40
2026-06-08T13:35:00+05:30,23725,23730,23675,23700,246
2026-06-08T13:40:00+05:30,23700,23700,23650,23660,106
2026-06-08T13:45:00+05:30,23660,23685,23625,23685,160
2026-06-08T13:50:00+05:30,23685,23690,23635,23650,251
2026-06-08T13:55:00+05:30,23650,23675,23650,23675,1276
2026-06-08T14:00:00+05:30,23675,23675,23635,23645,1068
2026-06-08T14:05:00+05:30,23645,23650,23640,23650,540
2026-06-08T14:10:00+05:30,23650,23675,23645,23660,267
2026-06-08T14:15:00+05:30,23660,23660,23625,23645,477
2026-06-08T14:20:00+05:30,23645,23645,23620,23625,64
2026-06-08T14:25:00+05:30,23620,23635,23590,23595,182
2026-06-08T14:30:00+05:30,23595,23675,23585,23655,489
2026-06-08T14:35:00+05:30,23655,23655,23630,23640,78
2026-06-08T14:40:00+05:30,23640,23645,23630,23645,56
2026-06-08T14:45:00+05:30,23635,23675,23635,23675,649
2026-06-08T14:50:00+05:30,23675,23675,23630,23630,260
2026-06-08T14:55:00+05:30,23630,23640,23595,23610,2359
2026-06-08T15:00:00+05:30,23595,23595,23535,23535,901
2026-06-08T15:05:00+05:30,23545,23605,23530,23585,582
2026-06-08T15:10:00+05:30,23580,23580,23525,23575,771
2026-06-08T15:15:00+05:30,23575,23575,23535,23540,847
2026-06-08T15:20:00+05:30,23540,23555,23435,23445,1013
2026-06-08T15:25:00+05:30,23445,23515,23410,23505,1105
2026-06-09T09:15:00+05:30,23535,23625,23535,23565,607
2026-06-09T09:20:00+05:30,23560,23595,23530,23595,272
2026-06-09T09:25:00+05:30,23600,23625,23505,23510,927
2026-06-09T09:30:00+05:30,23545,23560,23525,23550,92
2026-06-09T09:35:00+05:30,23550,23550,23500,23540,716
2026-06-09T09:40:00+05:30,23540,23560,23515,23520,189
2026-06-09T09:45:00+05:30,23520,23550,23520,23520,254
2026-06-09T09:50:00+05:30,23520,23550,23500,23540,72
2026-06-09T09:55:00+05:30,23540,23550,23530,23545,128
2026-06-09T10:00:00+05:30,23545,23600,23545,23550,397
2026-06-09T10:05:00+05:30,23550,23550,23530,23530,96
2026-06-09T10:10:00+05:30,23530,23555,23525,23525,94
2026-06-09T10:15:00+05:30,23525,23550,23510,23530,87
2026-06-09T10:20:00+05:30,23530,23545,23520,23545,65
2026-06-09T10:25:00+05:30,23545,23545,23505,23525,43
2026-06-09T10:30:00+05:30,23525,23540,23510,23525,54
2026-06-09T10:35:00+05:30,23525,23525,23480,23505,102
2026-06-09T10:40:00+05:30,23505,23515,23480,23515,83
2026-06-09T10:45:00+05:30,23515,23540,23485,23485,43
2026-06-09T10:50:00+05:30,23485,23500,23485,23500,12
2026-06-09T10:55:00+05:30,23500,23500,23480,23485,38
2026-06-09T11:00:00+05:30,23500,23505,23480,23505,37
2026-06-09T11:05:00+05:30,23505,23535,23490,23510,58
2026-06-09T11:10:00+05:30,23510,23510,23435,23440,183
2026-06-09T11:15:00+05:30,23440,23490,23410,23470,380
2026-06-09T11:20:00+05:30,23470,23520,23440,23505,2733
2026-06-09T11:25:00+05:30,23505,23510,23435,23500,7629
2026-06-09T11:30:00+05:30,23500,23500,23440,23500,1327
2026-06-09T11:35:00+05:30,23500,23505,23440,23440,5655
2026-06-09T11:40:00+05:30,23440,23460,23430,23460,108
2026-06-09T11:45:00+05:30,23460,23495,23435,23460,378
2026-06-09T11:50:00+05:30,23460,23490,23440,23485,51
2026-06-09T11:55:00+05:30,23485,23485,23420,23460,214
2026-06-09T12:00:00+05:30,23460,23525,23445,23495,3328
2026-06-09T12:05:00+05:30,23495,23495,23465,23475,325
2026-06-09T12:10:00+05:30,23475,23500,23475,23495,577
2026-06-09T12:15:00+05:30,23490,23495,23450,23455,749
2026-06-09T12:20:00+05:30,23455,23470,23440,23450,326
2026-06-09T12:25:00+05:30,23450,23525,23450,23495,1214
2026-06-09T12:30:00+05:30,23495,23550,23485,23530,3396
2026-06-09T12:35:00+05:30,23530,23540,23520,23530,292
2026-06-09T12:40:00+05:30,23535,23535,23490,23515,125
2026-06-09T12:45:00+05:30,23515,23530,23485,23515,220
2026-06-09T12:50:00+05:30,23515,23540,23485,23485,603
2026-06-09T12:55:00+05:30,23485,23500,23465,23490,139
2026-06-09T13:00:00+05:30,23490,23495,23470,23470,24
2026-06-09T13:05:00+05:30,23470,23480,23450,23475,157
2026-06-09T13:10:00+05:30,23475,23480,23450,23450,74
2026-06-09T13:15:00+05:30,23450,23510,23450,23495,1765
2026-06-09T13:20:00+05:30,23495,23495,23460,23460,185
2026-06-09T13:25:00+05:30,23460,23460,23430,23435,57
2026-06-09T13:30:00+05:30,23435,23460,23410,23410,104
2026-06-09T13:35:00+05:30,23410,23450,23410,23450,53
2026-06-09T13:40:00+05:30,23435,23455,23430,23430,135
2026-06-09T13:45:00+05:30,23430,23450,23425,23425,38
2026-06-09T13:50:00+05:30,23425,23440,23420,23440,40
2026-06-09T13:55:00+05:30,23440,23440,23375,23400,335
2026-06-09T14:00:00+05:30,23400,23415,23380,23385,50
2026-06-09T14:05:00+05:30,23385,23410,23385,23410,78
2026-06-09T14:10:00+05:30,23415,23475,23415,23465,283
2026-06-09T14:15:00+05:30,23465,23465,23425,23450,261
2026-06-09T14:20:00+05:30,23450,23465,23435,23455,159
2026-06-09T14:25:00+05:30,23455,23465,23430,23455,103
2026-06-09T14:30:00+05:30,23455,23470,23430,23445,498
2026-06-09T14:35:00+05:30,23445,23470,23405,23465,698
2026-06-09T14:40:00+05:30,23465,23500,23460,23480,1632
2026-06-09T14:45:00+05:30,23480,23480,23440,23440,639
2026-06-09T14:50:00+05:30,23440,23470,23440,23460,303
2026-06-09T14:55:00+05:30,23460,23495,23445,23480,2229
2026-06-09T15:00:00+05:30,23480,23480,23420,23460,607
2026-06-09T15:05:00+05:30,23460,23495,23440,23445,2451
2026-06-09T15:10:00+05:30,23450,23450,23410,23425,526
2026-06-09T15:15:00+05:30,23425,23430,23390,23420,967
2026-06-09T15:20:00+05:30,23420,23420,23355,23410,1167
2026-06-09T15:25:00+05:30,23410,23410,23290,23390,1764
2026-06-10T09:15:00+05:30,23415,23450,23335,23440,438
2026-06-10T09:20:00+05:30,23440,23440,23365,23400,617
2026-06-10T09:25:00+05:30,23400,23565,23390,23485,701
2026-06-10T09:30:00+05:30,23485,23490,23465,23465,177
2026-06-10T09:35:00+05:30,23465,23465,23415,23415,58
2026-06-10T09:40:00+05:30,23415,23440,23390,23420,377
2026-06-10T09:45:00+05:30,23420,23430,23400,23415,2762
2026-06-10T09:50:00+05:30,23415,23440,23385,23385,1234
2026-06-10T09:55:00+05:30,23385,23410,23385,23390,70
2026-06-10T10:00:00+05:30,23390,23395,23355,23395,155
2026-06-10T10:05:00+05:30,23395,23395,23355,23355,10
2026-06-10T10:10:00+05:30,23355,23395,23350,23350,97
2026-06-10T10:15:00+05:30,23350,23370,23330,23335,139
2026-06-10T10:20:00+05:30,23335,23355,23315,23325,69
2026-06-10T10:25:00+05:30,23325,23325,23290,23290,93
2026-06-10T10:30:00+05:30,23290,23310,23290,23300,30
2026-06-10T10:35:00+05:30,23300,23390,23300,23370,310
2026-06-10T10:40:00+05:30,23370,23395,23360,23395,69
2026-06-10T10:45:00+05:30,23395,23430,23350,23420,26958
2026-06-10T10:50:00+05:30,23425,23570,23405,23570,1768
2026-06-10T10:55:00+05:30,23570,23650,23530,23645,891
2026-06-10T11:00:00+05:30,23650,23715,23650,23655,450
2026-06-10T11:05:00+05:30,23670,23685,23615,23680,330
2026-06-10T11:10:00+05:30,23680,23720,23680,23720,313
2026-06-10T11:15:00+05:30,23720,23725,23665,23675,75
2026-06-10T11:20:00+05:30,23675,23675,23650,23660,181
2026-06-10T11:25:00+05:30,23660,23725,23660,23725,124
2026-06-10T11:30:00+05:30,23725,23730,23695,23705,62
2026-06-10T11:35:00+05:30,23705,23785,23680,23765,1003
2026-06-10T11:40:00+05:30,23765,23845,23760,23830,215
2026-06-10T11:45:00+05:30,23830,23920,23820,23885,273
2026-06-10T11:50:00+05:30,23885,23925,23875,23910,138
2026-06-10T11:55:00+05:30,23910,23910,23870,23880,65
2026-06-10T12:00:00+05:30,23880,23905,23880,23895,109
2026-06-10T12:05:00+05:30,23895,23930,23875,23895,245
2026-06-10T12:10:00+05:30,23895,23900,23875,23885,89
2026-06-10T12:15:00+05:30,23885,24095,23885,24050,758
2026-06-10T12:20:00+05:30,24050,24125,24050,24100,680
2026-06-10T12:25:00+05:30,24100,24105,23965,23990,778
2026-06-10T12:30:00+05:30,23990,24025,23965,24015,338
2026-06-10T12:35:00+05:30,24015,24015,23930,23950,486
2026-06-10T12:40:00+05:30,23950,23965,23935,23950,88
2026-06-10T12:45:00+05:30,23950,23965,23930,23960,145
2026-06-10T12:50:00+05:30,23960,23980,23935,23975,56
2026-06-10T12:55:00+05:30,23975,23985,23940,23940,408
2026-06-10T13:00:00+05:30,23940,24015,23940,24015,272
2026-06-10T13:05:00+05:30,24015,24025,23975,24000,128
2026-06-10T13:10:00+05:30,24000,24010,23985,24000,53
2026-06-10T13:15:00+05:30,24000,24005,23985,24000,114
2026-06-10T13:20:00+05:30,24000,24005,23970,23985,213
2026-06-10T13:25:00+05:30,24000,24000,23895,23945,608
2026-06-10T13:30:00+05:30,23945,23965,23905,23945,318
2026-06-10T13:35:00+05:30,23945,23990,23945,23955,126
2026-06-10T13:40:00+05:30,23955,23980,23920,23950,167
2026-06-10T13:45:00+05:30,23950,23950,23925,23930,88
2026-06-10T13:50:00+05:30,23930,23980,23915,23970,116
2026-06-10T13:55:00+05:30,23970,24055,23960,24040,555
2026-06-10T14:00:00+05:30,24040,24070,24025,24035,287
2026-06-10T14:05:00+05:30,24045,24070,24035,24035,237
2026-06-10T14:10:00+05:30,24035,24035,23985,23985,396
2026-06-10T14:15:00+05:30,24000,24025,23985,24015,112
2026-06-10T14:20:00+05:30,24015,24030,23985,24030,181
2026-06-10T14:25:00+05:30,24030,24030,23985,23995,105
2026-06-10T14:30:00+05:30,23995,24020,23980,23985,160
2026-06-10T14:35:00+05:30,23985,24000,23915,23940,381
2026-06-10T14:40:00+05:30,23930,23965,23910,23930,228
2026-06-10T14:45:00+05:30,23910,23955,23885,23885,189
2026-06-10T14:50:00+05:30,23900,23910,23880,23905,359
2026-06-10T14:55:00+05:30,23905,23910,23875,23910,185
2026-06-10T15:00:00+05:30,23905,23905,23850,23860,436
2026-06-10T15:05:00+05:30,23865,23865,23810,23825,178
2026-06-10T15:10:00+05:30,23825,23835,23805,23820,298
2026-06-10T15:15:00+05:30,23815,23840,23785,23840,721
2026-06-10T15:20:00+05:30,23850,23890,23840,23875,1423
2026-06-10T15:25:00+05:30,23855,23900,23780,23780,1890
2026-06-11T09:15:00+05:30,23685,23710,23510,23670,676
2026-06-11T09:20:00+05:30,23670,23750,23670,23685,523
2026-06-11T09:25:00+05:30,23655,23655,23600,23610,107
2026-06-11T09:30:00+05:30,23610,23660,23575,23580,110
2026-06-11T09:35:00+05:30,23580,23620,23580,23620,70
2026-06-11T09:40:00+05:30,23620,23645,23580,23645,70
2026-06-11T09:45:00+05:30,23645,23645,23600,23635,63
2026-06-11T09:50:00+05:30,23610,23640,23605,23615,191
2026-06-11T09:55:00+05:30,23615,23615,23585,23610,180
2026-06-11T10:00:00+05:30,23610,23610,23575,23580,274
2026-06-11T10:05:00+05:30,23580,23705,23580,23670,991
2026-06-11T10:10:00+05:30,23670,23720,23635,23635,205
2026-06-11T10:15:00+05:30,23635,23695,23635,23695,32
2026-06-11T10:20:00+05:30,23695,23700,23665,23665,102
2026-06-11T10:25:00+05:30,23665,23700,23665,23675,30
2026-06-11T10:30:00+05:30,23675,23750,23670,23720,178
2026-06-11T10:35:00+05:30,23725,23740,23700,23700,53
2026-06-11T10:40:00+05:30,23700,23730,23700,23725,9
2026-06-11T10:45:00+05:30,23725,23725,23660,23660,95
2026-06-11T10:50:00+05:30,23660,23675,23650,23655,21
2026-06-11T10:55:00+05:30,23655,23670,23645,23650,63
2026-06-11T11:00:00+05:30,23650,23670,23650,23650,25
2026-06-11T11:05:00+05:30,23650,23670,23650,23660,33
2026-06-11T11:10:00+05:30,23660,23660,23640,23640,3
2026-06-11T11:15:00+05:30,23640,23670,23640,23670,21
2026-06-11T11:20:00+05:30,23670,23710,23660,23685,94
2026-06-11T11:25:00+05:30,23685,23730,23685,23720,263
2026-06-11T11:30:00+05:30,23720,23745,23720,23745,53
2026-06-11T11:35:00+05:30,23745,23745,23700,23730,296
2026-06-11T11:40:00+05:30,23730,23745,23700,23745,157
2026-06-11T11:45:00+05:30,23745,23750,23735,23745,33
2026-06-11T11:50:00+05:30,23745,23765,23725,23765,56
2026-06-11T11:55:00+05:30,23765,23765,23720,23755,81
2026-06-11T12:00:00+05:30,23755,23755,23735,23755,16
2026-06-11T12:05:00+05:30,23755,23755,23670,23680,1177
2026-06-11T12:10:00+05:30,23680,23710,23670,23710,197
2026-06-11T12:15:00+05:30,23710,23720,23700,23710,131
2026-06-11T12:20:00+05:30,23710,23710,23665,23665,732
2026-06-11T12:25:00+05:30,23665,23670,23650,23650,118
2026-06-11T12:30:00+05:30,23650,23715,23650,23715,97
2026-06-11T12:35:00+05:30,23705,23705,23640,23660,814
2026-06-11T12:40:00+05:30,23660,23715,23660,23700,298
2026-06-11T12:45:00+05:30,23700,23760,23700,23760,339
2026-06-11T12:50:00+05:30,23760,23800,23760,23785,167
2026-06-11T12:55:00+05:30,23785,23800,23755,23785,137
2026-06-11T13:00:00+05:30,23785,23830,23780,23785,134
2026-06-11T13:05:00+05:30,23785,23785,23755,23755,50
2026-06-11T13:10:00+05:30,23755,23770,23735,23755,70
2026-06-11T13:15:00+05:30,23755,23760,23735,23750,213
2026-06-11T13:20:00+05:30,23750,23750,23725,23730,50
2026-06-11T13:25:00+05:30,23730,23740,23715,23725,35
2026-06-11T13:30:00+05:30,23725,23760,23725,23730,85
2026-06-11T13:35:00+05:30,23730,23755,23720,23730,121
2026-06-11T13:40:00+05:30,23730,23740,23705,23705,28
2026-06-11T13:45:00+05:30,23705,23760,23705,23735,48
2026-06-11T13:50:00+05:30,23735,23760,23730,23745,33
2026-06-11T13:55:00+05:30,23745,23760,23735,23735,145
2026-06-11T14:00:00+05:30,23735,23760,23735,23735,39
2026-06-11T14:05:00+05:30,23735,23740,23715,23725,49
2026-06-11T14:10:00+05:30,23720,23740,23720,23740,56
2026-06-11T14:15:00+05:30,23740,23750,23715,23730,85
2026-06-11T14:20:00+05:30,23730,23745,23715,23715,149
2026-06-11T14:25:00+05:30,23715,23765,23715,23765,150
2026-06-11T14:30:00+05:30,23755,23760,23735,23760,53
2026-06-11T14:35:00+05:30,23760,23770,23720,23720,35
2026-06-11T14:40:00+05:30,23720,23735,23705,23705,33
2026-06-11T14:45:00+05:30,23705,23720,23665,23715,1590
2026-06-11T14:50:00+05:30,23715,23720,23705,23710,193
2026-06-11T14:55:00+05:30,23710,23715,23700,23700,86
2026-06-11T15:00:00+05:30,23725,23725,23620,23700,2580
2026-06-11T15:05:00+05:30,23700,23715,23690,23700,1479
2026-06-11T15:10:00+05:30,23705,23725,23665,23705,1856
2026-06-11T15:15:00+05:30,23710,23740,23700,23700,430
2026-06-11T15:20:00+05:30,23700,23740,23700,23725,438
2026-06-11T15:25:00+05:30,23725,23765,23700,23740,665
2026-06-12T09:15:00+05:30,23785,24265,23785,24150,731
2026-06-12T09:20:00+05:30,24155,24210,24150,24185,104
2026-06-12T09:25:00+05:30,24185,24245,24150,24150,302
2026-06-12T09:30:00+05:30,24150,24220,24150,24175,58
2026-06-12T09:35:00+05:30,24175,24180,24130,24175,111
2026-06-12T09:40:00+05:30,24175,24175,24090,24090,110
2026-06-12T09:45:00+05:30,24075,24090,24070,24090,59
2026-06-12T09:50:00+05:30,24085,24130,24075,24080,65
2026-06-12T09:55:00+05:30,24080,24080,24040,24070,83
2026-06-12T10:00:00+05:30,24070,24070,24045,24055,31
2026-06-12T10:05:00+05:30,24055,24075,24055,24065,89
2026-06-12T10:10:00+05:30,24065,24100,24065,24095,91
2026-06-12T10:15:00+05:30,24095,24105,24010,24010,155
2026-06-12T10:20:00+05:30,24010,24065,24010,24065,14
2026-06-12T10:25:00+05:30,24065,24080,24040,24040,21
2026-06-12T10:30:00+05:30,24040,24060,24040,24060,8
2026-06-12T10:35:00+05:30,24060,24070,24050,24050,28
2026-06-12T10:40:00+05:30,24050,24070,23970,23980,130
2026-06-12T10:45:00+05:30,23980,24020,23965,24020,122
2026-06-12T10:50:00+05:30,24020,24045,23995,24025,55
2026-06-12T10:55:00+05:30,24025,24050,24020,24020,3
2026-06-12T11:00:00+05:30,24020,24020,23990,24010,24
2026-06-12T11:05:00+05:30,24010,24010,23980,23980,10
2026-06-12T11:10:00+05:30,23980,24025,23980,24025,45
2026-06-12T11:15:00+05:30,24025,24025,24025,24025,0
2026-06-12T11:20:00+05:30,24025,24025,23995,23995,1
2026-06-12T11:25:00+05:30,23995,23995,23960,23975,66
2026-06-12T11:30:00+05:30,23975,24020,23975,24020,31
2026-06-12T11:35:00+05:30,24020,24020,23995,24010,3
2026-06-12T11:40:00+05:30,24010,24010,23980,24000,43
2026-06-12T11:45:00+05:30,24000,24010,23980,23995,17
2026-06-12T11:50:00+05:30,23995,24020,23995,23995,6
2026-06-12T11:55:00+05:30,23995,23995,23990,23990,7
2026-06-12T12:00:00+05:30,23990,24005,23990,24005,17
2026-06-12T12:05:00+05:30,24005,24005,23960,23960,118
2026-06-12T12:10:00+05:30,23960,23970,23950,23950,25
2026-06-12T12:15:00+05:30,23950,23965,23950,23965,17
2026-06-12T12:20:00+05:30,23965,23975,23955,23975,9
2026-06-12T12:25:00+05:30,23975,23990,23965,23990,3
2026-06-12T12:30:00+05:30,23990,23990,23855,23900,207
2026-06-12T12:35:00+05:30,23900,23900,23810,23840,97
2026-06-12T12:40:00+05:30,23840,23880,23840,23865,132
2026-06-12T12:45:00+05:30,23865,23865,23840,23840,34
2026-06-12T12:50:00+05:30,23840,23860,23830,23850,18
2026-06-12T12:55:00+05:30,23850,23850,23825,23845,21
2026-06-12T13:00:00+05:30,23845,23865,23820,23835,208
2026-06-12T13:05:00+05:30,23865,23865,23860,23860,131
2026-06-12T13:10:00+05:30,23860,23865,23845,23845,37
2026-06-12T13:15:00+05:30,23845,23855,23845,23855,5
2026-06-12T13:20:00+05:30,23855,23855,23830,23830,6
2026-06-12T13:25:00+05:30,23830,23930,23815,23920,479
2026-06-12T13:30:00+05:30,23920,23920,23900,23910,232
2026-06-12T13:35:00+05:30,23910,23960,23910,23950,156
2026-06-12T13:40:00+05:30,23950,24000,23910,24000,481
2026-06-12T13:45:00+05:30,24000,24100,23975,24100,217
2026-06-12T13:50:00+05:30,24090,24220,24090,24165,825
2026-06-12T13:55:00+05:30,24165,24230,24150,24210,284
2026-06-12T14:00:00+05:30,24210,24210,24135,24185,278
2026-06-12T14:05:00+05:30,24185,24250,24175,24240,720
2026-06-12T14:10:00+05:30,24240,24240,24170,24190,316
2026-06-12T14:15:00+05:30,24190,24205,24170,24190,67
2026-06-12T14:20:00+05:30,24190,24205,24170,24180,100
2026-06-12T14:25:00+05:30,24180,24245,24180,24240,441
2026-06-12T14:30:00+05:30,24240,24290,24240,24260,443
2026-06-12T14:35:00+05:30,24250,24250,24185,24210,161
2026-06-12T14:40:00+05:30,24215,24315,24155,24155,904
2026-06-12T14:45:00+05:30,24160,24225,24130,24160,5596
2026-06-12T14:50:00+05:30,24145,24185,24140,24170,124
2026-06-12T14:55:00+05:30,24170,24200,24155,24165,520
2026-06-12T15:00:00+05:30,24165,24190,24130,24155,381
2026-06-12T15:05:00+05:30,24165,24205,24165,24175,359
2026-06-12T15:10:00+05:30,24175,24215,24165,24180,779
2026-06-12T15:15:00+05:30,24180,24205,24165,24165,436
2026-06-12T15:20:00+05:30,24165,24180,24155,24155,649
2026-06-12T15:25:00+05:30,24155,24175,24130,24170,677
2026-06-15T09:15:00+05:30,24675,25130,24560,24915,4673
2026-06-15T09:20:00+05:30,24915,24985,24850,24865,1132
2026-06-15T09:25:00+05:30,24865,24930,24840,24900,270
2026-06-15T09:30:00+05:30,24900,24900,24685,24725,622
2026-06-15T09:35:00+05:30,24725,24735,24700,24710,160
2026-06-15T09:40:00+05:30,24715,24750,24690,24745,185
2026-06-15T09:45:00+05:30,24745,24780,24710,24780,182
2026-06-15T09:50:00+05:30,24770,24830,24750,24790,271
2026-06-15T09:55:00+05:30,24790,24810,24740,24760,207
2026-06-15T10:00:00+05:30,24750,24825,24740,24795,124
2026-06-15T10:05:00+05:30,24745,24800,24745,24765,108
2026-06-15T10:10:00+05:30,24765,24795,24740,24740,103
2026-06-15T10:15:00+05:30,24740,24740,24680,24700,129
2026-06-15T10:20:00+05:30,24700,24770,24690,24745,222
2026-06-15T10:25:00+05:30,24745,24745,24690,24715,101
2026-06-15T10:30:00+05:30,24715,24725,24705,24725,34
2026-06-15T10:35:00+05:30,24725,24765,24695,24745,113
2026-06-15T10:40:00+05:30,24745,24765,24725,24760,41
2026-06-15T10:45:00+05:30,24760,24760,24705,24705,53
2026-06-15T10:50:00+05:30,24730,24740,24705,24710,57
2026-06-15T10:55:00+05:30,24710,24730,24700,24700,65
2026-06-15T11:00:00+05:30,24700,24725,24695,24695,40
2026-06-15T11:05:00+05:30,24695,24710,24670,24670,135
2026-06-15T11:10:00+05:30,24695,24730,24660,24730,66
2026-06-15T11:15:00+05:30,24705,24745,24705,24740,34
2026-06-15T11:20:00+05:30,24740,24875,24740,24860,398
2026-06-15T11:25:00+05:30,24860,24930,24830,24910,324
2026-06-15T11:30:00+05:30,24910,24945,24865,24940,118
2026-06-15T11:35:00+05:30,24940,24945,24870,24920,352
2026-06-15T11:40:00+05:30,24920,24925,24885,24915,39
2026-06-15T11:45:00+05:30,24915,24940,24885,24920,274
2026-06-15T11:50:00+05:30,24920,24935,24910,24935,161
2026-06-15T11:55:00+05:30,24935,24940,24910,24935,79
2026-06-15T12:00:00+05:30,24935,24940,24915,24935,85
2026-06-15T12:05:00+05:30,24930,24930,24850,24850,119
2026-06-15T12:10:00+05:30,24850,24910,24835,24890,563
2026-06-15T12:15:00+05:30,24890,24905,24880,24900,81
2026-06-15T12:20:00+05:30,24910,24910,24840,24895,257
2026-06-15T12:25:00+05:30,24895,24915,24880,24905,35
2026-06-15T12:30:00+05:30,24905,24915,24855,24885,181
2026-06-15T12:35:00+05:30,24885,24910,24880,24900,39
2026-06-15T12:40:00+05:30,24900,24925,24885,24925,44
2026-06-15T12:45:00+05:30,24925,24925,24880,24900,43
2026-06-15T12:50:00+05:30,24900,24910,24880,24885,51
2026-06-15T12:55:00+05:30,24885,24910,24885,24910,37
2026-06-15T13:00:00+05:30,24910,24920,24890,24915,29
2026-06-15T13:05:00+05:30,24900,24925,24890,24920,41
2026-06-15T13:10:00+05:30,24920,24925,24905,24925,48
2026-06-15T13:15:00+05:30,24925,24925,24880,24890,62
2026-06-15T13:20:00+05:30,24890,24890,24850,24880,66
2026-06-15T13:25:00+05:30,24880,24890,24875,24885,87
2026-06-15T13:30:00+05:30,24885,24885,24835,24870,73
2026-06-15T13:35:00+05:30,24870,24870,24850,24870,19
2026-06-15T13:40:00+05:30,24870,24870,24825,24845,55
2026-06-15T13:45:00+05:30,24845,24870,24815,24855,320
2026-06-15T13:50:00+05:30,24855,24870,24850,24865,160
2026-06-15T13:55:00+05:30,24865,24870,24850,24865,172
2026-06-15T14:00:00+05:30,24865,24865,24825,24850,61
2026-06-15T14:05:00+05:30,24850,24850,24840,24845,4
2026-06-15T14:10:00+05:30,24845,24845,24810,24840,25
2026-06-15T14:15:00+05:30,24840,24850,24835,24850,24
2026-06-15T14:20:00+05:30,24850,24850,24825,24830,10
2026-06-15T14:25:00+05:30,24830,24850,24825,24850,59
2026-06-15T14:30:00+05:30,24850,24850,24820,24845,45
2026-06-15T14:35:00+05:30,24845,24915,24845,24915,731
2026-06-15T14:40:00+05:30,24895,24905,24880,24890,127
2026-06-15T14:45:00+05:30,24895,24895,24815,24820,176
2026-06-15T14:50:00+05:30,24820,24865,24820,24855,291
2026-06-15T14:55:00+05:30,24855,24910,24830,24910,427
2026-06-15T15:00:00+05:30,24890,24905,24850,24875,1138
2026-06-15T15:05:00+05:30,24875,24885,24850,24855,193
2026-06-15T15:10:00+05:30,24855,24855,24760,24800,1220
2026-06-15T15:15:00+05:30,24800,24825,24785,24815,536
2026-06-15T15:20:00+05:30,24815,24855,24780,24790,2357
2026-06-15T15:25:00+05:30,24790,24825,24735,24825,859
2026-06-16T09:15:00+05:30,24970,24970,24780,24870,282
2026-06-16T09:20:00+05:30,24870,24870,24825,24825,84
2026-06-16T09:25:00+05:30,24825,24895,24825,24895,243
2026-06-16T09:30:00+05:30,24895,24895,24800,24800,88
2026-06-16T09:35:00+05:30,24820,24820,24675,24675,409
2026-06-16T09:40:00+05:30,24675,24765,24675,24695,195
2026-06-16T09:45:00+05:30,24685,24785,24680,24695,123
2026-06-16T09:50:00+05:30,24695,24770,24660,24770,294
2026-06-16T09:55:00+05:30,24770,24770,24725,24725,170
2026-06-16T10:00:00+05:30,24720,24795,24720,24795,213
2026-06-16T10:05:00+05:30,24795,24800,24680,24685,812
2026-06-16T10:10:00+05:30,24700,24700,24660,24670,615
2026-06-16T10:15:00+05:30,24670,24705,24650,24665,167
2026-06-16T10:20:00+05:30,24665,24710,24665,24680,89
2026-06-16T10:25:00+05:30,24680,24685,24670,24685,11
2026-06-16T10:30:00+05:30,24585,24655,24570,24635,1007
2026-06-16T10:35:00+05:30,24630,24800,24595,24640,17528
2026-06-16T10:40:00+05:30,24640,24710,24625,24670,7667
2026-06-16T10:45:00+05:30,24670,24715,24645,24665,4524
2026-06-16T10:50:00+05:30,24665,24665,24650,24665,49
2026-06-16T10:55:00+05:30,24665,24665,24640,24640,160
2026-06-16T11:00:00+05:30,24640,24660,24600,24625,611
2026-06-16T11:05:00+05:30,24625,24625,24550,24610,278
2026-06-16T11:10:00+05:30,24610,24620,24600,24610,83
2026-06-16T11:15:00+05:30,24610,24660,24610,24660,121
2026-06-16T11:20:00+05:30,24650,24680,24645,24665,173
2026-06-16T11:25:00+05:30,24665,24700,24610,24610,315
2026-06-16T11:30:00+05:30,24610,24625,24580,24615,461
2026-06-16T11:35:00+05:30,24615,24640,24605,24610,90
2026-06-16T11:40:00+05:30,24610,24670,24610,24640,184
2026-06-16T11:45:00+05:30,24640,24640,24620,24625,39
2026-06-16T11:50:00+05:30,24625,24665,24620,24645,62
2026-06-16T11:55:00+05:30,24645,24650,24630,24645,111
2026-06-16T12:00:00+05:30,24645,24680,24635,24680,102
2026-06-16T12:05:00+05:30,24680,24710,24675,24705,87
2026-06-16T12:10:00+05:30,24705,24725,24700,24725,9
2026-06-16T12:15:00+05:30,24725,24785,24690,24760,309
2026-06-16T12:20:00+05:30,24760,24760,24705,24725,103
2026-06-16T12:25:00+05:30,24735,24780,24735,24780,142
2026-06-16T12:30:00+05:30,24780,24780,24720,24725,145
2026-06-16T12:35:00+05:30,24725,24765,24715,24715,211
2026-06-16T12:40:00+05:30,24715,24740,24695,24700,57
2026-06-16T12:45:00+05:30,24700,24740,24695,24730,127
2026-06-16T12:50:00+05:30,24730,24765,24730,24730,106
2026-06-16T12:55:00+05:30,24730,24770,24730,24770,33
2026-06-16T13:00:00+05:30,24770,24780,24720,24720,136
2026-06-16T13:05:00+05:30,24725,24735,24725,24725,10
2026-06-16T13:10:00+05:30,24725,24745,24725,24730,40
2026-06-16T13:15:00+05:30,24730,24740,24705,24705,29
2026-06-16T13:20:00+05:30,24705,24750,24700,24730,36
2026-06-16T13:25:00+05:30,24730,24730,24715,24715,45
2026-06-16T13:30:00+05:30,24715,24735,24710,24715,28
2026-06-16T13:35:00+05:30,24715,25000,24715,24955,1679
2026-06-16T13:40:00+05:30,24955,24955,24890,24900,215
2026-06-16T13:45:00+05:30,24885,24915,24885,24900,154
2026-06-16T13:50:00+05:30,24900,24925,24880,24890,160
2026-06-16T13:55:00+05:30,24895,24910,24895,24895,11
2026-06-16T14:00:00+05:30,24895,24940,24895,24910,121
2026-06-16T14:05:00+05:30,24950,25035,24935,24975,501
2026-06-16T14:10:00+05:30,24975,25005,24975,25005,122
2026-06-16T14:15:00+05:30,25010,25040,24990,25005,209
2026-06-16T14:20:00+05:30,25005,25015,24925,24925,290
2026-06-16T14:25:00+05:30,24925,24980,24925,24940,164
2026-06-16T14:30:00+05:30,24940,24940,24935,24940,7
2026-06-16T14:35:00+05:30,24940,24950,24895,24930,120
2026-06-16T14:40:00+05:30,24915,24965,24890,24925,440
2026-06-16T14:45:00+05:30,24925,24930,24895,24900,91
2026-06-16T14:50:00+05:30,24900,24960,24875,24940,191
2026-06-16T14:55:00+05:30,24940,24960,24925,24960,210
2026-06-16T15:00:00+05:30,24960,24960,24930,24940,516
2026-06-16T15:05:00+05:30,24940,24940,24900,24920,266
2026-06-16T15:10:00+05:30,24920,24925,24870,24885,622
2026-06-16T15:15:00+05:30,24885,24885,24810,24845,1078
2026-06-16T15:20:00+05:30,24845,24880,24825,24875,572
2026-06-16T15:25:00+05:30,24875,24950,24780,24950,1402
2026-06-17T09:15:00+05:30,24950,24990,24740,24775,508
2026-06-17T09:20:00+05:30,24775,24835,24750,24820,88
2026-06-17T09:25:00+05:30,24820,24925,24820,24905,238
2026-06-17T09:30:00+05:30,24905,24960,24905,24960,57
2026-06-17T09:35:00+05:30,24960,24990,24925,24990,133
2026-06-17T09:40:00+05:30,24985,25040,24950,25040,295
2026-06-17T09:45:00+05:30,25075,25100,25000,25080,617
2026-06-17T09:50:00+05:30,25070,25130,25070,25130,128
2026-06-17T09:55:00+05:30,25130,25130,25085,25105,195
2026-06-17T10:00:00+05:30,25105,25185,25105,25135,333
2026-06-17T10:05:00+05:30,25135,25225,25125,25205,484
2026-06-17T10:10:00+05:30,25225,25300,25220,25300,429
2026-06-17T10:15:00+05:30,25300,25415,25290,25400,649
2026-06-17T10:20:00+05:30,25405,25440,25380,25400,378
2026-06-17T10:25:00+05:30,25400,25400,25355,25365,90
2026-06-17T10:30:00+05:30,25365,25410,25365,25370,355
2026-06-17T10:35:00+05:30,25370,25390,25310,25310,113
2026-06-17T10:40:00+05:30,25310,25335,25285,25295,228
2026-06-17T10:45:00+05:30,25295,25320,25270,25295,179
2026-06-17T10:50:00+05:30,25320,25320,25300,25300,39
2026-06-17T10:55:00+05:30,25300,25320,25295,25300,104
2026-06-17T11:00:00+05:30,25300,25340,25300,25325,540
2026-06-17T11:05:00+05:30,25330,25400,25320,25400,385
2026-06-17T11:10:00+05:30,25400,25455,25380,25385,742
2026-06-17T11:15:00+05:30,25385,25440,25385,25410,169
2026-06-17T11:20:00+05:30,25410,25430,25410,25420,211
2026-06-17T11:25:00+05:30,25410,25410,25380,25385,122
2026-06-17T11:30:00+05:30,25385,25385,25305,25360,682
2026-06-17T11:35:00+05:30,25360,25360,25290,25325,296
2026-06-17T11:40:00+05:30,25325,25335,25250,25250,268
2026-06-17T11:45:00+05:30,25250,25280,25160,25160,312
2026-06-17T11:50:00+05:30,25160,25185,25115,25120,336
2026-06-17T11:55:00+05:30,25120,25150,25110,25120,227
2026-06-17T12:00:00+05:30,25120,25150,25110,25135,138
2026-06-17T12:05:00+05:30,25135,25150,25120,25125,57
2026-06-17T12:10:00+05:30,25125,25195,25125,25180,310
2026-06-17T12:15:00+05:30,25180,25180,25140,25145,60
2026-06-17T12:20:00+05:30,25145,25160,25130,25145,229
2026-06-17T12:25:00+05:30,25145,25150,25120,25125,178
2026-06-17T12:30:00+05:30,25125,25140,25050,25050,1521
2026-06-17T12:35:00+05:30,25050,25100,25050,25080,156
2026-06-17T12:40:00+05:30,25080,25080,25070,25075,43
2026-06-17T12:45:00+05:30,25075,25090,25055,25060,41
2026-06-17T12:50:00+05:30,25060,25095,25060,25065,49
2026-06-17T12:55:00+05:30,25065,25080,25030,25035,133
2026-06-17T13:00:00+05:30,25035,25035,25010,25015,16
2026-06-17T13:05:00+05:30,25015,25015,24975,24975,156
2026-06-17T13:10:00+05:30,24975,24985,24945,24960,73
2026-06-17T13:15:00+05:30,24960,25015,24935,25005,215
2026-06-17T13:20:00+05:30,25005,25020,24990,24990,87
2026-06-17T13:25:00+05:30,24990,25020,24990,24995,141
2026-06-17T13:30:00+05:30,24995,24995,24955,24960,62
2026-06-17T13:35:00+05:30,24960,25010,24960,25010,22
2026-06-17T13:40:00+05:30,25010,25045,25010,25020,144
2026-06-17T13:45:00+05:30,25020,25020,24980,25000,370
2026-06-17T13:50:00+05:30,25000,25015,24980,24990,79
2026-06-17T13:55:00+05:30,24990,25020,24985,25020,18
2026-06-17T14:00:00+05:30,25020,25020,24920,24945,249
2026-06-17T14:05:00+05:30,24945,24975,24920,24960,341
2026-06-17T14:10:00+05:30,24955,25030,24940,25015,201
2026-06-17T14:15:00+05:30,25015,25025,24995,25025,117
2026-06-17T14:20:00+05:30,25025,25025,24995,24995,99
2026-06-17T14:25:00+05:30,24995,24995,24975,24975,52
2026-06-17T14:30:00+05:30,24975,24980,24940,24970,596
2026-06-17T14:35:00+05:30,24970,24975,24950,24975,54
2026-06-17T14:40:00+05:30,24975,24975,24920,24930,229
2026-06-17T14:45:00+05:30,24930,24950,24905,24950,271
2026-06-17T14:50:00+05:30,24950,24950,24910,24930,255
2026-06-17T14:55:00+05:30,24930,24950,24910,24950,303
2026-06-17T15:00:00+05:30,24950,24955,24945,24950,1427
2026-06-17T15:05:00+05:30,24950,24970,24940,24970,1332
2026-06-17T15:10:00+05:30,24960,25000,24960,24975,351
2026-06-17T15:15:00+05:30,24970,24990,24935,24970,691
2026-06-17T15:20:00+05:30,24970,25025,24950,25000,526
2026-06-17T15:25:00+05:30,25020,25050,24905,24990,966
2026-06-18T09:15:00+05:30,25170,25200,25040,25100,449
2026-06-18T09:20:00+05:30,25100,25100,25050,25050,200
2026-06-18T09:25:00+05:30,25050,25050,24980,25025,289
2026-06-18T09:30:00+05:30,25025,25035,24995,25035,324
2026-06-18T09:35:00+05:30,25035,25035,24995,25020,152
2026-06-18T09:40:00+05:30,25020,25080,25020,25060,281
2026-06-18T09:45:00+05:30,25060,25060,24995,25010,102
2026-06-18T09:50:00+05:30,25010,25060,24995,25055,129
2026-06-18T09:55:00+05:30,25055,25055,25015,25040,142
2026-06-18T10:00:00+05:30,25040,25045,25000,25020,118
2026-06-18T10:05:00+05:30,25045,25100,25025,25080,224
2026-06-18T10:10:00+05:30,25060,25085,24965,24975,206
2026-06-18T10:15:00+05:30,24995,25050,24975,25050,231
2026-06-18T10:20:00+05:30,25050,25055,24990,24990,151
2026-06-18T10:25:00+05:30,24990,25020,24990,25000,50
2026-06-18T10:30:00+05:30,25000,25020,24985,24985,159
2026-06-18T10:35:00+05:30,24985,25000,24900,24900,544
2026-06-18T10:40:00+05:30,24875,24875,24825,24870,533
2026-06-18T10:45:00+05:30,24855,24890,24835,24840,382
2026-06-18T10:50:00+05:30,24840,24855,24795,24845,1141
2026-06-18T10:55:00+05:30,24845,24950,24845,24910,259
2026-06-18T11:00:00+05:30,24915,24955,24845,24935,855
2026-06-18T11:05:00+05:30,24935,24970,24925,24970,49
2026-06-18T11:10:00+05:30,24970,24970,24895,24940,136
2026-06-18T11:15:00+05:30,24940,24940,24905,24935,61
2026-06-18T11:20:00+05:30,24935,24935,24910,24920,49
2026-06-18T11:25:00+05:30,24920,24945,24915,24940,121
2026-06-18T11:30:00+05:30,24940,24950,24940,24950,43
2026-06-18T11:35:00+05:30,24950,24970,24950,24970,102
2026-06-18T11:40:00+05:30,24970,25025,24955,25015,205
2026-06-18T11:45:00+05:30,25015,25040,25015,25035,77
2026-06-18T11:50:00+05:30,25035,25040,24980,25035,248
2026-06-18T11:55:00+05:30,25040,25135,25040,25135,488
2026-06-18T12:00:00+05:30,25135,25185,25130,25185,299
2026-06-18T12:05:00+05:30,25185,25185,25155,25160,83
2026-06-18T12:10:00+05:30,25160,25180,25155,25160,113
2026-06-18T12:15:00+05:30,25160,25200,25155,25200,96
2026-06-18T12:20:00+05:30,25200,25245,25195,25205,253
2026-06-18T12:25:00+05:30,25205,25250,25205,25240,71
2026-06-18T12:30:00+05:30,25240,25275,25240,25250,176
2026-06-18T12:35:00+05:30,25250,25255,25185,25210,119
2026-06-18T12:40:00+05:30,25210,25240,25210,25225,159
2026-06-18T12:45:00+05:30,25225,25225,25195,25195,29
2026-06-18T12:50:00+05:30,25195,25250,25190,25220,133
2026-06-18T12:55:00+05:30,25220,25230,25200,25215,104
2026-06-18T13:00:00+05:30,25215,25235,25200,25235,62
2026-06-18T13:05:00+05:30,25235,25240,25220,25240,84
2026-06-18T13:10:00+05:30,25240,25270,25210,25270,97
2026-06-18T13:15:00+05:30,25270,25270,25245,25245,63
2026-06-18T13:20:00+05:30,25245,25245,25200,25205,184
2026-06-18T13:25:00+05:30,25205,25230,25205,25205,33
2026-06-18T13:30:00+05:30,25220,25250,25205,25245,110
2026-06-18T13:35:00+05:30,25245,25245,25240,25245,7
2026-06-18T13:40:00+05:30,25245,25245,25240,25245,73
2026-06-18T13:45:00+05:30,25245,25250,25215,25245,85
2026-06-18T13:50:00+05:30,25245,25245,25215,25225,19
2026-06-18T13:55:00+05:30,25225,25245,25225,25245,30
2026-06-18T14:00:00+05:30,25245,25250,25235,25250,207
2026-06-18T14:05:00+05:30,25250,25255,25200,25215,186
2026-06-18T14:10:00+05:30,25215,25230,25205,25215,48
2026-06-18T14:15:00+05:30,25215,25245,25200,25245,72
2026-06-18T14:20:00+05:30,25245,25270,25235,25270,127
2026-06-18T14:25:00+05:30,25270,25330,25255,25325,713
2026-06-18T14:30:00+05:30,25305,25345,25300,25340,206
2026-06-18T14:35:00+05:30,25340,25375,25320,25350,321
2026-06-18T14:40:00+05:30,25350,25435,25345,25425,1347
2026-06-18T14:45:00+05:30,25415,25450,25335,25335,2019
2026-06-18T14:50:00+05:30,25310,25375,25285,25285,1230
2026-06-18T14:55:00+05:30,25325,25390,25310,25385,1275
2026-06-18T15:00:00+05:30,25385,25420,25355,25415,1165
2026-06-18T15:05:00+05:30,25390,25410,25375,25405,584
2026-06-18T15:10:00+05:30,25405,25425,25390,25420,692
2026-06-18T15:15:00+05:30,25425,25440,25400,25425,1001
2026-06-18T15:20:00+05:30,25440,25470,25360,25430,1730
2026-06-18T15:25:00+05:30,25425,25455,25390,25445,793
2026-06-19T09:15:00+05:30,25350,25355,25205,25280,701
2026-06-19T09:20:00+05:30,25280,25315,25270,25310,110
2026-06-19T09:25:00+05:30,25310,25350,25310,25350,102
2026-06-19T09:30:00+05:30,25350,25350,25300,25320,99
2026-06-19T09:35:00+05:30,25320,25320,25270,25285,41
2026-06-19T09:40:00+05:30,25285,25345,25285,25345,246
2026-06-19T09:45:00+05:30,25340,25360,25290,25325,73
2026-06-19T09:50:00+05:30,25325,25325,25325,25325,14
2026-06-19T09:55:00+05:30,25325,25390,25320,25330,112
2026-06-19T10:00:00+05:30,25330,25370,25330,25360,96
2026-06-19T10:05:00+05:30,25360,25405,25355,25380,69
2026-06-19T10:10:00+05:30,25380,25380,25295,25360,342
2026-06-19T10:15:00+05:30,25360,25380,25275,25280,119
2026-06-19T10:20:00+05:30,25280,25285,25250,25260,121
2026-06-19T10:25:00+05:30,25260,25290,25250,25250,128
2026-06-19T10:30:00+05:30,25250,25270,25230,25230,54
2026-06-19T10:35:00+05:30,25230,25265,25215,25265,161
2026-06-19T10:40:00+05:30,25265,25275,25240,25275,121
2026-06-19T10:45:00+05:30,25275,25280,25245,25270,33
2026-06-19T10:50:00+05:30,25270,25275,25245,25245,77
2026-06-19T10:55:00+05:30,25245,25285,25245,25285,9
2026-06-19T11:00:00+05:30,25285,25290,25285,25290,22
2026-06-19T11:05:00+05:30,25290,25310,25290,25310,27
2026-06-19T11:10:00+05:30,25310,25320,25300,25315,15
2026-06-19T11:15:00+05:30,25315,25315,25305,25305,6
2026-06-19T11:20:00+05:30,25305,25310,25305,25310,4
2026-06-19T11:25:00+05:30,25310,25310,25280,25300,38
2026-06-19T11:30:00+05:30,25300,25315,25290,25315,30
2026-06-19T11:35:00+05:30,25315,25315,25275,25275,15
2026-06-19T11:40:00+05:30,25275,25285,25275,25275,16
2026-06-19T11:45:00+05:30,25275,25285,25260,25265,15
2026-06-19T11:50:00+05:30,25265,25270,25245,25245,11
2026-06-19T11:55:00+05:30,25235,25250,25225,25250,54
2026-06-19T12:00:00+05:30,25250,25260,25235,25235,42
2026-06-19T12:05:00+05:30,25235,25245,25220,25220,14
2026-06-19T12:10:00+05:30,25220,25230,25210,25210,54
2026-06-19T12:15:00+05:30,25210,25240,25210,25240,22
2026-06-19T12:20:00+05:30,25240,25250,25225,25250,16
2026-06-19T12:25:00+05:30,25250,25250,25230,25230,16
2026-06-19T12:30:00+05:30,25230,25240,25220,25220,10
2026-06-19T12:35:00+05:30,25220,25230,25215,25215,19
2026-06-19T12:40:00+05:30,25215,25220,25200,25210,51
2026-06-19T12:45:00+05:30,25210,25260,25205,25205,46
2026-06-19T12:50:00+05:30,25205,25225,25205,25205,7
2026-06-19T12:55:00+05:30,25205,25210,25195,25205,70
2026-06-19T13:00:00+05:30,25205,25205,25170,25170,29
2026-06-19T13:05:00+05:30,25170,25170,25135,25170,56
2026-06-19T13:10:00+05:30,25155,25185,25140,25185,45
2026-06-19T13:15:00+05:30,25185,25185,25155,25165,18
2026-06-19T13:20:00+05:30,25165,25165,25165,25165,0
2026-06-19T13:25:00+05:30,25165,25180,25140,25180,19
2026-06-19T13:30:00+05:30,25180,25180,25155,25155,23
2026-06-19T13:35:00+05:30,25155,25190,25155,25175,26
2026-06-19T13:40:00+05:30,25175,25185,25160,25180,12
2026-06-19T13:45:00+05:30,25180,25185,25175,25185,36
2026-06-19T13:50:00+05:30,25185,25185,25105,25130,165
2026-06-19T13:55:00+05:30,25130,25145,25040,25040,526
2026-06-19T14:00:00+05:30,25060,25060,25020,25050,76
2026-06-19T14:05:00+05:30,25055,25075,25050,25075,108
2026-06-19T14:10:00+05:30,25075,25095,25055,25090,15
2026-06-19T14:15:00+05:30,25090,25100,25080,25080,193
2026-06-19T14:20:00+05:30,25080,25085,25055,25070,55
2026-06-19T14:25:00+05:30,25070,25075,25070,25075,53
2026-06-19T14:30:00+05:30,25075,25080,25075,25080,1
2026-06-19T14:35:00+05:30,25080,25095,25060,25095,37
2026-06-19T14:40:00+05:30,25095,25095,25070,25080,58
2026-06-19T14:45:00+05:30,25080,25090,25075,25090,51
2026-06-19T14:50:00+05:30,25075,25090,25015,25035,213
2026-06-19T14:55:00+05:30,25035,25050,24965,24975,415
2026-06-19T15:00:00+05:30,24945,25015,24940,25015,955
2026-06-19T15:05:00+05:30,25020,25090,25015,25085,1143
2026-06-19T15:10:00+05:30,25085,25100,25070,25095,1984
2026-06-19T15:15:00+05:30,25095,25100,25065,25095,1400
2026-06-19T15:20:00+05:30,25100,25100,25055,25080,1291
2026-06-19T15:25:00+05:30,25050,25150,25050,25100,1569
2026-06-22T09:15:00+05:30,25250,25260,25065,25115,342
2026-06-22T09:20:00+05:30,25115,25175,25100,25100,140
2026-06-22T09:25:00+05:30,25100,25125,25050,25070,84
2026-06-22T09:30:00+05:30,25085,25105,25065,25065,34
2026-06-22T09:35:00+05:30,25065,25085,25030,25040,67
2026-06-22T09:40:00+05:30,25040,25040,24965,24985,229
2026-06-22T09:45:00+05:30,24985,24985,24960,24985,62
2026-06-22T09:50:00+05:30,24985,24990,24945,24960,29
2026-06-22T09:55:00+05:30,24960,24985,24955,24960,42
2026-06-22T10:00:00+05:30,24960,24980,24930,24935,379
2026-06-22T10:05:00+05:30,24930,24945,24915,24930,156
2026-06-22T10:10:00+05:30,24930,24955,24930,24935,13
2026-06-22T10:15:00+05:30,24935,24960,24900,24920,100
2026-06-22T10:20:00+05:30,24920,24945,24915,24930,121
2026-06-22T10:25:00+05:30,24930,24955,24930,24950,29
2026-06-22T10:30:00+05:30,24950,24960,24940,24940,33
2026-06-22T10:35:00+05:30,24940,24980,24935,24975,142
2026-06-22T10:40:00+05:30,24975,25000,24960,25000,113
2026-06-22T10:45:00+05:30,25000,25000,24970,25000,1242
2026-06-22T10:50:00+05:30,25000,25000,24980,24990,1396
2026-06-22T10:55:00+05:30,24990,24990,24975,24975,4
2026-06-22T11:00:00+05:30,24975,25000,24955,25000,195
2026-06-22T11:05:00+05:30,25000,25000,24950,24950,553
2026-06-22T11:10:00+05:30,24950,24980,24950,24950,31
2026-06-22T11:15:00+05:30,24950,25000,24950,24995,61
2026-06-22T11:20:00+05:30,24995,25000,24985,25000,51
2026-06-22T11:25:00+05:30,25000,25000,24970,24970,22
2026-06-22T11:30:00+05:30,24970,24995,24965,24995,39
2026-06-22T11:35:00+05:30,24995,25000,24975,25000,167
2026-06-22T11:40:00+05:30,25000,25000,24970,25000,40
2026-06-22T11:45:00+05:30,25000,25000,24990,24995,50
2026-06-22T11:50:00+05:30,24995,25000,24970,24985,181
2026-06-22T11:55:00+05:30,24985,24985,24945,24955,71
2026-06-22T12:00:00+05:30,24955,24985,24940,24980,188
2026-06-22T12:05:00+05:30,24980,24980,24940,24945,21
2026-06-22T12:10:00+05:30,24945,24950,24940,24945,30
2026-06-22T12:15:00+05:30,24945,24980,24945,24965,36
2026-06-22T12:20:00+05:30,24965,24970,24940,24940,46
2026-06-22T12:25:00+05:30,24940,24940,24930,24930,33
2026-06-22T12:30:00+05:30,24930,24955,24930,24955,25
2026-06-22T12:35:00+05:30,24955,24965,24950,24965,4
2026-06-22T12:40:00+05:30,24965,24965,24940,24940,62
2026-06-22T12:45:00+05:30,24940,24940,24940,24940,0
2026-06-22T12:50:00+05:30,24940,24965,24940,24940,52
2026-06-22T12:55:00+05:30,24940,24965,24940,24965,10
2026-06-22T13:00:00+05:30,24965,24970,24955,24955,5
2026-06-22T13:05:00+05:30,24955,24970,24955,24960,9
2026-06-22T13:10:00+05:30,24960,25000,24960,25000,920
2026-06-22T13:15:00+05:30,25000,25000,24985,25000,3881
2026-06-22T13:20:00+05:30,25000,25000,24995,25000,1253
2026-06-22T13:25:00+05:30,25000,25000,24985,24985,60
2026-06-22T13:30:00+05:30,24985,25000,24980,25000,88
2026-06-22T13:35:00+05:30,25000,25000,24985,24995,114
2026-06-22T13:40:00+05:30,24995,25000,24970,24990,206
2026-06-22T13:45:00+05:30,24990,25000,24985,25000,135
2026-06-22T13:50:00+05:30,25000,25000,24985,25000,82
2026-06-22T13:55:00+05:30,25000,25000,24975,25000,417
2026-06-22T14:00:00+05:30,25000,25000,24960,24960,20
2026-06-22T14:05:00+05:30,24960,24985,24960,24985,15
2026-06-22T14:10:00+05:30,24985,25000,24970,24980,53
2026-06-22T14:15:00+05:30,24980,25000,24975,24995,218
2026-06-22T14:20:00+05:30,24995,25000,24975,25000,485
2026-06-22T14:25:00+05:30,25000,25000,24980,25000,509
2026-06-22T14:30:00+05:30,25000,25000,24980,25000,336
2026-06-22T14:35:00+05:30,25000,25000,24990,25000,1508
2026-06-22T14:40:00+05:30,25000,25000,24985,25000,1529
2026-06-22T14:45:00+05:30,25000,25000,24985,24995,595
2026-06-22T14:50:00+05:30,24995,25000,24960,24995,368
2026-06-22T14:55:00+05:30,24995,24995,24950,24950,299
2026-06-22T15:00:00+05:30,24950,25000,24950,24995,1979
2026-06-22T15:05:00+05:30,24995,25000,24980,24995,2290
2026-06-22T15:10:00+05:30,24995,25005,24980,24995,1471
2026-06-22T15:15:00+05:30,24995,25005,24980,24990,1526
2026-06-22T15:20:00+05:30,24990,25015,24975,24985,1690
2026-06-22T15:25:00+05:30,24985,25015,24965,24995,1318
2026-06-23T09:15:00+05:30,25025,25045,24945,25040,222
2026-06-23T09:20:00+05:30,25040,25080,25040,25040,106
2026-06-23T09:25:00+05:30,25040,25085,25040,25050,58
2026-06-23T09:30:00+05:30,25050,25080,25050,25080,94
2026-06-23T09:35:00+05:30,25080,25080,25060,25080,16
2026-06-23T09:40:00+05:30,25065,25095,25065,25080,165
2026-06-23T09:45:00+05:30,25070,25070,25070,25070,4
2026-06-23T09:50:00+05:30,25070,25135,25070,25130,99
2026-06-23T09:55:00+05:30,25140,25145,25115,25125,82
2026-06-23T10:00:00+05:30,25125,25130,25090,25090,14
2026-06-23T10:05:00+05:30,25090,25090,25070,25080,56
2026-06-23T10:10:00+05:30,25080,25110,25080,25110,6
2026-06-23T10:15:00+05:30,25110,25110,25050,25050,82
2026-06-23T10:20:00+05:30,25050,25075,25025,25055,51
2026-06-23T10:25:00+05:30,25055,25080,25020,25040,85
2026-06-23T10:30:00+05:30,25040,25055,25020,25055,27
2026-06-23T10:35:00+05:30,25055,25090,25055,25085,10
2026-06-23T10:40:00+05:30,25085,25085,25060,25060,27
2026-06-23T10:45:00+05:30,25060,25070,25025,25045,39
2026-06-23T10:50:00+05:30,25045,25050,25020,25050,32
2026-06-23T10:55:00+05:30,25050,25055,25020,25020,56
2026-06-23T11:00:00+05:30,25020,25020,24980,25015,107
2026-06-23T11:05:00+05:30,25015,25015,24860,24935,462
2026-06-23T11:10:00+05:30,24935,24940,24900,24915,41
2026-06-23T11:15:00+05:30,24915,24950,24915,24950,5
2026-06-23T11:20:00+05:30,24950,24955,24915,24935,142
2026-06-23T11:25:00+05:30,24935,24935,24900,24920,65
2026-06-23T11:30:00+05:30,24920,24925,24905,24915,26
2026-06-23T11:35:00+05:30,24915,24940,24900,24935,190
2026-06-23T11:40:00+05:30,24935,24935,24860,24865,87
2026-06-23T11:45:00+05:30,24865,24865,24820,24830,56
2026-06-23T11:50:00+05:30,24830,24905,24765,24865,1420
2026-06-23T11:55:00+05:30,24865,24975,24850,24975,484
2026-06-23T12:00:00+05:30,24975,24975,24940,24970,56
2026-06-23T12:05:00+05:30,24970,24970,24930,24950,80
2026-06-23T12:10:00+05:30,24950,24950,24905,24940,182
2026-06-23T12:15:00+05:30,24940,24970,24925,24970,193
2026-06-23T12:20:00+05:30,24970,24970,24900,24900,1082
2026-06-23T12:25:00+05:30,24910,24945,24910,24920,38
2026-06-23T12:30:00+05:30,24920,24955,24920,24945,76
2026-06-23T12:35:00+05:30,24945,24950,24930,24950,90
2026-06-23T12:40:00+05:30,24945,24970,24940,24955,55
2026-06-23T12:45:00+05:30,24940,24970,24900,24900,281
2026-06-23T12:50:00+05:30,24925,24925,24870,24895,43
2026-06-23T12:55:00+05:30,24895,24900,24875,24875,9
2026-06-23T13:00:00+05:30,24875,24955,24855,24955,1359
2026-06-23T13:05:00+05:30,24955,24965,24925,24930,61
2026-06-23T13:10:00+05:30,24935,24960,24890,24910,151
2026-06-23T13:15:00+05:30,24910,24970,24890,24970,308
2026-06-23T13:20:00+05:30,24970,24970,24950,24965,60
2026-06-23T13:25:00+05:30,24965,24965,24895,24905,1294
2026-06-23T13:30:00+05:30,24905,24935,24890,24895,31
2026-06-23T13:35:00+05:30,24895,24915,24885,24895,84
2026-06-23T13:40:00+05:30,24895,24930,24880,24930,74
2026-06-23T13:45:00+05:30,24930,24935,24900,24920,73
2026-06-23T13:50:00+05:30,24920,25000,24895,24975,746
2026-06-23T13:55:00+05:30,24975,24990,24950,24975,62
2026-06-23T14:00:00+05:30,24975,25000,24970,25000,245
2026-06-23T14:05:00+05:30,25000,25035,25000,25010,62
2026-06-23T14:10:00+05:30,25010,25040,25005,25025,56
2026-06-23T14:15:00+05:30,25025,25045,25020,25035,69
2026-06-23T14:20:00+05:30,25035,25075,25025,25060,139
2026-06-23T14:25:00+05:30,25060,25070,25045,25060,16
2026-06-23T14:30:00+05:30,25060,25080,25060,25065,47
2026-06-23T14:35:00+05:30,25065,25100,25060,25085,120
2026-06-23T14:40:00+05:30,25085,25170,25080,25135,279
2026-06-23T14:45:00+05:30,25170,25170,25110,25145,226
2026-06-23T14:50:00+05:30,25145,25165,25120,25160,317
2026-06-23T14:55:00+05:30,25160,25180,25145,25145,340
2026-06-23T15:00:00+05:30,25155,25180,25025,25055,1185
2026-06-23T15:05:00+05:30,25055,25080,25050,25060,515
2026-06-23T15:10:00+05:30,25060,25075,25040,25055,537
2026-06-23T15:15:00+05:30,25055,25095,25010,25010,1077
2026-06-23T15:20:00+05:30,25010,25050,25000,25025,693
2026-06-23T15:25:00+05:30,25025,25040,24900,24900,1259
2026-06-24T09:15:00+05:30,25540,25580,24955,25325,5176
2026-06-24T09:20:00+05:30,25320,25540,25320,25450,2811
2026-06-24T09:25:00+05:30,25450,25555,25390,25430,1387
2026-06-24T09:30:00+05:30,25415,25490,25330,25385,645
2026-06-24T09:35:00+05:30,25375,25400,25285,25390,818
2026-06-24T09:40:00+05:30,25390,25420,25330,25365,319
2026-06-24T09:45:00+05:30,25365,25470,25305,25315,1008
2026-06-24T09:50:00+05:30,25315,25475,25305,25440,1204
2026-06-24T09:55:00+05:30,25455,25555,25450,25545,1641
2026-06-24T10:00:00+05:30,25565,25665,25555,25635,1769
2026-06-24T10:05:00+05:30,25635,25960,25605,25850,4651
2026-06-24T10:10:00+05:30,25850,25850,25795,25835,533
2026-06-24T10:15:00+05:30,25840,25870,25795,25815,574
2026-06-24T10:20:00+05:30,25805,25890,25775,25870,615
2026-06-24T10:25:00+05:30,25870,25885,25830,25865,496
2026-06-24T10:30:00+05:30,25855,25990,25830,25950,1501
2026-06-24T10:35:00+05:30,25950,25960,25895,25925,733
2026-06-24T10:40:00+05:30,25925,25975,25920,25935,886
2026-06-24T10:45:00+05:30,25935,25970,25865,25875,640
2026-06-24T10:50:00+05:30,25905,25905,25830,25840,743
2026-06-24T10:55:00+05:30,25840,25870,25805,25835,660
2026-06-24T11:00:00+05:30,25815,25865,25800,25845,217
2026-06-24T11:05:00+05:30,25815,25910,25810,25900,334
2026-06-24T11:10:00+05:30,25900,25920,25880,25910,238
2026-06-24T11:15:00+05:30,25910,25930,25870,25875,248
2026-06-24T11:20:00+05:30,25875,25890,25850,25890,292
2026-06-24T11:25:00+05:30,25890,25935,25880,25880,231
2026-06-24T11:30:00+05:30,25880,25905,25850,25900,251
2026-06-24T11:35:00+05:30,25910,25960,25890,25935,442
2026-06-24T11:40:00+05:30,25935,26050,25935,25985,3309
2026-06-24T11:45:00+05:30,25990,26020,25960,26015,1393
2026-06-24T11:50:00+05:30,26015,26040,25995,26010,346
2026-06-24T11:55:00+05:30,26010,26070,25995,25995,1017
2026-06-24T12:00:00+05:30,25995,26045,25995,26035,179
2026-06-24T12:05:00+05:30,26035,26040,26000,26020,388
2026-06-24T12:10:00+05:30,26020,26075,26015,26065,1016
2026-06-24T12:15:00+05:30,26065,26065,26020,26035,448
2026-06-24T12:20:00+05:30,26035,26070,26020,26035,761
2026-06-24T12:25:00+05:30,26035,26065,26035,26050,254
2026-06-24T12:30:00+05:30,26050,26070,26040,26055,402
2026-06-24T12:35:00+05:30,26055,26145,26055,26080,1163
2026-06-24T12:40:00+05:30,26080,26140,26080,26105,662
2026-06-24T12:45:00+05:30,26105,26120,26080,26100,496
2026-06-24T12:50:00+05:30,26100,26140,26100,26120,369
2026-06-24T12:55:00+05:30,26105,26120,26090,26110,148
2026-06-24T13:00:00+05:30,26110,26160,26100,26125,919
2026-06-24T13:05:00+05:30,26125,26150,26105,26150,186
2026-06-24T13:10:00+05:30,26150,26160,26130,26135,260
2026-06-24T13:15:00+05:30,26135,26160,26135,26150,452
2026-06-24T13:20:00+05:30,26150,26165,26125,26125,281
2026-06-24T13:25:00+05:30,26125,26155,26125,26135,113
2026-06-24T13:30:00+05:30,26135,26140,26115,26130,287
2026-06-24T13:35:00+05:30,26130,26140,26100,26105,251
2026-06-24T13:40:00+05:30,26120,26120,26055,26065,562
2026-06-24T13:45:00+05:30,26065,26065,26015,26015,577
2026-06-24T13:50:00+05:30,26015,26060,26015,26035,332
2026-06-24T13:55:00+05:30,26035,26050,26025,26040,163
2026-06-24T14:00:00+05:30,26040,26040,26010,26010,198
2026-06-24T14:05:00+05:30,26010,26045,26010,26025,255
2026-06-24T14:10:00+05:30,26025,26075,26025,26050,164
2026-06-24T14:15:00+05:30,26050,26085,26050,26075,155
2026-06-24T14:20:00+05:30,26075,26110,26075,26075,166
2026-06-24T14:25:00+05:30,26075,26095,26075,26075,78
2026-06-24T14:30:00+05:30,26075,26100,26055,26065,249
2026-06-24T14:35:00+05:30,26065,26070,25975,26045,737
2026-06-24T14:40:00+05:30,26045,26065,26005,26030,393
2026-06-24T14:45:00+05:30,26030,26040,25990,26020,290
2026-06-24T14:50:00+05:30,26020,26055,26005,26005,297
2026-06-24T14:55:00+05:30,26020,26045,26005,26025,339
2026-06-24T15:00:00+05:30,26025,26100,26010,26070,765
2026-06-24T15:05:00+05:30,26050,26085,26015,26060,571
2026-06-24T15:10:00+05:30,26040,26080,26040,26065,678
2026-06-24T15:15:00+05:30,26055,26115,26050,26065,1594
2026-06-24T15:20:00+05:30,26065,26110,26000,26070,2210
2026-06-24T15:25:00+05:30,26070,26120,26055,26055,1334
2026-06-25T09:15:00+05:30,26085,26240,25950,26205,1228
2026-06-25T09:20:00+05:30,26200,26315,26145,26145,1692
2026-06-25T09:25:00+05:30,26145,26275,26140,26235,1018
2026-06-25T09:30:00+05:30,26235,26280,26200,26220,333
2026-06-25T09:35:00+05:30,26235,26335,26220,26290,635
2026-06-25T09:40:00+05:30,26270,26280,26185,26185,313
2026-06-25T09:45:00+05:30,26195,26210,26120,26180,816
2026-06-25T09:50:00+05:30,26225,26235,26175,26175,318
2026-06-25T09:55:00+05:30,26175,26250,26170,26230,164
2026-06-25T10:00:00+05:30,26230,26250,26165,26190,326
2026-06-25T10:05:00+05:30,26190,26215,26155,26180,313
2026-06-25T10:10:00+05:30,26180,26200,26150,26170,179
2026-06-25T10:15:00+05:30,26170,26195,26160,26165,226
2026-06-25T10:20:00+05:30,26165,26165,26050,26050,560
2026-06-25T10:25:00+05:30,26050,26090,26010,26050,462
2026-06-25T10:30:00+05:30,26050,26085,26035,26085,162
2026-06-25T10:35:00+05:30,26085,26090,25995,25995,194
2026-06-25T10:40:00+05:30,25995,26025,25950,25970,196
2026-06-25T10:45:00+05:30,25950,26065,25945,26010,1388
2026-06-25T10:50:00+05:30,26005,26085,25985,26085,822
2026-06-25T10:55:00+05:30,26085,26085,25965,25965,353
2026-06-25T11:00:00+05:30,25970,25980,25905,25970,520
2026-06-25T11:05:00+05:30,25995,26015,25985,25990,118
2026-06-25T11:10:00+05:30,25990,26050,25990,26050,73
2026-06-25T11:15:00+05:30,26050,26060,26015,26035,56
2026-06-25T11:20:00+05:30,26035,26055,26015,26020,59
2026-06-25T11:25:00+05:30,26050,26050,26040,26040,77
2026-06-25T11:30:00+05:30,26040,26050,26025,26050,57
2026-06-25T11:35:00+05:30,26050,26055,26035,26045,64
2026-06-25T11:40:00+05:30,26045,26055,25925,25950,166
2026-06-25T11:45:00+05:30,25950,25980,25930,25980,105
2026-06-25T11:50:00+05:30,25980,25980,25925,25925,54
2026-06-25T11:55:00+05:30,25925,25940,25925,25935,32
2026-06-25T12:00:00+05:30,25935,25990,25935,25990,61
2026-06-25T12:05:00+05:30,25990,26045,25990,26040,140
2026-06-25T12:10:00+05:30,26040,26040,26000,26025,100
2026-06-25T12:15:00+05:30,26025,26035,26000,26000,102
2026-06-25T12:20:00+05:30,26000,26060,25970,26045,495
2026-06-25T12:25:00+05:30,26045,26110,26045,26085,588
2026-06-25T12:30:00+05:30,26085,26105,26070,26095,214
2026-06-25T12:35:00+05:30,26095,26105,26075,26100,56
2026-06-25T12:40:00+05:30,26100,26110,26080,26110,149
2026-06-25T12:45:00+05:30,26110,26110,26085,26085,148
2026-06-25T12:50:00+05:30,26085,26085,26020,26030,80
2026-06-25T12:55:00+05:30,26030,26120,26005,26090,1296
2026-06-25T13:00:00+05:30,26090,26120,26090,26100,143
2026-06-25T13:05:00+05:30,26100,26105,26065,26065,140
2026-06-25T13:10:00+05:30,26065,26065,26020,26035,218
2026-06-25T13:15:00+05:30,26035,26050,26035,26050,12
2026-06-25T13:20:00+05:30,26050,26050,26000,26025,206
2026-06-25T13:25:00+05:30,26025,26055,26025,26030,155
2026-06-25T13:30:00+05:30,26030,26035,26020,26030,52
2026-06-25T13:35:00+05:30,26030,26030,25985,25985,497
2026-06-25T13:40:00+05:30,25985,26025,25970,26000,2689
2026-06-25T13:45:00+05:30,26000,26000,25990,25990,119
2026-06-25T13:50:00+05:30,25995,26015,25985,25990,281
2026-06-25T13:55:00+05:30,25990,26000,25980,25980,57
2026-06-25T14:00:00+05:30,25980,25985,25950,25965,212
2026-06-25T14:05:00+05:30,25965,25965,25900,25915,517
2026-06-25T14:10:00+05:30,25915,25920,25860,25870,313
2026-06-25T14:15:00+05:30,25870,25880,25860,25870,184
2026-06-25T14:20:00+05:30,25870,25890,25825,25830,297
2026-06-25T14:25:00+05:30,25830,25845,25810,25820,181
2026-06-25T14:30:00+05:30,25820,25855,25800,25855,304
2026-06-25T14:35:00+05:30,25855,25855,25815,25815,177
2026-06-25T14:40:00+05:30,25815,25840,25780,25785,230
2026-06-25T14:45:00+05:30,25785,25795,25775,25795,176
2026-06-25T14:50:00+05:30,25795,25795,25775,25775,223
2026-06-25T14:55:00+05:30,25775,25785,25735,25735,254
2026-06-25T15:00:00+05:30,25735,25760,25670,25760,1532
2026-06-25T15:05:00+05:30,25760,25780,25735,25760,676
2026-06-25T15:10:00+05:30,25760,25805,25745,25755,932
2026-06-25T15:15:00+05:30,25755,25755,25725,25740,1311
2026-06-25T15:20:00+05:30,25740,25800,25695,25700,2091
2026-06-25T15:25:00+05:30,25700,25890,25660,25890,1216
2026-06-29T09:15:00+05:30,25865,25960,25765,25860,938
2026-06-29T09:20:00+05:30,25860,25865,25805,25815,271
2026-06-29T09:25:00+05:30,25815,25815,25755,25785,387
2026-06-29T09:30:00+05:30,25785,25845,25725,25725,574
2026-06-29T09:35:00+05:30,25725,25755,25700,25725,335
2026-06-29T09:40:00+05:30,25735,25760,25710,25710,415
2026-06-29T09:45:00+05:30,25720,25775,25715,25760,226
2026-06-29T09:50:00+05:30,25760,25760,25725,25745,29
2026-06-29T09:55:00+05:30,25745,25750,25600,25600,883
2026-06-29T10:00:00+05:30,25600,25605,25585,25595,1561
2026-06-29T10:05:00+05:30,25600,25605,25555,25570,1760
2026-06-29T10:10:00+05:30,25570,25620,25540,25585,488
2026-06-29T10:15:00+05:30,25585,25620,25575,25595,1978
2026-06-29T10:20:00+05:30,25595,25595,25575,25580,134
2026-06-29T10:25:00+05:30,25580,25600,25580,25600,781
2026-06-29T10:30:00+05:30,25600,25610,25590,25600,582
2026-06-29T10:35:00+05:30,25600,25600,25585,25600,312
2026-06-29T10:40:00+05:30,25600,25615,25595,25605,2532
2026-06-29T10:45:00+05:30,25600,25610,25585,25585,417
2026-06-29T10:50:00+05:30,25585,25585,25560,25570,37
2026-06-29T10:55:00+05:30,25570,25585,25565,25585,12
2026-06-29T11:00:00+05:30,25585,25585,25550,25550,85
2026-06-29T11:05:00+05:30,25550,25595,25535,25580,189
2026-06-29T11:10:00+05:30,25580,25580,25545,25555,109
2026-06-29T11:15:00+05:30,25555,25555,25525,25530,59
2026-06-29T11:20:00+05:30,25530,25545,25520,25520,375
2026-06-29T11:25:00+05:30,25520,25520,25505,25515,119
2026-06-29T11:30:00+05:30,25515,25515,25460,25475,581
2026-06-29T11:35:00+05:30,25475,25480,25450,25475,208
2026-06-29T11:40:00+05:30,25475,25475,25450,25450,95
2026-06-29T11:45:00+05:30,25450,25470,25165,25175,10195
2026-06-29T11:50:00+05:30,25175,25210,25080,25200,2832
2026-06-29T11:55:00+05:30,25230,25375,25230,25315,1884
2026-06-29T12:00:00+05:30,25315,25345,25315,25345,261
2026-06-29T12:05:00+05:30,25370,25400,25360,25370,320
2026-06-29T12:10:00+05:30,25370,25370,25325,25370,86
2026-06-29T12:15:00+05:30,25370,25390,25340,25380,89
2026-06-29T12:20:00+05:30,25380,25480,25380,25470,619
2026-06-29T12:25:00+05:30,25470,25485,25415,25475,411
2026-06-29T12:30:00+05:30,25475,25485,25450,25475,196
2026-06-29T12:35:00+05:30,25475,25500,25450,25450,215
2026-06-29T12:40:00+05:30,25450,25480,25335,25340,901
2026-06-29T12:45:00+05:30,25330,25390,25325,25390,319
2026-06-29T12:50:00+05:30,25390,25400,25340,25340,133
2026-06-29T12:55:00+05:30,25340,25365,25340,25355,42
2026-06-29T13:00:00+05:30,25355,25430,25355,25370,186
2026-06-29T13:05:00+05:30,25370,25395,25350,25390,203
2026-06-29T13:10:00+05:30,25390,25420,25390,25390,270
2026-06-29T13:15:00+05:30,25390,25405,25365,25385,44
2026-06-29T13:20:00+05:30,25385,25385,25315,25350,2143
2026-06-29T13:25:00+05:30,25350,25370,25335,25345,230
2026-06-29T13:30:00+05:30,25345,25395,25340,25375,222
2026-06-29T13:35:00+05:30,25375,25385,25365,25365,14
2026-06-29T13:40:00+05:30,25365,25405,25355,25365,334
2026-06-29T13:45:00+05:30,25365,25420,25305,25320,632
2026-06-29T13:50:00+05:30,25320,25375,25275,25365,1314
2026-06-29T13:55:00+05:30,25365,25400,25365,25385,68
2026-06-29T14:00:00+05:30,25385,25420,25380,25410,293
2026-06-29T14:05:00+05:30,25395,25410,25385,25405,84
2026-06-29T14:10:00+05:30,25405,25420,25385,25415,85
2026-06-29T14:15:00+05:30,25415,25415,25340,25360,629
2026-06-29T14:20:00+05:30,25360,25400,25360,25385,128
2026-06-29T14:25:00+05:30,25385,25390,25385,25390,4
2026-06-29T14:30:00+05:30,25370,25405,25370,25385,34
2026-06-29T14:35:00+05:30,25385,25405,25355,25355,144
2026-06-29T14:40:00+05:30,25355,25395,25355,25385,36
2026-06-29T14:45:00+05:30,25385,25385,25375,25375,103
2026-06-29T14:50:00+05:30,25375,25375,25255,25270,2853
2026-06-29T14:55:00+05:30,25285,25285,25230,25240,2503
2026-06-29T15:00:00+05:30,25180,25255,25125,25150,10031
2026-06-29T15:05:00+05:30,25155,25205,25130,25165,7521
2026-06-29T15:10:00+05:30,25190,25190,25060,25125,8606
2026-06-29T15:15:00+05:30,25130,25145,25060,25105,8132
2026-06-29T15:20:00+05:30,25120,25185,25040,25160,10143
2026-06-29T15:25:00+05:30,25185,25350,25170,25280,3927
2026-06-30T09:15:00+05:30,25280,25350,25125,25190,973
2026-06-30T09:20:00+05:30,25205,25205,25120,25125,734
2026-06-30T09:25:00+05:30,25135,25195,25095,25195,1289
2026-06-30T09:30:00+05:30,25195,25230,25175,25180,78
2026-06-30T09:35:00+05:30,25180,25200,25155,25155,384
2026-06-30T09:40:00+05:30,25155,25190,25155,25175,207
2026-06-30T09:45:00+05:30,25175,25200,25150,25165,347
2026-06-30T09:50:00+05:30,25165,25200,25150,25175,399
2026-06-30T09:55:00+05:30,25175,25200,25165,25185,42
2026-06-30T10:00:00+05:30,25185,25225,25165,25215,326
2026-06-30T10:05:00+05:30,25215,25215,25175,25195,104
2026-06-30T10:10:00+05:30,25195,25200,25165,25200,442
2026-06-30T10:15:00+05:30,25205,25205,25055,25125,1564
2026-06-30T10:20:00+05:30,25125,25190,25125,25175,1112
2026-06-30T10:25:00+05:30,25175,25245,25175,25225,171
2026-06-30T10:30:00+05:30,25225,25240,25155,25235,692
2026-06-30T10:35:00+05:30,25235,25235,25180,25230,258
2026-06-30T10:40:00+05:30,25230,25245,25200,25205,85
2026-06-30T10:45:00+05:30,25205,25245,25195,25220,382
2026-06-30T10:50:00+05:30,25220,25260,25220,25240,280
2026-06-30T10:55:00+05:30,25240,25245,25220,25225,26
2026-06-30T11:00:00+05:30,25225,25245,25225,25245,11
2026-06-30T11:05:00+05:30,25245,25260,25185,25255,196
2026-06-30T11:10:00+05:30,25255,25280,25205,25280,353
2026-06-30T11:15:00+05:30,25280,25295,25260,25275,93
2026-06-30T11:20:00+05:30,25275,25355,25275,25330,121
2026-06-30T11:25:00+05:30,25330,25365,25280,25280,280
2026-06-30T11:30:00+05:30,25280,25305,25280,25290,64
2026-06-30T11:35:00+05:30,25290,25290,25250,25260,155
2026-06-30T11:40:00+05:30,25265,25300,25265,25290,133
2026-06-30T11:45:00+05:30,25290,25300,25265,25270,147
2026-06-30T11:50:00+05:30,25270,25315,25270,25295,283
2026-06-30T11:55:00+05:30,25290,25320,25285,25290,184
2026-06-30T12:00:00+05:30,25290,25300,25270,25280,193
2026-06-30T12:05:00+05:30,25280,25310,25275,25290,137
2026-06-30T12:10:00+05:30,25290,25305,25280,25280,83
2026-06-30T12:15:00+05:30,25280,25305,25260,25265,254
2026-06-30T12:20:00+05:30,25265,25300,25255,25275,319
2026-06-30T12:25:00+05:30,25270,25310,25270,25275,369
2026-06-30T12:30:00+05:30,25275,25295,25255,25255,264
2026-06-30T12:35:00+05:30,25255,25290,25255,25270,226
2026-06-30T12:40:00+05:30,25270,25280,25260,25260,146
2026-06-30T12:45:00+05:30,25260,25285,25260,25280,273
2026-06-30T12:50:00+05:30,25280,25290,25265,25270,189
2026-06-30T12:55:00+05:30,25270,25300,25265,25285,161
2026-06-30T13:00:00+05:30,25285,25310,25270,25285,171
2026-06-30T13:05:00+05:30,25285,25305,25280,25295,213
2026-06-30T13:10:00+05:30,25295,25325,25275,25310,316
2026-06-30T13:15:00+05:30,25310,25330,25305,25310,122
2026-06-30T13:20:00+05:30,25310,25330,25295,25300,333
2026-06-30T13:25:00+05:30,25300,25335,25300,25305,187
2026-06-30T13:30:00+05:30,25305,25325,25270,25315,329
2026-06-30T13:35:00+05:30,25295,25325,25295,25295,110
2026-06-30T13:40:00+05:30,25295,25330,25290,25310,224
2026-06-30T13:45:00+05:30,25310,25345,25295,25325,138
2026-06-30T13:50:00+05:30,25325,25325,25305,25305,38
2026-06-30T13:55:00+05:30,25305,25325,25290,25305,151
2026-06-30T14:00:00+05:30,25325,25365,25300,25300,232
2026-06-30T14:05:00+05:30,25300,25335,25300,25325,156
2026-06-30T14:10:00+05:30,25325,25330,25310,25320,191
2026-06-30T14:15:00+05:30,25310,25355,25305,25325,260
2026-06-30T14:20:00+05:30,25325,25385,25320,25375,356
2026-06-30T14:25:00+05:30,25360,25380,25305,25305,262
2026-06-30T14:30:00+05:30,25305,25355,25300,25330,409
2026-06-30T14:35:00+05:30,25355,25355,25300,25305,414
2026-06-30T14:40:00+05:30,25305,25350,25305,25335,47
2026-06-30T14:45:00+05:30,25320,25335,25305,25325,166
2026-06-30T14:50:00+05:30,25325,25360,25325,25325,252
2026-06-30T14:55:00+05:30,25325,25350,25275,25305,184
2026-06-30T15:00:00+05:30,25315,25315,25235,25260,2617
2026-06-30T15:05:00+05:30,25260,25275,25235,25255,1704
2026-06-30T15:10:00+05:30,25245,25270,25185,25220,1410
2026-06-30T15:15:00+05:30,25215,25305,25170,25305,2230
2026-06-30T15:20:00+05:30,25305,25320,25215,25240,1869
2026-06-30T15:25:00+05:30,25235,25335,25225,25335,1307
2026-07-01T09:15:00+05:30,25590,25840,25525,25790,1918
2026-07-01T09:20:00+05:30,25790,25820,25725,25790,530
2026-07-01T09:25:00+05:30,25790,25835,25790,25805,1171
2026-07-01T09:30:00+05:30,25790,25900,25770,25840,1373
2026-07-01T09:35:00+05:30,25850,25970,25840,25875,917
2026-07-01T09:40:00+05:30,25880,26020,25860,25975,1373
2026-07-01T09:45:00+05:30,25975,26045,25880,25890,1660
2026-07-01T09:50:00+05:30,25890,25945,25845,25945,808
2026-07-01T09:55:00+05:30,25945,25990,25880,25950,2202
2026-07-01T10:00:00+05:30,25950,25965,25925,25930,197
2026-07-01T10:05:00+05:30,25930,25960,25900,25960,262
2026-07-01T10:10:00+05:30,25960,25960,25895,25935,158
2026-07-01T10:15:00+05:30,25935,26020,25920,25995,458
2026-07-01T10:20:00+05:30,25980,25990,25950,25960,169
2026-07-01T10:25:00+05:30,25960,25980,25940,25970,139
2026-07-01T10:30:00+05:30,25970,26010,25960,26000,201
2026-07-01T10:35:00+05:30,26000,26030,25955,25965,522
2026-07-01T10:40:00+05:30,25965,26050,25935,25965,1015
2026-07-01T10:45:00+05:30,25970,26000,25955,25980,462
2026-07-01T10:50:00+05:30,25980,26000,25950,25990,206
2026-07-01T10:55:00+05:30,25990,25995,25980,25985,166
2026-07-01T11:00:00+05:30,26000,26000,25940,25955,399
2026-07-01T11:05:00+05:30,25955,25955,25910,25955,420
2026-07-01T11:10:00+05:30,25955,25960,25935,25950,138
2026-07-01T11:15:00+05:30,25950,25980,25945,25965,255
2026-07-01T11:20:00+05:30,25965,25975,25890,25890,577
2026-07-01T11:25:00+05:30,25875,25890,25840,25875,1223
2026-07-01T11:30:00+05:30,25875,25885,25835,25840,491
2026-07-01T11:35:00+05:30,25840,25860,25825,25850,290
2026-07-01T11:40:00+05:30,25850,25850,25770,25810,628
2026-07-01T11:45:00+05:30,25810,25870,25810,25855,58
2026-07-01T11:50:00+05:30,25855,25870,25840,25840,89
2026-07-01T11:55:00+05:30,25840,25860,25825,25860,139
2026-07-01T12:00:00+05:30,25865,25880,25850,25880,37
2026-07-01T12:05:00+05:30,25865,25890,25845,25875,106
2026-07-01T12:10:00+05:30,25875,25890,25875,25890,14
2026-07-01T12:15:00+05:30,25890,25930,25855,25905,227
2026-07-01T12:20:00+05:30,25905,25905,25885,25895,205
2026-07-01T12:25:00+05:30,25895,25895,25810,25850,387
2026-07-01T12:30:00+05:30,25850,25890,25850,25875,180
2026-07-01T12:35:00+05:30,25875,25900,25870,25890,162
2026-07-01T12:40:00+05:30,25870,25890,25855,25855,36
2026-07-01T12:45:00+05:30,25855,25875,25855,25875,20
2026-07-01T12:50:00+05:30,25875,25910,25875,25905,190
2026-07-01T12:55:00+05:30,25905,25930,25880,25910,91
2026-07-01T13:00:00+05:30,25910,25930,25875,25890,175
2026-07-01T13:05:00+05:30,25890,25910,25890,25895,56
2026-07-01T13:10:00+05:30,25895,25920,25895,25895,71
2026-07-01T13:15:00+05:30,25895,25930,25880,25880,146
2026-07-01T13:20:00+05:30,25880,25895,25880,25890,31
2026-07-01T13:25:00+05:30,25890,25930,25890,25930,139
2026-07-01T13:30:00+05:30,25920,25945,25915,25930,191
2026-07-01T13:35:00+05:30,25930,25960,25930,25950,111
2026-07-01T13:40:00+05:30,25950,25955,25925,25955,79
2026-07-01T13:45:00+05:30,25955,25960,25925,25955,588
2026-07-01T13:50:00+05:30,25945,25950,25905,25930,479
2026-07-01T13:55:00+05:30,25930,25950,25920,25935,251
2026-07-01T14:00:00+05:30,25935,25940,25905,25940,129
2026-07-01T14:05:00+05:30,25940,25960,25930,25940,28
2026-07-01T14:10:00+05:30,25940,25985,25925,25970,531
2026-07-01T14:15:00+05:30,25970,25985,25950,25950,136
2026-07-01T14:20:00+05:30,25950,25980,25950,25955,30
2026-07-01T14:25:00+05:30,25955,25970,25925,25925,131
2026-07-01T14:30:00+05:30,25925,25960,25915,25950,204
2026-07-01T14:35:00+05:30,25950,25955,25945,25945,18
2026-07-01T14:40:00+05:30,25945,25950,25905,25930,192
2026-07-01T14:45:00+05:30,25930,25945,25925,25925,77
2026-07-01T14:50:00+05:30,25925,25945,25920,25945,112
2026-07-01T14:55:00+05:30,25945,25950,25910,25925,205
2026-07-01T15:00:00+05:30,25940,25940,25910,25915,316
2026-07-01T15:05:00+05:30,25915,25940,25905,25930,359
2026-07-01T15:10:00+05:30,25915,25945,25905,25940,754
2026-07-01T15:15:00+05:30,25930,25955,25910,25935,2122
2026-07-01T15:20:00+05:30,25935,25945,25910,25940,1718
2026-07-01T15:25:00+05:30,25920,25940,25870,25900,1248
2026-07-02T09:15:00+05:30,26020,26055,25965,26010,244
2026-07-02T09:20:00+05:30,26010,26135,26010,26120,403
2026-07-02T09:25:00+05:30,26120,26180,26045,26075,636
2026-07-02T09:30:00+05:30,26060,26090,26045,26085,263
2026-07-02T09:35:00+05:30,26085,26095,26065,26095,51
2026-07-02T09:40:00+05:30,26065,26080,26050,26080,205
2026-07-02T09:45:00+05:30,26075,26095,26075,26080,57
2026-07-02T09:50:00+05:30,26080,26105,26070,26105,106
2026-07-02T09:55:00+05:30,26105,26120,26080,26105,139
2026-07-02T10:00:00+05:30,26110,26110,26075,26075,67
2026-07-02T10:05:00+05:30,26075,26105,26075,26100,48
2026-07-02T10:10:00+05:30,26100,26120,26100,26115,37
2026-07-02T10:15:00+05:30,26090,26105,26075,26105,95
2026-07-02T10:20:00+05:30,26105,26130,26065,26130,128
2026-07-02T10:25:00+05:30,26130,26130,26110,26110,23
2026-07-02T10:30:00+05:30,26110,26195,26110,26165,224
2026-07-02T10:35:00+05:30,26160,26190,26150,26170,46
2026-07-02T10:40:00+05:30,26170,26170,26150,26150,49
2026-07-02T10:45:00+05:30,26150,26165,26135,26135,64
2026-07-02T10:50:00+05:30,26135,26190,26120,26180,113
2026-07-02T10:55:00+05:30,26180,26295,26180,26250,1032
2026-07-02T11:00:00+05:30,26250,26330,26245,26310,162
2026-07-02T11:05:00+05:30,26310,26325,26240,26240,311
2026-07-02T11:10:00+05:30,26230,26280,26225,26260,113
2026-07-02T11:15:00+05:30,26260,26260,26210,26210,34
2026-07-02T11:20:00+05:30,26210,26270,26200,26255,197
2026-07-02T11:25:00+05:30,26255,26265,26235,26240,171
2026-07-02T11:30:00+05:30,26245,26255,26215,26250,83
2026-07-02T11:35:00+05:30,26250,26250,26205,26225,83
2026-07-02T11:40:00+05:30,26225,26245,26210,26230,279
2026-07-02T11:45:00+05:30,26230,26230,26155,26160,109
2026-07-02T11:50:00+05:30,26160,26190,26145,26170,128
2026-07-02T11:55:00+05:30,26170,26170,26160,26160,26
2026-07-02T12:00:00+05:30,26160,26160,26135,26135,33
2026-07-02T12:05:00+05:30,26135,26180,26135,26180,97
2026-07-02T12:10:00+05:30,26180,26180,26130,26130,30
2026-07-02T12:15:00+05:30,26130,26145,26120,26125,16
2026-07-02T12:20:00+05:30,26125,26145,26120,26120,71
2026-07-02T12:25:00+05:30,26120,26150,26120,26150,38
2026-07-02T12:30:00+05:30,26150,26160,26150,26150,28
2026-07-02T12:35:00+05:30,26150,26185,26150,26185,55
2026-07-02T12:40:00+05:30,26185,26185,26145,26150,55
2026-07-02T12:45:00+05:30,26150,26150,26150,26150,31
2026-07-02T12:50:00+05:30,26150,26160,26120,26120,47
2026-07-02T12:55:00+05:30,26120,26140,26120,26140,13
2026-07-02T13:00:00+05:30,26140,26160,26120,26160,81
2026-07-02T13:05:00+05:30,26160,26180,26150,26150,70
2026-07-02T13:10:00+05:30,26150,26170,26130,26130,25
2026-07-02T13:15:00+05:30,26130,26160,26130,26130,20
2026-07-02T13:20:00+05:30,26130,26155,26130,26150,73
2026-07-02T13:25:00+05:30,26150,26160,26130,26130,23
2026-07-02T13:30:00+05:30,26130,26130,26115,26115,41
2026-07-02T13:35:00+05:30,26115,26145,26115,26120,15
2026-07-02T13:40:00+05:30,26120,26130,26115,26120,38
2026-07-02T13:45:00+05:30,26120,26125,26115,26115,11
2026-07-02T13:50:00+05:30,26120,26130,26120,26130,58
2026-07-02T13:55:00+05:30,26130,26140,26125,26125,16
2026-07-02T14:00:00+05:30,26125,26145,26125,26125,18
2026-07-02T14:05:00+05:30,26125,26160,26125,26145,125
2026-07-02T14:10:00+05:30,26145,26195,26145,26170,74
2026-07-02T14:15:00+05:30,26170,26200,26160,26180,85
2026-07-02T14:20:00+05:30,26180,26220,26180,26190,96
2026-07-02T14:25:00+05:30,26190,26195,26185,26185,62
2026-07-02T14:30:00+05:30,26195,26225,26195,26195,70
2026-07-02T14:35:00+05:30,26195,26205,26195,26195,92
2026-07-02T14:40:00+05:30,26195,26200,26190,26190,33
2026-07-02T14:45:00+05:30,26200,26225,26200,26200,283
2026-07-02T14:50:00+05:30,26200,26215,26195,26195,53
2026-07-02T14:55:00+05:30,26210,26210,26190,26195,76
2026-07-02T15:00:00+05:30,26205,26265,26190,26220,378
2026-07-02T15:05:00+05:30,26220,26265,26210,26225,326
2026-07-02T15:10:00+05:30,26220,26235,26200,26225,271
2026-07-02T15:15:00+05:30,26225,26240,26200,26230,446
2026-07-02T15:20:00+05:30,26210,26235,26185,26215,584
2026-07-02T15:25:00+05:30,26195,26260,26190,26260,463
2026-07-03T09:15:00+05:30,26495,26495,26345,26435,1198
2026-07-03T09:20:00+05:30,26455,26590,26435,26555,819
2026-07-03T09:25:00+05:30,26575,26670,26525,26625,558
2026-07-03T09:30:00+05:30,26600,26865,26590,26805,1399
2026-07-03T09:35:00+05:30,26805,26845,26765,26830,750
2026-07-03T09:40:00+05:30,26805,26830,26740,26805,409
2026-07-03T09:45:00+05:30,26805,26840,26765,26805,308
2026-07-03T09:50:00+05:30,26810,26835,26760,26770,287
2026-07-03T09:55:00+05:30,26765,26800,26705,26705,536
2026-07-03T10:00:00+05:30,26705,26740,26670,26695,498
2026-07-03T10:05:00+05:30,26715,26715,26660,26680,118
2026-07-03T10:10:00+05:30,26680,26730,26680,26725,92
2026-07-03T10:15:00+05:30,26755,26760,26675,26700,178
2026-07-03T10:20:00+05:30,26680,26810,26670,26790,740
2026-07-03T10:25:00+05:30,26790,26885,26790,26845,860
2026-07-03T10:30:00+05:30,26845,26845,26760,26760,242
2026-07-03T10:35:00+05:30,26760,26760,26705,26705,179
2026-07-03T10:40:00+05:30,26715,26715,26645,26650,384
2026-07-03T10:45:00+05:30,26650,26650,26625,26640,82
2026-07-03T10:50:00+05:30,26640,26675,26620,26655,80
2026-07-03T10:55:00+05:30,26655,26680,26645,26665,110
2026-07-03T11:00:00+05:30,26665,26760,26650,26745,212
2026-07-03T11:05:00+05:30,26745,26760,26720,26760,30
2026-07-03T11:10:00+05:30,26760,26790,26735,26760,150
2026-07-03T11:15:00+05:30,26760,26800,26740,26765,332
2026-07-03T11:20:00+05:30,26765,26785,26765,26775,10
2026-07-03T11:25:00+05:30,26775,26800,26735,26800,283
2026-07-03T11:30:00+05:30,26800,26800,26760,26760,40
2026-07-03T11:35:00+05:30,26760,26760,26725,26750,70
2026-07-03T11:40:00+05:30,26750,26765,26740,26750,21
2026-07-03T11:45:00+05:30,26750,26805,26750,26790,43
2026-07-03T11:50:00+05:30,26810,26850,26810,26820,171
2026-07-03T11:55:00+05:30,26820,26970,26820,26910,1097
2026-07-03T12:00:00+05:30,26910,26930,26840,26870,238
2026-07-03T12:05:00+05:30,26870,26870,26835,26865,67
2026-07-03T12:10:00+05:30,26865,26875,26840,26860,55
2026-07-03T12:15:00+05:30,26860,26870,26835,26850,60
2026-07-03T12:20:00+05:30,26850,26850,26790,26800,108
2026-07-03T12:25:00+05:30,26800,26805,26745,26755,146
2026-07-03T12:30:00+05:30,26755,26760,26730,26730,115
2026-07-03T12:35:00+05:30,26730,26745,26700,26720,161
2026-07-03T12:40:00+05:30,26720,26745,26660,26740,294
2026-07-03T12:45:00+05:30,26740,26880,26725,26800,460
2026-07-03T12:50:00+05:30,26860,26860,26810,26810,149
2026-07-03T12:55:00+05:30,26810,26825,26785,26815,64
2026-07-03T13:00:00+05:30,26815,26830,26770,26800,364
2026-07-03T13:05:00+05:30,26800,26820,26740,26780,169
2026-07-03T13:10:00+05:30,26780,26780,26735,26760,97
2026-07-03T13:15:00+05:30,26775,26775,26730,26730,51
2026-07-03T13:20:00+05:30,26730,26735,26700,26720,82
2026-07-03T13:25:00+05:30,26720,26740,26710,26730,88
2026-07-03T13:30:00+05:30,26730,26730,26700,26705,61
2026-07-03T13:35:00+05:30,26705,26710,26690,26700,160
2026-07-03T13:40:00+05:30,26700,26755,26700,26735,270
2026-07-03T13:45:00+05:30,26735,26735,26680,26700,299
2026-07-03T13:50:00+05:30,26705,26755,26705,26720,171
2026-07-03T13:55:00+05:30,26720,26755,26695,26695,346
2026-07-03T14:00:00+05:30,26695,26735,26675,26695,173
2026-07-03T14:05:00+05:30,26695,26720,26685,26690,64
2026-07-03T14:10:00+05:30,26690,26705,26680,26705,86
2026-07-03T14:15:00+05:30,26705,26705,26690,26690,49
2026-07-03T14:20:00+05:30,26690,26715,26665,26715,157
2026-07-03T14:25:00+05:30,26715,26715,26665,26670,159
2026-07-03T14:30:00+05:30,26665,26720,26665,26695,303
2026-07-03T14:35:00+05:30,26700,26745,26700,26700,122
2026-07-03T14:40:00+05:30,26700,26740,26700,26720,112
2026-07-03T14:45:00+05:30,26720,26735,26690,26735,121
2026-07-03T14:50:00+05:30,26735,26735,26690,26695,144
2026-07-03T14:55:00+05:30,26725,26755,26695,26710,176
2026-07-03T15:00:00+05:30,26725,26755,26705,26730,367
2026-07-03T15:05:00+05:30,26730,26740,26705,26735,116
2026-07-03T15:10:00+05:30,26735,26745,26710,26735,242
2026-07-03T15:15:00+05:30,26725,26810,26715,26800,675
2026-07-03T15:20:00+05:30,26770,26820,26765,26790,823
2026-07-03T15:25:00+05:30,26805,26820,26730,26760,1217
2026-07-06T09:15:00+05:30,26770,26770,26550,26600,443
2026-07-06T09:20:00+05:30,26570,26595,26545,26550,173
2026-07-06T09:25:00+05:30,26550,26580,26525,26580,87
2026-07-06T09:30:00+05:30,26580,26630,26555,26610,164
2026-07-06T09:35:00+05:30,26610,26680,26610,26680,122
2026-07-06T09:40:00+05:30,26680,26715,26665,26700,64
2026-07-06T09:45:00+05:30,26685,26720,26630,26650,265
2026-07-06T09:50:00+05:30,26640,26665,26620,26665,96
2026-07-06T09:55:00+05:30,26665,26770,26665,26705,391
2026-07-06T10:00:00+05:30,26705,26755,26705,26755,254
2026-07-06T10:05:00+05:30,26755,26775,26730,26760,133
2026-07-06T10:10:00+05:30,26760,26760,26740,26755,40
2026-07-06T10:15:00+05:30,26760,26800,26755,26790,143
2026-07-06T10:20:00+05:30,26790,26845,26780,26825,76
2026-07-06T10:25:00+05:30,26825,26825,26715,26715,170
2026-07-06T10:30:00+05:30,26715,26770,26715,26770,138
2026-07-06T10:35:00+05:30,26770,26770,26730,26755,71
2026-07-06T10:40:00+05:30,26755,26760,26725,26745,130
2026-07-06T10:45:00+05:30,26745,26785,26740,26740,51
2026-07-06T10:50:00+05:30,26740,26765,26725,26725,17
2026-07-06T10:55:00+05:30,26725,26735,26710,26710,44
2026-07-06T11:00:00+05:30,26710,26740,26705,26730,76
2026-07-06T11:05:00+05:30,26730,26730,26705,26705,14
2026-07-06T11:10:00+05:30,26705,26705,26695,26695,18
2026-07-06T11:15:00+05:30,26695,26700,26675,26675,25
2026-07-06T11:20:00+05:30,26675,26675,26660,26660,8
2026-07-06T11:25:00+05:30,26660,26705,26660,26680,39
2026-07-06T11:30:00+05:30,26680,26680,26670,26670,15
2026-07-06T11:35:00+05:30,26670,26690,26665,26690,17
2026-07-06T11:40:00+05:30,26690,26690,26670,26670,7
2026-07-06T11:45:00+05:30,26670,26670,26670,26670,12
2026-07-06T11:50:00+05:30,26670,26675,26630,26630,89
2026-07-06T11:55:00+05:30,26645,26660,26645,26660,27
2026-07-06T12:00:00+05:30,26660,26675,26650,26650,22
2026-07-06T12:05:00+05:30,26650,26670,26650,26650,11
2026-07-06T12:10:00+05:30,26650,26670,26650,26670,16
2026-07-06T12:15:00+05:30,26670,26670,26650,26670,12
2026-07-06T12:20:00+05:30,26670,26670,26670,26670,2
2026-07-06T12:25:00+05:30,26670,26690,26655,26690,33
2026-07-06T12:30:00+05:30,26690,26690,26665,26665,55
2026-07-06T12:35:00+05:30,26665,26705,26665,26665,97
2026-07-06T12:40:00+05:30,26665,26675,26640,26675,73
2026-07-06T12:45:00+05:30,26675,26680,26675,26680,4
2026-07-06T12:50:00+05:30,26670,26700,26670,26675,44
2026-07-06T12:55:00+05:30,26675,26675,26640,26665,26
2026-07-06T13:00:00+05:30,26665,26665,26640,26650,33
2026-07-06T13:05:00+05:30,26650,26650,26635,26635,1
2026-07-06T13:10:00+05:30,26635,26660,26635,26660,4
2026-07-06T13:15:00+05:30,26660,26670,26660,26660,5
2026-07-06T13:20:00+05:30,26660,26680,26660,26680,1
2026-07-06T13:25:00+05:30,26680,26680,26680,26680,0
2026-07-06T13:30:00+05:30,26680,26685,26655,26655,32
2026-07-06T13:35:00+05:30,26655,26655,26630,26635,229
2026-07-06T13:40:00+05:30,26635,26680,26630,26645,164
2026-07-06T13:45:00+05:30,26645,26645,26610,26635,86
2026-07-06T13:50:00+05:30,26635,26645,26565,26585,155
2026-07-06T13:55:00+05:30,26575,26575,26525,26540,56
2026-07-06T14:00:00+05:30,26540,26590,26535,26585,49
2026-07-06T14:05:00+05:30,26585,26610,26550,26550,72
2026-07-06T14:10:00+05:30,26550,26570,26550,26560,40
2026-07-06T14:15:00+05:30,26560,26595,26550,26555,123
2026-07-06T14:20:00+05:30,26555,26590,26555,26565,26
2026-07-06T14:25:00+05:30,26565,26585,26555,26565,75
2026-07-06T14:30:00+05:30,26565,26610,26565,26580,40
2026-07-06T14:35:00+05:30,26580,26605,26580,26595,75
2026-07-06T14:40:00+05:30,26595,26605,26580,26585,77
2026-07-06T14:45:00+05:30,26585,26600,26570,26570,48
2026-07-06T14:50:00+05:30,26570,26595,26565,26585,49
2026-07-06T14:55:00+05:30,26585,26615,26580,26610,57
2026-07-06T15:00:00+05:30,26605,26620,26595,26595,194
2026-07-06T15:05:00+05:30,26605,26615,26595,26610,184
2026-07-06T15:10:00+05:30,26610,26645,26595,26630,321
2026-07-06T15:15:00+05:30,26640,26650,26605,26610,398
2026-07-06T15:20:00+05:30,26610,26670,26605,26670,277
2026-07-06T15:25:00+05:30,26655,26710,26645,26660,373
2026-07-07T09:15:00+05:30,26660,26745,26575,26590,435
2026-07-07T09:20:00+05:30,26590,26690,26570,26665,208
2026-07-07T09:25:00+05:30,26665,26680,26640,26660,65
2026-07-07T09:30:00+05:30,26675,26690,26625,26650,67
2026-07-07T09:35:00+05:30,26650,26660,26605,26645,33
2026-07-07T09:40:00+05:30,26645,26720,26630,26695,67
2026-07-07T09:45:00+05:30,26695,26720,26605,26625,139
2026-07-07T09:50:00+05:30,26625,26625,26600,26600,130
2026-07-07T09:55:00+05:30,26600,26730,26600,26730,266
2026-07-07T10:00:00+05:30,26730,26835,26720,26770,346
2026-07-07T10:05:00+05:30,26770,26815,26770,26800,66
2026-07-07T10:10:00+05:30,26780,26780,26740,26740,92
2026-07-07T10:15:00+05:30,26740,26745,26710,26745,15
2026-07-07T10:20:00+05:30,26745,26755,26735,26735,39
2026-07-07T10:25:00+05:30,26735,26750,26730,26730,21
2026-07-07T10:30:00+05:30,26730,26765,26730,26765,37
2026-07-07T10:35:00+05:30,26765,26770,26740,26760,46
2026-07-07T10:40:00+05:30,26760,26760,26720,26735,94
2026-07-07T10:45:00+05:30,26735,26840,26735,26835,184
2026-07-07T10:50:00+05:30,26840,26850,26785,26800,94
2026-07-07T10:55:00+05:30,26800,26800,26700,26760,308
2026-07-07T11:00:00+05:30,26760,26760,26735,26745,48
2026-07-07T11:05:00+05:30,26760,26785,26760,26785,16
2026-07-07T11:10:00+05:30,26785,26785,26770,26785,108
2026-07-07T11:15:00+05:30,26785,26845,26775,26845,136
2026-07-07T11:20:00+05:30,26845,26845,26810,26810,51
2026-07-07T11:25:00+05:30,26810,26810,26765,26765,173
2026-07-07T11:30:00+05:30,26765,26770,26700,26705,167
2026-07-07T11:35:00+05:30,26705,26765,26705,26760,45
2026-07-07T11:40:00+05:30,26760,26770,26740,26760,49
2026-07-07T11:45:00+05:30,26760,26765,26745,26750,25
2026-07-07T11:50:00+05:30,26750,26760,26730,26730,41
2026-07-07T11:55:00+05:30,26730,26750,26725,26730,25
2026-07-07T12:00:00+05:30,26730,26740,26715,26725,34
2026-07-07T12:05:00+05:30,26725,26740,26720,26725,25
2026-07-07T12:10:00+05:30,26725,26725,26695,26695,28
2026-07-07T12:15:00+05:30,26695,26710,26670,26670,69
2026-07-07T12:20:00+05:30,26670,26700,26670,26675,38
2026-07-07T12:25:00+05:30,26675,26690,26670,26680,24
2026-07-07T12:30:00+05:30,26680,26690,26670,26685,95
2026-07-07T12:35:00+05:30,26685,26695,26670,26690,62
2026-07-07T12:40:00+05:30,26690,26730,26690,26710,75
2026-07-07T12:45:00+05:30,26710,26745,26690,26725,104
2026-07-07T12:50:00+05:30,26745,26745,26690,26690,40
2026-07-07T12:55:00+05:30,26690,26710,26685,26695,32
2026-07-07T13:00:00+05:30,26695,26700,26680,26700,41
2026-07-07T13:05:00+05:30,26680,26710,26680,26680,40
2026-07-07T13:10:00+05:30,26680,26710,26670,26710,45
2026-07-07T13:15:00+05:30,26700,26730,26700,26705,134
2026-07-07T13:20:00+05:30,26705,26725,26690,26700,37
2026-07-07T13:25:00+05:30,26700,26720,26695,26705,29
2026-07-07T13:30:00+05:30,26705,26755,26700,26725,87
2026-07-07T13:35:00+05:30,26725,26725,26710,26710,21
2026-07-07T13:40:00+05:30,26710,26740,26705,26720,30
2026-07-07T13:45:00+05:30,26720,26720,26700,26700,33
2026-07-07T13:50:00+05:30,26700,26735,26700,26730,59
2026-07-07T13:55:00+05:30,26730,26730,26715,26725,33
2026-07-07T14:00:00+05:30,26725,26745,26720,26740,28
2026-07-07T14:05:00+05:30,26740,26740,26725,26725,18
2026-07-07T14:10:00+05:30,26725,26760,26720,26750,60
2026-07-07T14:15:00+05:30,26750,26770,26750,26750,53
2026-07-07T14:20:00+05:30,26750,26770,26735,26735,39
2026-07-07T14:25:00+05:30,26735,26740,26730,26730,28
2026-07-07T14:30:00+05:30,26730,26735,26705,26705,139
2026-07-07T14:35:00+05:30,26705,26705,26700,26700,18
2026-07-07T14:40:00+05:30,26685,26720,26655,26710,139
2026-07-07T14:45:00+05:30,26710,26720,26700,26705,47
2026-07-07T14:50:00+05:30,26705,26740,26700,26740,61
2026-07-07T14:55:00+05:30,26740,26745,26720,26720,56
2026-07-07T15:00:00+05:30,26765,26765,26725,26725,431
2026-07-07T15:05:00+05:30,26725,26800,26725,26790,457
2026-07-07T15:10:00+05:30,26790,26790,26725,26730,371
2026-07-07T15:15:00+05:30,26725,26735,26695,26700,438
2026-07-07T15:20:00+05:30,26700,26710,26655,26685,546
2026-07-07T15:25:00+05:30,26685,26685,26550,26550,706
2026-07-08T09:15:00+05:30,26635,26705,26440,26555,973
2026-07-08T09:20:00+05:30,26555,26560,26500,26535,128
2026-07-08T09:25:00+05:30,26535,26535,26495,26520,128
2026-07-08T09:30:00+05:30,26520,26520,26450,26450,172
2026-07-08T09:35:00+05:30,26465,26485,26450,26480,85
2026-07-08T09:40:00+05:30,26480,26525,26480,26520,42
2026-07-08T09:45:00+05:30,26520,26600,26505,26550,169
2026-07-08T09:50:00+05:30,26550,26600,26540,26540,109
2026-07-08T09:55:00+05:30,26540,26570,26520,26540,129
2026-07-08T10:00:00+05:30,26540,26560,26540,26540,13
2026-07-08T10:05:00+05:30,26540,26540,26510,26515,37
2026-07-08T10:10:00+05:30,26515,26620,26505,26590,146
2026-07-08T10:15:00+05:30,26590,26610,26580,26610,133
2026-07-08T10:20:00+05:30,26600,26615,26600,26600,62
2026-07-08T10:25:00+05:30,26600,26650,26600,26650,168
2026-07-08T10:30:00+05:30,26650,26650,26600,26630,224
2026-07-08T10:35:00+05:30,26630,26710,26625,26710,248
2026-07-08T10:40:00+05:30,26710,26775,26655,26710,612
2026-07-08T10:45:00+05:30,26690,26720,26685,26685,45
2026-07-08T10:50:00+05:30,26685,26700,26675,26685,65
2026-07-08T10:55:00+05:30,26685,26690,26675,26675,8
2026-07-08T11:00:00+05:30,26675,26690,26665,26670,24
2026-07-08T11:05:00+05:30,26670,26695,26650,26670,36
2026-07-08T11:10:00+05:30,26670,26705,26665,26695,39
2026-07-08T11:15:00+05:30,26695,26695,26610,26615,47
2026-07-08T11:20:00+05:30,26615,26620,26585,26590,76
2026-07-08T11:25:00+05:30,26590,26630,26590,26625,27
2026-07-08T11:30:00+05:30,26625,26670,26610,26610,29
2026-07-08T11:35:00+05:30,26610,26615,26595,26595,15
2026-07-08T11:40:00+05:30,26595,26595,26595,26595,2
2026-07-08T11:45:00+05:30,26595,26625,26595,26610,25
2026-07-08T11:50:00+05:30,26610,26610,26590,26590,12
2026-07-08T11:55:00+05:30,26590,26590,26535,26565,66
2026-07-08T12:00:00+05:30,26565,26570,26565,26570,1
2026-07-08T12:05:00+05:30,26570,26570,26550,26550,26
2026-07-08T12:10:00+05:30,26550,26555,26530,26535,39
2026-07-08T12:15:00+05:30,26535,26560,26535,26560,30
2026-07-08T12:20:00+05:30,26560,26560,26520,26520,10
2026-07-08T12:25:00+05:30,26505,26540,26500,26505,146
2026-07-08T12:30:00+05:30,26500,26530,26495,26495,19
2026-07-08T12:35:00+05:30,26495,26535,26495,26510,14
2026-07-08T12:40:00+05:30,26510,26555,26510,26535,24
2026-07-08T12:45:00+05:30,26535,26570,26535,26545,8
2026-07-08T12:50:00+05:30,26565,26620,26560,26620,29
2026-07-08T12:55:00+05:30,26620,26620,26590,26590,3
2026-07-08T13:00:00+05:30,26590,26600,26590,26600,15
2026-07-08T13:05:00+05:30,26600,26600,26575,26575,1
2026-07-08T13:10:00+05:30,26575,26590,26550,26570,24
2026-07-08T13:15:00+05:30,26570,26570,26530,26555,50
2026-07-08T13:20:00+05:30,26555,26555,26535,26535,7
2026-07-08T13:25:00+05:30,26535,26535,26510,26515,3
2026-07-08T13:30:00+05:30,26515,26550,26515,26550,37
2026-07-08T13:35:00+05:30,26550,26550,26505,26530,3
2026-07-08T13:40:00+05:30,26530,26530,26520,26520,15
2026-07-08T13:45:00+05:30,26520,26520,26400,26480,330
2026-07-08T13:50:00+05:30,26480,26480,26350,26395,703
2026-07-08T13:55:00+05:30,26395,26395,26195,26205,1040
2026-07-08T14:00:00+05:30,26205,26210,26090,26185,2065
2026-07-08T14:05:00+05:30,26185,26185,26035,26035,876
2026-07-08T14:10:00+05:30,26035,26055,25985,26040,783
2026-07-08T14:15:00+05:30,26040,26095,26000,26015,341
2026-07-08T14:20:00+05:30,26015,26030,25955,25970,262
2026-07-08T14:25:00+05:30,25970,26010,25920,25930,167
2026-07-08T14:30:00+05:30,25930,25940,25835,25895,880
2026-07-08T14:35:00+05:30,25895,25905,25825,25865,531
2026-07-08T14:40:00+05:30,25865,25935,25845,25905,178
2026-07-08T14:45:00+05:30,25905,25930,25900,25920,68
2026-07-08T14:50:00+05:30,25920,25935,25835,25850,476
2026-07-08T14:55:00+05:30,25850,25870,25825,25855,388
2026-07-08T15:00:00+05:30,25835,25890,25805,25845,313
2026-07-08T15:05:00+05:30,25855,25870,25835,25865,249
2026-07-08T15:10:00+05:30,25865,25910,25850,25895,220
2026-07-08T15:15:00+05:30,25905,25950,25905,25920,476
2026-07-08T15:20:00+05:30,25945,25970,25900,25935,486
2026-07-08T15:25:00+05:30,25915,26000,25915,25955,424
2026-07-09T09:15:00+05:30,25910,26205,25905,26150,422
2026-07-09T09:20:00+05:30,26150,26150,26100,26140,146
2026-07-09T09:25:00+05:30,26140,26140,26105,26110,44
2026-07-09T09:30:00+05:30,26110,26245,26105,26245,195
2026-07-09T09:35:00+05:30,26245,26250,26200,26210,84
2026-07-09T09:40:00+05:30,26210,26220,26160,26190,85
2026-07-09T09:45:00+05:30,26190,26275,26140,26220,611
2026-07-09T09:50:00+05:30,26230,26250,26170,26170,167
2026-07-09T09:55:00+05:30,26170,26220,26170,26190,120
2026-07-09T10:00:00+05:30,26190,26210,26150,26150,161
2026-07-09T10:05:00+05:30,26170,26185,26150,26180,56
2026-07-09T10:10:00+05:30,26180,26210,26155,26195,90
2026-07-09T10:15:00+05:30,26195,26205,26175,26175,85
2026-07-09T10:20:00+05:30,26145,26195,26140,26195,161
2026-07-09T10:25:00+05:30,26195,26195,26160,26170,67
2026-07-09T10:30:00+05:30,26180,26205,26175,26200,79
2026-07-09T10:35:00+05:30,26200,26220,26185,26210,133
2026-07-09T10:40:00+05:30,26210,26335,26210,26295,464
2026-07-09T10:45:00+05:30,26295,26295,26215,26215,55
2026-07-09T10:50:00+05:30,26215,26240,26175,26210,299
2026-07-09T10:55:00+05:30,26210,26210,26180,26180,11
2026-07-09T11:00:00+05:30,26180,26195,26160,26170,40
2026-07-09T11:05:00+05:30,26170,26200,26165,26185,22
2026-07-09T11:10:00+05:30,26185,26250,26175,26215,81
2026-07-09T11:15:00+05:30,26215,26220,26205,26205,43
2026-07-09T11:20:00+05:30,26205,26230,26190,26200,107
2026-07-09T11:25:00+05:30,26200,26260,26200,26260,82
2026-07-09T11:30:00+05:30,26260,26320,26250,26300,103
2026-07-09T11:35:00+05:30,26300,26385,26290,26370,352
2026-07-09T11:40:00+05:30,26370,26395,26350,26350,188
2026-07-09T11:45:00+05:30,26350,26395,26350,26370,21
2026-07-09T11:50:00+05:30,26370,26370,26330,26330,25
2026-07-09T11:55:00+05:30,26330,26385,26330,26360,69
2026-07-09T12:00:00+05:30,26360,26425,26360,26405,268
2026-07-09T12:05:00+05:30,26405,26410,26385,26395,41
2026-07-09T12:10:00+05:30,26395,26400,26375,26375,28
2026-07-09T12:15:00+05:30,26375,26385,26375,26375,8
2026-07-09T12:20:00+05:30,26375,26410,26375,26395,53
2026-07-09T12:25:00+05:30,26395,26420,26390,26420,53
2026-07-09T12:30:00+05:30,26420,26455,26420,26425,99
2026-07-09T12:35:00+05:30,26425,26430,26400,26400,67
2026-07-09T12:40:00+05:30,26400,26410,26385,26390,24
2026-07-09T12:45:00+05:30,26390,26430,26385,26415,33
2026-07-09T12:50:00+05:30,26415,26415,26415,26415,21
2026-07-09T12:55:00+05:30,26415,26430,26415,26430,46
2026-07-09T13:00:00+05:30,26430,26430,26395,26395,152
2026-07-09T13:05:00+05:30,26395,26430,26395,26415,61
2026-07-09T13:10:00+05:30,26415,26430,26415,26430,7
2026-07-09T13:15:00+05:30,26425,26430,26415,26425,54
2026-07-09T13:20:00+05:30,26425,26425,26420,26425,30
2026-07-09T13:25:00+05:30,26425,26425,26365,26395,148
2026-07-09T13:30:00+05:30,26395,26410,26380,26400,37
2026-07-09T13:35:00+05:30,26400,26535,26300,26500,591
2026-07-09T13:40:00+05:30,26500,26500,26390,26420,497
2026-07-09T13:45:00+05:30,26420,26480,26420,26425,109
2026-07-09T13:50:00+05:30,26425,26430,26405,26410,21
2026-07-09T13:55:00+05:30,26410,26410,26360,26360,77
2026-07-09T14:00:00+05:30,26360,26470,26325,26450,1136
2026-07-09T14:05:00+05:30,26450,26575,26430,26560,235
2026-07-09T14:10:00+05:30,26560,26575,26490,26530,344
2026-07-09T14:15:00+05:30,26530,26530,26500,26500,72
2026-07-09T14:20:00+05:30,26500,26510,26485,26485,134
2026-07-09T14:25:00+05:30,26485,26500,26485,26500,163
2026-07-09T14:30:00+05:30,26500,26500,26400,26405,502
2026-07-09T14:35:00+05:30,26405,26425,26390,26390,95
2026-07-09T14:40:00+05:30,26390,26405,26360,26375,98
2026-07-09T14:45:00+05:30,26375,26385,26345,26345,43
2026-07-09T14:50:00+05:30,26345,26370,26345,26370,51
2026-07-09T14:55:00+05:30,26370,26370,26330,26365,81
2026-07-09T15:00:00+05:30,26365,26365,26290,26345,352
2026-07-09T15:05:00+05:30,26320,26345,26275,26325,220
2026-07-09T15:10:00+05:30,26305,26320,26280,26280,223
2026-07-09T15:15:00+05:30,26280,26300,26265,26265,323
2026-07-09T15:20:00+05:30,26265,26315,26250,26305,501
2026-07-09T15:25:00+05:30,26300,26325,26255,26280,501
2026-07-10T09:15:00+05:30,26460,26570,26395,26530,297
2026-07-10T09:20:00+05:30,26530,26595,26495,26570,111
2026-07-10T09:25:00+05:30,26570,26630,26570,26610,133
2026-07-10T09:30:00+05:30,26610,26630,26590,26605,102
2026-07-10T09:35:00+05:30,26605,26670,26595,26670,133
2026-07-10T09:40:00+05:30,26655,26675,26645,26670,76
2026-07-10T09:45:00+05:30,26670,26695,26660,26685,211
2026-07-10T09:50:00+05:30,26685,26750,26670,26725,601
2026-07-10T09:55:00+05:30,26725,26810,26725,26785,260
2026-07-10T10:00:00+05:30,26800,26815,26765,26790,144
2026-07-10T10:05:00+05:30,26790,26790,26715,26715,107
2026-07-10T10:10:00+05:30,26715,26740,26715,26725,41
2026-07-10T10:15:00+05:30,26725,26735,26700,26700,84
2026-07-10T10:20:00+05:30,26700,26710,26660,26680,119
2026-07-10T10:25:00+05:30,26680,26680,26610,26630,62
2026-07-10T10:30:00+05:30,26630,26680,26610,26680,100
2026-07-10T10:35:00+05:30,26680,26710,26660,26665,51
2026-07-10T10:40:00+05:30,26665,26680,26650,26680,15
2026-07-10T10:45:00+05:30,26680,26680,26680,26680,51
2026-07-10T10:50:00+05:30,26680,26680,26650,26655,18
2026-07-10T10:55:00+05:30,26655,26655,26640,26640,25
2026-07-10T11:00:00+05:30,26640,26640,26555,26585,177
2026-07-10T11:05:00+05:30,26585,26595,26575,26585,60
2026-07-10T11:10:00+05:30,26585,26595,26565,26570,108
2026-07-10T11:15:00+05:30,26570,26570,26560,26560,3
2026-07-10T11:20:00+05:30,26560,26575,26560,26570,30
2026-07-10T11:25:00+05:30,26570,26570,26550,26550,68
2026-07-10T11:30:00+05:30,26550,26555,26550,26555,21
2026-07-10T11:35:00+05:30,26555,26580,26555,26555,51
2026-07-10T11:40:00+05:30,26555,26570,26535,26540,63
2026-07-10T11:45:00+05:30,26540,26560,26540,26560,6
2026-07-10T11:50:00+05:30,26560,26570,26550,26550,13
2026-07-10T11:55:00+05:30,26550,26550,26530,26530,26
2026-07-10T12:00:00+05:30,26530,26600,26530,26590,59
2026-07-10T12:05:00+05:30,26590,26590,26590,26590,0
2026-07-10T12:10:00+05:30,26590,26590,26550,26555,41
2026-07-10T12:15:00+05:30,26555,26635,26555,26600,63
2026-07-10T12:20:00+05:30,26600,26620,26600,26610,40
2026-07-10T12:25:00+05:30,26610,26640,26610,26640,65
2026-07-10T12:30:00+05:30,26640,26640,26585,26600,32
2026-07-10T12:35:00+05:30,26600,26630,26600,26630,23
2026-07-10T12:40:00+05:30,26630,26630,26630,26630,8
2026-07-10T12:45:00+05:30,26630,26630,26630,26630,13
2026-07-10T12:50:00+05:30,26630,26640,26600,26600,39
2026-07-10T12:55:00+05:30,26600,26600,26600,26600,0
2026-07-10T13:00:00+05:30,26600,26635,26600,26615,62
2026-07-10T13:05:00+05:30,26615,26615,26615,26615,1
2026-07-10T13:10:00+05:30,26615,26615,26615,26615,8
2026-07-10T13:15:00+05:30,26615,26645,26590,26600,54
2026-07-10T13:20:00+05:30,26600,26600,26575,26580,64
2026-07-10T13:25:00+05:30,26580,26590,26580,26590,10
2026-07-10T13:30:00+05:30,26590,26610,26590,26610,9
2026-07-10T13:35:00+05:30,26610,26640,26585,26640,22
2026-07-10T13:40:00+05:30,26640,26640,26620,26630,79
2026-07-10T13:45:00+05:30,26630,26630,26605,26605,27
2026-07-10T13:50:00+05:30,26585,26680,26585,26680,125
2026-07-10T13:55:00+05:30,26680,26680,26615,26640,56
2026-07-10T14:00:00+05:30,26640,26640,26615,26640,45
2026-07-10T14:05:00+05:30,26640,26645,26625,26625,22
2026-07-10T14:10:00+05:30,26625,26625,26625,26625,1
2026-07-10T14:15:00+05:30,26625,26635,26620,26620,23
2026-07-10T14:20:00+05:30,26620,26620,26615,26615,6
2026-07-10T14:25:00+05:30,26615,26615,26585,26585,1
2026-07-10T14:30:00+05:30,26595,26615,26585,26585,14
2026-07-10T14:35:00+05:30,26585,26590,26575,26575,19
2026-07-10T14:40:00+05:30,26575,26630,26575,26630,53
2026-07-10T14:45:00+05:30,26630,26650,26615,26650,71
2026-07-10T14:50:00+05:30,26650,26655,26615,26630,43
2026-07-10T14:55:00+05:30,26630,26630,26610,26610,43
2026-07-10T15:00:00+05:30,26600,26620,26550,26550,170
2026-07-10T15:05:00+05:30,26550,26605,26550,26590,216
2026-07-10T15:10:00+05:30,26590,26600,26570,26575,216
2026-07-10T15:15:00+05:30,26575,26615,26560,26585,328
2026-07-10T15:20:00+05:30,26580,26685,26580,26665,595
2026-07-10T15:25:00+05:30,26680,26690,26630,26690,333
2026-07-13T09:15:00+05:30,26530,26575,26330,26475,373
2026-07-13T09:20:00+05:30,26455,26480,26405,26435,122
2026-07-13T09:25:00+05:30,26435,26480,26415,26470,90
2026-07-13T09:30:00+05:30,26460,26485,26360,26360,91
2026-07-13T09:35:00+05:30,26360,26420,26360,26420,180
2026-07-13T09:40:00+05:30,26440,26450,26370,26370,179
2026-07-13T09:45:00+05:30,26370,26405,26365,26405,38
2026-07-13T09:50:00+05:30,26405,26445,26405,26420,22
2026-07-13T09:55:00+05:30,26420,26425,26420,26420,6
2026-07-13T10:00:00+05:30,26420,26525,26420,26480,240
2026-07-13T10:05:00+05:30,26480,26505,26440,26470,235
2026-07-13T10:10:00+05:30,26470,26500,26470,26480,30
2026-07-13T10:15:00+05:30,26480,26530,26480,26510,79
2026-07-13T10:20:00+05:30,26510,26520,26510,26520,11
2026-07-13T10:25:00+05:30,26520,26520,26455,26490,147
2026-07-13T10:30:00+05:30,26490,26515,26475,26500,28
2026-07-13T10:35:00+05:30,26500,26500,26490,26490,19
2026-07-13T10:40:00+05:30,26490,26510,26475,26490,145
2026-07-13T10:45:00+05:30,26490,26515,26480,26500,36
2026-07-13T10:50:00+05:30,26500,26500,26430,26430,111
2026-07-13T10:55:00+05:30,26430,26470,26430,26470,28
2026-07-13T11:00:00+05:30,26470,26470,26460,26460,63
2026-07-13T11:05:00+05:30,26460,26485,26455,26455,11
2026-07-13T11:10:00+05:30,26455,26475,26455,26475,66
2026-07-13T11:15:00+05:30,26475,26475,26450,26465,9
2026-07-13T11:20:00+05:30,26465,26465,26450,26450,44
2026-07-13T11:25:00+05:30,26450,26460,26440,26445,27
2026-07-13T11:30:00+05:30,26445,26460,26440,26440,6
2026-07-13T11:35:00+05:30,26440,26475,26440,26455,63
2026-07-13T11:40:00+05:30,26440,26455,26440,26455,25
2026-07-13T11:45:00+05:30,26455,26485,26450,26460,156
2026-07-13T11:50:00+05:30,26460,26460,26445,26445,22
2026-07-13T11:55:00+05:30,26445,26465,26445,26450,101
2026-07-13T12:00:00+05:30,26450,26450,26425,26425,51
2026-07-13T12:05:00+05:30,26425,26470,26425,26440,93
2026-07-13T12:10:00+05:30,26440,26495,26440,26495,73
2026-07-13T12:15:00+05:30,26495,26515,26495,26500,41
2026-07-13T12:20:00+05:30,26500,26510,26490,26490,16
2026-07-13T12:25:00+05:30,26490,26490,26480,26480,3
2026-07-13T12:30:00+05:30,26480,26515,26480,26515,11
2026-07-13T12:35:00+05:30,26515,26515,26515,26515,0
2026-07-13T12:40:00+05:30,26515,26515,26485,26485,8
2026-07-13T12:45:00+05:30,26485,26485,26485,26485,0
2026-07-13T12:50:00+05:30,26485,26500,26485,26500,9
2026-07-13T12:55:00+05:30,26500,26500,26500,26500,5
2026-07-13T13:00:00+05:30,26500,26510,26500,26510,1
2026-07-13T13:05:00+05:30,26510,26510,26490,26490,1
2026-07-13T13:10:00+05:30,26490,26495,26490,26495,9
2026-07-13T13:15:00+05:30,26495,26515,26495,26500,69
2026-07-13T13:20:00+05:30,26500,26500,26495,26495,12
2026-07-13T13:25:00+05:30,26495,26495,26465,26480,22
2026-07-13T13:30:00+05:30,26480,26480,26475,26475,8
2026-07-13T13:35:00+05:30,26475,26485,26475,26485,1
2026-07-13T13:40:00+05:30,26485,26485,26475,26475,4
2026-07-13T13:45:00+05:30,26475,26475,26470,26470,37
2026-07-13T13:50:00+05:30,26470,26480,26445,26470,59
2026-07-13T13:55:00+05:30,26470,26485,26470,26480,6
2026-07-13T14:00:00+05:30,26480,26480,26480,26480,3
2026-07-13T14:05:00+05:30,26480,26480,26455,26465,47
2026-07-13T14:10:00+05:30,26465,26525,26465,26505,115
2026-07-13T14:15:00+05:30,26505,26520,26500,26505,32
2026-07-13T14:20:00+05:30,26505,26530,26500,26530,57
2026-07-13T14:25:00+05:30,26530,26530,26490,26490,23
2026-07-13T14:30:00+05:30,26490,26490,26405,26480,211
2026-07-13T14:35:00+05:30,26480,26480,26445,26455,86
2026-07-13T14:40:00+05:30,26455,26460,26455,26460,10
2026-07-13T14:45:00+05:30,26460,26470,26455,26455,17
2026-07-13T14:50:00+05:30,26455,26470,26455,26455,11
2026-07-13T14:55:00+05:30,26455,26455,26430,26450,72
2026-07-13T15:00:00+05:30,26445,26460,26410,26415,549
2026-07-13T15:05:00+05:30,26415,26440,26410,26430,239
2026-07-13T15:10:00+05:30,26430,26430,26415,26430,264
2026-07-13T15:15:00+05:30,26430,26440,26415,26415,589
2026-07-13T15:20:00+05:30,26405,26425,26405,26420,432
2026-07-13T15:25:00+05:30,26420,26420,26350,26350,345
2026-07-14T09:15:00+05:30,26290,26325,26160,26175,429
2026-07-14T09:20:00+05:30,26150,26225,26150,26220,78
2026-07-14T09:25:00+05:30,26220,26235,26190,26235,31
2026-07-14T09:30:00+05:30,26235,26270,26175,26240,127
2026-07-14T09:35:00+05:30,26240,26240,26110,26110,158
2026-07-14T09:40:00+05:30,26110,26135,26075,26115,130
2026-07-14T09:45:00+05:30,26075,26085,26015,26045,312
2026-07-14T09:50:00+05:30,26055,26060,26020,26020,160
2026-07-14T09:55:00+05:30,26020,26070,26020,26055,272
2026-07-14T10:00:00+05:30,26055,26150,26055,26150,245
2026-07-14T10:05:00+05:30,26150,26155,26120,26125,117
2026-07-14T10:10:00+05:30,26125,26180,26120,26180,65
2026-07-14T10:15:00+05:30,26180,26215,26165,26190,74
2026-07-14T10:20:00+05:30,26180,26200,26170,26190,20
2026-07-14T10:25:00+05:30,26190,26240,26180,26180,58
2026-07-14T10:30:00+05:30,26200,26285,26180,26275,255
2026-07-14T10:35:00+05:30,26275,26275,26230,26240,47
2026-07-14T10:40:00+05:30,26225,26225,26110,26115,192
2026-07-14T10:45:00+05:30,26115,26230,26115,26210,72
2026-07-14T10:50:00+05:30,26210,26210,26180,26180,4
2026-07-14T10:55:00+05:30,26180,26210,26170,26185,46
2026-07-14T11:00:00+05:30,26185,26275,26185,26230,124
2026-07-14T11:05:00+05:30,26230,26265,26220,26220,44
2026-07-14T11:10:00+05:30,26220,26285,26220,26280,166
2026-07-14T11:15:00+05:30,26280,26290,26250,26265,125
2026-07-14T11:20:00+05:30,26265,26270,26240,26240,37
2026-07-14T11:25:00+05:30,26250,26265,26230,26260,26
2026-07-14T11:30:00+05:30,26260,26275,26220,26220,49
2026-07-14T11:35:00+05:30,26220,26245,26210,26240,81
2026-07-14T11:40:00+05:30,26240,26240,26210,26215,24
2026-07-14T11:45:00+05:30,26215,26225,26190,26220,100
2026-07-14T11:50:00+05:30,26220,26240,26205,26230,28
2026-07-14T11:55:00+05:30,26230,26230,26205,26215,29
2026-07-14T12:00:00+05:30,26215,26245,26210,26215,29
2026-07-14T12:05:00+05:30,26215,26230,26205,26205,9
2026-07-14T12:10:00+05:30,26205,26245,26195,26220,84
2026-07-14T12:15:00+05:30,26225,26245,26220,26225,26
2026-07-14T12:20:00+05:30,26225,26230,26115,26115,70
2026-07-14T12:25:00+05:30,26115,26125,26095,26115,67
2026-07-14T12:30:00+05:30,26115,26150,26105,26140,82
2026-07-14T12:35:00+05:30,26135,26205,26135,26170,107
2026-07-14T12:40:00+05:30,26170,26220,26170,26190,291
2026-07-14T12:45:00+05:30,26190,26210,26150,26190,181
2026-07-14T12:50:00+05:30,26190,26215,26175,26185,100
2026-07-14T12:55:00+05:30,26185,26240,26185,26205,228
2026-07-14T13:00:00+05:30,26205,26205,26160,26200,145
2026-07-14T13:05:00+05:30,26200,26225,26185,26210,48
2026-07-14T13:10:00+05:30,26210,26220,26200,26205,159
2026-07-14T13:15:00+05:30,26205,26230,26195,26225,116
2026-07-14T13:20:00+05:30,26225,26240,26200,26225,68
2026-07-14T13:25:00+05:30,26225,26240,26200,26225,100
2026-07-14T13:30:00+05:30,26225,26225,26195,26195,72
2026-07-14T13:35:00+05:30,26195,26200,26175,26180,59
2026-07-14T13:40:00+05:30,26180,26225,26175,26195,138
2026-07-14T13:45:00+05:30,26200,26220,26195,26215,25
2026-07-14T13:50:00+05:30,26215,26230,26190,26230,133
2026-07-14T13:55:00+05:30,26230,26245,26200,26225,93
2026-07-14T14:00:00+05:30,26225,26280,26215,26275,104
2026-07-14T14:05:00+05:30,26275,26295,26255,26285,218
2026-07-14T14:10:00+05:30,26285,26290,26245,26245,89
2026-07-14T14:15:00+05:30,26245,26285,26245,26275,372
2026-07-14T14:20:00+05:30,26275,26285,26265,26270,214
2026-07-14T14:25:00+05:30,26270,26275,26255,26255,69
2026-07-14T14:30:00+05:30,26255,26255,26235,26245,574
2026-07-14T14:35:00+05:30,26245,26275,26245,26275,79
2026-07-14T14:40:00+05:30,26275,26275,26250,26260,59
2026-07-14T14:45:00+05:30,26260,26260,26240,26240,132
2026-07-14T14:50:00+05:30,26245,26255,26215,26215,208
2026-07-14T14:55:00+05:30,26215,26270,26215,26250,131
2026-07-14T15:00:00+05:30,26255,26270,26220,26250,193
2026-07-14T15:05:00+05:30,26250,26275,26235,26270,226
2026-07-14T15:10:00+05:30,26270,26280,26250,26260,312
2026-07-14T15:15:00+05:30,26260,26290,26260,26285,223
2026-07-14T15:20:00+05:30,26270,26320,26270,26320,349
2026-07-14T15:25:00+05:30,26300,26335,26280,26285,291
2026-07-15T09:15:00+05:30,26285,26530,26285,26530,180
2026-07-15T09:20:00+05:30,26520,26560,26480,26525,97
2026-07-15T09:25:00+05:30,26540,26580,26520,26520,164
2026-07-15T09:30:00+05:30,26520,26655,26515,26630,127
2026-07-15T09:35:00+05:30,26630,26630,26570,26590,87
2026-07-15T09:40:00+05:30,26590,26590,26535,26545,78
2026-07-15T09:45:00+05:30,26545,26595,26545,26555,47
2026-07-15T09:50:00+05:30,26555,26580,26515,26515,50
2026-07-15T09:55:00+05:30,26515,26530,26515,26530,14
2026-07-15T10:00:00+05:30,26530,26530,26505,26515,67
2026-07-15T10:05:00+05:30,26515,26540,26515,26540,31
2026-07-15T10:10:00+05:30,26540,26565,26520,26565,88
2026-07-15T10:15:00+05:30,26565,26800,26530,26735,796
2026-07-15T10:20:00+05:30,26735,26815,26735,26795,362
2026-07-15T10:25:00+05:30,26795,26890,26760,26890,553
2026-07-15T10:30:00+05:30,26880,27045,26840,26960,663
2026-07-15T10:35:00+05:30,26960,27010,26930,26980,241
2026-07-15T10:40:00+05:30,26980,26980,26930,26930,97
2026-07-15T10:45:00+05:30,26930,26935,26820,26820,181
2026-07-15T10:50:00+05:30,26820,26900,26820,26900,176
2026-07-15T10:55:00+05:30,26905,26905,26800,26800,256
2026-07-15T11:00:00+05:30,26800,26830,26800,26830,39
2026-07-15T11:05:00+05:30,26830,26860,26815,26855,68
2026-07-15T11:10:00+05:30,26855,26910,26760,26830,833
2026-07-15T11:15:00+05:30,26830,26840,26780,26795,84
2026-07-15T11:20:00+05:30,26795,26795,26745,26785,315
2026-07-15T11:25:00+05:30,26785,26840,26770,26785,83
2026-07-15T11:30:00+05:30,26785,26890,26785,26885,123
2026-07-15T11:35:00+05:30,26885,26940,26875,26915,161
2026-07-15T11:40:00+05:30,26915,26925,26885,26910,107
2026-07-15T11:45:00+05:30,26910,26910,26840,26860,96
2026-07-15T11:50:00+05:30,26860,26860,26805,26810,158
2026-07-15T11:55:00+05:30,26810,26820,26760,26820,359
2026-07-15T12:00:00+05:30,26820,26830,26800,26805,12
2026-07-15T12:05:00+05:30,26805,26815,26800,26800,10
2026-07-15T12:10:00+05:30,26800,26840,26800,26820,73
2026-07-15T12:15:00+05:30,26820,26820,26815,26815,17
2026-07-15T12:20:00+05:30,26815,26835,26815,26815,14
2026-07-15T12:25:00+05:30,26815,26815,26760,26785,107
2026-07-15T12:30:00+05:30,26785,26800,26770,26775,120
2026-07-15T12:35:00+05:30,26775,26790,26760,26790,304
2026-07-15T12:40:00+05:30,26790,26805,26775,26780,111
2026-07-15T12:45:00+05:30,26780,26825,26780,26810,72
2026-07-15T12:50:00+05:30,26810,26815,26785,26785,53
2026-07-15T12:55:00+05:30,26785,26795,26705,26735,616
2026-07-15T13:00:00+05:30,26735,26790,26725,26765,199
2026-07-15T13:05:00+05:30,26765,26770,26735,26750,98
2026-07-15T13:10:00+05:30,26750,26770,26750,26755,66
2026-07-15T13:15:00+05:30,26755,26800,26755,26785,74
2026-07-15T13:20:00+05:30,26785,26860,26785,26855,333
2026-07-15T13:25:00+05:30,26855,26855,26835,26835,14
2026-07-15T13:30:00+05:30,26835,26845,26820,26820,100
2026-07-15T13:35:00+05:30,26815,26830,26815,26815,39
2026-07-15T13:40:00+05:30,26815,26825,26800,26805,27
2026-07-15T13:45:00+05:30,26805,26850,26800,26835,266
2026-07-15T13:50:00+05:30,26835,26845,26810,26810,114
2026-07-15T13:55:00+05:30,26810,26830,26800,26815,74
2026-07-15T14:00:00+05:30,26815,26845,26815,26845,34
2026-07-15T14:05:00+05:30,26845,26900,26840,26900,111
2026-07-15T14:10:00+05:30,26900,26900,26870,26890,98
2026-07-15T14:15:00+05:30,26890,26930,26885,26930,62
2026-07-15T14:20:00+05:30,26900,26970,26875,26970,637
2026-07-15T14:25:00+05:30,26970,26975,26930,26945,200
2026-07-15T14:30:00+05:30,26945,26960,26945,26945,91
2026-07-15T14:35:00+05:30,26945,26965,26940,26965,85
2026-07-15T14:40:00+05:30,26965,26965,26910,26910,193
2026-07-15T14:45:00+05:30,26910,26925,26875,26925,429
2026-07-15T14:50:00+05:30,26925,26930,26880,26930,1061
2026-07-15T14:55:00+05:30,26930,26930,26880,26920,238
2026-07-15T15:00:00+05:30,26900,26960,26885,26940,1610
2026-07-15T15:05:00+05:30,26940,26960,26930,26945,545
2026-07-15T15:10:00+05:30,26945,26955,26930,26935,340
2026-07-15T15:15:00+05:30,26950,26955,26925,26940,474
2026-07-15T15:20:00+05:30,26950,26960,26925,26960,623
2026-07-15T15:25:00+05:30,26925,26990,26910,26940,555
2026-07-16T09:15:00+05:30,27050,27100,26845,26995,780
2026-07-16T09:20:00+05:30,26995,27055,26950,26980,359
2026-07-16T09:25:00+05:30,26980,27000,26920,26925,249
2026-07-16T09:30:00+05:30,26925,26950,26925,26925,114
2026-07-16T09:35:00+05:30,26925,27000,26915,26995,204
2026-07-16T09:40:00+05:30,26995,27050,26995,27025,287
2026-07-16T09:45:00+05:30,27025,27050,27015,27015,130
2026-07-16T09:50:00+05:30,27035,27065,27015,27065,199
2026-07-16T09:55:00+05:30,27065,27080,27035,27035,114
2026-07-16T10:00:00+05:30,27055,27070,27035,27045,100
2026-07-16T10:05:00+05:30,27045,27190,27045,27190,669
2026-07-16T10:10:00+05:30,27165,27190,27160,27185,160
2026-07-16T10:15:00+05:30,27185,27185,27160,27175,198
2026-07-16T10:20:00+05:30,27175,27180,27160,27160,131
2026-07-16T10:25:00+05:30,27170,27180,27150,27175,132
2026-07-16T10:30:00+05:30,27175,27200,27170,27170,229
2026-07-16T10:35:00+05:30,27170,27190,27170,27170,35
2026-07-16T10:40:00+05:30,27175,27185,27170,27180,75
2026-07-16T10:45:00+05:30,27180,27260,27095,27105,533
2026-07-16T10:50:00+05:30,27110,27155,27095,27100,220
2026-07-16T10:55:00+05:30,27100,27115,27085,27090,82
2026-07-16T11:00:00+05:30,27090,27090,27055,27060,212
2026-07-16T11:05:00+05:30,27060,27080,27060,27060,94
2026-07-16T11:10:00+05:30,27060,27090,27060,27075,129
2026-07-16T11:15:00+05:30,27075,27090,27050,27050,132
2026-07-16T11:20:00+05:30,27065,27130,27065,27105,220
2026-07-16T11:25:00+05:30,27105,27125,27095,27095,111
2026-07-16T11:30:00+05:30,27095,27115,27085,27105,154
2026-07-16T11:35:00+05:30,27100,27100,27090,27090,98
2026-07-16T11:40:00+05:30,27090,27105,27085,27090,164
2026-07-16T11:45:00+05:30,27090,27090,27060,27060,147
2026-07-16T11:50:00+05:30,27060,27075,27050,27075,146
2026-07-16T11:55:00+05:30,27075,27080,27070,27070,107
2026-07-16T12:00:00+05:30,27070,27075,27070,27070,88
2026-07-16T12:05:00+05:30,27070,27085,27065,27075,103
2026-07-16T12:10:00+05:30,27075,27075,27065,27075,89
2026-07-16T12:15:00+05:30,27075,27075,27025,27040,216
2026-07-16T12:20:00+05:30,27040,27080,27035,27070,196
2026-07-16T12:25:00+05:30,27070,27080,27065,27070,97
2026-07-16T12:30:00+05:30,27070,27070,27050,27055,268
2026-07-16T12:35:00+05:30,27055,27080,27050,27070,174
2026-07-16T12:40:00+05:30,27070,27075,27060,27060,260
2026-07-16T12:45:00+05:30,27060,27060,27050,27050,94
2026-07-16T12:50:00+05:30,27050,27075,27050,27070,639
2026-07-16T12:55:00+05:30,27070,27075,27045,27060,407
2026-07-16T13:00:00+05:30,27060,27100,27045,27100,1673
2026-07-16T13:05:00+05:30,27100,27100,27070,27070,100
2026-07-16T13:10:00+05:30,27075,27090,27070,27075,155
2026-07-16T13:15:00+05:30,27075,27075,27070,27070,112
2026-07-16T13:20:00+05:30,27070,27090,27070,27070,105
2026-07-16T13:25:00+05:30,27070,27080,27070,27070,137
2026-07-16T13:30:00+05:30,27070,27070,27000,27000,1117
2026-07-16T13:35:00+05:30,27000,27010,26990,26990,211
2026-07-16T13:40:00+05:30,26990,27070,26990,27055,3806
2026-07-16T13:45:00+05:30,27055,27090,27025,27025,1146
2026-07-16T13:50:00+05:30,27025,27050,27025,27050,214
2026-07-16T13:55:00+05:30,27050,27085,27050,27070,109
2026-07-16T14:00:00+05:30,27070,27080,27060,27065,109
2026-07-16T14:05:00+05:30,27065,27070,27060,27060,92
2026-07-16T14:10:00+05:30,27060,27070,27060,27060,175
2026-07-16T14:15:00+05:30,27060,27080,27060,27065,204
2026-07-16T14:20:00+05:30,27065,27100,27065,27080,281
2026-07-16T14:25:00+05:30,27080,27085,27035,27035,345
2026-07-16T14:30:00+05:30,27040,27095,27040,27060,159
2026-07-16T14:35:00+05:30,27060,27080,27060,27065,115
2026-07-16T14:40:00+05:30,27080,27085,27065,27080,144
2026-07-16T14:45:00+05:30,27080,27105,27075,27105,184
2026-07-16T14:50:00+05:30,27105,27115,27100,27100,162
2026-07-16T14:55:00+05:30,27105,27120,27100,27110,326
2026-07-16T15:00:00+05:30,27110,27110,26995,27050,3869
2026-07-16T15:05:00+05:30,27050,27050,26995,27000,3776
2026-07-16T15:10:00+05:30,26995,26995,26955,26965,2339
2026-07-16T15:15:00+05:30,26965,26965,26930,26930,2564
2026-07-16T15:20:00+05:30,26950,27000,26935,26945,2886
2026-07-16T15:25:00+05:30,26945,26995,26710,26710,1300
2026-07-17T09:15:00+05:30,26995,26995,26800,26830,974
2026-07-17T09:20:00+05:30,26830,26855,26645,26730,283
2026-07-17T09:25:00+05:30,26730,26760,26715,26760,105
2026-07-17T09:30:00+05:30,26760,26850,26745,26830,237
2026-07-17T09:35:00+05:30,26830,26935,26790,26920,202
2026-07-17T09:40:00+05:30,26905,26905,26775,26800,258
2026-07-17T09:45:00+05:30,26800,26835,26780,26805,144
2026-07-17T09:50:00+05:30,26805,26815,26725,26735,260
2026-07-17T09:55:00+05:30,26735,26750,26680,26715,294
2026-07-17T10:00:00+05:30,26715,26755,26680,26710,181
2026-07-17T10:05:00+05:30,26710,26760,26705,26760,128
2026-07-17T10:10:00+05:30,26760,26775,26730,26760,131
2026-07-17T10:15:00+05:30,26760,26770,26720,26760,257
2026-07-17T10:20:00+05:30,26760,26790,26705,26760,146
2026-07-17T10:25:00+05:30,26780,26785,26740,26745,151
2026-07-17T10:30:00+05:30,26745,26745,26720,26745,139
2026-07-17T10:35:00+05:30,26745,26745,26690,26700,142
2026-07-17T10:40:00+05:30,26700,26730,26690,26725,166
2026-07-17T10:45:00+05:30,26725,26725,26650,26650,330
2026-07-17T10:50:00+05:30,26650,26665,26620,26630,334
2026-07-17T10:55:00+05:30,26630,26670,26630,26630,190
2026-07-17T11:00:00+05:30,26630,26635,26610,26620,88
2026-07-17T11:05:00+05:30,26620,26685,26620,26640,172
2026-07-17T11:10:00+05:30,26640,26660,26630,26640,259
2026-07-17T11:15:00+05:30,26640,26655,26610,26610,120
2026-07-17T11:20:00+05:30,26610,26620,26580,26610,198
2026-07-17T11:25:00+05:30,26610,26620,26595,26615,92
2026-07-17T11:30:00+05:30,26615,26615,26585,26600,104
2026-07-17T11:35:00+05:30,26600,26640,26600,26625,129
2026-07-17T11:40:00+05:30,26625,26665,26625,26640,110
2026-07-17T11:45:00+05:30,26640,26640,26605,26610,90
2026-07-17T11:50:00+05:30,26610,26685,26610,26670,192
2026-07-17T11:55:00+05:30,26670,26695,26660,26660,92
2026-07-17T12:00:00+05:30,26645,26645,26620,26620,79
2026-07-17T12:05:00+05:30,26620,26655,26615,26645,85
2026-07-17T12:10:00+05:30,26645,26665,26600,26600,93
2026-07-17T12:15:00+05:30,26600,26625,26600,26605,78
2026-07-17T12:20:00+05:30,26605,26625,26590,26600,69
2026-07-17T12:25:00+05:30,26600,26600,26565,26580,109
2026-07-17T12:30:00+05:30,26580,26595,26550,26595,134
2026-07-17T12:35:00+05:30,26600,26635,26600,26615,101
2026-07-17T12:40:00+05:30,26615,26620,26600,26600,75
2026-07-17T12:45:00+05:30,26600,26660,26600,26610,86
2026-07-17T12:50:00+05:30,26610,26610,26580,26580,89
2026-07-17T12:55:00+05:30,26580,26600,26570,26600,86
2026-07-17T13:00:00+05:30,26600,26600,26585,26590,54
2026-07-17T13:05:00+05:30,26595,26595,26580,26585,74
2026-07-17T13:10:00+05:30,26585,26615,26585,26595,75
2026-07-17T13:15:00+05:30,26595,26610,26555,26575,142
2026-07-17T13:20:00+05:30,26575,26625,26575,26595,98
2026-07-17T13:25:00+05:30,26595,26615,26590,26595,50
2026-07-17T13:30:00+05:30,26595,26600,26595,26595,67
2026-07-17T13:35:00+05:30,26595,26620,26595,26605,52
2026-07-17T13:40:00+05:30,26605,26610,26575,26580,115
2026-07-17T13:45:00+05:30,26580,26605,26580,26590,54
2026-07-17T13:50:00+05:30,26590,26590,26510,26535,226
2026-07-17T13:55:00+05:30,26535,26560,26520,26525,164
2026-07-17T14:00:00+05:30,26525,26535,26510,26510,177
2026-07-17T14:05:00+05:30,26510,26530,26480,26480,185
2026-07-17T14:10:00+05:30,26480,26515,26480,26495,83
2026-07-17T14:15:00+05:30,26500,26605,26500,26535,202
2026-07-17T14:20:00+05:30,26535,26535,26510,26515,69
2026-07-17T14:25:00+05:30,26515,26545,26510,26540,117
2026-07-17T14:30:00+05:30,26540,26595,26525,26530,226
2026-07-17T14:35:00+05:30,26530,26545,26525,26525,68
2026-07-17T14:40:00+05:30,26525,26575,26520,26555,109
2026-07-17T14:45:00+05:30,26555,26580,26530,26545,122
2026-07-17T14:50:00+05:30,26545,26580,26545,26580,104
2026-07-17T14:55:00+05:30,26570,26585,26525,26535,228
2026-07-17T15:00:00+05:30,26535,26570,26535,26555,184
2026-07-17T15:05:00+05:30,26565,26570,26545,26555,175
2026-07-17T15:10:00+05:30,26555,26580,26550,26555,171
2026-07-17T15:15:00+05:30,26555,26565,26465,26490,423
2026-07-17T15:20:00+05:30,26490,26525,26470,26500,540
2026-07-17T15:25:00+05:30,26505,26520,26400,26400,529
2026-07-20T09:15:00+05:30,26515,26555,26400,26490,220
2026-07-20T09:20:00+05:30,26485,26535,26480,26535,53
2026-07-20T09:25:00+05:30,26535,26555,26475,26500,104
2026-07-20T09:30:00+05:30,26500,26595,26450,26595,58
2026-07-20T09:35:00+05:30,26595,26640,26595,26620,125
2026-07-20T09:40:00+05:30,26620,26620,26590,26610,35
2026-07-20T09:45:00+05:30,26610,26640,26610,26610,66
2026-07-20T09:50:00+05:30,26610,26640,26610,26635,48
2026-07-20T09:55:00+05:30,26635,26655,26635,26655,9
2026-07-20T10:00:00+05:30,26655,26680,26655,26680,49
2026-07-20T10:05:00+05:30,26680,26705,26655,26655,112
2026-07-20T10:10:00+05:30,26655,26660,26655,26655,28
2026-07-20T10:15:00+05:30,26655,26720,26655,26705,27
2026-07-20T10:20:00+05:30,26705,26720,26685,26685,31
2026-07-20T10:25:00+05:30,26685,26710,26685,26700,24
2026-07-20T10:30:00+05:30,26700,26720,26700,26700,18
2026-07-20T10:35:00+05:30,26700,26705,26685,26685,35
2026-07-20T10:40:00+05:30,26685,26695,26675,26675,24
2026-07-20T10:45:00+05:30,26675,26695,26675,26695,6
2026-07-20T10:50:00+05:30,26695,26715,26680,26715,19
2026-07-20T10:55:00+05:30,26715,26730,26715,26730,22
2026-07-20T11:00:00+05:30,26730,26730,26685,26710,47
2026-07-20T11:05:00+05:30,26710,26710,26695,26695,8
2026-07-20T11:10:00+05:30,26695,26705,26695,26705,8
2026-07-20T11:15:00+05:30,26705,26705,26685,26700,22
2026-07-20T11:20:00+05:30,26700,26720,26700,26705,5
2026-07-20T11:25:00+05:30,26705,26725,26700,26720,15
2026-07-20T11:30:00+05:30,26720,26725,26705,26705,11
2026-07-20T11:35:00+05:30,26705,26705,26705,26705,1
2026-07-20T11:40:00+05:30,26705,26740,26705,26725,19
2026-07-20T11:45:00+05:30,26725,26750,26725,26735,20
2026-07-20T11:50:00+05:30,26735,26800,26730,26735,113
2026-07-20T11:55:00+05:30,26735,26780,26735,26760,66
2026-07-20T12:00:00+05:30,26760,26775,26760,26760,23
2026-07-20T12:05:00+05:30,26760,26760,26680,26690,126
2026-07-20T12:10:00+05:30,26735,26750,26710,26750,21
2026-07-20T12:15:00+05:30,26750,26785,26690,26785,201
2026-07-20T12:20:00+05:30,26775,26810,26775,26775,79
2026-07-20T12:25:00+05:30,26775,26790,26765,26770,15
2026-07-20T12:30:00+05:30,26770,26800,26770,26800,19
2026-07-20T12:35:00+05:30,26800,26825,26760,26770,306
2026-07-20T12:40:00+05:30,26770,26770,26730,26735,58
2026-07-20T12:45:00+05:30,26735,26760,26735,26745,20
2026-07-20T12:50:00+05:30,26745,26755,26725,26735,31
2026-07-20T12:55:00+05:30,26735,26845,26735,26830,93
2026-07-20T13:00:00+05:30,26830,26850,26820,26820,68
2026-07-20T13:05:00+05:30,26820,26850,26800,26825,86
2026-07-20T13:10:00+05:30,26825,26890,26805,26890,74
2026-07-20T13:15:00+05:30,26885,26890,26860,26860,63
2026-07-20T13:20:00+05:30,26860,26900,26860,26885,30
2026-07-20T13:25:00+05:30,26885,26915,26875,26895,41
2026-07-20T13:30:00+05:30,26895,26915,26895,26900,19
2026-07-20T13:35:00+05:30,26900,26915,26880,26880,98
2026-07-20T13:40:00+05:30,26880,26900,26875,26875,23
2026-07-20T13:45:00+05:30,26875,26890,26850,26850,29
2026-07-20T13:50:00+05:30,26850,26865,26835,26835,41
2026-07-20T13:55:00+05:30,26835,26860,26835,26840,15
2026-07-20T14:00:00+05:30,26840,26855,26840,26840,29
2026-07-20T14:05:00+05:30,26840,26880,26840,26845,145
2026-07-20T14:10:00+05:30,26845,26865,26840,26855,52
2026-07-20T14:15:00+05:30,26855,26855,26830,26850,146
2026-07-20T14:20:00+05:30,26850,26915,26800,26915,284
2026-07-20T14:25:00+05:30,26895,27125,26895,27060,580
2026-07-20T14:30:00+05:30,27060,27075,26935,26935,323
2026-07-20T14:35:00+05:30,26950,26965,26940,26940,83
2026-07-20T14:40:00+05:30,26940,26950,26910,26925,101
2026-07-20T14:45:00+05:30,26925,26925,26855,26900,390
2026-07-20T14:50:00+05:30,26900,26920,26880,26880,68
2026-07-20T14:55:00+05:30,26880,26895,26875,26880,83
2026-07-20T15:00:00+05:30,26900,26935,26875,26905,208
2026-07-20T15:05:00+05:30,26890,26890,26810,26835,296
2026-07-20T15:10:00+05:30,26835,26835,26760,26790,304
2026-07-20T15:15:00+05:30,26815,26830,26800,26820,199
2026-07-20T15:20:00+05:30,26830,26880,26815,26880,288
2026-07-20T15:25:00+05:30,26880,26920,26845,26905,426
2026-07-21T09:15:00+05:30,26790,27130,26785,27050,629
2026-07-21T09:20:00+05:30,27060,27080,26980,27025,243
2026-07-21T09:25:00+05:30,27025,27075,26985,27045,163
2026-07-21T09:30:00+05:30,27045,27200,27045,27130,356
2026-07-21T09:35:00+05:30,27120,27220,27110,27120,444
2026-07-21T09:40:00+05:30,27120,27165,27095,27115,178
2026-07-21T09:45:00+05:30,27115,27115,27070,27080,64
2026-07-21T09:50:00+05:30,27080,27155,27070,27140,145
2026-07-21T09:55:00+05:30,27145,27175,27115,27175,177
2026-07-21T10:00:00+05:30,27175,27245,27145,27235,607
2026-07-21T10:05:00+05:30,27235,27235,27185,27190,163
2026-07-21T10:10:00+05:30,27190,27190,27120,27120,57
2026-07-21T10:15:00+05:30,27125,27140,27075,27090,237
2026-07-21T10:20:00+05:30,27090,27095,27000,27030,344
2026-07-21T10:25:00+05:30,27030,27060,27025,27040,126
2026-07-21T10:30:00+05:30,27060,27070,27030,27045,554
2026-07-21T10:35:00+05:30,27045,27060,26960,26970,153
2026-07-21T10:40:00+05:30,26970,27000,26970,26990,132
2026-07-21T10:45:00+05:30,26990,27020,26945,26975,206
2026-07-21T10:50:00+05:30,26975,26990,26965,26985,48
2026-07-21T10:55:00+05:30,26985,27000,26960,26980,35
2026-07-21T11:00:00+05:30,26980,27000,26960,27000,118
2026-07-21T11:05:00+05:30,27000,27000,26945,26960,207
2026-07-21T11:10:00+05:30,26960,26980,26930,26930,93
2026-07-21T11:15:00+05:30,26930,26995,26930,26975,31
2026-07-21T11:20:00+05:30,26975,26975,26925,26935,16
2026-07-21T11:25:00+05:30,26935,26935,26900,26910,176
2026-07-21T11:30:00+05:30,26910,26930,26880,26930,100
2026-07-21T11:35:00+05:30,26930,26945,26910,26945,113
2026-07-21T11:40:00+05:30,26945,26945,26920,26940,88
2026-07-21T11:45:00+05:30,26940,26940,26920,26935,9
2026-07-21T11:50:00+05:30,26935,26935,26920,26930,9
2026-07-21T11:55:00+05:30,26930,26980,26930,26975,42
2026-07-21T12:00:00+05:30,26970,26995,26970,26995,19
2026-07-21T12:05:00+05:30,26995,26995,26910,26910,133
2026-07-21T12:10:00+05:30,26910,26995,26910,26995,106
2026-07-21T12:15:00+05:30,26995,27050,26980,27025,215
2026-07-21T12:20:00+05:30,27025,27025,27010,27010,3
2026-07-21T12:25:00+05:30,27010,27045,26970,26970,34
2026-07-21T12:30:00+05:30,26970,27010,26970,27010,19
2026-07-21T12:35:00+05:30,27010,27010,26965,26970,23
2026-07-21T12:40:00+05:30,26970,26970,26960,26965,37
2026-07-21T12:45:00+05:30,26965,26965,26940,26950,72
2026-07-21T12:50:00+05:30,26950,26950,26940,26940,20
2026-07-21T12:55:00+05:30,26975,26975,26935,26945,55
2026-07-21T13:00:00+05:30,26945,26945,26905,26930,34
2026-07-21T13:05:00+05:30,26930,26950,26905,26950,33
2026-07-21T13:10:00+05:30,26950,26965,26950,26965,116
2026-07-21T13:15:00+05:30,26965,26965,26965,26965,4
2026-07-21T13:20:00+05:30,26965,26970,26965,26965,48
2026-07-21T13:25:00+05:30,26965,26965,26945,26945,11
2026-07-21T13:30:00+05:30,26945,26990,26945,26975,37
2026-07-21T13:35:00+05:30,26975,27005,26975,27005,19
2026-07-21T13:40:00+05:30,27005,27040,27005,27035,103
2026-07-21T13:45:00+05:30,27035,27035,27005,27005,30
2026-07-21T13:50:00+05:30,27005,27030,27000,27015,92
2026-07-21T13:55:00+05:30,27015,27020,27005,27020,42
2026-07-21T14:00:00+05:30,27020,27065,27015,27050,151
2026-07-21T14:05:00+05:30,27050,27230,27030,27230,5104
2026-07-21T14:10:00+05:30,27230,27235,27215,27225,377
2026-07-21T14:15:00+05:30,27225,27235,27210,27210,129
2026-07-21T14:20:00+05:30,27220,27240,27200,27220,411
2026-07-21T14:25:00+05:30,27220,27245,27215,27240,172
2026-07-21T14:30:00+05:30,27240,27240,27200,27215,513
2026-07-21T14:35:00+05:30,27215,27225,27200,27210,258
2026-07-21T14:40:00+05:30,27210,27235,27210,27235,90
2026-07-21T14:45:00+05:30,27235,27245,27220,27240,165
2026-07-21T14:50:00+05:30,27215,27235,27215,27235,97
2026-07-21T14:55:00+05:30,27225,27245,27220,27245,376
2026-07-21T15:00:00+05:30,27245,27260,27220,27245,476
2026-07-21T15:05:00+05:30,27245,27265,27240,27265,301
2026-07-21T15:10:00+05:30,27265,27265,27230,27245,303
2026-07-21T15:15:00+05:30,27235,27270,27215,27235,902
2026-07-21T15:20:00+05:30,27245,27280,27230,27255,1733
2026-07-21T15:25:00+05:30,27240,27285,27220,27285,683
2026-07-22T09:15:00+05:30,27245,27245,27005,27060,418
2026-07-22T09:20:00+05:30,27060,27070,26850,26900,667
2026-07-22T09:25:00+05:30,26900,26900,26800,26825,408
2026-07-22T09:30:00+05:30,26785,26830,26785,26825,196
2026-07-22T09:35:00+05:30,26825,26825,26760,26810,237
2026-07-22T09:40:00+05:30,26810,26885,26810,26870,233
2026-07-22T09:45:00+05:30,26870,26900,26850,26850,77
2026-07-22T09:50:00+05:30,26850,26890,26850,26880,57
2026-07-22T09:55:00+05:30,26880,26880,26850,26850,83
2026-07-22T10:00:00+05:30,26885,26885,26860,26860,106
2026-07-22T10:05:00+05:30,26860,26990,26860,26930,290
2026-07-22T10:10:00+05:30,26930,26970,26905,26940,163
2026-07-22T10:15:00+05:30,26940,26950,26875,26905,255
2026-07-22T10:20:00+05:30,26905,26920,26895,26895,53
2026-07-22T10:25:00+05:30,26895,26900,26885,26885,50
2026-07-22T10:30:00+05:30,26885,26930,26885,26920,116
2026-07-22T10:35:00+05:30,26920,26920,26895,26910,47
2026-07-22T10:40:00+05:30,26910,26930,26900,26900,59
2026-07-22T10:45:00+05:30,26900,26945,26900,26945,52
2026-07-22T10:50:00+05:30,26945,26945,26920,26925,22
2026-07-22T10:55:00+05:30,26925,26925,26925,26925,20
2026-07-22T11:00:00+05:30,26925,26925,26840,26855,103
2026-07-22T11:05:00+05:30,26855,26855,26810,26825,50
2026-07-22T11:10:00+05:30,26825,26825,26785,26785,219
2026-07-22T11:15:00+05:30,26805,26825,26785,26825,127
2026-07-22T11:20:00+05:30,26825,26825,26710,26720,477
2026-07-22T11:25:00+05:30,26720,26790,26705,26790,185
2026-07-22T11:30:00+05:30,26790,26790,26760,26785,34
2026-07-22T11:35:00+05:30,26785,26815,26785,26810,24
2026-07-22T11:40:00+05:30,26810,26865,26810,26850,145
2026-07-22T11:45:00+05:30,26850,26850,26835,26850,18
2026-07-22T11:50:00+05:30,26850,26850,26830,26835,17
2026-07-22T11:55:00+05:30,26835,26835,26815,26815,41
2026-07-22T12:00:00+05:30,26815,26815,26755,26770,128
2026-07-22T12:05:00+05:30,26770,26770,26745,26745,72
2026-07-22T12:10:00+05:30,26745,26760,26745,26755,12
2026-07-22T12:15:00+05:30,26755,26755,26740,26755,3
2026-07-22T12:20:00+05:30,26755,26755,26730,26745,65
2026-07-22T12:25:00+05:30,26745,26770,26745,26760,40
2026-07-22T12:30:00+05:30,26760,26760,26745,26745,14
2026-07-22T12:35:00+05:30,26745,26745,26730,26730,19
2026-07-22T12:40:00+05:30,26730,26750,26725,26725,82
2026-07-22T12:45:00+05:30,26725,26750,26725,26750,38
2026-07-22T12:50:00+05:30,26750,26760,26750,26760,41
2026-07-22T12:55:00+05:30,26760,26760,26740,26740,1
2026-07-22T13:00:00+05:30,26760,26765,26750,26765,163
2026-07-22T13:05:00+05:30,26765,26780,26755,26775,75
2026-07-22T13:10:00+05:30,26775,26775,26750,26750,273
2026-07-22T13:15:00+05:30,26750,26750,26725,26725,10
2026-07-22T13:20:00+05:30,26725,26750,26725,26750,86
2026-07-22T13:25:00+05:30,26750,26750,26745,26745,11
2026-07-22T13:30:00+05:30,26745,26745,26710,26720,66
2026-07-22T13:35:00+05:30,26720,26750,26720,26750,58
2026-07-22T13:40:00+05:30,26750,26750,26720,26730,96
2026-07-22T13:45:00+05:30,26730,26740,26725,26740,44
2026-07-22T13:50:00+05:30,26740,26740,26725,26740,25
2026-07-22T13:55:00+05:30,26740,26745,26740,26745,146
2026-07-22T14:00:00+05:30,26745,26745,26710,26715,76
2026-07-22T14:05:00+05:30,26715,26715,26680,26680,181
2026-07-22T14:10:00+05:30,26680,26695,26635,26695,183
2026-07-22T14:15:00+05:30,26695,26695,26650,26670,95
2026-07-22T14:20:00+05:30,26670,26730,26670,26710,477
2026-07-22T14:25:00+05:30,26710,26710,26685,26690,14
2026-07-22T14:30:00+05:30,26690,26690,26650,26675,197
2026-07-22T14:35:00+05:30,26675,26675,26635,26675,88
2026-07-22T14:40:00+05:30,26665,26670,26620,26660,352
2026-07-22T14:45:00+05:30,26660,26700,26645,26670,244
2026-07-22T14:50:00+05:30,26670,26705,26640,26700,239
2026-07-22T14:55:00+05:30,26700,26705,26660,26685,110
2026-07-22T15:00:00+05:30,26685,26740,26685,26740,426
2026-07-22T15:05:00+05:30,26720,26760,26720,26760,295
2026-07-22T15:10:00+05:30,26760,26760,26700,26725,393
2026-07-22T15:15:00+05:30,26725,26750,26695,26725,560
2026-07-22T15:20:00+05:30,26720,26720,26685,26685,529
2026-07-22T15:25:00+05:30,26705,26740,26650,26725,641
2026-07-23T09:15:00+05:30,26605,27000,26605,26995,653
2026-07-23T09:20:00+05:30,27045,27135,27005,27080,1307
2026-07-23T09:25:00+05:30,27080,27130,27020,27040,499
2026-07-23T09:30:00+05:30,27040,27070,26995,27035,288
2026-07-23T09:35:00+05:30,27005,27030,26940,27010,392
2026-07-23T09:40:00+05:30,27010,27010,26945,26965,214
2026-07-23T09:45:00+05:30,26965,27005,26940,26970,196
2026-07-23T09:50:00+05:30,26970,26990,26925,26990,369
2026-07-23T09:55:00+05:30,26990,27050,26965,27045,309
2026-07-23T10:00:00+05:30,27040,27100,27015,27060,252
2026-07-23T10:05:00+05:30,27060,27085,27020,27030,285
2026-07-23T10:10:00+05:30,27030,27030,26980,26995,666
2026-07-23T10:15:00+05:30,27000,27025,26995,27010,259
2026-07-23T10:20:00+05:30,27010,27020,26985,27020,333
2026-07-23T10:25:00+05:30,27020,27085,27020,27085,116
2026-07-23T10:30:00+05:30,27085,27085,26995,27015,152
2026-07-23T10:35:00+05:30,27015,27015,26995,27005,41
2026-07-23T10:40:00+05:30,27005,27020,27000,27015,67
2026-07-23T10:45:00+05:30,27015,27030,26995,27020,83
2026-07-23T10:50:00+05:30,27000,27020,26990,27020,59
2026-07-23T10:55:00+05:30,27020,27020,27005,27010,42
2026-07-23T11:00:00+05:30,27010,27010,26995,27010,30
2026-07-23T11:05:00+05:30,27010,27030,27005,27005,75
2026-07-23T11:10:00+05:30,27005,27020,26950,26970,303
2026-07-23T11:15:00+05:30,26970,27015,26965,27015,165
2026-07-23T11:20:00+05:30,27015,27015,26995,27015,114
2026-07-23T11:25:00+05:30,27015,27030,27010,27020,134
2026-07-23T11:30:00+05:30,27020,27030,27005,27025,107
2026-07-23T11:35:00+05:30,27025,27025,27000,27010,87
2026-07-23T11:40:00+05:30,27010,27010,26955,27000,233
2026-07-23T11:45:00+05:30,27000,27005,26975,27005,161
2026-07-23T11:50:00+05:30,27005,27020,26970,26975,85
2026-07-23T11:55:00+05:30,26975,26990,26930,26980,301
2026-07-23T12:00:00+05:30,26980,27035,26965,27020,1035
2026-07-23T12:05:00+05:30,27020,27045,27020,27045,51
2026-07-23T12:10:00+05:30,27045,27045,27010,27010,108
2026-07-23T12:15:00+05:30,27010,27035,27000,27015,167
2026-07-23T12:20:00+05:30,27015,27040,27000,27040,38
2026-07-23T12:25:00+05:30,27040,27040,26995,27005,66
2026-07-23T12:30:00+05:30,27005,27005,26970,26985,111
2026-07-23T12:35:00+05:30,27005,27025,26970,27015,257
2026-07-23T12:40:00+05:30,27015,27015,26930,26950,508
2026-07-23T12:45:00+05:30,26950,26975,26925,26965,738
2026-07-23T12:50:00+05:30,26965,26965,26885,26915,1537
2026-07-23T12:55:00+05:30,26890,26915,26835,26865,608
2026-07-23T13:00:00+05:30,26865,26905,26850,26885,939
2026-07-23T13:05:00+05:30,26890,26905,26850,26850,582
2026-07-23T13:10:00+05:30,26860,26885,26835,26860,648
2026-07-23T13:15:00+05:30,26860,26875,26830,26845,282
2026-07-23T13:20:00+05:30,26845,26885,26840,26850,246
2026-07-23T13:25:00+05:30,26850,26875,26825,26855,126
2026-07-23T13:30:00+05:30,26855,26870,26850,26850,313
2026-07-23T13:35:00+05:30,26850,26910,26835,26910,319
2026-07-23T13:40:00+05:30,26910,26915,26870,26890,351
2026-07-23T13:45:00+05:30,26890,26905,26865,26880,469
2026-07-23T13:50:00+05:30,26895,26970,26895,26970,283
2026-07-23T13:55:00+05:30,26970,26970,26920,26925,108
2026-07-23T14:00:00+05:30,26925,26940,26910,26920,51
2026-07-23T14:05:00+05:30,26920,26920,26910,26910,33
2026-07-23T14:10:00+05:30,26910,26925,26890,26925,57
2026-07-23T14:15:00+05:30,26925,26925,26905,26910,20
2026-07-23T14:20:00+05:30,26910,26915,26880,26895,363
2026-07-23T14:25:00+05:30,26895,26920,26840,26890,1402
2026-07-23T14:30:00+05:30,26890,26890,26725,26835,1241
2026-07-23T14:35:00+05:30,26835,26835,26725,26725,1015
2026-07-23T14:40:00+05:30,26720,26765,26690,26765,556
2026-07-23T14:45:00+05:30,26765,26800,26740,26785,386
2026-07-23T14:50:00+05:30,26785,26805,26750,26805,245
2026-07-23T14:55:00+05:30,26805,26830,26785,26810,531
2026-07-23T15:00:00+05:30,26805,26865,26785,26805,1450
2026-07-23T15:05:00+05:30,26825,26850,26790,26810,725
2026-07-23T15:10:00+05:30,26810,26850,26780,26840,935
2026-07-23T15:15:00+05:30,26850,26860,26790,26810,1119
2026-07-23T15:20:00+05:30,26810,26820,26795,26815,821
2026-07-23T15:25:00+05:30,26815,26885,26710,26710,1819
2026-07-24T09:15:00+05:30,26575,26845,26565,26730,897
2026-07-24T09:20:00+05:30,26685,26775,26685,26745,112
2026-07-24T09:25:00+05:30,26745,26755,26700,26725,122
2026-07-24T09:30:00+05:30,26730,26755,26610,26635,381
2026-07-24T09:35:00+05:30,26635,26655,26575,26650,412
2026-07-24T09:40:00+05:30,26650,26665,26580,26595,77
2026-07-24T09:45:00+05:30,26590,26600,26540,26560,65
2026-07-24T09:50:00+05:30,26560,26575,26525,26575,86
2026-07-24T09:55:00+05:30,26575,26575,26545,26570,32
2026-07-24T10:00:00+05:30,26570,26570,26530,26535,50
2026-07-24T10:05:00+05:30,26535,26545,26460,26540,164
2026-07-24T10:10:00+05:30,26540,26560,26510,26515,50
2026-07-24T10:15:00+05:30,26515,26560,26515,26560,23
2026-07-24T10:20:00+05:30,26560,26590,26545,26580,35
2026-07-24T10:25:00+05:30,26580,26600,26565,26580,66
2026-07-24T10:30:00+05:30,26580,26595,26540,26585,109
2026-07-24T10:35:00+05:30,26585,26585,26550,26550,57
2026-07-24T10:40:00+05:30,26550,26590,26545,26590,20
2026-07-24T10:45:00+05:30,26590,26595,26570,26580,22
2026-07-24T10:50:00+05:30,26580,26590,26560,26560,15
2026-07-24T10:55:00+05:30,26560,26560,26515,26535,66
2026-07-24T11:00:00+05:30,26535,26535,26450,26510,259
2026-07-24T11:05:00+05:30,26510,26550,26450,26475,972
2026-07-24T11:10:00+05:30,26475,26480,26450,26460,379
2026-07-24T11:15:00+05:30,26460,26580,26425,26580,705
2026-07-24T11:20:00+05:30,26580,26590,26550,26580,221
2026-07-24T11:25:00+05:30,26580,26580,26530,26555,35
2026-07-24T11:30:00+05:30,26555,26595,26515,26570,164
2026-07-24T11:35:00+05:30,26570,26580,26545,26555,24
2026-07-24T11:40:00+05:30,26555,26620,26555,26595,147
2026-07-24T11:45:00+05:30,26595,26620,26540,26540,325
2026-07-24T11:50:00+05:30,26540,26575,26540,26555,67
2026-07-24T11:55:00+05:30,26555,26570,26495,26545,134
2026-07-24T12:00:00+05:30,26545,26545,26510,26535,43
2026-07-24T12:05:00+05:30,26535,26540,26500,26525,74
2026-07-24T12:10:00+05:30,26525,26590,26505,26555,67
2026-07-24T12:15:00+05:30,26555,26680,26555,26645,149
2026-07-24T12:20:00+05:30,26645,26795,26645,26795,279
2026-07-24T12:25:00+05:30,26795,26840,26770,26800,259
2026-07-24T12:30:00+05:30,26800,26830,26770,26780,156
2026-07-24T12:35:00+05:30,26780,26910,26780,26850,257
2026-07-24T12:40:00+05:30,26850,26945,26845,26925,183
2026-07-24T12:45:00+05:30,26925,26965,26920,26930,49
2026-07-24T12:50:00+05:30,26930,26960,26910,26935,173
2026-07-24T12:55:00+05:30,26935,27000,26925,26940,367
2026-07-24T13:00:00+05:30,26940,26975,26895,26895,163
2026-07-24T13:05:00+05:30,26895,26945,26870,26900,174
2026-07-24T13:10:00+05:30,26900,26995,26900,26940,247
2026-07-24T13:15:00+05:30,26940,26965,26910,26930,83
2026-07-24T13:20:00+05:30,26940,27000,26915,26915,244
2026-07-24T13:25:00+05:30,26910,26980,26890,26955,158
2026-07-24T13:30:00+05:30,26955,26970,26845,26845,89
2026-07-24T13:35:00+05:30,26845,26860,26780,26785,191
2026-07-24T13:40:00+05:30,26785,26805,26735,26790,191
2026-07-24T13:45:00+05:30,26790,26820,26760,26800,95
2026-07-24T13:50:00+05:30,26800,26835,26785,26795,81
2026-07-24T13:55:00+05:30,26795,26835,26785,26800,88
2026-07-24T14:00:00+05:30,26800,26855,26800,26840,92
2026-07-24T14:05:00+05:30,26840,26865,26795,26815,71
2026-07-24T14:10:00+05:30,26815,26830,26790,26790,79
2026-07-24T14:15:00+05:30,26790,26850,26785,26820,90
2026-07-24T14:20:00+05:30,26820,26845,26820,26820,48
2026-07-24T14:25:00+05:30,26820,26865,26820,26835,96
2026-07-24T14:30:00+05:30,26835,26840,26800,26820,114
2026-07-24T14:35:00+05:30,26820,26845,26810,26810,66
2026-07-24T14:40:00+05:30,26810,26815,26775,26775,34
2026-07-24T14:45:00+05:30,26805,26815,26710,26725,114
2026-07-24T14:50:00+05:30,26725,26795,26725,26770,56
2026-07-24T14:55:00+05:30,26770,26780,26735,26740,66
2026-07-24T15:00:00+05:30,26760,26785,26720,26725,377
2026-07-24T15:05:00+05:30,26725,26770,26720,26730,410
2026-07-24T15:10:00+05:30,26730,26785,26725,26785,270
2026-07-24T15:15:00+05:30,26780,26790,26720,26730,354
2026-07-24T15:20:00+05:30,26745,26755,26725,26740,420
2026-07-24T15:25:00+05:30,26740,27000,26560,27000,482
2026-07-27T09:15:00+05:30,26960,26965,26630,26655,463
2026-07-27T09:20:00+05:30,26655,26735,26620,26710,243
2026-07-27T09:25:00+05:30,26700,26890,26700,26880,226
2026-07-27T09:30:00+05:30,26880,26915,26840,26880,407
2026-07-27T09:35:00+05:30,26880,26900,26820,26890,56
2026-07-27T09:40:00+05:30,26890,26910,26860,26900,82
2026-07-27T09:45:00+05:30,26900,26900,26870,26890,98
2026-07-27T09:50:00+05:30,26875,26920,26875,26910,259
2026-07-27T09:55:00+05:30,26910,26945,26890,26945,71
2026-07-27T10:00:00+05:30,26945,26945,26915,26925,96
2026-07-27T10:05:00+05:30,26925,26950,26925,26935,58
2026-07-27T10:10:00+05:30,26925,26925,26890,26905,46
2026-07-27T10:15:00+05:30,26905,26950,26905,26950,58
2026-07-27T10:20:00+05:30,26950,27020,26930,26960,174
2026-07-27T10:25:00+05:30,26960,26960,26910,26940,60
2026-07-27T10:30:00+05:30,26940,26950,26890,26910,231
2026-07-27T10:35:00+05:30,26910,26910,26860,26865,82
2026-07-27T10:40:00+05:30,26865,26910,26840,26870,261
2026-07-27T10:45:00+05:30,26870,26910,26870,26870,93
2026-07-27T10:50:00+05:30,26870,26935,26870,26910,59
2026-07-27T10:55:00+05:30,26910,26930,26875,26895,175
2026-07-27T11:00:00+05:30,26885,26890,26850,26870,44
2026-07-27T11:05:00+05:30,26870,26940,26855,26935,136
2026-07-27T11:10:00+05:30,26935,26950,26905,26950,93
2026-07-27T11:15:00+05:30,26950,26985,26930,26970,152
2026-07-27T11:20:00+05:30,26970,26970,26915,26935,106
2026-07-27T11:25:00+05:30,26935,26970,26930,26955,63
2026-07-27T11:30:00+05:30,26955,26990,26925,26925,161
2026-07-27T11:35:00+05:30,26925,26940,26910,26935,116
2026-07-27T11:40:00+05:30,26935,26940,26895,26920,125
2026-07-27T11:45:00+05:30,26885,26900,26870,26885,105
2026-07-27T11:50:00+05:30,26885,26890,26835,26875,84
2026-07-27T11:55:00+05:30,26875,26930,26865,26900,84
2026-07-27T12:00:00+05:30,26900,26940,26885,26935,59
2026-07-27T12:05:00+05:30,26935,26950,26900,26925,131
2026-07-27T12:10:00+05:30,26925,26925,26890,26890,240
2026-07-27T12:15:00+05:30,26890,26925,26870,26925,143
2026-07-27T12:20:00+05:30,26925,26990,26920,26990,170
2026-07-27T12:25:00+05:30,26990,27000,26960,27000,107
2026-07-27T12:30:00+05:30,27000,27000,26960,27000,158
2026-07-27T12:35:00+05:30,27000,27040,26980,27030,730
2026-07-27T12:40:00+05:30,27040,27040,26970,26985,162
2026-07-27T12:45:00+05:30,26985,26985,26910,26920,58
2026-07-27T12:50:00+05:30,26900,26900,26840,26855,176
2026-07-27T12:55:00+05:30,26855,26890,26845,26890,34
2026-07-27T13:00:00+05:30,26890,26900,26865,26900,38
2026-07-27T13:05:00+05:30,26900,26905,26850,26850,20
2026-07-27T13:10:00+05:30,26850,26880,26845,26880,26
2026-07-27T13:15:00+05:30,26880,26905,26865,26900,66
2026-07-27T13:20:00+05:30,26900,26910,26880,26905,47
2026-07-27T13:25:00+05:30,26905,26905,26880,26890,17
2026-07-27T13:30:00+05:30,26890,26905,26885,26885,26
2026-07-27T13:35:00+05:30,26885,26900,26860,26865,683
2026-07-27T13:40:00+05:30,26865,26910,26865,26895,47
2026-07-27T13:45:00+05:30,26895,26905,26880,26905,73
2026-07-27T13:50:00+05:30,26905,26930,26885,26925,43
2026-07-27T13:55:00+05:30,26925,26925,26905,26905,47
2026-07-27T14:00:00+05:30,26905,26945,26905,26915,58
2026-07-27T14:05:00+05:30,26905,26975,26900,26960,103
2026-07-27T14:10:00+05:30,26975,26975,26895,26925,69
2026-07-27T14:15:00+05:30,26925,26940,26910,26925,20
2026-07-27T14:20:00+05:30,26925,26925,26890,26895,70
2026-07-27T14:25:00+05:30,26895,26940,26895,26920,163
2026-07-27T14:30:00+05:30,26920,26960,26890,26890,63
2026-07-27T14:35:00+05:30,26890,26915,26890,26915,58
2026-07-27T14:40:00+05:30,26895,26910,26890,26910,14
2026-07-27T14:45:00+05:30,26890,26910,26850,26850,73
2026-07-27T14:50:00+05:30,26860,26890,26835,26845,162
2026-07-27T14:55:00+05:30,26845,26880,26835,26865,263
2026-07-27T15:00:00+05:30,26850,26890,26845,26850,164
2026-07-27T15:05:00+05:30,26850,26900,26830,26855,777
2026-07-27T15:10:00+05:30,26855,26900,26845,26850,280
2026-07-27T15:15:00+05:30,26850,26910,26835,26880,668
2026-07-27T15:20:00+05:30,26890,26900,26775,26805,899
2026-07-27T15:25:00+05:30,26830,26840,26740,26775,551
2026-07-28T09:15:00+05:30,26755,26965,26755,26895,388
2026-07-28T09:20:00+05:30,26895,26955,26860,26955,117
2026-07-28T09:25:00+05:30,26950,26995,26920,26980,159
2026-07-28T09:30:00+05:30,26980,26990,26930,26980,192
2026-07-28T09:35:00+05:30,26980,27025,26970,27000,72
2026-07-28T09:40:00+05:30,27000,27035,26980,27025,195
2026-07-28T09:45:00+05:30,27025,27050,27010,27030,75
2026-07-28T09:50:00+05:30,27030,27035,26970,27010,110
2026-07-28T09:55:00+05:30,27010,27015,26990,27010,41
2026-07-28T10:00:00+05:30,27010,27010,26970,27010,84
2026-07-28T10:05:00+05:30,27010,27010,26970,26985,33
2026-07-28T10:10:00+05:30,26985,27000,26965,26965,35
2026-07-28T10:15:00+05:30,26980,26980,26935,26950,82
2026-07-28T10:20:00+05:30,26950,26950,26905,26920,65
2026-07-28T10:25:00+05:30,26920,26920,26890,26895,29
2026-07-28T10:30:00+05:30,26895,26925,26880,26925,34
2026-07-28T10:35:00+05:30,26925,26950,26900,26945,173
2026-07-28T10:40:00+05:30,26945,26955,26940,26955,17
2026-07-28T10:45:00+05:30,26955,26985,26935,26970,46
2026-07-28T10:50:00+05:30,26970,27000,26965,26965,93
2026-07-28T10:55:00+05:30,26965,27000,26965,26970,47
2026-07-28T11:00:00+05:30,26970,27040,26945,26970,651
2026-07-28T11:05:00+05:30,26970,26970,26950,26955,43
2026-07-28T11:10:00+05:30,26955,26955,26895,26940,653
2026-07-28T11:15:00+05:30,26940,26950,26895,26950,23
2026-07-28T11:20:00+05:30,26950,26965,26930,26930,35
2026-07-28T11:25:00+05:30,26930,26945,26895,26915,78
2026-07-28T11:30:00+05:30,26915,26915,26875,26885,49
2026-07-28T11:35:00+05:30,26885,26910,26840,26885,85
2026-07-28T11:40:00+05:30,26885,26900,26870,26890,3
2026-07-28T11:45:00+05:30,26890,26890,26845,26860,131
2026-07-28T11:50:00+05:30,26860,26885,26825,26885,110
2026-07-28T11:55:00+05:30,26885,26885,26850,26875,89
2026-07-28T12:00:00+05:30,26875,26915,26845,26890,126
2026-07-28T12:05:00+05:30,26890,26920,26860,26860,122
2026-07-28T12:10:00+05:30,26860,26955,26860,26930,348
2026-07-28T12:15:00+05:30,26920,26970,26915,26955,122
2026-07-28T12:20:00+05:30,26955,26960,26925,26960,217
2026-07-28T12:25:00+05:30,26960,26980,26940,26945,97
2026-07-28T12:30:00+05:30,26945,27000,26940,26980,217
2026-07-28T12:35:00+05:30,26980,26980,26935,26975,85
2026-07-28T12:40:00+05:30,26975,26985,26940,26975,61
2026-07-28T12:45:00+05:30,26975,26975,26935,26975,230
2026-07-28T12:50:00+05:30,26975,26975,26930,26950,181
2026-07-28T12:55:00+05:30,26950,27000,26930,26985,154
2026-07-28T13:00:00+05:30,26985,26985,26935,26935,87
2026-07-28T13:05:00+05:30,26935,26960,26920,26945,107
2026-07-28T13:10:00+05:30,26945,26945,26835,26835,269
2026-07-28T13:15:00+05:30,26850,26865,26760,26800,241
2026-07-28T13:20:00+05:30,26800,26870,26775,26845,101
2026-07-28T13:25:00+05:30,26845,26900,26820,26875,170
2026-07-28T13:30:00+05:30,26875,26915,26850,26880,186
2026-07-28T13:35:00+05:30,26880,26900,26865,26885,50
2026-07-28T13:40:00+05:30,26885,26935,26860,26915,100
2026-07-28T13:45:00+05:30,26915,26935,26875,26890,110
2026-07-28T13:50:00+05:30,26890,26945,26875,26915,209
2026-07-28T13:55:00+05:30,26915,26940,26875,26920,102
2026-07-28T14:00:00+05:30,26920,26925,26890,26910,97
2026-07-28T14:05:00+05:30,26910,26945,26890,26920,154
2026-07-28T14:10:00+05:30,26920,26920,26885,26885,123
2026-07-28T14:15:00+05:30,26905,26960,26860,26885,211
2026-07-28T14:20:00+05:30,26860,26900,26790,26820,316
2026-07-28T14:25:00+05:30,26820,26840,26725,26750,716
2026-07-28T14:30:00+05:30,26755,26820,26745,26780,375
2026-07-28T14:35:00+05:30,26780,26835,26780,26810,238
2026-07-28T14:40:00+05:30,26810,26825,26690,26720,479
2026-07-28T14:45:00+05:30,26710,26775,26680,26720,175
2026-07-28T14:50:00+05:30,26720,26800,26695,26800,214
2026-07-28T14:55:00+05:30,26800,26810,26750,26770,203
2026-07-28T15:00:00+05:30,26790,26805,26735,26750,432
2026-07-28T15:05:00+05:30,26750,26780,26720,26780,396
2026-07-28T15:10:00+05:30,26780,26860,26760,26825,501
2026-07-28T15:15:00+05:30,26845,27000,26830,27000,1933
2026-07-28T15:20:00+05:30,26955,26955,26845,26860,743
2026-07-28T15:25:00+05:30,26850,26920,26700,26700,676
2026-07-29T09:15:00+05:30,26800,27030,26700,26970,247
2026-07-29T09:20:00+05:30,26970,27125,26970,26980,530
2026-07-29T09:25:00+05:30,26990,27015,26960,26970,182
2026-07-29T09:30:00+05:30,26970,26990,26910,26955,151
2026-07-29T09:35:00+05:30,26955,26955,26925,26930,44
2026-07-29T09:40:00+05:30,26940,26960,26920,26930,95
2026-07-29T09:45:00+05:30,26930,26940,26915,26940,21
2026-07-29T09:50:00+05:30,26950,26950,26880,26910,181
2026-07-29T09:55:00+05:30,26890,26935,26890,26900,104
2026-07-29T10:00:00+05:30,26895,26935,26880,26930,153
2026-07-29T10:05:00+05:30,26930,26950,26910,26935,40
2026-07-29T10:10:00+05:30,26935,26935,26860,26870,57
2026-07-29T10:15:00+05:30,26880,26890,26825,26860,410
2026-07-29T10:20:00+05:30,26860,26915,26780,26860,697
2026-07-29T10:25:00+05:30,26860,26860,26805,26815,244
2026-07-29T10:30:00+05:30,26845,26850,26815,26825,90
2026-07-29T10:35:00+05:30,26825,26860,26810,26820,102
2026-07-29T10:40:00+05:30,26820,26840,26810,26825,49
2026-07-29T10:45:00+05:30,26825,26825,26805,26810,96
2026-07-29T10:50:00+05:30,26810,26810,26800,26805,18
2026-07-29T10:55:00+05:30,26805,26805,26780,26790,28
2026-07-29T11:00:00+05:30,26790,26790,26705,26745,162
2026-07-29T11:05:00+05:30,26745,26745,26730,26745,13
2026-07-29T11:10:00+05:30,26745,26785,26740,26770,87
2026-07-29T11:15:00+05:30,26750,26765,26750,26765,437
2026-07-29T11:20:00+05:30,26765,26810,26720,26775,704
2026-07-29T11:25:00+05:30,26775,26790,26760,26770,108
2026-07-29T11:30:00+05:30,26770,26810,26770,26810,102
2026-07-29T11:35:00+05:30,26810,26810,26805,26805,13
2026-07-29T11:40:00+05:30,26805,26805,26785,26795,100
2026-07-29T11:45:00+05:30,26795,26795,26770,26785,23
2026-07-29T11:50:00+05:30,26785,26790,26755,26755,150
2026-07-29T11:55:00+05:30,26755,26780,26755,26770,13
2026-07-29T12:00:00+05:30,26770,26815,26770,26795,104
2026-07-29T12:05:00+05:30,26795,26815,26795,26815,126
2026-07-29T12:10:00+05:30,26820,26855,26820,26835,106
2026-07-29T12:15:00+05:30,26835,26880,26820,26840,59
2026-07-29T12:20:00+05:30,26840,26865,26820,26840,41
2026-07-29T12:25:00+05:30,26840,26850,26810,26835,46
2026-07-29T12:30:00+05:30,26835,26835,26815,26835,34
2026-07-29T12:35:00+05:30,26835,26850,26825,26825,22
2026-07-29T12:40:00+05:30,26825,26825,26800,26815,44
2026-07-29T12:45:00+05:30,26815,26840,26815,26815,150
2026-07-29T12:50:00+05:30,26815,26825,26810,26810,32
2026-07-29T12:55:00+05:30,26810,26830,26805,26820,88
2026-07-29T13:00:00+05:30,26820,26825,26805,26805,54
2026-07-29T13:05:00+05:30,26805,26820,26805,26820,82
2026-07-29T13:10:00+05:30,26820,26845,26780,26810,91
2026-07-29T13:15:00+05:30,26810,26810,26785,26785,20
2026-07-29T13:20:00+05:30,26785,26785,26750,26750,159
2026-07-29T13:25:00+05:30,26750,26770,26750,26760,18
2026-07-29T13:30:00+05:30,26775,26785,26735,26735,939
2026-07-29T13:35:00+05:30,26735,26765,26735,26755,181
2026-07-29T13:40:00+05:30,26755,26760,26750,26755,140
2026-07-29T13:45:00+05:30,26755,26790,26750,26780,133
2026-07-29T13:50:00+05:30,26780,26780,26750,26750,9
2026-07-29T13:55:00+05:30,26750,26775,26750,26775,180
2026-07-29T14:00:00+05:30,26775,26775,26755,26765,87
2026-07-29T14:05:00+05:30,26765,26770,26765,26770,15
2026-07-29T14:10:00+05:30,26770,26800,26755,26775,118
2026-07-29T14:15:00+05:30,26775,26790,26775,26790,32
2026-07-29T14:20:00+05:30,26790,26800,26765,26765,39
2026-07-29T14:25:00+05:30,26780,26785,26780,26785,37
2026-07-29T14:30:00+05:30,26785,26845,26785,26835,93
2026-07-29T14:35:00+05:30,26835,26840,26790,26810,244
2026-07-29T14:40:00+05:30,26815,26825,26810,26825,20
2026-07-29T14:45:00+05:30,26825,26840,26815,26825,40
2026-07-29T14:50:00+05:30,26825,26840,26805,26830,55
2026-07-29T14:55:00+05:30,26830,26835,26805,26830,99
2026-07-29T15:00:00+05:30,26850,26870,26820,26870,159
2026-07-29T15:05:00+05:30,26870,26875,26840,26860,309
2026-07-29T15:10:00+05:30,26860,26885,26840,26840,556
2026-07-29T15:15:00+05:30,26840,26855,26785,26805,287
2026-07-29T15:20:00+05:30,26800,26815,26755,26790,538
2026-07-29T15:25:00+05:30,26780,26800,26750,26790,439
2026-07-30T09:15:00+05:30,26705,26800,25940,26680,546
2026-07-30T09:20:00+05:30,26680,26735,26680,26700,62
2026-07-30T09:25:00+05:30,26700,26720,26695,26700,71
2026-07-30T09:30:00+05:30,26670,26700,26610,26610,266
2026-07-30T09:35:00+05:30,26600,26620,26565,26620,123
2026-07-30T09:40:00+05:30,26620,26650,26575,26650,269
2026-07-30T09:45:00+05:30,26650,26650,26595,26595,73
2026-07-30T09:50:00+05:30,26595,26610,26580,26595,47
2026-07-30T09:55:00+05:30,26595,26620,26585,26595,75
2026-07-30T10:00:00+05:30,26595,26610,26550,26600,138
2026-07-30T10:05:00+05:30,26600,26600,26575,26575,7
2026-07-30T10:10:00+05:30,26575,26600,26535,26555,206
2026-07-30T10:15:00+05:30,26540,26605,26535,26585,135
2026-07-30T10:20:00+05:30,26585,26590,26585,26590,16
2026-07-30T10:25:00+05:30,26590,26590,26535,26575,282
2026-07-30T10:30:00+05:30,26575,26575,26555,26555,27
2026-07-30T10:35:00+05:30,26555,26605,26555,26590,100
2026-07-30T10:40:00+05:30,26595,26640,26590,26610,128
2026-07-30T10:45:00+05:30,26610,26640,26595,26635,82
2026-07-30T10:50:00+05:30,26635,26640,26610,26635,34
2026-07-30T10:55:00+05:30,26635,26635,26600,26615,60
2026-07-30T11:00:00+05:30,26615,26615,26585,26605,43
2026-07-30T11:05:00+05:30,26605,26625,26590,26590,104
2026-07-30T11:10:00+05:30,26590,26610,26590,26610,32
2026-07-30T11:15:00+05:30,26610,26610,26560,26585,109
2026-07-30T11:20:00+05:30,26585,26595,26540,26565,137
2026-07-30T11:25:00+05:30,26565,26575,26550,26570,59
2026-07-30T11:30:00+05:30,26570,26570,26505,26545,156
2026-07-30T11:35:00+05:30,26545,26545,26500,26500,165
2026-07-30T11:40:00+05:30,26500,26520,26435,26450,366
2026-07-30T11:45:00+05:30,26450,26460,26420,26455,48
2026-07-30T11:50:00+05:30,26455,26480,26400,26400,196
2026-07-30T11:55:00+05:30,26400,26450,26400,26420,236
2026-07-30T12:00:00+05:30,26420,26435,26390,26430,122
2026-07-30T12:05:00+05:30,26430,26430,26360,26385,286
2026-07-30T12:10:00+05:30,26385,26390,26350,26370,93
2026-07-30T12:15:00+05:30,26370,26375,26350,26375,47
2026-07-30T12:20:00+05:30,26375,26380,26350,26380,54
2026-07-30T12:25:00+05:30,26380,26385,26370,26385,35
2026-07-30T12:30:00+05:30,26385,26465,26385,26465,152
2026-07-30T12:35:00+05:30,26465,26465,26400,26430,132
2026-07-30T12:40:00+05:30,26430,26430,26390,26430,147
2026-07-30T12:45:00+05:30,26430,26445,26410,26445,88
2026-07-30T12:50:00+05:30,26445,26445,26400,26410,82
2026-07-30T12:55:00+05:30,26410,26435,26400,26435,149
2026-07-30T13:00:00+05:30,26420,26435,26380,26405,33
2026-07-30T13:05:00+05:30,26405,26405,26385,26385,26
2026-07-30T13:10:00+05:30,26385,26405,26355,26375,94
2026-07-30T13:15:00+05:30,26375,26380,26320,26350,210
2026-07-30T13:20:00+05:30,26325,26350,26310,26335,73
2026-07-30T13:25:00+05:30,26335,26350,26325,26345,64
2026-07-30T13:30:00+05:30,26345,26365,26320,26345,111
2026-07-30T13:35:00+05:30,26320,26385,26320,26365,60
2026-07-30T13:40:00+05:30,26390,26420,26355,26365,150
2026-07-30T13:45:00+05:30,26365,26400,26365,26385,42
2026-07-30T13:50:00+05:30,26385,26435,26375,26430,113
2026-07-30T13:55:00+05:30,26430,26430,26390,26410,99
2026-07-30T14:00:00+05:30,26410,26420,26390,26420,81
2026-07-30T14:05:00+05:30,26420,26420,26395,26415,41
2026-07-30T14:10:00+05:30,26415,26415,26390,26390,42
2026-07-30T14:15:00+05:30,26390,26410,26320,26350,239
2026-07-30T14:20:00+05:30,26350,26350,26325,26350,47
2026-07-30T14:25:00+05:30,26355,26375,26335,26355,107
2026-07-30T14:30:00+05:30,26355,26385,26335,26370,159
2026-07-30T14:35:00+05:30,26370,26415,26370,26415,64
2026-07-30T14:40:00+05:30,26415,26415,26385,26385,71
2026-07-30T14:45:00+05:30,26385,26410,26385,26410,52
2026-07-30T14:50:00+05:30,26410,26410,26385,26390,73
2026-07-30T14:55:00+05:30,26390,26400,26385,26400,32
2026-07-30T15:00:00+05:30,26405,26430,26395,26420,225
2026-07-30T15:05:00+05:30,26420,26475,26400,26445,447
2026-07-30T15:10:00+05:30,26445,26510,26445,26470,444
2026-07-30T15:15:00+05:30,26470,26505,26420,26425,400
2026-07-30T15:20:00+05:30,26440,26465,26435,26440,376
2026-07-30T15:25:00+05:30,26440,26510,26405,26510,692
2026-07-31T09:15:00+05:30,26500,26500,26265,26335,941
2026-07-31T09:20:00+05:30,26340,26390,26250,26310,416
2026-07-31T09:25:00+05:30,26310,26340,26215,26255,377
2026-07-31T09:30:00+05:30,26235,26300,26235,26300,229
2026-07-31T09:35:00+05:30,26300,26325,26230,26260,353
2026-07-31T09:40:00+05:30,26270,26275,26220,26265,332
2026-07-31T09:45:00+05:30,26265,26300,26195,26270,807
2026-07-31T09:50:00+05:30,26270,26280,26220,26245,134
2026-07-31T09:55:00+05:30,26245,26275,26235,26260,148
2026-07-31T10:00:00+05:30,26225,26240,26120,26145,725
2026-07-31T10:05:00+05:30,26125,26170,26100,26120,247
2026-07-31T10:10:00+05:30,26120,26200,26070,26200,549
2026-07-31T10:15:00+05:30,26200,26200,26105,26115,227
2026-07-31T10:20:00+05:30,26115,26115,26100,26105,308
2026-07-31T10:25:00+05:30,26105,26200,26105,26185,270
2026-07-31T10:30:00+05:30,26185,26325,26180,26260,785
2026-07-31T10:35:00+05:30,26260,26260,26235,26260,124
2026-07-31T10:40:00+05:30,26260,26260,26220,26240,55
2026-07-31T10:45:00+05:30,26240,26240,26150,26180,183
2026-07-31T10:50:00+05:30,26180,26205,26175,26195,23
2026-07-31T10:55:00+05:30,26195,26230,26195,26220,49
2026-07-31T11:00:00+05:30,26220,26240,26220,26240,13
2026-07-31T11:05:00+05:30,26235,26240,26220,26235,109
2026-07-31T11:10:00+05:30,26235,26250,26225,26250,25
2026-07-31T11:15:00+05:30,26250,26285,26235,26275,139
2026-07-31T11:20:00+05:30,26275,26290,26240,26290,101
2026-07-31T11:25:00+05:30,26290,26320,26275,26295,296
2026-07-31T11:30:00+05:30,26295,26300,26245,26280,52
2026-07-31T11:35:00+05:30,26280,26280,26230,26230,101
2026-07-31T11:40:00+05:30,26230,26250,26215,26240,68
2026-07-31T11:45:00+05:30,26240,26240,26190,26190,31
2026-07-31T11:50:00+05:30,26190,26220,26190,26200,28
2026-07-31T11:55:00+05:30,26200,26255,26180,26220,67
2026-07-31T12:00:00+05:30,26220,26250,26220,26245,10
2026-07-31T12:05:00+05:30,26245,26255,26225,26255,52
2026-07-31T12:10:00+05:30,26255,26270,26230,26270,73
2026-07-31T12:15:00+05:30,26270,26270,26255,26270,16
2026-07-31T12:20:00+05:30,26265,26265,26245,26255,48
2026-07-31T12:25:00+05:30,26255,26370,26250,26350,400
2026-07-31T12:30:00+05:30,26350,26360,26325,26360,53
2026-07-31T12:35:00+05:30,26360,26360,26340,26345,23
2026-07-31T12:40:00+05:30,26345,26390,26340,26345,156
2026-07-31T12:45:00+05:30,26345,26385,26335,26370,143
2026-07-31T12:50:00+05:30,26370,26370,26330,26350,93
2026-07-31T12:55:00+05:30,26350,26350,26325,26340,20
2026-07-31T13:00:00+05:30,26340,26340,26325,26340,26
2026-07-31T13:05:00+05:30,26340,26340,26290,26340,167
2026-07-31T13:10:00+05:30,26340,26340,26315,26315,3
2026-07-31T13:15:00+05:30,26315,26335,26295,26325,36
2026-07-31T13:20:00+05:30,26325,26335,26305,26315,30
2026-07-31T13:25:00+05:30,26315,26315,26275,26305,91
2026-07-31T13:30:00+05:30,26305,26325,26285,26285,86
2026-07-31T13:35:00+05:30,26285,26290,26270,26270,51
2026-07-31T13:40:00+05:30,26270,26270,26250,26270,32
2026-07-31T13:45:00+05:30,26270,26270,26245,26245,32
2026-07-31T13:50:00+05:30,26245,26265,26245,26260,35
2026-07-31T13:55:00+05:30,26260,26280,26245,26250,199
2026-07-31T14:00:00+05:30,26250,26265,26190,26215,211
2026-07-31T14:05:00+05:30,26215,26215,26190,26190,56
2026-07-31T14:10:00+05:30,26190,26235,26180,26210,189
2026-07-31T14:15:00+05:30,26220,26400,26180,26360,1306
2026-07-31T14:20:00+05:30,26360,26440,25750,26000,16227
2026-07-31T14:25:00+05:30,26000,26030,25500,25630,10118
2026-07-31T14:30:00+05:30,25625,25885,25525,25815,4197
2026-07-31T14:35:00+05:30,25815,26065,25790,25995,2894
2026-07-31T14:40:00+05:30,25995,26185,25720,26045,15291
2026-07-31T14:45:00+05:30,26065,26140,25955,26125,4869
2026-07-31T14:50:00+05:30,26115,26150,26050,26140,11596
2026-07-31T14:55:00+05:30,26140,26150,26100,26120,6805
2026-07-31T15:00:00+05:30,26145,26150,25985,26085,7722
2026-07-31T15:05:00+05:30,26085,26105,26035,26055,3101
2026-07-31T15:10:00+05:30,26045,26080,25940,25965,3530
2026-07-31T15:15:00+05:30,25965,26035,25930,25975,4569
2026-07-31T15:20:00+05:30,25985,26135,25950,26135,4867
2026-07-31T15:25:00+05:30,26135,26210,26100,26210,3905
2026-08-03T09:15:00+05:30,26150,26790,26110,26715,3198
2026-08-03T09:20:00+05:30,26710,26825,26480,26480,1845
2026-08-03T09:25:00+05:30,26470,26500,26365,26415,894
2026-08-03T09:30:00+05:30,26465,26500,26430,26460,708
2026-08-03T09:35:00+05:30,26460,26500,26450,26465,106
2026-08-03T09:40:00+05:30,26465,26475,26410,26430,471
2026-08-03T09:45:00+05:30,26430,26490,26360,26490,215
2026-08-03T09:50:00+05:30,26490,26560,26480,26530,316
2026-08-03T09:55:00+05:30,26530,26595,26490,26580,232
2026-08-03T10:00:00+05:30,26580,26735,26580,26675,958
2026-08-03T10:05:00+05:30,26675,26715,26645,26710,687
2026-08-03T10:10:00+05:30,26710,26830,26700,26815,1708
2026-08-03T10:15:00+05:30,26810,26920,26785,26880,1959
2026-08-03T10:20:00+05:30,26915,26915,26850,26880,861
2026-08-03T10:25:00+05:30,26890,26890,26800,26820,738
2026-08-03T10:30:00+05:30,26820,26855,26815,26835,237
2026-08-03T10:35:00+05:30,26845,26885,26825,26865,542
2026-08-03T10:40:00+05:30,26865,26875,26820,26845,431
2026-08-03T10:45:00+05:30,26845,26870,26830,26870,227
2026-08-03T10:50:00+05:30,26875,26885,26860,26860,103
2026-08-03T10:55:00+05:30,26875,26875,26750,26775,814
2026-08-03T11:00:00+05:30,26775,26810,26755,26790,144
2026-08-03T11:05:00+05:30,26800,26800,26690,26715,538
2026-08-03T11:10:00+05:30,26715,26715,26570,26580,507
2026-08-03T11:15:00+05:30,26580,26615,26550,26600,319
2026-08-03T11:20:00+05:30,26600,26640,26590,26635,180
2026-08-03T11:25:00+05:30,26635,26685,26635,26665,95
2026-08-03T11:30:00+05:30,26665,26665,26560,26605,158
2026-08-03T11:35:00+05:30,26605,26670,26590,26665,98
2026-08-03T11:40:00+05:30,26665,26725,26660,26700,172
2026-08-03T11:45:00+05:30,26700,26760,26680,26730,172
2026-08-03T11:50:00+05:30,26730,26760,26730,26740,109
2026-08-03T11:55:00+05:30,26740,26740,26710,26725,38
2026-08-03T12:00:00+05:30,26725,26730,26615,26675,390
2026-08-03T12:05:00+05:30,26675,26690,26650,26675,53
2026-08-03T12:10:00+05:30,26675,26690,26670,26690,11
2026-08-03T12:15:00+05:30,26690,26690,26675,26690,4
2026-08-03T12:20:00+05:30,26690,26690,26655,26690,22
2026-08-03T12:25:00+05:30,26690,26725,26615,26685,285
2026-08-03T12:30:00+05:30,26685,26770,26665,26730,279
2026-08-03T12:35:00+05:30,26730,26730,26705,26725,13
2026-08-03T12:40:00+05:30,26725,26750,26710,26750,47
2026-08-03T12:45:00+05:30,26750,26795,26720,26785,242
2026-08-03T12:50:00+05:30,26785,26795,26740,26765,88
2026-08-03T12:55:00+05:30,26765,26815,26765,26780,231
2026-08-03T13:00:00+05:30,26780,26810,26760,26800,215
2026-08-03T13:05:00+05:30,26785,26790,26755,26785,41
2026-08-03T13:10:00+05:30,26785,26790,26765,26785,48
2026-08-03T13:15:00+05:30,26785,26800,26765,26795,101
2026-08-03T13:20:00+05:30,26795,26795,26750,26765,66
2026-08-03T13:25:00+05:30,26770,26780,26760,26780,89
2026-08-03T13:30:00+05:30,26780,26780,26695,26765,442
2026-08-03T13:35:00+05:30,26770,26785,26750,26785,96
2026-08-03T13:40:00+05:30,26785,26800,26760,26785,81
2026-08-03T13:45:00+05:30,26785,26820,26785,26820,89
2026-08-03T13:50:00+05:30,26820,26825,26795,26820,161
2026-08-03T13:55:00+05:30,26820,26850,26810,26845,70
2026-08-03T14:00:00+05:30,26845,26845,26815,26830,64
2026-08-03T14:05:00+05:30,26830,26830,26815,26825,106
2026-08-03T14:10:00+05:30,26825,26825,26730,26750,201
2026-08-03T14:15:00+05:30,26750,26750,26710,26740,269
2026-08-03T14:20:00+05:30,26740,26760,26695,26735,221
2026-08-03T14:25:00+05:30,26735,26775,26735,26755,356
2026-08-03T14:30:00+05:30,26755,26755,26675,26695,333
2026-08-03T14:35:00+05:30,26695,26720,26675,26690,248
2026-08-03T14:40:00+05:30,26690,26735,26670,26730,291
2026-08-03T14:45:00+05:30,26730,26765,26700,26760,562
2026-08-03T14:50:00+05:30,26760,26800,26725,26770,1051
2026-08-03T14:55:00+05:30,26770,26840,26755,26840,433
2026-08-03T15:00:00+05:30,26820,26895,26800,26830,1771
2026-08-03T15:05:00+05:30,26830,26845,26725,26725,1239
2026-08-03T15:10:00+05:30,26700,26885,26700,26815,2894
2026-08-04T09:15:00+05:30,27000,27005,26600,26765,1020
2026-08-04T09:20:00+05:30,26780,26860,26770,26840,123
2026-08-04T09:25:00+05:30,26835,26845,26795,26825,90
2026-08-04T09:30:00+05:30,26820,26840,26815,26825,85
2026-08-04T09:35:00+05:30,26825,26860,26820,26825,99
2026-08-04T09:40:00+05:30,26825,26845,26815,26815,48
2026-08-04T09:45:00+05:30,26830,26915,26815,26900,259
2026-08-04T09:50:00+05:30,26900,27000,26865,27000,178
2026-08-04T09:55:00+05:30,27000,27015,26975,26995,1081
2026-08-04T10:00:00+05:30,26995,27005,26925,26995,97
2026-08-04T10:05:00+05:30,26995,27020,26970,26995,82
2026-08-04T10:10:00+05:30,26995,27020,26975,27000,322
2026-08-04T10:15:00+05:30,26980,27020,26975,27010,103
2026-08-04T10:20:00+05:30,27010,27010,26980,26995,62
2026-08-04T10:25:00+05:30,26995,27000,26960,26980,165
2026-08-04T10:30:00+05:30,26980,26995,26965,26990,107
2026-08-04T10:35:00+05:30,26990,26990,26955,26980,75
2026-08-04T10:40:00+05:30,26980,26995,26965,26995,32
2026-08-04T10:45:00+05:30,26995,26995,26995,26995,13
2026-08-04T10:50:00+05:30,26995,27000,26970,26975,170
2026-08-04T10:55:00+05:30,26975,26985,26965,26980,19
2026-08-04T11:00:00+05:30,26960,27000,26960,26995,242
2026-08-04T11:05:00+05:30,26995,27040,26950,27000,898
2026-08-04T11:10:00+05:30,27000,27000,26975,26995,333
2026-08-04T11:15:00+05:30,26995,26995,26960,26965,184
2026-08-04T11:20:00+05:30,26965,26990,26930,26935,529
2026-08-04T11:25:00+05:30,26935,26975,26930,26955,63
2026-08-04T11:30:00+05:30,26955,26955,26920,26935,161
2026-08-04T11:35:00+05:30,26935,26975,26930,26955,62
2026-08-04T11:40:00+05:30,26955,26975,26925,26930,47
2026-08-04T11:45:00+05:30,26930,26930,26850,26850,197
2026-08-04T11:50:00+05:30,26850,26880,26800,26820,146
2026-08-04T11:55:00+05:30,26820,26845,26815,26825,41
2026-08-04T12:00:00+05:30,26825,26850,26825,26830,40
2026-08-04T12:05:00+05:30,26835,26855,26810,26835,51
2026-08-04T12:10:00+05:30,26835,26835,26810,26810,38
2026-08-04T12:15:00+05:30,26810,26835,26810,26835,32
2026-08-04T12:20:00+05:30,26815,26835,26800,26820,111
2026-08-04T12:25:00+05:30,26820,26835,26815,26815,49
2026-08-04T12:30:00+05:30,26815,26840,26815,26815,61
2026-08-04T12:35:00+05:30,26815,26820,26755,26765,79
2026-08-04T12:40:00+05:30,26775,26800,26755,26800,42
2026-08-04T12:45:00+05:30,26800,26810,26765,26780,48
2026-08-04T12:50:00+05:30,26780,26845,26780,26820,57
2026-08-04T12:55:00+05:30,26810,26825,26800,26800,31
2026-08-04T13:00:00+05:30,26800,26850,26800,26815,116
2026-08-04T13:05:00+05:30,26815,26850,26805,26845,672
2026-08-04T13:10:00+05:30,26825,26850,26815,26815,106
2026-08-04T13:15:00+05:30,26815,26850,26790,26840,318
2026-08-04T13:20:00+05:30,26840,26840,26805,26810,79
2026-08-04T13:25:00+05:30,26805,26830,26800,26800,47
2026-08-04T13:30:00+05:30,26800,26825,26755,26780,857
2026-08-04T13:35:00+05:30,26760,26810,26760,26790,141
2026-08-04T13:40:00+05:30,26795,26815,26780,26800,53
2026-08-04T13:45:00+05:30,26785,26815,26770,26810,69
2026-08-04T13:50:00+05:30,26810,26815,26785,26795,45
2026-08-04T13:55:00+05:30,26810,26810,26775,26780,74
2026-08-04T14:00:00+05:30,26780,26835,26780,26800,154
2026-08-04T14:05:00+05:30,26800,26840,26800,26835,44
2026-08-04T14:10:00+05:30,26835,26845,26815,26825,55
2026-08-04T14:15:00+05:30,26825,26850,26815,26830,1145
2026-08-04T14:20:00+05:30,26830,26950,26830,26875,1427
2026-08-04T14:25:00+05:30,26875,26900,26855,26855,168
2026-08-04T14:30:00+05:30,26855,26895,26850,26850,128
2026-08-04T14:35:00+05:30,26850,26865,26850,26850,46
2026-08-04T14:40:00+05:30,26865,26870,26800,26840,308
2026-08-04T14:45:00+05:30,26840,26880,26815,26870,404
2026-08-04T14:50:00+05:30,26870,26875,26850,26875,81
2026-08-04T14:55:00+05:30,26860,26885,26860,26885,138
2026-08-04T15:00:00+05:30,26865,26865,26845,26845,346
2026-08-04T15:05:00+05:30,26850,26890,26810,26860,636
2026-08-04T15:10:00+05:30,26860,26995,26860,26950,1819
2026-08-05T09:15:00+05:30,27010,27340,26880,27210,1469
2026-08-05T09:20:00+05:30,27220,27250,27070,27110,1085
2026-08-05T09:25:00+05:30,27090,27110,27015,27030,454
2026-08-05T09:30:00+05:30,27030,27050,26995,27050,232
2026-08-05T09:35:00+05:30,27050,27100,27030,27095,137
2026-08-05T09:40:00+05:30,27075,27130,27050,27070,72
2026-08-05T09:45:00+05:30,27070,27080,27025,27045,173
2026-08-05T09:50:00+05:30,27025,27045,27020,27035,20
2026-08-05T09:55:00+05:30,27035,27090,27010,27055,146
2026-08-05T10:00:00+05:30,27055,27140,27015,27130,390
2026-08-05T10:05:00+05:30,27115,27170,27085,27170,88
2026-08-05T10:10:00+05:30,27170,27200,27155,27190,336
2026-08-05T10:15:00+05:30,27190,27190,27065,27095,471
2026-08-05T10:20:00+05:30,27090,27155,27090,27135,295
2026-08-05T10:25:00+05:30,27135,27145,27090,27110,69
2026-08-05T10:30:00+05:30,27120,27165,27075,27165,394
2026-08-05T10:35:00+05:30,27165,27165,27120,27120,98
2026-08-05T10:40:00+05:30,27120,27185,27110,27160,373
2026-08-05T10:45:00+05:30,27160,27165,27110,27150,156
2026-08-05T10:50:00+05:30,27150,27185,27140,27155,304
2026-08-05T10:55:00+05:30,27155,27195,27150,27165,56
2026-08-05T11:00:00+05:30,27165,27410,27160,27390,1465
2026-08-05T11:05:00+05:30,27395,27440,27370,27430,479
2026-08-05T11:10:00+05:30,27415,27490,27405,27460,691
2026-08-05T11:15:00+05:30,27435,27550,27435,27500,800
2026-08-05T11:20:00+05:30,27500,27535,27485,27485,345
2026-08-05T11:25:00+05:30,27485,27500,27455,27480,333
2026-08-05T11:30:00+05:30,27480,27500,27460,27495,144
2026-08-05T11:35:00+05:30,27495,27510,27455,27465,338
2026-08-05T11:40:00+05:30,27485,27485,27410,27440,213
2026-08-05T11:45:00+05:30,27440,27440,27365,27390,117
2026-08-05T11:50:00+05:30,27390,27420,27350,27420,173
2026-08-05T11:55:00+05:30,27420,27425,27385,27395,53
2026-08-05T12:00:00+05:30,27395,27395,27360,27370,72
2026-08-05T12:05:00+05:30,27355,27355,27320,27320,36
2026-08-05T12:10:00+05:30,27320,27360,27310,27360,141
2026-08-05T12:15:00+05:30,27340,27365,27315,27340,94
2026-08-05T12:20:00+05:30,27340,27340,27310,27310,38
2026-08-05T12:25:00+05:30,27310,27350,27310,27310,76
2026-08-05T12:30:00+05:30,27310,27340,27270,27305,316
2026-08-05T12:35:00+05:30,27270,27290,27215,27240,169
2026-08-05T12:40:00+05:30,27230,27270,27225,27230,82
2026-08-05T12:45:00+05:30,27235,27265,27235,27250,36
2026-08-05T12:50:00+05:30,27250,27260,27230,27240,47
2026-08-05T12:55:00+05:30,27240,27260,27205,27220,38
2026-08-05T13:00:00+05:30,27200,27215,27035,27100,414
2026-08-05T13:05:00+05:30,27100,27135,27080,27110,98
2026-08-05T13:10:00+05:30,27110,27155,27100,27145,53
2026-08-05T13:15:00+05:30,27125,27125,27100,27110,68
2026-08-05T13:20:00+05:30,27100,27105,27070,27075,58
2026-08-05T13:25:00+05:30,27075,27085,27055,27085,29
2026-08-05T13:30:00+05:30,27085,27085,27060,27085,62
2026-08-05T13:35:00+05:30,27085,27085,27055,27055,38
2026-08-05T13:40:00+05:30,27055,27055,27010,27010,141
2026-08-05T13:45:00+05:30,27010,27095,27010,27090,128
2026-08-05T13:50:00+05:30,27090,27090,27020,27020,70
2026-08-05T13:55:00+05:30,27020,27020,26930,26955,233
2026-08-05T14:00:00+05:30,26955,27025,26955,27025,156
2026-08-05T14:05:00+05:30,27025,27105,27020,27105,200
2026-08-05T14:10:00+05:30,27105,27155,27065,27140,138
2026-08-05T14:15:00+05:30,27140,27155,27100,27125,187
2026-08-05T14:20:00+05:30,27125,27170,27040,27065,252
2026-08-05T14:25:00+05:30,27065,27065,27000,27015,65
2026-08-05T14:30:00+05:30,27015,27025,26975,27005,111
2026-08-05T14:35:00+05:30,27005,27010,26935,26935,126
2026-08-05T14:40:00+05:30,26935,26955,26815,26865,542
2026-08-05T14:45:00+05:30,26865,26885,26830,26880,234
2026-08-05T14:50:00+05:30,26880,26880,26835,26850,96
2026-08-05T14:55:00+05:30,26850,26850,26820,26840,203
2026-08-05T15:00:00+05:30,26845,26845,26775,26795,302
2026-08-05T15:05:00+05:30,26795,26815,26730,26805,1248
2026-08-05T15:10:00+05:30,26805,26870,26775,26790,611
2026-08-06T09:15:00+05:30,26915,26920,26545,26570,1002
2026-08-06T09:20:00+05:30,26555,26610,26525,26550,440
2026-08-06T09:25:00+05:30,26575,26615,26560,26590,505
2026-08-06T09:30:00+05:30,26590,26600,26505,26520,278
2026-08-06T09:35:00+05:30,26520,26585,26500,26545,241
2026-08-06T09:40:00+05:30,26545,26580,26545,26580,259
2026-08-06T09:45:00+05:30,26580,26600,26550,26590,228
2026-08-06T09:50:00+05:30,26590,26605,26560,26580,57
2026-08-06T09:55:00+05:30,26580,26580,26525,26525,163
2026-08-06T10:00:00+05:30,26520,26555,26520,26555,136
2026-08-06T10:05:00+05:30,26535,26635,26530,26615,281
2026-08-06T10:10:00+05:30,26615,26660,26615,26655,122
2026-08-06T10:15:00+05:30,26655,26655,26620,26620,34
2026-08-06T10:20:00+05:30,26620,26650,26620,26650,20
2026-08-06T10:25:00+05:30,26635,26650,26630,26650,17
2026-08-06T10:30:00+05:30,26650,26670,26635,26670,76
2026-08-06T10:35:00+05:30,26670,26670,26650,26650,37
2026-08-06T10:40:00+05:30,26650,26670,26650,26670,2
2026-08-06T10:45:00+05:30,26670,26700,26620,26640,231
2026-08-06T10:50:00+05:30,26640,26640,26600,26600,100
2026-08-06T10:55:00+05:30,26600,26615,26600,26615,9
2026-08-06T11:00:00+05:30,26615,26615,26580,26580,39
2026-08-06T11:05:00+05:30,26580,26610,26580,26600,42
2026-08-06T11:10:00+05:30,26600,26660,26600,26640,79
2026-08-06T11:15:00+05:30,26640,26640,26610,26630,74
2026-08-06T11:20:00+05:30,26630,26630,26600,26605,11
2026-08-06T11:25:00+05:30,26605,26645,26605,26645,40
2026-08-06T11:30:00+05:30,26645,26650,26625,26630,24
2026-08-06T11:35:00+05:30,26630,26655,26615,26620,178
2026-08-06T11:40:00+05:30,26620,26630,26560,26560,108
2026-08-06T11:45:00+05:30,26560,26560,26525,26525,98
2026-08-06T11:50:00+05:30,26525,26565,26525,26565,81
2026-08-06T11:55:00+05:30,26565,26565,26565,26565,7
2026-08-06T12:00:00+05:30,26565,26565,26535,26555,98
2026-08-06T12:05:00+05:30,26555,26560,26540,26560,10
2026-08-06T12:10:00+05:30,26560,26560,26460,26490,371
2026-08-06T12:15:00+05:30,26490,26510,26470,26510,196
2026-08-06T12:20:00+05:30,26485,26485,26485,26485,8
2026-08-06T12:25:00+05:30,26485,26535,26485,26515,59
2026-08-06T12:30:00+05:30,26515,26535,26495,26535,99
2026-08-06T12:35:00+05:30,26535,26535,26505,26505,39
2026-08-06T12:40:00+05:30,26505,26520,26490,26520,54
2026-08-06T12:45:00+05:30,26520,26520,26495,26505,257
2026-08-06T12:50:00+05:30,26505,26510,26485,26485,85
2026-08-06T12:55:00+05:30,26485,26495,26425,26425,384
2026-08-06T13:00:00+05:30,26440,26460,26425,26460,272
2026-08-06T13:05:00+05:30,26450,26450,26360,26385,373
2026-08-06T13:10:00+05:30,26370,26390,26310,26325,1409
2026-08-06T13:15:00+05:30,26325,26420,26320,26420,1333
2026-08-06T13:20:00+05:30,26420,26420,26330,26355,128
2026-08-06T13:25:00+05:30,26355,26360,26320,26330,351
2026-08-06T13:30:00+05:30,26350,26365,26335,26340,62
2026-08-06T13:35:00+05:30,26340,26375,26305,26305,277
2026-08-06T13:40:00+05:30,26315,26325,26260,26295,513
2026-08-06T13:45:00+05:30,26295,26295,26245,26260,424
2026-08-06T13:50:00+05:30,26260,26300,26245,26295,1335
2026-08-06T13:55:00+05:30,26275,26280,26260,26280,87
2026-08-06T14:00:00+05:30,26280,26300,26265,26300,118
2026-08-06T14:05:00+05:30,26300,26300,26205,26205,539
2026-08-06T14:10:00+05:30,26205,26270,26170,26240,362
2026-08-06T14:15:00+05:30,26240,26245,26215,26230,154
2026-08-06T14:20:00+05:30,26230,26275,26215,26265,347
2026-08-06T14:25:00+05:30,26265,26285,26255,26270,403
2026-08-06T14:30:00+05:30,26270,26300,26270,26285,364
2026-08-06T14:35:00+05:30,26300,26355,26280,26330,1642
2026-08-06T14:40:00+05:30,26330,26350,26320,26325,177
2026-08-06T14:45:00+05:30,26325,26325,26250,26300,3424
2026-08-06T14:50:00+05:30,26300,26335,26290,26335,796
2026-08-06T14:55:00+05:30,26340,26380,26325,26370,519
2026-08-06T15:00:00+05:30,26375,26390,26325,26345,342
2026-08-06T15:05:00+05:30,26340,26355,26295,26300,714
2026-08-06T15:10:00+05:30,26300,26395,26300,26395,850
2026-08-07T09:15:00+05:30,26355,26355,26105,26125,1157
2026-08-07T09:20:00+05:30,26140,26195,26135,26165,237
2026-08-07T09:25:00+05:30,26135,26150,26070,26080,454
2026-08-07T09:30:00+05:30,26095,26175,26095,26130,249
2026-08-07T09:35:00+05:30,26130,26170,26130,26160,168
2026-08-07T09:40:00+05:30,26160,26165,26105,26140,261
2026-08-07T09:45:00+05:30,26140,26150,26125,26125,59
2026-08-07T09:50:00+05:30,26125,26185,26125,26185,127
2026-08-07T09:55:00+05:30,26185,26185,26150,26150,68
2026-08-07T10:00:00+05:30,26150,26160,26150,26160,21
2026-08-07T10:05:00+05:30,26160,26200,26140,26165,200
2026-08-07T10:10:00+05:30,26165,26205,26165,26190,162
2026-08-07T10:15:00+05:30,26190,26190,26165,26180,79
2026-08-07T10:20:00+05:30,26195,26225,26175,26200,121
2026-08-07T10:25:00+05:30,26200,26230,26200,26230,71
2026-08-07T10:30:00+05:30,26230,26230,26205,26225,52
2026-08-07T10:35:00+05:30,26225,26315,26210,26260,227
2026-08-07T10:40:00+05:30,26260,26280,26235,26235,122
2026-08-07T10:45:00+05:30,26235,26290,26230,26265,106
2026-08-07T10:50:00+05:30,26265,26265,26245,26245,73
2026-08-07T10:55:00+05:30,26245,26245,26220,26235,56
2026-08-07T11:00:00+05:30,26250,26250,26205,26205,48
2026-08-07T11:05:00+05:30,26205,26255,26205,26245,90
2026-08-07T11:10:00+05:30,26245,26250,26220,26220,38
2026-08-07T11:15:00+05:30,26220,26240,26215,26215,5
2026-08-07T11:20:00+05:30,26215,26240,26215,26215,54
2026-08-07T11:25:00+05:30,26215,26235,26215,26235,5
2026-08-07T11:30:00+05:30,26235,26235,26230,26230,36
2026-08-07T11:35:00+05:30,26230,26235,26210,26235,22
2026-08-07T11:40:00+05:30,26235,26270,26210,26240,227
2026-08-07T11:45:00+05:30,26240,26260,26240,26260,44
2026-08-07T11:50:00+05:30,26260,26260,26190,26225,93
2026-08-07T11:55:00+05:30,26225,26230,26210,26210,3
2026-08-07T12:00:00+05:30,26210,26210,26130,26150,287
2026-08-07T12:05:00+05:30,26150,26155,26135,26145,42
2026-08-07T12:10:00+05:30,26145,26160,26145,26155,80
2026-08-07T12:15:00+05:30,26155,26180,26135,26180,174
2026-08-07T12:20:00+05:30,26180,26200,26165,26200,75
2026-08-07T12:25:00+05:30,26200,26225,26195,26210,46
2026-08-07T12:30:00+05:30,26200,26200,26200,26200,7
2026-08-07T12:35:00+05:30,26200,26200,26175,26175,2
2026-08-07T12:40:00+05:30,26175,26180,26165,26170,26
2026-08-07T12:45:00+05:30,26170,26210,26170,26210,57
2026-08-07T12:50:00+05:30,26210,26220,26165,26190,155
2026-08-07T12:55:00+05:30,26190,26225,26190,26195,128
2026-08-07T13:00:00+05:30,26195,26195,26195,26195,0
2026-08-07T13:05:00+05:30,26195,26195,26180,26190,31
2026-08-07T13:10:00+05:30,26190,26205,26145,26145,767
2026-08-07T13:15:00+05:30,26145,26165,26140,26160,36
2026-08-07T13:20:00+05:30,26160,26160,26115,26145,373
2026-08-07T13:25:00+05:30,26145,26145,26140,26145,17
2026-08-07T13:30:00+05:30,26145,26155,26125,26125,65
2026-08-07T13:35:00+05:30,26125,26145,26125,26145,11
2026-08-07T13:40:00+05:30,26145,26145,26105,26115,24
2026-08-07T13:45:00+05:30,26105,26115,26105,26110,36
2026-08-07T13:50:00+05:30,26110,26135,26100,26110,65
2026-08-07T13:55:00+05:30,26110,26125,26085,26095,168
2026-08-07T14:00:00+05:30,26095,26130,26095,26100,114
2026-08-07T14:05:00+05:30,26100,26135,26095,26125,37
2026-08-07T14:10:00+05:30,26125,26135,26085,26130,48
2026-08-07T14:15:00+05:30,26130,26150,26125,26140,70
2026-08-07T14:20:00+05:30,26140,26175,26140,26150,62
2026-08-07T14:25:00+05:30,26150,26155,26115,26145,96
2026-08-07T14:30:00+05:30,26145,26155,26130,26135,82
2026-08-07T14:35:00+05:30,26135,26135,26105,26110,87
2026-08-07T14:40:00+05:30,26110,26125,26100,26125,80
2026-08-07T14:45:00+05:30,26125,26155,26125,26145,76
2026-08-07T14:50:00+05:30,26145,26155,26100,26135,216
2026-08-07T14:55:00+05:30,26135,26150,26090,26100,183
2026-08-07T15:00:00+05:30,26110,26140,26095,26140,697
2026-08-07T15:05:00+05:30,26110,26140,26105,26105,456
2026-08-07T15:10:00+05:30,26110,26110,26020,26095,640
2026-08-10T09:15:00+05:30,26180,26185,25905,26065,740
2026-08-10T09:20:00+05:30,26065,26090,26020,26060,1103
2026-08-10T09:25:00+05:30,26060,26150,26060,26135,102
2026-08-10T09:30:00+05:30,26135,26180,26030,26040,672
2026-08-10T09:35:00+05:30,26040,26095,26035,26080,73
2026-08-10T09:40:00+05:30,26080,26120,26075,26095,84
2026-08-10T09:45:00+05:30,26095,26110,26040,26040,64
2026-08-10T09:50:00+05:30,26040,26095,26040,26090,11
2026-08-10T09:55:00+05:30,26090,26100,26045,26060,49
2026-08-10T10:00:00+05:30,26060,26060,26020,26035,37
2026-08-10T10:05:00+05:30,26035,26070,26035,26055,15
2026-08-10T10:10:00+05:30,26055,26055,26010,26010,58
2026-08-10T10:15:00+05:30,26010,26205,26010,26200,847
2026-08-10T10:20:00+05:30,26200,26220,26165,26200,140
2026-08-10T10:25:00+05:30,26200,26215,26175,26190,124
2026-08-10T10:30:00+05:30,26190,26200,26165,26165,59
2026-08-10T10:35:00+05:30,26165,26190,26160,26175,61
2026-08-10T10:40:00+05:30,26175,26210,26170,26170,60
2026-08-10T10:45:00+05:30,26165,26200,26155,26200,53
2026-08-10T10:50:00+05:30,26195,26290,26190,26290,361
2026-08-10T10:55:00+05:30,26290,26315,26260,26270,145
2026-08-10T11:00:00+05:30,26270,26325,26270,26310,226
2026-08-10T11:05:00+05:30,26310,26330,26265,26270,209
2026-08-10T11:10:00+05:30,26270,26355,26265,26325,368
2026-08-10T11:15:00+05:30,26330,26340,26260,26260,53
2026-08-10T11:20:00+05:30,26260,26345,26260,26305,433
2026-08-10T11:25:00+05:30,26305,26325,26300,26320,124
2026-08-10T11:30:00+05:30,26320,26330,26310,26310,57
2026-08-10T11:35:00+05:30,26310,26335,26305,26315,700
2026-08-10T11:40:00+05:30,26315,26330,26315,26330,59
2026-08-10T11:45:00+05:30,26325,26335,26310,26320,83
2026-08-10T11:50:00+05:30,26320,26330,26305,26305,78
2026-08-10T11:55:00+05:30,26305,26325,26300,26305,164
2026-08-10T12:00:00+05:30,26305,26305,26300,26300,26
2026-08-10T12:05:00+05:30,26300,26320,26220,26230,1206
2026-08-10T12:10:00+05:30,26250,26255,26225,26225,90
2026-08-10T12:15:00+05:30,26225,26255,26225,26250,46
2026-08-10T12:20:00+05:30,26235,26235,26230,26230,20
2026-08-10T12:25:00+05:30,26230,26255,26230,26250,64
2026-08-10T12:30:00+05:30,26250,26305,26250,26270,84
2026-08-10T12:35:00+05:30,26270,26270,26255,26255,39
2026-08-10T12:40:00+05:30,26255,26260,26255,26255,23
2026-08-10T12:45:00+05:30,26255,26270,26245,26245,47
2026-08-10T12:50:00+05:30,26245,26255,26235,26235,28
2026-08-10T12:55:00+05:30,26230,26255,26230,26250,44
2026-08-10T13:00:00+05:30,26250,26250,26230,26230,65
2026-08-10T13:05:00+05:30,26230,26280,26230,26260,65
2026-08-10T13:10:00+05:30,26260,26295,26260,26265,79
2026-08-10T13:15:00+05:30,26265,26265,26230,26240,103
2026-08-10T13:20:00+05:30,26240,26240,26220,26220,23
2026-08-10T13:25:00+05:30,26220,26240,26200,26210,134
2026-08-10T13:30:00+05:30,26210,26225,26200,26210,94
2026-08-10T13:35:00+05:30,26210,26235,26205,26235,51
2026-08-10T13:40:00+05:30,26235,26250,26235,26250,41
2026-08-10T13:45:00+05:30,26250,26260,26205,26215,89
2026-08-10T13:50:00+05:30,26215,26230,26210,26210,31
2026-08-10T13:55:00+05:30,26210,26230,26210,26230,56
2026-08-10T14:00:00+05:30,26230,26250,26190,26190,676
2026-08-10T14:05:00+05:30,26190,26230,26190,26230,113
2026-08-10T14:10:00+05:30,26230,26230,26205,26205,29
2026-08-10T14:15:00+05:30,26200,26205,26200,26205,19
2026-08-10T14:20:00+05:30,26205,26240,26205,26215,73
2026-08-10T14:25:00+05:30,26215,26220,26185,26190,64
2026-08-10T14:30:00+05:30,26190,26190,26135,26135,147
2026-08-10T14:35:00+05:30,26135,26155,26115,26125,108
2026-08-10T14:40:00+05:30,26125,26140,26125,26125,32
2026-08-10T14:45:00+05:30,26125,26135,26070,26085,610
2026-08-10T14:50:00+05:30,26100,26150,26075,26115,487
2026-08-10T14:55:00+05:30,26125,26155,26100,26125,347
2026-08-10T15:00:00+05:30,26135,26140,26095,26135,572
2026-08-10T15:05:00+05:30,26130,26130,26075,26090,386
2026-08-10T15:10:00+05:30,26085,26100,26025,26025,700
2026-08-11T09:15:00+05:30,26135,26135,25935,25955,635
2026-08-11T09:20:00+05:30,25955,25955,25800,25810,392
2026-08-11T09:25:00+05:30,25810,25835,25795,25810,252
2026-08-11T09:30:00+05:30,25810,25810,25750,25775,219
2026-08-11T09:35:00+05:30,25775,25780,25725,25740,222
2026-08-11T09:40:00+05:30,25740,25745,25685,25725,263
2026-08-11T09:45:00+05:30,25725,25750,25725,25750,147
2026-08-11T09:50:00+05:30,25750,25760,25730,25730,21
2026-08-11T09:55:00+05:30,25730,25840,25730,25800,640
2026-08-11T10:00:00+05:30,25800,25800,25770,25795,95
2026-08-11T10:05:00+05:30,25795,25820,25795,25800,69
2026-08-11T10:10:00+05:30,25800,25800,25775,25800,44
2026-08-11T10:15:00+05:30,25800,25815,25785,25795,83
2026-08-11T10:20:00+05:30,25775,25780,25695,25730,370
2026-08-11T10:25:00+05:30,25730,25745,25710,25735,248
2026-08-11T10:30:00+05:30,25745,25745,25730,25740,83
2026-08-11T10:35:00+05:30,25740,25740,25720,25730,70
2026-08-11T10:40:00+05:30,25730,25735,25720,25730,154
2026-08-11T10:45:00+05:30,25730,25740,25680,25680,260
2026-08-11T10:50:00+05:30,25680,25690,25645,25670,465
2026-08-11T10:55:00+05:30,25670,25670,25635,25635,248
2026-08-11T11:00:00+05:30,25635,25640,25620,25630,61
2026-08-11T11:05:00+05:30,25635,25640,25570,25610,635
2026-08-11T11:10:00+05:30,25600,25645,25550,25550,626
2026-08-11T11:15:00+05:30,25595,25620,25560,25570,276
2026-08-11T11:20:00+05:30,25570,25585,25505,25505,420
2026-08-11T11:25:00+05:30,25505,25530,25485,25500,502
2026-08-11T11:30:00+05:30,25500,25520,25500,25500,126
2026-08-11T11:35:00+05:30,25500,25545,25500,25540,58
2026-08-11T11:40:00+05:30,25540,25565,25535,25550,132
2026-08-11T11:45:00+05:30,25545,25545,25525,25540,62
2026-08-11T11:50:00+05:30,25540,25540,25530,25540,20
2026-08-11T11:55:00+05:30,25540,25550,25525,25550,81
2026-08-11T12:00:00+05:30,25550,25550,25520,25545,97
2026-08-11T12:05:00+05:30,25545,25550,25540,25550,66
2026-08-11T12:10:00+05:30,25550,25620,25535,25590,350
2026-08-11T12:15:00+05:30,25590,25590,25560,25570,43
2026-08-11T12:20:00+05:30,25570,25570,25550,25565,81
2026-08-11T12:25:00+05:30,25565,25565,25540,25540,67
2026-08-11T12:30:00+05:30,25540,25570,25540,25540,45
2026-08-11T12:35:00+05:30,25540,25565,25540,25565,41
2026-08-11T12:40:00+05:30,25565,25565,25550,25550,29
2026-08-11T12:45:00+05:30,25550,25590,25550,25590,152
2026-08-11T12:50:00+05:30,25590,25590,25550,25565,143
2026-08-11T12:55:00+05:30,25565,25575,25535,25540,64
2026-08-11T13:00:00+05:30,25540,25550,25510,25540,685
2026-08-11T13:05:00+05:30,25540,25550,25540,25540,24
2026-08-11T13:10:00+05:30,25540,25545,25515,25530,85
2026-08-11T13:15:00+05:30,25530,25535,25525,25535,39
2026-08-11T13:20:00+05:30,25535,25550,25525,25550,100
2026-08-11T13:25:00+05:30,25550,25600,25535,25585,197
2026-08-11T13:30:00+05:30,25585,25585,25565,25565,39
2026-08-11T13:35:00+05:30,25565,25595,25560,25595,153
2026-08-11T13:40:00+05:30,25595,25595,25560,25560,34
2026-08-11T13:45:00+05:30,25575,25595,25560,25575,61
2026-08-11T13:50:00+05:30,25575,25575,25540,25550,56
2026-08-11T13:55:00+05:30,25550,25555,25520,25540,191
2026-08-11T14:00:00+05:30,25540,25545,25500,25500,320
2026-08-11T14:05:00+05:30,25500,25515,25485,25515,221
2026-08-11T14:10:00+05:30,25515,25515,25500,25510,87
2026-08-11T14:15:00+05:30,25505,25510,25500,25500,99
2026-08-11T14:20:00+05:30,25500,25510,25450,25455,324
2026-08-11T14:25:00+05:30,25455,25485,25455,25480,143
2026-08-11T14:30:00+05:30,25480,25495,25480,25490,169
2026-08-11T14:35:00+05:30,25490,25495,25465,25495,362
2026-08-11T14:40:00+05:30,25495,25520,25470,25500,360
2026-08-11T14:45:00+05:30,25515,25520,25500,25515,94
2026-08-11T14:50:00+05:30,25515,25515,25500,25510,122
2026-08-11T14:55:00+05:30,25510,25515,25490,25490,211
2026-08-11T15:00:00+05:30,25510,25520,25495,25505,298
2026-08-11T15:05:00+05:30,25505,25520,25490,25500,893
2026-08-11T15:10:00+05:30,25500,25545,25490,25510,977
2026-08-12T09:15:00+05:30,25470,25480,25330,25345,1048
2026-08-12T09:20:00+05:30,25345,25355,25320,25355,361
2026-08-12T09:25:00+05:30,25355,25360,25325,25345,205
2026-08-12T09:30:00+05:30,25345,25345,25285,25290,439
2026-08-12T09:35:00+05:30,25290,25330,25285,25310,249
2026-08-12T09:40:00+05:30,25310,25310,25285,25310,311
2026-08-12T09:45:00+05:30,25310,25310,25250,25260,557
2026-08-12T09:50:00+05:30,25260,25285,25245,25265,231
2026-08-12T09:55:00+05:30,25265,25345,25265,25280,453
2026-08-12T10:00:00+05:30,25280,25290,25210,25215,289
2026-08-12T10:05:00+05:30,25215,25245,25210,25220,154
2026-08-12T10:10:00+05:30,25220,25270,25210,25265,106
2026-08-12T10:15:00+05:30,25265,25295,25235,25270,718
2026-08-12T10:20:00+05:30,25270,25275,25250,25260,129
2026-08-12T10:25:00+05:30,25260,25270,25250,25250,110
2026-08-12T10:30:00+05:30,25250,25275,25250,25275,79
2026-08-12T10:35:00+05:30,25275,25275,25250,25255,90
2026-08-12T10:40:00+05:30,25255,25255,25245,25255,66
2026-08-12T10:45:00+05:30,25255,25260,25225,25225,263
2026-08-12T10:50:00+05:30,25225,25245,25220,25245,70
2026-08-12T10:55:00+05:30,25245,25250,25180,25225,486
2026-08-12T11:00:00+05:30,25225,25230,25210,25225,41
2026-08-12T11:05:00+05:30,25225,25225,25200,25200,89
2026-08-12T11:10:00+05:30,25200,25230,25200,25210,66
2026-08-12T11:15:00+05:30,25210,25255,25210,25245,209
2026-08-12T11:20:00+05:30,25245,25245,25210,25225,131
2026-08-12T11:25:00+05:30,25225,25225,25200,25205,51
2026-08-12T11:30:00+05:30,25195,25195,25155,25160,191
2026-08-12T11:35:00+05:30,25160,25230,25150,25210,327
2026-08-12T11:40:00+05:30,25200,25265,25170,25250,432
2026-08-12T11:45:00+05:30,25275,25275,25225,25245,336
2026-08-12T11:50:00+05:30,25245,25255,25230,25230,53
2026-08-12T11:55:00+05:30,25230,25230,25200,25205,100
2026-08-12T12:00:00+05:30,25205,25230,25200,25230,160
2026-08-12T12:05:00+05:30,25230,25245,25230,25230,253
2026-08-12T12:10:00+05:30,25230,25265,25230,25245,146
2026-08-12T12:15:00+05:30,25245,25270,25245,25265,134
2026-08-12T12:20:00+05:30,25265,25285,25240,25255,299
2026-08-12T12:25:00+05:30,25255,25290,25255,25265,205
2026-08-12T12:30:00+05:30,25265,25335,25230,25305,358
2026-08-12T12:35:00+05:30,25290,25305,25265,25280,160
2026-08-12T12:40:00+05:30,25280,25280,25250,25250,95
2026-08-12T12:45:00+05:30,25250,25260,25240,25245,174
2026-08-12T12:50:00+05:30,25270,25270,25245,25245,92
2026-08-12T12:55:00+05:30,25245,25285,25245,25280,202
2026-08-12T13:00:00+05:30,25280,25290,25280,25285,115
2026-08-12T13:05:00+05:30,25285,25285,25265,25280,200
2026-08-12T13:10:00+05:30,25280,25320,25265,25305,114
2026-08-12T13:15:00+05:30,25305,25360,25305,25335,270
2026-08-12T13:20:00+05:30,25335,25335,25305,25305,70
2026-08-12T13:25:00+05:30,25305,25315,25290,25315,203
2026-08-12T13:30:00+05:30,25315,25315,25260,25285,173
2026-08-12T13:35:00+05:30,25285,25285,25265,25265,37
2026-08-12T13:40:00+05:30,25265,25285,25250,25250,84
2026-08-12T13:45:00+05:30,25250,25250,25225,25230,69
2026-08-12T13:50:00+05:30,25230,25250,25220,25235,242
2026-08-12T13:55:00+05:30,25235,25270,25205,25270,321
2026-08-12T14:00:00+05:30,25270,25270,25210,25210,107
2026-08-12T14:05:00+05:30,25210,25240,25210,25220,120
2026-08-12T14:10:00+05:30,25215,25240,25200,25240,120
2026-08-12T14:15:00+05:30,25240,25285,25220,25240,344
2026-08-12T14:20:00+05:30,25240,25270,25230,25260,176
2026-08-12T14:25:00+05:30,25260,25310,25235,25290,365
2026-08-12T14:30:00+05:30,25290,25330,25265,25300,350
2026-08-12T14:35:00+05:30,25305,25305,25240,25260,212
2026-08-12T14:40:00+05:30,25260,25295,25235,25295,244
2026-08-12T14:45:00+05:30,25280,25340,25275,25325,483
2026-08-12T14:50:00+05:30,25325,25385,25310,25380,896
2026-08-12T14:55:00+05:30,25380,25400,25350,25390,613
2026-08-12T15:00:00+05:30,25390,25470,25365,25465,866
2026-08-12T15:05:00+05:30,25450,25460,25385,25405,1062
2026-08-12T15:10:00+05:30,25400,25475,25375,25410,842
2026-08-13T09:15:00+05:30,25570,25575,25185,25220,314
2026-08-13T09:20:00+05:30,25220,25260,25115,25235,524
2026-08-13T09:25:00+05:30,25235,25255,25220,25255,253
2026-08-13T09:30:00+05:30,25255,25300,25180,25185,523
2026-08-13T09:35:00+05:30,25185,25235,25185,25195,180
2026-08-13T09:40:00+05:30,25195,25215,25180,25190,206
2026-08-13T09:45:00+05:30,25190,25220,25160,25160,306
2026-08-13T09:50:00+05:30,25160,25185,25150,25175,316
2026-08-13T09:55:00+05:30,25175,25220,25155,25215,134
2026-08-13T10:00:00+05:30,25215,25295,25195,25240,415
2026-08-13T10:05:00+05:30,25240,25275,25240,25255,101
2026-08-13T10:10:00+05:30,25265,25265,25225,25245,52
2026-08-13T10:15:00+05:30,25245,25260,25225,25235,119
2026-08-13T10:20:00+05:30,25235,25235,25165,25175,220
2026-08-13T10:25:00+05:30,25175,25175,25130,25150,149
2026-08-13T10:30:00+05:30,25150,25150,25105,25125,260
2026-08-13T10:35:00+05:30,25125,25145,25125,25130,94
2026-08-13T10:40:00+05:30,25130,25165,25130,25135,272
2026-08-13T10:45:00+05:30,25135,25155,25130,25130,102
2026-08-13T10:50:00+05:30,25130,25150,25120,25120,188
2026-08-13T10:55:00+05:30,25130,25155,25120,25120,86
2026-08-13T11:00:00+05:30,25120,25135,25105,25110,109
2026-08-13T11:05:00+05:30,25110,25160,25110,25125,197
2026-08-13T11:10:00+05:30,25125,25140,25110,25110,352
2026-08-13T11:15:00+05:30,25110,25125,25105,25105,132
2026-08-13T11:20:00+05:30,25105,25120,25050,25085,716
2026-08-13T11:25:00+05:30,25085,25105,25080,25080,164
2026-08-13T11:30:00+05:30,25085,25110,25065,25105,197
2026-08-13T11:35:00+05:30,25105,25110,25090,25095,135
2026-08-13T11:40:00+05:30,25095,25105,25065,25065,132
2026-08-13T11:45:00+05:30,25070,25105,25065,25085,395
2026-08-13T11:50:00+05:30,25085,25110,25070,25085,109
2026-08-13T11:55:00+05:30,25085,25125,25085,25115,236
2026-08-13T12:00:00+05:30,25115,25145,25105,25135,296
2026-08-13T12:05:00+05:30,25135,25150,25115,25125,242
2026-08-13T12:10:00+05:30,25125,25145,25115,25140,145
2026-08-13T12:15:00+05:30,25140,25155,25125,25140,193
2026-08-13T12:20:00+05:30,25140,25155,25120,25130,128
2026-08-13T12:25:00+05:30,25130,25145,25110,25125,137
2026-08-13T12:30:00+05:30,25125,25125,25095,25095,263
2026-08-13T12:35:00+05:30,25095,25130,25090,25100,129
2026-08-13T12:40:00+05:30,25100,25175,25100,25140,283
2026-08-13T12:45:00+05:30,25140,25165,25140,25150,98
2026-08-13T12:50:00+05:30,25150,25160,25105,25135,475
2026-08-13T12:55:00+05:30,25135,25135,25110,25115,133
2026-08-13T13:00:00+05:30,25115,25135,25115,25120,76
2026-08-13T13:05:00+05:30,25120,25130,25120,25120,37
2026-08-13T13:10:00+05:30,25120,25130,25055,25085,500
2026-08-13T13:15:00+05:30,25085,25120,25080,25080,276
2026-08-13T13:20:00+05:30,25080,25115,25070,25090,169
2026-08-13T13:25:00+05:30,25090,25120,25085,25100,53
2026-08-13T13:30:00+05:30,25100,25120,25095,25105,42
2026-08-13T13:35:00+05:30,25105,25125,25095,25110,401
2026-08-13T13:40:00+05:30,25110,25130,25110,25115,62
2026-08-13T13:45:00+05:30,25115,25140,25100,25120,203
2026-08-13T13:50:00+05:30,25135,25135,25120,25125,115
2026-08-13T13:55:00+05:30,25125,25125,25105,25110,55
2026-08-13T14:00:00+05:30,25110,25125,25110,25115,46
2026-08-13T14:05:00+05:30,25115,25120,25090,25090,228
2026-08-13T14:10:00+05:30,25090,25120,25090,25100,97
2026-08-13T14:15:00+05:30,25100,25115,25085,25085,345
2026-08-13T14:20:00+05:30,25085,25135,25085,25110,162
2026-08-13T14:25:00+05:30,25110,25155,25110,25155,270
2026-08-13T14:30:00+05:30,25155,25155,25140,25140,41
2026-08-13T14:35:00+05:30,25140,25140,25110,25110,64
2026-08-13T14:40:00+05:30,25110,25120,25105,25110,58
2026-08-13T14:45:00+05:30,25110,25135,25105,25120,189
2026-08-13T14:50:00+05:30,25120,25130,25110,25115,108
2026-08-13T14:55:00+05:30,25130,25130,25110,25110,185
2026-08-13T15:00:00+05:30,25130,25130,25110,25115,326
2026-08-13T15:05:00+05:30,25115,25120,25080,25100,794
2026-08-13T15:10:00+05:30,25100,25135,25050,25075,1060
2026-08-14T09:15:00+05:30,25260,25300,24965,24975,1350
2026-08-14T09:20:00+05:30,24975,25030,24950,24980,686
2026-08-14T09:25:00+05:30,24980,24995,24920,24930,650
2026-08-14T09:30:00+05:30,24930,24965,24905,24910,692
2026-08-14T09:35:00+05:30,24910,24945,24900,24915,801
2026-08-14T09:40:00+05:30,24910,24930,24885,24890,579
2026-08-14T09:45:00+05:30,24885,24950,24855,24935,1503
2026-08-14T09:50:00+05:30,24935,24995,24925,24945,736
2026-08-14T09:55:00+05:30,24945,25020,24925,24990,658
2026-08-14T10:00:00+05:30,24970,24995,24965,24965,543
2026-08-14T10:05:00+05:30,24985,24985,24915,24935,242
2026-08-14T10:10:00+05:30,24935,24935,24865,24895,637
2026-08-14T10:15:00+05:30,24870,24895,24845,24850,477
2026-08-14T10:20:00+05:30,24850,24860,24830,24830,559
2026-08-14T10:25:00+05:30,24850,24850,24810,24810,533
2026-08-14T10:30:00+05:30,24810,24850,24760,24785,1094
2026-08-14T10:35:00+05:30,24765,24785,24750,24755,433
2026-08-14T10:40:00+05:30,24755,24775,24720,24725,872
2026-08-14T10:45:00+05:30,24735,24765,24720,24730,743
2026-08-14T10:50:00+05:30,24740,24775,24705,24710,2129
2026-08-14T10:55:00+05:30,24710,24735,24675,24675,725
2026-08-14T11:00:00+05:30,24670,24710,24665,24695,1025
2026-08-14T11:05:00+05:30,24675,24690,24600,24650,1545
2026-08-14T11:10:00+05:30,24650,24670,24610,24630,788
2026-08-14T11:15:00+05:30,24625,24660,24610,24625,715
2026-08-14T11:20:00+05:30,24625,24655,24610,24635,791
2026-08-14T11:25:00+05:30,24640,24680,24625,24645,935
2026-08-14T11:30:00+05:30,24645,24680,24640,24665,679
2026-08-14T11:35:00+05:30,24655,24680,24650,24665,336
2026-08-14T11:40:00+05:30,24665,24700,24665,24675,294
2026-08-14T11:45:00+05:30,24675,24685,24665,24670,176
2026-08-14T11:50:00+05:30,24670,24680,24650,24650,92
2026-08-14T11:55:00+05:30,24650,24690,24640,24660,345
2026-08-14T12:00:00+05:30,24680,24690,24660,24675,421
2026-08-14T12:05:00+05:30,24675,24695,24650,24655,445
2026-08-14T12:10:00+05:30,24655,24710,24650,24680,406
2026-08-14T12:15:00+05:30,24680,24740,24670,24725,600
2026-08-14T12:20:00+05:30,24725,24745,24705,24730,398
2026-08-14T12:25:00+05:30,24730,24760,24700,24700,840
2026-08-14T12:30:00+05:30,24700,24740,24690,24695,686
2026-08-14T12:35:00+05:30,24695,24745,24695,24725,659
2026-08-14T12:40:00+05:30,24725,24800,24725,24750,588
2026-08-14T12:45:00+05:30,24750,24815,24730,24810,588
2026-08-14T12:50:00+05:30,24810,24925,24800,24845,1617
2026-08-14T12:55:00+05:30,24845,24860,24815,24845,388
2026-08-14T13:00:00+05:30,24840,24905,24835,24835,452
2026-08-14T13:05:00+05:30,24835,24850,24805,24810,335
2026-08-14T13:10:00+05:30,24810,24890,24810,24835,492
2026-08-14T13:15:00+05:30,24835,24850,24810,24820,170
2026-08-14T13:20:00+05:30,24815,24835,24795,24795,121
2026-08-14T13:25:00+05:30,24795,24805,24775,24805,173
2026-08-14T13:30:00+05:30,24780,24800,24770,24770,518
2026-08-14T13:35:00+05:30,24770,24790,24755,24755,205
2026-08-14T13:40:00+05:30,24755,24790,24755,24760,255
2026-08-14T13:45:00+05:30,24760,24810,24760,24785,395
2026-08-14T13:50:00+05:30,24785,24825,24760,24760,324
2026-08-14T13:55:00+05:30,24760,24805,24755,24770,454
2026-08-14T14:00:00+05:30,24770,24780,24730,24730,653
2026-08-14T14:05:00+05:30,24730,24750,24705,24720,675
2026-08-14T14:10:00+05:30,24735,24735,24710,24710,378
2026-08-14T14:15:00+05:30,24710,24730,24700,24705,329
2026-08-14T14:20:00+05:30,24705,24720,24695,24700,573
2026-08-14T14:25:00+05:30,24700,24715,24685,24700,440
2026-08-14T14:30:00+05:30,24700,24720,24680,24680,628
2026-08-14T14:35:00+05:30,24685,24705,24680,24685,936
2026-08-14T14:40:00+05:30,24685,24725,24675,24710,890
2026-08-14T14:45:00+05:30,24710,24715,24685,24685,629
2026-08-14T14:50:00+05:30,24690,24705,24680,24685,1083
2026-08-14T14:55:00+05:30,24685,24760,24680,24750,1839
2026-08-14T15:00:00+05:30,24740,24740,24695,24705,1806
2026-08-14T15:05:00+05:30,24720,24735,24690,24715,1838
2026-08-14T15:10:00+05:30,24725,24750,24700,24700,2281
2026-08-17T09:15:00+05:30,24790,24790,24525,24540,914
2026-08-17T09:20:00+05:30,24535,24620,24530,24530,375
2026-08-17T09:25:00+05:30,24530,24570,24510,24545,272
2026-08-17T09:30:00+05:30,24545,24575,24540,24545,362
2026-08-17T09:35:00+05:30,24545,24600,24545,24560,190
2026-08-17T09:40:00+05:30,24560,24595,24560,24590,117
2026-08-17T09:45:00+05:30,24590,24615,24585,24615,418
2026-08-17T09:50:00+05:30,24615,24650,24600,24650,385
2026-08-17T09:55:00+05:30,24650,24665,24630,24630,266
2026-08-17T10:00:00+05:30,24630,24640,24610,24640,96
2026-08-17T10:05:00+05:30,24640,24650,24610,24635,100
2026-08-17T10:10:00+05:30,24635,24635,24600,24600,39
2026-08-17T10:15:00+05:30,24600,24605,24540,24550,162
2026-08-17T10:20:00+05:30,24550,24560,24545,24545,104
2026-08-17T10:25:00+05:30,24545,24550,24525,24530,223
2026-08-17T10:30:00+05:30,24530,24540,24515,24515,164
2026-08-17T10:35:00+05:30,24520,24545,24475,24500,471
2026-08-17T10:40:00+05:30,24500,24510,24475,24475,137
2026-08-17T10:45:00+05:30,24475,24520,24460,24460,207
2026-08-17T10:50:00+05:30,24475,24540,24460,24490,262
2026-08-17T10:55:00+05:30,24490,24510,24475,24475,102
2026-08-17T11:00:00+05:30,24475,24520,24475,24495,106
2026-08-17T11:05:00+05:30,24495,24515,24480,24490,117
2026-08-17T11:10:00+05:30,24490,24495,24465,24465,193
2026-08-17T11:15:00+05:30,24465,24505,24465,24470,102
2026-08-17T11:20:00+05:30,24470,24480,24465,24465,54
2026-08-17T11:25:00+05:30,24465,24470,24465,24465,162
2026-08-17T11:30:00+05:30,24465,24465,24410,24425,486
2026-08-17T11:35:00+05:30,24425,24445,24425,24425,157
2026-08-17T11:40:00+05:30,24425,24440,24410,24415,160
2026-08-17T11:45:00+05:30,24415,24435,24410,24435,87
2026-08-17T11:50:00+05:30,24435,24440,24415,24425,96
2026-08-17T11:55:00+05:30,24425,24525,24425,24505,296
2026-08-17T12:00:00+05:30,24505,24550,24495,24515,218
2026-08-17T12:05:00+05:30,24515,24530,24505,24510,115
2026-08-17T12:10:00+05:30,24510,24540,24505,24525,143
2026-08-17T12:15:00+05:30,24525,24545,24510,24510,108
2026-08-17T12:20:00+05:30,24510,24530,24505,24505,103
2026-08-17T12:25:00+05:30,24505,24545,24495,24510,241
2026-08-17T12:30:00+05:30,24510,24570,24505,24550,242
2026-08-17T12:35:00+05:30,24550,24575,24550,24555,155
2026-08-17T12:40:00+05:30,24555,24570,24550,24550,245
2026-08-17T12:45:00+05:30,24550,24590,24535,24565,319
2026-08-17T12:50:00+05:30,24550,24590,24550,24565,175
2026-08-17T12:55:00+05:30,24565,24585,24550,24570,353
2026-08-17T13:00:00+05:30,24570,24600,24560,24560,282
2026-08-17T13:05:00+05:30,24565,24600,24560,24570,225
2026-08-17T13:10:00+05:30,24580,24585,24560,24560,168
2026-08-17T13:15:00+05:30,24570,24595,24570,24590,309
2026-08-17T13:20:00+05:30,24590,24610,24565,24565,175
2026-08-17T13:25:00+05:30,24565,24580,24545,24560,222
2026-08-17T13:30:00+05:30,24560,24585,24555,24555,356
2026-08-17T13:35:00+05:30,24560,24600,24550,24565,336
2026-08-17T13:40:00+05:30,24565,24590,24565,24570,347
2026-08-17T13:45:00+05:30,24570,24610,24570,24585,342
2026-08-17T13:50:00+05:30,24590,24590,24560,24560,220
2026-08-17T13:55:00+05:30,24555,24575,24550,24555,281
2026-08-17T14:00:00+05:30,24555,24580,24540,24560,417
2026-08-17T14:05:00+05:30,24560,24580,24555,24570,356
2026-08-17T14:10:00+05:30,24560,24570,24530,24540,300
2026-08-17T14:15:00+05:30,24540,24590,24540,24560,325
2026-08-17T14:20:00+05:30,24560,24570,24545,24550,260
2026-08-17T14:25:00+05:30,24550,24585,24545,24550,379
2026-08-17T14:30:00+05:30,24550,24570,24540,24540,327
2026-08-17T14:35:00+05:30,24550,24600,24545,24590,698
2026-08-17T14:40:00+05:30,24590,24640,24585,24620,310
2026-08-17T14:45:00+05:30,24620,24635,24605,24625,358
2026-08-17T14:50:00+05:30,24625,24630,24605,24620,444
2026-08-17T14:55:00+05:30,24620,24630,24605,24610,455
2026-08-17T15:00:00+05:30,24610,24630,24585,24600,532
2026-08-17T15:05:00+05:30,24600,24650,24595,24635,755
2026-08-17T15:10:00+05:30,24635,24695,24545,24545,1561
2026-08-18T09:15:00+05:30,24625,24805,24595,24675,609
2026-08-18T09:20:00+05:30,24675,24675,24610,24625,129
2026-08-18T09:25:00+05:30,24625,24625,24550,24550,276
2026-08-18T09:30:00+05:30,24550,24605,24545,24585,231
2026-08-18T09:35:00+05:30,24585,24635,24585,24630,170
2026-08-18T09:40:00+05:30,24630,24630,24595,24595,149
2026-08-18T09:45:00+05:30,24595,24630,24580,24630,636
2026-08-18T09:50:00+05:30,24620,24690,24615,24680,600
2026-08-18T09:55:00+05:30,24680,24700,24670,24685,157
2026-08-18T10:00:00+05:30,24685,24715,24655,24670,183
2026-08-18T10:05:00+05:30,24670,24670,24650,24665,196
2026-08-18T10:10:00+05:30,24665,24665,24650,24650,35
2026-08-18T10:15:00+05:30,24655,24665,24650,24665,33
2026-08-18T10:20:00+05:30,24665,24715,24665,24715,1036
2026-08-18T10:25:00+05:30,24715,24730,24700,24720,71
2026-08-18T10:30:00+05:30,24720,24730,24710,24710,35
2026-08-18T10:35:00+05:30,24710,24725,24705,24720,42
2026-08-18T10:40:00+05:30,24720,24730,24700,24720,75
2026-08-18T10:45:00+05:30,24720,24720,24685,24705,122
2026-08-18T10:50:00+05:30,24705,24720,24700,24700,72
2026-08-18T10:55:00+05:30,24700,24700,24680,24680,45
2026-08-18T11:00:00+05:30,24680,24685,24665,24665,79
2026-08-18T11:05:00+05:30,24665,24670,24650,24655,50
2026-08-18T11:10:00+05:30,24655,24685,24650,24650,2615
2026-08-18T11:15:00+05:30,24650,24680,24650,24680,124
2026-08-18T11:20:00+05:30,24680,24680,24655,24655,1351
2026-08-18T11:25:00+05:30,24655,24670,24650,24650,29
2026-08-18T11:30:00+05:30,24650,24670,24650,24670,163
2026-08-18T11:35:00+05:30,24670,24680,24655,24680,146
2026-08-18T11:40:00+05:30,24680,24680,24655,24670,97
2026-08-18T11:45:00+05:30,24670,24670,24650,24660,101
2026-08-18T11:50:00+05:30,24660,24750,24660,24740,366
2026-08-18T11:55:00+05:30,24740,24750,24720,24730,157
2026-08-18T12:00:00+05:30,24730,24755,24720,24745,140
2026-08-18T12:05:00+05:30,24745,24745,24700,24730,1535
2026-08-18T12:10:00+05:30,24730,24735,24730,24730,270
2026-08-18T12:15:00+05:30,24730,24735,24700,24720,489
2026-08-18T12:20:00+05:30,24720,24720,24700,24700,370
2026-08-18T12:25:00+05:30,24700,24705,24700,24700,266
2026-08-18T12:30:00+05:30,24700,24705,24700,24700,1045
2026-08-18T12:35:00+05:30,24700,24705,24585,24585,4738
2026-08-18T12:40:00+05:30,24585,24660,24570,24625,987
2026-08-18T12:45:00+05:30,24625,24655,24625,24650,112
2026-08-18T12:50:00+05:30,24630,24655,24620,24630,198
2026-08-18T12:55:00+05:30,24630,24650,24625,24630,122
2026-08-18T13:00:00+05:30,24630,24655,24620,24625,189
2026-08-18T13:05:00+05:30,24625,24645,24605,24635,234
2026-08-18T13:10:00+05:30,24635,24645,24615,24645,186
2026-08-18T13:15:00+05:30,24645,24650,24620,24620,95
2026-08-18T13:20:00+05:30,24620,24635,24605,24620,258
2026-08-18T13:25:00+05:30,24620,24640,24600,24630,1414
2026-08-18T13:30:00+05:30,24630,24645,24615,24640,165
2026-08-18T13:35:00+05:30,24640,24700,24620,24695,302
2026-08-18T13:40:00+05:30,24680,24695,24670,24670,156
2026-08-18T13:45:00+05:30,24670,24700,24670,24700,182
2026-08-18T13:50:00+05:30,24700,24700,24685,24695,240
2026-08-18T13:55:00+05:30,24695,24700,24685,24700,226
2026-08-18T14:00:00+05:30,24695,24700,24665,24700,686
2026-08-18T14:05:00+05:30,24695,24700,24690,24700,205
2026-08-18T14:10:00+05:30,24695,24700,24675,24690,305
2026-08-18T14:15:00+05:30,24695,24700,24670,24685,328
2026-08-18T14:20:00+05:30,24685,24700,24670,24695,394
2026-08-18T14:25:00+05:30,24695,24710,24670,24700,796
2026-08-18T14:30:00+05:30,24700,24700,24690,24695,356
2026-08-18T14:35:00+05:30,24695,24700,24685,24695,384
2026-08-18T14:40:00+05:30,24695,24700,24660,24695,424
2026-08-18T14:45:00+05:30,24695,24700,24680,24695,315
2026-08-18T14:50:00+05:30,24695,24935,24690,24725,3610
2026-08-18T14:55:00+05:30,24725,24740,24680,24740,1290
2026-08-18T15:00:00+05:30,24740,24740,24700,24700,1723
2026-08-18T15:05:00+05:30,24700,24730,24700,24730,2846
2026-08-18T15:10:00+05:30,24730,24780,24700,24700,1526
2026-08-19T09:15:00+05:30,24700,24700,24360,24375,1362
2026-08-19T09:20:00+05:30,24375,24400,24310,24345,355
2026-08-19T09:25:00+05:30,24360,24365,24300,24330,426
2026-08-19T09:30:00+05:30,24330,24330,24270,24295,400
2026-08-19T09:35:00+05:30,24295,24300,24265,24300,115
2026-08-19T09:40:00+05:30,24300,24350,24280,24280,163
2026-08-19T09:45:00+05:30,24280,24300,24260,24285,154
2026-08-19T09:50:00+05:30,24300,24320,24300,24300,130
2026-08-19T09:55:00+05:30,24300,24330,24300,24320,93
2026-08-19T10:00:00+05:30,24320,24335,24285,24285,170
2026-08-19T10:05:00+05:30,24285,24285,24220,24220,452
2026-08-19T10:10:00+05:30,24225,24255,24180,24210,277
2026-08-19T10:15:00+05:30,24195,24195,24150,24180,210
2026-08-19T10:20:00+05:30,24180,24265,24155,24200,759
2026-08-19T10:25:00+05:30,24200,24240,24185,24240,145
2026-08-19T10:30:00+05:30,24240,24245,24210,24210,161
2026-08-19T10:35:00+05:30,24215,24230,24200,24205,85
2026-08-19T10:40:00+05:30,24205,24205,24180,24190,120
2026-08-19T10:45:00+05:30,24190,24245,24180,24225,258
2026-08-19T10:50:00+05:30,24235,24265,24230,24250,146
2026-08-19T10:55:00+05:30,24250,24285,24245,24275,166
2026-08-19T11:00:00+05:30,24275,24300,24255,24255,183
2026-08-19T11:05:00+05:30,24255,24275,24250,24270,320
2026-08-19T11:10:00+05:30,24270,24315,24270,24285,390
2026-08-19T11:15:00+05:30,24285,24310,24280,24290,127
2026-08-19T11:20:00+05:30,24300,24325,24275,24310,178
2026-08-19T11:25:00+05:30,24310,24325,24295,24320,230
2026-08-19T11:30:00+05:30,24320,24380,24315,24335,663
2026-08-19T11:35:00+05:30,24335,24370,24325,24345,360
2026-08-19T11:40:00+05:30,24345,24380,24345,24355,273
2026-08-19T11:45:00+05:30,24350,24370,24335,24335,229
2026-08-19T11:50:00+05:30,24335,24340,24315,24335,236
2026-08-19T11:55:00+05:30,24335,24375,24325,24355,224
2026-08-19T12:00:00+05:30,24355,24380,24350,24350,249
2026-08-19T12:05:00+05:30,24350,24360,24335,24340,264
2026-08-19T12:10:00+05:30,24340,24355,24300,24300,202
2026-08-19T12:15:00+05:30,24300,24325,24275,24280,242
2026-08-19T12:20:00+05:30,24280,24325,24280,24310,206
2026-08-19T12:25:00+05:30,24310,24325,24300,24310,197
2026-08-19T12:30:00+05:30,24310,24310,24290,24295,197
2026-08-19T12:35:00+05:30,24295,24325,24290,24310,262
2026-08-19T12:40:00+05:30,24310,24365,24310,24345,213
2026-08-19T12:45:00+05:30,24345,24355,24315,24335,203
2026-08-19T12:50:00+05:30,24335,24345,24310,24335,210
2026-08-19T12:55:00+05:30,24335,24335,24280,24300,217
2026-08-19T13:00:00+05:30,24300,24315,24285,24305,287
2026-08-19T13:05:00+05:30,24305,24315,24280,24280,251
2026-08-19T13:10:00+05:30,24290,24300,24265,24265,258
2026-08-19T13:15:00+05:30,24260,24285,24245,24270,310
2026-08-19T13:20:00+05:30,24275,24275,24245,24260,412
2026-08-19T13:25:00+05:30,24255,24280,24245,24255,348
2026-08-19T13:30:00+05:30,24255,24290,24250,24260,334
2026-08-19T13:35:00+05:30,24260,24295,24255,24275,380
2026-08-19T13:40:00+05:30,24270,24330,24270,24310,674
2026-08-19T13:45:00+05:30,24310,24335,24300,24315,386
2026-08-19T13:50:00+05:30,24300,24325,24275,24275,301
2026-08-19T13:55:00+05:30,24270,24305,24270,24280,302
2026-08-19T14:00:00+05:30,24280,24305,24265,24265,287
2026-08-19T14:05:00+05:30,24265,24320,24260,24310,604
2026-08-19T14:10:00+05:30,24310,24320,24300,24305,310
2026-08-19T14:15:00+05:30,24300,24320,24300,24300,284
2026-08-19T14:20:00+05:30,24300,24310,24290,24300,382
2026-08-19T14:25:00+05:30,24300,24315,24295,24300,393
2026-08-19T14:30:00+05:30,24300,24320,24300,24315,366
2026-08-19T14:35:00+05:30,24310,24350,24300,24300,421
2026-08-19T14:40:00+05:30,24300,24320,24285,24285,352
2026-08-19T14:45:00+05:30,24285,24300,24260,24280,397
2026-08-19T14:50:00+05:30,24275,24295,24265,24290,342
2026-08-19T14:55:00+05:30,24270,24290,24240,24240,495
2026-08-19T15:00:00+05:30,24260,24265,24225,24225,910
2026-08-19T15:05:00+05:30,24230,24265,24225,24250,1293
2026-08-19T15:10:00+05:30,24250,24320,24250,24300,1181
2026-08-20T09:15:00+05:30,24700,24700,24305,24415,1256
2026-08-20T09:20:00+05:30,24405,24470,24390,24430,319
2026-08-20T09:25:00+05:30,24410,24455,24410,24425,65
2026-08-20T09:30:00+05:30,24425,24495,24410,24470,202
2026-08-20T09:35:00+05:30,24470,24500,24455,24455,108
2026-08-20T09:40:00+05:30,24455,24465,24410,24440,89
2026-08-20T09:45:00+05:30,24440,24465,24420,24425,62
2026-08-20T09:50:00+05:30,24405,24415,24370,24375,173
2026-08-20T09:55:00+05:30,24375,24405,24360,24365,80
2026-08-20T10:00:00+05:30,24365,24365,24285,24305,213
2026-08-20T10:05:00+05:30,24290,24340,24260,24320,111
2026-08-20T10:10:00+05:30,24320,24365,24305,24365,24
2026-08-20T10:15:00+05:30,24340,24350,24315,24315,73
2026-08-20T10:20:00+05:30,24335,24340,24295,24335,101
2026-08-20T10:25:00+05:30,24335,24335,24290,24315,39
2026-08-20T10:30:00+05:30,24315,24340,24295,24315,41
2026-08-20T10:35:00+05:30,24315,24340,24315,24330,15
2026-08-20T10:40:00+05:30,24330,24350,24305,24325,29
2026-08-20T10:45:00+05:30,24325,24360,24325,24345,21
2026-08-20T10:50:00+05:30,24345,24370,24345,24365,31
2026-08-20T10:55:00+05:30,24360,24360,24320,24325,22
2026-08-20T11:00:00+05:30,24325,24325,24285,24300,37
2026-08-20T11:05:00+05:30,24300,24300,24280,24285,13
2026-08-20T11:10:00+05:30,24285,24305,24280,24280,49
2026-08-20T11:15:00+05:30,24280,24310,24280,24285,49
2026-08-20T11:20:00+05:30,24285,24375,24285,24355,1434
2026-08-20T11:25:00+05:30,24355,24355,24320,24320,49
2026-08-20T11:30:00+05:30,24320,24365,24320,24350,139
2026-08-20T11:35:00+05:30,24340,24360,24325,24350,75
2026-08-20T11:40:00+05:30,24350,24350,24300,24315,821
2026-08-20T11:45:00+05:30,24315,24360,24315,24360,55
2026-08-20T11:50:00+05:30,24360,24380,24330,24330,702
2026-08-20T11:55:00+05:30,24330,24375,24325,24345,100
2026-08-20T12:00:00+05:30,24345,24390,24345,24355,104
2026-08-20T12:05:00+05:30,24355,24415,24355,24375,354
2026-08-20T12:10:00+05:30,24375,24410,24375,24380,230
2026-08-20T12:15:00+05:30,24380,24400,24375,24380,55
2026-08-20T12:20:00+05:30,24380,24395,24345,24345,294
2026-08-20T12:25:00+05:30,24345,24400,24345,24370,528
2026-08-20T12:30:00+05:30,24370,24390,24350,24350,142
2026-08-20T12:35:00+05:30,24350,24370,24350,24355,65
2026-08-20T12:40:00+05:30,24355,24375,24355,24355,96
2026-08-20T12:45:00+05:30,24355,24385,24345,24365,191
2026-08-20T12:50:00+05:30,24365,24395,24360,24360,247
2026-08-20T12:55:00+05:30,24360,24405,24345,24375,207
2026-08-20T13:00:00+05:30,24375,24405,24355,24380,281
2026-08-20T13:05:00+05:30,24380,24415,24380,24415,129
2026-08-20T13:10:00+05:30,24390,24435,24380,24405,249
2026-08-20T13:15:00+05:30,24405,24430,24400,24420,162
2026-08-20T13:20:00+05:30,24405,24420,24390,24390,108
2026-08-20T13:25:00+05:30,24390,24430,24385,24395,307
2026-08-20T13:30:00+05:30,24395,24430,24385,24395,355
2026-08-20T13:35:00+05:30,24395,24415,24365,24370,727
2026-08-20T13:40:00+05:30,24370,24405,24355,24390,237
2026-08-20T13:45:00+05:30,24390,24390,24375,24380,196
2026-08-20T13:50:00+05:30,24380,24395,24365,24390,168
2026-08-20T13:55:00+05:30,24390,24410,24360,24380,280
2026-08-20T14:00:00+05:30,24380,24405,24380,24380,174
2026-08-20T14:05:00+05:30,24380,24410,24340,24340,257
2026-08-20T14:10:00+05:30,24360,24400,24355,24365,267
2026-08-20T14:15:00+05:30,24365,24380,24345,24350,138
2026-08-20T14:20:00+05:30,24350,24380,24330,24335,188
2026-08-20T14:25:00+05:30,24335,24360,24330,24340,199
2026-08-20T14:30:00+05:30,24340,24380,24320,24330,418
2026-08-20T14:35:00+05:30,24330,24340,24295,24295,245
2026-08-20T14:40:00+05:30,24295,24325,24285,24305,147
2026-08-20T14:45:00+05:30,24305,24350,24280,24335,529
2026-08-20T14:50:00+05:30,24335,24365,24300,24360,1075
2026-08-20T14:55:00+05:30,24360,24375,24315,24325,295
2026-08-20T15:00:00+05:30,24340,24340,24315,24320,415
2026-08-20T15:05:00+05:30,24320,24325,24280,24305,642
2026-08-20T15:10:00+05:30,24310,24335,24245,24285,1106
2026-08-21T09:15:00+05:30,24295,24355,24185,24320,1336
2026-08-21T09:20:00+05:30,24330,24335,24270,24270,220
2026-08-21T09:25:00+05:30,24250,24340,24235,24280,295
2026-08-21T09:30:00+05:30,24265,24350,24260,24265,350
2026-08-21T09:35:00+05:30,24260,24295,24250,24275,429
2026-08-21T09:40:00+05:30,24255,24340,24255,24255,437
2026-08-21T09:45:00+05:30,24270,24290,24185,24215,803
2026-08-21T09:50:00+05:30,24215,24245,24205,24235,133
2026-08-21T09:55:00+05:30,24235,24270,24220,24230,170
2026-08-21T10:00:00+05:30,24240,24255,24230,24230,121
2026-08-21T10:05:00+05:30,24230,24230,24150,24160,181
2026-08-21T10:10:00+05:30,24160,24190,24155,24190,129
2026-08-21T10:15:00+05:30,24195,24225,24110,24120,206
2026-08-21T10:20:00+05:30,24130,24160,24105,24140,165
2026-08-21T10:25:00+05:30,24150,24170,24135,24150,50
2026-08-21T10:30:00+05:30,24150,24175,24120,24135,142
2026-08-21T10:35:00+05:30,24120,24170,24120,24130,183
2026-08-21T10:40:00+05:30,24130,24215,24130,24215,262
2026-08-21T10:45:00+05:30,24215,24215,24175,24205,82
2026-08-21T10:50:00+05:30,24190,24210,24175,24210,101
2026-08-21T10:55:00+05:30,24210,24220,24185,24195,88
2026-08-21T11:00:00+05:30,24195,24240,24195,24220,75
2026-08-21T11:05:00+05:30,24220,24230,24210,24230,78
2026-08-21T11:10:00+05:30,24230,24230,24210,24225,38
2026-08-21T11:15:00+05:30,24225,24225,24205,24210,47
2026-08-21T11:20:00+05:30,24210,24225,24210,24225,112
2026-08-21T11:25:00+05:30,24230,24230,24210,24215,97
2026-08-21T11:30:00+05:30,24215,24235,24210,24215,69
2026-08-21T11:35:00+05:30,24215,24255,24210,24215,199
2026-08-21T11:40:00+05:30,24215,24255,24215,24220,120
2026-08-21T11:45:00+05:30,24220,24245,24205,24210,93
2026-08-21T11:50:00+05:30,24210,24240,24210,24215,101
2026-08-21T11:55:00+05:30,24215,24250,24210,24230,119
2026-08-21T12:00:00+05:30,24230,24235,24210,24210,165
2026-08-21T12:05:00+05:30,24210,24230,24210,24210,80
2026-08-21T12:10:00+05:30,24210,24235,24200,24210,185
2026-08-21T12:15:00+05:30,24210,24270,24210,24265,168
2026-08-21T12:20:00+05:30,24265,24295,24230,24250,207
2026-08-21T12:25:00+05:30,24250,24250,24210,24220,74
2026-08-21T12:30:00+05:30,24220,24220,24200,24200,80
2026-08-21T12:35:00+05:30,24200,24220,24200,24220,117
2026-08-21T12:40:00+05:30,24220,24220,24155,24165,268
2026-08-21T12:45:00+05:30,24165,24175,24150,24150,224
2026-08-21T12:50:00+05:30,24150,24175,24145,24150,115
2026-08-21T12:55:00+05:30,24185,24185,24140,24155,137
2026-08-21T13:00:00+05:30,24155,24170,24145,24155,93
2026-08-21T13:05:00+05:30,24165,24185,24140,24140,127
2026-08-21T13:10:00+05:30,24140,24150,24120,24140,139
2026-08-21T13:15:00+05:30,24145,24150,24120,24125,90
2026-08-21T13:20:00+05:30,24125,24130,24100,24105,161
2026-08-21T13:25:00+05:30,24105,24140,24100,24140,241
2026-08-21T13:30:00+05:30,24140,24150,24120,24120,72
2026-08-21T13:35:00+05:30,24120,24140,24115,24120,109
2026-08-21T13:40:00+05:30,24135,24155,24120,24125,194
2026-08-21T13:45:00+05:30,24130,24150,24120,24140,221
2026-08-21T13:50:00+05:30,24140,24145,24120,24130,181
2026-08-21T13:55:00+05:30,24130,24140,24120,24125,144
2026-08-21T14:00:00+05:30,24125,24150,24120,24130,113
2026-08-21T14:05:00+05:30,24130,24135,24070,24090,399
2026-08-21T14:10:00+05:30,24085,24105,24085,24090,141
2026-08-21T14:15:00+05:30,24090,24120,24085,24115,213
2026-08-21T14:20:00+05:30,24115,24125,24100,24100,246
2026-08-21T14:25:00+05:30,24100,24135,24100,24135,179
2026-08-21T14:30:00+05:30,24135,24180,24125,24150,222
2026-08-21T14:35:00+05:30,24150,24165,24145,24160,195
2026-08-21T14:40:00+05:30,24160,24180,24140,24175,289
2026-08-21T14:45:00+05:30,24175,24190,24165,24170,156
2026-08-21T14:50:00+05:30,24170,24215,24155,24190,711
2026-08-21T14:55:00+05:30,24190,24215,24180,24190,134
2026-08-21T15:00:00+05:30,24205,24205,24155,24155,288
2026-08-21T15:05:00+05:30,24155,24205,24145,24200,974
2026-08-21T15:10:00+05:30,24195,24225,24190,24225,377
2026-08-24T09:15:00+05:30,24365,24365,24195,24235,528
2026-08-24T09:20:00+05:30,24235,24285,24210,24210,185
2026-08-24T09:25:00+05:30,24210,24245,24175,24195,130
2026-08-24T09:30:00+05:30,24205,24225,24185,24195,189
2026-08-24T09:35:00+05:30,24195,24235,24195,24215,156
2026-08-24T09:40:00+05:30,24215,24245,24215,24215,187
2026-08-24T09:45:00+05:30,24215,24235,24165,24170,215
2026-08-24T09:50:00+05:30,24170,24170,24140,24150,139
2026-08-24T09:55:00+05:30,24150,24155,24120,24120,174
2026-08-24T10:00:00+05:30,24135,24155,24120,24155,94
2026-08-24T10:05:00+05:30,24155,24190,24155,24180,127
2026-08-24T10:10:00+05:30,24180,24230,24175,24190,196
2026-08-24T10:15:00+05:30,24190,24210,24190,24205,79
2026-08-24T10:20:00+05:30,24205,24215,24200,24205,40
2026-08-24T10:25:00+05:30,24205,24225,24190,24200,291
2026-08-24T10:30:00+05:30,24200,24220,24200,24215,82
2026-08-24T10:35:00+05:30,24215,24240,24210,24215,66
2026-08-24T10:40:00+05:30,24210,24210,24180,24185,75
2026-08-24T10:45:00+05:30,24185,24190,24155,24155,89
2026-08-24T10:50:00+05:30,24155,24180,24155,24165,60
2026-08-24T10:55:00+05:30,24165,24190,24165,24165,131
2026-08-24T11:00:00+05:30,24155,24185,24140,24155,77
2026-08-24T11:05:00+05:30,24155,24160,24140,24140,66
2026-08-24T11:10:00+05:30,24140,24155,24100,24100,278
2026-08-24T11:15:00+05:30,24100,24110,24090,24100,167
2026-08-24T11:20:00+05:30,24100,24125,24095,24100,174
2026-08-24T11:25:00+05:30,24100,24100,24050,24075,612
2026-08-24T11:30:00+05:30,24075,24115,24075,24090,187
2026-08-24T11:35:00+05:30,24090,24130,24090,24100,93
2026-08-24T11:40:00+05:30,24100,24125,24095,24105,64
2026-08-24T11:45:00+05:30,24105,24125,24105,24110,48
2026-08-24T11:50:00+05:30,24110,24140,24110,24125,59
2026-08-24T11:55:00+05:30,24125,24125,24115,24125,41
2026-08-24T12:00:00+05:30,24125,24130,24110,24110,117
2026-08-24T12:05:00+05:30,24110,24110,24085,24085,44
2026-08-24T12:10:00+05:30,24085,24140,24085,24110,184
2026-08-24T12:15:00+05:30,24110,24125,24100,24100,70
2026-08-24T12:20:00+05:30,24100,24160,24100,24135,159
2026-08-24T12:25:00+05:30,24135,24150,24105,24105,102
2026-08-24T12:30:00+05:30,24105,24120,24100,24105,32
2026-08-24T12:35:00+05:30,24105,24150,24095,24120,109
2026-08-24T12:40:00+05:30,24120,24160,24100,24160,115
2026-08-24T12:45:00+05:30,24160,24160,24125,24140,155
2026-08-24T12:50:00+05:30,24140,24165,24125,24140,133
2026-08-24T12:55:00+05:30,24140,24145,24125,24125,81
2026-08-24T13:00:00+05:30,24125,24155,24125,24125,83
2026-08-24T13:05:00+05:30,24140,24145,24110,24125,64
2026-08-24T13:10:00+05:30,24125,24145,24125,24125,25
2026-08-24T13:15:00+05:30,24125,24125,24100,24105,46
2026-08-24T13:20:00+05:30,24100,24120,24085,24085,198
2026-08-24T13:25:00+05:30,24085,24105,24085,24090,54
2026-08-24T13:30:00+05:30,24090,24105,24085,24090,64
2026-08-24T13:35:00+05:30,24090,24100,24085,24085,78
2026-08-24T13:40:00+05:30,24085,24100,24080,24080,31
2026-08-24T13:45:00+05:30,24080,24095,24080,24090,51
2026-08-24T13:50:00+05:30,24090,24090,24075,24085,59
2026-08-24T13:55:00+05:30,24085,24095,24080,24080,106
2026-08-24T14:00:00+05:30,24080,24090,24075,24080,106
2026-08-24T14:05:00+05:30,24080,24095,24075,24095,83
2026-08-24T14:10:00+05:30,24100,24110,24075,24080,127
2026-08-24T14:15:00+05:30,24105,24110,24080,24110,177
2026-08-24T14:20:00+05:30,24110,24115,24085,24090,81
2026-08-24T14:25:00+05:30,24090,24105,24085,24085,48
2026-08-24T14:30:00+05:30,24085,24110,24075,24095,124
2026-08-24T14:35:00+05:30,24095,24115,24075,24085,118
2026-08-24T14:40:00+05:30,24085,24125,24075,24105,231
2026-08-24T14:45:00+05:30,24105,24110,24075,24075,158
2026-08-24T14:50:00+05:30,24080,24090,24050,24090,644
2026-08-24T14:55:00+05:30,24090,24090,24060,24070,109
2026-08-24T15:00:00+05:30,24070,24070,24050,24050,252
2026-08-24T15:05:00+05:30,24050,24050,23960,23980,1068
2026-08-24T15:10:00+05:30,23980,24025,23880,23965,1523
2026-08-25T09:15:00+05:30,24045,24165,24020,24125,1360
2026-08-25T09:20:00+05:30,24125,24135,24065,24090,125
2026-08-25T09:25:00+05:30,24095,24095,24050,24070,172
2026-08-25T09:30:00+05:30,24085,24085,24030,24050,155
2026-08-25T09:35:00+05:30,24050,24070,24045,24050,63
2026-08-25T09:40:00+05:30,24050,24080,24035,24035,85
2026-08-25T09:45:00+05:30,24035,24075,24035,24070,67
2026-08-25T09:50:00+05:30,24070,24070,24045,24045,30
2026-08-25T09:55:00+05:30,24045,24085,24045,24080,15
2026-08-25T10:00:00+05:30,24080,24080,24005,24005,413
2026-08-25T10:05:00+05:30,24020,24035,24010,24020,104
2026-08-25T10:10:00+05:30,24020,24030,24020,24030,39
2026-08-25T10:15:00+05:30,24030,24060,24030,24040,13
2026-08-25T10:20:00+05:30,24040,24040,24015,24015,253
2026-08-25T10:25:00+05:30,24015,24020,24005,24020,25
2026-08-25T10:30:00+05:30,24010,24050,24010,24040,91
2026-08-25T10:35:00+05:30,24040,24100,24010,24100,262
2026-08-25T10:40:00+05:30,24080,24110,24075,24095,483
2026-08-25T10:45:00+05:30,24095,24095,24065,24080,80
2026-08-25T10:50:00+05:30,24115,24135,24100,24100,309
2026-08-25T10:55:00+05:30,24120,24120,24100,24100,19
2026-08-25T11:00:00+05:30,24100,24175,24075,24110,860
2026-08-25T11:05:00+05:30,24110,24160,24090,24115,275
2026-08-25T11:10:00+05:30,24110,24180,24110,24180,406
2026-08-25T11:15:00+05:30,24180,24180,24140,24145,123
2026-08-25T11:20:00+05:30,24145,24145,24125,24125,13
2026-08-25T11:25:00+05:30,24125,24140,24115,24115,58
2026-08-25T11:30:00+05:30,24115,24170,24110,24140,291
2026-08-25T11:35:00+05:30,24140,24140,24105,24110,52
2026-08-25T11:40:00+05:30,24110,24130,24095,24105,117
2026-08-25T11:45:00+05:30,24105,24105,24085,24085,63
2026-08-25T11:50:00+05:30,24085,24105,24075,24090,82
2026-08-25T11:55:00+05:30,24090,24105,24075,24105,167
2026-08-25T12:00:00+05:30,24105,24105,24075,24075,35
2026-08-25T12:05:00+05:30,24075,24100,24065,24095,53
2026-08-25T12:10:00+05:30,24095,24135,24090,24110,141
2026-08-25T12:15:00+05:30,24110,24110,24085,24100,101
2026-08-25T12:20:00+05:30,24100,24125,24100,24110,106
2026-08-25T12:25:00+05:30,24110,24150,24110,24135,233
2026-08-25T12:30:00+05:30,24135,24150,24130,24130,119
2026-08-25T12:35:00+05:30,24130,24160,24105,24105,174
2026-08-25T12:40:00+05:30,24105,24155,24100,24145,112
2026-08-25T12:45:00+05:30,24140,24160,24130,24155,179
2026-08-25T12:50:00+05:30,24155,24175,24130,24155,379
2026-08-25T12:55:00+05:30,24155,24195,24145,24155,289
2026-08-25T13:00:00+05:30,24155,24190,24150,24170,318
2026-08-25T13:05:00+05:30,24170,24180,24150,24155,94
2026-08-25T13:10:00+05:30,24150,24185,24145,24145,160
2026-08-25T13:15:00+05:30,24145,24165,24140,24145,105
2026-08-25T13:20:00+05:30,24145,24175,24135,24175,124
2026-08-25T13:25:00+05:30,24185,24245,24170,24220,282
2026-08-25T13:30:00+05:30,24215,24245,24205,24230,265
2026-08-25T13:35:00+05:30,24230,24385,24225,24335,102031
2026-08-25T13:40:00+05:30,24330,24375,24265,24370,1559
2026-08-25T13:45:00+05:30,24370,24385,24350,24350,516
2026-08-25T13:50:00+05:30,24360,24390,24325,24380,432
2026-08-25T13:55:00+05:30,24380,24380,24305,24315,394
2026-08-25T14:00:00+05:30,24315,24340,24290,24330,596
2026-08-25T14:05:00+05:30,24330,24340,24305,24305,364
2026-08-25T14:10:00+05:30,24305,24340,24305,24305,177
2026-08-25T14:15:00+05:30,24310,24365,24300,24325,550
2026-08-25T14:20:00+05:30,24325,24375,24320,24355,257
2026-08-25T14:25:00+05:30,24360,24380,24325,24345,441
2026-08-25T14:30:00+05:30,24325,24415,24300,24350,613
2026-08-25T14:35:00+05:30,24350,24400,24340,24340,412
2026-08-25T14:40:00+05:30,24340,24440,24340,24435,669
2026-08-25T14:45:00+05:30,24425,24440,24390,24420,282
2026-08-25T14:50:00+05:30,24420,24460,24400,24450,515
2026-08-25T14:55:00+05:30,24450,24470,24420,24430,482
2026-08-25T15:00:00+05:30,24435,24485,24405,24460,1328
2026-08-25T15:05:00+05:30,24460,24465,24410,24425,1458
2026-08-25T15:10:00+05:30,24425,24500,24390,24495,2733
2026-08-26T09:15:00+05:30,24575,24835,24510,24725,2634
2026-08-26T09:20:00+05:30,24725,24770,24695,24755,682
2026-08-26T09:25:00+05:30,24770,24770,24680,24680,168
2026-08-26T09:30:00+05:30,24675,24775,24660,24750,480
2026-08-26T09:35:00+05:30,24760,24925,24760,24850,1399
2026-08-26T09:40:00+05:30,24860,24870,24785,24790,859
2026-08-26T09:45:00+05:30,24790,24825,24790,24805,217
2026-08-26T09:50:00+05:30,24805,24950,24805,24880,576
2026-08-26T09:55:00+05:30,24880,25035,24880,25010,1428
2026-08-26T10:00:00+05:30,25010,25120,25000,25050,1674
2026-08-26T10:05:00+05:30,25020,25075,24990,25005,896
2026-08-26T10:10:00+05:30,25005,25045,25000,25035,346
2026-08-26T10:15:00+05:30,25010,25035,24975,25015,616
2026-08-26T10:20:00+05:30,25015,25050,24985,25035,332
2026-08-26T10:25:00+05:30,25035,25050,25015,25035,337
2026-08-26T10:30:00+05:30,25035,25095,25030,25075,582
2026-08-26T10:35:00+05:30,25095,25125,25070,25090,1065
2026-08-26T10:40:00+05:30,25090,25105,25020,25030,611
2026-08-26T10:45:00+05:30,25030,25255,24995,25180,2760
2026-08-26T10:50:00+05:30,25155,25195,25115,25125,856
2026-08-26T10:55:00+05:30,25125,25130,25120,25120,99
2026-08-26T11:00:00+05:30,25120,25150,25090,25090,775
2026-08-26T11:05:00+05:30,25090,25150,25075,25150,935
2026-08-26T11:10:00+05:30,25130,25150,25105,25120,455
2026-08-26T11:15:00+05:30,25125,25150,25040,25045,737
2026-08-26T11:20:00+05:30,25025,25065,25000,25010,1638
2026-08-26T11:25:00+05:30,25010,25060,25000,25000,110
2026-08-26T11:30:00+05:30,25015,25015,24925,24925,967
2026-08-26T11:35:00+05:30,24925,24975,24890,24915,925
2026-08-26T11:40:00+05:30,24915,24975,24895,24945,483
2026-08-26T11:45:00+05:30,24945,24985,24940,24965,323
2026-08-26T11:50:00+05:30,24965,24990,24960,24965,313
2026-08-26T11:55:00+05:30,24965,25000,24940,24945,312
2026-08-26T12:00:00+05:30,24940,24960,24905,24920,324
2026-08-26T12:05:00+05:30,24920,24950,24915,24925,59
2026-08-26T12:10:00+05:30,24925,24960,24920,24960,140
2026-08-26T12:15:00+05:30,24960,24975,24930,24930,52
2026-08-26T12:20:00+05:30,24930,24960,24925,24950,149
2026-08-26T12:25:00+05:30,24950,24950,24920,24920,71
2026-08-26T12:30:00+05:30,24920,24975,24920,24965,447
2026-08-26T12:35:00+05:30,24965,25050,24960,24990,909
2026-08-26T12:40:00+05:30,24990,25030,24970,24975,573
2026-08-26T12:45:00+05:30,24975,24990,24950,24975,111
2026-08-26T12:50:00+05:30,24975,25030,24965,24995,402
2026-08-26T12:55:00+05:30,24995,25100,24990,25000,3176
2026-08-26T13:00:00+05:30,25000,25040,24925,24960,1830
2026-08-26T13:05:00+05:30,24960,25000,24960,24965,388
2026-08-26T13:10:00+05:30,24960,25000,24955,24955,369
2026-08-26T13:15:00+05:30,24955,25030,24945,25005,399
2026-08-26T13:20:00+05:30,25005,25010,24980,25000,367
2026-08-26T13:25:00+05:30,25000,25050,24975,25005,390
2026-08-26T13:30:00+05:30,25005,25040,24990,25025,420
2026-08-26T13:35:00+05:30,25025,25030,24970,24970,395
2026-08-26T13:40:00+05:30,24970,25015,24950,24950,430
2026-08-26T13:45:00+05:30,24950,24975,24900,24900,831
2026-08-26T13:50:00+05:30,24900,24935,24895,24915,375
2026-08-26T13:55:00+05:30,24915,24970,24870,24925,874
2026-08-26T14:00:00+05:30,24925,24925,24880,24880,564
2026-08-26T14:05:00+05:30,24880,24895,24850,24865,442
2026-08-26T14:10:00+05:30,24865,24895,24845,24880,501
2026-08-26T14:15:00+05:30,24875,24910,24870,24900,428
2026-08-26T14:20:00+05:30,24880,24930,24870,24875,404
2026-08-26T14:25:00+05:30,24870,24925,24865,24925,448
2026-08-26T14:30:00+05:30,24910,24935,24885,24895,476
2026-08-26T14:35:00+05:30,24910,24925,24895,24915,383
2026-08-26T14:40:00+05:30,24915,24945,24900,24900,447
2026-08-26T14:45:00+05:30,24900,24940,24875,24890,477
2026-08-26T14:50:00+05:30,24885,24915,24870,24905,519
2026-08-26T14:55:00+05:30,24900,24920,24875,24880,769
2026-08-26T15:00:00+05:30,24900,24900,24875,24880,569
2026-08-26T15:05:00+05:30,24885,24885,24855,24855,1447
2026-08-26T15:10:00+05:30,24855,24880,24820,24825,1896
2026-08-27T09:15:00+05:30,24825,24945,24800,24850,490
2026-08-27T09:20:00+05:30,24850,24875,24800,24805,90
2026-08-27T09:25:00+05:30,24805,24815,24690,24750,531
2026-08-27T09:30:00+05:30,24750,24810,24740,24770,160
2026-08-27T09:35:00+05:30,24770,24790,24750,24780,80
2026-08-27T09:40:00+05:30,24780,24780,24735,24740,36
2026-08-27T09:45:00+05:30,24740,24790,24735,24735,256
2026-08-27T09:50:00+05:30,24735,24780,24735,24755,77
2026-08-27T09:55:00+05:30,24755,24760,24700,24730,145
2026-08-27T10:00:00+05:30,24730,24760,24705,24740,69
2026-08-27T10:05:00+05:30,24740,24760,24715,24715,67
2026-08-27T10:10:00+05:30,24715,24740,24700,24710,127
2026-08-27T10:15:00+05:30,24710,24745,24710,24725,213
2026-08-27T10:20:00+05:30,24725,24745,24720,24725,60
2026-08-27T10:25:00+05:30,24725,24850,24725,24750,496
2026-08-27T10:30:00+05:30,24750,24775,24740,24765,63
2026-08-27T10:35:00+05:30,24765,24785,24740,24740,67
2026-08-27T10:40:00+05:30,24740,24740,24670,24680,87
2026-08-27T10:45:00+05:30,24680,24680,24575,24600,208
2026-08-27T10:50:00+05:30,24600,24655,24600,24615,126
2026-08-27T10:55:00+05:30,24615,24620,24575,24590,251
2026-08-27T11:00:00+05:30,24590,24610,24580,24585,48
2026-08-27T11:05:00+05:30,24585,24620,24585,24615,149
2026-08-27T11:10:00+05:30,24615,24625,24590,24590,48
2026-08-27T11:15:00+05:30,24590,24595,24575,24575,53
2026-08-27T11:20:00+05:30,24575,24585,24560,24565,115
2026-08-27T11:25:00+05:30,24565,24570,24545,24550,129
2026-08-27T11:30:00+05:30,24545,24560,24540,24540,61
2026-08-27T11:35:00+05:30,24540,24560,24530,24530,91
2026-08-27T11:40:00+05:30,24530,24585,24530,24560,184
2026-08-27T11:45:00+05:30,24560,24580,24545,24555,97
2026-08-27T11:50:00+05:30,24555,24570,24555,24560,47
2026-08-27T11:55:00+05:30,24560,24585,24545,24545,241
2026-08-27T12:00:00+05:30,24550,24550,24525,24525,50
2026-08-27T12:05:00+05:30,24525,24540,24505,24505,57
2026-08-27T12:10:00+05:30,24505,24535,24500,24500,139
2026-08-27T12:15:00+05:30,24510,24520,24460,24460,224
2026-08-27T12:20:00+05:30,24470,24480,24425,24430,149
2026-08-27T12:25:00+05:30,24430,24445,24425,24430,178
2026-08-27T12:30:00+05:30,24430,24460,24430,24455,117
2026-08-27T12:35:00+05:30,24455,24525,24435,24495,204
2026-08-27T12:40:00+05:30,24495,24530,24495,24500,148
2026-08-27T12:45:00+05:30,24500,24555,24500,24525,193
2026-08-27T12:50:00+05:30,24525,24575,24520,24550,180
2026-08-27T12:55:00+05:30,24550,24575,24530,24535,165
2026-08-27T13:00:00+05:30,24535,24555,24510,24510,161
2026-08-27T13:05:00+05:30,24510,24535,24500,24500,81
2026-08-27T13:10:00+05:30,24500,24520,24500,24505,79
2026-08-27T13:15:00+05:30,24505,24535,24500,24510,106
2026-08-27T13:20:00+05:30,24510,24530,24500,24510,90
2026-08-27T13:25:00+05:30,24510,24535,24500,24515,114
2026-08-27T13:30:00+05:30,24515,24525,24500,24505,105
2026-08-27T13:35:00+05:30,24505,24520,24490,24490,73
2026-08-27T13:40:00+05:30,24490,24505,24480,24480,161
2026-08-27T13:45:00+05:30,24480,24500,24460,24460,104
2026-08-27T13:50:00+05:30,24460,24485,24460,24480,182
2026-08-27T13:55:00+05:30,24480,24495,24440,24455,169
2026-08-27T14:00:00+05:30,24455,24485,24455,24465,244
2026-08-27T14:05:00+05:30,24465,24505,24460,24460,84
2026-08-27T14:10:00+05:30,24460,24500,24460,24485,177
2026-08-27T14:15:00+05:30,24490,24515,24475,24505,182
2026-08-27T14:20:00+05:30,24490,24515,24485,24485,143
2026-08-27T14:25:00+05:30,24485,24515,24480,24495,175
2026-08-27T14:30:00+05:30,24495,24510,24475,24475,179
2026-08-27T14:35:00+05:30,24475,24490,24460,24490,113
2026-08-27T14:40:00+05:30,24490,24515,24475,24475,166
2026-08-27T14:45:00+05:30,24475,24505,24460,24460,118
2026-08-27T14:50:00+05:30,24460,24485,24460,24480,169
2026-08-27T14:55:00+05:30,24465,24490,24460,24460,123
2026-08-27T15:00:00+05:30,24460,24500,24460,24480,670
2026-08-27T15:05:00+05:30,24495,24495,24465,24480,388
2026-08-27T15:10:00+05:30,24465,24475,24425,24435,483
2026-08-28T09:15:00+05:30,24480,24485,24290,24375,453
2026-08-28T09:20:00+05:30,24375,24435,24350,24355,302
2026-08-28T09:25:00+05:30,24350,24445,24280,24280,238
2026-08-28T09:30:00+05:30,24280,24290,24255,24255,242
2026-08-28T09:35:00+05:30,24255,24280,24180,24180,618
2026-08-28T09:40:00+05:30,24180,24235,24180,24190,106
2026-08-28T09:45:00+05:30,24190,24220,24190,24195,82
2026-08-28T09:50:00+05:30,24195,24215,24170,24185,239
2026-08-28T09:55:00+05:30,24185,24205,24115,24155,212
2026-08-28T10:00:00+05:30,24155,24165,24115,24125,244
2026-08-28T10:05:00+05:30,24125,24185,24115,24135,319
2026-08-28T10:10:00+05:30,24135,24175,24125,24155,252
2026-08-28T10:15:00+05:30,24175,24190,24150,24175,138
2026-08-28T10:20:00+05:30,24170,24175,24140,24140,71
2026-08-28T10:25:00+05:30,24140,24185,24140,24170,91
2026-08-28T10:30:00+05:30,24170,24190,24150,24150,29
2026-08-28T10:35:00+05:30,24150,24165,24130,24140,81
2026-08-28T10:40:00+05:30,24140,24140,24105,24115,247
2026-08-28T10:45:00+05:30,24115,24140,24110,24110,110
2026-08-28T10:50:00+05:30,24110,24150,24110,24125,61
2026-08-28T10:55:00+05:30,24125,24145,24125,24135,12
2026-08-28T11:00:00+05:30,24135,24155,24125,24140,22
2026-08-28T11:05:00+05:30,24140,24155,24135,24140,29
2026-08-28T11:10:00+05:30,24140,24170,24140,24160,50
2026-08-28T11:15:00+05:30,24150,24175,24105,24135,330
2026-08-28T11:20:00+05:30,24135,24140,24110,24115,26
2026-08-28T11:25:00+05:30,24120,24140,24110,24110,54
2026-08-28T11:30:00+05:30,24110,24125,23990,24015,2295
2026-08-28T11:35:00+05:30,24015,24025,23975,23995,362
2026-08-28T11:40:00+05:30,24000,24025,23970,23995,184
2026-08-28T11:45:00+05:30,23995,24015,23970,23980,106
2026-08-28T11:50:00+05:30,23980,23995,23935,23940,250
2026-08-28T11:55:00+05:30,23940,23960,23900,23940,502
2026-08-28T12:00:00+05:30,23940,24020,23940,24020,1224
2026-08-28T12:05:00+05:30,24020,24045,24000,24005,198
2026-08-28T12:10:00+05:30,24005,24050,24005,24025,156
2026-08-28T12:15:00+05:30,24025,24050,24020,24035,147
2026-08-28T12:20:00+05:30,24035,24050,24030,24030,281
2026-08-28T12:25:00+05:30,24030,24050,24030,24030,358
2026-08-28T12:30:00+05:30,24030,24050,24030,24050,125
2026-08-28T12:35:00+05:30,24050,24050,24020,24030,171
2026-08-28T12:40:00+05:30,24030,24045,24020,24030,173
2026-08-28T12:45:00+05:30,24030,24050,24025,24025,141
2026-08-28T12:50:00+05:30,24040,24050,24025,24050,147
2026-08-28T12:55:00+05:30,24045,24050,24025,24030,168
2026-08-28T13:00:00+05:30,24050,24050,24025,24025,134
2026-08-28T13:05:00+05:30,24045,24050,24020,24025,158
2026-08-28T13:10:00+05:30,24040,24045,24010,24030,183
2026-08-28T13:15:00+05:30,24030,24035,24010,24025,152
2026-08-28T13:20:00+05:30,24025,24040,24005,24020,150
2026-08-28T13:25:00+05:30,24040,24040,24010,24010,168
2026-08-28T13:30:00+05:30,24030,24035,24010,24035,136
2026-08-28T13:35:00+05:30,24035,24040,24015,24025,269
2026-08-28T13:40:00+05:30,24040,24045,24020,24035,136
2026-08-28T13:45:00+05:30,24040,24040,23980,24000,381
2026-08-28T13:50:00+05:30,24000,24000,23970,24000,448
2026-08-28T13:55:00+05:30,23980,23995,23935,23950,439
2026-08-28T14:00:00+05:30,23955,23970,23940,23950,199
2026-08-28T14:05:00+05:30,23970,23990,23950,23970,140
2026-08-28T14:10:00+05:30,23990,24000,23965,23980,205
2026-08-28T14:15:00+05:30,23995,24000,23970,23995,256
2026-08-28T14:20:00+05:30,23995,24000,23970,23990,161
2026-08-28T14:25:00+05:30,23990,24000,23970,23980,202
2026-08-28T14:30:00+05:30,23995,24000,23975,23995,230
2026-08-28T14:35:00+05:30,23995,24000,23965,23970,255
2026-08-28T14:40:00+05:30,23985,23985,23950,23955,315
2026-08-28T14:45:00+05:30,23975,23985,23955,23970,330
2026-08-28T14:50:00+05:30,23985,23995,23970,23975,337
2026-08-28T14:55:00+05:30,23985,23995,23965,23980,390
2026-08-28T15:00:00+05:30,23960,23975,23945,23950,583
2026-08-28T15:05:00+05:30,23955,23960,23940,23950,708
2026-08-28T15:10:00+05:30,23950,23995,23940,23940,903
2026-08-31T09:15:00+05:30,23950,23990,23750,23765,918
2026-08-31T09:20:00+05:30,23765,23785,23715,23715,346
2026-08-31T09:25:00+05:30,23740,23775,23710,23770,326
2026-08-31T09:30:00+05:30,23765,23785,23735,23760,146
2026-08-31T09:35:00+05:30,23760,23780,23750,23770,297
2026-08-31T09:40:00+05:30,23770,23775,23735,23745,215
2026-08-31T09:45:00+05:30,23745,23795,23735,23765,113
2026-08-31T09:50:00+05:30,23765,23770,23750,23765,57
2026-08-31T09:55:00+05:30,23765,23765,23735,23750,35
2026-08-31T10:00:00+05:30,23750,23790,23745,23770,125
2026-08-31T10:05:00+05:30,23770,23810,23770,23795,119
2026-08-31T10:10:00+05:30,23795,23805,23760,23795,80
2026-08-31T10:15:00+05:30,23795,23795,23775,23780,44
2026-08-31T10:20:00+05:30,23780,23800,23775,23775,45
2026-08-31T10:25:00+05:30,23775,23795,23775,23780,64
2026-08-31T10:30:00+05:30,23780,23810,23780,23785,47
2026-08-31T10:35:00+05:30,23800,23800,23730,23730,87
2026-08-31T10:40:00+05:30,23730,23780,23730,23755,141
2026-08-31T10:45:00+05:30,23755,23790,23745,23755,144
2026-08-31T10:50:00+05:30,23755,23785,23740,23760,82
2026-08-31T10:55:00+05:30,23760,23780,23740,23750,154
2026-08-31T11:00:00+05:30,23750,23780,23745,23750,33
2026-08-31T11:05:00+05:30,23750,23775,23750,23755,52
2026-08-31T11:10:00+05:30,23755,23770,23740,23755,61
2026-08-31T11:15:00+05:30,23755,23775,23735,23765,126
2026-08-31T11:20:00+05:30,23765,23790,23760,23765,98
2026-08-31T11:25:00+05:30,23765,23790,23765,23770,53
2026-08-31T11:30:00+05:30,23770,23790,23755,23755,31
2026-08-31T11:35:00+05:30,23755,23780,23745,23755,144
2026-08-31T11:40:00+05:30,23755,23815,23755,23780,233
2026-08-31T11:45:00+05:30,23780,23835,23780,23810,146
2026-08-31T11:50:00+05:30,23810,23840,23795,23815,137
2026-08-31T11:55:00+05:30,23815,23840,23805,23815,148
2026-08-31T12:00:00+05:30,23810,23835,23805,23815,71
2026-08-31T12:05:00+05:30,23815,23835,23800,23805,161
2026-08-31T12:10:00+05:30,23805,23855,23805,23825,161
2026-08-31T12:15:00+05:30,23825,23845,23825,23830,84
2026-08-31T12:20:00+05:30,23830,23855,23825,23835,97
2026-08-31T12:25:00+05:30,23825,23840,23825,23825,69
2026-08-31T12:30:00+05:30,23825,23850,23825,23825,91
2026-08-31T12:35:00+05:30,23825,23850,23825,23830,377
2026-08-31T12:40:00+05:30,23830,23855,23830,23835,128
2026-08-31T12:45:00+05:30,23835,23855,23825,23825,80
2026-08-31T12:50:00+05:30,23825,23850,23820,23825,88
2026-08-31T12:55:00+05:30,23825,23830,23810,23815,88
2026-08-31T13:00:00+05:30,23815,23830,23780,23810,239
2026-08-31T13:05:00+05:30,23810,23835,23800,23830,102
2026-08-31T13:10:00+05:30,23830,23830,23805,23815,45
2026-08-31T13:15:00+05:30,23815,23815,23795,23795,42
2026-08-31T13:20:00+05:30,23795,23835,23790,23805,179
2026-08-31T13:25:00+05:30,23805,23830,23780,23780,72
2026-08-31T13:30:00+05:30,23780,23795,23780,23780,58
2026-08-31T13:35:00+05:30,23780,23780,23750,23765,99
2026-08-31T13:40:00+05:30,23750,23795,23750,23755,66
2026-08-31T13:45:00+05:30,23755,23780,23745,23765,122
2026-08-31T13:50:00+05:30,23765,23785,23750,23750,61
2026-08-31T13:55:00+05:30,23750,23765,23735,23735,107
2026-08-31T14:00:00+05:30,23740,23755,23710,23710,224
2026-08-31T14:05:00+05:30,23710,23730,23700,23710,248
2026-08-31T14:10:00+05:30,23710,23755,23710,23720,190
2026-08-31T14:15:00+05:30,23720,23765,23720,23740,142
2026-08-31T14:20:00+05:30,23740,23755,23735,23740,94
2026-08-31T14:25:00+05:30,23755,23765,23730,23735,121
2026-08-31T14:30:00+05:30,23730,23750,23730,23730,37
2026-08-31T14:35:00+05:30,23730,23775,23730,23755,209
2026-08-31T14:40:00+05:30,23755,23775,23755,23770,98
2026-08-31T14:45:00+05:30,23775,23805,23750,23790,475
2026-08-31T14:50:00+05:30,23790,23790,23750,23750,275
2026-08-31T14:55:00+05:30,23750,23775,23735,23735,263
2026-08-31T15:00:00+05:30,23735,23760,23720,23740,427
2026-08-31T15:05:00+05:30,23740,23740,23710,23730,649
2026-08-31T15:10:00+05:30,23730,23760,23700,23750,954
2026-09-01T09:15:00+05:30,23605,23800,23600,23750,1185
2026-09-01T09:20:00+05:30,23750,23750,23580,23630,1553
2026-09-01T09:25:00+05:30,23625,23645,23555,23555,303
2026-09-01T09:30:00+05:30,23570,23595,23560,23565,183
2026-09-01T09:35:00+05:30,23555,23580,23535,23560,448
2026-09-01T09:40:00+05:30,23555,23600,23545,23565,325
2026-09-01T09:45:00+05:30,23545,23585,23545,23580,140
2026-09-01T09:50:00+05:30,23580,23610,23570,23570,112
2026-09-01T09:55:00+05:30,23570,23585,23540,23540,54
2026-09-01T10:00:00+05:30,23540,23565,23540,23565,24
2026-09-01T10:05:00+05:30,23565,23595,23565,23580,61
2026-09-01T10:10:00+05:30,23580,23580,23550,23550,70
2026-09-01T10:15:00+05:30,23570,23585,23565,23585,26
2026-09-01T10:20:00+05:30,23585,23590,23565,23585,28
2026-09-01T10:25:00+05:30,23585,23630,23570,23620,72
2026-09-01T10:30:00+05:30,23620,23655,23620,23630,261
2026-09-01T10:35:00+05:30,23630,23630,23600,23620,82
2026-09-01T10:40:00+05:30,23620,23620,23585,23585,133
2026-09-01T10:45:00+05:30,23585,23630,23570,23590,446
2026-09-01T10:50:00+05:30,23590,23625,23590,23605,55
2026-09-01T10:55:00+05:30,23605,23625,23590,23595,120
2026-09-01T11:00:00+05:30,23595,23605,23575,23580,70
2026-09-01T11:05:00+05:30,23595,23595,23550,23570,116
2026-09-01T11:10:00+05:30,23570,23595,23570,23575,78
2026-09-01T11:15:00+05:30,23595,23605,23575,23580,79
2026-09-01T11:20:00+05:30,23580,23605,23580,23585,45
2026-09-01T11:25:00+05:30,23585,23620,23585,23610,52
2026-09-01T11:30:00+05:30,23610,23625,23600,23615,54
2026-09-01T11:35:00+05:30,23605,23625,23585,23585,57
2026-09-01T11:40:00+05:30,23585,23600,23575,23575,53
2026-09-01T11:45:00+05:30,23575,23595,23560,23570,74
2026-09-01T11:50:00+05:30,23570,23575,23550,23555,62
2026-09-01T11:55:00+05:30,23555,23575,23500,23505,422
2026-09-01T12:00:00+05:30,23500,23505,23480,23505,181
2026-09-01T12:05:00+05:30,23505,23545,23495,23525,85
2026-09-01T12:10:00+05:30,23525,23560,23520,23540,217
2026-09-01T12:15:00+05:30,23540,23560,23540,23540,35
2026-09-01T12:20:00+05:30,23540,23540,23500,23500,53
2026-09-01T12:25:00+05:30,23515,23535,23495,23510,137
2026-09-01T12:30:00+05:30,23510,23540,23510,23525,68
2026-09-01T12:35:00+05:30,23525,23540,23520,23520,42
2026-09-01T12:40:00+05:30,23520,23540,23515,23515,35
2026-09-01T12:45:00+05:30,23515,23535,23510,23515,36
2026-09-01T12:50:00+05:30,23515,23530,23505,23510,81
2026-09-01T12:55:00+05:30,23510,23530,23505,23505,46
2026-09-01T13:00:00+05:30,23505,23535,23505,23510,60
2026-09-01T13:05:00+05:30,23510,23535,23510,23515,75
2026-09-01T13:10:00+05:30,23515,23525,23490,23495,61
2026-09-01T13:15:00+05:30,23495,23510,23490,23490,61
2026-09-01T13:20:00+05:30,23490,23525,23490,23505,95
2026-09-01T13:25:00+05:30,23505,23505,23490,23490,28
2026-09-01T13:30:00+05:30,23490,23525,23490,23490,99
2026-09-01T13:35:00+05:30,23490,23545,23490,23515,209
2026-09-01T13:40:00+05:30,23515,23535,23505,23510,85
2026-09-01T13:45:00+05:30,23510,23535,23460,23465,211
2026-09-01T13:50:00+05:30,23465,23465,23425,23430,187
2026-09-01T13:55:00+05:30,23430,23495,23430,23470,167
2026-09-01T14:00:00+05:30,23470,23495,23455,23470,189
2026-09-01T14:05:00+05:30,23470,23495,23460,23465,77
2026-09-01T14:10:00+05:30,23465,23500,23460,23460,55
2026-09-01T14:15:00+05:30,23460,23500,23460,23485,128
2026-09-01T14:20:00+05:30,23485,23505,23480,23490,78
2026-09-01T14:25:00+05:30,23490,23515,23450,23500,113
2026-09-01T14:30:00+05:30,23510,23515,23455,23460,156
2026-09-01T14:35:00+05:30,23460,23475,23420,23430,258
2026-09-01T14:40:00+05:30,23430,23445,23410,23410,255
2026-09-01T14:45:00+05:30,23410,23465,23405,23450,702
2026-09-01T14:50:00+05:30,23445,23460,23430,23435,519
2026-09-01T14:55:00+05:30,23435,23455,23415,23450,382
2026-09-01T15:00:00+05:30,23435,23435,23400,23400,509
2026-09-01T15:05:00+05:30,23400,23445,23385,23400,1000
2026-09-01T15:10:00+05:30,23410,23480,23310,23480,1454
2026-09-02T09:15:00+05:30,23450,23450,23100,23165,921
2026-09-02T09:20:00+05:30,23165,23165,23060,23060,218
2026-09-02T09:25:00+05:30,23060,23175,23060,23140,232
2026-09-02T09:30:00+05:30,23140,23170,23090,23165,144
2026-09-02T09:35:00+05:30,23165,23165,23125,23145,116
2026-09-02T09:40:00+05:30,23145,23160,23115,23160,105
2026-09-02T09:45:00+05:30,23160,23220,23160,23215,136
2026-09-02T09:50:00+05:30,23215,23240,23205,23230,91
2026-09-02T09:55:00+05:30,23230,23285,23230,23285,99
2026-09-02T10:00:00+05:30,23285,23285,23250,23280,117
2026-09-02T10:05:00+05:30,23280,23325,23280,23305,196
2026-09-02T10:10:00+05:30,23305,23330,23305,23330,46
2026-09-02T10:15:00+05:30,23330,23340,23325,23335,69
2026-09-02T10:20:00+05:30,23335,23360,23325,23335,106
2026-09-02T10:25:00+05:30,23335,23350,23330,23345,31
2026-09-02T10:30:00+05:30,23345,23345,23250,23295,530
2026-09-02T10:35:00+05:30,23295,23320,23285,23320,66
2026-09-02T10:40:00+05:30,23320,23345,23320,23330,39
2026-09-02T10:45:00+05:30,23330,23340,23320,23330,116
2026-09-02T10:50:00+05:30,23330,23355,23320,23350,131
2026-09-02T10:55:00+05:30,23350,23500,23350,23475,477
2026-09-02T11:00:00+05:30,23475,23490,23410,23440,266
2026-09-02T11:05:00+05:30,23450,23490,23400,23435,329
2026-09-02T11:10:00+05:30,23435,23495,23435,23495,172
2026-09-02T11:15:00+05:30,23495,23495,23435,23465,183
2026-09-02T11:20:00+05:30,23465,23475,23435,23470,169
2026-09-02T11:25:00+05:30,23440,23480,23420,23420,211
2026-09-02T11:30:00+05:30,23430,23450,23410,23420,296
2026-09-02T11:35:00+05:30,23420,23470,23410,23470,263
2026-09-02T11:40:00+05:30,23455,23480,23455,23475,189
2026-09-02T11:45:00+05:30,23475,23490,23460,23480,231
2026-09-02T11:50:00+05:30,23465,23500,23460,23500,273
2026-09-02T11:55:00+05:30,23500,23500,23470,23490,168
2026-09-02T12:00:00+05:30,23500,23540,23470,23525,383
2026-09-02T12:05:00+05:30,23515,23530,23505,23525,210
2026-09-02T12:10:00+05:30,23525,23550,23505,23550,200
2026-09-02T12:15:00+05:30,23530,23555,23495,23510,290
2026-09-02T12:20:00+05:30,23510,23510,23475,23505,203
2026-09-02T12:25:00+05:30,23490,23515,23480,23515,207
2026-09-02T12:30:00+05:30,23500,23545,23500,23535,208
2026-09-02T12:35:00+05:30,23520,23540,23500,23540,209
2026-09-02T12:40:00+05:30,23530,23555,23525,23545,190
2026-09-02T12:45:00+05:30,23545,23555,23520,23545,191
2026-09-02T12:50:00+05:30,23545,23580,23545,23580,123
2026-09-02T12:55:00+05:30,23580,23595,23560,23595,213
2026-09-02T13:00:00+05:30,23595,23615,23575,23610,195
2026-09-02T13:05:00+05:30,23610,23635,23590,23620,243
2026-09-02T13:10:00+05:30,23600,23615,23550,23560,249
2026-09-02T13:15:00+05:30,23545,23575,23540,23555,176
2026-09-02T13:20:00+05:30,23555,23595,23555,23590,240
2026-09-02T13:25:00+05:30,23595,23600,23565,23595,212
2026-09-02T13:30:00+05:30,23575,23595,23550,23575,248
2026-09-02T13:35:00+05:30,23575,23605,23565,23565,245
2026-09-02T13:40:00+05:30,23565,23565,23530,23555,264
2026-09-02T13:45:00+05:30,23535,23580,23535,23580,173
2026-09-02T13:50:00+05:30,23560,23580,23525,23570,276
2026-09-02T13:55:00+05:30,23550,23570,23540,23560,210
2026-09-02T14:00:00+05:30,23540,23580,23540,23580,220
2026-09-02T14:05:00+05:30,23560,23590,23560,23585,176
2026-09-02T14:10:00+05:30,23585,23585,23545,23560,170
2026-09-02T14:15:00+05:30,23545,23610,23540,23610,219
2026-09-02T14:20:00+05:30,23605,23645,23590,23590,245
2026-09-02T14:25:00+05:30,23590,23640,23590,23635,329
2026-09-02T14:30:00+05:30,23620,23645,23615,23615,242
2026-09-02T14:35:00+05:30,23615,23645,23615,23640,242
2026-09-02T14:40:00+05:30,23620,23650,23620,23635,181
2026-09-02T14:45:00+05:30,23645,23670,23635,23670,366
2026-09-02T14:50:00+05:30,23650,23670,23600,23610,380
2026-09-02T14:55:00+05:30,23600,23650,23585,23630,621
2026-09-02T15:00:00+05:30,23635,23635,23600,23620,305
2026-09-02T15:05:00+05:30,23610,23610,23470,23525,835
2026-09-02T15:10:00+05:30,23525,23645,23525,23555,679
2026-09-03T09:15:00+05:30,23680,23730,23595,23650,136
2026-09-03T09:20:00+05:30,23650,23700,23575,23700,321
2026-09-03T09:25:00+05:30,23700,23760,23680,23745,317
2026-09-03T09:30:00+05:30,23745,23845,23740,23795,634
2026-09-03T09:35:00+05:30,23795,23795,23740,23765,199
2026-09-03T09:40:00+05:30,23765,23785,23765,23770,27
2026-09-03T09:45:00+05:30,23770,23785,23755,23765,92
2026-09-03T09:50:00+05:30,23765,23785,23750,23755,105
2026-09-03T09:55:00+05:30,23775,23775,23715,23765,249
2026-09-03T10:00:00+05:30,23765,23765,23745,23745,179
2026-09-03T10:05:00+05:30,23745,23760,23740,23750,59
2026-09-03T10:10:00+05:30,23750,23755,23730,23750,118
2026-09-03T10:15:00+05:30,23750,23750,23630,23700,508
2026-09-03T10:20:00+05:30,23700,23700,23675,23680,166
2026-09-03T10:25:00+05:30,23680,23695,23680,23680,38
2026-09-03T10:30:00+05:30,23680,23720,23680,23690,122
2026-09-03T10:35:00+05:30,23690,23705,23690,23700,122
2026-09-03T10:40:00+05:30,23700,23700,23690,23690,23
2026-09-03T10:45:00+05:30,23690,23710,23665,23675,156
2026-09-03T10:50:00+05:30,23675,23685,23655,23670,85
2026-09-03T10:55:00+05:30,23655,23660,23630,23645,263
2026-09-03T11:00:00+05:30,23645,23645,23635,23635,74
2026-09-03T11:05:00+05:30,23635,23655,23625,23625,155
2026-09-03T11:10:00+05:30,23625,23650,23625,23630,254
2026-09-03T11:15:00+05:30,23630,23650,23630,23650,74
2026-09-03T11:20:00+05:30,23650,23650,23645,23645,112
2026-09-03T11:25:00+05:30,23645,23695,23645,23695,186
2026-09-03T11:30:00+05:30,23695,23705,23685,23700,65
2026-09-03T11:35:00+05:30,23690,23790,23690,23770,318
2026-09-03T11:40:00+05:30,23770,23780,23760,23780,219
2026-09-03T11:45:00+05:30,23780,23785,23760,23780,259
2026-09-03T11:50:00+05:30,23780,23810,23775,23780,166
2026-09-03T11:55:00+05:30,23780,23800,23775,23780,78
2026-09-03T12:00:00+05:30,23780,23805,23775,23775,231
2026-09-03T12:05:00+05:30,23775,23875,23775,23850,726
2026-09-03T12:10:00+05:30,23850,23870,23840,23845,262
2026-09-03T12:15:00+05:30,23855,23870,23840,23845,224
2026-09-03T12:20:00+05:30,23845,23880,23840,23850,336
2026-09-03T12:25:00+05:30,23850,23935,23850,23880,626
2026-09-03T12:30:00+05:30,23880,23895,23870,23880,175
2026-09-03T12:35:00+05:30,23875,23910,23860,23885,256
2026-09-03T12:40:00+05:30,23885,23885,23865,23865,112
2026-09-03T12:45:00+05:30,23865,23905,23865,23890,114
2026-09-03T12:50:00+05:30,23890,23975,23890,23940,627
2026-09-03T12:55:00+05:30,23955,23965,23925,23930,267
2026-09-03T13:00:00+05:30,23925,23965,23920,23960,572
2026-09-03T13:05:00+05:30,23960,23995,23945,23950,675
2026-09-03T13:10:00+05:30,23950,23975,23945,23960,374
2026-09-03T13:15:00+05:30,23960,23975,23945,23955,241
2026-09-03T13:20:00+05:30,23955,24000,23955,23985,572
2026-09-03T13:25:00+05:30,23980,24045,23980,24005,412
2026-09-03T13:30:00+05:30,24005,24025,23990,24000,220
2026-09-03T13:35:00+05:30,24000,24025,24000,24015,331
2026-09-03T13:40:00+05:30,24015,24040,24000,24010,244
2026-09-03T13:45:00+05:30,24010,24035,24005,24020,205
2026-09-03T13:50:00+05:30,24020,24050,24010,24030,643
2026-09-03T13:55:00+05:30,24030,24045,23935,23955,994
2026-09-03T14:00:00+05:30,23955,23985,23940,23940,357
2026-09-03T14:05:00+05:30,23940,23940,23875,23885,377
2026-09-03T14:10:00+05:30,23885,23900,23870,23875,155
2026-09-03T14:15:00+05:30,23870,23880,23850,23855,195
2026-09-03T14:20:00+05:30,23855,23890,23840,23840,184
2026-09-03T14:25:00+05:30,23840,23880,23825,23860,291
2026-09-03T14:30:00+05:30,23860,23865,23860,23860,151
2026-09-03T14:35:00+05:30,23860,23870,23850,23850,127
2026-09-03T14:40:00+05:30,23850,23875,23775,23795,351
2026-09-03T14:45:00+05:30,23795,23825,23795,23805,120
2026-09-03T14:50:00+05:30,23805,23825,23805,23810,109
2026-09-03T14:55:00+05:30,23810,23840,23790,23790,175
2026-09-03T15:00:00+05:30,23795,23850,23790,23840,317
2026-09-03T15:05:00+05:30,23840,23870,23835,23865,500
2026-09-03T15:10:00+05:30,23865,23935,23850,23895,693
2026-09-04T09:15:00+05:30,23850,23990,23800,23855,308
2026-09-04T09:20:00+05:30,23890,23890,23805,23845,204
2026-09-04T09:25:00+05:30,23825,23840,23780,23780,72
2026-09-04T09:30:00+05:30,23780,23860,23780,23830,29
2026-09-04T09:35:00+05:30,23855,23905,23840,23865,429
2026-09-04T09:40:00+05:30,23865,23900,23865,23865,77
2026-09-04T09:45:00+05:30,23865,23935,23865,23930,151
2026-09-04T09:50:00+05:30,23935,23950,23920,23950,78
2026-09-04T09:55:00+05:30,23950,23950,23940,23945,46
2026-09-04T10:00:00+05:30,23945,24020,23940,24020,554
2026-09-04T10:05:00+05:30,24020,24035,23995,24015,254
2026-09-04T10:10:00+05:30,24015,24075,24015,24045,192
2026-09-04T10:15:00+05:30,24045,24105,24045,24065,227
2026-09-04T10:20:00+05:30,24065,24100,24065,24085,80
2026-09-04T10:25:00+05:30,24085,24140,24080,24090,266
2026-09-04T10:30:00+05:30,24090,24110,24030,24030,354
2026-09-04T10:35:00+05:30,24030,24040,24005,24040,359
2026-09-04T10:40:00+05:30,24025,24045,24015,24015,66
2026-09-04T10:45:00+05:30,24015,24045,24005,24035,193
2026-09-04T10:50:00+05:30,24035,24070,24035,24050,104
2026-09-04T10:55:00+05:30,24050,24055,24035,24035,204
2026-09-04T11:00:00+05:30,24035,24050,24030,24035,183
2026-09-04T11:05:00+05:30,24035,24045,24035,24035,60
2026-09-04T11:10:00+05:30,24035,24055,24030,24035,254
2026-09-04T11:15:00+05:30,24035,24050,24035,24045,99
2026-09-04T11:20:00+05:30,24045,24060,24045,24050,50
2026-09-04T11:25:00+05:30,24050,24055,24045,24045,80
2026-09-04T11:30:00+05:30,24050,24115,24050,24070,340
2026-09-04T11:35:00+05:30,24070,24080,24015,24015,216
2026-09-04T11:40:00+05:30,24015,24055,24015,24025,242
2026-09-04T11:45:00+05:30,24025,24065,24025,24040,95
2026-09-04T11:50:00+05:30,24040,24075,24035,24045,106
2026-09-04T11:55:00+05:30,24045,24050,24030,24030,60
2026-09-04T12:00:00+05:30,24030,24050,24020,24025,81
2026-09-04T12:05:00+05:30,24025,24025,24015,24015,75
2026-09-04T12:10:00+05:30,24015,24020,23930,23945,583
2026-09-04T12:15:00+05:30,23955,23960,23945,23955,187
2026-09-04T12:20:00+05:30,23955,23970,23950,23955,98
2026-09-04T12:25:00+05:30,23955,23965,23955,23960,48
2026-09-04T12:30:00+05:30,23960,23980,23960,23970,49
2026-09-04T12:35:00+05:30,23970,23995,23965,23965,90
2026-09-04T12:40:00+05:30,23965,23965,23955,23965,58
2026-09-04T12:45:00+05:30,23965,23970,23950,23955,178
2026-09-04T12:50:00+05:30,23955,23960,23950,23955,302
2026-09-04T12:55:00+05:30,23955,23965,23950,23950,447
2026-09-04T13:00:00+05:30,23950,23970,23950,23950,128
2026-09-04T13:05:00+05:30,23950,23965,23865,23930,396
2026-09-04T13:10:00+05:30,23930,23930,23895,23930,149
2026-09-04T13:15:00+05:30,23930,23940,23925,23935,121
2026-09-04T13:20:00+05:30,23935,23965,23925,23930,243
2026-09-04T13:25:00+05:30,23930,23930,23890,23895,348
2026-09-04T13:30:00+05:30,23895,23910,23885,23895,112
2026-09-04T13:35:00+05:30,23895,23960,23885,23945,326
2026-09-04T13:40:00+05:30,23945,23990,23945,23955,223
2026-09-04T13:45:00+05:30,23955,23990,23950,23960,182
2026-09-04T13:50:00+05:30,23960,23970,23945,23950,197
2026-09-04T13:55:00+05:30,23950,23965,23950,23950,129
2026-09-04T14:00:00+05:30,23950,23965,23945,23945,141
2026-09-04T14:05:00+05:30,23945,23975,23945,23945,150
2026-09-04T14:10:00+05:30,23945,23960,23940,23960,135
2026-09-04T14:15:00+05:30,23960,23980,23955,23960,182
2026-09-04T14:20:00+05:30,23970,24000,23970,23975,187
2026-09-04T14:25:00+05:30,23975,23990,23965,23990,164
2026-09-04T14:30:00+05:30,23975,24035,23975,24000,375
2026-09-04T14:35:00+05:30,24000,24035,23985,24015,278
2026-09-04T14:40:00+05:30,24015,24040,24015,24015,217
2026-09-04T14:45:00+05:30,24015,24030,24015,24020,235
2026-09-04T14:50:00+05:30,24020,24025,23965,23980,556
2026-09-04T14:55:00+05:30,23965,23975,23945,23955,345
2026-09-04T15:00:00+05:30,23955,23985,23955,23960,365
2026-09-04T15:05:00+05:30,23960,23980,23945,23950,352
2026-09-04T15:10:00+05:30,23950,23995,23950,23995,546
2026-09-07T09:15:00+05:30,23855,23920,23740,23740,482
2026-09-07T09:20:00+05:30,23740,23770,23700,23720,153
2026-09-07T09:25:00+05:30,23710,23720,23680,23700,149
2026-09-07T09:30:00+05:30,23695,23725,23690,23705,82
2026-09-07T09:35:00+05:30,23705,23760,23700,23740,99
2026-09-07T09:40:00+05:30,23740,23755,23725,23735,41
2026-09-07T09:45:00+05:30,23735,23750,23725,23735,43
2026-09-07T09:50:00+05:30,23735,23770,23725,23725,123
2026-09-07T09:55:00+05:30,23725,23760,23720,23755,55
2026-09-07T10:00:00+05:30,23755,23755,23720,23720,128
2026-09-07T10:05:00+05:30,23720,23750,23625,23640,532
2026-09-07T10:10:00+05:30,23640,23655,23610,23610,245
2026-09-07T10:15:00+05:30,23630,23630,23600,23600,257
2026-09-07T10:20:00+05:30,23600,23640,23595,23610,312
2026-09-07T10:25:00+05:30,23615,23625,23575,23595,403
2026-09-07T10:30:00+05:30,23600,23630,23585,23595,258
2026-09-07T10:35:00+05:30,23595,23605,23575,23575,195
2026-09-07T10:40:00+05:30,23575,23590,23565,23565,192
2026-09-07T10:45:00+05:30,23565,23575,23550,23550,244
2026-09-07T10:50:00+05:30,23550,23600,23530,23565,431
2026-09-07T10:55:00+05:30,23565,23605,23530,23595,327
2026-09-07T11:00:00+05:30,23605,23605,23500,23530,988
2026-09-07T11:05:00+05:30,23530,23550,23520,23520,81
2026-09-07T11:10:00+05:30,23535,23535,23455,23460,471
2026-09-07T11:15:00+05:30,23460,23460,23425,23425,153
2026-09-07T11:20:00+05:30,23445,23460,23415,23445,127
2026-09-07T11:25:00+05:30,23445,23455,23425,23445,76
2026-09-07T11:30:00+05:30,23445,23445,23420,23425,183
2026-09-07T11:35:00+05:30,23425,23460,23420,23450,163
2026-09-07T11:40:00+05:30,23450,23450,23410,23425,1415
2026-09-07T11:45:00+05:30,23425,23490,23405,23465,1207
2026-09-07T11:50:00+05:30,23465,23520,23465,23515,256
2026-09-07T11:55:00+05:30,23515,23535,23500,23500,163
2026-09-07T12:00:00+05:30,23500,23505,23480,23495,84
2026-09-07T12:05:00+05:30,23495,23540,23490,23535,195
2026-09-07T12:10:00+05:30,23535,23545,23500,23500,167
2026-09-07T12:15:00+05:30,23500,23515,23480,23485,84
2026-09-07T12:20:00+05:30,23485,23500,23475,23480,85
2026-09-07T12:25:00+05:30,23480,23530,23465,23495,214
2026-09-07T12:30:00+05:30,23495,23510,23490,23490,93
2026-09-07T12:35:00+05:30,23490,23505,23485,23490,72
2026-09-07T12:40:00+05:30,23490,23490,23470,23485,128
2026-09-07T12:45:00+05:30,23485,23485,23465,23470,84
2026-09-07T12:50:00+05:30,23470,23470,23430,23445,117
2026-09-07T12:55:00+05:30,23445,23455,23430,23430,87
2026-09-07T13:00:00+05:30,23430,23450,23425,23435,87
2026-09-07T13:05:00+05:30,23435,23455,23435,23435,78
2026-09-07T13:10:00+05:30,23440,23440,23385,23385,167
2026-09-07T13:15:00+05:30,23400,23415,23385,23385,117
2026-09-07T13:20:00+05:30,23385,23455,23380,23425,183
2026-09-07T13:25:00+05:30,23425,23450,23415,23430,77
2026-09-07T13:30:00+05:30,23430,23435,23410,23425,161
2026-09-07T13:35:00+05:30,23430,23445,23415,23415,113
2026-09-07T13:40:00+05:30,23415,23530,23415,23520,169
2026-09-07T13:45:00+05:30,23520,23550,23520,23545,168
2026-09-07T13:50:00+05:30,23545,23550,23515,23520,174
2026-09-07T13:55:00+05:30,23520,23540,23505,23510,230
2026-09-07T14:00:00+05:30,23510,23535,23510,23515,78
2026-09-07T14:05:00+05:30,23510,23525,23500,23510,111
2026-09-07T14:10:00+05:30,23510,23590,23510,23580,301
2026-09-07T14:15:00+05:30,23580,23595,23575,23580,94
2026-09-07T14:20:00+05:30,23580,23595,23570,23570,102
2026-09-07T14:25:00+05:30,23575,23595,23565,23570,134
2026-09-07T14:30:00+05:30,23580,23580,23550,23550,108
2026-09-07T14:35:00+05:30,23545,23550,23530,23550,110
2026-09-07T14:40:00+05:30,23550,23550,23505,23515,80
2026-09-07T14:45:00+05:30,23510,23540,23510,23525,78
2026-09-07T14:50:00+05:30,23525,23565,23525,23525,242
2026-09-07T14:55:00+05:30,23530,23555,23500,23500,225
2026-09-07T15:00:00+05:30,23500,23535,23475,23500,514
2026-09-07T15:05:00+05:30,23505,23530,23495,23530,400
2026-09-07T15:10:00+05:30,23530,23650,23505,23650,670
2026-09-08T09:15:00+05:30,23500,23560,23405,23495,338
2026-09-08T09:20:00+05:30,23495,23515,23430,23495,433
2026-09-08T09:25:00+05:30,23495,23510,23460,23475,106
2026-09-08T09:30:00+05:30,23475,23500,23435,23440,152
2026-09-08T09:35:00+05:30,23440,23475,23440,23455,137
2026-09-08T09:40:00+05:30,23455,23465,23420,23430,21
2026-09-08T09:45:00+05:30,23430,23440,23405,23425,53
2026-09-08T09:50:00+05:30,23425,23435,23415,23435,22
2026-09-08T09:55:00+05:30,23435,23450,23400,23400,155
2026-09-08T10:00:00+05:30,23400,23415,23375,23375,130
2026-09-08T10:05:00+05:30,23375,23475,23375,23475,248
2026-09-08T10:10:00+05:30,23475,23495,23460,23490,126
2026-09-08T10:15:00+05:30,23490,23540,23490,23525,157
2026-09-08T10:20:00+05:30,23525,23525,23495,23515,81
2026-09-08T10:25:00+05:30,23515,23525,23500,23500,85
2026-09-08T10:30:00+05:30,23500,23515,23500,23515,29
2026-09-08T10:35:00+05:30,23515,23515,23440,23455,181
2026-09-08T10:40:00+05:30,23455,23475,23430,23460,124
2026-09-08T10:45:00+05:30,23460,23480,23455,23470,53
2026-09-08T10:50:00+05:30,23480,23480,23375,23375,157
2026-09-08T10:55:00+05:30,23375,23440,23370,23415,209
2026-09-08T11:00:00+05:30,23415,23425,23350,23375,341
2026-09-08T11:05:00+05:30,23375,23390,23370,23370,84
2026-09-08T11:10:00+05:30,23370,23420,23360,23410,156
2026-09-08T11:15:00+05:30,23410,23435,23395,23425,238
2026-09-08T11:20:00+05:30,23425,23435,23405,23425,117
2026-09-08T11:25:00+05:30,23425,23445,23425,23425,118
2026-09-08T11:30:00+05:30,23425,23430,23385,23405,131
2026-09-08T11:35:00+05:30,23405,23405,23385,23385,121
2026-09-08T11:40:00+05:30,23385,23395,23350,23360,175
2026-09-08T11:45:00+05:30,23360,23365,23335,23335,220
2026-09-08T11:50:00+05:30,23335,23370,23320,23370,361
2026-09-08T11:55:00+05:30,23355,23355,23330,23350,184
2026-09-08T12:00:00+05:30,23350,23350,23320,23340,124
2026-09-08T12:05:00+05:30,23340,23355,23320,23325,93
2026-09-08T12:10:00+05:30,23325,23345,23320,23330,139
2026-09-08T12:15:00+05:30,23330,23340,23320,23335,111
2026-09-08T12:20:00+05:30,23335,23340,23325,23330,127
2026-09-08T12:25:00+05:30,23330,23370,23325,23370,130
2026-09-08T12:30:00+05:30,23370,23380,23350,23355,131
2026-09-08T12:35:00+05:30,23355,23395,23350,23370,172
2026-09-08T12:40:00+05:30,23370,23380,23355,23355,132
2026-09-08T12:45:00+05:30,23355,23355,23325,23330,90
2026-09-08T12:50:00+05:30,23330,23345,23325,23325,114
2026-09-08T12:55:00+05:30,23325,23355,23320,23340,164
2026-09-08T13:00:00+05:30,23340,23360,23340,23360,129
2026-09-08T13:05:00+05:30,23345,23345,23280,23290,343
2026-09-08T13:10:00+05:30,23290,23320,23280,23280,140
2026-09-08T13:15:00+05:30,23275,23295,23270,23295,112
2026-09-08T13:20:00+05:30,23295,23295,23270,23270,213
2026-09-08T13:25:00+05:30,23270,23295,23255,23265,268
2026-09-08T13:30:00+05:30,23265,23280,23225,23225,142
2026-09-08T13:35:00+05:30,23225,23240,23210,23210,141
2026-09-08T13:40:00+05:30,23210,23225,23200,23205,196
2026-09-08T13:45:00+05:30,23205,23220,23180,23210,117
2026-09-08T13:50:00+05:30,23210,23215,23185,23200,136
2026-09-08T13:55:00+05:30,23200,23210,23190,23190,86
2026-09-08T14:00:00+05:30,23205,23225,23190,23215,168
2026-09-08T14:05:00+05:30,23215,23225,23205,23205,90
2026-09-08T14:10:00+05:30,23205,23205,23130,23145,233
2026-09-08T14:15:00+05:30,23155,23185,23145,23185,253
2026-09-08T14:20:00+05:30,23185,23200,23160,23170,158
2026-09-08T14:25:00+05:30,23170,23215,23170,23215,144
2026-09-08T14:30:00+05:30,23215,23250,23195,23240,168
2026-09-08T14:35:00+05:30,23240,23250,23180,23230,311
2026-09-08T14:40:00+05:30,23230,23260,23210,23235,174
2026-09-08T14:45:00+05:30,23235,23250,23235,23235,118
2026-09-08T14:50:00+05:30,23225,23240,23220,23225,114
2026-09-08T14:55:00+05:30,23225,23230,23205,23215,197
2026-09-08T15:00:00+05:30,23215,23215,23175,23175,401
2026-09-08T15:05:00+05:30,23180,23200,23165,23200,527
2026-09-08T15:10:00+05:30,23200,23280,23165,23280,815
2026-09-09T09:15:00+05:30,23160,23240,23100,23115,298
2026-09-09T09:20:00+05:30,23115,23115,23035,23035,205
2026-09-09T09:25:00+05:30,23035,23140,23035,23135,333
2026-09-09T09:30:00+05:30,23135,23155,23090,23110,215
2026-09-09T09:35:00+05:30,23110,23110,23060,23080,96
2026-09-09T09:40:00+05:30,23080,23110,23060,23060,84
2026-09-09T09:45:00+05:30,23060,23085,23030,23030,234
2026-09-09T09:50:00+05:30,23055,23080,23050,23080,44
2026-09-09T09:55:00+05:30,23080,23100,23075,23075,70
2026-09-09T10:00:00+05:30,23075,23075,23035,23035,114
2026-09-09T10:05:00+05:30,23040,23065,23030,23060,157
2026-09-09T10:10:00+05:30,23060,23115,23045,23110,203
2026-09-09T10:15:00+05:30,23110,23160,23090,23160,273
2026-09-09T10:20:00+05:30,23160,23215,23160,23195,128
2026-09-09T10:25:00+05:30,23195,23195,23165,23165,143
2026-09-09T10:30:00+05:30,23165,23165,23115,23120,54
2026-09-09T10:35:00+05:30,23120,23120,23070,23090,128
2026-09-09T10:40:00+05:30,23090,23090,23050,23050,46
2026-09-09T10:45:00+05:30,23050,23095,23050,23090,59
2026-09-09T10:50:00+05:30,23090,23090,23080,23080,40
2026-09-09T10:55:00+05:30,23080,23095,23080,23095,8
2026-09-09T11:00:00+05:30,23095,23110,23085,23085,63
2026-09-09T11:05:00+05:30,23085,23100,23085,23100,6
2026-09-09T11:10:00+05:30,23100,23100,23070,23070,102
2026-09-09T11:15:00+05:30,23070,23075,23050,23055,214
2026-09-09T11:20:00+05:30,23075,23075,22980,23000,893
2026-09-09T11:25:00+05:30,23000,23015,22980,22995,145
2026-09-09T11:30:00+05:30,22990,23015,22985,22985,141
2026-09-09T11:35:00+05:30,22985,22995,22980,22980,168
2026-09-09T11:40:00+05:30,22980,22995,22975,22980,60
2026-09-09T11:45:00+05:30,22975,23005,22970,23005,112
2026-09-09T11:50:00+05:30,22985,22985,22960,22960,86
2026-09-09T11:55:00+05:30,22960,22965,22950,22950,89
2026-09-09T12:00:00+05:30,22950,22950,22930,22935,374
2026-09-09T12:05:00+05:30,22935,22950,22915,22920,101
2026-09-09T12:10:00+05:30,22915,22950,22910,22935,118
2026-09-09T12:15:00+05:30,22935,22955,22925,22940,131
2026-09-09T12:20:00+05:30,22940,22950,22920,22940,70
2026-09-09T12:25:00+05:30,22940,22985,22930,22980,99
2026-09-09T12:30:00+05:30,22980,23015,22970,22995,190
2026-09-09T12:35:00+05:30,22995,23030,22995,23005,165
2026-09-09T12:40:00+05:30,23005,23045,23000,23040,85
2026-09-09T12:45:00+05:30,23040,23040,22960,23000,215
2026-09-09T12:50:00+05:30,23000,23015,22960,22985,125
2026-09-09T12:55:00+05:30,22985,23015,22985,22995,85
2026-09-09T13:00:00+05:30,22995,23000,22955,22960,72
2026-09-09T13:05:00+05:30,22960,23005,22955,22990,146
2026-09-09T13:10:00+05:30,22990,23005,22980,23005,137
2026-09-09T13:15:00+05:30,23005,23030,22975,22975,150
2026-09-09T13:20:00+05:30,22975,23020,22965,23000,137
2026-09-09T13:25:00+05:30,23000,23040,22985,23030,263
2026-09-09T13:30:00+05:30,23030,23030,22990,22990,125
2026-09-09T13:35:00+05:30,22990,23020,22980,23000,110
2026-09-09T13:40:00+05:30,23000,23020,22995,22995,75
2026-09-09T13:45:00+05:30,22995,23025,22995,23005,104
2026-09-09T13:50:00+05:30,23005,23005,22985,22985,84
2026-09-09T13:55:00+05:30,22985,23005,22985,23005,75
2026-09-09T14:00:00+05:30,23000,23040,23000,23020,86
2026-09-09T14:05:00+05:30,23020,23035,23005,23005,94
2026-09-09T14:10:00+05:30,23020,23020,22990,22990,108
2026-09-09T14:15:00+05:30,23005,23040,23005,23015,142
2026-09-09T14:20:00+05:30,23030,23050,23015,23025,143
2026-09-09T14:25:00+05:30,23025,23045,23020,23030,91
2026-09-09T14:30:00+05:30,23030,23035,22975,22990,153
2026-09-09T14:35:00+05:30,22975,22990,22950,22965,139
2026-09-09T14:40:00+05:30,22955,22975,22940,22960,129
2026-09-09T14:45:00+05:30,22960,22965,22950,22955,113
2026-09-09T14:50:00+05:30,22955,22965,22930,22940,606
2026-09-09T14:55:00+05:30,22940,22970,22940,22955,111
2026-09-09T15:00:00+05:30,22965,22970,22920,22930,402
2026-09-09T15:05:00+05:30,22920,22935,22900,22925,335
2026-09-09T15:10:00+05:30,22935,22960,22900,22945,850
2026-09-10T09:15:00+05:30,22910,22990,22820,22825,588
2026-09-10T09:20:00+05:30,22825,22850,22800,22835,155
2026-09-10T09:25:00+05:30,22835,22870,22830,22855,116
2026-09-10T09:30:00+05:30,22855,22855,22800,22835,80
2026-09-10T09:35:00+05:30,22835,22835,22820,22820,75
2026-09-10T09:40:00+05:30,22820,22845,22820,22835,72
2026-09-10T09:45:00+05:30,22835,22865,22825,22865,76
2026-09-10T09:50:00+05:30,22865,22880,22850,22850,128
2026-09-10T09:55:00+05:30,22850,22850,22830,22845,57
2026-09-10T10:00:00+05:30,22845,22845,22765,22805,179
2026-09-10T10:05:00+05:30,22790,22790,22740,22770,261
2026-09-10T10:10:00+05:30,22780,22780,22750,22765,25
2026-09-10T10:15:00+05:30,22765,22780,22740,22775,120
2026-09-10T10:20:00+05:30,22775,22780,22740,22755,55
2026-09-10T10:25:00+05:30,22755,22780,22745,22765,29
2026-09-10T10:30:00+05:30,22765,22810,22765,22810,202
2026-09-10T10:35:00+05:30,22810,22810,22790,22790,15
2026-09-10T10:40:00+05:30,22790,22820,22790,22805,12
2026-09-10T10:45:00+05:30,22825,22825,22790,22790,55
2026-09-10T10:50:00+05:30,22790,22790,22740,22740,141
2026-09-10T10:55:00+05:30,22740,22755,22715,22720,150
2026-09-10T11:00:00+05:30,22720,22740,22715,22740,103
2026-09-10T11:05:00+05:30,22740,22755,22725,22740,74
2026-09-10T11:10:00+05:30,22740,22770,22740,22765,89
2026-09-10T11:15:00+05:30,22760,22785,22745,22785,149
2026-09-10T11:20:00+05:30,22805,22805,22740,22750,85
2026-09-10T11:25:00+05:30,22745,22750,22720,22720,135
2026-09-10T11:30:00+05:30,22720,22740,22710,22710,101
2026-09-10T11:35:00+05:30,22710,22730,22700,22710,98
2026-09-10T11:40:00+05:30,22710,22740,22705,22720,97
2026-09-10T11:45:00+05:30,22720,22765,22720,22745,96
2026-09-10T11:50:00+05:30,22745,22795,22745,22795,142
2026-09-10T11:55:00+05:30,22790,22815,22785,22800,196
2026-09-10T12:00:00+05:30,22800,22825,22800,22810,91
2026-09-10T12:05:00+05:30,22825,22840,22810,22810,124
2026-09-10T12:10:00+05:30,22810,22845,22810,22820,154
2026-09-10T12:15:00+05:30,22840,22845,22820,22825,100
2026-09-10T12:20:00+05:30,22825,22850,22825,22840,100
2026-09-10T12:25:00+05:30,22840,22840,22820,22820,181
2026-09-10T12:30:00+05:30,22820,22840,22800,22800,119
2026-09-10T12:35:00+05:30,22800,22815,22785,22800,98
2026-09-10T12:40:00+05:30,22800,22815,22775,22775,118
2026-09-10T12:45:00+05:30,22775,22805,22775,22780,88
2026-09-10T12:50:00+05:30,22780,22805,22775,22800,109
2026-09-10T12:55:00+05:30,22800,22800,22755,22755,89
2026-09-10T13:00:00+05:30,22755,22780,22755,22765,89
2026-09-10T13:05:00+05:30,22765,22800,22750,22765,111
2026-09-10T13:10:00+05:30,22765,22785,22750,22755,72
2026-09-10T13:15:00+05:30,22755,22780,22745,22745,151
2026-09-10T13:20:00+05:30,22745,22805,22745,22770,204
2026-09-10T13:25:00+05:30,22770,22785,22755,22760,112
2026-09-10T13:30:00+05:30,22760,22775,22755,22755,78
2026-09-10T13:35:00+05:30,22755,22780,22755,22755,75
2026-09-10T13:40:00+05:30,22755,22770,22740,22740,106
2026-09-10T13:45:00+05:30,22740,22770,22740,22770,81
2026-09-10T13:50:00+05:30,22770,22780,22750,22750,83
2026-09-10T13:55:00+05:30,22750,22775,22750,22775,80
2026-09-10T14:00:00+05:30,22775,22785,22745,22750,94
2026-09-10T14:05:00+05:30,22750,22765,22735,22735,80
2026-09-10T14:10:00+05:30,22735,22770,22735,22750,104
2026-09-10T14:15:00+05:30,22750,22765,22750,22750,61
2026-09-10T14:20:00+05:30,22750,22770,22745,22755,73
2026-09-10T14:25:00+05:30,22755,22780,22745,22750,106
2026-09-10T14:30:00+05:30,22770,22785,22745,22765,115
2026-09-10T14:35:00+05:30,22765,22785,22755,22755,132
2026-09-10T14:40:00+05:30,22755,22825,22755,22790,270
2026-09-10T14:45:00+05:30,22790,22815,22790,22815,119
2026-09-10T14:50:00+05:30,22795,22830,22795,22820,251
2026-09-10T14:55:00+05:30,22820,22825,22790,22805,243
2026-09-10T15:00:00+05:30,22800,22805,22775,22790,353
2026-09-10T15:05:00+05:30,22790,22830,22785,22805,346
2026-09-10T15:10:00+05:30,22820,22855,22785,22855,768
2026-09-11T09:15:00+05:30,22660,22680,22520,22600,490
2026-09-11T09:20:00+05:30,22600,22600,22505,22530,240
2026-09-11T09:25:00+05:30,22530,22530,22470,22470,342
2026-09-11T09:30:00+05:30,22470,22510,22450,22500,237
2026-09-11T09:35:00+05:30,22500,22500,22375,22415,534
2026-09-11T09:40:00+05:30,22415,22445,22400,22435,96
2026-09-11T09:45:00+05:30,22435,22435,22415,22435,53
2026-09-11T09:50:00+05:30,22435,22465,22435,22435,33
2026-09-11T09:55:00+05:30,22435,22460,22420,22435,131
2026-09-11T10:00:00+05:30,22435,22495,22435,22495,157
2026-09-11T10:05:00+05:30,22495,22505,22470,22500,195
2026-09-11T10:10:00+05:30,22500,22500,22460,22490,60
2026-09-11T10:15:00+05:30,22495,22505,22450,22450,99
2026-09-11T10:20:00+05:30,22460,22475,22430,22430,170
2026-09-11T10:25:00+05:30,22430,22440,22385,22400,178
2026-09-11T10:30:00+05:30,22400,22425,22400,22400,98
2026-09-11T10:35:00+05:30,22415,22435,22400,22430,100
2026-09-11T10:40:00+05:30,22430,22430,22410,22425,110
2026-09-11T10:45:00+05:30,22430,22455,22405,22405,110
2026-09-11T10:50:00+05:30,22420,22420,22400,22405,71
2026-09-11T10:55:00+05:30,22405,22405,22375,22390,96
2026-09-11T11:00:00+05:30,22380,22390,22370,22380,114
2026-09-11T11:05:00+05:30,22385,22430,22385,22420,158
2026-09-11T11:10:00+05:30,22405,22450,22405,22445,91
2026-09-11T11:15:00+05:30,22445,22470,22420,22455,139
2026-09-11T11:20:00+05:30,22465,22485,22445,22470,115
2026-09-11T11:25:00+05:30,22470,22505,22470,22475,279
2026-09-11T11:30:00+05:30,22475,22510,22475,22490,105
2026-09-11T11:35:00+05:30,22490,22495,22435,22440,199
2026-09-11T11:40:00+05:30,22440,22500,22430,22490,232
2026-09-11T11:45:00+05:30,22490,22505,22440,22450,226
2026-09-11T11:50:00+05:30,22450,22465,22445,22450,83
2026-09-11T11:55:00+05:30,22450,22465,22420,22425,168
2026-09-11T12:00:00+05:30,22425,22465,22420,22445,163
2026-09-11T12:05:00+05:30,22445,22465,22430,22430,87
2026-09-11T12:10:00+05:30,22430,22550,22430,22535,413
2026-09-11T12:15:00+05:30,22535,22560,22525,22535,265
2026-09-11T12:20:00+05:30,22535,22560,22520,22550,242
2026-09-11T12:25:00+05:30,22550,22585,22545,22570,192
2026-09-11T12:30:00+05:30,22570,22610,22570,22600,310
2026-09-11T12:35:00+05:30,22600,22620,22600,22610,134
2026-09-11T12:40:00+05:30,22610,22655,22610,22650,288
2026-09-11T12:45:00+05:30,22650,22660,22580,22585,354
2026-09-11T12:50:00+05:30,22585,22630,22585,22615,225
2026-09-11T12:55:00+05:30,22615,22660,22615,22650,293
2026-09-11T13:00:00+05:30,22650,22650,22565,22590,374
2026-09-11T13:05:00+05:30,22590,22610,22585,22605,245
2026-09-11T13:10:00+05:30,22605,22610,22570,22600,266
2026-09-11T13:15:00+05:30,22600,22605,22585,22595,216
2026-09-11T13:20:00+05:30,22595,22615,22585,22615,145
2026-09-11T13:25:00+05:30,22615,22635,22605,22635,200
2026-09-11T13:30:00+05:30,22635,22635,22600,22605,336
2026-09-11T13:35:00+05:30,22605,22605,22570,22575,234
2026-09-11T13:40:00+05:30,22560,22575,22505,22520,390
2026-09-11T13:45:00+05:30,22520,22545,22505,22540,206
2026-09-11T13:50:00+05:30,22540,22580,22535,22555,312
2026-09-11T13:55:00+05:30,22565,22590,22555,22580,182
2026-09-11T14:00:00+05:30,22580,22630,22575,22630,300
2026-09-11T14:05:00+05:30,22630,22630,22600,22610,227
2026-09-11T14:10:00+05:30,22610,22610,22580,22600,209
2026-09-11T14:15:00+05:30,22600,22600,22585,22595,196
2026-09-11T14:20:00+05:30,22595,22635,22585,22635,265
2026-09-11T14:25:00+05:30,22635,22635,22590,22610,302
2026-09-11T14:30:00+05:30,22610,22625,22590,22605,226
2026-09-11T14:35:00+05:30,22600,22625,22590,22625,289
2026-09-11T14:40:00+05:30,22625,22625,22595,22610,203
2026-09-11T14:45:00+05:30,22610,22610,22525,22555,637
2026-09-11T14:50:00+05:30,22545,22555,22525,22545,240
2026-09-11T14:55:00+05:30,22560,22625,22550,22610,344
2026-09-11T15:00:00+05:30,22605,22615,22565,22580,289
2026-09-11T15:05:00+05:30,22560,22590,22560,22580,282
2026-09-11T15:10:00+05:30,22585,22610,22570,22610,316
2026-09-15T09:15:00+05:30,22620,22645,22465,22490,511
2026-09-15T09:20:00+05:30,22505,22530,22490,22525,42
2026-09-15T09:25:00+05:30,22525,22575,22450,22575,406
2026-09-15T09:30:00+05:30,22575,22660,22575,22595,198
