date,open,high,low,close,volume
2026-06-08T09:15:00+05:30,909,910,901.2,908.7,320973
2026-06-08T09:20:00+05:30,908.65,908.9,905,906.45,106977
2026-06-08T09:25:00+05:30,906.55,910.55,905.3,909.8,85222
2026-06-08T09:30:00+05:30,909.5,911.35,908.3,910.7,63197
2026-06-08T09:35:00+05:30,910.9,910.9,908.3,908.85,86647
2026-06-08T09:40:00+05:30,909.65,910.65,908,909.3,36198
2026-06-08T09:45:00+05:30,909.55,910.45,907.4,907.8,44791
2026-06-08T09:50:00+05:30,907.8,907.85,903.4,905.05,77570
2026-06-08T09:55:00+05:30,905.1,908.65,904.7,908.1,70030
2026-06-08T10:00:00+05:30,908.05,908.55,906.9,906.95,45745
2026-06-08T10:05:00+05:30,906.95,907.85,905.5,906.95,32439
2026-06-08T10:10:00+05:30,906.95,907.65,906.35,906.9,40004
2026-06-08T10:15:00+05:30,906.9,907.95,906.8,907.6,48229
2026-06-08T10:20:00+05:30,907.65,908.2,907,907.6,15188
2026-06-08T10:25:00+05:30,906.65,906.65,904.25,905.3,104079
2026-06-08T10:30:00+05:30,905.3,908.4,905.3,907.55,47164
2026-06-08T10:35:00+05:30,907.55,907.9,906.5,906.9,34254
2026-06-08T10:40:00+05:30,906.9,907.2,905,905.25,31535
2026-06-08T10:45:00+05:30,905,906.25,904.5,905.1,83358
2026-06-08T10:50:00+05:30,905.1,906.7,904.95,905.1,104180
2026-06-08T10:55:00+05:30,905.1,906.3,904.55,906.2,42400
2026-06-08T11:00:00+05:30,906.2,906.2,905,905.15,33871
2026-06-08T11:05:00+05:30,905.2,905.7,904.5,904.8,36154
2026-06-08T11:10:00+05:30,904.75,905.45,904,904.25,37466
2026-06-08T11:15:00+05:30,904.25,904.5,902.8,902.9,54091
2026-06-08T11:20:00+05:30,902.9,902.95,900.05,900.25,87845
2026-06-08T11:25:00+05:30,900.05,902.85,900.05,901.85,56819
2026-06-08T11:30:00+05:30,901.85,904,901.15,903.3,140683
2026-06-08T11:35:00+05:30,903.45,903.45,902.25,903.15,34836
2026-06-08T11:40:00+05:30,903.15,904.35,903.1,903.65,34909
2026-06-08T11:45:00+05:30,903.5,904.4,903.4,903.95,30028
2026-06-08T11:50:00+05:30,903.95,904.25,903,903.7,35787
2026-06-08T11:55:00+05:30,903.7,904.4,903.3,903.6,29252
2026-06-08T12:00:00+05:30,903.6,904.85,903,904.3,58926
2026-06-08T12:05:00+05:30,904.3,904.3,902.85,903.15,39834
2026-06-08T12:10:00+05:30,903.15,903.5,901.3,901.65,81575
2026-06-08T12:15:00+05:30,901.55,902.45,901.35,901.7,37704
2026-06-08T12:20:00+05:30,901.55,902.75,901.3,902.7,39340
2026-06-08T12:25:00+05:30,902.7,902.95,902.15,902.45,30026
2026-06-08T12:30:00+05:30,902.45,904.25,902.3,903.7,37282
2026-06-08T12:35:00+05:30,903.75,904.5,903.5,904.1,45603
2026-06-08T12:40:00+05:30,904.1,905,903.5,904.15,33707
2026-06-08T12:45:00+05:30,904.25,905,903.65,904.95,35488
2026-06-08T12:50:00+05:30,904.9,906,904.55,904.65,48494
2026-06-08T12:55:00+05:30,904.65,906.4,904.6,905.2,48697
2026-06-08T13:00:00+05:30,905.05,905.7,903,903.05,40002
2026-06-08T13:05:00+05:30,903,903.5,902.5,903.45,45232
2026-06-08T13:10:00+05:30,903.35,903.65,902.45,902.75,34785
2026-06-08T13:15:00+05:30,902.75,904,902.65,903.75,48156
2026-06-08T13:20:00+05:30,903.65,903.65,902.6,903.1,51235
2026-06-08T13:25:00+05:30,903.1,903.55,902,903.45,93219
2026-06-08T13:30:00+05:30,903.4,903.65,902.05,902.25,33689
2026-06-08T13:35:00+05:30,902.25,902.7,901.5,902,75634
2026-06-08T13:40:00+05:30,902.05,902.05,901.05,901.15,33162
2026-06-08T13:45:00+05:30,901.15,901.15,899.1,900.35,114093
2026-06-08T13:50:00+05:30,900.35,900.95,899.25,899.45,66005
2026-06-08T13:55:00+05:30,899.4,900.15,898.1,898.75,61162
2026-06-08T14:00:00+05:30,898.75,900.4,898.6,899.65,41186
2026-06-08T14:05:00+05:30,899.65,899.75,899,899.5,37565
2026-06-08T14:10:00+05:30,899.5,899.85,898,898.35,37532
2026-06-08T14:15:00+05:30,898.3,899,897.25,899,42701
2026-06-08T14:20:00+05:30,899.15,899.2,898.2,898.5,38926
2026-06-08T14:25:00+05:30,898.45,899,897.45,897.7,51078
2026-06-08T14:30:00+05:30,897.5,898.85,897.5,898.6,33823
2026-06-08T14:35:00+05:30,898.5,899.45,898.2,898.8,27888
2026-06-08T14:40:00+05:30,898.5,899.85,897.6,899.85,48075
2026-06-08T14:45:00+05:30,899.85,899.85,898.55,898.75,41309
2026-06-08T14:50:00+05:30,898.75,899.4,898.5,898.85,47820
2026-06-08T14:55:00+05:30,898.85,899.9,898,899.4,54979
2026-06-08T15:00:00+05:30,899.3,899.3,896,896.2,100980
2026-06-08T15:05:00+05:30,896.2,898.45,895.7,898.3,145947
2026-06-08T15:10:00+05:30,898.05,898.45,897.2,897.2,128092
2026-06-08T15:15:00+05:30,897.2,898.4,897.1,897.15,92423
2026-06-08T15:20:00+05:30,897.15,897.15,894.05,894.55,138029
2026-06-08T15:25:00+05:30,894.55,894.95,892.1,894.4,97943
2026-06-09T09:15:00+05:30,908.4,914,899.15,906.7,386372
2026-06-09T09:20:00+05:30,907.4,910.05,905.35,908.05,199178
2026-06-09T09:25:00+05:30,908.05,908.05,905.75,906.65,57300
2026-06-09T09:30:00+05:30,906.6,907.45,905.7,905.9,55056
2026-06-09T09:35:00+05:30,905.75,906.5,904.55,906.1,62587
2026-06-09T09:40:00+05:30,906.1,906.5,904.2,904.4,48787
2026-06-09T09:45:00+05:30,904.4,907.8,904.4,905.55,60688
2026-06-09T09:50:00+05:30,905.9,909.2,905.55,908.05,53428
2026-06-09T09:55:00+05:30,907.8,908,906.05,907.3,40332
2026-06-09T10:00:00+05:30,907.3,907.9,905.8,906.1,30553
2026-06-09T10:05:00+05:30,906.1,907.35,905.3,906.25,39548
2026-06-09T10:10:00+05:30,906.1,908.75,905.75,907.9,71299
2026-06-09T10:15:00+05:30,907.95,908.8,904,904.7,217070
2026-06-09T10:20:00+05:30,904.65,904.9,903.4,904.85,48651
2026-06-09T10:25:00+05:30,904.85,905,903.95,904.25,29163
2026-06-09T10:30:00+05:30,904.25,904.95,903.45,904.15,29702
2026-06-09T10:35:00+05:30,904.15,904.2,903,903.55,29790
2026-06-09T10:40:00+05:30,903.6,904.7,903,904.5,17592
2026-06-09T10:45:00+05:30,904.5,905.05,903,903.05,101121
2026-06-09T10:50:00+05:30,902.6,904.6,902.05,904.5,39017
2026-06-09T10:55:00+05:30,904.5,904.65,903.4,904.55,19392
2026-06-09T11:00:00+05:30,904.55,904.55,903.55,904,34628
2026-06-09T11:05:00+05:30,904.25,904.75,902.6,903.35,52399
2026-06-09T11:10:00+05:30,903.35,903.5,902.35,903.05,46940
2026-06-09T11:15:00+05:30,903.05,903.05,900.25,900.5,35140
2026-06-09T11:20:00+05:30,900.5,900.5,897,897.2,66612
2026-06-09T11:25:00+05:30,897.2,898.95,896.75,898.6,29578
2026-06-09T11:30:00+05:30,898.6,898.85,897.5,897.8,57163
2026-06-09T11:35:00+05:30,897.8,899.25,897.6,898.8,78079
2026-06-09T11:40:00+05:30,898.8,899.5,897.7,899.15,32778
2026-06-09T11:45:00+05:30,898.75,901,898.55,899.95,56992
2026-06-09T11:50:00+05:30,899.95,900,899,899.6,40430
2026-06-09T11:55:00+05:30,899.6,904.05,899,903.9,153549
2026-06-09T12:00:00+05:30,904,906.3,903.7,905.15,197741
2026-06-09T12:05:00+05:30,905.15,905.65,903.7,904,43884
2026-06-09T12:10:00+05:30,904.05,905.5,903.65,905.15,82545
2026-06-09T12:15:00+05:30,905.15,906.9,904,906.6,88248
2026-06-09T12:20:00+05:30,906.75,906.9,905.45,905.75,41402
2026-06-09T12:25:00+05:30,905.75,907.55,905.45,907.2,60391
2026-06-09T12:30:00+05:30,907.2,910.8,907,910.8,125293
2026-06-09T12:35:00+05:30,910.75,912,910.25,910.55,94524
2026-06-09T12:40:00+05:30,910.5,913,909.65,912.85,240187
2026-06-09T12:45:00+05:30,912.85,913.8,911.8,912,89335
2026-06-09T12:50:00+05:30,912,912,910,910,48469
2026-06-09T12:55:00+05:30,910,910.35,907.6,907.85,94237
2026-06-09T13:00:00+05:30,907.85,909,907.55,907.8,57243
2026-06-09T13:05:00+05:30,908.15,911.85,907.8,910,88008
2026-06-09T13:10:00+05:30,910.2,912.95,909.85,912.55,47137
2026-06-09T13:15:00+05:30,912.5,912.75,910.75,910.9,42001
2026-06-09T13:20:00+05:30,910.95,911.8,910.1,910.95,45470
2026-06-09T13:25:00+05:30,910.9,911.1,909.25,909.25,27445
2026-06-09T13:30:00+05:30,909.75,909.75,908.2,908.6,36735
2026-06-09T13:35:00+05:30,908.65,910.4,908.6,910.15,32020
2026-06-09T13:40:00+05:30,910.3,911.35,910.1,911,38002
2026-06-09T13:45:00+05:30,910.95,912.3,910.2,911,64301
2026-06-09T13:50:00+05:30,911.3,911.5,910.15,910.25,27296
2026-06-09T13:55:00+05:30,910.35,910.8,908.35,908.6,65515
2026-06-09T14:00:00+05:30,908.75,908.95,907.1,907.75,35750
2026-06-09T14:05:00+05:30,908.2,909.1,907.8,909.1,40920
2026-06-09T14:10:00+05:30,909.1,909.5,908.15,908.15,38477
2026-06-09T14:15:00+05:30,908.15,908.85,907.7,908.55,43409
2026-06-09T14:20:00+05:30,908.15,908.55,906.9,907.3,38575
2026-06-09T14:25:00+05:30,907.3,909.55,906.9,909.05,70656
2026-06-09T14:30:00+05:30,909.05,909.05,907,907.35,48405
2026-06-09T14:35:00+05:30,907.35,910.3,906.4,910,65324
2026-06-09T14:40:00+05:30,910,912.4,909.8,910.65,68280
2026-06-09T14:45:00+05:30,910.65,910.95,909.3,909.4,78155
2026-06-09T14:50:00+05:30,909.4,911.4,908.85,911.4,66869
2026-06-09T14:55:00+05:30,911.5,915,911.25,914.85,146043
2026-06-09T15:00:00+05:30,914.65,914.65,911,912.25,161052
2026-06-09T15:05:00+05:30,912.25,913.95,912.25,912.4,139899
2026-06-09T15:10:00+05:30,912.4,912.5,910.4,910.9,158469
2026-06-09T15:15:00+05:30,910.85,911.75,910.2,910.25,179399
2026-06-09T15:20:00+05:30,910.25,911.55,909.95,910.9,209006
2026-06-09T15:25:00+05:30,910.65,915,910.55,912.1,145948
2026-06-10T09:15:00+05:30,907.85,909.8,903.25,905.65,209660
2026-06-10T09:20:00+05:30,905.65,907.45,905.35,907.4,58297
2026-06-10T09:25:00+05:30,907.35,907.55,905.05,906.3,73115
2026-06-10T09:30:00+05:30,906.55,907.75,905.55,907.55,47152
2026-06-10T09:35:00+05:30,907.4,908.35,906.3,908.3,78714
2026-06-10T09:40:00+05:30,907.55,907.7,905.7,906.15,48678
2026-06-10T09:45:00+05:30,906.25,910.15,906.1,908.65,73667
2026-06-10T09:50:00+05:30,909,909,907.5,908.55,42895
2026-06-10T09:55:00+05:30,908.55,909,907.55,908.4,29743
2026-06-10T10:00:00+05:30,908.35,909.7,908.05,908.65,39762
2026-06-10T10:05:00+05:30,908.8,909.05,908.05,908.45,42097
2026-06-10T10:10:00+05:30,908.5,909.25,905.2,905.25,77442
2026-06-10T10:15:00+05:30,905.2,905.45,904,905.45,62995
2026-06-10T10:20:00+05:30,905.3,905.75,904.6,905.7,27819
2026-06-10T10:25:00+05:30,905.6,905.65,904.6,905.1,29697
2026-06-10T10:30:00+05:30,905.1,907.3,904.7,907.3,37443
2026-06-10T10:35:00+05:30,907.15,908.5,906.65,906.9,34256
2026-06-10T10:40:00+05:30,906.85,907.8,905.5,905.8,51407
2026-06-10T10:45:00+05:30,905.75,906.85,905.05,906.4,44710
2026-06-10T10:50:00+05:30,906.6,909,906.35,907.9,72145
2026-06-10T10:55:00+05:30,907.9,909.4,907.2,909.4,51605
2026-06-10T11:00:00+05:30,909.7,910.8,908.05,910.55,95196
2026-06-10T11:05:00+05:30,910.55,911.2,908.35,911.2,55572
2026-06-10T11:10:00+05:30,911.2,913.05,910.85,911,55283
2026-06-10T11:15:00+05:30,911,911.6,908.95,909.45,22846
2026-06-10T11:20:00+05:30,909.45,911.05,909.05,910.8,29434
2026-06-10T11:25:00+05:30,910.95,912.1,910.8,911,23606
2026-06-10T11:30:00+05:30,911.05,911.05,909.8,910.75,31765
2026-06-10T11:35:00+05:30,910.75,914.75,910.7,913.8,77625
2026-06-10T11:40:00+05:30,913.95,914.1,913,913,24771
2026-06-10T11:45:00+05:30,913.15,913.9,912.5,913.1,32272
2026-06-10T11:50:00+05:30,913.2,914,912.65,913.35,28895
2026-06-10T11:55:00+05:30,913.35,913.55,912.95,913,22332
2026-06-10T12:00:00+05:30,913.05,913.05,910.1,910.7,35808
2026-06-10T12:05:00+05:30,910.75,911.25,910,910.55,26158
2026-06-10T12:10:00+05:30,910.6,911.4,910.2,910.5,25712
2026-06-10T12:15:00+05:30,910.5,912.4,910,911.4,36663
2026-06-10T12:20:00+05:30,911.4,911.85,909.6,909.6,52225
2026-06-10T12:25:00+05:30,909.6,910.45,909.15,909.15,32990
2026-06-10T12:30:00+05:30,909.15,909.2,907.7,908.1,24190
2026-06-10T12:35:00+05:30,908.1,908.5,907.1,907.9,29063
2026-06-10T12:40:00+05:30,907.9,907.9,905.8,905.8,35731
2026-06-10T12:45:00+05:30,905.8,906.5,905.15,906.2,39678
2026-06-10T12:50:00+05:30,906.25,909.5,906,909,54005
2026-06-10T12:55:00+05:30,909.05,909.7,908.6,909.4,52005
2026-06-10T13:00:00+05:30,909.45,910.85,909.2,910.8,40142
2026-06-10T13:05:00+05:30,910.8,910.85,909.65,910.3,29480
2026-06-10T13:10:00+05:30,910.4,910.75,909.4,909.8,29490
2026-06-10T13:15:00+05:30,909.95,910.45,908.7,908.8,27256
2026-06-10T13:20:00+05:30,908.9,909.25,908.5,908.5,33782
2026-06-10T13:25:00+05:30,908.6,909.85,908.5,909.2,28823
2026-06-10T13:30:00+05:30,909.25,910,907.5,907.75,57398
2026-06-10T13:35:00+05:30,907.75,909.45,907.05,909,35064
2026-06-10T13:40:00+05:30,909.1,909.95,907.15,907.6,33906
2026-06-10T13:45:00+05:30,907.5,908.35,907.3,907.5,43886
2026-06-10T13:50:00+05:30,907.6,907.65,906.35,907,50997
2026-06-10T13:55:00+05:30,906.95,908.2,906.95,908.1,42088
2026-06-10T14:00:00+05:30,908.1,909.25,907.5,908.55,28499
2026-06-10T14:05:00+05:30,908.6,908.75,907.75,907.85,23724
2026-06-10T14:10:00+05:30,907.85,908.05,905.5,905.8,46258
2026-06-10T14:15:00+05:30,905.8,907.05,905,907.05,63040
2026-06-10T14:20:00+05:30,907.2,907.7,906,906.95,31385
2026-06-10T14:25:00+05:30,906.8,907.45,906.15,906.25,55804
2026-06-10T14:30:00+05:30,906.35,906.4,904,904.3,44371
2026-06-10T14:35:00+05:30,904.3,905,902.1,902.3,44448
2026-06-10T14:40:00+05:30,902.3,902.75,901.3,901.95,48509
2026-06-10T14:45:00+05:30,901.85,902,899.3,899.55,133653
2026-06-10T14:50:00+05:30,899.7,900.8,899.05,900.35,83532
2026-06-10T14:55:00+05:30,900.1,902.2,900.05,901.7,72084
2026-06-10T15:00:00+05:30,901.55,901.55,899.6,899.8,132715
2026-06-10T15:05:00+05:30,899.8,899.8,898.1,898.6,97823
2026-06-10T15:10:00+05:30,899.1,899.1,895.55,895.85,139039
2026-06-10T15:15:00+05:30,895.7,896.95,894.2,896.95,136899
2026-06-10T15:20:00+05:30,896.55,897.1,895.25,895.4,115126
2026-06-10T15:25:00+05:30,895.8,897.8,895.4,897.8,90317
2026-06-11T09:15:00+05:30,893.95,893.95,884.6,888.75,241783
2026-06-11T09:20:00+05:30,889.3,896.3,889.1,893,88169
2026-06-11T09:25:00+05:30,892.55,892.75,890.15,891.55,70057
2026-06-11T09:30:00+05:30,892.05,893.2,890.5,892.05,38682
2026-06-11T09:35:00+05:30,892.4,894.35,891.75,894.35,43536
2026-06-11T09:40:00+05:30,894.35,895.15,892.55,894.7,33939
2026-06-11T09:45:00+05:30,894.7,895.25,893.65,894.35,42981
2026-06-11T09:50:00+05:30,894.7,895.55,893.75,894.6,42825
2026-06-11T09:55:00+05:30,894.45,894.45,891.2,891.65,22775
2026-06-11T10:00:00+05:30,892,892.6,888.45,888.5,68449
2026-06-11T10:05:00+05:30,888.35,892,887.5,891.5,53836
2026-06-11T10:10:00+05:30,891.65,892.4,890.35,890.5,40427
2026-06-11T10:15:00+05:30,890.5,893.2,890.35,892.8,51848
2026-06-11T10:20:00+05:30,892.95,893.05,891.85,891.95,28972
2026-06-11T10:25:00+05:30,891.95,892.2,889.25,889.45,33554
2026-06-11T10:30:00+05:30,889.3,890,888.1,888.9,39329
2026-06-11T10:35:00+05:30,888.9,889.95,888.55,889.55,40627
2026-06-11T10:40:00+05:30,889.5,890,889.35,889.75,20209
2026-06-11T10:45:00+05:30,889.7,890,887.85,887.85,45390
2026-06-11T10:50:00+05:30,888,888.6,884,884.6,111358
2026-06-11T10:55:00+05:30,884.6,885.1,883.35,883.85,48467
2026-06-11T11:00:00+05:30,883.85,883.85,881.05,881.85,77489
2026-06-11T11:05:00+05:30,881.85,884.35,880.25,881.05,145059
2026-06-11T11:10:00+05:30,881.15,881.5,879.1,879.9,80827
2026-06-11T11:15:00+05:30,879.9,883.9,879.8,882.55,66249
2026-06-11T11:20:00+05:30,882.55,884.2,882.2,883,31727
2026-06-11T11:25:00+05:30,883.15,886.5,883.05,886.45,48495
2026-06-11T11:30:00+05:30,886.6,887.5,884.6,884.7,79538
2026-06-11T11:35:00+05:30,884.7,884.7,883.5,883.8,37870
2026-06-11T11:40:00+05:30,884,885.65,883.65,885.55,38576
2026-06-11T11:45:00+05:30,885.55,887.55,884.8,887.25,36470
2026-06-11T11:50:00+05:30,887.5,889.2,887.45,889.05,43638
2026-06-11T11:55:00+05:30,888.75,889.55,888.25,888.3,32935
2026-06-11T12:00:00+05:30,888.3,891.25,888.3,890.3,95140
2026-06-11T12:05:00+05:30,890.5,891,890,890.6,55075
2026-06-11T12:10:00+05:30,890.65,890.9,887.25,888.1,44041
2026-06-11T12:15:00+05:30,888.1,891.55,888,888.5,228550
2026-06-11T12:20:00+05:30,888.5,888.65,886.9,887.9,20089
2026-06-11T12:25:00+05:30,887.9,889,887.3,888.85,32292
2026-06-11T12:30:00+05:30,889,891.05,889,890.7,48573
2026-06-11T12:35:00+05:30,891.1,892.85,889.15,890,45942
2026-06-11T12:40:00+05:30,889.8,890.35,889,889.5,24012
2026-06-11T12:45:00+05:30,889.5,891.3,888,888,36234
2026-06-11T12:50:00+05:30,888,889,888,888.4,27831
2026-06-11T12:55:00+05:30,888.4,890.35,888,890.35,27730
2026-06-11T13:00:00+05:30,890.3,891.45,889.3,889.75,31483
2026-06-11T13:05:00+05:30,890,890.25,887.05,887.2,30610
2026-06-11T13:10:00+05:30,887.55,887.55,885.45,886,46460
2026-06-11T13:15:00+05:30,886.05,886.55,885.55,885.55,31318
2026-06-11T13:20:00+05:30,885.75,886.05,884.4,885.25,36686
2026-06-11T13:25:00+05:30,885.25,885.6,884.2,885.55,29612
2026-06-11T13:30:00+05:30,885.2,887.3,885.2,885.9,40563
2026-06-11T13:35:00+05:30,886.2,886.85,885.2,885.45,23839
2026-06-11T13:40:00+05:30,885.6,885.8,884.25,884.5,42267
2026-06-11T13:45:00+05:30,884.5,886.15,884.25,885.2,30666
2026-06-11T13:50:00+05:30,885.15,886.5,885,886.1,21083
2026-06-11T13:55:00+05:30,886.1,887,885.25,886.25,27246
2026-06-11T14:00:00+05:30,886.5,887.1,885.95,886.8,32030
2026-06-11T14:05:00+05:30,886.95,887.2,885.15,885.4,31635
2026-06-11T14:10:00+05:30,885.5,887.4,885.25,886.6,26431
2026-06-11T14:15:00+05:30,886.8,887,885.6,886.35,31443
2026-06-11T14:20:00+05:30,886.6,887.4,885.2,885.3,46214
2026-06-11T14:25:00+05:30,885.55,888.9,885.15,888.35,149838
2026-06-11T14:30:00+05:30,888.05,889.45,887.05,887.2,62331
2026-06-11T14:35:00+05:30,887.2,887.95,885,885.75,41755
2026-06-11T14:40:00+05:30,885.7,885.8,884.5,884.7,34157
2026-06-11T14:45:00+05:30,884.7,884.8,881.2,883.55,74583
2026-06-11T14:50:00+05:30,883.55,884.7,882,884.3,56359
2026-06-11T14:55:00+05:30,884.15,885.8,883.8,885.35,108416
2026-06-11T15:00:00+05:30,886.4,886.4,884.5,884.85,174627
2026-06-11T15:05:00+05:30,884.95,886,884.9,885.55,140425
2026-06-11T15:10:00+05:30,885.9,887.9,885.15,887.3,168311
2026-06-11T15:15:00+05:30,887.3,887.5,886.3,886.6,146996
2026-06-11T15:20:00+05:30,886.6,887.3,885.3,886.85,160820
2026-06-11T15:25:00+05:30,886.85,890.5,886.4,889.05,146033
2026-06-12T09:15:00+05:30,908,919.35,908,914.9,524922
2026-06-12T09:20:00+05:30,915.25,916.8,912.45,914.2,152515
2026-06-12T09:25:00+05:30,914,915,911.65,912.3,172440
2026-06-12T09:30:00+05:30,912.7,913.9,912.05,912.8,115839
2026-06-12T09:35:00+05:30,912.95,912.95,908.75,908.85,131272
2026-06-12T09:40:00+05:30,908.7,908.85,906,906.75,119843
2026-06-12T09:45:00+05:30,906.75,909.1,906.2,909,155097
2026-06-12T09:50:00+05:30,909,909.75,904.3,904.3,118317
2026-06-12T09:55:00+05:30,904.3,905.2,901.6,902.45,139079
2026-06-12T10:00:00+05:30,902.4,905.2,902.2,904.1,78738
2026-06-12T10:05:00+05:30,904.4,906.8,904.25,905.55,67695
2026-06-12T10:10:00+05:30,905.5,905.6,904.2,905,49127
2026-06-12T10:15:00+05:30,905.3,905.5,903.1,903.9,68589
2026-06-12T10:20:00+05:30,903.75,906.85,903.55,906.4,36879
2026-06-12T10:25:00+05:30,906.5,909.05,906.1,908.05,73552
2026-06-12T10:30:00+05:30,908.05,909.15,907.55,907.95,40109
2026-06-12T10:35:00+05:30,908,909.8,907.25,909.8,29089
2026-06-12T10:40:00+05:30,909.8,910.8,908.6,910.1,35675
2026-06-12T10:45:00+05:30,910.4,910.85,908.15,909.25,34443
2026-06-12T10:50:00+05:30,909.25,911,908.6,911,24420
2026-06-12T10:55:00+05:30,911,912.5,910.85,912.3,52984
2026-06-12T11:00:00+05:30,912.4,912.55,911.45,912.05,30362
2026-06-12T11:05:00+05:30,912.1,912.25,911.05,911.7,38440
2026-06-12T11:10:00+05:30,911.7,913.25,911.7,912.75,35767
2026-06-12T11:15:00+05:30,913,913,911.5,911.5,48957
2026-06-12T11:20:00+05:30,911.7,912.95,911.4,912,36371
2026-06-12T11:25:00+05:30,912,912.05,909.3,909.8,99157
2026-06-12T11:30:00+05:30,909.8,910.4,908,909.45,23761
2026-06-12T11:35:00+05:30,909.45,910,909.05,909.6,6978
2026-06-12T11:40:00+05:30,909.8,910.35,909.1,910.2,18475
2026-06-12T11:45:00+05:30,910.2,910.55,910.05,910.4,14401
2026-06-12T11:50:00+05:30,910.4,911.65,910.25,910.5,13425
2026-06-12T11:55:00+05:30,910.5,911.7,910.35,910.7,8452
2026-06-12T12:00:00+05:30,910.7,912.7,910.3,912.7,23770
2026-06-12T12:05:00+05:30,912.7,913.2,911.7,912.1,20638
2026-06-12T12:10:00+05:30,912.1,912.45,911.1,912.2,174092
2026-06-12T12:15:00+05:30,912.2,912.8,912,912.45,25819
2026-06-12T12:20:00+05:30,912.45,914.55,911.25,913.65,90514
2026-06-12T12:25:00+05:30,913.65,914.25,913,913,66841
2026-06-12T12:30:00+05:30,913.1,913.15,912,912.4,17449
2026-06-12T12:35:00+05:30,912.4,912.9,912,912.5,21436
2026-06-12T12:40:00+05:30,912.95,913,910.55,910.55,71462
2026-06-12T12:45:00+05:30,910.55,912.5,910.1,911.75,29684
2026-06-12T12:50:00+05:30,911.8,912.95,911.45,912.75,19338
2026-06-12T12:55:00+05:30,912.8,912.85,911,912.55,110091
2026-06-12T13:00:00+05:30,912.55,912.75,911.6,912.05,52536
2026-06-12T13:05:00+05:30,912.05,913.35,912.05,912.3,18476
2026-06-12T13:10:00+05:30,912.4,912.85,911.8,912.4,26486
2026-06-12T13:15:00+05:30,912.4,914.2,912.15,913.4,26072
2026-06-12T13:20:00+05:30,913.4,914,912.5,912.8,15717
2026-06-12T13:25:00+05:30,912.9,915.95,912.05,915.65,79347
2026-06-12T13:30:00+05:30,915.75,920.55,915.7,920.1,220213
2026-06-12T13:35:00+05:30,919.5,924,917,923.75,199937
2026-06-12T13:40:00+05:30,923.9,928,923.55,927.05,267222
2026-06-12T13:45:00+05:30,927.15,932,926.55,931.7,233881
2026-06-12T13:50:00+05:30,931.2,933,930.3,931.3,179267
2026-06-12T13:55:00+05:30,931,938.5,930.55,936.65,274552
2026-06-12T14:00:00+05:30,936.05,938.8,935.05,937.9,482293
2026-06-12T14:05:00+05:30,938.05,938.9,936,936.9,208239
2026-06-12T14:10:00+05:30,936.9,937,932.35,935.75,215314
2026-06-12T14:15:00+05:30,935.75,939.4,933.75,939,157950
2026-06-12T14:20:00+05:30,939.05,939.15,936.5,938.25,108749
2026-06-12T14:25:00+05:30,938.45,939.25,937.1,939,115039
2026-06-12T14:30:00+05:30,939,940.95,938.7,940.5,140423
2026-06-12T14:35:00+05:30,940.5,941,938.8,941,91096
2026-06-12T14:40:00+05:30,941,942.5,940,941.45,151219
2026-06-12T14:45:00+05:30,941.2,943.8,941.2,942.85,136859
2026-06-12T14:50:00+05:30,943.1,944.95,942.3,944.95,166860
2026-06-12T14:55:00+05:30,944.95,950.45,944.8,950.2,442582
2026-06-12T15:00:00+05:30,950.45,952.95,948.65,952.6,352544
2026-06-12T15:05:00+05:30,952.8,956.3,952.6,954.35,413549
2026-06-12T15:10:00+05:30,954.75,956.5,952.8,955.7,442370
2026-06-12T15:15:00+05:30,956.4,957,954.35,956,381105
2026-06-12T15:20:00+05:30,956,958,954.8,955.85,475683
2026-06-12T15:25:00+05:30,955.85,959.1,954.85,958,396124
2026-06-15T09:15:00+05:30,1005,1008.45,988,998.4,2232448
2026-06-15T09:20:00+05:30,998,998.6,992.05,993.2,456318
2026-06-15T09:25:00+05:30,993.2,995.6,992.2,992.5,173143
2026-06-15T09:30:00+05:30,992.95,998.6,992.2,996.75,202087
2026-06-15T09:35:00+05:30,996.65,996.95,993.4,995.6,133729
2026-06-15T09:40:00+05:30,995.6,1003.95,995.1,1003.8,435137
2026-06-15T09:45:00+05:30,1004,1004.5,999.4,1000.3,181779
2026-06-15T09:50:00+05:30,1000.3,1000.6,997.05,997.6,102145
2026-06-15T09:55:00+05:30,997.6,997.6,995.25,996.7,92688
2026-06-15T10:00:00+05:30,996.7,998.95,996.3,998.55,72667
2026-06-15T10:05:00+05:30,998.25,998.9,997,998.5,55004
2026-06-15T10:10:00+05:30,998.5,998.9,995.5,995.85,86878
2026-06-15T10:15:00+05:30,995.85,998.25,995.25,997.85,65666
2026-06-15T10:20:00+05:30,998,1001.65,998,1001.35,155017
2026-06-15T10:25:00+05:30,1001.15,1002,1000.7,1001.75,83790
2026-06-15T10:30:00+05:30,1001.8,1004.1,1001,1002.75,146456
2026-06-15T10:35:00+05:30,1002.5,1004.5,1002.2,1004.5,86392
2026-06-15T10:40:00+05:30,1004.5,1004.85,1002.3,1004.05,150291
2026-06-15T10:45:00+05:30,1003.85,1003.85,1002.05,1002.8,91220
2026-06-15T10:50:00+05:30,1002.95,1004.4,1001.75,1002.65,186958
2026-06-15T10:55:00+05:30,1002.3,1003.65,1000.75,1001.95,69812
2026-06-15T11:00:00+05:30,1001.8,1003,1001.25,1002.6,102900
2026-06-15T11:05:00+05:30,1002.6,1002.65,1001.2,1001.35,77797
2026-06-15T11:10:00+05:30,1001.45,1002,999.5,999.9,74163
2026-06-15T11:15:00+05:30,999.9,1002,999.75,1001.9,61901
2026-06-15T11:20:00+05:30,1002,1002.95,999.65,1001,83438
2026-06-15T11:25:00+05:30,1001,1001.75,1000.05,1001.75,43105
2026-06-15T11:30:00+05:30,1001.7,1002,1001,1001.95,50205
2026-06-15T11:35:00+05:30,1002,1003.9,1001.85,1003.65,64738
2026-06-15T11:40:00+05:30,1003.65,1005,1003.45,1004,144101
2026-06-15T11:45:00+05:30,1004.15,1005,1003.75,1004.9,76343
2026-06-15T11:50:00+05:30,1005,1008,1004.9,1006.85,160108
2026-06-15T11:55:00+05:30,1006.85,1007.7,1006.05,1007.7,150682
2026-06-15T12:00:00+05:30,1007.7,1008,1006.3,1006.9,112232
2026-06-15T12:05:00+05:30,1007,1007.05,1005.2,1006.55,183634
2026-06-15T12:10:00+05:30,1006.55,1006.9,1006.15,1006.9,115925
2026-06-15T12:15:00+05:30,1006.9,1006.9,1002.2,1002.65,217538
2026-06-15T12:20:00+05:30,1002.85,1005,1002.2,1004.8,104234
2026-06-15T12:25:00+05:30,1004.9,1005.95,1003,1003.55,103358
2026-06-15T12:30:00+05:30,1003.55,1005,1002.45,1005,121066
2026-06-15T12:35:00+05:30,1005,1005.95,1004.65,1005.1,73795
2026-06-15T12:40:00+05:30,1005.1,1006,1004.2,1006,84933
2026-06-15T12:45:00+05:30,1006,1006.4,1004.5,1005.85,115647
2026-06-15T12:50:00+05:30,1005.85,1006.65,1005,1006.45,77896
2026-06-15T12:55:00+05:30,1006.35,1006.65,1005.15,1005.65,73694
2026-06-15T13:00:00+05:30,1005.65,1005.8,1004.7,1005.35,78083
2026-06-15T13:05:00+05:30,1005.35,1006.9,1004.8,1006.8,77428
2026-06-15T13:10:00+05:30,1006.9,1007.8,1005,1005.1,166646
2026-06-15T13:15:00+05:30,1005.05,1005.7,1003.45,1004.95,108925
2026-06-15T13:20:00+05:30,1004.95,1006.75,1004.5,1006.5,91180
2026-06-15T13:25:00+05:30,1006.55,1007,1005.15,1006.05,88782
2026-06-15T13:30:00+05:30,1006,1006.25,1005,1005.35,73419
2026-06-15T13:35:00+05:30,1005.1,1005.85,1004.6,1005.35,66026
2026-06-15T13:40:00+05:30,1005.35,1005.5,1003.35,1004.95,72402
2026-06-15T13:45:00+05:30,1005,1005.9,1005,1005.35,53271
2026-06-15T13:50:00+05:30,1005.4,1005.45,1002.75,1003.8,97314
2026-06-15T13:55:00+05:30,1004.25,1005.85,1003.3,1005.65,60412
2026-06-15T14:00:00+05:30,1005.65,1006,1005.2,1005.6,57378
2026-06-15T14:05:00+05:30,1005.85,1006,1005,1005.6,40999
2026-06-15T14:10:00+05:30,1005.6,1006.85,1005,1006,102509
2026-06-15T14:15:00+05:30,1005.95,1006.5,1005.55,1005.9,43092
2026-06-15T14:20:00+05:30,1005.9,1006.35,1003.05,1005,127062
2026-06-15T14:25:00+05:30,1005,1006,1004.5,1006,59890
2026-06-15T14:30:00+05:30,1005.95,1007.65,1005.95,1007.25,105792
2026-06-15T14:35:00+05:30,1007.6,1009.5,1007.5,1009.05,202356
2026-06-15T14:40:00+05:30,1008.9,1008.9,1006.35,1007,74515
2026-06-15T14:45:00+05:30,1007,1007,1003,1003,112108
2026-06-15T14:50:00+05:30,1003.4,1004.8,1001.35,1004.1,121096
2026-06-15T14:55:00+05:30,1004.5,1005.7,1003.95,1004.8,75507
2026-06-15T15:00:00+05:30,1004.65,1005.05,997.7,1001.3,889358
2026-06-15T15:05:00+05:30,1001.4,1002.4,999.65,1001.15,228605
2026-06-15T15:10:00+05:30,1001.15,1001.7,997.45,999.85,250082
2026-06-15T15:15:00+05:30,999.95,1001.8,999.2,1000.7,250468
2026-06-15T15:20:00+05:30,1001.1,1001.95,999.9,1000.2,298036
2026-06-15T15:25:00+05:30,999.4,1000.6,997.2,998.95,215829
2026-06-16T09:15:00+05:30,998,1000.6,993.05,998.85,234332
2026-06-16T09:20:00+05:30,998.85,1004.55,997.05,1002.9,122133
2026-06-16T09:25:00+05:30,1002.9,1005.95,1001.9,1005.95,85964
2026-06-16T09:30:00+05:30,1005.1,1005.1,1003,1003,54876
2026-06-16T09:35:00+05:30,1003.25,1003.95,1001.1,1001.65,45518
2026-06-16T09:40:00+05:30,1001.65,1002.45,998.15,998.65,63588
2026-06-16T09:45:00+05:30,998.65,1001.55,998,999.5,136799
2026-06-16T09:50:00+05:30,999.5,1001.75,996.05,1000.2,148551
2026-06-16T09:55:00+05:30,1000.5,1001.35,999,1001.35,41833
2026-06-16T10:00:00+05:30,1001.15,1002.9,1000.3,1000.8,81720
2026-06-16T10:05:00+05:30,1000.7,1001.85,999.65,999.65,29954
2026-06-16T10:10:00+05:30,999.7,999.7,997.4,998.3,42696
2026-06-16T10:15:00+05:30,998.55,1000.25,998.3,998.8,38472
2026-06-16T10:20:00+05:30,999.35,1000,998.2,998.35,24909
2026-06-16T10:25:00+05:30,998.2,999.7,998,998.9,35430
2026-06-16T10:30:00+05:30,998.9,999.85,998.45,999.8,36217
2026-06-16T10:35:00+05:30,999.75,1001,999.1,999.1,46723
2026-06-16T10:40:00+05:30,999.3,999.4,997.75,998.15,41220
2026-06-16T10:45:00+05:30,998.15,998.9,996.95,996.95,22666
2026-06-16T10:50:00+05:30,997.05,997.35,995.65,996.4,35949
2026-06-16T10:55:00+05:30,996.45,997.35,992.85,993.55,92889
2026-06-16T11:00:00+05:30,994,995.5,992.05,994.8,206757
2026-06-16T11:05:00+05:30,994.55,995.15,993.8,994.35,36893
2026-06-16T11:10:00+05:30,994.2,995.25,993,993.95,42565
2026-06-16T11:15:00+05:30,993.95,994.95,993.4,993.4,46299
2026-06-16T11:20:00+05:30,993.4,994.3,992.6,994.3,39331
2026-06-16T11:25:00+05:30,993.95,994.1,992.65,993.25,36734
2026-06-16T11:30:00+05:30,993.25,993.85,992.8,993.85,34409
2026-06-16T11:35:00+05:30,993.85,994.4,992.1,994.4,43215
2026-06-16T11:40:00+05:30,994.4,997,994.3,995.7,36812
2026-06-16T11:45:00+05:30,995.7,996.7,995.65,996.45,22195
2026-06-16T11:50:00+05:30,996.45,999.5,996.45,999.5,36032
2026-06-16T11:55:00+05:30,999.5,999.5,998.05,998.2,38376
2026-06-16T12:00:00+05:30,998.2,998.85,997.2,997.85,41956
2026-06-16T12:05:00+05:30,997.85,999.85,997.6,999.85,31106
2026-06-16T12:10:00+05:30,999.15,999.4,997.7,998.1,35108
2026-06-16T12:15:00+05:30,998.1,999,997.2,998.2,37405
2026-06-16T12:20:00+05:30,998.2,999.7,997.6,999.3,50902
2026-06-16T12:25:00+05:30,999.3,1000,998.75,999.15,39268
2026-06-16T12:30:00+05:30,999.05,999.3,996,997.9,59077
2026-06-16T12:35:00+05:30,997.9,998.45,997.7,998.05,25617
2026-06-16T12:40:00+05:30,998,998.1,996.6,997.65,32454
2026-06-16T12:45:00+05:30,997.65,997.9,997.15,997.6,27693
2026-06-16T12:50:00+05:30,997.95,998,996.15,997,35337
2026-06-16T12:55:00+05:30,996.8,998.7,996.8,998.25,27846
2026-06-16T13:00:00+05:30,998.25,998.7,997.7,998.45,29866
2026-06-16T13:05:00+05:30,998.45,999.45,998.3,999.45,20121
2026-06-16T13:10:00+05:30,999.45,1002.5,999,1002.3,63657
2026-06-16T13:15:00+05:30,1002.3,1002.7,1001.1,1001.75,31025
2026-06-16T13:20:00+05:30,1001.6,1002.75,1000.95,1002.75,71416
2026-06-16T13:25:00+05:30,1002.65,1004,1002.1,1003.35,141251
2026-06-16T13:30:00+05:30,1002.95,1004,1002.5,1003.95,24795
2026-06-16T13:35:00+05:30,1004,1004,1003.15,1003.55,50256
2026-06-16T13:40:00+05:30,1003.5,1003.85,1002.8,1003.75,28186
2026-06-16T13:45:00+05:30,1003.75,1003.8,1002.7,1003.2,42826
2026-06-16T13:50:00+05:30,1003.05,1003.35,1002.1,1002.7,42645
2026-06-16T13:55:00+05:30,1002.75,1004,1002.7,1003.3,43083
2026-06-16T14:00:00+05:30,1003.15,1006,1002.85,1002.95,115019
2026-06-16T14:05:00+05:30,1002.95,1003.9,1002.55,1003.75,22320
2026-06-16T14:10:00+05:30,1003.7,1006.4,1003.65,1006.4,118188
2026-06-16T14:15:00+05:30,1006.45,1006.85,1004,1004.65,103004
2026-06-16T14:20:00+05:30,1004.65,1004.95,1003.4,1004.65,54912
2026-06-16T14:25:00+05:30,1004.65,1004.75,1003.9,1004.5,37580
2026-06-16T14:30:00+05:30,1004.8,1005.65,1004.35,1004.9,42646
2026-06-16T14:35:00+05:30,1004.9,1005.5,1004.4,1005.5,40348
2026-06-16T14:40:00+05:30,1005.5,1005.5,1004.15,1004.8,67888
2026-06-16T14:45:00+05:30,1004.55,1005,1003.6,1004.55,47413
2026-06-16T14:50:00+05:30,1004.45,1004.95,1004,1004.9,21875
2026-06-16T14:55:00+05:30,1004.9,1005,1004.15,1004.55,28680
2026-06-16T15:00:00+05:30,1004.55,1006.85,1003.85,1006.4,117647
2026-06-16T15:05:00+05:30,1006.4,1007.55,1005.85,1006.35,100779
2026-06-16T15:10:00+05:30,1006.35,1006.4,1005.55,1005.7,76968
2026-06-16T15:15:00+05:30,1005.7,1005.7,1004.25,1004.35,84295
2026-06-16T15:20:00+05:30,1004.35,1004.35,1003.1,1003.4,97785
2026-06-16T15:25:00+05:30,1003.4,1010.05,1002.6,1006.4,230992
2026-06-17T09:15:00+05:30,1005,1015.75,1004.05,1010.5,353807
2026-06-17T09:20:00+05:30,1010.5,1011.3,1007.2,1008.9,118812
2026-06-17T09:25:00+05:30,1008.9,1011,1008.6,1010,52200
2026-06-17T09:30:00+05:30,1010.15,1010.8,1008.8,1009.6,68568
2026-06-17T09:35:00+05:30,1009.25,1012.5,1008.25,1012.05,101977
2026-06-17T09:40:00+05:30,1011.85,1013.2,1011.25,1012.45,107846
2026-06-17T09:45:00+05:30,1012.45,1012.5,1009.4,1009.9,135663
2026-06-17T09:50:00+05:30,1009.8,1010.2,1006.55,1008.3,77728
2026-06-17T09:55:00+05:30,1008.7,1009.3,1007.55,1008.65,54606
2026-06-17T10:00:00+05:30,1008.7,1008.85,1005.1,1006,80028
2026-06-17T10:05:00+05:30,1006.2,1007.25,1005,1007.25,48993
2026-06-17T10:10:00+05:30,1007.3,1009.3,1006.95,1007.45,43393
2026-06-17T10:15:00+05:30,1007.45,1009.1,1007.3,1008.6,46655
2026-06-17T10:20:00+05:30,1008.75,1010,1008.55,1009.55,35712
2026-06-17T10:25:00+05:30,1009.35,1009.85,1007.95,1008.2,33282
2026-06-17T10:30:00+05:30,1008.5,1009.5,1008.05,1009.25,38319
2026-06-17T10:35:00+05:30,1009.4,1010.5,1008.65,1009.9,53908
2026-06-17T10:40:00+05:30,1009.9,1011.5,1009.2,1011.5,69981
2026-06-17T10:45:00+05:30,1011.15,1014,1011.15,1012.95,96460
2026-06-17T10:50:00+05:30,1012.95,1013.05,1011.65,1012.8,43105
2026-06-17T10:55:00+05:30,1012.4,1012.85,1011.8,1012.2,33283
2026-06-17T11:00:00+05:30,1012.2,1012.4,1010.1,1012,60080
2026-06-17T11:05:00+05:30,1012,1012.1,1009.55,1010.75,58899
2026-06-17T11:10:00+05:30,1010.6,1013,1010.1,1013,48567
2026-06-17T11:15:00+05:30,1013,1014.95,1012.85,1014.3,65232
2026-06-17T11:20:00+05:30,1014.3,1014.5,1013.1,1013.6,32546
2026-06-17T11:25:00+05:30,1013.45,1014.4,1013.1,1014.05,38463
2026-06-17T11:30:00+05:30,1014.1,1015.5,1012.5,1013.75,191369
2026-06-17T11:35:00+05:30,1013.8,1013.9,1011.75,1011.85,46906
2026-06-17T11:40:00+05:30,1012.2,1014.5,1011.7,1013.8,54833
2026-06-17T11:45:00+05:30,1013.9,1014.25,1012.25,1013.1,71537
2026-06-17T11:50:00+05:30,1013.05,1013.2,1010.55,1010.8,46257
2026-06-17T11:55:00+05:30,1011.2,1012.25,1010.8,1011.3,43968
2026-06-17T12:00:00+05:30,1011.25,1011.4,1004.55,1008,141535
2026-06-17T12:05:00+05:30,1007.45,1008.5,1007.45,1008.2,38447
2026-06-17T12:10:00+05:30,1008.2,1008.6,1007.45,1008.3,26515
2026-06-17T12:15:00+05:30,1008.3,1008.5,1005.75,1007.5,49436
2026-06-17T12:20:00+05:30,1007.7,1009.3,1006.75,1007.95,74254
2026-06-17T12:25:00+05:30,1007.6,1008.45,1005.7,1006.3,89660
2026-06-17T12:30:00+05:30,1006.3,1006.3,1003.6,1005.9,59440
2026-06-17T12:35:00+05:30,1005.9,1007.05,1005.7,1005.75,39269
2026-06-17T12:40:00+05:30,1005.75,1007.8,1005.7,1007.6,25769
2026-06-17T12:45:00+05:30,1007.6,1007.65,1006,1006.85,33698
2026-06-17T12:50:00+05:30,1006.9,1007.6,1005.75,1006.45,30867
2026-06-17T12:55:00+05:30,1006.45,1007,1005.45,1007,25382
2026-06-17T13:00:00+05:30,1007,1007,1005.85,1006.65,26618
2026-06-17T13:05:00+05:30,1006.65,1007.1,1005.9,1007.1,25521
2026-06-17T13:10:00+05:30,1007.1,1007.8,1006.5,1007.45,28046
2026-06-17T13:15:00+05:30,1007.2,1008.75,1006.45,1008.6,29392
2026-06-17T13:20:00+05:30,1008.6,1009.3,1008.25,1008.8,27824
2026-06-17T13:25:00+05:30,1008.8,1009.3,1008.5,1008.9,25162
2026-06-17T13:30:00+05:30,1008.85,1009.75,1008.25,1009.75,23601
2026-06-17T13:35:00+05:30,1009.7,1009.75,1007.65,1008.5,36421
2026-06-17T13:40:00+05:30,1008.5,1009,1007.8,1008.7,32597
2026-06-17T13:45:00+05:30,1008.7,1008.85,1006.75,1006.9,41417
2026-06-17T13:50:00+05:30,1006.9,1007.75,1006.3,1007.3,27480
2026-06-17T13:55:00+05:30,1007.2,1008.05,1006.4,1006.75,39270
2026-06-17T14:00:00+05:30,1006.75,1008.3,1006.7,1007.75,31128
2026-06-17T14:05:00+05:30,1007.75,1007.75,1006.45,1006.85,27073
2026-06-17T14:10:00+05:30,1006.85,1007.85,1006.45,1007.6,26631
2026-06-17T14:15:00+05:30,1007.5,1007.95,1007,1007.45,32689
2026-06-17T14:20:00+05:30,1007.5,1007.85,1006.4,1006.8,35159
2026-06-17T14:25:00+05:30,1006.8,1006.8,1005,1005.8,47653
2026-06-17T14:30:00+05:30,1005.8,1005.85,1001.95,1004.6,86526
2026-06-17T14:35:00+05:30,1004.9,1007.95,1004.55,1006,43182
2026-06-17T14:40:00+05:30,1006.05,1006.65,1004.4,1005.25,38468
2026-06-17T14:45:00+05:30,1005.4,1005.85,1005,1005.4,30204
2026-06-17T14:50:00+05:30,1005.55,1006.1,1004.4,1005.25,35531
2026-06-17T14:55:00+05:30,1005.3,1007,1005.25,1007,32030
2026-06-17T15:00:00+05:30,1007.1,1008.9,1007,1007.55,51105
2026-06-17T15:05:00+05:30,1007.55,1009,1007.1,1008.8,68627
2026-06-17T15:10:00+05:30,1008.8,1009.1,1007.2,1008,66839
2026-06-17T15:15:00+05:30,1007.9,1008.05,1006,1007.25,79745
2026-06-17T15:20:00+05:30,1007.2,1008,1007,1007.5,89081
2026-06-17T15:25:00+05:30,1007.3,1007.6,1003.5,1005,68068
2026-06-18T09:15:00+05:30,1010,1017.3,1010,1013.5,136499
2026-06-18T09:20:00+05:30,1013.75,1015.15,1012.95,1013.95,65360
2026-06-18T09:25:00+05:30,1015.2,1016,1013.55,1013.55,34822
2026-06-18T09:30:00+05:30,1013.55,1013.6,1011.5,1012.6,153786
2026-06-18T09:35:00+05:30,1012.6,1012.6,1010.5,1011.95,46597
2026-06-18T09:40:00+05:30,1011.9,1012.45,1010.35,1010.35,24934
2026-06-18T09:45:00+05:30,1010.85,1012,1010.1,1010.5,29289
2026-06-18T09:50:00+05:30,1010.95,1011.65,1010.45,1011.6,27751
2026-06-18T09:55:00+05:30,1012,1012,1009.95,1011.35,51156
2026-06-18T10:00:00+05:30,1011.75,1011.85,1009.55,1010.1,34003
2026-06-18T10:05:00+05:30,1010.05,1010.8,1009.2,1010.1,60480
2026-06-18T10:10:00+05:30,1010,1011.3,1008.85,1009.45,87847
2026-06-18T10:15:00+05:30,1009.75,1011,1009.65,1010.8,44798
2026-06-18T10:20:00+05:30,1011.1,1011.5,1010.45,1011.35,14981
2026-06-18T10:25:00+05:30,1011.4,1011.4,1008.35,1008.85,22530
2026-06-18T10:30:00+05:30,1008.95,1009.7,1008.05,1009,16341
2026-06-18T10:35:00+05:30,1009.05,1009.25,1007.8,1007.9,11059
2026-06-18T10:40:00+05:30,1007.8,1008.7,1006.85,1008.2,34900
2026-06-18T10:45:00+05:30,1008.2,1009.1,1008,1008.15,18272
2026-06-18T10:50:00+05:30,1008.2,1008.25,1006.6,1007.65,20638
2026-06-18T10:55:00+05:30,1007.35,1008,1007,1008,16215
2026-06-18T11:00:00+05:30,1008,1008,1007,1007.9,18544
2026-06-18T11:05:00+05:30,1007.9,1010.5,1007.1,1010.4,76446
2026-06-18T11:10:00+05:30,1010.4,1010.4,1009,1009.35,27137
2026-06-18T11:15:00+05:30,1009.35,1009.65,1006.3,1006.3,68975
2026-06-18T11:20:00+05:30,1006.3,1006.85,1004.9,1005.9,49867
2026-06-18T11:25:00+05:30,1006,1006.4,1005.5,1006,13862
2026-06-18T11:30:00+05:30,1006,1006.45,1005,1006,13721
2026-06-18T11:35:00+05:30,1006,1006,1003,1003.55,17005
2026-06-18T11:40:00+05:30,1003.6,1004.6,1003,1004.4,16305
2026-06-18T11:45:00+05:30,1004.4,1005.95,1004,1004.05,14030
2026-06-18T11:50:00+05:30,1004.1,1004.15,1001.25,1002.7,26106
2026-06-18T11:55:00+05:30,1002.7,1003.4,1002.45,1003.25,16811
2026-06-18T12:00:00+05:30,1003,1003.65,1002.9,1003.3,16540
2026-06-18T12:05:00+05:30,1003.3,1004.65,1003,1003.6,13034
2026-06-18T12:10:00+05:30,1003.85,1003.85,1003.05,1003.5,8989
2026-06-18T12:15:00+05:30,1003.5,1005.15,1003.1,1004.75,29410
2026-06-18T12:20:00+05:30,1004.75,1004.8,1002.4,1003.35,23542
2026-06-18T12:25:00+05:30,1003.35,1004.8,1002.9,1004.65,12297
2026-06-18T12:30:00+05:30,1004.5,1005,1003.85,1004.2,13281
2026-06-18T12:35:00+05:30,1004.2,1004.2,1002.65,1003.7,22242
2026-06-18T12:40:00+05:30,1003.7,1004.45,1003.25,1003.95,23858
2026-06-18T12:45:00+05:30,1003.95,1004.5,1003.1,1003.8,19185
2026-06-18T12:50:00+05:30,1003.8,1004.15,1002.9,1003.55,24613
2026-06-18T12:55:00+05:30,1003.55,1004,1002.4,1002.5,24825
2026-06-18T13:00:00+05:30,1002.5,1002.95,1002,1002.75,22874
2026-06-18T13:05:00+05:30,1002.65,1002.65,1000.9,1002.1,26334
2026-06-18T13:10:00+05:30,1002.15,1002.15,1000.3,1001.1,22732
2026-06-18T13:15:00+05:30,1001.2,1001.5,1000,1000.3,19354
2026-06-18T13:20:00+05:30,1000.35,1000.55,999.05,1000.5,32506
2026-06-18T13:25:00+05:30,1000.5,1003.8,1000.05,1003.75,49667
2026-06-18T13:30:00+05:30,1003.75,1003.9,1001.3,1001.55,46122
2026-06-18T13:35:00+05:30,1001.6,1001.85,1000.25,1001,25183
2026-06-18T13:40:00+05:30,1001,1001.3,1000,1000.8,20689
2026-06-18T13:45:00+05:30,1000.85,1001,999.25,999.65,17410
2026-06-18T13:50:00+05:30,999.65,999.8,998.7,999.25,33078
2026-06-18T13:55:00+05:30,999.25,1000.4,998.65,999.45,44281
2026-06-18T14:00:00+05:30,999.45,1002.8,999.4,1001.7,88952
2026-06-18T14:05:00+05:30,1001.65,1001.65,1000,1000.25,24781
2026-06-18T14:10:00+05:30,1000.25,1000.65,999.65,1000.15,24449
2026-06-18T14:15:00+05:30,1000.15,1001.3,999.6,1001.1,41093
2026-06-18T14:20:00+05:30,1001.1,1001.35,999.75,1000.85,32053
2026-06-18T14:25:00+05:30,1000.85,1001.45,1000,1000.75,27036
2026-06-18T14:30:00+05:30,1000.6,1000.8,999.75,1000.7,28744
2026-06-18T14:35:00+05:30,1000.6,1001.4,1000.2,1000.6,35130
2026-06-18T14:40:00+05:30,1000.65,1000.95,999,999.7,32334
2026-06-18T14:45:00+05:30,999.5,999.7,998.25,998.55,31674
2026-06-18T14:50:00+05:30,998.7,1000.3,998.45,1000.25,29112
2026-06-18T14:55:00+05:30,1000.15,1001.7,999.05,1001.65,41141
2026-06-18T15:00:00+05:30,1001.75,1003.2,1001.25,1002.6,334248
2026-06-18T15:05:00+05:30,1002.6,1003.35,1001.45,1002.7,150759
2026-06-18T15:10:00+05:30,1002.7,1003.85,1000.65,1003.7,188877
2026-06-18T15:15:00+05:30,1003.65,1004.6,1002.65,1003.8,95296
2026-06-18T15:20:00+05:30,1003.85,1006,1003,1005.95,127640
2026-06-18T15:25:00+05:30,1006,1007.8,1005,1005,111469
2026-06-19T09:15:00+05:30,1001.65,1007.35,1000.2,1001.15,84763
2026-06-19T09:20:00+05:30,1001.15,1003.1,1000,1001.5,43011
2026-06-19T09:25:00+05:30,1001.5,1001.95,1000.05,1001.25,18864
2026-06-19T09:30:00+05:30,1001.25,1001.95,998.5,999.2,23392
2026-06-19T09:35:00+05:30,998.9,1000.6,998.35,999.3,29673
2026-06-19T09:40:00+05:30,999.3,1001.65,999.05,1001.35,22247
2026-06-19T09:45:00+05:30,1001.7,1003.8,1001.1,1003.6,16923
2026-06-19T09:50:00+05:30,1003.55,1003.55,998.6,998.9,59121
2026-06-19T09:55:00+05:30,998.65,1000.6,998.05,999.6,36184
2026-06-19T10:00:00+05:30,999.8,999.85,995.15,998.35,76256
2026-06-19T10:05:00+05:30,998.5,1001.95,998.15,1001.2,19973
2026-06-19T10:10:00+05:30,1001.2,1003.35,1000.55,1003.35,19455
2026-06-19T10:15:00+05:30,1003.25,1004,1002.4,1003.5,23926
2026-06-19T10:20:00+05:30,1003.45,1004.45,1002.35,1003,19238
2026-06-19T10:25:00+05:30,1003,1003.75,1000.25,1001.25,19492
2026-06-19T10:30:00+05:30,1001.25,1002.45,1000.1,1001.65,13240
2026-06-19T10:35:00+05:30,1001.75,1003.9,1001,1003.3,15348
2026-06-19T10:40:00+05:30,1003.65,1004.5,1003,1004.05,19498
2026-06-19T10:45:00+05:30,1004.45,1004.5,1002.45,1004.5,16495
2026-06-19T10:50:00+05:30,1004.3,1004.6,1002.9,1003.3,9521
2026-06-19T10:55:00+05:30,1003.3,1003.85,1002.35,1003.7,10770
2026-06-19T11:00:00+05:30,1003.6,1007.7,1003.35,1005.95,62812
2026-06-19T11:05:00+05:30,1005.4,1006.1,1004.35,1005.2,18234
2026-06-19T11:10:00+05:30,1005.45,1006.15,1005,1005.55,18387
2026-06-19T11:15:00+05:30,1006.2,1006.4,1004.8,1005.6,19533
2026-06-19T11:20:00+05:30,1005.6,1005.9,1003.6,1004.55,16643
2026-06-19T11:25:00+05:30,1004.45,1005.85,1003.6,1005.8,9317
2026-06-19T11:30:00+05:30,1005.8,1006.95,1005.05,1006.75,19980
2026-06-19T11:35:00+05:30,1006.75,1006.8,1002.75,1003,37886
2026-06-19T11:40:00+05:30,1003.25,1003.8,1002.9,1003.15,8364
2026-06-19T11:45:00+05:30,1003.1,1003.1,1002,1002.75,10517
2026-06-19T11:50:00+05:30,1002.7,1003.15,1002.2,1002.7,10047
2026-06-19T11:55:00+05:30,1002.45,1002.5,1001.05,1002.2,19413
2026-06-19T12:00:00+05:30,1001.95,1002.8,1001.95,1002.25,17116
2026-06-19T12:05:00+05:30,1002.25,1003,1001.7,1002.8,13278
2026-06-19T12:10:00+05:30,1002.8,1003.1,1002.25,1003,12045
2026-06-19T12:15:00+05:30,1003,1003.5,1002.5,1002.7,7838
2026-06-19T12:20:00+05:30,1002.7,1003.7,1002.65,1003,17848
2026-06-19T12:25:00+05:30,1003,1003.7,1003,1003.7,9304
2026-06-19T12:30:00+05:30,1003.7,1003.8,1002.05,1002.15,16176
2026-06-19T12:35:00+05:30,1002.15,1002.65,1001.05,1001.65,17175
2026-06-19T12:40:00+05:30,1001.6,1002.65,1000.5,1001.15,84230
2026-06-19T12:45:00+05:30,1001.15,1002.35,1001,1001.2,9945
2026-06-19T12:50:00+05:30,1001.2,1002.25,1000.95,1001.55,8685
2026-06-19T12:55:00+05:30,1001.5,1002.2,1000.6,1001.45,9336
2026-06-19T13:00:00+05:30,1001.45,1001.7,1000.1,1000.1,23629
2026-06-19T13:05:00+05:30,1000.1,1002.5,1000.1,1002.45,24553
2026-06-19T13:10:00+05:30,1002.45,1003.9,1002.15,1003.75,15720
2026-06-19T13:15:00+05:30,1003.9,1003.95,1002.9,1003.2,11910
2026-06-19T13:20:00+05:30,1003.2,1003.7,1002.25,1002.25,14724
2026-06-19T13:25:00+05:30,1002.5,1003.25,1002.1,1002.7,24912
2026-06-19T13:30:00+05:30,1002.7,1003,1001.1,1003,19068
2026-06-19T13:35:00+05:30,1002.95,1003.65,1002.45,1003.6,15524
2026-06-19T13:40:00+05:30,1003.65,1004,1002.95,1003.35,14206
2026-06-19T13:45:00+05:30,1003.6,1004.65,1003.25,1004.25,28739
2026-06-19T13:50:00+05:30,1004.2,1004.65,1000.5,1000.6,50243
2026-06-19T13:55:00+05:30,1000.6,1002.2,1000.1,1002,44115
2026-06-19T14:00:00+05:30,1001.75,1002.75,1001,1002.75,14826
2026-06-19T14:05:00+05:30,1002.95,1004,1000.75,1002,37291
2026-06-19T14:10:00+05:30,1001.55,1003.5,1000.6,1002.5,41549
2026-06-19T14:15:00+05:30,1002.5,1003,1001.15,1002.65,30623
2026-06-19T14:20:00+05:30,1002.65,1003.35,1001.15,1001.35,20614
2026-06-19T14:25:00+05:30,1001.35,1002,1000,1001.1,58945
2026-06-19T14:30:00+05:30,1001.1,1002.2,1000.95,1001.5,28310
2026-06-19T14:35:00+05:30,1001.5,1002.8,1001.2,1001.65,19551
2026-06-19T14:40:00+05:30,1002.1,1002.3,1001.35,1002.3,21599
2026-06-19T14:45:00+05:30,1002.2,1002.4,1001.35,1002,19023
2026-06-19T14:50:00+05:30,1001.95,1002.1,995.1,995.4,88665
2026-06-19T14:55:00+05:30,995.7,995.75,992.3,993.7,86133
2026-06-19T15:00:00+05:30,993.5,1002.05,992.35,1000.6,166174
2026-06-19T15:05:00+05:30,1000.6,1002.75,1000.6,1001.9,117890
2026-06-19T15:10:00+05:30,1001.85,1003.25,1001.85,1002.65,114275
2026-06-19T15:15:00+05:30,1002.5,1003.85,1002.4,1003.8,122799
2026-06-19T15:20:00+05:30,1003.85,1004,1002.5,1003.9,151248
2026-06-19T15:25:00+05:30,1003.9,1004,999.1,1001,109781
2026-06-22T09:15:00+05:30,1003.95,1005.75,1000.7,1004.45,77730
2026-06-22T09:20:00+05:30,1004.45,1005.25,1001.25,1001.95,41329
2026-06-22T09:25:00+05:30,1001.05,1003.45,1000.2,1003.1,27414
2026-06-22T09:30:00+05:30,1003.4,1004,999.6,999.6,54568
2026-06-22T09:35:00+05:30,1000.55,1001.35,999.65,1000.8,17439
2026-06-22T09:40:00+05:30,1001.3,1001.95,998.8,1001.95,35114
2026-06-22T09:45:00+05:30,1001.9,1003.15,1000.75,1002.9,23964
2026-06-22T09:50:00+05:30,1002.55,1004.45,1002.25,1002.75,24716
2026-06-22T09:55:00+05:30,1002.85,1004,1002,1003.9,18085
2026-06-22T10:00:00+05:30,1004.5,1004.9,1003.45,1003.55,22228
2026-06-22T10:05:00+05:30,1003.5,1003.55,1001.3,1002,24959
2026-06-22T10:10:00+05:30,1002.65,1003.2,1002.25,1002.65,13225
2026-06-22T10:15:00+05:30,1002.1,1003.25,1001.5,1002.85,30915
2026-06-22T10:20:00+05:30,1002.85,1002.95,1002,1002.35,10449
2026-06-22T10:25:00+05:30,1002.4,1003.9,1002.2,1003.8,13389
2026-06-22T10:30:00+05:30,1004,1004,998.05,998.35,97841
2026-06-22T10:35:00+05:30,998.35,1000.4,997.3,1000,33327
2026-06-22T10:40:00+05:30,1000.1,1000.2,998.05,998.45,55520
2026-06-22T10:45:00+05:30,998.45,998.7,994.1,994.95,89446
2026-06-22T10:50:00+05:30,994.95,995,992.6,993.45,47191
2026-06-22T10:55:00+05:30,993.55,994.65,993.5,994.05,36438
2026-06-22T11:00:00+05:30,994.05,996.1,993.8,994.05,56658
2026-06-22T11:05:00+05:30,994.05,995.5,994,995.5,33535
2026-06-22T11:10:00+05:30,995.75,997.2,995.15,996.7,39605
2026-06-22T11:15:00+05:30,996.7,996.9,996,996.25,20593
2026-06-22T11:20:00+05:30,996.25,997,996.1,996.75,19962
2026-06-22T11:25:00+05:30,996.75,997,995,995.05,18145
2026-06-22T11:30:00+05:30,995.05,995.45,994.7,994.95,16586
2026-06-22T11:35:00+05:30,994.95,995.45,993.3,993.95,135081
2026-06-22T11:40:00+05:30,993.95,996.55,993.6,996.1,70180
2026-06-22T11:45:00+05:30,996.1,996.45,995,995,16944
2026-06-22T11:50:00+05:30,995,996,995,995.8,32764
2026-06-22T11:55:00+05:30,995.85,996.35,995.8,995.85,17658
2026-06-22T12:00:00+05:30,995.85,996.25,992.5,992.9,116705
2026-06-22T12:05:00+05:30,992.9,992.9,990,990.15,70124
2026-06-22T12:10:00+05:30,990.2,990.2,988,988.25,61755
2026-06-22T12:15:00+05:30,988.2,989.2,987,989.15,73440
2026-06-22T12:20:00+05:30,989.15,989.5,988.65,989.4,26334
2026-06-22T12:25:00+05:30,989.35,989.4,985.95,986.9,74086
2026-06-22T12:30:00+05:30,986.9,987.1,985.6,986.85,50363
2026-06-22T12:35:00+05:30,986.95,986.95,983.9,984.3,104682
2026-06-22T12:40:00+05:30,984.65,985.2,983.8,984.95,72298
2026-06-22T12:45:00+05:30,985,985.6,984.7,985.6,34075
2026-06-22T12:50:00+05:30,985.75,989.75,985.6,989,39854
2026-06-22T12:55:00+05:30,989.3,989.8,988.2,989.05,25328
2026-06-22T13:00:00+05:30,989,990.35,989,990.2,36670
2026-06-22T13:05:00+05:30,990.2,991.9,990.05,991.35,67002
2026-06-22T13:10:00+05:30,991.45,991.45,990.05,990.75,21989
2026-06-22T13:15:00+05:30,990.8,992,990.1,991.4,25288
2026-06-22T13:20:00+05:30,991.25,992,990.85,991.7,58267
2026-06-22T13:25:00+05:30,991.75,993,991.25,992,39069
2026-06-22T13:30:00+05:30,992.2,992.85,991.6,992.1,60182
2026-06-22T13:35:00+05:30,992.1,994.15,992.1,992.15,163858
2026-06-22T13:40:00+05:30,992.15,993,991.7,992.2,37299
2026-06-22T13:45:00+05:30,992.05,992.95,991.9,992.5,21604
2026-06-22T13:50:00+05:30,992.55,993.45,992.25,993.45,50271
2026-06-22T13:55:00+05:30,993.45,993.45,992.3,993,43258
2026-06-22T14:00:00+05:30,993,993.4,992.25,992.9,30266
2026-06-22T14:05:00+05:30,992.85,993,991.8,992.5,22734
2026-06-22T14:10:00+05:30,992.25,993,992.2,992.4,20589
2026-06-22T14:15:00+05:30,992.45,993.1,992.15,992.9,37070
2026-06-22T14:20:00+05:30,993,993.15,991.8,993,30736
2026-06-22T14:25:00+05:30,992.65,993.85,992.6,993.3,48459
2026-06-22T14:30:00+05:30,993.55,993.95,992.2,993,37253
2026-06-22T14:35:00+05:30,993,993,992.25,992.5,28825
2026-06-22T14:40:00+05:30,992.5,993,992.15,992.5,38663
2026-06-22T14:45:00+05:30,992.5,997.05,992.5,996.95,252652
2026-06-22T14:50:00+05:30,997,997.5,995.8,996.5,88283
2026-06-22T14:55:00+05:30,996.5,996.65,995.75,996.25,63239
2026-06-22T15:00:00+05:30,996.25,997.05,995.15,995.9,108021
2026-06-22T15:05:00+05:30,995.9,995.95,995.05,995.75,95512
2026-06-22T15:10:00+05:30,995.75,995.8,994.6,995,97504
2026-06-22T15:15:00+05:30,995,995,992.9,993.1,129250
2026-06-22T15:20:00+05:30,992.8,993.15,989.9,990.5,299408
2026-06-22T15:25:00+05:30,990.5,992.35,989.9,991.65,206614
2026-06-23T09:15:00+05:30,984.5,1001.85,984.5,997.95,140691
2026-06-23T09:20:00+05:30,997.95,1005,997.5,1003,121913
2026-06-23T09:25:00+05:30,1003,1004.75,1002.5,1002.65,60114
2026-06-23T09:30:00+05:30,1002.85,1004.75,1002.65,1004.15,54324
2026-06-23T09:35:00+05:30,1004.35,1004.8,1003.35,1004.6,41453
2026-06-23T09:40:00+05:30,1004.85,1005.4,1002.3,1002.3,33443
2026-06-23T09:45:00+05:30,1002.3,1003.1,1001.4,1002.6,30112
2026-06-23T09:50:00+05:30,1002.4,1003.7,1001.6,1003,25591
2026-06-23T09:55:00+05:30,1003,1005.55,1002.25,1005.5,44783
2026-06-23T10:00:00+05:30,1005.5,1006.75,1004.4,1004.95,49616
2026-06-23T10:05:00+05:30,1005,1005.25,1003,1003.3,33426
2026-06-23T10:10:00+05:30,1003.5,1003.95,1002,1002.25,13401
2026-06-23T10:15:00+05:30,1002.3,1003.45,1002.1,1003,14468
2026-06-23T10:20:00+05:30,1003,1004,1000.9,1001.55,23701
2026-06-23T10:25:00+05:30,1001.7,1002.75,1001.55,1002.65,10158
2026-06-23T10:30:00+05:30,1002.65,1002.9,1001,1001.35,32199
2026-06-23T10:35:00+05:30,1001.35,1001.95,1001.25,1001.3,14499
2026-06-23T10:40:00+05:30,1001.3,1002.9,1000.2,1000.2,18218
2026-06-23T10:45:00+05:30,1000.2,1001.25,1000,1001.1,17697
2026-06-23T10:50:00+05:30,1001.1,1002,1001,1001.8,10804
2026-06-23T10:55:00+05:30,1001.8,1002,1001,1001.85,11133
2026-06-23T11:00:00+05:30,1001.65,1002.8,1000.35,1002.8,23279
2026-06-23T11:05:00+05:30,1002.8,1003.95,1002.45,1003.9,29110
2026-06-23T11:10:00+05:30,1003.95,1006.9,1003.5,1006.05,50546
2026-06-23T11:15:00+05:30,1006.05,1007.7,1005.65,1007.15,60659
2026-06-23T11:20:00+05:30,1007.15,1007.5,1005.25,1005.3,32600
2026-06-23T11:25:00+05:30,1005.3,1006.15,1004.8,1005.05,23393
2026-06-23T11:30:00+05:30,1005.05,1005.9,1004.3,1005.65,25704
2026-06-23T11:35:00+05:30,1005.65,1006.05,1004.05,1005,29612
2026-06-23T11:40:00+05:30,1005,1005,1001.3,1002.65,37970
2026-06-23T11:45:00+05:30,1002.65,1002.8,999.25,999.65,39859
2026-06-23T11:50:00+05:30,999.65,1002,999.25,1000.95,26654
2026-06-23T11:55:00+05:30,1000.8,1001.3,998.05,998.45,52265
2026-06-23T12:00:00+05:30,998.45,999.35,997.6,998.95,19384
2026-06-23T12:05:00+05:30,998.9,999.5,998.5,999.4,13015
2026-06-23T12:10:00+05:30,999.4,1001,998.95,1000.85,44560
2026-06-23T12:15:00+05:30,1000.85,1001,999.8,1000.2,10391
2026-06-23T12:20:00+05:30,1000.2,1000.2,998.2,999,71483
2026-06-23T12:25:00+05:30,999,1001.75,998.55,1000.65,25532
2026-06-23T12:30:00+05:30,1000.65,1001.4,997.95,998,28070
2026-06-23T12:35:00+05:30,998,1000.3,998,999.3,42880
2026-06-23T12:40:00+05:30,998.9,1000.7,998.65,999.3,46471
2026-06-23T12:45:00+05:30,999.6,1000,996.4,996.6,24264
2026-06-23T12:50:00+05:30,996.6,997.4,996,996.5,19172
2026-06-23T12:55:00+05:30,996.75,996.8,995,995.95,15910
2026-06-23T13:00:00+05:30,995.95,996.3,994.55,995.8,12668
2026-06-23T13:05:00+05:30,995.8,997.05,995.8,996.4,10817
2026-06-23T13:10:00+05:30,996.85,997.05,995.4,995.4,5205
2026-06-23T13:15:00+05:30,995.8,995.95,993.85,995.65,15465
2026-06-23T13:20:00+05:30,995.65,996.15,994.6,995.35,24324
2026-06-23T13:25:00+05:30,995.45,995.45,992,992.15,21674
2026-06-23T13:30:00+05:30,992.5,992.65,990.6,990.8,23976
2026-06-23T13:35:00+05:30,990.8,992.45,990.5,991.8,12113
2026-06-23T13:40:00+05:30,992,993.2,991.9,992.95,8500
2026-06-23T13:45:00+05:30,992.95,994.75,992.55,994.5,10997
2026-06-23T13:50:00+05:30,994.35,994.65,992.1,992.4,16234
2026-06-23T13:55:00+05:30,992.45,992.95,992,992.6,10801
2026-06-23T14:00:00+05:30,992.55,995.15,992.5,995.15,12680
2026-06-23T14:05:00+05:30,995.1,995.6,992.85,994.5,23446
2026-06-23T14:10:00+05:30,994.25,995.9,993.95,995.15,11118
2026-06-23T14:15:00+05:30,995.15,995.8,991.8,991.85,26154
2026-06-23T14:20:00+05:30,991.85,993.45,991.85,993.15,12444
2026-06-23T14:25:00+05:30,993.15,993.65,992.25,993.65,19126
2026-06-23T14:30:00+05:30,993.65,993.9,992.8,992.8,14505
2026-06-23T14:35:00+05:30,992.8,993.25,992.05,992.55,22432
2026-06-23T14:40:00+05:30,992.55,995.5,992,995.25,41781
2026-06-23T14:45:00+05:30,995.25,995.95,994,995.7,31931
2026-06-23T14:50:00+05:30,995.7,998.3,995.6,997.6,69330
2026-06-23T14:55:00+05:30,997.6,998.4,996.25,996.8,75491
2026-06-23T15:00:00+05:30,996.8,997.75,991.75,992.65,150385
2026-06-23T15:05:00+05:30,992.65,994.25,992.4,992.9,99317
2026-06-23T15:10:00+05:30,992.85,994.55,992.7,993.45,120579
2026-06-23T15:15:00+05:30,993.45,994,992.5,993.05,113353
2026-06-23T15:20:00+05:30,993.05,993.9,992.95,993.2,123905
2026-06-23T15:25:00+05:30,993.2,995.2,991.9,994.5,115622
2026-06-24T09:15:00+05:30,993.35,997.2,992,993.5,95559
2026-06-24T09:20:00+05:30,993.5,995.3,989.25,990.45,100221
2026-06-24T09:25:00+05:30,990.45,994.65,990.45,993,52031
2026-06-24T09:30:00+05:30,993.35,993.75,991,991.3,38968
2026-06-24T09:35:00+05:30,991.35,991.85,990.35,991.45,25710
2026-06-24T09:40:00+05:30,991.75,992.5,987.3,988.75,35587
2026-06-24T09:45:00+05:30,988.75,989,982,982.05,51426
2026-06-24T09:50:00+05:30,981.9,983.9,980.55,983.75,57598
2026-06-24T09:55:00+05:30,983.9,985.85,983.2,985.7,36121
2026-06-24T10:00:00+05:30,985.75,989.55,985.75,988.75,35694
2026-06-24T10:05:00+05:30,988.75,989.5,988.3,989.4,23305
2026-06-24T10:10:00+05:30,989.1,989.65,988.25,989.35,17175
2026-06-24T10:15:00+05:30,989.35,989.7,988.1,988.45,18683
2026-06-24T10:20:00+05:30,988.45,989.1,988.45,988.75,11559
2026-06-24T10:25:00+05:30,988.9,993,988,992.75,40495
2026-06-24T10:30:00+05:30,992.8,993.3,989.15,989.6,43782
2026-06-24T10:35:00+05:30,990,990.35,989,989.15,21416
2026-06-24T10:40:00+05:30,989.4,993.05,988.55,992.6,32617
2026-06-24T10:45:00+05:30,992.6,994.85,992.5,994.5,32430
2026-06-24T10:50:00+05:30,994.7,994.7,993.2,993.85,14874
2026-06-24T10:55:00+05:30,993.9,996.5,992.7,994.65,39035
2026-06-24T11:00:00+05:30,994.75,1000.95,994.65,1000,103796
2026-06-24T11:05:00+05:30,1000,1002.9,999,1002.7,97835
2026-06-24T11:10:00+05:30,1002.7,1002.75,1001,1001.65,202654
2026-06-24T11:15:00+05:30,1001.65,1004.95,1000.5,1004.5,89966
2026-06-24T11:20:00+05:30,1004.55,1004.9,1002.1,1003.5,87099
2026-06-24T11:25:00+05:30,1003.85,1004.4,1002.45,1004,79568
2026-06-24T11:30:00+05:30,1004,1004.35,1001.8,1002.75,26670
2026-06-24T11:35:00+05:30,1002.55,1002.95,1001.9,1002.85,18184
2026-06-24T11:40:00+05:30,1002.85,1003.8,1002,1003.45,46289
2026-06-24T11:45:00+05:30,1003.45,1003.7,1001,1002.95,45805
2026-06-24T11:50:00+05:30,1002.95,1003,1000.9,1002.2,39627
2026-06-24T11:55:00+05:30,1002.3,1004.5,1002.1,1003.95,42242
2026-06-24T12:00:00+05:30,1004.3,1004.35,1002.15,1003.1,35131
2026-06-24T12:05:00+05:30,1003.3,1005,1003.25,1004.55,31963
2026-06-24T12:10:00+05:30,1004.6,1005.65,1004,1005.3,49842
2026-06-24T12:15:00+05:30,1005.2,1007.4,1005,1007.1,92028
2026-06-24T12:20:00+05:30,1007.2,1008.9,1006.55,1008.05,90391
2026-06-24T12:25:00+05:30,1008.05,1010.9,1008,1010.35,148364
2026-06-24T12:30:00+05:30,1010.35,1013.7,1008,1013.1,170915
2026-06-24T12:35:00+05:30,1013.1,1017.2,1012.5,1016.35,237412
2026-06-24T12:40:00+05:30,1016.35,1023.75,1014.3,1023.75,520640
2026-06-24T12:45:00+05:30,1023.85,1023.9,1017.05,1017.15,374327
2026-06-24T12:50:00+05:30,1017.15,1019.9,1015.4,1019.65,121140
2026-06-24T12:55:00+05:30,1019.7,1019.7,1015.7,1016.7,51053
2026-06-24T13:00:00+05:30,1016.7,1019.5,1016.2,1019,45158
2026-06-24T13:05:00+05:30,1019,1019.25,1017,1018.3,279931
2026-06-24T13:10:00+05:30,1018.4,1020.4,1017.75,1019.15,196330
2026-06-24T13:15:00+05:30,1019.45,1020,1018.9,1019.5,30159
2026-06-24T13:20:00+05:30,1019.55,1021.75,1019.3,1020.15,70916
2026-06-24T13:25:00+05:30,1020.4,1025.8,1020,1024.6,171425
2026-06-24T13:30:00+05:30,1024.5,1029,1024.25,1027.6,347813
2026-06-24T13:35:00+05:30,1027.25,1029.35,1025.85,1028.1,346021
2026-06-24T13:40:00+05:30,1028.5,1028.5,1024,1025.45,127338
2026-06-24T13:45:00+05:30,1025.3,1027,1024.65,1025.55,125266
2026-06-24T13:50:00+05:30,1025.65,1026,1023.6,1023.75,75510
2026-06-24T13:55:00+05:30,1023.75,1026.1,1023,1023.35,104256
2026-06-24T14:00:00+05:30,1023.35,1024.45,1021.1,1021.5,90744
2026-06-24T14:05:00+05:30,1021.45,1022.2,1020.3,1021.8,95216
2026-06-24T14:10:00+05:30,1022,1022.35,1019.8,1020,117056
2026-06-24T14:15:00+05:30,1020,1021.5,1019.05,1019.85,90678
2026-06-24T14:20:00+05:30,1019.85,1020,1016.1,1017.05,91792
2026-06-24T14:25:00+05:30,1017.05,1019.6,1017,1019.45,95884
2026-06-24T14:30:00+05:30,1019.45,1019.45,1017.1,1018.3,105522
2026-06-24T14:35:00+05:30,1018.3,1018.4,1014.3,1015.2,102046
2026-06-24T14:40:00+05:30,1015.6,1017,1015,1015.75,98982
2026-06-24T14:45:00+05:30,1015.85,1016.9,1014.2,1015.9,120092
2026-06-24T14:50:00+05:30,1015.9,1019.55,1015.85,1018.45,140280
2026-06-24T14:55:00+05:30,1018.45,1020,1017.55,1018.75,114589
2026-06-24T15:00:00+05:30,1018.6,1020.6,1016.95,1019.85,207130
2026-06-24T15:05:00+05:30,1019.85,1019.95,1018.45,1019.05,146718
2026-06-24T15:10:00+05:30,1019.05,1019.05,1018.15,1018.75,173752
2026-06-24T15:15:00+05:30,1018.75,1019.45,1018.5,1019.45,165738
2026-06-24T15:20:00+05:30,1019.45,1019.6,1018.7,1018.85,184571
2026-06-24T15:25:00+05:30,1018.85,1019.15,1015.2,1015.2,172175
2026-06-25T09:15:00+05:30,1030,1043.55,1030,1040.95,720617
2026-06-25T09:20:00+05:30,1040.95,1048.85,1040.45,1048,493992
2026-06-25T09:25:00+05:30,1047.9,1052,1041.55,1042.35,414098
2026-06-25T09:30:00+05:30,1042.9,1043,1038.35,1041.3,268738
2026-06-25T09:35:00+05:30,1041.45,1042.4,1038.55,1040.8,129441
2026-06-25T09:40:00+05:30,1041.05,1041.05,1038.7,1039.15,71079
2026-06-25T09:45:00+05:30,1039.3,1043,1039.1,1042.35,147206
2026-06-25T09:50:00+05:30,1042.45,1044.85,1040.6,1041.3,132874
2026-06-25T09:55:00+05:30,1041.3,1042,1040.75,1041.8,88335
2026-06-25T10:00:00+05:30,1041.8,1042.5,1041.1,1041.55,91902
2026-06-25T10:05:00+05:30,1041.6,1041.85,1036.8,1038.35,248215
2026-06-25T10:10:00+05:30,1038.75,1041.7,1038.05,1041.15,88912
2026-06-25T10:15:00+05:30,1041.45,1041.45,1039.35,1041.15,78797
2026-06-25T10:20:00+05:30,1041.15,1042.2,1039.15,1039.6,109005
2026-06-25T10:25:00+05:30,1040,1040,1038.6,1038.8,85839
2026-06-25T10:30:00+05:30,1038.8,1039,1035.15,1036.35,91409
2026-06-25T10:35:00+05:30,1036.55,1036.95,1035.5,1036,80573
2026-06-25T10:40:00+05:30,1036,1038,1035.9,1038,66808
2026-06-25T10:45:00+05:30,1038,1042.55,1037.7,1042.55,111431
2026-06-25T10:50:00+05:30,1042.5,1043.95,1041.45,1041.45,148564
2026-06-25T10:55:00+05:30,1041.7,1042,1038.1,1039,96656
2026-06-25T11:00:00+05:30,1039.4,1039.55,1038.2,1039.25,50046
2026-06-25T11:05:00+05:30,1039.25,1039.6,1038.55,1039.25,51236
2026-06-25T11:10:00+05:30,1039.25,1039.5,1037.25,1039.4,75493
2026-06-25T11:15:00+05:30,1039.4,1039.45,1038,1038.25,59425
2026-06-25T11:20:00+05:30,1038.25,1039.25,1038,1039.2,76272
2026-06-25T11:25:00+05:30,1039.2,1039.9,1038.35,1039,55157
2026-06-25T11:30:00+05:30,1039,1039,1037.3,1037.9,52637
2026-06-25T11:35:00+05:30,1037.9,1038.25,1035.6,1036.2,70386
2026-06-25T11:40:00+05:30,1036.35,1036.95,1035.2,1036.05,92541
2026-06-25T11:45:00+05:30,1036.05,1036.05,1033.25,1035,105257
2026-06-25T11:50:00+05:30,1035,1037.3,1034.9,1036.75,49470
2026-06-25T11:55:00+05:30,1036.75,1038.9,1036.7,1038.25,85684
2026-06-25T12:00:00+05:30,1038.25,1040,1037.85,1040,47181
2026-06-25T12:05:00+05:30,1040,1042.65,1039.4,1042.3,144771
2026-06-25T12:10:00+05:30,1042.3,1042.7,1041.6,1041.95,60284
2026-06-25T12:15:00+05:30,1042,1042.75,1040.45,1040.5,85623
2026-06-25T12:20:00+05:30,1040.5,1041.15,1040,1040.4,68690
2026-06-25T12:25:00+05:30,1040.4,1040.8,1039,1040.3,52846
2026-06-25T12:30:00+05:30,1040.2,1043,1040,1042.7,115325
2026-06-25T12:35:00+05:30,1043,1043.85,1042.35,1043.85,136096
2026-06-25T12:40:00+05:30,1043.9,1045.8,1043.4,1045.45,154635
2026-06-25T12:45:00+05:30,1045.45,1045.45,1041.4,1042.1,86711
2026-06-25T12:50:00+05:30,1042.2,1044.9,1041.75,1043.75,108607
2026-06-25T12:55:00+05:30,1043.75,1045,1043.25,1043.4,56034
2026-06-25T13:00:00+05:30,1043.4,1043.4,1041.15,1042.45,59934
2026-06-25T13:05:00+05:30,1042.5,1042.6,1041.1,1041.55,49777
2026-06-25T13:10:00+05:30,1041.65,1042.4,1041.1,1041.95,86602
2026-06-25T13:15:00+05:30,1041.7,1042.35,1041.4,1042.35,48701
2026-06-25T13:20:00+05:30,1042.5,1042.85,1041.55,1042.65,53093
2026-06-25T13:25:00+05:30,1042.7,1043.15,1041.5,1042.45,60553
2026-06-25T13:30:00+05:30,1042.5,1042.95,1041.65,1042.5,35849
2026-06-25T13:35:00+05:30,1042.5,1044.05,1042,1043.95,49114
2026-06-25T13:40:00+05:30,1043.95,1044.05,1042.05,1042.6,62222
2026-06-25T13:45:00+05:30,1042.6,1043.1,1041.55,1042.6,43575
2026-06-25T13:50:00+05:30,1042.6,1042.95,1042.05,1042.1,38752
2026-06-25T13:55:00+05:30,1042.35,1042.35,1040,1040.35,56996
2026-06-25T14:00:00+05:30,1040.5,1041.3,1040,1040.55,78724
2026-06-25T14:05:00+05:30,1040.55,1040.75,1038,1038.2,72892
2026-06-25T14:10:00+05:30,1038.35,1038.35,1035.2,1035.7,82663
2026-06-25T14:15:00+05:30,1035.85,1036,1033.65,1035.25,87733
2026-06-25T14:20:00+05:30,1035.5,1038,1035.4,1036.95,121673
2026-06-25T14:25:00+05:30,1036.95,1037,1035.1,1036.35,146618
2026-06-25T14:30:00+05:30,1036.5,1036.6,1035.55,1036.2,63239
2026-06-25T14:35:00+05:30,1036.35,1036.9,1034.85,1035.3,103767
2026-06-25T14:40:00+05:30,1035.1,1035.1,1033.25,1033.6,64157
2026-06-25T14:45:00+05:30,1033.6,1034.65,1033.15,1034.25,69681
2026-06-25T14:50:00+05:30,1034.15,1034.45,1032.9,1032.95,140754
2026-06-25T14:55:00+05:30,1032.9,1034.6,1031.55,1034.45,296831
2026-06-25T15:00:00+05:30,1034.55,1034.55,1032.45,1033.2,166619
2026-06-25T15:05:00+05:30,1033.2,1034.2,1032.7,1033.75,162097
2026-06-25T15:10:00+05:30,1033.75,1034.6,1032.1,1032.75,201259
2026-06-25T15:15:00+05:30,1032.6,1033.85,1032.4,1032.8,222557
2026-06-25T15:20:00+05:30,1032.65,1032.7,1027.5,1027.55,235562
2026-06-25T15:25:00+05:30,1027.55,1032,1026,1030.8,186334
2026-06-29T09:15:00+05:30,1036.95,1049.95,1032.1,1049,616344
2026-06-29T09:20:00+05:30,1048.95,1051.5,1048.25,1050.35,476738
2026-06-29T09:25:00+05:30,1050.3,1055.4,1049.4,1054.3,493360
2026-06-29T09:30:00+05:30,1054.1,1055,1048,1048.7,603994
2026-06-29T09:35:00+05:30,1048.6,1048.8,1046,1048.1,370377
2026-06-29T09:40:00+05:30,1048.1,1051.2,1047.95,1049.8,267335
2026-06-29T09:45:00+05:30,1050,1054.8,1049.35,1053.85,234637
2026-06-29T09:50:00+05:30,1054.1,1054.95,1050.7,1050.7,281999
2026-06-29T09:55:00+05:30,1050.65,1053.85,1050.55,1053.6,156067
2026-06-29T10:00:00+05:30,1053.65,1054.55,1051.6,1051.7,170295
2026-06-29T10:05:00+05:30,1051.95,1053.5,1047.6,1047.6,193247
2026-06-29T10:10:00+05:30,1048,1049.2,1046.3,1048.3,148392
2026-06-29T10:15:00+05:30,1048.3,1048.95,1044.45,1044.7,237083
2026-06-29T10:20:00+05:30,1044.9,1045,1041.2,1042.75,200462
2026-06-29T10:25:00+05:30,1043,1044.95,1042.35,1043.4,98686
2026-06-29T10:30:00+05:30,1043.4,1045,1043.4,1043.9,158080
2026-06-29T10:35:00+05:30,1043.9,1044.55,1042.05,1042.7,100522
2026-06-29T10:40:00+05:30,1042.75,1044,1041.85,1043.95,111176
2026-06-29T10:45:00+05:30,1043.65,1044.75,1043.45,1043.95,77176
2026-06-29T10:50:00+05:30,1043.95,1044.1,1042.95,1044,128861
2026-06-29T10:55:00+05:30,1044.05,1045,1043.4,1044.65,92317
2026-06-29T11:00:00+05:30,1044.95,1045.35,1042.85,1044.95,181398
2026-06-29T11:05:00+05:30,1045,1045.25,1043.65,1044.45,179996
2026-06-29T11:10:00+05:30,1044.45,1045.25,1037.25,1038.2,312800
2026-06-29T11:15:00+05:30,1038.2,1041.8,1037.75,1039.2,263666
2026-06-29T11:20:00+05:30,1038.95,1041,1037.15,1040.35,92474
2026-06-29T11:25:00+05:30,1040.35,1040.6,1038.65,1039,39800
2026-06-29T11:30:00+05:30,1039,1039.45,1035.4,1036.95,91628
2026-06-29T11:35:00+05:30,1037,1041.25,1036.85,1041.25,72339
2026-06-29T11:40:00+05:30,1041.25,1042.3,1040.3,1041.15,79215
2026-06-29T11:45:00+05:30,1041.15,1041.4,1040.05,1040.3,48513
2026-06-29T11:50:00+05:30,1040.55,1041,1037.65,1037.7,107387
2026-06-29T11:55:00+05:30,1037.95,1040.55,1037.65,1039.05,119177
2026-06-29T12:00:00+05:30,1039.05,1041.7,1038.6,1040.55,71896
2026-06-29T12:05:00+05:30,1040.55,1040.55,1038.35,1039.25,66506
2026-06-29T12:10:00+05:30,1039.25,1040.25,1037.45,1037.85,83957
2026-06-29T12:15:00+05:30,1038.1,1038.55,1035,1035.15,71767
2026-06-29T12:20:00+05:30,1035,1035.3,1034.35,1035,67484
2026-06-29T12:25:00+05:30,1035,1036.55,1034.8,1035.85,78182
2026-06-29T12:30:00+05:30,1035.95,1037,1034,1036.7,197195
2026-06-29T12:35:00+05:30,1036.6,1038.35,1036.3,1037.15,130265
2026-06-29T12:40:00+05:30,1037.05,1038.6,1036.85,1038,96350
2026-06-29T12:45:00+05:30,1038.1,1038.65,1035.35,1035.4,145407
2026-06-29T12:50:00+05:30,1035.4,1038,1034.75,1037.65,73903
2026-06-29T12:55:00+05:30,1037.65,1039.05,1037.55,1038.5,56930
2026-06-29T13:00:00+05:30,1038.5,1039.45,1037.6,1039.4,91783
2026-06-29T13:05:00+05:30,1039.4,1041.65,1039.1,1041.15,102158
2026-06-29T13:10:00+05:30,1041.15,1041.3,1040.15,1040.9,72128
2026-06-29T13:15:00+05:30,1040.8,1041.25,1039.45,1040.05,94713
2026-06-29T13:20:00+05:30,1040.1,1040.85,1039.2,1040.75,70561
2026-06-29T13:25:00+05:30,1040.85,1042.35,1038.8,1038.8,141485
2026-06-29T13:30:00+05:30,1038,1039.7,1037.7,1039.25,56203
2026-06-29T13:35:00+05:30,1039.45,1040.55,1039,1040.15,46200
2026-06-29T13:40:00+05:30,1040.15,1040.2,1038.25,1038.25,113149
2026-06-29T13:45:00+05:30,1038.25,1042,1038.05,1041.1,87558
2026-06-29T13:50:00+05:30,1041.1,1042.05,1040.35,1041.95,83707
2026-06-29T13:55:00+05:30,1041.75,1043.3,1041.5,1041.9,112236
2026-06-29T14:00:00+05:30,1041.75,1042,1039.65,1040.3,54258
2026-06-29T14:05:00+05:30,1040.3,1041,1040,1040.15,53989
2026-06-29T14:10:00+05:30,1040.2,1040.7,1039.6,1040,39176
2026-06-29T14:15:00+05:30,1039.75,1040.3,1039.4,1040,45754
2026-06-29T14:20:00+05:30,1039.75,1040,1038.5,1038.5,72752
2026-06-29T14:25:00+05:30,1038.7,1039.85,1038.25,1038.75,54688
2026-06-29T14:30:00+05:30,1038.85,1039.75,1038,1038.95,51261
2026-06-29T14:35:00+05:30,1038.95,1039.05,1037.25,1037.65,43814
2026-06-29T14:40:00+05:30,1037.65,1038.1,1036.15,1036.5,106090
2026-06-29T14:45:00+05:30,1036.45,1036.55,1035.25,1035.85,41527
2026-06-29T14:50:00+05:30,1035.85,1036.1,1033.1,1034.3,87433
2026-06-29T14:55:00+05:30,1034.6,1035.75,1033.9,1034.9,80315
2026-06-29T15:00:00+05:30,1034.65,1036.5,1032.95,1034.35,231459
2026-06-29T15:05:00+05:30,1034.5,1036.35,1033.6,1035.75,211972
2026-06-29T15:10:00+05:30,1035.7,1036.1,1032.7,1032.9,277622
2026-06-29T15:15:00+05:30,1032.85,1032.85,1029.9,1030.15,328743
2026-06-29T15:20:00+05:30,1029.95,1032,1029.75,1030.7,287975
2026-06-29T15:25:00+05:30,1030.7,1035.6,1030.7,1034.7,166102
2026-06-30T09:15:00+05:30,1032.65,1040,1032.65,1037.45,95927
2026-06-30T09:20:00+05:30,1037.4,1038,1032.45,1033.05,49011
2026-06-30T09:25:00+05:30,1033.25,1035.85,1033,1034.6,50621
2026-06-30T09:30:00+05:30,1034.35,1035.15,1030.25,1030.5,60789
2026-06-30T09:35:00+05:30,1030.7,1034.95,1030.25,1034.75,42209
2026-06-30T09:40:00+05:30,1034.95,1037.4,1034.95,1037.4,41831
2026-06-30T09:45:00+05:30,1037.4,1037.4,1035.4,1035.45,33572
2026-06-30T09:50:00+05:30,1035.45,1037.05,1034.95,1036,92336
2026-06-30T09:55:00+05:30,1036,1040.25,1035.8,1038.95,63269
2026-06-30T10:00:00+05:30,1038.9,1041.2,1038.9,1041.2,26529
2026-06-30T10:05:00+05:30,1041.35,1041.45,1037,1037.15,37904
2026-06-30T10:10:00+05:30,1037,1039.85,1037,1039.45,22174
2026-06-30T10:15:00+05:30,1039.35,1040,1038.35,1039.55,25362
2026-06-30T10:20:00+05:30,1039.55,1040,1038.1,1039.45,25956
2026-06-30T10:25:00+05:30,1039.4,1040.65,1039.05,1040.1,16498
2026-06-30T10:30:00+05:30,1040.4,1040.4,1039.2,1039.45,17790
2026-06-30T10:35:00+05:30,1039.4,1039.45,1037.65,1038,27585
2026-06-30T10:40:00+05:30,1037.75,1038.25,1035.8,1036.3,39625
2026-06-30T10:45:00+05:30,1036.2,1037.1,1035.8,1036.45,36477
2026-06-30T10:50:00+05:30,1036.45,1036.8,1034.6,1035.5,52924
2026-06-30T10:55:00+05:30,1035.5,1035.5,1033.45,1033.5,22919
2026-06-30T11:00:00+05:30,1033.5,1034.6,1033.4,1033.4,21662
2026-06-30T11:05:00+05:30,1033.35,1034.45,1033,1033,31010
2026-06-30T11:10:00+05:30,1033.25,1035.95,1032.8,1035.95,36052
2026-06-30T11:15:00+05:30,1035.95,1037.7,1035.95,1037.5,26602
2026-06-30T11:20:00+05:30,1037.5,1042.65,1037.4,1042.15,98193
2026-06-30T11:25:00+05:30,1042.15,1042.15,1040.6,1041.8,40974
2026-06-30T11:30:00+05:30,1041.8,1041.8,1040,1040.35,16784
2026-06-30T11:35:00+05:30,1040.35,1040.9,1039.5,1040.9,25395
2026-06-30T11:40:00+05:30,1040.85,1041.95,1039.1,1039.3,17732
2026-06-30T11:45:00+05:30,1039.35,1040.3,1039.15,1040,13384
2026-06-30T11:50:00+05:30,1040,1040.8,1039.95,1040.55,22937
2026-06-30T11:55:00+05:30,1040.5,1042,1040.5,1042,14339
2026-06-30T12:00:00+05:30,1042,1043.25,1041.35,1043.2,28198
2026-06-30T12:05:00+05:30,1042.55,1042.7,1039.35,1040,112089
2026-06-30T12:10:00+05:30,1040,1041.25,1039.55,1040,76986
2026-06-30T12:15:00+05:30,1039.95,1043.8,1039.95,1043.4,103577
2026-06-30T12:20:00+05:30,1043.3,1045,1043,1044.3,47455
2026-06-30T12:25:00+05:30,1044.75,1045.6,1043.4,1045.3,69286
2026-06-30T12:30:00+05:30,1045.4,1048,1044.65,1045.7,110521
2026-06-30T12:35:00+05:30,1045.9,1047.2,1045.1,1046.9,43434
2026-06-30T12:40:00+05:30,1046.9,1046.95,1045.95,1046.55,21707
2026-06-30T12:45:00+05:30,1046.4,1047.6,1046.4,1046.8,23628
2026-06-30T12:50:00+05:30,1046.8,1046.8,1044.7,1045,116248
2026-06-30T12:55:00+05:30,1045.15,1045.95,1044.75,1045,96442
2026-06-30T13:00:00+05:30,1045,1047.4,1044.7,1047.4,44907
2026-06-30T13:05:00+05:30,1047.2,1047.8,1045.1,1045.15,31879
2026-06-30T13:10:00+05:30,1045.25,1045.35,1044.3,1044.8,24655
2026-06-30T13:15:00+05:30,1044.65,1045.6,1044.6,1044.9,28096
2026-06-30T13:20:00+05:30,1044.7,1045.9,1044.6,1045.05,30677
2026-06-30T13:25:00+05:30,1045.05,1046.8,1045,1045.75,55953
2026-06-30T13:30:00+05:30,1045.85,1045.85,1044.15,1045.15,61684
2026-06-30T13:35:00+05:30,1045.25,1046.6,1045.2,1045.75,25243
2026-06-30T13:40:00+05:30,1045.75,1046.5,1045.05,1045.4,27928
2026-06-30T13:45:00+05:30,1045.6,1045.8,1045.05,1045.45,23694
2026-06-30T13:50:00+05:30,1045.6,1046,1045.05,1045.55,20739
2026-06-30T13:55:00+05:30,1045.55,1045.7,1044.15,1045.05,55275
2026-06-30T14:00:00+05:30,1045.1,1045.85,1043.75,1044.25,54442
2026-06-30T14:05:00+05:30,1044.1,1045.35,1044,1044.15,23768
2026-06-30T14:10:00+05:30,1044.2,1045.35,1044,1045,56058
2026-06-30T14:15:00+05:30,1045,1046,1042.5,1043.95,122533
2026-06-30T14:20:00+05:30,1043.95,1045,1041.65,1045,75913
2026-06-30T14:25:00+05:30,1045,1046.55,1044.2,1046,94781
2026-06-30T14:30:00+05:30,1046.5,1047,1045.05,1045.7,64698
2026-06-30T14:35:00+05:30,1045.7,1045.9,1042.55,1042.55,69099
2026-06-30T14:40:00+05:30,1042.6,1044.3,1042.5,1043.7,54233
2026-06-30T14:45:00+05:30,1043.7,1043.9,1041.7,1042.2,84718
2026-06-30T14:50:00+05:30,1042.1,1042.7,1041.55,1041.9,99808
2026-06-30T14:55:00+05:30,1042.2,1042.4,1040.05,1040.95,110448
2026-06-30T15:00:00+05:30,1040.95,1041.05,1038.8,1041,356176
2026-06-30T15:05:00+05:30,1040.85,1043.7,1039.8,1043.65,276817
2026-06-30T15:10:00+05:30,1043.65,1044.45,1041.3,1044.35,320127
2026-06-30T15:15:00+05:30,1044.3,1044.3,1041.7,1042.95,283663
2026-06-30T15:20:00+05:30,1042.9,1044.6,1042.7,1043.45,302868
2026-06-30T15:25:00+05:30,1043.45,1046,1041.7,1046,231133
2026-07-01T09:15:00+05:30,1050,1052,1038,1040,156293
2026-07-01T09:20:00+05:30,1041,1042.8,1040.1,1040.7,88443
2026-07-01T09:25:00+05:30,1040.3,1045,1039.4,1044.9,61945
2026-07-01T09:30:00+05:30,1044.8,1046.2,1043.6,1044.7,73223
2026-07-01T09:35:00+05:30,1044.4,1048,1044.4,1048,46609
2026-07-01T09:40:00+05:30,1048.1,1050,1047.6,1049.6,75911
2026-07-01T09:45:00+05:30,1049.6,1050.7,1047,1047.4,111585
2026-07-01T09:50:00+05:30,1047.6,1050.9,1047,1050,227687
2026-07-01T09:55:00+05:30,1050.5,1053,1050.5,1052.2,150423
2026-07-01T10:00:00+05:30,1052.2,1053.8,1051.5,1053.5,92875
2026-07-01T10:05:00+05:30,1053.4,1054.8,1052.7,1053.9,172402
2026-07-01T10:10:00+05:30,1053.7,1056.7,1053,1055.5,150940
2026-07-01T10:15:00+05:30,1055.2,1056.7,1053.6,1054,59841
2026-07-01T10:20:00+05:30,1054.2,1058.6,1054,1057.8,90289
2026-07-01T10:25:00+05:30,1057.5,1058,1055.1,1055.4,67358
2026-07-01T10:30:00+05:30,1055.6,1055.9,1054.3,1054.3,39784
2026-07-01T10:35:00+05:30,1054.6,1054.9,1051.6,1052,42656
2026-07-01T10:40:00+05:30,1051.9,1052.5,1048.2,1048.8,112428
2026-07-01T10:45:00+05:30,1048.5,1050.1,1044.7,1048.7,151518
2026-07-01T10:50:00+05:30,1048.7,1050.1,1048.5,1049.5,44530
2026-07-01T10:55:00+05:30,1049.4,1050,1047.7,1049.2,53036
2026-07-01T11:00:00+05:30,1049,1051.6,1049,1051,59591
2026-07-01T11:05:00+05:30,1051,1052,1049.4,1051.4,62811
2026-07-01T11:10:00+05:30,1051.2,1052.2,1051.1,1052.2,23018
2026-07-01T11:15:00+05:30,1052.4,1055,1052.2,1054.9,47433
2026-07-01T11:20:00+05:30,1054.9,1055,1054.2,1054.9,25073
2026-07-01T11:25:00+05:30,1054.8,1054.9,1053.5,1054.4,32041
2026-07-01T11:30:00+05:30,1054.1,1054.7,1054,1054.3,16757
2026-07-01T11:35:00+05:30,1054,1054.9,1053.2,1054.4,31072
2026-07-01T11:40:00+05:30,1054.3,1055.9,1053.5,1053.5,58969
2026-07-01T11:45:00+05:30,1053.8,1054.5,1052.1,1052.7,31595
2026-07-01T11:50:00+05:30,1052.7,1053.2,1051.5,1052,19922
2026-07-01T11:55:00+05:30,1051.9,1053.8,1050.8,1052.8,93906
2026-07-01T12:00:00+05:30,1053,1053,1048.8,1050,151134
2026-07-01T12:05:00+05:30,1049.9,1051.9,1049.8,1051.1,27454
2026-07-01T12:10:00+05:30,1050.9,1051.3,1050.3,1050.8,11988
2026-07-01T12:15:00+05:30,1050.7,1052.8,1050.7,1052.4,25351
2026-07-01T12:20:00+05:30,1052.3,1052.5,1050.6,1052.3,42231
2026-07-01T12:25:00+05:30,1052.5,1052.5,1049.7,1050,39009
2026-07-01T12:30:00+05:30,1049.9,1051.8,1049.9,1050.6,15557
2026-07-01T12:35:00+05:30,1050.6,1052.1,1049.2,1052,40379
2026-07-01T12:40:00+05:30,1051.9,1051.9,1049.4,1051.2,22956
2026-07-01T12:45:00+05:30,1050.7,1051,1050.1,1050.9,30158
2026-07-01T12:50:00+05:30,1050.5,1051.5,1049.6,1050,24541
2026-07-01T12:55:00+05:30,1049.9,1050.3,1049,1049.6,31971
2026-07-01T13:00:00+05:30,1049.4,1049.9,1047.6,1048.5,21826
2026-07-01T13:05:00+05:30,1048.5,1049.1,1047.5,1048.7,27381
2026-07-01T13:10:00+05:30,1048.3,1050,1047.9,1049.9,19474
2026-07-01T13:15:00+05:30,1049.8,1050,1049.4,1049.5,15978
2026-07-01T13:20:00+05:30,1049.3,1050,1048.5,1050,29879
2026-07-01T13:25:00+05:30,1049.7,1051.4,1049,1049.3,71324
2026-07-01T13:30:00+05:30,1049.2,1049.8,1048.3,1049.4,25553
2026-07-01T13:35:00+05:30,1049.5,1050.4,1049.2,1050,24788
2026-07-01T13:40:00+05:30,1050,1050.4,1048.4,1048.8,22866
2026-07-01T13:45:00+05:30,1048.9,1048.9,1047.2,1048.9,40429
2026-07-01T13:50:00+05:30,1048.9,1049.2,1047.9,1048,27898
2026-07-01T13:55:00+05:30,1047.6,1048.4,1046.3,1047.9,37038
2026-07-01T14:00:00+05:30,1047.8,1048.4,1046.2,1048.1,37148
2026-07-01T14:05:00+05:30,1048.1,1049.1,1047.6,1049.1,43016
2026-07-01T14:10:00+05:30,1049.1,1049.8,1048.4,1049.8,47209
2026-07-01T14:15:00+05:30,1049.7,1050.3,1049.1,1049.9,57227
2026-07-01T14:20:00+05:30,1049.9,1050.2,1049.8,1050,41497
2026-07-01T14:25:00+05:30,1050,1050.5,1049.6,1050,74037
2026-07-01T14:30:00+05:30,1049.5,1050.2,1049.3,1050.2,31740
2026-07-01T14:35:00+05:30,1050.2,1050.5,1050,1050.3,31721
2026-07-01T14:40:00+05:30,1050.4,1050.6,1049.5,1050.4,47818
2026-07-01T14:45:00+05:30,1050.6,1051.4,1050.4,1050.7,40350
2026-07-01T14:50:00+05:30,1050.8,1051.9,1050.6,1051.3,56699
2026-07-01T14:55:00+05:30,1051.4,1051.7,1051.1,1051.4,61105
2026-07-01T15:00:00+05:30,1051.4,1051.4,1050.7,1051,120300
2026-07-01T15:05:00+05:30,1050.9,1051.3,1049.9,1049.9,120557
2026-07-01T15:10:00+05:30,1050,1050,1048.4,1048.7,116584
2026-07-01T15:15:00+05:30,1048.5,1049.1,1046.6,1046.6,152336
2026-07-01T15:20:00+05:30,1046.7,1046.7,1043.3,1043.8,119958
2026-07-01T15:25:00+05:30,1043.8,1045,1041.5,1045,113889
2026-07-02T09:15:00+05:30,1052,1054.5,1048.2,1051.9,170420
2026-07-02T09:20:00+05:30,1051.8,1052,1049,1049.9,76071
2026-07-02T09:25:00+05:30,1049.8,1051.5,1049.6,1050.5,33187
2026-07-02T09:30:00+05:30,1050.6,1051.6,1050.5,1050.5,25736
2026-07-02T09:35:00+05:30,1050.8,1056,1050.5,1055.7,74230
2026-07-02T09:40:00+05:30,1056.8,1057.7,1053.8,1053.9,82321
2026-07-02T09:45:00+05:30,1053.9,1055.8,1053.1,1054.4,65008
2026-07-02T09:50:00+05:30,1054.5,1056.7,1054.4,1055.8,41646
2026-07-02T09:55:00+05:30,1055.8,1055.8,1054.8,1054.8,25616
2026-07-02T10:00:00+05:30,1054.5,1054.5,1051,1051.4,40230
2026-07-02T10:05:00+05:30,1051.6,1053.2,1051,1052.9,80458
2026-07-02T10:10:00+05:30,1053,1055.6,1052.3,1053.6,57890
2026-07-02T10:15:00+05:30,1053.7,1054.2,1052,1054.1,30388
2026-07-02T10:20:00+05:30,1054.5,1055,1053.5,1054.4,14859
2026-07-02T10:25:00+05:30,1054.5,1058.8,1054.2,1057.5,96511
2026-07-02T10:30:00+05:30,1057.5,1057.9,1056.1,1057.9,32095
2026-07-02T10:35:00+05:30,1057.9,1058.9,1057.5,1058.1,37344
2026-07-02T10:40:00+05:30,1058.4,1060,1058.4,1059.3,65447
2026-07-02T10:45:00+05:30,1059.3,1062.4,1059.2,1061.9,166925
2026-07-02T10:50:00+05:30,1061.9,1062.5,1060,1061.2,139268
2026-07-02T10:55:00+05:30,1061.2,1063.8,1060.8,1063.8,174113
2026-07-02T11:00:00+05:30,1063.8,1066.9,1063.6,1064.4,286332
2026-07-02T11:05:00+05:30,1064.4,1066.8,1064.2,1064.5,104883
2026-07-02T11:10:00+05:30,1064,1066,1062.4,1066,288877
2026-07-02T11:15:00+05:30,1066,1068,1065.2,1066.6,110270
2026-07-02T11:20:00+05:30,1066.7,1067.2,1065.7,1066.7,31782
2026-07-02T11:25:00+05:30,1066.8,1069.5,1066.7,1069,164784
2026-07-02T11:30:00+05:30,1069.2,1071,1068.9,1069.5,151842
2026-07-02T11:35:00+05:30,1069.5,1070.2,1067.2,1068.2,108704
2026-07-02T11:40:00+05:30,1068.2,1068.4,1065.9,1066.6,76104
2026-07-02T11:45:00+05:30,1067,1068.5,1065.6,1067.3,74565
2026-07-02T11:50:00+05:30,1067.3,1068,1066,1066.5,44147
2026-07-02T11:55:00+05:30,1066.5,1067,1064,1065.2,141281
2026-07-02T12:00:00+05:30,1065.2,1066.5,1064.3,1065.8,123114
2026-07-02T12:05:00+05:30,1065.8,1067.9,1065.3,1065.5,59939
2026-07-02T12:10:00+05:30,1065.5,1066.3,1065,1066.2,21781
2026-07-02T12:15:00+05:30,1066.2,1068,1066.1,1067.8,18994
2026-07-02T12:20:00+05:30,1067.8,1068.3,1067,1068.3,19893
2026-07-02T12:25:00+05:30,1068.3,1068.5,1067.2,1068.5,19065
2026-07-02T12:30:00+05:30,1068.5,1068.5,1067.2,1068.4,26552
2026-07-02T12:35:00+05:30,1068.4,1068.5,1066.3,1067,45517
2026-07-02T12:40:00+05:30,1066.9,1067.2,1065.1,1065.2,39072
2026-07-02T12:45:00+05:30,1065.2,1067,1064.1,1066.1,82953
2026-07-02T12:50:00+05:30,1066,1066.9,1065.8,1066.5,50350
2026-07-02T12:55:00+05:30,1066.5,1066.9,1066,1066,23814
2026-07-02T13:00:00+05:30,1066,1067.7,1066,1067.7,110008
2026-07-02T13:05:00+05:30,1067.7,1068.3,1066.9,1067.2,63389
2026-07-02T13:10:00+05:30,1067.1,1067.5,1066,1066.3,38610
2026-07-02T13:15:00+05:30,1066.3,1066.5,1065,1065.4,76896
2026-07-02T13:20:00+05:30,1065.4,1066,1062.2,1065.1,412787
2026-07-02T13:25:00+05:30,1065.3,1066.9,1064.7,1065.5,54177
2026-07-02T13:30:00+05:30,1065.5,1066.5,1065,1065.8,37088
2026-07-02T13:35:00+05:30,1065.9,1066,1065,1066,29936
2026-07-02T13:40:00+05:30,1066,1066,1064.9,1065.1,38902
2026-07-02T13:45:00+05:30,1065.4,1065.9,1065,1065.3,24803
2026-07-02T13:50:00+05:30,1065.4,1066,1065.2,1065.8,24987
2026-07-02T13:55:00+05:30,1065.8,1067,1065.3,1066.4,53494
2026-07-02T14:00:00+05:30,1066.4,1066.7,1065.3,1066,29056
2026-07-02T14:05:00+05:30,1066.2,1066.6,1065.5,1065.6,25600
2026-07-02T14:10:00+05:30,1065.7,1065.7,1064.5,1065.2,55872
2026-07-02T14:15:00+05:30,1065.2,1065.8,1063.1,1063.8,86645
2026-07-02T14:20:00+05:30,1063.3,1065.2,1063.2,1064.7,28384
2026-07-02T14:25:00+05:30,1064.7,1065,1063.9,1064.9,24587
2026-07-02T14:30:00+05:30,1065,1067,1065,1066.1,43218
2026-07-02T14:35:00+05:30,1066.1,1066.9,1065.6,1066.9,17454
2026-07-02T14:40:00+05:30,1066.9,1067.1,1066,1066.5,43489
2026-07-02T14:45:00+05:30,1066.5,1066.9,1066.1,1066.7,27389
2026-07-02T14:50:00+05:30,1066.7,1066.9,1065.9,1066.3,30093
2026-07-02T14:55:00+05:30,1066,1066.4,1065.7,1066.3,23494
2026-07-02T15:00:00+05:30,1066.3,1066.3,1064.4,1066,91474
2026-07-02T15:05:00+05:30,1066,1067.7,1065.9,1067.1,92517
2026-07-02T15:10:00+05:30,1067.1,1067.2,1066.2,1067,99673
2026-07-02T15:15:00+05:30,1067,1067,1066.3,1066.4,101256
2026-07-02T15:20:00+05:30,1066.5,1067.3,1065.9,1067.1,131430
2026-07-02T15:25:00+05:30,1067,1068.1,1066.1,1066.1,155309
2026-07-03T09:15:00+05:30,1081.5,1081.5,1065.2,1068.1,336244
2026-07-03T09:20:00+05:30,1067,1075.1,1066.3,1072.1,165232
2026-07-03T09:25:00+05:30,1072.1,1073,1069.3,1069.5,85761
2026-07-03T09:30:00+05:30,1069.8,1070.1,1067.5,1070.1,55642
2026-07-03T09:35:00+05:30,1070.1,1071.8,1069.7,1071.2,58361
2026-07-03T09:40:00+05:30,1071.2,1074,1071.1,1073.2,82180
2026-07-03T09:45:00+05:30,1073.1,1075,1073.1,1074.2,78490
2026-07-03T09:50:00+05:30,1074.3,1077,1074.3,1075.1,45997
2026-07-03T09:55:00+05:30,1075.1,1077.5,1073.8,1076.5,64172
2026-07-03T10:00:00+05:30,1076.8,1077.5,1075.4,1075.7,40344
2026-07-03T10:05:00+05:30,1075.7,1077,1075.7,1076.7,25898
2026-07-03T10:10:00+05:30,1075.5,1077,1072.4,1073,104094
2026-07-03T10:15:00+05:30,1073,1073,1071.3,1071.5,44326
2026-07-03T10:20:00+05:30,1071.6,1074,1071.5,1072.8,25454
2026-07-03T10:25:00+05:30,1072.8,1074,1071.3,1072.1,47668
2026-07-03T10:30:00+05:30,1072.1,1075,1071.5,1073.1,42492
2026-07-03T10:35:00+05:30,1073.4,1075,1072.2,1074,35809
2026-07-03T10:40:00+05:30,1073.9,1074.5,1073.2,1073.8,25533
2026-07-03T10:45:00+05:30,1073.8,1074.4,1072.1,1073.7,41347
2026-07-03T10:50:00+05:30,1073.6,1074.5,1072.7,1074.3,20990
2026-07-03T10:55:00+05:30,1074.3,1074.3,1073.5,1074.3,21432
2026-07-03T11:00:00+05:30,1074.3,1074.5,1072.5,1072.5,52193
2026-07-03T11:05:00+05:30,1072.6,1073.3,1072,1072.9,23934
2026-07-03T11:10:00+05:30,1072.7,1074.5,1072.6,1074.5,42124
2026-07-03T11:15:00+05:30,1074.4,1074.9,1074.1,1074.8,32622
2026-07-03T11:20:00+05:30,1074.8,1074.9,1071.1,1072.9,44178
2026-07-03T11:25:00+05:30,1072.7,1074,1072,1073.5,37462
2026-07-03T11:30:00+05:30,1074,1074.2,1072.6,1073.8,26693
2026-07-03T11:35:00+05:30,1073.8,1074,1073,1073.7,26457
2026-07-03T11:40:00+05:30,1074,1074.4,1073.6,1074,43619
2026-07-03T11:45:00+05:30,1074.1,1074.9,1072.4,1073,51755
2026-07-03T11:50:00+05:30,1073.3,1075.7,1073.3,1075.7,37935
2026-07-03T11:55:00+05:30,1075.5,1075.9,1074,1075.2,95899
2026-07-03T12:00:00+05:30,1075.3,1075.9,1074.7,1075.5,22257
2026-07-03T12:05:00+05:30,1075.5,1075.7,1075.1,1075.5,28832
2026-07-03T12:10:00+05:30,1075,1075.8,1073.9,1074.4,42405
2026-07-03T12:15:00+05:30,1074.5,1075.9,1074.4,1075.6,18307
2026-07-03T12:20:00+05:30,1075.9,1076,1074.8,1075.2,42347
2026-07-03T12:25:00+05:30,1075.3,1076,1074.8,1075,25532
2026-07-03T12:30:00+05:30,1075.5,1075.6,1073.2,1073.5,33286
2026-07-03T12:35:00+05:30,1073.5,1074.8,1073.1,1074.6,31425
2026-07-03T12:40:00+05:30,1075,1075,1074.4,1074.7,16753
2026-07-03T12:45:00+05:30,1074.7,1075,1072.2,1073.5,38394
2026-07-03T12:50:00+05:30,1073.5,1074,1072.7,1073.3,23373
2026-07-03T12:55:00+05:30,1073.2,1075.6,1072.7,1075,83032
2026-07-03T13:00:00+05:30,1075,1075,1074.1,1074.2,20194
2026-07-03T13:05:00+05:30,1074.2,1074.2,1072.3,1073,31030
2026-07-03T13:10:00+05:30,1073,1073.9,1072.3,1073.5,23355
2026-07-03T13:15:00+05:30,1073.5,1073.7,1072.8,1073.2,16167
2026-07-03T13:20:00+05:30,1072.9,1075,1072.9,1075,18498
2026-07-03T13:25:00+05:30,1075,1075.8,1074.9,1075.3,39359
2026-07-03T13:30:00+05:30,1075.6,1075.6,1073.1,1073.1,17053
2026-07-03T13:35:00+05:30,1073.2,1073.2,1069.9,1071.9,67816
2026-07-03T13:40:00+05:30,1072,1073.7,1072,1072.6,18446
2026-07-03T13:45:00+05:30,1072.6,1073.4,1072.3,1072.5,18556
2026-07-03T13:50:00+05:30,1072.4,1072.7,1066.8,1069.1,46388
2026-07-03T13:55:00+05:30,1068.9,1069.8,1068.2,1069,27581
2026-07-03T14:00:00+05:30,1069,1070,1066.4,1066.7,30761
2026-07-03T14:05:00+05:30,1066.7,1069.3,1066.6,1069.3,25507
2026-07-03T14:10:00+05:30,1069.3,1069.9,1068.5,1069,18872
2026-07-03T14:15:00+05:30,1069,1069.5,1067.6,1068.7,14033
2026-07-03T14:20:00+05:30,1068.7,1069.3,1067.5,1069.2,20352
2026-07-03T14:25:00+05:30,1069.1,1069.2,1066.2,1066.6,31714
2026-07-03T14:30:00+05:30,1067.4,1067.4,1062.3,1066,73104
2026-07-03T14:35:00+05:30,1066.2,1067.3,1065.7,1066.8,23054
2026-07-03T14:40:00+05:30,1066.8,1067.4,1065.5,1067.1,27922
2026-07-03T14:45:00+05:30,1067.1,1067.8,1065.9,1067.5,27865
2026-07-03T14:50:00+05:30,1067.8,1067.9,1063.9,1064,30671
2026-07-03T14:55:00+05:30,1064,1064.1,1062.6,1063.2,29443
2026-07-03T15:00:00+05:30,1063.3,1065,1063.3,1064.2,58883
2026-07-03T15:05:00+05:30,1064.1,1066.3,1064,1065.2,70240
2026-07-03T15:10:00+05:30,1065.2,1066.5,1064.1,1064.4,62696
2026-07-03T15:15:00+05:30,1064.7,1064.7,1061.3,1062.1,108443
2026-07-03T15:20:00+05:30,1062.2,1063.2,1061.2,1062.5,82186
2026-07-03T15:25:00+05:30,1062.5,1062.5,1060.1,1061.1,63084
2026-07-06T09:15:00+05:30,1065.9,1068,1060.2,1066.9,135864
2026-07-06T09:20:00+05:30,1066.9,1066.9,1062.7,1064.2,93571
2026-07-06T09:25:00+05:30,1063.9,1066.9,1062.6,1064.7,75097
2026-07-06T09:30:00+05:30,1065.2,1066.8,1064.4,1064.4,45696
2026-07-06T09:35:00+05:30,1064.4,1066.8,1062.6,1066.8,67003
2026-07-06T09:40:00+05:30,1066.6,1067.4,1064.8,1066,57346
2026-07-06T09:45:00+05:30,1066.2,1068,1066,1067.9,45800
2026-07-06T09:50:00+05:30,1067.7,1070.6,1067.3,1068.8,79148
2026-07-06T09:55:00+05:30,1069,1070,1067,1068,43577
2026-07-06T10:00:00+05:30,1068.1,1070.2,1067.8,1069.3,38670
2026-07-06T10:05:00+05:30,1069.3,1075.9,1069.3,1075.9,140016
2026-07-06T10:10:00+05:30,1075.9,1076,1072,1072.7,97902
2026-07-06T10:15:00+05:30,1072.9,1072.9,1070.5,1070.6,38334
2026-07-06T10:20:00+05:30,1070.8,1071,1069.1,1070.8,54869
2026-07-06T10:25:00+05:30,1070.7,1071.5,1069.7,1070.7,31601
2026-07-06T10:30:00+05:30,1070.7,1071.1,1069.2,1069.2,30315
2026-07-06T10:35:00+05:30,1069.2,1069.9,1068.2,1069.3,43804
2026-07-06T10:40:00+05:30,1069.3,1069.9,1067.5,1067.9,105675
2026-07-06T10:45:00+05:30,1067.9,1068,1066.9,1067.4,29462
2026-07-06T10:50:00+05:30,1067.4,1067.5,1065,1065.5,60895
2026-07-06T10:55:00+05:30,1065.3,1066.2,1064.9,1065.5,41068
2026-07-06T11:00:00+05:30,1065.5,1068.5,1065.3,1066.6,55453
2026-07-06T11:05:00+05:30,1066.9,1067.1,1066.3,1066.7,20873
2026-07-06T11:10:00+05:30,1066.7,1067.4,1066.3,1067.4,23556
2026-07-06T11:15:00+05:30,1067.4,1068,1066.5,1067.1,43438
2026-07-06T11:20:00+05:30,1067,1067.4,1066,1066.7,20662
2026-07-06T11:25:00+05:30,1066.7,1066.9,1065.2,1066.1,28556
2026-07-06T11:30:00+05:30,1066,1069.3,1065.5,1069.3,35080
2026-07-06T11:35:00+05:30,1069,1070.5,1069,1070.2,59170
2026-07-06T11:40:00+05:30,1070.5,1070.5,1069,1070.3,29674
2026-07-06T11:45:00+05:30,1070,1070.5,1068.5,1069.3,27126
2026-07-06T11:50:00+05:30,1069,1069,1067.3,1068.7,28564
2026-07-06T11:55:00+05:30,1068.7,1069.5,1068.4,1069.5,32046
2026-07-06T12:00:00+05:30,1069.4,1070,1069.1,1069.7,31011
2026-07-06T12:05:00+05:30,1069.5,1069.5,1068,1068.5,34305
2026-07-06T12:10:00+05:30,1068.4,1069,1067.4,1069,30803
2026-07-06T12:15:00+05:30,1069,1069,1064.8,1065,67702
2026-07-06T12:20:00+05:30,1065.6,1066.2,1065,1066.2,24879
2026-07-06T12:25:00+05:30,1066.2,1066.3,1065.2,1066.2,35866
2026-07-06T12:30:00+05:30,1065.7,1066.7,1065.2,1065.2,47965
2026-07-06T12:35:00+05:30,1065.2,1065.5,1063.2,1063.5,78509
2026-07-06T12:40:00+05:30,1063.5,1064,1062.6,1063.3,64863
2026-07-06T12:45:00+05:30,1063.3,1064.7,1062.8,1064.7,33678
2026-07-06T12:50:00+05:30,1064.7,1065,1063.5,1064.5,38886
2026-07-06T12:55:00+05:30,1064.5,1067.4,1064.2,1067.1,42288
2026-07-06T13:00:00+05:30,1067.1,1067.3,1066,1066.3,19587
2026-07-06T13:05:00+05:30,1066.2,1067.4,1066.1,1067.3,20975
2026-07-06T13:10:00+05:30,1067.3,1068.6,1066.8,1068,24095
2026-07-06T13:15:00+05:30,1067.9,1068.2,1067,1067.7,19481
2026-07-06T13:20:00+05:30,1067.6,1068,1067,1067.9,26299
2026-07-06T13:25:00+05:30,1067.9,1069,1066.2,1066.8,37839
2026-07-06T13:30:00+05:30,1066.8,1067.3,1065.3,1065.8,30241
2026-07-06T13:35:00+05:30,1065.8,1066,1065,1065.4,30161
2026-07-06T13:40:00+05:30,1065.4,1065.4,1064,1064.3,28563
2026-07-06T13:45:00+05:30,1064.3,1064.9,1063.6,1063.8,33332
2026-07-06T13:50:00+05:30,1063.9,1064.5,1062.5,1064.3,34292
2026-07-06T13:55:00+05:30,1064.3,1064.3,1063,1063.2,28490
2026-07-06T14:00:00+05:30,1063.2,1063.3,1061.8,1063.3,33181
2026-07-06T14:05:00+05:30,1062.9,1063.6,1061.4,1062.2,28831
2026-07-06T14:10:00+05:30,1062.2,1062.8,1061.5,1061.7,29471
2026-07-06T14:15:00+05:30,1061.7,1061.7,1060.5,1060.6,45340
2026-07-06T14:20:00+05:30,1060.5,1060.6,1057.8,1058.8,52970
2026-07-06T14:25:00+05:30,1059.2,1060.4,1058.5,1060.4,45734
2026-07-06T14:30:00+05:30,1060.4,1062.7,1060.3,1062.2,46970
2026-07-06T14:35:00+05:30,1062.1,1063.3,1061.6,1061.7,40095
2026-07-06T14:40:00+05:30,1062,1062.1,1060.5,1061,47821
2026-07-06T14:45:00+05:30,1061,1061.3,1059,1059.3,53760
2026-07-06T14:50:00+05:30,1059.1,1060.9,1059.1,1060.9,59974
2026-07-06T14:55:00+05:30,1060.8,1060.9,1058.4,1058.4,90982
2026-07-06T15:00:00+05:30,1058.9,1059.9,1058.8,1058.9,112000
2026-07-06T15:05:00+05:30,1058.9,1060.7,1058.8,1060.6,105582
2026-07-06T15:10:00+05:30,1060.6,1062.3,1060,1062.2,98947
2026-07-06T15:15:00+05:30,1062,1062.6,1061.9,1062.4,149659
2026-07-06T15:20:00+05:30,1062.5,1065.5,1062.2,1065.2,201612
2026-07-06T15:25:00+05:30,1065.3,1065.5,1065,1065.5,132620
2026-07-07T09:15:00+05:30,1070,1087.3,1067.4,1083,782269
2026-07-07T09:20:00+05:30,1083,1084.8,1080,1082,404604
2026-07-07T09:25:00+05:30,1081.4,1082.8,1077.2,1077.9,247264
2026-07-07T09:30:00+05:30,1077.7,1077.7,1072.4,1074,159890
2026-07-07T09:35:00+05:30,1074,1077.5,1073,1076.4,200036
2026-07-07T09:40:00+05:30,1076.4,1077.2,1072.8,1074.5,263580
2026-07-07T09:45:00+05:30,1074.5,1076.8,1073.5,1074.8,98866
2026-07-07T09:50:00+05:30,1074.8,1076,1074,1074.5,84775
2026-07-07T09:55:00+05:30,1074.5,1075.5,1074.3,1074.9,71338
2026-07-07T10:00:00+05:30,1075.1,1076.5,1074.1,1074.6,101334
2026-07-07T10:05:00+05:30,1074.6,1074.7,1073.4,1074.2,96295
2026-07-07T10:10:00+05:30,1074.2,1075.4,1073.5,1074.9,392133
2026-07-07T10:15:00+05:30,1075.4,1075.4,1074.5,1075,127903
2026-07-07T10:20:00+05:30,1075,1077,1074.5,1076.4,95491
2026-07-07T10:25:00+05:30,1076.4,1077.4,1075.5,1076.5,103135
2026-07-07T10:30:00+05:30,1076.5,1076.8,1075.8,1075.9,59436
2026-07-07T10:35:00+05:30,1075.7,1077.3,1075.1,1077.3,47559
2026-07-07T10:40:00+05:30,1077.3,1077.3,1074.7,1075.3,70720
2026-07-07T10:45:00+05:30,1075.1,1075.8,1073.5,1074.1,164132
2026-07-07T10:50:00+05:30,1074.1,1075.4,1072.9,1074.6,82407
2026-07-07T10:55:00+05:30,1074.6,1074.6,1070.8,1072,139380
2026-07-07T11:00:00+05:30,1072,1074.5,1071.9,1073.6,97060
2026-07-07T11:05:00+05:30,1073.6,1074.3,1073.5,1074.3,22988
2026-07-07T11:10:00+05:30,1074,1074.3,1073.7,1074,25733
2026-07-07T11:15:00+05:30,1074,1074.2,1073.9,1074.1,29436
2026-07-07T11:20:00+05:30,1074.1,1074.5,1073.6,1073.6,40961
2026-07-07T11:25:00+05:30,1073.6,1074.9,1073.6,1074.7,21500
2026-07-07T11:30:00+05:30,1074.7,1075.2,1074.2,1074.2,31927
2026-07-07T11:35:00+05:30,1074.1,1074.7,1073.9,1074.5,11029
2026-07-07T11:40:00+05:30,1074.6,1074.6,1073.7,1074.2,22219
2026-07-07T11:45:00+05:30,1074.2,1074.3,1073.6,1074,18111
2026-07-07T11:50:00+05:30,1074.1,1074.5,1073.9,1074.1,16277
2026-07-07T11:55:00+05:30,1074.1,1074.5,1073.8,1073.9,18189
2026-07-07T12:00:00+05:30,1073.9,1075,1073.9,1074.6,15886
2026-07-07T12:05:00+05:30,1074.5,1076.1,1073.9,1074.3,39877
2026-07-07T12:10:00+05:30,1074.3,1076.2,1073.9,1075.7,152853
2026-07-07T12:15:00+05:30,1075.8,1076,1072.9,1073.2,59910
2026-07-07T12:20:00+05:30,1073.2,1074.6,1073.1,1074.2,43033
2026-07-07T12:25:00+05:30,1074.1,1076.2,1074,1075.9,37549
2026-07-07T12:30:00+05:30,1075.9,1077.3,1074.8,1076,264825
2026-07-07T12:35:00+05:30,1075.9,1076.3,1075.5,1076.3,15322
2026-07-07T12:40:00+05:30,1076.2,1076.2,1074.3,1076.2,20658
2026-07-07T12:45:00+05:30,1076,1076.4,1075,1076.3,14359
2026-07-07T12:50:00+05:30,1076.2,1076.3,1073,1074.5,48648
2026-07-07T12:55:00+05:30,1074.5,1074.9,1072.9,1074.9,48154
2026-07-07T13:00:00+05:30,1074.6,1075,1073.7,1075,47416
2026-07-07T13:05:00+05:30,1075,1075.2,1074,1074.1,23966
2026-07-07T13:10:00+05:30,1074.1,1074.3,1071.6,1072.7,30058
2026-07-07T13:15:00+05:30,1072.7,1072.7,1071.1,1072,63060
2026-07-07T13:20:00+05:30,1072,1072.4,1069.7,1070.2,82302
2026-07-07T13:25:00+05:30,1070.2,1073.4,1070.1,1073.4,98335
2026-07-07T13:30:00+05:30,1073.3,1073.8,1072.5,1073.4,28261
2026-07-07T13:35:00+05:30,1073.4,1074,1073.3,1073.4,25287
2026-07-07T13:40:00+05:30,1073.6,1074.7,1073.3,1074.4,15900
2026-07-07T13:45:00+05:30,1074.4,1075.7,1074.4,1075,50832
2026-07-07T13:50:00+05:30,1075,1075.8,1074.1,1075.2,237905
2026-07-07T13:55:00+05:30,1075.3,1075.9,1075,1075.6,38958
2026-07-07T14:00:00+05:30,1075.6,1076,1075,1075.9,30652
2026-07-07T14:05:00+05:30,1075.6,1075.8,1074.9,1075,22367
2026-07-07T14:10:00+05:30,1074.8,1076.3,1074.8,1075.5,49563
2026-07-07T14:15:00+05:30,1075.5,1075.9,1075,1075.4,26227
2026-07-07T14:20:00+05:30,1075.4,1075.8,1075,1075,30539
2026-07-07T14:25:00+05:30,1075,1077,1075,1076.7,43904
2026-07-07T14:30:00+05:30,1076.7,1077,1075.6,1076.6,177437
2026-07-07T14:35:00+05:30,1076.6,1076.6,1075,1076,157671
2026-07-07T14:40:00+05:30,1076.2,1077.1,1075,1075.3,60215
2026-07-07T14:45:00+05:30,1075.3,1076,1075.2,1075.3,48440
2026-07-07T14:50:00+05:30,1075,1075.5,1074.8,1075,53012
2026-07-07T14:55:00+05:30,1075,1075.7,1074.4,1074.7,505070
2026-07-07T15:00:00+05:30,1074.8,1074.8,1068.2,1069.4,205828
2026-07-07T15:05:00+05:30,1069.4,1069.4,1067.5,1069.4,268783
2026-07-07T15:10:00+05:30,1069.4,1069.8,1068,1068.7,236637
2026-07-07T15:15:00+05:30,1068.7,1068.7,1063.6,1064.9,411737
2026-07-07T15:20:00+05:30,1065,1065.1,1062.3,1063.7,218717
2026-07-07T15:25:00+05:30,1063.8,1063.8,1058.7,1062.9,146951
2026-07-08T09:15:00+05:30,1058,1058,1035.6,1038,441124
2026-07-08T09:20:00+05:30,1038.1,1038.6,1034,1035.4,161885
2026-07-08T09:25:00+05:30,1035.4,1037.9,1035,1036.8,118201
2026-07-08T09:30:00+05:30,1036.8,1036.8,1034.2,1035.5,83835
2026-07-08T09:35:00+05:30,1035.6,1039.6,1035.6,1037.1,73115
2026-07-08T09:40:00+05:30,1037.4,1039.2,1037,1039,63995
2026-07-08T09:45:00+05:30,1038.4,1040,1037,1038.2,86861
2026-07-08T09:50:00+05:30,1038.2,1040,1037.8,1038.5,65812
2026-07-08T09:55:00+05:30,1038.1,1040,1036.6,1037.4,53227
2026-07-08T10:00:00+05:30,1037.4,1037.5,1034.6,1035.7,64073
2026-07-08T10:05:00+05:30,1035.4,1039.6,1035.3,1037.4,108904
2026-07-08T10:10:00+05:30,1037.3,1041.4,1037,1040.4,66245
2026-07-08T10:15:00+05:30,1040.2,1040.9,1038.7,1040.2,35589
2026-07-08T10:20:00+05:30,1040.6,1041.4,1038.5,1038.5,38841
2026-07-08T10:25:00+05:30,1038.5,1042.5,1037.6,1042.3,56730
2026-07-08T10:30:00+05:30,1042.1,1043.9,1042,1042.9,48305
2026-07-08T10:35:00+05:30,1043.2,1047.5,1043.2,1046.2,105097
2026-07-08T10:40:00+05:30,1046.2,1046.4,1044,1045.4,90416
2026-07-08T10:45:00+05:30,1045.4,1045.8,1044,1044.2,66707
2026-07-08T10:50:00+05:30,1044.5,1045.5,1043.6,1044,32597
2026-07-08T10:55:00+05:30,1044,1047.6,1043.6,1046.3,53610
2026-07-08T11:00:00+05:30,1046.6,1047.2,1045.2,1045.8,20389
2026-07-08T11:05:00+05:30,1045.7,1046,1044.5,1045.3,15395
2026-07-08T11:10:00+05:30,1045.3,1048,1045,1045.7,31660
2026-07-08T11:15:00+05:30,1045.7,1046.6,1045.5,1046.1,11710
2026-07-08T11:20:00+05:30,1046,1047.2,1045.5,1047.2,14703
2026-07-08T11:25:00+05:30,1047.4,1048.2,1046.5,1047.1,34846
2026-07-08T11:30:00+05:30,1047.1,1047.2,1045.8,1046.7,34610
2026-07-08T11:35:00+05:30,1046.7,1047.3,1045.7,1046,63918
2026-07-08T11:40:00+05:30,1046,1046,1044.9,1045.7,43320
2026-07-08T11:45:00+05:30,1045.5,1046,1045.1,1045.2,45398
2026-07-08T11:50:00+05:30,1044.9,1046.3,1044.2,1046.3,25466
2026-07-08T11:55:00+05:30,1046.3,1046.9,1044.8,1046.5,18198
2026-07-08T12:00:00+05:30,1046.5,1048.9,1044.8,1047,245651
2026-07-08T12:05:00+05:30,1047,1048,1046.4,1047.1,69446
2026-07-08T12:10:00+05:30,1047.1,1047.4,1046.2,1046.7,47439
2026-07-08T12:15:00+05:30,1047,1047,1045.5,1045.9,37741
2026-07-08T12:20:00+05:30,1046,1046.5,1045,1045.2,26682
2026-07-08T12:25:00+05:30,1045.2,1045.7,1043.7,1043.7,29716
2026-07-08T12:30:00+05:30,1043.9,1043.9,1041.8,1042,29942
2026-07-08T12:35:00+05:30,1041.8,1042.9,1041.4,1042.1,17577
2026-07-08T12:40:00+05:30,1042.1,1042.8,1040.6,1042.2,19031
2026-07-08T12:45:00+05:30,1042,1045.5,1042,1045,35508
2026-07-08T12:50:00+05:30,1044.6,1045.7,1044.5,1044.9,16103
2026-07-08T12:55:00+05:30,1044.9,1045,1043.5,1044,23111
2026-07-08T13:00:00+05:30,1044,1045.2,1043.5,1045.2,21564
2026-07-08T13:05:00+05:30,1045.2,1046.3,1044.9,1045.2,23824
2026-07-08T13:10:00+05:30,1045.2,1045.2,1044.2,1044.8,31815
2026-07-08T13:15:00+05:30,1044.8,1044.9,1043.6,1043.8,16786
2026-07-08T13:20:00+05:30,1043.9,1045.5,1043.8,1045.5,20274
2026-07-08T13:25:00+05:30,1045.5,1046.6,1044.5,1045.7,28408
2026-07-08T13:30:00+05:30,1045.7,1045.7,1044.1,1044.8,24914
2026-07-08T13:35:00+05:30,1044.8,1044.8,1043,1043.9,22913
2026-07-08T13:40:00+05:30,1043.9,1044.6,1043.2,1044,21756
2026-07-08T13:45:00+05:30,1044,1044.6,1037.7,1038.5,80650
2026-07-08T13:50:00+05:30,1038.5,1038.9,1033,1033.6,193143
2026-07-08T13:55:00+05:30,1033.4,1035.1,1027.4,1027.4,131986
2026-07-08T14:00:00+05:30,1028,1029,1024.8,1024.8,134682
2026-07-08T14:05:00+05:30,1024.3,1025.8,1018.6,1019,238907
2026-07-08T14:10:00+05:30,1019.7,1021.8,1016.2,1017.8,185042
2026-07-08T14:15:00+05:30,1017.7,1019,1012.2,1014,355200
2026-07-08T14:20:00+05:30,1014,1015,1011.6,1013.4,78349
2026-07-08T14:25:00+05:30,1013.4,1013.9,1011.2,1012.4,76581
2026-07-08T14:30:00+05:30,1012.4,1015,1011.8,1012.1,69741
2026-07-08T14:35:00+05:30,1012.4,1013.4,1009.1,1010.5,125639
2026-07-08T14:40:00+05:30,1010.1,1011.7,1008.5,1010.3,89124
2026-07-08T14:45:00+05:30,1010.3,1010.3,1005,1006.6,156374
2026-07-08T14:50:00+05:30,1006.5,1010,1006.5,1009,170794
2026-07-08T14:55:00+05:30,1009,1011.8,1008,1011.7,68972
2026-07-08T15:00:00+05:30,1010.8,1015,1010.8,1013.4,158773
2026-07-08T15:05:00+05:30,1013.4,1015,1013,1015,191406
2026-07-08T15:10:00+05:30,1015,1015.5,1013.4,1014.7,239986
2026-07-08T15:15:00+05:30,1014.7,1015.3,1013.5,1014.6,238690
2026-07-08T15:20:00+05:30,1015,1015.7,1013.7,1014.6,254316
2026-07-08T15:25:00+05:30,1014.8,1015,1012.1,1014.9,171596
2026-07-09T09:15:00+05:30,1019.4,1029.3,1019.4,1027.1,228465
2026-07-09T09:20:00+05:30,1027.2,1028.4,1023.2,1026.4,787124
2026-07-09T09:25:00+05:30,1026,1026.6,1023.5,1025.5,63313
2026-07-09T09:30:00+05:30,1025.5,1027.5,1024.3,1025,77665
2026-07-09T09:35:00+05:30,1024.8,1025.4,1022.5,1024.3,31787
2026-07-09T09:40:00+05:30,1024.2,1024.4,1022,1024.4,63625
2026-07-09T09:45:00+05:30,1024.7,1027,1024.1,1024.7,33874
2026-07-09T09:50:00+05:30,1024.9,1026.4,1023.5,1025,25809
2026-07-09T09:55:00+05:30,1024.6,1025.8,1023.5,1023.9,21428
2026-07-09T10:00:00+05:30,1023.5,1026.5,1023.3,1023.6,36847
2026-07-09T10:05:00+05:30,1023.5,1024.1,1023,1023.4,22895
2026-07-09T10:10:00+05:30,1023,1023.1,1022,1022,30780
2026-07-09T10:15:00+05:30,1022,1023,1021.1,1021.7,35862
2026-07-09T10:20:00+05:30,1021.5,1021.9,1017.3,1018.9,63649
2026-07-09T10:25:00+05:30,1019,1019.4,1018.1,1018.6,30491
2026-07-09T10:30:00+05:30,1018.6,1019.1,1016.5,1017.2,30560
2026-07-09T10:35:00+05:30,1017.2,1018.1,1015,1018.1,48143
2026-07-09T10:40:00+05:30,1018.3,1024.2,1018.2,1021.6,170346
2026-07-09T10:45:00+05:30,1021.5,1021.7,1018.1,1018.7,25252
2026-07-09T10:50:00+05:30,1018.9,1020.1,1018.1,1020.1,17857
2026-07-09T10:55:00+05:30,1019.8,1020.2,1017.9,1018.9,41616
2026-07-09T11:00:00+05:30,1018.9,1021.9,1017.8,1021.9,20785
2026-07-09T11:05:00+05:30,1021.6,1022.4,1020.7,1022.4,19428
2026-07-09T11:10:00+05:30,1022.4,1023.9,1022.3,1023.4,16481
2026-07-09T11:15:00+05:30,1023.4,1027,1023,1025.9,108050
2026-07-09T11:20:00+05:30,1025.9,1029.3,1024.4,1028.8,102268
2026-07-09T11:25:00+05:30,1029.1,1038,1028.8,1036.7,140717
2026-07-09T11:30:00+05:30,1036.6,1036.6,1032.6,1033.6,49006
2026-07-09T11:35:00+05:30,1033.6,1035.3,1032.8,1035.1,24187
2026-07-09T11:40:00+05:30,1035.1,1036,1034.6,1035.9,24632
2026-07-09T11:45:00+05:30,1035.8,1036.6,1035,1036.5,23277
2026-07-09T11:50:00+05:30,1036.3,1039,1036.3,1037.1,48558
2026-07-09T11:55:00+05:30,1037.1,1038.5,1036.3,1037.4,24494
2026-07-09T12:00:00+05:30,1036.9,1038.1,1036.9,1037.2,24019
2026-07-09T12:05:00+05:30,1036.8,1037.5,1035.1,1035.2,19671
2026-07-09T12:10:00+05:30,1035.3,1036.4,1035,1035.9,17242
2026-07-09T12:15:00+05:30,1036,1036.9,1035.2,1035.4,20876
2026-07-09T12:20:00+05:30,1035.4,1036.3,1035,1035.8,13488
2026-07-09T12:25:00+05:30,1035.8,1037.7,1035.4,1037.4,21743
2026-07-09T12:30:00+05:30,1037.4,1039.8,1037.1,1037.2,44392
2026-07-09T12:35:00+05:30,1036.6,1037.8,1035.8,1037.4,21899
2026-07-09T12:40:00+05:30,1037.4,1037.5,1034.7,1035.4,22229
2026-07-09T12:45:00+05:30,1035.4,1037.4,1035.3,1037.1,20525
2026-07-09T12:50:00+05:30,1037,1038.2,1036.3,1038,11981
2026-07-09T12:55:00+05:30,1038,1039.1,1037.3,1037.6,27280
2026-07-09T13:00:00+05:30,1037.8,1037.8,1036.3,1037,15075
2026-07-09T13:05:00+05:30,1036.7,1037,1036.2,1036.7,10703
2026-07-09T13:10:00+05:30,1036.8,1037,1036.5,1037,7918
2026-07-09T13:15:00+05:30,1037,1037.9,1036.5,1037.8,12882
2026-07-09T13:20:00+05:30,1038,1038.2,1036.6,1036.9,16171
2026-07-09T13:25:00+05:30,1037,1038,1036.4,1037.9,19552
2026-07-09T13:30:00+05:30,1038,1039,1036.9,1038.8,21715
2026-07-09T13:35:00+05:30,1038.8,1039.7,1038.2,1038.9,19506
2026-07-09T13:40:00+05:30,1039.1,1039.3,1038.2,1038.8,15473
2026-07-09T13:45:00+05:30,1038.8,1039.2,1038.1,1038.3,14295
2026-07-09T13:50:00+05:30,1038.6,1038.9,1036.6,1036.7,43466
2026-07-09T13:55:00+05:30,1037.1,1037.3,1035.9,1036.6,37026
2026-07-09T14:00:00+05:30,1036.6,1036.9,1035.5,1036.6,32798
2026-07-09T14:05:00+05:30,1036.6,1036.9,1035.2,1035.3,36217
2026-07-09T14:10:00+05:30,1035.3,1036,1034.1,1036,36900
2026-07-09T14:15:00+05:30,1036.1,1037,1034.7,1034.9,35450
2026-07-09T14:20:00+05:30,1035,1036.2,1034.5,1035.9,27206
2026-07-09T14:25:00+05:30,1035.9,1036.7,1035.2,1035.5,32264
2026-07-09T14:30:00+05:30,1035.5,1035.9,1034.3,1035.4,34844
2026-07-09T14:35:00+05:30,1035.4,1035.7,1033.7,1033.9,26182
2026-07-09T14:40:00+05:30,1033.9,1033.9,1032.1,1033.3,57818
2026-07-09T14:45:00+05:30,1033.4,1033.5,1032.1,1032.8,26917
2026-07-09T14:50:00+05:30,1032.9,1034.3,1032.6,1034,50757
2026-07-09T14:55:00+05:30,1033.9,1034.4,1032.2,1034.3,57845
2026-07-09T15:00:00+05:30,1033.4,1033.4,1030.2,1031,64101
2026-07-09T15:05:00+05:30,1030.9,1031.9,1029.2,1031.2,80947
2026-07-09T15:10:00+05:30,1031.4,1031.4,1029.7,1029.7,56310
2026-07-09T15:15:00+05:30,1029.5,1031.9,1029.2,1031.3,85923
2026-07-09T15:20:00+05:30,1031.4,1034.1,1031.1,1032.2,109941
2026-07-09T15:25:00+05:30,1032.2,1035.4,1031.7,1033.9,114795
2026-07-10T09:15:00+05:30,1049,1050.7,1040.1,1047.7,150694
2026-07-10T09:20:00+05:30,1047.1,1048.7,1046.2,1048.3,47663
2026-07-10T09:25:00+05:30,1048.3,1052,1046.6,1047.2,99309
2026-07-10T09:30:00+05:30,1047.7,1048.6,1047,1047.5,64357
2026-07-10T09:35:00+05:30,1047.5,1047.5,1046.1,1047.1,35540
2026-07-10T09:40:00+05:30,1047.3,1047.6,1045.5,1046.6,32568
2026-07-10T09:45:00+05:30,1046.7,1049.5,1046.3,1049.5,60600
2026-07-10T09:50:00+05:30,1047.3,1047.7,1043.8,1044.1,76646
2026-07-10T09:55:00+05:30,1044.1,1045.9,1044.1,1045.8,14100
2026-07-10T10:00:00+05:30,1045.9,1046.6,1044,1044.8,22035
2026-07-10T10:05:00+05:30,1044.8,1045.9,1044.5,1045,13505
2026-07-10T10:10:00+05:30,1045,1045.3,1044,1044,49607
2026-07-10T10:15:00+05:30,1044,1046.8,1044,1045.7,38609
2026-07-10T10:20:00+05:30,1045.7,1049.3,1045.6,1048.6,83588
2026-07-10T10:25:00+05:30,1049,1049.4,1046.3,1046.9,27449
2026-07-10T10:30:00+05:30,1047.2,1047.3,1046.6,1047.2,12103
2026-07-10T10:35:00+05:30,1047.3,1048.3,1046.9,1047.3,23184
2026-07-10T10:40:00+05:30,1047.3,1048,1046.4,1047.9,14461
2026-07-10T10:45:00+05:30,1048,1048.2,1046.8,1046.9,15782
2026-07-10T10:50:00+05:30,1047.1,1047.2,1046,1046,14709
2026-07-10T10:55:00+05:30,1046.1,1047,1045.6,1046.4,13845
2026-07-10T11:00:00+05:30,1046.6,1047.6,1046,1046.8,15572
2026-07-10T11:05:00+05:30,1046.7,1047,1046,1046.1,17150
2026-07-10T11:10:00+05:30,1046.4,1047.9,1046.1,1047.9,13962
2026-07-10T11:15:00+05:30,1047.9,1048.5,1046.7,1047.5,22753
2026-07-10T11:20:00+05:30,1047.5,1047.7,1046.4,1047.2,14574
2026-07-10T11:25:00+05:30,1047.2,1047.2,1046.3,1047,10353
2026-07-10T11:30:00+05:30,1047,1047,1045.5,1046.5,15013
2026-07-10T11:35:00+05:30,1046.7,1047.2,1046.3,1046.9,18286
2026-07-10T11:40:00+05:30,1047,1047,1045.7,1046.3,9802
2026-07-10T11:45:00+05:30,1046.3,1047,1046.1,1047,11411
2026-07-10T11:50:00+05:30,1047,1048.4,1045,1045.7,108547
2026-07-10T11:55:00+05:30,1045.7,1046,1044,1045.2,18800
2026-07-10T12:00:00+05:30,1045.2,1046.7,1043.2,1044.1,28717
2026-07-10T12:05:00+05:30,1044.1,1045.4,1043.1,1045.3,18633
2026-07-10T12:10:00+05:30,1045.3,1045.3,1044.2,1044.4,20290
2026-07-10T12:15:00+05:30,1044.5,1045.3,1043.9,1044,35240
2026-07-10T12:20:00+05:30,1043.8,1044.4,1043.4,1043.7,15523
2026-07-10T12:25:00+05:30,1044,1045,1043.7,1045,12921
2026-07-10T12:30:00+05:30,1045,1045.2,1044.6,1044.6,12528
2026-07-10T12:35:00+05:30,1044.9,1044.9,1042.6,1043.7,19641
2026-07-10T12:40:00+05:30,1043.9,1044.7,1043.6,1044.1,12701
2026-07-10T12:45:00+05:30,1044.1,1045.2,1044.1,1044.6,19833
2026-07-10T12:50:00+05:30,1044.7,1044.7,1042.8,1043.2,14604
2026-07-10T12:55:00+05:30,1043.5,1043.5,1043,1043,9677
2026-07-10T13:00:00+05:30,1043.1,1043.8,1042.6,1043.2,16326
2026-07-10T13:05:00+05:30,1043.4,1043.7,1042.3,1042.3,19681
2026-07-10T13:10:00+05:30,1042.4,1042.4,1041.4,1041.6,20606
2026-07-10T13:15:00+05:30,1041.6,1041.7,1040.6,1041.1,25569
2026-07-10T13:20:00+05:30,1041.1,1041.3,1039,1040,47710
2026-07-10T13:25:00+05:30,1040.1,1042.2,1040.1,1041.9,34063
2026-07-10T13:30:00+05:30,1042.2,1042.3,1041.3,1042.3,18697
2026-07-10T13:35:00+05:30,1042.3,1042.9,1041.3,1041.4,48801
2026-07-10T13:40:00+05:30,1041.5,1042.3,1040.4,1041.8,135479
2026-07-10T13:45:00+05:30,1041.8,1042.4,1041.1,1041.9,20521
2026-07-10T13:50:00+05:30,1041.9,1042.8,1041.4,1042.8,49336
2026-07-10T13:55:00+05:30,1042.8,1042.9,1041.4,1041.5,24177
2026-07-10T14:00:00+05:30,1041.5,1043,1041.5,1042.5,44607
2026-07-10T14:05:00+05:30,1042.5,1042.6,1040.8,1041.1,17409
2026-07-10T14:10:00+05:30,1041.1,1041.4,1040.7,1041.4,83744
2026-07-10T14:15:00+05:30,1041.4,1042.8,1041.2,1042.5,28622
2026-07-10T14:20:00+05:30,1042.5,1043.1,1042,1043.1,17370
2026-07-10T14:25:00+05:30,1043.1,1043.1,1042.2,1042.4,8464
2026-07-10T14:30:00+05:30,1042.4,1042.4,1040.9,1041.4,18922
2026-07-10T14:35:00+05:30,1041.4,1041.9,1040.9,1041.6,21635
2026-07-10T14:40:00+05:30,1041.6,1041.7,1040.8,1041.6,21604
2026-07-10T14:45:00+05:30,1041.6,1044,1041.4,1043.1,32578
2026-07-10T14:50:00+05:30,1043.1,1043.1,1042.2,1042.6,29056
2026-07-10T14:55:00+05:30,1042.6,1043.9,1042.5,1043.8,31444
2026-07-10T15:00:00+05:30,1043.8,1044.9,1043,1044.8,88104
2026-07-10T15:05:00+05:30,1044.8,1045.8,1044.8,1045.8,85186
2026-07-10T15:10:00+05:30,1045.7,1046,1045,1045.9,81585
2026-07-10T15:15:00+05:30,1045.6,1045.6,1042.5,1043.1,98300
2026-07-10T15:20:00+05:30,1043.1,1043.8,1042.4,1042.8,85586
2026-07-10T15:25:00+05:30,1042.8,1042.9,1040,1041.3,72898
2026-07-13T09:15:00+05:30,1019.9,1028.2,1017,1027,148714
2026-07-13T09:20:00+05:30,1027,1028,1025.3,1026.7,55329
2026-07-13T09:25:00+05:30,1026.8,1030,1025.8,1029.3,125915
2026-07-13T09:30:00+05:30,1029.9,1032.6,1028.2,1032.5,60165
2026-07-13T09:35:00+05:30,1032.4,1039.3,1032.2,1038.3,114944
2026-07-13T09:40:00+05:30,1038.8,1039.2,1036,1037.7,72300
2026-07-13T09:45:00+05:30,1037.7,1041.3,1037.1,1041.1,57318
2026-07-13T09:50:00+05:30,1041.1,1045,1040,1044.1,70893
2026-07-13T09:55:00+05:30,1044.1,1045,1042,1042.2,75636
2026-07-13T10:00:00+05:30,1042.2,1043,1039.5,1040.7,56400
2026-07-13T10:05:00+05:30,1041.2,1041.9,1039.8,1041.2,25058
2026-07-13T10:10:00+05:30,1041.2,1041.8,1040.5,1041.5,19044
2026-07-13T10:15:00+05:30,1041.5,1043,1039.8,1042.8,38585
2026-07-13T10:20:00+05:30,1042.6,1044.3,1041,1041.5,22773
2026-07-13T10:25:00+05:30,1041.5,1042.4,1041,1041.7,20910
2026-07-13T10:30:00+05:30,1041.7,1042.5,1041.1,1042.5,18562
2026-07-13T10:35:00+05:30,1042.5,1047,1042.5,1046.5,59370
2026-07-13T10:40:00+05:30,1046.5,1047.4,1045,1045.6,60635
2026-07-13T10:45:00+05:30,1045.1,1045.6,1043.4,1043.6,16394
2026-07-13T10:50:00+05:30,1043.6,1043.8,1041.6,1042,16963
2026-07-13T10:55:00+05:30,1042,1044,1041.4,1044,12911
2026-07-13T11:00:00+05:30,1044,1044.5,1043.4,1044.5,12097
2026-07-13T11:05:00+05:30,1044.5,1044.8,1044,1044.1,15471
2026-07-13T11:10:00+05:30,1044.1,1044.5,1043,1043.9,13523
2026-07-13T11:15:00+05:30,1043.6,1044.5,1043.3,1044.1,11099
2026-07-13T11:20:00+05:30,1044.1,1044.5,1043.4,1043.8,12128
2026-07-13T11:25:00+05:30,1043.8,1044.2,1042.7,1043.9,16819
2026-07-13T11:30:00+05:30,1043.9,1044.1,1043.2,1044,10948
2026-07-13T11:35:00+05:30,1044,1044,1042.6,1042.7,15083
2026-07-13T11:40:00+05:30,1042.7,1043.3,1042.2,1042.5,10607
2026-07-13T11:45:00+05:30,1042.5,1043.1,1042.1,1042.5,8841
2026-07-13T11:50:00+05:30,1042.5,1042.5,1041.8,1042.1,28392
2026-07-13T11:55:00+05:30,1042,1042.5,1041.9,1042.3,19652
2026-07-13T12:00:00+05:30,1042.3,1043.1,1042,1042.6,9041
2026-07-13T12:05:00+05:30,1042.3,1042.6,1042,1042.2,12981
2026-07-13T12:10:00+05:30,1042.2,1044.5,1042,1043.5,23365
2026-07-13T12:15:00+05:30,1043.5,1044.1,1042.9,1044,9324
2026-07-13T12:20:00+05:30,1043.8,1047,1043.5,1044.8,56843
2026-07-13T12:25:00+05:30,1045,1045.9,1043.8,1045,119091
2026-07-13T12:30:00+05:30,1045,1045.9,1044.6,1045.8,12094
2026-07-13T12:35:00+05:30,1045.8,1046.3,1043,1044.1,31088
2026-07-13T12:40:00+05:30,1044.1,1044.4,1042.5,1043.5,31052
2026-07-13T12:45:00+05:30,1043.5,1043.5,1042.6,1043,10804
2026-07-13T12:50:00+05:30,1043,1046.7,1042.6,1045.7,107160
2026-07-13T12:55:00+05:30,1045.5,1045.7,1044.6,1044.9,9908
2026-07-13T13:00:00+05:30,1044.8,1045.2,1044.4,1044.4,19943
2026-07-13T13:05:00+05:30,1044.9,1045.4,1044,1045.2,16955
2026-07-13T13:10:00+05:30,1045.2,1045.7,1044.9,1045.6,15622
2026-07-13T13:15:00+05:30,1045,1045.5,1044.9,1045,9426
2026-07-13T13:20:00+05:30,1045,1045,1044.1,1044.1,11984
2026-07-13T13:25:00+05:30,1044.1,1044.5,1042.1,1042.9,24217
2026-07-13T13:30:00+05:30,1042.9,1043.6,1042.6,1043,12732
2026-07-13T13:35:00+05:30,1043,1044,1042.3,1043.3,25049
2026-07-13T13:40:00+05:30,1043.3,1043.4,1043,1043.3,15961
2026-07-13T13:45:00+05:30,1043.3,1046.9,1043,1046.9,83801
2026-07-13T13:50:00+05:30,1046.9,1046.9,1045.4,1045.9,8493
2026-07-13T13:55:00+05:30,1045.9,1046,1045.1,1045.9,9006
2026-07-13T14:00:00+05:30,1045.9,1046.3,1043.9,1046,37900
2026-07-13T14:05:00+05:30,1046,1046.5,1045.3,1046.2,8891
2026-07-13T14:10:00+05:30,1046.2,1047,1046,1046.9,27325
2026-07-13T14:15:00+05:30,1047,1049.6,1046.6,1049.6,36853
2026-07-13T14:20:00+05:30,1049.5,1053.1,1049.2,1052.6,59565
2026-07-13T14:25:00+05:30,1052.6,1053,1051.1,1052,39461
2026-07-13T14:30:00+05:30,1051.8,1052,1048.8,1049.5,90558
2026-07-13T14:35:00+05:30,1049.5,1050,1048,1048.3,71088
2026-07-13T14:40:00+05:30,1048,1048.7,1047.2,1047.9,13009
2026-07-13T14:45:00+05:30,1047.3,1048.2,1047.3,1047.7,11855
2026-07-13T14:50:00+05:30,1047.9,1048.7,1047.6,1048.5,9665
2026-07-13T14:55:00+05:30,1048.5,1049.9,1047.5,1049,74089
2026-07-13T15:00:00+05:30,1048.4,1049.7,1048.4,1049.1,80973
2026-07-13T15:05:00+05:30,1049.1,1049.7,1047.5,1047.5,116960
2026-07-13T15:10:00+05:30,1047.5,1047.8,1046.5,1046.8,126716
2026-07-13T15:15:00+05:30,1046.8,1049.7,1046.8,1048.4,240923
2026-07-13T15:20:00+05:30,1048.4,1049.4,1048.2,1049.2,67359
2026-07-13T15:25:00+05:30,1049.3,1049.3,1047.9,1048,61238
2026-07-14T09:15:00+05:30,1040,1042.3,1020.1,1025,308646
2026-07-14T09:20:00+05:30,1025.4,1025.4,1018.2,1023.6,244671
2026-07-14T09:25:00+05:30,1023.5,1024.7,1021,1021.8,130325
2026-07-14T09:30:00+05:30,1021.6,1022.8,1020.1,1022.2,86980
2026-07-14T09:35:00+05:30,1022.3,1022.9,1020.1,1020.3,103431
2026-07-14T09:40:00+05:30,1020.3,1020.5,1007,1009.5,778508
2026-07-14T09:45:00+05:30,1009.5,1009.7,1007.4,1009.2,163342
2026-07-14T09:50:00+05:30,1009.4,1013.7,1008,1012.6,144431
2026-07-14T09:55:00+05:30,1012.6,1014.2,1011.5,1012.3,70321
2026-07-14T10:00:00+05:30,1012.4,1014.9,1011.5,1014.8,52171
2026-07-14T10:05:00+05:30,1014.7,1015.7,1013.4,1015.3,41979
2026-07-14T10:10:00+05:30,1015.7,1015.8,1014.6,1014.8,39524
2026-07-14T10:15:00+05:30,1014.8,1014.8,1011.4,1012.4,45380
2026-07-14T10:20:00+05:30,1012.2,1014.5,1012,1012.2,44108
2026-07-14T10:25:00+05:30,1012.2,1012.5,1010.1,1011,40042
2026-07-14T10:30:00+05:30,1010.9,1014.1,1010.5,1013.4,30570
2026-07-14T10:35:00+05:30,1013.2,1015.9,1012,1014.8,94875
2026-07-14T10:40:00+05:30,1014.8,1017.7,1014.2,1017.1,127707
2026-07-14T10:45:00+05:30,1017.1,1018,1016.7,1017.9,67290
2026-07-14T10:50:00+05:30,1017.9,1023.3,1017.9,1022,205245
2026-07-14T10:55:00+05:30,1022.2,1023.2,1021,1023.2,50079
2026-07-14T11:00:00+05:30,1023.2,1025.5,1022.5,1025.2,140335
2026-07-14T11:05:00+05:30,1025.1,1025.5,1024.8,1025.4,45935
2026-07-14T11:10:00+05:30,1025.4,1027.4,1024.5,1026.8,63973
2026-07-14T11:15:00+05:30,1026.6,1026.7,1025,1025.7,28647
2026-07-14T11:20:00+05:30,1025.7,1028,1025.7,1027.2,41542
2026-07-14T11:25:00+05:30,1027.3,1027.7,1026.5,1027.2,26498
2026-07-14T11:30:00+05:30,1027.2,1030.6,1026.8,1030.1,114343
2026-07-14T11:35:00+05:30,1030.1,1030.2,1025.1,1025.7,68061
2026-07-14T11:40:00+05:30,1025.9,1026.5,1025,1026.3,108702
2026-07-14T11:45:00+05:30,1026.2,1026.6,1025.2,1025.9,19729
2026-07-14T11:50:00+05:30,1025.9,1027.3,1025.2,1025.5,34272
2026-07-14T11:55:00+05:30,1025.6,1026.2,1025,1026.1,88022
2026-07-14T12:00:00+05:30,1026,1027.4,1025.4,1025.7,28455
2026-07-14T12:05:00+05:30,1025.7,1026,1025,1025.9,34405
2026-07-14T12:10:00+05:30,1025.7,1026.1,1025,1026,30473
2026-07-14T12:15:00+05:30,1025.8,1025.9,1022.8,1024.3,106488
2026-07-14T12:20:00+05:30,1024.3,1024.8,1023.6,1024.4,17479
2026-07-14T12:25:00+05:30,1024.4,1024.9,1024,1024.1,96395
2026-07-14T12:30:00+05:30,1024.1,1024.7,1022.4,1023.3,122458
2026-07-14T12:35:00+05:30,1023.3,1025.1,1023.1,1024.4,30653
2026-07-14T12:40:00+05:30,1024.2,1024.6,1022.5,1024.5,100859
2026-07-14T12:45:00+05:30,1024.5,1026,1022.5,1025.1,130239
2026-07-14T12:50:00+05:30,1025,1026.5,1025,1025.1,20570
2026-07-14T12:55:00+05:30,1025.2,1026.4,1025,1025,21150
2026-07-14T13:00:00+05:30,1025.2,1025.3,1023.4,1025.2,36724
2026-07-14T13:05:00+05:30,1025.1,1025.9,1022.1,1023,32097
2026-07-14T13:10:00+05:30,1023.1,1023.8,1021.4,1023.4,38128
2026-07-14T13:15:00+05:30,1023.4,1023.7,1019,1020.9,78382
2026-07-14T13:20:00+05:30,1020.9,1023,1020.8,1022.4,22933
2026-07-14T13:25:00+05:30,1022.3,1022.4,1020.8,1021.7,31367
2026-07-14T13:30:00+05:30,1021.6,1021.7,1019.4,1019.6,47385
2026-07-14T13:35:00+05:30,1019.6,1019.9,1014.5,1014.9,58456
2026-07-14T13:40:00+05:30,1015.2,1016,1013.7,1015.6,46423
2026-07-14T13:45:00+05:30,1015.5,1017.6,1015.5,1017,28443
2026-07-14T13:50:00+05:30,1016.9,1017.3,1014.9,1015.4,33219
2026-07-14T13:55:00+05:30,1015.4,1016.1,1015,1015.4,26375
2026-07-14T14:00:00+05:30,1015.3,1017.2,1015,1015.5,71908
2026-07-14T14:05:00+05:30,1015.4,1016.5,1014.4,1015.4,41839
2026-07-14T14:10:00+05:30,1015.4,1016.7,1015.3,1015.7,32709
2026-07-14T14:15:00+05:30,1015.8,1016.1,1015,1015.2,63632
2026-07-14T14:20:00+05:30,1015.2,1016,1015,1015.6,32665
2026-07-14T14:25:00+05:30,1015.6,1017.5,1015,1017.1,44205
2026-07-14T14:30:00+05:30,1017,1018.9,1017,1018.3,36869
2026-07-14T14:35:00+05:30,1018.2,1018.9,1016.2,1017.6,57021
2026-07-14T14:40:00+05:30,1017.7,1018.5,1017.1,1018.2,32694
2026-07-14T14:45:00+05:30,1018.2,1018.3,1015.1,1015.7,50372
2026-07-14T14:50:00+05:30,1015.7,1016.7,1014.5,1015.3,95634
2026-07-14T14:55:00+05:30,1015.2,1016.3,1015,1015.3,55776
2026-07-14T15:00:00+05:30,1015.9,1017.6,1015.4,1017.2,199158
2026-07-14T15:05:00+05:30,1017.2,1017.8,1015.5,1016.4,125226
2026-07-14T15:10:00+05:30,1016.4,1016.4,1013,1014,140429
2026-07-14T15:15:00+05:30,1014.1,1014.6,1012.5,1012.5,147727
2026-07-14T15:20:00+05:30,1012.3,1014,1012.3,1013.5,130785
2026-07-14T15:25:00+05:30,1013.4,1014,1010,1012.1,249586
2026-07-15T09:15:00+05:30,1028,1042,1025.2,1041.5,686018
2026-07-15T09:20:00+05:30,1041.6,1044,1041,1043.9,313066
2026-07-15T09:25:00+05:30,1044.5,1046.5,1042.1,1043.5,256699
2026-07-15T09:30:00+05:30,1043.3,1048.5,1041,1042,279339
2026-07-15T09:35:00+05:30,1042,1045.6,1042,1044.7,142185
2026-07-15T09:40:00+05:30,1044.4,1046.3,1043.6,1045.9,143441
2026-07-15T09:45:00+05:30,1045.8,1046.8,1045.1,1045.5,115614
2026-07-15T09:50:00+05:30,1045.8,1049,1044.6,1048.2,170986
2026-07-15T09:55:00+05:30,1048.6,1048.8,1043.4,1043.6,127374
2026-07-15T10:00:00+05:30,1043.6,1045.5,1040.1,1040.1,144212
2026-07-15T10:05:00+05:30,1039.2,1044,1039.1,1043.4,118769
2026-07-15T10:10:00+05:30,1043.6,1044.7,1042.7,1044.1,64755
2026-07-15T10:15:00+05:30,1044,1045,1041.2,1042.2,126640
2026-07-15T10:20:00+05:30,1042.2,1044,1041.7,1043,79058
2026-07-15T10:25:00+05:30,1043,1043.1,1042,1042.6,78042
2026-07-15T10:30:00+05:30,1042.6,1043.4,1040.6,1040.7,80546
2026-07-15T10:35:00+05:30,1040.7,1041.9,1039.3,1041.4,103361
2026-07-15T10:40:00+05:30,1041.4,1041.5,1039.1,1040.2,39191
2026-07-15T10:45:00+05:30,1040,1041.6,1039.9,1040.5,52292
2026-07-15T10:50:00+05:30,1040.5,1041,1039.2,1040.9,39641
2026-07-15T10:55:00+05:30,1041,1041.3,1039,1040,54734
2026-07-15T11:00:00+05:30,1039.7,1040.7,1039.1,1039.2,40452
2026-07-15T11:05:00+05:30,1039.3,1040.5,1038.8,1040.4,67539
2026-07-15T11:10:00+05:30,1040.4,1041.9,1040,1040,51694
2026-07-15T11:15:00+05:30,1040.2,1044.5,1039.9,1044.1,72417
2026-07-15T11:20:00+05:30,1043.9,1045,1043.4,1044.5,64772
2026-07-15T11:25:00+05:30,1044.5,1045,1044.1,1044.7,28663
2026-07-15T11:30:00+05:30,1044.9,1044.9,1044.4,1044.6,28419
2026-07-15T11:35:00+05:30,1044.7,1044.7,1042.1,1043.4,41792
2026-07-15T11:40:00+05:30,1043.3,1044,1042.2,1042.7,61738
2026-07-15T11:45:00+05:30,1042.6,1043.9,1042,1043.2,75962
2026-07-15T11:50:00+05:30,1043.2,1043.8,1042.3,1043.5,45887
2026-07-15T11:55:00+05:30,1043.5,1043.9,1042.7,1043.1,34835
2026-07-15T12:00:00+05:30,1043.2,1043.5,1042.6,1043,34415
2026-07-15T12:05:00+05:30,1043,1043.2,1038,1039,347081
2026-07-15T12:10:00+05:30,1039,1039.8,1038.6,1039.3,51747
2026-07-15T12:15:00+05:30,1039.3,1040.4,1038.5,1039.8,43060
2026-07-15T12:20:00+05:30,1039.9,1040.6,1039.3,1040.1,23830
2026-07-15T12:25:00+05:30,1040.2,1041.2,1039.8,1040.7,62760
2026-07-15T12:30:00+05:30,1040.7,1040.7,1038.1,1038.1,96220
2026-07-15T12:35:00+05:30,1038.1,1038.5,1035.4,1036,75243
2026-07-15T12:40:00+05:30,1036.2,1037.9,1035.1,1037.5,73132
2026-07-15T12:45:00+05:30,1037.8,1039.3,1037.3,1037.9,127885
2026-07-15T12:50:00+05:30,1037.8,1038.5,1034.5,1034.9,97687
2026-07-15T12:55:00+05:30,1035,1035,1031,1033.7,153471
2026-07-15T13:00:00+05:30,1033.9,1036.5,1033.4,1034.2,100853
2026-07-15T13:05:00+05:30,1034.3,1034.3,1031.7,1032.1,36598
2026-07-15T13:10:00+05:30,1032.3,1033.1,1031.8,1032.7,50431
2026-07-15T13:15:00+05:30,1032.8,1035.9,1032.4,1035.3,51420
2026-07-15T13:20:00+05:30,1035.3,1036,1033.8,1035,53544
2026-07-15T13:25:00+05:30,1035,1035,1033.9,1034.2,24715
2026-07-15T13:30:00+05:30,1034.4,1034.8,1032.3,1032.5,32695
2026-07-15T13:35:00+05:30,1032.5,1033.7,1030,1030.4,65729
2026-07-15T13:40:00+05:30,1030.4,1030.5,1028.8,1029.9,41889
2026-07-15T13:45:00+05:30,1029.9,1030.7,1029.6,1030.3,37304
2026-07-15T13:50:00+05:30,1030.3,1031,1030,1030.8,41147
2026-07-15T13:55:00+05:30,1030.8,1033.2,1030.8,1033.2,49883
2026-07-15T14:00:00+05:30,1033.4,1033.6,1032,1033.2,44198
2026-07-15T14:05:00+05:30,1033.2,1034.7,1032.4,1033.6,51510
2026-07-15T14:10:00+05:30,1033.7,1033.7,1032.8,1033,90283
2026-07-15T14:15:00+05:30,1033,1033,1031.4,1032,24891
2026-07-15T14:20:00+05:30,1032,1032.7,1031.9,1032.1,27024
2026-07-15T14:25:00+05:30,1032.5,1032.5,1031.3,1032.2,40542
2026-07-15T14:30:00+05:30,1032,1032.3,1031.3,1031.9,23800
2026-07-15T14:35:00+05:30,1031.8,1039.4,1031.6,1038.9,176595
2026-07-15T14:40:00+05:30,1038.8,1038.8,1037.6,1038.5,39194
2026-07-15T14:45:00+05:30,1038.5,1039,1036.6,1037.3,47816
2026-07-15T14:50:00+05:30,1037.3,1037.3,1035.7,1036,44077
2026-07-15T14:55:00+05:30,1036.3,1036.5,1033.9,1034.4,38759
2026-07-15T15:00:00+05:30,1034.6,1036.6,1033.5,1034.6,120420
2026-07-15T15:05:00+05:30,1034.8,1036.3,1034.6,1035.6,94458
2026-07-15T15:10:00+05:30,1035.3,1035.5,1031.7,1032.5,155743
2026-07-15T15:15:00+05:30,1033,1033.8,1031.8,1033.3,125416
2026-07-15T15:20:00+05:30,1033.7,1035.6,1032.8,1033,179176
2026-07-15T15:25:00+05:30,1033,1033,1031.6,1033,103750
2026-07-16T09:15:00+05:30,1035.8,1040,1033.3,1033.3,137524
2026-07-16T09:20:00+05:30,1033.7,1034,1031.4,1033.7,36303
2026-07-16T09:25:00+05:30,1033.9,1035,1032.6,1033,28164
2026-07-16T09:30:00+05:30,1033,1035.7,1032.7,1033.2,36541
2026-07-16T09:35:00+05:30,1033.2,1034.1,1032,1033.7,22159
2026-07-16T09:40:00+05:30,1034.2,1034.2,1031.8,1033.3,28023
2026-07-16T09:45:00+05:30,1033.3,1033.7,1029.2,1029.4,54720
2026-07-16T09:50:00+05:30,1029.4,1030.6,1028.5,1030.3,24606
2026-07-16T09:55:00+05:30,1030.3,1031.3,1029.8,1030.7,30959
2026-07-16T10:00:00+05:30,1030.8,1032.5,1030.7,1031.4,31042
2026-07-16T10:05:00+05:30,1031.4,1031.4,1030.2,1031.3,28936
2026-07-16T10:10:00+05:30,1031.3,1031.6,1030.6,1030.7,14771
2026-07-16T10:15:00+05:30,1030.2,1030.7,1030.1,1030.6,18461
2026-07-16T10:20:00+05:30,1030.6,1030.7,1030.5,1030.5,8682
2026-07-16T10:25:00+05:30,1030.6,1030.6,1027,1028.6,39978
2026-07-16T10:30:00+05:30,1028.6,1028.6,1027.3,1027.4,15215
2026-07-16T10:35:00+05:30,1027.4,1028.3,1027.4,1028.1,13100
2026-07-16T10:40:00+05:30,1028.2,1028.5,1028.1,1028.4,7556
2026-07-16T10:45:00+05:30,1028.5,1030,1028.4,1029.5,29838
2026-07-16T10:50:00+05:30,1029.6,1030.5,1029.3,1030.5,26034
2026-07-16T10:55:00+05:30,1030.5,1034.7,1030.5,1034.7,36764
2026-07-16T11:00:00+05:30,1034.7,1036.3,1034.5,1036.3,49396
2026-07-16T11:05:00+05:30,1036.5,1036.8,1034.5,1034.5,25677
2026-07-16T11:10:00+05:30,1034.5,1034.6,1030,1030.9,129596
2026-07-16T11:15:00+05:30,1030.9,1031.6,1028.8,1030,127248
2026-07-16T11:20:00+05:30,1030,1030.1,1029.1,1029.1,25529
2026-07-16T11:25:00+05:30,1029.4,1029.4,1028.1,1028.5,14889
2026-07-16T11:30:00+05:30,1028.7,1028.9,1027.3,1028.3,23484
2026-07-16T11:35:00+05:30,1028.4,1029.3,1028.4,1029,15826
2026-07-16T11:40:00+05:30,1029.1,1029.8,1028.3,1028.3,24734
2026-07-16T11:45:00+05:30,1028.3,1029.5,1025,1028.4,151148
2026-07-16T11:50:00+05:30,1028.5,1029,1026.1,1026.9,24841
2026-07-16T11:55:00+05:30,1027,1028,1026.8,1027.3,14416
2026-07-16T12:00:00+05:30,1027.4,1027.5,1025.5,1026.2,21816
2026-07-16T12:05:00+05:30,1026.2,1027.5,1026.2,1027,16348
2026-07-16T12:10:00+05:30,1027,1027.8,1027,1027.1,12090
2026-07-16T12:15:00+05:30,1027.1,1027.5,1026.7,1027.5,9268
2026-07-16T12:20:00+05:30,1027.5,1028.3,1027.4,1028.3,7852
2026-07-16T12:25:00+05:30,1028.3,1029.3,1027.8,1028.7,26015
2026-07-16T12:30:00+05:30,1028.7,1028.8,1028,1028.2,12834
2026-07-16T12:35:00+05:30,1028.2,1028.2,1027.3,1027.7,12690
2026-07-16T12:40:00+05:30,1027.8,1027.8,1027.2,1027.3,10590
2026-07-16T12:45:00+05:30,1027.4,1028,1027,1027.8,14845
2026-07-16T12:50:00+05:30,1027.9,1028,1027.2,1027.3,11877
2026-07-16T12:55:00+05:30,1027.3,1027.3,1024.1,1024.1,47201
2026-07-16T13:00:00+05:30,1024.4,1024.5,1023.4,1023.9,16726
2026-07-16T13:05:00+05:30,1024,1025,1023.6,1025,15541
2026-07-16T13:10:00+05:30,1025,1025.4,1023.7,1025,40804
2026-07-16T13:15:00+05:30,1025,1025,1024.2,1024.5,9972
2026-07-16T13:20:00+05:30,1024.5,1025.1,1024,1024.2,36153
2026-07-16T13:25:00+05:30,1024.3,1024.3,1020.8,1021.5,126909
2026-07-16T13:30:00+05:30,1021.5,1023,1021,1022.9,28493
2026-07-16T13:35:00+05:30,1023,1023.1,1020.5,1020.8,19424
2026-07-16T13:40:00+05:30,1020.9,1020.9,1020.1,1020.5,19332
2026-07-16T13:45:00+05:30,1020.6,1021.1,1020.4,1020.7,21741
2026-07-16T13:50:00+05:30,1020.6,1021.9,1020.5,1020.7,18318
2026-07-16T13:55:00+05:30,1020.9,1022.6,1020.5,1022.5,40139
2026-07-16T14:00:00+05:30,1022.5,1022.9,1022.1,1022.7,24670
2026-07-16T14:05:00+05:30,1022.8,1023,1022,1022.4,27364
2026-07-16T14:10:00+05:30,1022.4,1023.3,1022,1022.2,26219
2026-07-16T14:15:00+05:30,1022.6,1024,1022.2,1023.9,26465
2026-07-16T14:20:00+05:30,1024,1024,1022.7,1023.2,23805
2026-07-16T14:25:00+05:30,1023.4,1023.7,1022.6,1022.8,25678
2026-07-16T14:30:00+05:30,1023.1,1023.6,1022,1022,25017
2026-07-16T14:35:00+05:30,1022.1,1023.3,1022.1,1023.1,32089
2026-07-16T14:40:00+05:30,1023.2,1024,1023,1023.5,36326
2026-07-16T14:45:00+05:30,1023.8,1023.8,1023,1023,30126
2026-07-16T14:50:00+05:30,1023.3,1023.8,1023,1023.5,46516
2026-07-16T14:55:00+05:30,1023.1,1025.8,1023.1,1024.9,43711
2026-07-16T15:00:00+05:30,1024.7,1024.8,1023.4,1023.9,68750
2026-07-16T15:05:00+05:30,1023.9,1025.4,1023.8,1025.4,51746
2026-07-16T15:10:00+05:30,1025.4,1025.4,1024.9,1025.2,104891
2026-07-16T15:15:00+05:30,1025.1,1025.1,1023.8,1023.8,52523
2026-07-16T15:20:00+05:30,1023.9,1024.3,1023.2,1024.3,85532
2026-07-16T15:25:00+05:30,1024.2,1025.1,1023.6,1025.1,73584
2026-07-17T09:15:00+05:30,1025.4,1028.6,1022,1025.1,221475
2026-07-17T09:20:00+05:30,1025.4,1027.5,1024.1,1024.6,45526
2026-07-17T09:25:00+05:30,1024.8,1030.3,1024.4,1029.3,57757
2026-07-17T09:30:00+05:30,1029.3,1029.9,1027.2,1029,37194
2026-07-17T09:35:00+05:30,1029,1030,1027.5,1028,36393
2026-07-17T09:40:00+05:30,1027.6,1030,1027.2,1028.6,22375
2026-07-17T09:45:00+05:30,1028.6,1031.6,1028.6,1030.6,44289
2026-07-17T09:50:00+05:30,1030.7,1032.5,1030.2,1030.5,26759
2026-07-17T09:55:00+05:30,1030.6,1030.6,1027.2,1028.1,33140
2026-07-17T10:00:00+05:30,1028.4,1029,1026.1,1026.4,23985
2026-07-17T10:05:00+05:30,1026.6,1026.7,1024.5,1026.2,41304
2026-07-17T10:10:00+05:30,1026.2,1027.3,1026,1026.4,21012
2026-07-17T10:15:00+05:30,1026.5,1031.9,1026.1,1030.2,45773
2026-07-17T10:20:00+05:30,1030.4,1030.9,1030,1030,18402
2026-07-17T10:25:00+05:30,1030.3,1036.3,1030,1035.9,76760
2026-07-17T10:30:00+05:30,1035.5,1036.3,1034.3,1035.8,33468
2026-07-17T10:35:00+05:30,1036,1036.3,1032.1,1032.3,25810
2026-07-17T10:40:00+05:30,1032.7,1033.4,1030.5,1030.5,22399
2026-07-17T10:45:00+05:30,1030.8,1031.2,1028.4,1028.7,36953
2026-07-17T10:50:00+05:30,1028.4,1029.9,1028,1028.6,20751
2026-07-17T10:55:00+05:30,1028.6,1031.1,1028,1029.1,23756
2026-07-17T11:00:00+05:30,1029.2,1029.9,1028,1028.3,15373
2026-07-17T11:05:00+05:30,1028.1,1029,1026.1,1027.1,23289
2026-07-17T11:10:00+05:30,1027.2,1027.4,1026.1,1026.6,20802
2026-07-17T11:15:00+05:30,1028.5,1028.5,1025.2,1025.6,25577
2026-07-17T11:20:00+05:30,1025.6,1027.4,1025.2,1026.5,17619
2026-07-17T11:25:00+05:30,1026.6,1027.7,1025.1,1026.6,22123
2026-07-17T11:30:00+05:30,1026.7,1026.7,1025,1025.6,14112
2026-07-17T11:35:00+05:30,1025.7,1026.8,1025,1026.8,12865
2026-07-17T11:40:00+05:30,1026.8,1026.8,1025.2,1026.5,16227
2026-07-17T11:45:00+05:30,1026.5,1026.9,1025.6,1026.3,11241
2026-07-17T11:50:00+05:30,1026.5,1031,1026.1,1030,40067
2026-07-17T11:55:00+05:30,1030,1031,1028.9,1030.5,20112
2026-07-17T12:00:00+05:30,1030.5,1030.6,1029,1029.6,24381
2026-07-17T12:05:00+05:30,1029.1,1029.7,1027.2,1028.9,137688
2026-07-17T12:10:00+05:30,1028.9,1030,1026.7,1028.2,177617
2026-07-17T12:15:00+05:30,1028.6,1029.8,1027.6,1029,195826
2026-07-17T12:20:00+05:30,1029,1029.7,1027.7,1029.3,65111
2026-07-17T12:25:00+05:30,1029.5,1030.7,1029.1,1029.1,26264
2026-07-17T12:30:00+05:30,1029.2,1030.3,1029,1029.5,17819
2026-07-17T12:35:00+05:30,1029.5,1030.2,1028.3,1028.6,18324
2026-07-17T12:40:00+05:30,1028.6,1030.6,1028.5,1029,35153
2026-07-17T12:45:00+05:30,1029.5,1031,1029.3,1030.1,22478
2026-07-17T12:50:00+05:30,1030.4,1030.4,1029.2,1029.5,19104
2026-07-17T12:55:00+05:30,1029.5,1029.9,1029,1029.4,16842
2026-07-17T13:00:00+05:30,1029.4,1029.9,1027.8,1028.1,19541
2026-07-17T13:05:00+05:30,1028.2,1028.7,1027.6,1028.2,17552
2026-07-17T13:10:00+05:30,1028.5,1028.8,1028.1,1028.6,15944
2026-07-17T13:15:00+05:30,1028.5,1028.5,1027,1027.7,20786
2026-07-17T13:20:00+05:30,1027.5,1028.4,1027.3,1027.6,17188
2026-07-17T13:25:00+05:30,1027.6,1028.2,1027.1,1027.8,18615
2026-07-17T13:30:00+05:30,1027.9,1028.4,1027.5,1028.3,17384
2026-07-17T13:35:00+05:30,1028.3,1029,1027.6,1028,17815
2026-07-17T13:40:00+05:30,1028.1,1028.1,1027.1,1027.8,24665
2026-07-17T13:45:00+05:30,1028,1028.3,1026.7,1027.1,23911
2026-07-17T13:50:00+05:30,1027.1,1027.1,1025.2,1026.2,35014
2026-07-17T13:55:00+05:30,1026.4,1028.8,1026.4,1028.8,17066
2026-07-17T14:00:00+05:30,1028.7,1028.9,1027.4,1028.7,20559
2026-07-17T14:05:00+05:30,1028.8,1028.9,1027.7,1028.1,16622
2026-07-17T14:10:00+05:30,1028.5,1030,1028.1,1029.7,21911
2026-07-17T14:15:00+05:30,1030,1037,1029.8,1033.6,83526
2026-07-17T14:20:00+05:30,1033.9,1034,1031.5,1031.8,22414
2026-07-17T14:25:00+05:30,1031.8,1033.6,1031.1,1031.1,23020
2026-07-17T14:30:00+05:30,1031.2,1033,1031.2,1032.1,22102
2026-07-17T14:35:00+05:30,1032,1032.9,1031.2,1032.9,22887
2026-07-17T14:40:00+05:30,1033,1033.9,1032.1,1033.8,22379
2026-07-17T14:45:00+05:30,1033.8,1034.9,1032.8,1034.9,39459
2026-07-17T14:50:00+05:30,1034.9,1035.8,1033.7,1035.4,52588
2026-07-17T14:55:00+05:30,1035.6,1036,1035.1,1035.3,34217
2026-07-17T15:00:00+05:30,1036,1038.6,1036,1037.6,111612
2026-07-17T15:05:00+05:30,1037.5,1037.9,1036.7,1036.9,81010
2026-07-17T15:10:00+05:30,1036.4,1036.7,1035.5,1036.4,87994
2026-07-17T15:15:00+05:30,1036.8,1038.9,1036.4,1036.7,163533
2026-07-17T15:20:00+05:30,1036.4,1036.8,1035.6,1036.3,85753
2026-07-17T15:25:00+05:30,1036.6,1036.8,1024.3,1025,254196
2026-07-20T09:15:00+05:30,1040,1040,1020.5,1021.2,144812
2026-07-20T09:20:00+05:30,1021.7,1022.2,1018,1022.1,88262
2026-07-20T09:25:00+05:30,1022.1,1022.5,1020.2,1020.6,50851
2026-07-20T09:30:00+05:30,1020.6,1023,1020.2,1022.7,71155
2026-07-20T09:35:00+05:30,1023,1027.7,1021.9,1027,84233
2026-07-20T09:40:00+05:30,1027,1029,1024.9,1026.3,42787
2026-07-20T09:45:00+05:30,1026.3,1026.9,1024.2,1024.8,33496
2026-07-20T09:50:00+05:30,1024.8,1025.5,1023.1,1024.5,22603
2026-07-20T09:55:00+05:30,1024.7,1027.5,1024.5,1027,21954
2026-07-20T10:00:00+05:30,1027,1029.6,1027,1028.4,33181
2026-07-20T10:05:00+05:30,1028.3,1028.8,1026.8,1026.8,12144
2026-07-20T10:10:00+05:30,1026.8,1029.7,1026.8,1029.7,21761
2026-07-20T10:15:00+05:30,1030,1032,1028,1031.8,49159
2026-07-20T10:20:00+05:30,1031.8,1033.9,1029.2,1029.7,55284
2026-07-20T10:25:00+05:30,1029.7,1032.9,1029.7,1032,19908
2026-07-20T10:30:00+05:30,1032.2,1032.5,1031.5,1031.8,14116
2026-07-20T10:35:00+05:30,1031.8,1032.5,1030.9,1032.3,13646
2026-07-20T10:40:00+05:30,1032.3,1032.3,1031.2,1031.2,16169
2026-07-20T10:45:00+05:30,1031.6,1031.9,1030.9,1031.6,13091
2026-07-20T10:50:00+05:30,1031.7,1032,1030.5,1031.3,22928
2026-07-20T10:55:00+05:30,1031.3,1031.6,1031.2,1031.6,6945
2026-07-20T11:00:00+05:30,1031.6,1032,1031.4,1031.7,15102
2026-07-20T11:05:00+05:30,1031.7,1031.7,1029,1030.3,17161
2026-07-20T11:10:00+05:30,1030.2,1030.7,1028.2,1028.5,18949
2026-07-20T11:15:00+05:30,1028.8,1029.6,1025.4,1025.7,27037
2026-07-20T11:20:00+05:30,1025.4,1026,1025,1025.4,36097
2026-07-20T11:25:00+05:30,1025.4,1026.5,1025.4,1026.1,30607
2026-07-20T11:30:00+05:30,1026.1,1026.5,1025.4,1025.5,9569
2026-07-20T11:35:00+05:30,1025.4,1026.6,1024.5,1025,49994
2026-07-20T11:40:00+05:30,1025.4,1025.4,1023.2,1023.2,13299
2026-07-20T11:45:00+05:30,1023.2,1024.1,1023,1023.8,18051
2026-07-20T11:50:00+05:30,1023.8,1024.4,1022.4,1022.9,25264
2026-07-20T11:55:00+05:30,1022.9,1024.3,1022.3,1024.2,33288
2026-07-20T12:00:00+05:30,1024.1,1024.1,1022.7,1022.9,15257
2026-07-20T12:05:00+05:30,1022.9,1023.5,1022.7,1022.9,6523
2026-07-20T12:10:00+05:30,1023.1,1024,1022.6,1022.9,18781
2026-07-20T12:15:00+05:30,1022.9,1023,1019,1019.8,99280
2026-07-20T12:20:00+05:30,1019.5,1019.9,1018.8,1019.6,45255
2026-07-20T12:25:00+05:30,1019.6,1020.2,1018.4,1019,64840
2026-07-20T12:30:00+05:30,1020.2,1022,1019.7,1021.1,32269
2026-07-20T12:35:00+05:30,1021,1022,1020.2,1021.9,12933
2026-07-20T12:40:00+05:30,1021.7,1021.9,1020.9,1021.3,19129
2026-07-20T12:45:00+05:30,1021.3,1021.4,1019.5,1019.6,181508
2026-07-20T12:50:00+05:30,1019.6,1020.9,1018.3,1020.4,42457
2026-07-20T12:55:00+05:30,1020.4,1021,1019.6,1021,144613
2026-07-20T13:00:00+05:30,1020.8,1024,1020.4,1023.6,77295
2026-07-20T13:05:00+05:30,1023.4,1024.3,1023,1023.7,12465
2026-07-20T13:10:00+05:30,1023.7,1026.8,1023.5,1026.7,41598
2026-07-20T13:15:00+05:30,1026.5,1028.3,1026.3,1027.9,26344
2026-07-20T13:20:00+05:30,1027.8,1029,1027,1028.7,28230
2026-07-20T13:25:00+05:30,1028.6,1028.9,1028.1,1028.9,20044
2026-07-20T13:30:00+05:30,1028.9,1028.9,1028.3,1028.8,11066
2026-07-20T13:35:00+05:30,1028.9,1029.9,1028.8,1029.6,36291
2026-07-20T13:40:00+05:30,1029.6,1030,1028.6,1029.6,23540
2026-07-20T13:45:00+05:30,1029.4,1031.6,1029.4,1031.5,30745
2026-07-20T13:50:00+05:30,1031.3,1031.5,1030.5,1030.9,19906
2026-07-20T13:55:00+05:30,1030.8,1032,1030.8,1032,12884
2026-07-20T14:00:00+05:30,1031.7,1034,1031.6,1033.4,49491
2026-07-20T14:05:00+05:30,1033.3,1033.8,1029.2,1031.3,113831
2026-07-20T14:10:00+05:30,1031.7,1032.9,1031.3,1032.3,22927
2026-07-20T14:15:00+05:30,1032.2,1032.6,1031.5,1032.5,12088
2026-07-20T14:20:00+05:30,1032.5,1034.5,1032.4,1034.4,21324
2026-07-20T14:25:00+05:30,1034.2,1034.8,1033.7,1034,21578
2026-07-20T14:30:00+05:30,1034,1034,1032.5,1032.6,22872
2026-07-20T14:35:00+05:30,1032.6,1033,1031.4,1031.8,15562
2026-07-20T14:40:00+05:30,1031.9,1032,1031.3,1031.6,14874
2026-07-20T14:45:00+05:30,1031.7,1032.1,1031.6,1032.1,11587
2026-07-20T14:50:00+05:30,1032,1033.6,1032,1033.6,25842
2026-07-20T14:55:00+05:30,1033.5,1034.2,1033.2,1033.6,30263
2026-07-20T15:00:00+05:30,1034.3,1035.6,1033.7,1034.1,115196
2026-07-20T15:05:00+05:30,1033.9,1035,1033.9,1034.8,63877
2026-07-20T15:10:00+05:30,1034.6,1035.6,1034.6,1034.6,157688
2026-07-20T15:15:00+05:30,1034.9,1035.6,1034.7,1035.2,118875
2026-07-20T15:20:00+05:30,1035.2,1036.3,1035.2,1036.3,128601
2026-07-20T15:25:00+05:30,1035.4,1037,1034.6,1034.6,116302
2026-07-21T09:15:00+05:30,1036,1046.9,1031,1046.9,301791
2026-07-21T09:20:00+05:30,1046.4,1047.9,1043.2,1043.2,178741
2026-07-21T09:25:00+05:30,1043.5,1044.5,1042.6,1042.8,99657
2026-07-21T09:30:00+05:30,1042.8,1046.4,1042.7,1045.7,74274
2026-07-21T09:35:00+05:30,1045.5,1049.2,1044.2,1049.2,78287
2026-07-21T09:40:00+05:30,1049,1050.4,1047.9,1050.1,150353
2026-07-21T09:45:00+05:30,1049.9,1050,1048.2,1049.5,52552
2026-07-21T09:50:00+05:30,1049.5,1049.9,1049,1049.9,55182
2026-07-21T09:55:00+05:30,1049.9,1052.5,1048.2,1052.3,98504
2026-07-21T10:00:00+05:30,1052.5,1053.8,1050.2,1050.8,105979
2026-07-21T10:05:00+05:30,1051,1053.6,1050.8,1052.4,76712
2026-07-21T10:10:00+05:30,1052.9,1055.8,1052.6,1055.2,126813
2026-07-21T10:15:00+05:30,1055.4,1058.4,1053.7,1057.2,167290
2026-07-21T10:20:00+05:30,1057.2,1059.7,1055.4,1059.3,144111
2026-07-21T10:25:00+05:30,1059.1,1059.9,1056.3,1057.9,111090
2026-07-21T10:30:00+05:30,1057.9,1059.3,1057,1057.9,79357
2026-07-21T10:35:00+05:30,1058.1,1061.4,1057.4,1060,219324
2026-07-21T10:40:00+05:30,1059.7,1064.8,1059.1,1063.5,191779
2026-07-21T10:45:00+05:30,1063.7,1065.5,1061.6,1061.8,260124
2026-07-21T10:50:00+05:30,1062,1062.8,1061.7,1062.7,64428
2026-07-21T10:55:00+05:30,1062.7,1066.4,1062.4,1064.2,229167
2026-07-21T11:00:00+05:30,1064.2,1067.4,1064.1,1066.3,192009
2026-07-21T11:05:00+05:30,1066.3,1067,1064.6,1066.8,63127
2026-07-21T11:10:00+05:30,1066.8,1067,1063.3,1065.9,165570
2026-07-21T11:15:00+05:30,1065.9,1066.5,1064.6,1066.5,45482
2026-07-21T11:20:00+05:30,1066.4,1067.1,1062.5,1063,141415
2026-07-21T11:25:00+05:30,1063,1063.5,1060.7,1060.8,169274
2026-07-21T11:30:00+05:30,1060.9,1063.7,1060.6,1063.5,82126
2026-07-21T11:35:00+05:30,1063.5,1065.5,1063.4,1065.2,50384
2026-07-21T11:40:00+05:30,1065.3,1065.5,1064.2,1064.2,47531
2026-07-21T11:45:00+05:30,1064.2,1065,1063.6,1064.3,31468
2026-07-21T11:50:00+05:30,1064.5,1064.5,1061.5,1061.9,64869
2026-07-21T11:55:00+05:30,1061.9,1063,1061.6,1062.7,51029
2026-07-21T12:00:00+05:30,1062.8,1063,1062.1,1063,46893
2026-07-21T12:05:00+05:30,1063,1065,1062.9,1063.3,161584
2026-07-21T12:10:00+05:30,1063.3,1065,1063,1064.7,54506
2026-07-21T12:15:00+05:30,1064.7,1065,1063.5,1064.4,43071
2026-07-21T12:20:00+05:30,1064.9,1065,1064.4,1065,26935
2026-07-21T12:25:00+05:30,1065,1065,1064,1064.9,35873
2026-07-21T12:30:00+05:30,1064.5,1066,1064.4,1065.4,53729
2026-07-21T12:35:00+05:30,1065.4,1065.5,1063,1063,54024
2026-07-21T12:40:00+05:30,1063.4,1063.8,1062.9,1063.6,46357
2026-07-21T12:45:00+05:30,1063.4,1063.6,1062,1062,67965
2026-07-21T12:50:00+05:30,1062,1062,1059.4,1059.8,93882
2026-07-21T12:55:00+05:30,1059.8,1061.5,1058.1,1059,129556
2026-07-21T13:00:00+05:30,1059,1061,1058.1,1060.9,69742
2026-07-21T13:05:00+05:30,1061.2,1062.9,1060.7,1062.4,49479
2026-07-21T13:10:00+05:30,1062.4,1062.4,1058.9,1060.4,244926
2026-07-21T13:15:00+05:30,1060.4,1062.6,1060.4,1062.5,27441
2026-07-21T13:20:00+05:30,1062.2,1063.3,1061.9,1062.8,49864
2026-07-21T13:25:00+05:30,1063,1063,1062.4,1063,26268
2026-07-21T13:30:00+05:30,1063,1063.6,1061.5,1062,29476
2026-07-21T13:35:00+05:30,1061.8,1062,1061.1,1062,46491
2026-07-21T13:40:00+05:30,1062.1,1062.8,1061.8,1062,56383
2026-07-21T13:45:00+05:30,1062,1063,1061.9,1063,63953
2026-07-21T13:50:00+05:30,1063,1064.5,1062.9,1063.6,46215
2026-07-21T13:55:00+05:30,1063.1,1063.5,1060.6,1060.8,47208
2026-07-21T14:00:00+05:30,1060.8,1062.9,1060,1062.5,71979
2026-07-21T14:05:00+05:30,1062.5,1063.3,1061.5,1062.3,32246
2026-07-21T14:10:00+05:30,1062.3,1062.9,1062,1062.7,30714
2026-07-21T14:15:00+05:30,1062.9,1064,1061.4,1062.9,41973
2026-07-21T14:20:00+05:30,1063,1063,1061.9,1062.6,32319
2026-07-21T14:25:00+05:30,1061.7,1062.4,1060.4,1061,42595
2026-07-21T14:30:00+05:30,1060.8,1062.5,1060.6,1061.4,131722
2026-07-21T14:35:00+05:30,1061.4,1062.5,1060.5,1062,125952
2026-07-21T14:40:00+05:30,1061.8,1062.3,1060.7,1061.6,73675
2026-07-21T14:45:00+05:30,1061.6,1062.5,1060.9,1062.5,74525
2026-07-21T14:50:00+05:30,1062.5,1063,1061.5,1063,60922
2026-07-21T14:55:00+05:30,1062.9,1063.7,1061.5,1062,117618
2026-07-21T15:00:00+05:30,1062,1063,1061.4,1062.7,118524
2026-07-21T15:05:00+05:30,1062.7,1064,1059.1,1060,267988
2026-07-21T15:10:00+05:30,1059.8,1061,1059.5,1060,350463
2026-07-21T15:15:00+05:30,1059.8,1062.9,1059.7,1062.2,241786
2026-07-21T15:20:00+05:30,1061.9,1064.7,1061.9,1064.2,146978
2026-07-21T15:25:00+05:30,1064.7,1065,1062.5,1063.9,123799
2026-07-22T09:15:00+05:30,1058,1065,1057,1061.8,182024
2026-07-22T09:20:00+05:30,1061.9,1063.6,1058.5,1058.9,83960
2026-07-22T09:25:00+05:30,1059.3,1059.8,1054.9,1055.3,64005
2026-07-22T09:30:00+05:30,1055.8,1057.7,1054.9,1057.2,71222
2026-07-22T09:35:00+05:30,1057.2,1057.2,1054.5,1055.3,72291
2026-07-22T09:40:00+05:30,1055.2,1055.9,1052.4,1052.6,36744
2026-07-22T09:45:00+05:30,1052.5,1052.5,1048.1,1048.1,47868
2026-07-22T09:50:00+05:30,1048.1,1049.8,1047.1,1049.2,37630
2026-07-22T09:55:00+05:30,1049.3,1052.9,1048.6,1052.7,25704
2026-07-22T10:00:00+05:30,1051.9,1052.1,1051,1051.6,23495
2026-07-22T10:05:00+05:30,1051.6,1056,1051.3,1055.2,32895
2026-07-22T10:10:00+05:30,1055.3,1055.8,1053.4,1053.4,17140
2026-07-22T10:15:00+05:30,1053.4,1053.9,1051.8,1052.7,25365
2026-07-22T10:20:00+05:30,1053,1053,1051.8,1052.7,24215
2026-07-22T10:25:00+05:30,1052.8,1054.4,1051.1,1054.2,33124
2026-07-22T10:30:00+05:30,1054.2,1056.4,1054.1,1056,56991
2026-07-22T10:35:00+05:30,1056.2,1058.6,1055.9,1057.4,58449
2026-07-22T10:40:00+05:30,1057.8,1058,1056.6,1056.9,16407
2026-07-22T10:45:00+05:30,1056.9,1057.6,1052.7,1056.5,118472
2026-07-22T10:50:00+05:30,1056.7,1057.9,1056.3,1057.6,18490
2026-07-22T10:55:00+05:30,1057.7,1057.7,1053,1053.9,27911
2026-07-22T11:00:00+05:30,1053.8,1053.9,1053,1053.3,15534
2026-07-22T11:05:00+05:30,1053.4,1054.5,1052.5,1052.8,17783
2026-07-22T11:10:00+05:30,1053.1,1053.3,1052.2,1052.3,11869
2026-07-22T11:15:00+05:30,1052.3,1054.7,1052.1,1053.3,16211
2026-07-22T11:20:00+05:30,1053.4,1056.6,1053.2,1056.3,29717
2026-07-22T11:25:00+05:30,1056.1,1056.6,1054.6,1055.7,29305
2026-07-22T11:30:00+05:30,1055.7,1059.7,1055.1,1059.7,22824
2026-07-22T11:35:00+05:30,1059.7,1059.9,1056,1056.7,15111
2026-07-22T11:40:00+05:30,1056.7,1061.4,1056.7,1061.4,33990
2026-07-22T11:45:00+05:30,1061.4,1061.4,1058.8,1059.7,37864
2026-07-22T11:50:00+05:30,1059.6,1059.8,1056.8,1057.1,60744
2026-07-22T11:55:00+05:30,1056.8,1058,1056.1,1056.6,22678
2026-07-22T12:00:00+05:30,1056.7,1056.8,1054.3,1055.4,15123
2026-07-22T12:05:00+05:30,1055.5,1056,1054,1054.2,11583
2026-07-22T12:10:00+05:30,1054.2,1054.8,1053.2,1054.3,23591
2026-07-22T12:15:00+05:30,1054.3,1054.4,1053.4,1053.6,13807
2026-07-22T12:20:00+05:30,1053.4,1054.7,1052.7,1053.5,21542
2026-07-22T12:25:00+05:30,1053.5,1055.1,1053,1053.5,94311
2026-07-22T12:30:00+05:30,1053.5,1053.5,1051.5,1052.6,17175
2026-07-22T12:35:00+05:30,1052.6,1052.6,1050,1050,24682
2026-07-22T12:40:00+05:30,1050.3,1053,1049.2,1053,134212
2026-07-22T12:45:00+05:30,1053,1054,1051.7,1053,43971
2026-07-22T12:50:00+05:30,1053,1054.5,1051.7,1052.2,46632
2026-07-22T12:55:00+05:30,1052.1,1052.9,1051.8,1052.5,20672
2026-07-22T13:00:00+05:30,1052.2,1053,1051.4,1052,27164
2026-07-22T13:05:00+05:30,1051.9,1052.7,1050.9,1051.6,29510
2026-07-22T13:10:00+05:30,1051.5,1052.1,1049.5,1049.9,35403
2026-07-22T13:15:00+05:30,1050.4,1050.5,1047.5,1047.7,33039
2026-07-22T13:20:00+05:30,1048.3,1048.9,1047,1047.3,58398
2026-07-22T13:25:00+05:30,1047.3,1048.1,1046.8,1048.1,27892
2026-07-22T13:30:00+05:30,1048,1051.2,1047.6,1051.2,91640
2026-07-22T13:35:00+05:30,1050.7,1053.2,1049.9,1052.6,32722
2026-07-22T13:40:00+05:30,1053.8,1053.8,1050.8,1052.4,41244
2026-07-22T13:45:00+05:30,1052.4,1052.6,1051.1,1051.6,42582
2026-07-22T13:50:00+05:30,1051.4,1052.5,1051.2,1052.2,29448
2026-07-22T13:55:00+05:30,1052.3,1054,1051.9,1053,85034
2026-07-22T14:00:00+05:30,1052.8,1054,1052.4,1053.9,10988
2026-07-22T14:05:00+05:30,1053.8,1054.3,1052.4,1052.4,24354
2026-07-22T14:10:00+05:30,1052.4,1052.9,1051.4,1052.5,14983
2026-07-22T14:15:00+05:30,1052.4,1054,1052.3,1053.6,10852
2026-07-22T14:20:00+05:30,1053.6,1053.7,1052.5,1053.7,14347
2026-07-22T14:25:00+05:30,1053.6,1054,1052.5,1053.2,71041
2026-07-22T14:30:00+05:30,1053.3,1054.6,1053.2,1053.5,26049
2026-07-22T14:35:00+05:30,1053.5,1054.6,1053.3,1053.4,12906
2026-07-22T14:40:00+05:30,1053.5,1054.2,1053.3,1053.9,11358
2026-07-22T14:45:00+05:30,1054,1054.5,1053.4,1053.6,10993
2026-07-22T14:50:00+05:30,1054.1,1055,1053.6,1054.9,10250
2026-07-22T14:55:00+05:30,1055,1055.8,1054.4,1055.6,93796
2026-07-22T15:00:00+05:30,1055.7,1056.8,1055.5,1056.4,96208
2026-07-22T15:05:00+05:30,1057,1058,1055.4,1057.8,101992
2026-07-22T15:10:00+05:30,1057.9,1059,1057,1058.6,129591
2026-07-22T15:15:00+05:30,1058.6,1062.7,1058.5,1062.3,189781
2026-07-22T15:20:00+05:30,1062,1062.2,1056.8,1058.6,156511
2026-07-22T15:25:00+05:30,1058.2,1058.2,1053.3,1054.9,69202
2026-07-23T09:15:00+05:30,1057.8,1060,1050,1057.2,100129
2026-07-23T09:20:00+05:30,1057.4,1065.8,1057.4,1065.3,100608
2026-07-23T09:25:00+05:30,1065.7,1068,1063,1065.5,106886
2026-07-23T09:30:00+05:30,1065.7,1065.9,1061.7,1063.8,67335
2026-07-23T09:35:00+05:30,1064,1064.8,1062,1062.6,26820
2026-07-23T09:40:00+05:30,1062.3,1065,1060.1,1064.7,49949
2026-07-23T09:45:00+05:30,1064.2,1066,1064,1064.8,45943
2026-07-23T09:50:00+05:30,1064.8,1072.4,1064.4,1070.3,169639
2026-07-23T09:55:00+05:30,1070.3,1076,1070.3,1075.7,236504
2026-07-23T10:00:00+05:30,1075.5,1079,1075.3,1076,205180
2026-07-23T10:05:00+05:30,1075.5,1076.9,1072.1,1074.9,408433
2026-07-23T10:10:00+05:30,1074.8,1075.6,1066.4,1066.7,187353
2026-07-23T10:15:00+05:30,1066.8,1067,1060.7,1061,122615
2026-07-23T10:20:00+05:30,1061,1061.5,1057.2,1058.9,102104
2026-07-23T10:25:00+05:30,1059,1061.9,1058.6,1061.5,94992
2026-07-23T10:30:00+05:30,1061.3,1062,1058.1,1058.1,61285
2026-07-23T10:35:00+05:30,1058.2,1058.4,1054.3,1056.6,77047
2026-07-23T10:40:00+05:30,1056.6,1057,1053.1,1053.1,152103
2026-07-23T10:45:00+05:30,1053.4,1054.7,1052.1,1054.2,55037
2026-07-23T10:50:00+05:30,1053.9,1055.3,1053,1053.8,104804
2026-07-23T10:55:00+05:30,1053.8,1057,1053.6,1056.1,46577
2026-07-23T11:00:00+05:30,1056.3,1056.8,1053.4,1053.8,107196
2026-07-23T11:05:00+05:30,1053.6,1057.5,1053.5,1057.5,60982
2026-07-23T11:10:00+05:30,1057.4,1057.5,1052.2,1052.2,41964
2026-07-23T11:15:00+05:30,1052.6,1052.6,1050,1050.1,84680
2026-07-23T11:20:00+05:30,1050.1,1050.1,1046.4,1047.5,76255
2026-07-23T11:25:00+05:30,1047.2,1048,1046.6,1047,35278
2026-07-23T11:30:00+05:30,1047.2,1047.4,1044.7,1045.1,33229
2026-07-23T11:35:00+05:30,1045.9,1046.8,1042.8,1043.8,47277
2026-07-23T11:40:00+05:30,1043.9,1043.9,1041.5,1043,70190
2026-07-23T11:45:00+05:30,1042.9,1043,1041.6,1042.5,45263
2026-07-23T11:50:00+05:30,1042.6,1043.5,1040.1,1040.7,65323
2026-07-23T11:55:00+05:30,1040.9,1042.7,1040.5,1042.1,46493
2026-07-23T12:00:00+05:30,1042.3,1043,1040.5,1040.6,36438
2026-07-23T12:05:00+05:30,1040.6,1042.5,1040.5,1041.9,42762
2026-07-23T12:10:00+05:30,1042,1042.5,1041.6,1042,22727
2026-07-23T12:15:00+05:30,1041.6,1042.3,1040.5,1040.5,41279
2026-07-23T12:20:00+05:30,1040.5,1040.5,1038.6,1039,70980
2026-07-23T12:25:00+05:30,1039,1039.8,1038.5,1038.9,29674
2026-07-23T12:30:00+05:30,1038.9,1039,1036.1,1038.3,46303
2026-07-23T12:35:00+05:30,1038.1,1038.5,1037.4,1038,16345
2026-07-23T12:40:00+05:30,1038,1038.2,1035.2,1036.3,33693
2026-07-23T12:45:00+05:30,1036,1036,1035.1,1035.3,30392
2026-07-23T12:50:00+05:30,1035.2,1035.3,1032.5,1033.2,77625
2026-07-23T12:55:00+05:30,1033.5,1034.4,1032.1,1032.5,62040
2026-07-23T13:00:00+05:30,1032.8,1032.8,1031.2,1031.8,37328
2026-07-23T13:05:00+05:30,1031.8,1033,1030.6,1031,28294
2026-07-23T13:10:00+05:30,1030.9,1031.9,1029.1,1031.7,133133
2026-07-23T13:15:00+05:30,1031.6,1032.8,1029.6,1032.5,64142
2026-07-23T13:20:00+05:30,1032.4,1034.6,1031.2,1033.8,45131
2026-07-23T13:25:00+05:30,1033.6,1033.9,1032.9,1033.9,13521
2026-07-23T13:30:00+05:30,1033.9,1033.9,1030.4,1030.9,33892
2026-07-23T13:35:00+05:30,1030.9,1032.9,1030,1032.5,49913
2026-07-23T13:40:00+05:30,1032.5,1032.9,1031.4,1031.8,36983
2026-07-23T13:45:00+05:30,1031.8,1034.9,1031.6,1034,65037
2026-07-23T13:50:00+05:30,1034,1034.8,1033.5,1034.3,34458
2026-07-23T13:55:00+05:30,1034.2,1036.9,1033,1034.6,47359
2026-07-23T14:00:00+05:30,1034.9,1035.4,1033.7,1033.8,33692
2026-07-23T14:05:00+05:30,1034.2,1036.5,1033.9,1035.5,32990
2026-07-23T14:10:00+05:30,1035.6,1037.7,1034.7,1036,87679
2026-07-23T14:15:00+05:30,1036,1036.5,1032.6,1033.4,92329
2026-07-23T14:20:00+05:30,1033.7,1034,1032.5,1033,92663
2026-07-23T14:25:00+05:30,1033.1,1034.5,1032,1032.3,149817
2026-07-23T14:30:00+05:30,1032.6,1032.6,1028.9,1030.4,100777
2026-07-23T14:35:00+05:30,1030.4,1030.4,1028,1028,80878
2026-07-23T14:40:00+05:30,1028.1,1028.6,1026.2,1027.6,63544
2026-07-23T14:45:00+05:30,1027.6,1027.9,1025.7,1026.1,84396
2026-07-23T14:50:00+05:30,1026.6,1027,1022.3,1023.6,147896
2026-07-23T14:55:00+05:30,1023.6,1025.8,1023.6,1025.2,90447
2026-07-23T15:00:00+05:30,1025.5,1028.5,1024,1024.9,226392
2026-07-23T15:05:00+05:30,1024.9,1027.2,1024.1,1025.7,143422
2026-07-23T15:10:00+05:30,1025.8,1026.5,1025.4,1026.4,108171
2026-07-23T15:15:00+05:30,1026.2,1027.2,1025.3,1025.5,135470
2026-07-23T15:20:00+05:30,1025.8,1025.9,1025,1025.2,170881
2026-07-23T15:25:00+05:30,1025.3,1026.9,1025.3,1025.5,155003
2026-07-24T09:15:00+05:30,1018.1,1019.1,1001,1005.9,323235
2026-07-24T09:20:00+05:30,1005.9,1008.4,1003.6,1004,171285
2026-07-24T09:25:00+05:30,1003.3,1003.4,996.2,1000.5,186706
2026-07-24T09:30:00+05:30,1000.5,1002.7,998.3,1002.7,135774
2026-07-24T09:35:00+05:30,1002.7,1004.3,1000.7,1002.7,83110
2026-07-24T09:40:00+05:30,1002.7,1002.7,1000.1,1000.5,43965
2026-07-24T09:45:00+05:30,1000.6,1001,996.1,996.1,147631
2026-07-24T09:50:00+05:30,996.4,1000.1,995.1,995.5,123708
2026-07-24T09:55:00+05:30,996.3,999.7,995.2,998.6,120598
2026-07-24T10:00:00+05:30,998.6,998.6,995.6,996.6,57672
2026-07-24T10:05:00+05:30,996.6,997.1,992.9,994.9,123300
2026-07-24T10:10:00+05:30,996.3,996.8,994.9,996,80624
2026-07-24T10:15:00+05:30,996.5,998.3,996.1,996.6,47398
2026-07-24T10:20:00+05:30,996.6,998.2,995.6,995.7,64799
2026-07-24T10:25:00+05:30,995.8,997.2,995.3,995.8,41223
2026-07-24T10:30:00+05:30,995.8,995.8,993,995.4,49150
2026-07-24T10:35:00+05:30,995.6,995.6,993.6,994.7,117285
2026-07-24T10:40:00+05:30,994.3,997.2,994,995.9,168113
2026-07-24T10:45:00+05:30,995.9,996.2,994,995.8,63020
2026-07-24T10:50:00+05:30,995.8,999.7,995,999.3,115164
2026-07-24T10:55:00+05:30,999.3,999.4,996.3,996.3,96999
2026-07-24T11:00:00+05:30,996.4,999.7,996.4,999.7,76133
2026-07-24T11:05:00+05:30,999.7,1000.8,999.3,1000.1,66984
2026-07-24T11:10:00+05:30,1000.1,1000.1,998.8,999.1,22852
2026-07-24T11:15:00+05:30,999.1,1001,998.6,1001,117288
2026-07-24T11:20:00+05:30,1001,1002.3,1000.2,1002.3,132618
2026-07-24T11:25:00+05:30,1001.9,1003.7,1001.6,1001.6,93608
2026-07-24T11:30:00+05:30,1002,1002.7,1000.9,1002.7,33681
2026-07-24T11:35:00+05:30,1002.7,1003.9,1002.4,1003.5,44811
2026-07-24T11:40:00+05:30,1003.2,1003.2,1001.4,1001.8,31759
2026-07-24T11:45:00+05:30,1001.8,1004.6,1001.7,1003.2,66662
2026-07-24T11:50:00+05:30,1003.5,1004,1002.6,1003.9,61684
2026-07-24T11:55:00+05:30,1003.9,1004.9,1002.5,1002.9,89677
2026-07-24T12:00:00+05:30,1002.8,1003.9,1002,1003.9,53289
2026-07-24T12:05:00+05:30,1003.9,1004.5,1003.4,1004.5,50805
2026-07-24T12:10:00+05:30,1004.5,1005.8,1004.2,1005.8,79113
2026-07-24T12:15:00+05:30,1005.8,1007.6,1005.2,1005.4,123687
2026-07-24T12:20:00+05:30,1005,1006.3,1005,1006.2,71981
2026-07-24T12:25:00+05:30,1006.2,1009.9,1005.9,1009,121317
2026-07-24T12:30:00+05:30,1009.5,1010.1,1008,1008.2,69937
2026-07-24T12:35:00+05:30,1008.3,1011.5,1008.2,1011.4,100211
2026-07-24T12:40:00+05:30,1011.5,1012.7,1011.2,1012,44216
2026-07-24T12:45:00+05:30,1012.5,1014.3,1011.4,1012.9,57422
2026-07-24T12:50:00+05:30,1013,1013.2,1009.8,1011.9,1062676
2026-07-24T12:55:00+05:30,1011.9,1013.2,1010.5,1010.7,54600
2026-07-24T13:00:00+05:30,1010.7,1011.7,1009.5,1010,43990
2026-07-24T13:05:00+05:30,1010,1010.2,1009.2,1010,28017
2026-07-24T13:10:00+05:30,1009.8,1010.1,1008.3,1009.5,44187
2026-07-24T13:15:00+05:30,1009.5,1011.7,1009.5,1011.3,40302
2026-07-24T13:20:00+05:30,1011.4,1012.5,1010.3,1012.1,34104
2026-07-24T13:25:00+05:30,1012,1012,1010.4,1010.9,15604
2026-07-24T13:30:00+05:30,1011,1011,1009.7,1010.2,25963
2026-07-24T13:35:00+05:30,1010.3,1010.9,1008.7,1010.8,31528
2026-07-24T13:40:00+05:30,1010.8,1010.9,1008.3,1008.8,46957
2026-07-24T13:45:00+05:30,1009,1034.4,1008.4,1032.4,583939
2026-07-24T13:50:00+05:30,1032.7,1051,1026.5,1043.8,1506703
2026-07-24T13:55:00+05:30,1043.6,1048,1026.1,1030.5,639898
2026-07-24T14:00:00+05:30,1030.8,1037.6,1028.5,1032,305901
2026-07-24T14:05:00+05:30,1031.2,1032.5,1027.1,1028.8,272723
2026-07-24T14:10:00+05:30,1028.6,1029.3,1017,1017.6,280570
2026-07-24T14:15:00+05:30,1018.2,1025.8,1016.3,1020,182941
2026-07-24T14:20:00+05:30,1019.9,1019.9,1012.5,1014.1,162154
2026-07-24T14:25:00+05:30,1014.3,1017.2,1006.4,1007,252666
2026-07-24T14:30:00+05:30,1007,1007.1,1000.7,1005.8,267719
2026-07-24T14:35:00+05:30,1005.8,1006.1,1000,1002.4,209420
2026-07-24T14:40:00+05:30,1002.4,1005,1000.2,1003.5,93659
2026-07-24T14:45:00+05:30,1003,1003.3,997.1,1001.6,177003
2026-07-24T14:50:00+05:30,1001.1,1009.2,1001.1,1006.5,201982
2026-07-24T14:55:00+05:30,1006.9,1008,1003.7,1004.2,98088
2026-07-24T15:00:00+05:30,1004.3,1005.9,1001.6,1004.6,256251
2026-07-24T15:05:00+05:30,1004.7,1007.5,1004,1005.4,196289
2026-07-24T15:10:00+05:30,1005.6,1008.4,1005.3,1007.9,146616
2026-07-24T15:15:00+05:30,1006.8,1007.2,1004.2,1006,162852
2026-07-24T15:20:00+05:30,1006.4,1006.4,1003.9,1004.2,159317
2026-07-24T15:25:00+05:30,1004.3,1006.5,1003.9,1006,204686
2026-07-27T09:15:00+05:30,1020,1029,1002.2,1007,883258
2026-07-27T09:20:00+05:30,1007.2,1015,1006.8,1009.9,827721
2026-07-27T09:25:00+05:30,1010.3,1020.5,1010.3,1014.9,275932
2026-07-27T09:30:00+05:30,1014.9,1019.7,1013.1,1019.3,193039
2026-07-27T09:35:00+05:30,1019.7,1022.5,1017.5,1020.6,197218
2026-07-27T09:40:00+05:30,1020.2,1021.7,1018.4,1021.7,123493
2026-07-27T09:45:00+05:30,1021.8,1024.5,1018.8,1023.1,154407
2026-07-27T09:50:00+05:30,1023.3,1024.1,1018.1,1020,111580
2026-07-27T09:55:00+05:30,1020,1023.1,1013,1013,231391
2026-07-27T10:00:00+05:30,1012.9,1016.6,1009.1,1011.1,101995
2026-07-27T10:05:00+05:30,1011,1013.8,1010.4,1012.6,64582
2026-07-27T10:10:00+05:30,1012.7,1014.8,1012,1013.4,42360
2026-07-27T10:15:00+05:30,1013.2,1015,1011.2,1014.6,54757
2026-07-27T10:20:00+05:30,1015,1015.2,1010.5,1010.6,34292
2026-07-27T10:25:00+05:30,1010.6,1013.2,1010.2,1010.2,32331
2026-07-27T10:30:00+05:30,1008.8,1011.3,1008.6,1010.7,41818
2026-07-27T10:35:00+05:30,1010.8,1010.9,1008.2,1008.5,68413
2026-07-27T10:40:00+05:30,1008.5,1011.7,1008.5,1011,39594
2026-07-27T10:45:00+05:30,1011.3,1011.7,1009.5,1010.3,17771
2026-07-27T10:50:00+05:30,1010.2,1010.8,1008.7,1009.5,171781
2026-07-27T10:55:00+05:30,1009.5,1010.5,1006.9,1007.1,25787
2026-07-27T11:00:00+05:30,1007,1008.5,1006.3,1007.8,40064
2026-07-27T11:05:00+05:30,1007.5,1008.7,1006.6,1008,25728
2026-07-27T11:10:00+05:30,1008,1011.6,1007.6,1011.2,54933
2026-07-27T11:15:00+05:30,1011.3,1014.8,1011,1013.5,54575
2026-07-27T11:20:00+05:30,1013.5,1015,1013.5,1014.9,37213
2026-07-27T11:25:00+05:30,1014.8,1020.3,1014.8,1019.7,84083
2026-07-27T11:30:00+05:30,1019.4,1024.5,1019.2,1022.1,237698
2026-07-27T11:35:00+05:30,1022,1022.3,1018.3,1021.9,81182
2026-07-27T11:40:00+05:30,1021.8,1024.4,1021.4,1024.4,145341
2026-07-27T11:45:00+05:30,1024.3,1025.8,1021.5,1021.8,113220
2026-07-27T11:50:00+05:30,1022,1022.2,1020.2,1021.5,125383
2026-07-27T11:55:00+05:30,1021.5,1024.9,1021,1023.3,40493
2026-07-27T12:00:00+05:30,1023.2,1026.9,1023.2,1025.3,75588
2026-07-27T12:05:00+05:30,1025.7,1027.4,1024.6,1024.8,90778
2026-07-27T12:10:00+05:30,1025,1028,1023.5,1027,90918
2026-07-27T12:15:00+05:30,1026.8,1029.7,1026.8,1028.2,65418
2026-07-27T12:20:00+05:30,1027.7,1028.5,1027.3,1027.5,37326
2026-07-27T12:25:00+05:30,1027.2,1029.8,1026.9,1029.2,66213
2026-07-27T12:30:00+05:30,1029,1030.8,1028,1030,107743
2026-07-27T12:35:00+05:30,1030,1030,1028.2,1028.6,79984
2026-07-27T12:40:00+05:30,1028.7,1030,1028.2,1029.9,78714
2026-07-27T12:45:00+05:30,1029.9,1029.9,1028.9,1029.4,66334
2026-07-27T12:50:00+05:30,1029.3,1031,1029.3,1030.1,67933
2026-07-27T12:55:00+05:30,1030.1,1031.5,1029.8,1030.6,63783
2026-07-27T13:00:00+05:30,1030.8,1031,1029.6,1030.3,55306
2026-07-27T13:05:00+05:30,1030.3,1033,1030,1032.2,80396
2026-07-27T13:10:00+05:30,1032,1032.2,1031.1,1031.1,45387
2026-07-27T13:15:00+05:30,1031.4,1034.8,1031.1,1032.4,396091
2026-07-27T13:20:00+05:30,1032.9,1034.2,1032,1032.7,81989
2026-07-27T13:25:00+05:30,1032.9,1034.9,1032.7,1033,294590
2026-07-27T13:30:00+05:30,1033,1033.6,1030.2,1030.7,102454
2026-07-27T13:35:00+05:30,1030.7,1033,1030.4,1032.7,39904
2026-07-27T13:40:00+05:30,1032.7,1034,1032,1032.9,46491
2026-07-27T13:45:00+05:30,1032.7,1034.6,1032.6,1034.2,100346
2026-07-27T13:50:00+05:30,1034.1,1035,1034,1034.9,43215
2026-07-27T13:55:00+05:30,1034.6,1035.8,1034.6,1035.3,62871
2026-07-27T14:00:00+05:30,1035.3,1037,1035.1,1036.7,146425
2026-07-27T14:05:00+05:30,1036.9,1037.1,1034,1036.7,287295
2026-07-27T14:10:00+05:30,1036.9,1037,1034.7,1035.5,59143
2026-07-27T14:15:00+05:30,1035.5,1036.7,1035.5,1036.7,49836
2026-07-27T14:20:00+05:30,1036.6,1037,1036.1,1036.9,67863
2026-07-27T14:25:00+05:30,1036.9,1038.8,1035.8,1038,365226
2026-07-27T14:30:00+05:30,1038,1038.3,1037.1,1037.3,48049
2026-07-27T14:35:00+05:30,1037.6,1037.7,1034.5,1035.3,86069
2026-07-27T14:40:00+05:30,1035.3,1038,1035.2,1037.4,62552
2026-07-27T14:45:00+05:30,1037.4,1038.4,1036.9,1037.8,65144
2026-07-27T14:50:00+05:30,1037.8,1038.2,1036.5,1036.8,71197
2026-07-27T14:55:00+05:30,1036.8,1037.5,1035.1,1036,85115
2026-07-27T15:00:00+05:30,1035.6,1040,1035.6,1039.2,201667
2026-07-27T15:05:00+05:30,1039.2,1039.5,1038.4,1038.5,125095
2026-07-27T15:10:00+05:30,1038.4,1039.4,1035.5,1036,244199
2026-07-27T15:15:00+05:30,1036.3,1038,1035.8,1038,164841
2026-07-27T15:20:00+05:30,1038,1039.6,1037.9,1039.2,167951
2026-07-27T15:25:00+05:30,1039.4,1039.9,1037,1038,155672
2026-07-28T09:15:00+05:30,1045,1049.7,1038.5,1043.4,308790
2026-07-28T09:20:00+05:30,1043.6,1046.8,1043.6,1045.1,133573
2026-07-28T09:25:00+05:30,1045.3,1046.3,1042.3,1046.2,148695
2026-07-28T09:30:00+05:30,1046.2,1046.2,1040.6,1043.5,219614
2026-07-28T09:35:00+05:30,1043.8,1045.5,1040.5,1042,206397
2026-07-28T09:40:00+05:30,1041.4,1044.1,1041.3,1043.3,88972
2026-07-28T09:45:00+05:30,1043.5,1045.6,1042.6,1044.7,95149
2026-07-28T09:50:00+05:30,1045,1045,1042.4,1043.1,98728
2026-07-28T09:55:00+05:30,1043.7,1044.2,1043,1044.2,44813
2026-07-28T10:00:00+05:30,1044.1,1044.8,1042.4,1042.4,56724
2026-07-28T10:05:00+05:30,1042.4,1043.8,1042.2,1042.9,65589
2026-07-28T10:10:00+05:30,1042.7,1043.3,1041.8,1043,85973
2026-07-28T10:15:00+05:30,1043,1046.5,1042.9,1045.5,148823
2026-07-28T10:20:00+05:30,1045.7,1046,1043.7,1044.8,60239
2026-07-28T10:25:00+05:30,1044.8,1045.4,1042.3,1042.7,72480
2026-07-28T10:30:00+05:30,1042.6,1048.1,1042,1047.6,127899
2026-07-28T10:35:00+05:30,1047.5,1049.9,1046.6,1048.6,111397
2026-07-28T10:40:00+05:30,1048.4,1048.8,1046.4,1046.8,63109
2026-07-28T10:45:00+05:30,1046.8,1048.4,1046.4,1048,59198
2026-07-28T10:50:00+05:30,1048,1048.7,1046.1,1047,75767
2026-07-28T10:55:00+05:30,1047,1047.5,1044.7,1046,80120
2026-07-28T11:00:00+05:30,1046.2,1048.4,1046,1048,45023
2026-07-28T11:05:00+05:30,1048.2,1048.9,1044.2,1045,81809
2026-07-28T11:10:00+05:30,1044.5,1047.8,1043.7,1047.4,95012
2026-07-28T11:15:00+05:30,1047.5,1049,1045.8,1046,59771
2026-07-28T11:20:00+05:30,1046,1046.8,1045.9,1046.3,34808
2026-07-28T11:25:00+05:30,1046.3,1047.6,1044.6,1045,34278
2026-07-28T11:30:00+05:30,1044.6,1046,1044.1,1044.6,52117
2026-07-28T11:35:00+05:30,1044.2,1045.5,1042.2,1044,103786
2026-07-28T11:40:00+05:30,1044,1044.5,1042,1044.4,110858
2026-07-28T11:45:00+05:30,1044.5,1046.7,1044.4,1045.3,44466
2026-07-28T11:50:00+05:30,1045.1,1045.6,1043.3,1044.7,43497
2026-07-28T11:55:00+05:30,1044.8,1045.4,1043.4,1043.4,35325
2026-07-28T12:00:00+05:30,1043.6,1044.9,1043.1,1044.8,80356
2026-07-28T12:05:00+05:30,1044.8,1046.3,1044.8,1045.2,78992
2026-07-28T12:10:00+05:30,1045.2,1046.2,1043.9,1045.9,72658
2026-07-28T12:15:00+05:30,1045.9,1046.8,1045.2,1045.3,37220
2026-07-28T12:20:00+05:30,1045.3,1046.5,1045.2,1046.1,23346
2026-07-28T12:25:00+05:30,1046.1,1046.4,1045.1,1045.5,29767
2026-07-28T12:30:00+05:30,1045.5,1046.4,1045.2,1045.7,29770
2026-07-28T12:35:00+05:30,1045.3,1046.3,1045.3,1046,21270
2026-07-28T12:40:00+05:30,1046,1046.5,1044.3,1044.7,41038
2026-07-28T12:45:00+05:30,1044.7,1046.5,1044.3,1045.1,49663
2026-07-28T12:50:00+05:30,1045.1,1046.2,1044.5,1046.2,64432
2026-07-28T12:55:00+05:30,1046.1,1046.5,1045,1045.2,32714
2026-07-28T13:00:00+05:30,1045.2,1046.1,1045.1,1045.9,24434
2026-07-28T13:05:00+05:30,1046.1,1046.4,1044.8,1046.1,116512
2026-07-28T13:10:00+05:30,1046.1,1048.4,1045.7,1047.9,111980
2026-07-28T13:15:00+05:30,1048.3,1048.3,1047.1,1047.9,57353
2026-07-28T13:20:00+05:30,1047.9,1049.5,1047.9,1049.4,95904
2026-07-28T13:25:00+05:30,1049.5,1049.9,1045.5,1045.7,142614
2026-07-28T13:30:00+05:30,1045.7,1047.2,1045.4,1046.2,76960
2026-07-28T13:35:00+05:30,1046.2,1047.7,1045.4,1046.2,136073
2026-07-28T13:40:00+05:30,1046.1,1047,1045.3,1046,57438
2026-07-28T13:45:00+05:30,1046,1046.6,1044.6,1045.8,74486
2026-07-28T13:50:00+05:30,1045.7,1046.6,1045.7,1046.2,58707
2026-07-28T13:55:00+05:30,1046,1047.6,1045.8,1047.2,145197
2026-07-28T14:00:00+05:30,1047.2,1047.5,1047,1047.2,62225
2026-07-28T14:05:00+05:30,1047.2,1047.6,1045.9,1046,69876
2026-07-28T14:10:00+05:30,1045.9,1046.2,1044.8,1045,82253
2026-07-28T14:15:00+05:30,1045.1,1045.8,1044.8,1045.6,33674
2026-07-28T14:20:00+05:30,1045.5,1045.7,1045.1,1045.2,28702
2026-07-28T14:25:00+05:30,1045.1,1045.4,1044.8,1044.8,80631
2026-07-28T14:30:00+05:30,1044.8,1045.5,1044.6,1044.9,69345
2026-07-28T14:35:00+05:30,1044.8,1045.8,1044.8,1045.7,35188
2026-07-28T14:40:00+05:30,1045.6,1045.8,1041.8,1043,206202
2026-07-28T14:45:00+05:30,1043,1043.4,1040.9,1041,137905
2026-07-28T14:50:00+05:30,1040.9,1041,1037.4,1040.6,142258
2026-07-28T14:55:00+05:30,1040.6,1041.8,1040,1041.3,79106
2026-07-28T15:00:00+05:30,1041.3,1041.5,1036.4,1040.6,222026
2026-07-28T15:05:00+05:30,1040.6,1042,1040,1040.5,249984
2026-07-28T15:10:00+05:30,1040.6,1041.1,1040.1,1040.4,196706
2026-07-28T15:15:00+05:30,1040.5,1041.4,1039.6,1039.8,236037
2026-07-28T15:20:00+05:30,1039.8,1042.3,1039.7,1042.3,242564
2026-07-28T15:25:00+05:30,1042.3,1045.6,1040.7,1044.9,219830
2026-07-29T09:15:00+05:30,1050,1052.8,1039.8,1042.7,181059
2026-07-29T09:20:00+05:30,1042.7,1045.9,1042,1043.4,95180
2026-07-29T09:25:00+05:30,1043.4,1043.9,1040.2,1041.7,88038
2026-07-29T09:30:00+05:30,1041.8,1043,1038.9,1042.8,83467
2026-07-29T09:35:00+05:30,1042.8,1042.8,1038,1039.7,77356
2026-07-29T09:40:00+05:30,1040,1041.6,1039.1,1041.6,55118
2026-07-29T09:45:00+05:30,1041.6,1041.8,1040,1040.6,50900
2026-07-29T09:50:00+05:30,1040.9,1041,1037.2,1037.9,60129
2026-07-29T09:55:00+05:30,1037.7,1039,1036,1037.7,61663
2026-07-29T10:00:00+05:30,1037.7,1037.7,1034.1,1035.3,81242
2026-07-29T10:05:00+05:30,1035.3,1038.5,1034.8,1038.4,35012
2026-07-29T10:10:00+05:30,1038.2,1038.7,1037.1,1037.7,34602
2026-07-29T10:15:00+05:30,1038,1039.6,1037.7,1038.9,39306
2026-07-29T10:20:00+05:30,1038.7,1039.7,1035.2,1036.6,66311
2026-07-29T10:25:00+05:30,1036,1036.7,1035.7,1035.8,53760
2026-07-29T10:30:00+05:30,1035.8,1037,1035.4,1035.6,39990
2026-07-29T10:35:00+05:30,1035.6,1036.2,1035.2,1035.8,22220
2026-07-29T10:40:00+05:30,1035.7,1040.9,1035.5,1040,145508
2026-07-29T10:45:00+05:30,1040,1041.1,1039.4,1041,58267
2026-07-29T10:50:00+05:30,1041.1,1041.4,1040.2,1041.1,34338
2026-07-29T10:55:00+05:30,1040.8,1041.1,1039.5,1040.1,22012
2026-07-29T11:00:00+05:30,1040.1,1042.3,1039.6,1041.2,36678
2026-07-29T11:05:00+05:30,1041.2,1043.2,1040.6,1042.1,36620
2026-07-29T11:10:00+05:30,1042,1042.1,1040.1,1040.7,30558
2026-07-29T11:15:00+05:30,1040.5,1040.6,1039,1039.9,54755
2026-07-29T11:20:00+05:30,1039.5,1040,1039,1039.8,100401
2026-07-29T11:25:00+05:30,1039.8,1040,1039,1039,84554
2026-07-29T11:30:00+05:30,1039,1040.4,1039,1039.2,108456
2026-07-29T11:35:00+05:30,1039.3,1040.8,1039.1,1039.2,36226
2026-07-29T11:40:00+05:30,1039.2,1040,1039,1039.6,17438
2026-07-29T11:45:00+05:30,1039.8,1040.5,1039.6,1039.8,17300
2026-07-29T11:50:00+05:30,1039.8,1040.4,1039,1039.7,88332
2026-07-29T11:55:00+05:30,1039.8,1041.7,1039.5,1041,21168
2026-07-29T12:00:00+05:30,1041.2,1042.2,1040.2,1042.2,21732
2026-07-29T12:05:00+05:30,1041.9,1042.8,1041.7,1042.4,24487
2026-07-29T12:10:00+05:30,1042.6,1042.6,1041.7,1041.7,16867
2026-07-29T12:15:00+05:30,1041.8,1042.6,1041,1042,20185
2026-07-29T12:20:00+05:30,1042,1042.9,1041.9,1041.9,13921
2026-07-29T12:25:00+05:30,1042,1042,1039.6,1040.2,72093
2026-07-29T12:30:00+05:30,1040.3,1041.8,1040.1,1040.8,17338
2026-07-29T12:35:00+05:30,1041.3,1041.6,1039.9,1040.1,36733
2026-07-29T12:40:00+05:30,1040.5,1040.5,1039.8,1039.9,21437
2026-07-29T12:45:00+05:30,1040,1040.1,1039.3,1039.4,26945
2026-07-29T12:50:00+05:30,1039.5,1040.1,1038.5,1039.8,121534
2026-07-29T12:55:00+05:30,1040,1040.4,1039.3,1040,35194
2026-07-29T13:00:00+05:30,1040.2,1041.4,1039.9,1040.1,23761
2026-07-29T13:05:00+05:30,1040.1,1041.4,1038.8,1040.4,70368
2026-07-29T13:10:00+05:30,1040.1,1041,1039.8,1040.2,24907
2026-07-29T13:15:00+05:30,1040.2,1040.7,1039,1039.5,35013
2026-07-29T13:20:00+05:30,1039.6,1040.2,1038.9,1039.2,54937
2026-07-29T13:25:00+05:30,1039.4,1041,1039,1040.5,40934
2026-07-29T13:30:00+05:30,1040.6,1040.8,1040,1040.3,18850
2026-07-29T13:35:00+05:30,1040.5,1043,1040.5,1041.5,112026
2026-07-29T13:40:00+05:30,1041.1,1041.6,1040.4,1040.9,50943
2026-07-29T13:45:00+05:30,1041,1043.9,1040.6,1043.4,61546
2026-07-29T13:50:00+05:30,1043.1,1045.4,1043.1,1044.5,76749
2026-07-29T13:55:00+05:30,1045,1045,1043.5,1043.5,48458
2026-07-29T14:00:00+05:30,1043.5,1045.8,1043.4,1044.9,75538
2026-07-29T14:05:00+05:30,1044.8,1046.4,1044.6,1045.9,62102
2026-07-29T14:10:00+05:30,1045.9,1047,1045.3,1046.5,40201
2026-07-29T14:15:00+05:30,1046.6,1048.8,1046.5,1048.3,75281
2026-07-29T14:20:00+05:30,1048.4,1048.6,1046.5,1046.6,65052
2026-07-29T14:25:00+05:30,1046.6,1046.6,1044.7,1045.3,35957
2026-07-29T14:30:00+05:30,1045.3,1046,1044.7,1045,35906
2026-07-29T14:35:00+05:30,1045,1045.7,1044.7,1045.3,25024
2026-07-29T14:40:00+05:30,1045.3,1045.5,1044.9,1045.5,31150
2026-07-29T14:45:00+05:30,1045.3,1046.3,1045.1,1046,33680
2026-07-29T14:50:00+05:30,1045.7,1046.7,1045.7,1046.2,38491
2026-07-29T14:55:00+05:30,1046.2,1046.5,1046,1046,46146
2026-07-29T15:00:00+05:30,1046.3,1047.2,1045.3,1045.9,91998
2026-07-29T15:05:00+05:30,1045.9,1046,1045.1,1045.5,80621
2026-07-29T15:10:00+05:30,1045.4,1045.5,1044.7,1044.7,68986
2026-07-29T15:15:00+05:30,1044.7,1044.7,1042.9,1043,108419
2026-07-29T15:20:00+05:30,1043.3,1044.6,1043.3,1044.4,87089
2026-07-29T15:25:00+05:30,1044.4,1044.4,1043.5,1043.9,79358
2026-07-30T09:15:00+05:30,1038,1051,1035.5,1039.8,369765
2026-07-30T09:20:00+05:30,1038.9,1040.1,1035.3,1035.3,161479
2026-07-30T09:25:00+05:30,1034.5,1038,1032,1037.3,118376
2026-07-30T09:30:00+05:30,1037.3,1039.4,1037.3,1038.4,56986
2026-07-30T09:35:00+05:30,1038.3,1038.3,1035.9,1036.7,51699
2026-07-30T09:40:00+05:30,1036.7,1036.8,1029.2,1030,97286
2026-07-30T09:45:00+05:30,1029.9,1034,1029,1030.7,155055
2026-07-30T09:50:00+05:30,1031.1,1032.1,1028.3,1028.3,71698
2026-07-30T09:55:00+05:30,1028.4,1030.5,1027.9,1030.4,53119
2026-07-30T10:00:00+05:30,1030.5,1031.4,1026.7,1027.4,53686
2026-07-30T10:05:00+05:30,1027.8,1028.7,1026,1026.1,43797
2026-07-30T10:10:00+05:30,1026,1026.8,1022.7,1023.6,80219
2026-07-30T10:15:00+05:30,1023.7,1025.9,1021.5,1023.3,100881
2026-07-30T10:20:00+05:30,1023.3,1025.4,1021.5,1025.1,74367
2026-07-30T10:25:00+05:30,1025.3,1025.4,1022.6,1023,31736
2026-07-30T10:30:00+05:30,1023.1,1023.2,1020,1022.4,103588
2026-07-30T10:35:00+05:30,1022.4,1023,1020,1020.4,50874
2026-07-30T10:40:00+05:30,1020.4,1022.6,1019.5,1022.1,54465
2026-07-30T10:45:00+05:30,1021.7,1025.3,1021.4,1024.6,57890
2026-07-30T10:50:00+05:30,1024.6,1026,1023.6,1024.8,58609
2026-07-30T10:55:00+05:30,1024.8,1026,1024.6,1025.8,46501
2026-07-30T11:00:00+05:30,1025.8,1027.5,1025.7,1027,40283
2026-07-30T11:05:00+05:30,1027,1027,1025.6,1026.6,32736
2026-07-30T11:10:00+05:30,1026.7,1027.9,1025.7,1026.6,66939
2026-07-30T11:15:00+05:30,1026.7,1027.3,1026.4,1026.5,84501
2026-07-30T11:20:00+05:30,1026.5,1026.9,1025,1025.3,45758
2026-07-30T11:25:00+05:30,1025.5,1026.9,1025.2,1026.3,33078
2026-07-30T11:30:00+05:30,1026.3,1026.8,1025,1025.2,41102
2026-07-30T11:35:00+05:30,1025.3,1025.5,1024.3,1024.9,48779
2026-07-30T11:40:00+05:30,1024.9,1025.5,1024.4,1024.9,34215
2026-07-30T11:45:00+05:30,1025,1025,1022,1022.9,78547
2026-07-30T11:50:00+05:30,1023.1,1023.6,1022.5,1022.9,39512
2026-07-30T11:55:00+05:30,1023,1023.5,1022.1,1022.3,29578
2026-07-30T12:00:00+05:30,1022.4,1023.5,1022.1,1022.5,38047
2026-07-30T12:05:00+05:30,1022.5,1023.4,1022.4,1022.6,48667
2026-07-30T12:10:00+05:30,1022.7,1024.5,1022.5,1023.8,36060
2026-07-30T12:15:00+05:30,1023.8,1024.8,1023.6,1024.8,33339
2026-07-30T12:20:00+05:30,1024.8,1025.6,1024.7,1025.2,53187
2026-07-30T12:25:00+05:30,1025.2,1025.3,1025,1025.1,23076
2026-07-30T12:30:00+05:30,1025.1,1028.9,1024.2,1027.1,95608
2026-07-30T12:35:00+05:30,1027,1027.3,1024.3,1025.3,54918
2026-07-30T12:40:00+05:30,1025.4,1025.8,1024.8,1025.2,32288
2026-07-30T12:45:00+05:30,1025.2,1025.2,1024.4,1025.1,28836
2026-07-30T12:50:00+05:30,1025.2,1025.2,1024.3,1024.7,32007
2026-07-30T12:55:00+05:30,1024.8,1025.2,1024,1024,34567
2026-07-30T13:00:00+05:30,1024.1,1024.2,1022.4,1022.7,31898
2026-07-30T13:05:00+05:30,1022.7,1023.6,1022.4,1022.8,31842
2026-07-30T13:10:00+05:30,1022.9,1023.2,1020.5,1021.6,47505
2026-07-30T13:15:00+05:30,1021.6,1021.9,1020.8,1021.5,29928
2026-07-30T13:20:00+05:30,1021.5,1022.7,1021.5,1022.7,37215
2026-07-30T13:25:00+05:30,1022.7,1023,1021.8,1021.8,54479
2026-07-30T13:30:00+05:30,1021.7,1023.3,1021.6,1022.8,72268
2026-07-30T13:35:00+05:30,1022.8,1024.5,1022.7,1023.7,26560
2026-07-30T13:40:00+05:30,1023.7,1024.7,1023.6,1024.5,35832
2026-07-30T13:45:00+05:30,1024.2,1024.6,1023.5,1023.8,49008
2026-07-30T13:50:00+05:30,1023.8,1026.2,1023.3,1026.2,55688
2026-07-30T13:55:00+05:30,1026.2,1026.6,1025,1025.9,97095
2026-07-30T14:00:00+05:30,1026,1026.8,1024.8,1025,41740
2026-07-30T14:05:00+05:30,1025,1025.9,1024.2,1024.3,25861
2026-07-30T14:10:00+05:30,1024.3,1025,1023.6,1023.6,26273
2026-07-30T14:15:00+05:30,1023.7,1023.9,1023.5,1023.9,36670
2026-07-30T14:20:00+05:30,1023.8,1023.9,1022,1022.3,40326
2026-07-30T14:25:00+05:30,1022.4,1022.4,1020.6,1020.6,51298
2026-07-30T14:30:00+05:30,1020.6,1023.5,1020.5,1022.3,47924
2026-07-30T14:35:00+05:30,1022.2,1023.1,1021.4,1023,32175
2026-07-30T14:40:00+05:30,1023,1023.3,1022.4,1023.3,55964
2026-07-30T14:45:00+05:30,1023.3,1023.8,1022.8,1023.3,66998
2026-07-30T14:50:00+05:30,1023.3,1026.3,1023,1025.9,142704
2026-07-30T14:55:00+05:30,1025.8,1026.9,1024.9,1026.2,115405
2026-07-30T15:00:00+05:30,1026.4,1027.8,1026,1026.7,190558
2026-07-30T15:05:00+05:30,1027,1028.2,1025.8,1027,180283
2026-07-30T15:10:00+05:30,1026.9,1027.2,1026.6,1026.8,157969
2026-07-30T15:15:00+05:30,1026.8,1027,1025.7,1026,186338
2026-07-30T15:20:00+05:30,1026.1,1027.8,1026.1,1027.6,236329
2026-07-30T15:25:00+05:30,1027.6,1029.4,1027.4,1028.8,226298
2026-07-31T09:15:00+05:30,1029.2,1045.8,1029.1,1045.8,258664
2026-07-31T09:20:00+05:30,1044.7,1048.5,1043.4,1047.2,179337
2026-07-31T09:25:00+05:30,1047.5,1052.6,1047.2,1052.6,248598
2026-07-31T09:30:00+05:30,1053.4,1054,1049.5,1050.5,170188
2026-07-31T09:35:00+05:30,1050.2,1051.5,1047.5,1049,95167
2026-07-31T09:40:00+05:30,1049.5,1054.6,1049.2,1051,167934
2026-07-31T09:45:00+05:30,1051,1051.5,1044.1,1046,103538
2026-07-31T09:50:00+05:30,1045.8,1045.8,1043,1045,51408
2026-07-31T09:55:00+05:30,1044.3,1046.4,1044.3,1045.1,44117
2026-07-31T10:00:00+05:30,1045.7,1046,1044,1044.8,28449
2026-07-31T10:05:00+05:30,1043.9,1044.3,1041.1,1042.5,38873
2026-07-31T10:10:00+05:30,1042.5,1043.3,1040.3,1041.5,54037
2026-07-31T10:15:00+05:30,1041.5,1044.5,1040.5,1044,59911
2026-07-31T10:20:00+05:30,1044,1047,1044,1045.5,74347
2026-07-31T10:25:00+05:30,1045.5,1045.5,1043.4,1044,29011
2026-07-31T10:30:00+05:30,1044.4,1044.5,1041.3,1042,32027
2026-07-31T10:35:00+05:30,1042,1044.9,1041.3,1044.6,29558
2026-07-31T10:40:00+05:30,1044.6,1044.9,1042,1042.5,21402
2026-07-31T10:45:00+05:30,1042.7,1043.7,1041.5,1043.2,24282
2026-07-31T10:50:00+05:30,1043.3,1043.5,1041.8,1042,27531
2026-07-31T10:55:00+05:30,1042,1043,1041.3,1042.4,20875
2026-07-31T11:00:00+05:30,1042.5,1043.1,1038.6,1039,92633
2026-07-31T11:05:00+05:30,1039,1040.1,1038.1,1038.2,77480
2026-07-31T11:10:00+05:30,1038.5,1040.2,1037.6,1039.3,80067
2026-07-31T11:15:00+05:30,1039.6,1040.4,1038.9,1040,37152
2026-07-31T11:20:00+05:30,1040.1,1041.5,1039.7,1041.5,29364
2026-07-31T11:25:00+05:30,1041.5,1043.9,1041.5,1042.9,42704
2026-07-31T11:30:00+05:30,1042.5,1042.6,1041,1041.4,27161
2026-07-31T11:35:00+05:30,1041.4,1042,1040,1040.1,29912
2026-07-31T11:40:00+05:30,1040.1,1040.3,1038.5,1038.9,33929
2026-07-31T11:45:00+05:30,1038.9,1040.1,1038.9,1039.3,26928
2026-07-31T11:50:00+05:30,1039.3,1040.1,1039.2,1039.8,18695
2026-07-31T11:55:00+05:30,1039.9,1040.9,1039.3,1040.7,36616
2026-07-31T12:00:00+05:30,1040.6,1041,1040,1040.3,21951
2026-07-31T12:05:00+05:30,1040.3,1040.9,1038.9,1039.8,53618
2026-07-31T12:10:00+05:30,1039.8,1040,1038.8,1040,27035
2026-07-31T12:15:00+05:30,1040,1040.4,1039.2,1039.3,25499
2026-07-31T12:20:00+05:30,1039.4,1040.3,1038.8,1040.3,31841
2026-07-31T12:25:00+05:30,1040.3,1041.3,1040.2,1040.6,31326
2026-07-31T12:30:00+05:30,1041.1,1041.2,1040.5,1041.2,17852
2026-07-31T12:35:00+05:30,1041.3,1042.3,1041.2,1041.8,44716
2026-07-31T12:40:00+05:30,1041.7,1042.1,1041.2,1041.8,24919
2026-07-31T12:45:00+05:30,1041.8,1043.4,1041.2,1043.2,44825
2026-07-31T12:50:00+05:30,1043.1,1043.1,1040.1,1040.7,31497
2026-07-31T12:55:00+05:30,1040.8,1043.1,1040.8,1042.3,30523
2026-07-31T13:00:00+05:30,1042.2,1042.8,1041.3,1042.4,34594
2026-07-31T13:05:00+05:30,1042.5,1045.7,1042.4,1044.3,70369
2026-07-31T13:10:00+05:30,1044.8,1045.7,1044,1044.3,53278
2026-07-31T13:15:00+05:30,1044.3,1048.6,1044.3,1047.9,83184
2026-07-31T13:20:00+05:30,1047.6,1049,1047.4,1049,48801
2026-07-31T13:25:00+05:30,1049,1050,1049,1049.5,190752
2026-07-31T13:30:00+05:30,1049.4,1049.7,1047.7,1049.1,79171
2026-07-31T13:35:00+05:30,1049.1,1049.4,1049,1049.3,36589
2026-07-31T13:40:00+05:30,1049.4,1049.4,1047,1047.2,43706
2026-07-31T13:45:00+05:30,1047.2,1047.4,1046.5,1046.6,43419
2026-07-31T13:50:00+05:30,1046.9,1046.9,1045.1,1046,87394
2026-07-31T13:55:00+05:30,1045.7,1047,1045,1045.8,102799
2026-07-31T14:00:00+05:30,1045.8,1045.9,1041.5,1042,61959
2026-07-31T14:05:00+05:30,1042,1045.3,1042,1043.1,121041
2026-07-31T14:10:00+05:30,1043.2,1045.7,1043,1044.6,124718
2026-07-31T14:15:00+05:30,1044.6,1045.4,1043.7,1044.3,117397
2026-07-31T14:20:00+05:30,1044.3,1046.1,1044.3,1046.1,70691
2026-07-31T14:25:00+05:30,1045.9,1046.9,1045.2,1046.3,54213
2026-07-31T14:30:00+05:30,1046.2,1046.9,1044.6,1045.6,61670
2026-07-31T14:35:00+05:30,1044.8,1045.2,1044.1,1044.4,51646
2026-07-31T14:40:00+05:30,1044.8,1045,1042.4,1042.6,72473
2026-07-31T14:45:00+05:30,1042.7,1044.5,1042.4,1043.7,65509
2026-07-31T14:50:00+05:30,1043.7,1044.2,1043.2,1043.2,49543
2026-07-31T14:55:00+05:30,1042.8,1043.5,1042.6,1043.5,118006
2026-07-31T15:00:00+05:30,1044,1046.5,1043,1045.9,259387
2026-07-31T15:05:00+05:30,1046.1,1046.4,1044.9,1045.8,247583
2026-07-31T15:10:00+05:30,1045,1047.4,1044.5,1047.4,317968
2026-07-31T15:15:00+05:30,1047.4,1047.6,1046.8,1046.8,351522
2026-07-31T15:20:00+05:30,1047,1048.9,1046.6,1048.7,285003
2026-07-31T15:25:00+05:30,1048.6,1050,1045.2,1046.4,325984
2026-08-03T09:15:00+05:30,1058,1065.9,1051.6,1065,398525
2026-08-03T09:20:00+05:30,1065.6,1071.4,1063.5,1071,188431
2026-08-03T09:25:00+05:30,1071,1076.9,1070,1073.4,251273
2026-08-03T09:30:00+05:30,1073,1074.9,1069,1069.2,163606
2026-08-03T09:35:00+05:30,1069.2,1073.5,1068.8,1071.8,120574
2026-08-03T09:40:00+05:30,1071.6,1073.3,1071.4,1073.3,81428
2026-08-03T09:45:00+05:30,1073.3,1073.4,1067.8,1067.8,54432
2026-08-03T09:50:00+05:30,1068,1070.2,1068,1070.2,25953
2026-08-03T09:55:00+05:30,1070.5,1071.3,1069.7,1070.8,70695
2026-08-03T10:00:00+05:30,1071,1073.8,1070.9,1072.7,82364
2026-08-03T10:05:00+05:30,1073.7,1077.5,1073.7,1076.1,172679
2026-08-03T10:10:00+05:30,1075.7,1077.2,1075.6,1077.2,68084
2026-08-03T10:15:00+05:30,1077.4,1078,1076.5,1076.8,41112
2026-08-03T10:20:00+05:30,1076.5,1076.8,1075.2,1076,39521
2026-08-03T10:25:00+05:30,1076,1077.5,1076,1077,43763
2026-08-03T10:30:00+05:30,1077,1079,1076.5,1079,127983
2026-08-03T10:35:00+05:30,1078.9,1082,1078.9,1081.4,233143
2026-08-03T10:40:00+05:30,1080.8,1085.5,1080.2,1085,207029
2026-08-03T10:45:00+05:30,1085,1086.5,1082.3,1085.6,157948
2026-08-03T10:50:00+05:30,1085.7,1086.4,1081.7,1083.1,98991
2026-08-03T10:55:00+05:30,1083.1,1083.9,1082,1083.6,70286
2026-08-03T11:00:00+05:30,1083.7,1086.7,1083.6,1086.4,87110
2026-08-03T11:05:00+05:30,1086.5,1088,1085.4,1086,139844
2026-08-03T11:10:00+05:30,1086,1086.2,1085,1085.5,38578
2026-08-03T11:15:00+05:30,1085.1,1085.5,1083.4,1085,44878
2026-08-03T11:20:00+05:30,1084.7,1088,1084.7,1087.8,104940
2026-08-03T11:25:00+05:30,1087.8,1089.3,1087.2,1089,100966
2026-08-03T11:30:00+05:30,1089,1091,1088.1,1089.7,148292
2026-08-03T11:35:00+05:30,1089.4,1089.9,1089,1089.9,38168
2026-08-03T11:40:00+05:30,1089.9,1094,1089.7,1092.8,177300
2026-08-03T11:45:00+05:30,1092.9,1095,1092,1093.5,165050
2026-08-03T11:50:00+05:30,1093.6,1094,1093,1093.6,72633
2026-08-03T11:55:00+05:30,1093.6,1093.6,1090.8,1091.4,129903
2026-08-03T12:00:00+05:30,1091.4,1091.8,1088,1090,132884
2026-08-03T12:05:00+05:30,1089.9,1091,1089,1090.5,41536
2026-08-03T12:10:00+05:30,1090.5,1090.5,1088.3,1088.8,52824
2026-08-03T12:15:00+05:30,1088.8,1089.6,1088.4,1089.1,65152
2026-08-03T12:20:00+05:30,1089.1,1089.7,1088.2,1089.7,47687
2026-08-03T12:25:00+05:30,1089.4,1090,1089,1089.2,48754
2026-08-03T12:30:00+05:30,1089.2,1090,1085,1085.8,90295
2026-08-03T12:35:00+05:30,1085.8,1086.7,1082.2,1082.8,89539
2026-08-03T12:40:00+05:30,1082.8,1085.1,1082.3,1083.3,79994
2026-08-03T12:45:00+05:30,1083.5,1083.5,1081.1,1082,89152
2026-08-03T12:50:00+05:30,1082,1083.3,1081.4,1083.1,53413
2026-08-03T12:55:00+05:30,1083.3,1083.4,1080.6,1082,93184
2026-08-03T13:00:00+05:30,1082,1083,1080.8,1082,46628
2026-08-03T13:05:00+05:30,1082,1083.5,1081.7,1083.2,46529
2026-08-03T13:10:00+05:30,1083.2,1084.4,1081,1084.1,88724
2026-08-03T13:15:00+05:30,1084.1,1084.5,1083,1084.4,46006
2026-08-03T13:20:00+05:30,1084.4,1084.5,1082.6,1083.5,39515
2026-08-03T13:25:00+05:30,1083.5,1083.5,1082.1,1082.6,30276
2026-08-03T13:30:00+05:30,1082.5,1083.4,1081.4,1082.3,79881
2026-08-03T13:35:00+05:30,1082.5,1083.2,1081,1081.3,29631
2026-08-03T13:40:00+05:30,1082.3,1082.9,1081.5,1082.2,72319
2026-08-03T13:45:00+05:30,1082.2,1083.3,1081.7,1083,34146
2026-08-03T13:50:00+05:30,1082.5,1083.1,1080.8,1082.1,91330
2026-08-03T13:55:00+05:30,1082.1,1082.1,1078,1078,151728
2026-08-03T14:00:00+05:30,1078.8,1079.8,1078,1078.9,53128
2026-08-03T14:05:00+05:30,1079.1,1079.7,1078.3,1078.7,35365
2026-08-03T14:10:00+05:30,1078.5,1079.7,1077.6,1079.7,47249
2026-08-03T14:15:00+05:30,1079.7,1079.8,1078.6,1079.4,38418
2026-08-03T14:20:00+05:30,1079.3,1079.8,1078.7,1079.1,26939
2026-08-03T14:25:00+05:30,1078.7,1079.2,1078.3,1078.5,25406
2026-08-03T14:30:00+05:30,1078.9,1078.9,1077.7,1078.1,36620
2026-08-03T14:35:00+05:30,1078.2,1078.5,1077.7,1078.3,39845
2026-08-03T14:40:00+05:30,1078.5,1078.7,1077.9,1078.2,30097
2026-08-03T14:45:00+05:30,1077.9,1078.2,1076.7,1077,57383
2026-08-03T14:50:00+05:30,1077,1077.7,1075.7,1077.5,85620
2026-08-03T14:55:00+05:30,1077.2,1080,1077,1079.6,106647
2026-08-03T15:00:00+05:30,1079.6,1082.7,1078.1,1078.8,290597
2026-08-03T15:05:00+05:30,1078.8,1079.3,1073.7,1074.7,149002
2026-08-03T15:10:00+05:30,1074.7,1080,1074,1077.1,201745
2026-08-04T09:15:00+05:30,1080,1085.7,1075.8,1085.6,184079
2026-08-04T09:20:00+05:30,1085.6,1087.6,1083.3,1084.3,95856
2026-08-04T09:25:00+05:30,1084.3,1086.3,1082,1083.6,67551
2026-08-04T09:30:00+05:30,1083.6,1085.2,1082.2,1083.6,42387
2026-08-04T09:35:00+05:30,1083.5,1084.9,1082.6,1083.3,37929
2026-08-04T09:40:00+05:30,1082.8,1083.1,1080.2,1083.1,90209
2026-08-04T09:45:00+05:30,1082.9,1088,1082.5,1087.5,78903
2026-08-04T09:50:00+05:30,1086.5,1088.4,1086.4,1087.7,108703
2026-08-04T09:55:00+05:30,1087.3,1087.8,1086.5,1086.7,28789
2026-08-04T10:00:00+05:30,1086.9,1087,1085.3,1086.7,29242
2026-08-04T10:05:00+05:30,1086.7,1087,1085.3,1085.9,25085
2026-08-04T10:10:00+05:30,1085,1087.5,1084.2,1087,58837
2026-08-04T10:15:00+05:30,1087,1091.7,1086.4,1087.5,115117
2026-08-04T10:20:00+05:30,1087.5,1089.6,1084.7,1089.2,48971
2026-08-04T10:25:00+05:30,1089,1089.3,1087,1088.7,28372
2026-08-04T10:30:00+05:30,1088.5,1088.7,1087,1087.3,24407
2026-08-04T10:35:00+05:30,1087.1,1087.5,1086.1,1087.5,20137
2026-08-04T10:40:00+05:30,1087.2,1087.5,1086.2,1086.2,21519
2026-08-04T10:45:00+05:30,1085.9,1087,1085.5,1086.1,24368
2026-08-04T10:50:00+05:30,1086.2,1086.7,1085.5,1086.1,17650
2026-08-04T10:55:00+05:30,1086.8,1089.3,1086,1087.1,89287
2026-08-04T11:00:00+05:30,1087,1088.4,1086.7,1087.9,32437
2026-08-04T11:05:00+05:30,1087.9,1088.9,1087.5,1088.7,29282
2026-08-04T11:10:00+05:30,1089,1090,1088.4,1090,28618
2026-08-04T11:15:00+05:30,1090,1090,1086.7,1087.1,33544
2026-08-04T11:20:00+05:30,1087.1,1087.9,1086.7,1087.3,26003
2026-08-04T11:25:00+05:30,1087.3,1087.6,1086.3,1086.3,58180
2026-08-04T11:30:00+05:30,1086.4,1086.5,1085,1085.6,29880
2026-08-04T11:35:00+05:30,1085.6,1086.1,1084.4,1086.1,51496
2026-08-04T11:40:00+05:30,1086.2,1086.2,1084.8,1085.5,30474
2026-08-04T11:45:00+05:30,1085.6,1086,1083.5,1084,34062
2026-08-04T11:50:00+05:30,1084,1085.5,1083.2,1085.5,29606
2026-08-04T11:55:00+05:30,1085.6,1086,1084,1084.4,32405
2026-08-04T12:00:00+05:30,1084.1,1084.7,1083.2,1083.6,24973
2026-08-04T12:05:00+05:30,1083.9,1084,1082.1,1082.6,37595
2026-08-04T12:10:00+05:30,1082.5,1083,1081.4,1082.3,27207
2026-08-04T12:15:00+05:30,1082.2,1082.9,1082,1082.9,17078
2026-08-04T12:20:00+05:30,1082.9,1083.1,1081.1,1081.8,25526
2026-08-04T12:25:00+05:30,1081.7,1082.5,1081,1081.6,21846
2026-08-04T12:30:00+05:30,1081.6,1082,1080.1,1080.2,25765
2026-08-04T12:35:00+05:30,1080.2,1080.3,1077.8,1079.6,50574
2026-08-04T12:40:00+05:30,1079.4,1079.5,1078.3,1078.8,19460
2026-08-04T12:45:00+05:30,1079.2,1080.8,1079.2,1080.4,27830
2026-08-04T12:50:00+05:30,1080.4,1080.9,1079.9,1080.4,17247
2026-08-04T12:55:00+05:30,1080.4,1080.5,1078.4,1078.7,21763
2026-08-04T13:00:00+05:30,1078.8,1079.7,1078.2,1079.1,19589
2026-08-04T13:05:00+05:30,1079.1,1079.9,1079.1,1079.3,19060
2026-08-04T13:10:00+05:30,1079.5,1079.9,1079,1079.3,20250
2026-08-04T13:15:00+05:30,1079.5,1080.5,1078.8,1080.1,26828
2026-08-04T13:20:00+05:30,1080,1082.8,1079.7,1082.8,42335
2026-08-04T13:25:00+05:30,1082.7,1083.4,1080.5,1080.5,37023
2026-08-04T13:30:00+05:30,1080.7,1081.9,1080.5,1081.7,18098
2026-08-04T13:35:00+05:30,1081.7,1082.3,1081,1082.2,16467
2026-08-04T13:40:00+05:30,1082.2,1082.4,1081.1,1081.2,17099
2026-08-04T13:45:00+05:30,1081.2,1082.1,1080.3,1081.8,27787
2026-08-04T13:50:00+05:30,1081.6,1081.8,1078.9,1079.2,45574
2026-08-04T13:55:00+05:30,1079.8,1081,1078,1080.7,78957
2026-08-04T14:00:00+05:30,1080.3,1080.8,1079,1079.9,21057
2026-08-04T14:05:00+05:30,1079.9,1081.2,1079.5,1081.1,28741
2026-08-04T14:10:00+05:30,1081,1081.3,1080.3,1081.1,34533
2026-08-04T14:15:00+05:30,1081.2,1083.4,1080.8,1083.1,58253
2026-08-04T14:20:00+05:30,1083.3,1083.7,1081.3,1081.6,63721
2026-08-04T14:25:00+05:30,1081.6,1081.8,1080,1080.4,37580
2026-08-04T14:30:00+05:30,1080.5,1081,1079.1,1080.1,41743
2026-08-04T14:35:00+05:30,1079.9,1080.1,1078.5,1079.2,58739
2026-08-04T14:40:00+05:30,1079.4,1079.6,1078.1,1079.1,97698
2026-08-04T14:45:00+05:30,1079.1,1080.9,1077.6,1079.8,98841
2026-08-04T14:50:00+05:30,1079.8,1080.4,1078.6,1080.1,72306
2026-08-04T14:55:00+05:30,1080.1,1080.1,1078.7,1079.5,85692
2026-08-04T15:00:00+05:30,1079.5,1080,1079.1,1079.5,74948
2026-08-04T15:05:00+05:30,1079.3,1079.4,1076.2,1077,108404
2026-08-04T15:10:00+05:30,1077,1080.5,1075.1,1080.5,118972
2026-08-05T09:15:00+05:30,1097.7,1104.6,1092.7,1099.9,488208
2026-08-05T09:20:00+05:30,1099.9,1101.2,1095.5,1095.8,144055
2026-08-05T09:25:00+05:30,1095.4,1098.2,1094.4,1097.8,137149
2026-08-05T09:30:00+05:30,1098.3,1098.3,1095,1095.3,80777
2026-08-05T09:35:00+05:30,1095.3,1096,1095,1095.7,51290
2026-08-05T09:40:00+05:30,1095.5,1099,1095.3,1099,86171
2026-08-05T09:45:00+05:30,1099.1,1099.1,1096.5,1096.8,52524
2026-08-05T09:50:00+05:30,1096.3,1097.3,1093.4,1094.4,75684
2026-08-05T09:55:00+05:30,1094.4,1100.7,1094,1100.7,121889
2026-08-05T10:00:00+05:30,1100.7,1104,1098.5,1103.9,163929
2026-08-05T10:05:00+05:30,1103.4,1106.2,1102.9,1103.1,261803
2026-08-05T10:10:00+05:30,1103.1,1108,1103.1,1107.5,187694
2026-08-05T10:15:00+05:30,1107.9,1107.9,1103.2,1104.5,124616
2026-08-05T10:20:00+05:30,1104.5,1106.5,1103.6,1106,55749
2026-08-05T10:25:00+05:30,1106.4,1107.5,1103.7,1104,75633
2026-08-05T10:30:00+05:30,1103.4,1103.5,1100.1,1101.5,72285
2026-08-05T10:35:00+05:30,1101.5,1103.5,1101.2,1102.6,38790
2026-08-05T10:40:00+05:30,1102.6,1105.4,1102.5,1103.9,70680
2026-08-05T10:45:00+05:30,1104.3,1107.5,1103.9,1105.6,79536
2026-08-05T10:50:00+05:30,1105.8,1107,1105.6,1106.9,46695
2026-08-05T10:55:00+05:30,1107,1107.5,1106.7,1106.7,37207
2026-08-05T11:00:00+05:30,1106.8,1106.8,1105.2,1105.8,50740
2026-08-05T11:05:00+05:30,1105.9,1107.4,1104.1,1104.3,88783
2026-08-05T11:10:00+05:30,1104,1106.5,1103.2,1105.9,61598
2026-08-05T11:15:00+05:30,1105.8,1106.5,1104.2,1105.1,40116
2026-08-05T11:20:00+05:30,1105.2,1106.6,1104.2,1105.7,57914
2026-08-05T11:25:00+05:30,1105.7,1105.8,1104.8,1105,27556
2026-08-05T11:30:00+05:30,1105,1105,1103.1,1104.4,77283
2026-08-05T11:35:00+05:30,1104.5,1104.8,1103.1,1103.2,34684
2026-08-05T11:40:00+05:30,1103.4,1104.6,1103.1,1104.4,30879
2026-08-05T11:45:00+05:30,1104.4,1104.4,1103.1,1103.4,29151
2026-08-05T11:50:00+05:30,1103.4,1103.4,1101.8,1102,31472
2026-08-05T11:55:00+05:30,1101.8,1102,1100.4,1100.8,69034
2026-08-05T12:00:00+05:30,1101.1,1101.9,1101.1,1101.6,48877
2026-08-05T12:05:00+05:30,1101.6,1103.3,1101.5,1101.5,69286
2026-08-05T12:10:00+05:30,1102,1102.1,1100.5,1102,40018
2026-08-05T12:15:00+05:30,1102,1104.8,1101.8,1103,36778
2026-08-05T12:20:00+05:30,1102.8,1103.7,1101.1,1102.5,63957
2026-08-05T12:25:00+05:30,1102.5,1103.8,1102.2,1102.5,24856
2026-08-05T12:30:00+05:30,1102.8,1104.3,1101.6,1103.2,42149
2026-08-05T12:35:00+05:30,1103.1,1103.3,1101.1,1102.3,31022
2026-08-05T12:40:00+05:30,1102.3,1102.7,1100.5,1101.9,37755
2026-08-05T12:45:00+05:30,1101.9,1102,1100.7,1100.9,57221
2026-08-05T12:50:00+05:30,1100.9,1101.3,1100.8,1101.1,29895
2026-08-05T12:55:00+05:30,1101.2,1102,1100,1100.1,52091
2026-08-05T13:00:00+05:30,1100,1101.9,1100,1101.8,37570
2026-08-05T13:05:00+05:30,1101.4,1102,1100.1,1101.9,40844
2026-08-05T13:10:00+05:30,1101.7,1102,1100.5,1101.1,26583
2026-08-05T13:15:00+05:30,1101.1,1102.6,1100.8,1102.4,36021
2026-08-05T13:20:00+05:30,1102.4,1103.1,1102.1,1103.1,37852
2026-08-05T13:25:00+05:30,1103.1,1103.4,1102.4,1102.9,37645
2026-08-05T13:30:00+05:30,1102.8,1103.3,1102.6,1103.1,21963
2026-08-05T13:35:00+05:30,1103.1,1103.5,1100.7,1101.1,79527
2026-08-05T13:40:00+05:30,1101.1,1101.1,1096.5,1096.9,151098
2026-08-05T13:45:00+05:30,1096.9,1099.9,1096.7,1099.9,99404
2026-08-05T13:50:00+05:30,1099.9,1100,1099,1099.4,33617
2026-08-05T13:55:00+05:30,1099.4,1100.7,1099.2,1100.5,49276
2026-08-05T14:00:00+05:30,1100.6,1104.2,1100.6,1104.1,89242
2026-08-05T14:05:00+05:30,1104.1,1106.7,1104,1105,92607
2026-08-05T14:10:00+05:30,1104.9,1106.2,1104.6,1104.9,49847
2026-08-05T14:15:00+05:30,1104.9,1105,1102.6,1103.3,49360
2026-08-05T14:20:00+05:30,1103.7,1105.8,1103.5,1105.8,60981
2026-08-05T14:25:00+05:30,1105.8,1107,1105.6,1107,116361
2026-08-05T14:30:00+05:30,1107,1107.8,1106.9,1107.1,89167
2026-08-05T14:35:00+05:30,1107,1108,1106.9,1107.7,122051
2026-08-05T14:40:00+05:30,1107.6,1112.9,1107.5,1110.5,426562
2026-08-05T14:45:00+05:30,1110.5,1114,1110.5,1112.8,148116
2026-08-05T14:50:00+05:30,1112.7,1115,1112.2,1114.4,244853
2026-08-05T14:55:00+05:30,1114.7,1115.7,1114.3,1115.5,166652
2026-08-05T15:00:00+05:30,1115.1,1115.7,1113.2,1114.5,267738
2026-08-05T15:05:00+05:30,1114.4,1115,1113.4,1115,176875
2026-08-05T15:10:00+05:30,1114.9,1117,1114.9,1116,166993
2026-08-06T09:15:00+05:30,1130,1130,1120,1125,1355439
2026-08-06T09:20:00+05:30,1125,1127,1121.9,1122.4,370175
2026-08-06T09:25:00+05:30,1122.4,1126.3,1121.6,1124.5,187505
2026-08-06T09:30:00+05:30,1125,1129,1124.1,1128,302682
2026-08-06T09:35:00+05:30,1128,1137.4,1128,1135.2,722720
2026-08-06T09:40:00+05:30,1135.5,1144.3,1135.5,1143.9,556542
2026-08-06T09:45:00+05:30,1143.9,1146,1141.5,1142.1,396845
2026-08-06T09:50:00+05:30,1142.1,1144,1141.5,1142.4,224385
2026-08-06T09:55:00+05:30,1142.6,1143.2,1140.9,1141.8,299097
2026-08-06T10:00:00+05:30,1141.9,1144.1,1140.1,1142.2,259115
2026-08-06T10:05:00+05:30,1142.6,1143,1140.1,1140.7,139097
2026-08-06T10:10:00+05:30,1140.7,1147.1,1140.6,1146,267747
2026-08-06T10:15:00+05:30,1145.6,1148,1145.6,1146.2,196701
2026-08-06T10:20:00+05:30,1146.4,1151.8,1146,1150.2,474638
2026-08-06T10:25:00+05:30,1150.2,1150.4,1148.4,1149,249120
2026-08-06T10:30:00+05:30,1149,1149.8,1147.5,1149.3,130820
2026-08-06T10:35:00+05:30,1149.7,1150.5,1148.6,1148.7,203162
2026-08-06T10:40:00+05:30,1148.4,1152,1148.4,1150.5,127632
2026-08-06T10:45:00+05:30,1150.6,1150.6,1146.9,1148.4,278139
2026-08-06T10:50:00+05:30,1148.2,1149.2,1147.6,1148.1,104768
2026-08-06T10:55:00+05:30,1148.3,1149.1,1147.5,1147.9,216195
2026-08-06T11:00:00+05:30,1147.9,1149.7,1147.8,1148.7,217338
2026-08-06T11:05:00+05:30,1148.9,1150,1148.5,1150,63303
2026-08-06T11:10:00+05:30,1149.7,1153.7,1149.7,1153.2,175524
2026-08-06T11:15:00+05:30,1153,1153.6,1150.7,1150.7,131208
2026-08-06T11:20:00+05:30,1150.7,1151.9,1150.6,1151.6,51523
2026-08-06T11:25:00+05:30,1151.6,1151.8,1150.9,1151,119429
2026-08-06T11:30:00+05:30,1151,1152,1149,1150.5,132269
2026-08-06T11:35:00+05:30,1150.5,1150.6,1144.5,1145,186709
2026-08-06T11:40:00+05:30,1145,1145.8,1144.9,1145,85535
2026-08-06T11:45:00+05:30,1145.4,1145.6,1143.4,1145.6,88104
2026-08-06T11:50:00+05:30,1145.5,1146.4,1144.1,1144.6,113667
2026-08-06T11:55:00+05:30,1144.8,1146.8,1144,1144.8,68580
2026-08-06T12:00:00+05:30,1144.8,1146,1144.8,1145,59358
2026-08-06T12:05:00+05:30,1145.6,1145.6,1143.9,1144.8,94605
2026-08-06T12:10:00+05:30,1144.8,1147.1,1144.6,1146.1,91894
2026-08-06T12:15:00+05:30,1147.1,1148,1146.5,1147.8,47271
2026-08-06T12:20:00+05:30,1147.4,1147.4,1146.1,1147.3,53869
2026-08-06T12:25:00+05:30,1147.3,1148.5,1144,1145.1,82466
2026-08-06T12:30:00+05:30,1145.3,1146.2,1144,1145.1,48848
2026-08-06T12:35:00+05:30,1145.1,1145.7,1143.9,1144.5,41214
2026-08-06T12:40:00+05:30,1144.5,1145,1143.4,1145,61724
2026-08-06T12:45:00+05:30,1144.9,1145.8,1144.5,1145,62902
2026-08-06T12:50:00+05:30,1145,1145.4,1144.8,1145.2,54151
2026-08-06T12:55:00+05:30,1145.2,1145.4,1144.1,1144.7,77176
2026-08-06T13:00:00+05:30,1144.7,1145.3,1144.5,1145,48334
2026-08-06T13:05:00+05:30,1145,1145.1,1143,1144,71809
2026-08-06T13:10:00+05:30,1143.9,1144.9,1142.8,1143,59358
2026-08-06T13:15:00+05:30,1143.4,1145.2,1142.1,1145.2,169970
2026-08-06T13:20:00+05:30,1145,1145.3,1141.1,1141.1,109647
2026-08-06T13:25:00+05:30,1141.2,1142.6,1140.7,1142,165982
2026-08-06T13:30:00+05:30,1141.8,1142.3,1140.3,1141.5,80758
2026-08-06T13:35:00+05:30,1141.6,1142.2,1140.4,1140.5,105362
2026-08-06T13:40:00+05:30,1140.6,1142.3,1140.3,1141.9,72211
2026-08-06T13:45:00+05:30,1141.7,1141.9,1140.6,1140.6,90318
2026-08-06T13:50:00+05:30,1141.1,1141.4,1139.4,1140.5,179533
2026-08-06T13:55:00+05:30,1140.5,1140.6,1138,1138.5,85938
2026-08-06T14:00:00+05:30,1138.7,1140.5,1138,1140.5,74655
2026-08-06T14:05:00+05:30,1140.5,1141.4,1138.7,1139,92126
2026-08-06T14:10:00+05:30,1138.6,1139.6,1136.7,1137,92951
2026-08-06T14:15:00+05:30,1136.6,1137.5,1135.4,1136.8,118719
2026-08-06T14:20:00+05:30,1136.8,1137.5,1133.9,1134,126264
2026-08-06T14:25:00+05:30,1134,1135.3,1133.6,1134.9,118346
2026-08-06T14:30:00+05:30,1134.9,1136.1,1134.1,1134.8,83589
2026-08-06T14:35:00+05:30,1134.7,1137,1134.5,1136.5,126694
2026-08-06T14:40:00+05:30,1136.5,1136.7,1134.5,1135.2,91361
2026-08-06T14:45:00+05:30,1135.4,1138,1134.8,1138,95601
2026-08-06T14:50:00+05:30,1138,1138.9,1137.5,1138.3,165247
2026-08-06T14:55:00+05:30,1138.7,1138.7,1137.6,1137.8,136650
2026-08-06T15:00:00+05:30,1137.8,1138.7,1135.7,1136.1,159527
2026-08-06T15:05:00+05:30,1136.7,1138.3,1136,1138.3,236552
2026-08-06T15:10:00+05:30,1138.3,1139,1137,1139,181939
2026-08-07T09:15:00+05:30,1134,1134,1116.9,1120.2,236097
2026-08-07T09:20:00+05:30,1120.6,1120.8,1115.5,1116.7,135955
2026-08-07T09:25:00+05:30,1116.3,1118,1115,1117.1,71590
2026-08-07T09:30:00+05:30,1117.1,1120.5,1116.5,1119.1,57491
2026-08-07T09:35:00+05:30,1119.5,1120.2,1117.9,1118.8,38109
2026-08-07T09:40:00+05:30,1118.7,1126,1118.6,1125.3,110813
2026-08-07T09:45:00+05:30,1125.6,1126.5,1123.7,1125.5,56243
2026-08-07T09:50:00+05:30,1125.1,1127,1125.1,1127,35751
2026-08-07T09:55:00+05:30,1127,1128.7,1125.6,1128.3,58974
2026-08-07T10:00:00+05:30,1127.9,1128.8,1125.3,1125.7,34252
2026-08-07T10:05:00+05:30,1125.5,1126.9,1125.2,1126.5,36040
2026-08-07T10:10:00+05:30,1126.7,1128,1126.4,1127.9,25948
2026-08-07T10:15:00+05:30,1127.9,1128,1125.2,1126,21682
2026-08-07T10:20:00+05:30,1126,1126.4,1122.6,1124,29764
2026-08-07T10:25:00+05:30,1124,1124,1121,1121.8,33549
2026-08-07T10:30:00+05:30,1121.8,1122.4,1120.4,1122.1,24332
2026-08-07T10:35:00+05:30,1122,1125.4,1121.5,1124.9,37940
2026-08-07T10:40:00+05:30,1124.4,1124.5,1122.5,1122.8,17120
2026-08-07T10:45:00+05:30,1123.1,1124.3,1122.8,1123.7,26798
2026-08-07T10:50:00+05:30,1123.7,1124.3,1122.6,1123.5,29935
2026-08-07T10:55:00+05:30,1123.5,1123.7,1121.3,1122.2,25506
2026-08-07T11:00:00+05:30,1122.2,1122.4,1119.2,1119.3,35876
2026-08-07T11:05:00+05:30,1119.5,1121.3,1119.3,1120.8,24858
2026-08-07T11:10:00+05:30,1120.6,1121.7,1120,1120.3,38837
2026-08-07T11:15:00+05:30,1120.4,1120.4,1119,1119.9,21706
2026-08-07T11:20:00+05:30,1119.9,1121,1119.9,1120.5,13454
2026-08-07T11:25:00+05:30,1120.9,1121,1118.3,1119.5,43614
2026-08-07T11:30:00+05:30,1119.9,1119.9,1117.5,1118,22238
2026-08-07T11:35:00+05:30,1118.2,1119.9,1116.9,1119.6,53748
2026-08-07T11:40:00+05:30,1119.8,1119.8,1118,1119.3,24100
2026-08-07T11:45:00+05:30,1119.3,1120.1,1116.5,1116.5,30378
2026-08-07T11:50:00+05:30,1116.8,1118,1116,1117.7,39465
2026-08-07T11:55:00+05:30,1118,1119.4,1117.8,1119.1,23148
2026-08-07T12:00:00+05:30,1119.4,1119.4,1116.9,1117,35443
2026-08-07T12:05:00+05:30,1117.3,1117.4,1116.4,1116.5,24490
2026-08-07T12:10:00+05:30,1116.4,1116.7,1115.7,1116.1,24081
2026-08-07T12:15:00+05:30,1116.2,1117.1,1115.7,1116.3,59595
2026-08-07T12:20:00+05:30,1116.6,1117.3,1116.3,1117.1,14335
2026-08-07T12:25:00+05:30,1117.1,1119.1,1117,1118.9,21324
2026-08-07T12:30:00+05:30,1119.1,1119.1,1118,1118.8,23546
2026-08-07T12:35:00+05:30,1118.9,1119.1,1118.5,1118.5,16852
2026-08-07T12:40:00+05:30,1118.8,1119.8,1118.5,1119,15797
2026-08-07T12:45:00+05:30,1119,1121.4,1118.9,1120.8,19807
2026-08-07T12:50:00+05:30,1121,1121,1117.7,1118,24184
2026-08-07T12:55:00+05:30,1118.3,1118.8,1117.4,1117.7,17757
2026-08-07T13:00:00+05:30,1117.7,1117.9,1116,1116,41758
2026-08-07T13:05:00+05:30,1116.1,1116.6,1115.5,1115.8,17974
2026-08-07T13:10:00+05:30,1115.8,1116.9,1115.5,1115.7,19309
2026-08-07T13:15:00+05:30,1115.7,1115.7,1113.1,1113.4,76724
2026-08-07T13:20:00+05:30,1113.1,1114.5,1112.5,1114.5,20518
2026-08-07T13:25:00+05:30,1114.9,1115.7,1114.4,1114.4,24789
2026-08-07T13:30:00+05:30,1114.3,1114.6,1110.5,1110.7,43453
2026-08-07T13:35:00+05:30,1110.9,1111.4,1110.3,1110.6,20471
2026-08-07T13:40:00+05:30,1110.7,1114.1,1109,1113.5,85885
2026-08-07T13:45:00+05:30,1113.9,1114.7,1112.9,1113.1,20419
2026-08-07T13:50:00+05:30,1113.5,1115,1112.3,1112.9,78095
2026-08-07T13:55:00+05:30,1112.9,1113.8,1111,1112.6,25386
2026-08-07T14:00:00+05:30,1112.6,1113.4,1112,1112,25207
2026-08-07T14:05:00+05:30,1112,1112.6,1109.4,1111.1,62669
2026-08-07T14:10:00+05:30,1111.7,1112.5,1111.4,1111.9,34503
2026-08-07T14:15:00+05:30,1111.9,1113.5,1111.5,1112.8,37082
2026-08-07T14:20:00+05:30,1112.4,1113,1111.5,1112.9,28937
2026-08-07T14:25:00+05:30,1112.9,1112.9,1111.8,1111.8,29656
2026-08-07T14:30:00+05:30,1112.1,1113.1,1111.1,1113,35870
2026-08-07T14:35:00+05:30,1112.9,1113,1111.2,1111.6,36125
2026-08-07T14:40:00+05:30,1111.7,1113.5,1111.4,1113.2,49569
2026-08-07T14:45:00+05:30,1112.9,1115,1112.4,1114.1,81074
2026-08-07T14:50:00+05:30,1114.2,1114.7,1112.3,1112.3,70908
2026-08-07T14:55:00+05:30,1112.3,1114,1112.3,1114,46048
2026-08-07T15:00:00+05:30,1114.5,1114.8,1113.1,1113.6,64359
2026-08-07T15:05:00+05:30,1113.6,1114.9,1113,1113.1,78256
2026-08-07T15:10:00+05:30,1113.2,1115.1,1110.6,1115,176297
2026-08-10T09:15:00+05:30,1115,1119.8,1106.1,1117,268247
2026-08-10T09:20:00+05:30,1117,1117.8,1113.3,1113.9,73808
2026-08-10T09:25:00+05:30,1113.9,1114.7,1112.2,1114.2,56575
2026-08-10T09:30:00+05:30,1114.2,1114.4,1110.7,1113.9,60994
2026-08-10T09:35:00+05:30,1113.9,1115.8,1112.4,1115.7,53945
2026-08-10T09:40:00+05:30,1115.7,1116.7,1114.8,1116.6,31307
2026-08-10T09:45:00+05:30,1116.6,1118.6,1116,1117.5,37938
2026-08-10T09:50:00+05:30,1117.6,1118,1115.6,1117,63883
2026-08-10T09:55:00+05:30,1116.8,1117.3,1115.4,1116.1,24662
2026-08-10T10:00:00+05:30,1116.2,1116.9,1115.6,1116.5,31448
2026-08-10T10:05:00+05:30,1116.4,1116.5,1115,1115.2,29855
2026-08-10T10:10:00+05:30,1115.1,1117.1,1115,1116.7,16691
2026-08-10T10:15:00+05:30,1116.9,1119.5,1116.9,1119.5,81074
2026-08-10T10:20:00+05:30,1119.5,1122.5,1119,1121.1,90750
2026-08-10T10:25:00+05:30,1121.4,1122,1119,1121.6,33731
2026-08-10T10:30:00+05:30,1121.5,1123.3,1116.5,1119,118632
2026-08-10T10:35:00+05:30,1118.8,1123.8,1118.7,1123.4,30553
2026-08-10T10:40:00+05:30,1123.4,1124,1122.5,1123.4,37706
2026-08-10T10:45:00+05:30,1123.4,1124,1122.9,1123.4,34912
2026-08-10T10:50:00+05:30,1123.4,1123.5,1122,1122.4,30469
2026-08-10T10:55:00+05:30,1122.4,1123,1122.1,1122.8,19560
2026-08-10T11:00:00+05:30,1122.8,1124.5,1122,1124.5,31047
2026-08-10T11:05:00+05:30,1124.2,1124.5,1122,1123.7,31755
2026-08-10T11:10:00+05:30,1123.8,1123.9,1122.6,1123.5,14886
2026-08-10T11:15:00+05:30,1123.7,1123.9,1122.1,1122.9,22778
2026-08-10T11:20:00+05:30,1123.2,1123.4,1122.4,1122.8,18641
2026-08-10T11:25:00+05:30,1122.9,1123.2,1122.5,1123,16087
2026-08-10T11:30:00+05:30,1122.9,1125.3,1122.4,1124.5,77436
2026-08-10T11:35:00+05:30,1124.5,1125.2,1124.1,1125.2,16682
2026-08-10T11:40:00+05:30,1124.9,1125.3,1124,1124.4,25747
2026-08-10T11:45:00+05:30,1124.2,1125.4,1123.6,1125.1,21286
2026-08-10T11:50:00+05:30,1125.2,1125.5,1124.2,1125.2,22006
2026-08-10T11:55:00+05:30,1124.9,1127.5,1124.9,1126.6,60930
2026-08-10T12:00:00+05:30,1126.7,1127.5,1125.1,1125.4,24515
2026-08-10T12:05:00+05:30,1125.8,1126,1125.5,1125.9,13147
2026-08-10T12:10:00+05:30,1126,1126.6,1125.2,1125.4,16211
2026-08-10T12:15:00+05:30,1125.4,1126,1124.5,1125.1,18453
2026-08-10T12:20:00+05:30,1125.1,1126.6,1124.9,1125.8,15266
2026-08-10T12:25:00+05:30,1125.7,1127.2,1123.7,1126.9,35603
2026-08-10T12:30:00+05:30,1126.9,1127.5,1125.7,1126.2,20524
2026-08-10T12:35:00+05:30,1126.2,1126.5,1125.1,1126.2,11913
2026-08-10T12:40:00+05:30,1126.2,1126.4,1124.5,1124.6,15996
2026-08-10T12:45:00+05:30,1124.6,1125.5,1124,1125.3,12401
2026-08-10T12:50:00+05:30,1125.3,1127.3,1124.2,1127.3,33795
2026-08-10T12:55:00+05:30,1127.3,1130,1127.1,1129.6,43953
2026-08-10T13:00:00+05:30,1129.5,1130.8,1128.9,1130.8,43388
2026-08-10T13:05:00+05:30,1130.8,1131.1,1129.7,1130,33055
2026-08-10T13:10:00+05:30,1129.8,1130.8,1129.2,1129.8,35996
2026-08-10T13:15:00+05:30,1129.8,1130.4,1129.5,1130.3,34591
2026-08-10T13:20:00+05:30,1130.3,1130.4,1129.9,1130.1,16282
2026-08-10T13:25:00+05:30,1130.2,1130.7,1130,1130.5,19126
2026-08-10T13:30:00+05:30,1130.4,1132,1130.1,1131.5,27188
2026-08-10T13:35:00+05:30,1131.5,1133.5,1131.4,1133,112526
2026-08-10T13:40:00+05:30,1133,1137,1133,1135.3,137043
2026-08-10T13:45:00+05:30,1135.3,1135.7,1135,1135.5,24518
2026-08-10T13:50:00+05:30,1135.4,1136.8,1134.8,1135.8,51577
2026-08-10T13:55:00+05:30,1135.8,1136.2,1133.4,1133.9,74111
2026-08-10T14:00:00+05:30,1133.9,1135.9,1133.4,1134.9,111080
2026-08-10T14:05:00+05:30,1135,1139.2,1135,1137.7,102343
2026-08-10T14:10:00+05:30,1136.4,1137,1134,1134.9,62353
2026-08-10T14:15:00+05:30,1134.9,1136.5,1132.9,1133.3,68845
2026-08-10T14:20:00+05:30,1133.4,1133.4,1130.2,1132.7,87734
2026-08-10T14:25:00+05:30,1132.7,1133.5,1132.1,1133.5,22434
2026-08-10T14:30:00+05:30,1133.7,1134.7,1133.5,1133.6,31299
2026-08-10T14:35:00+05:30,1133.6,1134,1133,1133.4,24345
2026-08-10T14:40:00+05:30,1133.1,1133.1,1131.3,1131.7,38173
2026-08-10T14:45:00+05:30,1131.5,1132.3,1130.9,1131.7,37382
2026-08-10T14:50:00+05:30,1131.5,1133.4,1131.2,1133.3,47005
2026-08-10T14:55:00+05:30,1133.2,1134.8,1132.7,1134.8,52614
2026-08-10T15:00:00+05:30,1134.8,1135,1134,1134.7,87985
2026-08-10T15:05:00+05:30,1134.7,1135,1134.1,1134.9,85233
2026-08-10T15:10:00+05:30,1134.8,1135,1134,1135,102851
2026-08-11T09:15:00+05:30,1135.8,1135.8,1125,1127.2,296035
2026-08-11T09:20:00+05:30,1127.2,1127.5,1124,1126.8,110371
2026-08-11T09:25:00+05:30,1126.8,1127.4,1123.9,1124.6,74749
2026-08-11T09:30:00+05:30,1124.6,1125,1123.2,1123.7,77893
2026-08-11T09:35:00+05:30,1123.7,1125,1123.6,1125,45009
2026-08-11T09:40:00+05:30,1125,1130,1125,1130,95358
2026-08-11T09:45:00+05:30,1130.4,1130.8,1128.3,1128.9,47410
2026-08-11T09:50:00+05:30,1128.7,1128.9,1126.7,1126.8,46276
2026-08-11T09:55:00+05:30,1126.8,1129.1,1126.4,1128.8,31650
2026-08-11T10:00:00+05:30,1128.9,1129,1128,1128.8,34406
2026-08-11T10:05:00+05:30,1128.6,1129.2,1128.5,1129,25281
2026-08-11T10:10:00+05:30,1128.7,1131.6,1128.4,1131.2,21276
2026-08-11T10:15:00+05:30,1131.6,1132.2,1130.4,1131.8,49800
2026-08-11T10:20:00+05:30,1131.8,1132.8,1131.1,1131.3,42648
2026-08-11T10:25:00+05:30,1131.1,1132.5,1130.2,1132.3,26234
2026-08-11T10:30:00+05:30,1132.2,1133,1132.1,1132.3,23990
2026-08-11T10:35:00+05:30,1132.2,1132.4,1131,1132.4,17051
2026-08-11T10:40:00+05:30,1132.3,1132.9,1131,1132.5,30786
2026-08-11T10:45:00+05:30,1132.7,1133.3,1132.2,1132.4,24823
2026-08-11T10:50:00+05:30,1132.1,1132.8,1130.3,1132,30703
2026-08-11T10:55:00+05:30,1132,1133.2,1132,1132.9,23742
2026-08-11T11:00:00+05:30,1132.5,1132.5,1128.8,1129,30580
2026-08-11T11:05:00+05:30,1128.9,1129,1126.9,1127,49969
2026-08-11T11:10:00+05:30,1126.6,1128.6,1126.4,1128.6,34465
2026-08-11T11:15:00+05:30,1128.5,1129.7,1128.5,1129.5,26606
2026-08-11T11:20:00+05:30,1129,1129.1,1128.6,1128.7,14669
2026-08-11T11:25:00+05:30,1128.7,1128.7,1127,1127.5,24437
2026-08-11T11:30:00+05:30,1127.5,1128,1127,1128,35056
2026-08-11T11:35:00+05:30,1128,1128.7,1127.7,1127.9,21377
2026-08-11T11:40:00+05:30,1127.8,1128.6,1125.5,1125.5,42538
2026-08-11T11:45:00+05:30,1125.6,1127.1,1125.3,1125.7,55285
2026-08-11T11:50:00+05:30,1125.5,1125.9,1122.7,1124.8,70836
2026-08-11T11:55:00+05:30,1124.9,1127,1124.8,1126.9,24858
2026-08-11T12:00:00+05:30,1127.3,1127.3,1125.3,1126.1,40378
2026-08-11T12:05:00+05:30,1126.1,1128.1,1126,1127.9,20862
2026-08-11T12:10:00+05:30,1127.9,1129.9,1127.9,1128.7,54667
2026-08-11T12:15:00+05:30,1128.7,1128.9,1127.8,1128,28479
2026-08-11T12:20:00+05:30,1128,1128,1125.2,1126.1,27328
2026-08-11T12:25:00+05:30,1126.1,1126.6,1125.7,1126.1,21669
2026-08-11T12:30:00+05:30,1126.1,1126.1,1125,1125.8,31354
2026-08-11T12:35:00+05:30,1125.8,1125.9,1125,1125,16687
2026-08-11T12:40:00+05:30,1125,1125.9,1124.3,1125.9,32396
2026-08-11T12:45:00+05:30,1125.9,1127.6,1125.7,1127.2,34216
2026-08-11T12:50:00+05:30,1127.2,1127.2,1125.4,1125.8,16464
2026-08-11T12:55:00+05:30,1125.8,1125.8,1124.6,1125,27963
2026-08-11T13:00:00+05:30,1125,1125.5,1121.9,1124.7,85429
2026-08-11T13:05:00+05:30,1124.6,1125.4,1121.2,1123.3,66452
2026-08-11T13:10:00+05:30,1123.2,1124.2,1121.8,1123,37617
2026-08-11T13:15:00+05:30,1122.8,1123,1122,1122.8,14712
2026-08-11T13:20:00+05:30,1122.8,1123.9,1121.8,1123.9,20019
2026-08-11T13:25:00+05:30,1123.9,1127.4,1123.9,1127,82870
2026-08-11T13:30:00+05:30,1126.8,1128.3,1126.8,1128.1,53019
2026-08-11T13:35:00+05:30,1128.2,1128.2,1127.5,1127.5,80487
2026-08-11T13:40:00+05:30,1127.6,1128.3,1127.3,1127.4,36149
2026-08-11T13:45:00+05:30,1127.3,1127.9,1127.1,1127.3,25975
2026-08-11T13:50:00+05:30,1127.1,1127.7,1127.1,1127.5,31671
2026-08-11T13:55:00+05:30,1127.5,1127.5,1127.1,1127.2,19676
2026-08-11T14:00:00+05:30,1127.2,1127.2,1125.9,1126.3,34592
2026-08-11T14:05:00+05:30,1126.3,1127.3,1125.9,1127.1,41993
2026-08-11T14:10:00+05:30,1127.3,1127.8,1127,1127.4,23927
2026-08-11T14:15:00+05:30,1127.5,1128.2,1127,1127.1,64704
2026-08-11T14:20:00+05:30,1127.1,1127.1,1126,1126.5,33176
2026-08-11T14:25:00+05:30,1126.5,1126.7,1126.2,1126.4,21455
2026-08-11T14:30:00+05:30,1126.3,1126.8,1125,1125.4,45354
2026-08-11T14:35:00+05:30,1125.3,1126,1125.1,1125.5,47049
2026-08-11T14:40:00+05:30,1125.4,1126.1,1125.2,1125.8,49457
2026-08-11T14:45:00+05:30,1125.8,1127.5,1125.7,1127.3,43850
2026-08-11T14:50:00+05:30,1127.3,1128.8,1127,1127.3,152883
2026-08-11T14:55:00+05:30,1127.4,1128.5,1127.4,1127.9,114973
2026-08-11T15:00:00+05:30,1127.9,1129.8,1127.9,1128.5,149372
2026-08-11T15:05:00+05:30,1128,1128.6,1126.1,1126.4,149496
2026-08-11T15:10:00+05:30,1126.2,1127.6,1124.3,1126.2,139858
2026-08-12T09:15:00+05:30,1135.5,1135.5,1122.1,1127.1,359336
2026-08-12T09:20:00+05:30,1127.1,1130.9,1126.9,1130.9,127684
2026-08-12T09:25:00+05:30,1130.9,1132.8,1130.7,1131.3,90419
2026-08-12T09:30:00+05:30,1131.3,1131.3,1127.9,1130.3,150561
2026-08-12T09:35:00+05:30,1130.3,1131.3,1129.6,1130,119987
2026-08-12T09:40:00+05:30,1130,1132.7,1129.7,1131.3,65491
2026-08-12T09:45:00+05:30,1131.3,1132.8,1128.1,1132.6,131436
2026-08-12T09:50:00+05:30,1132.6,1134.4,1129.2,1129.5,107546
2026-08-12T09:55:00+05:30,1129.5,1130.5,1128.7,1130.1,41069
2026-08-12T10:00:00+05:30,1130.1,1130.1,1127.7,1129,56226
2026-08-12T10:05:00+05:30,1129,1130,1128.9,1129.9,23044
2026-08-12T10:10:00+05:30,1130,1131.1,1129.9,1131.1,32432
2026-08-12T10:15:00+05:30,1131,1134.8,1130.8,1134.4,58029
2026-08-12T10:20:00+05:30,1134.3,1134.6,1131.7,1132.3,61216
2026-08-12T10:25:00+05:30,1132.4,1132.6,1128.8,1129.2,67542
2026-08-12T10:30:00+05:30,1129.3,1131.9,1129.3,1130.3,38927
2026-08-12T10:35:00+05:30,1130.7,1131.3,1129.7,1130.3,34002
2026-08-12T10:40:00+05:30,1130.7,1130.7,1129,1129.6,33941
2026-08-12T10:45:00+05:30,1129.6,1129.6,1127.5,1128.8,31087
2026-08-12T10:50:00+05:30,1129,1129.2,1128.3,1128.5,18304
2026-08-12T10:55:00+05:30,1128.5,1129.2,1126.6,1127.4,39028
2026-08-12T11:00:00+05:30,1127.6,1127.6,1126.9,1126.9,21688
2026-08-12T11:05:00+05:30,1127,1127.6,1126.3,1126.8,32352
2026-08-12T11:10:00+05:30,1126.9,1127,1123.6,1124,35418
2026-08-12T11:15:00+05:30,1124,1124.2,1121.1,1122.9,36044
2026-08-12T11:20:00+05:30,1122.9,1124,1121.4,1121.5,119704
2026-08-12T11:25:00+05:30,1121.5,1122.2,1119.2,1119.3,37068
2026-08-12T11:30:00+05:30,1119.1,1119.4,1117.7,1119.2,34852
2026-08-12T11:35:00+05:30,1119.2,1119.4,1117.7,1118.2,26898
2026-08-12T11:40:00+05:30,1118.1,1119.3,1117,1119.3,35119
2026-08-12T11:45:00+05:30,1118.9,1123.1,1118.7,1123.1,97627
2026-08-12T11:50:00+05:30,1122.8,1123.1,1121.7,1122.2,27083
2026-08-12T11:55:00+05:30,1122.3,1122.3,1120,1120.1,33724
2026-08-12T12:00:00+05:30,1120.1,1120.5,1120,1120.2,21905
2026-08-12T12:05:00+05:30,1120.2,1121.3,1120,1120.1,49316
2026-08-12T12:10:00+05:30,1120.1,1120.5,1119.3,1120.1,22956
2026-08-12T12:15:00+05:30,1120,1120.3,1120,1120.2,18418
2026-08-12T12:20:00+05:30,1120.2,1120.3,1119.9,1120.1,21520
2026-08-12T12:25:00+05:30,1120,1120.4,1120,1120.2,21293
2026-08-12T12:30:00+05:30,1120.3,1121.8,1119.5,1120.9,31045
2026-08-12T12:35:00+05:30,1120.9,1121.4,1120,1120.3,40794
2026-08-12T12:40:00+05:30,1120,1120.3,1119.3,1119.8,20284
2026-08-12T12:45:00+05:30,1119.7,1120,1118.4,1119.6,25203
2026-08-12T12:50:00+05:30,1119.5,1119.7,1118,1118,39932
2026-08-12T12:55:00+05:30,1118,1118.6,1117.6,1118.1,22741
2026-08-12T13:00:00+05:30,1118.1,1119.4,1118,1119.4,22388
2026-08-12T13:05:00+05:30,1119.4,1119.9,1119.1,1119.3,35878
2026-08-12T13:10:00+05:30,1119.3,1119.5,1119.1,1119.3,18244
2026-08-12T13:15:00+05:30,1119.3,1120.2,1119.1,1119.1,46118
2026-08-12T13:20:00+05:30,1119.1,1120,1118.2,1120,40058
2026-08-12T13:25:00+05:30,1120,1122.4,1119.8,1122.4,22826
2026-08-12T13:30:00+05:30,1122.4,1123.2,1122.3,1123,28443
2026-08-12T13:35:00+05:30,1122.9,1123.3,1121.7,1122.3,26880
2026-08-12T13:40:00+05:30,1123,1123,1121.5,1121.7,25034
2026-08-12T13:45:00+05:30,1122.1,1122.1,1120.8,1121.1,20042
2026-08-12T13:50:00+05:30,1121.1,1121.7,1121,1121.3,21927
2026-08-12T13:55:00+05:30,1121.2,1121.2,1118.8,1120.3,32342
2026-08-12T14:00:00+05:30,1120.1,1120.3,1117.2,1117.9,51747
2026-08-12T14:05:00+05:30,1117.9,1118.6,1117.5,1118.3,21023
2026-08-12T14:10:00+05:30,1118.6,1119.1,1117.6,1117.7,26901
2026-08-12T14:15:00+05:30,1117.9,1119.2,1117.6,1119,20975
2026-08-12T14:20:00+05:30,1119,1120,1118.6,1119.1,25350
2026-08-12T14:25:00+05:30,1119.3,1120,1119.1,1119.9,20740
2026-08-12T14:30:00+05:30,1119.9,1120,1119.5,1119.5,69444
2026-08-12T14:35:00+05:30,1119.5,1120,1118.5,1119.2,31732
2026-08-12T14:40:00+05:30,1119.2,1119.8,1118.7,1119.1,17039
2026-08-12T14:45:00+05:30,1118.9,1119.3,1118.1,1118.5,21211
2026-08-12T14:50:00+05:30,1118.2,1121.2,1117.6,1121.2,52689
2026-08-12T14:55:00+05:30,1122,1122.7,1120.4,1120.8,37220
2026-08-12T15:00:00+05:30,1120.9,1121.4,1120.1,1121.3,39843
2026-08-12T15:05:00+05:30,1121,1121.5,1120.5,1120.6,45290
2026-08-12T15:10:00+05:30,1121.7,1124.4,1120,1120,81457
2026-08-13T09:15:00+05:30,1135,1135,1124.3,1125.3,161050
2026-08-13T09:20:00+05:30,1125.3,1128.6,1124.8,1128.4,57573
2026-08-13T09:25:00+05:30,1128.2,1130.2,1128.1,1128.7,69334
2026-08-13T09:30:00+05:30,1129.4,1132.7,1129.4,1130.3,56282
2026-08-13T09:35:00+05:30,1130.4,1132.7,1130,1132.3,67853
2026-08-13T09:40:00+05:30,1132.5,1133,1131,1133,35928
2026-08-13T09:45:00+05:30,1133,1138.3,1132.9,1137.5,189857
2026-08-13T09:50:00+05:30,1138,1141.6,1137.5,1140.4,138512
2026-08-13T09:55:00+05:30,1140.7,1143.6,1140.4,1143.5,110186
2026-08-13T10:00:00+05:30,1143.8,1149,1143.5,1147.6,178101
2026-08-13T10:05:00+05:30,1147.6,1147.6,1142.7,1143.7,81450
2026-08-13T10:10:00+05:30,1143.7,1144.3,1141,1141.6,67533
2026-08-13T10:15:00+05:30,1142,1142.5,1139.1,1139.1,68222
2026-08-13T10:20:00+05:30,1139,1139.6,1135.6,1139.2,74074
2026-08-13T10:25:00+05:30,1139.2,1140.6,1137.5,1137.5,56241
2026-08-13T10:30:00+05:30,1137.8,1138.2,1136.2,1138.1,55463
2026-08-13T10:35:00+05:30,1138.1,1139.1,1136.7,1138.8,24334
2026-08-13T10:40:00+05:30,1138.7,1139.1,1138,1138.3,23248
2026-08-13T10:45:00+05:30,1138.3,1140.5,1138,1140.4,33935
2026-08-13T10:50:00+05:30,1140.4,1142,1137.6,1139.8,80615
2026-08-13T10:55:00+05:30,1139.8,1140.6,1139.2,1140,25580
2026-08-13T11:00:00+05:30,1140,1140,1136.8,1138,42368
2026-08-13T11:05:00+05:30,1138,1138.2,1136.2,1137.2,41845
2026-08-13T11:10:00+05:30,1137.2,1138.5,1136.5,1136.9,34936
2026-08-13T11:15:00+05:30,1136.8,1137.9,1136.7,1137.1,19953
2026-08-13T11:20:00+05:30,1137.2,1137.2,1133.3,1133.5,70421
2026-08-13T11:25:00+05:30,1133.9,1135,1133.5,1134.9,17637
2026-08-13T11:30:00+05:30,1135.2,1137.3,1135,1137,17372
2026-08-13T11:35:00+05:30,1137,1139.5,1136.8,1137.2,30867
2026-08-13T11:40:00+05:30,1137.5,1138.1,1135.1,1136.8,30063
2026-08-13T11:45:00+05:30,1136.8,1136.8,1135.5,1136.4,12464
2026-08-13T11:50:00+05:30,1136.4,1137,1135.7,1136.6,21029
2026-08-13T11:55:00+05:30,1136.5,1138.8,1136.5,1138.4,24083
2026-08-13T12:00:00+05:30,1138.7,1140,1138.4,1139.7,25267
2026-08-13T12:05:00+05:30,1139.4,1139.5,1136.1,1136.3,34519
2026-08-13T12:10:00+05:30,1136.6,1136.6,1134.8,1135,33742
2026-08-13T12:15:00+05:30,1135.4,1135.6,1134.8,1135.1,16625
2026-08-13T12:20:00+05:30,1135.1,1136.5,1134.9,1135.7,36533
2026-08-13T12:25:00+05:30,1135.5,1137.2,1134.5,1134.9,48608
2026-08-13T12:30:00+05:30,1134.9,1135,1134,1134.1,19624
2026-08-13T12:35:00+05:30,1134.1,1134.1,1130.8,1131.4,32924
2026-08-13T12:40:00+05:30,1131.4,1131.8,1130.2,1130.7,35685
2026-08-13T12:45:00+05:30,1130.7,1130.9,1128.6,1128.6,36594
2026-08-13T12:50:00+05:30,1128.8,1129,1128,1128.1,17543
2026-08-13T12:55:00+05:30,1128.1,1128.1,1126.9,1127.3,25283
2026-08-13T13:00:00+05:30,1127.3,1127.5,1125.5,1125.6,62190
2026-08-13T13:05:00+05:30,1125.8,1127.3,1125.5,1126.4,40566
2026-08-13T13:10:00+05:30,1126.4,1127.3,1125.9,1126.6,39849
2026-08-13T13:15:00+05:30,1126.6,1127.6,1126.2,1126.7,63267
2026-08-13T13:20:00+05:30,1127.1,1128,1126.6,1127.6,36132
2026-08-13T13:25:00+05:30,1127.6,1127.7,1125.8,1125.8,38707
2026-08-13T13:30:00+05:30,1126,1128.2,1125.7,1127.4,45422
2026-08-13T13:35:00+05:30,1127.4,1128.4,1127.3,1128,35673
2026-08-13T13:40:00+05:30,1128,1129.3,1127.7,1128.1,44012
2026-08-13T13:45:00+05:30,1128.2,1128.6,1127.1,1127.8,36156
2026-08-13T13:50:00+05:30,1127.8,1130.2,1127.8,1130.2,41424
2026-08-13T13:55:00+05:30,1130.3,1131,1129.3,1129.9,43631
2026-08-13T14:00:00+05:30,1129.9,1131.5,1129.5,1130.9,47557
2026-08-13T14:05:00+05:30,1131,1131.3,1129.7,1129.7,44604
2026-08-13T14:10:00+05:30,1129.8,1130,1128.9,1129,32006
2026-08-13T14:15:00+05:30,1129.3,1129.7,1126.9,1127.4,51468
2026-08-13T14:20:00+05:30,1127.5,1127.9,1126.7,1127.3,38071
2026-08-13T14:25:00+05:30,1127.6,1129.7,1127.4,1129.7,34975
2026-08-13T14:30:00+05:30,1129.7,1129.9,1128.8,1129,30046
2026-08-13T14:35:00+05:30,1129.3,1129.3,1128.1,1128.3,33791
2026-08-13T14:40:00+05:30,1128.4,1128.8,1127.9,1128.1,36409
2026-08-13T14:45:00+05:30,1128,1128.8,1127.6,1128.5,38065
2026-08-13T14:50:00+05:30,1128.7,1130,1127.5,1128.5,106455
2026-08-13T14:55:00+05:30,1128.5,1129,1127.4,1128.4,54839
2026-08-13T15:00:00+05:30,1128.4,1129.1,1127.7,1129,82817
2026-08-13T15:05:00+05:30,1128.9,1129.6,1127.7,1128.5,68305
2026-08-13T15:10:00+05:30,1127.8,1131.3,1127.8,1130.3,63525
2026-08-14T09:15:00+05:30,1130,1134.9,1130,1132.4,90520
2026-08-14T09:20:00+05:30,1132.4,1134.3,1130.9,1132.3,43172
2026-08-14T09:25:00+05:30,1132.3,1132.5,1128.5,1128.9,35648
2026-08-14T09:30:00+05:30,1129.1,1133.1,1128.9,1131,29463
2026-08-14T09:35:00+05:30,1131.5,1134.4,1131,1134.1,16065
2026-08-14T09:40:00+05:30,1134.4,1134.5,1132.7,1132.8,14816
2026-08-14T09:45:00+05:30,1132.8,1133.8,1131.8,1133.5,14376
2026-08-14T09:50:00+05:30,1133.6,1134.4,1131.6,1131.6,13615
2026-08-14T09:55:00+05:30,1131.8,1133.5,1131.2,1132.3,25405
2026-08-14T10:00:00+05:30,1132.4,1132.6,1131.2,1131.4,13296
2026-08-14T10:05:00+05:30,1131.8,1132.8,1131.4,1132.2,12068
2026-08-14T10:10:00+05:30,1132.2,1132.4,1129.2,1131.3,26410
2026-08-14T10:15:00+05:30,1131.2,1131.4,1130.6,1130.9,11105
2026-08-14T10:20:00+05:30,1130.9,1131.5,1130.2,1130.4,13556
2026-08-14T10:25:00+05:30,1130.7,1131.6,1130.3,1130.8,12972
2026-08-14T10:30:00+05:30,1130.8,1131.1,1129.1,1129.7,24008
2026-08-14T10:35:00+05:30,1130.3,1130.7,1128.8,1130.4,16109
2026-08-14T10:40:00+05:30,1130.4,1131,1129.9,1130.7,10437
2026-08-14T10:45:00+05:30,1130.9,1131.5,1128.3,1128.7,13632
2026-08-14T10:50:00+05:30,1128.6,1132.5,1128.3,1129.6,26023
2026-08-14T10:55:00+05:30,1129.7,1129.7,1127.1,1128.1,25518
2026-08-14T11:00:00+05:30,1128.2,1128.2,1125.8,1127.1,14961
2026-08-14T11:05:00+05:30,1127.3,1127.3,1126.1,1126.8,12684
2026-08-14T11:10:00+05:30,1127,1127.7,1125.5,1125.6,14168
2026-08-14T11:15:00+05:30,1125.7,1127,1125.6,1126.8,7453
2026-08-14T11:20:00+05:30,1127,1128.2,1126.3,1127.4,28330
2026-08-14T11:25:00+05:30,1127.6,1128.8,1127.2,1127.2,11941
2026-08-14T11:30:00+05:30,1127.3,1128.1,1126.4,1127.7,9749
2026-08-14T11:35:00+05:30,1127.8,1128.2,1126.9,1127.4,10039
2026-08-14T11:40:00+05:30,1127.7,1128.5,1127,1128,17500
2026-08-14T11:45:00+05:30,1128,1128.3,1127,1127,11526
2026-08-14T11:50:00+05:30,1127.1,1127.8,1126.5,1127.3,10111
2026-08-14T11:55:00+05:30,1127.3,1128,1127,1127.1,9562
2026-08-14T12:00:00+05:30,1127.4,1128.1,1127.1,1127.7,8015
2026-08-14T12:05:00+05:30,1127.6,1127.8,1126.5,1126.5,10268
2026-08-14T12:10:00+05:30,1126.5,1128.1,1126.5,1127.2,9192
2026-08-14T12:15:00+05:30,1127.2,1128.3,1127,1128.3,9679
2026-08-14T12:20:00+05:30,1127.5,1128.2,1127.1,1127.7,8287
2026-08-14T12:25:00+05:30,1127.7,1128.3,1127.5,1127.6,10945
2026-08-14T12:30:00+05:30,1127.8,1128,1127,1127.7,9890
2026-08-14T12:35:00+05:30,1127.7,1127.8,1126,1126.9,13538
2026-08-14T12:40:00+05:30,1126.9,1127,1126,1126,12972
2026-08-14T12:45:00+05:30,1126,1127,1125.1,1125.9,19126
2026-08-14T12:50:00+05:30,1125.9,1127,1125.6,1126.1,11330
2026-08-14T12:55:00+05:30,1126.1,1126.6,1125,1125.2,13979
2026-08-14T13:00:00+05:30,1125.2,1125.6,1121.6,1122.8,57686
2026-08-14T13:05:00+05:30,1122.8,1122.9,1120.1,1120.5,31620
2026-08-14T13:10:00+05:30,1120.5,1121,1119.5,1120.1,34057
2026-08-14T13:15:00+05:30,1120.3,1121,1119.9,1120.3,16139
2026-08-14T13:20:00+05:30,1120.3,1120.5,1120,1120,10258
2026-08-14T13:25:00+05:30,1120,1121.1,1118,1120,57650
2026-08-14T13:30:00+05:30,1120,1122.3,1119.5,1120.2,28377
2026-08-14T13:35:00+05:30,1120.2,1120.5,1119.2,1120,30100
2026-08-14T13:40:00+05:30,1119.9,1121.2,1119.3,1119.6,32793
2026-08-14T13:45:00+05:30,1119.6,1121.5,1119.4,1119.9,32344
2026-08-14T13:50:00+05:30,1119.8,1121.9,1119.5,1121.6,17332
2026-08-14T13:55:00+05:30,1121.3,1123.9,1121.1,1123.4,14352
2026-08-14T14:00:00+05:30,1123.4,1124.5,1122,1122.5,18053
2026-08-14T14:05:00+05:30,1122.5,1124.8,1120.7,1124.1,58092
2026-08-14T14:10:00+05:30,1124.9,1125.4,1124.2,1124.7,52449
2026-08-14T14:15:00+05:30,1124.7,1128,1123.9,1125.7,203646
2026-08-14T14:20:00+05:30,1125.7,1128.6,1125.7,1128.5,57290
2026-08-14T14:25:00+05:30,1128.5,1130,1128.2,1130,56331
2026-08-14T14:30:00+05:30,1130,1130.4,1129.1,1130.2,49419
2026-08-14T14:35:00+05:30,1130.2,1130.5,1127.2,1128,67181
2026-08-14T14:40:00+05:30,1127.7,1128.9,1127.4,1128,188266
2026-08-14T14:45:00+05:30,1128,1128.8,1126.9,1128,74588
2026-08-14T14:50:00+05:30,1127.8,1128.5,1127.5,1128,82626
2026-08-14T14:55:00+05:30,1128,1128.9,1127.6,1127.8,81989
2026-08-14T15:00:00+05:30,1127.9,1128.3,1126.3,1128.3,76152
2026-08-14T15:05:00+05:30,1128.6,1128.9,1125.1,1126,86726
2026-08-14T15:10:00+05:30,1125.9,1127.3,1122,1124.9,85117
2026-08-17T09:15:00+05:30,1116,1120,1112.2,1118.2,74935
2026-08-17T09:20:00+05:30,1119.9,1120.5,1118.3,1118.3,34745
2026-08-17T09:25:00+05:30,1118,1122.9,1117.9,1121.7,26473
2026-08-17T09:30:00+05:30,1121.2,1124,1121,1123.7,41694
2026-08-17T09:35:00+05:30,1123.2,1125.1,1123.2,1124.3,20166
2026-08-17T09:40:00+05:30,1123.8,1124.6,1122.2,1122.8,16726
2026-08-17T09:45:00+05:30,1123,1124.6,1122.3,1124.5,9102
2026-08-17T09:50:00+05:30,1124.2,1124.6,1122.4,1123,18356
2026-08-17T09:55:00+05:30,1123.2,1127.2,1122.9,1126.6,24626
2026-08-17T10:00:00+05:30,1125.7,1127.5,1125.6,1126.6,13315
2026-08-17T10:05:00+05:30,1127,1128,1123.4,1123.5,32920
2026-08-17T10:10:00+05:30,1123.4,1123.9,1122.5,1123.4,22263
2026-08-17T10:15:00+05:30,1123.1,1124.1,1121.8,1122.2,25377
2026-08-17T10:20:00+05:30,1122.2,1123.2,1118.5,1118.5,45997
2026-08-17T10:25:00+05:30,1118.9,1120,1117.3,1119.7,54982
2026-08-17T10:30:00+05:30,1120,1120.4,1119,1120.4,18038
2026-08-17T10:35:00+05:30,1120.2,1120.5,1119.3,1119.6,12184
2026-08-17T10:40:00+05:30,1119.6,1120.1,1118.6,1120.1,26500
2026-08-17T10:45:00+05:30,1120.2,1121.8,1119.2,1120.2,78794
2026-08-17T10:50:00+05:30,1120,1126.4,1119.7,1123.5,233730
2026-08-17T10:55:00+05:30,1123.6,1127.2,1122.3,1124.5,67420
2026-08-17T11:00:00+05:30,1124.7,1127.7,1123.8,1127.1,25535
2026-08-17T11:05:00+05:30,1126.9,1127.6,1125,1127.1,24696
2026-08-17T11:10:00+05:30,1127.2,1128,1126.2,1126.7,16322
2026-08-17T11:15:00+05:30,1127.3,1129.6,1126.7,1127.3,26401
2026-08-17T11:20:00+05:30,1127.3,1127.6,1126.5,1127.1,8383
2026-08-17T11:25:00+05:30,1127.3,1128,1126.4,1127,8737
2026-08-17T11:30:00+05:30,1127,1127,1126.1,1127,11806
2026-08-17T11:35:00+05:30,1127,1127.1,1124.5,1127,80706
2026-08-17T11:40:00+05:30,1127,1127,1125.6,1126.4,9702
2026-08-17T11:45:00+05:30,1126.4,1127,1125.9,1126.3,7704
2026-08-17T11:50:00+05:30,1126.3,1127,1124.4,1125,7003
2026-08-17T11:55:00+05:30,1124.7,1125.2,1123.3,1124.6,12521
2026-08-17T12:00:00+05:30,1124.6,1125.2,1124.2,1124.8,7804
2026-08-17T12:05:00+05:30,1124.8,1124.9,1123.3,1124.3,9579
2026-08-17T12:10:00+05:30,1124.3,1124.5,1123.4,1123.4,11140
2026-08-17T12:15:00+05:30,1123.6,1126.9,1123.4,1125.7,23059
2026-08-17T12:20:00+05:30,1125.8,1126,1125,1125.5,8861
2026-08-17T12:25:00+05:30,1125.5,1126,1124.6,1125.6,7662
2026-08-17T12:30:00+05:30,1125.6,1127.5,1125.3,1126.6,25025
2026-08-17T12:35:00+05:30,1127,1127,1125.9,1126,10416
2026-08-17T12:40:00+05:30,1126,1127,1125.7,1125.7,10420
2026-08-17T12:45:00+05:30,1125.7,1127.4,1125.7,1127,17684
2026-08-17T12:50:00+05:30,1127,1128,1126.9,1127.6,15502
2026-08-17T12:55:00+05:30,1127.6,1128.2,1126.8,1128,25140
2026-08-17T13:00:00+05:30,1128,1128,1127.3,1127.9,32359
2026-08-17T13:05:00+05:30,1127.8,1128,1127,1127.5,10946
2026-08-17T13:10:00+05:30,1127.5,1127.7,1127,1127,10582
2026-08-17T13:15:00+05:30,1127.5,1128,1126.9,1128,16855
2026-08-17T13:20:00+05:30,1128,1128,1127.1,1127.4,15312
2026-08-17T13:25:00+05:30,1127.7,1128,1127.4,1127.5,12116
2026-08-17T13:30:00+05:30,1127.9,1129.5,1127.3,1128.3,36702
2026-08-17T13:35:00+05:30,1128.3,1128.5,1127,1128.5,11982
2026-08-17T13:40:00+05:30,1128.5,1129.2,1127.1,1128.6,25671
2026-08-17T13:45:00+05:30,1128.6,1129.7,1126.9,1127.7,25220
2026-08-17T13:50:00+05:30,1127.7,1128.1,1127.1,1127.4,9390
2026-08-17T13:55:00+05:30,1127.4,1128,1126.5,1127.5,11831
2026-08-17T14:00:00+05:30,1127.5,1127.8,1126.2,1127.4,17733
2026-08-17T14:05:00+05:30,1127.4,1127.7,1126.6,1126.6,9003
2026-08-17T14:10:00+05:30,1127,1127,1126,1126.3,7226
2026-08-17T14:15:00+05:30,1126.3,1127,1125.6,1125.6,11821
2026-08-17T14:20:00+05:30,1125.5,1126.5,1124.8,1124.8,17858
2026-08-17T14:25:00+05:30,1124.9,1125.3,1124.4,1124.7,17861
2026-08-17T14:30:00+05:30,1124.7,1125.5,1124.2,1124.6,11660
2026-08-17T14:35:00+05:30,1124.8,1125,1122.8,1123.3,27958
2026-08-17T14:40:00+05:30,1123.3,1124.9,1123.2,1124.1,12184
2026-08-17T14:45:00+05:30,1124.4,1124.6,1123.8,1124.3,13605
2026-08-17T14:50:00+05:30,1124.3,1124.4,1123.4,1124.4,19173
2026-08-17T14:55:00+05:30,1124.4,1124.4,1122.9,1123.2,43510
2026-08-17T15:00:00+05:30,1123.2,1125.7,1122.1,1125.5,59696
2026-08-17T15:05:00+05:30,1125.5,1127,1124.9,1125.2,102187
2026-08-17T15:10:00+05:30,1125.2,1127,1123,1125.3,58209
2026-08-18T09:15:00+05:30,1114,1124.9,1112,1119.9,90431
2026-08-18T09:20:00+05:30,1119.6,1122,1117.2,1117.3,61583
2026-08-18T09:25:00+05:30,1116.6,1119.9,1115.7,1116.9,50261
2026-08-18T09:30:00+05:30,1116.6,1118.3,1114.2,1114.3,62862
2026-08-18T09:35:00+05:30,1114,1115.1,1112.8,1113.1,45695
2026-08-18T09:40:00+05:30,1112.7,1113.1,1111,1112.4,44330
2026-08-18T09:45:00+05:30,1112.3,1112.5,1111.2,1112,53073
2026-08-18T09:50:00+05:30,1112,1113.2,1110.7,1111.9,44672
2026-08-18T09:55:00+05:30,1112,1112.9,1111,1112,23126
2026-08-18T10:00:00+05:30,1112,1112.6,1111.1,1112,20203
2026-08-18T10:05:00+05:30,1112.3,1112.9,1111.6,1112.4,35310
2026-08-18T10:10:00+05:30,1112.6,1113.8,1112.3,1112.6,33520
2026-08-18T10:15:00+05:30,1112.5,1113,1111.2,1112.6,21561
2026-08-18T10:20:00+05:30,1112.7,1113.5,1108.5,1109.3,42370
2026-08-18T10:25:00+05:30,1109.5,1109.9,1107.7,1107.7,42509
2026-08-18T10:30:00+05:30,1108,1109.5,1106.1,1106.8,34515
2026-08-18T10:35:00+05:30,1107,1108.8,1106.7,1108.5,20653
2026-08-18T10:40:00+05:30,1108.5,1108.5,1106.6,1106.7,20281
2026-08-18T10:45:00+05:30,1106.9,1106.9,1105,1106,24090
2026-08-18T10:50:00+05:30,1106.1,1106.7,1098.6,1099.9,142629
2026-08-18T10:55:00+05:30,1100.1,1102.5,1099.4,1102.1,36173
2026-08-18T11:00:00+05:30,1102.2,1106,1101.5,1104,46894
2026-08-18T11:05:00+05:30,1104,1105,1103,1104.8,25676
2026-08-18T11:10:00+05:30,1104.8,1106,1104.3,1105.4,21286
2026-08-18T11:15:00+05:30,1105.4,1105.6,1103.8,1104,27874
2026-08-18T11:20:00+05:30,1104,1106.1,1103.1,1103.3,34403
2026-08-18T11:25:00+05:30,1103.3,1104,1102,1102.3,43158
2026-08-18T11:30:00+05:30,1102.3,1103,1101.7,1102.7,22185
2026-08-18T11:35:00+05:30,1102.7,1103.9,1102,1103.2,17113
2026-08-18T11:40:00+05:30,1103.2,1105.9,1102.5,1105.6,18280
2026-08-18T11:45:00+05:30,1105.6,1107,1105.3,1105.8,47671
2026-08-18T11:50:00+05:30,1105.8,1106.9,1104.5,1104.8,33183
2026-08-18T11:55:00+05:30,1104.8,1110.5,1104.3,1108.4,69755
2026-08-18T12:00:00+05:30,1108.4,1111.9,1108,1111.2,107149
2026-08-18T12:05:00+05:30,1111.2,1112.5,1110.6,1111,50498
2026-08-18T12:10:00+05:30,1111,1111.6,1110.2,1110.9,40233
2026-08-18T12:15:00+05:30,1111,1111.7,1109.9,1111.6,24093
2026-08-18T12:20:00+05:30,1111.6,1112.2,1109.9,1111.5,20036
2026-08-18T12:25:00+05:30,1111.8,1115.3,1111.5,1115,32363
2026-08-18T12:30:00+05:30,1115.3,1115.8,1113.3,1114,35311
2026-08-18T12:35:00+05:30,1114,1114.7,1113.1,1113.7,31132
2026-08-18T12:40:00+05:30,1113.7,1113.7,1112.2,1112.8,15374
2026-08-18T12:45:00+05:30,1112.8,1114,1112.4,1114,12544
2026-08-18T12:50:00+05:30,1114,1115,1113.9,1114.8,17735
2026-08-18T12:55:00+05:30,1114.8,1114.8,1113,1113.5,19761
2026-08-18T13:00:00+05:30,1113.6,1114,1112.5,1113.8,15403
2026-08-18T13:05:00+05:30,1113.8,1116.3,1113,1116,26819
2026-08-18T13:10:00+05:30,1116.3,1116.9,1114.7,1115,33779
2026-08-18T13:15:00+05:30,1115,1115.5,1115,1115.4,30897
2026-08-18T13:20:00+05:30,1115.1,1115.4,1113,1113.5,28538
2026-08-18T13:25:00+05:30,1113.6,1114,1113,1113.1,17466
2026-08-18T13:30:00+05:30,1113.3,1113.3,1112.1,1112.2,16386
2026-08-18T13:35:00+05:30,1112.4,1112.8,1110.9,1112.1,19826
2026-08-18T13:40:00+05:30,1112.1,1112.5,1111.2,1112.1,18304
2026-08-18T13:45:00+05:30,1112,1114.1,1112,1113.6,23476
2026-08-18T13:50:00+05:30,1113.7,1114.5,1112.4,1113.1,24984
2026-08-18T13:55:00+05:30,1113.6,1113.8,1112.3,1113,15894
2026-08-18T14:00:00+05:30,1113.5,1114.4,1112.9,1113.9,15228
2026-08-18T14:05:00+05:30,1114,1114.2,1112.4,1112.9,19499
2026-08-18T14:10:00+05:30,1113,1113.6,1111.9,1112,32201
2026-08-18T14:15:00+05:30,1112,1112.1,1110.3,1110.7,30638
2026-08-18T14:20:00+05:30,1110.8,1110.8,1109.6,1110,27767
2026-08-18T14:25:00+05:30,1109.8,1111.1,1108.9,1110.4,26731
2026-08-18T14:30:00+05:30,1110.5,1111.1,1109,1110.2,30981
2026-08-18T14:35:00+05:30,1110.2,1110.5,1109.5,1109.9,17884
2026-08-18T14:40:00+05:30,1109.9,1111.5,1109.5,1110.8,18043
2026-08-18T14:45:00+05:30,1110.8,1111.4,1110.1,1110.6,19991
2026-08-18T14:50:00+05:30,1110.6,1111.9,1110.1,1110.3,25739
2026-08-18T14:55:00+05:30,1110.3,1111.7,1110.3,1111.5,29552
2026-08-18T15:00:00+05:30,1111.5,1112.9,1110.7,1111.7,58743
2026-08-18T15:05:00+05:30,1111.7,1112,1109,1109.1,86141
2026-08-18T15:10:00+05:30,1109.1,1110,1106,1106.5,85826
2026-08-19T09:15:00+05:30,1108.4,1109.9,1102,1105.1,64455
2026-08-19T09:20:00+05:30,1104.9,1107.7,1103.9,1105.3,47442
2026-08-19T09:25:00+05:30,1105.5,1106.9,1099,1099.6,79740
2026-08-19T09:30:00+05:30,1099.6,1101.6,1099,1100,47943
2026-08-19T09:35:00+05:30,1099.6,1100.4,1098.2,1099.7,30476
2026-08-19T09:40:00+05:30,1100,1102.8,1099.7,1100.3,45036
2026-08-19T09:45:00+05:30,1100.6,1102.5,1100.1,1102.3,16450
2026-08-19T09:50:00+05:30,1102.2,1106.3,1102.2,1104,35355
2026-08-19T09:55:00+05:30,1103.8,1105.1,1103.3,1104.2,17211
2026-08-19T10:00:00+05:30,1103.7,1104.6,1103.7,1104,15378
2026-08-19T10:05:00+05:30,1104.2,1104.9,1103.7,1104.7,15386
2026-08-19T10:10:00+05:30,1104.9,1105.5,1104.1,1105,23217
2026-08-19T10:15:00+05:30,1105,1105.9,1104,1104.1,19879
2026-08-19T10:20:00+05:30,1104.4,1111,1103.8,1110.3,33255
2026-08-19T10:25:00+05:30,1109.8,1110.2,1108.5,1108.9,17291
2026-08-19T10:30:00+05:30,1108.8,1109,1107.6,1107.9,21981
2026-08-19T10:35:00+05:30,1107.8,1108,1106.2,1107.8,13782
2026-08-19T10:40:00+05:30,1107.3,1109,1105.4,1108.9,15779
2026-08-19T10:45:00+05:30,1108.8,1108.9,1107.1,1107.1,11124
2026-08-19T10:50:00+05:30,1107.1,1108.5,1106.5,1108.4,10976
2026-08-19T10:55:00+05:30,1108.5,1109,1106.8,1106.8,15030
2026-08-19T11:00:00+05:30,1106.9,1107.3,1105.4,1107,15527
2026-08-19T11:05:00+05:30,1107.3,1107.3,1105.4,1105.9,12871
2026-08-19T11:10:00+05:30,1105.9,1106.7,1105.3,1105.7,12602
2026-08-19T11:15:00+05:30,1105.3,1106.1,1105.2,1106,10852
2026-08-19T11:20:00+05:30,1105.9,1106.2,1104,1104.8,25526
2026-08-19T11:25:00+05:30,1104.7,1104.9,1103.6,1104.1,20043
2026-08-19T11:30:00+05:30,1104.1,1106.7,1103.8,1105.4,24333
2026-08-19T11:35:00+05:30,1105.4,1105.5,1104.7,1105.2,8381
2026-08-19T11:40:00+05:30,1105.2,1105.4,1104.5,1105,9177
2026-08-19T11:45:00+05:30,1105.2,1105.8,1103.8,1105.7,32190
2026-08-19T11:50:00+05:30,1105.7,1105.9,1105,1105.8,21621
2026-08-19T11:55:00+05:30,1105.8,1109.9,1105.7,1109.9,23680
2026-08-19T12:00:00+05:30,1109.9,1109.9,1108.3,1108.5,14713
2026-08-19T12:05:00+05:30,1108.5,1109.6,1106.8,1108,25050
2026-08-19T12:10:00+05:30,1108,1108.6,1105.6,1108.5,28375
2026-08-19T12:15:00+05:30,1108.5,1108.6,1105.2,1106,45817
2026-08-19T12:20:00+05:30,1106,1113,1105.5,1112,96597
2026-08-19T12:25:00+05:30,1112.3,1112.5,1110.5,1111.8,18224
2026-08-19T12:30:00+05:30,1111.7,1111.7,1108.8,1109.7,11823
2026-08-19T12:35:00+05:30,1109.7,1110.8,1109.2,1110.8,5921
2026-08-19T12:40:00+05:30,1110.8,1112,1109.5,1109.6,24944
2026-08-19T12:45:00+05:30,1109.6,1109.6,1108.5,1109.1,9152
2026-08-19T12:50:00+05:30,1109,1109.3,1108.4,1108.9,8351
2026-08-19T12:55:00+05:30,1108.9,1109,1108.4,1108.9,10404
2026-08-19T13:00:00+05:30,1108.7,1109.7,1108,1109.5,21779
2026-08-19T13:05:00+05:30,1109.3,1109.5,1108.5,1109.1,12970
2026-08-19T13:10:00+05:30,1108.9,1109,1108.2,1108.5,13768
2026-08-19T13:15:00+05:30,1108.5,1109.5,1107.3,1108,43866
2026-08-19T13:20:00+05:30,1108,1108,1106.6,1107.5,8928
2026-08-19T13:25:00+05:30,1107.5,1108,1107.1,1108,11661
2026-08-19T13:30:00+05:30,1107.7,1108,1106.5,1107,13044
2026-08-19T13:35:00+05:30,1107,1107.7,1106.8,1107.6,7152
2026-08-19T13:40:00+05:30,1107.7,1108.6,1107.4,1107.5,16867
2026-08-19T13:45:00+05:30,1107.5,1108.4,1107.1,1107.6,10392
2026-08-19T13:50:00+05:30,1107.6,1108.7,1107.3,1108,12023
2026-08-19T13:55:00+05:30,1108.1,1108.5,1107.9,1108.2,9471
2026-08-19T14:00:00+05:30,1108.2,1109.1,1108,1108,11974
2026-08-19T14:05:00+05:30,1108.2,1110.6,1108,1109.4,45586
2026-08-19T14:10:00+05:30,1109.1,1109.8,1108.7,1108.8,8356
2026-08-19T14:15:00+05:30,1108.8,1109.1,1107.5,1107.9,18870
2026-08-19T14:20:00+05:30,1107.7,1107.9,1106.6,1106.9,10921
2026-08-19T14:25:00+05:30,1107,1108,1106.6,1107.7,13461
2026-08-19T14:30:00+05:30,1107.7,1109.8,1107.7,1108.5,19243
2026-08-19T14:35:00+05:30,1108.5,1112,1107.2,1107.2,46964
2026-08-19T14:40:00+05:30,1107.8,1108.2,1107,1107.2,19563
2026-08-19T14:45:00+05:30,1107.2,1107.2,1105.3,1105.6,19643
2026-08-19T14:50:00+05:30,1105.7,1106.4,1105.1,1105.8,22734
2026-08-19T14:55:00+05:30,1105.9,1106.6,1105.8,1106,92121
2026-08-19T15:00:00+05:30,1105.9,1107.7,1105,1106.2,63982
2026-08-19T15:05:00+05:30,1106.2,1106.3,1105,1105.3,50277
2026-08-19T15:10:00+05:30,1105.7,1105.7,1104.5,1105,97446
2026-08-20T09:15:00+05:30,1118.9,1127,1115.5,1123,206178
2026-08-20T09:20:00+05:30,1123,1131.6,1123,1130,207751
2026-08-20T09:25:00+05:30,1130,1135.4,1129.5,1133,176704
2026-08-20T09:30:00+05:30,1132.8,1134.6,1130.3,1131.8,75265
2026-08-20T09:35:00+05:30,1131.7,1131.8,1128.4,1129.6,99155
2026-08-20T09:40:00+05:30,1129.3,1131.8,1129.3,1131,45763
2026-08-20T09:45:00+05:30,1131.2,1131.9,1128.5,1128.5,37584
2026-08-20T09:50:00+05:30,1128.6,1132,1128.5,1132,31438
2026-08-20T09:55:00+05:30,1132,1133.7,1131.3,1133.7,46512
2026-08-20T10:00:00+05:30,1133.7,1133.7,1132,1133,48221
2026-08-20T10:05:00+05:30,1133,1133,1130.1,1130.3,71788
2026-08-20T10:10:00+05:30,1130.5,1132,1130.3,1131.9,21376
2026-08-20T10:15:00+05:30,1131.9,1134.5,1130,1131.2,59377
2026-08-20T10:20:00+05:30,1130.8,1131.1,1128.8,1130.8,26650
2026-08-20T10:25:00+05:30,1130.9,1132,1129.6,1129.8,21884
2026-08-20T10:30:00+05:30,1130,1130.5,1129.1,1130,28669
2026-08-20T10:35:00+05:30,1130.1,1130.8,1129.6,1130.2,22662
2026-08-20T10:40:00+05:30,1130.3,1131.8,1130,1131.4,20112
2026-08-20T10:45:00+05:30,1131.1,1132.4,1130.8,1132.1,20647
2026-08-20T10:50:00+05:30,1132.3,1132.3,1130.4,1131.4,24348
2026-08-20T10:55:00+05:30,1131.6,1132.9,1131,1132.3,20539
2026-08-20T11:00:00+05:30,1132.3,1133.5,1131.6,1131.7,23064
2026-08-20T11:05:00+05:30,1131.9,1132.1,1131.1,1131.8,12971
2026-08-20T11:10:00+05:30,1132,1132.6,1131.1,1131.4,15224
2026-08-20T11:15:00+05:30,1131.5,1131.7,1130,1130.3,22004
2026-08-20T11:20:00+05:30,1130.5,1132,1130.5,1131.3,12602
2026-08-20T11:25:00+05:30,1131.4,1131.5,1130.6,1131.4,10077
2026-08-20T11:30:00+05:30,1131.4,1132.5,1129.7,1131,28775
2026-08-20T11:35:00+05:30,1131.2,1131.2,1129.6,1130.6,11190
2026-08-20T11:40:00+05:30,1130.4,1130.6,1129.7,1129.7,10982
2026-08-20T11:45:00+05:30,1129.7,1130.8,1129.7,1130.2,14065
2026-08-20T11:50:00+05:30,1130.2,1131.4,1129.9,1130.6,11553
2026-08-20T11:55:00+05:30,1130.6,1131.5,1130.1,1131,14369
2026-08-20T12:00:00+05:30,1130.6,1131.3,1129.9,1130.5,12800
2026-08-20T12:05:00+05:30,1130.5,1131,1127.4,1128.5,36399
2026-08-20T12:10:00+05:30,1128.5,1128.7,1127.1,1127.4,38741
2026-08-20T12:15:00+05:30,1127.4,1127.8,1126.6,1127.3,27854
2026-08-20T12:20:00+05:30,1127.3,1128.4,1126.9,1128,24286
2026-08-20T12:25:00+05:30,1128,1128.5,1127.7,1128,12101
2026-08-20T12:30:00+05:30,1128,1128.3,1124.7,1124.7,55884
2026-08-20T12:35:00+05:30,1124.7,1125.2,1124,1124.4,25544
2026-08-20T12:40:00+05:30,1124.5,1125,1123.4,1123.5,16126
2026-08-20T12:45:00+05:30,1123.6,1126.5,1123.1,1126.2,34290
2026-08-20T12:50:00+05:30,1126.2,1126.8,1125.5,1126,41958
2026-08-20T12:55:00+05:30,1126,1127.4,1124.5,1124.9,53158
2026-08-20T13:00:00+05:30,1124.9,1126.3,1124.6,1125.4,29187
2026-08-20T13:05:00+05:30,1125.4,1126.8,1125.4,1126.2,8742
2026-08-20T13:10:00+05:30,1126.2,1126.9,1125.5,1125.8,18974
2026-08-20T13:15:00+05:30,1125.8,1126.6,1125.1,1126.6,25357
2026-08-20T13:20:00+05:30,1126.2,1127.2,1125.3,1127.2,51409
2026-08-20T13:25:00+05:30,1127.1,1127.2,1125,1126,26745
2026-08-20T13:30:00+05:30,1125.9,1126.3,1124.2,1126,45779
2026-08-20T13:35:00+05:30,1126.3,1126.3,1125,1125.2,33902
2026-08-20T13:40:00+05:30,1125.4,1125.4,1124.5,1125.1,27289
2026-08-20T13:45:00+05:30,1125.3,1125.4,1124.7,1125.1,12046
2026-08-20T13:50:00+05:30,1124.7,1125.3,1124.6,1125,14339
2026-08-20T13:55:00+05:30,1125.1,1125.3,1124,1125,58918
2026-08-20T14:00:00+05:30,1125.1,1125.5,1123.7,1124.8,30687
2026-08-20T14:05:00+05:30,1125,1125.7,1124.4,1124.6,63919
2026-08-20T14:10:00+05:30,1124.7,1125.2,1123.6,1124,40449
2026-08-20T14:15:00+05:30,1124,1124.7,1123.6,1124.5,34402
2026-08-20T14:20:00+05:30,1124,1124.6,1123.6,1123.9,21079
2026-08-20T14:25:00+05:30,1123.9,1125.7,1123.6,1124.8,36502
2026-08-20T14:30:00+05:30,1125,1125.9,1124.3,1125.9,16556
2026-08-20T14:35:00+05:30,1125.9,1125.9,1125,1125.8,27056
2026-08-20T14:40:00+05:30,1125.8,1127.5,1125.5,1126,31542
2026-08-20T14:45:00+05:30,1126.1,1126.5,1125.6,1126,51855
2026-08-20T14:50:00+05:30,1126.2,1126.5,1124,1125.6,125666
2026-08-20T14:55:00+05:30,1125.3,1126,1124.1,1125.4,132986
2026-08-20T15:00:00+05:30,1126.2,1126.2,1124.5,1125.1,124320
2026-08-20T15:05:00+05:30,1125.1,1125.3,1120.1,1120.1,180719
2026-08-20T15:10:00+05:30,1120.1,1121.9,1119,1121.7,75265
2026-08-21T09:15:00+05:30,1140,1140,1130.9,1134.4,245031
2026-08-21T09:20:00+05:30,1134.4,1135.7,1132,1132.2,86293
2026-08-21T09:25:00+05:30,1131.5,1135.9,1130.1,1135.6,108824
2026-08-21T09:30:00+05:30,1135.6,1135.6,1129.5,1129.5,102453
2026-08-21T09:35:00+05:30,1129.2,1130.8,1128.5,1130.1,69512
2026-08-21T09:40:00+05:30,1130.1,1132.8,1129.9,1130.1,52174
2026-08-21T09:45:00+05:30,1130.1,1131.6,1128.7,1128.9,31540
2026-08-21T09:50:00+05:30,1128.7,1130.1,1128.7,1129.5,21060
2026-08-21T09:55:00+05:30,1129.5,1129.9,1128.2,1128.8,47739
2026-08-21T10:00:00+05:30,1128.6,1130.8,1128.2,1128.2,48502
2026-08-21T10:05:00+05:30,1128.2,1129.6,1127.7,1128.4,50625
2026-08-21T10:10:00+05:30,1128.4,1128.9,1128.2,1128.3,19580
2026-08-21T10:15:00+05:30,1128.2,1128.9,1127.3,1128.3,38927
2026-08-21T10:20:00+05:30,1128.2,1129.7,1128.1,1128.5,20243
2026-08-21T10:25:00+05:30,1128.5,1129.8,1128.3,1129.7,19642
2026-08-21T10:30:00+05:30,1129.6,1129.7,1128.3,1128.6,19380
2026-08-21T10:35:00+05:30,1128.6,1129.5,1128.2,1129.1,12756
2026-08-21T10:40:00+05:30,1128.6,1129.5,1128.2,1128.8,12435
2026-08-21T10:45:00+05:30,1128.9,1130.8,1128.8,1130.5,22023
2026-08-21T10:50:00+05:30,1130.4,1130.8,1128.6,1128.8,14873
2026-08-21T10:55:00+05:30,1128.8,1130.6,1128.5,1129.9,33372
2026-08-21T11:00:00+05:30,1129.8,1130.6,1129.4,1130.2,15470
2026-08-21T11:05:00+05:30,1130.3,1130.4,1128.5,1128.7,18586
2026-08-21T11:10:00+05:30,1128.7,1129.5,1128.4,1129.5,14506
2026-08-21T11:15:00+05:30,1129.5,1129.5,1128.3,1128.6,10549
2026-08-21T11:20:00+05:30,1128.6,1131.3,1128.6,1131,17485
2026-08-21T11:25:00+05:30,1130.9,1132.5,1130.3,1132.5,26176
2026-08-21T11:30:00+05:30,1132.5,1132.9,1131.1,1132.5,23897
2026-08-21T11:35:00+05:30,1132.5,1133,1131.4,1133,17207
2026-08-21T11:40:00+05:30,1133,1135.2,1132.5,1134.9,134795
2026-08-21T11:45:00+05:30,1134.9,1135,1134,1134.2,34137
2026-08-21T11:50:00+05:30,1134.3,1134.6,1133.7,1134,9105
2026-08-21T11:55:00+05:30,1134,1134,1132.7,1133.7,24931
2026-08-21T12:00:00+05:30,1133.7,1134.5,1133.1,1133.5,26758
2026-08-21T12:05:00+05:30,1133.5,1133.9,1133,1133,9267
2026-08-21T12:10:00+05:30,1133.1,1133.1,1132,1132.3,10527
2026-08-21T12:15:00+05:30,1132.3,1133.8,1132.3,1133.4,11729
2026-08-21T12:20:00+05:30,1133.4,1133.8,1133.2,1133.4,6786
2026-08-21T12:25:00+05:30,1133.5,1133.7,1133,1133.3,5452
2026-08-21T12:30:00+05:30,1133.3,1133.3,1133,1133.1,6824
2026-08-21T12:35:00+05:30,1133.1,1134.8,1132.6,1134.7,23243
2026-08-21T12:40:00+05:30,1134.7,1134.7,1133.7,1134.5,27818
2026-08-21T12:45:00+05:30,1134.5,1134.5,1133.7,1133.7,6831
2026-08-21T12:50:00+05:30,1133.7,1134.3,1133.5,1133.7,18085
2026-08-21T12:55:00+05:30,1133.9,1134.6,1133.9,1134.6,7750
2026-08-21T13:00:00+05:30,1134.5,1135,1134.4,1135,15255
2026-08-21T13:05:00+05:30,1135,1135.5,1134.8,1135,57057
2026-08-21T13:10:00+05:30,1135,1135,1132,1132.1,13164
2026-08-21T13:15:00+05:30,1132.4,1133,1131,1132.1,19596
2026-08-21T13:20:00+05:30,1132.3,1133.1,1131.8,1133,8436
2026-08-21T13:25:00+05:30,1133.1,1133.7,1132.5,1133.6,9348
2026-08-21T13:30:00+05:30,1133.6,1133.6,1132.8,1133.5,12692
2026-08-21T13:35:00+05:30,1133.6,1134.7,1133,1134.3,14592
2026-08-21T13:40:00+05:30,1134.5,1134.7,1133.5,1133.9,5793
2026-08-21T13:45:00+05:30,1133.9,1134.3,1133.5,1134,7444
2026-08-21T13:50:00+05:30,1134,1135.3,1134,1134.8,41964
2026-08-21T13:55:00+05:30,1134.8,1134.9,1134.6,1134.8,5854
2026-08-21T14:00:00+05:30,1134.8,1134.8,1134.1,1134.3,5421
2026-08-21T14:05:00+05:30,1134.4,1134.4,1133.3,1133.9,14904
2026-08-21T14:10:00+05:30,1133.9,1134.3,1133.6,1134.2,6143
2026-08-21T14:15:00+05:30,1134.1,1137,1134.1,1136.8,47347
2026-08-21T14:20:00+05:30,1136.8,1137,1134,1134.3,32709
2026-08-21T14:25:00+05:30,1134.3,1134.3,1132.8,1133.6,16675
2026-08-21T14:30:00+05:30,1133.6,1134,1132,1132.6,18138
2026-08-21T14:35:00+05:30,1132.1,1132.8,1130.4,1130.9,19001
2026-08-21T14:40:00+05:30,1130.5,1132.3,1130.5,1132.1,23211
2026-08-21T14:45:00+05:30,1132.2,1133.9,1131.8,1133.5,27941
2026-08-21T14:50:00+05:30,1133.5,1134.8,1133.3,1133.6,46765
2026-08-21T14:55:00+05:30,1133.6,1134.5,1133,1133.2,83633
2026-08-21T15:00:00+05:30,1132.4,1133,1132,1132.4,51520
2026-08-21T15:05:00+05:30,1132.3,1132.3,1130.1,1130.8,51049
2026-08-21T15:10:00+05:30,1131,1132.4,1128.2,1130,141264
2026-08-24T09:15:00+05:30,1120.5,1135,1120.5,1132.3,130663
2026-08-24T09:20:00+05:30,1132.4,1135.8,1130.9,1135.8,44705
2026-08-24T09:25:00+05:30,1135.4,1137.3,1134,1134.6,76016
2026-08-24T09:30:00+05:30,1134.5,1134.5,1132.4,1133.8,16490
2026-08-24T09:35:00+05:30,1133.9,1134,1131,1132.4,25452
2026-08-24T09:40:00+05:30,1132.1,1132.6,1129,1130.2,39378
2026-08-24T09:45:00+05:30,1130.2,1131.9,1130,1131.6,16489
2026-08-24T09:50:00+05:30,1131.6,1132,1130.6,1131.5,29181
2026-08-24T09:55:00+05:30,1131.6,1133.1,1131.2,1131.5,23257
2026-08-24T10:00:00+05:30,1131.8,1132.5,1131.6,1131.7,16045
2026-08-24T10:05:00+05:30,1131.7,1132.5,1131.7,1131.8,18171
2026-08-24T10:10:00+05:30,1131.9,1132.5,1130.6,1130.6,21291
2026-08-24T10:15:00+05:30,1131,1131.6,1130,1130.7,19238
2026-08-24T10:20:00+05:30,1130.7,1131.2,1129.4,1129.4,21826
2026-08-24T10:25:00+05:30,1129.5,1130,1128.8,1129.9,19582
2026-08-24T10:30:00+05:30,1129.8,1131.5,1129.8,1130.1,22031
2026-08-24T10:35:00+05:30,1130.1,1130.8,1130,1130.2,18602
2026-08-24T10:40:00+05:30,1130.2,1130.2,1128.5,1129.6,19497
2026-08-24T10:45:00+05:30,1129.7,1129.8,1129.1,1129.1,8896
2026-08-24T10:50:00+05:30,1129.3,1129.6,1126,1126.5,39573
2026-08-24T10:55:00+05:30,1126.5,1126.7,1125,1125.3,21315
2026-08-24T11:00:00+05:30,1124.9,1126.7,1122.9,1123.2,37019
2026-08-24T11:05:00+05:30,1123.2,1123.5,1119.1,1120,150710
2026-08-24T11:10:00+05:30,1119.9,1119.9,1117.4,1118,78941
2026-08-24T11:15:00+05:30,1117.9,1118.4,1116.6,1117.7,96397
2026-08-24T11:20:00+05:30,1117.7,1118.3,1115.7,1117.8,128226
2026-08-24T11:25:00+05:30,1117.8,1118,1114.8,1114.8,68358
2026-08-24T11:30:00+05:30,1115,1115.4,1112.1,1112.7,65434
2026-08-24T11:35:00+05:30,1112.7,1115.3,1112,1114.8,75450
2026-08-24T11:40:00+05:30,1114.8,1117.7,1114.2,1117.3,60113
2026-08-24T11:45:00+05:30,1117.5,1119.5,1117.3,1119,31536
2026-08-24T11:50:00+05:30,1119,1120.1,1118.2,1119,24352
2026-08-24T11:55:00+05:30,1119,1119.8,1118.4,1119,22890
2026-08-24T12:00:00+05:30,1119,1119.8,1117.7,1119.1,23536
2026-08-24T12:05:00+05:30,1119.1,1120,1119,1119.7,26603
2026-08-24T12:10:00+05:30,1119.7,1120.5,1119.2,1119.7,23168
2026-08-24T12:15:00+05:30,1119.7,1120,1118.5,1119.2,17936
2026-08-24T12:20:00+05:30,1119.2,1119.7,1118.5,1118.8,18120
2026-08-24T12:25:00+05:30,1118.7,1118.8,1117,1117,25170
2026-08-24T12:30:00+05:30,1117,1117.8,1116.7,1117.1,21568
2026-08-24T12:35:00+05:30,1116.8,1117.5,1116.3,1117.2,20373
2026-08-24T12:40:00+05:30,1117.7,1117.9,1115.4,1117.6,43821
2026-08-24T12:45:00+05:30,1117.6,1119.8,1117,1119.6,35432
2026-08-24T12:50:00+05:30,1119,1119.3,1118.2,1118.9,22065
2026-08-24T12:55:00+05:30,1118.9,1119.2,1117.7,1118.1,18455
2026-08-24T13:00:00+05:30,1118.1,1119,1117.7,1118,19821
2026-08-24T13:05:00+05:30,1118.5,1118.5,1116.8,1117.9,17011
2026-08-24T13:10:00+05:30,1117.7,1118.4,1117.1,1118.1,20786
2026-08-24T13:15:00+05:30,1117.9,1118.7,1117.2,1117.5,25073
2026-08-24T13:20:00+05:30,1117.4,1117.7,1116.3,1116.4,21849
2026-08-24T13:25:00+05:30,1116.7,1117,1114.5,1116.5,26906
2026-08-24T13:30:00+05:30,1116.2,1116.6,1114.7,1115.5,19906
2026-08-24T13:35:00+05:30,1115.1,1116.2,1114.7,1115.3,18748
2026-08-24T13:40:00+05:30,1115.2,1116.8,1115.1,1115.8,19939
2026-08-24T13:45:00+05:30,1116,1117.2,1115.6,1116.7,24757
2026-08-24T13:50:00+05:30,1116,1117.2,1115.2,1115.2,30532
2026-08-24T13:55:00+05:30,1115.2,1115.5,1113.6,1115,107039
2026-08-24T14:00:00+05:30,1115,1116.1,1115,1115,29710
2026-08-24T14:05:00+05:30,1115.4,1116,1115,1115.3,26236
2026-08-24T14:10:00+05:30,1115.7,1115.8,1115,1115.1,27417
2026-08-24T14:15:00+05:30,1115.2,1116.6,1115.1,1116,30064
2026-08-24T14:20:00+05:30,1116.2,1116.5,1114.8,1114.8,44676
2026-08-24T14:25:00+05:30,1115,1116.2,1114.3,1115.1,52375
2026-08-24T14:30:00+05:30,1115,1116.3,1114.8,1116.1,49022
2026-08-24T14:35:00+05:30,1116.1,1116.4,1115.4,1115.9,47489
2026-08-24T14:40:00+05:30,1115.8,1116.5,1115.2,1115.9,49233
2026-08-24T14:45:00+05:30,1116,1116.6,1115.1,1116.1,47213
2026-08-24T14:50:00+05:30,1116.2,1116.3,1114.4,1114.4,64747
2026-08-24T14:55:00+05:30,1114.4,1114.7,1113.9,1114.4,59173
2026-08-24T15:00:00+05:30,1114.4,1115.2,1113.8,1114.5,88233
2026-08-24T15:05:00+05:30,1114.5,1114.5,1112.8,1114.1,139409
2026-08-24T15:10:00+05:30,1114.1,1115.6,1114,1115.6,104622
2026-08-25T09:15:00+05:30,1117.9,1119,1112,1118.8,109031
2026-08-25T09:20:00+05:30,1118.6,1119,1117.3,1117.5,22301
2026-08-25T09:25:00+05:30,1117.8,1118.1,1115.1,1116.2,23135
2026-08-25T09:30:00+05:30,1116.9,1117.6,1116.1,1116.7,20872
2026-08-25T09:35:00+05:30,1116.2,1117.1,1114.3,1115,29600
2026-08-25T09:40:00+05:30,1115.1,1116,1115,1116,4940
2026-08-25T09:45:00+05:30,1115.7,1116.2,1115.3,1115.6,9792
2026-08-25T09:50:00+05:30,1115.7,1116.5,1114,1115.8,20557
2026-08-25T09:55:00+05:30,1115.7,1117.2,1115.5,1116.1,22197
2026-08-25T10:00:00+05:30,1116,1118,1114.4,1118,19343
2026-08-25T10:05:00+05:30,1118,1118.9,1116.6,1117.2,75166
2026-08-25T10:10:00+05:30,1117.3,1120,1116.5,1116.8,69248
2026-08-25T10:15:00+05:30,1116.9,1118.3,1116.5,1117.2,14777
2026-08-25T10:20:00+05:30,1117.3,1117.5,1116.4,1117,9319
2026-08-25T10:25:00+05:30,1116.9,1119.2,1116.4,1118.6,28005
2026-08-25T10:30:00+05:30,1118.4,1118.9,1117.5,1117.9,19132
2026-08-25T10:35:00+05:30,1117.8,1119,1117.4,1118.5,27233
2026-08-25T10:40:00+05:30,1118.5,1119.2,1117.8,1119.2,9078
2026-08-25T10:45:00+05:30,1119.1,1120.4,1118.3,1119.3,41646
2026-08-25T10:50:00+05:30,1119,1121.8,1119,1119,73839
2026-08-25T10:55:00+05:30,1119.1,1119.1,1117.1,1117.6,14288
2026-08-25T11:00:00+05:30,1117.6,1118.2,1116.6,1116.8,18638
2026-08-25T11:05:00+05:30,1116.9,1117.6,1116.2,1117.1,34341
2026-08-25T11:10:00+05:30,1117.3,1119,1117,1118.4,123878
2026-08-25T11:15:00+05:30,1118.8,1119.3,1117.3,1117.4,14093
2026-08-25T11:20:00+05:30,1117.4,1118.1,1117.3,1117.4,16226
2026-08-25T11:25:00+05:30,1117.4,1118.8,1117.4,1118.7,25450
2026-08-25T11:30:00+05:30,1118.7,1120.6,1118.2,1119.5,20985
2026-08-25T11:35:00+05:30,1119.5,1120,1119,1119.5,17337
2026-08-25T11:40:00+05:30,1119.5,1120.6,1119.2,1119.3,20994
2026-08-25T11:45:00+05:30,1119.3,1120.3,1119,1120,12177
2026-08-25T11:50:00+05:30,1120,1120.5,1119.6,1120.1,7361
2026-08-25T11:55:00+05:30,1120.1,1121,1119.9,1120.2,21846
2026-08-25T12:00:00+05:30,1120.2,1120.7,1119.8,1120,6516
2026-08-25T12:05:00+05:30,1120,1120.4,1119.1,1119.3,12745
2026-08-25T12:10:00+05:30,1119.3,1119.8,1119,1119,31093
2026-08-25T12:15:00+05:30,1120.4,1122.7,1120,1121.9,33037
2026-08-25T12:20:00+05:30,1121.9,1122.7,1120.8,1121.7,10892
2026-08-25T12:25:00+05:30,1122.2,1122.4,1121.3,1122.4,4665
2026-08-25T12:30:00+05:30,1122.4,1124.4,1122,1124,24854
2026-08-25T12:35:00+05:30,1124,1124,1122.3,1123.1,7146
2026-08-25T12:40:00+05:30,1123.1,1123.1,1122.1,1123,6644
2026-08-25T12:45:00+05:30,1123,1123.5,1122.4,1122.9,5301
2026-08-25T12:50:00+05:30,1122.9,1123.3,1122.5,1122.9,7572
2026-08-25T12:55:00+05:30,1122.9,1123.8,1122.1,1123.6,10551
2026-08-25T13:00:00+05:30,1123.6,1123.7,1121.4,1122.1,8712
2026-08-25T13:05:00+05:30,1122.1,1122.9,1121.2,1122.3,11210
2026-08-25T13:10:00+05:30,1122.3,1133,1122,1124.4,119580
2026-08-25T13:15:00+05:30,1124.6,1125,1123.9,1125,11043
2026-08-25T13:20:00+05:30,1125,1125.6,1124.5,1124.9,6962
2026-08-25T13:25:00+05:30,1124.9,1124.9,1123.6,1124.1,4061
2026-08-25T13:30:00+05:30,1124,1125.8,1123.6,1124.9,13079
2026-08-25T13:35:00+05:30,1124.9,1125,1124,1124.5,5705
2026-08-25T13:40:00+05:30,1124.5,1125.5,1124.1,1124.9,7629
2026-08-25T13:45:00+05:30,1124.7,1124.9,1123.4,1124,13238
2026-08-25T13:50:00+05:30,1124,1125.8,1123.6,1125.8,9541
2026-08-25T13:55:00+05:30,1125.8,1125.8,1124.6,1124.9,6008
2026-08-25T14:00:00+05:30,1124.9,1125.5,1123.1,1123.7,28408
2026-08-25T14:05:00+05:30,1123.7,1123.7,1122.4,1123,21177
2026-08-25T14:10:00+05:30,1123.1,1125,1123.1,1124.6,26136
2026-08-25T14:15:00+05:30,1124.9,1127.5,1124.6,1127.1,31553
2026-08-25T14:20:00+05:30,1127.4,1130.5,1127.3,1128.9,29571
2026-08-25T14:25:00+05:30,1129,1130,1127.2,1130,50719
2026-08-25T14:30:00+05:30,1130,1131.9,1128.8,1130.6,36157
2026-08-25T14:35:00+05:30,1130.6,1131,1129.2,1130.6,32772
2026-08-25T14:40:00+05:30,1130.6,1131.7,1129.2,1129.4,51019
2026-08-25T14:45:00+05:30,1129.4,1131.8,1129.4,1131.5,59518
2026-08-25T14:50:00+05:30,1131.5,1136,1130.3,1135.1,114887
2026-08-25T14:55:00+05:30,1135.2,1138.4,1135.2,1136.8,160183
2026-08-25T15:00:00+05:30,1136.1,1138,1134.6,1137.2,78596
2026-08-25T15:05:00+05:30,1137.4,1138.5,1136.1,1137.8,115034
2026-08-25T15:10:00+05:30,1137.2,1137.8,1135.1,1137,100127
2026-08-26T09:15:00+05:30,1141.4,1142,1105,1115.7,554787
2026-08-26T09:20:00+05:30,1115.7,1118.5,1111.5,1117.5,241334
2026-08-26T09:25:00+05:30,1117.5,1124,1117.5,1120.8,109321
2026-08-26T09:30:00+05:30,1120.5,1125,1120.4,1124,91125
2026-08-26T09:35:00+05:30,1124,1125.7,1120.7,1124.9,67170
2026-08-26T09:40:00+05:30,1124.9,1132.5,1123.1,1130.2,139012
2026-08-26T09:45:00+05:30,1130.2,1132.5,1127,1131.5,67534
2026-08-26T09:50:00+05:30,1131.5,1133.4,1129.3,1132.6,61015
2026-08-26T09:55:00+05:30,1132.6,1135,1130.7,1133.9,95346
2026-08-26T10:00:00+05:30,1133.9,1134.1,1131.9,1132.8,38774
2026-08-26T10:05:00+05:30,1132.9,1136.5,1132.8,1136.5,51836
2026-08-26T10:10:00+05:30,1136.2,1137.9,1136,1136.7,53401
2026-08-26T10:15:00+05:30,1136.5,1137.9,1135.4,1137.9,41318
2026-08-26T10:20:00+05:30,1137.9,1138.2,1135.1,1136,66243
2026-08-26T10:25:00+05:30,1136.1,1136.1,1130.7,1131,74864
2026-08-26T10:30:00+05:30,1130.7,1133,1130.5,1132.6,26165
2026-08-26T10:35:00+05:30,1132.3,1133.6,1131.5,1131.6,24342
2026-08-26T10:40:00+05:30,1132.1,1133.4,1130.6,1131.6,26261
2026-08-26T10:45:00+05:30,1131.6,1131.9,1129.4,1130.6,24318
2026-08-26T10:50:00+05:30,1131,1131,1124.1,1125.4,210556
2026-08-26T10:55:00+05:30,1125.4,1126.5,1124.1,1126,32852
2026-08-26T11:00:00+05:30,1126,1126.1,1121.4,1122,34053
2026-08-26T11:05:00+05:30,1122,1124.8,1121.9,1124.6,45458
2026-08-26T11:10:00+05:30,1124.6,1125,1123,1124.1,31775
2026-08-26T11:15:00+05:30,1124.1,1124.9,1122.2,1122.2,18535
2026-08-26T11:20:00+05:30,1122.2,1123.1,1122,1122.4,18647
2026-08-26T11:25:00+05:30,1122.4,1122.9,1121,1122.3,24248
2026-08-26T11:30:00+05:30,1122.3,1123.6,1122,1123.5,22149
2026-08-26T11:35:00+05:30,1123.5,1127.5,1123.5,1126.8,24806
2026-08-26T11:40:00+05:30,1126.8,1127.4,1126.1,1126.5,14909
2026-08-26T11:45:00+05:30,1126.5,1127.7,1126.3,1126.9,18684
2026-08-26T11:50:00+05:30,1127,1127.3,1124,1125.4,34775
2026-08-26T11:55:00+05:30,1125.3,1126.4,1124.6,1125.4,19403
2026-08-26T12:00:00+05:30,1125.4,1125.4,1123.2,1124.9,30670
2026-08-26T12:05:00+05:30,1124.9,1126,1124,1125.1,15273
2026-08-26T12:10:00+05:30,1125.1,1125.9,1123,1123.7,16971
2026-08-26T12:15:00+05:30,1123.7,1124.1,1119,1119,46167
2026-08-26T12:20:00+05:30,1118.8,1119.2,1117.4,1118,47448
2026-08-26T12:25:00+05:30,1117.7,1118.1,1116.1,1117.7,28847
2026-08-26T12:30:00+05:30,1117.7,1117.7,1115.8,1116.7,27940
2026-08-26T12:35:00+05:30,1116.7,1117.2,1115.1,1115.4,27064
2026-08-26T12:40:00+05:30,1115.5,1116,1114.6,1116,55263
2026-08-26T12:45:00+05:30,1115.8,1115.9,1113.5,1114.2,101960
2026-08-26T12:50:00+05:30,1114.2,1115.1,1113.5,1115,30739
2026-08-26T12:55:00+05:30,1115,1116,1113,1114.2,36138
2026-08-26T13:00:00+05:30,1114.2,1114.4,1113,1114.4,25606
2026-08-26T13:05:00+05:30,1114.4,1116,1114.3,1114.7,28170
2026-08-26T13:10:00+05:30,1114.7,1115.3,1114.1,1114.5,23800
2026-08-26T13:15:00+05:30,1114.6,1117.3,1114.2,1116.4,23046
2026-08-26T13:20:00+05:30,1116.4,1118.5,1116.3,1116.8,30673
2026-08-26T13:25:00+05:30,1116.8,1118.7,1116.6,1118,20591
2026-08-26T13:30:00+05:30,1118,1118.4,1117,1117.6,27796
2026-08-26T13:35:00+05:30,1117.6,1118.4,1117,1117.6,21201
2026-08-26T13:40:00+05:30,1117.6,1118.2,1116.7,1116.7,13883
2026-08-26T13:45:00+05:30,1116.7,1117.5,1116.3,1117.1,25565
2026-08-26T13:50:00+05:30,1117.1,1117.8,1117,1117.5,20887
2026-08-26T13:55:00+05:30,1117.5,1117.7,1116.5,1117.2,23210
2026-08-26T14:00:00+05:30,1117.2,1117.9,1117,1117.7,12810
2026-08-26T14:05:00+05:30,1117.7,1117.9,1117.2,1117.2,12609
2026-08-26T14:10:00+05:30,1117.2,1118.7,1117,1118.4,14365
2026-08-26T14:15:00+05:30,1118.4,1118.9,1117.3,1117.6,13328
2026-08-26T14:20:00+05:30,1117.6,1118.6,1117.5,1118,14669
2026-08-26T14:25:00+05:30,1118,1118.5,1117.2,1118.5,20516
2026-08-26T14:30:00+05:30,1118.3,1119,1118.1,1118.8,11598
2026-08-26T14:35:00+05:30,1118.9,1120.9,1118.7,1120,38809
2026-08-26T14:40:00+05:30,1120.3,1120.7,1120,1120.2,17791
2026-08-26T14:45:00+05:30,1120.6,1121.9,1120.2,1121.3,26538
2026-08-26T14:50:00+05:30,1121.4,1122.5,1121.1,1121.8,38074
2026-08-26T14:55:00+05:30,1122.4,1122.4,1120.6,1121.2,72125
2026-08-26T15:00:00+05:30,1121.3,1124.5,1120.8,1123.7,79552
2026-08-26T15:05:00+05:30,1123.8,1125.7,1123.2,1124.2,91668
2026-08-26T15:10:00+05:30,1124.1,1124.5,1120.1,1121.6,51520
2026-08-27T09:15:00+05:30,1112,1127.5,1107.6,1120.8,181544
2026-08-27T09:20:00+05:30,1120.8,1121.1,1104.4,1106.7,278623
2026-08-27T09:25:00+05:30,1106.7,1110.1,1104.5,1104.9,169667
2026-08-27T09:30:00+05:30,1104.9,1105.1,1101,1102.2,156296
2026-08-27T09:35:00+05:30,1102,1102.7,1098.1,1099.5,119938
2026-08-27T09:40:00+05:30,1099.5,1102.5,1097.1,1099.1,90794
2026-08-27T09:45:00+05:30,1099.1,1099.3,1095.1,1098.6,96947
2026-08-27T09:50:00+05:30,1098.6,1099.3,1095.5,1095.5,54990
2026-08-27T09:55:00+05:30,1095.5,1096,1094,1096,66762
2026-08-27T10:00:00+05:30,1096,1098.2,1094.6,1097.7,42411
2026-08-27T10:05:00+05:30,1097.7,1101.5,1096.5,1100.7,51715
2026-08-27T10:10:00+05:30,1100.4,1103.3,1100.4,1102,67140
2026-08-27T10:15:00+05:30,1101.9,1103.9,1101.7,1102.6,50542
2026-08-27T10:20:00+05:30,1102.7,1102.7,1100.1,1100.4,45849
2026-08-27T10:25:00+05:30,1100.4,1101.3,1100,1100,44808
2026-08-27T10:30:00+05:30,1100.3,1100.4,1099.1,1099.5,30592
2026-08-27T10:35:00+05:30,1099.9,1100.6,1098.7,1099.2,37705
2026-08-27T10:40:00+05:30,1098.5,1099,1096.6,1097,37131
2026-08-27T10:45:00+05:30,1097,1097.1,1094.9,1095.6,54623
2026-08-27T10:50:00+05:30,1095.6,1096,1092.1,1092.9,96438
2026-08-27T10:55:00+05:30,1093,1093.9,1092.9,1093.9,36397
2026-08-27T11:00:00+05:30,1094,1094,1091.5,1093.6,71612
2026-08-27T11:05:00+05:30,1093.7,1097.4,1093.6,1097.2,107716
2026-08-27T11:10:00+05:30,1097.2,1098.9,1096.3,1097.3,45172
2026-08-27T11:15:00+05:30,1097.4,1098.3,1097,1097.3,28270
2026-08-27T11:20:00+05:30,1097.3,1097.6,1095.6,1096.5,28274
2026-08-27T11:25:00+05:30,1096.4,1097,1095,1095,35345
2026-08-27T11:30:00+05:30,1095,1095.3,1094.2,1094.7,32178
2026-08-27T11:35:00+05:30,1094.6,1096.1,1094.2,1095.5,53215
2026-08-27T11:40:00+05:30,1095.8,1096.4,1094.8,1095.8,28328
2026-08-27T11:45:00+05:30,1096.3,1096.9,1094.7,1095.6,78474
2026-08-27T11:50:00+05:30,1095.6,1097.3,1094.9,1097.2,53531
2026-08-27T11:55:00+05:30,1097.5,1101.3,1097.1,1100.4,52886
2026-08-27T12:00:00+05:30,1100.5,1100.6,1099.1,1099.6,38448
2026-08-27T12:05:00+05:30,1099.9,1100.6,1098.5,1099.2,99450
2026-08-27T12:10:00+05:30,1099.2,1101,1098.7,1100.6,41311
2026-08-27T12:15:00+05:30,1100.9,1102.1,1099.7,1101,47086
2026-08-27T12:20:00+05:30,1100.8,1101,1099.9,1100.7,52604
2026-08-27T12:25:00+05:30,1100.6,1101.7,1100.6,1101.5,38356
2026-08-27T12:30:00+05:30,1101.4,1101.5,1099.2,1099.8,48197
2026-08-27T12:35:00+05:30,1099.8,1101.5,1099.5,1100.7,26803
2026-08-27T12:40:00+05:30,1100.7,1101.5,1100,1101.1,28635
2026-08-27T12:45:00+05:30,1101.1,1101.1,1100,1100.3,19679
2026-08-27T12:50:00+05:30,1100.1,1103,1100,1102,68087
2026-08-27T12:55:00+05:30,1102,1102.9,1100.4,1100.6,23128
2026-08-27T13:00:00+05:30,1100.6,1101.6,1099.6,1101.6,38485
2026-08-27T13:05:00+05:30,1101.6,1102.8,1100.7,1102.8,53182
2026-08-27T13:10:00+05:30,1102.8,1104.7,1102.1,1104,56609
2026-08-27T13:15:00+05:30,1104,1104.4,1102.7,1103.2,36114
2026-08-27T13:20:00+05:30,1103.2,1103.9,1102.3,1103.5,35668
2026-08-27T13:25:00+05:30,1103.5,1103.5,1101.1,1102,19954
2026-08-27T13:30:00+05:30,1102,1102,1101.1,1102,17133
2026-08-27T13:35:00+05:30,1102,1103.4,1101.5,1103,21372
2026-08-27T13:40:00+05:30,1103,1103.3,1102,1102.5,23523
2026-08-27T13:45:00+05:30,1102.3,1102.5,1100.7,1101.4,29701
2026-08-27T13:50:00+05:30,1101.4,1101.6,1100.2,1100.8,21486
2026-08-27T13:55:00+05:30,1101,1101,1100,1100.5,22796
2026-08-27T14:00:00+05:30,1100.5,1100.9,1100,1100.4,18579
2026-08-27T14:05:00+05:30,1100.2,1101.3,1100.1,1100.8,18405
2026-08-27T14:10:00+05:30,1100.8,1101.6,1100.5,1101,20980
2026-08-27T14:15:00+05:30,1101.4,1101.4,1100.2,1101.3,19696
2026-08-27T14:20:00+05:30,1101,1101.5,1100.5,1100.9,17071
2026-08-27T14:25:00+05:30,1100.9,1103.5,1100.5,1103.5,34053
2026-08-27T14:30:00+05:30,1103.1,1105.1,1102,1104.5,102811
2026-08-27T14:35:00+05:30,1104.3,1105,1101.8,1102.7,70486
2026-08-27T14:40:00+05:30,1102.5,1102.5,1101.5,1102,46537
2026-08-27T14:45:00+05:30,1102,1103.7,1101.3,1103.1,67897
2026-08-27T14:50:00+05:30,1103.6,1103.7,1103.1,1103.2,70594
2026-08-27T14:55:00+05:30,1103.4,1104,1103.1,1103.3,72655
2026-08-27T15:00:00+05:30,1103.5,1104.2,1103.2,1103.6,91258
2026-08-27T15:05:00+05:30,1103.6,1104.1,1102.1,1102.7,138266
2026-08-27T15:10:00+05:30,1102.6,1103.5,1101.1,1102.9,111713
2026-08-28T09:15:00+05:30,1105,1106.7,1095.9,1096.5,86072
2026-08-28T09:20:00+05:30,1096.5,1096.5,1091,1092.4,52433
2026-08-28T09:25:00+05:30,1092.5,1094.2,1092.2,1093.1,54887
2026-08-28T09:30:00+05:30,1093.9,1094.9,1092.5,1093.4,42723
2026-08-28T09:35:00+05:30,1093.3,1094.8,1093.1,1093.4,28128
2026-08-28T09:40:00+05:30,1093.5,1096.4,1093.5,1096.1,21863
2026-08-28T09:45:00+05:30,1096.6,1098.3,1093.6,1093.9,53416
2026-08-28T09:50:00+05:30,1094.3,1094.8,1092,1094,60985
2026-08-28T09:55:00+05:30,1094.1,1095.3,1093.5,1093.8,30433
2026-08-28T10:00:00+05:30,1093.7,1094.6,1093.1,1093.9,29305
2026-08-28T10:05:00+05:30,1093.8,1093.9,1091.9,1093.2,32538
2026-08-28T10:10:00+05:30,1092.8,1095,1092.8,1094.3,20848
2026-08-28T10:15:00+05:30,1094.2,1096,1094.2,1096,25645
2026-08-28T10:20:00+05:30,1095.7,1095.9,1095.1,1095.7,22748
2026-08-28T10:25:00+05:30,1095.9,1097.5,1094.6,1097,32406
2026-08-28T10:30:00+05:30,1097,1097,1095,1095.5,26036
2026-08-28T10:35:00+05:30,1095.3,1095.3,1094.4,1095.3,19756
2026-08-28T10:40:00+05:30,1095.3,1095.6,1093.5,1094.2,21697
2026-08-28T10:45:00+05:30,1094.2,1095.3,1094,1095.1,16572
2026-08-28T10:50:00+05:30,1095,1095.1,1094,1094,18156
2026-08-28T10:55:00+05:30,1094,1094.6,1093.2,1093.7,20251
2026-08-28T11:00:00+05:30,1093.8,1093.8,1092.3,1092.4,25510
2026-08-28T11:05:00+05:30,1092.4,1093,1092.1,1092.1,16961
2026-08-28T11:10:00+05:30,1092.2,1093.3,1092.1,1092.6,19730
2026-08-28T11:15:00+05:30,1093,1093,1091,1091.1,26242
2026-08-28T11:20:00+05:30,1091.2,1091.8,1090.6,1091,19829
2026-08-28T11:25:00+05:30,1091.5,1091.5,1089,1089,43754
2026-08-28T11:30:00+05:30,1089.6,1090,1088.3,1088.7,46129
2026-08-28T11:35:00+05:30,1089,1089.2,1087.5,1088.8,22321
2026-08-28T11:40:00+05:30,1089,1089.4,1087.9,1088.5,21739
2026-08-28T11:45:00+05:30,1088.3,1088.8,1087.5,1088.4,30067
2026-08-28T11:50:00+05:30,1088.5,1089.9,1088.2,1089.3,24437
2026-08-28T11:55:00+05:30,1089.4,1089.4,1087.5,1088.2,34572
2026-08-28T12:00:00+05:30,1088.4,1089.9,1088.4,1088.9,13764
2026-08-28T12:05:00+05:30,1089.5,1089.6,1086.5,1087.8,57287
2026-08-28T12:10:00+05:30,1087.5,1087.7,1086,1086.7,36569
2026-08-28T12:15:00+05:30,1086.8,1087,1086.3,1086.5,19665
2026-08-28T12:20:00+05:30,1086.8,1087.5,1086.5,1086.5,13009
2026-08-28T12:25:00+05:30,1086.5,1087.4,1086.5,1087,13229
2026-08-28T12:30:00+05:30,1087,1088,1087,1087.5,18080
2026-08-28T12:35:00+05:30,1087.5,1088,1087.2,1088,13224
2026-08-28T12:40:00+05:30,1088,1088.2,1087.1,1087.2,18114
2026-08-28T12:45:00+05:30,1087.2,1087.7,1087,1087.1,15505
2026-08-28T12:50:00+05:30,1087.1,1087.3,1086.8,1086.8,13992
2026-08-28T12:55:00+05:30,1086.9,1087.4,1086,1086.9,16085
2026-08-28T13:00:00+05:30,1086.7,1087,1086.4,1086.8,13053
2026-08-28T13:05:00+05:30,1086.7,1086.9,1086.2,1086.5,16090
2026-08-28T13:10:00+05:30,1086.5,1087.6,1086.3,1087.2,17570
2026-08-28T13:15:00+05:30,1087.2,1087.3,1086.6,1087.1,17364
2026-08-28T13:20:00+05:30,1087,1088.1,1086.9,1087.7,11579
2026-08-28T13:25:00+05:30,1087.7,1088,1087,1087,15577
2026-08-28T13:30:00+05:30,1087.1,1087.7,1086.8,1087.2,23561
2026-08-28T13:35:00+05:30,1087.2,1087.3,1086.6,1086.7,15148
2026-08-28T13:40:00+05:30,1086.7,1087.4,1086.7,1086.9,11762
2026-08-28T13:45:00+05:30,1087,1087.2,1086,1086.1,15431
2026-08-28T13:50:00+05:30,1086,1086.8,1086,1086.2,13677
2026-08-28T13:55:00+05:30,1086.1,1087.4,1085.4,1086.7,35378
2026-08-28T14:00:00+05:30,1086.9,1087.5,1086.7,1086.9,16775
2026-08-28T14:05:00+05:30,1086.9,1087,1085.6,1086.1,28550
2026-08-28T14:10:00+05:30,1085.8,1087,1085.8,1085.9,10486
2026-08-28T14:15:00+05:30,1085.9,1087,1085.5,1086.7,17374
2026-08-28T14:20:00+05:30,1086.7,1087.5,1086.3,1086.5,17544
2026-08-28T14:25:00+05:30,1086.7,1086.8,1086.4,1086.4,14021
2026-08-28T14:30:00+05:30,1086.4,1086.7,1085,1086.5,33292
2026-08-28T14:35:00+05:30,1086.5,1086.9,1086.5,1086.7,13331
2026-08-28T14:40:00+05:30,1086.7,1087.9,1086.6,1087.2,27762
2026-08-28T14:45:00+05:30,1087.2,1088.1,1087,1087.8,28022
2026-08-28T14:50:00+05:30,1088.1,1088.2,1087,1087.4,27647
2026-08-28T14:55:00+05:30,1087.4,1087.5,1086,1086.3,44250
2026-08-28T15:00:00+05:30,1085.7,1085.7,1083.5,1083.6,74293
2026-08-28T15:05:00+05:30,1083.6,1084.9,1083.2,1084.9,83257
2026-08-28T15:10:00+05:30,1084.6,1089.3,1084.3,1088.8,115821
2026-08-31T09:15:00+05:30,1080,1081.5,1067,1071.7,246236
2026-08-31T09:20:00+05:30,1071.7,1071.8,1069.2,1069.3,112365
2026-08-31T09:25:00+05:30,1069.3,1070.3,1068,1068.3,53092
2026-08-31T09:30:00+05:30,1068.3,1069,1065.1,1066.3,69727
2026-08-31T09:35:00+05:30,1066.3,1066.3,1062,1063.5,89983
2026-08-31T09:40:00+05:30,1063.5,1065.8,1062.9,1063.2,49605
2026-08-31T09:45:00+05:30,1063,1064.1,1060.1,1062.6,82046
2026-08-31T09:50:00+05:30,1063,1063.7,1060.7,1060.7,35441
2026-08-31T09:55:00+05:30,1060.7,1062.5,1060.4,1062.4,36767
2026-08-31T10:00:00+05:30,1062.2,1063,1061.5,1062.5,34169
2026-08-31T10:05:00+05:30,1062.9,1064.9,1062.4,1063.9,49244
2026-08-31T10:10:00+05:30,1063.9,1064.2,1062.6,1063,31226
2026-08-31T10:15:00+05:30,1063.3,1068.5,1063.1,1067.6,87399
2026-08-31T10:20:00+05:30,1067.6,1067.7,1064.6,1065,44784
2026-08-31T10:25:00+05:30,1065.6,1066,1063.1,1065,35046
2026-08-31T10:30:00+05:30,1065.2,1065.5,1062.5,1063.5,32379
2026-08-31T10:35:00+05:30,1063.7,1064.2,1062.1,1063.1,28042
2026-08-31T10:40:00+05:30,1063.1,1064.3,1062.2,1064.1,30853
2026-08-31T10:45:00+05:30,1064,1064.6,1063.8,1063.9,22758
2026-08-31T10:50:00+05:30,1064.4,1064.5,1063.3,1064,18284
2026-08-31T10:55:00+05:30,1063.8,1064.6,1063.4,1063.7,21211
2026-08-31T11:00:00+05:30,1064.9,1064.9,1063.7,1064.9,28693
2026-08-31T11:05:00+05:30,1064.9,1064.9,1062.3,1063.1,53442
2026-08-31T11:10:00+05:30,1062.9,1064.3,1061.6,1063.1,60598
2026-08-31T11:15:00+05:30,1063.5,1065.8,1063.2,1065.5,43877
2026-08-31T11:20:00+05:30,1065.3,1066.8,1065,1065.9,41705
2026-08-31T11:25:00+05:30,1066,1067.7,1065.5,1067.3,38652
2026-08-31T11:30:00+05:30,1067.5,1067.8,1066,1066.8,25924
2026-08-31T11:35:00+05:30,1066.7,1067.7,1066,1067.1,38812
2026-08-31T11:40:00+05:30,1068,1069,1067.2,1067.9,33304
2026-08-31T11:45:00+05:30,1067.9,1071.7,1067.5,1071,67376
2026-08-31T11:50:00+05:30,1071.3,1074.9,1070.6,1074.1,56831
2026-08-31T11:55:00+05:30,1074.1,1077.7,1073.3,1075,64153
2026-08-31T12:00:00+05:30,1075.1,1075.9,1073.6,1075.2,60074
2026-08-31T12:05:00+05:30,1075.8,1075.8,1073,1073.2,39002
2026-08-31T12:10:00+05:30,1073.3,1074,1072.2,1072.2,32436
2026-08-31T12:15:00+05:30,1072.5,1074.7,1071.5,1074.1,44016
2026-08-31T12:20:00+05:30,1074.4,1074.5,1071.8,1072.5,35100
2026-08-31T12:25:00+05:30,1072.5,1073.3,1071.6,1072.4,30882
2026-08-31T12:30:00+05:30,1072.3,1075.1,1071.5,1075.1,35422
2026-08-31T12:35:00+05:30,1074.9,1075.7,1074.4,1075,23330
2026-08-31T12:40:00+05:30,1075.1,1076.3,1075,1075.2,24213
2026-08-31T12:45:00+05:30,1075.3,1076.3,1074.6,1075.2,22205
2026-08-31T12:50:00+05:30,1075.2,1077,1074.7,1076.4,32606
2026-08-31T12:55:00+05:30,1076.4,1077.4,1076.1,1077,22521
2026-08-31T13:00:00+05:30,1077,1078,1076.8,1077.2,22381
2026-08-31T13:05:00+05:30,1077.2,1077.9,1076,1076,19025
2026-08-31T13:10:00+05:30,1076.1,1079,1076,1078.9,23369
2026-08-31T13:15:00+05:30,1078.9,1079.9,1077.7,1077.9,25203
2026-08-31T13:20:00+05:30,1078,1078,1076.1,1076.1,24036
2026-08-31T13:25:00+05:30,1076.2,1077,1076.1,1076.6,26873
2026-08-31T13:30:00+05:30,1076.4,1078.9,1076.4,1078.8,20700
2026-08-31T13:35:00+05:30,1078.7,1079.6,1078.6,1078.8,18694
2026-08-31T13:40:00+05:30,1078.8,1079.6,1078.7,1079.2,25892
2026-08-31T13:45:00+05:30,1079.3,1079.9,1079,1079.9,17825
2026-08-31T13:50:00+05:30,1079.8,1080,1078.3,1078.7,41293
2026-08-31T13:55:00+05:30,1078.8,1079.5,1077.4,1077.5,33729
2026-08-31T14:00:00+05:30,1077.4,1077.8,1076.5,1076.6,27246
2026-08-31T14:05:00+05:30,1076.6,1077.4,1075.2,1077.3,61658
2026-08-31T14:10:00+05:30,1077.3,1077.4,1076.3,1077.1,46853
2026-08-31T14:15:00+05:30,1077.4,1078.2,1077,1077.3,40703
2026-08-31T14:20:00+05:30,1077.6,1078.3,1076.2,1076.7,53441
2026-08-31T14:25:00+05:30,1076.6,1077.7,1075.8,1076.8,68394
2026-08-31T14:30:00+05:30,1076.8,1078.3,1076.8,1078.3,42745
2026-08-31T14:35:00+05:30,1078.3,1078.8,1076.5,1078.8,63671
2026-08-31T14:40:00+05:30,1078.7,1079.7,1078.7,1079.7,57052
2026-08-31T14:45:00+05:30,1079.7,1087.7,1079.6,1087.4,160915
2026-08-31T14:50:00+05:30,1087.4,1088.3,1085.3,1085.3,97978
2026-08-31T14:55:00+05:30,1085.3,1085.4,1082.5,1085,123285
2026-08-31T15:00:00+05:30,1085,1086.1,1077.5,1078.2,322322
2026-08-31T15:05:00+05:30,1076.9,1077,1075.1,1077,490790
2026-08-31T15:10:00+05:30,1077,1079.3,1073.9,1073.9,526881
2026-09-01T09:15:00+05:30,1099,1099,1078,1080,223475
2026-09-01T09:20:00+05:30,1080,1080.1,1072,1073.8,123460
2026-09-01T09:25:00+05:30,1073.1,1076,1072.7,1074.4,74768
2026-09-01T09:30:00+05:30,1074.1,1076.7,1072.8,1074.9,111466
2026-09-01T09:35:00+05:30,1074.4,1074.6,1071,1071,63701
2026-09-01T09:40:00+05:30,1071,1071.7,1068,1068.5,72277
2026-09-01T09:45:00+05:30,1068.5,1068.5,1065.4,1067,70456
2026-09-01T09:50:00+05:30,1066.8,1068,1066,1066.1,50106
2026-09-01T09:55:00+05:30,1066,1068.6,1066,1068.5,43210
2026-09-01T10:00:00+05:30,1068.2,1069.4,1067,1068.7,40567
2026-09-01T10:05:00+05:30,1068.4,1069.7,1068.2,1068.5,37977
2026-09-01T10:10:00+05:30,1068.4,1069.8,1067.8,1069.8,46998
2026-09-01T10:15:00+05:30,1069.7,1071.5,1069.2,1071.5,46256
2026-09-01T10:20:00+05:30,1071.7,1071.9,1070.1,1071,41937
2026-09-01T10:25:00+05:30,1070.8,1071.7,1070.1,1071.5,21128
2026-09-01T10:30:00+05:30,1071.5,1071.6,1069.2,1069.4,30842
2026-09-01T10:35:00+05:30,1069.3,1070.6,1069.3,1070.2,22539
2026-09-01T10:40:00+05:30,1069.7,1071.4,1067.9,1071,62082
2026-09-01T10:45:00+05:30,1070.6,1072.7,1070.5,1072.1,57205
2026-09-01T10:50:00+05:30,1072.2,1072.7,1070,1071.6,46777
2026-09-01T10:55:00+05:30,1071.6,1071.9,1070.7,1070.8,40669
2026-09-01T11:00:00+05:30,1070.9,1071.7,1069.4,1070,47887
2026-09-01T11:05:00+05:30,1069.5,1071.1,1068.3,1071,34178
2026-09-01T11:10:00+05:30,1070.6,1073.2,1070.3,1072.5,52898
2026-09-01T11:15:00+05:30,1072.1,1072.8,1071.9,1072.5,32131
2026-09-01T11:20:00+05:30,1072.2,1072.6,1070.8,1071.3,23889
2026-09-01T11:25:00+05:30,1071,1072,1068.7,1069.6,44236
2026-09-01T11:30:00+05:30,1069.2,1071.2,1069.1,1069.5,33257
2026-09-01T11:35:00+05:30,1069.9,1069.9,1068,1068.2,35239
2026-09-01T11:40:00+05:30,1067.9,1068,1066.5,1066.7,55395
2026-09-01T11:45:00+05:30,1066.7,1067.3,1065.5,1066.2,49773
2026-09-01T11:50:00+05:30,1066,1066.2,1065.1,1065.8,38890
2026-09-01T11:55:00+05:30,1065.5,1065.9,1063.4,1064.1,87755
2026-09-01T12:00:00+05:30,1064,1066.4,1063.5,1066.4,30041
2026-09-01T12:05:00+05:30,1066.4,1067.3,1064.8,1066.8,90874
2026-09-01T12:10:00+05:30,1066.8,1067,1065,1065.6,42834
2026-09-01T12:15:00+05:30,1065.6,1065.7,1064.5,1065,29156
2026-09-01T12:20:00+05:30,1065,1065.6,1064,1064.1,31368
2026-09-01T12:25:00+05:30,1064.1,1065.8,1063.7,1065.4,35503
2026-09-01T12:30:00+05:30,1065.3,1067.8,1065.2,1066.5,69666
2026-09-01T12:35:00+05:30,1066.5,1067.1,1066,1066.7,28095
2026-09-01T12:40:00+05:30,1066.7,1067.9,1066.5,1067.8,27834
2026-09-01T12:45:00+05:30,1067.8,1067.9,1066.6,1066.7,26167
2026-09-01T12:50:00+05:30,1066.6,1067,1064.2,1064.5,49620
2026-09-01T12:55:00+05:30,1064.2,1065,1063.5,1064.7,45573
2026-09-01T13:00:00+05:30,1064.3,1064.7,1063.3,1063.9,48327
2026-09-01T13:05:00+05:30,1063.8,1064.8,1063.3,1064.3,45124
2026-09-01T13:10:00+05:30,1064.1,1064.4,1062.2,1062.4,50986
2026-09-01T13:15:00+05:30,1062.2,1062.6,1061,1061.3,75723
2026-09-01T13:20:00+05:30,1061.6,1062,1061.2,1061.6,46118
2026-09-01T13:25:00+05:30,1061.5,1062.1,1061,1061.4,39152
2026-09-01T13:30:00+05:30,1061.4,1062,1060.6,1061.4,64355
2026-09-01T13:35:00+05:30,1061.4,1061.5,1060,1060.4,70636
2026-09-01T13:40:00+05:30,1060,1060.2,1056.4,1057.4,92732
2026-09-01T13:45:00+05:30,1057.4,1057.4,1055.9,1056.7,63814
2026-09-01T13:50:00+05:30,1056.7,1056.9,1054.3,1054.6,64792
2026-09-01T13:55:00+05:30,1054.4,1055.1,1053.4,1054.2,74004
2026-09-01T14:00:00+05:30,1054.2,1054.7,1053.2,1053.4,73807
2026-09-01T14:05:00+05:30,1053.4,1054.5,1052,1052,70128
2026-09-01T14:10:00+05:30,1051.6,1055.5,1051.5,1053.6,190583
2026-09-01T14:15:00+05:30,1053.6,1054.9,1053,1054.7,74672
2026-09-01T14:20:00+05:30,1054.6,1054.8,1053,1053.6,85518
2026-09-01T14:25:00+05:30,1053.6,1055.4,1053.5,1055.3,75262
2026-09-01T14:30:00+05:30,1055.1,1056,1053.8,1054.7,136944
2026-09-01T14:35:00+05:30,1054.7,1055,1053,1054.1,101193
2026-09-01T14:40:00+05:30,1053.9,1055,1052.5,1052.5,308754
2026-09-01T14:45:00+05:30,1052.5,1056.5,1052.4,1055.9,194949
2026-09-01T14:50:00+05:30,1055.8,1056.4,1055.1,1056,124985
2026-09-01T14:55:00+05:30,1055.7,1057.1,1055.6,1056.5,197181
2026-09-01T15:00:00+05:30,1056.3,1056.7,1053.4,1053.6,282646
2026-09-01T15:05:00+05:30,1053.6,1055,1052.7,1054.6,260358
2026-09-01T15:10:00+05:30,1054.6,1054.6,1050.6,1053.9,232209
2026-09-02T09:15:00+05:30,1048,1048,1026.1,1033.5,393414
2026-09-02T09:20:00+05:30,1033.5,1033.7,1028.2,1031.7,135866
2026-09-02T09:25:00+05:30,1031.7,1033.8,1030.6,1031,122776
2026-09-02T09:30:00+05:30,1031,1033.7,1028.9,1031.4,140737
2026-09-02T09:35:00+05:30,1031.3,1036.8,1030.9,1034.9,94241
2026-09-02T09:40:00+05:30,1034.9,1035.9,1033,1035,71487
2026-09-02T09:45:00+05:30,1035.6,1039.9,1034.5,1039.3,98610
2026-09-02T09:50:00+05:30,1039.4,1040.5,1036.3,1038.5,170542
2026-09-02T09:55:00+05:30,1038.4,1039.6,1036.6,1037.9,37308
2026-09-02T10:00:00+05:30,1037.9,1038,1036.3,1037.5,43750
2026-09-02T10:05:00+05:30,1037.5,1038.4,1035.3,1035.7,66252
2026-09-02T10:10:00+05:30,1035.9,1038.8,1035.5,1037.9,78362
2026-09-02T10:15:00+05:30,1038,1038,1036,1036.6,73383
2026-09-02T10:20:00+05:30,1036.9,1038.4,1036.5,1038.2,90093
2026-09-02T10:25:00+05:30,1038.1,1038.1,1036.3,1036.5,49049
2026-09-02T10:30:00+05:30,1036.6,1037.8,1036.5,1037.1,32137
2026-09-02T10:35:00+05:30,1037.1,1037.1,1036,1036.4,31294
2026-09-02T10:40:00+05:30,1036.9,1037.8,1036.6,1037.1,31351
2026-09-02T10:45:00+05:30,1037.2,1037.6,1036.5,1037.1,30255
2026-09-02T10:50:00+05:30,1037.2,1037.2,1034,1034.9,56561
2026-09-02T10:55:00+05:30,1034.9,1034.9,1032.7,1033.2,35810
2026-09-02T11:00:00+05:30,1033.2,1033.6,1030.7,1030.9,63404
2026-09-02T11:05:00+05:30,1030.8,1032.3,1030.6,1030.7,45855
2026-09-02T11:10:00+05:30,1030.7,1031.7,1030.4,1031,77266
2026-09-02T11:15:00+05:30,1030.9,1031.7,1030.4,1030.9,77265
2026-09-02T11:20:00+05:30,1030.9,1031.5,1030.4,1030.5,64036
2026-09-02T11:25:00+05:30,1030.5,1031.3,1029.9,1030.8,78497
2026-09-02T11:30:00+05:30,1030.8,1032.1,1030.1,1031.1,53745
2026-09-02T11:35:00+05:30,1031.1,1032.1,1030.2,1031.6,47831
2026-09-02T11:40:00+05:30,1031.7,1034.5,1031,1032.1,59977
2026-09-02T11:45:00+05:30,1032.1,1032.7,1030.9,1031,41243
2026-09-02T11:50:00+05:30,1031.2,1031.5,1030.4,1031,52779
2026-09-02T11:55:00+05:30,1031,1031.8,1029.2,1029.6,77499
2026-09-02T12:00:00+05:30,1029.4,1029.5,1027.3,1027.4,71988
2026-09-02T12:05:00+05:30,1027.6,1029,1027,1027.8,88829
2026-09-02T12:10:00+05:30,1028,1033.8,1027.6,1033,168883
2026-09-02T12:15:00+05:30,1033,1033.9,1031.4,1031.7,133573
2026-09-02T12:20:00+05:30,1031.6,1032.1,1028.7,1029.7,114644
2026-09-02T12:25:00+05:30,1029.8,1031.4,1029.6,1029.7,96028
2026-09-02T12:30:00+05:30,1029.7,1032.5,1029.4,1032.1,72230
2026-09-02T12:35:00+05:30,1032.1,1034,1031.9,1033.2,88483
2026-09-02T12:40:00+05:30,1033.3,1036.9,1033.1,1036.8,118264
2026-09-02T12:45:00+05:30,1036.8,1037.5,1035.5,1036.7,109095
2026-09-02T12:50:00+05:30,1036.7,1037.9,1036.5,1037.4,76621
2026-09-02T12:55:00+05:30,1037.4,1037.5,1036.6,1037.2,65547
2026-09-02T13:00:00+05:30,1037.2,1038.5,1037,1037,85163
2026-09-02T13:05:00+05:30,1037.1,1037.4,1036.5,1036.5,87989
2026-09-02T13:10:00+05:30,1036.5,1038.7,1036.5,1037.6,87440
2026-09-02T13:15:00+05:30,1037.6,1038.5,1037.1,1037.7,75675
2026-09-02T13:20:00+05:30,1037.8,1039.4,1037.3,1039.2,153620
2026-09-02T13:25:00+05:30,1038.8,1039.2,1037.4,1038.5,92908
2026-09-02T13:30:00+05:30,1038.2,1038.9,1037.6,1038.1,63136
2026-09-02T13:35:00+05:30,1038,1038.9,1035.1,1035.1,61533
2026-09-02T13:40:00+05:30,1035.1,1036.7,1034.8,1036.3,72234
2026-09-02T13:45:00+05:30,1036.4,1039.4,1036.3,1037.9,92093
2026-09-02T13:50:00+05:30,1038,1038.6,1036.7,1038.1,48229
2026-09-02T13:55:00+05:30,1038.2,1039.3,1038.1,1039,58087
2026-09-02T14:00:00+05:30,1039,1039.9,1038,1038.3,103443
2026-09-02T14:05:00+05:30,1038.2,1039.8,1037.9,1039.7,76697
2026-09-02T14:10:00+05:30,1039.6,1040.9,1039.2,1039.8,108102
2026-09-02T14:15:00+05:30,1040.4,1040.7,1039.6,1040.4,51079
2026-09-02T14:20:00+05:30,1040.5,1040.5,1039,1039.9,61948
2026-09-02T14:25:00+05:30,1039.9,1042.5,1039.9,1042,72606
2026-09-02T14:30:00+05:30,1042.2,1045,1042,1044.2,83451
2026-09-02T14:35:00+05:30,1044.5,1044.9,1043.2,1044.1,65239
2026-09-02T14:40:00+05:30,1044.3,1044.5,1042.1,1042.3,63536
2026-09-02T14:45:00+05:30,1042.4,1043.7,1042,1043.2,74863
2026-09-02T14:50:00+05:30,1043.2,1043.5,1040.5,1040.8,108577
2026-09-02T14:55:00+05:30,1040.6,1041.3,1039.2,1040.8,110406
2026-09-02T15:00:00+05:30,1040.5,1041.3,1040,1040.1,175863
2026-09-02T15:05:00+05:30,1040.2,1043.5,1039.2,1043.3,204018
2026-09-02T15:10:00+05:30,1043.2,1047,1043.1,1047,161141
2026-09-03T09:15:00+05:30,1056,1068.9,1044.5,1045.8,368894
2026-09-03T09:20:00+05:30,1045.8,1047,1038.8,1040.8,192343
2026-09-03T09:25:00+05:30,1041,1046.6,1040.1,1046,95319
2026-09-03T09:30:00+05:30,1046.3,1046.9,1045.3,1046.3,84678
2026-09-03T09:35:00+05:30,1045.8,1046.7,1045.1,1045.9,150424
2026-09-03T09:40:00+05:30,1046.3,1046.4,1044.7,1045.9,60379
2026-09-03T09:45:00+05:30,1046.2,1050.7,1045.8,1049.9,65444
2026-09-03T09:50:00+05:30,1049.6,1050.7,1047.8,1049.6,111476
2026-09-03T09:55:00+05:30,1049.5,1050.8,1048.8,1049.8,50979
2026-09-03T10:00:00+05:30,1049.4,1054.3,1048.8,1052.9,227822
2026-09-03T10:05:00+05:30,1052.9,1052.9,1050.6,1051.6,44783
2026-09-03T10:10:00+05:30,1051.6,1052,1050.2,1050.5,53959
2026-09-03T10:15:00+05:30,1051,1051.3,1050.2,1051,173891
2026-09-03T10:20:00+05:30,1051.1,1051.1,1049.8,1050.5,143054
2026-09-03T10:25:00+05:30,1050.4,1051,1047.5,1048.7,92828
2026-09-03T10:30:00+05:30,1048.7,1049.1,1048.5,1049,39592
2026-09-03T10:35:00+05:30,1049,1049.2,1047.9,1049.1,85715
2026-09-03T10:40:00+05:30,1049.1,1049.1,1042.3,1043,82912
2026-09-03T10:45:00+05:30,1043.1,1043.4,1041.5,1042.6,34251
2026-09-03T10:50:00+05:30,1042.6,1042.6,1040.2,1041.2,35343
2026-09-03T10:55:00+05:30,1041.2,1043.8,1041,1042.7,48410
2026-09-03T11:00:00+05:30,1043,1043.4,1042.1,1043.1,24937
2026-09-03T11:05:00+05:30,1042.6,1042.6,1040.6,1040.7,24856
2026-09-03T11:10:00+05:30,1040.7,1041.3,1040.5,1040.8,36196
2026-09-03T11:15:00+05:30,1040.7,1042,1040,1041.1,32432
2026-09-03T11:20:00+05:30,1041.1,1042.9,1041.1,1042.5,28008
2026-09-03T11:25:00+05:30,1042.5,1045.7,1042.2,1044.9,50982
2026-09-03T11:30:00+05:30,1044.9,1047.3,1044.9,1047.1,43603
2026-09-03T11:35:00+05:30,1047.3,1048.4,1046.3,1047.1,61715
2026-09-03T11:40:00+05:30,1047.1,1047.4,1045.3,1045.8,25631
2026-09-03T11:45:00+05:30,1045.8,1046,1045,1045.8,26651
2026-09-03T11:50:00+05:30,1045.9,1046.1,1045,1045.4,27318
2026-09-03T11:55:00+05:30,1045.6,1045.6,1044.4,1044.8,20386
2026-09-03T12:00:00+05:30,1044.4,1044.9,1042.2,1042.2,29314
2026-09-03T12:05:00+05:30,1042.2,1043.9,1042.1,1043.3,35257
2026-09-03T12:10:00+05:30,1043.3,1045,1043.2,1044.2,35838
2026-09-03T12:15:00+05:30,1044.2,1045.6,1044,1045,35986
2026-09-03T12:20:00+05:30,1045.4,1045.5,1042,1042.4,22603
2026-09-03T12:25:00+05:30,1042.4,1043.2,1042.1,1042.6,17889
2026-09-03T12:30:00+05:30,1042.8,1042.8,1041,1041.4,37584
2026-09-03T12:35:00+05:30,1041.4,1041.6,1040.7,1041,30646
2026-09-03T12:40:00+05:30,1041,1041,1039.9,1039.9,47147
2026-09-03T12:45:00+05:30,1039.5,1040,1039.2,1039.7,23784
2026-09-03T12:50:00+05:30,1039.4,1039.6,1039.1,1039.6,31731
2026-09-03T12:55:00+05:30,1039.5,1042.2,1038.6,1041.6,75705
2026-09-03T13:00:00+05:30,1041.7,1047.4,1041.3,1047.2,68948
2026-09-03T13:05:00+05:30,1047.4,1047.9,1045.1,1046.1,25997
2026-09-03T13:10:00+05:30,1046.4,1046.5,1045,1045.4,23830
2026-09-03T13:15:00+05:30,1045.4,1045.9,1044.3,1044.9,42077
2026-09-03T13:20:00+05:30,1044.9,1045,1043.5,1044.1,29021
2026-09-03T13:25:00+05:30,1044.5,1046.1,1042.8,1045.4,44544
2026-09-03T13:30:00+05:30,1045.4,1046.9,1044.5,1045.6,231492
2026-09-03T13:35:00+05:30,1045.6,1046.2,1044.1,1044.4,130293
2026-09-03T13:40:00+05:30,1044.4,1045.3,1044,1045,39493
2026-09-03T13:45:00+05:30,1045,1046.2,1044.7,1045.9,44567
2026-09-03T13:50:00+05:30,1045.9,1046.5,1043.6,1045.3,61331
2026-09-03T13:55:00+05:30,1045.5,1046.7,1044.5,1045.2,195985
2026-09-03T14:00:00+05:30,1045.2,1046.4,1044.6,1045.4,750310
2026-09-03T14:05:00+05:30,1045.4,1048.9,1044.6,1046.7,219946
2026-09-03T14:10:00+05:30,1046.3,1049.9,1046,1046.4,246574
2026-09-03T14:15:00+05:30,1046.4,1046.6,1044.8,1045.7,66632
2026-09-03T14:20:00+05:30,1045.7,1046.8,1045.3,1045.9,65978
2026-09-03T14:25:00+05:30,1046.3,1046.3,1045.3,1045.3,21284
2026-09-03T14:30:00+05:30,1045.6,1045.6,1044.3,1044.4,18474
2026-09-03T14:35:00+05:30,1044.8,1045,1044.3,1044.8,21148
2026-09-03T14:40:00+05:30,1044.6,1044.9,1043.2,1043.8,37738
2026-09-03T14:45:00+05:30,1043.8,1045.4,1043,1045,58902
2026-09-03T14:50:00+05:30,1045.2,1045.4,1044,1044,40615
2026-09-03T14:55:00+05:30,1044.4,1045,1043.8,1044.4,96024
2026-09-03T15:00:00+05:30,1044,1044.7,1042.9,1043.6,72487
2026-09-03T15:05:00+05:30,1043.6,1043.6,1041,1043,129663
2026-09-03T15:10:00+05:30,1042.9,1045.4,1042,1042.1,253094
2026-09-04T09:15:00+05:30,1044.2,1046.8,1042.2,1043.6,113124
2026-09-04T09:20:00+05:30,1044.5,1048.9,1043.9,1048.4,63021
2026-09-04T09:25:00+05:30,1048.8,1050.6,1046.5,1048.2,67614
2026-09-04T09:30:00+05:30,1048.5,1049.2,1047,1047.7,40197
2026-09-04T09:35:00+05:30,1047.3,1049.4,1047,1049.2,38336
2026-09-04T09:40:00+05:30,1049.2,1050,1047.6,1050,46094
2026-09-04T09:45:00+05:30,1049.9,1050.9,1049.2,1049.9,27577
2026-09-04T09:50:00+05:30,1049.9,1049.9,1048.2,1048.4,23860
2026-09-04T09:55:00+05:30,1048.5,1049.2,1047.2,1049.1,41195
2026-09-04T10:00:00+05:30,1049.1,1050,1048.6,1049.9,34863
2026-09-04T10:05:00+05:30,1050,1050.2,1049,1049.4,30487
2026-09-04T10:10:00+05:30,1049.3,1049.8,1048.1,1049.7,30210
2026-09-04T10:15:00+05:30,1049.9,1052.8,1049.9,1052,46801
2026-09-04T10:20:00+05:30,1052,1052,1050.6,1051.7,27010
2026-09-04T10:25:00+05:30,1051.7,1051.9,1051.4,1051.7,19635
2026-09-04T10:30:00+05:30,1051.7,1051.7,1048.4,1049,29998
2026-09-04T10:35:00+05:30,1049,1049.1,1048.4,1048.9,31738
2026-09-04T10:40:00+05:30,1048.9,1049.1,1048,1048.9,21372
2026-09-04T10:45:00+05:30,1048.9,1049,1046.3,1046.6,25162
2026-09-04T10:50:00+05:30,1046.6,1046.6,1045.1,1045.6,19942
2026-09-04T10:55:00+05:30,1045.6,1046.5,1045.1,1046.1,97704
2026-09-04T11:00:00+05:30,1046,1047.5,1046,1046.6,29115
2026-09-04T11:05:00+05:30,1046.8,1047.7,1046,1047.7,13964
2026-09-04T11:10:00+05:30,1047.7,1047.8,1045.7,1046.6,20684
2026-09-04T11:15:00+05:30,1046.6,1047.6,1046.2,1047.6,25770
2026-09-04T11:20:00+05:30,1047.3,1047.4,1045.7,1046,30211
2026-09-04T11:25:00+05:30,1046,1047.3,1045.8,1047,27040
2026-09-04T11:30:00+05:30,1047.3,1047.9,1046.6,1047.4,24001
2026-09-04T11:35:00+05:30,1047.6,1049.6,1047.1,1048.8,35973
2026-09-04T11:40:00+05:30,1049,1049,1047.2,1047.5,15157
2026-09-04T11:45:00+05:30,1047.5,1047.6,1044.1,1044.8,75996
2026-09-04T11:50:00+05:30,1044.8,1045.3,1044.2,1044.9,35296
2026-09-04T11:55:00+05:30,1044.9,1045.4,1044.6,1045.4,21285
2026-09-04T12:00:00+05:30,1045.4,1045.4,1043.6,1043.8,34345
2026-09-04T12:05:00+05:30,1043.8,1044.6,1041.9,1044.1,112840
2026-09-04T12:10:00+05:30,1044.1,1044.9,1043.6,1044.9,53358
2026-09-04T12:15:00+05:30,1044.9,1044.9,1043,1043.9,90177
2026-09-04T12:20:00+05:30,1043.7,1043.9,1041.7,1041.9,32497
2026-09-04T12:25:00+05:30,1041.9,1043.7,1041.4,1042.4,156428
2026-09-04T12:30:00+05:30,1042.4,1043.7,1042,1043.1,39330
2026-09-04T12:35:00+05:30,1043.1,1043.7,1042.8,1043.6,36976
2026-09-04T12:40:00+05:30,1043.6,1043.6,1041.6,1041.6,31614
2026-09-04T12:45:00+05:30,1041.5,1042.8,1040.8,1042,276327
2026-09-04T12:50:00+05:30,1042.3,1045.3,1041.9,1044.8,82379
2026-09-04T12:55:00+05:30,1044.8,1044.8,1041.5,1041.6,56272
2026-09-04T13:00:00+05:30,1041.6,1042,1039.9,1041,78263
2026-09-04T13:05:00+05:30,1041,1041.3,1040.2,1040.5,45474
2026-09-04T13:10:00+05:30,1040.4,1040.4,1038.7,1038.9,37978
2026-09-04T13:15:00+05:30,1039,1040.5,1039,1040.5,55815
2026-09-04T13:20:00+05:30,1040.5,1041.5,1040,1041.1,39889
2026-09-04T13:25:00+05:30,1041.1,1041.1,1039.8,1040.3,39273
2026-09-04T13:30:00+05:30,1040.3,1040.8,1039.3,1039.5,35184
2026-09-04T13:35:00+05:30,1039.4,1040.6,1039.4,1040.1,92089
2026-09-04T13:40:00+05:30,1040.2,1040.2,1039.4,1039.7,46199
2026-09-04T13:45:00+05:30,1039.7,1040.3,1039,1039.5,40366
2026-09-04T13:50:00+05:30,1039.6,1040,1038.5,1038.9,77740
2026-09-04T13:55:00+05:30,1038.9,1039.9,1038.9,1039.3,47209
2026-09-04T14:00:00+05:30,1039.3,1039.3,1038.8,1038.9,24832
2026-09-04T14:05:00+05:30,1038.9,1039.2,1038.1,1038.8,60372
2026-09-04T14:10:00+05:30,1038.8,1039.3,1038.8,1039.3,48721
2026-09-04T14:15:00+05:30,1039.3,1039.3,1038.4,1039,53040
2026-09-04T14:20:00+05:30,1039,1039.6,1038.6,1039.4,55702
2026-09-04T14:25:00+05:30,1039.4,1039.7,1039,1039.5,55842
2026-09-04T14:30:00+05:30,1039.3,1039.6,1039.3,1039.4,45272
2026-09-04T14:35:00+05:30,1039.3,1039.4,1037,1037.5,75867
2026-09-04T14:40:00+05:30,1037.5,1038.3,1037.1,1038.1,46206
2026-09-04T14:45:00+05:30,1038.2,1038.8,1037.8,1038.8,64164
2026-09-04T14:50:00+05:30,1038.8,1039,1038,1038.7,58567
2026-09-04T14:55:00+05:30,1038.7,1038.7,1037.5,1038.2,79812
2026-09-04T15:00:00+05:30,1038.2,1038.2,1037.1,1037.9,114683
2026-09-04T15:05:00+05:30,1037.9,1039.9,1037.1,1039.9,144745
2026-09-04T15:10:00+05:30,1039.9,1041.4,1038.8,1041,229777
2026-09-07T09:15:00+05:30,1045,1046.1,1037.2,1039.6,96488
2026-09-07T09:20:00+05:30,1039.6,1040.7,1034.7,1034.8,39716
2026-09-07T09:25:00+05:30,1035.1,1036.6,1034,1034.7,28284
2026-09-07T09:30:00+05:30,1034.5,1036,1033.6,1035.7,22146
2026-09-07T09:35:00+05:30,1035.7,1036.9,1034.5,1035.1,26455
2026-09-07T09:40:00+05:30,1035.1,1035.6,1033.4,1033.6,37134
2026-09-07T09:45:00+05:30,1033.6,1034.6,1032.8,1033.8,25016
2026-09-07T09:50:00+05:30,1034.6,1035.8,1033.6,1033.6,17946
2026-09-07T09:55:00+05:30,1033.9,1035.4,1033.2,1034,16088
2026-09-07T10:00:00+05:30,1034,1036.8,1033.8,1036.2,20978
2026-09-07T10:05:00+05:30,1036.3,1036.6,1034.4,1034.6,18468
2026-09-07T10:10:00+05:30,1034.6,1034.6,1034,1034.1,9645
2026-09-07T10:15:00+05:30,1034.1,1034.2,1032.5,1032.9,18677
2026-09-07T10:20:00+05:30,1032.8,1033,1031.5,1031.5,25153
2026-09-07T10:25:00+05:30,1031.6,1031.8,1030.9,1031.2,21548
2026-09-07T10:30:00+05:30,1031.2,1032,1030.7,1030.7,15722
2026-09-07T10:35:00+05:30,1030.5,1031.5,1030.3,1030.5,18020
2026-09-07T10:40:00+05:30,1030.5,1031.7,1030.2,1030.5,13936
2026-09-07T10:45:00+05:30,1030.5,1030.6,1029.3,1029.8,28921
2026-09-07T10:50:00+05:30,1029.7,1030.5,1029.5,1030,12130
2026-09-07T10:55:00+05:30,1029.8,1031.7,1029.7,1031.7,15479
2026-09-07T11:00:00+05:30,1031,1031.9,1030.9,1031.2,30741
2026-09-07T11:05:00+05:30,1031.2,1032.3,1031.1,1031.5,17630
2026-09-07T11:10:00+05:30,1031.5,1032,1031,1031.2,10021
2026-09-07T11:15:00+05:30,1031.2,1031.7,1029.9,1031.7,26382
2026-09-07T11:20:00+05:30,1031.5,1034.2,1031.4,1033,40897
2026-09-07T11:25:00+05:30,1032.9,1033.6,1032.5,1033.4,16391
2026-09-07T11:30:00+05:30,1033.2,1034.9,1033.2,1034,15102
2026-09-07T11:35:00+05:30,1034,1035,1034,1034.5,21750
2026-09-07T11:40:00+05:30,1034.4,1034.4,1033.3,1033.7,12508
2026-09-07T11:45:00+05:30,1034,1034.7,1033.5,1034,11013
2026-09-07T11:50:00+05:30,1034.1,1034.6,1033.4,1034.5,12773
2026-09-07T11:55:00+05:30,1034.5,1035,1033.8,1034.6,13169
2026-09-07T12:00:00+05:30,1034.6,1037.4,1034.6,1036.1,102695
2026-09-07T12:05:00+05:30,1036.1,1038.6,1035,1038.5,30187
2026-09-07T12:10:00+05:30,1038.5,1039.9,1037.8,1038.8,29506
2026-09-07T12:15:00+05:30,1038.8,1038.8,1037.2,1037.5,12560
2026-09-07T12:20:00+05:30,1037.2,1037.5,1036.4,1036.9,20574
2026-09-07T12:25:00+05:30,1036.9,1037.5,1036.1,1036.3,9706
2026-09-07T12:30:00+05:30,1036.3,1036.7,1035.8,1036.6,10879
2026-09-07T12:35:00+05:30,1036.2,1036.7,1036,1036,11587
2026-09-07T12:40:00+05:30,1036.1,1036.4,1035.9,1036,8124
2026-09-07T12:45:00+05:30,1036,1036.4,1035.6,1036.2,10382
2026-09-07T12:50:00+05:30,1036.3,1036.3,1035.2,1035.4,9803
2026-09-07T12:55:00+05:30,1035.4,1036.3,1034.7,1036.1,14297
2026-09-07T13:00:00+05:30,1036,1036.9,1035.1,1036.4,30238
2026-09-07T13:05:00+05:30,1036.4,1036.8,1036.1,1036.3,11221
2026-09-07T13:10:00+05:30,1036.3,1037,1036.1,1036.4,9502
2026-09-07T13:15:00+05:30,1036.4,1036.9,1036,1036.4,10984
2026-09-07T13:20:00+05:30,1036.4,1037.7,1036.4,1037.5,9363
2026-09-07T13:25:00+05:30,1037.4,1037.4,1035.1,1036.7,15449
2026-09-07T13:30:00+05:30,1036.8,1037.3,1036.2,1037.3,9443
2026-09-07T13:35:00+05:30,1037.4,1037.4,1035.3,1035.3,22559
2026-09-07T13:40:00+05:30,1035.3,1035.4,1033,1033.5,31555
2026-09-07T13:45:00+05:30,1033.4,1033.9,1033,1033.3,21061
2026-09-07T13:50:00+05:30,1033.3,1034.8,1032.8,1034,31582
2026-09-07T13:55:00+05:30,1034.1,1034.2,1033.3,1033.5,18623
2026-09-07T14:00:00+05:30,1033.6,1033.8,1032.8,1033.2,24352
2026-09-07T14:05:00+05:30,1033.3,1034.4,1033.2,1034,20292
2026-09-07T14:10:00+05:30,1034,1035.5,1033.5,1035.1,19254
2026-09-07T14:15:00+05:30,1035.1,1035.1,1034.2,1034.8,46722
2026-09-07T14:20:00+05:30,1034.9,1036.4,1034.9,1035.9,26492
2026-09-07T14:25:00+05:30,1036,1037.4,1035.9,1036.9,33346
2026-09-07T14:30:00+05:30,1036.9,1037.5,1035,1035.6,50449
2026-09-07T14:35:00+05:30,1035.6,1036,1035,1035.7,38474
2026-09-07T14:40:00+05:30,1035.7,1036.5,1035.6,1036.3,13414
2026-09-07T14:45:00+05:30,1036.4,1036.5,1035.8,1036.2,16743
2026-09-07T14:50:00+05:30,1036.2,1037.3,1036,1036.3,28682
2026-09-07T14:55:00+05:30,1036.3,1037,1036.2,1036.4,27757
2026-09-07T15:00:00+05:30,1036.2,1037.8,1036.2,1037.2,33465
2026-09-07T15:05:00+05:30,1037.3,1037.6,1036.5,1037.1,42611
2026-09-07T15:10:00+05:30,1037.4,1037.5,1035,1035.4,61559
2026-09-08T09:15:00+05:30,1030,1030,1020.3,1022,170488
2026-09-08T09:20:00+05:30,1022,1023.7,1021,1021.9,62417
2026-09-08T09:25:00+05:30,1021.5,1023,1021.5,1021.9,43933
2026-09-08T09:30:00+05:30,1021.9,1023.5,1020.7,1023.5,63169
2026-09-08T09:35:00+05:30,1023.5,1025.5,1023,1024,51909
2026-09-08T09:40:00+05:30,1023.9,1025.4,1022.2,1022.2,58128
2026-09-08T09:45:00+05:30,1022.5,1025.2,1022,1024.6,43911
2026-09-08T09:50:00+05:30,1024.6,1030.3,1024.6,1026.2,63642
2026-09-08T09:55:00+05:30,1026.1,1026.2,1021.6,1021.6,25457
2026-09-08T10:00:00+05:30,1021.6,1022.5,1017.6,1017.7,94969
2026-09-08T10:05:00+05:30,1018.1,1020.5,1017.2,1020,48619
2026-09-08T10:10:00+05:30,1019.9,1025.3,1019.8,1025.3,66853
2026-09-08T10:15:00+05:30,1025.2,1026.4,1024.2,1025.5,50138
2026-09-08T10:20:00+05:30,1025.5,1026.7,1025,1025.5,25137
2026-09-08T10:25:00+05:30,1025.5,1026.2,1025,1025.5,17590
2026-09-08T10:30:00+05:30,1025.2,1027.5,1025,1026.6,23887
2026-09-08T10:35:00+05:30,1026.6,1026.8,1025,1025.1,20906
2026-09-08T10:40:00+05:30,1025.1,1025.1,1023.6,1024.7,20446
2026-09-08T10:45:00+05:30,1024.7,1026.9,1024.5,1025.9,17183
2026-09-08T10:50:00+05:30,1026,1026.3,1024.9,1025.1,16459
2026-09-08T10:55:00+05:30,1025,1026.3,1024.3,1024.7,18383
2026-09-08T11:00:00+05:30,1024.2,1028.1,1024.2,1026.8,61284
2026-09-08T11:05:00+05:30,1026.7,1029.3,1026.6,1028.9,25201
2026-09-08T11:10:00+05:30,1028.8,1028.9,1027.6,1027.9,17211
2026-09-08T11:15:00+05:30,1027.9,1029.2,1027,1028.9,20060
2026-09-08T11:20:00+05:30,1028.8,1028.8,1027.3,1027.9,16139
2026-09-08T11:25:00+05:30,1027.8,1028.9,1027.1,1028.7,21592
2026-09-08T11:30:00+05:30,1028.6,1029.3,1027.9,1028.2,19032
2026-09-08T11:35:00+05:30,1028.2,1029,1027.3,1027.6,21333
2026-09-08T11:40:00+05:30,1027.4,1027.9,1027,1027.3,15242
2026-09-08T11:45:00+05:30,1027.5,1028.3,1026.7,1027,24072
2026-09-08T11:50:00+05:30,1027,1027.7,1026.5,1027.1,18775
2026-09-08T11:55:00+05:30,1027.2,1028,1026.6,1027.7,17167
2026-09-08T12:00:00+05:30,1027.7,1029.8,1027.4,1029,29646
2026-09-08T12:05:00+05:30,1029,1029,1027.8,1028,14334
2026-09-08T12:10:00+05:30,1027.9,1029.4,1027.8,1029,24710
2026-09-08T12:15:00+05:30,1029,1029.2,1028.1,1028.8,18357
2026-09-08T12:20:00+05:30,1028.8,1029.1,1028.2,1028.7,11896
2026-09-08T12:25:00+05:30,1028.7,1029.9,1028.7,1029.8,18854
2026-09-08T12:30:00+05:30,1029.5,1029.6,1026.6,1026.8,26430
2026-09-08T12:35:00+05:30,1026.8,1028.9,1026.7,1028.4,16654
2026-09-08T12:40:00+05:30,1028.9,1029,1028.2,1028.9,13202
2026-09-08T12:45:00+05:30,1028.9,1029,1027.7,1028.5,13646
2026-09-08T12:50:00+05:30,1028.5,1029,1028.2,1029,10318
2026-09-08T12:55:00+05:30,1029,1031.6,1029,1030.2,33697
2026-09-08T13:00:00+05:30,1030,1031.8,1027.9,1028.5,31465
2026-09-08T13:05:00+05:30,1028.5,1030.4,1028.3,1029.1,9985
2026-09-08T13:10:00+05:30,1029.3,1029.4,1027,1027.6,7808
2026-09-08T13:15:00+05:30,1027.6,1027.7,1026.6,1026.9,11440
2026-09-08T13:20:00+05:30,1026.9,1027.2,1026.8,1027.1,5248
2026-09-08T13:25:00+05:30,1027.2,1027.5,1027,1027.3,5856
2026-09-08T13:30:00+05:30,1027.5,1027.8,1026,1026.4,40484
2026-09-08T13:35:00+05:30,1026.4,1027.1,1025.1,1025.4,12267
2026-09-08T13:40:00+05:30,1025.4,1026.3,1025.1,1026.2,4904
2026-09-08T13:45:00+05:30,1026.2,1027.1,1025.8,1026.8,6938
2026-09-08T13:50:00+05:30,1026.9,1026.9,1025,1025.5,24693
2026-09-08T13:55:00+05:30,1025.6,1026.3,1025.5,1026.1,18069
2026-09-08T14:00:00+05:30,1026.2,1026.8,1025.4,1026.1,21352
2026-09-08T14:05:00+05:30,1026.4,1027,1025.7,1026.4,15525
2026-09-08T14:10:00+05:30,1026.3,1026.7,1025.9,1026,20344
2026-09-08T14:15:00+05:30,1025.7,1026.8,1025.7,1026.3,18467
2026-09-08T14:20:00+05:30,1026.4,1026.8,1025.9,1026.4,20102
2026-09-08T14:25:00+05:30,1026.4,1026.7,1026,1026.4,17987
2026-09-08T14:30:00+05:30,1026.2,1027.4,1026.1,1026.5,29879
2026-09-08T14:35:00+05:30,1026.5,1026.6,1025.9,1026.1,35750
2026-09-08T14:40:00+05:30,1026.2,1027,1025.7,1026.3,31447
2026-09-08T14:45:00+05:30,1026.2,1027,1026,1026.1,53661
2026-09-08T14:50:00+05:30,1026.3,1027.4,1025.9,1026.6,34575
2026-09-08T14:55:00+05:30,1026.9,1029.5,1026.5,1029.1,95388
2026-09-08T15:00:00+05:30,1029.5,1030.7,1028.1,1029.5,90189
2026-09-08T15:05:00+05:30,1029.4,1029.7,1027.9,1029.4,91115
2026-09-08T15:10:00+05:30,1029.4,1031.9,1029.2,1029.8,92190
2026-09-09T09:15:00+05:30,1018.2,1025,1013,1024.2,217951
2026-09-09T09:20:00+05:30,1024.2,1027.3,1024.1,1026.3,69804
2026-09-09T09:25:00+05:30,1026.3,1026.9,1025.5,1026,66098
2026-09-09T09:30:00+05:30,1026,1026.7,1024.6,1026.3,40875
2026-09-09T09:35:00+05:30,1026.3,1026.3,1023.1,1025.7,54568
2026-09-09T09:40:00+05:30,1025.7,1026.7,1025.3,1025.3,34576
2026-09-09T09:45:00+05:30,1025.3,1025.4,1023,1023,47133
2026-09-09T09:50:00+05:30,1023,1024.9,1022.2,1024.3,84357
2026-09-09T09:55:00+05:30,1024.3,1025,1022.4,1024,89356
2026-09-09T10:00:00+05:30,1024.2,1025.6,1023.2,1025,57808
2026-09-09T10:05:00+05:30,1025,1025,1022,1023.5,47897
2026-09-09T10:10:00+05:30,1023.5,1024.5,1022.8,1023.8,130970
2026-09-09T10:15:00+05:30,1024,1027,1023.8,1026.4,42607
2026-09-09T10:20:00+05:30,1026.2,1030,1025.5,1029.8,62156
2026-09-09T10:25:00+05:30,1029.5,1033.6,1028.9,1033.1,96778
2026-09-09T10:30:00+05:30,1033.1,1033.4,1030.7,1030.7,82615
2026-09-09T10:35:00+05:30,1030.7,1031.2,1029.4,1030.2,39220
2026-09-09T10:40:00+05:30,1030.1,1030.3,1029.9,1030.3,18926
2026-09-09T10:45:00+05:30,1030.3,1032.9,1029,1030.2,57517
2026-09-09T10:50:00+05:30,1029.7,1030,1028.5,1030,39365
2026-09-09T10:55:00+05:30,1030,1031.7,1030,1031.2,67847
2026-09-09T11:00:00+05:30,1031.2,1033.3,1031.2,1032.1,39201
2026-09-09T11:05:00+05:30,1032.1,1032.1,1030.8,1030.9,21642
2026-09-09T11:10:00+05:30,1031,1031.6,1030.2,1031.1,37907
2026-09-09T11:15:00+05:30,1030.9,1031,1028.3,1028.4,20422
2026-09-09T11:20:00+05:30,1028.4,1029.7,1028.3,1028.9,15117
2026-09-09T11:25:00+05:30,1029,1029.7,1028.7,1029.1,21176
2026-09-09T11:30:00+05:30,1029.2,1029.7,1029.1,1029.1,15561
2026-09-09T11:35:00+05:30,1029.1,1029.6,1027.9,1028.3,25471
2026-09-09T11:40:00+05:30,1028.3,1029.4,1028.3,1029.2,17357
2026-09-09T11:45:00+05:30,1029.1,1029.2,1028.1,1028.5,20248
2026-09-09T11:50:00+05:30,1028.4,1028.5,1027.9,1028.1,16257
2026-09-09T11:55:00+05:30,1028.2,1028.9,1027.6,1027.7,33464
2026-09-09T12:00:00+05:30,1027.7,1027.7,1027,1027.1,26157
2026-09-09T12:05:00+05:30,1027.1,1027.3,1026.5,1027,14150
2026-09-09T12:10:00+05:30,1027,1028,1026.7,1028,16423
2026-09-09T12:15:00+05:30,1027.9,1027.9,1026.5,1026.7,18154
2026-09-09T12:20:00+05:30,1026.7,1028.4,1026.6,1028.4,12309
2026-09-09T12:25:00+05:30,1028.4,1029.7,1028.3,1029.3,23447
2026-09-09T12:30:00+05:30,1029.3,1032,1029.1,1031,23858
2026-09-09T12:35:00+05:30,1031,1033,1031,1033,30486
2026-09-09T12:40:00+05:30,1033,1034.8,1032.4,1033.2,27016
2026-09-09T12:45:00+05:30,1033.2,1033.3,1032.4,1032.5,24172
2026-09-09T12:50:00+05:30,1032.5,1032.6,1028.5,1028.6,41468
2026-09-09T12:55:00+05:30,1028.6,1030.9,1028.4,1030.5,22852
2026-09-09T13:00:00+05:30,1030.5,1030.5,1028.9,1028.9,11658
2026-09-09T13:05:00+05:30,1029,1029.7,1028.4,1028.9,17963
2026-09-09T13:10:00+05:30,1028.8,1030,1028.5,1029.8,13631
2026-09-09T13:15:00+05:30,1029.8,1030,1029,1029.1,15129
2026-09-09T13:20:00+05:30,1029.5,1029.7,1029,1029.2,14429
2026-09-09T13:25:00+05:30,1029.1,1030.3,1029.1,1030.1,30701
2026-09-09T13:30:00+05:30,1030.1,1030.2,1029.3,1029.8,13478
2026-09-09T13:35:00+05:30,1029.7,1032.1,1029.5,1032.1,109888
2026-09-09T13:40:00+05:30,1032.1,1032.3,1030.9,1031.7,24415
2026-09-09T13:45:00+05:30,1031.8,1032.4,1031.1,1031.7,8439
2026-09-09T13:50:00+05:30,1032,1032.7,1031.5,1031.7,12860
2026-09-09T13:55:00+05:30,1031.7,1032.5,1031.3,1032.1,15892
2026-09-09T14:00:00+05:30,1031.3,1032.5,1030.5,1031.3,33728
2026-09-09T14:05:00+05:30,1031.4,1031.5,1030.2,1030.3,44980
2026-09-09T14:10:00+05:30,1030.2,1030.2,1028.7,1029.2,35940
2026-09-09T14:15:00+05:30,1029.1,1029.6,1028.7,1029.5,20237
2026-09-09T14:20:00+05:30,1029.5,1030.3,1029.4,1029.8,24316
2026-09-09T14:25:00+05:30,1029.8,1030.5,1029.2,1030.3,19807
2026-09-09T14:30:00+05:30,1030.4,1030.4,1029.1,1029.1,26879
2026-09-09T14:35:00+05:30,1029.1,1029.1,1027.2,1027.8,29300
2026-09-09T14:40:00+05:30,1027.7,1027.8,1026.6,1026.7,28055
2026-09-09T14:45:00+05:30,1026.7,1026.8,1026.1,1026.8,30569
2026-09-09T14:50:00+05:30,1026.9,1028,1026.4,1027.2,84999
2026-09-09T14:55:00+05:30,1027.4,1027.4,1024.4,1026.5,241359
2026-09-09T15:00:00+05:30,1026.5,1026.6,1022.3,1022.3,237559
2026-09-09T15:05:00+05:30,1021.5,1024.9,1021.4,1024.9,200673
2026-09-09T15:10:00+05:30,1024.5,1028.9,1023,1023,138691
2026-09-10T09:15:00+05:30,1030,1031.1,1020.9,1022,116538
2026-09-10T09:20:00+05:30,1022.3,1023.5,1021.2,1022.6,38031
2026-09-10T09:25:00+05:30,1022.6,1026,1021.6,1023.8,28984
2026-09-10T09:30:00+05:30,1023.8,1024.9,1021.3,1024.2,30268
2026-09-10T09:35:00+05:30,1024.2,1024.5,1022.5,1023.2,22528
2026-09-10T09:40:00+05:30,1023.2,1024.7,1022.5,1022.9,23915
2026-09-10T09:45:00+05:30,1022.8,1026.4,1022.2,1026.4,22932
2026-09-10T09:50:00+05:30,1026.4,1029.6,1026.4,1027.6,56714
2026-09-10T09:55:00+05:30,1027.8,1029.9,1027.6,1029,24774
2026-09-10T10:00:00+05:30,1029,1029.9,1028,1029.9,29488
2026-09-10T10:05:00+05:30,1029.5,1030.7,1029,1030.5,31241
2026-09-10T10:10:00+05:30,1030.3,1031.3,1029.5,1031,20020
2026-09-10T10:15:00+05:30,1031.1,1033.4,1031.1,1032.1,28562
2026-09-10T10:20:00+05:30,1032.3,1033,1031.5,1032,12334
2026-09-10T10:25:00+05:30,1031.6,1032.8,1031,1031.4,11740
2026-09-10T10:30:00+05:30,1031.4,1031.9,1030.8,1031.1,8860
2026-09-10T10:35:00+05:30,1031.1,1031.4,1029.8,1030.7,9127
2026-09-10T10:40:00+05:30,1030.7,1033.4,1030.5,1033.2,17843
2026-09-10T10:45:00+05:30,1033.5,1034.6,1032,1032,16299
2026-09-10T10:50:00+05:30,1032.1,1032.1,1030.3,1030.5,15711
2026-09-10T10:55:00+05:30,1030.3,1031,1029.9,1031,12437
2026-09-10T11:00:00+05:30,1031.1,1032,1029.7,1029.7,24026
2026-09-10T11:05:00+05:30,1029.7,1031.4,1028.3,1030.2,67261
2026-09-10T11:10:00+05:30,1030.6,1031.4,1030,1031.1,16616
2026-09-10T11:15:00+05:30,1031.4,1031.7,1030,1030.6,14060
2026-09-10T11:20:00+05:30,1030.5,1031.9,1030.4,1031.1,13442
2026-09-10T11:25:00+05:30,1031.1,1031.4,1030.1,1030.8,14118
2026-09-10T11:30:00+05:30,1031,1031.6,1030.3,1030.9,15004
2026-09-10T11:35:00+05:30,1031,1031.8,1030.2,1031.1,13392
2026-09-10T11:40:00+05:30,1031.1,1033,1030.9,1032.7,18265
2026-09-10T11:45:00+05:30,1032.7,1036.5,1031.9,1035.5,47571
2026-09-10T11:50:00+05:30,1035.5,1036.2,1032.1,1032.3,39429
2026-09-10T11:55:00+05:30,1032.5,1033.6,1032.2,1033.3,17106
2026-09-10T12:00:00+05:30,1033.3,1033.9,1031.9,1032.8,23171
2026-09-10T12:05:00+05:30,1032.8,1032.8,1031.5,1032,14916
2026-09-10T12:10:00+05:30,1032.2,1033.5,1032,1032.6,17920
2026-09-10T12:15:00+05:30,1032.9,1036.6,1032.7,1035.7,29362
2026-09-10T12:20:00+05:30,1035.7,1036.8,1035.2,1035.5,21833
2026-09-10T12:25:00+05:30,1035.5,1035.9,1035.2,1035.5,9281
2026-09-10T12:30:00+05:30,1035.5,1035.8,1033.7,1034.6,68603
2026-09-10T12:35:00+05:30,1034.6,1037.3,1034.6,1036.7,34730
2026-09-10T12:40:00+05:30,1036.7,1037.8,1036.6,1037.2,16750
2026-09-10T12:45:00+05:30,1037.2,1037.3,1036.1,1036.7,22218
2026-09-10T12:50:00+05:30,1036.8,1037,1036.1,1036.1,12629
2026-09-10T12:55:00+05:30,1036.1,1037,1035.7,1036,55914
2026-09-10T13:00:00+05:30,1036,1037.2,1035.9,1037,28002
2026-09-10T13:05:00+05:30,1037,1037.2,1035.6,1036.1,42016
2026-09-10T13:10:00+05:30,1036.4,1037,1036,1037,18790
2026-09-10T13:15:00+05:30,1037,1037.3,1036,1036.1,52225
2026-09-10T13:20:00+05:30,1036.4,1039,1036,1037.4,62261
2026-09-10T13:25:00+05:30,1037.6,1037.9,1036.8,1036.9,18250
2026-09-10T13:30:00+05:30,1037,1037.5,1036.8,1037.2,18574
2026-09-10T13:35:00+05:30,1037.3,1037.7,1036.6,1037.3,19763
2026-09-10T13:40:00+05:30,1037.4,1037.5,1036.8,1037.2,12402
2026-09-10T13:45:00+05:30,1037.5,1037.5,1036.3,1036.7,28109
2026-09-10T13:50:00+05:30,1036.7,1037.2,1036.3,1036.6,16463
2026-09-10T13:55:00+05:30,1036.9,1037.3,1036.5,1037.1,20418
2026-09-10T14:00:00+05:30,1037.2,1037.3,1035.1,1036.1,58156
2026-09-10T14:05:00+05:30,1036.1,1037.5,1036,1036.8,39430
2026-09-10T14:10:00+05:30,1036.8,1036.8,1034.6,1034.7,66751
2026-09-10T14:15:00+05:30,1034.6,1034.6,1032.4,1032.8,43082
2026-09-10T14:20:00+05:30,1032.9,1033.2,1032,1032.5,30833
2026-09-10T14:25:00+05:30,1032.5,1032.9,1032.1,1032.5,41261
2026-09-10T14:30:00+05:30,1032.5,1033.3,1032.5,1033.1,28583
2026-09-10T14:35:00+05:30,1033.1,1033.2,1032.4,1033,42985
2026-09-10T14:40:00+05:30,1033.2,1033.4,1032.6,1032.8,57473
2026-09-10T14:45:00+05:30,1032.7,1033.2,1032.4,1033.1,143062
2026-09-10T14:50:00+05:30,1032.9,1033.3,1031.6,1032.1,72994
2026-09-10T14:55:00+05:30,1032.4,1033.4,1032,1032.3,137137
2026-09-10T15:00:00+05:30,1032.3,1033.3,1032.1,1033.3,91289
2026-09-10T15:05:00+05:30,1033.5,1033.8,1033,1033.2,93319
2026-09-10T15:10:00+05:30,1033.3,1035,1032.5,1033.3,122511
2026-09-11T09:15:00+05:30,1021,1023,1014.5,1018.9,129084
2026-09-11T09:20:00+05:30,1018.9,1019.1,1016.1,1019.1,60092
2026-09-11T09:25:00+05:30,1019.5,1019.5,1016,1016,46226
2026-09-11T09:30:00+05:30,1016,1017.2,1015.2,1016.9,46667
2026-09-11T09:35:00+05:30,1017,1018.9,1016.3,1016.3,31376
2026-09-11T09:40:00+05:30,1016,1016.4,1013.2,1014.5,82556
2026-09-11T09:45:00+05:30,1014.2,1018.1,1014.2,1017.4,36034
2026-09-11T09:50:00+05:30,1017.4,1018.7,1017.1,1018.3,32306
2026-09-11T09:55:00+05:30,1018,1019.1,1017.3,1018.9,74341
2026-09-11T10:00:00+05:30,1018.7,1021.1,1018.7,1020.9,69704
2026-09-11T10:05:00+05:30,1020.7,1020.7,1018.1,1019.9,35800
2026-09-11T10:10:00+05:30,1020,1021,1018.9,1020.5,22186
2026-09-11T10:15:00+05:30,1020.2,1021.2,1019.5,1020,64223
2026-09-11T10:20:00+05:30,1019.9,1020.6,1019.5,1019.8,72359
2026-09-11T10:25:00+05:30,1019.7,1019.7,1017.8,1018.3,24651
2026-09-11T10:30:00+05:30,1018.3,1019,1018.1,1018.9,16737
2026-09-11T10:35:00+05:30,1019,1021.5,1018.9,1021.2,22396
2026-09-11T10:40:00+05:30,1021.3,1022,1020.5,1022,24109
2026-09-11T10:45:00+05:30,1021.9,1022,1020.3,1020.9,38290
2026-09-11T10:50:00+05:30,1021.1,1021.3,1019.6,1019.8,20028
2026-09-11T10:55:00+05:30,1019.9,1019.9,1018.4,1018.7,27789
2026-09-11T11:00:00+05:30,1018.9,1019,1018.3,1018.5,20017
2026-09-11T11:05:00+05:30,1018.5,1020,1018.2,1020,16994
2026-09-11T11:10:00+05:30,1020,1024.7,1019.9,1023,79764
2026-09-11T11:15:00+05:30,1023.2,1024.6,1022,1023.7,29543
2026-09-11T11:20:00+05:30,1024,1024,1022.5,1023.3,22296
2026-09-11T11:25:00+05:30,1023.4,1023.6,1020.7,1021.4,21896
2026-09-11T11:30:00+05:30,1021.4,1022.9,1021.2,1022.3,20688
2026-09-11T11:35:00+05:30,1022.4,1022.9,1021.8,1021.9,18909
2026-09-11T11:40:00+05:30,1021.9,1024.1,1021.8,1023.7,16119
2026-09-11T11:45:00+05:30,1023.8,1026.4,1023.6,1024.5,105612
2026-09-11T11:50:00+05:30,1024.5,1024.8,1023.4,1024.1,16689
2026-09-11T11:55:00+05:30,1024.3,1025,1023.9,1024.5,17193
2026-09-11T12:00:00+05:30,1024.6,1028,1024.5,1027.9,31779
2026-09-11T12:05:00+05:30,1027.6,1027.6,1026.2,1026.7,16215
2026-09-11T12:10:00+05:30,1026.7,1027.1,1025.5,1026,17795
2026-09-11T12:15:00+05:30,1026,1026.9,1025.4,1026.6,15752
2026-09-11T12:20:00+05:30,1026.6,1027.3,1025.4,1026.7,21452
2026-09-11T12:25:00+05:30,1026.7,1030.9,1026.2,1028.2,167249
2026-09-11T12:30:00+05:30,1027.9,1028.6,1027.2,1028,26906
2026-09-11T12:35:00+05:30,1028,1030,1027.8,1030,43653
2026-09-11T12:40:00+05:30,1030,1032.2,1029.5,1030,268101
2026-09-11T12:45:00+05:30,1030,1030.7,1029.2,1030,21017
2026-09-11T12:50:00+05:30,1030,1030,1028.1,1028.5,56060
2026-09-11T12:55:00+05:30,1028.5,1030,1028,1028.9,17657
2026-09-11T13:00:00+05:30,1029,1029.4,1028.1,1028.1,17056
2026-09-11T13:05:00+05:30,1028,1028.7,1027.7,1028,17847
2026-09-11T13:10:00+05:30,1028.1,1029.7,1027.8,1029.5,24327
2026-09-11T13:15:00+05:30,1029.3,1029.9,1029,1029.3,13627
2026-09-11T13:20:00+05:30,1029.3,1029.7,1028.2,1029.5,14991
2026-09-11T13:25:00+05:30,1029.3,1030.1,1028.9,1029.5,23078
2026-09-11T13:30:00+05:30,1029.9,1030.1,1028.5,1029,17004
2026-09-11T13:35:00+05:30,1029.2,1029.2,1028,1028.5,24840
2026-09-11T13:40:00+05:30,1028.6,1028.9,1025.6,1026.8,45834
2026-09-11T13:45:00+05:30,1026.5,1027.1,1025.2,1026.4,36701
2026-09-11T13:50:00+05:30,1026.2,1029.5,1026.2,1027.5,25345
2026-09-11T13:55:00+05:30,1027.9,1029.1,1027.6,1028.1,16130
2026-09-11T14:00:00+05:30,1028.3,1032.4,1028.1,1031,25517
2026-09-11T14:05:00+05:30,1031.3,1031.4,1029,1029.1,22636
2026-09-11T14:10:00+05:30,1029.5,1030.7,1029,1030.7,15837
2026-09-11T14:15:00+05:30,1030.5,1030.9,1029.5,1030.2,25237
2026-09-11T14:20:00+05:30,1030.5,1032.1,1030.1,1031.7,42159
2026-09-11T14:25:00+05:30,1031.8,1033,1031.8,1032.2,19572
2026-09-11T14:30:00+05:30,1032.6,1033.5,1032.3,1032.3,23087
2026-09-11T14:35:00+05:30,1032.6,1033.4,1032,1032.9,25024
2026-09-11T14:40:00+05:30,1033,1034.4,1032.8,1034,39164
2026-09-11T14:45:00+05:30,1034,1034,1030.7,1031.9,38268
2026-09-11T14:50:00+05:30,1031.7,1033,1031.3,1032.6,45775
2026-09-11T14:55:00+05:30,1032.8,1034.5,1032.5,1032.9,67403
2026-09-11T15:00:00+05:30,1032.9,1033.5,1031.6,1032,61535
2026-09-11T15:05:00+05:30,1032,1032.9,1030.9,1032.9,81215
2026-09-11T15:10:00+05:30,1032.3,1033.9,1029.8,1030,114551
2026-09-15T09:15:00+05:30,1044.9,1044.9,1016,1016.8,334524
2026-09-15T09:20:00+05:30,1017.7,1019.9,1015.6,1016.5,143727
2026-09-15T09:25:00+05:30,1016.4,1017.5,1015.1,1016.8,99048
2026-09-15T09:30:00+05:30,1016.8,1018.5,1016.7,1017.2,46453
