date,open,high,low,close,volume
2026-06-08T09:15:00+05:30,404.05,405.65,402.3,404.65,178008
2026-06-08T09:20:00+05:30,404.8,405.25,403.6,404.55,79724
2026-06-08T09:25:00+05:30,404.65,406.35,404.4,405.75,85391
2026-06-08T09:30:00+05:30,405.65,407.15,405.25,406.3,94376
2026-06-08T09:35:00+05:30,406.05,406.3,404.9,405.65,52395
2026-06-08T09:40:00+05:30,405.4,406.45,405.3,405.7,41809
2026-06-08T09:45:00+05:30,405.95,406,404.5,404.5,28863
2026-06-08T09:50:00+05:30,404.6,405.3,404.35,405.3,58076
2026-06-08T09:55:00+05:30,405,405.2,403.3,404.9,326490
2026-06-08T10:00:00+05:30,404.8,404.85,403.75,403.75,33523
2026-06-08T10:05:00+05:30,403.9,404.8,403.1,404.3,42726
2026-06-08T10:10:00+05:30,404.35,404.7,404,404.45,34615
2026-06-08T10:15:00+05:30,404.45,404.75,404.2,404.55,11190
2026-06-08T10:20:00+05:30,404.75,404.75,403.9,404.3,32347
2026-06-08T10:25:00+05:30,404.3,404.5,403.8,404.1,20072
2026-06-08T10:30:00+05:30,404.1,405.85,403.8,405.65,50048
2026-06-08T10:35:00+05:30,405.4,405.8,405.3,405.55,45577
2026-06-08T10:40:00+05:30,405.55,405.95,405.25,405.3,22027
2026-06-08T10:45:00+05:30,405.3,405.6,405.05,405.6,13848
2026-06-08T10:50:00+05:30,405.55,406.25,405.3,405.45,34711
2026-06-08T10:55:00+05:30,405.45,405.75,405,405.65,9994
2026-06-08T11:00:00+05:30,405.65,405.8,405.4,405.5,5624
2026-06-08T11:05:00+05:30,405.5,405.9,405,405.25,16486
2026-06-08T11:10:00+05:30,405.45,405.45,404.8,404.8,18643
2026-06-08T11:15:00+05:30,404.8,405.35,404.7,404.9,13712
2026-06-08T11:20:00+05:30,404.9,405.15,404.6,404.85,20430
2026-06-08T11:25:00+05:30,404.85,405.4,404.65,405.35,9732
2026-06-08T11:30:00+05:30,405.35,405.55,405.1,405.4,22264
2026-06-08T11:35:00+05:30,405.25,405.9,405.2,405.65,13041
2026-06-08T11:40:00+05:30,405.65,406.85,405.65,406.7,45717
2026-06-08T11:45:00+05:30,406.85,408,406.4,406.9,123638
2026-06-08T11:50:00+05:30,406.9,406.9,406.25,406.5,17807
2026-06-08T11:55:00+05:30,406.5,407.3,406.35,407.1,26294
2026-06-08T12:00:00+05:30,407.1,407.25,406.65,406.8,27947
2026-06-08T12:05:00+05:30,406.8,407,406.35,406.55,10946
2026-06-08T12:10:00+05:30,406.75,407.5,406.55,407.25,22938
2026-06-08T12:15:00+05:30,407.3,407.5,407.05,407.1,14340
2026-06-08T12:20:00+05:30,407.4,407.65,407.15,407.5,8991
2026-06-08T12:25:00+05:30,407.5,407.5,407.05,407.3,10594
2026-06-08T12:30:00+05:30,407.3,407.55,407.15,407.4,11027
2026-06-08T12:35:00+05:30,407.45,407.5,407.1,407.25,14759
2026-06-08T12:40:00+05:30,407.1,408.15,407.05,407.8,22506
2026-06-08T12:45:00+05:30,407.8,408,407.55,407.95,9234
2026-06-08T12:50:00+05:30,407.95,408.95,407.8,408.95,37586
2026-06-08T12:55:00+05:30,408.95,409.1,408.55,408.85,31319
2026-06-08T13:00:00+05:30,408.85,409.1,408.25,408.4,16402
2026-06-08T13:05:00+05:30,408.4,408.6,407.55,407.6,61324
2026-06-08T13:10:00+05:30,407.6,407.85,407.3,407.6,11823
2026-06-08T13:15:00+05:30,407.55,407.85,407.4,407.8,14676
2026-06-08T13:20:00+05:30,407.6,407.8,407.5,407.7,10866
2026-06-08T13:25:00+05:30,407.7,408,407.4,407.5,16888
2026-06-08T13:30:00+05:30,407.6,407.65,407.05,407.3,10444
2026-06-08T13:35:00+05:30,407.3,407.45,406.7,406.95,19391
2026-06-08T13:40:00+05:30,406.95,407,406.6,406.95,46856
2026-06-08T13:45:00+05:30,406.75,406.9,406,406.85,26928
2026-06-08T13:50:00+05:30,406.85,406.95,406,406.2,12219
2026-06-08T13:55:00+05:30,406.05,406.45,406,406.3,14515
2026-06-08T14:00:00+05:30,406.5,406.9,406.35,406.9,10826
2026-06-08T14:05:00+05:30,406.9,406.9,406.15,406.55,11763
2026-06-08T14:10:00+05:30,406.55,406.85,406.3,406.3,16959
2026-06-08T14:15:00+05:30,406.3,406.8,406,406.7,15193
2026-06-08T14:20:00+05:30,406.5,406.55,406.05,406.15,13335
2026-06-08T14:25:00+05:30,406.1,406.55,406.1,406.45,15536
2026-06-08T14:30:00+05:30,406.45,406.8,406.25,406.4,13354
2026-06-08T14:35:00+05:30,406.4,406.85,406.3,406.4,24742
2026-06-08T14:40:00+05:30,406.35,406.6,406,406.35,14991
2026-06-08T14:45:00+05:30,406.6,406.6,406,406.35,16802
2026-06-08T14:50:00+05:30,406.55,406.6,405.75,406,40283
2026-06-08T14:55:00+05:30,406,406.45,405.65,406.3,32814
2026-06-08T15:00:00+05:30,406.3,406.3,404.2,404.3,58419
2026-06-08T15:05:00+05:30,404.35,405.2,403.95,405,66871
2026-06-08T15:10:00+05:30,404.95,405.15,404.65,404.65,30731
2026-06-08T15:15:00+05:30,404.65,405,404.55,404.9,55895
2026-06-08T15:20:00+05:30,404.9,404.95,403,403.15,110333
2026-06-08T15:25:00+05:30,403.15,403.6,402.7,403.4,71007
2026-06-09T09:15:00+05:30,404.35,406.6,404.35,405.05,117218
2026-06-09T09:20:00+05:30,405.25,405.6,404.65,404.8,152699
2026-06-09T09:25:00+05:30,404.85,405,403,403.2,91848
2026-06-09T09:30:00+05:30,403.2,403.8,403.1,403.3,32332
2026-06-09T09:35:00+05:30,403.45,403.55,402.5,402.85,47407
2026-06-09T09:40:00+05:30,402.8,403,401.9,402,87879
2026-06-09T09:45:00+05:30,402,402.7,401,401.1,59586
2026-06-09T09:50:00+05:30,401.1,402.2,400.95,402.15,48452
2026-06-09T09:55:00+05:30,402.15,402.15,401,401.05,42020
2026-06-09T10:00:00+05:30,401.05,401.5,400.6,400.85,69409
2026-06-09T10:05:00+05:30,400.85,401.2,399,400.6,193855
2026-06-09T10:10:00+05:30,400.5,400.8,400.1,400.8,30534
2026-06-09T10:15:00+05:30,400.8,401.05,400.4,400.6,28495
2026-06-09T10:20:00+05:30,400.6,400.6,399.3,399.45,44658
2026-06-09T10:25:00+05:30,399.45,399.7,399.15,399.65,31954
2026-06-09T10:30:00+05:30,399.65,399.9,399.2,399.35,31057
2026-06-09T10:35:00+05:30,399.4,399.75,399.3,399.75,14080
2026-06-09T10:40:00+05:30,399.75,400.65,399.5,400.55,23618
2026-06-09T10:45:00+05:30,400.55,401.2,399.65,399.65,53726
2026-06-09T10:50:00+05:30,399.65,400,399.5,400,20279
2026-06-09T10:55:00+05:30,400,400,399.75,399.95,31769
2026-06-09T11:00:00+05:30,399.95,400,399.35,399.65,137718
2026-06-09T11:05:00+05:30,399.65,400,399.6,399.7,17990
2026-06-09T11:10:00+05:30,399.7,400,399.7,399.8,101893
2026-06-09T11:15:00+05:30,399.8,399.9,399.5,399.7,23431
2026-06-09T11:20:00+05:30,399.7,399.95,399.25,399.3,45017
2026-06-09T11:25:00+05:30,399.3,399.6,399.1,399.5,14352
2026-06-09T11:30:00+05:30,399.5,399.85,399.3,399.65,7293
2026-06-09T11:35:00+05:30,399.65,400,399.65,400,100301
2026-06-09T11:40:00+05:30,400,400.1,399.8,400.1,64232
2026-06-09T11:45:00+05:30,400,400.85,399.85,400.05,243207
2026-06-09T11:50:00+05:30,400.05,400.45,400.05,400.25,16824
2026-06-09T11:55:00+05:30,400.3,400.8,400.25,400.8,17636
2026-06-09T12:00:00+05:30,400.8,401.65,400.55,401.2,63495
2026-06-09T12:05:00+05:30,401.2,401.35,400.85,400.85,18846
2026-06-09T12:10:00+05:30,400.95,401.3,400.55,401.1,16451
2026-06-09T12:15:00+05:30,401.1,401.5,400.85,401.1,14020
2026-06-09T12:20:00+05:30,401.1,401.4,400.95,401.05,27233
2026-06-09T12:25:00+05:30,401.05,401.25,400.95,401.2,11543
2026-06-09T12:30:00+05:30,401.2,401.35,400.9,401.15,16372
2026-06-09T12:35:00+05:30,401.15,401.35,401.05,401.05,13585
2026-06-09T12:40:00+05:30,401.05,401.2,400.8,401,17255
2026-06-09T12:45:00+05:30,401,401,400.55,400.8,24358
2026-06-09T12:50:00+05:30,400.8,400.85,400.25,400.25,26226
2026-06-09T12:55:00+05:30,400.25,400.3,399.3,399.5,32399
2026-06-09T13:00:00+05:30,399.4,399.9,399.3,399.4,28134
2026-06-09T13:05:00+05:30,399.4,399.95,399.35,399.75,12639
2026-06-09T13:10:00+05:30,399.75,400,399.6,399.95,35363
2026-06-09T13:15:00+05:30,399.95,399.95,399.65,399.8,17383
2026-06-09T13:20:00+05:30,399.8,399.85,399.45,399.7,17508
2026-06-09T13:25:00+05:30,399.7,399.75,399.3,399.5,25386
2026-06-09T13:30:00+05:30,399.5,399.6,398.2,398.4,119999
2026-06-09T13:35:00+05:30,398.15,398.45,397.55,397.75,105967
2026-06-09T13:40:00+05:30,397.9,398,397.35,397.8,210198
2026-06-09T13:45:00+05:30,397.6,397.9,397.5,397.55,58565
2026-06-09T13:50:00+05:30,397.65,397.7,397.2,397.4,77705
2026-06-09T13:55:00+05:30,397.3,397.35,396.55,396.95,124536
2026-06-09T14:00:00+05:30,396.9,397.05,396.6,396.7,42237
2026-06-09T14:05:00+05:30,396.65,397.7,396.65,397.55,64287
2026-06-09T14:10:00+05:30,397.55,398.4,397.45,398.2,86798
2026-06-09T14:15:00+05:30,398.15,398.85,397.95,398.6,85413
2026-06-09T14:20:00+05:30,398.6,398.85,397.95,398.6,171173
2026-06-09T14:25:00+05:30,398.6,398.85,398.5,398.85,90190
2026-06-09T14:30:00+05:30,398.85,399.45,398.55,399.1,175003
2026-06-09T14:35:00+05:30,399.1,399.7,398.7,399.35,156427
2026-06-09T14:40:00+05:30,399.35,400,399.35,399.6,191783
2026-06-09T14:45:00+05:30,399.6,400,399.05,399.15,395871
2026-06-09T14:50:00+05:30,399.15,399.75,399.05,399.5,71083
2026-06-09T14:55:00+05:30,399.6,399.75,399.45,399.5,84302
2026-06-09T15:00:00+05:30,399.5,399.5,398.5,399,144087
2026-06-09T15:05:00+05:30,399,399.5,398.95,399.05,104898
2026-06-09T15:10:00+05:30,399.05,399.2,398.6,398.95,138264
2026-06-09T15:15:00+05:30,398.95,399,398.6,398.7,187652
2026-06-09T15:20:00+05:30,398.7,398.75,398.3,398.35,202831
2026-06-09T15:25:00+05:30,398.35,398.9,397.6,397.85,235006
2026-06-10T09:15:00+05:30,398.65,400,396.25,396.55,158667
2026-06-10T09:20:00+05:30,396.55,396.55,394.7,396.35,206034
2026-06-10T09:25:00+05:30,396.15,396.4,395.4,396.15,55937
2026-06-10T09:30:00+05:30,396.5,397.25,396.1,397.1,57100
2026-06-10T09:35:00+05:30,397.2,397.2,396.6,397.2,45711
2026-06-10T09:40:00+05:30,397.15,397.7,396.75,397.4,77453
2026-06-10T09:45:00+05:30,397.4,398,397,397.65,57742
2026-06-10T09:50:00+05:30,397.75,398,397.45,397.75,113814
2026-06-10T09:55:00+05:30,397.75,398.25,397.6,397.75,22821
2026-06-10T10:00:00+05:30,397.75,399.85,397.75,399.4,145574
2026-06-10T10:05:00+05:30,399.4,400,399.05,399.85,31811
2026-06-10T10:10:00+05:30,399.85,400.65,398.45,398.45,73954
2026-06-10T10:15:00+05:30,398.5,399.3,398.1,399.2,43948
2026-06-10T10:20:00+05:30,398.95,399.95,398.9,399.6,24139
2026-06-10T10:25:00+05:30,399.6,399.95,399.3,399.95,22736
2026-06-10T10:30:00+05:30,400,401.25,399.4,400.4,147058
2026-06-10T10:35:00+05:30,400.35,400.75,399.9,399.9,26484
2026-06-10T10:40:00+05:30,399.9,400.6,399.7,399.85,11803
2026-06-10T10:45:00+05:30,399.85,399.85,399,399,18857
2026-06-10T10:50:00+05:30,399,400.3,398.55,399.65,46802
2026-06-10T10:55:00+05:30,399.6,399.9,399.15,399.9,17187
2026-06-10T11:00:00+05:30,399.9,400,399.3,399.45,12639
2026-06-10T11:05:00+05:30,399.55,400.25,399.2,400.05,19674
2026-06-10T11:10:00+05:30,400.2,400.5,399.95,400.1,18811
2026-06-10T11:15:00+05:30,400.1,400.2,399,399.1,46973
2026-06-10T11:20:00+05:30,399.1,399.45,399,399.3,11984
2026-06-10T11:25:00+05:30,399.3,400.15,399.25,399.9,23621
2026-06-10T11:30:00+05:30,400.05,400.1,399.75,400,13127
2026-06-10T11:35:00+05:30,400,400.4,399.7,400.1,19959
2026-06-10T11:40:00+05:30,400.1,400.1,399.7,399.75,10996
2026-06-10T11:45:00+05:30,399.75,399.85,399.35,399.85,11025
2026-06-10T11:50:00+05:30,399.75,399.9,399.5,399.65,10129
2026-06-10T11:55:00+05:30,399.75,400.15,399.65,399.8,11387
2026-06-10T12:00:00+05:30,399.8,399.9,399.1,399.2,13017
2026-06-10T12:05:00+05:30,399.2,399.7,399.05,399.6,13826
2026-06-10T12:10:00+05:30,399.6,401.85,399.2,401.8,99857
2026-06-10T12:15:00+05:30,401.8,402.9,401.8,402.45,149318
2026-06-10T12:20:00+05:30,402.45,402.95,402.05,402.05,51040
2026-06-10T12:25:00+05:30,402.05,402.6,401.45,401.7,43562
2026-06-10T12:30:00+05:30,401.7,402,401.55,401.7,20044
2026-06-10T12:35:00+05:30,401.7,401.8,401.4,401.55,20861
2026-06-10T12:40:00+05:30,401.55,401.55,400.3,400.3,50557
2026-06-10T12:45:00+05:30,400.3,400.3,399.6,399.65,29473
2026-06-10T12:50:00+05:30,399.7,400.45,399.45,400.25,69425
2026-06-10T12:55:00+05:30,400.35,400.45,399.85,400.3,13006
2026-06-10T13:00:00+05:30,400.35,401,400.3,400.95,16748
2026-06-10T13:05:00+05:30,400.95,401,400.5,400.7,10557
2026-06-10T13:10:00+05:30,400.7,400.7,400.05,400.35,12015
2026-06-10T13:15:00+05:30,400.35,400.45,400,400,18770
2026-06-10T13:20:00+05:30,400,400,399.4,399.6,23588
2026-06-10T13:25:00+05:30,399.55,399.85,399.3,399.6,24931
2026-06-10T13:30:00+05:30,399.65,399.8,399,399.15,34856
2026-06-10T13:35:00+05:30,399.1,399.15,398.45,398.8,18155
2026-06-10T13:40:00+05:30,398.8,399.4,398.35,398.6,26250
2026-06-10T13:45:00+05:30,398.6,399.05,398.5,398.9,11170
2026-06-10T13:50:00+05:30,398.9,398.9,398.35,398.5,12558
2026-06-10T13:55:00+05:30,398.35,398.5,398.2,398.5,24440
2026-06-10T14:00:00+05:30,398.5,398.9,398.2,398.9,30366
2026-06-10T14:05:00+05:30,398.8,398.85,398.4,398.5,30175
2026-06-10T14:10:00+05:30,398.5,398.7,397.8,398,45602
2026-06-10T14:15:00+05:30,398,398.75,397.85,398.5,20682
2026-06-10T14:20:00+05:30,398.4,398.85,398.3,398.5,16008
2026-06-10T14:25:00+05:30,398.3,398.5,397.8,398.2,15076
2026-06-10T14:30:00+05:30,398.2,398.35,397.85,398.35,25519
2026-06-10T14:35:00+05:30,398.5,398.85,397.7,397.8,38619
2026-06-10T14:40:00+05:30,397.95,398,396.35,396.6,117343
2026-06-10T14:45:00+05:30,396.65,396.95,396.3,396.4,74155
2026-06-10T14:50:00+05:30,396.05,396.75,396.05,396.5,48014
2026-06-10T14:55:00+05:30,396.45,396.9,396.4,396.75,31299
2026-06-10T15:00:00+05:30,396.85,396.85,396.5,396.65,43678
2026-06-10T15:05:00+05:30,396.6,396.65,395.5,395.9,80559
2026-06-10T15:10:00+05:30,396,396,394.5,394.55,101571
2026-06-10T15:15:00+05:30,394.25,394.45,393.7,394.35,104111
2026-06-10T15:20:00+05:30,394.1,394.6,393.35,393.85,116787
2026-06-10T15:25:00+05:30,393.85,394.95,393.75,394.85,117261
2026-06-11T09:15:00+05:30,391.95,395.7,391.85,395.2,191686
2026-06-11T09:20:00+05:30,395.3,396.5,393.65,393.95,145316
2026-06-11T09:25:00+05:30,393.95,394,392.6,392.7,315775
2026-06-11T09:30:00+05:30,392.65,394.4,392.5,393.55,100414
2026-06-11T09:35:00+05:30,393.55,393.55,392.55,392.95,195159
2026-06-11T09:40:00+05:30,393,393,392.05,392.75,90300
2026-06-11T09:45:00+05:30,392.85,392.9,392.15,392.4,66955
2026-06-11T09:50:00+05:30,392.4,393.65,391.55,393.05,121132
2026-06-11T09:55:00+05:30,393.05,393.1,392.1,392.4,33727
2026-06-11T10:00:00+05:30,392.4,392.85,392,392.4,33664
2026-06-11T10:05:00+05:30,392.4,392.95,392,392.65,44521
2026-06-11T10:10:00+05:30,392.65,392.75,392.2,392.55,29899
2026-06-11T10:15:00+05:30,392.45,393,392.25,393,23956
2026-06-11T10:20:00+05:30,393,393.5,392.7,393.3,47291
2026-06-11T10:25:00+05:30,393.3,393.3,392.3,392.5,34791
2026-06-11T10:30:00+05:30,392.5,393.25,392.2,393.15,34795
2026-06-11T10:35:00+05:30,393.15,393.15,392.7,393.15,27646
2026-06-11T10:40:00+05:30,393.1,393.4,392.9,393.25,18227
2026-06-11T10:45:00+05:30,393.25,393.4,392.9,392.95,44279
2026-06-11T10:50:00+05:30,392.95,393,392.6,392.85,19870
2026-06-11T10:55:00+05:30,392.8,393,389.3,389.35,518978
2026-06-11T11:00:00+05:30,389.35,390,389.35,390,72854
2026-06-11T11:05:00+05:30,390,390,389.7,390,126412
2026-06-11T11:10:00+05:30,390,390,389,389.2,39135
2026-06-11T11:15:00+05:30,389.3,389.6,388.3,389.25,71497
2026-06-11T11:20:00+05:30,389.3,389.95,389.3,389.45,35138
2026-06-11T11:25:00+05:30,389.4,390.1,389.25,389.8,54731
2026-06-11T11:30:00+05:30,389.75,390.05,389.5,389.9,88646
2026-06-11T11:35:00+05:30,389.9,390,388.5,389,66126
2026-06-11T11:40:00+05:30,388.85,389.8,388.85,389.8,22778
2026-06-11T11:45:00+05:30,389.9,390.5,389.7,390.3,142096
2026-06-11T11:50:00+05:30,390.3,391.3,390.2,391.05,76590
2026-06-11T11:55:00+05:30,391,391.1,390.6,390.85,39507
2026-06-11T12:00:00+05:30,390.85,391.1,390.15,390.65,33973
2026-06-11T12:05:00+05:30,390.65,390.65,390.1,390.3,25737
2026-06-11T12:10:00+05:30,390.3,390.35,389.95,390.05,27409
2026-06-11T12:15:00+05:30,390.05,390.55,390,390.15,32257
2026-06-11T12:20:00+05:30,390.15,390.4,390,390.25,27007
2026-06-11T12:25:00+05:30,390.25,390.25,389.5,389.9,57358
2026-06-11T12:30:00+05:30,389.9,390.7,389.75,390.6,24653
2026-06-11T12:35:00+05:30,390.6,390.7,390,390.5,33352
2026-06-11T12:40:00+05:30,390.5,390.5,389.8,390.3,16485
2026-06-11T12:45:00+05:30,390.3,390.55,389.5,389.8,53590
2026-06-11T12:50:00+05:30,389.8,390.9,389.65,390.5,31712
2026-06-11T12:55:00+05:30,390.6,391.35,390.35,391.35,41889
2026-06-11T13:00:00+05:30,391.25,391.5,391,391.25,37724
2026-06-11T13:05:00+05:30,391.25,391.4,389.95,390.1,44289
2026-06-11T13:10:00+05:30,390.1,390.2,389.1,389.25,22851
2026-06-11T13:15:00+05:30,389.3,389.75,389,389.15,31871
2026-06-11T13:20:00+05:30,389.2,390.3,389.05,390.05,83229
2026-06-11T13:25:00+05:30,390.05,390.15,389.05,389.6,125967
2026-06-11T13:30:00+05:30,389.6,390.15,389.55,389.85,50179
2026-06-11T13:35:00+05:30,389.7,390.15,389.3,389.55,45763
2026-06-11T13:40:00+05:30,389.6,390,388.65,389.4,139274
2026-06-11T13:45:00+05:30,389.25,389.9,389.25,389.6,38136
2026-06-11T13:50:00+05:30,389.4,389.6,389.05,389.6,47908
2026-06-11T13:55:00+05:30,389.6,389.9,389.2,389.55,34447
2026-06-11T14:00:00+05:30,389.45,389.9,389.4,389.7,42612
2026-06-11T14:05:00+05:30,389.7,389.85,388.7,389,86172
2026-06-11T14:10:00+05:30,389,389,388.55,388.8,103553
2026-06-11T14:15:00+05:30,388.8,389.05,388.5,388.75,57367
2026-06-11T14:20:00+05:30,388.75,389.3,388.75,389.25,66902
2026-06-11T14:25:00+05:30,389.2,390.85,389.1,390.7,75327
2026-06-11T14:30:00+05:30,390.4,391.4,390.2,390.9,66861
2026-06-11T14:35:00+05:30,390.95,391.15,390,390.15,77920
2026-06-11T14:40:00+05:30,390.1,390.4,389.9,390,41256
2026-06-11T14:45:00+05:30,390.05,390.25,389.4,390.05,45887
2026-06-11T14:50:00+05:30,390.05,390.35,389.8,390.3,59745
2026-06-11T14:55:00+05:30,390.2,390.7,390,390.5,65775
2026-06-11T15:00:00+05:30,390.6,390.6,389.65,389.9,129093
2026-06-11T15:05:00+05:30,389.9,390.3,389.6,389.8,133552
2026-06-11T15:10:00+05:30,390.05,390.5,389.95,390.4,90872
2026-06-11T15:15:00+05:30,390.35,390.9,390.3,390.5,131556
2026-06-11T15:20:00+05:30,390.5,390.75,390,390.05,122518
2026-06-11T15:25:00+05:30,390.05,390.95,390,390.9,90542
2026-06-12T09:15:00+05:30,395.8,395.8,392,394.05,258928
2026-06-12T09:20:00+05:30,393.95,394.8,393.55,393.7,122024
2026-06-12T09:25:00+05:30,394,394,392.9,392.9,89158
2026-06-12T09:30:00+05:30,393,393.35,392.5,392.85,83449
2026-06-12T09:35:00+05:30,392.75,392.85,392.2,392.45,64776
2026-06-12T09:40:00+05:30,392.45,392.6,391.6,391.65,74963
2026-06-12T09:45:00+05:30,391.65,392.35,391.05,392.35,64859
2026-06-12T09:50:00+05:30,392.25,393.3,391.85,391.85,104614
2026-06-12T09:55:00+05:30,391.9,391.95,391,391.25,42731
2026-06-12T10:00:00+05:30,391.15,391.3,390.5,391.3,71899
2026-06-12T10:05:00+05:30,391.45,391.9,391.15,391.15,49886
2026-06-12T10:10:00+05:30,391.15,391.3,390.5,391,60599
2026-06-12T10:15:00+05:30,391.15,391.45,390.7,391,49103
2026-06-12T10:20:00+05:30,390.95,392.25,390.9,392.25,39326
2026-06-12T10:25:00+05:30,392.2,392.6,391.7,391.7,46985
2026-06-12T10:30:00+05:30,391.85,392.1,391.3,391.9,51616
2026-06-12T10:35:00+05:30,391.9,391.95,391.65,391.75,16374
2026-06-12T10:40:00+05:30,391.75,391.95,391.05,391.45,40263
2026-06-12T10:45:00+05:30,391.35,391.5,390.75,391,35513
2026-06-12T10:50:00+05:30,391,391.5,390.95,391.5,24764
2026-06-12T10:55:00+05:30,391.4,391.75,391.4,391.75,22293
2026-06-12T11:00:00+05:30,391.75,391.95,391.15,391.55,33219
2026-06-12T11:05:00+05:30,391.55,391.7,391.3,391.45,19909
2026-06-12T11:10:00+05:30,391.45,392.75,391.25,392.7,22736
2026-06-12T11:15:00+05:30,392.65,392.7,391,391.2,105680
2026-06-12T11:20:00+05:30,391.2,391.45,389.6,389.9,141611
2026-06-12T11:25:00+05:30,389.9,390,389.55,389.6,70754
2026-06-12T11:30:00+05:30,389.6,390,389.6,390,48299
2026-06-12T11:35:00+05:30,390,390.95,389.95,390.8,129257
2026-06-12T11:40:00+05:30,390.8,390.95,390.6,390.95,11054
2026-06-12T11:45:00+05:30,390.95,390.95,390.6,390.9,19561
2026-06-12T11:50:00+05:30,390.9,390.9,390.2,390.3,61132
2026-06-12T11:55:00+05:30,390.3,390.7,390,390.45,149636
2026-06-12T12:00:00+05:30,390.45,390.9,390.2,390.2,27083
2026-06-12T12:05:00+05:30,390.2,390.65,390.05,390.2,27245
2026-06-12T12:10:00+05:30,390.2,390.25,389.1,389.4,114857
2026-06-12T12:15:00+05:30,389.4,389.65,389,389.2,36888
2026-06-12T12:20:00+05:30,389.2,389.75,389.2,389.75,15545
2026-06-12T12:25:00+05:30,389.7,390,389.5,389.6,37658
2026-06-12T12:30:00+05:30,389.75,389.8,388.55,388.95,58300
2026-06-12T12:35:00+05:30,388.95,389,388.5,388.85,35443
2026-06-12T12:40:00+05:30,388.85,388.95,388.2,388.35,33506
2026-06-12T12:45:00+05:30,388.35,388.5,388,388.25,32529
2026-06-12T12:50:00+05:30,388.25,388.5,388.1,388.3,21285
2026-06-12T12:55:00+05:30,388.3,388.5,388.1,388.4,24081
2026-06-12T13:00:00+05:30,388.4,389,388.35,389,34295
2026-06-12T13:05:00+05:30,389,389.6,388.9,389.35,35937
2026-06-12T13:10:00+05:30,389.35,389.55,389.05,389.55,51961
2026-06-12T13:15:00+05:30,389.55,389.75,389.35,389.7,34142
2026-06-12T13:20:00+05:30,389.7,389.7,389.45,389.45,24594
2026-06-12T13:25:00+05:30,389.5,390.7,389.25,390.4,177994
2026-06-12T13:30:00+05:30,390.4,390.75,390.05,390.7,71864
2026-06-12T13:35:00+05:30,390.75,391.6,390.5,391.3,122970
2026-06-12T13:40:00+05:30,391.5,392.35,391.35,392.15,104162
2026-06-12T13:45:00+05:30,392.4,392.9,392.2,392.35,75287
2026-06-12T13:50:00+05:30,392.35,392.95,392.2,392.95,96411
2026-06-12T13:55:00+05:30,393.15,393.4,392.7,393.25,101655
2026-06-12T14:00:00+05:30,393.3,393.8,392.15,392.6,78099
2026-06-12T14:05:00+05:30,392.6,393.15,392.55,393.15,103680
2026-06-12T14:10:00+05:30,393.3,393.35,392.7,392.85,50627
2026-06-12T14:15:00+05:30,392.8,393.5,392.8,393.5,76079
2026-06-12T14:20:00+05:30,393.5,393.85,393.25,393.4,225976
2026-06-12T14:25:00+05:30,393.5,393.7,393.1,393.45,45213
2026-06-12T14:30:00+05:30,393.45,393.75,393.15,393.4,64491
2026-06-12T14:35:00+05:30,393.4,393.4,392.5,393,125625
2026-06-12T14:40:00+05:30,393,393.35,392.5,393,141036
2026-06-12T14:45:00+05:30,392.95,393.2,392.75,393.1,63297
2026-06-12T14:50:00+05:30,393.1,393.1,392.2,392.9,224769
2026-06-12T14:55:00+05:30,392.85,393.15,392.45,392.8,242222
2026-06-12T15:00:00+05:30,392.7,394.15,392.2,393.95,247778
2026-06-12T15:05:00+05:30,393.9,394.35,393.25,393.25,195389
2026-06-12T15:10:00+05:30,393.35,393.5,393,393.35,173187
2026-06-12T15:15:00+05:30,393.25,394.1,393,394,178163
2026-06-12T15:20:00+05:30,394,394.35,393.5,393.75,267118
2026-06-12T15:25:00+05:30,393.75,394.85,393.4,394.75,180229
2026-06-15T09:15:00+05:30,397.75,399.85,397.45,398.9,302522
2026-06-15T09:20:00+05:30,398.9,399.2,397.65,397.7,201932
2026-06-15T09:25:00+05:30,398.2,398.35,397.4,398.15,96894
2026-06-15T09:30:00+05:30,398,398,397.3,397.45,111348
2026-06-15T09:35:00+05:30,397.5,398.3,397.35,398.05,61358
2026-06-15T09:40:00+05:30,398.3,398.7,397.7,397.9,84693
2026-06-15T09:45:00+05:30,397.8,397.85,396.8,396.95,138365
2026-06-15T09:50:00+05:30,396.9,397,396.3,396.8,89199
2026-06-15T09:55:00+05:30,396.8,396.8,396.4,396.6,56437
2026-06-15T10:00:00+05:30,396.6,396.6,396.1,396.5,63756
2026-06-15T10:05:00+05:30,396.5,396.5,395.6,396,106165
2026-06-15T10:10:00+05:30,395.85,396.2,395.85,396,49087
2026-06-15T10:15:00+05:30,396,396,395.55,395.8,43392
2026-06-15T10:20:00+05:30,395.65,397.35,395.65,396.9,69493
2026-06-15T10:25:00+05:30,396.95,397.7,396.9,397.35,81871
2026-06-15T10:30:00+05:30,397.5,397.7,397.3,397.35,41416
2026-06-15T10:35:00+05:30,397.35,398.8,396.95,398.6,195781
2026-06-15T10:40:00+05:30,398.55,398.6,397.1,397.15,57388
2026-06-15T10:45:00+05:30,397.3,397.5,396.9,397.3,43098
2026-06-15T10:50:00+05:30,397.2,397.7,397.2,397.35,27548
2026-06-15T10:55:00+05:30,397.35,397.85,397.35,397.6,36495
2026-06-15T11:00:00+05:30,397.6,397.9,396.9,397,45068
2026-06-15T11:05:00+05:30,397,398,396.6,398,52425
2026-06-15T11:10:00+05:30,397.95,398.1,397.5,397.6,31628
2026-06-15T11:15:00+05:30,397.6,397.9,397.45,397.85,23438
2026-06-15T11:20:00+05:30,397.65,398.75,397.65,398.5,55225
2026-06-15T11:25:00+05:30,398.5,398.8,398.4,398.6,32766
2026-06-15T11:30:00+05:30,398.75,399.55,398.35,399.15,114299
2026-06-15T11:35:00+05:30,399.25,399.25,398.95,399.05,30748
2026-06-15T11:40:00+05:30,399.05,399.35,399.05,399.3,28955
2026-06-15T11:45:00+05:30,399.3,399.3,398.9,399.15,37298
2026-06-15T11:50:00+05:30,399.15,399.35,399,399.2,22991
2026-06-15T11:55:00+05:30,399.2,399.35,399,399.15,52414
2026-06-15T12:00:00+05:30,399.15,399.35,398.7,398.85,302636
2026-06-15T12:05:00+05:30,398.75,398.9,398.4,398.65,71879
2026-06-15T12:10:00+05:30,398.75,398.9,398.55,398.6,31232
2026-06-15T12:15:00+05:30,398.6,398.9,398.25,398.4,370250
2026-06-15T12:20:00+05:30,398.4,398.5,396.1,397,354281
2026-06-15T12:25:00+05:30,397,398.9,396.75,398.35,93164
2026-06-15T12:30:00+05:30,398.35,398.75,397.05,398.45,349619
2026-06-15T12:35:00+05:30,398.5,398.7,398.25,398.4,48980
2026-06-15T12:40:00+05:30,398.4,398.65,398.05,398.4,113517
2026-06-15T12:45:00+05:30,398.3,398.65,397.5,398.3,150363
2026-06-15T12:50:00+05:30,398.3,398.65,397.35,398.25,237441
2026-06-15T12:55:00+05:30,398.35,398.35,397.55,397.95,189220
2026-06-15T13:00:00+05:30,398.2,398.55,398.1,398.45,82094
2026-06-15T13:05:00+05:30,398.45,398.75,397.7,398.75,61092
2026-06-15T13:10:00+05:30,398.75,399.85,398.5,399.65,96186
2026-06-15T13:15:00+05:30,399.65,399.7,399,399.45,171047
2026-06-15T13:20:00+05:30,399.45,399.75,399.25,399.5,168971
2026-06-15T13:25:00+05:30,399.35,400.65,399.3,400.6,144624
2026-06-15T13:30:00+05:30,400.5,400.7,400.05,400.5,272656
2026-06-15T13:35:00+05:30,400.5,400.95,400.3,400.45,77607
2026-06-15T13:40:00+05:30,400.45,400.8,400.35,400.6,49762
2026-06-15T13:45:00+05:30,400.4,400.8,400.25,400.4,205004
2026-06-15T13:50:00+05:30,400.4,400.6,400.2,400.4,122985
2026-06-15T13:55:00+05:30,400.2,401.4,400.2,401,118292
2026-06-15T14:00:00+05:30,401,401.8,401,401.5,77758
2026-06-15T14:05:00+05:30,401.35,402.6,401.35,402.3,161035
2026-06-15T14:10:00+05:30,402.3,402.95,402.2,402.85,152506
2026-06-15T14:15:00+05:30,402.85,403,402.6,402.85,91070
2026-06-15T14:20:00+05:30,402.85,402.95,402.5,402.7,73734
2026-06-15T14:25:00+05:30,402.6,403.25,402.4,403,95575
2026-06-15T14:30:00+05:30,403,403.95,403,403.6,146445
2026-06-15T14:35:00+05:30,403.6,404.65,403.6,404.4,200040
2026-06-15T14:40:00+05:30,404.4,405.4,404.15,404.55,207380
2026-06-15T14:45:00+05:30,404.5,404.95,404.25,404.4,103379
2026-06-15T14:50:00+05:30,404.35,404.75,404.25,404.45,108456
2026-06-15T14:55:00+05:30,404.3,404.65,404.2,404.4,128940
2026-06-15T15:00:00+05:30,404.55,404.7,404.2,404.5,228649
2026-06-15T15:05:00+05:30,404.5,404.65,404.3,404.45,175056
2026-06-15T15:10:00+05:30,404.45,404.6,404.2,404.4,171231
2026-06-15T15:15:00+05:30,404.35,404.75,402.55,404.6,264250
2026-06-15T15:20:00+05:30,404.6,404.9,403.5,403.6,150912
2026-06-15T15:25:00+05:30,403.6,403.8,402.3,403,264474
2026-06-16T09:15:00+05:30,405,405.6,401.4,402.35,205443
2026-06-16T09:20:00+05:30,402.45,402.45,401.75,402.25,164390
2026-06-16T09:25:00+05:30,402.05,402.6,401.75,402.4,104747
2026-06-16T09:30:00+05:30,402.55,402.95,402,402,81579
2026-06-16T09:35:00+05:30,401.9,402.35,401.8,402.15,68677
2026-06-16T09:40:00+05:30,402,402.35,401.6,401.8,139143
2026-06-16T09:45:00+05:30,401.6,402.2,401.6,402,136420
2026-06-16T09:50:00+05:30,401.9,402.15,400.8,401.1,106956
2026-06-16T09:55:00+05:30,401.1,401.75,401,401.65,53595
2026-06-16T10:00:00+05:30,401.9,401.9,401.15,401.4,341598
2026-06-16T10:05:00+05:30,401.4,401.45,400.4,400.6,55037
2026-06-16T10:10:00+05:30,400.45,400.8,400.25,400.5,61947
2026-06-16T10:15:00+05:30,400.35,401.2,400.35,400.8,46931
2026-06-16T10:20:00+05:30,400.65,401.15,400.5,401.05,34576
2026-06-16T10:25:00+05:30,400.85,401.5,400.7,401.5,64647
2026-06-16T10:30:00+05:30,401.4,401.5,400.75,401.5,38387
2026-06-16T10:35:00+05:30,401.5,402.65,401.35,402.55,234400
2026-06-16T10:40:00+05:30,402.55,402.8,402.2,402.75,45640
2026-06-16T10:45:00+05:30,402.75,402.8,402.3,402.3,24599
2026-06-16T10:50:00+05:30,402.25,402.5,401.35,401.35,56190
2026-06-16T10:55:00+05:30,401.35,401.75,401.1,401.7,126283
2026-06-16T11:00:00+05:30,401.65,401.95,401.3,401.4,251826
2026-06-16T11:05:00+05:30,401.4,401.5,400.7,401,287883
2026-06-16T11:10:00+05:30,400.9,401.55,400.65,401.35,312669
2026-06-16T11:15:00+05:30,401.35,402.05,401.05,401.5,169179
2026-06-16T11:20:00+05:30,401.5,402,401.2,401.4,103401
2026-06-16T11:25:00+05:30,401.5,401.5,400.75,400.75,131729
2026-06-16T11:30:00+05:30,400.75,401.3,400.25,401.3,70914
2026-06-16T11:35:00+05:30,401.3,402.35,401.1,402.25,348595
2026-06-16T11:40:00+05:30,402.25,402.35,401.3,401.5,147887
2026-06-16T11:45:00+05:30,401.5,401.95,401.2,401.95,33193
2026-06-16T11:50:00+05:30,401.95,401.95,401.5,401.75,16938
2026-06-16T11:55:00+05:30,401.6,402.1,401.5,401.65,352064
2026-06-16T12:00:00+05:30,401.65,401.7,400.7,401.2,19044
2026-06-16T12:05:00+05:30,401.2,401.55,401,401.3,17687
2026-06-16T12:10:00+05:30,401.4,402.25,401.25,402.2,66819
2026-06-16T12:15:00+05:30,402.2,402.3,401.3,401.45,139744
2026-06-16T12:20:00+05:30,401.45,401.55,401,401.55,138171
2026-06-16T12:25:00+05:30,401.35,401.8,401.3,401.5,41492
2026-06-16T12:30:00+05:30,401.5,401.7,400.85,401,57566
2026-06-16T12:35:00+05:30,401,401.45,400.95,401.35,65492
2026-06-16T12:40:00+05:30,401.35,401.5,401,401.05,54313
2026-06-16T12:45:00+05:30,401.1,401.25,400.95,401.15,53389
2026-06-16T12:50:00+05:30,401.05,401.2,400.75,400.85,43481
2026-06-16T12:55:00+05:30,400.8,401.4,400.8,401,43177
2026-06-16T13:00:00+05:30,401,401.25,400.8,401.1,33801
2026-06-16T13:05:00+05:30,400.9,401.3,400.9,401.1,31232
2026-06-16T13:10:00+05:30,401.1,401.45,401.1,401.3,40426
2026-06-16T13:15:00+05:30,401.15,401.45,400.85,400.95,51995
2026-06-16T13:20:00+05:30,400.95,401.4,400.9,401.3,41542
2026-06-16T13:25:00+05:30,401.15,401.95,400.9,401.95,66479
2026-06-16T13:30:00+05:30,401.95,402.15,401.75,402.15,60076
2026-06-16T13:35:00+05:30,402.15,402.75,401.95,402.3,73218
2026-06-16T13:40:00+05:30,402.45,402.75,402.1,402.35,45049
2026-06-16T13:45:00+05:30,402.35,402.6,402,402.2,32661
2026-06-16T13:50:00+05:30,402.2,402.5,402,402.25,32938
2026-06-16T13:55:00+05:30,402.25,402.8,402.25,402.5,44836
2026-06-16T14:00:00+05:30,402.55,402.8,402.4,402.4,38450
2026-06-16T14:05:00+05:30,402.35,402.8,402.35,402.8,45139
2026-06-16T14:10:00+05:30,402.7,402.95,402.55,402.8,60352
2026-06-16T14:15:00+05:30,402.8,403.45,402.75,403.45,81166
2026-06-16T14:20:00+05:30,403.45,403.6,402.95,403,124407
2026-06-16T14:25:00+05:30,403,403.6,403,403.05,79571
2026-06-16T14:30:00+05:30,403.3,403.7,403.15,403.7,77774
2026-06-16T14:35:00+05:30,403.7,403.7,403.3,403.7,121736
2026-06-16T14:40:00+05:30,403.55,403.6,402.75,402.9,88704
2026-06-16T14:45:00+05:30,402.75,403.15,402.65,403.15,109180
2026-06-16T14:50:00+05:30,403.15,403.65,402.85,403.5,143252
2026-06-16T14:55:00+05:30,403.5,403.65,403,403.25,68754
2026-06-16T15:00:00+05:30,403.25,403.55,402.7,402.7,167906
2026-06-16T15:05:00+05:30,402.7,402.75,402.35,402.35,147752
2026-06-16T15:10:00+05:30,402.35,402.5,402.05,402.1,72213
2026-06-16T15:15:00+05:30,402.1,402.1,401.25,402,160090
2026-06-16T15:20:00+05:30,402,402.25,401.4,401.8,83946
2026-06-16T15:25:00+05:30,401.8,402,401.1,401.75,104268
2026-06-17T09:15:00+05:30,402.25,403.45,400.2,401.2,211820
2026-06-17T09:20:00+05:30,401.2,401.2,400.3,400.35,162152
2026-06-17T09:25:00+05:30,400.5,400.7,399.35,400,192162
2026-06-17T09:30:00+05:30,400,401.65,400,401.15,115465
2026-06-17T09:35:00+05:30,401.1,401.45,400.55,400.8,91222
2026-06-17T09:40:00+05:30,400.7,401,400.4,400.6,112357
2026-06-17T09:45:00+05:30,400.6,401.4,400.3,401.05,96597
2026-06-17T09:50:00+05:30,401.1,401.75,400.85,401.3,106502
2026-06-17T09:55:00+05:30,401.2,401.2,400.75,401.15,70665
2026-06-17T10:00:00+05:30,401.1,401.1,400.55,400.85,53698
2026-06-17T10:05:00+05:30,400.85,401,400.45,400.9,66882
2026-06-17T10:10:00+05:30,400.9,401.4,400.7,401.25,49000
2026-06-17T10:15:00+05:30,401.25,401.4,400.95,401.4,45945
2026-06-17T10:20:00+05:30,401.4,402,401.25,401.95,66058
2026-06-17T10:25:00+05:30,402,402,400.55,400.75,84775
2026-06-17T10:30:00+05:30,400.75,401.4,400.6,401.4,46573
2026-06-17T10:35:00+05:30,401.35,401.6,401.2,401.5,55537
2026-06-17T10:40:00+05:30,401.3,401.55,401.2,401.2,44451
2026-06-17T10:45:00+05:30,401.25,401.5,400.65,401,45753
2026-06-17T10:50:00+05:30,401.05,401.2,400.6,401.15,70049
2026-06-17T10:55:00+05:30,401,401.85,401,401.5,76863
2026-06-17T11:00:00+05:30,401.55,401.8,401.25,401.55,46847
2026-06-17T11:05:00+05:30,401.6,401.8,401.55,401.65,23856
2026-06-17T11:10:00+05:30,401.65,401.65,400.5,400.75,157480
2026-06-17T11:15:00+05:30,400.75,401,400.7,401,33570
2026-06-17T11:20:00+05:30,401,401,400.75,400.95,33488
2026-06-17T11:25:00+05:30,400.9,401,400.6,400.8,29458
2026-06-17T11:30:00+05:30,400.8,401,400.65,400.95,48242
2026-06-17T11:35:00+05:30,400.95,401.1,400.3,400.35,68796
2026-06-17T11:40:00+05:30,400.5,400.65,400,400.2,75500
2026-06-17T11:45:00+05:30,400.2,400.5,400.1,400.2,44563
2026-06-17T11:50:00+05:30,400.15,400.45,400,400.4,52041
2026-06-17T11:55:00+05:30,400.4,400.5,399.65,399.8,90758
2026-06-17T12:00:00+05:30,399.95,400,399.7,400,44840
2026-06-17T12:05:00+05:30,400,400.2,399.85,399.9,47823
2026-06-17T12:10:00+05:30,399.9,400.2,399.9,400.1,28540
2026-06-17T12:15:00+05:30,400.1,400.6,400,400.5,38445
2026-06-17T12:20:00+05:30,400.5,400.95,400.4,400.85,74601
2026-06-17T12:25:00+05:30,400.85,400.85,400.5,400.7,54360
2026-06-17T12:30:00+05:30,400.7,401,400.6,401,48750
2026-06-17T12:35:00+05:30,401,401,400.6,401,32185
2026-06-17T12:40:00+05:30,401,401.05,400.85,401,26764
2026-06-17T12:45:00+05:30,401,401,400.8,401,28203
2026-06-17T12:50:00+05:30,401,401,400.25,400.55,46807
2026-06-17T12:55:00+05:30,400.55,400.6,400.25,400.3,25280
2026-06-17T13:00:00+05:30,400.25,400.4,400.1,400.35,33064
2026-06-17T13:05:00+05:30,400.35,400.35,399.9,399.9,46731
2026-06-17T13:10:00+05:30,399.9,400.4,399.9,400.25,40117
2026-06-17T13:15:00+05:30,400.25,400.8,400.2,400.7,33584
2026-06-17T13:20:00+05:30,400.7,401,400.5,400.9,27802
2026-06-17T13:25:00+05:30,400.95,401,400.8,400.9,26129
2026-06-17T13:30:00+05:30,400.9,401,400.8,400.95,55372
2026-06-17T13:35:00+05:30,401,401.85,400.8,401.75,115795
2026-06-17T13:40:00+05:30,401.6,401.75,401.3,401.7,47580
2026-06-17T13:45:00+05:30,401.7,401.75,401.5,401.6,25102
2026-06-17T13:50:00+05:30,401.6,401.65,401.05,401.45,44911
2026-06-17T13:55:00+05:30,401.4,401.5,401.2,401.35,35188
2026-06-17T14:00:00+05:30,401.35,401.4,401,401.1,57391
2026-06-17T14:05:00+05:30,401.15,401.15,400.9,401.05,65589
2026-06-17T14:10:00+05:30,401.1,401.25,401,401.1,44426
2026-06-17T14:15:00+05:30,401.1,401.4,401,401.1,86998
2026-06-17T14:20:00+05:30,401.1,401.2,401.05,401.05,35306
2026-06-17T14:25:00+05:30,401.05,401.15,400.6,400.6,67711
2026-06-17T14:30:00+05:30,400.85,401.1,400.8,401.05,29679
2026-06-17T14:35:00+05:30,401.05,401.15,400.7,401,134923
2026-06-17T14:40:00+05:30,401.15,401.4,400.95,401.35,64500
2026-06-17T14:45:00+05:30,401.3,401.65,401.3,401.6,58330
2026-06-17T14:50:00+05:30,401.6,401.8,401.3,401.55,74105
2026-06-17T14:55:00+05:30,401.55,402.7,401.5,402.5,177942
2026-06-17T15:00:00+05:30,402.5,403.3,402.3,402.5,279814
2026-06-17T15:05:00+05:30,402.35,402.6,401.7,401.8,123877
2026-06-17T15:10:00+05:30,401.75,401.75,401,401.2,225671
2026-06-17T15:15:00+05:30,401.2,401.6,401,401.5,144468
2026-06-17T15:20:00+05:30,401.4,401.6,401,401.45,280891
2026-06-17T15:25:00+05:30,401.4,401.5,400.7,401.35,401160
2026-06-18T09:15:00+05:30,402.95,403.45,401.8,402.2,153470
2026-06-18T09:20:00+05:30,402.2,402.8,401.8,401.95,85219
2026-06-18T09:25:00+05:30,402,402.35,401.55,402.15,54741
2026-06-18T09:30:00+05:30,402.15,403,402,402.35,193039
2026-06-18T09:35:00+05:30,402.1,402.35,401.6,402,104009
2026-06-18T09:40:00+05:30,402,402.95,401.8,402.1,103802
2026-06-18T09:45:00+05:30,402.3,402.9,402.25,402.9,70730
2026-06-18T09:50:00+05:30,402.9,403.85,402.8,403.8,74751
2026-06-18T09:55:00+05:30,403.8,403.9,402.95,402.95,54897
2026-06-18T10:00:00+05:30,403.15,403.35,402.6,403.1,111271
2026-06-18T10:05:00+05:30,403.1,403.65,403.05,403.55,42585
2026-06-18T10:10:00+05:30,403.5,403.75,403.35,403.45,44882
2026-06-18T10:15:00+05:30,403.5,403.6,403,403.45,39638
2026-06-18T10:20:00+05:30,403.5,403.8,403.15,403.35,40371
2026-06-18T10:25:00+05:30,403.3,403.3,402.6,402.8,40294
2026-06-18T10:30:00+05:30,402.8,402.9,402.5,402.9,49130
2026-06-18T10:35:00+05:30,403,403.3,402.2,402.35,72527
2026-06-18T10:40:00+05:30,402.2,402.45,402,402.25,54448
2026-06-18T10:45:00+05:30,402.4,402.95,402.25,402.65,19723
2026-06-18T10:50:00+05:30,402.65,402.85,402.3,402.65,30438
2026-06-18T10:55:00+05:30,402.65,402.65,402.2,402.35,20744
2026-06-18T11:00:00+05:30,402.5,402.5,401.55,401.75,43505
2026-06-18T11:05:00+05:30,401.75,402,401.5,401.65,65094
2026-06-18T11:10:00+05:30,401.65,401.7,400.8,400.95,73208
2026-06-18T11:15:00+05:30,400.95,400.95,400.2,400.25,85332
2026-06-18T11:20:00+05:30,400.25,400.7,400.05,400.6,37741
2026-06-18T11:25:00+05:30,400.6,401.1,400.35,401,18469
2026-06-18T11:30:00+05:30,401,401.65,400.25,400.55,84316
2026-06-18T11:35:00+05:30,400.55,400.55,400.05,400.4,76908
2026-06-18T11:40:00+05:30,400.4,400.5,400,400.2,28899
2026-06-18T11:45:00+05:30,400.2,400.35,399.8,400.2,62963
2026-06-18T11:50:00+05:30,400.05,400.05,399.6,399.9,42589
2026-06-18T11:55:00+05:30,399.9,400.05,399.75,400.05,20077
2026-06-18T12:00:00+05:30,400.05,400.1,399.7,400.05,25344
2026-06-18T12:05:00+05:30,400.05,400.35,399.9,400.15,15691
2026-06-18T12:10:00+05:30,400.15,400.3,398.65,398.8,259889
2026-06-18T12:15:00+05:30,399,400,398.45,400,45625
2026-06-18T12:20:00+05:30,400,400.2,399.9,400.2,19577
2026-06-18T12:25:00+05:30,400.2,401.25,400.15,401.25,118112
2026-06-18T12:30:00+05:30,401.35,402.2,401.1,401.75,122133
2026-06-18T12:35:00+05:30,401.75,401.85,401,401.1,29696
2026-06-18T12:40:00+05:30,401.1,401.3,400.4,400.95,67839
2026-06-18T12:45:00+05:30,400.95,401.2,400.55,401.2,15471
2026-06-18T12:50:00+05:30,401.2,401.25,400.15,400.75,240261
2026-06-18T12:55:00+05:30,400.75,401.45,400.6,401.1,69441
2026-06-18T13:00:00+05:30,401.1,401.85,400.75,401.65,194330
2026-06-18T13:05:00+05:30,401.65,402.6,401.5,402.25,341203
2026-06-18T13:10:00+05:30,402.45,402.75,402,402.5,73870
2026-06-18T13:15:00+05:30,402.6,402.6,401.95,402.1,21673
2026-06-18T13:20:00+05:30,402,402.35,401.9,402,52617
2026-06-18T13:25:00+05:30,402,402.3,401.6,402.25,31039
2026-06-18T13:30:00+05:30,402.2,402.45,401.85,402.2,21711
2026-06-18T13:35:00+05:30,402.35,402.45,402.15,402.45,19519
2026-06-18T13:40:00+05:30,402.4,402.45,401.65,402,22887
2026-06-18T13:45:00+05:30,401.85,402.35,401.85,402.2,14352
2026-06-18T13:50:00+05:30,402.05,402.4,401.95,402.3,15881
2026-06-18T13:55:00+05:30,402.15,402.6,402.1,402.6,44931
2026-06-18T14:00:00+05:30,402.55,402.9,402.4,402.9,26737
2026-06-18T14:05:00+05:30,402.9,402.95,402.5,402.7,35993
2026-06-18T14:10:00+05:30,402.7,402.8,402.5,402.65,77041
2026-06-18T14:15:00+05:30,402.65,402.85,402.5,402.6,65068
2026-06-18T14:20:00+05:30,402.6,402.95,402.5,402.95,75675
2026-06-18T14:25:00+05:30,402.95,402.95,402.25,402.3,32990
2026-06-18T14:30:00+05:30,402.3,402.3,401.6,402,88422
2026-06-18T14:35:00+05:30,401.9,402.1,401.7,401.9,56993
2026-06-18T14:40:00+05:30,401.95,402,401.55,401.75,27008
2026-06-18T14:45:00+05:30,401.75,401.8,401.4,401.4,53478
2026-06-18T14:50:00+05:30,401.55,401.9,401.05,401.55,42917
2026-06-18T14:55:00+05:30,401.5,402.3,401.5,402.25,59761
2026-06-18T15:00:00+05:30,402.35,403.3,402.35,403.15,173038
2026-06-18T15:05:00+05:30,403.25,403.35,402.95,403.15,113155
2026-06-18T15:10:00+05:30,403.1,403.25,403,403,116739
2026-06-18T15:15:00+05:30,403,403.1,402.8,403,123439
2026-06-18T15:20:00+05:30,403,403.05,402.7,402.7,126099
2026-06-18T15:25:00+05:30,402.7,403,402.3,402.9,254946
2026-06-19T09:15:00+05:30,402.5,402.5,400.05,401.95,101405
2026-06-19T09:20:00+05:30,401.95,402.75,401.4,401.6,59636
2026-06-19T09:25:00+05:30,401.6,402.3,401.2,402.25,145647
2026-06-19T09:30:00+05:30,402.25,402.25,401.2,401.5,52822
2026-06-19T09:35:00+05:30,401.5,401.85,401.3,401.5,36350
2026-06-19T09:40:00+05:30,401.5,402.05,401.4,401.4,57631
2026-06-19T09:45:00+05:30,401.4,402.2,401.35,402.2,70063
2026-06-19T09:50:00+05:30,402.15,402.35,401.85,402.3,43420
2026-06-19T09:55:00+05:30,402.3,402.35,401.9,402.2,32669
2026-06-19T10:00:00+05:30,402.25,402.25,401.2,401.75,33116
2026-06-19T10:05:00+05:30,401.75,402.65,401.5,402.5,42406
2026-06-19T10:10:00+05:30,402.5,402.85,402,402.85,49711
2026-06-19T10:15:00+05:30,402.75,402.9,402,402.25,36470
2026-06-19T10:20:00+05:30,402.2,402.25,401.75,402.25,46937
2026-06-19T10:25:00+05:30,402.25,402.25,401.75,401.75,18621
2026-06-19T10:30:00+05:30,401.85,402.05,401.35,401.7,31011
2026-06-19T10:35:00+05:30,401.7,401.8,401.25,401.5,20960
2026-06-19T10:40:00+05:30,401.5,403.7,401.45,402.25,76918
2026-06-19T10:45:00+05:30,402.1,402.4,401.65,402.35,95426
2026-06-19T10:50:00+05:30,402.35,402.45,401.6,402.05,122485
2026-06-19T10:55:00+05:30,402,402.1,401.1,401.5,28079
2026-06-19T11:00:00+05:30,401.4,401.65,400.8,400.9,85654
2026-06-19T11:05:00+05:30,400.9,401.05,400.6,400.85,29665
2026-06-19T11:10:00+05:30,400.9,401.35,400.85,401.3,30223
2026-06-19T11:15:00+05:30,401.3,401.4,400.9,401.1,13248
2026-06-19T11:20:00+05:30,401,401.35,400.7,400.95,38568
2026-06-19T11:25:00+05:30,400.9,401,400.6,401,17634
2026-06-19T11:30:00+05:30,400.9,401.6,400.65,401.3,16301
2026-06-19T11:35:00+05:30,401.3,401.7,401,401,29641
2026-06-19T11:40:00+05:30,401.1,401.35,400.55,400.75,36170
2026-06-19T11:45:00+05:30,400.75,401,400.55,400.7,18940
2026-06-19T11:50:00+05:30,400.7,400.9,400,400.4,267855
2026-06-19T11:55:00+05:30,400.4,400.75,399.6,400,197278
2026-06-19T12:00:00+05:30,400,400.95,400,400.55,33473
2026-06-19T12:05:00+05:30,400.6,400.9,400.5,400.65,29290
2026-06-19T12:10:00+05:30,400.65,401.15,400.55,400.9,145795
2026-06-19T12:15:00+05:30,400.9,401.1,400.85,401,52495
2026-06-19T12:20:00+05:30,401,401.2,400.85,401.1,47747
2026-06-19T12:25:00+05:30,401.1,401.25,400.9,401,66108
2026-06-19T12:30:00+05:30,401,401.25,400.9,401.2,112510
2026-06-19T12:35:00+05:30,401.2,401.25,400.8,401.05,19724
2026-06-19T12:40:00+05:30,401.05,401.1,400,400.45,47430
2026-06-19T12:45:00+05:30,400.45,400.95,400.45,400.8,36791
2026-06-19T12:50:00+05:30,400.8,400.9,400.5,400.5,17211
2026-06-19T12:55:00+05:30,400.6,400.65,399.85,400.1,40702
2026-06-19T13:00:00+05:30,400.1,400.3,399.5,399.95,42178
2026-06-19T13:05:00+05:30,399.95,400.1,399.6,400,33695
2026-06-19T13:10:00+05:30,400.05,400.7,399.8,400.7,27647
2026-06-19T13:15:00+05:30,400.6,401.1,400.35,401.05,54751
2026-06-19T13:20:00+05:30,401.05,401.2,400.65,401,89606
2026-06-19T13:25:00+05:30,401,401.15,400.3,400.6,87105
2026-06-19T13:30:00+05:30,400.6,400.6,400.25,400.35,10269
2026-06-19T13:35:00+05:30,400.55,400.9,400.45,400.8,30751
2026-06-19T13:40:00+05:30,400.8,401,400.75,400.85,21328
2026-06-19T13:45:00+05:30,400.9,401,400.6,400.9,38426
2026-06-19T13:50:00+05:30,400.9,401,400.7,400.85,45513
2026-06-19T13:55:00+05:30,400.85,401,400.85,400.95,5607
2026-06-19T14:00:00+05:30,400.95,401,400.6,400.7,23384
2026-06-19T14:05:00+05:30,400.7,401,400.65,400.8,35582
2026-06-19T14:10:00+05:30,400.9,401,400.7,401,10679
2026-06-19T14:15:00+05:30,401,401.1,400.7,401,14591
2026-06-19T14:20:00+05:30,401.15,401.15,400.6,400.6,24352
2026-06-19T14:25:00+05:30,400.8,400.95,400.6,400.95,15439
2026-06-19T14:30:00+05:30,400.95,401.2,400.75,401.1,16010
2026-06-19T14:35:00+05:30,401.15,401.65,401.1,401.25,87306
2026-06-19T14:40:00+05:30,401.35,401.4,401.05,401.4,59106
2026-06-19T14:45:00+05:30,401.35,401.6,401.25,401.35,46100
2026-06-19T14:50:00+05:30,401.35,401.45,399.5,399.7,105193
2026-06-19T14:55:00+05:30,399.7,400,399.5,400,43419
2026-06-19T15:00:00+05:30,399.85,402,399.8,401.65,189868
2026-06-19T15:05:00+05:30,401.8,402.2,401.8,402.15,144945
2026-06-19T15:10:00+05:30,402.2,402.9,402.2,402.7,141503
2026-06-19T15:15:00+05:30,402.75,403,402.55,402.9,146437
2026-06-19T15:20:00+05:30,402.9,403.1,402.55,402.9,186567
2026-06-19T15:25:00+05:30,402.8,403.15,402,402.7,165107
2026-06-22T09:15:00+05:30,402.35,403.3,401.05,402.85,254703
2026-06-22T09:20:00+05:30,401.95,402.65,401.75,402.2,162851
2026-06-22T09:25:00+05:30,402.2,402.35,401.6,402,94478
2026-06-22T09:30:00+05:30,402.2,403.3,401.75,403.3,89115
2026-06-22T09:35:00+05:30,403.1,404,402.7,402.75,137382
2026-06-22T09:40:00+05:30,402.95,403,402.25,402.4,72482
2026-06-22T09:45:00+05:30,402.4,402.6,401.65,401.8,62278
2026-06-22T09:50:00+05:30,401.95,402.15,401.5,401.8,49765
2026-06-22T09:55:00+05:30,401.7,402.75,401.7,402.65,32847
2026-06-22T10:00:00+05:30,402.55,403.15,402.4,403,56967
2026-06-22T10:05:00+05:30,402.95,404.65,402.65,404.65,146311
2026-06-22T10:10:00+05:30,404.7,404.9,404,404.1,70456
2026-06-22T10:15:00+05:30,404.1,404.6,404,404.2,91777
2026-06-22T10:20:00+05:30,404.2,404.6,403.75,404.2,72766
2026-06-22T10:25:00+05:30,404.2,404.6,404.1,404.35,48515
2026-06-22T10:30:00+05:30,404.5,405.9,404.5,405.25,177913
2026-06-22T10:35:00+05:30,405.35,405.85,404.8,405.7,110160
2026-06-22T10:40:00+05:30,405.7,405.7,405.1,405.55,102498
2026-06-22T10:45:00+05:30,405.6,406.4,405,405.1,285486
2026-06-22T10:50:00+05:30,405.25,405.35,404.55,405.1,71117
2026-06-22T10:55:00+05:30,405,405.5,404.8,405.2,35319
2026-06-22T11:00:00+05:30,405.25,405.95,405.1,405.85,46723
2026-06-22T11:05:00+05:30,405.7,406.1,405.6,405.85,114669
2026-06-22T11:10:00+05:30,405.7,406.15,405.5,406.15,68169
2026-06-22T11:15:00+05:30,406.15,406.35,405.75,406.1,52798
2026-06-22T11:20:00+05:30,406.1,406.8,405.75,406.8,62008
2026-06-22T11:25:00+05:30,406.8,407.2,406.5,406.55,122211
2026-06-22T11:30:00+05:30,406.55,406.85,406.3,406.75,30290
2026-06-22T11:35:00+05:30,406.75,407.6,406.4,407.35,188232
2026-06-22T11:40:00+05:30,407.35,407.4,405.85,406.5,89465
2026-06-22T11:45:00+05:30,406.5,406.8,406.3,406.7,32143
2026-06-22T11:50:00+05:30,406.7,406.7,405.55,405.9,44415
2026-06-22T11:55:00+05:30,405.9,406.3,405.6,406.05,24033
2026-06-22T12:00:00+05:30,406.05,406.2,405.45,405.55,48528
2026-06-22T12:05:00+05:30,405.55,405.6,404.6,404.6,83983
2026-06-22T12:10:00+05:30,404.6,404.85,404.1,404.2,50951
2026-06-22T12:15:00+05:30,404.2,404.9,404.2,404.6,44858
2026-06-22T12:20:00+05:30,404.5,404.85,404.5,404.75,9086
2026-06-22T12:25:00+05:30,404.6,404.9,404.5,404.6,26218
2026-06-22T12:30:00+05:30,404.7,404.95,404.55,404.75,30706
2026-06-22T12:35:00+05:30,404.75,405,404.55,404.9,15639
2026-06-22T12:40:00+05:30,404.8,405.3,404.8,404.95,39392
2026-06-22T12:45:00+05:30,404.9,405,404.4,404.45,131692
2026-06-22T12:50:00+05:30,404.45,404.9,404.3,404.55,110613
2026-06-22T12:55:00+05:30,404.55,404.85,404.25,404.35,27844
2026-06-22T13:00:00+05:30,404.25,404.5,404.25,404.3,19402
2026-06-22T13:05:00+05:30,404.2,404.5,404,404,52149
2026-06-22T13:10:00+05:30,404,404.85,403.8,404.7,220083
2026-06-22T13:15:00+05:30,404.7,405.4,404.5,405.35,50898
2026-06-22T13:20:00+05:30,405.35,405.45,404.95,405.3,45400
2026-06-22T13:25:00+05:30,405.2,405.4,405.1,405.15,29293
2026-06-22T13:30:00+05:30,405.35,405.7,405.1,405.3,37239
2026-06-22T13:35:00+05:30,405.5,405.65,404.7,404.85,104195
2026-06-22T13:40:00+05:30,404.85,404.9,404.4,404.8,178241
2026-06-22T13:45:00+05:30,404.7,404.95,404.4,404.8,64829
2026-06-22T13:50:00+05:30,404.75,405,404.65,404.95,32252
2026-06-22T13:55:00+05:30,404.95,405.4,404.7,405.3,37701
2026-06-22T14:00:00+05:30,405.1,405.4,404.85,404.85,35009
2026-06-22T14:05:00+05:30,404.9,405.1,404.55,404.7,46479
2026-06-22T14:10:00+05:30,404.6,404.95,404.5,404.7,31203
2026-06-22T14:15:00+05:30,404.65,404.75,404.45,404.75,32826
2026-06-22T14:20:00+05:30,404.8,404.95,404.5,404.8,48414
2026-06-22T14:25:00+05:30,404.95,405.2,404.8,405.2,62500
2026-06-22T14:30:00+05:30,405.2,405.2,405,405.1,41089
2026-06-22T14:35:00+05:30,405.1,405.2,404.7,404.85,74417
2026-06-22T14:40:00+05:30,404.85,404.95,404.65,404.95,43413
2026-06-22T14:45:00+05:30,404.95,405.15,404.8,405.1,56602
2026-06-22T14:50:00+05:30,405.1,405.3,404.95,405.25,85167
2026-06-22T14:55:00+05:30,405.25,405.45,405.05,405.45,57880
2026-06-22T15:00:00+05:30,405.45,406.45,405.45,406.35,280007
2026-06-22T15:05:00+05:30,406.35,406.5,406.1,406.2,212209
2026-06-22T15:10:00+05:30,406.2,406.2,405.45,405.75,261789
2026-06-22T15:15:00+05:30,405.75,406.25,405.75,405.95,288142
2026-06-22T15:20:00+05:30,405.95,406.25,405.6,405.75,342469
2026-06-22T15:25:00+05:30,405.75,405.85,405.45,405.85,275016
2026-06-23T09:15:00+05:30,405.95,406.5,402.35,403.5,304895
2026-06-23T09:20:00+05:30,403.4,403.7,402.8,403.5,112756
2026-06-23T09:25:00+05:30,403.5,403.85,403.1,403.15,53907
2026-06-23T09:30:00+05:30,403.05,403.5,402.75,402.85,76933
2026-06-23T09:35:00+05:30,403,403.95,402.65,403.7,78416
2026-06-23T09:40:00+05:30,403.55,403.8,403,403.25,41691
2026-06-23T09:45:00+05:30,403.1,403.4,403,403.4,31479
2026-06-23T09:50:00+05:30,403.45,403.8,402.25,402.85,113561
2026-06-23T09:55:00+05:30,402.55,402.85,402.3,402.8,61642
2026-06-23T10:00:00+05:30,402.8,402.9,402.15,402.35,69460
2026-06-23T10:05:00+05:30,402.1,402.25,401.6,401.95,115875
2026-06-23T10:10:00+05:30,402,402.1,401.75,401.95,32148
2026-06-23T10:15:00+05:30,401.95,402.35,401.6,402,35220
2026-06-23T10:20:00+05:30,402.15,402.5,401.55,401.7,42411
2026-06-23T10:25:00+05:30,401.7,401.7,401,401.2,73710
2026-06-23T10:30:00+05:30,401.2,401.55,401,401.25,30213
2026-06-23T10:35:00+05:30,401.4,401.9,401.3,401.4,26270
2026-06-23T10:40:00+05:30,401.4,401.75,401.3,401.45,38614
2026-06-23T10:45:00+05:30,401.45,401.45,400.5,400.85,83070
2026-06-23T10:50:00+05:30,400.85,401.1,400.35,400.95,32321
2026-06-23T10:55:00+05:30,400.8,401.4,400.75,401.2,29379
2026-06-23T11:00:00+05:30,401.2,401.3,400.65,401,21887
2026-06-23T11:05:00+05:30,401,401.1,400.7,400.8,37052
2026-06-23T11:10:00+05:30,400.8,400.95,400.55,400.85,56403
2026-06-23T11:15:00+05:30,400.85,401.2,400.6,400.85,38577
2026-06-23T11:20:00+05:30,400.85,400.9,400.15,400.6,44889
2026-06-23T11:25:00+05:30,400.6,400.7,400.4,400.6,16306
2026-06-23T11:30:00+05:30,400.6,400.85,400.25,400.5,45847
2026-06-23T11:35:00+05:30,400.5,400.6,399.75,399.9,91354
2026-06-23T11:40:00+05:30,399.8,399.9,399.05,399.4,68670
2026-06-23T11:45:00+05:30,399.4,399.45,398.2,398.6,99916
2026-06-23T11:50:00+05:30,398.6,398.65,398.05,398.35,67605
2026-06-23T11:55:00+05:30,398.35,398.4,397.05,397.7,94364
2026-06-23T12:00:00+05:30,397.7,398.2,397.4,397.85,33654
2026-06-23T12:05:00+05:30,397.8,397.85,397.35,397.6,44626
2026-06-23T12:10:00+05:30,397.6,397.65,397.15,397.35,34995
2026-06-23T12:15:00+05:30,397.3,397.85,397.25,397.55,32590
2026-06-23T12:20:00+05:30,397.55,397.55,396.5,397.25,103382
2026-06-23T12:25:00+05:30,397.35,398.25,397.35,398.25,30910
2026-06-23T12:30:00+05:30,398.25,398.25,397.6,397.75,11912
2026-06-23T12:35:00+05:30,397.75,398.5,397.7,398.3,44219
2026-06-23T12:40:00+05:30,398.3,398.5,397.8,398.05,26217
2026-06-23T12:45:00+05:30,398.05,398.1,397.5,397.7,21028
2026-06-23T12:50:00+05:30,397.7,397.85,397.45,397.7,18536
2026-06-23T12:55:00+05:30,397.7,397.7,397.1,397.35,20557
2026-06-23T13:00:00+05:30,397.3,397.7,397.1,397.7,35283
2026-06-23T13:05:00+05:30,397.7,398.45,397.6,398.45,40874
2026-06-23T13:10:00+05:30,398.45,399.35,398.3,398.5,73177
2026-06-23T13:15:00+05:30,398.5,399.3,398.35,398.55,117075
2026-06-23T13:20:00+05:30,398.55,398.8,397.75,398,270419
2026-06-23T13:25:00+05:30,398,398,397.5,397.95,30780
2026-06-23T13:30:00+05:30,398,398,397.35,397.45,87895
2026-06-23T13:35:00+05:30,397.45,397.95,397.3,397.8,15703
2026-06-23T13:40:00+05:30,397.8,398.4,397.6,398.2,88490
2026-06-23T13:45:00+05:30,398.2,398.7,398,398.4,27422
2026-06-23T13:50:00+05:30,398.3,398.6,397.6,397.7,23810
2026-06-23T13:55:00+05:30,397.95,398.3,397.6,397.85,21333
2026-06-23T14:00:00+05:30,397.85,398.6,397.85,398.6,25517
2026-06-23T14:05:00+05:30,398.5,398.95,398.1,398.4,16790
2026-06-23T14:10:00+05:30,398.4,399,398.25,398.75,16993
2026-06-23T14:15:00+05:30,398.75,398.9,398.55,398.6,19016
2026-06-23T14:20:00+05:30,398.6,398.9,398.25,398.8,17797
2026-06-23T14:25:00+05:30,398.8,399,398.45,398.45,21787
2026-06-23T14:30:00+05:30,398.45,398.85,398.45,398.75,14252
2026-06-23T14:35:00+05:30,398.75,399.35,398.6,399.05,33432
2026-06-23T14:40:00+05:30,398.9,400,398.85,399.85,97374
2026-06-23T14:45:00+05:30,399.85,400.2,399.75,400.15,122457
2026-06-23T14:50:00+05:30,400.2,400.45,400,400.1,146919
2026-06-23T14:55:00+05:30,400.1,400.3,399.85,400.1,193547
2026-06-23T15:00:00+05:30,400.1,400.15,397.85,398.05,224348
2026-06-23T15:05:00+05:30,398.05,398.9,398.05,398.55,146276
2026-06-23T15:10:00+05:30,398.55,398.65,398.25,398.45,76178
2026-06-23T15:15:00+05:30,398.45,398.45,397.35,397.8,186350
2026-06-23T15:20:00+05:30,397.8,397.95,397.5,397.65,123669
2026-06-23T15:25:00+05:30,397.65,399.35,397.25,398,121611
2026-06-24T09:15:00+05:30,398.8,400.75,398,399.95,208254
2026-06-24T09:20:00+05:30,399.95,400.6,399.2,399.5,123103
2026-06-24T09:25:00+05:30,399.5,400.1,398.7,399.35,77511
2026-06-24T09:30:00+05:30,399.35,399.35,398.4,398.4,48952
2026-06-24T09:35:00+05:30,398.5,398.7,397.35,397.7,59314
2026-06-24T09:40:00+05:30,397.55,397.75,397.05,397.05,44173
2026-06-24T09:45:00+05:30,397,397.15,396.2,396.45,79266
2026-06-24T09:50:00+05:30,396.05,396.9,396.05,396.7,51760
2026-06-24T09:55:00+05:30,396.7,397.1,396.25,396.75,42064
2026-06-24T10:00:00+05:30,396.75,397.95,396.75,397.4,37110
2026-06-24T10:05:00+05:30,397.4,397.8,397,397.65,41642
2026-06-24T10:10:00+05:30,397.8,397.9,397.55,397.6,12120
2026-06-24T10:15:00+05:30,397.6,398.35,397.1,397.2,53540
2026-06-24T10:20:00+05:30,397.45,397.95,397.35,397.95,15628
2026-06-24T10:25:00+05:30,397.75,398.2,397.55,397.8,30399
2026-06-24T10:30:00+05:30,397.7,397.95,397.45,397.75,31507
2026-06-24T10:35:00+05:30,397.75,397.9,397.5,397.55,21139
2026-06-24T10:40:00+05:30,397.75,397.8,397,397.05,18655
2026-06-24T10:45:00+05:30,397.1,397.8,397.1,397.55,17756
2026-06-24T10:50:00+05:30,397.55,397.75,397.3,397.45,18063
2026-06-24T10:55:00+05:30,397.3,397.8,397.3,397.5,23894
2026-06-24T11:00:00+05:30,397.7,397.8,397.1,397.15,20717
2026-06-24T11:05:00+05:30,397.15,397.85,396.45,397.4,181936
2026-06-24T11:10:00+05:30,397.25,397.35,396.4,396.4,97740
2026-06-24T11:15:00+05:30,396.3,396.6,395.9,396.1,139708
2026-06-24T11:20:00+05:30,396.3,396.35,395.6,395.75,26558
2026-06-24T11:25:00+05:30,395.75,396,394.5,395.15,238413
2026-06-24T11:30:00+05:30,395.3,395.35,394.95,395.2,42590
2026-06-24T11:35:00+05:30,395.25,395.5,394.85,395.4,25101
2026-06-24T11:40:00+05:30,395.35,395.4,394.7,395.15,65057
2026-06-24T11:45:00+05:30,395.2,395.45,395,395.4,42233
2026-06-24T11:50:00+05:30,395.4,395.4,394.85,395.25,31251
2026-06-24T11:55:00+05:30,395.25,395.3,395,395.15,18523
2026-06-24T12:00:00+05:30,395.15,395.2,394.1,394.35,75721
2026-06-24T12:05:00+05:30,394.35,394.5,394,394.25,62557
2026-06-24T12:10:00+05:30,394.25,394.65,393.55,394.45,79735
2026-06-24T12:15:00+05:30,394.45,394.7,394.3,394.5,15382
2026-06-24T12:20:00+05:30,394.5,394.55,394.15,394.45,15187
2026-06-24T12:25:00+05:30,394.45,394.45,393.1,393.95,56165
2026-06-24T12:30:00+05:30,393.95,393.95,393.1,393.65,15408
2026-06-24T12:35:00+05:30,393.65,394.15,393.65,394,23302
2026-06-24T12:40:00+05:30,394,394.2,393.8,394.2,7011
2026-06-24T12:45:00+05:30,394.2,394.4,394.05,394.4,14085
2026-06-24T12:50:00+05:30,394.35,394.8,394.3,394.8,21575
2026-06-24T12:55:00+05:30,394.8,394.9,394.2,394.75,36030
2026-06-24T13:00:00+05:30,394.75,395.35,394.75,395.1,39333
2026-06-24T13:05:00+05:30,395.3,395.4,395.05,395.4,14612
2026-06-24T13:10:00+05:30,395.45,395.85,395.45,395.65,20478
2026-06-24T13:15:00+05:30,395.65,395.85,395.4,395.85,29922
2026-06-24T13:20:00+05:30,395.8,395.9,395.5,395.55,9497
2026-06-24T13:25:00+05:30,395.7,395.8,395.2,395.35,21181
2026-06-24T13:30:00+05:30,395.35,395.65,395.15,395.6,27152
2026-06-24T13:35:00+05:30,395.6,395.65,395,395,115857
2026-06-24T13:40:00+05:30,395,395.75,394.9,395.2,100710
2026-06-24T13:45:00+05:30,395.4,395.55,395,395,96676
2026-06-24T13:50:00+05:30,395.1,395.4,394.95,395,107405
2026-06-24T13:55:00+05:30,395,395.25,394.95,395.2,63512
2026-06-24T14:00:00+05:30,395.25,395.25,394.75,394.95,37978
2026-06-24T14:05:00+05:30,394.8,395.3,394.8,395.2,29682
2026-06-24T14:10:00+05:30,395.2,395.2,394.7,394.7,105547
2026-06-24T14:15:00+05:30,394.7,395.4,394.45,395.25,60126
2026-06-24T14:20:00+05:30,395.5,395.85,395.25,395.55,53516
2026-06-24T14:25:00+05:30,395.7,395.8,395.45,395.8,44069
2026-06-24T14:30:00+05:30,395.7,395.8,395.15,395.3,47616
2026-06-24T14:35:00+05:30,395.3,395.4,395,395.1,154799
2026-06-24T14:40:00+05:30,395.25,395.7,395.05,395.6,58361
2026-06-24T14:45:00+05:30,395.4,395.5,394.4,394.45,99646
2026-06-24T14:50:00+05:30,394.55,395,394.45,394.75,66098
2026-06-24T14:55:00+05:30,394.75,395,394.45,394.8,65564
2026-06-24T15:00:00+05:30,394.65,395,394.4,394.9,288801
2026-06-24T15:05:00+05:30,394.95,394.95,393.8,393.95,174985
2026-06-24T15:10:00+05:30,393.95,394,392.6,392.6,363491
2026-06-24T15:15:00+05:30,392.75,392.75,391.65,391.7,307630
2026-06-24T15:20:00+05:30,391.7,392,391.45,392,231395
2026-06-24T15:25:00+05:30,392,392,391.8,392,264973
2026-06-25T09:15:00+05:30,395.05,395.9,392.85,393.8,156728
2026-06-25T09:20:00+05:30,393.8,394.2,393.55,393.55,63680
2026-06-25T09:25:00+05:30,393.6,393.65,393,393.5,93859
2026-06-25T09:30:00+05:30,393.6,393.6,392.05,392.7,114492
2026-06-25T09:35:00+05:30,392.8,393.8,392.8,393.3,55285
2026-06-25T09:40:00+05:30,393.15,393.45,392.7,393.05,83089
2026-06-25T09:45:00+05:30,393.15,393.25,392.7,392.8,45236
2026-06-25T09:50:00+05:30,393.05,393.6,392.75,393.6,34862
2026-06-25T09:55:00+05:30,393.6,393.65,391.5,391.75,154334
2026-06-25T10:00:00+05:30,391.75,392.2,391.55,392.05,81514
2026-06-25T10:05:00+05:30,392.05,392.35,391.45,392,51932
2026-06-25T10:10:00+05:30,392.1,392.45,391.6,392.1,52706
2026-06-25T10:15:00+05:30,392.1,392.8,392,392.65,45028
2026-06-25T10:20:00+05:30,392.7,392.95,392.4,392.85,34354
2026-06-25T10:25:00+05:30,392.85,392.9,392.25,392.55,34340
2026-06-25T10:30:00+05:30,392.9,393.05,392.3,393.05,32456
2026-06-25T10:35:00+05:30,393.05,393.5,392.9,393.15,38609
2026-06-25T10:40:00+05:30,393.25,393.65,393.1,393.55,28514
2026-06-25T10:45:00+05:30,393.65,393.85,393.2,393.3,79049
2026-06-25T10:50:00+05:30,393.25,393.45,392.8,392.95,23157
2026-06-25T10:55:00+05:30,392.95,393.5,392.9,393.5,17998
2026-06-25T11:00:00+05:30,393.5,393.8,393.2,393.6,36693
2026-06-25T11:05:00+05:30,393.6,393.85,393.4,393.75,18573
2026-06-25T11:10:00+05:30,393.6,393.8,393.15,393.7,15269
2026-06-25T11:15:00+05:30,393.7,394.2,393.6,394,39186
2026-06-25T11:20:00+05:30,393.95,394.05,393.65,393.7,27515
2026-06-25T11:25:00+05:30,393.85,394,393.65,394,29230
2026-06-25T11:30:00+05:30,394,394.3,393.7,393.9,32314
2026-06-25T11:35:00+05:30,393.9,394.1,393.5,393.5,19398
2026-06-25T11:40:00+05:30,393.5,393.55,393.25,393.4,19470
2026-06-25T11:45:00+05:30,393.4,393.5,393.1,393.45,10504
2026-06-25T11:50:00+05:30,393.45,393.65,392.45,392.75,51843
2026-06-25T11:55:00+05:30,392.75,393,392.5,392.5,34657
2026-06-25T12:00:00+05:30,392.5,392.75,392.5,392.7,68740
2026-06-25T12:05:00+05:30,392.7,393.6,392.7,393.5,43802
2026-06-25T12:10:00+05:30,393.5,393.9,393.2,393.5,32185
2026-06-25T12:15:00+05:30,393.55,394.45,393.45,393.9,39587
2026-06-25T12:20:00+05:30,393.9,394.25,393.45,393.85,18815
2026-06-25T12:25:00+05:30,393.75,393.85,393,393.35,12846
2026-06-25T12:30:00+05:30,393.35,393.4,392.6,393.25,20208
2026-06-25T12:35:00+05:30,393.25,393.55,392.7,393.55,100896
2026-06-25T12:40:00+05:30,393.5,393.6,393.25,393.5,34284
2026-06-25T12:45:00+05:30,393.5,393.7,393.25,393.3,86681
2026-06-25T12:50:00+05:30,393.25,393.75,393.25,393.6,12851
2026-06-25T12:55:00+05:30,393.75,393.85,393.35,393.55,57355
2026-06-25T13:00:00+05:30,393.7,394.15,393.55,393.9,50925
2026-06-25T13:05:00+05:30,393.95,394.15,393.5,393.6,19996
2026-06-25T13:10:00+05:30,393.6,393.85,393.2,393.2,63733
2026-06-25T13:15:00+05:30,393.3,393.6,393.2,393.6,23965
2026-06-25T13:20:00+05:30,393.55,394.4,393.55,394.4,37087
2026-06-25T13:25:00+05:30,394.3,394.4,390.9,392.55,1817744
2026-06-25T13:30:00+05:30,392.55,392.8,392,392,86707
2026-06-25T13:35:00+05:30,392,392.15,391.2,392.05,63881
2026-06-25T13:40:00+05:30,392.05,392.55,392.05,392.2,34039
2026-06-25T13:45:00+05:30,392.2,392.4,391.85,392.1,25775
2026-06-25T13:50:00+05:30,392.15,392.55,392,392.25,42237
2026-06-25T13:55:00+05:30,392.25,392.3,391.8,391.85,71007
2026-06-25T14:00:00+05:30,391.85,392.05,391.3,391.85,37192
2026-06-25T14:05:00+05:30,391.85,391.95,391.5,391.95,86189
2026-06-25T14:10:00+05:30,391.8,391.95,390.85,390.85,186789
2026-06-25T14:15:00+05:30,390.9,391.15,390.55,391.05,80630
2026-06-25T14:20:00+05:30,391,391.35,390.95,391,26995
2026-06-25T14:25:00+05:30,391,391.1,390.35,390.75,45226
2026-06-25T14:30:00+05:30,390.95,391.15,390.8,391,34997
2026-06-25T14:35:00+05:30,391,391.3,390.8,390.85,111457
2026-06-25T14:40:00+05:30,390.85,390.95,390,390.25,96851
2026-06-25T14:45:00+05:30,390.25,390.35,389.65,390.05,56652
2026-06-25T14:50:00+05:30,390.05,390.45,390,390.3,21071
2026-06-25T14:55:00+05:30,390.3,390.5,390.1,390.2,39001
2026-06-25T15:00:00+05:30,390.2,390.35,388.8,388.8,275440
2026-06-25T15:05:00+05:30,388.8,389.55,388.8,389,175199
2026-06-25T15:10:00+05:30,389,389.25,389,389,110627
2026-06-25T15:15:00+05:30,389,389.15,388.5,388.8,146751
2026-06-25T15:20:00+05:30,388.8,388.85,388.5,388.7,106062
2026-06-25T15:25:00+05:30,388.7,388.75,388,388.75,221908
2026-06-29T09:15:00+05:30,388.95,390,386.15,387.05,229172
2026-06-29T09:20:00+05:30,387.1,387.75,386.7,386.8,78497
2026-06-29T09:25:00+05:30,386.6,388,386,387.4,97929
2026-06-29T09:30:00+05:30,387.45,387.5,386.8,386.8,52260
2026-06-29T09:35:00+05:30,386.65,387.55,386.15,387.3,34165
2026-06-29T09:40:00+05:30,387.25,388,387,387.9,49201
2026-06-29T09:45:00+05:30,387.85,387.85,387,387.1,43273
2026-06-29T09:50:00+05:30,387,387.55,386.5,386.6,50572
2026-06-29T09:55:00+05:30,386.6,386.75,386.3,386.35,30104
2026-06-29T10:00:00+05:30,386.5,386.55,385.65,385.8,80107
2026-06-29T10:05:00+05:30,385.7,386.7,385.7,386.55,33500
2026-06-29T10:10:00+05:30,386.4,386.5,386,386,65393
2026-06-29T10:15:00+05:30,385.95,387,385.5,386.7,102425
2026-06-29T10:20:00+05:30,386.75,386.85,385.9,386.3,78063
2026-06-29T10:25:00+05:30,386.4,386.85,386.35,386.6,24824
2026-06-29T10:30:00+05:30,386.55,386.9,386.45,386.45,27137
2026-06-29T10:35:00+05:30,386.45,386.75,386.2,386.4,26485
2026-06-29T10:40:00+05:30,386.35,386.45,386.1,386.4,16456
2026-06-29T10:45:00+05:30,386.15,386.45,385.75,386.1,48521
2026-06-29T10:50:00+05:30,385.9,386.1,385.55,385.75,25605
2026-06-29T10:55:00+05:30,385.7,386.35,385.55,386.2,52908
2026-06-29T11:00:00+05:30,386.2,386.35,385.75,386.05,26541
2026-06-29T11:05:00+05:30,386.1,386.15,385.7,385.9,15374
2026-06-29T11:10:00+05:30,385.9,385.9,385.1,385.2,56989
2026-06-29T11:15:00+05:30,385.2,385.9,385.2,385.9,33774
2026-06-29T11:20:00+05:30,385.75,385.9,385.4,385.65,34895
2026-06-29T11:25:00+05:30,385.8,385.9,385.4,385.5,23664
2026-06-29T11:30:00+05:30,385.45,385.75,385.4,385.55,15800
2026-06-29T11:35:00+05:30,385.55,386,385.45,385.95,36322
2026-06-29T11:40:00+05:30,385.8,386,385.7,385.85,19053
2026-06-29T11:45:00+05:30,385.85,387.3,385.85,387.1,51391
2026-06-29T11:50:00+05:30,387.25,387.9,386.8,387.5,71862
2026-06-29T11:55:00+05:30,387.6,389,387.05,388.8,131129
2026-06-29T12:00:00+05:30,388.6,389,388.6,388.7,60596
2026-06-29T12:05:00+05:30,388.85,389.8,388.75,389.5,51546
2026-06-29T12:10:00+05:30,389.7,390.3,389.25,389.6,70897
2026-06-29T12:15:00+05:30,389.6,389.6,388.2,388.5,40636
2026-06-29T12:20:00+05:30,388.5,388.9,388.4,388.75,55674
2026-06-29T12:25:00+05:30,388.6,388.85,387.6,387.9,98489
2026-06-29T12:30:00+05:30,388,388,386.75,387.05,43170
2026-06-29T12:35:00+05:30,387.2,387.3,386.75,386.8,16771
2026-06-29T12:40:00+05:30,386.8,387,386.5,386.9,15378
2026-06-29T12:45:00+05:30,387,387,386.3,386.3,15476
2026-06-29T12:50:00+05:30,386.3,386.45,386.15,386.4,10292
2026-06-29T12:55:00+05:30,386.4,386.7,386.05,386.6,37471
2026-06-29T13:00:00+05:30,386.6,387.5,386.4,387.3,22054
2026-06-29T13:05:00+05:30,387.3,388.25,387.2,388.25,35204
2026-06-29T13:10:00+05:30,388.25,388.35,387.9,387.95,13963
2026-06-29T13:15:00+05:30,387.95,388,387.3,387.35,16936
2026-06-29T13:20:00+05:30,387.45,387.6,387.2,387.4,8586
2026-06-29T13:25:00+05:30,387.55,387.9,387.4,387.85,8548
2026-06-29T13:30:00+05:30,387.85,387.9,387,387,10875
2026-06-29T13:35:00+05:30,387,387.4,386.95,387.4,19883
2026-06-29T13:40:00+05:30,387.4,387.75,386.7,386.9,23531
2026-06-29T13:45:00+05:30,386.75,387.15,386.75,386.8,7810
2026-06-29T13:50:00+05:30,386.8,386.95,386.5,386.85,16139
2026-06-29T13:55:00+05:30,386.85,387,386.6,386.8,6742
2026-06-29T14:00:00+05:30,386.9,387.15,386.65,386.75,9962
2026-06-29T14:05:00+05:30,386.75,387.2,386.6,387.2,27320
2026-06-29T14:10:00+05:30,387.2,387.45,387,387.45,9690
2026-06-29T14:15:00+05:30,387.45,387.5,386.4,386.5,82853
2026-06-29T14:20:00+05:30,386.5,386.5,386.05,386.05,27164
2026-06-29T14:25:00+05:30,386.05,386.55,386,386.5,19067
2026-06-29T14:30:00+05:30,386.5,386.85,386.25,386.6,10545
2026-06-29T14:35:00+05:30,386.6,386.7,386.25,386.55,24578
2026-06-29T14:40:00+05:30,386.6,387.2,386.4,386.9,29592
2026-06-29T14:45:00+05:30,386.85,387.05,386.45,386.65,22625
2026-06-29T14:50:00+05:30,386.45,387.4,386.4,386.85,15584
2026-06-29T14:55:00+05:30,387,387.25,386,386.3,49075
2026-06-29T15:00:00+05:30,385.95,387.65,385.95,386.9,137625
2026-06-29T15:05:00+05:30,386.85,387.5,386.65,387.15,137218
2026-06-29T15:10:00+05:30,386.8,386.85,386.25,386.5,103448
2026-06-29T15:15:00+05:30,386.6,386.85,385.9,385.9,139831
2026-06-29T15:20:00+05:30,385.95,386.15,385.5,386.15,137044
2026-06-29T15:25:00+05:30,386.1,386.85,386,386.75,121029
2026-06-30T09:15:00+05:30,387.55,389.35,386.85,387.75,86788
2026-06-30T09:20:00+05:30,387.5,387.9,386.55,386.6,99145
2026-06-30T09:25:00+05:30,386.6,387.5,385.9,386.25,102005
2026-06-30T09:30:00+05:30,386.3,386.45,385.6,385.75,79458
2026-06-30T09:35:00+05:30,385.75,386.2,385.55,385.8,33705
2026-06-30T09:40:00+05:30,385.8,385.8,384.75,385.3,93766
2026-06-30T09:45:00+05:30,385.1,385.9,384.85,385.4,96122
2026-06-30T09:50:00+05:30,385.4,386.05,385.2,385.7,49257
2026-06-30T09:55:00+05:30,385.55,385.75,385.1,385.35,63461
2026-06-30T10:00:00+05:30,385.35,385.75,385.15,385.6,22540
2026-06-30T10:05:00+05:30,385.7,385.8,385.25,385.3,30542
2026-06-30T10:10:00+05:30,385.4,385.5,385.05,385.4,29875
2026-06-30T10:15:00+05:30,385.4,385.45,385,385.15,48709
2026-06-30T10:20:00+05:30,385.1,385.2,384,384.2,137308
2026-06-30T10:25:00+05:30,384.25,384.5,384,384.5,53093
2026-06-30T10:30:00+05:30,384.5,384.7,384.2,384.6,46270
2026-06-30T10:35:00+05:30,384.4,384.6,384.1,384.25,42255
2026-06-30T10:40:00+05:30,384.3,384.4,384.1,384.3,28992
2026-06-30T10:45:00+05:30,384.3,384.9,384.1,384.9,42840
2026-06-30T10:50:00+05:30,384.9,386.6,384.9,386,112541
2026-06-30T10:55:00+05:30,386,386.3,385.5,385.8,88392
2026-06-30T11:00:00+05:30,385.8,385.9,385.25,385.25,20904
2026-06-30T11:05:00+05:30,385.3,385.8,385.2,385.65,24843
2026-06-30T11:10:00+05:30,385.75,387,385.6,386.65,100272
2026-06-30T11:15:00+05:30,386.65,386.7,386.2,386.55,53717
2026-06-30T11:20:00+05:30,386.6,387,386.6,386.95,43508
2026-06-30T11:25:00+05:30,386.95,387.2,386.65,386.75,26701
2026-06-30T11:30:00+05:30,386.65,386.8,385.65,386.05,33940
2026-06-30T11:35:00+05:30,386.05,386.05,385.5,385.9,40051
2026-06-30T11:40:00+05:30,385.9,385.95,385.45,385.65,29965
2026-06-30T11:45:00+05:30,385.65,385.95,385.5,385.85,14120
2026-06-30T11:50:00+05:30,385.85,386.05,385.5,385.8,22404
2026-06-30T11:55:00+05:30,385.95,386.2,385.8,386.1,10607
2026-06-30T12:00:00+05:30,386.3,386.35,385.65,386.1,29813
2026-06-30T12:05:00+05:30,386.1,386.3,385.9,386.15,37939
2026-06-30T12:10:00+05:30,386.3,386.3,385.9,386,16821
2026-06-30T12:15:00+05:30,386,386.2,385.75,385.95,14962
2026-06-30T12:20:00+05:30,385.95,386.1,385.75,385.9,14084
2026-06-30T12:25:00+05:30,385.9,386,385.6,385.85,65590
2026-06-30T12:30:00+05:30,385.95,386,385.35,385.5,36545
2026-06-30T12:35:00+05:30,385.5,385.95,385.35,385.85,18663
2026-06-30T12:40:00+05:30,385.95,386.15,385.8,386,14250
2026-06-30T12:45:00+05:30,386,386,385.65,386,28468
2026-06-30T12:50:00+05:30,385.85,386,385.6,385.75,18124
2026-06-30T12:55:00+05:30,385.75,385.9,385.6,385.75,9629
2026-06-30T13:00:00+05:30,385.75,385.8,385.5,385.55,18408
2026-06-30T13:05:00+05:30,385.55,385.8,385.3,385.4,21445
2026-06-30T13:10:00+05:30,385.3,385.35,385,385.15,89629
2026-06-30T13:15:00+05:30,385.15,385.3,385.05,385.25,15239
2026-06-30T13:20:00+05:30,385.15,385.25,385,385,18217
2026-06-30T13:25:00+05:30,385,385.75,385,385.7,22484
2026-06-30T13:30:00+05:30,385.7,386.2,385.65,386.1,31310
2026-06-30T13:35:00+05:30,386,386.15,385.95,386,17322
2026-06-30T13:40:00+05:30,386,386.2,385.85,385.95,48639
2026-06-30T13:45:00+05:30,386,386.05,385.55,385.7,11873
2026-06-30T13:50:00+05:30,385.6,386.15,385.6,385.75,66536
2026-06-30T13:55:00+05:30,385.75,386.1,385.7,386,19768
2026-06-30T14:00:00+05:30,386,386.1,385.6,385.6,29450
2026-06-30T14:05:00+05:30,385.65,385.8,385.4,385.7,30235
2026-06-30T14:10:00+05:30,385.65,385.8,385.35,385.6,11639
2026-06-30T14:15:00+05:30,385.55,385.8,385.3,385.7,24021
2026-06-30T14:20:00+05:30,385.75,386.8,385.6,386.8,40252
2026-06-30T14:25:00+05:30,387,387.45,386.65,386.85,86988
2026-06-30T14:30:00+05:30,386.85,387.05,386.1,386.6,43561
2026-06-30T14:35:00+05:30,386.55,386.55,386,386.15,18523
2026-06-30T14:40:00+05:30,386.15,386.55,386.1,386.4,29599
2026-06-30T14:45:00+05:30,386.55,387.35,386.2,387.2,81177
2026-06-30T14:50:00+05:30,387.1,387.2,386.6,387.1,34898
2026-06-30T14:55:00+05:30,387.1,387.2,386.1,386.5,23404
2026-06-30T15:00:00+05:30,386.3,386.3,385.05,385.5,79645
2026-06-30T15:05:00+05:30,385.5,385.75,385.35,385.75,63066
2026-06-30T15:10:00+05:30,385.75,385.75,385.4,385.45,70071
2026-06-30T15:15:00+05:30,385.45,385.5,385,385.1,100638
2026-06-30T15:20:00+05:30,385.1,385.55,385.05,385.35,143328
2026-06-30T15:25:00+05:30,385.45,386.8,385.3,386.7,103802
2026-07-01T09:15:00+05:30,386.25,387.05,385.25,385.7,89226
2026-07-01T09:20:00+05:30,385.65,386.35,385.15,385.6,47819
2026-07-01T09:25:00+05:30,385.6,385.7,384.75,384.85,61942
2026-07-01T09:30:00+05:30,384.75,385,384.2,384.5,71650
2026-07-01T09:35:00+05:30,384.45,385.15,384.45,384.9,33972
2026-07-01T09:40:00+05:30,384.9,385,384,384.15,56428
2026-07-01T09:45:00+05:30,384.15,384.3,383.7,384,43138
2026-07-01T09:50:00+05:30,384.1,384.55,383.6,384.55,67017
2026-07-01T09:55:00+05:30,384.6,384.6,384.2,384.5,29081
2026-07-01T10:00:00+05:30,384.5,385,384.5,384.55,20498
2026-07-01T10:05:00+05:30,384.55,384.85,384.4,384.65,45173
2026-07-01T10:10:00+05:30,384.75,384.8,384.4,384.5,22377
2026-07-01T10:15:00+05:30,384.55,385.8,384.55,385.8,54274
2026-07-01T10:20:00+05:30,385.8,385.95,385.25,385.75,134379
2026-07-01T10:25:00+05:30,385.9,386.15,385.3,386,48047
2026-07-01T10:30:00+05:30,386,386.9,385.75,385.9,73633
2026-07-01T10:35:00+05:30,385.8,386,385.2,385.3,31222
2026-07-01T10:40:00+05:30,385.2,385.5,384.85,385,22408
2026-07-01T10:45:00+05:30,385,386.3,384.95,385.95,33291
2026-07-01T10:50:00+05:30,385.95,386.25,385.65,385.8,29699
2026-07-01T10:55:00+05:30,385.9,386,385.55,385.9,19911
2026-07-01T11:00:00+05:30,385.9,386.2,385.8,386.1,16865
2026-07-01T11:05:00+05:30,386.1,386.55,385.5,385.7,28006
2026-07-01T11:10:00+05:30,385.75,385.8,385.4,385.45,19344
2026-07-01T11:15:00+05:30,385.35,385.6,384.75,385.1,127217
2026-07-01T11:20:00+05:30,385.1,385.25,384.85,385,31768
2026-07-01T11:25:00+05:30,385,385.2,384.85,384.95,20923
2026-07-01T11:30:00+05:30,384.95,385,384.25,384.35,52212
2026-07-01T11:35:00+05:30,384.35,384.35,383.85,384.25,43651
2026-07-01T11:40:00+05:30,384.25,384.35,384.05,384.2,14744
2026-07-01T11:45:00+05:30,384.2,384.3,383.7,383.7,55963
2026-07-01T11:50:00+05:30,383.85,384,380,382.85,2876517
2026-07-01T11:55:00+05:30,382.9,382.9,381.8,382,195466
2026-07-01T12:00:00+05:30,381.85,382.15,380.3,380.4,239763
2026-07-01T12:05:00+05:30,380.4,381.05,380.4,381.05,86863
2026-07-01T12:10:00+05:30,381,381.05,380.1,380.1,97937
2026-07-01T12:15:00+05:30,380.35,380.4,379.75,380.25,1110940
2026-07-01T12:20:00+05:30,380.3,380.35,379.8,380,59288
2026-07-01T12:25:00+05:30,379.9,380.1,378.05,378.05,149615
2026-07-01T12:30:00+05:30,378.3,379.55,378.3,379.4,56341
2026-07-01T12:35:00+05:30,379.35,379.5,379.05,379.5,26422
2026-07-01T12:40:00+05:30,379.5,379.7,379.1,379.2,41701
2026-07-01T12:45:00+05:30,379.2,379.5,379.1,379.5,26410
2026-07-01T12:50:00+05:30,379.35,379.65,379.2,379.35,41407
2026-07-01T12:55:00+05:30,379.15,379.55,379.1,379.55,23943
2026-07-01T13:00:00+05:30,379.5,379.55,378.7,379.25,58356
2026-07-01T13:05:00+05:30,379.25,379.35,379,379.2,31828
2026-07-01T13:10:00+05:30,379.15,379.8,379.05,379.65,19789
2026-07-01T13:15:00+05:30,379.65,379.8,379.35,379.45,15301
2026-07-01T13:20:00+05:30,379.55,379.55,379.25,379.4,15680
2026-07-01T13:25:00+05:30,379.35,379.4,379,379.15,21108
2026-07-01T13:30:00+05:30,379.2,379.2,378.8,379,53358
2026-07-01T13:35:00+05:30,379.15,379.15,378.85,378.95,19948
2026-07-01T13:40:00+05:30,378.95,379.2,378.6,378.75,42398
2026-07-01T13:45:00+05:30,378.75,378.9,378.6,378.65,37645
2026-07-01T13:50:00+05:30,378.7,378.85,378.6,378.6,20426
2026-07-01T13:55:00+05:30,378.75,378.85,378.6,378.75,24866
2026-07-01T14:00:00+05:30,378.75,378.75,378,378.4,83117
2026-07-01T14:05:00+05:30,378.4,378.4,378,378.2,26720
2026-07-01T14:10:00+05:30,378.2,378.2,377.35,377.75,78958
2026-07-01T14:15:00+05:30,377.8,377.85,377.4,377.6,37901
2026-07-01T14:20:00+05:30,377.5,377.55,376.65,377,576430
2026-07-01T14:25:00+05:30,377,377.25,376.75,376.95,90858
2026-07-01T14:30:00+05:30,376.95,377.05,375.6,375.85,150537
2026-07-01T14:35:00+05:30,375.85,376.3,375.6,375.8,119588
2026-07-01T14:40:00+05:30,375.75,376.5,375.65,376.3,69111
2026-07-01T14:45:00+05:30,376.3,376.7,376.2,376.35,39259
2026-07-01T14:50:00+05:30,376.35,376.95,376.2,376.7,87678
2026-07-01T14:55:00+05:30,376.65,376.9,376.6,376.8,45154
2026-07-01T15:00:00+05:30,376.9,376.9,376,376.05,416634
2026-07-01T15:05:00+05:30,376.2,376.2,375.6,375.85,138178
2026-07-01T15:10:00+05:30,375.85,375.85,375.05,375.25,162367
2026-07-01T15:15:00+05:30,375.3,375.45,375,375.3,217276
2026-07-01T15:20:00+05:30,375.1,375.15,374.7,374.95,315321
2026-07-01T15:25:00+05:30,374.95,375.15,374.3,375,237944
2026-07-02T09:15:00+05:30,376.8,378,375.25,375.45,234700
2026-07-02T09:20:00+05:30,375.45,376.2,374.4,376.2,206910
2026-07-02T09:25:00+05:30,376.35,376.8,375.7,375.95,174637
2026-07-02T09:30:00+05:30,375.9,376.65,375.9,376.05,123100
2026-07-02T09:35:00+05:30,376.2,377.2,376.05,376.55,89590
2026-07-02T09:40:00+05:30,376.55,377,376.2,376.9,65408
2026-07-02T09:45:00+05:30,377,377.65,376.9,377.4,62665
2026-07-02T09:50:00+05:30,377.4,377.95,376.5,376.5,104815
2026-07-02T09:55:00+05:30,376.45,376.7,376.25,376.25,82422
2026-07-02T10:00:00+05:30,376.35,376.5,376,376.35,67416
2026-07-02T10:05:00+05:30,376.4,376.4,375.5,376.25,139208
2026-07-02T10:10:00+05:30,376.25,376.4,375.9,376.4,85081
2026-07-02T10:15:00+05:30,376.25,376.7,376.15,376.35,93112
2026-07-02T10:20:00+05:30,376.35,376.5,375.6,375.9,55352
2026-07-02T10:25:00+05:30,375.9,376.05,375.4,375.95,955505
2026-07-02T10:30:00+05:30,375.95,376.25,375.75,375.9,39683
2026-07-02T10:35:00+05:30,375.9,377,375.75,376.75,134743
2026-07-02T10:40:00+05:30,376.8,377,376.15,376.5,108744
2026-07-02T10:45:00+05:30,376.5,377.3,376.4,376.75,238211
2026-07-02T10:50:00+05:30,376.9,377.05,376.7,376.95,55356
2026-07-02T10:55:00+05:30,376.95,377.45,376.8,377.4,130787
2026-07-02T11:00:00+05:30,377.4,377.65,376.45,376.7,168013
2026-07-02T11:05:00+05:30,376.75,376.9,376.15,376.15,57235
2026-07-02T11:10:00+05:30,376.1,376.35,376,376.15,54489
2026-07-02T11:15:00+05:30,376.15,376.2,375.8,375.85,50041
2026-07-02T11:20:00+05:30,375.85,375.9,375.3,375.45,64173
2026-07-02T11:25:00+05:30,375.45,375.6,375.2,375.4,42553
2026-07-02T11:30:00+05:30,375.4,375.7,375.3,375.4,34717
2026-07-02T11:35:00+05:30,375.4,375.45,375.05,375.3,38890
2026-07-02T11:40:00+05:30,375.3,375.5,374.5,374.75,144271
2026-07-02T11:45:00+05:30,374.7,375,374.55,374.75,44329
2026-07-02T11:50:00+05:30,374.8,375,374.65,374.95,58300
2026-07-02T11:55:00+05:30,375,375.1,374.8,374.9,96574
2026-07-02T12:00:00+05:30,374.9,375.9,374.9,375.85,121843
2026-07-02T12:05:00+05:30,375.8,376.4,375.05,375.15,147495
2026-07-02T12:10:00+05:30,375.15,375.15,374.8,375,569864
2026-07-02T12:15:00+05:30,375.1,376,375,375.75,58815
2026-07-02T12:20:00+05:30,375.7,375.9,375.45,375.75,48507
2026-07-02T12:25:00+05:30,375.75,375.9,375.55,375.85,29689
2026-07-02T12:30:00+05:30,375.85,376,375.7,376,39331
2026-07-02T12:35:00+05:30,375.85,376.35,375.85,376,176584
2026-07-02T12:40:00+05:30,375.95,376,375.2,375.2,69216
2026-07-02T12:45:00+05:30,375.3,375.35,375.1,375.3,20869
2026-07-02T12:50:00+05:30,375.25,375.35,374.7,375.05,124689
2026-07-02T12:55:00+05:30,375.05,375.5,374.95,375.4,29617
2026-07-02T13:00:00+05:30,375.25,375.65,375.2,375.65,19761
2026-07-02T13:05:00+05:30,375.5,375.9,375.5,375.7,24971
2026-07-02T13:10:00+05:30,375.7,375.85,375.55,375.55,36132
2026-07-02T13:15:00+05:30,375.6,375.6,375.3,375.55,62243
2026-07-02T13:20:00+05:30,375.6,376.3,375.55,376.1,139144
2026-07-02T13:25:00+05:30,376.25,376.25,375.65,375.95,65917
2026-07-02T13:30:00+05:30,375.95,375.95,375.7,375.85,27185
2026-07-02T13:35:00+05:30,375.85,376,375.55,376,92764
2026-07-02T13:40:00+05:30,376,377.45,375.9,376.7,396210
2026-07-02T13:45:00+05:30,376.7,376.95,376.6,376.65,46454
2026-07-02T13:50:00+05:30,376.75,377.2,376.7,377,198147
2026-07-02T13:55:00+05:30,377,377.1,376.8,377,55271
2026-07-02T14:00:00+05:30,377,377,376.75,376.9,36785
2026-07-02T14:05:00+05:30,376.9,376.95,376.45,376.8,81239
2026-07-02T14:10:00+05:30,376.8,376.8,376.6,376.75,20405
2026-07-02T14:15:00+05:30,376.75,376.95,376.65,376.95,26054
2026-07-02T14:20:00+05:30,376.95,377.25,376.7,376.85,196029
2026-07-02T14:25:00+05:30,376.85,376.95,376.6,376.6,25442
2026-07-02T14:30:00+05:30,376.6,377,376.45,376.95,159041
2026-07-02T14:35:00+05:30,376.95,377,376.4,376.95,127393
2026-07-02T14:40:00+05:30,377,377,376.65,376.95,122560
2026-07-02T14:45:00+05:30,376.9,377.1,376.8,377,169317
2026-07-02T14:50:00+05:30,377,377,376.75,377,51377
2026-07-02T14:55:00+05:30,377,377.25,376.75,376.9,103177
2026-07-02T15:00:00+05:30,376.95,377,376.5,376.9,136128
2026-07-02T15:05:00+05:30,376.95,376.95,376.5,376.75,134998
2026-07-02T15:10:00+05:30,376.7,376.7,376.15,376.15,189087
2026-07-02T15:15:00+05:30,376.3,376.55,376.15,376.45,167261
2026-07-02T15:20:00+05:30,376.4,376.45,376.05,376.35,169970
2026-07-02T15:25:00+05:30,376.3,376.6,376.1,376.6,207906
2026-07-03T09:15:00+05:30,377.5,378.75,376.65,377.7,232102
2026-07-03T09:20:00+05:30,377.9,378.25,377.25,377.9,164195
2026-07-03T09:25:00+05:30,378.15,378.15,377.45,377.6,79920
2026-07-03T09:30:00+05:30,377.6,378.65,377.4,378.3,179391
2026-07-03T09:35:00+05:30,378.25,378.5,377.95,378.25,71170
2026-07-03T09:40:00+05:30,378.4,378.65,378,378.25,73068
2026-07-03T09:45:00+05:30,378.6,378.7,378.25,378.5,44817
2026-07-03T09:50:00+05:30,378.7,379.75,378.5,379.5,191887
2026-07-03T09:55:00+05:30,379.5,379.85,379.05,379.5,86212
2026-07-03T10:00:00+05:30,379.65,380.45,379.4,380.45,99707
2026-07-03T10:05:00+05:30,380.3,380.65,380,380.4,100063
2026-07-03T10:10:00+05:30,380.4,380.65,379.8,380.35,70896
2026-07-03T10:15:00+05:30,380.4,380.65,380.1,380.45,47387
2026-07-03T10:20:00+05:30,380.45,381.45,380.2,380.5,100995
2026-07-03T10:25:00+05:30,380.5,381.3,380.2,380.25,82383
2026-07-03T10:30:00+05:30,380.4,380.7,379.3,379.45,637582
2026-07-03T10:35:00+05:30,379.4,379.65,379,379,68553
2026-07-03T10:40:00+05:30,379.2,379.25,378.6,378.65,48734
2026-07-03T10:45:00+05:30,378.7,378.95,378.6,378.7,24023
2026-07-03T10:50:00+05:30,378.85,378.85,378.2,378.25,46461
2026-07-03T10:55:00+05:30,378.2,378.4,377.7,378.05,71788
2026-07-03T11:00:00+05:30,378.1,378.4,378,378.2,40982
2026-07-03T11:05:00+05:30,378.25,378.35,377.35,377.4,54221
2026-07-03T11:10:00+05:30,377.5,377.7,377.3,377.4,23360
2026-07-03T11:15:00+05:30,377.55,377.7,377,377.1,52568
2026-07-03T11:20:00+05:30,377.3,377.5,377,377.2,62584
2026-07-03T11:25:00+05:30,377.2,377.75,377.05,377.05,44161
2026-07-03T11:30:00+05:30,377,377.35,376.8,377.3,55069
2026-07-03T11:35:00+05:30,377.3,377.55,377.05,377.3,47358
2026-07-03T11:40:00+05:30,377.3,377.65,377,377.2,17720
2026-07-03T11:45:00+05:30,377.35,377.35,376.25,376.9,176956
2026-07-03T11:50:00+05:30,376.85,377.6,376.85,377.4,41889
2026-07-03T11:55:00+05:30,377.4,377.8,377.1,377.4,66567
2026-07-03T12:00:00+05:30,377.6,377.7,377.3,377.35,22384
2026-07-03T12:05:00+05:30,377.55,377.55,377.25,377.45,24805
2026-07-03T12:10:00+05:30,377.45,377.45,377,377.3,21975
2026-07-03T12:15:00+05:30,377.2,377.35,377.05,377.15,21576
2026-07-03T12:20:00+05:30,377.3,377.4,376.7,376.7,54207
2026-07-03T12:25:00+05:30,376.7,377.2,376.7,377.2,34903
2026-07-03T12:30:00+05:30,377.25,377.35,376.85,377,23982
2026-07-03T12:35:00+05:30,377,377.1,376.4,376.6,19766
2026-07-03T12:40:00+05:30,376.65,376.7,376.25,376.5,30056
2026-07-03T12:45:00+05:30,376.5,376.8,376.4,376.75,25233
2026-07-03T12:50:00+05:30,376.75,376.8,376.3,376.7,38949
2026-07-03T12:55:00+05:30,376.7,376.75,376.3,376.35,24063
2026-07-03T13:00:00+05:30,376.5,376.5,375.6,375.8,95360
2026-07-03T13:05:00+05:30,375.75,375.8,375.2,375.4,72798
2026-07-03T13:10:00+05:30,375.4,375.95,375.3,375.85,24647
2026-07-03T13:15:00+05:30,375.95,375.95,375.5,375.5,18120
2026-07-03T13:20:00+05:30,375.7,375.7,375.4,375.5,42913
2026-07-03T13:25:00+05:30,375.6,375.75,375.45,375.5,102218
2026-07-03T13:30:00+05:30,375.55,375.6,375.05,375.35,36470
2026-07-03T13:35:00+05:30,375.35,375.5,375.1,375.1,24364
2026-07-03T13:40:00+05:30,375.3,375.65,375.1,375.6,16668
2026-07-03T13:45:00+05:30,375.6,375.95,375.45,375.85,51404
2026-07-03T13:50:00+05:30,375.85,376.15,375.7,376.15,56139
2026-07-03T13:55:00+05:30,376,376.2,375.8,375.85,77433
2026-07-03T14:00:00+05:30,376,376.1,375.5,375.55,72882
2026-07-03T14:05:00+05:30,375.55,375.8,375.45,375.5,44070
2026-07-03T14:10:00+05:30,375.5,375.95,375.4,375.5,25404
2026-07-03T14:15:00+05:30,375.6,375.65,375.25,375.45,27660
2026-07-03T14:20:00+05:30,375.45,375.6,375.1,375.6,27922
2026-07-03T14:25:00+05:30,375.4,375.6,375.25,375.3,20601
2026-07-03T14:30:00+05:30,375.3,375.85,375.3,375.8,22486
2026-07-03T14:35:00+05:30,375.8,375.85,375.5,375.7,29726
2026-07-03T14:40:00+05:30,375.7,376.1,375.7,375.8,53837
2026-07-03T14:45:00+05:30,375.8,376.2,375.6,376.1,52919
2026-07-03T14:50:00+05:30,376,376.15,375.5,375.8,125833
2026-07-03T14:55:00+05:30,375.85,375.95,375.25,375.75,122735
2026-07-03T15:00:00+05:30,375.8,376.15,375.7,375.85,76941
2026-07-03T15:05:00+05:30,375.85,376.15,375.8,376,79691
2026-07-03T15:10:00+05:30,376.05,376.05,375.1,375.3,271338
2026-07-03T15:15:00+05:30,375.3,375.5,374.4,374.4,245032
2026-07-03T15:20:00+05:30,374.75,375.15,374.55,374.8,158008
2026-07-03T15:25:00+05:30,374.8,375.3,374.75,375.1,154504
2026-07-06T09:15:00+05:30,375.2,376.5,373.75,375.95,144507
2026-07-06T09:20:00+05:30,376,376.5,375.55,375.75,66060
2026-07-06T09:25:00+05:30,375.75,375.75,374.8,375.3,57305
2026-07-06T09:30:00+05:30,375.4,375.65,374.95,375.2,68096
2026-07-06T09:35:00+05:30,375.2,376,374.7,375.6,63749
2026-07-06T09:40:00+05:30,375.5,376,375.35,375.75,37437
2026-07-06T09:45:00+05:30,375.8,376.3,375.65,376,42363
2026-07-06T09:50:00+05:30,376,376.75,376,376.6,44185
2026-07-06T09:55:00+05:30,376.55,376.95,376.4,376.8,30448
2026-07-06T10:00:00+05:30,376.85,377.2,376.4,376.4,90272
2026-07-06T10:05:00+05:30,376.65,376.65,376.1,376.5,71739
2026-07-06T10:10:00+05:30,376.5,377.45,376.35,377.25,50185
2026-07-06T10:15:00+05:30,377.45,377.95,377.2,377.45,48588
2026-07-06T10:20:00+05:30,377.4,377.6,377,377.6,39975
2026-07-06T10:25:00+05:30,377.6,378.65,377.15,377.3,103958
2026-07-06T10:30:00+05:30,377.3,377.5,377.1,377.25,26579
2026-07-06T10:35:00+05:30,377.3,377.65,376.85,377.4,181079
2026-07-06T10:40:00+05:30,377.4,377.65,376.85,377.1,26699
2026-07-06T10:45:00+05:30,377.05,377.25,376.85,377,22027
2026-07-06T10:50:00+05:30,377.2,377.25,375.75,375.75,58161
2026-07-06T10:55:00+05:30,375.8,376,375.1,375.7,46738
2026-07-06T11:00:00+05:30,375.8,376.95,375.8,376.75,44864
2026-07-06T11:05:00+05:30,376.65,377.1,376.55,377,24619
2026-07-06T11:10:00+05:30,377,377.05,376.55,376.9,18781
2026-07-06T11:15:00+05:30,376.75,377.1,376.5,376.65,16252
2026-07-06T11:20:00+05:30,376.5,377,376.5,376.6,11937
2026-07-06T11:25:00+05:30,376.6,377.15,376.5,376.8,23991
2026-07-06T11:30:00+05:30,377,377.05,376.55,376.95,17387
2026-07-06T11:35:00+05:30,376.85,377.1,376.65,376.85,13321
2026-07-06T11:40:00+05:30,377,377.25,376.7,377.15,14018
2026-07-06T11:45:00+05:30,377.05,377.35,376.9,376.95,21480
2026-07-06T11:50:00+05:30,376.95,377.7,376.9,377.7,31703
2026-07-06T11:55:00+05:30,377.5,378.1,377.45,377.9,43347
2026-07-06T12:00:00+05:30,378.05,378.35,377.8,377.95,30947
2026-07-06T12:05:00+05:30,377.95,378.05,377.4,377.6,25182
2026-07-06T12:10:00+05:30,377.65,377.85,377.2,377.6,18544
2026-07-06T12:15:00+05:30,377.4,377.6,377.25,377.45,15608
2026-07-06T12:20:00+05:30,377.25,378,377.05,377.95,31983
2026-07-06T12:25:00+05:30,377.95,378.7,377.85,378.45,59174
2026-07-06T12:30:00+05:30,378.55,378.85,378.35,378.55,44674
2026-07-06T12:35:00+05:30,378.5,378.6,377.85,378,51473
2026-07-06T12:40:00+05:30,378,378.25,377.95,378.1,32587
2026-07-06T12:45:00+05:30,378.1,378.2,377.65,377.8,40985
2026-07-06T12:50:00+05:30,377.75,378.15,377.65,377.9,20408
2026-07-06T12:55:00+05:30,377.7,378.5,377.7,378.4,42094
2026-07-06T13:00:00+05:30,378.4,378.6,378.05,378.6,48734
2026-07-06T13:05:00+05:30,378.6,378.8,378.35,378.6,29727
2026-07-06T13:10:00+05:30,378.6,379,378.6,378.95,42416
2026-07-06T13:15:00+05:30,378.95,379.75,378.8,379.45,98907
2026-07-06T13:20:00+05:30,379.45,379.85,379,379,120102
2026-07-06T13:25:00+05:30,379,379.3,378.15,378.45,86968
2026-07-06T13:30:00+05:30,378.35,378.85,378.2,378.85,39886
2026-07-06T13:35:00+05:30,378.7,378.9,378.4,378.6,17282
2026-07-06T13:40:00+05:30,378.5,378.7,378.35,378.55,17664
2026-07-06T13:45:00+05:30,378.4,378.8,378.4,378.75,85645
2026-07-06T13:50:00+05:30,378.75,378.75,378.4,378.4,24992
2026-07-06T13:55:00+05:30,378.5,378.55,378.25,378.3,75024
2026-07-06T14:00:00+05:30,378.3,378.6,378,378.35,32783
2026-07-06T14:05:00+05:30,378.4,378.6,378.05,378.05,28410
2026-07-06T14:10:00+05:30,378.1,378.35,378.05,378.15,7379
2026-07-06T14:15:00+05:30,378.15,378.3,378,378,22276
2026-07-06T14:20:00+05:30,378.05,378.25,378,378.1,10891
2026-07-06T14:25:00+05:30,378.25,378.45,378.05,378.4,21550
2026-07-06T14:30:00+05:30,378.4,378.45,378,378.2,74733
2026-07-06T14:35:00+05:30,378.2,378.5,378.2,378.2,44676
2026-07-06T14:40:00+05:30,378.2,378.35,377.1,377.4,64331
2026-07-06T14:45:00+05:30,377.4,377.6,377.15,377.4,127514
2026-07-06T14:50:00+05:30,377.4,377.95,377.4,377.75,40860
2026-07-06T14:55:00+05:30,377.75,378,377.25,377.6,60389
2026-07-06T15:00:00+05:30,377.65,378.4,377.65,377.85,134231
2026-07-06T15:05:00+05:30,377.95,378.35,377.75,378.05,147936
2026-07-06T15:10:00+05:30,378.1,378.2,377.35,377.4,117078
2026-07-06T15:15:00+05:30,377.35,377.45,377.1,377.25,167318
2026-07-06T15:20:00+05:30,377.2,377.5,377,377.5,206254
2026-07-06T15:25:00+05:30,377.45,377.8,377.45,377.7,91612
2026-07-07T09:15:00+05:30,377.05,380.05,376.85,379.25,199550
2026-07-07T09:20:00+05:30,379.2,379.2,378.1,378.5,126158
2026-07-07T09:25:00+05:30,378.3,378.6,378.05,378.2,77802
2026-07-07T09:30:00+05:30,378.2,378.45,377.5,377.65,66310
2026-07-07T09:35:00+05:30,377.7,378.25,377.05,377.2,81895
2026-07-07T09:40:00+05:30,377.45,377.75,376.95,377.2,44517
2026-07-07T09:45:00+05:30,377.05,377.4,376.8,377,33745
2026-07-07T09:50:00+05:30,377,377.35,376.65,377.15,37917
2026-07-07T09:55:00+05:30,377.15,377.85,377,377.25,41128
2026-07-07T10:00:00+05:30,377.15,377.75,377.15,377.45,38764
2026-07-07T10:05:00+05:30,377.4,378.2,377.4,377.9,74617
2026-07-07T10:10:00+05:30,377.9,377.9,376.6,376.9,83524
2026-07-07T10:15:00+05:30,376.85,376.85,375.3,376.45,473651
2026-07-07T10:20:00+05:30,376.45,376.6,375.15,376.2,365429
2026-07-07T10:25:00+05:30,376.2,377.45,374.6,377.35,484782
2026-07-07T10:30:00+05:30,377.35,377.4,376.3,376.65,43733
2026-07-07T10:35:00+05:30,376.7,376.95,376.15,376.25,24723
2026-07-07T10:40:00+05:30,376.25,376.25,375.15,375.55,76769
2026-07-07T10:45:00+05:30,375.45,375.75,375.05,375.4,30670
2026-07-07T10:50:00+05:30,375.4,375.4,375,375.35,16279
2026-07-07T10:55:00+05:30,375.3,375.6,375.05,375.6,19504
2026-07-07T11:00:00+05:30,375.6,375.8,375.2,375.8,18003
2026-07-07T11:05:00+05:30,375.7,375.75,375.35,375.35,18775
2026-07-07T11:10:00+05:30,375.55,375.85,375.25,375.55,19444
2026-07-07T11:15:00+05:30,375.55,375.55,375.2,375.35,15388
2026-07-07T11:20:00+05:30,375.3,375.6,375.2,375.6,10983
2026-07-07T11:25:00+05:30,375.6,376,375.5,376,11099
2026-07-07T11:30:00+05:30,376,376.15,375.8,375.9,13791
2026-07-07T11:35:00+05:30,376.05,376.1,375.65,375.85,17123
2026-07-07T11:40:00+05:30,375.85,376,375.65,376,7119
2026-07-07T11:45:00+05:30,376,376,375.6,375.6,20051
2026-07-07T11:50:00+05:30,375.75,376.3,375.55,376.2,35905
2026-07-07T11:55:00+05:30,376.2,377.1,376.2,376.9,59450
2026-07-07T12:00:00+05:30,376.8,377.25,376.55,376.65,38066
2026-07-07T12:05:00+05:30,376.5,376.9,376.5,376.65,19792
2026-07-07T12:10:00+05:30,376.65,376.85,376.55,376.55,16736
2026-07-07T12:15:00+05:30,376.5,376.6,376.1,376.1,33429
2026-07-07T12:20:00+05:30,376.3,376.5,376.1,376.3,13033
2026-07-07T12:25:00+05:30,376.45,376.8,376.25,376.7,10015
2026-07-07T12:30:00+05:30,376.55,376.7,375.6,375.8,37635
2026-07-07T12:35:00+05:30,375.7,376,375.6,375.85,26127
2026-07-07T12:40:00+05:30,375.9,376.1,375.6,375.9,8895
2026-07-07T12:45:00+05:30,375.8,376,375.7,375.75,8172
2026-07-07T12:50:00+05:30,375.85,376.25,375.7,376.25,11193
2026-07-07T12:55:00+05:30,376.1,376.35,376,376.3,8520
2026-07-07T13:00:00+05:30,376.35,376.35,376,376.35,12014
2026-07-07T13:05:00+05:30,376.35,376.75,376.2,376.7,11613
2026-07-07T13:10:00+05:30,376.75,377.25,376.6,377.25,70567
2026-07-07T13:15:00+05:30,377.1,377.25,377,377,33420
2026-07-07T13:20:00+05:30,377,377.3,377,377.3,15473
2026-07-07T13:25:00+05:30,377.2,377.9,377.2,377.85,39884
2026-07-07T13:30:00+05:30,377.9,378,377.4,377.4,33834
2026-07-07T13:35:00+05:30,377.45,377.55,377.05,377.15,20448
2026-07-07T13:40:00+05:30,377.05,377.4,377,377.25,32659
2026-07-07T13:45:00+05:30,377.25,377.7,377.25,377.45,17083
2026-07-07T13:50:00+05:30,377.5,378.75,377.3,378.05,88229
2026-07-07T13:55:00+05:30,377.95,378.2,377.75,378,67801
2026-07-07T14:00:00+05:30,378,378.15,377.5,377.5,50200
2026-07-07T14:05:00+05:30,377.45,377.7,377.25,377.7,18134
2026-07-07T14:10:00+05:30,377.85,377.9,377.1,377.3,186116
2026-07-07T14:15:00+05:30,377.3,377.45,377,377.15,28879
2026-07-07T14:20:00+05:30,377.15,377.3,377.05,377.2,7800
2026-07-07T14:25:00+05:30,377.1,377.8,377.1,377.65,12683
2026-07-07T14:30:00+05:30,377.6,377.85,377.5,377.8,14186
2026-07-07T14:35:00+05:30,377.85,378,377.75,377.95,18624
2026-07-07T14:40:00+05:30,377.8,377.95,377.65,377.75,33950
2026-07-07T14:45:00+05:30,377.85,378.1,377.65,378.05,26614
2026-07-07T14:50:00+05:30,378.1,378.2,377.9,378,33595
2026-07-07T14:55:00+05:30,378,378.15,377.65,377.85,39567
2026-07-07T15:00:00+05:30,377.75,377.75,377.1,377.25,98998
2026-07-07T15:05:00+05:30,377.25,377.3,377,377.25,86632
2026-07-07T15:10:00+05:30,377.2,377.35,377,377.3,115261
2026-07-07T15:15:00+05:30,377.15,377.45,377.05,377.2,91991
2026-07-07T15:20:00+05:30,377.2,377.35,377,377.3,129528
2026-07-07T15:25:00+05:30,377.35,377.5,377,377,109712
2026-07-08T09:15:00+05:30,375.8,376.65,374.05,376.45,119131
2026-07-08T09:20:00+05:30,376.5,376.8,375.2,375.4,58956
2026-07-08T09:25:00+05:30,375.4,376.45,375.4,375.85,54651
2026-07-08T09:30:00+05:30,375.75,375.9,375.1,375.1,49998
2026-07-08T09:35:00+05:30,375.15,375.15,374.5,374.9,54023
2026-07-08T09:40:00+05:30,374.85,374.9,374.45,374.55,70545
2026-07-08T09:45:00+05:30,374.4,374.9,374.2,374.65,89903
2026-07-08T09:50:00+05:30,374.7,375.5,374.5,375.2,58703
2026-07-08T09:55:00+05:30,375.05,376,375,375.4,81265
2026-07-08T10:00:00+05:30,375.3,376.25,375.3,375.75,67111
2026-07-08T10:05:00+05:30,375.7,375.9,375.3,375.6,20210
2026-07-08T10:10:00+05:30,375.6,376,375.6,375.85,25441
2026-07-08T10:15:00+05:30,375.75,376.4,375.6,376.2,22728
2026-07-08T10:20:00+05:30,376.2,376.4,376,376.15,23114
2026-07-08T10:25:00+05:30,376.15,376.95,376.05,376.7,77838
2026-07-08T10:30:00+05:30,376.6,376.95,376.45,376.6,47225
2026-07-08T10:35:00+05:30,376.65,376.75,376.2,376.45,21476
2026-07-08T10:40:00+05:30,376.5,376.5,376,376.15,17482
2026-07-08T10:45:00+05:30,376.15,376.3,375.3,375.5,78802
2026-07-08T10:50:00+05:30,375.5,375.55,374.8,375,45859
2026-07-08T10:55:00+05:30,375,375.35,374.85,375.3,24861
2026-07-08T11:00:00+05:30,375.35,375.55,375.1,375.4,18680
2026-07-08T11:05:00+05:30,375.5,375.9,375.15,375.7,35582
2026-07-08T11:10:00+05:30,375.7,376.2,375.2,375.9,19674
2026-07-08T11:15:00+05:30,376.05,376.1,375.1,375.4,21101
2026-07-08T11:20:00+05:30,375.4,375.55,375.15,375.45,23058
2026-07-08T11:25:00+05:30,375.55,376.2,375.55,376,24967
2026-07-08T11:30:00+05:30,376.05,376.05,375.2,375.35,17998
2026-07-08T11:35:00+05:30,375.35,375.4,375,375.25,25179
2026-07-08T11:40:00+05:30,375.15,375.3,374.7,375.25,36378
2026-07-08T11:45:00+05:30,375.3,375.6,375.1,375.2,23148
2026-07-08T11:50:00+05:30,375.2,376.1,375.2,375.8,37074
2026-07-08T11:55:00+05:30,375.8,375.85,375.25,375.8,22511
2026-07-08T12:00:00+05:30,375.8,375.8,375.3,375.3,13338
2026-07-08T12:05:00+05:30,375.45,375.6,375.15,375.15,12795
2026-07-08T12:10:00+05:30,375.35,375.65,375.15,375.45,19531
2026-07-08T12:15:00+05:30,375.65,375.95,375.3,375.8,23168
2026-07-08T12:20:00+05:30,375.8,375.9,375.1,375.1,28995
2026-07-08T12:25:00+05:30,375.25,375.3,374.8,375.2,34615
2026-07-08T12:30:00+05:30,375.1,375.25,374.65,374.8,28794
2026-07-08T12:35:00+05:30,374.8,375.3,374.7,374.85,32905
2026-07-08T12:40:00+05:30,374.85,374.85,374.5,374.85,39024
2026-07-08T12:45:00+05:30,374.9,375.15,374.75,374.8,11091
2026-07-08T12:50:00+05:30,375,375.45,374.8,375.1,18089
2026-07-08T12:55:00+05:30,375.1,375.55,375.05,375.3,31968
2026-07-08T13:00:00+05:30,375.5,376.55,375.35,376.45,45922
2026-07-08T13:05:00+05:30,376.5,376.75,376.2,376.5,19518
2026-07-08T13:10:00+05:30,376.6,376.6,375.8,376.05,26927
2026-07-08T13:15:00+05:30,376.25,376.25,375.1,375.3,15816
2026-07-08T13:20:00+05:30,375.45,375.7,375.3,375.55,14316
2026-07-08T13:25:00+05:30,375.6,375.9,375.55,375.7,26874
2026-07-08T13:30:00+05:30,375.8,375.8,375.7,375.8,12794
2026-07-08T13:35:00+05:30,375.8,376.35,375.8,376.3,60687
2026-07-08T13:40:00+05:30,376.3,376.6,376.05,376.2,25340
2026-07-08T13:45:00+05:30,376.2,376.35,374.1,374.5,233531
2026-07-08T13:50:00+05:30,374.5,374.5,372.6,373,173347
2026-07-08T13:55:00+05:30,373,373.3,371.65,371.75,113357
2026-07-08T14:00:00+05:30,371.8,372.1,371.1,371.5,73211
2026-07-08T14:05:00+05:30,371.45,372.35,370.55,371.5,227770
2026-07-08T14:10:00+05:30,371.6,371.95,371.2,371.65,150444
2026-07-08T14:15:00+05:30,371.65,372.9,371.6,371.95,113275
2026-07-08T14:20:00+05:30,371.95,372.45,371.45,372,102097
2026-07-08T14:25:00+05:30,372,372.25,371.45,371.7,60842
2026-07-08T14:30:00+05:30,371.75,372.6,371.5,372.15,72076
2026-07-08T14:35:00+05:30,372,372.9,372,372.45,275745
2026-07-08T14:40:00+05:30,372.5,372.55,371.15,371.55,204586
2026-07-08T14:45:00+05:30,371.1,371.35,370.5,370.5,85754
2026-07-08T14:50:00+05:30,370.5,371.5,370.1,370.95,101062
2026-07-08T14:55:00+05:30,370.85,371.25,370.35,370.8,72303
2026-07-08T15:00:00+05:30,371.45,372.15,370.9,370.9,107016
2026-07-08T15:05:00+05:30,371,371.55,370.9,371.55,60893
2026-07-08T15:10:00+05:30,371.45,371.9,371.2,371.9,76494
2026-07-08T15:15:00+05:30,371.9,372.7,371.75,372.5,141877
2026-07-08T15:20:00+05:30,372.5,373.2,372.5,372.8,207791
2026-07-08T15:25:00+05:30,372.7,372.8,371.45,372,124830
2026-07-09T09:15:00+05:30,373.4,374.6,373,373.6,116387
2026-07-09T09:20:00+05:30,373.6,374.15,373.6,374,46080
2026-07-09T09:25:00+05:30,373.95,374.25,373.35,373.7,72561
2026-07-09T09:30:00+05:30,373.65,373.85,373.35,373.55,30887
2026-07-09T09:35:00+05:30,373.45,373.5,373.05,373.5,29812
2026-07-09T09:40:00+05:30,373.5,373.65,373,373.65,25376
2026-07-09T09:45:00+05:30,373.7,374.2,373.45,373.7,32067
2026-07-09T09:50:00+05:30,373.5,374.05,373.2,373.2,25105
2026-07-09T09:55:00+05:30,373.3,373.7,372.7,373.1,35959
2026-07-09T10:00:00+05:30,373.1,373.75,373.1,373.6,28382
2026-07-09T10:05:00+05:30,373.55,374,373.5,373.6,18530
2026-07-09T10:10:00+05:30,373.6,374.35,373.5,374.05,63532
2026-07-09T10:15:00+05:30,374,374.2,372.7,372.7,57331
2026-07-09T10:20:00+05:30,372.5,373.5,372.25,373.15,74138
2026-07-09T10:25:00+05:30,373.15,373.45,372.9,373.05,35351
2026-07-09T10:30:00+05:30,373.35,373.5,373.05,373.25,23351
2026-07-09T10:35:00+05:30,373.25,373.35,372.9,373.15,13871
2026-07-09T10:40:00+05:30,373.15,374.3,373,374.15,83815
2026-07-09T10:45:00+05:30,374.25,374.4,373.45,373.5,18319
2026-07-09T10:50:00+05:30,373.45,374.25,373.3,374.1,40571
2026-07-09T10:55:00+05:30,374.2,374.3,373.65,373.85,27063
2026-07-09T11:00:00+05:30,373.85,374,373.4,373.95,19843
2026-07-09T11:05:00+05:30,373.95,374.35,373.95,374,33227
2026-07-09T11:10:00+05:30,374,374.45,373.5,374.4,37993
2026-07-09T11:15:00+05:30,374.4,374.5,373.6,373.8,53793
2026-07-09T11:20:00+05:30,373.85,374.2,373.45,374,30652
2026-07-09T11:25:00+05:30,374.05,375.1,373.85,374.9,62628
2026-07-09T11:30:00+05:30,375,375.1,374.55,374.95,36030
2026-07-09T11:35:00+05:30,374.95,375.05,374.6,374.95,35582
2026-07-09T11:40:00+05:30,374.95,375.2,374.6,375.1,26191
2026-07-09T11:45:00+05:30,375.1,375.65,374.85,375.25,22060
2026-07-09T11:50:00+05:30,375.45,375.45,375,375.2,30305
2026-07-09T11:55:00+05:30,375.25,376,375.25,375.75,45427
2026-07-09T12:00:00+05:30,375.75,376.2,375.6,375.95,37108
2026-07-09T12:05:00+05:30,375.95,376,375.6,375.85,9471
2026-07-09T12:10:00+05:30,375.7,375.9,375.5,375.85,9282
2026-07-09T12:15:00+05:30,375.65,376,375.5,375.9,15701
2026-07-09T12:20:00+05:30,375.75,376.3,375.75,376.2,40423
2026-07-09T12:25:00+05:30,376.2,376.35,375.85,376,22301
2026-07-09T12:30:00+05:30,376.1,378.65,375.8,378.55,168384
2026-07-09T12:35:00+05:30,378.6,378.65,378,378.45,70114
2026-07-09T12:40:00+05:30,378.45,378.5,376.05,376.2,71661
2026-07-09T12:45:00+05:30,376.2,376.7,375.7,376.55,40237
2026-07-09T12:50:00+05:30,376.55,376.95,376.45,376.85,34390
2026-07-09T12:55:00+05:30,376.85,377.9,376.65,377.5,54659
2026-07-09T13:00:00+05:30,377.7,377.85,377.25,377.7,20392
2026-07-09T13:05:00+05:30,377.7,377.9,377.55,377.75,29880
2026-07-09T13:10:00+05:30,377.75,377.75,377.55,377.7,10710
2026-07-09T13:15:00+05:30,377.7,378.2,377.4,378,82331
2026-07-09T13:20:00+05:30,378.1,378.25,377.6,378.2,86037
2026-07-09T13:25:00+05:30,378,378.2,377.7,377.9,41675
2026-07-09T13:30:00+05:30,377.9,378.85,377.9,378.55,138117
2026-07-09T13:35:00+05:30,378.55,378.65,378.05,378.3,94714
2026-07-09T13:40:00+05:30,378.5,378.55,378,378.15,90482
2026-07-09T13:45:00+05:30,378.3,378.4,378,378.1,98166
2026-07-09T13:50:00+05:30,378.25,378.4,377.8,378.2,104875
2026-07-09T13:55:00+05:30,378.3,378.35,377.8,378.2,85805
2026-07-09T14:00:00+05:30,378.2,378.35,377.75,378.15,102772
2026-07-09T14:05:00+05:30,378,378.15,377.8,378,132235
2026-07-09T14:10:00+05:30,378,378.5,377.8,378.1,202435
2026-07-09T14:15:00+05:30,378.15,378.4,378,378.2,79854
2026-07-09T14:20:00+05:30,378.15,378.35,377.95,378.3,94744
2026-07-09T14:25:00+05:30,378.1,378.3,378,378.2,82979
2026-07-09T14:30:00+05:30,378.2,378.25,377.75,378.15,79906
2026-07-09T14:35:00+05:30,378.15,378.2,377.55,377.7,136933
2026-07-09T14:40:00+05:30,377.55,377.65,376.6,376.85,109978
2026-07-09T14:45:00+05:30,376.7,376.95,376.45,376.6,84988
2026-07-09T14:50:00+05:30,376.3,377,376.3,376.85,97259
2026-07-09T14:55:00+05:30,376.85,377.2,376.35,376.35,111795
2026-07-09T15:00:00+05:30,376.3,376.9,375.3,375.5,231021
2026-07-09T15:05:00+05:30,375.55,375.55,374.6,375.2,124397
2026-07-09T15:10:00+05:30,375.2,375.3,374.7,375,87091
2026-07-09T15:15:00+05:30,375.1,375.6,375.1,375.5,64468
2026-07-09T15:20:00+05:30,375.45,375.7,375.1,375.1,102961
2026-07-09T15:25:00+05:30,375.2,376,374.45,376,109810
2026-07-10T09:15:00+05:30,376.5,378,376.15,377.05,84047
2026-07-10T09:20:00+05:30,377.05,378.2,377.05,378,45570
2026-07-10T09:25:00+05:30,378,378.45,377.75,378,65919
2026-07-10T09:30:00+05:30,378.1,378.8,377.7,378.55,39512
2026-07-10T09:35:00+05:30,378.6,379.2,378.35,378.9,48850
2026-07-10T09:40:00+05:30,378.85,379.8,378.65,379.45,43446
2026-07-10T09:45:00+05:30,379.45,380,379.3,380,86642
2026-07-10T09:50:00+05:30,380,380.45,380,380.25,70605
2026-07-10T09:55:00+05:30,380.2,381.15,380.2,381,94619
2026-07-10T10:00:00+05:30,381,381.35,380.7,381.15,50689
2026-07-10T10:05:00+05:30,381.05,381.65,380.75,381.3,85285
2026-07-10T10:10:00+05:30,381.45,381.6,381.25,381.25,38811
2026-07-10T10:15:00+05:30,381.3,381.75,381.15,381.7,71480
2026-07-10T10:20:00+05:30,381.7,382.25,381.55,382.05,81463
2026-07-10T10:25:00+05:30,382.35,382.8,382.05,382.35,77851
2026-07-10T10:30:00+05:30,382.3,382.45,381.45,381.75,52899
2026-07-10T10:35:00+05:30,381.8,382,381.65,381.9,31433
2026-07-10T10:40:00+05:30,381.85,382,381.55,381.9,21575
2026-07-10T10:45:00+05:30,381.85,382.4,381.85,382.05,41081
2026-07-10T10:50:00+05:30,382.05,382.1,381.5,382,47184
2026-07-10T10:55:00+05:30,382,382,381.6,381.95,19802
2026-07-10T11:00:00+05:30,381.95,381.95,381.3,381.6,37350
2026-07-10T11:05:00+05:30,381.7,381.75,381,381.25,32972
2026-07-10T11:10:00+05:30,381.25,381.3,381.05,381.2,19997
2026-07-10T11:15:00+05:30,381.2,381.3,380.4,380.45,45114
2026-07-10T11:20:00+05:30,380.6,380.95,380.15,380.95,34266
2026-07-10T11:25:00+05:30,380.9,380.95,380.45,380.7,17393
2026-07-10T11:30:00+05:30,380.7,380.85,380.15,380.15,17321
2026-07-10T11:35:00+05:30,380.2,380.45,379.8,380,60900
2026-07-10T11:40:00+05:30,380,380.3,379.6,379.7,42499
2026-07-10T11:45:00+05:30,379.7,381,379.6,380.8,24787
2026-07-10T11:50:00+05:30,380.8,380.95,380.1,380.35,18526
2026-07-10T11:55:00+05:30,380.35,380.85,380.15,380.7,20763
2026-07-10T12:00:00+05:30,380.7,380.95,380.4,380.55,19625
2026-07-10T12:05:00+05:30,380.5,380.75,380.25,380.6,11821
2026-07-10T12:10:00+05:30,380.6,380.75,380.5,380.55,13896
2026-07-10T12:15:00+05:30,380.6,380.6,380.35,380.35,8647
2026-07-10T12:20:00+05:30,380.35,380.6,380.05,380.55,18727
2026-07-10T12:25:00+05:30,380.6,381,380.5,380.95,44214
2026-07-10T12:30:00+05:30,381,381.25,380.8,381.15,25780
2026-07-10T12:35:00+05:30,381.1,381.15,380.75,380.8,14263
2026-07-10T12:40:00+05:30,380.85,381.15,380.75,381,17504
2026-07-10T12:45:00+05:30,381,381.4,380.9,381.3,16207
2026-07-10T12:50:00+05:30,381.3,381.3,380.95,381.25,16067
2026-07-10T12:55:00+05:30,381.3,381.3,380.6,380.6,14511
2026-07-10T13:00:00+05:30,380.6,381,380.5,380.9,30856
2026-07-10T13:05:00+05:30,381,381.25,380.85,380.85,22967
2026-07-10T13:10:00+05:30,380.85,381.2,380.8,381.2,29871
2026-07-10T13:15:00+05:30,381.2,381.2,380.5,380.7,138067
2026-07-10T13:20:00+05:30,380.7,380.75,380.35,380.65,11122
2026-07-10T13:25:00+05:30,380.7,381,380.55,380.95,16350
2026-07-10T13:30:00+05:30,380.95,381,380.7,380.95,17121
2026-07-10T13:35:00+05:30,380.95,381.2,380.7,380.7,14285
2026-07-10T13:40:00+05:30,380.7,380.95,380.7,380.95,18376
2026-07-10T13:45:00+05:30,380.95,381,380.45,380.65,56728
2026-07-10T13:50:00+05:30,380.65,381,380.6,381,24663
2026-07-10T13:55:00+05:30,380.95,381,380.4,380.65,26963
2026-07-10T14:00:00+05:30,380.65,380.9,380.55,380.85,20238
2026-07-10T14:05:00+05:30,380.85,380.85,380.2,380.2,25548
2026-07-10T14:10:00+05:30,380.3,380.55,380.15,380.4,26402
2026-07-10T14:15:00+05:30,380.5,380.75,380.35,380.75,30338
2026-07-10T14:20:00+05:30,380.75,381,380.6,380.85,41058
2026-07-10T14:25:00+05:30,380.95,381.35,380.8,381.25,16994
2026-07-10T14:30:00+05:30,381.2,381.8,381.2,381.6,128778
2026-07-10T14:35:00+05:30,381.55,381.75,380.85,381.05,96192
2026-07-10T14:40:00+05:30,381.05,381.4,380.9,381.2,49215
2026-07-10T14:45:00+05:30,381.3,381.6,381.2,381.6,28549
2026-07-10T14:50:00+05:30,381.6,381.65,381.4,381.6,60655
2026-07-10T14:55:00+05:30,381.6,381.6,381.15,381.2,89731
2026-07-10T15:00:00+05:30,381.2,381.6,381.2,381.45,115726
2026-07-10T15:05:00+05:30,381.4,381.45,381.15,381.3,71264
2026-07-10T15:10:00+05:30,381.25,381.5,381.25,381.35,187184
2026-07-10T15:15:00+05:30,381.4,381.4,380.75,381.25,92741
2026-07-10T15:20:00+05:30,381.15,381.5,381,381.45,105691
2026-07-10T15:25:00+05:30,381.4,381.45,381,381.1,112002
2026-07-13T09:15:00+05:30,379.7,379.8,376.75,378.6,113928
2026-07-13T09:20:00+05:30,378.6,379.8,378.3,379.05,56961
2026-07-13T09:25:00+05:30,379,379.6,378.8,379.5,49479
2026-07-13T09:30:00+05:30,379.6,379.6,378.4,378.45,35629
2026-07-13T09:35:00+05:30,378.4,379.45,378.25,379.2,54363
2026-07-13T09:40:00+05:30,379.15,379.4,378.2,378.6,42666
2026-07-13T09:45:00+05:30,378.6,378.9,378,378.15,102794
2026-07-13T09:50:00+05:30,378,378.7,377.75,378,99036
2026-07-13T09:55:00+05:30,378.1,379.5,377.9,379,54293
2026-07-13T10:00:00+05:30,379,379.4,378.75,379.3,49953
2026-07-13T10:05:00+05:30,379.3,379.35,378.65,379,46618
2026-07-13T10:10:00+05:30,379.1,379.85,379.05,379.45,52054
2026-07-13T10:15:00+05:30,379.45,379.65,379.3,379.45,23345
2026-07-13T10:20:00+05:30,379.5,379.6,379.25,379.3,28707
2026-07-13T10:25:00+05:30,379.5,379.5,379.15,379.15,23961
2026-07-13T10:30:00+05:30,379.3,379.3,378.55,378.65,48731
2026-07-13T10:35:00+05:30,378.75,378.8,378.3,378.65,17795
2026-07-13T10:40:00+05:30,378.65,378.75,378.2,378.2,24758
2026-07-13T10:45:00+05:30,378.2,378.45,377.8,377.9,85244
2026-07-13T10:50:00+05:30,377.9,377.9,377.15,377.35,52919
2026-07-13T10:55:00+05:30,377.35,377.7,377.1,377.45,40057
2026-07-13T11:00:00+05:30,377.55,377.8,377.25,377.55,15073
2026-07-13T11:05:00+05:30,377.65,377.65,377.5,377.5,14046
2026-07-13T11:10:00+05:30,377.55,377.75,377.3,377.35,22821
2026-07-13T11:15:00+05:30,377.35,377.7,377.2,377.25,11799
2026-07-13T11:20:00+05:30,377.35,377.7,377.25,377.7,9675
2026-07-13T11:25:00+05:30,377.7,377.7,377.05,377.25,16830
2026-07-13T11:30:00+05:30,377.4,377.45,377.2,377.3,7390
2026-07-13T11:35:00+05:30,377.4,377.45,376.65,376.9,54755
2026-07-13T11:40:00+05:30,376.9,376.9,376.15,376.3,32880
2026-07-13T11:45:00+05:30,376.3,376.5,376,376.1,40141
2026-07-13T11:50:00+05:30,376.15,376.35,376,376.15,36550
2026-07-13T11:55:00+05:30,376.35,376.35,375.7,375.95,80741
2026-07-13T12:00:00+05:30,375.95,376.2,375.7,375.7,16580
2026-07-13T12:05:00+05:30,375.75,375.95,375.7,375.75,9425
2026-07-13T12:10:00+05:30,375.7,376.4,375.4,376.15,57834
2026-07-13T12:15:00+05:30,376.2,376.5,376.1,376.4,21597
2026-07-13T12:20:00+05:30,376.4,376.5,375.7,375.95,33371
2026-07-13T12:25:00+05:30,375.8,376.25,375.8,376.05,26808
2026-07-13T12:30:00+05:30,376.05,376.5,375.7,376.5,32341
2026-07-13T12:35:00+05:30,376.4,376.85,376.4,376.7,25799
2026-07-13T12:40:00+05:30,376.75,377,376.65,376.8,24922
2026-07-13T12:45:00+05:30,376.9,377.2,376.7,377.1,24698
2026-07-13T12:50:00+05:30,377.1,377.6,376.8,377.35,37322
2026-07-13T12:55:00+05:30,377.4,377.6,377.25,377.4,20869
2026-07-13T13:00:00+05:30,377.5,377.75,377.25,377.4,27934
2026-07-13T13:05:00+05:30,377.25,377.55,377.25,377.45,20286
2026-07-13T13:10:00+05:30,377.45,377.55,377.25,377.35,19159
2026-07-13T13:15:00+05:30,377.35,377.45,377,377.2,35841
2026-07-13T13:20:00+05:30,377,377.2,376.8,377,34168
2026-07-13T13:25:00+05:30,377,377.2,376.6,377,71974
2026-07-13T13:30:00+05:30,377.05,377.25,377,377.05,14706
2026-07-13T13:35:00+05:30,377,377.8,377,377.3,18656
2026-07-13T13:40:00+05:30,377.25,377.4,377.15,377.3,28033
2026-07-13T13:45:00+05:30,377.4,377.5,377.25,377.4,26652
2026-07-13T13:50:00+05:30,377.3,377.5,377.2,377.3,22640
2026-07-13T13:55:00+05:30,377.3,377.45,377.3,377.3,15370
2026-07-13T14:00:00+05:30,377.45,377.5,377,377.3,28493
2026-07-13T14:05:00+05:30,377.3,377.6,377.25,377.4,25909
2026-07-13T14:10:00+05:30,377.35,377.7,377.35,377.5,52376
2026-07-13T14:15:00+05:30,377.5,377.75,377.5,377.5,18722
2026-07-13T14:20:00+05:30,377.5,377.8,377.5,377.6,15794
2026-07-13T14:25:00+05:30,377.6,377.9,377.6,377.9,48874
2026-07-13T14:30:00+05:30,377.9,378.1,377.85,377.9,31452
2026-07-13T14:35:00+05:30,378,378,377.8,377.9,48254
2026-07-13T14:40:00+05:30,377.9,377.95,377.75,377.75,23350
2026-07-13T14:45:00+05:30,377.75,378,377.75,377.95,19427
2026-07-13T14:50:00+05:30,378,378.15,377.95,378,27425
2026-07-13T14:55:00+05:30,378,378.4,378,378.1,72029
2026-07-13T15:00:00+05:30,378.1,378.2,377.8,377.9,134867
2026-07-13T15:05:00+05:30,377.9,377.95,377.55,377.7,84558
2026-07-13T15:10:00+05:30,377.7,377.9,377.7,377.75,85655
2026-07-13T15:15:00+05:30,377.7,377.75,377.5,377.7,118803
2026-07-13T15:20:00+05:30,377.7,378,377.6,377.85,111549
2026-07-13T15:25:00+05:30,377.85,378.3,377.8,378,123503
2026-07-14T09:15:00+05:30,377.85,379,375,377.5,137150
2026-07-14T09:20:00+05:30,377.35,378.35,376.95,377.8,60420
2026-07-14T09:25:00+05:30,377.6,378.4,377.3,377.4,46960
2026-07-14T09:30:00+05:30,377.2,378.15,377.2,377.95,29491
2026-07-14T09:35:00+05:30,377.95,378.2,377.65,378,33650
2026-07-14T09:40:00+05:30,378,378,376.95,377.05,40379
2026-07-14T09:45:00+05:30,377.2,377.2,376.25,376.6,37762
2026-07-14T09:50:00+05:30,376.8,377.2,376.6,376.75,68513
2026-07-14T09:55:00+05:30,376.65,377.2,376.5,376.8,33207
2026-07-14T10:00:00+05:30,376.8,377.15,376.5,377,26443
2026-07-14T10:05:00+05:30,376.75,376.8,376.15,376.5,42563
2026-07-14T10:10:00+05:30,376.65,377.5,376.45,377.5,37208
2026-07-14T10:15:00+05:30,377.5,377.8,376.5,376.65,20310
2026-07-14T10:20:00+05:30,376.75,377.15,376.55,376.8,21646
2026-07-14T10:25:00+05:30,376.75,377.15,376.2,376.3,13435
2026-07-14T10:30:00+05:30,376.25,376.95,376.2,376.65,10714
2026-07-14T10:35:00+05:30,376.65,377.55,376.4,377.05,23611
2026-07-14T10:40:00+05:30,377.2,377.35,377,377.1,14225
2026-07-14T10:45:00+05:30,377.15,377.6,377,377.35,29646
2026-07-14T10:50:00+05:30,377.3,377.85,377.1,377.25,30562
2026-07-14T10:55:00+05:30,377.25,377.25,376.6,377,20977
2026-07-14T11:00:00+05:30,377,377.4,376.75,376.75,19560
2026-07-14T11:05:00+05:30,376.95,377.2,376.55,376.95,19812
2026-07-14T11:10:00+05:30,377,378.2,377,377.95,46326
2026-07-14T11:15:00+05:30,378.15,378.5,377.7,377.95,47880
2026-07-14T11:20:00+05:30,377.95,378.45,377.65,378.1,105267
2026-07-14T11:25:00+05:30,378.1,378.4,378,378.15,11750
2026-07-14T11:30:00+05:30,378.25,378.25,376.65,376.75,63544
2026-07-14T11:35:00+05:30,376.75,376.75,376.35,376.55,30728
2026-07-14T11:40:00+05:30,376.55,376.65,376.15,376.4,20875
2026-07-14T11:45:00+05:30,376.4,376.5,376.3,376.3,11408
2026-07-14T11:50:00+05:30,376.4,376.65,376.25,376.55,14359
2026-07-14T11:55:00+05:30,376.55,376.6,376.2,376.25,9244
2026-07-14T12:00:00+05:30,376.35,376.7,376.25,376.6,7566
2026-07-14T12:05:00+05:30,376.6,376.6,376.15,376.25,14311
2026-07-14T12:10:00+05:30,376.25,376.6,376.15,376.6,7636
2026-07-14T12:15:00+05:30,376.6,376.6,376.3,376.45,8335
2026-07-14T12:20:00+05:30,376.45,376.45,375.5,375.7,44422
2026-07-14T12:25:00+05:30,375.7,375.7,375.05,375.25,34026
2026-07-14T12:30:00+05:30,375.2,375.95,375.1,375.85,29012
2026-07-14T12:35:00+05:30,375.9,376.2,375.6,375.9,10424
2026-07-14T12:40:00+05:30,375.9,376.2,375.8,376,10340
2026-07-14T12:45:00+05:30,376,376.25,375.9,376.15,7099
2026-07-14T12:50:00+05:30,376.15,376.2,375.8,376.15,15968
2026-07-14T12:55:00+05:30,376.05,376.1,375.6,375.7,9487
2026-07-14T13:00:00+05:30,375.7,375.7,375.15,375.4,14830
2026-07-14T13:05:00+05:30,375.4,375.5,375.25,375.35,11465
2026-07-14T13:10:00+05:30,375.35,375.5,375.25,375.45,7135
2026-07-14T13:15:00+05:30,375.4,375.5,375.15,375.4,13681
2026-07-14T13:20:00+05:30,375.45,375.75,375.4,375.6,21586
2026-07-14T13:25:00+05:30,375.6,375.85,375.4,375.6,22609
2026-07-14T13:30:00+05:30,375.7,375.9,375.6,375.75,23190
2026-07-14T13:35:00+05:30,375.75,375.9,375.55,375.65,45539
2026-07-14T13:40:00+05:30,375.65,375.8,374.55,375.2,221661
2026-07-14T13:45:00+05:30,375.2,375.7,375.15,375.45,26023
2026-07-14T13:50:00+05:30,375.5,375.7,375.2,375.3,24019
2026-07-14T13:55:00+05:30,375.35,375.65,375.3,375.3,14073
2026-07-14T14:00:00+05:30,375.55,376.75,375.5,376.75,46904
2026-07-14T14:05:00+05:30,376.45,376.7,376.1,376.5,33485
2026-07-14T14:10:00+05:30,376.55,377.4,376.5,377.1,79994
2026-07-14T14:15:00+05:30,377.1,377.25,377,377.1,21879
2026-07-14T14:20:00+05:30,377.1,377.15,377,377.05,51730
2026-07-14T14:25:00+05:30,377.15,377.15,376.4,376.55,50528
2026-07-14T14:30:00+05:30,376.7,377.1,376.45,377.1,42670
2026-07-14T14:35:00+05:30,377.15,377.45,377.05,377.4,38118
2026-07-14T14:40:00+05:30,377.25,377.6,377.25,377.4,71664
2026-07-14T14:45:00+05:30,377.35,377.45,377.15,377.35,128800
2026-07-14T14:50:00+05:30,377.3,377.4,376.5,376.85,123406
2026-07-14T14:55:00+05:30,376.85,377,376.7,376.85,17121
2026-07-14T15:00:00+05:30,376.9,377.85,376.9,377.75,126749
2026-07-14T15:05:00+05:30,377.75,377.95,377.45,377.95,91853
2026-07-14T15:10:00+05:30,377.95,378,377.25,377.4,90399
2026-07-14T15:15:00+05:30,377.4,377.6,377.25,377.45,67707
2026-07-14T15:20:00+05:30,377.45,377.9,377.15,377.9,72683
2026-07-14T15:25:00+05:30,377.9,378.15,377.15,377.5,227142
2026-07-15T09:15:00+05:30,377.7,379,377.3,378.45,126870
2026-07-15T09:20:00+05:30,378.4,380.35,378.4,379.4,167923
2026-07-15T09:25:00+05:30,379.4,379.6,379.15,379.4,72207
2026-07-15T09:30:00+05:30,379.3,380.5,379.25,380.5,73690
2026-07-15T09:35:00+05:30,380.5,380.7,380,380.15,95252
2026-07-15T09:40:00+05:30,380.15,380.7,380.1,380.5,45600
2026-07-15T09:45:00+05:30,380.5,381.9,380.5,381.2,300725
2026-07-15T09:50:00+05:30,381.15,382.2,381.15,381.75,86059
2026-07-15T09:55:00+05:30,381.75,381.9,381.45,381.5,53845
2026-07-15T10:00:00+05:30,381.5,381.7,381.2,381.2,33317
2026-07-15T10:05:00+05:30,381.2,381.35,380.5,380.75,71333
2026-07-15T10:10:00+05:30,380.75,381,380.5,380.8,32027
2026-07-15T10:15:00+05:30,380.8,380.8,380.5,380.55,28604
2026-07-15T10:20:00+05:30,380.55,380.9,380.5,380.55,64002
2026-07-15T10:25:00+05:30,380.55,381.85,380.35,381.6,65788
2026-07-15T10:30:00+05:30,381.7,381.75,381.15,381.4,45091
2026-07-15T10:35:00+05:30,381.35,382.65,381.3,382.65,95072
2026-07-15T10:40:00+05:30,382.65,383.7,382.55,383.3,241666
2026-07-15T10:45:00+05:30,383.3,384.1,383.3,383.9,215573
2026-07-15T10:50:00+05:30,383.9,384.95,383.5,384.75,203480
2026-07-15T10:55:00+05:30,384.75,384.8,384.3,384.5,98062
2026-07-15T11:00:00+05:30,384.5,384.65,383.95,384.3,98201
2026-07-15T11:05:00+05:30,384.4,384.6,383.55,384.5,122206
2026-07-15T11:10:00+05:30,384.55,384.75,384,384.15,52935
2026-07-15T11:15:00+05:30,384.05,384.35,383.9,383.9,90924
2026-07-15T11:20:00+05:30,383.95,384.25,383.7,383.8,42895
2026-07-15T11:25:00+05:30,383.9,385,383.75,384.45,124379
2026-07-15T11:30:00+05:30,384.45,384.95,384.05,384.8,62266
2026-07-15T11:35:00+05:30,384.7,384.8,384.3,384.4,43618
2026-07-15T11:40:00+05:30,384.4,384.7,384.15,384.3,39708
2026-07-15T11:45:00+05:30,384.35,384.5,383.75,383.9,39298
2026-07-15T11:50:00+05:30,383.9,384.15,383.75,383.95,49597
2026-07-15T11:55:00+05:30,383.95,384,383.6,383.8,18784
2026-07-15T12:00:00+05:30,383.65,383.8,383.1,383.3,37798
2026-07-15T12:05:00+05:30,383.2,383.25,382.75,383.05,47948
2026-07-15T12:10:00+05:30,383,383.3,382.75,383.1,16145
2026-07-15T12:15:00+05:30,383.1,383.45,382.9,383.4,26556
2026-07-15T12:20:00+05:30,383.4,383.4,382.5,382.5,47476
2026-07-15T12:25:00+05:30,382.5,382.7,382.4,382.5,36183
2026-07-15T12:30:00+05:30,382.5,382.6,382.25,382.5,44484
2026-07-15T12:35:00+05:30,382.5,382.5,382,382,38460
2026-07-15T12:40:00+05:30,382,382.3,382,382.3,15658
2026-07-15T12:45:00+05:30,382.2,382.3,382,382,13715
2026-07-15T12:50:00+05:30,382.15,382.15,381,381,59949
2026-07-15T12:55:00+05:30,381.1,381.4,379.8,380.25,130460
2026-07-15T13:00:00+05:30,380.25,380.75,379.95,380.5,50741
2026-07-15T13:05:00+05:30,380.5,380.5,379.9,379.95,39126
2026-07-15T13:10:00+05:30,379.95,380,379.7,379.8,17629
2026-07-15T13:15:00+05:30,379.8,380.55,379.55,380.45,73223
2026-07-15T13:20:00+05:30,380.5,380.55,379.9,380.05,31265
2026-07-15T13:25:00+05:30,380.1,380.6,380.05,380.15,34926
2026-07-15T13:30:00+05:30,380.2,380.35,380,380.1,27863
2026-07-15T13:35:00+05:30,380.2,380.45,379.75,379.95,42809
2026-07-15T13:40:00+05:30,379.95,380,379.7,379.95,14007
2026-07-15T13:45:00+05:30,379.95,380.05,379.65,379.95,28224
2026-07-15T13:50:00+05:30,380,380.1,379.45,379.6,19957
2026-07-15T13:55:00+05:30,379.6,380.05,379.55,380,12857
2026-07-15T14:00:00+05:30,380,380.45,379.9,380.3,23371
2026-07-15T14:05:00+05:30,380.3,381.25,380,381,71298
2026-07-15T14:10:00+05:30,380.8,381.45,380.45,381.25,73407
2026-07-15T14:15:00+05:30,381.25,381.45,380.9,381.3,36795
2026-07-15T14:20:00+05:30,381.3,381.45,380.95,381,26517
2026-07-15T14:25:00+05:30,381,381.3,380.6,380.7,35900
2026-07-15T14:30:00+05:30,380.8,381,380.5,380.5,14741
2026-07-15T14:35:00+05:30,380.6,381.2,380.5,381.2,23156
2026-07-15T14:40:00+05:30,381.2,381.2,380.5,380.6,20339
2026-07-15T14:45:00+05:30,380.55,381,380.5,380.75,36002
2026-07-15T14:50:00+05:30,380.75,380.75,380.2,380.4,31058
2026-07-15T14:55:00+05:30,380.4,380.5,380,380.15,58824
2026-07-15T15:00:00+05:30,380.15,380.6,379.85,380.2,164982
2026-07-15T15:05:00+05:30,380.25,381.2,380.05,380.6,226006
2026-07-15T15:10:00+05:30,380.6,381.05,380.6,380.85,208990
2026-07-15T15:15:00+05:30,380.95,381.35,380.75,381.15,274167
2026-07-15T15:20:00+05:30,381.15,381.6,380.8,381.25,348226
2026-07-15T15:25:00+05:30,381.3,381.3,380.2,380.55,124943
2026-07-16T09:15:00+05:30,381.1,384.4,380.15,384.05,221110
2026-07-16T09:20:00+05:30,384,385.3,382.8,383.3,118993
2026-07-16T09:25:00+05:30,383.35,383.85,382.75,382.95,49729
2026-07-16T09:30:00+05:30,382.7,383.15,382.25,382.3,118317
2026-07-16T09:35:00+05:30,382.35,382.55,382,382.15,25689
2026-07-16T09:40:00+05:30,382.1,382.85,382,382.05,115101
2026-07-16T09:45:00+05:30,382.05,382.35,381.75,382.3,32206
2026-07-16T09:50:00+05:30,382.3,383.4,382.2,382.75,110113
2026-07-16T09:55:00+05:30,382.75,383.15,382.45,382.8,47686
2026-07-16T10:00:00+05:30,382.9,383.7,382.7,383.3,49024
2026-07-16T10:05:00+05:30,383.3,383.6,383.15,383.55,19600
2026-07-16T10:10:00+05:30,383.55,383.9,382.55,382.9,60084
2026-07-16T10:15:00+05:30,382.9,383,382.65,382.95,20380
2026-07-16T10:20:00+05:30,382.95,383.2,382.6,383.05,23629
2026-07-16T10:25:00+05:30,383.1,383.15,382.6,382.85,23530
2026-07-16T10:30:00+05:30,383,383.4,382.7,383.25,26119
2026-07-16T10:35:00+05:30,383.25,383.35,382.8,383.1,29130
2026-07-16T10:40:00+05:30,383.15,383.3,382.8,383.2,30114
2026-07-16T10:45:00+05:30,382.9,383.55,382.9,383.35,19711
2026-07-16T10:50:00+05:30,383.55,383.85,383.35,383.4,28002
2026-07-16T10:55:00+05:30,383.55,383.55,382.95,383,14398
2026-07-16T11:00:00+05:30,383.1,383.7,383,383.35,23447
2026-07-16T11:05:00+05:30,383.35,383.5,383.1,383.2,14410
2026-07-16T11:10:00+05:30,383.35,383.45,382.95,382.95,21302
2026-07-16T11:15:00+05:30,382.9,383.1,382.6,382.7,31864
2026-07-16T11:20:00+05:30,382.7,383,382.6,382.85,13229
2026-07-16T11:25:00+05:30,382.85,383.45,382.6,382.6,36244
2026-07-16T11:30:00+05:30,382.6,382.95,382,382.25,50133
2026-07-16T11:35:00+05:30,382.25,382.7,382.25,382.5,13794
2026-07-16T11:40:00+05:30,382.55,382.7,382.3,382.6,23530
2026-07-16T11:45:00+05:30,382.6,382.9,382.4,382.55,80156
2026-07-16T11:50:00+05:30,382.6,382.85,382.15,382.15,29287
2026-07-16T11:55:00+05:30,382.25,382.4,382.1,382.2,15180
2026-07-16T12:00:00+05:30,382.1,382.25,382,382.15,29311
2026-07-16T12:05:00+05:30,382.15,382.45,382,382.25,29850
2026-07-16T12:10:00+05:30,382.2,382.2,381.65,382.05,38343
2026-07-16T12:15:00+05:30,382.05,382.15,381.5,381.85,14286
2026-07-16T12:20:00+05:30,381.85,381.95,381.7,381.9,6807
2026-07-16T12:25:00+05:30,381.85,381.95,381.15,381.45,30801
2026-07-16T12:30:00+05:30,381.45,381.5,381.2,381.45,12933
2026-07-16T12:35:00+05:30,381.45,381.6,381.2,381.3,12743
2026-07-16T12:40:00+05:30,381.3,381.4,380.3,380.45,66589
2026-07-16T12:45:00+05:30,380.45,380.5,380.1,380.45,38350
2026-07-16T12:50:00+05:30,380.3,380.5,380.2,380.25,25416
2026-07-16T12:55:00+05:30,380.25,380.4,379.6,379.75,84954
2026-07-16T13:00:00+05:30,379.75,379.8,379.45,379.5,26479
2026-07-16T13:05:00+05:30,379.5,379.8,379.5,379.65,21822
2026-07-16T13:10:00+05:30,379.65,379.65,379.45,379.6,13307
2026-07-16T13:15:00+05:30,379.6,379.6,379.2,379.35,30368
2026-07-16T13:20:00+05:30,379.4,379.6,379.15,379.55,17679
2026-07-16T13:25:00+05:30,379.55,379.6,379.2,379.35,23638
2026-07-16T13:30:00+05:30,379.35,379.35,378.55,378.75,51741
2026-07-16T13:35:00+05:30,378.75,378.75,378.3,378.3,51132
2026-07-16T13:40:00+05:30,378.4,378.45,378.1,378.35,22695
2026-07-16T13:45:00+05:30,378.2,378.65,378.2,378.5,24520
2026-07-16T13:50:00+05:30,378.4,379,378.35,378.65,17530
2026-07-16T13:55:00+05:30,378.6,379,378.5,378.9,15582
2026-07-16T14:00:00+05:30,378.7,378.9,378.6,378.7,17480
2026-07-16T14:05:00+05:30,378.7,378.8,378.5,378.75,26886
2026-07-16T14:10:00+05:30,378.7,378.75,378.5,378.6,10551
2026-07-16T14:15:00+05:30,378.5,378.8,378.35,378.65,15809
2026-07-16T14:20:00+05:30,378.55,378.55,378.1,378.2,28531
2026-07-16T14:25:00+05:30,378.2,378.3,378,378.1,27273
2026-07-16T14:30:00+05:30,378.1,378.15,377.65,377.7,44333
2026-07-16T14:35:00+05:30,377.7,377.8,377.55,377.7,45330
2026-07-16T14:40:00+05:30,377.75,378,377.65,377.9,30485
2026-07-16T14:45:00+05:30,378,378.05,377.75,377.75,18640
2026-07-16T14:50:00+05:30,377.75,378.2,377.65,378.15,24340
2026-07-16T14:55:00+05:30,378,378.55,378,378.05,31509
2026-07-16T15:00:00+05:30,377.9,377.9,377.15,377.25,116227
2026-07-16T15:05:00+05:30,377.15,377.4,377,377.2,172403
2026-07-16T15:10:00+05:30,377.15,377.2,376.85,377.05,93890
2026-07-16T15:15:00+05:30,377,377.15,376.7,376.85,127195
2026-07-16T15:20:00+05:30,376.8,376.95,376.65,376.85,141600
2026-07-16T15:25:00+05:30,376.7,377.5,376.7,377.15,162784
2026-07-17T09:15:00+05:30,377.1,378.7,375.25,376.6,161150
2026-07-17T09:20:00+05:30,376.4,376.45,375.75,376.15,64342
2026-07-17T09:25:00+05:30,376.1,376.65,375.8,375.9,52622
2026-07-17T09:30:00+05:30,376,377.25,375.9,377.15,55320
2026-07-17T09:35:00+05:30,377.25,377.35,376.6,376.65,40076
2026-07-17T09:40:00+05:30,376.7,377.7,376.65,377.3,33521
2026-07-17T09:45:00+05:30,377.3,377.55,377.15,377.3,29004
2026-07-17T09:50:00+05:30,377.5,377.65,377.1,377.4,106733
2026-07-17T09:55:00+05:30,377.4,377.4,377,377.25,24242
2026-07-17T10:00:00+05:30,377.3,377.5,377.1,377.45,34708
2026-07-17T10:05:00+05:30,377.5,378.05,377.25,377.95,57642
2026-07-17T10:10:00+05:30,377.9,378.2,377.75,378.15,38151
2026-07-17T10:15:00+05:30,378.15,378.9,378.1,378.6,33895
2026-07-17T10:20:00+05:30,378.65,378.75,378.4,378.5,28075
2026-07-17T10:25:00+05:30,378.5,379.2,378.4,378.95,40787
2026-07-17T10:30:00+05:30,379,379,378.65,378.9,25088
2026-07-17T10:35:00+05:30,378.8,378.9,378.05,378.5,48456
2026-07-17T10:40:00+05:30,378.5,378.6,378,378.2,15598
2026-07-17T10:45:00+05:30,378.2,378.45,378,378.05,9746
2026-07-17T10:50:00+05:30,378.05,378.05,377.5,377.8,16454
2026-07-17T10:55:00+05:30,377.95,377.95,377.3,377.7,28922
2026-07-17T11:00:00+05:30,377.7,378.05,377.6,377.95,28040
2026-07-17T11:05:00+05:30,377.9,378.25,377.65,377.95,11173
2026-07-17T11:10:00+05:30,377.95,377.95,377.7,377.9,8199
2026-07-17T11:15:00+05:30,377.85,377.95,377.7,377.95,9565
2026-07-17T11:20:00+05:30,377.85,377.9,377.05,377.35,36012
2026-07-17T11:25:00+05:30,377.55,377.55,377,377.05,21870
2026-07-17T11:30:00+05:30,377.25,377.25,376.55,376.9,34460
2026-07-17T11:35:00+05:30,376.9,377,376.3,376.45,40393
2026-07-17T11:40:00+05:30,376.45,376.9,376.35,376.65,35438
2026-07-17T11:45:00+05:30,376.65,377.1,376.65,376.95,20028
2026-07-17T11:50:00+05:30,376.8,377.5,376.75,377.05,14985
2026-07-17T11:55:00+05:30,377.05,377.3,377,377,12271
2026-07-17T12:00:00+05:30,377,377.1,376.85,376.85,13694
2026-07-17T12:05:00+05:30,376.9,377.15,376.6,376.75,20180
2026-07-17T12:10:00+05:30,376.8,377.25,376.75,377.2,8389
2026-07-17T12:15:00+05:30,377.2,377.4,376.8,377.2,22318
2026-07-17T12:20:00+05:30,377.05,377.2,376.8,376.95,8287
2026-07-17T12:25:00+05:30,377.1,377.3,376.75,376.95,26385
2026-07-17T12:30:00+05:30,376.95,377.4,376.8,377.25,14167
2026-07-17T12:35:00+05:30,377.3,377.3,377,377.2,18759
2026-07-17T12:40:00+05:30,377.2,377.2,377,377.1,13927
2026-07-17T12:45:00+05:30,377.05,377.25,377,377.25,12257
2026-07-17T12:50:00+05:30,377.25,377.35,377.1,377.35,9056
2026-07-17T12:55:00+05:30,377.35,377.55,377.25,377.45,12287
2026-07-17T13:00:00+05:30,377.3,377.9,377.3,377.65,19101
2026-07-17T13:05:00+05:30,377.65,378,377.6,377.8,8011
2026-07-17T13:10:00+05:30,377.8,377.85,377.05,377.25,43936
2026-07-17T13:15:00+05:30,377.2,377.25,377,377.2,10032
2026-07-17T13:20:00+05:30,377.2,377.2,376.55,376.75,32823
2026-07-17T13:25:00+05:30,376.75,376.75,376.25,376.45,20697
2026-07-17T13:30:00+05:30,376.45,376.7,376.25,376.3,59913
2026-07-17T13:35:00+05:30,376.25,376.65,376.2,376.4,23131
2026-07-17T13:40:00+05:30,376.4,376.45,376,376.1,27570
2026-07-17T13:45:00+05:30,376.1,376.35,375.7,376.3,29867
2026-07-17T13:50:00+05:30,376.3,376.3,375.6,375.9,22321
2026-07-17T13:55:00+05:30,375.7,376.4,375.7,376.25,22573
2026-07-17T14:00:00+05:30,376.25,376.5,376,376.3,18912
2026-07-17T14:05:00+05:30,376.2,376.45,376,376.4,36850
2026-07-17T14:10:00+05:30,376.4,376.75,376.15,376.7,27605
2026-07-17T14:15:00+05:30,376.75,378.25,376.55,377.5,150637
2026-07-17T14:20:00+05:30,377.4,377.55,377.1,377.2,30733
2026-07-17T14:25:00+05:30,377.2,377.5,376.8,376.9,35833
2026-07-17T14:30:00+05:30,376.9,377.25,376.8,377,40384
2026-07-17T14:35:00+05:30,377,377.85,376.85,377.7,33190
2026-07-17T14:40:00+05:30,377.75,377.8,377.5,377.6,18467
2026-07-17T14:45:00+05:30,377.7,378.05,377.4,378.05,23819
2026-07-17T14:50:00+05:30,378.05,378.1,377.05,377.35,71393
2026-07-17T14:55:00+05:30,377.35,377.5,377.15,377.4,17314
2026-07-17T15:00:00+05:30,377.45,377.95,377.4,377.7,32314
2026-07-17T15:05:00+05:30,377.7,377.85,377.25,377.3,99387
2026-07-17T15:10:00+05:30,377.3,377.55,377.05,377.1,27339
2026-07-17T15:15:00+05:30,377.15,377.2,376.75,376.95,50176
2026-07-17T15:20:00+05:30,376.95,377.3,376.75,376.85,115399
2026-07-17T15:25:00+05:30,376.85,377.4,376.7,376.7,69071
2026-07-20T09:15:00+05:30,377,379.65,375.55,377.8,193332
2026-07-20T09:20:00+05:30,377.8,379.35,377.8,378.9,63869
2026-07-20T09:25:00+05:30,378.9,379.35,378.5,379.25,51677
2026-07-20T09:30:00+05:30,379.3,380.6,378.15,379.9,99062
2026-07-20T09:35:00+05:30,379.7,380.95,379.5,380.5,93781
2026-07-20T09:40:00+05:30,380.4,380.8,379.7,379.75,76458
2026-07-20T09:45:00+05:30,379.7,380.5,379.7,380.3,95710
2026-07-20T09:50:00+05:30,380.3,380.45,379.5,379.9,32768
2026-07-20T09:55:00+05:30,379.9,380.9,379.9,380.65,77330
2026-07-20T10:00:00+05:30,380.7,381.4,380.3,381.4,70070
2026-07-20T10:05:00+05:30,381.4,381.6,380.65,381.2,59624
2026-07-20T10:10:00+05:30,381.05,381.9,380.5,381.8,70248
2026-07-20T10:15:00+05:30,381.75,381.85,381.15,381.4,58725
2026-07-20T10:20:00+05:30,381.35,381.65,381.2,381.4,37747
2026-07-20T10:25:00+05:30,381.2,381.85,381.15,381.7,29901
2026-07-20T10:30:00+05:30,381.8,383.9,381.65,383.65,205681
2026-07-20T10:35:00+05:30,383.65,383.65,382.65,383.05,82275
2026-07-20T10:40:00+05:30,383.05,383.75,382.9,383.25,89906
2026-07-20T10:45:00+05:30,383.2,383.95,383.05,383.25,79910
2026-07-20T10:50:00+05:30,383.25,383.3,382.8,382.95,30334
2026-07-20T10:55:00+05:30,382.85,382.95,382.3,382.5,32309
2026-07-20T11:00:00+05:30,382.45,382.7,382,382.05,30614
2026-07-20T11:05:00+05:30,382.05,382.7,382.05,382.05,41469
2026-07-20T11:10:00+05:30,382,382.65,382,382.5,42892
2026-07-20T11:15:00+05:30,382.5,382.9,382.35,382.5,31940
2026-07-20T11:20:00+05:30,382.65,382.8,382.25,382.4,19289
2026-07-20T11:25:00+05:30,382.3,382.35,381.8,382.2,64237
2026-07-20T11:30:00+05:30,382.2,382.2,381.7,382.05,17487
2026-07-20T11:35:00+05:30,382.05,382.35,381.9,382.1,26714
2026-07-20T11:40:00+05:30,382.1,382.15,381.5,381.5,16904
2026-07-20T11:45:00+05:30,381.6,381.75,381.5,381.75,17286
2026-07-20T11:50:00+05:30,381.75,381.8,381.3,381.4,25029
2026-07-20T11:55:00+05:30,381.4,381.5,381.2,381.4,25309
2026-07-20T12:00:00+05:30,381.3,381.5,381.1,381.25,23034
2026-07-20T12:05:00+05:30,381.2,381.3,381.1,381.2,13167
2026-07-20T12:10:00+05:30,381.2,381.4,381.05,381.1,20200
2026-07-20T12:15:00+05:30,381.1,381.45,381.1,381.15,8582
2026-07-20T12:20:00+05:30,381.15,381.3,381,381.2,16236
2026-07-20T12:25:00+05:30,381.15,381.4,380.65,381,33082
2026-07-20T12:30:00+05:30,381,381.7,380.9,381.7,23261
2026-07-20T12:35:00+05:30,381.7,381.75,381.25,381.55,30395
2026-07-20T12:40:00+05:30,381.45,381.9,381.4,381.5,30587
2026-07-20T12:45:00+05:30,381.5,381.95,381.2,381.95,55656
2026-07-20T12:50:00+05:30,381.95,382.75,381.95,382.7,67489
2026-07-20T12:55:00+05:30,382.7,383.25,382.5,383,93866
2026-07-20T13:00:00+05:30,382.9,383.4,382.9,383.4,47315
2026-07-20T13:05:00+05:30,383.45,383.5,383,383.35,47603
2026-07-20T13:10:00+05:30,383.3,383.75,383.2,383.75,58643
2026-07-20T13:15:00+05:30,383.8,384.3,383.45,383.75,182439
2026-07-20T13:20:00+05:30,383.9,384.05,383.45,383.8,42286
2026-07-20T13:25:00+05:30,383.95,384,383.6,383.8,38678
2026-07-20T13:30:00+05:30,383.85,383.9,383.55,383.55,23744
2026-07-20T13:35:00+05:30,383.6,383.9,383.4,383.7,47822
2026-07-20T13:40:00+05:30,383.7,383.9,383.5,383.7,39920
2026-07-20T13:45:00+05:30,383.65,384,383.65,383.85,35224
2026-07-20T13:50:00+05:30,383.85,384.3,383.6,384.15,71953
2026-07-20T13:55:00+05:30,384.1,384.85,384.1,384.7,138916
2026-07-20T14:00:00+05:30,384.7,385.45,384.7,385.1,213053
2026-07-20T14:05:00+05:30,385.1,385.3,384.6,384.6,70492
2026-07-20T14:10:00+05:30,384.65,384.7,384.5,384.5,42356
2026-07-20T14:15:00+05:30,384.55,384.55,384.05,384.15,62507
2026-07-20T14:20:00+05:30,384.25,384.25,383.35,383.65,108931
2026-07-20T14:25:00+05:30,383.7,384.1,383.55,383.95,37660
2026-07-20T14:30:00+05:30,383.95,384,383.5,383.55,46937
2026-07-20T14:35:00+05:30,383.55,383.95,383.35,383.35,121919
2026-07-20T14:40:00+05:30,383.5,383.65,383.3,383.5,68745
2026-07-20T14:45:00+05:30,383.5,383.55,383.25,383.25,64519
2026-07-20T14:50:00+05:30,383.25,383.65,383.2,383.65,93596
2026-07-20T14:55:00+05:30,383.6,383.8,383.45,383.55,93533
2026-07-20T15:00:00+05:30,383.55,384.15,383.4,383.9,149121
2026-07-20T15:05:00+05:30,383.85,384,383.65,383.8,51246
2026-07-20T15:10:00+05:30,383.8,384.05,383.55,384,118225
2026-07-20T15:15:00+05:30,384.05,384.7,383.9,384.5,145548
2026-07-20T15:20:00+05:30,384.45,385.5,384.35,385.3,163803
2026-07-20T15:25:00+05:30,385.15,385.3,384,384.5,112476
2026-07-21T09:15:00+05:30,385.95,388.1,385.05,386.1,241323
2026-07-21T09:20:00+05:30,386.05,386.45,385.5,385.85,100264
2026-07-21T09:25:00+05:30,385.9,385.95,385.4,385.4,65807
2026-07-21T09:30:00+05:30,385.5,385.8,385.1,385.2,53451
2026-07-21T09:35:00+05:30,385.4,385.5,384.6,384.75,73597
2026-07-21T09:40:00+05:30,384.8,385,384.6,384.95,25866
2026-07-21T09:45:00+05:30,384.9,385.7,384.7,385.3,51150
2026-07-21T09:50:00+05:30,385.3,385.8,384.85,385.3,31688
2026-07-21T09:55:00+05:30,385.55,385.55,384.8,385.15,12915
2026-07-21T10:00:00+05:30,385.15,385.35,384.7,384.7,12397
2026-07-21T10:05:00+05:30,384.7,384.85,384.4,384.55,31348
2026-07-21T10:10:00+05:30,384.55,384.6,384.25,384.5,20955
2026-07-21T10:15:00+05:30,384.5,384.5,384.1,384.4,25726
2026-07-21T10:20:00+05:30,384.45,384.8,384.4,384.7,43589
2026-07-21T10:25:00+05:30,384.7,384.75,384.3,384.4,21168
2026-07-21T10:30:00+05:30,384.45,384.8,384.05,384.05,18762
2026-07-21T10:35:00+05:30,384,384.35,383.55,383.55,43673
2026-07-21T10:40:00+05:30,383.5,383.95,383.5,383.95,14942
2026-07-21T10:45:00+05:30,383.95,383.95,383.3,383.55,18254
2026-07-21T10:50:00+05:30,383.55,383.55,382.85,383.15,31471
2026-07-21T10:55:00+05:30,383.1,383.6,382.85,383.4,30925
2026-07-21T11:00:00+05:30,383.4,383.6,383.3,383.55,10009
2026-07-21T11:05:00+05:30,383.55,383.75,383.2,383.3,13182
2026-07-21T11:10:00+05:30,383.3,383.45,383,383,14739
2026-07-21T11:15:00+05:30,383,383.2,382.9,383.15,15487
2026-07-21T11:20:00+05:30,382.95,383.2,382.5,382.5,39631
2026-07-21T11:25:00+05:30,382.6,382.85,382.3,382.6,24953
2026-07-21T11:30:00+05:30,382.6,382.65,382.35,382.6,9877
2026-07-21T11:35:00+05:30,382.5,382.8,382.45,382.5,17589
2026-07-21T11:40:00+05:30,382.5,382.55,382.05,382.1,18469
2026-07-21T11:45:00+05:30,382.2,382.45,381.7,381.85,34065
2026-07-21T11:50:00+05:30,382.05,382.1,381.3,381.4,51972
2026-07-21T11:55:00+05:30,381.4,381.6,380.7,381.35,84004
2026-07-21T12:00:00+05:30,381.4,382.1,381.25,381.9,27495
2026-07-21T12:05:00+05:30,381.9,382.2,381.9,381.9,29038
2026-07-21T12:10:00+05:30,382,382,381.55,381.75,11923
2026-07-21T12:15:00+05:30,381.75,381.9,381.5,381.65,21010
2026-07-21T12:20:00+05:30,381.65,381.65,381.2,381.3,13940
2026-07-21T12:25:00+05:30,381.4,381.4,381.2,381.3,19947
2026-07-21T12:30:00+05:30,381.25,381.7,381.15,381.4,14670
2026-07-21T12:35:00+05:30,381.6,381.65,381.1,381.35,14906
2026-07-21T12:40:00+05:30,381.35,381.4,381,381.35,27573
2026-07-21T12:45:00+05:30,381.35,381.35,380.95,381.05,18494
2026-07-21T12:50:00+05:30,381.05,381.35,380.5,380.9,43753
2026-07-21T12:55:00+05:30,381.15,381.15,380.35,380.7,46970
2026-07-21T13:00:00+05:30,380.5,380.55,380,380.4,53786
2026-07-21T13:05:00+05:30,380.45,380.5,380.2,380.35,9774
2026-07-21T13:10:00+05:30,380.35,380.6,380.25,380.5,12376
2026-07-21T13:15:00+05:30,380.5,380.55,380.2,380.3,9176
2026-07-21T13:20:00+05:30,380.5,381.15,380.4,380.9,20828
2026-07-21T13:25:00+05:30,381,381.25,380.6,380.8,20981
2026-07-21T13:30:00+05:30,380.85,381.4,380.75,381.3,17474
2026-07-21T13:35:00+05:30,381.3,381.7,381.25,381.6,12599
2026-07-21T13:40:00+05:30,381.7,382.15,381.6,381.85,34925
2026-07-21T13:45:00+05:30,381.8,382,381.6,381.8,17252
2026-07-21T13:50:00+05:30,381.8,381.8,381.6,381.75,12164
2026-07-21T13:55:00+05:30,381.75,381.75,381,381.3,24646
2026-07-21T14:00:00+05:30,381.3,381.9,381.3,381.75,12227
2026-07-21T14:05:00+05:30,381.75,381.9,381.7,381.7,16237
2026-07-21T14:10:00+05:30,381.7,381.95,381.6,381.75,36537
2026-07-21T14:15:00+05:30,381.75,381.9,381.35,381.65,16733
2026-07-21T14:20:00+05:30,381.65,381.75,381.55,381.7,11884
2026-07-21T14:25:00+05:30,381.6,381.7,380.55,380.95,121714
2026-07-21T14:30:00+05:30,380.95,381.05,380.2,380.65,106908
2026-07-21T14:35:00+05:30,380.65,381.5,380.65,381.3,43972
2026-07-21T14:40:00+05:30,381.5,381.6,381.2,381.55,36258
2026-07-21T14:45:00+05:30,381.5,381.6,381.25,381.6,30402
2026-07-21T14:50:00+05:30,381.6,381.7,381.4,381.65,23130
2026-07-21T14:55:00+05:30,381.65,381.65,381.2,381.45,28302
2026-07-21T15:00:00+05:30,381.45,382.1,381.45,381.9,122485
2026-07-21T15:05:00+05:30,381.9,382,381.65,381.8,64004
2026-07-21T15:10:00+05:30,381.75,381.8,381.25,381.45,80377
2026-07-21T15:15:00+05:30,381.45,381.65,380.8,381.1,119177
2026-07-21T15:20:00+05:30,381.15,381.5,380.95,381.4,144144
2026-07-21T15:25:00+05:30,381.45,381.55,380.7,381.35,125127
2026-07-22T09:15:00+05:30,379.65,380.9,379,380,56875
2026-07-22T09:20:00+05:30,380.1,380.2,379.5,380,45502
2026-07-22T09:25:00+05:30,379.85,379.95,378.6,378.8,59678
2026-07-22T09:30:00+05:30,378.8,379.35,378.4,378.8,66806
2026-07-22T09:35:00+05:30,378.95,379,378.5,378.75,30001
2026-07-22T09:40:00+05:30,378.55,379,378.4,378.85,36214
2026-07-22T09:45:00+05:30,378.85,379,378.5,378.65,51348
2026-07-22T09:50:00+05:30,378.85,379.6,378.6,379.15,70725
2026-07-22T09:55:00+05:30,379,379.25,378.65,379,26576
2026-07-22T10:00:00+05:30,379,379.1,378.25,379.1,47991
2026-07-22T10:05:00+05:30,379.05,379.8,378.8,379.8,28136
2026-07-22T10:10:00+05:30,379.65,380.3,379.6,379.75,55977
2026-07-22T10:15:00+05:30,379.6,379.95,379.25,379.9,20165
2026-07-22T10:20:00+05:30,379.9,379.95,379.3,379.6,26608
2026-07-22T10:25:00+05:30,379.6,379.65,378.65,379.2,29254
2026-07-22T10:30:00+05:30,379.35,379.4,379,379.25,15397
2026-07-22T10:35:00+05:30,379.25,379.35,377.7,378.35,192028
2026-07-22T10:40:00+05:30,378.3,378.8,378.2,378.65,16401
2026-07-22T10:45:00+05:30,378.65,379.25,378.5,379.2,15501
2026-07-22T10:50:00+05:30,378.9,379.25,378.7,378.7,16649
2026-07-22T10:55:00+05:30,378.7,379.45,378.7,379.4,10616
2026-07-22T11:00:00+05:30,379.4,379.55,379.2,379.3,8406
2026-07-22T11:05:00+05:30,379.2,379.45,379,379.45,9087
2026-07-22T11:10:00+05:30,379.45,379.65,379.2,379.3,11001
2026-07-22T11:15:00+05:30,379.3,379.9,379.25,379.75,12882
2026-07-22T11:20:00+05:30,379.75,380.2,379.65,380.2,12495
2026-07-22T11:25:00+05:30,380.2,380.5,379.8,379.8,15413
2026-07-22T11:30:00+05:30,379.8,380.35,379.8,380.15,21113
2026-07-22T11:35:00+05:30,380.15,380.15,379.65,379.9,12504
2026-07-22T11:40:00+05:30,379.9,380.2,379.7,380.15,6441
2026-07-22T11:45:00+05:30,380.15,380.3,380,380.05,8414
2026-07-22T11:50:00+05:30,380.05,380.1,379.5,379.55,9883
2026-07-22T11:55:00+05:30,379.5,379.5,378.65,378.75,26679
2026-07-22T12:00:00+05:30,378.85,378.85,378.2,378.6,21765
2026-07-22T12:05:00+05:30,378.6,378.6,378.1,378.1,16386
2026-07-22T12:10:00+05:30,378.1,378.35,378.05,378.2,16250
2026-07-22T12:15:00+05:30,378.25,378.25,377.9,378.05,28418
2026-07-22T12:20:00+05:30,378,378.35,377.6,378.15,21451
2026-07-22T12:25:00+05:30,378.1,378.6,377.8,377.85,34654
2026-07-22T12:30:00+05:30,377.85,377.9,377.55,377.75,8848
2026-07-22T12:35:00+05:30,377.75,378,377.65,377.75,8747
2026-07-22T12:40:00+05:30,377.6,377.95,377.5,377.85,20142
2026-07-22T12:45:00+05:30,377.7,378.7,377.55,378.65,17180
2026-07-22T12:50:00+05:30,378.75,379.2,378.5,378.75,38585
2026-07-22T12:55:00+05:30,378.75,378.95,378.5,378.65,14175
2026-07-22T13:00:00+05:30,378.75,378.75,378,378.1,18347
2026-07-22T13:05:00+05:30,378.05,378.35,378,378,17037
2026-07-22T13:10:00+05:30,378,378.2,377.5,377.85,33284
2026-07-22T13:15:00+05:30,377.8,378.5,377.75,378.3,30373
2026-07-22T13:20:00+05:30,378.3,378.6,378.1,378.4,12835
2026-07-22T13:25:00+05:30,378.35,378.6,378.2,378.6,15105
2026-07-22T13:30:00+05:30,378.55,379.05,378.55,378.9,27753
2026-07-22T13:35:00+05:30,378.75,379.3,378.7,379.3,19185
2026-07-22T13:40:00+05:30,379.2,379.3,378.75,379.05,21915
2026-07-22T13:45:00+05:30,379.05,379.2,378.8,378.9,10371
2026-07-22T13:50:00+05:30,378.85,379,378.25,378.85,28212
2026-07-22T13:55:00+05:30,378.75,378.9,378.55,378.7,12671
2026-07-22T14:00:00+05:30,378.7,379.45,378.7,379.2,35614
2026-07-22T14:05:00+05:30,379.2,379.35,379,379.3,9699
2026-07-22T14:10:00+05:30,379.25,379.45,378.4,378.8,32715
2026-07-22T14:15:00+05:30,378.85,379.45,378.6,379.35,10065
2026-07-22T14:20:00+05:30,379.35,379.45,378.85,378.95,4324
2026-07-22T14:25:00+05:30,378.85,379,378.35,378.45,15432
2026-07-22T14:30:00+05:30,378.6,379.15,378.55,378.95,14020
2026-07-22T14:35:00+05:30,378.8,378.85,378.5,378.7,9718
2026-07-22T14:40:00+05:30,378.7,378.8,378.15,378.55,27185
2026-07-22T14:45:00+05:30,378.55,378.65,377.35,378,43058
2026-07-22T14:50:00+05:30,378,378.45,377.8,378.3,15593
2026-07-22T14:55:00+05:30,378.15,378.55,378,378.25,13720
2026-07-22T15:00:00+05:30,378.5,378.8,378.15,378.4,52260
2026-07-22T15:05:00+05:30,378.5,379.2,378.35,378.9,79615
2026-07-22T15:10:00+05:30,378.75,378.9,378.25,378.9,35066
2026-07-22T15:15:00+05:30,378.9,379.3,378.6,378.75,47817
2026-07-22T15:20:00+05:30,378.75,378.75,378.15,378.65,41884
2026-07-22T15:25:00+05:30,378.5,378.75,377.5,377.95,85960
2026-07-23T09:15:00+05:30,376,376.7,374,375.85,129349
2026-07-23T09:20:00+05:30,376,377.4,376,376.9,47195
2026-07-23T09:25:00+05:30,377.1,377.7,376.8,377.35,36103
2026-07-23T09:30:00+05:30,377.05,377.5,376.75,376.9,38692
2026-07-23T09:35:00+05:30,376.75,377.25,376.4,377.1,24658
2026-07-23T09:40:00+05:30,377.25,377.4,376.7,376.95,16454
2026-07-23T09:45:00+05:30,376.95,377.1,376.25,376.55,16141
2026-07-23T09:50:00+05:30,376.7,376.9,376.4,376.6,15142
2026-07-23T09:55:00+05:30,376.6,377.5,376.6,377.4,21635
2026-07-23T10:00:00+05:30,377.55,378.3,377.35,378.15,29411
2026-07-23T10:05:00+05:30,378.2,378.5,377.5,377.6,36262
2026-07-23T10:10:00+05:30,377.5,377.9,377.45,377.55,24485
2026-07-23T10:15:00+05:30,377.45,378,377.35,377.95,11969
2026-07-23T10:20:00+05:30,377.85,377.85,377.4,377.6,7179
2026-07-23T10:25:00+05:30,377.6,377.7,377.4,377.7,5160
2026-07-23T10:30:00+05:30,377.7,377.75,377.25,377.3,30160
2026-07-23T10:35:00+05:30,377.3,377.8,377.3,377.75,7747
2026-07-23T10:40:00+05:30,377.8,378,377.6,377.95,4693
2026-07-23T10:45:00+05:30,377.95,378,377.65,377.8,7547
2026-07-23T10:50:00+05:30,377.8,378.15,377.65,377.7,9563
2026-07-23T10:55:00+05:30,377.7,378.4,377.7,378.35,5445
2026-07-23T11:00:00+05:30,378.35,379.4,378.2,379.4,50499
2026-07-23T11:05:00+05:30,379.4,379.5,378.85,379,11702
2026-07-23T11:10:00+05:30,378.8,379.3,378.75,378.85,9158
2026-07-23T11:15:00+05:30,378.85,378.9,378.6,378.65,7183
2026-07-23T11:20:00+05:30,378.85,378.9,378,378.05,11868
2026-07-23T11:25:00+05:30,378.05,378.55,377.85,378.2,45723
2026-07-23T11:30:00+05:30,378,378.4,377.6,378.4,17530
2026-07-23T11:35:00+05:30,378.2,378.4,377.9,378,4151
2026-07-23T11:40:00+05:30,378,378,377.7,377.9,4472
2026-07-23T11:45:00+05:30,377.95,377.95,377.6,377.9,10515
2026-07-23T11:50:00+05:30,377.8,378,377.5,377.7,6287
2026-07-23T11:55:00+05:30,377.8,378.1,377.55,377.9,4714
2026-07-23T12:00:00+05:30,377.75,378.15,377.6,378,9778
2026-07-23T12:05:00+05:30,377.95,378.1,377.7,377.85,3534
2026-07-23T12:10:00+05:30,377.95,377.95,377.75,377.8,4625
2026-07-23T12:15:00+05:30,377.8,378.1,377.6,377.7,5155
2026-07-23T12:20:00+05:30,377.7,377.75,377.25,377.3,10237
2026-07-23T12:25:00+05:30,377.45,377.5,377.05,377.25,8582
2026-07-23T12:30:00+05:30,377.25,377.25,376.5,376.75,19168
2026-07-23T12:35:00+05:30,376.85,376.9,376.55,376.6,6575
2026-07-23T12:40:00+05:30,376.6,376.7,376.2,376.25,13428
2026-07-23T12:45:00+05:30,376.7,376.7,376.25,376.25,12049
2026-07-23T12:50:00+05:30,376.25,376.6,376.1,376.3,17240
2026-07-23T12:55:00+05:30,376.3,376.45,376.2,376.25,15974
2026-07-23T13:00:00+05:30,376.25,376.5,376.15,376.35,8448
2026-07-23T13:05:00+05:30,376.25,376.25,375.6,375.6,24319
2026-07-23T13:10:00+05:30,375.6,376.1,375.4,375.85,41432
2026-07-23T13:15:00+05:30,375.85,376,375.4,375.7,9643
2026-07-23T13:20:00+05:30,375.7,375.95,375.5,375.7,8132
2026-07-23T13:25:00+05:30,375.7,375.9,375.65,375.75,9505
2026-07-23T13:30:00+05:30,375.75,375.85,375.5,375.5,14671
2026-07-23T13:35:00+05:30,375.6,376.4,375.4,376.25,26047
2026-07-23T13:40:00+05:30,376.4,376.45,375.65,375.85,8910
2026-07-23T13:45:00+05:30,375.85,376.35,375.65,375.9,7284
2026-07-23T13:50:00+05:30,375.9,376.2,375.65,375.7,12596
2026-07-23T13:55:00+05:30,375.7,375.9,375.5,375.5,10013
2026-07-23T14:00:00+05:30,375.65,375.75,375.5,375.5,5461
2026-07-23T14:05:00+05:30,375.65,375.65,375.35,375.4,6268
2026-07-23T14:10:00+05:30,375.4,375.75,375.3,375.35,19502
2026-07-23T14:15:00+05:30,375.5,375.55,375.2,375.2,4277
2026-07-23T14:20:00+05:30,375.3,375.65,375.3,375.6,40444
2026-07-23T14:25:00+05:30,375.6,375.75,375.4,375.45,12093
2026-07-23T14:30:00+05:30,375.5,376.4,375.35,376.35,18958
2026-07-23T14:35:00+05:30,376.35,376.35,375.65,375.8,13227
2026-07-23T14:40:00+05:30,375.6,375.8,375.1,375.45,37663
2026-07-23T14:45:00+05:30,375.35,375.5,375.05,375.5,34700
2026-07-23T14:50:00+05:30,375.5,375.8,375.35,375.7,37310
2026-07-23T14:55:00+05:30,375.7,375.9,375.55,375.9,26054
2026-07-23T15:00:00+05:30,375.9,376.45,375.5,376,68625
2026-07-23T15:05:00+05:30,376,376.55,375.9,376.5,52790
2026-07-23T15:10:00+05:30,376.5,376.5,376.05,376.2,55780
2026-07-23T15:15:00+05:30,376.15,376.25,375.75,376.1,67763
2026-07-23T15:20:00+05:30,376,376.45,376,376.05,91669
2026-07-23T15:25:00+05:30,376.05,376.4,375.95,376.2,70284
2026-07-24T09:15:00+05:30,373.4,375.55,373,375.3,71443
2026-07-24T09:20:00+05:30,375.05,375.75,374.7,374.85,44691
2026-07-24T09:25:00+05:30,374.9,375,373.75,374,54013
2026-07-24T09:30:00+05:30,373.9,374.35,373.6,373.9,35536
2026-07-24T09:35:00+05:30,373.8,374.1,373.3,373.65,44507
2026-07-24T09:40:00+05:30,373.75,373.85,373.2,373.5,27900
2026-07-24T09:45:00+05:30,373.5,373.6,372.75,372.8,45228
2026-07-24T09:50:00+05:30,372.8,373,372.3,372.8,42880
2026-07-24T09:55:00+05:30,372.8,373,372.5,372.6,24102
2026-07-24T10:00:00+05:30,372.7,372.9,372.1,372.3,44810
2026-07-24T10:05:00+05:30,372.15,372.5,371.6,372.5,33943
2026-07-24T10:10:00+05:30,372.55,372.7,372.1,372.2,20063
2026-07-24T10:15:00+05:30,372.35,372.4,371.8,371.9,30167
2026-07-24T10:20:00+05:30,371.9,372.25,371.9,372,12596
2026-07-24T10:25:00+05:30,372.15,372.45,371.75,371.8,14120
2026-07-24T10:30:00+05:30,371.8,372,371.5,371.7,16201
2026-07-24T10:35:00+05:30,371.7,372.15,371.4,372,24294
2026-07-24T10:40:00+05:30,372,372.35,371.8,372.05,14181
2026-07-24T10:45:00+05:30,372.25,372.45,372.05,372.4,15314
2026-07-24T10:50:00+05:30,372.4,372.4,372.05,372.35,16282
2026-07-24T10:55:00+05:30,372.35,372.35,371.9,372.25,20906
2026-07-24T11:00:00+05:30,372.25,372.4,372,372.1,29328
2026-07-24T11:05:00+05:30,372.3,372.3,372,372.15,15415
2026-07-24T11:10:00+05:30,372.15,372.45,372,372.1,12802
2026-07-24T11:15:00+05:30,372,373.25,372,373.2,39871
2026-07-24T11:20:00+05:30,373.2,373.75,373.15,373.45,19194
2026-07-24T11:25:00+05:30,373.4,373.75,373.2,373.35,14063
2026-07-24T11:30:00+05:30,373.35,373.35,372.8,373.3,8964
2026-07-24T11:35:00+05:30,373.1,373.35,373,373.35,11609
2026-07-24T11:40:00+05:30,373.35,373.45,373.1,373.45,6017
2026-07-24T11:45:00+05:30,373.5,374.45,373.5,374.45,25649
2026-07-24T11:50:00+05:30,374.45,374.6,374.25,374.45,8369
2026-07-24T11:55:00+05:30,374.35,374.6,374.15,374.5,19803
2026-07-24T12:00:00+05:30,374.3,374.55,374,374.5,11436
2026-07-24T12:05:00+05:30,374.5,374.6,374.3,374.4,8903
2026-07-24T12:10:00+05:30,374.4,374.5,374,374.2,15550
2026-07-24T12:15:00+05:30,374.2,374.45,374.05,374.3,10918
2026-07-24T12:20:00+05:30,374.3,374.6,374.1,374.35,17359
2026-07-24T12:25:00+05:30,374.45,375.25,374.35,375.1,29613
2026-07-24T12:30:00+05:30,375,375.15,374.5,374.8,20215
2026-07-24T12:35:00+05:30,374.75,374.8,374.4,374.7,13048
2026-07-24T12:40:00+05:30,374.8,375,374.7,374.9,13067
2026-07-24T12:45:00+05:30,374.8,375.15,374.75,375.15,13635
2026-07-24T12:50:00+05:30,375.1,375.25,374.8,375.2,19979
2026-07-24T12:55:00+05:30,375.25,375.25,374.8,374.95,14030
2026-07-24T13:00:00+05:30,374.85,375.25,374.6,374.65,23482
2026-07-24T13:05:00+05:30,374.65,374.65,374.3,374.45,8218
2026-07-24T13:10:00+05:30,374.5,374.85,374.3,374.75,16932
2026-07-24T13:15:00+05:30,374.9,375,374.6,374.8,14129
2026-07-24T13:20:00+05:30,374.8,375,374.5,374.95,6825
2026-07-24T13:25:00+05:30,374.85,375.15,374.7,374.9,10394
2026-07-24T13:30:00+05:30,374.9,375,374.45,374.5,10382
2026-07-24T13:35:00+05:30,374.5,374.85,374.35,374.75,8815
2026-07-24T13:40:00+05:30,374.75,374.75,374.1,374.25,8667
2026-07-24T13:45:00+05:30,374.25,374.5,374.15,374.3,12434
2026-07-24T13:50:00+05:30,374.25,374.75,374.2,374.65,8010
2026-07-24T13:55:00+05:30,374.6,374.95,374.45,374.8,9751
2026-07-24T14:00:00+05:30,374.8,375.15,374.5,375.15,9922
2026-07-24T14:05:00+05:30,375.15,375.2,374.6,374.75,13764
2026-07-24T14:10:00+05:30,374.7,375.2,374.55,374.55,13539
2026-07-24T14:15:00+05:30,374.55,374.9,374.5,374.6,10649
2026-07-24T14:20:00+05:30,374.6,374.6,374.3,374.4,6652
2026-07-24T14:25:00+05:30,374.3,374.35,373.8,374.1,20699
2026-07-24T14:30:00+05:30,374.1,374.25,373.9,374,16950
2026-07-24T14:35:00+05:30,373.95,373.95,373.5,373.65,13823
2026-07-24T14:40:00+05:30,373.65,374,373.6,374,14431
2026-07-24T14:45:00+05:30,374,374.1,373.25,373.7,24376
2026-07-24T14:50:00+05:30,373.7,374.1,373.55,374.05,17432
2026-07-24T14:55:00+05:30,374.05,374.1,373.7,373.9,15637
2026-07-24T15:00:00+05:30,373.9,374.4,373.9,374.05,41920
2026-07-24T15:05:00+05:30,374,374.15,373.75,373.95,52015
2026-07-24T15:10:00+05:30,373.95,374.3,373.95,374.3,29007
2026-07-24T15:15:00+05:30,374.3,375,374.1,374.4,84495
2026-07-24T15:20:00+05:30,374.4,374.8,374.25,374.8,62293
2026-07-24T15:25:00+05:30,374.8,375.5,374.8,375,52131
2026-07-27T09:15:00+05:30,376.75,378.5,376,376.55,107929
2026-07-27T09:20:00+05:30,376.5,377.1,375.85,375.85,69355
2026-07-27T09:25:00+05:30,376.2,377.45,375.8,377.45,44615
2026-07-27T09:30:00+05:30,377.45,377.8,376.85,376.95,36225
2026-07-27T09:35:00+05:30,376.95,377.15,376.3,377.05,62308
2026-07-27T09:40:00+05:30,377,377.1,376,376.2,37228
2026-07-27T09:45:00+05:30,376.1,376.3,375.6,375.75,52221
2026-07-27T09:50:00+05:30,375.7,376.15,375.5,375.85,44439
2026-07-27T09:55:00+05:30,375.85,375.85,374.8,375.1,71031
2026-07-27T10:00:00+05:30,375.1,375.5,375.1,375.25,50259
2026-07-27T10:05:00+05:30,375.2,375.85,375,375.5,31781
2026-07-27T10:10:00+05:30,375.5,375.7,375.25,375.6,42523
2026-07-27T10:15:00+05:30,375.55,375.55,375.15,375.35,18313
2026-07-27T10:20:00+05:30,375.35,375.35,374.8,374.8,23091
2026-07-27T10:25:00+05:30,374.8,375,374.55,374.65,23764
2026-07-27T10:30:00+05:30,374.85,375,374.6,374.85,11746
2026-07-27T10:35:00+05:30,374.75,374.95,374.5,374.6,17428
2026-07-27T10:40:00+05:30,374.5,375.15,374.45,375.05,22013
2026-07-27T10:45:00+05:30,375,375.25,374.75,374.85,23636
2026-07-27T10:50:00+05:30,374.9,375.25,374.7,375.05,34430
2026-07-27T10:55:00+05:30,375.05,375.8,375.05,375.35,112142
2026-07-27T11:00:00+05:30,375.35,375.4,375,375.35,17035
2026-07-27T11:05:00+05:30,375.35,375.55,375.2,375.45,13023
2026-07-27T11:10:00+05:30,375.45,375.75,375.3,375.4,13497
2026-07-27T11:15:00+05:30,375.4,375.7,375.25,375.45,11650
2026-07-27T11:20:00+05:30,375.45,375.45,375.05,375.1,28883
2026-07-27T11:25:00+05:30,375.1,375.65,375.1,375.5,9975
2026-07-27T11:30:00+05:30,375.35,375.75,375.3,375.75,11953
2026-07-27T11:35:00+05:30,375.65,375.95,375.5,375.7,25228
2026-07-27T11:40:00+05:30,375.7,375.7,375.2,375.45,9581
2026-07-27T11:45:00+05:30,375.25,375.45,375,375,8970
2026-07-27T11:50:00+05:30,375,375.15,374.8,374.9,19030
2026-07-27T11:55:00+05:30,374.9,375.2,374.8,374.9,13207
2026-07-27T12:00:00+05:30,374.9,375.3,374.9,375,21348
2026-07-27T12:05:00+05:30,375,375.15,374.75,374.85,12539
2026-07-27T12:10:00+05:30,374.85,375,374.75,374.9,6164
2026-07-27T12:15:00+05:30,375,375.05,374.75,374.85,9473
2026-07-27T12:20:00+05:30,374.85,375,374.5,374.6,9151
2026-07-27T12:25:00+05:30,374.5,375.45,374.5,375.25,15727
2026-07-27T12:30:00+05:30,375.25,375.35,375,375.3,8807
2026-07-27T12:35:00+05:30,375.3,375.4,375.1,375.15,7970
2026-07-27T12:40:00+05:30,375.15,375.25,375.1,375.2,9999
2026-07-27T12:45:00+05:30,375.2,375.4,375.05,375.35,23950
2026-07-27T12:50:00+05:30,375.35,375.6,375.3,375.4,17918
2026-07-27T12:55:00+05:30,375.4,375.7,375.35,375.5,7687
2026-07-27T13:00:00+05:30,375.55,375.9,375.5,375.65,17905
2026-07-27T13:05:00+05:30,375.6,375.95,375.6,375.8,15601
2026-07-27T13:10:00+05:30,375.8,375.95,375.7,375.9,19206
2026-07-27T13:15:00+05:30,375.8,375.9,375.55,375.65,13130
2026-07-27T13:20:00+05:30,375.65,375.75,375.5,375.55,10082
2026-07-27T13:25:00+05:30,375.55,375.9,375.35,375.85,31437
2026-07-27T13:30:00+05:30,375.85,376.3,375.8,376.1,22418
2026-07-27T13:35:00+05:30,376.05,376.3,375.75,376,38748
2026-07-27T13:40:00+05:30,376.05,376.2,375.6,375.75,30220
2026-07-27T13:45:00+05:30,375.8,376,375.8,375.95,12653
2026-07-27T13:50:00+05:30,375.8,375.95,375.65,375.95,16971
2026-07-27T13:55:00+05:30,375.95,376.15,375.75,375.75,19768
2026-07-27T14:00:00+05:30,375.75,376,375.65,375.75,18354
2026-07-27T14:05:00+05:30,375.9,375.95,375.65,375.95,6603
2026-07-27T14:10:00+05:30,375.85,376.75,375.85,376.4,63492
2026-07-27T14:15:00+05:30,376.4,376.5,376.05,376.2,9574
2026-07-27T14:20:00+05:30,376.2,376.85,376.2,376.55,24613
2026-07-27T14:25:00+05:30,376.55,376.7,376.45,376.65,9981
2026-07-27T14:30:00+05:30,376.65,376.8,376.25,376.45,27323
2026-07-27T14:35:00+05:30,376.65,376.7,376.3,376.5,62231
2026-07-27T14:40:00+05:30,376.55,376.6,376.15,376.4,36570
2026-07-27T14:45:00+05:30,376.45,376.65,376.15,376.45,36486
2026-07-27T14:50:00+05:30,376.25,376.5,376.15,376.25,40480
2026-07-27T14:55:00+05:30,376.4,376.55,376.15,376.45,36072
2026-07-27T15:00:00+05:30,376.45,376.85,376.25,376.75,74001
2026-07-27T15:05:00+05:30,376.85,377.65,376.7,377.3,99357
2026-07-27T15:10:00+05:30,377.25,377.55,377.15,377.4,43850
2026-07-27T15:15:00+05:30,377.25,377.6,377.05,377.4,55155
2026-07-27T15:20:00+05:30,377.5,378,377.2,377.95,102203
2026-07-27T15:25:00+05:30,377.95,379,377.65,379,89341
2026-07-28T09:15:00+05:30,382,383.5,374.7,376,1515153
2026-07-28T09:20:00+05:30,376,376.9,374.4,374.5,405974
2026-07-28T09:25:00+05:30,374.5,374.6,373.25,373.9,330490
2026-07-28T09:30:00+05:30,374.1,374.1,372.25,372.85,245479
2026-07-28T09:35:00+05:30,372.85,373.45,372.7,373.1,158664
2026-07-28T09:40:00+05:30,372.9,373.05,371.7,372,227788
2026-07-28T09:45:00+05:30,371.7,373.5,371.3,373.15,264721
2026-07-28T09:50:00+05:30,373.1,373.25,372.8,373,99226
2026-07-28T09:55:00+05:30,373,373,372.25,372.65,60529
2026-07-28T10:00:00+05:30,372.65,372.65,372.2,372.3,52564
2026-07-28T10:05:00+05:30,372.45,373.3,372.25,373.15,76535
2026-07-28T10:10:00+05:30,373.1,373.25,372.8,373,57022
2026-07-28T10:15:00+05:30,373,373.85,372.5,373.55,96555
2026-07-28T10:20:00+05:30,373.35,373.6,372.8,373.2,53286
2026-07-28T10:25:00+05:30,373.1,373.3,372.9,373.1,44660
2026-07-28T10:30:00+05:30,373.1,374,373.05,374,111054
2026-07-28T10:35:00+05:30,374,374.6,373.4,373.55,236301
2026-07-28T10:40:00+05:30,373.55,373.9,372.25,372.65,158258
2026-07-28T10:45:00+05:30,372.65,373.1,372.4,372.8,43682
2026-07-28T10:50:00+05:30,372.8,372.8,372.05,372.3,103318
2026-07-28T10:55:00+05:30,372.3,372.45,372.1,372.25,69899
2026-07-28T11:00:00+05:30,372.25,372.85,372.05,372.3,66955
2026-07-28T11:05:00+05:30,372.3,372.7,372.25,372.65,34277
2026-07-28T11:10:00+05:30,372.6,372.65,372.2,372.45,87455
2026-07-28T11:15:00+05:30,372.45,372.7,372.05,372.05,49844
2026-07-28T11:20:00+05:30,372.15,372.55,371.55,372.5,182676
2026-07-28T11:25:00+05:30,372.5,372.55,372.15,372.35,33222
2026-07-28T11:30:00+05:30,372.35,372.45,372,372.15,32572
2026-07-28T11:35:00+05:30,372.15,372.25,371.8,371.95,33436
2026-07-28T11:40:00+05:30,371.95,371.95,371.5,371.85,49002
2026-07-28T11:45:00+05:30,371.85,372.2,371.5,372.15,79778
2026-07-28T11:50:00+05:30,372.1,372.1,371.5,371.75,40829
2026-07-28T11:55:00+05:30,371.75,372,371.3,371.55,72120
2026-07-28T12:00:00+05:30,371.55,371.7,371.2,371.5,38235
2026-07-28T12:05:00+05:30,371.4,371.55,371.2,371.35,32813
2026-07-28T12:10:00+05:30,371.35,371.5,371.15,371.4,77206
2026-07-28T12:15:00+05:30,371.4,371.5,371.15,371.15,33602
2026-07-28T12:20:00+05:30,371.15,371.3,370.75,371.2,91461
2026-07-28T12:25:00+05:30,371.2,371.3,371,371.05,36639
2026-07-28T12:30:00+05:30,371,371.35,371,371.25,25347
2026-07-28T12:35:00+05:30,371.1,371.25,370.85,371,35870
2026-07-28T12:40:00+05:30,371,371.4,370.9,371.4,16755
2026-07-28T12:45:00+05:30,371.4,371.6,370.95,370.95,41745
2026-07-28T12:50:00+05:30,371,371.1,370.6,370.75,34044
2026-07-28T12:55:00+05:30,370.75,370.8,370.4,370.55,56564
2026-07-28T13:00:00+05:30,370.65,370.65,370.5,370.65,30596
2026-07-28T13:05:00+05:30,370.65,370.8,370.4,370.6,44971
2026-07-28T13:10:00+05:30,370.6,370.6,369.8,370,192373
2026-07-28T13:15:00+05:30,370,370,369.1,369.75,149475
2026-07-28T13:20:00+05:30,369.75,370.2,369.55,370.2,50194
2026-07-28T13:25:00+05:30,370.2,370.25,369.75,370.05,37470
2026-07-28T13:30:00+05:30,370,370.1,369.5,370,39818
2026-07-28T13:35:00+05:30,369.95,370.1,369.5,369.75,41755
2026-07-28T13:40:00+05:30,369.75,369.95,369.55,369.55,23317
2026-07-28T13:45:00+05:30,369.7,369.7,368.8,369,140948
2026-07-28T13:50:00+05:30,369,369.7,369,369.7,118659
2026-07-28T13:55:00+05:30,369.45,369.8,369.2,369.35,42927
2026-07-28T14:00:00+05:30,369.35,369.35,368.85,368.9,75853
2026-07-28T14:05:00+05:30,368.9,369.2,368.55,368.85,89291
2026-07-28T14:10:00+05:30,368.85,368.85,368.2,368.65,74927
2026-07-28T14:15:00+05:30,368.65,368.95,368.5,368.8,61752
2026-07-28T14:20:00+05:30,368.75,368.75,368.1,368.35,56888
2026-07-28T14:25:00+05:30,368.35,368.7,368.15,368.6,52412
2026-07-28T14:30:00+05:30,368.55,368.6,367.85,368.2,114599
2026-07-28T14:35:00+05:30,368.15,369.5,368.05,369.2,206893
2026-07-28T14:40:00+05:30,369.2,369.85,369,369.5,93328
2026-07-28T14:45:00+05:30,369.5,369.75,369.25,369.6,73505
2026-07-28T14:50:00+05:30,369.65,369.9,369.25,369.8,48092
2026-07-28T14:55:00+05:30,369.85,369.9,369.35,369.45,107283
2026-07-28T15:00:00+05:30,369.3,370.65,369.3,370.3,266698
2026-07-28T15:05:00+05:30,370.2,372.1,370.2,371.95,228733
2026-07-28T15:10:00+05:30,371.95,372.7,371.75,372.6,256705
2026-07-28T15:15:00+05:30,372.55,372.85,371.05,371.35,246029
2026-07-28T15:20:00+05:30,371.5,372,371.1,371.4,193596
2026-07-28T15:25:00+05:30,371.45,371.45,370.25,371.15,175878
2026-07-29T09:15:00+05:30,371.35,373.2,370,373.15,234549
2026-07-29T09:20:00+05:30,373,373.15,371.15,371.55,86512
2026-07-29T09:25:00+05:30,371.5,372,371.35,371.95,44140
2026-07-29T09:30:00+05:30,371.85,371.95,371.4,371.8,46802
2026-07-29T09:35:00+05:30,371.95,372,371.4,371.7,37365
2026-07-29T09:40:00+05:30,371.9,373.2,371.75,373.2,77978
2026-07-29T09:45:00+05:30,373.15,374.15,373.15,373.8,94110
2026-07-29T09:50:00+05:30,373.8,376.2,373.75,376,164193
2026-07-29T09:55:00+05:30,375.95,376,374.5,374.55,66627
2026-07-29T10:00:00+05:30,374.55,375.15,374.55,374.65,44156
2026-07-29T10:05:00+05:30,374.65,375,374.5,374.65,30150
2026-07-29T10:10:00+05:30,374.5,374.7,374.15,374.35,33425
2026-07-29T10:15:00+05:30,374.35,374.6,374.1,374.45,21106
2026-07-29T10:20:00+05:30,374.4,375.2,374,374.1,63641
2026-07-29T10:25:00+05:30,374.05,374.15,373.95,374,17610
2026-07-29T10:30:00+05:30,374,374.05,373.6,373.7,24235
2026-07-29T10:35:00+05:30,373.7,374.25,373.65,374.15,19569
2026-07-29T10:40:00+05:30,374.15,374.15,372.95,373.4,188254
2026-07-29T10:45:00+05:30,373.4,373.55,373,373.05,17916
2026-07-29T10:50:00+05:30,373.15,373.55,373.1,373.35,14783
2026-07-29T10:55:00+05:30,373.3,373.3,372.75,372.8,25830
2026-07-29T11:00:00+05:30,372.95,373.45,372.75,373.3,17085
2026-07-29T11:05:00+05:30,373.4,373.7,373.3,373.6,14838
2026-07-29T11:10:00+05:30,373.6,373.95,373.5,373.85,19503
2026-07-29T11:15:00+05:30,373.95,374,373.35,373.6,17668
2026-07-29T11:20:00+05:30,373.45,373.75,373.4,373.55,13419
2026-07-29T11:25:00+05:30,373.4,373.7,373.05,373.15,17027
2026-07-29T11:30:00+05:30,373.15,374.15,373.05,373.75,35869
2026-07-29T11:35:00+05:30,373.75,374,373.45,373.65,41820
2026-07-29T11:40:00+05:30,373.65,373.65,373.1,373.2,15326
2026-07-29T11:45:00+05:30,373.25,373.85,373.25,373.35,18577
2026-07-29T11:50:00+05:30,373.3,373.75,373.25,373.45,29625
2026-07-29T11:55:00+05:30,373.6,373.75,373.3,373.4,14930
2026-07-29T12:00:00+05:30,373.4,374,373.4,373.85,30224
2026-07-29T12:05:00+05:30,373.7,373.75,373.45,373.7,12643
2026-07-29T12:10:00+05:30,373.6,374.25,373.45,374.2,17908
2026-07-29T12:15:00+05:30,374.1,374.7,373.85,374.05,51875
2026-07-29T12:20:00+05:30,374.1,374.35,373.9,374.25,13741
2026-07-29T12:25:00+05:30,374.25,374.45,373.95,374,15123
2026-07-29T12:30:00+05:30,374.05,374.15,373.7,373.9,13180
2026-07-29T12:35:00+05:30,374.1,374.15,373.85,374,9402
2026-07-29T12:40:00+05:30,373.95,374.25,373.95,374,20298
2026-07-29T12:45:00+05:30,374.2,374.6,374,374.25,25720
2026-07-29T12:50:00+05:30,374.25,374.55,374,374.2,51254
2026-07-29T12:55:00+05:30,374.05,374.5,374.05,374.35,19658
2026-07-29T13:00:00+05:30,374.35,374.95,374.15,374.75,33006
2026-07-29T13:05:00+05:30,374.7,375.75,374.6,375.55,80325
2026-07-29T13:10:00+05:30,375.55,376.75,375.15,376.3,152105
2026-07-29T13:15:00+05:30,376.3,376.3,375.55,375.95,40430
2026-07-29T13:20:00+05:30,376.1,376.5,375.6,376.2,71521
2026-07-29T13:25:00+05:30,376.3,378.45,376.1,377.95,203115
2026-07-29T13:30:00+05:30,377.95,379.65,377.75,379.6,327370
2026-07-29T13:35:00+05:30,379.5,379.7,377.5,377.55,153483
2026-07-29T13:40:00+05:30,377.75,377.75,376.95,377,58262
2026-07-29T13:45:00+05:30,377.1,377.65,376.8,377.65,92320
2026-07-29T13:50:00+05:30,377.45,377.8,377.1,377.5,111677
2026-07-29T13:55:00+05:30,377.65,377.7,377.05,377.2,43248
2026-07-29T14:00:00+05:30,377.15,377.7,377.15,377.4,40802
2026-07-29T14:05:00+05:30,377.55,377.55,376.95,377.25,61568
2026-07-29T14:10:00+05:30,377.2,377.55,377.1,377.1,42059
2026-07-29T14:15:00+05:30,376.95,377.5,376.95,377,51442
2026-07-29T14:20:00+05:30,377,377.05,376.65,376.75,40272
2026-07-29T14:25:00+05:30,376.75,377,376.65,376.9,42766
2026-07-29T14:30:00+05:30,376.9,377.4,376.7,377.2,49964
2026-07-29T14:35:00+05:30,377.35,377.55,377.1,377.35,37213
2026-07-29T14:40:00+05:30,377.5,377.8,377.2,377.55,69159
2026-07-29T14:45:00+05:30,377.8,377.8,377.45,377.75,50855
2026-07-29T14:50:00+05:30,377.55,377.75,376.9,377.3,72680
2026-07-29T14:55:00+05:30,377.4,377.6,377.2,377.5,40094
2026-07-29T15:00:00+05:30,377.4,377.75,377.3,377.45,77480
2026-07-29T15:05:00+05:30,377.3,377.85,377.3,377.45,79585
2026-07-29T15:10:00+05:30,377.55,377.8,377.4,377.45,50941
2026-07-29T15:15:00+05:30,377.65,377.65,377,377.15,90685
2026-07-29T15:20:00+05:30,377.25,377.4,376.65,376.85,114003
2026-07-29T15:25:00+05:30,376.8,377,376.5,376.85,89195
2026-07-30T09:15:00+05:30,377.2,377.9,375.1,377.25,189441
2026-07-30T09:20:00+05:30,376.75,377.5,376.35,376.65,105980
2026-07-30T09:25:00+05:30,376.5,377.8,376.25,377.1,184530
2026-07-30T09:30:00+05:30,376.95,377.1,375.7,375.95,78839
2026-07-30T09:35:00+05:30,375.85,376.35,375.4,376,157518
2026-07-30T09:40:00+05:30,376.05,376.1,375.35,375.5,33799
2026-07-30T09:45:00+05:30,375.45,375.5,374.65,374.75,107211
2026-07-30T09:50:00+05:30,374.7,375.3,374.7,374.95,164742
2026-07-30T09:55:00+05:30,374.95,375.95,374.85,375.75,27738
2026-07-30T10:00:00+05:30,375.8,375.8,375.05,375.25,20961
2026-07-30T10:05:00+05:30,375.3,375.65,375.25,375.45,8744
2026-07-30T10:10:00+05:30,375.5,375.6,374.5,374.5,38598
2026-07-30T10:15:00+05:30,374.55,375.05,374.25,374.7,47612
2026-07-30T10:20:00+05:30,374.7,375,374.5,375,17453
2026-07-30T10:25:00+05:30,375.25,375.25,374.8,374.85,28829
2026-07-30T10:30:00+05:30,374.85,375.2,374.75,375,14052
2026-07-30T10:35:00+05:30,375.15,375.5,375,375,21658
2026-07-30T10:40:00+05:30,375,375.5,374.8,375.35,14330
2026-07-30T10:45:00+05:30,375.35,376.3,375.2,376.3,45195
2026-07-30T10:50:00+05:30,376.25,376.8,375.85,376.2,40067
2026-07-30T10:55:00+05:30,376,376.3,375.85,376.1,14465
2026-07-30T11:00:00+05:30,376.1,376.1,375.6,375.9,19887
2026-07-30T11:05:00+05:30,375.9,376,375.55,375.75,25306
2026-07-30T11:10:00+05:30,375.9,376.4,375.85,376.1,38112
2026-07-30T11:15:00+05:30,376.05,376.95,376.05,376.55,32232
2026-07-30T11:20:00+05:30,376.55,376.7,376.2,376.25,11558
2026-07-30T11:25:00+05:30,376.35,377,376.35,376.85,18081
2026-07-30T11:30:00+05:30,376.75,377.5,376.5,377.4,91726
2026-07-30T11:35:00+05:30,377.35,377.4,376.65,376.8,16942
2026-07-30T11:40:00+05:30,376.8,377,376.6,376.8,11854
2026-07-30T11:45:00+05:30,376.8,376.85,376.15,376.35,14724
2026-07-30T11:50:00+05:30,376.35,376.7,376.3,376.35,19950
2026-07-30T11:55:00+05:30,376.35,376.6,376.05,376.25,21947
2026-07-30T12:00:00+05:30,376.35,376.55,376.05,376.25,16288
2026-07-30T12:05:00+05:30,376.25,376.35,376.05,376.2,8296
2026-07-30T12:10:00+05:30,376.2,376.3,375.7,375.75,35361
2026-07-30T12:15:00+05:30,375.75,376,375.75,375.85,15921
2026-07-30T12:20:00+05:30,375.85,376.35,375.85,376.3,10112
2026-07-30T12:25:00+05:30,376.3,376.35,375.9,376,8036
2026-07-30T12:30:00+05:30,376,377.35,375.95,377.05,44654
2026-07-30T12:35:00+05:30,377.05,377.25,376.95,377.05,20793
2026-07-30T12:40:00+05:30,377.05,377.15,376.95,376.95,9578
2026-07-30T12:45:00+05:30,376.95,377.35,376.7,376.75,31924
2026-07-30T12:50:00+05:30,376.75,377.1,376.75,376.8,11301
2026-07-30T12:55:00+05:30,376.8,376.95,376.65,376.7,7761
2026-07-30T13:00:00+05:30,376.8,376.8,376,376,13234
2026-07-30T13:05:00+05:30,376,376.15,375.9,376,15185
2026-07-30T13:10:00+05:30,376,376.05,375.2,375.4,22272
2026-07-30T13:15:00+05:30,375.55,375.55,375.35,375.4,6192
2026-07-30T13:20:00+05:30,375.5,375.75,375.4,375.55,15501
2026-07-30T13:25:00+05:30,375.55,375.75,375.4,375.4,11579
2026-07-30T13:30:00+05:30,375.55,375.7,375.25,375.65,14043
2026-07-30T13:35:00+05:30,375.55,376,375.5,375.6,8814
2026-07-30T13:40:00+05:30,375.65,375.9,375.5,375.75,9875
2026-07-30T13:45:00+05:30,375.7,375.85,375.5,375.55,12131
2026-07-30T13:50:00+05:30,375.55,375.9,375.35,375.85,12878
2026-07-30T13:55:00+05:30,375.85,376.15,375.65,376,10915
2026-07-30T14:00:00+05:30,375.9,376.15,375.8,376.05,7919
2026-07-30T14:05:00+05:30,376.05,376.15,375.65,375.65,47020
2026-07-30T14:10:00+05:30,375.7,375.8,375.4,375.4,12423
2026-07-30T14:15:00+05:30,375.4,375.8,375.3,375.65,13315
2026-07-30T14:20:00+05:30,375.65,375.8,375.25,375.65,18996
2026-07-30T14:25:00+05:30,375.7,375.75,375.3,375.3,24360
2026-07-30T14:30:00+05:30,375.25,375.9,375.25,375.7,18484
2026-07-30T14:35:00+05:30,375.6,376,375.5,375.9,16998
2026-07-30T14:40:00+05:30,375.85,376,375.55,375.8,15807
2026-07-30T14:45:00+05:30,375.8,376.3,375.65,376.1,25541
2026-07-30T14:50:00+05:30,376.1,376.15,375.85,376,18149
2026-07-30T14:55:00+05:30,376,376,375.75,375.85,14021
2026-07-30T15:00:00+05:30,376.2,376.25,375.6,376,54348
2026-07-30T15:05:00+05:30,376.05,376.45,375.9,376.4,40340
2026-07-30T15:10:00+05:30,376.4,376.5,376.3,376.3,40348
2026-07-30T15:15:00+05:30,376.2,376.2,375.45,375.8,105833
2026-07-30T15:20:00+05:30,375.75,376,375.4,375.95,67509
2026-07-30T15:25:00+05:30,375.95,376.3,375.8,376.3,121868
2026-07-31T09:15:00+05:30,378,379.7,377.15,378.45,175943
2026-07-31T09:20:00+05:30,378.4,381.1,378.15,380.05,193746
2026-07-31T09:25:00+05:30,380.05,380.1,379,379,54820
2026-07-31T09:30:00+05:30,379.25,379.7,378.6,378.75,58614
2026-07-31T09:35:00+05:30,378.75,378.85,378.15,378.85,21839
2026-07-31T09:40:00+05:30,378.85,379.5,378.7,379.35,20474
2026-07-31T09:45:00+05:30,379.45,379.6,378.65,378.7,29170
2026-07-31T09:50:00+05:30,378.85,378.9,378.55,378.7,20172
2026-07-31T09:55:00+05:30,378.7,379.05,378.3,379,29517
2026-07-31T10:00:00+05:30,379.15,379.2,378.65,378.9,27455
2026-07-31T10:05:00+05:30,378.65,378.9,378.5,378.5,13898
2026-07-31T10:10:00+05:30,378.5,379.45,378.45,379,27358
2026-07-31T10:15:00+05:30,379,379.25,378.9,379.25,21010
2026-07-31T10:20:00+05:30,379.2,379.4,379.2,379.4,16469
2026-07-31T10:25:00+05:30,379.4,379.5,378.9,379.45,37303
2026-07-31T10:30:00+05:30,379.45,379.45,379.1,379.35,20702
2026-07-31T10:35:00+05:30,379.45,379.9,379.05,379.5,42526
2026-07-31T10:40:00+05:30,379.35,379.65,379.1,379.2,21630
2026-07-31T10:45:00+05:30,379.3,379.35,379,379.1,8642
2026-07-31T10:50:00+05:30,379.1,379.2,378.55,379.1,26599
2026-07-31T10:55:00+05:30,379.1,379.15,378.95,379.15,9798
2026-07-31T11:00:00+05:30,379.15,379.2,378.9,378.9,8736
2026-07-31T11:05:00+05:30,378.9,378.9,378.55,378.6,12531
2026-07-31T11:10:00+05:30,378.6,378.6,378.2,378.4,19794
2026-07-31T11:15:00+05:30,378.4,379.3,378.3,379,39184
2026-07-31T11:20:00+05:30,379,379.25,378.75,378.9,15111
2026-07-31T11:25:00+05:30,378.75,378.95,378.3,378.45,13200
2026-07-31T11:30:00+05:30,378.45,379.1,378.25,378.85,21292
2026-07-31T11:35:00+05:30,379.1,379.6,378.85,379.15,25688
2026-07-31T11:40:00+05:30,379.1,379.15,378.6,378.85,11250
2026-07-31T11:45:00+05:30,378.85,379.45,378.7,378.8,23269
2026-07-31T11:50:00+05:30,378.8,379.25,378.8,379.05,9902
2026-07-31T11:55:00+05:30,378.85,379.1,378.85,378.95,10116
2026-07-31T12:00:00+05:30,378.95,379.6,378.95,379.4,20389
2026-07-31T12:05:00+05:30,379.4,379.65,378.9,379.6,37475
2026-07-31T12:10:00+05:30,379.45,379.65,379.25,379.3,11278
2026-07-31T12:15:00+05:30,379.35,379.45,378.85,379,15640
2026-07-31T12:20:00+05:30,379,379.75,378.9,379.6,26112
2026-07-31T12:25:00+05:30,379.6,379.7,379.35,379.55,12811
2026-07-31T12:30:00+05:30,379.55,379.7,379.35,379.65,12142
2026-07-31T12:35:00+05:30,379.65,379.65,379.4,379.6,8032
2026-07-31T12:40:00+05:30,379.45,380.45,379.45,380.05,91245
2026-07-31T12:45:00+05:30,380.25,380.45,380,380.05,30768
2026-07-31T12:50:00+05:30,380.05,380.25,379.65,379.8,19100
2026-07-31T12:55:00+05:30,379.8,380.1,379.8,380,18372
2026-07-31T13:00:00+05:30,380,380.75,380,380.15,41454
2026-07-31T13:05:00+05:30,380.15,380.5,379.9,380.05,19870
2026-07-31T13:10:00+05:30,380,380.3,380,380.1,16633
2026-07-31T13:15:00+05:30,380.1,380.25,379.85,380.1,20172
2026-07-31T13:20:00+05:30,380.1,380.25,379.75,380,14312
2026-07-31T13:25:00+05:30,380,380.15,379.8,379.8,13036
2026-07-31T13:30:00+05:30,379.95,379.95,379.25,379.45,20080
2026-07-31T13:35:00+05:30,379.45,379.8,379.45,379.5,9515
2026-07-31T13:40:00+05:30,379.5,379.85,379.5,379.75,11343
2026-07-31T13:45:00+05:30,379.75,379.8,379.7,379.8,5997
2026-07-31T13:50:00+05:30,379.8,379.9,379.6,379.8,28152
2026-07-31T13:55:00+05:30,379.9,380,379.7,379.85,13428
2026-07-31T14:00:00+05:30,379.85,380.05,379.75,379.95,14947
2026-07-31T14:05:00+05:30,380.05,380.05,379.75,379.85,21311
2026-07-31T14:10:00+05:30,379.85,380,379.75,379.8,11032
2026-07-31T14:15:00+05:30,379.8,380.15,379.8,380.05,20480
2026-07-31T14:20:00+05:30,380,380.2,379.95,380.05,13980
2026-07-31T14:25:00+05:30,380,380.15,379.85,379.85,12675
2026-07-31T14:30:00+05:30,380,380.1,379.8,379.95,15870
2026-07-31T14:35:00+05:30,379.95,379.95,379.75,379.9,13812
2026-07-31T14:40:00+05:30,379.9,380,379.7,379.9,21144
2026-07-31T14:45:00+05:30,379.9,380,379.8,379.95,12896
2026-07-31T14:50:00+05:30,379.95,379.95,379.7,379.95,34519
2026-07-31T14:55:00+05:30,379.95,379.95,379.35,379.35,16688
2026-07-31T15:00:00+05:30,379.75,380.5,379.5,380.4,117208
2026-07-31T15:05:00+05:30,380.4,380.45,380,380.4,82106
2026-07-31T15:10:00+05:30,380.35,380.4,380.05,380.1,122180
2026-07-31T15:15:00+05:30,380.1,381.3,380.05,381.3,181333
2026-07-31T15:20:00+05:30,381.35,381.35,380.4,380.8,327484
2026-07-31T15:25:00+05:30,380.85,381.1,380.25,380.8,341248
2026-08-03T09:15:00+05:30,382,382.7,378.05,381.55,187258
2026-08-03T09:20:00+05:30,381.85,382.9,381.45,382.2,100527
2026-08-03T09:25:00+05:30,382.2,382.8,381.45,381.75,82807
2026-08-03T09:30:00+05:30,381.7,382.2,381.4,382.05,35233
2026-08-03T09:35:00+05:30,382.1,382.7,382,382.6,33376
2026-08-03T09:40:00+05:30,382.6,382.6,382,382.2,27517
2026-08-03T09:45:00+05:30,382.2,382.2,380.95,381.25,49649
2026-08-03T09:50:00+05:30,381.3,381.5,381.1,381.4,18793
2026-08-03T09:55:00+05:30,381.45,381.8,381.2,381.55,38615
2026-08-03T10:00:00+05:30,381.75,382.2,381.6,381.8,67543
2026-08-03T10:05:00+05:30,381.85,382.2,381.7,381.9,21304
2026-08-03T10:10:00+05:30,381.85,381.85,381.2,381.3,24691
2026-08-03T10:15:00+05:30,381.5,381.6,381.2,381.6,12441
2026-08-03T10:20:00+05:30,381.5,381.75,381.4,381.5,15251
2026-08-03T10:25:00+05:30,381.5,381.5,381.1,381.45,16188
2026-08-03T10:30:00+05:30,381.45,381.5,381.15,381.25,17878
2026-08-03T10:35:00+05:30,381.25,381.85,381.05,381.6,31169
2026-08-03T10:40:00+05:30,381.6,381.7,381.25,381.4,24567
2026-08-03T10:45:00+05:30,381.25,381.4,381.1,381.35,6558
2026-08-03T10:50:00+05:30,381.35,381.55,381.2,381.45,13374
2026-08-03T10:55:00+05:30,381.4,381.5,381.2,381.35,10114
2026-08-03T11:00:00+05:30,381.35,381.9,381.15,381.65,32986
2026-08-03T11:05:00+05:30,381.65,381.75,381.3,381.45,12002
2026-08-03T11:10:00+05:30,381.45,381.5,381,381.1,18738
2026-08-03T11:15:00+05:30,381.05,381.45,381.05,381.35,21373
2026-08-03T11:20:00+05:30,381.35,381.6,381.15,381.6,14876
2026-08-03T11:25:00+05:30,381.4,381.65,381.35,381.4,8905
2026-08-03T11:30:00+05:30,381.55,381.55,381.1,381.1,8026
2026-08-03T11:35:00+05:30,381.25,381.35,381.1,381.3,5923
2026-08-03T11:40:00+05:30,381.2,381.45,381.15,381.45,5366
2026-08-03T11:45:00+05:30,381.45,381.45,381.1,381.2,18594
2026-08-03T11:50:00+05:30,381.35,381.4,381.05,381.3,11207
2026-08-03T11:55:00+05:30,381.3,381.65,381.1,381.4,14812
2026-08-03T12:00:00+05:30,381.4,381.6,381.25,381.25,23519
2026-08-03T12:05:00+05:30,381.35,381.5,381.2,381.45,10004
2026-08-03T12:10:00+05:30,381.45,381.5,381.1,381.3,9252
2026-08-03T12:15:00+05:30,381.35,381.35,381.1,381.25,7239
2026-08-03T12:20:00+05:30,381.25,381.25,381.05,381.1,8647
2026-08-03T12:25:00+05:30,381.25,381.25,381,381,14454
2026-08-03T12:30:00+05:30,381.15,381.15,380.7,380.85,15619
2026-08-03T12:35:00+05:30,380.85,380.95,380.35,380.5,26579
2026-08-03T12:40:00+05:30,380.35,380.5,380.1,380.2,17540
2026-08-03T12:45:00+05:30,380.2,380.35,379.7,379.95,65692
2026-08-03T12:50:00+05:30,379.95,380.3,379.95,380.05,15985
2026-08-03T12:55:00+05:30,380.05,380.2,379.5,379.5,21337
2026-08-03T13:00:00+05:30,379.7,379.9,379.45,379.75,18736
2026-08-03T13:05:00+05:30,379.9,380,379.75,380,15735
2026-08-03T13:10:00+05:30,380,380.15,379.8,379.85,15201
2026-08-03T13:15:00+05:30,379.85,380.35,379.8,380.15,12835
2026-08-03T13:20:00+05:30,380.15,380.5,380.1,380.3,28005
2026-08-03T13:25:00+05:30,380.3,380.5,380.15,380.15,21255
2026-08-03T13:30:00+05:30,380.35,380.45,380.15,380.4,14057
2026-08-03T13:35:00+05:30,380.4,380.4,380.1,380.2,6988
2026-08-03T13:40:00+05:30,380.2,380.4,380.15,380.35,8835
2026-08-03T13:45:00+05:30,380.15,380.6,380.1,380.5,11672
2026-08-03T13:50:00+05:30,380.5,380.65,380.25,380.55,26771
2026-08-03T13:55:00+05:30,380.35,380.6,380.35,380.5,7513
2026-08-03T14:00:00+05:30,380.5,380.5,380.15,380.35,11322
2026-08-03T14:05:00+05:30,380.35,380.6,380.3,380.3,10890
2026-08-03T14:10:00+05:30,380.5,380.8,380.3,380.7,10655
2026-08-03T14:15:00+05:30,380.7,381.4,380.7,381.25,26785
2026-08-03T14:20:00+05:30,381.3,381.5,381.1,381.15,24789
2026-08-03T14:25:00+05:30,381.15,381.7,381,381.5,28255
2026-08-03T14:30:00+05:30,381.5,381.65,381.35,381.4,15856
2026-08-03T14:35:00+05:30,381.4,381.95,381.2,381.75,32309
2026-08-03T14:40:00+05:30,381.9,381.95,381.55,381.8,19671
2026-08-03T14:45:00+05:30,381.8,381.8,381.35,381.6,43272
2026-08-03T14:50:00+05:30,381.45,381.6,381.1,381.2,49535
2026-08-03T14:55:00+05:30,381.3,381.9,381.25,381.8,60496
2026-08-03T15:00:00+05:30,381.75,382,381.7,381.7,60645
2026-08-03T15:05:00+05:30,381.7,381.75,381.3,381.3,54387
2026-08-03T15:10:00+05:30,381.4,381.9,381.3,381.45,74670
2026-08-04T09:15:00+05:30,382,382.45,380.35,381.55,102541
2026-08-04T09:20:00+05:30,381.6,381.6,381.2,381.4,34697
2026-08-04T09:25:00+05:30,381.5,381.5,380.7,381.15,56779
2026-08-04T09:30:00+05:30,381.15,381.4,381.05,381.3,31965
2026-08-04T09:35:00+05:30,381.3,382.5,381.3,382.5,95442
2026-08-04T09:40:00+05:30,382.5,383.55,382.05,382.05,120898
2026-08-04T09:45:00+05:30,382.2,382.8,382.1,382.65,56769
2026-08-04T09:50:00+05:30,382.7,384.2,382.65,383.55,88769
2026-08-04T09:55:00+05:30,383.55,383.9,383.1,383.55,27800
2026-08-04T10:00:00+05:30,383.7,383.85,383.1,383.25,21247
2026-08-04T10:05:00+05:30,383.35,383.4,382.85,383.15,27845
2026-08-04T10:10:00+05:30,383.25,383.85,383,383.8,37288
2026-08-04T10:15:00+05:30,383.8,384.2,383.45,383.75,38540
2026-08-04T10:20:00+05:30,383.75,383.75,383.15,383.15,14185
2026-08-04T10:25:00+05:30,383.15,383.2,382.95,383.1,24817
2026-08-04T10:30:00+05:30,383,383.2,382.85,383.05,15838
2026-08-04T10:35:00+05:30,382.95,383.35,382.85,383.35,31016
2026-08-04T10:40:00+05:30,383.2,383.55,383.15,383.15,11960
2026-08-04T10:45:00+05:30,383.15,383.5,383,383.5,13679
2026-08-04T10:50:00+05:30,383.5,383.5,383.2,383.35,10369
2026-08-04T10:55:00+05:30,383.35,383.35,382.85,383.05,13374
2026-08-04T11:00:00+05:30,383.1,383.9,383.1,383.75,27151
2026-08-04T11:05:00+05:30,383.65,383.75,383.35,383.35,10419
2026-08-04T11:10:00+05:30,383.35,383.6,383.35,383.35,7465
2026-08-04T11:15:00+05:30,383.35,383.6,383.3,383.4,7098
2026-08-04T11:20:00+05:30,383.3,383.4,383,383.15,14286
2026-08-04T11:25:00+05:30,383.15,383.15,382.9,383,12363
2026-08-04T11:30:00+05:30,382.95,383.1,382.8,382.95,23330
2026-08-04T11:35:00+05:30,383.05,383.2,382.85,382.9,25828
2026-08-04T11:40:00+05:30,382.9,383.05,382.1,383.05,127088
2026-08-04T11:45:00+05:30,383,383.05,381.4,381.4,97830
2026-08-04T11:50:00+05:30,381.4,381.85,381.3,381.5,15982
2026-08-04T11:55:00+05:30,381.5,381.5,381,381.25,23689
2026-08-04T12:00:00+05:30,381.05,381.6,380.75,381.4,26747
2026-08-04T12:05:00+05:30,381.4,381.4,380.75,380.95,25761
2026-08-04T12:10:00+05:30,380.75,381.05,380.65,380.95,22614
2026-08-04T12:15:00+05:30,380.9,381.2,380.65,381,30726
2026-08-04T12:20:00+05:30,381,381.15,380.65,380.7,21402
2026-08-04T12:25:00+05:30,380.7,381.3,380.7,381.2,13025
2026-08-04T12:30:00+05:30,381,381.35,381,381.3,10718
2026-08-04T12:35:00+05:30,381.2,381.3,380.8,381.05,12058
2026-08-04T12:40:00+05:30,381.05,381.25,380.7,380.85,41585
2026-08-04T12:45:00+05:30,380.9,381.6,380.7,381.5,11364
2026-08-04T12:50:00+05:30,381.5,381.5,381.25,381.3,9225
2026-08-04T12:55:00+05:30,381.45,381.5,380.95,381.05,13576
2026-08-04T13:00:00+05:30,381,381.5,380.8,381.45,7200
2026-08-04T13:05:00+05:30,381.45,381.5,381.25,381.25,12081
2026-08-04T13:10:00+05:30,381.3,381.55,381.05,381.05,8888
2026-08-04T13:15:00+05:30,381.05,381.55,380.85,381.25,18433
2026-08-04T13:20:00+05:30,381.25,381.6,381.25,381.5,22161
2026-08-04T13:25:00+05:30,381.5,381.75,381.4,381.7,12202
2026-08-04T13:30:00+05:30,381.5,381.8,381.4,381.8,13520
2026-08-04T13:35:00+05:30,381.8,382,381.6,382,9686
2026-08-04T13:40:00+05:30,382,382.2,381.7,381.7,25216
2026-08-04T13:45:00+05:30,381.7,382,381.7,381.8,18027
2026-08-04T13:50:00+05:30,381.8,382,381.4,381.5,13077
2026-08-04T13:55:00+05:30,381.6,381.6,381,381.3,16498
2026-08-04T14:00:00+05:30,381.45,381.45,381.1,381.15,9231
2026-08-04T14:05:00+05:30,381.15,381.75,381.15,381.6,10904
2026-08-04T14:10:00+05:30,381.6,381.9,381.6,381.75,11044
2026-08-04T14:15:00+05:30,381.75,382.15,381.6,382.15,11169
2026-08-04T14:20:00+05:30,382,382.3,381.8,382.25,15115
2026-08-04T14:25:00+05:30,382.3,382.5,382.15,382.2,25097
2026-08-04T14:30:00+05:30,382.2,382.9,382,382,73680
2026-08-04T14:35:00+05:30,382.2,382.3,381.8,382,36058
2026-08-04T14:40:00+05:30,382,382.15,381.2,381.25,25138
2026-08-04T14:45:00+05:30,381.4,381.5,381.2,381.5,14068
2026-08-04T14:50:00+05:30,381.5,381.55,381.35,381.35,20642
2026-08-04T14:55:00+05:30,381.5,381.9,381.3,381.7,35733
2026-08-04T15:00:00+05:30,381.6,381.95,381.25,381.55,79857
2026-08-04T15:05:00+05:30,381.6,381.65,381,381.3,57989
2026-08-04T15:10:00+05:30,381.3,381.85,381.25,381.85,71998
2026-08-05T09:15:00+05:30,381.9,383.2,381.65,382.5,39300
2026-08-05T09:20:00+05:30,382.55,383.25,382.2,383,33374
2026-08-05T09:25:00+05:30,382.85,383.15,382.05,382.35,65791
2026-08-05T09:30:00+05:30,382.35,382.5,382.1,382.35,13047
2026-08-05T09:35:00+05:30,382.3,382.5,382.1,382.25,19971
2026-08-05T09:40:00+05:30,382.25,382.5,381.75,381.9,21501
2026-08-05T09:45:00+05:30,382,382.4,381.65,382,39024
2026-08-05T09:50:00+05:30,381.9,381.9,381.1,381.25,39642
2026-08-05T09:55:00+05:30,381.2,381.6,381.05,381.35,18694
2026-08-05T10:00:00+05:30,381.1,381.35,381.05,381.25,12230
2026-08-05T10:05:00+05:30,381.25,381.3,381.05,381.2,13549
2026-08-05T10:10:00+05:30,381.2,381.5,381.1,381.5,10951
2026-08-05T10:15:00+05:30,381.5,381.55,381.25,381.45,10885
2026-08-05T10:20:00+05:30,381.35,381.55,381.3,381.3,6526
2026-08-05T10:25:00+05:30,381.3,381.45,380.6,380.85,20934
2026-08-05T10:30:00+05:30,380.8,380.95,380.05,380.95,33567
2026-08-05T10:35:00+05:30,380.95,381,380.5,380.6,16954
2026-08-05T10:40:00+05:30,380.75,380.85,380.4,380.6,15059
2026-08-05T10:45:00+05:30,380.7,380.8,380.3,380.6,14861
2026-08-05T10:50:00+05:30,380.5,381,380.5,381,20496
2026-08-05T10:55:00+05:30,380.9,381,380.7,381,28512
2026-08-05T11:00:00+05:30,381,381,380.3,380.35,24677
2026-08-05T11:05:00+05:30,380.35,380.6,379.55,380.15,51933
2026-08-05T11:10:00+05:30,380.15,380.15,379.75,380,13376
2026-08-05T11:15:00+05:30,380,380.65,379.8,380.65,48267
2026-08-05T11:20:00+05:30,380.45,380.8,380.45,380.7,17059
2026-08-05T11:25:00+05:30,380.65,380.85,380.1,380.1,9083
2026-08-05T11:30:00+05:30,380.15,380.25,379.95,380,9011
2026-08-05T11:35:00+05:30,380,380,379.5,379.7,27287
2026-08-05T11:40:00+05:30,379.7,380,379.55,380,11113
2026-08-05T11:45:00+05:30,380,380,379.6,379.6,8824
2026-08-05T11:50:00+05:30,379.6,379.9,379.2,379.5,12662
2026-08-05T11:55:00+05:30,379.5,379.5,379.05,379.1,11298
2026-08-05T12:00:00+05:30,379.1,379.4,379,379.4,16221
2026-08-05T12:05:00+05:30,379.4,379.45,379.2,379.2,8817
2026-08-05T12:10:00+05:30,379.2,379.4,379.1,379.3,5152
2026-08-05T12:15:00+05:30,379.15,379.5,379.15,379.45,6883
2026-08-05T12:20:00+05:30,379.35,379.45,379.1,379.35,10629
2026-08-05T12:25:00+05:30,379.35,379.75,379.2,379.45,8707
2026-08-05T12:30:00+05:30,379.65,379.7,378.65,378.8,30037
2026-08-05T12:35:00+05:30,378.8,379.2,378.7,379,9604
2026-08-05T12:40:00+05:30,379.15,379.15,378.8,379.1,7767
2026-08-05T12:45:00+05:30,378.9,379.85,378.9,379.6,5437
2026-08-05T12:50:00+05:30,379.45,379.7,379.3,379.35,5467
2026-08-05T12:55:00+05:30,379.55,379.75,379.3,379.4,3981
2026-08-05T13:00:00+05:30,379.4,379.8,379.3,379.7,5054
2026-08-05T13:05:00+05:30,379.7,380.05,379.5,380,21368
2026-08-05T13:10:00+05:30,380.05,380.15,379.8,380.15,7903
2026-08-05T13:15:00+05:30,380.15,380.3,380,380.25,6428
2026-08-05T13:20:00+05:30,380.2,380.75,380.2,380.2,45172
2026-08-05T13:25:00+05:30,380.2,380.6,380.15,380.5,5656
2026-08-05T13:30:00+05:30,380.5,380.7,380.45,380.55,9266
2026-08-05T13:35:00+05:30,380.5,380.85,380.5,380.7,8699
2026-08-05T13:40:00+05:30,380.55,380.8,380.4,380.45,70333
2026-08-05T13:45:00+05:30,380.5,380.7,380.5,380.6,10540
2026-08-05T13:50:00+05:30,380.7,380.7,380.5,380.65,10353
2026-08-05T13:55:00+05:30,380.5,380.7,380.5,380.5,4744
2026-08-05T14:00:00+05:30,380.5,380.7,380.5,380.7,7573
2026-08-05T14:05:00+05:30,380.7,380.7,380.3,380.45,10960
2026-08-05T14:10:00+05:30,380.45,380.75,380.25,380.7,21229
2026-08-05T14:15:00+05:30,380.7,380.7,380.3,380.3,9932
2026-08-05T14:20:00+05:30,380.25,380.6,380.25,380.4,4429
2026-08-05T14:25:00+05:30,380.25,380.9,380.25,380.8,34533
2026-08-05T14:30:00+05:30,380.7,380.75,380.25,380.55,16587
2026-08-05T14:35:00+05:30,380.55,380.95,380.35,380.85,11112
2026-08-05T14:40:00+05:30,380.9,380.9,380.5,380.5,15780
2026-08-05T14:45:00+05:30,380.65,381,380.6,381,26825
2026-08-05T14:50:00+05:30,381.2,381.2,380.8,381,68661
2026-08-05T14:55:00+05:30,381.2,381.3,381,381.3,18014
2026-08-05T15:00:00+05:30,381.3,381.5,381.05,381.4,39901
2026-08-05T15:05:00+05:30,381.45,381.45,380.85,381,75539
2026-08-05T15:10:00+05:30,380.95,381.25,379.8,380.9,144361
2026-08-06T09:15:00+05:30,382.05,382.75,378.9,379,99230
2026-08-06T09:20:00+05:30,378.7,379.3,378.6,379.1,57968
2026-08-06T09:25:00+05:30,378.25,378.6,378.15,378.4,284288
2026-08-06T09:30:00+05:30,378.4,378.8,378.25,378.55,121519
2026-08-06T09:35:00+05:30,378.55,379.25,378.4,378.9,22289
2026-08-06T09:40:00+05:30,378.95,379.35,378.95,379.35,47635
2026-08-06T09:45:00+05:30,379.35,379.4,378.95,379.1,18142
2026-08-06T09:50:00+05:30,379.05,379.5,378.9,379.3,26583
2026-08-06T09:55:00+05:30,379.3,379.45,378.8,379,20210
2026-08-06T10:00:00+05:30,379,379,378.1,378.35,34378
2026-08-06T10:05:00+05:30,378.35,378.6,378.2,378.35,20259
2026-08-06T10:10:00+05:30,378.2,378.7,378.2,378.45,51045
2026-08-06T10:15:00+05:30,378.45,378.5,378.15,378.35,21734
2026-08-06T10:20:00+05:30,378.2,378.55,378.15,378.55,13770
2026-08-06T10:25:00+05:30,378.55,378.65,378.3,378.65,15084
2026-08-06T10:30:00+05:30,378.65,378.65,378.35,378.4,19145
2026-08-06T10:35:00+05:30,378.5,378.65,378.3,378.45,9781
2026-08-06T10:40:00+05:30,378.45,378.65,378,378.05,42649
2026-08-06T10:45:00+05:30,378.2,378.25,377.7,378,67174
2026-08-06T10:50:00+05:30,378,378.15,377.5,377.85,36022
2026-08-06T10:55:00+05:30,377.75,378.1,377.5,377.5,22121
2026-08-06T11:00:00+05:30,377.7,377.8,377.2,377.35,39193
2026-08-06T11:05:00+05:30,377.4,377.7,377.4,377.6,19037
2026-08-06T11:10:00+05:30,377.6,377.9,377.55,377.8,26630
2026-08-06T11:15:00+05:30,377.8,377.85,377.6,377.85,12670
2026-08-06T11:20:00+05:30,377.85,377.9,377.35,377.4,23438
2026-08-06T11:25:00+05:30,377.4,377.65,377.4,377.65,21455
2026-08-06T11:30:00+05:30,377.5,377.8,377.35,377.6,36939
2026-08-06T11:35:00+05:30,377.5,377.8,377.4,377.6,12567
2026-08-06T11:40:00+05:30,377.6,377.8,377.3,377.3,23794
2026-08-06T11:45:00+05:30,377.3,377.5,377.2,377.35,25699
2026-08-06T11:50:00+05:30,377.35,378,377.35,377.8,38191
2026-08-06T11:55:00+05:30,377.8,378.05,377.65,377.95,35237
2026-08-06T12:00:00+05:30,377.95,378.2,377.95,378.1,12249
2026-08-06T12:05:00+05:30,378,378.15,377.75,377.75,22307
2026-08-06T12:10:00+05:30,377.75,377.95,377.65,377.7,15166
2026-08-06T12:15:00+05:30,377.8,377.8,377.5,377.7,14353
2026-08-06T12:20:00+05:30,377.7,377.7,377.3,377.35,25462
2026-08-06T12:25:00+05:30,377.35,378.15,377.35,378.15,36030
2026-08-06T12:30:00+05:30,378.15,378.2,377.9,378.05,15298
2026-08-06T12:35:00+05:30,378.05,378.2,378,378.05,11021
2026-08-06T12:40:00+05:30,378.05,378.45,378.05,378.4,13530
2026-08-06T12:45:00+05:30,378.4,378.6,378.25,378.3,31672
2026-08-06T12:50:00+05:30,378.45,378.45,378.1,378.1,25637
2026-08-06T12:55:00+05:30,378.05,378.3,378,378.1,13356
2026-08-06T13:00:00+05:30,378.05,378.3,378,378.3,10061
2026-08-06T13:05:00+05:30,378.25,378.3,378.1,378.2,9049
2026-08-06T13:10:00+05:30,378.2,378.25,377.9,377.9,17783
2026-08-06T13:15:00+05:30,377.9,378.25,377.7,378.25,15914
2026-08-06T13:20:00+05:30,378.2,378.3,377.7,377.8,11908
2026-08-06T13:25:00+05:30,377.75,378,377.7,377.95,20952
2026-08-06T13:30:00+05:30,377.8,378.05,377.75,377.75,28600
2026-08-06T13:35:00+05:30,377.75,378,377.75,377.9,14214
2026-08-06T13:40:00+05:30,377.9,378.05,377.75,377.95,26243
2026-08-06T13:45:00+05:30,377.95,378.1,377.85,377.9,32851
2026-08-06T13:50:00+05:30,377.95,378.2,377.85,377.95,16795
2026-08-06T13:55:00+05:30,377.95,378.3,377.9,378.25,19576
2026-08-06T14:00:00+05:30,378.25,378.4,378,378.2,13203
2026-08-06T14:05:00+05:30,378.2,378.35,377.95,378.1,18032
2026-08-06T14:10:00+05:30,377.95,378.35,377.95,378.2,15900
2026-08-06T14:15:00+05:30,378,378.2,378,378,15642
2026-08-06T14:20:00+05:30,378,378.4,378,378.2,20470
2026-08-06T14:25:00+05:30,378.3,378.45,378.15,378.2,23804
2026-08-06T14:30:00+05:30,378.2,378.6,378.2,378.4,24231
2026-08-06T14:35:00+05:30,378.6,378.75,378.25,378.65,20061
2026-08-06T14:40:00+05:30,378.65,378.65,378.3,378.3,41772
2026-08-06T14:45:00+05:30,378.3,378.55,378.25,378.55,20549
2026-08-06T14:50:00+05:30,378.55,378.65,378.3,378.3,56118
2026-08-06T14:55:00+05:30,378.3,378.45,378.3,378.3,37264
2026-08-06T15:00:00+05:30,378.4,378.6,378.3,378.3,76652
2026-08-06T15:05:00+05:30,378.4,378.6,378.3,378.6,83096
2026-08-06T15:10:00+05:30,378.75,379.3,378.3,378.8,166836
2026-08-07T09:15:00+05:30,378.6,379.4,377.3,378.8,104291
2026-08-07T09:20:00+05:30,378.8,379.05,378.55,378.6,33567
2026-08-07T09:25:00+05:30,378.65,378.7,378.1,378.3,35302
2026-08-07T09:30:00+05:30,378.3,378.4,378,378.2,25999
2026-08-07T09:35:00+05:30,378.2,378.8,378,378.55,12871
2026-08-07T09:40:00+05:30,378.6,379.15,378.45,379.15,27178
2026-08-07T09:45:00+05:30,379.05,379.25,378.5,378.8,39330
2026-08-07T09:50:00+05:30,378.8,379.3,378.8,379.2,28386
2026-08-07T09:55:00+05:30,379.2,379.5,379.05,379.2,13547
2026-08-07T10:00:00+05:30,379.35,379.45,379.05,379.2,33857
2026-08-07T10:05:00+05:30,379.35,379.8,379.15,379.65,36702
2026-08-07T10:10:00+05:30,379.65,379.75,379.1,379.7,68674
2026-08-07T10:15:00+05:30,379.6,379.65,379,379.15,28756
2026-08-07T10:20:00+05:30,379.1,379.35,379,379.25,16686
2026-08-07T10:25:00+05:30,379.05,379.2,378.65,378.8,23149
2026-08-07T10:30:00+05:30,378.8,379.15,378.75,379.1,12806
2026-08-07T10:35:00+05:30,379.1,379.35,378.95,379.2,11057
2026-08-07T10:40:00+05:30,378.95,379.5,378.85,379.4,19794
2026-08-07T10:45:00+05:30,379.4,379.9,379.2,379.5,14813
2026-08-07T10:50:00+05:30,379.6,379.8,379.5,379.7,13498
2026-08-07T10:55:00+05:30,379.7,379.7,379.4,379.4,6522
2026-08-07T11:00:00+05:30,379.4,379.6,379.1,379.3,7598
2026-08-07T11:05:00+05:30,379.3,379.45,379.15,379.35,4290
2026-08-07T11:10:00+05:30,379.35,379.65,379.2,379.3,9305
2026-08-07T11:15:00+05:30,379.3,379.35,378.95,379.15,14454
2026-08-07T11:20:00+05:30,379.15,379.45,378.9,379,16931
2026-08-07T11:25:00+05:30,379,379.3,378.85,379.05,12791
2026-08-07T11:30:00+05:30,379.15,379.45,378.9,379.4,7899
2026-08-07T11:35:00+05:30,379.4,379.75,379.3,379.7,9770
2026-08-07T11:40:00+05:30,379.75,380,379.7,379.85,34849
2026-08-07T11:45:00+05:30,379.85,380.1,379.5,379.55,27746
2026-08-07T11:50:00+05:30,379.75,379.75,379.4,379.55,7393
2026-08-07T11:55:00+05:30,379.55,379.75,379.45,379.45,10903
2026-08-07T12:00:00+05:30,379.45,379.7,379.3,379.6,7559
2026-08-07T12:05:00+05:30,379.6,379.6,379.3,379.55,6827
2026-08-07T12:10:00+05:30,379.55,379.55,379.1,379.15,11955
2026-08-07T12:15:00+05:30,379.15,379.2,378.7,378.85,14294
2026-08-07T12:20:00+05:30,378.7,379.2,378.7,379,18061
2026-08-07T12:25:00+05:30,378.85,379.1,378.8,379,18185
2026-08-07T12:30:00+05:30,378.95,379.25,378.8,379.05,4886
2026-08-07T12:35:00+05:30,379.05,379.3,378.85,378.95,26131
2026-08-07T12:40:00+05:30,379,379.15,378.85,378.85,6516
2026-08-07T12:45:00+05:30,378.85,379.15,378.8,379,7976
2026-08-07T12:50:00+05:30,378.85,379,378.55,378.8,27962
2026-08-07T12:55:00+05:30,378.65,378.85,378.55,378.65,5647
2026-08-07T13:00:00+05:30,378.8,379,378.65,378.75,7657
2026-08-07T13:05:00+05:30,378.8,379.05,378.75,379,7269
2026-08-07T13:10:00+05:30,378.8,379.05,378.8,378.85,4026
2026-08-07T13:15:00+05:30,379.05,379.1,378.8,378.8,11546
2026-08-07T13:20:00+05:30,378.85,379.05,378.8,378.9,5209
2026-08-07T13:25:00+05:30,378.9,379.05,378.75,379,9573
2026-08-07T13:30:00+05:30,378.8,379,378.8,378.8,10448
2026-08-07T13:35:00+05:30,378.95,378.95,378.8,378.9,2990
2026-08-07T13:40:00+05:30,378.9,379.15,378.7,378.85,11331
2026-08-07T13:45:00+05:30,378.85,379.85,378.85,379.55,26593
2026-08-07T13:50:00+05:30,379.55,379.95,379.5,379.7,26803
2026-08-07T13:55:00+05:30,379.55,379.9,379.5,379.85,17461
2026-08-07T14:00:00+05:30,379.75,379.95,379.65,379.7,21823
2026-08-07T14:05:00+05:30,379.8,380.3,379.7,379.9,84148
2026-08-07T14:10:00+05:30,380,380.1,379.7,379.7,22318
2026-08-07T14:15:00+05:30,379.7,380,379.7,379.7,12541
2026-08-07T14:20:00+05:30,379.9,380.35,379.75,380.2,47002
2026-08-07T14:25:00+05:30,380.45,381.7,380.25,381.4,115910
2026-08-07T14:30:00+05:30,381.45,381.5,380.7,380.8,46280
2026-08-07T14:35:00+05:30,380.9,381.4,380.9,381.25,55117
2026-08-07T14:40:00+05:30,381.3,381.5,380.9,381.5,66276
2026-08-07T14:45:00+05:30,381.35,381.95,381.3,381.7,115338
2026-08-07T14:50:00+05:30,381.7,381.75,381.25,381.3,134511
2026-08-07T14:55:00+05:30,381.5,382.6,381.4,382.6,282663
2026-08-07T15:00:00+05:30,382.6,382.7,382.2,382.2,179096
2026-08-07T15:05:00+05:30,382.25,382.4,381.35,381.6,169753
2026-08-07T15:10:00+05:30,381.6,382.15,381.5,381.85,126512
2026-08-10T09:15:00+05:30,380.55,382.4,380.55,382,122967
2026-08-10T09:20:00+05:30,382,382.3,381.5,381.9,71426
2026-08-10T09:25:00+05:30,381.9,382,381.5,381.6,114219
2026-08-10T09:30:00+05:30,381.6,381.6,380.35,380.7,113218
2026-08-10T09:35:00+05:30,380.7,381.2,380.15,381.15,64239
2026-08-10T09:40:00+05:30,381.1,381.5,380.9,381.2,23921
2026-08-10T09:45:00+05:30,381.2,381.35,381,381.1,21109
2026-08-10T09:50:00+05:30,381.2,381.8,381.2,381.35,40013
2026-08-10T09:55:00+05:30,381.3,381.5,381.05,381.2,18065
2026-08-10T10:00:00+05:30,381.25,381.3,381,381.3,30156
2026-08-10T10:05:00+05:30,381.15,381.3,378.9,379,493817
2026-08-10T10:10:00+05:30,379,379.45,378.6,379.3,121662
2026-08-10T10:15:00+05:30,379.5,380.2,378.95,379.35,518068
2026-08-10T10:20:00+05:30,379.35,379.8,379.1,379.8,61908
2026-08-10T10:25:00+05:30,379.65,379.7,379,379.35,44470
2026-08-10T10:30:00+05:30,379.3,379.5,379,379.15,31977
2026-08-10T10:35:00+05:30,379.15,379.45,378.9,379.25,37870
2026-08-10T10:40:00+05:30,379,379.6,379,379.4,52941
2026-08-10T10:45:00+05:30,379.6,379.7,379.05,379.3,37389
2026-08-10T10:50:00+05:30,379.1,379.3,378.95,379,32552
2026-08-10T10:55:00+05:30,379.15,379.15,378.65,378.85,46973
2026-08-10T11:00:00+05:30,378.85,379.2,378.5,378.95,36768
2026-08-10T11:05:00+05:30,379.2,379.45,378.9,379.45,46888
2026-08-10T11:10:00+05:30,379.5,379.55,378.95,379.2,42774
2026-08-10T11:15:00+05:30,379.25,379.85,379.2,379.5,57649
2026-08-10T11:20:00+05:30,379.3,379.85,379.1,379.7,58872
2026-08-10T11:25:00+05:30,379.7,379.7,379.1,379.35,36503
2026-08-10T11:30:00+05:30,379.35,379.35,378.6,378.9,33973
2026-08-10T11:35:00+05:30,378.9,380.05,378.65,380,130635
2026-08-10T11:40:00+05:30,380,380.55,379.8,380.55,39275
2026-08-10T11:45:00+05:30,380.65,381.15,380,380.85,73977
2026-08-10T11:50:00+05:30,380.85,381.1,380.5,380.55,33089
2026-08-10T11:55:00+05:30,380.5,380.85,380.15,380.6,46854
2026-08-10T12:00:00+05:30,380.35,380.8,380.15,380.5,41934
2026-08-10T12:05:00+05:30,380.5,380.55,380.05,380.25,38036
2026-08-10T12:10:00+05:30,380.2,380.6,380.05,380.3,45400
2026-08-10T12:15:00+05:30,380.3,380.75,380.1,380.3,42662
2026-08-10T12:20:00+05:30,380.5,380.7,380.2,380.5,39281
2026-08-10T12:25:00+05:30,380.7,381.15,380.45,381.1,87966
2026-08-10T12:30:00+05:30,381.1,381.1,380.55,380.8,46413
2026-08-10T12:35:00+05:30,380.8,381.2,380.8,380.9,40488
2026-08-10T12:40:00+05:30,380.9,381.1,380.1,380.15,35944
2026-08-10T12:45:00+05:30,380.15,380.3,379,379.15,147487
2026-08-10T12:50:00+05:30,379.15,380.15,378.95,379.7,99840
2026-08-10T12:55:00+05:30,379.7,379.7,379.2,379.4,31971
2026-08-10T13:00:00+05:30,379.4,379.55,379.05,379.1,34124
2026-08-10T13:05:00+05:30,379.1,379.35,379,379.2,29457
2026-08-10T13:10:00+05:30,379.2,379.45,379,379.2,42348
2026-08-10T13:15:00+05:30,379.2,379.85,379,379.4,52112
2026-08-10T13:20:00+05:30,379.4,379.95,379.35,379.6,39887
2026-08-10T13:25:00+05:30,379.4,380.2,379.4,379.9,53525
2026-08-10T13:30:00+05:30,379.9,380.4,379.9,380.2,46408
2026-08-10T13:35:00+05:30,380.2,380.4,379.75,380.1,57467
2026-08-10T13:40:00+05:30,380.15,380.35,379.8,380.1,58248
2026-08-10T13:45:00+05:30,380.45,380.7,380.25,380.4,75702
2026-08-10T13:50:00+05:30,380.4,380.75,379.95,379.95,39706
2026-08-10T13:55:00+05:30,380.15,380.4,379.9,380.15,43586
2026-08-10T14:00:00+05:30,380.15,380.85,380,380.05,51684
2026-08-10T14:05:00+05:30,380.05,380.2,379.8,380,28653
2026-08-10T14:10:00+05:30,380,380,379.7,379.7,26298
2026-08-10T14:15:00+05:30,379.7,380.45,379.7,380.2,66592
2026-08-10T14:20:00+05:30,380.3,380.4,380.1,380.2,29717
2026-08-10T14:25:00+05:30,380.2,380.35,380.1,380.1,33146
2026-08-10T14:30:00+05:30,380.3,380.65,379.75,380.65,122888
2026-08-10T14:35:00+05:30,380.55,380.75,380,380.25,54210
2026-08-10T14:40:00+05:30,380.25,380.45,380,380,36759
2026-08-10T14:45:00+05:30,380,381.2,380,381,173467
2026-08-10T14:50:00+05:30,381.3,381.35,380.85,380.9,70549
2026-08-10T14:55:00+05:30,380.9,381.1,380.8,380.8,44925
2026-08-10T15:00:00+05:30,381,381,380,380.4,81161
2026-08-10T15:05:00+05:30,380.4,380.4,379.75,380.1,99554
2026-08-10T15:10:00+05:30,380,380.5,379.6,380.5,83428
2026-08-11T09:15:00+05:30,382,382,379.75,380.7,95436
2026-08-11T09:20:00+05:30,380.7,380.8,380,380,86214
2026-08-11T09:25:00+05:30,380,380.65,379.8,379.8,49614
2026-08-11T09:30:00+05:30,379.8,379.9,379.05,379.1,50651
2026-08-11T09:35:00+05:30,379.2,379.35,378.65,378.8,79020
2026-08-11T09:40:00+05:30,378.8,379,378.5,378.7,49104
2026-08-11T09:45:00+05:30,378.7,378.9,378.25,378.55,40137
2026-08-11T09:50:00+05:30,378.6,378.9,378.55,378.7,36430
2026-08-11T09:55:00+05:30,378.7,379.05,378.7,379,28821
2026-08-11T10:00:00+05:30,378.95,378.95,378.55,378.65,64973
2026-08-11T10:05:00+05:30,378.65,378.9,378.4,378.55,32195
2026-08-11T10:10:00+05:30,378.75,378.75,378.3,378.5,24192
2026-08-11T10:15:00+05:30,378.5,379.2,378.5,379,42986
2026-08-11T10:20:00+05:30,379,379.1,378.3,378.4,65034
2026-08-11T10:25:00+05:30,378.3,378.75,378.3,378.55,28095
2026-08-11T10:30:00+05:30,378.55,378.9,378.4,378.45,31082
2026-08-11T10:35:00+05:30,378.45,378.75,378.4,378.5,17593
2026-08-11T10:40:00+05:30,378.5,378.8,378.5,378.7,28007
2026-08-11T10:45:00+05:30,378.5,378.8,378.5,378.5,44448
2026-08-11T10:50:00+05:30,378.5,378.65,378.5,378.6,31497
2026-08-11T10:55:00+05:30,378.5,378.9,378.4,378.8,25390
2026-08-11T11:00:00+05:30,378.8,379.2,378.6,378.9,11645
2026-08-11T11:05:00+05:30,378.9,379.2,378.7,378.9,22355
2026-08-11T11:10:00+05:30,378.9,378.9,378.45,378.7,14475
2026-08-11T11:15:00+05:30,378.5,378.8,378.45,378.5,10110
2026-08-11T11:20:00+05:30,378.45,378.6,377.5,378.1,131715
2026-08-11T11:25:00+05:30,378.1,378.25,378,378.25,13108
2026-08-11T11:30:00+05:30,378.25,379.1,377.8,379.1,103699
2026-08-11T11:35:00+05:30,379,379.1,378.65,379,49561
2026-08-11T11:40:00+05:30,379,379.05,378.85,379,9945
2026-08-11T11:45:00+05:30,378.8,379.1,378.8,379.1,7239
2026-08-11T11:50:00+05:30,379.1,379.7,379,379.6,38626
2026-08-11T11:55:00+05:30,379.65,379.85,379.2,379.25,110231
2026-08-11T12:00:00+05:30,379.3,379.3,378.5,378.65,14714
2026-08-11T12:05:00+05:30,378.7,379.2,378.55,379,67015
2026-08-11T12:10:00+05:30,379,379.3,378.8,378.9,87933
2026-08-11T12:15:00+05:30,378.9,379,378.6,378.7,9113
2026-08-11T12:20:00+05:30,378.7,378.95,378.6,378.9,14790
2026-08-11T12:25:00+05:30,379.1,379.45,378.9,379.3,118606
2026-08-11T12:30:00+05:30,379.3,379.3,379,379.1,16681
2026-08-11T12:35:00+05:30,379.1,379.25,378.95,379.15,10967
2026-08-11T12:40:00+05:30,379.15,379.15,379,379.05,5330
2026-08-11T12:45:00+05:30,379.05,379.4,379.05,379.4,13684
2026-08-11T12:50:00+05:30,379.4,379.5,378.95,379.1,32019
2026-08-11T12:55:00+05:30,379.1,379.1,378.95,379,7923
2026-08-11T13:00:00+05:30,379,379.75,378.9,379.5,96934
2026-08-11T13:05:00+05:30,379.5,379.7,379.4,379.7,9701
2026-08-11T13:10:00+05:30,379.65,379.8,379.5,379.65,15942
2026-08-11T13:15:00+05:30,379.65,379.8,379,379.15,43950
2026-08-11T13:20:00+05:30,379.15,379.5,379.1,379.5,6112
2026-08-11T13:25:00+05:30,379.5,379.7,379.35,379.7,5416
2026-08-11T13:30:00+05:30,379.7,379.7,379.5,379.5,11047
2026-08-11T13:35:00+05:30,379.5,379.7,379.45,379.7,13679
2026-08-11T13:40:00+05:30,379.7,379.7,379.5,379.6,5911
2026-08-11T13:45:00+05:30,379.65,379.85,379.55,379.65,41306
2026-08-11T13:50:00+05:30,379.65,379.8,379.65,379.7,19599
2026-08-11T13:55:00+05:30,379.7,379.7,379.35,379.55,32451
2026-08-11T14:00:00+05:30,379.35,379.55,379.35,379.5,6818
2026-08-11T14:05:00+05:30,379.5,379.6,379.3,379.6,10646
2026-08-11T14:10:00+05:30,379.6,379.7,379.45,379.65,12054
2026-08-11T14:15:00+05:30,379.7,379.8,379.65,379.75,21484
2026-08-11T14:20:00+05:30,379.75,379.95,379.4,379.9,48484
2026-08-11T14:25:00+05:30,379.85,379.9,379.7,379.9,15726
2026-08-11T14:30:00+05:30,379.9,380.35,379.85,380.3,85970
2026-08-11T14:35:00+05:30,380.2,380.4,380.15,380.15,31615
2026-08-11T14:40:00+05:30,380.35,380.35,379.75,380.05,67822
2026-08-11T14:45:00+05:30,380.1,380.15,379.85,379.85,24627
2026-08-11T14:50:00+05:30,380.1,380.2,379.9,380,57647
2026-08-11T14:55:00+05:30,380.1,380.4,379.95,380.3,54803
2026-08-11T15:00:00+05:30,380.4,380.45,380.15,380.3,67139
2026-08-11T15:05:00+05:30,380.45,380.5,379.85,379.95,77009
2026-08-11T15:10:00+05:30,379.85,380.55,379.8,380,168178
2026-08-12T09:15:00+05:30,378.6,379.75,377.6,377.9,86482
2026-08-12T09:20:00+05:30,377.9,378,377.2,377.6,80284
2026-08-12T09:25:00+05:30,377.6,378.4,377.5,378.15,53396
2026-08-12T09:30:00+05:30,378.15,378.2,377.65,377.7,34042
2026-08-12T09:35:00+05:30,377.7,377.85,377.2,377.2,38211
2026-08-12T09:40:00+05:30,377.2,377.35,377.05,377.15,33284
2026-08-12T09:45:00+05:30,377.15,377.15,376.5,376.65,53639
2026-08-12T09:50:00+05:30,376.65,376.9,376.4,376.6,29035
2026-08-12T09:55:00+05:30,376.6,376.75,376.3,376.55,28131
2026-08-12T10:00:00+05:30,376.55,376.6,376.1,376.35,31663
2026-08-12T10:05:00+05:30,376.35,376.7,376,376.2,32047
2026-08-12T10:10:00+05:30,376.2,376.4,376,376.25,14561
2026-08-12T10:15:00+05:30,376.35,376.7,376.25,376.7,20200
2026-08-12T10:20:00+05:30,376.7,376.85,376.4,376.55,16843
2026-08-12T10:25:00+05:30,376.4,376.75,376.25,376.5,19433
2026-08-12T10:30:00+05:30,376.5,377.6,376.3,377.5,28985
2026-08-12T10:35:00+05:30,377.5,377.5,377.1,377.3,17023
2026-08-12T10:40:00+05:30,377.3,377.7,377.15,377.5,31726
2026-08-12T10:45:00+05:30,377.5,377.55,377,377,27653
2026-08-12T10:50:00+05:30,377,377.1,376.55,376.8,20861
2026-08-12T10:55:00+05:30,376.8,378.3,375.7,376.35,227042
2026-08-12T11:00:00+05:30,376.35,376.35,375.4,375.9,63282
2026-08-12T11:05:00+05:30,375.75,376.2,375,375.6,389468
2026-08-12T11:10:00+05:30,375.6,375.75,375.25,375.4,22594
2026-08-12T11:15:00+05:30,375.4,376.3,375.25,375.75,34577
2026-08-12T11:20:00+05:30,375.8,376,375.5,375.7,27709
2026-08-12T11:25:00+05:30,375.7,375.7,374.7,374.95,32219
2026-08-12T11:30:00+05:30,374.75,375.1,374.7,375.1,39670
2026-08-12T11:35:00+05:30,375.1,375.2,374.8,374.85,17421
2026-08-12T11:40:00+05:30,374.85,375.15,374.5,375.15,25005
2026-08-12T11:45:00+05:30,375,375.15,374.85,375.15,14299
2026-08-12T11:50:00+05:30,375.15,375.15,374.55,374.8,14562
2026-08-12T11:55:00+05:30,374.6,374.8,374.25,374.25,21682
2026-08-12T12:00:00+05:30,374.45,375.3,374.1,375,117297
2026-08-12T12:05:00+05:30,374.7,375.9,374.7,375.4,177553
2026-08-12T12:10:00+05:30,375.4,375.7,375.15,375.3,17326
2026-08-12T12:15:00+05:30,375.15,375.7,375,375.25,15283
2026-08-12T12:20:00+05:30,375.4,375.65,374.8,374.85,19593
2026-08-12T12:25:00+05:30,374.95,375.1,374.8,374.9,7768
2026-08-12T12:30:00+05:30,374.9,375.25,374.8,375.2,12983
2026-08-12T12:35:00+05:30,375.2,375.3,374.85,374.9,10536
2026-08-12T12:40:00+05:30,374.9,375.25,374.8,374.8,8571
2026-08-12T12:45:00+05:30,374.8,375.15,374.8,374.85,8046
2026-08-12T12:50:00+05:30,374.85,375,374.7,374.8,14547
2026-08-12T12:55:00+05:30,374.8,374.9,374.55,374.7,14790
2026-08-12T13:00:00+05:30,374.7,375.05,374.7,375,11608
2026-08-12T13:05:00+05:30,375,375.15,375,375.15,8608
2026-08-12T13:10:00+05:30,375.15,375.2,374.8,374.95,12261
2026-08-12T13:15:00+05:30,374.95,375.45,374.85,375.3,13850
2026-08-12T13:20:00+05:30,375.3,375.3,374.95,375,10602
2026-08-12T13:25:00+05:30,375,375.45,375,375.25,14243
2026-08-12T13:30:00+05:30,375.25,375.45,375.1,375.15,11854
2026-08-12T13:35:00+05:30,375.3,375.4,375,375.3,15169
2026-08-12T13:40:00+05:30,375.3,375.6,375.2,375.6,19406
2026-08-12T13:45:00+05:30,375.6,375.6,375.5,375.5,10606
2026-08-12T13:50:00+05:30,375.5,375.75,375.2,375.2,40744
2026-08-12T13:55:00+05:30,375.3,376.7,375.3,376.25,142273
2026-08-12T14:00:00+05:30,376.25,376.25,376,376.05,28639
2026-08-12T14:05:00+05:30,376.05,376.2,376,376,14569
2026-08-12T14:10:00+05:30,376,376.2,375.55,376.05,239393
2026-08-12T14:15:00+05:30,376.05,376.7,375.65,376.4,65847
2026-08-12T14:20:00+05:30,376.4,376.8,376.2,376.5,201090
2026-08-12T14:25:00+05:30,376.5,376.75,376.15,376.6,124647
2026-08-12T14:30:00+05:30,376.6,377.9,376.6,377.8,174497
2026-08-12T14:35:00+05:30,377.8,377.9,377.35,377.6,36974
2026-08-12T14:40:00+05:30,377.6,378.1,377.35,377.85,53055
2026-08-12T14:45:00+05:30,377.8,378.05,377.35,377.5,39934
2026-08-12T14:50:00+05:30,377.6,380,377.6,378.65,320133
2026-08-12T14:55:00+05:30,378.8,379.2,378.6,378.75,87456
2026-08-12T15:00:00+05:30,379.1,379.1,378.55,378.7,124720
2026-08-12T15:05:00+05:30,378.7,378.95,378.25,378.25,134195
2026-08-12T15:10:00+05:30,378.2,379.4,378,378.7,341065
2026-08-13T09:15:00+05:30,378.5,381.2,378.05,380.8,122130
2026-08-13T09:20:00+05:30,380.8,380.9,380.1,380.25,44896
2026-08-13T09:25:00+05:30,380.25,380.25,379.15,379.55,51340
2026-08-13T09:30:00+05:30,379.7,379.8,378.95,379.1,46978
2026-08-13T09:35:00+05:30,379.1,379.85,379.1,379.8,21250
2026-08-13T09:40:00+05:30,379.8,380.1,379.55,379.85,48821
2026-08-13T09:45:00+05:30,379.85,380,379.5,379.65,17195
2026-08-13T09:50:00+05:30,379.8,379.85,379.2,379.3,22109
2026-08-13T09:55:00+05:30,379.25,379.5,378.8,379.2,52896
2026-08-13T10:00:00+05:30,379.35,379.4,379.1,379.25,15199
2026-08-13T10:05:00+05:30,379.25,379.3,379,379.15,14572
2026-08-13T10:10:00+05:30,379.1,379.25,378.9,379.2,19220
2026-08-13T10:15:00+05:30,379.35,379.4,379.1,379.35,25638
2026-08-13T10:20:00+05:30,379.35,379.4,379.2,379.4,12762
2026-08-13T10:25:00+05:30,379.4,379.45,378.85,378.85,22093
2026-08-13T10:30:00+05:30,378.95,379,378.65,378.85,23580
2026-08-13T10:35:00+05:30,378.85,378.85,378.6,378.85,11285
2026-08-13T10:40:00+05:30,378.8,379.2,378.8,379.2,23802
2026-08-13T10:45:00+05:30,379.2,379.4,379.1,379.35,15869
2026-08-13T10:50:00+05:30,379.35,379.4,379.25,379.35,12134
2026-08-13T10:55:00+05:30,379.3,379.4,379.05,379.35,18023
2026-08-13T11:00:00+05:30,379.35,379.35,378.9,379,17819
2026-08-13T11:05:00+05:30,379,379.25,378.9,379.2,9948
2026-08-13T11:10:00+05:30,379.2,379.35,379.1,379.2,10296
2026-08-13T11:15:00+05:30,379.2,379.2,378.75,379.15,19491
2026-08-13T11:20:00+05:30,379.05,379.95,378.95,379.85,125672
2026-08-13T11:25:00+05:30,379.8,379.85,379.65,379.7,14446
2026-08-13T11:30:00+05:30,379.85,379.85,379.6,379.8,14601
2026-08-13T11:35:00+05:30,379.8,379.85,379.65,379.8,11613
2026-08-13T11:40:00+05:30,379.9,380,379.4,379.4,26837
2026-08-13T11:45:00+05:30,379.35,379.6,379.25,379.6,9351
2026-08-13T11:50:00+05:30,379.6,380.3,379.5,380.25,85155
2026-08-13T11:55:00+05:30,380.2,380.5,380.15,380.5,17860
2026-08-13T12:00:00+05:30,380.45,381.9,380.45,381.25,89698
2026-08-13T12:05:00+05:30,381.25,381.85,381.2,381.65,27051
2026-08-13T12:10:00+05:30,381.65,381.65,381.1,381.15,23569
2026-08-13T12:15:00+05:30,381.15,381.5,381.15,381.25,18551
2026-08-13T12:20:00+05:30,381.25,381.35,381.05,381.05,26610
2026-08-13T12:25:00+05:30,381.05,381.3,381.05,381.2,13237
2026-08-13T12:30:00+05:30,381.2,381.25,380.8,380.95,12927
2026-08-13T12:35:00+05:30,380.95,381.15,380.85,381,43266
2026-08-13T12:40:00+05:30,381,381.2,381,381,17793
2026-08-13T12:45:00+05:30,381,381.15,380.65,380.65,22040
2026-08-13T12:50:00+05:30,380.65,381.25,380.5,381.05,68369
2026-08-13T12:55:00+05:30,381.05,381.45,381,381.45,31460
2026-08-13T13:00:00+05:30,381.45,381.7,381.4,381.7,12264
2026-08-13T13:05:00+05:30,381.65,382.25,381.35,382.05,161231
2026-08-13T13:10:00+05:30,382,382.05,381.8,382.05,161083
2026-08-13T13:15:00+05:30,382,382.05,381.1,382,126775
2026-08-13T13:20:00+05:30,382.2,382.4,382,382.15,158523
2026-08-13T13:25:00+05:30,382.15,382.4,382,382.2,41741
2026-08-13T13:30:00+05:30,382.3,382.4,382,382.15,22036
2026-08-13T13:35:00+05:30,382.05,382.15,381.5,381.75,149722
2026-08-13T13:40:00+05:30,381.75,381.9,381.2,381.4,63001
2026-08-13T13:45:00+05:30,381.4,381.55,381.2,381.4,14912
2026-08-13T13:50:00+05:30,381.3,381.6,381.25,381.4,9913
2026-08-13T13:55:00+05:30,381.35,381.5,381.15,381.2,13250
2026-08-13T14:00:00+05:30,381.35,381.5,381.05,381.25,8386
2026-08-13T14:05:00+05:30,381.25,381.4,381,381,10405
2026-08-13T14:10:00+05:30,381,382.2,381,381.9,108173
2026-08-13T14:15:00+05:30,382,382.3,381.9,382.05,20728
2026-08-13T14:20:00+05:30,382.25,382.8,382.05,382.3,223808
2026-08-13T14:25:00+05:30,382.2,382.7,382.15,382.5,61501
2026-08-13T14:30:00+05:30,382.5,382.6,382.2,382.2,25955
2026-08-13T14:35:00+05:30,382.35,382.4,382.1,382.1,34743
2026-08-13T14:40:00+05:30,382.1,382.45,382.1,382.15,33513
2026-08-13T14:45:00+05:30,382.3,382.3,382,382,11542
2026-08-13T14:50:00+05:30,382,382.6,382,382.25,79603
2026-08-13T14:55:00+05:30,382.4,382.5,381.45,381.5,110577
2026-08-13T15:00:00+05:30,381.5,381.5,381,381.25,108949
2026-08-13T15:05:00+05:30,381.25,381.25,380.3,380.65,72733
2026-08-13T15:10:00+05:30,380.7,381.6,380.55,380.75,74461
2026-08-14T09:15:00+05:30,382.5,382.9,380.75,381.8,68839
2026-08-14T09:20:00+05:30,381.8,382.2,380.9,381.2,33844
2026-08-14T09:25:00+05:30,381.2,381.35,380.3,380.4,32511
2026-08-14T09:30:00+05:30,380.4,380.8,380,380.2,37745
2026-08-14T09:35:00+05:30,380.2,380.95,379.6,380.5,37118
2026-08-14T09:40:00+05:30,380.7,380.75,379.85,379.95,25645
2026-08-14T09:45:00+05:30,379.9,380.1,379.75,380.05,11733
2026-08-14T09:50:00+05:30,380.1,380.5,379.9,379.9,14037
2026-08-14T09:55:00+05:30,379.9,381.8,379.85,381.75,41344
2026-08-14T10:00:00+05:30,381.75,383.4,381.55,383,95831
2026-08-14T10:05:00+05:30,383.05,384.5,383.05,384.3,176689
2026-08-14T10:10:00+05:30,384.3,385,383.75,384.75,174471
2026-08-14T10:15:00+05:30,384.75,385.75,384.4,385.2,224748
2026-08-14T10:20:00+05:30,385.2,385.55,384.85,385.55,101426
2026-08-14T10:25:00+05:30,385.4,386.95,385.4,386.15,163291
2026-08-14T10:30:00+05:30,386.15,386.9,385.25,385.7,126191
2026-08-14T10:35:00+05:30,385.6,386.3,385.5,385.7,60877
2026-08-14T10:40:00+05:30,385.55,385.7,385.05,385.2,57305
2026-08-14T10:45:00+05:30,385.2,385.8,385.05,385.65,82783
2026-08-14T10:50:00+05:30,385.65,386.65,385.65,386.6,161137
2026-08-14T10:55:00+05:30,386.6,386.6,386.05,386.35,91482
2026-08-14T11:00:00+05:30,386.35,386.9,386.1,386.6,79192
2026-08-14T11:05:00+05:30,386.6,387.6,386.5,387.1,193084
2026-08-14T11:10:00+05:30,387.1,387.35,386.55,387,211732
2026-08-14T11:15:00+05:30,387,388.35,386.95,387.8,194347
2026-08-14T11:20:00+05:30,388,389.95,387.7,389.85,307381
2026-08-14T11:25:00+05:30,389.8,389.95,389.1,389.55,197774
2026-08-14T11:30:00+05:30,389.55,389.7,388.75,389,186070
2026-08-14T11:35:00+05:30,389,389,388.5,388.7,61072
2026-08-14T11:40:00+05:30,388.7,390.3,388.4,390,316661
2026-08-14T11:45:00+05:30,390.1,390.4,389.05,389.75,264128
2026-08-14T11:50:00+05:30,389.75,390.2,389.6,389.85,195551
2026-08-14T11:55:00+05:30,389.85,390.05,389.25,389.8,118036
2026-08-14T12:00:00+05:30,389.95,389.95,389.2,389.4,48027
2026-08-14T12:05:00+05:30,389.4,389.65,389.1,389.4,34577
2026-08-14T12:10:00+05:30,389.4,389.4,388.85,389,53578
2026-08-14T12:15:00+05:30,389,389.35,388.6,389,53538
2026-08-14T12:20:00+05:30,389.1,389.4,388.65,389.1,29657
2026-08-14T12:25:00+05:30,389.1,389.4,388.85,388.85,28135
2026-08-14T12:30:00+05:30,388.85,389.3,388.85,389,20260
2026-08-14T12:35:00+05:30,389,389,388.8,388.8,16536
2026-08-14T12:40:00+05:30,388.8,389.2,388.75,388.75,48479
2026-08-14T12:45:00+05:30,388.75,388.95,388.65,388.7,21981
2026-08-14T12:50:00+05:30,388.7,388.95,388.65,388.65,24126
2026-08-14T12:55:00+05:30,388.65,388.9,386.15,386.55,1704850
2026-08-14T13:00:00+05:30,386.55,386.85,386,386.05,95809
2026-08-14T13:05:00+05:30,386.05,386.25,385.5,385.7,75319
2026-08-14T13:10:00+05:30,385.7,385.9,384.55,384.95,346431
2026-08-14T13:15:00+05:30,384.95,385,384.8,385,85801
2026-08-14T13:20:00+05:30,385,385,384.8,384.9,46427
2026-08-14T13:25:00+05:30,384.9,384.9,384.3,384.6,50419
2026-08-14T13:30:00+05:30,384.6,384.65,384.05,384.2,44354
2026-08-14T13:35:00+05:30,384.1,384.3,383.95,384.3,45650
2026-08-14T13:40:00+05:30,384.3,384.55,384.2,384.55,37659
2026-08-14T13:45:00+05:30,384.4,384.9,384.4,384.65,45874
2026-08-14T13:50:00+05:30,384.7,384.95,384.65,384.9,31533
2026-08-14T13:55:00+05:30,384.9,384.9,384.3,384.6,30227
2026-08-14T14:00:00+05:30,384.6,384.85,384.1,384.5,56330
2026-08-14T14:05:00+05:30,384.35,384.55,384.05,384.45,18798
2026-08-14T14:10:00+05:30,384.35,384.45,384.25,384.4,10379
2026-08-14T14:15:00+05:30,384.4,384.65,384.25,384.4,25133
2026-08-14T14:20:00+05:30,384.4,384.4,383.75,383.8,61139
2026-08-14T14:25:00+05:30,383.8,384,383.75,384,29636
2026-08-14T14:30:00+05:30,384,384.3,383.8,384.1,28765
2026-08-14T14:35:00+05:30,384.1,384.1,383.3,383.3,31311
2026-08-14T14:40:00+05:30,383.35,383.6,383.25,383.25,28677
2026-08-14T14:45:00+05:30,383.25,383.45,383.05,383.2,38875
2026-08-14T14:50:00+05:30,383.15,383.6,383.15,383.5,42881
2026-08-14T14:55:00+05:30,383.5,383.6,383.15,383.5,61874
2026-08-14T15:00:00+05:30,383.25,383.5,382.9,383.4,118213
2026-08-14T15:05:00+05:30,383.5,383.5,382.95,383.45,200937
2026-08-14T15:10:00+05:30,383.4,383.6,383,383,204529
2026-08-17T09:15:00+05:30,382.05,382.65,380.2,380.6,97043
2026-08-17T09:20:00+05:30,380.65,380.85,380.45,380.7,51726
2026-08-17T09:25:00+05:30,380.7,380.85,380.3,380.3,33536
2026-08-17T09:30:00+05:30,380.45,380.45,379.8,380.4,39605
2026-08-17T09:35:00+05:30,380.2,380.9,380.05,380.55,27297
2026-08-17T09:40:00+05:30,380.5,380.9,380.4,380.55,18146
2026-08-17T09:45:00+05:30,380.6,380.8,380.4,380.7,9808
2026-08-17T09:50:00+05:30,380.55,380.7,380.25,380.5,10741
2026-08-17T09:55:00+05:30,380.5,380.5,380,380.2,10123
2026-08-17T10:00:00+05:30,380.2,380.2,379.6,380,37174
2026-08-17T10:05:00+05:30,380,380.2,379.75,379.95,11413
2026-08-17T10:10:00+05:30,380,380.1,379.6,379.6,14664
2026-08-17T10:15:00+05:30,379.75,379.9,379,379.45,44140
2026-08-17T10:20:00+05:30,379.45,379.7,379.15,379.45,38715
2026-08-17T10:25:00+05:30,379.4,379.6,379.15,379.55,22988
2026-08-17T10:30:00+05:30,379.55,379.6,379.15,379.5,15674
2026-08-17T10:35:00+05:30,379.4,379.6,379,379.2,12410
2026-08-17T10:40:00+05:30,379.2,379.2,378.8,378.8,16885
2026-08-17T10:45:00+05:30,378.9,379.05,378.55,378.9,12437
2026-08-17T10:50:00+05:30,379,379.6,378.85,379.5,21465
2026-08-17T10:55:00+05:30,379.5,379.5,379.1,379.2,33462
2026-08-17T11:00:00+05:30,379.25,379.25,378.75,378.9,9013
2026-08-17T11:05:00+05:30,378.9,378.9,378.5,378.7,11193
2026-08-17T11:10:00+05:30,378.7,378.75,378.3,378.5,12157
2026-08-17T11:15:00+05:30,378.5,378.9,378.45,378.7,4200
2026-08-17T11:20:00+05:30,378.7,378.9,378.05,378.15,19616
2026-08-17T11:25:00+05:30,378.15,378.35,378.1,378.35,7934
2026-08-17T11:30:00+05:30,378.35,378.45,378.1,378.3,8595
2026-08-17T11:35:00+05:30,378.2,378.45,378.2,378.45,6498
2026-08-17T11:40:00+05:30,378.45,379.35,378.2,378.6,151979
2026-08-17T11:45:00+05:30,378.6,378.9,378.4,378.65,17326
2026-08-17T11:50:00+05:30,378.65,379.15,378.55,378.7,13034
2026-08-17T11:55:00+05:30,378.95,379.4,378.6,379.25,8093
2026-08-17T12:00:00+05:30,379.25,379.5,379.05,379.1,7998
2026-08-17T12:05:00+05:30,379.1,379.4,378.9,379.1,18338
2026-08-17T12:10:00+05:30,379.1,379.7,379.1,379.5,42295
2026-08-17T12:15:00+05:30,379.5,379.7,379.3,379.5,7021
2026-08-17T12:20:00+05:30,379.7,379.75,379.4,379.5,11791
2026-08-17T12:25:00+05:30,379.45,379.9,379.4,379.65,10541
2026-08-17T12:30:00+05:30,379.65,379.95,379.65,379.75,12262
2026-08-17T12:35:00+05:30,379.75,380.3,379.75,380.1,45659
2026-08-17T12:40:00+05:30,380.3,380.35,380,380.2,22927
2026-08-17T12:45:00+05:30,380.2,380.75,380,380.5,29126
2026-08-17T12:50:00+05:30,380.5,380.8,380.5,380.6,9173
2026-08-17T12:55:00+05:30,380.6,381.25,380.6,380.9,24072
2026-08-17T13:00:00+05:30,380.9,382,380.9,381.25,83006
2026-08-17T13:05:00+05:30,381.25,381.55,381.25,381.4,13234
2026-08-17T13:10:00+05:30,381.4,381.5,381.2,381.45,13248
2026-08-17T13:15:00+05:30,381.3,382,381.3,381.65,80808
2026-08-17T13:20:00+05:30,381.65,381.9,381.6,381.6,10330
2026-08-17T13:25:00+05:30,381.6,382,381.6,381.9,34602
2026-08-17T13:30:00+05:30,381.95,382,381.8,381.8,10091
2026-08-17T13:35:00+05:30,381.8,381.95,380.95,381.4,92317
2026-08-17T13:40:00+05:30,381.4,381.65,381.25,381.65,21247
2026-08-17T13:45:00+05:30,381.55,381.7,381.3,381.3,10255
2026-08-17T13:50:00+05:30,381.2,381.4,380.9,380.9,12426
2026-08-17T13:55:00+05:30,380.9,381.25,380.9,381.2,15143
2026-08-17T14:00:00+05:30,381.2,382.2,380.95,382.05,122671
2026-08-17T14:05:00+05:30,382.05,382.5,382,382.35,35414
2026-08-17T14:10:00+05:30,382.35,382.5,381.7,381.7,146860
2026-08-17T14:15:00+05:30,381.6,381.95,381.6,381.85,7546
2026-08-17T14:20:00+05:30,381.85,382.3,381.55,382.3,40059
2026-08-17T14:25:00+05:30,382.9,383.05,382,382.15,134907
2026-08-17T14:30:00+05:30,382,382.3,381.9,382.25,17022
2026-08-17T14:35:00+05:30,382.25,382.65,381.45,381.75,87056
2026-08-17T14:40:00+05:30,381.75,382.2,381.7,382.15,28321
2026-08-17T14:45:00+05:30,382,382.3,382,382.1,25723
2026-08-17T14:50:00+05:30,382.1,382.3,381.6,381.7,124563
2026-08-17T14:55:00+05:30,381.7,381.95,381.6,381.85,15219
2026-08-17T15:00:00+05:30,381.85,382.25,381.75,382.1,85599
2026-08-17T15:05:00+05:30,382.1,382.2,381.65,381.95,108696
2026-08-17T15:10:00+05:30,381.95,382.45,381.5,381.5,128127
2026-08-18T09:15:00+05:30,378.4,381.85,378.4,381.15,107224
2026-08-18T09:20:00+05:30,381.05,381.15,379.55,379.8,33756
2026-08-18T09:25:00+05:30,379.6,380.3,379.6,379.65,31438
2026-08-18T09:30:00+05:30,379.65,380.15,379.35,380,17267
2026-08-18T09:35:00+05:30,380.15,380.25,379.85,380.1,23510
2026-08-18T09:40:00+05:30,380.2,380.2,379.5,379.65,29279
2026-08-18T09:45:00+05:30,379.65,380.05,379.5,380,10186
2026-08-18T09:50:00+05:30,380,380.4,379.8,380.15,11238
2026-08-18T09:55:00+05:30,380.1,380.2,379.85,380.15,11413
2026-08-18T10:00:00+05:30,380.25,380.25,379.7,380,12517
2026-08-18T10:05:00+05:30,380,380.25,379.9,380.05,7352
2026-08-18T10:10:00+05:30,380.15,380.55,380.05,380.45,12358
2026-08-18T10:15:00+05:30,380.3,380.6,380.1,380.1,18184
2026-08-18T10:20:00+05:30,380.3,380.35,379.6,379.75,21328
2026-08-18T10:25:00+05:30,379.75,380.55,379.65,380.55,15282
2026-08-18T10:30:00+05:30,380.55,380.65,380.3,380.6,12313
2026-08-18T10:35:00+05:30,380.35,380.6,380.35,380.4,8462
2026-08-18T10:40:00+05:30,380.5,380.6,380.25,380.5,11040
2026-08-18T10:45:00+05:30,380.5,380.6,380.05,380.5,11479
2026-08-18T10:50:00+05:30,380.5,380.5,380.05,380.1,10899
2026-08-18T10:55:00+05:30,380.1,380.3,379.8,380,11377
2026-08-18T11:00:00+05:30,380,380.2,379.85,380.15,6463
2026-08-18T11:05:00+05:30,380,380.15,379.8,379.9,9630
2026-08-18T11:10:00+05:30,379.9,380,379.8,380,5214
2026-08-18T11:15:00+05:30,380,380,379.8,380,14686
2026-08-18T11:20:00+05:30,380,380,379.5,379.7,12360
2026-08-18T11:25:00+05:30,379.7,381.4,379.1,381,165964
2026-08-18T11:30:00+05:30,381,381.1,380.1,380.4,255238
2026-08-18T11:35:00+05:30,380.4,382.05,380.3,380.45,257234
2026-08-18T11:40:00+05:30,380.45,380.75,380.2,380.6,18033
2026-08-18T11:45:00+05:30,380.6,380.65,380.05,380.3,13309
2026-08-18T11:50:00+05:30,380.3,380.3,379.65,379.8,33595
2026-08-18T11:55:00+05:30,379.8,380.15,379.55,380.15,10238
2026-08-18T12:00:00+05:30,380.15,380.15,379.65,379.75,7331
2026-08-18T12:05:00+05:30,379.75,379.95,379.5,379.85,28287
2026-08-18T12:10:00+05:30,379.85,380,379.5,379.75,9727
2026-08-18T12:15:00+05:30,379.75,379.9,379.55,379.7,9149
2026-08-18T12:20:00+05:30,379.6,379.8,379.45,379.6,12674
2026-08-18T12:25:00+05:30,379.55,380,379.5,379.9,3840
2026-08-18T12:30:00+05:30,379.8,380,379.65,379.85,6710
2026-08-18T12:35:00+05:30,379.9,379.9,379.5,379.7,8541
2026-08-18T12:40:00+05:30,379.55,379.7,379.5,379.55,5771
2026-08-18T12:45:00+05:30,379.5,379.8,379.5,379.7,8259
2026-08-18T12:50:00+05:30,379.7,381,379.6,381,138827
2026-08-18T12:55:00+05:30,381,381.15,380.85,380.9,27961
2026-08-18T13:00:00+05:30,380.9,381.05,380.4,380.6,145696
2026-08-18T13:05:00+05:30,380.6,381.35,380.4,381.2,194181
2026-08-18T13:10:00+05:30,381.15,381.45,380.75,381,31705
2026-08-18T13:15:00+05:30,380.9,381,380.5,380.65,8333
2026-08-18T13:20:00+05:30,380.65,380.9,380.5,380.6,26239
2026-08-18T13:25:00+05:30,380.5,380.8,380.5,380.65,5396
2026-08-18T13:30:00+05:30,380.55,380.9,380.5,380.8,12178
2026-08-18T13:35:00+05:30,380.75,380.85,380.4,380.55,22659
2026-08-18T13:40:00+05:30,380.45,380.75,380.4,380.65,8874
2026-08-18T13:45:00+05:30,380.5,380.7,380.5,380.7,6072
2026-08-18T13:50:00+05:30,380.55,380.7,380.4,380.55,9980
2026-08-18T13:55:00+05:30,380.45,380.55,380.1,380.25,6767
2026-08-18T14:00:00+05:30,380.2,380.4,380.1,380.35,7887
2026-08-18T14:05:00+05:30,380.3,380.4,379.85,379.95,39736
2026-08-18T14:10:00+05:30,379.8,380.2,379.5,380.15,33400
2026-08-18T14:15:00+05:30,380,380.15,379.8,379.95,6943
2026-08-18T14:20:00+05:30,379.9,380.05,379.7,379.9,14206
2026-08-18T14:25:00+05:30,379.9,380.2,379.55,380.2,43831
2026-08-18T14:30:00+05:30,380.2,380.4,379.95,380.05,43363
2026-08-18T14:35:00+05:30,380.05,380.15,379.85,379.95,26086
2026-08-18T14:40:00+05:30,379.95,380.15,379.9,380.1,35497
2026-08-18T14:45:00+05:30,380.1,380.35,379.95,380.3,36072
2026-08-18T14:50:00+05:30,380.3,380.55,380.05,380.2,67841
2026-08-18T14:55:00+05:30,380.2,380.35,380.1,380.2,28837
2026-08-18T15:00:00+05:30,380.2,380.7,380.2,380.2,98531
2026-08-18T15:05:00+05:30,380.2,380.5,380.05,380.3,130514
2026-08-18T15:10:00+05:30,380.3,380.6,380,380.1,142734
2026-08-19T09:15:00+05:30,380,380.75,378.2,379.1,101056
2026-08-19T09:20:00+05:30,379,379.05,378.25,378.5,69425
2026-08-19T09:25:00+05:30,378.5,378.5,377.2,377.2,68883
2026-08-19T09:30:00+05:30,377.4,377.4,376.2,376.35,81149
2026-08-19T09:35:00+05:30,376.45,376.65,376.1,376.65,46478
2026-08-19T09:40:00+05:30,376.6,377,376.35,376.9,38029
2026-08-19T09:45:00+05:30,376.9,377.15,376.55,377.15,35600
2026-08-19T09:50:00+05:30,377.15,377.6,377.15,377.4,40210
2026-08-19T09:55:00+05:30,377.5,378.1,377.35,377.45,19111
2026-08-19T10:00:00+05:30,377.45,377.65,377,377.1,33088
2026-08-19T10:05:00+05:30,377,377.1,376.4,376.55,50168
2026-08-19T10:10:00+05:30,376.4,376.65,376.1,376.15,23793
2026-08-19T10:15:00+05:30,376.15,376.25,375.25,375.7,82811
2026-08-19T10:20:00+05:30,375.65,375.7,375.35,375.5,56655
2026-08-19T10:25:00+05:30,375.6,375.7,375.05,375.15,34627
2026-08-19T10:30:00+05:30,375.15,375.35,375.05,375.2,16044
2026-08-19T10:35:00+05:30,375.15,375.45,375.15,375.45,16745
2026-08-19T10:40:00+05:30,375.45,375.9,375.25,375.8,29468
2026-08-19T10:45:00+05:30,375.8,375.9,375.75,375.85,31503
2026-08-19T10:50:00+05:30,375.85,375.85,375.35,375.7,18876
2026-08-19T10:55:00+05:30,375.65,375.85,375.5,375.8,13898
2026-08-19T11:00:00+05:30,375.8,376,375.5,375.65,16543
2026-08-19T11:05:00+05:30,375.6,376.35,375.55,376.1,146088
2026-08-19T11:10:00+05:30,376,376.2,375.7,376.1,44503
2026-08-19T11:15:00+05:30,376,376.2,375.6,375.8,23672
2026-08-19T11:20:00+05:30,375.75,376.05,375.7,375.7,18167
2026-08-19T11:25:00+05:30,375.9,376.15,375.65,376,26103
2026-08-19T11:30:00+05:30,376,376.5,376,376.4,39487
2026-08-19T11:35:00+05:30,376.4,376.6,376,376.05,22897
2026-08-19T11:40:00+05:30,376.05,376.05,375.85,376,68230
2026-08-19T11:45:00+05:30,376.05,376.3,376,376.1,13592
2026-08-19T11:50:00+05:30,376.1,376.55,376.1,376.55,9417
2026-08-19T11:55:00+05:30,376.55,376.65,376.3,376.3,19893
2026-08-19T12:00:00+05:30,376.3,376.35,376,376.15,35235
2026-08-19T12:05:00+05:30,376.15,376.3,376,376.05,11603
2026-08-19T12:10:00+05:30,376.05,376.2,376,376.1,12721
2026-08-19T12:15:00+05:30,376.1,376.25,376,376.15,35390
2026-08-19T12:20:00+05:30,376.15,376.8,376.05,376.7,65295
2026-08-19T12:25:00+05:30,376.7,376.75,376.25,376.75,21285
2026-08-19T12:30:00+05:30,376.75,377.15,376.65,377.05,69547
2026-08-19T12:35:00+05:30,377.05,377.7,377,377.25,195139
2026-08-19T12:40:00+05:30,377.25,378.05,377.25,377.5,145756
2026-08-19T12:45:00+05:30,377.5,377.65,377.25,377.3,19871
2026-08-19T12:50:00+05:30,377.5,378.05,377.3,377.95,146849
2026-08-19T12:55:00+05:30,377.8,377.8,377.25,377.4,16937
2026-08-19T13:00:00+05:30,377.4,377.85,377.25,377.8,43309
2026-08-19T13:05:00+05:30,377.9,378.05,377.55,377.65,91242
2026-08-19T13:10:00+05:30,377.65,377.8,377.15,377.3,52662
2026-08-19T13:15:00+05:30,377.35,377.35,376.85,377.2,39631
2026-08-19T13:20:00+05:30,377.1,377.7,376.95,377.5,95823
2026-08-19T13:25:00+05:30,377.5,377.7,377.3,377.5,40645
2026-08-19T13:30:00+05:30,377.5,377.6,377.35,377.55,56942
2026-08-19T13:35:00+05:30,377.55,377.65,377.5,377.65,30490
2026-08-19T13:40:00+05:30,377.65,378.5,377.5,378.3,90470
2026-08-19T13:45:00+05:30,378.1,378.45,378.1,378.3,31067
2026-08-19T13:50:00+05:30,378.3,378.3,377.95,378.05,12352
2026-08-19T13:55:00+05:30,378.05,378.2,378,378.1,19185
2026-08-19T14:00:00+05:30,378.2,378.4,378.1,378.1,13563
2026-08-19T14:05:00+05:30,378.1,378.8,378.1,378.55,23204
2026-08-19T14:10:00+05:30,378.5,378.75,378.25,378.4,22207
2026-08-19T14:15:00+05:30,378.3,378.65,378.25,378.35,10874
2026-08-19T14:20:00+05:30,378.5,378.5,378.25,378.25,22706
2026-08-19T14:25:00+05:30,378.35,378.45,378.1,378.25,40624
2026-08-19T14:30:00+05:30,378.25,378.75,378.25,378.6,49083
2026-08-19T14:35:00+05:30,378.6,379.45,378.5,378.75,59591
2026-08-19T14:40:00+05:30,378.6,378.85,378.5,378.6,46144
2026-08-19T14:45:00+05:30,378.75,378.75,377.95,378.5,147176
2026-08-19T14:50:00+05:30,378.6,378.85,378.3,378.45,161808
2026-08-19T14:55:00+05:30,378.6,378.75,378.5,378.75,33188
2026-08-19T15:00:00+05:30,378.75,378.8,378.5,378.5,76265
2026-08-19T15:05:00+05:30,378.55,378.65,378.15,378.2,177126
2026-08-19T15:10:00+05:30,378.15,378.55,378.15,378.15,158943
2026-08-20T09:15:00+05:30,379.3,379.9,377.2,377.4,119348
2026-08-20T09:20:00+05:30,377.4,377.5,377,377.1,47547
2026-08-20T09:25:00+05:30,377.05,377.45,376.55,377,82338
2026-08-20T09:30:00+05:30,377,377,376,376.45,60325
2026-08-20T09:35:00+05:30,376.3,377.05,375.85,376.9,91003
2026-08-20T09:40:00+05:30,376.7,376.95,376.3,376.75,40505
2026-08-20T09:45:00+05:30,376.6,377.1,376.4,376.65,72200
2026-08-20T09:50:00+05:30,376.65,376.7,376.25,376.5,41897
2026-08-20T09:55:00+05:30,376.7,376.85,376.45,376.6,36038
2026-08-20T10:00:00+05:30,376.5,376.65,376.15,376.35,20879
2026-08-20T10:05:00+05:30,376.35,376.7,376.2,376.5,26302
2026-08-20T10:10:00+05:30,376.65,377.05,376.6,376.85,23752
2026-08-20T10:15:00+05:30,376.85,377,376.5,376.65,26163
2026-08-20T10:20:00+05:30,376.65,376.65,376.3,376.5,17399
2026-08-20T10:25:00+05:30,376.45,376.5,376.05,376.1,21847
2026-08-20T10:30:00+05:30,376.3,376.65,376.1,376.5,19222
2026-08-20T10:35:00+05:30,376.75,376.85,376.5,376.8,22875
2026-08-20T10:40:00+05:30,376.6,376.8,376.45,376.5,17069
2026-08-20T10:45:00+05:30,376.6,376.75,376.5,376.55,13121
2026-08-20T10:50:00+05:30,376.7,376.95,376.55,376.9,15380
2026-08-20T10:55:00+05:30,376.9,376.95,376.5,376.65,12586
2026-08-20T11:00:00+05:30,376.65,376.7,376.45,376.65,14787
2026-08-20T11:05:00+05:30,376.5,378.2,376.5,378.1,164698
2026-08-20T11:10:00+05:30,378.05,378.5,378,378,119560
2026-08-20T11:15:00+05:30,378.1,378.2,377.6,377.6,147898
2026-08-20T11:20:00+05:30,377.55,378.05,377.15,377.4,274949
2026-08-20T11:25:00+05:30,377.45,377.7,377.05,377.1,14583
2026-08-20T11:30:00+05:30,377.2,378,377.1,377.95,267605
2026-08-20T11:35:00+05:30,377.95,377.95,377.45,377.6,14739
2026-08-20T11:40:00+05:30,377.4,377.6,377.25,377.35,8366
2026-08-20T11:45:00+05:30,377.35,378.1,377.1,378.05,91823
2026-08-20T11:50:00+05:30,378.05,378.15,377.75,377.85,181422
2026-08-20T11:55:00+05:30,377.85,378,377.5,377.7,13787
2026-08-20T12:00:00+05:30,377.7,377.7,377.2,377.25,15230
2026-08-20T12:05:00+05:30,377.25,377.5,377.2,377.25,11096
2026-08-20T12:10:00+05:30,377.25,377.5,377.1,377.1,10158
2026-08-20T12:15:00+05:30,377.1,377.35,377.1,377.1,14074
2026-08-20T12:20:00+05:30,377.1,377.3,376.75,377,34228
2026-08-20T12:25:00+05:30,377,377.15,376.8,377,11339
2026-08-20T12:30:00+05:30,377,377.1,376.8,376.9,9899
2026-08-20T12:35:00+05:30,376.9,377.25,376.75,377.25,15926
2026-08-20T12:40:00+05:30,377.1,377.3,377.05,377.05,14157
2026-08-20T12:45:00+05:30,377.1,377.65,377.1,377.65,17488
2026-08-20T12:50:00+05:30,377.45,378,377.45,377.75,19837
2026-08-20T12:55:00+05:30,377.9,377.9,377.2,377.2,18840
2026-08-20T13:00:00+05:30,377.2,377.5,376.9,376.9,33598
2026-08-20T13:05:00+05:30,376.9,377.15,376.85,377.1,24680
2026-08-20T13:10:00+05:30,377.1,377.2,376.9,376.9,115136
2026-08-20T13:15:00+05:30,376.9,377,376.6,376.7,54754
2026-08-20T13:20:00+05:30,376.6,376.8,376.35,376.35,30002
2026-08-20T13:25:00+05:30,376.35,376.55,376.3,376.3,13113
2026-08-20T13:30:00+05:30,376.5,376.5,376.25,376.4,13832
2026-08-20T13:35:00+05:30,376.35,376.4,376.2,376.2,19400
2026-08-20T13:40:00+05:30,376.2,376.25,376.05,376.05,23967
2026-08-20T13:45:00+05:30,376.05,376.25,376,376.05,27097
2026-08-20T13:50:00+05:30,376,376.2,375.8,376.1,39255
2026-08-20T13:55:00+05:30,375.9,376.1,375.75,375.8,18926
2026-08-20T14:00:00+05:30,375.8,375.95,375.5,375.85,20973
2026-08-20T14:05:00+05:30,375.85,376,375.55,375.9,22220
2026-08-20T14:10:00+05:30,375.9,376.15,375.8,376.1,18677
2026-08-20T14:15:00+05:30,375.95,376.1,375.8,375.8,13012
2026-08-20T14:20:00+05:30,376,376.15,375.8,376.15,17322
2026-08-20T14:25:00+05:30,376.15,376.4,375.8,376.35,43885
2026-08-20T14:30:00+05:30,376.35,376.75,376.3,376.55,25395
2026-08-20T14:35:00+05:30,376.7,376.7,376.4,376.45,32594
2026-08-20T14:40:00+05:30,376.5,377.2,376.45,377,96462
2026-08-20T14:45:00+05:30,377.05,377.35,376.85,376.85,51619
2026-08-20T14:50:00+05:30,376.85,376.95,376.55,376.65,454354
2026-08-20T14:55:00+05:30,376.7,376.7,375.75,375.8,143107
2026-08-20T15:00:00+05:30,376,376,375.5,375.6,261231
2026-08-20T15:05:00+05:30,375.6,375.6,375.1,375.15,125974
2026-08-20T15:10:00+05:30,375.15,375.75,375,375.25,140498
2026-08-21T09:15:00+05:30,375.7,377.1,374.7,374.7,141562
2026-08-21T09:20:00+05:30,374.85,375,373.7,373.75,95050
2026-08-21T09:25:00+05:30,373.85,373.85,373.3,373.6,56468
2026-08-21T09:30:00+05:30,373.6,374.05,373.5,373.5,68149
2026-08-21T09:35:00+05:30,373.5,373.6,373.05,373.6,42528
2026-08-21T09:40:00+05:30,373.6,374.6,373.55,374.45,48059
2026-08-21T09:45:00+05:30,374.45,374.65,373.8,374.1,52106
2026-08-21T09:50:00+05:30,374.1,374.4,374,374.3,22733
2026-08-21T09:55:00+05:30,374.3,375,373.9,374.95,156800
2026-08-21T10:00:00+05:30,374.95,376,374.9,375.9,166919
2026-08-21T10:05:00+05:30,375.9,376.25,375.1,375.2,58920
2026-08-21T10:10:00+05:30,375.15,375.45,375.1,375.4,33797
2026-08-21T10:15:00+05:30,375.4,375.5,375.25,375.4,17363
2026-08-21T10:20:00+05:30,375.4,375.75,375,375.65,45447
2026-08-21T10:25:00+05:30,375.65,375.8,375.4,375.65,26537
2026-08-21T10:30:00+05:30,375.65,375.7,375.3,375.5,31601
2026-08-21T10:35:00+05:30,375.8,376.6,375.6,376.6,89430
2026-08-21T10:40:00+05:30,376.3,376.55,375.9,376.1,50128
2026-08-21T10:45:00+05:30,376,377,375.95,376.7,69693
2026-08-21T10:50:00+05:30,376.55,377.5,376.5,377.5,96997
2026-08-21T10:55:00+05:30,377.5,377.75,377.1,377.7,95779
2026-08-21T11:00:00+05:30,377.65,377.7,377.05,377.5,40042
2026-08-21T11:05:00+05:30,377.5,377.7,377.35,377.5,38611
2026-08-21T11:10:00+05:30,377.5,377.5,376.75,376.85,23375
2026-08-21T11:15:00+05:30,376.85,376.85,376.15,376.25,39133
2026-08-21T11:20:00+05:30,376.25,376.3,375.6,375.8,29970
2026-08-21T11:25:00+05:30,375.8,375.85,375.5,375.55,19583
2026-08-21T11:30:00+05:30,375.65,376.9,375.45,376.9,137911
2026-08-21T11:35:00+05:30,376.8,377.1,376.7,377,91300
2026-08-21T11:40:00+05:30,377,377.1,375.75,376,101732
2026-08-21T11:45:00+05:30,375.95,376.05,375.4,375.5,24607
2026-08-21T11:50:00+05:30,375.5,375.55,375.2,375.4,31634
2026-08-21T11:55:00+05:30,375.4,375.4,375.05,375.3,21206
2026-08-21T12:00:00+05:30,375.3,375.75,375.1,375.45,66409
2026-08-21T12:05:00+05:30,375.45,375.7,375.05,375.15,12324
2026-08-21T12:10:00+05:30,375.15,375.45,374.7,374.95,43132
2026-08-21T12:15:00+05:30,374.95,375.4,374.7,375.1,293632
2026-08-21T12:20:00+05:30,375.1,375.4,374.9,375.2,17972
2026-08-21T12:25:00+05:30,375.2,375.5,375.1,375.4,18358
2026-08-21T12:30:00+05:30,375.4,376.5,375.4,376.2,68787
2026-08-21T12:35:00+05:30,376.2,376.4,375.7,375.8,174008
2026-08-21T12:40:00+05:30,375.8,375.85,375.35,375.85,9781
2026-08-21T12:45:00+05:30,375.85,376.1,375.35,375.5,33306
2026-08-21T12:50:00+05:30,375.5,375.6,375.1,375.25,16147
2026-08-21T12:55:00+05:30,375.25,375.35,374.7,375.2,24845
2026-08-21T13:00:00+05:30,375.2,375.75,375.1,375.75,17540
2026-08-21T13:05:00+05:30,375.7,376.35,375.65,375.75,38459
2026-08-21T13:10:00+05:30,375.75,376.2,375.6,376.1,13155
2026-08-21T13:15:00+05:30,376.05,376.25,375.55,376.25,50885
2026-08-21T13:20:00+05:30,376.2,376.25,375.75,375.9,122879
2026-08-21T13:25:00+05:30,375.85,376,375.55,375.95,17684
2026-08-21T13:30:00+05:30,375.95,376,375.5,375.75,6674
2026-08-21T13:35:00+05:30,375.7,375.75,375.4,375.5,21004
2026-08-21T13:40:00+05:30,375.45,375.5,375.25,375.4,10541
2026-08-21T13:45:00+05:30,375.35,375.6,375,375.15,18408
2026-08-21T13:50:00+05:30,375.15,375.3,375.05,375.25,7215
2026-08-21T13:55:00+05:30,375.2,375.65,375,375.6,32074
2026-08-21T14:00:00+05:30,375.65,375.8,375.45,375.55,42151
2026-08-21T14:05:00+05:30,375.5,375.55,375.1,375.15,79438
2026-08-21T14:10:00+05:30,375.2,375.25,374.7,374.95,26630
2026-08-21T14:15:00+05:30,374.95,375.2,374.8,375.2,16642
2026-08-21T14:20:00+05:30,375.2,375.45,374.8,374.9,83562
2026-08-21T14:25:00+05:30,374.9,375.25,374.8,375,98839
2026-08-21T14:30:00+05:30,374.95,375,374.75,374.85,25679
2026-08-21T14:35:00+05:30,374.8,374.95,374.7,374.8,8106
2026-08-21T14:40:00+05:30,374.8,374.9,374.5,374.65,23586
2026-08-21T14:45:00+05:30,374.75,375.4,374.6,375.25,138369
2026-08-21T14:50:00+05:30,375,375,374.7,374.8,30607
2026-08-21T14:55:00+05:30,374.75,375.1,374.75,375,53233
2026-08-21T15:00:00+05:30,374.95,375,374.6,374.7,37745
2026-08-21T15:05:00+05:30,374.5,374.7,374.2,374.55,115829
2026-08-21T15:10:00+05:30,374.45,375,374.45,374.8,103222
2026-08-24T09:15:00+05:30,374.3,377.6,374,376.55,113549
2026-08-24T09:20:00+05:30,376.55,377.8,376.55,377.7,63734
2026-08-24T09:25:00+05:30,377.6,378.05,377.1,377.15,66344
2026-08-24T09:30:00+05:30,377.05,377.15,376.4,376.6,31787
2026-08-24T09:35:00+05:30,376.4,376.6,376.15,376.25,22650
2026-08-24T09:40:00+05:30,376.25,376.25,375.8,375.9,49082
2026-08-24T09:45:00+05:30,375.9,376.1,375.75,376.1,27046
2026-08-24T09:50:00+05:30,376.1,376.65,375.9,376.25,46374
2026-08-24T09:55:00+05:30,376.3,376.6,375.95,376.45,49610
2026-08-24T10:00:00+05:30,376.4,376.5,376.2,376.5,20629
2026-08-24T10:05:00+05:30,376.5,376.85,376.4,376.8,27778
2026-08-24T10:10:00+05:30,376.75,376.85,376.6,376.6,17355
2026-08-24T10:15:00+05:30,376.8,376.8,376.55,376.7,16830
2026-08-24T10:20:00+05:30,376.75,377,376.55,376.85,39008
2026-08-24T10:25:00+05:30,376.85,376.95,376.45,376.85,103308
2026-08-24T10:30:00+05:30,376.85,376.95,375.85,376.6,200517
2026-08-24T10:35:00+05:30,376.6,377.05,376.35,376.4,248982
2026-08-24T10:40:00+05:30,376.4,376.4,375.95,376.15,27149
2026-08-24T10:45:00+05:30,376.15,376.3,375.85,375.9,15995
2026-08-24T10:50:00+05:30,376,376.15,375.75,375.95,31339
2026-08-24T10:55:00+05:30,375.9,376.15,375.5,375.5,34896
2026-08-24T11:00:00+05:30,375.6,375.85,375.15,375.15,58647
2026-08-24T11:05:00+05:30,375.35,375.6,375,375,62525
2026-08-24T11:10:00+05:30,375,375.55,374.7,375.25,80109
2026-08-24T11:15:00+05:30,375.25,375.4,375,375.15,13811
2026-08-24T11:20:00+05:30,375.15,375.2,374.7,374.7,106005
2026-08-24T11:25:00+05:30,374.7,375.2,374.3,374.6,371334
2026-08-24T11:30:00+05:30,374.6,375.15,374.3,374.5,268154
2026-08-24T11:35:00+05:30,374.5,374.6,374.4,374.55,8744
2026-08-24T11:40:00+05:30,374.55,374.75,374.4,374.55,10041
2026-08-24T11:45:00+05:30,374.75,374.8,374.3,374.3,16972
2026-08-24T11:50:00+05:30,374.4,374.5,374.2,374.35,8459
2026-08-24T11:55:00+05:30,374.35,374.35,374.1,374.1,8232
2026-08-24T12:00:00+05:30,374.1,374.55,374.1,374.4,17565
2026-08-24T12:05:00+05:30,374.4,374.6,374.3,374.55,16895
2026-08-24T12:10:00+05:30,374.55,374.85,374.2,374.35,31182
2026-08-24T12:15:00+05:30,374.35,374.5,373.8,373.8,88796
2026-08-24T12:20:00+05:30,373.8,374.25,373.8,373.9,23634
2026-08-24T12:25:00+05:30,373.9,374.1,373.85,373.9,12333
2026-08-24T12:30:00+05:30,373.85,374.15,373.75,373.95,53529
2026-08-24T12:35:00+05:30,373.95,374,373.8,373.95,9202
2026-08-24T12:40:00+05:30,373.85,374,373.4,373.7,37192
2026-08-24T12:45:00+05:30,373.7,373.75,373.25,373.25,24967
2026-08-24T12:50:00+05:30,373.25,373.55,373,373.2,27398
2026-08-24T12:55:00+05:30,373.2,373.65,373.15,373.55,24521
2026-08-24T13:00:00+05:30,373.45,373.5,372.5,372.5,42324
2026-08-24T13:05:00+05:30,372.65,372.75,372.1,372.75,139454
2026-08-24T13:10:00+05:30,372.75,372.9,372.4,372.65,32965
2026-08-24T13:15:00+05:30,372.75,372.95,372.45,372.8,37722
2026-08-24T13:20:00+05:30,372.8,372.85,372.1,372.35,29950
2026-08-24T13:25:00+05:30,372.35,372.45,372.05,372.2,19848
2026-08-24T13:30:00+05:30,372.25,372.45,372.2,372.2,14503
2026-08-24T13:35:00+05:30,372.2,372.45,372.2,372.45,12611
2026-08-24T13:40:00+05:30,372.35,372.85,372.35,372.6,23077
2026-08-24T13:45:00+05:30,372.65,372.85,372.45,372.55,30210
2026-08-24T13:50:00+05:30,372.55,372.8,372.3,372.35,12270
2026-08-24T13:55:00+05:30,372.35,372.55,372.2,372.4,11475
2026-08-24T14:00:00+05:30,372.4,372.9,372.4,372.65,21743
2026-08-24T14:05:00+05:30,372.65,372.9,372.1,372.7,48563
2026-08-24T14:10:00+05:30,372.7,373.05,372.25,372.4,27596
2026-08-24T14:15:00+05:30,372.4,372.45,372.1,372.3,31036
2026-08-24T14:20:00+05:30,372.3,372.4,372.1,372.25,18245
2026-08-24T14:25:00+05:30,372.15,372.55,372.15,372.3,29692
2026-08-24T14:30:00+05:30,372.3,372.8,372.2,372.7,17251
2026-08-24T14:35:00+05:30,372.7,372.8,372.45,372.45,12404
2026-08-24T14:40:00+05:30,372.45,372.75,372.3,372.65,30040
2026-08-24T14:45:00+05:30,372.6,372.7,372.3,372.3,22021
2026-08-24T14:50:00+05:30,372.5,372.65,372.15,372.25,62367
2026-08-24T14:55:00+05:30,372.25,372.3,372.05,372.25,27222
2026-08-24T15:00:00+05:30,372.3,372.3,371.95,372,78058
2026-08-24T15:05:00+05:30,372,372,371.5,371.9,95526
2026-08-24T15:10:00+05:30,371.9,372,371.5,371.55,114280
2026-08-25T09:15:00+05:30,373,373,370.25,371.05,144637
2026-08-25T09:20:00+05:30,371.05,371.75,370.85,371.3,134036
2026-08-25T09:25:00+05:30,371.3,372.05,371.1,371.9,60399
2026-08-25T09:30:00+05:30,371.9,372.35,371.8,372,38668
2026-08-25T09:35:00+05:30,372,372.2,371.6,371.8,65638
2026-08-25T09:40:00+05:30,371.7,372.35,371.6,372.15,68465
2026-08-25T09:45:00+05:30,372.15,372.95,372,372.05,50803
2026-08-25T09:50:00+05:30,372.2,372.2,371.3,371.55,36624
2026-08-25T09:55:00+05:30,371.5,371.8,371.5,371.75,19910
2026-08-25T10:00:00+05:30,371.8,372,371.55,371.6,38500
2026-08-25T10:05:00+05:30,371.7,371.8,371.5,371.5,22504
2026-08-25T10:10:00+05:30,371.5,371.8,371.5,371.7,19238
2026-08-25T10:15:00+05:30,371.75,371.9,371.6,371.75,29899
2026-08-25T10:20:00+05:30,371.75,372.15,371.6,371.9,60665
2026-08-25T10:25:00+05:30,372.05,372.6,372,372.5,64006
2026-08-25T10:30:00+05:30,372.5,372.6,371.9,372.3,41309
2026-08-25T10:35:00+05:30,372.5,372.6,372.3,372.5,9636
2026-08-25T10:40:00+05:30,372.55,372.55,372.1,372.25,17089
2026-08-25T10:45:00+05:30,372.4,372.7,372.25,372.7,33031
2026-08-25T10:50:00+05:30,372.7,373.25,372.3,372.9,135335
2026-08-25T10:55:00+05:30,372.9,373.55,372.7,373.15,176435
2026-08-25T11:00:00+05:30,373.15,374.05,373,373.55,188592
2026-08-25T11:05:00+05:30,373.55,374.2,373.4,374,229374
2026-08-25T11:10:00+05:30,374,374.05,373.2,373.3,130800
2026-08-25T11:15:00+05:30,373.3,373.45,373.15,373.15,26671
2026-08-25T11:20:00+05:30,373.15,374.2,373.15,374,72921
2026-08-25T11:25:00+05:30,374,374.1,373.8,374,62162
2026-08-25T11:30:00+05:30,374,374.05,373.7,373.7,144983
2026-08-25T11:35:00+05:30,373.7,373.8,373.3,373.35,12258
2026-08-25T11:40:00+05:30,373.35,373.5,372.5,372.6,163258
2026-08-25T11:45:00+05:30,372.55,373,372.4,372.5,19451
2026-08-25T11:50:00+05:30,372.5,372.6,372.1,372.25,20481
2026-08-25T11:55:00+05:30,372.25,372.5,371.95,372.2,25666
2026-08-25T12:00:00+05:30,372.2,372.2,371.5,371.5,20129
2026-08-25T12:05:00+05:30,371.5,371.85,371.4,371.5,22668
2026-08-25T12:10:00+05:30,371.5,371.5,371.4,371.45,34049
2026-08-25T12:15:00+05:30,371.45,371.55,371.35,371.4,17644
2026-08-25T12:20:00+05:30,371.4,371.5,371.05,371.1,80756
2026-08-25T12:25:00+05:30,371.1,371.5,370.85,370.85,351135
2026-08-25T12:30:00+05:30,370.85,371,370.7,370.9,65475
2026-08-25T12:35:00+05:30,370.8,371,370.65,370.8,28051
2026-08-25T12:40:00+05:30,370.8,371,370.4,370.4,35455
2026-08-25T12:45:00+05:30,370.6,370.6,369.6,369.7,122578
2026-08-25T12:50:00+05:30,369.65,370.3,369.65,369.75,247409
2026-08-25T12:55:00+05:30,369.75,370,369.7,369.9,45314
2026-08-25T13:00:00+05:30,369.95,370,369.5,369.7,94023
2026-08-25T13:05:00+05:30,369.75,369.95,369.3,369.35,53444
2026-08-25T13:10:00+05:30,369.4,369.5,369.35,369.4,68048
2026-08-25T13:15:00+05:30,369.45,369.65,368.95,369.25,203161
2026-08-25T13:20:00+05:30,369.25,369.6,369.1,369.35,74966
2026-08-25T13:25:00+05:30,369.35,369.85,369.2,369.5,76651
2026-08-25T13:30:00+05:30,369.5,369.85,369.5,369.65,63943
2026-08-25T13:35:00+05:30,369.65,370,369.6,369.6,94899
2026-08-25T13:40:00+05:30,369.6,369.7,369.3,369.55,96771
2026-08-25T13:45:00+05:30,369.35,369.5,369.1,369.15,68477
2026-08-25T13:50:00+05:30,369.15,370,369,369.8,82147
2026-08-25T13:55:00+05:30,369.8,370,369.7,369.75,59078
2026-08-25T14:00:00+05:30,369.7,370,369.5,369.6,26438
2026-08-25T14:05:00+05:30,369.65,369.85,368.7,368.7,805704
2026-08-25T14:10:00+05:30,368.65,369,368.6,368.8,159277
2026-08-25T14:15:00+05:30,368.75,368.95,368.55,368.9,137607
2026-08-25T14:20:00+05:30,368.95,369.1,368.7,368.95,129285
2026-08-25T14:25:00+05:30,369,369.4,368.85,369.25,245533
2026-08-25T14:30:00+05:30,369.2,370,369.05,369.7,391631
2026-08-25T14:35:00+05:30,369.7,370,369.2,369.6,216691
2026-08-25T14:40:00+05:30,369.6,370,369.2,369.6,214277
2026-08-25T14:45:00+05:30,369.6,370.1,369.55,369.8,309810
2026-08-25T14:50:00+05:30,369.8,370.1,369.7,370,246218
2026-08-25T14:55:00+05:30,370,370.15,369.6,370.15,239042
2026-08-25T15:00:00+05:30,370.15,370.15,369.65,369.8,326503
2026-08-25T15:05:00+05:30,369.75,370.35,369.5,370.15,388843
2026-08-25T15:10:00+05:30,370.15,370.85,369.7,370,748224
2026-08-26T09:15:00+05:30,373,374.25,372.15,372.55,109170
2026-08-26T09:20:00+05:30,372.2,372.9,372.2,372.6,50189
2026-08-26T09:25:00+05:30,372.6,372.8,372.35,372.6,81700
2026-08-26T09:30:00+05:30,372.65,372.9,372.5,372.65,34273
2026-08-26T09:35:00+05:30,372.65,375.4,372.6,375.2,105982
2026-08-26T09:40:00+05:30,375.2,376.2,374.9,375.95,116448
2026-08-26T09:45:00+05:30,375.8,376,375.15,375.15,65160
2026-08-26T09:50:00+05:30,375.15,376.35,375,375.35,51052
2026-08-26T09:55:00+05:30,375.35,375.55,375,375.05,35789
2026-08-26T10:00:00+05:30,375.05,375.1,374.05,374.3,54270
2026-08-26T10:05:00+05:30,374.3,374.5,373.55,373.7,43571
2026-08-26T10:10:00+05:30,373.7,374,373.5,373.6,25558
2026-08-26T10:15:00+05:30,373.5,373.7,373.2,373.2,47925
2026-08-26T10:20:00+05:30,373.25,373.25,372.65,372.75,46491
2026-08-26T10:25:00+05:30,372.7,373.05,372.6,372.65,22196
2026-08-26T10:30:00+05:30,372.7,373.3,372.6,372.6,29587
2026-08-26T10:35:00+05:30,372.6,372.8,372.1,372.35,31732
2026-08-26T10:40:00+05:30,372.35,372.8,372.2,372.65,27659
2026-08-26T10:45:00+05:30,372.65,372.75,372.3,372.3,44047
2026-08-26T10:50:00+05:30,372.3,372.5,371.45,371.7,79969
2026-08-26T10:55:00+05:30,371.75,371.85,371.5,371.65,91626
2026-08-26T11:00:00+05:30,371.65,371.9,371.3,371.65,43685
2026-08-26T11:05:00+05:30,371.65,371.95,371.5,371.8,27930
2026-08-26T11:10:00+05:30,371.8,372.05,371.45,371.5,63590
2026-08-26T11:15:00+05:30,371.45,371.6,370.8,370.8,54761
2026-08-26T11:20:00+05:30,370.8,371.2,370.65,370.7,58757
2026-08-26T11:25:00+05:30,370.75,371,370.7,370.9,19028
2026-08-26T11:30:00+05:30,370.9,371.1,370.1,370.25,76022
2026-08-26T11:35:00+05:30,370.1,370.5,370.1,370.3,51301
2026-08-26T11:40:00+05:30,370.3,370.5,370,370.05,71532
2026-08-26T11:45:00+05:30,370.1,370.35,369.95,370.3,79780
2026-08-26T11:50:00+05:30,370.15,370.3,369.8,369.8,39363
2026-08-26T11:55:00+05:30,369.9,370.1,369.7,369.8,44691
2026-08-26T12:00:00+05:30,369.85,370,369.6,369.7,59006
2026-08-26T12:05:00+05:30,369.8,369.9,369.4,369.5,52442
2026-08-26T12:10:00+05:30,369.4,369.5,368.85,369.3,72440
2026-08-26T12:15:00+05:30,369.2,369.65,369.1,369.5,49265
2026-08-26T12:20:00+05:30,369.5,369.6,369,369.1,60569
2026-08-26T12:25:00+05:30,369.1,369.45,368.95,368.95,64377
2026-08-26T12:30:00+05:30,368.9,369.5,368.8,368.9,59113
2026-08-26T12:35:00+05:30,368.9,369.2,368.65,368.95,56795
2026-08-26T12:40:00+05:30,368.9,369.1,368.75,368.8,46072
2026-08-26T12:45:00+05:30,368.8,369.1,368.7,368.75,34265
2026-08-26T12:50:00+05:30,368.8,368.8,368.5,368.55,18148
2026-08-26T12:55:00+05:30,368.5,368.65,367.8,368,79428
2026-08-26T13:00:00+05:30,368,368.1,366.95,367.2,270433
2026-08-26T13:05:00+05:30,367.2,367.65,367.2,367.35,39274
2026-08-26T13:10:00+05:30,367.35,367.5,366.15,366.35,111422
2026-08-26T13:15:00+05:30,366.4,366.6,366.15,366.4,41912
2026-08-26T13:20:00+05:30,366.45,366.55,366.1,366.15,38372
2026-08-26T13:25:00+05:30,366.15,366.3,365.2,365.3,100282
2026-08-26T13:30:00+05:30,365.3,365.7,365.15,365.35,59420
2026-08-26T13:35:00+05:30,365.35,365.35,364.35,364.9,141707
2026-08-26T13:40:00+05:30,364.9,365,364.45,364.75,62453
2026-08-26T13:45:00+05:30,364.75,364.8,364,364.1,68584
2026-08-26T13:50:00+05:30,364.1,365,364.05,364.8,57797
2026-08-26T13:55:00+05:30,364.8,364.95,364.6,364.85,29930
2026-08-26T14:00:00+05:30,364.7,365,364.5,364.95,26018
2026-08-26T14:05:00+05:30,364.95,365,364.5,364.95,91186
2026-08-26T14:10:00+05:30,364.95,365,364.75,365,101962
2026-08-26T14:15:00+05:30,365,365,364.75,364.9,35367
2026-08-26T14:20:00+05:30,364.8,365,364.5,364.5,55540
2026-08-26T14:25:00+05:30,364.55,364.65,364.4,364.45,24963
2026-08-26T14:30:00+05:30,364.65,364.9,364.45,364.8,31423
2026-08-26T14:35:00+05:30,364.8,364.95,364.55,364.65,33027
2026-08-26T14:40:00+05:30,364.6,364.8,364.2,364.2,325986
2026-08-26T14:45:00+05:30,364.25,364.8,364.15,364.7,305108
2026-08-26T14:50:00+05:30,364.65,365.2,364.65,365,70851
2026-08-26T14:55:00+05:30,365.1,365.1,364.75,364.85,66251
2026-08-26T15:00:00+05:30,365,365.1,364.75,364.9,105138
2026-08-26T15:05:00+05:30,364.7,365.1,364.5,364.8,114601
2026-08-26T15:10:00+05:30,364.75,365.5,364.5,365.5,151434
2026-08-27T09:15:00+05:30,359.2,359.2,349.2,351.25,1669750
2026-08-27T09:20:00+05:30,351.55,353.4,351.1,352.7,842073
2026-08-27T09:25:00+05:30,352.7,353,351.3,351.8,424547
2026-08-27T09:30:00+05:30,351.9,352.55,350.5,351.2,412018
2026-08-27T09:35:00+05:30,351.1,352.2,350.85,352,290963
2026-08-27T09:40:00+05:30,352,352.45,351.35,352,228742
2026-08-27T09:45:00+05:30,352,353,352,352.75,422490
2026-08-27T09:50:00+05:30,352.75,352.75,350.85,350.95,316570
2026-08-27T09:55:00+05:30,350.95,350.95,349.1,349.3,843619
2026-08-27T10:00:00+05:30,349.15,349.75,348.2,349.75,564860
2026-08-27T10:05:00+05:30,349.75,350.05,349.1,350,191090
2026-08-27T10:10:00+05:30,349.85,350.35,349.85,349.9,176721
2026-08-27T10:15:00+05:30,350,350,349.35,349.7,123988
2026-08-27T10:20:00+05:30,349.7,349.8,349.2,349.5,125932
2026-08-27T10:25:00+05:30,349.45,349.8,349.35,349.55,126881
2026-08-27T10:30:00+05:30,349.55,350,349.15,349.85,117372
2026-08-27T10:35:00+05:30,349.85,350,349.55,349.8,104918
2026-08-27T10:40:00+05:30,349.8,349.8,348.7,349.15,210646
2026-08-27T10:45:00+05:30,349.2,349.8,349.1,349.55,117841
2026-08-27T10:50:00+05:30,349.6,349.85,348.65,349.5,398889
2026-08-27T10:55:00+05:30,349.45,349.5,348.75,349,102094
2026-08-27T11:00:00+05:30,348.95,349.6,348.9,349.2,104645
2026-08-27T11:05:00+05:30,349.1,350,349,349.65,237949
2026-08-27T11:10:00+05:30,349.5,349.8,349,349.5,120203
2026-08-27T11:15:00+05:30,349.65,349.7,348.5,348.5,224116
2026-08-27T11:20:00+05:30,348.55,349.4,348.1,349.15,325975
2026-08-27T11:25:00+05:30,349.15,350.2,348.55,349.65,281539
2026-08-27T11:30:00+05:30,349.7,349.8,349.2,349.6,86888
2026-08-27T11:35:00+05:30,349.7,350,349.45,349.8,74873
2026-08-27T11:40:00+05:30,349.85,351.15,349.7,350.4,514027
2026-08-27T11:45:00+05:30,350.6,351.5,350.4,351.4,215138
2026-08-27T11:50:00+05:30,351.4,353,351.4,352.35,502561
2026-08-27T11:55:00+05:30,352.4,352.7,351.5,351.6,159441
2026-08-27T12:00:00+05:30,351.6,351.75,350.6,350.75,124880
2026-08-27T12:05:00+05:30,350.6,350.75,350.3,350.6,126088
2026-08-27T12:10:00+05:30,350.55,350.55,350,350,108509
2026-08-27T12:15:00+05:30,350.05,350.1,349.6,349.65,136170
2026-08-27T12:20:00+05:30,349.8,349.9,349.5,349.8,63101
2026-08-27T12:25:00+05:30,349.85,350.05,349.5,349.6,60619
2026-08-27T12:30:00+05:30,349.6,349.9,349.25,349.75,112092
2026-08-27T12:35:00+05:30,349.75,350.35,349.65,350,140272
2026-08-27T12:40:00+05:30,350,350.6,350,350.6,135660
2026-08-27T12:45:00+05:30,350.6,350.6,350.05,350.35,127411
2026-08-27T12:50:00+05:30,350.35,350.4,350,350.1,126640
2026-08-27T12:55:00+05:30,350.1,350.2,349.9,349.9,95101
2026-08-27T13:00:00+05:30,350,350.1,349.7,349.8,53603
2026-08-27T13:05:00+05:30,349.65,350.45,349.55,350.05,355384
2026-08-27T13:10:00+05:30,350.05,350.4,349.8,350.25,49907
2026-08-27T13:15:00+05:30,350.25,350.3,349.9,350.15,47741
2026-08-27T13:20:00+05:30,350.15,350.7,349.95,350.55,75412
2026-08-27T13:25:00+05:30,350.55,350.65,350.25,350.25,50707
2026-08-27T13:30:00+05:30,350.2,350.9,350.2,350.65,95677
2026-08-27T13:35:00+05:30,350.45,350.95,350.45,350.75,57605
2026-08-27T13:40:00+05:30,350.75,351,350.55,350.6,72333
2026-08-27T13:45:00+05:30,350.55,350.55,350,350.2,88294
2026-08-27T13:50:00+05:30,350.2,350.35,350.1,350.35,50291
2026-08-27T13:55:00+05:30,350.3,351.05,350.1,350.65,133442
2026-08-27T14:00:00+05:30,350.7,350.7,350.4,350.45,48887
2026-08-27T14:05:00+05:30,350.45,350.8,350.4,350.5,54552
2026-08-27T14:10:00+05:30,350.6,350.9,350.45,350.6,55628
2026-08-27T14:15:00+05:30,350.7,350.7,350.35,350.6,55212
2026-08-27T14:20:00+05:30,350.55,350.9,350.45,350.85,59960
2026-08-27T14:25:00+05:30,350.7,351.65,350.6,351.6,177087
2026-08-27T14:30:00+05:30,351.45,351.5,351.05,351.15,101298
2026-08-27T14:35:00+05:30,351.1,351.45,351.05,351.3,66982
2026-08-27T14:40:00+05:30,351.3,351.55,351.15,351.3,132567
2026-08-27T14:45:00+05:30,351.2,351.85,351.2,351.8,191681
2026-08-27T14:50:00+05:30,351.75,352.5,351.75,352.15,405642
2026-08-27T14:55:00+05:30,352.1,352.35,352,352.2,165487
2026-08-27T15:00:00+05:30,352.2,352.35,352,352,337753
2026-08-27T15:05:00+05:30,352,352.15,351.6,352.05,415847
2026-08-27T15:10:00+05:30,352.1,352.3,351.05,351.5,433446
2026-08-28T09:15:00+05:30,352,352.05,350.05,350.3,235806
2026-08-28T09:20:00+05:30,350.3,350.45,349.25,349.7,113363
2026-08-28T09:25:00+05:30,349.7,351.2,349.65,350.35,149466
2026-08-28T09:30:00+05:30,350.2,350.65,350,350.45,62991
2026-08-28T09:35:00+05:30,350.4,350.6,350.05,350.25,52617
2026-08-28T09:40:00+05:30,350.15,351.3,350.15,351,58230
2026-08-28T09:45:00+05:30,351,351.1,350.55,350.65,37924
2026-08-28T09:50:00+05:30,350.7,351,350.5,350.9,21364
2026-08-28T09:55:00+05:30,351,351.45,350.9,351.4,30269
2026-08-28T10:00:00+05:30,351.4,351.45,351,351.05,27180
2026-08-28T10:05:00+05:30,350.95,351.05,350.65,350.95,32189
2026-08-28T10:10:00+05:30,350.95,351.35,350.8,351.25,19722
2026-08-28T10:15:00+05:30,351.3,351.7,351.2,351.35,56676
2026-08-28T10:20:00+05:30,351.35,351.45,351,351.35,18293
2026-08-28T10:25:00+05:30,351.3,351.45,351.1,351.25,29403
2026-08-28T10:30:00+05:30,351.4,351.4,350.85,350.85,29927
2026-08-28T10:35:00+05:30,351,351,350.7,350.8,26227
2026-08-28T10:40:00+05:30,350.8,351.05,350.75,350.9,17035
2026-08-28T10:45:00+05:30,350.85,351.4,350.8,351.3,58753
2026-08-28T10:50:00+05:30,351.1,351.5,351.1,351.2,31885
2026-08-28T10:55:00+05:30,351.3,351.3,350.75,350.8,29969
2026-08-28T11:00:00+05:30,350.8,352.25,350.5,352.25,266772
2026-08-28T11:05:00+05:30,352.2,352.95,352,352.35,136750
2026-08-28T11:10:00+05:30,352.25,352.75,352.25,352.5,48522
2026-08-28T11:15:00+05:30,352.4,352.5,352.1,352.25,21350
2026-08-28T11:20:00+05:30,352.25,352.5,351.5,351.5,65182
2026-08-28T11:25:00+05:30,351.6,352.05,351.25,352,128487
2026-08-28T11:30:00+05:30,351.95,352.1,351.55,352.1,127913
2026-08-28T11:35:00+05:30,352.1,352.4,351.95,352.2,89228
2026-08-28T11:40:00+05:30,352.2,352.5,352.05,352.05,21929
2026-08-28T11:45:00+05:30,352.1,352.3,352,352.1,25944
2026-08-28T11:50:00+05:30,352.3,352.3,351.65,351.8,116881
2026-08-28T11:55:00+05:30,352,352,351.2,351.35,37615
2026-08-28T12:00:00+05:30,351.35,351.35,351.1,351.2,19665
2026-08-28T12:05:00+05:30,351.2,351.8,351.05,351.55,31002
2026-08-28T12:10:00+05:30,351.5,351.55,351.1,351.2,12705
2026-08-28T12:15:00+05:30,351.2,352.05,351.1,352.05,37319
2026-08-28T12:20:00+05:30,352.05,352.15,351.55,352,54699
2026-08-28T12:25:00+05:30,352,352.05,351.75,352,54152
2026-08-28T12:30:00+05:30,352,352.55,352,352.55,37541
2026-08-28T12:35:00+05:30,352.55,352.6,352.3,352.5,65064
2026-08-28T12:40:00+05:30,352.5,352.6,352.4,352.45,49040
2026-08-28T12:45:00+05:30,352.45,352.6,352.3,352.45,43591
2026-08-28T12:50:00+05:30,352.45,352.45,352.1,352.15,21015
2026-08-28T12:55:00+05:30,352.15,352.2,352,352.05,17094
2026-08-28T13:00:00+05:30,352.15,352.2,351.9,352.05,14131
2026-08-28T13:05:00+05:30,351.9,352.6,351.85,352.4,22747
2026-08-28T13:10:00+05:30,352.4,352.5,352.15,352.2,22065
2026-08-28T13:15:00+05:30,352.3,352.35,352.1,352.3,17718
2026-08-28T13:20:00+05:30,352.25,352.4,351.35,351.75,62845
2026-08-28T13:25:00+05:30,351.7,351.75,351.2,351.25,38165
2026-08-28T13:30:00+05:30,351.3,351.6,351.1,351.35,55147
2026-08-28T13:35:00+05:30,351.35,351.5,351.2,351.25,36178
2026-08-28T13:40:00+05:30,351.3,351.35,351.05,351.1,36862
2026-08-28T13:45:00+05:30,351.1,351.2,350.55,350.6,56784
2026-08-28T13:50:00+05:30,350.6,350.85,350.5,350.6,44131
2026-08-28T13:55:00+05:30,350.6,350.65,350.5,350.55,22078
2026-08-28T14:00:00+05:30,350.55,350.6,350.3,350.4,63644
2026-08-28T14:05:00+05:30,350.4,350.6,350.25,350.5,36113
2026-08-28T14:10:00+05:30,350.5,350.6,350.25,350.45,37732
2026-08-28T14:15:00+05:30,350.55,350.75,350.35,350.4,40991
2026-08-28T14:20:00+05:30,350.45,350.75,350.35,350.45,43022
2026-08-28T14:25:00+05:30,350.45,350.55,350.25,350.4,41712
2026-08-28T14:30:00+05:30,350.45,350.75,350.3,350.7,55920
2026-08-28T14:35:00+05:30,350.75,350.85,350.35,350.5,40723
2026-08-28T14:40:00+05:30,350.4,350.75,350.3,350.65,51532
2026-08-28T14:45:00+05:30,350.65,350.9,350.6,350.8,38801
2026-08-28T14:50:00+05:30,350.85,351.35,350.7,351,134022
2026-08-28T14:55:00+05:30,351.15,351.25,350.85,351.25,94797
2026-08-28T15:00:00+05:30,351.1,351.6,351,351.35,129016
2026-08-28T15:05:00+05:30,351.3,351.4,350.7,350.85,130916
2026-08-28T15:10:00+05:30,350.85,351.95,350.5,351.9,202244
2026-08-31T09:15:00+05:30,351.6,351.85,349.1,349.35,111828
2026-08-31T09:20:00+05:30,349.35,350.25,349.35,349.75,63892
2026-08-31T09:25:00+05:30,349.75,349.9,349.6,349.85,35070
2026-08-31T09:30:00+05:30,349.85,350.8,349.75,350.75,43215
2026-08-31T09:35:00+05:30,350.75,350.75,350.25,350.5,36181
2026-08-31T09:40:00+05:30,350.65,350.65,350.1,350.25,32057
2026-08-31T09:45:00+05:30,350.25,350.45,349.75,350.35,45265
2026-08-31T09:50:00+05:30,350.35,350.45,349.75,350,30229
2026-08-31T09:55:00+05:30,350,350,349.55,349.75,24907
2026-08-31T10:00:00+05:30,349.9,350.3,349.7,349.9,24802
2026-08-31T10:05:00+05:30,349.85,350.25,349.75,349.9,25452
2026-08-31T10:10:00+05:30,349.9,349.95,349.5,349.8,16389
2026-08-31T10:15:00+05:30,349.8,350,349.65,349.8,15061
2026-08-31T10:20:00+05:30,349.8,349.8,349.25,349.4,42808
2026-08-31T10:25:00+05:30,349.4,349.65,349.3,349.5,56665
2026-08-31T10:30:00+05:30,349.6,349.6,348.6,348.8,71641
2026-08-31T10:35:00+05:30,348.5,348.55,348.15,348.4,63831
2026-08-31T10:40:00+05:30,348.4,348.4,348,348.4,52592
2026-08-31T10:45:00+05:30,348.4,348.65,348.3,348.35,36525
2026-08-31T10:50:00+05:30,348.5,348.7,348.2,348.4,54069
2026-08-31T10:55:00+05:30,348.45,348.5,348.2,348.25,34908
2026-08-31T11:00:00+05:30,348.25,348.4,348,348,29903
2026-08-31T11:05:00+05:30,348.05,348.2,347.7,347.7,76943
2026-08-31T11:10:00+05:30,347.8,347.95,347.55,347.7,48180
2026-08-31T11:15:00+05:30,347.7,348.15,347.7,347.75,40609
2026-08-31T11:20:00+05:30,347.75,347.95,347.65,347.85,29617
2026-08-31T11:25:00+05:30,347.85,347.85,347.65,347.85,30484
2026-08-31T11:30:00+05:30,347.85,347.95,347.25,347.5,69419
2026-08-31T11:35:00+05:30,347.5,347.9,347.45,347.8,42754
2026-08-31T11:40:00+05:30,347.8,348.45,347.75,348.1,41064
2026-08-31T11:45:00+05:30,348.1,348.5,348,348.4,49643
2026-08-31T11:50:00+05:30,348.4,349.55,348.4,349.35,70486
2026-08-31T11:55:00+05:30,349.5,350.3,349.15,350,228274
2026-08-31T12:00:00+05:30,350,350.4,350,350.3,94218
2026-08-31T12:05:00+05:30,350.35,350.35,349.45,349.55,42732
2026-08-31T12:10:00+05:30,349.55,349.85,349.45,349.45,35530
2026-08-31T12:15:00+05:30,349.45,350.1,349.25,350,39805
2026-08-31T12:20:00+05:30,350.05,350.2,349.3,349.5,274114
2026-08-31T12:25:00+05:30,349.35,349.8,349.35,349.65,29295
2026-08-31T12:30:00+05:30,349.65,350.05,349.25,349.85,81119
2026-08-31T12:35:00+05:30,349.85,349.95,349.85,349.85,12440
2026-08-31T12:40:00+05:30,349.9,349.95,349.75,349.9,12295
2026-08-31T12:45:00+05:30,349.85,349.95,349.8,349.9,14704
2026-08-31T12:50:00+05:30,349.9,349.95,349.85,349.9,11496
2026-08-31T12:55:00+05:30,349.9,349.9,348.8,348.8,34793
2026-08-31T13:00:00+05:30,348.8,349.55,348.7,349.45,53127
2026-08-31T13:05:00+05:30,349.45,349.9,348.75,348.85,146796
2026-08-31T13:10:00+05:30,348.85,349,348.6,348.85,36214
2026-08-31T13:15:00+05:30,348.85,348.95,348.6,348.65,45476
2026-08-31T13:20:00+05:30,348.65,349.25,348.5,349.05,70215
2026-08-31T13:25:00+05:30,349,349.25,348.7,348.7,27304
2026-08-31T13:30:00+05:30,348.6,349.15,348.5,349,57909
2026-08-31T13:35:00+05:30,349,349.15,348.55,348.65,54408
2026-08-31T13:40:00+05:30,348.65,348.95,348.5,348.6,45882
2026-08-31T13:45:00+05:30,348.6,348.6,348.35,348.35,27912
2026-08-31T13:50:00+05:30,348.35,348.65,348.25,348.25,82732
2026-08-31T13:55:00+05:30,348.25,348.4,347.8,347.8,91074
2026-08-31T14:00:00+05:30,347.8,348.15,347.65,347.8,138763
2026-08-31T14:05:00+05:30,347.8,348.05,347.65,347.8,99153
2026-08-31T14:10:00+05:30,347.9,348,347.6,347.85,87950
2026-08-31T14:15:00+05:30,347.85,347.9,347.5,347.9,87099
2026-08-31T14:20:00+05:30,347.85,348.1,347.75,347.9,74830
2026-08-31T14:25:00+05:30,347.9,348.2,347.75,347.95,84764
2026-08-31T14:30:00+05:30,347.95,348.1,347.8,347.8,68280
2026-08-31T14:35:00+05:30,347.9,348.1,347.7,348,90159
2026-08-31T14:40:00+05:30,347.95,348.35,347.85,347.95,97304
2026-08-31T14:45:00+05:30,347.95,349.3,347.9,348.4,148259
2026-08-31T14:50:00+05:30,348.6,349.3,348.45,348.9,431141
2026-08-31T14:55:00+05:30,349,349.1,348.6,348.7,109216
2026-08-31T15:00:00+05:30,348.5,348.55,348.1,348.15,151409
2026-08-31T15:05:00+05:30,348.15,348.5,347.8,348.4,187698
2026-08-31T15:10:00+05:30,348.4,350.15,348.35,350,244946
2026-09-01T09:15:00+05:30,347.55,350,347.55,349.15,100098
2026-09-01T09:20:00+05:30,349.15,349.2,348.5,348.85,34050
2026-09-01T09:25:00+05:30,348.7,349.2,348.6,349.05,39474
2026-09-01T09:30:00+05:30,349.1,349.2,348.6,348.8,44342
2026-09-01T09:35:00+05:30,348.7,348.75,348.05,348.1,31912
2026-09-01T09:40:00+05:30,348.05,348.3,347.8,348.1,91052
2026-09-01T09:45:00+05:30,348,348.15,347.6,347.7,29080
2026-09-01T09:50:00+05:30,347.75,348.1,347.75,347.85,21964
2026-09-01T09:55:00+05:30,348,348.2,347.45,347.95,52938
2026-09-01T10:00:00+05:30,347.9,348.35,347.8,348.3,21993
2026-09-01T10:05:00+05:30,348.25,348.45,348,348.2,21510
2026-09-01T10:10:00+05:30,348.2,348.5,348.15,348.25,14943
2026-09-01T10:15:00+05:30,348.25,348.45,348,348.25,19743
2026-09-01T10:20:00+05:30,348.15,349,348.05,348.95,50808
2026-09-01T10:25:00+05:30,348.95,349.2,348.5,349.2,44916
2026-09-01T10:30:00+05:30,349.2,349.3,348.95,348.95,14208
2026-09-01T10:35:00+05:30,348.95,349.45,348.95,349.25,19672
2026-09-01T10:40:00+05:30,349.35,350,349.25,349.95,42904
2026-09-01T10:45:00+05:30,349.95,350.3,349.35,350.15,58511
2026-09-01T10:50:00+05:30,350.15,350.9,350.05,350.6,47810
2026-09-01T10:55:00+05:30,350.6,350.7,349.85,350.05,16195
2026-09-01T11:00:00+05:30,350,351.2,350,351.05,127745
2026-09-01T11:05:00+05:30,351.1,351.2,350.3,351.15,199008
2026-09-01T11:10:00+05:30,351.15,351.95,351,351.65,65443
2026-09-01T11:15:00+05:30,351.65,351.7,351.05,351.2,31582
2026-09-01T11:20:00+05:30,351.3,351.4,351.05,351.1,14150
2026-09-01T11:25:00+05:30,351.05,351.35,351.05,351.1,16657
2026-09-01T11:30:00+05:30,351.1,351.5,350.9,351.35,65147
2026-09-01T11:35:00+05:30,351.35,351.45,350.85,350.95,14525
2026-09-01T11:40:00+05:30,351,351.15,350.85,351.1,18007
2026-09-01T11:45:00+05:30,351.15,351.2,350.8,350.8,15066
2026-09-01T11:50:00+05:30,350.9,351.15,350.85,351.15,23841
2026-09-01T11:55:00+05:30,351.15,351.15,350.9,351,13434
2026-09-01T12:00:00+05:30,351.05,351.1,350.85,350.9,6903
2026-09-01T12:05:00+05:30,350.9,351.5,350.85,351.3,13528
2026-09-01T12:10:00+05:30,351.3,351.5,351.1,351.3,17085
2026-09-01T12:15:00+05:30,351.3,351.3,350.85,351,12858
2026-09-01T12:20:00+05:30,350.95,351,350.8,350.9,10371
2026-09-01T12:25:00+05:30,350.9,351,350.55,350.9,32024
2026-09-01T12:30:00+05:30,350.9,351.8,350.8,351.75,75342
2026-09-01T12:35:00+05:30,351.75,351.9,351.05,351.05,40270
2026-09-01T12:40:00+05:30,351.05,351.5,351.05,351.4,10544
2026-09-01T12:45:00+05:30,351.4,351.4,351.05,351.3,13979
2026-09-01T12:50:00+05:30,351.25,351.4,351.1,351.15,10030
2026-09-01T12:55:00+05:30,351.15,351.4,351.05,351.3,12523
2026-09-01T13:00:00+05:30,351.35,351.35,351,351.05,23937
2026-09-01T13:05:00+05:30,351.1,351.3,351,351.05,22654
2026-09-01T13:10:00+05:30,351.05,351.35,351.05,351.3,34675
2026-09-01T13:15:00+05:30,351.3,351.3,350.5,350.85,76291
2026-09-01T13:20:00+05:30,350.8,351.25,350.65,351.05,19745
2026-09-01T13:25:00+05:30,351.1,351.25,350.95,351.1,19128
2026-09-01T13:30:00+05:30,351.2,351.35,351,351.2,12217
2026-09-01T13:35:00+05:30,351.15,351.25,350.9,351,21130
2026-09-01T13:40:00+05:30,351,351.1,350.85,351,92129
2026-09-01T13:45:00+05:30,351,351.25,351,351,44714
2026-09-01T13:50:00+05:30,351,351.05,349.2,349.35,174620
2026-09-01T13:55:00+05:30,349.3,349.7,349,349.7,47065
2026-09-01T14:00:00+05:30,349.5,350.8,349.35,350.35,337110
2026-09-01T14:05:00+05:30,350.35,350.6,350.05,350.15,37537
2026-09-01T14:10:00+05:30,350.15,350.5,349.75,349.8,22583
2026-09-01T14:15:00+05:30,349.8,350,349.6,349.95,69221
2026-09-01T14:20:00+05:30,349.95,350.15,349.85,350,23884
2026-09-01T14:25:00+05:30,349.95,350.25,349.45,350.05,37175
2026-09-01T14:30:00+05:30,349.95,350.3,349.65,350.05,39575
2026-09-01T14:35:00+05:30,350.15,350.3,349.8,350.05,34864
2026-09-01T14:40:00+05:30,350,350.35,349.8,350.2,35602
2026-09-01T14:45:00+05:30,350.2,350.3,349.75,349.9,38683
2026-09-01T14:50:00+05:30,349.9,350.35,349.7,350,197055
2026-09-01T14:55:00+05:30,350,350.15,349.8,349.9,36516
2026-09-01T15:00:00+05:30,349.9,350.2,349.8,350.2,94018
2026-09-01T15:05:00+05:30,350.05,350.2,349.75,349.9,90722
2026-09-01T15:10:00+05:30,350,350,349.35,349.9,178272
2026-09-02T09:15:00+05:30,349,350.7,347.15,350.55,172052
2026-09-02T09:20:00+05:30,350.55,351.6,349.1,349.4,259918
2026-09-02T09:25:00+05:30,349.4,350.65,349.4,350.65,64404
2026-09-02T09:30:00+05:30,350.65,351.25,350.5,351,63529
2026-09-02T09:35:00+05:30,351.25,352.65,351.05,352.5,94914
2026-09-02T09:40:00+05:30,352.5,353.7,352.15,352.35,148151
2026-09-02T09:45:00+05:30,352.35,354.9,352.2,354.1,373989
2026-09-02T09:50:00+05:30,354.1,355.6,354,355.25,499780
2026-09-02T09:55:00+05:30,355.35,358.8,354.8,358.4,556735
2026-09-02T10:00:00+05:30,358.4,359.35,356.65,359.25,442133
2026-09-02T10:05:00+05:30,359.25,359.25,357.6,358.35,220399
2026-09-02T10:10:00+05:30,358.25,358.35,357.05,357.7,158230
2026-09-02T10:15:00+05:30,357.65,359,357.4,357.7,283521
2026-09-02T10:20:00+05:30,357.7,359.5,357.5,359.2,421305
2026-09-02T10:25:00+05:30,359.25,359.4,358.1,358.5,177963
2026-09-02T10:30:00+05:30,358.5,358.9,357.65,358.7,152194
2026-09-02T10:35:00+05:30,358.75,358.8,357.9,358.8,121594
2026-09-02T10:40:00+05:30,358.7,359.3,358.35,359,167634
2026-09-02T10:45:00+05:30,359.15,359.85,358.9,359.35,187388
2026-09-02T10:50:00+05:30,359.35,361,359.35,361,296480
2026-09-02T10:55:00+05:30,360.9,361,360.3,360.55,234207
2026-09-02T11:00:00+05:30,360.55,360.8,359.2,359.6,208955
2026-09-02T11:05:00+05:30,359.6,360.2,359.4,359.65,108880
2026-09-02T11:10:00+05:30,359.55,359.95,358.8,359.2,126118
2026-09-02T11:15:00+05:30,359.25,359.8,358.55,358.75,142567
2026-09-02T11:20:00+05:30,358.75,358.8,356.2,356.25,250469
2026-09-02T11:25:00+05:30,356.25,357.3,355.85,357.05,222953
2026-09-02T11:30:00+05:30,357.1,357.3,356.7,356.75,90185
2026-09-02T11:35:00+05:30,356.75,357.65,356.7,357.35,120907
2026-09-02T11:40:00+05:30,357.35,358.4,357.35,357.5,159977
2026-09-02T11:45:00+05:30,357.7,358,357.4,357.6,96483
2026-09-02T11:50:00+05:30,357.6,358.5,357.55,357.95,140307
2026-09-02T11:55:00+05:30,357.95,358.7,357.15,358.65,241040
2026-09-02T12:00:00+05:30,358.65,358.7,358,358.3,97362
2026-09-02T12:05:00+05:30,358.3,358.5,358.1,358.1,50620
2026-09-02T12:10:00+05:30,358.2,359.25,358.05,359.15,124788
2026-09-02T12:15:00+05:30,359.15,359.9,358.75,359.3,135279
2026-09-02T12:20:00+05:30,359.3,360.25,359.1,359.65,254013
2026-09-02T12:25:00+05:30,359.65,359.9,359.25,359.8,117154
2026-09-02T12:30:00+05:30,359.8,360,359.35,359.85,243099
2026-09-02T12:35:00+05:30,359.85,361.4,359.7,360.5,300878
2026-09-02T12:40:00+05:30,360.5,360.8,359.65,360.5,135902
2026-09-02T12:45:00+05:30,360.5,360.8,360.2,360.65,94801
2026-09-02T12:50:00+05:30,360.65,361,360.2,360.25,99125
2026-09-02T12:55:00+05:30,360.25,360.9,360.2,360.55,87926
2026-09-02T13:00:00+05:30,360.55,360.85,360.3,360.4,78157
2026-09-02T13:05:00+05:30,360.4,360.55,359.75,360,72870
2026-09-02T13:10:00+05:30,359.85,360.45,359.85,360.3,66539
2026-09-02T13:15:00+05:30,360.15,360.4,360,360.25,82124
2026-09-02T13:20:00+05:30,360.25,360.65,359.95,360.3,60461
2026-09-02T13:25:00+05:30,360.35,360.95,360.25,360.65,71635
2026-09-02T13:30:00+05:30,360.8,360.85,360.5,360.75,62920
2026-09-02T13:35:00+05:30,360.7,361,359.9,360,81679
2026-09-02T13:40:00+05:30,360,360.05,359.2,359.25,75836
2026-09-02T13:45:00+05:30,359.4,359.65,359.25,359.6,67677
2026-09-02T13:50:00+05:30,359.55,359.7,359,359.7,63450
2026-09-02T13:55:00+05:30,359.6,360.45,359.5,360.45,218867
2026-09-02T14:00:00+05:30,360.3,360.75,360.05,360.4,136183
2026-09-02T14:05:00+05:30,360.2,360.5,360.15,360.5,53351
2026-09-02T14:10:00+05:30,360.4,360.65,360.1,360.15,57248
2026-09-02T14:15:00+05:30,360.3,360.45,360.1,360.35,57718
2026-09-02T14:20:00+05:30,360.35,361,360.2,360.5,121538
2026-09-02T14:25:00+05:30,360.45,361.1,360.2,360.95,166017
2026-09-02T14:30:00+05:30,360.95,361.5,360.85,361.35,159117
2026-09-02T14:35:00+05:30,361.35,361.65,361.05,361.25,103960
2026-09-02T14:40:00+05:30,361.3,361.45,361,361.25,90949
2026-09-02T14:45:00+05:30,361.25,363.1,361.15,362.5,300947
2026-09-02T14:50:00+05:30,362.65,362.7,361.65,361.9,159719
2026-09-02T14:55:00+05:30,361.9,362.4,361.5,362,125910
2026-09-02T15:00:00+05:30,362,362.25,361.3,361.65,204298
2026-09-02T15:05:00+05:30,361.65,361.85,361.15,361.6,238432
2026-09-02T15:10:00+05:30,361.75,363.35,361.6,362.7,402674
2026-09-03T09:15:00+05:30,366.55,367.85,365,365,327878
2026-09-03T09:20:00+05:30,365.35,366.3,365.2,366,107124
2026-09-03T09:25:00+05:30,366.05,366.55,364.8,365.2,138507
2026-09-03T09:30:00+05:30,365.55,367.9,364.4,367.5,222572
2026-09-03T09:35:00+05:30,367.5,368.7,366.75,368,168406
2026-09-03T09:40:00+05:30,368,370.4,367.65,370.35,350390
2026-09-03T09:45:00+05:30,370.2,370.25,369.25,369.6,174210
2026-09-03T09:50:00+05:30,369.6,370.2,369.45,369.7,88160
2026-09-03T09:55:00+05:30,369.5,369.7,369.2,369.2,56015
2026-09-03T10:00:00+05:30,369.25,370.75,369.25,370,144611
2026-09-03T10:05:00+05:30,370,370,369.4,369.45,56623
2026-09-03T10:10:00+05:30,369.3,369.5,368.3,369,119216
2026-09-03T10:15:00+05:30,369,369,368.5,368.7,47099
2026-09-03T10:20:00+05:30,368.7,368.95,368.4,368.55,52536
2026-09-03T10:25:00+05:30,368.55,368.7,367.8,367.9,82912
2026-09-03T10:30:00+05:30,367.9,368,367.05,367.35,103586
2026-09-03T10:35:00+05:30,367.35,367.85,367.25,367.75,39197
2026-09-03T10:40:00+05:30,367.75,367.8,366.7,367.15,57651
2026-09-03T10:45:00+05:30,367.15,367.75,367.15,367.4,41041
2026-09-03T10:50:00+05:30,367.4,368.2,367.3,367.35,60317
2026-09-03T10:55:00+05:30,367.2,367.5,366.9,367.35,40201
2026-09-03T11:00:00+05:30,367.35,368.7,367.15,368.4,171410
2026-09-03T11:05:00+05:30,368.4,369.9,368.15,368.9,340052
2026-09-03T11:10:00+05:30,368.8,369.15,368.6,368.6,66885
2026-09-03T11:15:00+05:30,368.7,368.95,368.45,368.75,13237
2026-09-03T11:20:00+05:30,368.85,369.25,368.1,368.4,348901
2026-09-03T11:25:00+05:30,368.4,368.8,368.1,368.1,84960
2026-09-03T11:30:00+05:30,368.1,368.3,367.75,367.95,22368
2026-09-03T11:35:00+05:30,368.05,368.05,367.7,367.8,18625
2026-09-03T11:40:00+05:30,367.8,367.95,367.15,367.85,40149
2026-09-03T11:45:00+05:30,367.85,368.45,367.85,368.25,41059
2026-09-03T11:50:00+05:30,368.25,368.7,368.25,368.45,94552
2026-09-03T11:55:00+05:30,368.45,368.55,368.25,368.45,15684
2026-09-03T12:00:00+05:30,368.35,368.45,367.85,368.25,58208
2026-09-03T12:05:00+05:30,368.25,368.7,367.45,367.55,174033
2026-09-03T12:10:00+05:30,367.55,367.75,367.5,367.65,15751
2026-09-03T12:15:00+05:30,367.7,367.75,367.15,367.35,33512
2026-09-03T12:20:00+05:30,367.35,367.55,367,367.05,29527
2026-09-03T12:25:00+05:30,367.05,367.5,367,367.25,44476
2026-09-03T12:30:00+05:30,367.25,367.8,367.2,367.7,26548
2026-09-03T12:35:00+05:30,367.65,367.8,367.5,367.8,19705
2026-09-03T12:40:00+05:30,367.8,367.8,367.5,367.55,14534
2026-09-03T12:45:00+05:30,367.75,367.75,367.3,367.35,20486
2026-09-03T12:50:00+05:30,367.2,367.5,367.2,367.25,13573
2026-09-03T12:55:00+05:30,367.4,367.45,367.05,367.15,22810
2026-09-03T13:00:00+05:30,367.1,367.3,366.7,366.95,38181
2026-09-03T13:05:00+05:30,366.9,367,366.3,366.6,68175
2026-09-03T13:10:00+05:30,366.6,366.95,366.4,366.75,37080
2026-09-03T13:15:00+05:30,366.55,366.8,366.5,366.55,18166
2026-09-03T13:20:00+05:30,366.6,366.7,365.6,365.9,62316
2026-09-03T13:25:00+05:30,365.75,366.05,365.65,365.85,44056
2026-09-03T13:30:00+05:30,365.85,366.65,365.8,366.25,24375
2026-09-03T13:35:00+05:30,366.25,366.6,366,366.15,23742
2026-09-03T13:40:00+05:30,366.15,366.15,365.7,365.9,19545
2026-09-03T13:45:00+05:30,365.9,365.95,365.5,365.95,26378
2026-09-03T13:50:00+05:30,365.95,366.2,365.8,366,19708
2026-09-03T13:55:00+05:30,366,366.05,365.7,365.95,15582
2026-09-03T14:00:00+05:30,365.95,366,365.4,365.6,32654
2026-09-03T14:05:00+05:30,365.6,365.8,365.5,365.65,24379
2026-09-03T14:10:00+05:30,365.65,365.8,365.6,365.7,14876
2026-09-03T14:15:00+05:30,365.8,365.85,365.5,365.65,32974
2026-09-03T14:20:00+05:30,365.8,366.45,365.6,365.65,60073
2026-09-03T14:25:00+05:30,365.65,366.05,365.55,365.9,25254
2026-09-03T14:30:00+05:30,365.75,366.15,365.7,366,47298
2026-09-03T14:35:00+05:30,366,366.15,365.75,365.8,29735
2026-09-03T14:40:00+05:30,365.8,365.95,365.2,365.45,51342
2026-09-03T14:45:00+05:30,365.5,365.55,365.1,365.2,42943
2026-09-03T14:50:00+05:30,365.2,365.6,365.1,365.4,60702
2026-09-03T14:55:00+05:30,365.25,365.45,364.7,364.7,166017
2026-09-03T15:00:00+05:30,364.55,364.85,364,364.6,125497
2026-09-03T15:05:00+05:30,364.55,364.55,364,364.15,107661
2026-09-03T15:10:00+05:30,364.15,364.85,362.75,364.8,222281
2026-09-04T09:15:00+05:30,365.1,365.7,364.1,364.95,89281
2026-09-04T09:20:00+05:30,364.95,366.15,364.9,365.95,71461
2026-09-04T09:25:00+05:30,365.55,365.85,364.95,364.95,53845
2026-09-04T09:30:00+05:30,365,365.65,365,365.35,26343
2026-09-04T09:35:00+05:30,365.45,366.4,365.35,365.85,47069
2026-09-04T09:40:00+05:30,365.85,365.85,365.4,365.45,20216
2026-09-04T09:45:00+05:30,365.35,365.85,365.25,365.3,22025
2026-09-04T09:50:00+05:30,365.35,365.95,365.2,365.8,28354
2026-09-04T09:55:00+05:30,365.95,366,365.8,365.95,30552
2026-09-04T10:00:00+05:30,366,366.9,365.7,366.55,89141
2026-09-04T10:05:00+05:30,366.55,366.65,366.05,366.55,28823
2026-09-04T10:10:00+05:30,366.45,366.8,366.45,366.65,20326
2026-09-04T10:15:00+05:30,366.5,366.65,366.4,366.5,20336
2026-09-04T10:20:00+05:30,366.5,366.9,366.35,366.65,35879
2026-09-04T10:25:00+05:30,366.65,366.75,366.35,366.4,9109
2026-09-04T10:30:00+05:30,366.5,366.5,366,366,21675
2026-09-04T10:35:00+05:30,366.1,366.3,365.65,366.3,25335
2026-09-04T10:40:00+05:30,366.3,366.5,366.2,366.35,40244
2026-09-04T10:45:00+05:30,366.35,366.45,365.8,366.2,28236
2026-09-04T10:50:00+05:30,366.35,366.5,366.15,366.5,11079
2026-09-04T10:55:00+05:30,366.5,367.5,366.35,367.25,86994
2026-09-04T11:00:00+05:30,367.3,367.4,366.95,367.05,45627
2026-09-04T11:05:00+05:30,367.05,367.35,367,367.3,13437
2026-09-04T11:10:00+05:30,367.3,367.3,367,367.15,19389
2026-09-04T11:15:00+05:30,367.15,367.25,367.05,367.15,13841
2026-09-04T11:20:00+05:30,367.2,367.4,367.05,367.2,24983
2026-09-04T11:25:00+05:30,367.2,367.35,367,367.15,22530
2026-09-04T11:30:00+05:30,367.15,367.25,367,367.1,12991
2026-09-04T11:35:00+05:30,367.25,367.5,367.05,367.2,12904
2026-09-04T11:40:00+05:30,367.15,367.2,366.9,367.1,24001
2026-09-04T11:45:00+05:30,367.1,367.3,366.6,366.95,165727
2026-09-04T11:50:00+05:30,366.95,367.1,365.95,366.55,343231
2026-09-04T11:55:00+05:30,366.55,367,366.45,366.45,18300
2026-09-04T12:00:00+05:30,366.45,366.55,366.25,366.25,18389
2026-09-04T12:05:00+05:30,366.25,366.45,366,366.15,24899
2026-09-04T12:10:00+05:30,366.15,366.6,365.5,365.55,63962
2026-09-04T12:15:00+05:30,365.55,366.45,365.55,366.3,148038
2026-09-04T12:20:00+05:30,366.45,366.45,366,366.05,38736
2026-09-04T12:25:00+05:30,365.6,366,365.45,366,134658
2026-09-04T12:30:00+05:30,365.85,366,365.75,365.75,16543
2026-09-04T12:35:00+05:30,365.75,366.25,365.7,365.8,11733
2026-09-04T12:40:00+05:30,365.95,366.6,365.8,366.25,119313
2026-09-04T12:45:00+05:30,366.25,366.5,366.15,366.3,12040
2026-09-04T12:50:00+05:30,366.3,366.45,366.05,366.25,8073
2026-09-04T12:55:00+05:30,366.25,366.25,365.75,365.85,12272
2026-09-04T13:00:00+05:30,365.8,365.9,365.55,365.75,18153
2026-09-04T13:05:00+05:30,365.75,366.3,365.75,366.2,14936
2026-09-04T13:10:00+05:30,366.2,367.35,366.1,367.2,43843
2026-09-04T13:15:00+05:30,367.2,367.25,367.05,367.25,22501
2026-09-04T13:20:00+05:30,367.05,367.35,367,367.25,15535
2026-09-04T13:25:00+05:30,367.3,367.5,367.15,367.15,16251
2026-09-04T13:30:00+05:30,367.15,367.75,367.1,367.6,46457
2026-09-04T13:35:00+05:30,367.6,368.5,367.5,368.35,102465
2026-09-04T13:40:00+05:30,368.3,368.4,368.1,368.25,19908
2026-09-04T13:45:00+05:30,368.25,368.3,368,368.05,19086
2026-09-04T13:50:00+05:30,368.2,368.25,368,368.15,14748
2026-09-04T13:55:00+05:30,368.05,368.15,367.85,368,16713
2026-09-04T14:00:00+05:30,368.1,368.25,367.9,368.2,30978
2026-09-04T14:05:00+05:30,368.2,368.3,367.9,368,18765
2026-09-04T14:10:00+05:30,368,368.1,367.8,367.85,73786
2026-09-04T14:15:00+05:30,367.95,368.1,367.8,368.05,20536
2026-09-04T14:20:00+05:30,368.05,368.35,368,368.1,56448
2026-09-04T14:25:00+05:30,368.35,368.35,368.15,368.25,22221
2026-09-04T14:30:00+05:30,368.35,368.4,367.85,368.05,38406
2026-09-04T14:35:00+05:30,368.2,368.2,368,368,20671
2026-09-04T14:40:00+05:30,368.1,368.15,367.6,367.75,37098
2026-09-04T14:45:00+05:30,367.6,368,367.6,367.85,18405
2026-09-04T14:50:00+05:30,368,368,367.65,367.8,55561
2026-09-04T14:55:00+05:30,367.9,367.95,367.65,367.75,49715
2026-09-04T15:00:00+05:30,367.75,367.8,367.1,367.2,258722
2026-09-04T15:05:00+05:30,367.2,367.25,366.55,366.95,117188
2026-09-04T15:10:00+05:30,366.95,367,365.8,366.15,133942
2026-09-07T09:15:00+05:30,366.9,369.8,365.25,365.65,88833
2026-09-07T09:20:00+05:30,365.4,366.15,364.6,364.65,67829
2026-09-07T09:25:00+05:30,364.65,365.45,364.65,365.05,28369
2026-09-07T09:30:00+05:30,365.1,365.7,365.1,365.5,27281
2026-09-07T09:35:00+05:30,365.55,366.5,365.3,366,23915
2026-09-07T09:40:00+05:30,366,366.45,365.8,365.8,33609
2026-09-07T09:45:00+05:30,365.8,366.1,365.5,365.55,44014
2026-09-07T09:50:00+05:30,365.65,365.7,365.35,365.55,22960
2026-09-07T09:55:00+05:30,365.35,366.9,365.35,366.5,39823
2026-09-07T10:00:00+05:30,366.45,366.55,365.95,366,26823
2026-09-07T10:05:00+05:30,366,366,364,364.4,579823
2026-09-07T10:10:00+05:30,364.4,364.55,363.8,364.25,523288
2026-09-07T10:15:00+05:30,364.25,364.8,363.85,364.3,58219
2026-09-07T10:20:00+05:30,364.3,365,364.3,364.75,22106
2026-09-07T10:25:00+05:30,364.75,365.6,364.35,365.5,60839
2026-09-07T10:30:00+05:30,365.55,366.25,365.45,366,59943
2026-09-07T10:35:00+05:30,365.9,365.95,365.55,365.55,37763
2026-09-07T10:40:00+05:30,365.75,365.75,365.2,365.5,25282
2026-09-07T10:45:00+05:30,365.5,365.6,365.3,365.4,11466
2026-09-07T10:50:00+05:30,365.2,365.5,365.05,365.2,16351
2026-09-07T10:55:00+05:30,365.05,365.9,365.05,365.9,20773
2026-09-07T11:00:00+05:30,365.9,365.95,365.5,365.5,23498
2026-09-07T11:05:00+05:30,365.5,365.85,365.35,365.4,15608
2026-09-07T11:10:00+05:30,365.55,365.9,365.35,365.8,23834
2026-09-07T11:15:00+05:30,365.8,365.8,365.2,365.45,19452
2026-09-07T11:20:00+05:30,365.3,366.95,365.3,366.25,161654
2026-09-07T11:25:00+05:30,366.25,366.4,365.85,366.15,19527
2026-09-07T11:30:00+05:30,366.15,366.3,365.75,366.1,11926
2026-09-07T11:35:00+05:30,366,366.2,365.8,366.15,12298
2026-09-07T11:40:00+05:30,366.15,366.15,365.75,365.75,10036
2026-09-07T11:45:00+05:30,365.95,366.6,365.8,365.8,146599
2026-09-07T11:50:00+05:30,365.95,366.1,365.75,365.8,8090
2026-09-07T11:55:00+05:30,365.8,366,365.6,365.8,14469
2026-09-07T12:00:00+05:30,365.8,365.8,365.25,365.45,5063
2026-09-07T12:05:00+05:30,365.45,365.8,365.1,365.6,34441
2026-09-07T12:10:00+05:30,365.6,365.6,365.1,365.1,32964
2026-09-07T12:15:00+05:30,365.1,365.3,365.1,365.2,9651
2026-09-07T12:20:00+05:30,365.2,365.55,364.85,364.95,40149
2026-09-07T12:25:00+05:30,364.95,364.95,363.95,364.15,77072
2026-09-07T12:30:00+05:30,364.15,364.5,363.55,364.35,173455
2026-09-07T12:35:00+05:30,364.35,364.35,363.65,363.75,58954
2026-09-07T12:40:00+05:30,363.75,364.05,363.65,363.95,65785
2026-09-07T12:45:00+05:30,363.95,364,363.6,363.9,54772
2026-09-07T12:50:00+05:30,363.8,363.95,363.35,363.8,72713
2026-09-07T12:55:00+05:30,363.7,363.85,363.35,363.75,58183
2026-09-07T13:00:00+05:30,363.85,364,363.45,363.8,101286
2026-09-07T13:05:00+05:30,363.75,364.05,363.5,363.75,79639
2026-09-07T13:10:00+05:30,363.75,364.05,363.5,363.8,60622
2026-09-07T13:15:00+05:30,363.7,364.05,363.4,363.4,80992
2026-09-07T13:20:00+05:30,363.65,364.05,363.5,363.7,67734
2026-09-07T13:25:00+05:30,363.7,363.75,363.35,363.65,49744
2026-09-07T13:30:00+05:30,363.65,363.85,363,363.65,110106
2026-09-07T13:35:00+05:30,363.65,363.8,363.4,363.55,66304
2026-09-07T13:40:00+05:30,363.7,363.9,363.45,363.75,63578
2026-09-07T13:45:00+05:30,363.8,364.15,363.55,363.95,71924
2026-09-07T13:50:00+05:30,364.15,364.25,363.7,364.1,66710
2026-09-07T13:55:00+05:30,364.15,364.8,363.9,364.35,73729
2026-09-07T14:00:00+05:30,364.35,364.75,364.15,364.75,49575
2026-09-07T14:05:00+05:30,364.55,364.75,364.2,364.35,53801
2026-09-07T14:10:00+05:30,364.5,364.75,364.35,364.65,61699
2026-09-07T14:15:00+05:30,364.7,364.85,364.05,364.05,50660
2026-09-07T14:20:00+05:30,364.05,364.6,364.05,364.55,55904
2026-09-07T14:25:00+05:30,364.55,365.35,364.15,365.3,74662
2026-09-07T14:30:00+05:30,365.4,365.5,365.05,365.2,26580
2026-09-07T14:35:00+05:30,365.05,365.25,364.35,364.7,27043
2026-09-07T14:40:00+05:30,364.7,364.75,364.3,364.35,15232
2026-09-07T14:45:00+05:30,364.35,364.6,364.35,364.55,18750
2026-09-07T14:50:00+05:30,364.4,365.45,364.3,364.55,92023
2026-09-07T14:55:00+05:30,364.35,364.75,364.35,364.6,36031
2026-09-07T15:00:00+05:30,364.55,364.75,364.1,364.6,116602
2026-09-07T15:05:00+05:30,364.5,364.55,364.15,364.4,73130
2026-09-07T15:10:00+05:30,364.4,365,364,365,179698
2026-09-08T09:15:00+05:30,364.65,365.45,363.3,363.7,55886
2026-09-08T09:20:00+05:30,363.7,363.7,362.85,363.3,39412
2026-09-08T09:25:00+05:30,363.4,363.65,363.1,363.3,36187
2026-09-08T09:30:00+05:30,363.1,364,362.85,363.65,44549
2026-09-08T09:35:00+05:30,363.65,363.8,363.35,363.55,12190
2026-09-08T09:40:00+05:30,363.5,363.6,363,363,17381
2026-09-08T09:45:00+05:30,363,363.35,363,363.3,26213
2026-09-08T09:50:00+05:30,363.3,363.55,363.1,363.15,15461
2026-09-08T09:55:00+05:30,363.2,363.35,362.85,363,27226
2026-09-08T10:00:00+05:30,363,363.2,362.65,362.85,24494
2026-09-08T10:05:00+05:30,362.9,363.1,362.6,363,21139
2026-09-08T10:10:00+05:30,363.1,363.6,362.8,363.6,21463
2026-09-08T10:15:00+05:30,363.6,363.75,363.25,363.35,25293
2026-09-08T10:20:00+05:30,363.35,363.75,363.3,363.55,18506
2026-09-08T10:25:00+05:30,363.55,363.65,363.1,363.3,15778
2026-09-08T10:30:00+05:30,363.2,363.3,363,363.2,9929
2026-09-08T10:35:00+05:30,363.2,363.2,362.7,362.9,12671
2026-09-08T10:40:00+05:30,362.9,362.95,362.7,362.9,19972
2026-09-08T10:45:00+05:30,362.9,363.8,362.7,363.7,118816
2026-09-08T10:50:00+05:30,363.7,363.7,363,363.2,7925
2026-09-08T10:55:00+05:30,363.2,363.2,362.65,362.9,15199
2026-09-08T11:00:00+05:30,362.9,362.9,362.25,362.75,43552
2026-09-08T11:05:00+05:30,362.7,363.25,362.55,363.1,7524
2026-09-08T11:10:00+05:30,363.1,363.5,363,363.5,10966
2026-09-08T11:15:00+05:30,363.5,363.75,363.3,363.75,41512
2026-09-08T11:20:00+05:30,363.75,363.95,363.35,363.35,17012
2026-09-08T11:25:00+05:30,363.35,363.75,363.35,363.55,10678
2026-09-08T11:30:00+05:30,363.7,363.75,363.3,363.5,5653
2026-09-08T11:35:00+05:30,363.5,363.65,363.35,363.4,6033
2026-09-08T11:40:00+05:30,363.4,363.65,363.4,363.55,8513
2026-09-08T11:45:00+05:30,363.45,363.8,363.2,363.2,7624
2026-09-08T11:50:00+05:30,363.2,363.2,362.9,362.95,10520
2026-09-08T11:55:00+05:30,362.95,363.15,362.7,362.75,6727
2026-09-08T12:00:00+05:30,362.75,362.95,362.7,362.75,13373
2026-09-08T12:05:00+05:30,362.75,362.85,362.6,362.7,11984
2026-09-08T12:10:00+05:30,362.65,362.85,362.65,362.8,9395
2026-09-08T12:15:00+05:30,362.8,362.8,362.65,362.8,6763
2026-09-08T12:20:00+05:30,362.8,363.2,362.65,363.1,12802
2026-09-08T12:25:00+05:30,363.1,363.45,363.05,363.4,17819
2026-09-08T12:30:00+05:30,363.4,363.7,363.15,363.45,9404
2026-09-08T12:35:00+05:30,363.45,363.55,363.3,363.3,12244
2026-09-08T12:40:00+05:30,363.3,366,363.3,365.6,301757
2026-09-08T12:45:00+05:30,365.6,365.7,365.05,365.05,15821
2026-09-08T12:50:00+05:30,365.25,365.3,365.05,365.1,12572
2026-09-08T12:55:00+05:30,365.3,365.5,365.2,365.25,9508
2026-09-08T13:00:00+05:30,365.25,365.6,365.1,365.1,13343
2026-09-08T13:05:00+05:30,365.2,365.2,364.4,364.6,79652
2026-09-08T13:10:00+05:30,364.8,364.95,364.5,364.7,19930
2026-09-08T13:15:00+05:30,364.75,364.95,364.65,364.8,7556
2026-09-08T13:20:00+05:30,364.8,364.8,364.2,364.25,18320
2026-09-08T13:25:00+05:30,364.4,364.45,364.1,364.3,14468
2026-09-08T13:30:00+05:30,364.35,364.45,364.1,364.2,16277
2026-09-08T13:35:00+05:30,364.2,364.55,364.05,364.5,20455
2026-09-08T13:40:00+05:30,364.5,364.55,364.1,364.15,17062
2026-09-08T13:45:00+05:30,364.1,364.25,363.95,363.95,5990
2026-09-08T13:50:00+05:30,363.9,364.05,363.6,363.7,15751
2026-09-08T13:55:00+05:30,363.7,364.05,363.7,363.85,13744
2026-09-08T14:00:00+05:30,364.05,364.2,363.85,364.15,8588
2026-09-08T14:05:00+05:30,364.2,364.4,364.05,364.4,11585
2026-09-08T14:10:00+05:30,364.35,364.65,364.35,364.55,10761
2026-09-08T14:15:00+05:30,364.55,364.55,364.3,364.35,12497
2026-09-08T14:20:00+05:30,364.35,364.7,364.35,364.7,10250
2026-09-08T14:25:00+05:30,364.5,365.25,364.5,365.05,25177
2026-09-08T14:30:00+05:30,365.25,365.6,365.05,365.35,24440
2026-09-08T14:35:00+05:30,365.35,365.55,364.8,365.2,22927
2026-09-08T14:40:00+05:30,365.1,365.45,364.6,364.9,20712
2026-09-08T14:45:00+05:30,364.95,365,364.7,364.95,15061
2026-09-08T14:50:00+05:30,365.05,365.8,364.5,364.65,115126
2026-09-08T14:55:00+05:30,364.65,366.1,364.55,366,247078
2026-09-08T15:00:00+05:30,366.05,367.2,366,367,511141
2026-09-08T15:05:00+05:30,367.05,367.05,365.7,365.95,164156
2026-09-08T15:10:00+05:30,365.95,366.15,364.05,364.1,172866
2026-09-09T09:15:00+05:30,364.1,365.35,363.15,365.25,63388
2026-09-09T09:20:00+05:30,365.25,367.25,365.15,367.25,106506
2026-09-09T09:25:00+05:30,367.25,368.15,366.75,367.5,109098
2026-09-09T09:30:00+05:30,367.5,370.8,367.35,370.2,288944
2026-09-09T09:35:00+05:30,370.2,371.75,369.35,371.75,222596
2026-09-09T09:40:00+05:30,371.75,372.8,371.05,371.75,201427
2026-09-09T09:45:00+05:30,371.75,372.75,371.15,371.25,175600
2026-09-09T09:50:00+05:30,371.25,371.4,370.8,370.85,121794
2026-09-09T09:55:00+05:30,370.85,371.1,370.25,370.3,103903
2026-09-09T10:00:00+05:30,370.2,371.15,370,370.75,92580
2026-09-09T10:05:00+05:30,370.6,373,370.6,372.9,151253
2026-09-09T10:10:00+05:30,372.75,373.2,372.35,372.35,166084
2026-09-09T10:15:00+05:30,372.5,373.45,372.5,373.45,152738
2026-09-09T10:20:00+05:30,373.25,373.7,372.1,372.1,129881
2026-09-09T10:25:00+05:30,372.1,372.5,371.7,372.35,62708
2026-09-09T10:30:00+05:30,372.4,372.45,371.6,371.85,47818
2026-09-09T10:35:00+05:30,371.85,371.85,370.75,370.95,75139
2026-09-09T10:40:00+05:30,371.1,371.15,370.7,370.8,53252
2026-09-09T10:45:00+05:30,370.75,371.15,370.3,370.3,54498
2026-09-09T10:50:00+05:30,370.5,371,370.5,370.75,48221
2026-09-09T10:55:00+05:30,370.75,370.95,370.5,370.55,24398
2026-09-09T11:00:00+05:30,370.7,370.95,370.5,370.6,22122
2026-09-09T11:05:00+05:30,370.5,370.5,369.55,369.75,76112
2026-09-09T11:10:00+05:30,369.75,369.85,369.1,369.1,59198
2026-09-09T11:15:00+05:30,369.15,369.6,369.1,369.5,35154
2026-09-09T11:20:00+05:30,369.45,369.7,369.05,369.05,25065
2026-09-09T11:25:00+05:30,369.15,369.45,369,369.3,27409
2026-09-09T11:30:00+05:30,369.2,370,369.2,370,29172
2026-09-09T11:35:00+05:30,370,371.1,369.8,370.85,79409
2026-09-09T11:40:00+05:30,370.9,371,370.5,370.7,72402
2026-09-09T11:45:00+05:30,370.7,370.8,370.3,370.45,28083
2026-09-09T11:50:00+05:30,370.35,370.35,370,370.25,44449
2026-09-09T11:55:00+05:30,370.25,370.5,370.05,370.5,43893
2026-09-09T12:00:00+05:30,370.7,370.9,370.2,370.45,63947
2026-09-09T12:05:00+05:30,370.45,370.6,370.15,370.45,49096
2026-09-09T12:10:00+05:30,370.5,370.8,370.45,370.5,38336
2026-09-09T12:15:00+05:30,370.7,370.75,370.35,370.5,24546
2026-09-09T12:20:00+05:30,370.4,370.8,370.3,370.75,41723
2026-09-09T12:25:00+05:30,370.75,371.1,370.6,371.05,32407
2026-09-09T12:30:00+05:30,371.05,371.1,370.2,370.85,50857
2026-09-09T12:35:00+05:30,370.85,371.55,370.85,371.4,87007
2026-09-09T12:40:00+05:30,371.45,371.6,370.95,371.05,22923
2026-09-09T12:45:00+05:30,371.05,371.65,371,371.65,24386
2026-09-09T12:50:00+05:30,371.65,371.7,371,371,53893
2026-09-09T12:55:00+05:30,371,371.55,370.9,371.3,27779
2026-09-09T13:00:00+05:30,371.3,371.6,370.85,371.1,52500
2026-09-09T13:05:00+05:30,371,371.7,371,371.45,41710
2026-09-09T13:10:00+05:30,371.5,371.55,371.05,371.05,24872
2026-09-09T13:15:00+05:30,371.1,371.35,371,371.05,17186
2026-09-09T13:20:00+05:30,371.05,371.2,370.9,371,20301
2026-09-09T13:25:00+05:30,371.1,371.25,370.9,371,16184
2026-09-09T13:30:00+05:30,371.15,371.15,370.8,370.8,16838
2026-09-09T13:35:00+05:30,370.9,371.15,370.8,370.8,22686
2026-09-09T13:40:00+05:30,370.8,370.95,369.35,369.5,240683
2026-09-09T13:45:00+05:30,369.5,369.9,369.45,369.85,22005
2026-09-09T13:50:00+05:30,369.85,369.85,368.8,369,62405
2026-09-09T13:55:00+05:30,369.15,369.15,368.8,369,42272
2026-09-09T14:00:00+05:30,369,369.45,368.9,368.95,104538
2026-09-09T14:05:00+05:30,368.95,369.8,368.9,369.5,150096
2026-09-09T14:10:00+05:30,369.5,369.55,369.2,369.35,33820
2026-09-09T14:15:00+05:30,369.3,369.7,369.3,369.55,23196
2026-09-09T14:20:00+05:30,369.65,369.8,368.25,368.55,199836
2026-09-09T14:25:00+05:30,368.55,368.7,368.3,368.55,30452
2026-09-09T14:30:00+05:30,368.65,368.7,368,368,75326
2026-09-09T14:35:00+05:30,368.05,368.05,367.55,367.75,44149
2026-09-09T14:40:00+05:30,367.75,367.95,367.55,367.65,48374
2026-09-09T14:45:00+05:30,367.75,368,367.6,367.95,21779
2026-09-09T14:50:00+05:30,367.75,367.9,367.45,367.5,36850
2026-09-09T14:55:00+05:30,367.4,367.85,367.1,367.4,79598
2026-09-09T15:00:00+05:30,367.25,367.4,366.55,366.75,113087
2026-09-09T15:05:00+05:30,366.55,367.4,366.15,367.35,214554
2026-09-09T15:10:00+05:30,367.3,367.95,367,367.95,258042
2026-09-10T09:15:00+05:30,369.7,369.7,367.8,368.3,193600
2026-09-10T09:20:00+05:30,368.3,368.75,367.35,367.55,84304
2026-09-10T09:25:00+05:30,367.6,368.35,367.55,367.95,37341
2026-09-10T09:30:00+05:30,367.95,367.95,367.05,367.25,30366
2026-09-10T09:35:00+05:30,367.25,367.35,366.45,366.65,22572
2026-09-10T09:40:00+05:30,366.65,367,366.25,366.95,36338
2026-09-10T09:45:00+05:30,366.9,367,366.35,366.7,18826
2026-09-10T09:50:00+05:30,366.75,366.95,366.6,366.7,22437
2026-09-10T09:55:00+05:30,366.8,367,366.5,366.6,25771
2026-09-10T10:00:00+05:30,366.6,366.75,366.4,366.65,11929
2026-09-10T10:05:00+05:30,366.65,366.95,366.3,366.5,31282
2026-09-10T10:10:00+05:30,366.6,366.6,366.05,366.3,15059
2026-09-10T10:15:00+05:30,366.2,366.8,366.1,366.5,26862
2026-09-10T10:20:00+05:30,366.5,366.55,366,366.25,18777
2026-09-10T10:25:00+05:30,366.3,366.45,366.1,366.25,18248
2026-09-10T10:30:00+05:30,366.25,366.45,366.1,366.4,8712
2026-09-10T10:35:00+05:30,366.4,366.75,366.3,366.6,12590
2026-09-10T10:40:00+05:30,366.55,366.75,366.55,366.6,8593
2026-09-10T10:45:00+05:30,366.7,366.85,366.4,366.5,21109
2026-09-10T10:50:00+05:30,366.5,366.5,365.8,365.8,18552
2026-09-10T10:55:00+05:30,366,366.15,365.75,366,13465
2026-09-10T11:00:00+05:30,366.1,367.55,366,367.55,53135
2026-09-10T11:05:00+05:30,367.35,367.6,367.1,367.4,24749
2026-09-10T11:10:00+05:30,367.4,367.75,367.3,367.7,16505
2026-09-10T11:15:00+05:30,367.75,367.8,367,367.15,24126
2026-09-10T11:20:00+05:30,367,367.15,366.25,366.35,65118
2026-09-10T11:25:00+05:30,366.35,367,366.05,366.35,332342
2026-09-10T11:30:00+05:30,366.4,366.5,365.9,365.95,15567
2026-09-10T11:35:00+05:30,366.1,366.45,366,366.3,28362
2026-09-10T11:40:00+05:30,366.15,366.35,365.85,365.9,25383
2026-09-10T11:45:00+05:30,366,366,365.8,365.85,14109
2026-09-10T11:50:00+05:30,365.95,366.25,365.8,365.85,54010
2026-09-10T11:55:00+05:30,365.85,365.9,365.8,365.9,4335
2026-09-10T12:00:00+05:30,365.85,366.2,365.8,365.9,22834
2026-09-10T12:05:00+05:30,366.05,366.05,365.85,365.95,6392
2026-09-10T12:10:00+05:30,365.85,366.3,365.85,365.9,28314
2026-09-10T12:15:00+05:30,366.05,366.75,366.05,366.6,29429
2026-09-10T12:20:00+05:30,366.75,366.95,366.6,366.85,15316
2026-09-10T12:25:00+05:30,366.85,366.9,366.7,366.85,10887
2026-09-10T12:30:00+05:30,366.85,366.85,366.65,366.8,5637
2026-09-10T12:35:00+05:30,366.8,367.05,366.65,367.05,39197
2026-09-10T12:40:00+05:30,367.05,367.05,366.7,366.75,98609
2026-09-10T12:45:00+05:30,366.75,367.05,366.65,367,24842
2026-09-10T12:50:00+05:30,367,367.05,367,367.05,11337
2026-09-10T12:55:00+05:30,367.05,367.05,366.3,366.4,84971
2026-09-10T13:00:00+05:30,366.4,366.4,366.05,366.25,12895
2026-09-10T13:05:00+05:30,366.25,366.8,366,366.8,20417
2026-09-10T13:10:00+05:30,366.6,366.9,366.5,366.9,14623
2026-09-10T13:15:00+05:30,366.9,366.9,366.55,366.55,9985
2026-09-10T13:20:00+05:30,366.55,367,366.5,366.9,30075
2026-09-10T13:25:00+05:30,366.75,366.9,366.5,366.5,20132
2026-09-10T13:30:00+05:30,366.6,366.65,366.5,366.6,8708
2026-09-10T13:35:00+05:30,366.6,366.8,366.5,366.75,9626
2026-09-10T13:40:00+05:30,366.75,366.75,366.5,366.55,4905
2026-09-10T13:45:00+05:30,366.55,366.65,366.5,366.5,8971
2026-09-10T13:50:00+05:30,366.55,366.75,366.5,366.5,6939
2026-09-10T13:55:00+05:30,366.55,366.55,366.2,366.35,26557
2026-09-10T14:00:00+05:30,366.4,366.6,366.35,366.4,12688
2026-09-10T14:05:00+05:30,366.4,366.75,366.35,366.6,7395
2026-09-10T14:10:00+05:30,366.45,366.6,366.35,366.4,6866
2026-09-10T14:15:00+05:30,366.45,366.5,366.35,366.35,8322
2026-09-10T14:20:00+05:30,366.35,366.8,366.35,366.8,17720
2026-09-10T14:25:00+05:30,366.8,366.8,366.6,366.6,12975
2026-09-10T14:30:00+05:30,366.75,366.85,366.5,366.75,10435
2026-09-10T14:35:00+05:30,366.55,366.75,366.35,366.5,9252
2026-09-10T14:40:00+05:30,366.35,366.5,366.05,366.3,84370
2026-09-10T14:45:00+05:30,366.2,366.6,366.1,366.6,17364
2026-09-10T14:50:00+05:30,366.7,366.7,365.7,365.85,270676
2026-09-10T14:55:00+05:30,365.95,365.95,365.5,365.7,51038
2026-09-10T15:00:00+05:30,365.7,365.75,364.05,364.05,204036
2026-09-10T15:05:00+05:30,364.35,364.7,363.95,364.3,123506
2026-09-10T15:10:00+05:30,364.25,365.15,364.05,364.55,85559
2026-09-11T09:15:00+05:30,364.8,364.8,362.95,364,87460
2026-09-11T09:20:00+05:30,364,364.6,363.5,364.6,57372
2026-09-11T09:25:00+05:30,364.6,364.85,363.2,363.5,35843
2026-09-11T09:30:00+05:30,363.55,363.9,363.2,363.5,36458
2026-09-11T09:35:00+05:30,363.5,364.05,363.5,363.8,38209
2026-09-11T09:40:00+05:30,363.75,363.9,363.5,363.75,32212
2026-09-11T09:45:00+05:30,363.75,363.75,363.3,363.75,15572
2026-09-11T09:50:00+05:30,363.8,363.95,363.6,363.85,11869
2026-09-11T09:55:00+05:30,363.75,364.2,363.65,363.8,57268
2026-09-11T10:00:00+05:30,363.95,364.75,363.8,364.35,28464
2026-09-11T10:05:00+05:30,364.35,365.3,364.2,364.95,64555
2026-09-11T10:10:00+05:30,364.85,365.05,364.6,364.85,37462
2026-09-11T10:15:00+05:30,365.05,365.3,364.7,365.3,9497
2026-09-11T10:20:00+05:30,365.15,365.95,365.15,365.45,24202
2026-09-11T10:25:00+05:30,365.45,365.5,364.8,364.95,20956
2026-09-11T10:30:00+05:30,364.95,365.9,364.75,365.9,18972
2026-09-11T10:35:00+05:30,365.65,365.8,365.5,365.7,9420
2026-09-11T10:40:00+05:30,365.65,365.85,365.6,365.8,10866
2026-09-11T10:45:00+05:30,365.9,366,365.1,365.25,10560
2026-09-11T10:50:00+05:30,365.25,365.35,364.7,364.85,19738
2026-09-11T10:55:00+05:30,364.85,364.95,364.65,364.75,4257
2026-09-11T11:00:00+05:30,364.75,364.95,364.6,364.85,15094
2026-09-11T11:05:00+05:30,364.85,365,364.7,364.9,20980
2026-09-11T11:10:00+05:30,364.9,365.4,364.75,365.2,18428
2026-09-11T11:15:00+05:30,365.25,365.65,365.05,365.45,13790
2026-09-11T11:20:00+05:30,365.45,365.45,364.8,365,11687
2026-09-11T11:25:00+05:30,365,365,364.55,364.55,15173
2026-09-11T11:30:00+05:30,364.65,364.7,364.5,364.6,5893
2026-09-11T11:35:00+05:30,364.55,364.7,364.5,364.65,9845
2026-09-11T11:40:00+05:30,364.7,365,364.55,364.9,11047
2026-09-11T11:45:00+05:30,365,365,364.6,364.7,8534
2026-09-11T11:50:00+05:30,364.7,364.7,364.3,364.6,7894
2026-09-11T11:55:00+05:30,364.6,364.7,364.4,364.55,5036
2026-09-11T12:00:00+05:30,364.6,364.85,364.45,364.7,3949
2026-09-11T12:05:00+05:30,364.6,364.75,364.55,364.55,4743
2026-09-11T12:10:00+05:30,364.55,364.65,364.1,364.3,11620
2026-09-11T12:15:00+05:30,364.3,364.45,364.05,364.2,23995
2026-09-11T12:20:00+05:30,364.2,364.65,364.05,364.65,8456
2026-09-11T12:25:00+05:30,364.65,364.75,364.4,364.6,10082
2026-09-11T12:30:00+05:30,364.6,364.9,364.5,364.6,5620
2026-09-11T12:35:00+05:30,364.6,364.8,364.45,364.65,10912
2026-09-11T12:40:00+05:30,364.65,364.9,364.65,364.85,3820
2026-09-11T12:45:00+05:30,364.65,364.9,364.6,364.85,8362
2026-09-11T12:50:00+05:30,364.85,365,364.8,364.85,8592
2026-09-11T12:55:00+05:30,364.85,365.45,364.85,365,32933
2026-09-11T13:00:00+05:30,365,365.25,364.7,365.1,13559
2026-09-11T13:05:00+05:30,365.1,365.55,365,365.55,119802
2026-09-11T13:10:00+05:30,365.55,366.25,365.45,366,52727
2026-09-11T13:15:00+05:30,366,366.45,365.95,366,41439
2026-09-11T13:20:00+05:30,366,366.05,365.7,365.8,24483
2026-09-11T13:25:00+05:30,365.8,365.85,365.65,365.7,4770
2026-09-11T13:30:00+05:30,365.7,366.7,365.65,366.5,56587
2026-09-11T13:35:00+05:30,366.5,366.55,365.7,366.25,179648
2026-09-11T13:40:00+05:30,366.25,366.5,365.45,366.05,26001
2026-09-11T13:45:00+05:30,366.2,366.6,365.9,366.3,7333
2026-09-11T13:50:00+05:30,366.3,367,366.3,366.55,12371
2026-09-11T13:55:00+05:30,366.35,367,366.35,366.65,19406
2026-09-11T14:00:00+05:30,366.65,367.2,366.35,367.2,31167
2026-09-11T14:05:00+05:30,367.2,367.2,366.8,366.9,19180
2026-09-11T14:10:00+05:30,367,367,366.55,366.65,17615
2026-09-11T14:15:00+05:30,366.65,367.3,366.6,367.15,35719
2026-09-11T14:20:00+05:30,367.1,367.15,366.7,367,65653
2026-09-11T14:25:00+05:30,367,367.2,367,367.2,11847
2026-09-11T14:30:00+05:30,367.1,367.35,367,367.1,19074
2026-09-11T14:35:00+05:30,367,367.4,367,367.2,15585
2026-09-11T14:40:00+05:30,367.1,367.2,366.55,367,78432
2026-09-11T14:45:00+05:30,367,367,366.25,366.45,126599
2026-09-11T14:50:00+05:30,366.45,366.55,365.9,366,72791
2026-09-11T14:55:00+05:30,365.95,366.15,365.75,365.9,98552
2026-09-11T15:00:00+05:30,365.95,366.1,365.5,365.6,75492
2026-09-11T15:05:00+05:30,365.65,366.15,365.5,366.05,96192
2026-09-11T15:10:00+05:30,366.1,366.8,365,366.8,107819
2026-09-15T09:15:00+05:30,375,377.65,368.75,370.2,541725
2026-09-15T09:20:00+05:30,370.25,372,369.85,369.9,210266
2026-09-15T09:25:00+05:30,369.9,370,369.15,369.5,105257
2026-09-15T09:30:00+05:30,369.5,370,369.3,369.8,77906
