date,open,high,low,close,volume
2026-06-08T09:15:00+05:30,1431.9,1452.3,1424.1,1434.8,121699
2026-06-08T09:20:00+05:30,1434.4,1435.5,1425.2,1426.1,35126
2026-06-08T09:25:00+05:30,1426.1,1428.8,1422,1428.7,53395
2026-06-08T09:30:00+05:30,1427.5,1432.7,1427.5,1429.4,18508
2026-06-08T09:35:00+05:30,1429.1,1430.8,1425.1,1427.3,95321
2026-06-08T09:40:00+05:30,1427.7,1428.5,1425,1428.5,20553
2026-06-08T09:45:00+05:30,1428.3,1436.3,1428.3,1432.4,29550
2026-06-08T09:50:00+05:30,1432.4,1436,1430.6,1434.4,12268
2026-06-08T09:55:00+05:30,1434.3,1439.2,1433.6,1438.5,22149
2026-06-08T10:00:00+05:30,1439.1,1441.1,1437.9,1439,17206
2026-06-08T10:05:00+05:30,1438.4,1442.6,1438.3,1441.5,11806
2026-06-08T10:10:00+05:30,1441.9,1445.2,1440.8,1444.5,16716
2026-06-08T10:15:00+05:30,1444.5,1446.3,1442.6,1445.2,13814
2026-06-08T10:20:00+05:30,1444.8,1447.2,1444.5,1446.5,7872
2026-06-08T10:25:00+05:30,1446.5,1446.6,1444.5,1445.1,9255
2026-06-08T10:30:00+05:30,1445.1,1457.1,1444.8,1453.5,37637
2026-06-08T10:35:00+05:30,1453.5,1460.1,1452.9,1458.1,30035
2026-06-08T10:40:00+05:30,1458.1,1463,1456.6,1457.5,48717
2026-06-08T10:45:00+05:30,1457.9,1459.7,1455.8,1456.7,14312
2026-06-08T10:50:00+05:30,1456.9,1457.6,1455.2,1455.5,10524
2026-06-08T10:55:00+05:30,1455.5,1457.1,1453.5,1456.4,9929
2026-06-08T11:00:00+05:30,1457,1457.7,1454.4,1455.2,9638
2026-06-08T11:05:00+05:30,1455.6,1455.8,1453.6,1454.2,7861
2026-06-08T11:10:00+05:30,1454.2,1454.5,1453.2,1453.3,7631
2026-06-08T11:15:00+05:30,1453.7,1459.2,1451.3,1458.5,44726
2026-06-08T11:20:00+05:30,1459,1461.1,1458.1,1460.3,34952
2026-06-08T11:25:00+05:30,1459.8,1460.1,1458.1,1458.2,27517
2026-06-08T11:30:00+05:30,1458.2,1464.9,1458.1,1463.4,31609
2026-06-08T11:35:00+05:30,1464.1,1465.9,1462,1464.8,12706
2026-06-08T11:40:00+05:30,1465.2,1466.4,1464,1465.6,16800
2026-06-08T11:45:00+05:30,1465.5,1468.7,1464.9,1467.9,20504
2026-06-08T11:50:00+05:30,1467.9,1467.9,1463.1,1463.5,17288
2026-06-08T11:55:00+05:30,1463.5,1464.5,1462.1,1463.7,13654
2026-06-08T12:00:00+05:30,1463.7,1465.9,1462.8,1465.4,8621
2026-06-08T12:05:00+05:30,1465.4,1466.8,1464.4,1465.8,11178
2026-06-08T12:10:00+05:30,1465.8,1465.8,1463.3,1463.4,8198
2026-06-08T12:15:00+05:30,1463.8,1465.9,1462.4,1465.6,11080
2026-06-08T12:20:00+05:30,1465.9,1467.7,1464.8,1467.7,12972
2026-06-08T12:25:00+05:30,1467.7,1468.8,1467.2,1467.9,17729
2026-06-08T12:30:00+05:30,1467.9,1468,1466.4,1467.9,29422
2026-06-08T12:35:00+05:30,1467.5,1467.5,1465.9,1467.5,39283
2026-06-08T12:40:00+05:30,1467.5,1470.3,1467.2,1470.1,22557
2026-06-08T12:45:00+05:30,1469.8,1470.6,1469.8,1470.2,18136
2026-06-08T12:50:00+05:30,1470.2,1472.8,1469.8,1471.8,36081
2026-06-08T12:55:00+05:30,1471.9,1472.2,1468.7,1469,52118
2026-06-08T13:00:00+05:30,1468.7,1469.4,1465.1,1467.7,163238
2026-06-08T13:05:00+05:30,1467.8,1469.4,1462,1463.2,108894
2026-06-08T13:10:00+05:30,1463,1465.6,1461.9,1463.5,48310
2026-06-08T13:15:00+05:30,1463.8,1463.9,1461.1,1461.6,25679
2026-06-08T13:20:00+05:30,1461.8,1462,1460.2,1461.9,11686
2026-06-08T13:25:00+05:30,1461.9,1462,1459.9,1461.6,17647
2026-06-08T13:30:00+05:30,1461.8,1462,1460.4,1461.6,7050
2026-06-08T13:35:00+05:30,1461.6,1461.8,1460.6,1461.4,8839
2026-06-08T13:40:00+05:30,1461.5,1461.5,1459.6,1459.8,7250
2026-06-08T13:45:00+05:30,1459.8,1461.6,1458.9,1461.2,13825
2026-06-08T13:50:00+05:30,1460.7,1463.2,1460.7,1462.5,30933
2026-06-08T13:55:00+05:30,1462.9,1464.8,1460.5,1464.3,18062
2026-06-08T14:00:00+05:30,1464.7,1466.8,1463.9,1465.1,33856
2026-06-08T14:05:00+05:30,1465.3,1466.3,1464.2,1465,10985
2026-06-08T14:10:00+05:30,1465.4,1465.5,1463.3,1464.2,12449
2026-06-08T14:15:00+05:30,1463.7,1465.9,1463,1465.4,13303
2026-06-08T14:20:00+05:30,1465.9,1467.4,1464.3,1467,31080
2026-06-08T14:25:00+05:30,1466.9,1467.3,1466.1,1466.9,57243
2026-06-08T14:30:00+05:30,1467,1467.9,1466.8,1466.9,74759
2026-06-08T14:35:00+05:30,1466.9,1468.5,1466.8,1467,49716
2026-06-08T14:40:00+05:30,1467.4,1467.9,1466.9,1467.4,36144
2026-06-08T14:45:00+05:30,1467.4,1468.3,1465,1465.4,41555
2026-06-08T14:50:00+05:30,1465.9,1469.3,1465.2,1468.1,34439
2026-06-08T14:55:00+05:30,1468.1,1469.9,1467.5,1469.2,32078
2026-06-08T15:00:00+05:30,1469,1469,1465,1466.6,103441
2026-06-08T15:05:00+05:30,1466.7,1466.7,1463.4,1465.9,136446
2026-06-08T15:10:00+05:30,1465.9,1466.6,1464.8,1465.7,87429
2026-06-08T15:15:00+05:30,1465.7,1465.8,1461.9,1462.6,32002
2026-06-08T15:20:00+05:30,1462.6,1464,1460.5,1461.8,32463
2026-06-08T15:25:00+05:30,1461.8,1463.6,1460.2,1462,34760
2026-06-09T09:15:00+05:30,1478.1,1479.9,1454.9,1463.9,73242
2026-06-09T09:20:00+05:30,1464,1464.4,1460.1,1461.4,30074
2026-06-09T09:25:00+05:30,1461.7,1462.1,1458.5,1460.1,28982
2026-06-09T09:30:00+05:30,1460.1,1462.9,1456.3,1458.8,29361
2026-06-09T09:35:00+05:30,1458.8,1459.4,1451.4,1451.5,21081
2026-06-09T09:40:00+05:30,1451.8,1452.3,1448.3,1448.8,19555
2026-06-09T09:45:00+05:30,1448.6,1449.8,1446.4,1449.3,16495
2026-06-09T09:50:00+05:30,1449.8,1453.6,1448.9,1449.8,18699
2026-06-09T09:55:00+05:30,1448.8,1450.4,1448.2,1448.9,10120
2026-06-09T10:00:00+05:30,1449,1450,1445.2,1445.2,16489
2026-06-09T10:05:00+05:30,1445.2,1447.2,1440.7,1443.1,36394
2026-06-09T10:10:00+05:30,1443.4,1443.4,1440.1,1441.8,12085
2026-06-09T10:15:00+05:30,1441.8,1443.1,1439.8,1442.4,14906
2026-06-09T10:20:00+05:30,1442.5,1443.5,1440.8,1442.3,13653
2026-06-09T10:25:00+05:30,1442.5,1443.7,1442,1442,7860
2026-06-09T10:30:00+05:30,1442.5,1442.5,1439.4,1441.1,14956
2026-06-09T10:35:00+05:30,1441.1,1442.8,1440.9,1442.4,9148
2026-06-09T10:40:00+05:30,1442.4,1443,1441.5,1442.4,10011
2026-06-09T10:45:00+05:30,1442.4,1444.2,1441.5,1441.9,15769
2026-06-09T10:50:00+05:30,1441.9,1442.5,1440.7,1442.2,6839
2026-06-09T10:55:00+05:30,1442.2,1443.7,1441.2,1442.7,11977
2026-06-09T11:00:00+05:30,1442.3,1443.2,1440.7,1440.7,7257
2026-06-09T11:05:00+05:30,1441,1451.7,1440.7,1450.4,36578
2026-06-09T11:10:00+05:30,1451,1451.3,1449,1449.8,11778
2026-06-09T11:15:00+05:30,1449.8,1451.2,1449.1,1450.3,8749
2026-06-09T11:20:00+05:30,1450.3,1450.8,1447.5,1447.7,12444
2026-06-09T11:25:00+05:30,1447.7,1448.7,1447.4,1447.9,5747
2026-06-09T11:30:00+05:30,1447.9,1449.5,1447.5,1448.8,5849
2026-06-09T11:35:00+05:30,1448.8,1450,1448.6,1449.6,5497
2026-06-09T11:40:00+05:30,1449.6,1450.2,1448.4,1450.2,6881
2026-06-09T11:45:00+05:30,1450.2,1453.6,1450.1,1451.8,20624
2026-06-09T11:50:00+05:30,1451.8,1452.2,1449.2,1449.3,8895
2026-06-09T11:55:00+05:30,1449.7,1451.6,1449.3,1450.4,5448
2026-06-09T12:00:00+05:30,1450.9,1453.2,1450.3,1451.6,5468
2026-06-09T12:05:00+05:30,1451.9,1451.9,1449.9,1451.9,4874
2026-06-09T12:10:00+05:30,1451.3,1451.8,1450.3,1450.9,3346
2026-06-09T12:15:00+05:30,1451.1,1451.1,1449.3,1449.4,3662
2026-06-09T12:20:00+05:30,1449.9,1450.5,1448.6,1449.9,7044
2026-06-09T12:25:00+05:30,1449.9,1450,1445.7,1445.9,13450
2026-06-09T12:30:00+05:30,1445.9,1447.6,1445.4,1447.6,10889
2026-06-09T12:35:00+05:30,1447.4,1447.8,1443.6,1444,9775
2026-06-09T12:40:00+05:30,1444,1444.6,1441.1,1441.9,9832
2026-06-09T12:45:00+05:30,1441.6,1443.7,1437.8,1440.5,23983
2026-06-09T12:50:00+05:30,1440.5,1441.3,1438.5,1438.5,10855
2026-06-09T12:55:00+05:30,1438.5,1440.5,1436.8,1439.4,18144
2026-06-09T13:00:00+05:30,1439.4,1440.1,1438.1,1439.6,7979
2026-06-09T13:05:00+05:30,1439.6,1440.4,1438.1,1438.1,16039
2026-06-09T13:10:00+05:30,1438.1,1438.9,1437.8,1438.9,6977
2026-06-09T13:15:00+05:30,1439.3,1440.1,1438,1438.2,10736
2026-06-09T13:20:00+05:30,1438.2,1439,1437.1,1437.5,10141
2026-06-09T13:25:00+05:30,1437.5,1438,1436,1436.6,12345
2026-06-09T13:30:00+05:30,1437,1438.3,1436.4,1436.6,9131
2026-06-09T13:35:00+05:30,1436.6,1438.3,1436.3,1437.1,14335
2026-06-09T13:40:00+05:30,1437.1,1438.8,1436.7,1438.3,10233
2026-06-09T13:45:00+05:30,1438.3,1438.6,1437.2,1438.1,9311
2026-06-09T13:50:00+05:30,1438.1,1438.2,1436.7,1436.7,9566
2026-06-09T13:55:00+05:30,1436.9,1439.4,1435.9,1438.2,18293
2026-06-09T14:00:00+05:30,1438.2,1438.3,1436.7,1437.6,9451
2026-06-09T14:05:00+05:30,1436.9,1437.9,1436.5,1436.5,12459
2026-06-09T14:10:00+05:30,1436.5,1437.7,1436.5,1437.4,11363
2026-06-09T14:15:00+05:30,1437.6,1439.8,1437.3,1439,14728
2026-06-09T14:20:00+05:30,1439,1442,1438.7,1442,28394
2026-06-09T14:25:00+05:30,1441.8,1443.6,1441.7,1442.5,17165
2026-06-09T14:30:00+05:30,1442.5,1443.5,1440.3,1441.2,19811
2026-06-09T14:35:00+05:30,1441.2,1442.4,1440.1,1442.4,13954
2026-06-09T14:40:00+05:30,1442.4,1443.4,1442,1443.3,22364
2026-06-09T14:45:00+05:30,1443.3,1444.3,1442.5,1443.5,18540
2026-06-09T14:50:00+05:30,1443.5,1444.7,1443.4,1444.7,18354
2026-06-09T14:55:00+05:30,1444.7,1446.5,1444.7,1446.4,19254
2026-06-09T15:00:00+05:30,1446.4,1446.4,1442,1443.5,62184
2026-06-09T15:05:00+05:30,1443.5,1446.5,1443.2,1445.9,47831
2026-06-09T15:10:00+05:30,1446,1446.8,1443.8,1446.1,51184
2026-06-09T15:15:00+05:30,1445.9,1449.1,1445.7,1448.1,58798
2026-06-09T15:20:00+05:30,1447.8,1449.2,1447.1,1447.7,44246
2026-06-09T15:25:00+05:30,1448.2,1448.8,1447.2,1448.8,45933
2026-06-10T09:15:00+05:30,1442.5,1448.4,1433.9,1445.9,39728
2026-06-10T09:20:00+05:30,1445.9,1447.2,1439.7,1443,24352
2026-06-10T09:25:00+05:30,1443.6,1444.2,1441.1,1441.6,19459
2026-06-10T09:30:00+05:30,1442,1444.2,1440.4,1443.4,17936
2026-06-10T09:35:00+05:30,1443.4,1444,1440.7,1440.8,13294
2026-06-10T09:40:00+05:30,1440.7,1446.7,1440.2,1445.8,16428
2026-06-10T09:45:00+05:30,1446.1,1458.4,1445.8,1457.1,41660
2026-06-10T09:50:00+05:30,1457.1,1458.1,1454,1454.8,24130
2026-06-10T09:55:00+05:30,1454.7,1458.1,1454.7,1455.2,11466
2026-06-10T10:00:00+05:30,1455.2,1456.1,1451.6,1452.6,16746
2026-06-10T10:05:00+05:30,1452.6,1453,1450.4,1451.1,8343
2026-06-10T10:10:00+05:30,1451.3,1451.3,1447.2,1448.2,15212
2026-06-10T10:15:00+05:30,1448.2,1454.2,1445.4,1454,28561
2026-06-10T10:20:00+05:30,1454,1455.2,1449,1449.3,16958
2026-06-10T10:25:00+05:30,1449.3,1451.4,1449.3,1450.2,6649
2026-06-10T10:30:00+05:30,1450.3,1450.3,1447.3,1448.7,14971
2026-06-10T10:35:00+05:30,1449,1450.4,1447.7,1448.1,10437
2026-06-10T10:40:00+05:30,1447.9,1449.3,1447.1,1448.6,4898
2026-06-10T10:45:00+05:30,1448.8,1449.3,1448.1,1448.9,5835
2026-06-10T10:50:00+05:30,1448.9,1449,1446.9,1447.2,5478
2026-06-10T10:55:00+05:30,1447.5,1448.4,1445.8,1447.2,9070
2026-06-10T11:00:00+05:30,1447.8,1448,1445.8,1447.1,5459
2026-06-10T11:05:00+05:30,1447.1,1453.2,1446.8,1452.6,9225
2026-06-10T11:10:00+05:30,1452.6,1453,1445.1,1445.3,15479
2026-06-10T11:15:00+05:30,1445.3,1447.1,1442.4,1442.4,16076
2026-06-10T11:20:00+05:30,1442.5,1445.1,1442.4,1444.1,12046
2026-06-10T11:25:00+05:30,1443.9,1445.7,1443.1,1445,14897
2026-06-10T11:30:00+05:30,1445,1445,1443.7,1443.8,10170
2026-06-10T11:35:00+05:30,1443.8,1446.2,1443.3,1444.7,16390
2026-06-10T11:40:00+05:30,1444.7,1445.5,1443.1,1443.6,11910
2026-06-10T11:45:00+05:30,1443.6,1443.9,1442.3,1443,15652
2026-06-10T11:50:00+05:30,1443.5,1445.3,1442.8,1443.1,10193
2026-06-10T11:55:00+05:30,1443.1,1449.9,1442.9,1449.2,42072
2026-06-10T12:00:00+05:30,1449.3,1450,1446.4,1447.5,11874
2026-06-10T12:05:00+05:30,1447.8,1447.8,1445.4,1446.1,10639
2026-06-10T12:10:00+05:30,1446.1,1448.6,1446.1,1448.3,12008
2026-06-10T12:15:00+05:30,1448.3,1448.3,1444.4,1444.6,8914
2026-06-10T12:20:00+05:30,1444.6,1445.1,1441.7,1441.7,11417
2026-06-10T12:25:00+05:30,1441.7,1444,1440.2,1441.5,20482
2026-06-10T12:30:00+05:30,1441.5,1442.6,1441.1,1441.6,12608
2026-06-10T12:35:00+05:30,1441.6,1442.8,1440.8,1440.9,11943
2026-06-10T12:40:00+05:30,1440.9,1441.4,1439.1,1440.6,17276
2026-06-10T12:45:00+05:30,1440.4,1442.2,1439.2,1441.1,15726
2026-06-10T12:50:00+05:30,1441.1,1444.7,1441.1,1443.2,18240
2026-06-10T12:55:00+05:30,1443,1445,1442.1,1445,17587
2026-06-10T13:00:00+05:30,1445,1446.6,1444.2,1445.5,10329
2026-06-10T13:05:00+05:30,1445.6,1445.6,1444,1445,5526
2026-06-10T13:10:00+05:30,1445.3,1445.3,1442.6,1443.5,9351
2026-06-10T13:15:00+05:30,1443.5,1445,1442.9,1444.1,9108
2026-06-10T13:20:00+05:30,1444.2,1444.5,1442.6,1442.6,8876
2026-06-10T13:25:00+05:30,1442.8,1446.6,1441.8,1446,8393
2026-06-10T13:30:00+05:30,1448.9,1449.7,1446.9,1447.4,13680
2026-06-10T13:35:00+05:30,1447.4,1447.9,1445.4,1446.8,7722
2026-06-10T13:40:00+05:30,1446.4,1447.3,1445.7,1446.2,8354
2026-06-10T13:45:00+05:30,1446.3,1447.4,1445.9,1447.3,6217
2026-06-10T13:50:00+05:30,1447.3,1448.2,1446.7,1447.3,7393
2026-06-10T13:55:00+05:30,1447.1,1448.8,1446.5,1448.8,5991
2026-06-10T14:00:00+05:30,1448.8,1450.1,1446.9,1449.9,6024
2026-06-10T14:05:00+05:30,1449.8,1451.3,1446.9,1447.1,13508
2026-06-10T14:10:00+05:30,1447.1,1447.5,1446.2,1446.7,5059
2026-06-10T14:15:00+05:30,1446.7,1447,1445.6,1445.7,6409
2026-06-10T14:20:00+05:30,1445.9,1448,1444.9,1446.9,5001
2026-06-10T14:25:00+05:30,1447,1447,1444,1444.3,6759
2026-06-10T14:30:00+05:30,1444.3,1445,1442.5,1444.6,8921
2026-06-10T14:35:00+05:30,1444.9,1445.6,1442.6,1442.8,9277
2026-06-10T14:40:00+05:30,1443.1,1444.4,1440.8,1442.3,12679
2026-06-10T14:45:00+05:30,1442.6,1442.6,1440.8,1441.4,12419
2026-06-10T14:50:00+05:30,1441.3,1443.9,1440.2,1440.8,12943
2026-06-10T14:55:00+05:30,1440.8,1442.1,1439.7,1440.8,16474
2026-06-10T15:00:00+05:30,1441.2,1441.2,1439.1,1439.5,32046
2026-06-10T15:05:00+05:30,1439.6,1443.2,1439.5,1442.2,27086
2026-06-10T15:10:00+05:30,1443.1,1443.8,1440.1,1440.2,21120
2026-06-10T15:15:00+05:30,1441.1,1442.8,1440.5,1442.4,27302
2026-06-10T15:20:00+05:30,1442.3,1443.2,1440.6,1440.8,32384
2026-06-10T15:25:00+05:30,1440.9,1443.4,1440.9,1441.5,21178
2026-06-11T09:15:00+05:30,1419.9,1431.1,1409.5,1409.5,62238
2026-06-11T09:20:00+05:30,1410.3,1412.1,1405.9,1408.3,38690
2026-06-11T09:25:00+05:30,1408.3,1412.2,1404,1410.8,41781
2026-06-11T09:30:00+05:30,1411,1411,1403.7,1404.5,27062
2026-06-11T09:35:00+05:30,1404,1414.6,1401.3,1413.3,64937
2026-06-11T09:40:00+05:30,1413.5,1422.1,1412.7,1418.2,38363
2026-06-11T09:45:00+05:30,1418.7,1425.7,1418,1424.6,26951
2026-06-11T09:50:00+05:30,1425.5,1426.8,1414.8,1420.3,55190
2026-06-11T09:55:00+05:30,1420,1421,1415.8,1416.3,50029
2026-06-11T10:00:00+05:30,1416.2,1419.6,1414.6,1416.3,37030
2026-06-11T10:05:00+05:30,1417,1420.9,1415.8,1420.5,29530
2026-06-11T10:10:00+05:30,1420.1,1422.9,1413.6,1413.8,52016
2026-06-11T10:15:00+05:30,1414.2,1419.3,1414.2,1419.2,22040
2026-06-11T10:20:00+05:30,1420.1,1421.1,1418.1,1418.5,47138
2026-06-11T10:25:00+05:30,1418.9,1430.2,1418.3,1425.2,48998
2026-06-11T10:30:00+05:30,1425.7,1434.4,1425.2,1428.3,45733
2026-06-11T10:35:00+05:30,1428.5,1428.9,1425.4,1426.3,28853
2026-06-11T10:40:00+05:30,1426.7,1430.3,1425.7,1427.5,21207
2026-06-11T10:45:00+05:30,1427.6,1428.9,1424.9,1425,20652
2026-06-11T10:50:00+05:30,1425.6,1427.9,1424,1426.7,14351
2026-06-11T10:55:00+05:30,1427.4,1429.3,1426.3,1426.8,18551
2026-06-11T11:00:00+05:30,1427.6,1429.7,1426,1428.2,31318
2026-06-11T11:05:00+05:30,1428.4,1430.3,1428.2,1428.5,12194
2026-06-11T11:10:00+05:30,1429.1,1429.7,1424.2,1424.3,22244
2026-06-11T11:15:00+05:30,1424.3,1426.7,1423.5,1425.8,18711
2026-06-11T11:20:00+05:30,1426.5,1428.8,1424.5,1425.2,21142
2026-06-11T11:25:00+05:30,1425.3,1425.5,1421.2,1423,22412
2026-06-11T11:30:00+05:30,1423.1,1439.8,1422.5,1439.8,55204
2026-06-11T11:35:00+05:30,1439.5,1441.1,1435.5,1437.5,44427
2026-06-11T11:40:00+05:30,1438.1,1439.3,1435.6,1438,15321
2026-06-11T11:45:00+05:30,1438.4,1441.1,1437.4,1440.4,19339
2026-06-11T11:50:00+05:30,1439.4,1442.6,1438.4,1439.4,29281
2026-06-11T11:55:00+05:30,1439.3,1444.4,1437.9,1442.9,31100
2026-06-11T12:00:00+05:30,1442.9,1443.4,1441,1441.3,10369
2026-06-11T12:05:00+05:30,1441.3,1442.1,1436.8,1436.8,17975
2026-06-11T12:10:00+05:30,1436.8,1437.7,1433.9,1434.6,18968
2026-06-11T12:15:00+05:30,1434.6,1437.4,1432.8,1432.9,15469
2026-06-11T12:20:00+05:30,1432.9,1434.6,1432.1,1432.1,12570
2026-06-11T12:25:00+05:30,1432.1,1432.7,1427.4,1428.2,18944
2026-06-11T12:30:00+05:30,1428.2,1429.6,1427.4,1428.7,10649
2026-06-11T12:35:00+05:30,1428.6,1430.9,1426.9,1428.7,12119
2026-06-11T12:40:00+05:30,1429.5,1429.5,1427.9,1427.9,12408
2026-06-11T12:45:00+05:30,1428,1428.2,1423.1,1423.1,22278
2026-06-11T12:50:00+05:30,1423.8,1425.4,1423.1,1423.3,12177
2026-06-11T12:55:00+05:30,1423.5,1426.2,1422.7,1426,19943
2026-06-11T13:00:00+05:30,1426.1,1427,1422.9,1423.6,14759
2026-06-11T13:05:00+05:30,1423.6,1423.6,1421.3,1422.2,14028
2026-06-11T13:10:00+05:30,1422.2,1423.2,1421,1421.9,11852
2026-06-11T13:15:00+05:30,1422.3,1424.6,1421.9,1422.1,11176
2026-06-11T13:20:00+05:30,1422.8,1423.3,1419.3,1420.9,10859
2026-06-11T13:25:00+05:30,1421.4,1421.5,1419.3,1420.4,10365
2026-06-11T13:30:00+05:30,1420.4,1422.5,1419.4,1420.1,15312
2026-06-11T13:35:00+05:30,1419.9,1420.2,1418.2,1419.2,15294
2026-06-11T13:40:00+05:30,1419.2,1420.8,1417.6,1418.1,12276
2026-06-11T13:45:00+05:30,1418.1,1421.3,1417.9,1419.1,11633
2026-06-11T13:50:00+05:30,1418.6,1419,1417.2,1418.6,12469
2026-06-11T13:55:00+05:30,1418.6,1421.2,1417.4,1419.5,13104
2026-06-11T14:00:00+05:30,1419.5,1422,1419.2,1421.7,14543
2026-06-11T14:05:00+05:30,1421.8,1421.9,1418,1418.4,13867
2026-06-11T14:10:00+05:30,1418.9,1420.1,1417.7,1419.3,11832
2026-06-11T14:15:00+05:30,1419.2,1420.9,1418.1,1420.8,13636
2026-06-11T14:20:00+05:30,1420.8,1421.8,1418.3,1419.6,15098
2026-06-11T14:25:00+05:30,1419.7,1424.2,1418.7,1422.6,20171
2026-06-11T14:30:00+05:30,1422.6,1429.6,1421.9,1428.6,55291
2026-06-11T14:35:00+05:30,1428.7,1429,1425.4,1428.3,38938
2026-06-11T14:40:00+05:30,1428.4,1429.3,1425.8,1426.7,19093
2026-06-11T14:45:00+05:30,1427.3,1428.7,1425.7,1427.5,24345
2026-06-11T14:50:00+05:30,1427.5,1428.3,1425.5,1425.9,27770
2026-06-11T14:55:00+05:30,1426.2,1426.2,1423.8,1425.4,21538
2026-06-11T15:00:00+05:30,1427,1428.7,1424.2,1425,46258
2026-06-11T15:05:00+05:30,1425,1426.8,1424.2,1426.3,59092
2026-06-11T15:10:00+05:30,1426,1428.7,1425.8,1428.6,64874
2026-06-11T15:15:00+05:30,1428,1430.5,1427.3,1430.2,74307
2026-06-11T15:20:00+05:30,1430.2,1430.5,1429,1430,66091
2026-06-11T15:25:00+05:30,1430,1432,1429.5,1429.8,46300
2026-06-12T09:15:00+05:30,1439.6,1441.1,1421.9,1423.7,56345
2026-06-12T09:20:00+05:30,1424.3,1427.4,1422.4,1422.4,21398
2026-06-12T09:25:00+05:30,1423.3,1423.4,1418.6,1419.3,20783
2026-06-12T09:30:00+05:30,1419.1,1420.9,1415.4,1420.9,22280
2026-06-12T09:35:00+05:30,1421.2,1421.5,1417.5,1418.7,30086
2026-06-12T09:40:00+05:30,1418.6,1421.2,1416.9,1419.2,17316
2026-06-12T09:45:00+05:30,1419,1419,1414.4,1416.4,16407
2026-06-12T09:50:00+05:30,1417.2,1417.2,1414.2,1415.2,13706
2026-06-12T09:55:00+05:30,1415.2,1418.2,1412.3,1415.6,41175
2026-06-12T10:00:00+05:30,1415.1,1415.6,1411.5,1412.1,11209
2026-06-12T10:05:00+05:30,1412.1,1413,1408.7,1410.3,14600
2026-06-12T10:10:00+05:30,1410.3,1412.8,1409.6,1411.8,14487
2026-06-12T10:15:00+05:30,1411.9,1413.3,1411.2,1413.2,12019
2026-06-12T10:20:00+05:30,1413.2,1417.1,1412.6,1416.9,18931
2026-06-12T10:25:00+05:30,1416.8,1416.8,1411.3,1412.3,40423
2026-06-12T10:30:00+05:30,1412.5,1412.5,1408.5,1410.2,30430
2026-06-12T10:35:00+05:30,1410.6,1412.1,1409.7,1410.7,10999
2026-06-12T10:40:00+05:30,1410.9,1413.3,1406.2,1411.8,45174
2026-06-12T10:45:00+05:30,1412.1,1412.6,1411,1411,11296
2026-06-12T10:50:00+05:30,1411.4,1411.4,1408.9,1410.1,11346
2026-06-12T10:55:00+05:30,1410.1,1410.6,1406.6,1406.8,18011
2026-06-12T11:00:00+05:30,1407.8,1409.2,1406.5,1406.9,18208
2026-06-12T11:05:00+05:30,1407.1,1412.3,1406.7,1411.4,66555
2026-06-12T11:10:00+05:30,1410.9,1412.2,1408.4,1408.7,40375
2026-06-12T11:15:00+05:30,1408.8,1409.5,1408,1408.4,12596
2026-06-12T11:20:00+05:30,1409.2,1409.3,1406.9,1407.6,7939
2026-06-12T11:25:00+05:30,1407.7,1408,1404.3,1404.8,32530
2026-06-12T11:30:00+05:30,1404.8,1406.5,1404.8,1405.5,9587
2026-06-12T11:35:00+05:30,1405.7,1406.1,1404.5,1405.5,19683
2026-06-12T11:40:00+05:30,1405.5,1406.8,1404.7,1405.2,18668
2026-06-12T11:45:00+05:30,1405.2,1405.9,1404.5,1405.6,10372
2026-06-12T11:50:00+05:30,1405.6,1406.5,1404.9,1405.8,9945
2026-06-12T11:55:00+05:30,1406.1,1406.3,1404.7,1404.9,6819
2026-06-12T12:00:00+05:30,1404.9,1405.3,1404.5,1404.5,7119
2026-06-12T12:05:00+05:30,1404.5,1404.9,1403.6,1403.6,16415
2026-06-12T12:10:00+05:30,1403.6,1404.6,1401.8,1403.8,29052
2026-06-12T12:15:00+05:30,1403.8,1406.5,1403.5,1404.2,12523
2026-06-12T12:20:00+05:30,1404.2,1405.6,1403.6,1403.6,12171
2026-06-12T12:25:00+05:30,1403.6,1404.4,1402.6,1402.8,17279
2026-06-12T12:30:00+05:30,1402.8,1403.2,1401.1,1401.1,22344
2026-06-12T12:35:00+05:30,1401.6,1401.6,1397,1397.7,52178
2026-06-12T12:40:00+05:30,1398.2,1398.5,1395.3,1395.3,17629
2026-06-12T12:45:00+05:30,1395.7,1395.7,1392.4,1392.9,33399
2026-06-12T12:50:00+05:30,1393.4,1394.9,1388.9,1393.9,40502
2026-06-12T12:55:00+05:30,1394,1395.6,1393,1393.8,22673
2026-06-12T13:00:00+05:30,1394.3,1394.7,1393.3,1394.2,10759
2026-06-12T13:05:00+05:30,1394.2,1395.4,1392.8,1393.7,9975
2026-06-12T13:10:00+05:30,1394.4,1395.1,1392.8,1393.6,14668
2026-06-12T13:15:00+05:30,1394,1395.2,1393.5,1393.6,12857
2026-06-12T13:20:00+05:30,1394,1394.3,1391.3,1391.8,16891
2026-06-12T13:25:00+05:30,1391.8,1397.6,1390.5,1394,49299
2026-06-12T13:30:00+05:30,1394.7,1395.8,1393,1393,19526
2026-06-12T13:35:00+05:30,1393.3,1398.2,1393.2,1397.8,36834
2026-06-12T13:40:00+05:30,1397.9,1399.5,1395.8,1396.4,27660
2026-06-12T13:45:00+05:30,1396.8,1399.3,1396.7,1398.3,25168
2026-06-12T13:50:00+05:30,1398.7,1398.7,1396.2,1397.7,22146
2026-06-12T13:55:00+05:30,1397.7,1398.2,1396.6,1397.1,22677
2026-06-12T14:00:00+05:30,1397.4,1399.9,1396.7,1397.5,55435
2026-06-12T14:05:00+05:30,1397.4,1398.8,1394,1394.8,80646
2026-06-12T14:10:00+05:30,1395,1397.1,1393.1,1396.6,52014
2026-06-12T14:15:00+05:30,1396.6,1396.6,1393.6,1395.5,42950
2026-06-12T14:20:00+05:30,1395.2,1396.7,1392.6,1394.4,40054
2026-06-12T14:25:00+05:30,1394.5,1394.7,1390.9,1393.9,76561
2026-06-12T14:30:00+05:30,1394.4,1395.7,1390.7,1391.8,101244
2026-06-12T14:35:00+05:30,1391.8,1392.8,1390.7,1391.8,59971
2026-06-12T14:40:00+05:30,1391.8,1392.4,1390.7,1391.9,84424
2026-06-12T14:45:00+05:30,1391.8,1393.1,1391.2,1392.6,39046
2026-06-12T14:50:00+05:30,1393,1393,1390.6,1391.2,69852
2026-06-12T14:55:00+05:30,1391.8,1394.2,1391.2,1393.3,138678
2026-06-12T15:00:00+05:30,1392.9,1394.5,1389.8,1393.8,62905
2026-06-12T15:05:00+05:30,1393.6,1395,1392.4,1393.5,30937
2026-06-12T15:10:00+05:30,1393.4,1393.5,1392.2,1392.9,33526
2026-06-12T15:15:00+05:30,1392.1,1394.2,1392,1392.3,72954
2026-06-12T15:20:00+05:30,1392.3,1394.1,1391.3,1393.7,67351
2026-06-12T15:25:00+05:30,1393.7,1397.7,1392.8,1396.8,66998
2026-06-15T09:15:00+05:30,1404.7,1417.9,1404.7,1407.8,70942
2026-06-15T09:20:00+05:30,1407.8,1410.3,1406.5,1410.2,17472
2026-06-15T09:25:00+05:30,1408.5,1408.8,1400.7,1405,20871
2026-06-15T09:30:00+05:30,1405.8,1406.5,1398.9,1401.2,20032
2026-06-15T09:35:00+05:30,1401.6,1401.6,1394.9,1397.7,30822
2026-06-15T09:40:00+05:30,1397.6,1399.2,1397,1399.1,12393
2026-06-15T09:45:00+05:30,1398.7,1399.2,1397.4,1398,18384
2026-06-15T09:50:00+05:30,1398.1,1398.7,1397.2,1398.1,6586
2026-06-15T09:55:00+05:30,1398.1,1398.7,1395.8,1397.2,12103
2026-06-15T10:00:00+05:30,1396.9,1398,1395.7,1397.7,12243
2026-06-15T10:05:00+05:30,1397.7,1397.7,1395.8,1396.5,6827
2026-06-15T10:10:00+05:30,1396.7,1397.2,1395.6,1395.7,16688
2026-06-15T10:15:00+05:30,1396.2,1398.3,1391.5,1396.6,96306
2026-06-15T10:20:00+05:30,1397,1398,1396.1,1397.4,10478
2026-06-15T10:25:00+05:30,1397.4,1399.6,1396.5,1399.1,7420
2026-06-15T10:30:00+05:30,1399.4,1399.6,1396.9,1398.6,8585
2026-06-15T10:35:00+05:30,1397.7,1398.8,1393.7,1395.3,77122
2026-06-15T10:40:00+05:30,1395.3,1398.7,1395.3,1398.5,17442
2026-06-15T10:45:00+05:30,1398.5,1398.7,1396.4,1396.6,7072
2026-06-15T10:50:00+05:30,1397.2,1398.2,1395.8,1398.2,20973
2026-06-15T10:55:00+05:30,1398.2,1407.6,1397.8,1404.2,79070
2026-06-15T11:00:00+05:30,1404.2,1404.6,1401,1401.3,21528
2026-06-15T11:05:00+05:30,1401.2,1406.2,1399.4,1405,21248
2026-06-15T11:10:00+05:30,1405.5,1411.1,1404.4,1407.6,29357
2026-06-15T11:15:00+05:30,1407.3,1407.9,1405.8,1406.3,10562
2026-06-15T11:20:00+05:30,1406.8,1408.3,1403.6,1404.5,5889
2026-06-15T11:25:00+05:30,1405.4,1406.5,1403.9,1403.9,9184
2026-06-15T11:30:00+05:30,1403.9,1403.9,1399.3,1400.1,11628
2026-06-15T11:35:00+05:30,1400,1402.6,1398.9,1402.5,20913
2026-06-15T11:40:00+05:30,1402.5,1402.6,1400.7,1401,6297
2026-06-15T11:45:00+05:30,1401,1401.7,1398.6,1401,12230
2026-06-15T11:50:00+05:30,1401,1401,1398.4,1399.5,8165
2026-06-15T11:55:00+05:30,1399.5,1400.8,1399.4,1399.6,7102
2026-06-15T12:00:00+05:30,1399.6,1401.5,1399.6,1401.1,53140
2026-06-15T12:05:00+05:30,1401.1,1401.6,1398.3,1398.9,7826
2026-06-15T12:10:00+05:30,1398.9,1399,1394.9,1396.2,27209
2026-06-15T12:15:00+05:30,1396.2,1396.6,1395.1,1395.3,12740
2026-06-15T12:20:00+05:30,1395.3,1395.6,1394.3,1394.6,28629
2026-06-15T12:25:00+05:30,1394.6,1395.2,1393.8,1394.6,39001
2026-06-15T12:30:00+05:30,1394.6,1395.8,1393.9,1395.6,61452
2026-06-15T12:35:00+05:30,1395.9,1396.3,1393.4,1394,56096
2026-06-15T12:40:00+05:30,1394.5,1394.5,1393,1393.8,21810
2026-06-15T12:45:00+05:30,1393.8,1395.4,1393.7,1395.3,30560
2026-06-15T12:50:00+05:30,1395.2,1396.4,1393.8,1394.1,33146
2026-06-15T12:55:00+05:30,1394.3,1396.2,1394,1395.7,51316
2026-06-15T13:00:00+05:30,1395.8,1396,1394.9,1395.5,8216
2026-06-15T13:05:00+05:30,1395.4,1396.2,1394.8,1396.2,9109
2026-06-15T13:10:00+05:30,1396.2,1398.7,1396.2,1396.9,88863
2026-06-15T13:15:00+05:30,1397.2,1397.4,1392.9,1392.9,24648
2026-06-15T13:20:00+05:30,1392.9,1393.6,1390.7,1390.7,25813
2026-06-15T13:25:00+05:30,1390.8,1391.2,1387.9,1389.9,29080
2026-06-15T13:30:00+05:30,1390.1,1391.1,1389.1,1389.5,23781
2026-06-15T13:35:00+05:30,1389.5,1390.8,1388.9,1389.2,53191
2026-06-15T13:40:00+05:30,1389.7,1390.8,1388.3,1389,11400
2026-06-15T13:45:00+05:30,1389.6,1389.7,1388.3,1388.9,6078
2026-06-15T13:50:00+05:30,1388.9,1389.9,1387.5,1388.7,24895
2026-06-15T13:55:00+05:30,1388.8,1391.2,1388.5,1391.1,9347
2026-06-15T14:00:00+05:30,1391.1,1392.7,1390.9,1391.3,21649
2026-06-15T14:05:00+05:30,1391.8,1392.6,1391,1391.5,10937
2026-06-15T14:10:00+05:30,1391.6,1391.8,1390.2,1391.1,23907
2026-06-15T14:15:00+05:30,1391.2,1391.6,1390.1,1391.2,12438
2026-06-15T14:20:00+05:30,1391.2,1391.8,1390.3,1391,16405
2026-06-15T14:25:00+05:30,1391,1391.5,1389.8,1390.7,10189
2026-06-15T14:30:00+05:30,1390.7,1391.8,1389.9,1390.5,7184
2026-06-15T14:35:00+05:30,1390.6,1391.6,1389.6,1389.9,16846
2026-06-15T14:40:00+05:30,1390.2,1390.5,1389.3,1390.1,11921
2026-06-15T14:45:00+05:30,1390.1,1390.4,1389,1389,13442
2026-06-15T14:50:00+05:30,1389.2,1389.9,1388,1389.7,14289
2026-06-15T14:55:00+05:30,1388.9,1390.9,1388.3,1388.7,18165
2026-06-15T15:00:00+05:30,1388.9,1390.5,1387.8,1389.3,67397
2026-06-15T15:05:00+05:30,1389.3,1390.8,1388.4,1389.9,29374
2026-06-15T15:10:00+05:30,1389.9,1389.9,1388.4,1389,34444
2026-06-15T15:15:00+05:30,1388.6,1390,1388.1,1388.9,61990
2026-06-15T15:20:00+05:30,1388.9,1389.9,1388.7,1389.4,39461
2026-06-15T15:25:00+05:30,1389.4,1391.9,1389,1390.8,40947
2026-06-16T09:15:00+05:30,1398.8,1404.4,1393.8,1403.9,32247
2026-06-16T09:20:00+05:30,1404.4,1406.9,1400.9,1400.9,25531
2026-06-16T09:25:00+05:30,1401.7,1403.2,1399.7,1402.7,17804
2026-06-16T09:30:00+05:30,1403,1410.3,1402.7,1408.6,56127
2026-06-16T09:35:00+05:30,1408.9,1412.2,1406.6,1410.7,47099
2026-06-16T09:40:00+05:30,1411,1411.8,1409.9,1410.3,18783
2026-06-16T09:45:00+05:30,1410.1,1410.1,1400.9,1402,25281
2026-06-16T09:50:00+05:30,1401.5,1404.1,1399.7,1403.6,23075
2026-06-16T09:55:00+05:30,1403.1,1403.5,1401.7,1402.6,7070
2026-06-16T10:00:00+05:30,1402.6,1405.6,1402.6,1404.1,14113
2026-06-16T10:05:00+05:30,1404.1,1405.5,1402.9,1405.2,8220
2026-06-16T10:10:00+05:30,1404.9,1406.5,1403.6,1406.5,6612
2026-06-16T10:15:00+05:30,1406.5,1410.3,1406.4,1409.4,13260
2026-06-16T10:20:00+05:30,1409.4,1415,1408.5,1412.5,38474
2026-06-16T10:25:00+05:30,1412.5,1416,1411.4,1412.7,27769
2026-06-16T10:30:00+05:30,1412.7,1418.8,1412.1,1413.3,42021
2026-06-16T10:35:00+05:30,1413.2,1415.2,1411.3,1412.3,16620
2026-06-16T10:40:00+05:30,1412.3,1413.3,1410,1411,7209
2026-06-16T10:45:00+05:30,1410.8,1411.8,1410.2,1410.7,6163
2026-06-16T10:50:00+05:30,1410.7,1410.7,1405,1405.6,10894
2026-06-16T10:55:00+05:30,1406,1408,1405.5,1407,10953
2026-06-16T11:00:00+05:30,1407,1407.8,1405.6,1406,5625
2026-06-16T11:05:00+05:30,1406.4,1407.5,1406,1406.1,3108
2026-06-16T11:10:00+05:30,1406.1,1406.1,1401.6,1402.3,15610
2026-06-16T11:15:00+05:30,1402.3,1403.5,1401.6,1401.6,7365
2026-06-16T11:20:00+05:30,1401.9,1403,1401.6,1402.6,6478
2026-06-16T11:25:00+05:30,1402.7,1403.3,1400.3,1401,6704
2026-06-16T11:30:00+05:30,1401,1401.5,1398.8,1399.9,13173
2026-06-16T11:35:00+05:30,1399.9,1400.4,1396,1396.9,10995
2026-06-16T11:40:00+05:30,1396.9,1398.1,1395.6,1396.3,7392
2026-06-16T11:45:00+05:30,1396,1398.3,1395.7,1398.3,6167
2026-06-16T11:50:00+05:30,1398.3,1398.7,1396,1396.7,6867
2026-06-16T11:55:00+05:30,1396.7,1397.5,1395,1397.1,8930
2026-06-16T12:00:00+05:30,1397.1,1397.2,1394.3,1395.1,9199
2026-06-16T12:05:00+05:30,1395.1,1395.3,1394.4,1394.9,4336
2026-06-16T12:10:00+05:30,1395,1395.9,1394.9,1395.4,5388
2026-06-16T12:15:00+05:30,1395.4,1396.1,1395.1,1395.4,3729
2026-06-16T12:20:00+05:30,1395.4,1396.1,1394.3,1395.6,5147
2026-06-16T12:25:00+05:30,1395.6,1397,1395.1,1396.5,5206
2026-06-16T12:30:00+05:30,1396.5,1397.6,1396.2,1397.6,6218
2026-06-16T12:35:00+05:30,1397.6,1400.7,1396.9,1397.8,6415
2026-06-16T12:40:00+05:30,1397.8,1398.2,1391.3,1392.7,30608
2026-06-16T12:45:00+05:30,1392.8,1393.5,1388.8,1392.1,120039
2026-06-16T12:50:00+05:30,1392.1,1393.2,1386.9,1387.7,104509
2026-06-16T12:55:00+05:30,1387.7,1390.6,1387.2,1390.6,20688
2026-06-16T13:00:00+05:30,1390.5,1390.6,1388.4,1389.4,9276
2026-06-16T13:05:00+05:30,1389.4,1392.3,1388.9,1392.3,6195
2026-06-16T13:10:00+05:30,1392.3,1393.6,1391.8,1393,9948
2026-06-16T13:15:00+05:30,1393,1393.8,1391.5,1392,6374
2026-06-16T13:20:00+05:30,1392,1393.7,1391.4,1393.1,4383
2026-06-16T13:25:00+05:30,1393.3,1394.2,1392.8,1393.5,7457
2026-06-16T13:30:00+05:30,1393.8,1395.3,1393.5,1395.1,21333
2026-06-16T13:35:00+05:30,1395.1,1396,1393.8,1395.2,16307
2026-06-16T13:40:00+05:30,1395.2,1396,1394.7,1395,5260
2026-06-16T13:45:00+05:30,1395,1396,1393.9,1395.2,3205
2026-06-16T13:50:00+05:30,1395.2,1397.7,1394.9,1397.7,9585
2026-06-16T13:55:00+05:30,1397.7,1400.1,1396.9,1398.8,12568
2026-06-16T14:00:00+05:30,1398.9,1400.3,1397.1,1400,29405
2026-06-16T14:05:00+05:30,1400,1402.6,1399.2,1401.7,51668
2026-06-16T14:10:00+05:30,1401.6,1406.1,1401.6,1405.4,330417
2026-06-16T14:15:00+05:30,1405.4,1405.6,1404.1,1405,8596
2026-06-16T14:20:00+05:30,1405,1405.5,1403.5,1405,36013
2026-06-16T14:25:00+05:30,1405,1406.3,1404.6,1405.8,7637
2026-06-16T14:30:00+05:30,1405.8,1406,1404.6,1405.4,11644
2026-06-16T14:35:00+05:30,1405.8,1407.2,1404.9,1407.2,68500
2026-06-16T14:40:00+05:30,1406.8,1408.9,1406.5,1406.5,110267
2026-06-16T14:45:00+05:30,1406.5,1409.3,1406.5,1409,44431
2026-06-16T14:50:00+05:30,1408.7,1409.8,1408.1,1409.2,13373
2026-06-16T14:55:00+05:30,1409.2,1409.2,1407.3,1408.1,7709
2026-06-16T15:00:00+05:30,1408.1,1409.6,1407.1,1409.3,27814
2026-06-16T15:05:00+05:30,1409.3,1409.7,1409.1,1409.4,17936
2026-06-16T15:10:00+05:30,1409.4,1410.2,1408.9,1409.9,22036
2026-06-16T15:15:00+05:30,1409.9,1410.1,1408.4,1408.8,73543
2026-06-16T15:20:00+05:30,1408.8,1410.7,1408.8,1409.3,38409
2026-06-16T15:25:00+05:30,1409.3,1414.2,1408.6,1413.3,98268
2026-06-17T09:15:00+05:30,1418.1,1430.5,1417.2,1428.9,154151
2026-06-17T09:20:00+05:30,1429.6,1430.5,1426,1427.9,72826
2026-06-17T09:25:00+05:30,1427.9,1428.6,1423.2,1427.2,40933
2026-06-17T09:30:00+05:30,1427.2,1432.3,1426.4,1430.4,62972
2026-06-17T09:35:00+05:30,1430.4,1437.2,1429.8,1435.3,79499
2026-06-17T09:40:00+05:30,1435.3,1435.3,1432.3,1433.3,38396
2026-06-17T09:45:00+05:30,1433.1,1433.7,1428.8,1431.4,51902
2026-06-17T09:50:00+05:30,1431.4,1431.4,1429.2,1430.1,26222
2026-06-17T09:55:00+05:30,1430.7,1431.3,1429.3,1430.1,18293
2026-06-17T10:00:00+05:30,1429.8,1430.2,1425.5,1427.8,42278
2026-06-17T10:05:00+05:30,1427.8,1430.2,1427.3,1429.1,20219
2026-06-17T10:10:00+05:30,1429.4,1432.3,1428.5,1428.8,31912
2026-06-17T10:15:00+05:30,1428.3,1429.5,1427.1,1428.7,23832
2026-06-17T10:20:00+05:30,1428.8,1429.3,1426.6,1428.7,8470
2026-06-17T10:25:00+05:30,1429.2,1431.3,1428.9,1429.9,16912
2026-06-17T10:30:00+05:30,1430.2,1431.2,1429.9,1430.9,7434
2026-06-17T10:35:00+05:30,1430.5,1430.9,1427.4,1428.4,14738
2026-06-17T10:40:00+05:30,1428.4,1430.7,1427.9,1430.1,12060
2026-06-17T10:45:00+05:30,1430.7,1430.8,1428.9,1430.7,8449
2026-06-17T10:50:00+05:30,1430.7,1433.7,1430.1,1431.8,18170
2026-06-17T10:55:00+05:30,1432.3,1432.7,1428.9,1430.4,17233
2026-06-17T11:00:00+05:30,1430.2,1430.2,1426.2,1428,34162
2026-06-17T11:05:00+05:30,1428.3,1429.2,1428,1429,8153
2026-06-17T11:10:00+05:30,1429.1,1432.8,1428.6,1431.2,73286
2026-06-17T11:15:00+05:30,1431,1431.3,1428.9,1429.8,14450
2026-06-17T11:20:00+05:30,1430.8,1431.1,1429.1,1430.6,6091
2026-06-17T11:25:00+05:30,1430,1431.3,1429.7,1431.1,17582
2026-06-17T11:30:00+05:30,1431,1432.1,1429.7,1431.8,19044
2026-06-17T11:35:00+05:30,1431.5,1432,1429.9,1430.4,8419
2026-06-17T11:40:00+05:30,1430.4,1431.4,1428.8,1429.6,7352
2026-06-17T11:45:00+05:30,1429.6,1429.9,1428.4,1429.8,13150
2026-06-17T11:50:00+05:30,1429.8,1430.6,1428.2,1429.5,19573
2026-06-17T11:55:00+05:30,1429.3,1430.1,1428,1429.4,13715
2026-06-17T12:00:00+05:30,1430,1430.4,1427.6,1430.4,17796
2026-06-17T12:05:00+05:30,1430.3,1430.8,1429.6,1430.7,8178
2026-06-17T12:10:00+05:30,1430.7,1432.2,1429.9,1432.1,7389
2026-06-17T12:15:00+05:30,1432.1,1432.8,1431.4,1432.7,12700
2026-06-17T12:20:00+05:30,1432.7,1434.7,1432.4,1432.5,15998
2026-06-17T12:25:00+05:30,1432.5,1434.1,1432.2,1433,9371
2026-06-17T12:30:00+05:30,1433,1433.2,1431.7,1431.9,9794
2026-06-17T12:35:00+05:30,1431.9,1432.8,1431.5,1432.2,9994
2026-06-17T12:40:00+05:30,1432.2,1435.5,1432.2,1435.2,21760
2026-06-17T12:45:00+05:30,1435.2,1437,1435.2,1436.7,13652
2026-06-17T12:50:00+05:30,1436.7,1438.8,1434.9,1437.1,100199
2026-06-17T12:55:00+05:30,1437.2,1439.3,1435.8,1439.2,16956
2026-06-17T13:00:00+05:30,1439.2,1439.4,1437.9,1438.6,14141
2026-06-17T13:05:00+05:30,1438.6,1438.6,1437.1,1437.6,10447
2026-06-17T13:10:00+05:30,1437.5,1437.6,1431.6,1432.3,48219
2026-06-17T13:15:00+05:30,1432.3,1432.8,1430.8,1432.8,15139
2026-06-17T13:20:00+05:30,1432.8,1433.6,1431.8,1432.6,27659
2026-06-17T13:25:00+05:30,1432.6,1432.8,1432.3,1432.6,7244
2026-06-17T13:30:00+05:30,1432.6,1432.8,1431.8,1432.6,11112
2026-06-17T13:35:00+05:30,1432.7,1435.5,1431.4,1433.9,15286
2026-06-17T13:40:00+05:30,1434,1434,1431.4,1432.8,17696
2026-06-17T13:45:00+05:30,1432.2,1432.8,1431.6,1431.8,9268
2026-06-17T13:50:00+05:30,1431.8,1431.8,1429.5,1430,11251
2026-06-17T13:55:00+05:30,1429.8,1430.5,1426.9,1427.7,28486
2026-06-17T14:00:00+05:30,1427.7,1428.6,1427.5,1427.8,29613
2026-06-17T14:05:00+05:30,1427.9,1427.9,1427.4,1427.9,10627
2026-06-17T14:10:00+05:30,1427.9,1427.9,1426.8,1427.7,10801
2026-06-17T14:15:00+05:30,1427.9,1428.5,1427.4,1427.9,17431
2026-06-17T14:20:00+05:30,1427.9,1428.5,1427.5,1427.8,15192
2026-06-17T14:25:00+05:30,1427.9,1427.9,1425.2,1425.2,21358
2026-06-17T14:30:00+05:30,1425.9,1426.8,1425.5,1426.5,11194
2026-06-17T14:35:00+05:30,1426.5,1426.7,1422.7,1424.2,96577
2026-06-17T14:40:00+05:30,1424.3,1425.8,1422.6,1425.8,38892
2026-06-17T14:45:00+05:30,1425.8,1428.2,1425.5,1426.9,30528
2026-06-17T14:50:00+05:30,1426.9,1427.8,1422.6,1424.1,64065
2026-06-17T14:55:00+05:30,1424.1,1427.8,1423.7,1427.4,19083
2026-06-17T15:00:00+05:30,1427.4,1427.9,1426.4,1427,34184
2026-06-17T15:05:00+05:30,1427.2,1427.8,1426.2,1427.7,25006
2026-06-17T15:10:00+05:30,1427.8,1427.9,1424.6,1425.9,60543
2026-06-17T15:15:00+05:30,1426,1427.5,1423.9,1425.7,68419
2026-06-17T15:20:00+05:30,1425.8,1426.3,1424.2,1424.5,50541
2026-06-17T15:25:00+05:30,1424.5,1425.9,1420.6,1420.7,58110
2026-06-18T09:15:00+05:30,1417.2,1417.2,1400.8,1407.9,98647
2026-06-18T09:20:00+05:30,1408.4,1408.8,1405.9,1408,29490
2026-06-18T09:25:00+05:30,1408.6,1408.7,1402.3,1406.4,65813
2026-06-18T09:30:00+05:30,1405.9,1408,1400.4,1403,41910
2026-06-18T09:35:00+05:30,1403,1404,1402.3,1403.2,22378
2026-06-18T09:40:00+05:30,1402.8,1406,1402.4,1402.6,20450
2026-06-18T09:45:00+05:30,1403,1405.5,1401.6,1404.6,21900
2026-06-18T09:50:00+05:30,1404.9,1407.3,1404.6,1405.9,14897
2026-06-18T09:55:00+05:30,1405.9,1407.4,1405.5,1407.3,12373
2026-06-18T10:00:00+05:30,1407.9,1408.2,1406.4,1408.1,10691
2026-06-18T10:05:00+05:30,1408,1415.2,1407.2,1415.2,36581
2026-06-18T10:10:00+05:30,1415.2,1421.9,1413.6,1413.8,37251
2026-06-18T10:15:00+05:30,1414.8,1416.1,1413.3,1413.7,14608
2026-06-18T10:20:00+05:30,1414,1414.7,1411.8,1414.4,11292
2026-06-18T10:25:00+05:30,1414.6,1417.4,1413.9,1416.9,11142
2026-06-18T10:30:00+05:30,1416.9,1418.1,1415.5,1416.8,19188
2026-06-18T10:35:00+05:30,1416.8,1417.9,1414.8,1415,15327
2026-06-18T10:40:00+05:30,1414.9,1420.1,1414.2,1418.7,21189
2026-06-18T10:45:00+05:30,1418.4,1421.2,1418.4,1420.8,22269
2026-06-18T10:50:00+05:30,1420.7,1421.5,1419.7,1420.3,8893
2026-06-18T10:55:00+05:30,1420.5,1421.1,1419.6,1420.4,7564
2026-06-18T11:00:00+05:30,1420.4,1423,1420.1,1422.8,9478
2026-06-18T11:05:00+05:30,1422.6,1422.9,1421.9,1422.8,7542
2026-06-18T11:10:00+05:30,1422.8,1422.8,1418.1,1418.4,12546
2026-06-18T11:15:00+05:30,1418.5,1418.6,1413.1,1413.5,28607
2026-06-18T11:20:00+05:30,1413.8,1413.8,1408.9,1409.4,27443
2026-06-18T11:25:00+05:30,1409.9,1409.9,1405.5,1407.2,59535
2026-06-18T11:30:00+05:30,1407.2,1410,1406.6,1409.8,9860
2026-06-18T11:35:00+05:30,1409.8,1411.1,1408.4,1409.1,13182
2026-06-18T11:40:00+05:30,1410,1410,1408,1409.3,7907
2026-06-18T11:45:00+05:30,1408.9,1411,1408.9,1410.4,7030
2026-06-18T11:50:00+05:30,1410.8,1411.3,1409.4,1411.1,5800
2026-06-18T11:55:00+05:30,1411,1411.7,1410.4,1411.1,7972
2026-06-18T12:00:00+05:30,1410.9,1410.9,1406.5,1406.5,19769
2026-06-18T12:05:00+05:30,1406.6,1407.1,1402.9,1403.5,103853
2026-06-18T12:10:00+05:30,1404,1404,1401.9,1402,20030
2026-06-18T12:15:00+05:30,1402,1402,1399.1,1401.3,40555
2026-06-18T12:20:00+05:30,1401.3,1403,1401.1,1401.6,13135
2026-06-18T12:25:00+05:30,1401.6,1403.4,1401.4,1403.3,24144
2026-06-18T12:30:00+05:30,1403.3,1403.5,1401.1,1402.2,19944
2026-06-18T12:35:00+05:30,1402.2,1402.6,1401,1401.4,9471
2026-06-18T12:40:00+05:30,1401.4,1403.5,1401.4,1403.4,25025
2026-06-18T12:45:00+05:30,1403.4,1403.7,1401.6,1402.1,21074
2026-06-18T12:50:00+05:30,1402.1,1403.5,1401.8,1402.9,22288
2026-06-18T12:55:00+05:30,1402.9,1409.5,1402.7,1409,20048
2026-06-18T13:00:00+05:30,1409,1409.2,1403.4,1403.5,34812
2026-06-18T13:05:00+05:30,1403.5,1403.9,1402.8,1403.3,6795
2026-06-18T13:10:00+05:30,1403,1404.1,1401.9,1404,15020
2026-06-18T13:15:00+05:30,1404.1,1405,1403.1,1403.8,8281
2026-06-18T13:20:00+05:30,1403.4,1403.4,1402.1,1403,14116
2026-06-18T13:25:00+05:30,1403,1404.2,1402.6,1404,3003
2026-06-18T13:30:00+05:30,1403.9,1404.4,1403.2,1404,8341
2026-06-18T13:35:00+05:30,1404,1404.6,1402.7,1403.4,11576
2026-06-18T13:40:00+05:30,1403.4,1403.9,1402,1402,7039
2026-06-18T13:45:00+05:30,1402.6,1405.2,1401.6,1404.7,13090
2026-06-18T13:50:00+05:30,1404.5,1405.2,1402.6,1402.9,17118
2026-06-18T13:55:00+05:30,1403.1,1403.7,1402.8,1403.5,5281
2026-06-18T14:00:00+05:30,1403.6,1404.3,1402.5,1402.9,13383
2026-06-18T14:05:00+05:30,1403.4,1403.5,1401.9,1401.9,20934
2026-06-18T14:10:00+05:30,1401.9,1403.5,1401.6,1401.9,10849
2026-06-18T14:15:00+05:30,1402.4,1402.7,1401.9,1402.5,4366
2026-06-18T14:20:00+05:30,1402.5,1404.5,1402.1,1404.3,6630
2026-06-18T14:25:00+05:30,1404.5,1405.5,1404,1405.3,9320
2026-06-18T14:30:00+05:30,1405.3,1407.9,1405.2,1407.8,11170
2026-06-18T14:35:00+05:30,1408,1410.1,1407.1,1407.9,24696
2026-06-18T14:40:00+05:30,1408.2,1408.7,1406.9,1408.4,14796
2026-06-18T14:45:00+05:30,1408.4,1408.4,1403.2,1403.5,41024
2026-06-18T14:50:00+05:30,1403.4,1405.1,1403.1,1404.2,37044
2026-06-18T14:55:00+05:30,1404.3,1404.9,1403.3,1404.6,26124
2026-06-18T15:00:00+05:30,1405.4,1408.4,1405.2,1408.4,151005
2026-06-18T15:05:00+05:30,1408.2,1415.1,1408.1,1413.2,135933
2026-06-18T15:10:00+05:30,1413.4,1414.7,1412.2,1413.3,132702
2026-06-18T15:15:00+05:30,1413.5,1414.2,1410.3,1412.5,137784
2026-06-18T15:20:00+05:30,1412.6,1414,1407.6,1410.9,151865
2026-06-18T15:25:00+05:30,1411,1412,1407.7,1411.1,112543
2026-06-19T09:15:00+05:30,1315.8,1337.6,1310,1324.2,577628
2026-06-19T09:20:00+05:30,1324.2,1335.3,1319.8,1334,396103
2026-06-19T09:25:00+05:30,1334.1,1336.3,1327.6,1330.3,98904
2026-06-19T09:30:00+05:30,1330.3,1335.9,1328.7,1334.3,86732
2026-06-19T09:35:00+05:30,1333.8,1341.8,1333.3,1339.8,97981
2026-06-19T09:40:00+05:30,1339.8,1342.7,1337.3,1340.3,78201
2026-06-19T09:45:00+05:30,1340.8,1342.3,1334.7,1335.1,93510
2026-06-19T09:50:00+05:30,1334.7,1345.9,1333.8,1345.2,85946
2026-06-19T09:55:00+05:30,1345.2,1346.5,1340.2,1345,98520
2026-06-19T10:00:00+05:30,1344.9,1348.9,1343.1,1348.2,86029
2026-06-19T10:05:00+05:30,1348,1349.9,1347.5,1348.9,50549
2026-06-19T10:10:00+05:30,1349.4,1352.8,1347.9,1348.8,37464
2026-06-19T10:15:00+05:30,1348.7,1349.2,1346.8,1349.2,117943
2026-06-19T10:20:00+05:30,1349,1350,1345.3,1345.6,146145
2026-06-19T10:25:00+05:30,1345.2,1346.4,1341.2,1346,53371
2026-06-19T10:30:00+05:30,1346,1348.5,1344.9,1348.1,21024
2026-06-19T10:35:00+05:30,1348.7,1348.8,1346.9,1348.5,16554
2026-06-19T10:40:00+05:30,1348.8,1351.8,1348.6,1351,26706
2026-06-19T10:45:00+05:30,1351,1352.7,1347.3,1347.9,89374
2026-06-19T10:50:00+05:30,1348.1,1348.1,1342.1,1343.6,112010
2026-06-19T10:55:00+05:30,1343.6,1345.2,1338.4,1338.7,200322
2026-06-19T11:00:00+05:30,1338.7,1340.7,1336.8,1337.8,149746
2026-06-19T11:05:00+05:30,1337.8,1339.5,1336.3,1339.5,68769
2026-06-19T11:10:00+05:30,1340,1342.7,1340,1342,36353
2026-06-19T11:15:00+05:30,1342,1344.6,1342,1344.3,26349
2026-06-19T11:20:00+05:30,1344.4,1347,1344.1,1345.2,28527
2026-06-19T11:25:00+05:30,1345.2,1345.7,1343.3,1344,15239
2026-06-19T11:30:00+05:30,1343.8,1345,1343.1,1343.1,17032
2026-06-19T11:35:00+05:30,1343.2,1346.4,1342.7,1345.8,22694
2026-06-19T11:40:00+05:30,1345.8,1348.9,1344.8,1346.6,48589
2026-06-19T11:45:00+05:30,1346.6,1348.5,1344.6,1347.7,72434
2026-06-19T11:50:00+05:30,1347.7,1348.5,1344,1344.5,29451
2026-06-19T11:55:00+05:30,1344.3,1344.8,1341.8,1342.1,38545
2026-06-19T12:00:00+05:30,1342.1,1344.8,1341.6,1342.5,60698
2026-06-19T12:05:00+05:30,1342.5,1345.8,1341.1,1341.3,31203
2026-06-19T12:10:00+05:30,1341.3,1343.9,1341.2,1343.4,17657
2026-06-19T12:15:00+05:30,1343.4,1345,1342.3,1342.8,31017
2026-06-19T12:20:00+05:30,1342.8,1345.2,1342.5,1344.6,24339
2026-06-19T12:25:00+05:30,1344.6,1345.9,1344.2,1345.9,23322
2026-06-19T12:30:00+05:30,1345.9,1345.9,1344.1,1345.1,17177
2026-06-19T12:35:00+05:30,1345.1,1346.9,1344.1,1344.1,28774
2026-06-19T12:40:00+05:30,1344.1,1345.3,1342.7,1343.9,24840
2026-06-19T12:45:00+05:30,1343.9,1348.9,1343.7,1348,44529
2026-06-19T12:50:00+05:30,1348,1350.9,1346.9,1348.8,37962
2026-06-19T12:55:00+05:30,1348.8,1350.3,1348,1349.8,18591
2026-06-19T13:00:00+05:30,1349.8,1349.8,1348.3,1348.7,24329
2026-06-19T13:05:00+05:30,1348.7,1349.4,1347.2,1347.9,26438
2026-06-19T13:10:00+05:30,1347.9,1349,1347.2,1347.5,21064
2026-06-19T13:15:00+05:30,1347.5,1348.2,1345.3,1345.7,59394
2026-06-19T13:20:00+05:30,1346,1347.7,1345.7,1346.1,28990
2026-06-19T13:25:00+05:30,1346.1,1346.1,1345,1346.1,14894
2026-06-19T13:30:00+05:30,1346,1348.3,1346,1348.2,15053
2026-06-19T13:35:00+05:30,1348,1349.9,1347.9,1349,34056
2026-06-19T13:40:00+05:30,1348.9,1349.7,1348.4,1349,12918
2026-06-19T13:45:00+05:30,1348.6,1353.7,1348.5,1352,31480
2026-06-19T13:50:00+05:30,1352,1352.5,1350.9,1351.4,22217
2026-06-19T13:55:00+05:30,1351.4,1352.6,1350.4,1350.4,22552
2026-06-19T14:00:00+05:30,1350.4,1350.9,1348.4,1349.9,31428
2026-06-19T14:05:00+05:30,1349.9,1350.5,1349,1349.9,21156
2026-06-19T14:10:00+05:30,1350.3,1351.9,1350,1351.3,17566
2026-06-19T14:15:00+05:30,1351.5,1353.3,1351.5,1351.8,22378
2026-06-19T14:20:00+05:30,1351.8,1353.4,1351.3,1352,21766
2026-06-19T14:25:00+05:30,1352.1,1354.8,1351.8,1352.8,27837
2026-06-19T14:30:00+05:30,1353.8,1356.1,1350.2,1352.1,69189
2026-06-19T14:35:00+05:30,1351.7,1358.3,1351.6,1356.8,28101
2026-06-19T14:40:00+05:30,1357.1,1358.2,1355.8,1358.1,15778
2026-06-19T14:45:00+05:30,1358.1,1361.7,1358.1,1359.8,31619
2026-06-19T14:50:00+05:30,1359.8,1359.8,1355.8,1355.8,21083
2026-06-19T14:55:00+05:30,1356.4,1359,1353.7,1358,42344
2026-06-19T15:00:00+05:30,1358,1371.9,1357.9,1370.3,286215
2026-06-19T15:05:00+05:30,1369.6,1371.7,1368.8,1370.7,240880
2026-06-19T15:10:00+05:30,1370.3,1375.3,1370.3,1373.9,299045
2026-06-19T15:15:00+05:30,1374,1378.2,1372.5,1377.7,262523
2026-06-19T15:20:00+05:30,1377.5,1381.3,1377.5,1379.9,281223
2026-06-19T15:25:00+05:30,1380,1380,1375.1,1378.2,230222
2026-06-22T09:15:00+05:30,1378.2,1397.7,1378.2,1390.5,86259
2026-06-22T09:20:00+05:30,1390.5,1396.2,1386.6,1392.3,43205
2026-06-22T09:25:00+05:30,1392.4,1393.8,1388.9,1392.2,26308
2026-06-22T09:30:00+05:30,1392.5,1394.4,1389.9,1389.9,19447
2026-06-22T09:35:00+05:30,1390,1392.4,1388,1392.4,21621
2026-06-22T09:40:00+05:30,1392.5,1395.6,1392.3,1393.3,40724
2026-06-22T09:45:00+05:30,1392.8,1394.5,1392.3,1394.5,11270
2026-06-22T09:50:00+05:30,1395.2,1399.5,1394.8,1398.7,40984
2026-06-22T09:55:00+05:30,1398.7,1401.5,1397.4,1399,34936
2026-06-22T10:00:00+05:30,1399.1,1399.1,1393.9,1396.2,16437
2026-06-22T10:05:00+05:30,1396.2,1397.4,1395.7,1396.8,8189
2026-06-22T10:10:00+05:30,1396.1,1397.5,1394.9,1395.6,8811
2026-06-22T10:15:00+05:30,1395.4,1397.1,1394.7,1396.4,10298
2026-06-22T10:20:00+05:30,1396.4,1396.4,1394.7,1395.3,8022
2026-06-22T10:25:00+05:30,1395.3,1395.7,1394.7,1395.5,3887
2026-06-22T10:30:00+05:30,1395.6,1395.6,1392.7,1393.1,13217
2026-06-22T10:35:00+05:30,1393.2,1393.2,1390.6,1392.5,14133
2026-06-22T10:40:00+05:30,1392.5,1394.8,1392,1394.5,5223
2026-06-22T10:45:00+05:30,1394.2,1396.1,1393.2,1395.6,6980
2026-06-22T10:50:00+05:30,1395.9,1397.6,1395.9,1396.9,10239
2026-06-22T10:55:00+05:30,1396.5,1401.1,1396.5,1400.7,23675
2026-06-22T11:00:00+05:30,1400.8,1402.6,1399.7,1401.6,15283
2026-06-22T11:05:00+05:30,1402,1403.3,1400.9,1403.3,19397
2026-06-22T11:10:00+05:30,1402.7,1406.8,1402.1,1405.1,24414
2026-06-22T11:15:00+05:30,1405.1,1407.1,1405.1,1406.5,17207
2026-06-22T11:20:00+05:30,1406.5,1406.5,1404.7,1405.6,10523
2026-06-22T11:25:00+05:30,1405.6,1406.9,1404.7,1406.9,11146
2026-06-22T11:30:00+05:30,1406.9,1407.4,1405,1406.4,9916
2026-06-22T11:35:00+05:30,1406.4,1406.5,1405.1,1405.7,6645
2026-06-22T11:40:00+05:30,1405.7,1405.9,1402.9,1404.6,21139
2026-06-22T11:45:00+05:30,1404.6,1406.5,1404.2,1405.6,5338
2026-06-22T11:50:00+05:30,1405.6,1406.2,1404.5,1404.9,4556
2026-06-22T11:55:00+05:30,1404.9,1405.2,1403.4,1405,6998
2026-06-22T12:00:00+05:30,1405.4,1405.5,1401.7,1404,15727
2026-06-22T12:05:00+05:30,1404,1404.1,1401.7,1401.7,11982
2026-06-22T12:10:00+05:30,1401.7,1401.9,1399.7,1400.9,12727
2026-06-22T12:15:00+05:30,1400.9,1402.6,1400.9,1402,9527
2026-06-22T12:20:00+05:30,1402.1,1402.1,1397.8,1398.7,26393
2026-06-22T12:25:00+05:30,1398.8,1399.8,1392.4,1393.1,82898
2026-06-22T12:30:00+05:30,1393.1,1393.8,1388.9,1393.4,129117
2026-06-22T12:35:00+05:30,1393.6,1396.4,1392.7,1395.9,56622
2026-06-22T12:40:00+05:30,1396.1,1396.4,1394.3,1394.8,25547
2026-06-22T12:45:00+05:30,1395,1396.5,1393.4,1393.8,70347
2026-06-22T12:50:00+05:30,1394.9,1395.5,1393.8,1393.8,35982
2026-06-22T12:55:00+05:30,1393.5,1393.9,1392.5,1393.7,44177
2026-06-22T13:00:00+05:30,1393.8,1393.9,1391.2,1391.9,28111
2026-06-22T13:05:00+05:30,1391.9,1392.4,1391.1,1391.9,25375
2026-06-22T13:10:00+05:30,1392.2,1394.1,1391,1393.6,28294
2026-06-22T13:15:00+05:30,1393.6,1394.4,1392.6,1393.4,28873
2026-06-22T13:20:00+05:30,1394,1397.2,1393.6,1395.3,47768
2026-06-22T13:25:00+05:30,1395.3,1397.3,1395.2,1396.8,5634
2026-06-22T13:30:00+05:30,1397,1398,1393.5,1394.5,73198
2026-06-22T13:35:00+05:30,1394.5,1395.1,1393.8,1393.8,5483
2026-06-22T13:40:00+05:30,1393.9,1395.4,1391.8,1395.3,17438
2026-06-22T13:45:00+05:30,1395.3,1396.3,1392.8,1393.8,27395
2026-06-22T13:50:00+05:30,1393.8,1393.8,1391.8,1392.9,11767
2026-06-22T13:55:00+05:30,1392.6,1393.9,1392.2,1392.9,15186
2026-06-22T14:00:00+05:30,1393.5,1393.9,1393.1,1393.6,17085
2026-06-22T14:05:00+05:30,1393.6,1397.3,1393.4,1396.1,24777
2026-06-22T14:10:00+05:30,1395.8,1398.2,1394.3,1395.1,75535
2026-06-22T14:15:00+05:30,1395.1,1395.5,1394.2,1395.1,6050
2026-06-22T14:20:00+05:30,1395.1,1396,1394.8,1395.9,7057
2026-06-22T14:25:00+05:30,1395.9,1397.7,1395.1,1395.9,11991
2026-06-22T14:30:00+05:30,1395.9,1396.2,1393.5,1393.8,32956
2026-06-22T14:35:00+05:30,1393.8,1394.1,1390.9,1392.3,45906
2026-06-22T14:40:00+05:30,1392.3,1393.8,1392.3,1393,11152
2026-06-22T14:45:00+05:30,1393,1393.7,1392.3,1392.6,11088
2026-06-22T14:50:00+05:30,1392.6,1396.4,1391.7,1393.6,77006
2026-06-22T14:55:00+05:30,1393.6,1395.9,1392.8,1395.6,30387
2026-06-22T15:00:00+05:30,1395.4,1396.8,1393.7,1394.8,35697
2026-06-22T15:05:00+05:30,1394.8,1395.4,1393.3,1394.5,26681
2026-06-22T15:10:00+05:30,1394.3,1395,1393.6,1394.6,33792
2026-06-22T15:15:00+05:30,1394.6,1395.7,1394.2,1395.1,39592
2026-06-22T15:20:00+05:30,1395.1,1402.9,1395.1,1402.2,96393
2026-06-22T15:25:00+05:30,1402.2,1405.4,1400.6,1403.5,137071
2026-06-23T09:15:00+05:30,1391.1,1397,1380.7,1388.7,93850
2026-06-23T09:20:00+05:30,1388.8,1391.7,1386.4,1387.4,31223
2026-06-23T09:25:00+05:30,1387.8,1389.9,1383.3,1383.3,35965
2026-06-23T09:30:00+05:30,1384,1385.6,1382.7,1384.2,17920
2026-06-23T09:35:00+05:30,1384.6,1387,1383.4,1386.1,14226
2026-06-23T09:40:00+05:30,1386.6,1387,1382.8,1383.7,18033
2026-06-23T09:45:00+05:30,1384,1384,1381.4,1382,18443
2026-06-23T09:50:00+05:30,1382,1383.8,1381.6,1383.6,11517
2026-06-23T09:55:00+05:30,1383.6,1383.6,1382.1,1382.6,7096
2026-06-23T10:00:00+05:30,1382.5,1384,1382.1,1384,12366
2026-06-23T10:05:00+05:30,1384,1384,1381.6,1381.9,12248
2026-06-23T10:10:00+05:30,1381.2,1381.6,1380.7,1381.3,18341
2026-06-23T10:15:00+05:30,1381.4,1383,1381,1383,9093
2026-06-23T10:20:00+05:30,1382.8,1385,1382.5,1382.9,13589
2026-06-23T10:25:00+05:30,1383.2,1383.6,1375,1375.1,44852
2026-06-23T10:30:00+05:30,1375.1,1375.1,1370.6,1371.4,28720
2026-06-23T10:35:00+05:30,1371.6,1373.9,1371.1,1372.3,20827
2026-06-23T10:40:00+05:30,1372.4,1374.1,1372.1,1373.3,12601
2026-06-23T10:45:00+05:30,1373.6,1375,1372.8,1374.4,19800
2026-06-23T10:50:00+05:30,1374.2,1374.2,1368,1369.4,42732
2026-06-23T10:55:00+05:30,1369.4,1369.7,1366.1,1367.1,25334
2026-06-23T11:00:00+05:30,1367.1,1367.1,1365.5,1365.7,16700
2026-06-23T11:05:00+05:30,1365.7,1367,1365.3,1365.5,14565
2026-06-23T11:10:00+05:30,1365.5,1366.7,1365,1365.7,16919
2026-06-23T11:15:00+05:30,1365.7,1368.3,1365.2,1368,17100
2026-06-23T11:20:00+05:30,1368.2,1371.8,1367.8,1370.6,13842
2026-06-23T11:25:00+05:30,1371.1,1372.4,1370.3,1371,13887
2026-06-23T11:30:00+05:30,1371,1374,1368.8,1373.3,17523
2026-06-23T11:35:00+05:30,1373.4,1374.2,1372.8,1373.4,13236
2026-06-23T11:40:00+05:30,1373.8,1376,1372.9,1374.3,30529
2026-06-23T11:45:00+05:30,1374.3,1374.7,1372.6,1373.7,9770
2026-06-23T11:50:00+05:30,1373.7,1375.3,1373,1374.7,9907
2026-06-23T11:55:00+05:30,1374.7,1375.2,1372.6,1373.3,9825
2026-06-23T12:00:00+05:30,1373.3,1376.2,1373.2,1375.4,19313
2026-06-23T12:05:00+05:30,1375.3,1378,1374.7,1378,17327
2026-06-23T12:10:00+05:30,1377.4,1378.7,1373.9,1374.3,25883
2026-06-23T12:15:00+05:30,1374.5,1378.2,1373.9,1377.3,21056
2026-06-23T12:20:00+05:30,1377.3,1377.7,1375.9,1376,10478
2026-06-23T12:25:00+05:30,1376,1376.2,1374.3,1375.3,16127
2026-06-23T12:30:00+05:30,1375.3,1375.3,1373.3,1373.7,17908
2026-06-23T12:35:00+05:30,1373.7,1374.8,1373.3,1373.9,12537
2026-06-23T12:40:00+05:30,1373.9,1374.6,1373,1374.1,9780
2026-06-23T12:45:00+05:30,1374.2,1374.2,1369.8,1370.2,45567
2026-06-23T12:50:00+05:30,1369.8,1372.2,1369.4,1371.3,30004
2026-06-23T12:55:00+05:30,1371.6,1371.6,1369.9,1370.7,13025
2026-06-23T13:00:00+05:30,1370.7,1371,1368.7,1369.7,19616
2026-06-23T13:05:00+05:30,1369.7,1371.9,1369.3,1371.9,21922
2026-06-23T13:10:00+05:30,1371.9,1372,1370.7,1370.8,10933
2026-06-23T13:15:00+05:30,1370.9,1371.1,1368.8,1368.9,44607
2026-06-23T13:20:00+05:30,1368.9,1370.3,1368.8,1370.2,10829
2026-06-23T13:25:00+05:30,1370.1,1370.1,1366.7,1367.6,30695
2026-06-23T13:30:00+05:30,1367.4,1369.4,1367.4,1368.4,15124
2026-06-23T13:35:00+05:30,1368.2,1369,1367.7,1367.8,8562
2026-06-23T13:40:00+05:30,1368,1369.9,1367.9,1369,15592
2026-06-23T13:45:00+05:30,1369,1372.3,1368.6,1371.2,37727
2026-06-23T13:50:00+05:30,1371.2,1372.3,1369.9,1371.9,12488
2026-06-23T13:55:00+05:30,1371.9,1371.9,1368.8,1369.1,47817
2026-06-23T14:00:00+05:30,1369.4,1370.4,1369,1369.9,12733
2026-06-23T14:05:00+05:30,1370.4,1375.5,1369.5,1375.5,92977
2026-06-23T14:10:00+05:30,1375.2,1376.5,1374.8,1376,39645
2026-06-23T14:15:00+05:30,1376,1379.5,1376,1378.2,65797
2026-06-23T14:20:00+05:30,1378.2,1378.7,1375.7,1378.7,21757
2026-06-23T14:25:00+05:30,1378.7,1378.8,1376.9,1378.2,10708
2026-06-23T14:30:00+05:30,1378.2,1378.7,1377.6,1378.6,10735
2026-06-23T14:35:00+05:30,1378.6,1379.5,1377.9,1378.5,44031
2026-06-23T14:40:00+05:30,1379,1381.2,1377.8,1379.4,51442
2026-06-23T14:45:00+05:30,1379.4,1382.8,1379.2,1382.1,15887
2026-06-23T14:50:00+05:30,1382.1,1386,1380.1,1385.5,67148
2026-06-23T14:55:00+05:30,1385.5,1386.4,1384,1385,156141
2026-06-23T15:00:00+05:30,1385,1385.1,1377.2,1377.6,146818
2026-06-23T15:05:00+05:30,1377.6,1379.2,1377.3,1378.3,52910
2026-06-23T15:10:00+05:30,1378.3,1379.1,1377.3,1377.5,48180
2026-06-23T15:15:00+05:30,1377.5,1379.2,1377.5,1378.5,71339
2026-06-23T15:20:00+05:30,1378.5,1381.1,1377.7,1380.1,117938
2026-06-23T15:25:00+05:30,1380.1,1381.1,1376.2,1380.1,163773
2026-06-24T09:15:00+05:30,1384,1422,1384,1415.2,192906
2026-06-24T09:20:00+05:30,1416.2,1419.7,1410.4,1414.1,103395
2026-06-24T09:25:00+05:30,1414.1,1418.1,1408.7,1411.6,80981
2026-06-24T09:30:00+05:30,1412,1414.8,1409.9,1411.1,42549
2026-06-24T09:35:00+05:30,1411.2,1416.6,1409.5,1415.5,69830
2026-06-24T09:40:00+05:30,1415.5,1418.1,1414,1418,73224
2026-06-24T09:45:00+05:30,1418,1424,1418,1418.5,142976
2026-06-24T09:50:00+05:30,1418.1,1420.1,1414.5,1417.4,64521
2026-06-24T09:55:00+05:30,1417.2,1421.8,1417.2,1420.4,48307
2026-06-24T10:00:00+05:30,1420.5,1425.6,1418.6,1419.8,64622
2026-06-24T10:05:00+05:30,1419.8,1422.4,1416.4,1416.7,50658
2026-06-24T10:10:00+05:30,1417,1419.7,1415,1419,35249
2026-06-24T10:15:00+05:30,1419,1422.3,1418.1,1421.2,45095
2026-06-24T10:20:00+05:30,1421.4,1426.8,1419.8,1425.6,69045
2026-06-24T10:25:00+05:30,1425.2,1426.9,1424.1,1424.1,58472
2026-06-24T10:30:00+05:30,1424.3,1425,1421.4,1421.9,27703
2026-06-24T10:35:00+05:30,1421.9,1422.8,1420.1,1420.1,29252
2026-06-24T10:40:00+05:30,1420.4,1421.1,1415.2,1415.4,43954
2026-06-24T10:45:00+05:30,1415.8,1417.3,1415.3,1415.9,28535
2026-06-24T10:50:00+05:30,1416.3,1417,1413.4,1413.5,38684
2026-06-24T10:55:00+05:30,1413.5,1414.2,1411.5,1412.6,38533
2026-06-24T11:00:00+05:30,1412.6,1413,1410.2,1410.5,24204
2026-06-24T11:05:00+05:30,1410.4,1413.5,1410.2,1412.4,30886
2026-06-24T11:10:00+05:30,1413,1416.1,1411.8,1415.4,19456
2026-06-24T11:15:00+05:30,1416,1417.9,1414.4,1417.2,26851
2026-06-24T11:20:00+05:30,1417.2,1417.7,1414.9,1415.3,20554
2026-06-24T11:25:00+05:30,1415.7,1416.5,1413.1,1413.6,14438
2026-06-24T11:30:00+05:30,1413.7,1414.1,1408.9,1410,39241
2026-06-24T11:35:00+05:30,1410.2,1411.3,1409.5,1410,66006
2026-06-24T11:40:00+05:30,1410,1412.9,1410,1411.8,41900
2026-06-24T11:45:00+05:30,1411.8,1411.8,1409.8,1411.8,38879
2026-06-24T11:50:00+05:30,1411.8,1415,1411.8,1414,21598
2026-06-24T11:55:00+05:30,1414,1414.2,1411.7,1412.6,29860
2026-06-24T12:00:00+05:30,1412.8,1415.6,1412.6,1413.8,63919
2026-06-24T12:05:00+05:30,1413.8,1413.8,1406.9,1407.1,48231
2026-06-24T12:10:00+05:30,1407.1,1409.6,1406.9,1408.7,34640
2026-06-24T12:15:00+05:30,1408.7,1410.8,1408,1410.5,34409
2026-06-24T12:20:00+05:30,1410.4,1410.4,1408.4,1408.7,11937
2026-06-24T12:25:00+05:30,1408.7,1408.7,1403.7,1403.8,34110
2026-06-24T12:30:00+05:30,1403.8,1405.5,1403.8,1405.5,19812
2026-06-24T12:35:00+05:30,1405.5,1405.7,1404.5,1405.5,25835
2026-06-24T12:40:00+05:30,1405.5,1406,1404,1405.2,18858
2026-06-24T12:45:00+05:30,1405.2,1410.9,1405.2,1410.9,47882
2026-06-24T12:50:00+05:30,1410.8,1411.8,1408.8,1409.6,38182
2026-06-24T12:55:00+05:30,1409.6,1412,1409.4,1410.5,81267
2026-06-24T13:00:00+05:30,1410.6,1415.3,1410.2,1414.9,31597
2026-06-24T13:05:00+05:30,1415.2,1419.4,1414.7,1419.1,36748
2026-06-24T13:10:00+05:30,1419,1421.9,1417.8,1421.3,42202
2026-06-24T13:15:00+05:30,1421.3,1422.4,1418.9,1421.5,27411
2026-06-24T13:20:00+05:30,1421.5,1421.5,1419.1,1421,21856
2026-06-24T13:25:00+05:30,1420.7,1424.9,1420.7,1423.1,42477
2026-06-24T13:30:00+05:30,1423.1,1425.7,1422.8,1425.7,27212
2026-06-24T13:35:00+05:30,1425.7,1426.9,1422.6,1423.3,42369
2026-06-24T13:40:00+05:30,1422.3,1425.9,1421.8,1425.5,20325
2026-06-24T13:45:00+05:30,1425.4,1425.4,1423.6,1424.6,17938
2026-06-24T13:50:00+05:30,1424.6,1426.4,1423,1425.2,27221
2026-06-24T13:55:00+05:30,1425.7,1425.7,1422.1,1422.8,22606
2026-06-24T14:00:00+05:30,1422.8,1424.9,1422.4,1423.3,17301
2026-06-24T14:05:00+05:30,1423.6,1424.1,1420,1422.9,47187
2026-06-24T14:10:00+05:30,1423,1426.5,1422.1,1426.3,39567
2026-06-24T14:15:00+05:30,1426.3,1427.6,1425.9,1427.2,49547
2026-06-24T14:20:00+05:30,1427.2,1429.4,1425.4,1427.2,73692
2026-06-24T14:25:00+05:30,1427,1427.4,1424.2,1425.6,29540
2026-06-24T14:30:00+05:30,1425.9,1426.7,1422,1422.4,29382
2026-06-24T14:35:00+05:30,1422.9,1425.3,1422.2,1423.6,28142
2026-06-24T14:40:00+05:30,1423.6,1427.1,1423.5,1426.6,33244
2026-06-24T14:45:00+05:30,1426.6,1427.2,1426,1427.1,17372
2026-06-24T14:50:00+05:30,1427.2,1427.2,1424.2,1425.7,30811
2026-06-24T14:55:00+05:30,1425.7,1426.2,1423.2,1424,27118
2026-06-24T15:00:00+05:30,1422.7,1426.4,1421.5,1425.6,81254
2026-06-24T15:05:00+05:30,1425.7,1426.4,1423.4,1426.4,112510
2026-06-24T15:10:00+05:30,1426.3,1426.6,1424,1425,58298
2026-06-24T15:15:00+05:30,1424.4,1426.2,1423.7,1425,77019
2026-06-24T15:20:00+05:30,1424.9,1425,1423.4,1424.8,92873
2026-06-24T15:25:00+05:30,1424.6,1426.2,1422.9,1424.7,61709
2026-06-25T09:15:00+05:30,1427.9,1438.6,1427.9,1429.8,51572
2026-06-25T09:20:00+05:30,1429.7,1434.4,1419.8,1422.4,37131
2026-06-25T09:25:00+05:30,1422.8,1423.3,1418.2,1418.7,21359
2026-06-25T09:30:00+05:30,1419.4,1420,1416.2,1417.1,17598
2026-06-25T09:35:00+05:30,1416.8,1418.9,1416.3,1418,13509
2026-06-25T09:40:00+05:30,1417.8,1423.6,1417.3,1423,19180
2026-06-25T09:45:00+05:30,1422.4,1425.9,1421.9,1424.2,23866
2026-06-25T09:50:00+05:30,1424.9,1424.9,1419.3,1421.9,22015
2026-06-25T09:55:00+05:30,1421.5,1421.5,1418.5,1420.5,12233
2026-06-25T10:00:00+05:30,1420.5,1425.7,1420.5,1425.7,11898
2026-06-25T10:05:00+05:30,1425.9,1426.8,1423.4,1423.8,17407
2026-06-25T10:10:00+05:30,1423.9,1423.9,1421.5,1423.7,9459
2026-06-25T10:15:00+05:30,1423.8,1423.8,1418.2,1418.8,19066
2026-06-25T10:20:00+05:30,1418.8,1420.8,1418.2,1419.8,17478
2026-06-25T10:25:00+05:30,1420.2,1421.1,1419.5,1420.5,9029
2026-06-25T10:30:00+05:30,1420.5,1420.8,1419.1,1420.3,9366
2026-06-25T10:35:00+05:30,1420.2,1421.2,1418.1,1420.8,15126
2026-06-25T10:40:00+05:30,1420.8,1421.4,1419.4,1419.9,13316
2026-06-25T10:45:00+05:30,1419.9,1420.3,1418.6,1419,7669
2026-06-25T10:50:00+05:30,1419.4,1419.6,1417.5,1417.5,10878
2026-06-25T10:55:00+05:30,1417.8,1417.8,1414.7,1415.4,24337
2026-06-25T11:00:00+05:30,1415.4,1415.4,1411.3,1411.8,29894
2026-06-25T11:05:00+05:30,1411.8,1413.3,1411.8,1412.6,30259
2026-06-25T11:10:00+05:30,1412.3,1412.8,1411.5,1411.9,13170
2026-06-25T11:15:00+05:30,1412,1412.6,1411.8,1412.4,9657
2026-06-25T11:20:00+05:30,1412,1412.4,1410.3,1410.6,16663
2026-06-25T11:25:00+05:30,1410.7,1413,1410.1,1412.7,23223
2026-06-25T11:30:00+05:30,1412.7,1413,1410.7,1411.6,17417
2026-06-25T11:35:00+05:30,1411.6,1413.3,1410.8,1413.3,50664
2026-06-25T11:40:00+05:30,1413.3,1413.3,1411.5,1411.9,17312
2026-06-25T11:45:00+05:30,1411.9,1412.9,1411.8,1412.4,16171
2026-06-25T11:50:00+05:30,1412.4,1413.2,1411.2,1411.9,93293
2026-06-25T11:55:00+05:30,1411.9,1412.7,1409.9,1411.1,76806
2026-06-25T12:00:00+05:30,1411.1,1411.8,1409.5,1411.4,72593
2026-06-25T12:05:00+05:30,1411.4,1413.2,1410.9,1411.9,23938
2026-06-25T12:10:00+05:30,1411.9,1412.3,1409.6,1410,30891
2026-06-25T12:15:00+05:30,1410,1411.5,1409.6,1410,34665
2026-06-25T12:20:00+05:30,1410,1410.7,1409.5,1410.3,59486
2026-06-25T12:25:00+05:30,1410.3,1411.3,1409.4,1410.2,27634
2026-06-25T12:30:00+05:30,1410.2,1410.2,1406.9,1408.3,25396
2026-06-25T12:35:00+05:30,1408.3,1408.9,1407.6,1408.2,19334
2026-06-25T12:40:00+05:30,1408.2,1409.2,1407.2,1407.4,60434
2026-06-25T12:45:00+05:30,1407.2,1407.8,1406.1,1407.1,22670
2026-06-25T12:50:00+05:30,1407,1407.1,1406.2,1406.5,13519
2026-06-25T12:55:00+05:30,1406.5,1406.7,1406,1406.7,16086
2026-06-25T13:00:00+05:30,1406.6,1408,1403.4,1407.9,101429
2026-06-25T13:05:00+05:30,1407.9,1407.9,1404,1405.5,44602
2026-06-25T13:10:00+05:30,1405.5,1407,1405,1406.1,22349
2026-06-25T13:15:00+05:30,1406,1408.7,1405.5,1408.7,46022
2026-06-25T13:20:00+05:30,1408.6,1408.9,1407.8,1408.4,21952
2026-06-25T13:25:00+05:30,1408.4,1409.1,1406.9,1408.1,21261
2026-06-25T13:30:00+05:30,1408,1408.7,1407.5,1408.2,32626
2026-06-25T13:35:00+05:30,1408.2,1408.4,1407.4,1407.6,12439
2026-06-25T13:40:00+05:30,1407.8,1409,1407.5,1408.3,27224
2026-06-25T13:45:00+05:30,1408.4,1408.6,1407.3,1408.3,16843
2026-06-25T13:50:00+05:30,1408.2,1408.3,1406,1406.5,47491
2026-06-25T13:55:00+05:30,1406.5,1407.7,1406.1,1407.4,32520
2026-06-25T14:00:00+05:30,1407.3,1408.4,1406.5,1407.6,25314
2026-06-25T14:05:00+05:30,1407.6,1409,1406.5,1409,33524
2026-06-25T14:10:00+05:30,1408.9,1409.2,1405.9,1406.6,24584
2026-06-25T14:15:00+05:30,1406.5,1406.6,1404.6,1406.2,22003
2026-06-25T14:20:00+05:30,1406.1,1406.5,1403.7,1404.4,35924
2026-06-25T14:25:00+05:30,1404.4,1404.4,1402.5,1403.5,22775
2026-06-25T14:30:00+05:30,1403.5,1404.3,1402.9,1403.6,45164
2026-06-25T14:35:00+05:30,1404,1405.5,1401.2,1401.5,39197
2026-06-25T14:40:00+05:30,1401.6,1403.2,1400.8,1402.6,51306
2026-06-25T14:45:00+05:30,1402.5,1403.5,1401.1,1401.1,33205
2026-06-25T14:50:00+05:30,1401.1,1403.5,1401.1,1402.7,36633
2026-06-25T14:55:00+05:30,1402.7,1403.4,1401.2,1401.4,29335
2026-06-25T15:00:00+05:30,1401.4,1401.4,1398.8,1399.9,74675
2026-06-25T15:05:00+05:30,1399.9,1402.4,1399.6,1401.2,101016
2026-06-25T15:10:00+05:30,1401.2,1401.8,1399.8,1399.9,76452
2026-06-25T15:15:00+05:30,1399.9,1400.9,1399.6,1400.3,93395
2026-06-25T15:20:00+05:30,1400.3,1402.6,1399.1,1402.6,112933
2026-06-25T15:25:00+05:30,1402.6,1403.5,1401.2,1403.3,82059
2026-06-29T09:15:00+05:30,1403.2,1413.6,1401.7,1409,80530
2026-06-29T09:20:00+05:30,1408,1417.1,1406.8,1410.3,66494
2026-06-29T09:25:00+05:30,1410.4,1413.1,1408.1,1411.8,24647
2026-06-29T09:30:00+05:30,1411.8,1412.8,1409,1409.9,24822
2026-06-29T09:35:00+05:30,1409.9,1411.5,1407.4,1408.9,45549
2026-06-29T09:40:00+05:30,1409.2,1411.8,1408.6,1410.2,28243
2026-06-29T09:45:00+05:30,1409.7,1409.8,1406.4,1408.4,13534
2026-06-29T09:50:00+05:30,1407.8,1407.8,1406.2,1406.6,11740
2026-06-29T09:55:00+05:30,1406.6,1409.7,1405.8,1408.5,18329
2026-06-29T10:00:00+05:30,1408.5,1409.1,1404.6,1405.4,23558
2026-06-29T10:05:00+05:30,1405.4,1406.3,1403.9,1403.9,12596
2026-06-29T10:10:00+05:30,1403.9,1405.5,1403.6,1404.6,6689
2026-06-29T10:15:00+05:30,1404.7,1406.5,1404.1,1406.3,7532
2026-06-29T10:20:00+05:30,1406.3,1408.4,1405.8,1408.4,7495
2026-06-29T10:25:00+05:30,1408.2,1408.4,1405.9,1406,12437
2026-06-29T10:30:00+05:30,1405.6,1406.5,1404.5,1404.9,5131
2026-06-29T10:35:00+05:30,1405.1,1405.5,1402.6,1405.5,13850
2026-06-29T10:40:00+05:30,1405.4,1406.8,1404.2,1405.8,7540
2026-06-29T10:45:00+05:30,1405.7,1407.4,1404.1,1407.1,6459
2026-06-29T10:50:00+05:30,1407.2,1407.9,1405.6,1406.8,5624
2026-06-29T10:55:00+05:30,1407.1,1408.4,1404.7,1405.3,12859
2026-06-29T11:00:00+05:30,1405.3,1406.9,1404.9,1406.5,4001
2026-06-29T11:05:00+05:30,1406.5,1406.9,1405.2,1405.5,3221
2026-06-29T11:10:00+05:30,1405.5,1407.4,1405.5,1406.5,5057
2026-06-29T11:15:00+05:30,1406.5,1407.7,1406.5,1407.2,6657
2026-06-29T11:20:00+05:30,1407.2,1408.4,1406.8,1406.8,5145
2026-06-29T11:25:00+05:30,1407.4,1408.3,1406.9,1407.7,4899
2026-06-29T11:30:00+05:30,1407.8,1408.4,1405.6,1405.6,8911
2026-06-29T11:35:00+05:30,1405.6,1407.4,1405.5,1406.6,3045
2026-06-29T11:40:00+05:30,1406.8,1406.8,1404.3,1405.5,40707
2026-06-29T11:45:00+05:30,1405.5,1407.4,1405.3,1406.7,5742
2026-06-29T11:50:00+05:30,1406.9,1409.2,1403.4,1403.4,20281
2026-06-29T11:55:00+05:30,1404.1,1404.1,1402.1,1403.5,22286
2026-06-29T12:00:00+05:30,1403.4,1405.2,1403,1405,38222
2026-06-29T12:05:00+05:30,1405.2,1406.2,1403.4,1406.1,14689
2026-06-29T12:10:00+05:30,1406.1,1407.4,1404.9,1407.2,6135
2026-06-29T12:15:00+05:30,1407.4,1408.1,1406.4,1406.5,5728
2026-06-29T12:20:00+05:30,1406.7,1406.7,1404,1404.5,8694
2026-06-29T12:25:00+05:30,1404.5,1406.2,1403.8,1405,30606
2026-06-29T12:30:00+05:30,1405,1405.6,1402.5,1402.5,30019
2026-06-29T12:35:00+05:30,1402.9,1407.7,1400.4,1406.1,25983
2026-06-29T12:40:00+05:30,1406.1,1407,1404.4,1405,59925
2026-06-29T12:45:00+05:30,1405,1406.8,1405,1406.3,3978
2026-06-29T12:50:00+05:30,1406.3,1406.3,1402.6,1403.5,44003
2026-06-29T12:55:00+05:30,1403.5,1407.3,1403.5,1407,29364
2026-06-29T13:00:00+05:30,1407,1409.6,1406.1,1408.8,15114
2026-06-29T13:05:00+05:30,1408.8,1409.1,1405.9,1406.4,11366
2026-06-29T13:10:00+05:30,1406.4,1408,1406,1407.7,32458
2026-06-29T13:15:00+05:30,1407.9,1408.8,1405.3,1406.5,76773
2026-06-29T13:20:00+05:30,1406.8,1406.8,1404.4,1405.4,45296
2026-06-29T13:25:00+05:30,1405.4,1407.4,1405.4,1406.8,16528
2026-06-29T13:30:00+05:30,1407.1,1407.1,1405.1,1405.8,32046
2026-06-29T13:35:00+05:30,1405.9,1407.4,1404.6,1405.5,36823
2026-06-29T13:40:00+05:30,1405.5,1406.2,1403.9,1404.4,44119
2026-06-29T13:45:00+05:30,1404.3,1406.1,1403.9,1405.5,12526
2026-06-29T13:50:00+05:30,1405.5,1406.5,1404.3,1405.5,38139
2026-06-29T13:55:00+05:30,1405.5,1407.4,1405.5,1407.2,11607
2026-06-29T14:00:00+05:30,1406.8,1407,1405.3,1405.9,28578
2026-06-29T14:05:00+05:30,1405.9,1407.6,1405.4,1406.5,8240
2026-06-29T14:10:00+05:30,1406.5,1408.9,1406.5,1408,14792
2026-06-29T14:15:00+05:30,1408.2,1408.2,1406.1,1406.1,4547
2026-06-29T14:20:00+05:30,1405.9,1406.5,1405.1,1405.2,6836
2026-06-29T14:25:00+05:30,1405.6,1406.5,1405,1406.5,2732
2026-06-29T14:30:00+05:30,1406,1407.1,1405.2,1406.9,5501
2026-06-29T14:35:00+05:30,1406.8,1407.4,1405.5,1405.9,7434
2026-06-29T14:40:00+05:30,1405.9,1406.9,1405.5,1406.5,4717
2026-06-29T14:45:00+05:30,1406.6,1407.4,1406,1407.4,8384
2026-06-29T14:50:00+05:30,1407,1407.4,1405.2,1405.7,15638
2026-06-29T14:55:00+05:30,1405.7,1406.3,1404.9,1405.9,16594
2026-06-29T15:00:00+05:30,1404,1404.8,1398.1,1398.4,181190
2026-06-29T15:05:00+05:30,1398.3,1402.1,1395.8,1400.2,230279
2026-06-29T15:10:00+05:30,1400.2,1400.2,1395.3,1396.7,174339
2026-06-29T15:15:00+05:30,1396.3,1396.7,1393.1,1394.4,196050
2026-06-29T15:20:00+05:30,1394.2,1398.3,1392.4,1398.2,220265
2026-06-29T15:25:00+05:30,1398.2,1402.7,1397.4,1402.5,74488
2026-06-30T09:15:00+05:30,1401.6,1407.2,1397.5,1399,59789
2026-06-30T09:20:00+05:30,1398.7,1398.7,1393.4,1395.1,25820
2026-06-30T09:25:00+05:30,1394.6,1396.1,1392.7,1393.8,19352
2026-06-30T09:30:00+05:30,1393.7,1394,1383.7,1384.7,46242
2026-06-30T09:35:00+05:30,1384.3,1388.3,1381.3,1388,41594
2026-06-30T09:40:00+05:30,1387.2,1389.1,1384.4,1384.4,23666
2026-06-30T09:45:00+05:30,1384.2,1386.6,1380,1383.3,44988
2026-06-30T09:50:00+05:30,1383.3,1387.5,1383.3,1386.3,14959
2026-06-30T09:55:00+05:30,1385.3,1385.9,1381.1,1382.9,24631
2026-06-30T10:00:00+05:30,1382.9,1384.7,1382.1,1383.4,18115
2026-06-30T10:05:00+05:30,1383.7,1384.8,1379.6,1380.3,43605
2026-06-30T10:10:00+05:30,1380.2,1381.5,1379.3,1380.6,16647
2026-06-30T10:15:00+05:30,1380.4,1384.9,1379.6,1384.9,24698
2026-06-30T10:20:00+05:30,1384.4,1384.6,1380.7,1383.3,21523
2026-06-30T10:25:00+05:30,1383.3,1385.1,1381.7,1382.1,21265
2026-06-30T10:30:00+05:30,1381.6,1384.9,1381.3,1384.8,23940
2026-06-30T10:35:00+05:30,1384.8,1386.4,1382.9,1384.3,28154
2026-06-30T10:40:00+05:30,1384.3,1385,1383.5,1383.9,22960
2026-06-30T10:45:00+05:30,1383.9,1385.4,1382.7,1383.9,31994
2026-06-30T10:50:00+05:30,1383.9,1386.1,1383.1,1385.7,23200
2026-06-30T10:55:00+05:30,1385.7,1386.9,1384.1,1384.3,26680
2026-06-30T11:00:00+05:30,1384.5,1384.7,1382.1,1382.4,19109
2026-06-30T11:05:00+05:30,1382.5,1383.1,1380.7,1383.1,17798
2026-06-30T11:10:00+05:30,1383.1,1384.4,1382.1,1383.2,8204
2026-06-30T11:15:00+05:30,1383.8,1383.9,1382.8,1383.8,5748
2026-06-30T11:20:00+05:30,1383.8,1390.3,1383.6,1389.6,21646
2026-06-30T11:25:00+05:30,1389.6,1389.6,1386,1386.9,13175
2026-06-30T11:30:00+05:30,1386.3,1387.1,1382.4,1383.1,7858
2026-06-30T11:35:00+05:30,1383.1,1383.4,1380.1,1381.7,22246
2026-06-30T11:40:00+05:30,1381.8,1387.2,1381.8,1386,32443
2026-06-30T11:45:00+05:30,1386,1386,1383.8,1385,57321
2026-06-30T11:50:00+05:30,1385.3,1385.3,1382.2,1383,35797
2026-06-30T11:55:00+05:30,1383,1383.4,1381.1,1382.6,7535
2026-06-30T12:00:00+05:30,1382.6,1382.7,1380.8,1380.9,6103
2026-06-30T12:05:00+05:30,1381.3,1381.3,1376.8,1376.8,29575
2026-06-30T12:10:00+05:30,1377.4,1377.4,1372.7,1373.7,21299
2026-06-30T12:15:00+05:30,1373.2,1374.2,1370.4,1371.1,21008
2026-06-30T12:20:00+05:30,1371.5,1372.3,1370.5,1372,8096
2026-06-30T12:25:00+05:30,1372,1372,1369.8,1371.2,18922
2026-06-30T12:30:00+05:30,1371.2,1371.4,1368.4,1369.3,33089
2026-06-30T12:35:00+05:30,1369.3,1369.3,1367,1368.1,20923
2026-06-30T12:40:00+05:30,1368.1,1369.2,1366.7,1367.6,28570
2026-06-30T12:45:00+05:30,1367.6,1371,1366.5,1368.6,30364
2026-06-30T12:50:00+05:30,1368.4,1368.5,1366.7,1367.3,8103
2026-06-30T12:55:00+05:30,1367.3,1369,1367,1368.4,12298
2026-06-30T13:00:00+05:30,1368.3,1369.2,1367.3,1368,9596
2026-06-30T13:05:00+05:30,1368,1368,1366.5,1367.3,12307
2026-06-30T13:10:00+05:30,1367.3,1368.1,1366.2,1366.8,9356
2026-06-30T13:15:00+05:30,1366.7,1367.8,1366.5,1367.4,8149
2026-06-30T13:20:00+05:30,1367.4,1367.5,1366.5,1367.4,5288
2026-06-30T13:25:00+05:30,1367.4,1368.3,1366.7,1368.3,7111
2026-06-30T13:30:00+05:30,1368.4,1369.7,1367.7,1368.6,11018
2026-06-30T13:35:00+05:30,1368.6,1369.4,1366.9,1367.7,19412
2026-06-30T13:40:00+05:30,1367.7,1370.1,1366.8,1369.6,15771
2026-06-30T13:45:00+05:30,1369.8,1372.7,1368.6,1372.6,19839
2026-06-30T13:50:00+05:30,1372.7,1374.7,1372.3,1373.6,20959
2026-06-30T13:55:00+05:30,1373.9,1373.9,1371,1372,30162
2026-06-30T14:00:00+05:30,1372,1372.1,1368.7,1369.1,14480
2026-06-30T14:05:00+05:30,1368.7,1371.5,1366.8,1370.2,37647
2026-06-30T14:10:00+05:30,1370.2,1370.2,1367.1,1367.4,25283
2026-06-30T14:15:00+05:30,1368,1368,1364.5,1366.4,31593
2026-06-30T14:20:00+05:30,1366.4,1371.4,1365.6,1371.4,25786
2026-06-30T14:25:00+05:30,1371.4,1372.9,1366.3,1366.4,61393
2026-06-30T14:30:00+05:30,1366.4,1367.6,1363.5,1367.5,37016
2026-06-30T14:35:00+05:30,1367.9,1368.7,1366.8,1367.6,19630
2026-06-30T14:40:00+05:30,1367.5,1376.2,1367.2,1374,66461
2026-06-30T14:45:00+05:30,1374,1374.7,1371.8,1374.2,26853
2026-06-30T14:50:00+05:30,1374.2,1375.4,1373.1,1375.3,23852
2026-06-30T14:55:00+05:30,1375,1375.2,1367.6,1369.1,33324
2026-06-30T15:00:00+05:30,1369.1,1371.3,1364,1368.8,152541
2026-06-30T15:05:00+05:30,1368.7,1373.2,1368,1372.3,95646
2026-06-30T15:10:00+05:30,1373,1374.3,1370.7,1370.8,97330
2026-06-30T15:15:00+05:30,1370.8,1373.5,1369.5,1369.5,135966
2026-06-30T15:20:00+05:30,1369.6,1369.6,1366,1368.1,169661
2026-06-30T15:25:00+05:30,1368.1,1369.9,1365.5,1369.9,100699
2026-07-01T09:15:00+05:30,1369.1,1369.1,1357.5,1363.2,88906
2026-07-01T09:20:00+05:30,1363.8,1364,1359.3,1360.5,57368
2026-07-01T09:25:00+05:30,1360.4,1361.8,1357.8,1358.4,36838
2026-07-01T09:30:00+05:30,1357.5,1359,1351.9,1353.7,64923
2026-07-01T09:35:00+05:30,1353.7,1354.6,1347.2,1349.3,47652
2026-07-01T09:40:00+05:30,1349.3,1349.4,1342.6,1344.1,65340
2026-07-01T09:45:00+05:30,1345,1350.9,1344.5,1348.8,38536
2026-07-01T09:50:00+05:30,1348.3,1349.1,1343.1,1343.2,37624
2026-07-01T09:55:00+05:30,1344.2,1345.6,1342,1342.1,27015
2026-07-01T10:00:00+05:30,1342.5,1343.1,1337.3,1339.1,43719
2026-07-01T10:05:00+05:30,1339.1,1340.7,1338.3,1340.2,12275
2026-07-01T10:10:00+05:30,1340.7,1342,1339.2,1342,14984
2026-07-01T10:15:00+05:30,1342,1343.5,1340.7,1343,24096
2026-07-01T10:20:00+05:30,1343,1343.8,1341.1,1342.5,14072
2026-07-01T10:25:00+05:30,1342.5,1342.5,1336.3,1339.8,52264
2026-07-01T10:30:00+05:30,1339.8,1341.8,1337.4,1339.7,25582
2026-07-01T10:35:00+05:30,1339.7,1340.2,1338.7,1339.9,8420
2026-07-01T10:40:00+05:30,1339.9,1340.2,1338.7,1339.6,14644
2026-07-01T10:45:00+05:30,1339.6,1340.2,1339,1340.2,5996
2026-07-01T10:50:00+05:30,1340.2,1341.6,1339.3,1339.7,19566
2026-07-01T10:55:00+05:30,1339.9,1340.8,1338.2,1338.6,21601
2026-07-01T11:00:00+05:30,1338.1,1340.2,1337.5,1337.5,24735
2026-07-01T11:05:00+05:30,1337.8,1338,1334.4,1336.2,38740
2026-07-01T11:10:00+05:30,1336.3,1336.7,1335.3,1336,12258
2026-07-01T11:15:00+05:30,1336.1,1336.1,1332.6,1333,27964
2026-07-01T11:20:00+05:30,1332.6,1334.5,1331.6,1334.5,17285
2026-07-01T11:25:00+05:30,1334.1,1334.6,1330.8,1330.8,17339
2026-07-01T11:30:00+05:30,1330.5,1331.1,1327.5,1327.6,48035
2026-07-01T11:35:00+05:30,1328,1329.1,1326.8,1327.5,27959
2026-07-01T11:40:00+05:30,1327.4,1328.5,1326.5,1327.3,20148
2026-07-01T11:45:00+05:30,1327.3,1327.9,1326,1326.5,17595
2026-07-01T11:50:00+05:30,1326.4,1328.2,1325.6,1325.9,20961
2026-07-01T11:55:00+05:30,1325.9,1329.8,1325.9,1329,22826
2026-07-01T12:00:00+05:30,1329.5,1329.5,1326.5,1326.7,22781
2026-07-01T12:05:00+05:30,1326.7,1331.4,1326.5,1329.6,30814
2026-07-01T12:10:00+05:30,1329.5,1330.2,1325.7,1326.2,32687
2026-07-01T12:15:00+05:30,1326.7,1326.8,1325.7,1326.5,19241
2026-07-01T12:20:00+05:30,1326.3,1326.8,1325.6,1326.3,24028
2026-07-01T12:25:00+05:30,1326,1326.3,1321.3,1321.7,47749
2026-07-01T12:30:00+05:30,1321.7,1325.5,1321.7,1324.4,22785
2026-07-01T12:35:00+05:30,1324.1,1328.6,1323.7,1327.8,859384
2026-07-01T12:40:00+05:30,1328.5,1332.2,1328.3,1331.5,74038
2026-07-01T12:45:00+05:30,1331.5,1331.8,1329.8,1330,26199
2026-07-01T12:50:00+05:30,1330.4,1335.1,1329.5,1330.6,75027
2026-07-01T12:55:00+05:30,1331.3,1331.3,1327.7,1330.2,30824
2026-07-01T13:00:00+05:30,1329.6,1332,1328.6,1329.5,30654
2026-07-01T13:05:00+05:30,1329.5,1332.6,1329,1329.6,22348
2026-07-01T13:10:00+05:30,1329.6,1331,1327.7,1329.5,38823
2026-07-01T13:15:00+05:30,1329.1,1329.5,1325.7,1326.1,17756
2026-07-01T13:20:00+05:30,1325.9,1326.1,1323.6,1324.5,32192
2026-07-01T13:25:00+05:30,1324.7,1326.5,1324.1,1326.1,16663
2026-07-01T13:30:00+05:30,1326.1,1326.5,1323.6,1324.9,14864
2026-07-01T13:35:00+05:30,1324.6,1325.7,1324,1324.3,15946
2026-07-01T13:40:00+05:30,1324.2,1325,1323.6,1324.2,12477
2026-07-01T13:45:00+05:30,1323.8,1327,1322.3,1325.7,35717
2026-07-01T13:50:00+05:30,1325.4,1325.9,1324.6,1325.6,29717
2026-07-01T13:55:00+05:30,1325.4,1326.6,1325,1325.9,16476
2026-07-01T14:00:00+05:30,1325.6,1327.3,1325.4,1326.6,27057
2026-07-01T14:05:00+05:30,1326.5,1327.2,1325.2,1326.5,12887
2026-07-01T14:10:00+05:30,1326.2,1326.8,1325.2,1325.7,30099
2026-07-01T14:15:00+05:30,1325.7,1326.5,1325,1325.7,17487
2026-07-01T14:20:00+05:30,1325.7,1326.9,1324.8,1325.6,19025
2026-07-01T14:25:00+05:30,1325.6,1325.7,1324.8,1325.7,24664
2026-07-01T14:30:00+05:30,1325.1,1326,1325.1,1325.6,23370
2026-07-01T14:35:00+05:30,1325.5,1325.7,1324.1,1325.7,89007
2026-07-01T14:40:00+05:30,1325.7,1328.7,1324.6,1326.6,105999
2026-07-01T14:45:00+05:30,1327.1,1327.5,1325.2,1325.6,45425
2026-07-01T14:50:00+05:30,1325.6,1326.4,1324.6,1325.3,92744
2026-07-01T14:55:00+05:30,1325.8,1326,1325.2,1325.7,26609
2026-07-01T15:00:00+05:30,1327.2,1327.3,1325.3,1326.2,49833
2026-07-01T15:05:00+05:30,1326.7,1329.4,1326.3,1328.1,116285
2026-07-01T15:10:00+05:30,1328.9,1329,1327.7,1328.8,117088
2026-07-01T15:15:00+05:30,1328.7,1329.4,1327,1327.9,142280
2026-07-01T15:20:00+05:30,1327.9,1328.8,1325.6,1328.8,193027
2026-07-01T15:25:00+05:30,1328.8,1328.9,1324.7,1325.6,88053
2026-07-02T09:15:00+05:30,1343.4,1358.6,1338.6,1357.7,173309
2026-07-02T09:20:00+05:30,1357.8,1362.6,1357.8,1362.5,167147
2026-07-02T09:25:00+05:30,1362.5,1363.6,1355,1360.6,141826
2026-07-02T09:30:00+05:30,1360.4,1360.5,1355.9,1358.1,53768
2026-07-02T09:35:00+05:30,1358.7,1364.1,1357.4,1363.4,85559
2026-07-02T09:40:00+05:30,1363.5,1368.6,1363.5,1367.9,72544
2026-07-02T09:45:00+05:30,1368,1370.3,1365.6,1366.2,53269
2026-07-02T09:50:00+05:30,1365.9,1367.2,1361.3,1366.3,41346
2026-07-02T09:55:00+05:30,1366.5,1372,1365.8,1369.9,55364
2026-07-02T10:00:00+05:30,1369.8,1369.8,1364.5,1366.5,23511
2026-07-02T10:05:00+05:30,1366.7,1367,1363.7,1364.3,27590
2026-07-02T10:10:00+05:30,1364.7,1365.4,1362.9,1364.4,16920
2026-07-02T10:15:00+05:30,1364.2,1367.8,1363.8,1367.5,22635
2026-07-02T10:20:00+05:30,1367.4,1369.4,1367,1368.7,23730
2026-07-02T10:25:00+05:30,1369.1,1369.2,1365.3,1366,19955
2026-07-02T10:30:00+05:30,1365.7,1366.6,1364,1364.2,24105
2026-07-02T10:35:00+05:30,1364.2,1365.5,1362.7,1364.5,15426
2026-07-02T10:40:00+05:30,1364.5,1365.3,1362,1362.9,17130
2026-07-02T10:45:00+05:30,1362.7,1364.1,1360.9,1362.2,48819
2026-07-02T10:50:00+05:30,1362.1,1366,1361.6,1363.2,16856
2026-07-02T10:55:00+05:30,1363.2,1364.4,1361.7,1363.3,13623
2026-07-02T11:00:00+05:30,1362.8,1363.1,1360.9,1362.1,10650
2026-07-02T11:05:00+05:30,1362,1363.4,1361.1,1362.9,6440
2026-07-02T11:10:00+05:30,1363.4,1364.6,1363,1364.3,17429
2026-07-02T11:15:00+05:30,1364.5,1365.4,1363.5,1364.8,13939
2026-07-02T11:20:00+05:30,1364.9,1367.9,1364.8,1365.4,23100
2026-07-02T11:25:00+05:30,1365.5,1366.8,1365.3,1366,16285
2026-07-02T11:30:00+05:30,1366,1366.8,1365.6,1366.3,15558
2026-07-02T11:35:00+05:30,1366.3,1366.6,1365.2,1366.2,6717
2026-07-02T11:40:00+05:30,1366.2,1366.4,1364.1,1365.3,9073
2026-07-02T11:45:00+05:30,1365.5,1366.5,1364.5,1365.7,8681
2026-07-02T11:50:00+05:30,1365.8,1367.1,1365.4,1365.6,11237
2026-07-02T11:55:00+05:30,1365.9,1367.5,1365.4,1366.7,13647
2026-07-02T12:00:00+05:30,1366.4,1366.9,1365,1366.6,9837
2026-07-02T12:05:00+05:30,1367.2,1371.3,1367.2,1370,37031
2026-07-02T12:10:00+05:30,1370,1371.8,1368.9,1371.5,17745
2026-07-02T12:15:00+05:30,1371.5,1371.8,1369.9,1370.8,11976
2026-07-02T12:20:00+05:30,1371.5,1371.7,1370.7,1371.4,8427
2026-07-02T12:25:00+05:30,1371.1,1371.8,1369.6,1371.4,23752
2026-07-02T12:30:00+05:30,1371.4,1371.6,1365.7,1367,53906
2026-07-02T12:35:00+05:30,1367.1,1369.2,1366.5,1368.9,11002
2026-07-02T12:40:00+05:30,1368.9,1369,1367.5,1368,6697
2026-07-02T12:45:00+05:30,1368,1370.3,1367.5,1368.6,8221
2026-07-02T12:50:00+05:30,1368.1,1369,1367.9,1368.8,5901
2026-07-02T12:55:00+05:30,1368.8,1369.4,1367.7,1369.4,10704
2026-07-02T13:00:00+05:30,1370,1374.1,1369.4,1373.4,38407
2026-07-02T13:05:00+05:30,1373.4,1378.2,1372,1376.5,97286
2026-07-02T13:10:00+05:30,1376.5,1376.5,1374.3,1375.4,11965
2026-07-02T13:15:00+05:30,1375.8,1375.9,1374.4,1374.8,15831
2026-07-02T13:20:00+05:30,1375.1,1376.7,1374.3,1376.3,18700
2026-07-02T13:25:00+05:30,1376.3,1381.6,1375.9,1381.5,99711
2026-07-02T13:30:00+05:30,1381.5,1383.4,1380.9,1383.4,49904
2026-07-02T13:35:00+05:30,1383.4,1384.6,1381.6,1384,61002
2026-07-02T13:40:00+05:30,1384.1,1384.6,1381.3,1381.9,78955
2026-07-02T13:45:00+05:30,1381.9,1383.4,1381.1,1382.6,38653
2026-07-02T13:50:00+05:30,1383.1,1384.7,1382.7,1382.7,48590
2026-07-02T13:55:00+05:30,1382.6,1383.4,1380.9,1381.2,56825
2026-07-02T14:00:00+05:30,1381.1,1382.1,1381.1,1381.9,49486
2026-07-02T14:05:00+05:30,1382.1,1382.7,1380.4,1381.5,55002
2026-07-02T14:10:00+05:30,1381.5,1382.9,1381.1,1381.3,56355
2026-07-02T14:15:00+05:30,1381.1,1381.9,1379.3,1380.1,85859
2026-07-02T14:20:00+05:30,1380,1381.8,1378.6,1381.3,33325
2026-07-02T14:25:00+05:30,1381.4,1382.2,1379.2,1381.7,48906
2026-07-02T14:30:00+05:30,1381.1,1383,1381.1,1383,38535
2026-07-02T14:35:00+05:30,1383.1,1385.5,1382.4,1385.4,60347
2026-07-02T14:40:00+05:30,1385.1,1386,1382.8,1383.9,37756
2026-07-02T14:45:00+05:30,1383.9,1384,1382.4,1383.6,22552
2026-07-02T14:50:00+05:30,1383.6,1385.7,1383.2,1384.8,33001
2026-07-02T14:55:00+05:30,1384.8,1385.1,1383.4,1383.4,31250
2026-07-02T15:00:00+05:30,1383.7,1383.8,1382.4,1383.3,52474
2026-07-02T15:05:00+05:30,1383.4,1384.7,1382.9,1384.3,55008
2026-07-02T15:10:00+05:30,1384.3,1386.2,1384,1384.6,48810
2026-07-02T15:15:00+05:30,1384.4,1386.5,1384,1384.4,64682
2026-07-02T15:20:00+05:30,1384.6,1388.4,1384.6,1387.6,79469
2026-07-02T15:25:00+05:30,1387.8,1389.9,1385.4,1389.9,86526
2026-07-03T09:15:00+05:30,1399.9,1433.6,1398.5,1414.4,324635
2026-07-03T09:20:00+05:30,1414.2,1420,1413.2,1415.7,54964
2026-07-03T09:25:00+05:30,1415.8,1419,1414.2,1417.5,59377
2026-07-03T09:30:00+05:30,1417.7,1418.5,1411.1,1411.6,72794
2026-07-03T09:35:00+05:30,1418.7,1418.7,1412.5,1418.4,111534
2026-07-03T09:40:00+05:30,1418.2,1422.5,1411.1,1411.2,96802
2026-07-03T09:45:00+05:30,1412,1418,1411.1,1418,35759
2026-07-03T09:50:00+05:30,1418,1421.2,1417,1417.5,18777
2026-07-03T09:55:00+05:30,1418.2,1424,1416.1,1421.9,54574
2026-07-03T10:00:00+05:30,1421.9,1424.9,1417.2,1422,36965
2026-07-03T10:05:00+05:30,1422,1427.9,1421.3,1423.9,41498
2026-07-03T10:10:00+05:30,1423.9,1424.8,1421.4,1424.4,15541
2026-07-03T10:15:00+05:30,1424.1,1424.6,1421.5,1422.4,17800
2026-07-03T10:20:00+05:30,1422.6,1423.4,1421.7,1422.9,12553
2026-07-03T10:25:00+05:30,1422.9,1424.6,1421,1424.5,17477
2026-07-03T10:30:00+05:30,1424.5,1429.9,1422.8,1429.1,24634
2026-07-03T10:35:00+05:30,1429.5,1433.1,1429,1433,57333
2026-07-03T10:40:00+05:30,1433,1433.3,1431,1432.4,28231
2026-07-03T10:45:00+05:30,1432.4,1434,1430.8,1434,24096
2026-07-03T10:50:00+05:30,1434,1438,1432.7,1437.3,40226
2026-07-03T10:55:00+05:30,1437.4,1439,1436.1,1438.3,35903
2026-07-03T11:00:00+05:30,1438.4,1441.8,1436.5,1441.5,47677
2026-07-03T11:05:00+05:30,1441.5,1441.9,1436.3,1439.4,58720
2026-07-03T11:10:00+05:30,1439.8,1440,1438,1439.5,16686
2026-07-03T11:15:00+05:30,1439.5,1441,1433.6,1438.7,90971
2026-07-03T11:20:00+05:30,1438.7,1438.9,1434.7,1435.3,40219
2026-07-03T11:25:00+05:30,1435,1437,1431.7,1437,37187
2026-07-03T11:30:00+05:30,1437,1443.9,1432.6,1442.7,96568
2026-07-03T11:35:00+05:30,1442.8,1444.9,1438.4,1444.8,53853
2026-07-03T11:40:00+05:30,1444.8,1445,1440.1,1440.7,76202
2026-07-03T11:45:00+05:30,1440.7,1440.7,1437,1438.2,34145
2026-07-03T11:50:00+05:30,1438.2,1438.2,1434.2,1435,59735
2026-07-03T11:55:00+05:30,1434.9,1435,1426.2,1430,46017
2026-07-03T12:00:00+05:30,1429.9,1430,1427.1,1428.5,14761
2026-07-03T12:05:00+05:30,1429.1,1431.3,1428.4,1431.3,12792
2026-07-03T12:10:00+05:30,1431,1431.8,1430.5,1431,13294
2026-07-03T12:15:00+05:30,1431.2,1435.3,1431.2,1435.3,12768
2026-07-03T12:20:00+05:30,1435.9,1437.8,1433.5,1434.8,23589
2026-07-03T12:25:00+05:30,1434.8,1436.5,1433.2,1434.9,46436
2026-07-03T12:30:00+05:30,1435,1436.8,1433.7,1434.2,13417
2026-07-03T12:35:00+05:30,1433.5,1434,1429.1,1429.9,34713
2026-07-03T12:40:00+05:30,1429.8,1430,1428.8,1429.5,14224
2026-07-03T12:45:00+05:30,1429.8,1431.4,1427.6,1430.3,28131
2026-07-03T12:50:00+05:30,1430.6,1430.6,1428.4,1429.5,5061
2026-07-03T12:55:00+05:30,1429.4,1429.6,1428.3,1429,5025
2026-07-03T13:00:00+05:30,1429.5,1430.3,1428,1430,8716
2026-07-03T13:05:00+05:30,1430.2,1430.4,1428.6,1429.5,5196
2026-07-03T13:10:00+05:30,1429.5,1430.3,1428,1429.9,6213
2026-07-03T13:15:00+05:30,1430,1431.1,1429.3,1430.6,4122
2026-07-03T13:20:00+05:30,1430.9,1432.1,1422.7,1423.9,27772
2026-07-03T13:25:00+05:30,1423.9,1423.9,1419.1,1419.6,25384
2026-07-03T13:30:00+05:30,1420.5,1421.3,1419.7,1420.4,9419
2026-07-03T13:35:00+05:30,1420,1420.5,1418.1,1420,9727
2026-07-03T13:40:00+05:30,1419.5,1420,1416.8,1417.6,7839
2026-07-03T13:45:00+05:30,1417.8,1417.9,1414.1,1415,27039
2026-07-03T13:50:00+05:30,1415,1416.5,1414,1416,13400
2026-07-03T13:55:00+05:30,1416.2,1416.7,1415.4,1416.5,8159
2026-07-03T14:00:00+05:30,1416.1,1416.1,1413.9,1414.5,24144
2026-07-03T14:05:00+05:30,1414,1414.5,1413.6,1414,62012
2026-07-03T14:10:00+05:30,1414,1414.9,1413.5,1414,18118
2026-07-03T14:15:00+05:30,1414,1414,1413.5,1413.9,10561
2026-07-03T14:20:00+05:30,1414,1414.2,1413,1414,49956
2026-07-03T14:25:00+05:30,1414,1416.5,1413.9,1416.4,13985
2026-07-03T14:30:00+05:30,1416.6,1418.7,1413.9,1413.9,18923
2026-07-03T14:35:00+05:30,1414,1414.9,1413.9,1414,28904
2026-07-03T14:40:00+05:30,1414.2,1414.6,1413.9,1414,9721
2026-07-03T14:45:00+05:30,1414.5,1414.8,1412.4,1413.6,14983
2026-07-03T14:50:00+05:30,1414.2,1414.2,1411.2,1411.2,15506
2026-07-03T14:55:00+05:30,1411.1,1412.1,1410.2,1411,18351
2026-07-03T15:00:00+05:30,1411.5,1412.8,1409.7,1410.3,58039
2026-07-03T15:05:00+05:30,1410.2,1411.3,1409,1409.6,40058
2026-07-03T15:10:00+05:30,1409.2,1411,1409,1410.1,70322
2026-07-03T15:15:00+05:30,1410.1,1410.9,1409.7,1410,68909
2026-07-03T15:20:00+05:30,1410,1410,1407.1,1409.8,58715
2026-07-03T15:25:00+05:30,1409.8,1410.6,1407,1408,32301
2026-07-06T09:15:00+05:30,1409.8,1409.8,1398,1401.9,50524
2026-07-06T09:20:00+05:30,1401.9,1407,1400.6,1407,20307
2026-07-06T09:25:00+05:30,1407,1411.9,1406.1,1410.8,32548
2026-07-06T09:30:00+05:30,1411.2,1412.7,1408.4,1410,25254
2026-07-06T09:35:00+05:30,1410.2,1412.1,1409,1410.7,17078
2026-07-06T09:40:00+05:30,1410.4,1417.4,1410.1,1414.5,28675
2026-07-06T09:45:00+05:30,1415.2,1415.8,1406.9,1407.7,20968
2026-07-06T09:50:00+05:30,1408,1408.4,1403,1404.6,32181
2026-07-06T09:55:00+05:30,1404.6,1404.9,1402,1404.5,11690
2026-07-06T10:00:00+05:30,1403.9,1404.1,1401.4,1402.3,7232
2026-07-06T10:05:00+05:30,1402.2,1402.7,1397.2,1397.3,12837
2026-07-06T10:10:00+05:30,1397,1398.4,1395.7,1395.7,8547
2026-07-06T10:15:00+05:30,1396.4,1401,1395.9,1400.6,11002
2026-07-06T10:20:00+05:30,1400.5,1401.9,1400.1,1401.5,6778
2026-07-06T10:25:00+05:30,1401.5,1403,1401,1402.8,5931
2026-07-06T10:30:00+05:30,1402.8,1405.9,1402.2,1404.3,19005
2026-07-06T10:35:00+05:30,1404.3,1404.4,1400.4,1400.8,26097
2026-07-06T10:40:00+05:30,1400,1401,1393.1,1393.1,43193
2026-07-06T10:45:00+05:30,1393.3,1397,1391,1396.5,32049
2026-07-06T10:50:00+05:30,1396.5,1400.6,1395.7,1396.9,14099
2026-07-06T10:55:00+05:30,1396.9,1398.8,1396,1398.8,4873
2026-07-06T11:00:00+05:30,1398.8,1398.9,1396.7,1397.2,2977
2026-07-06T11:05:00+05:30,1397.8,1398,1396.4,1396.4,3531
2026-07-06T11:10:00+05:30,1396.5,1396.8,1393,1395,8034
2026-07-06T11:15:00+05:30,1395.2,1396.9,1394.2,1396.9,8275
2026-07-06T11:20:00+05:30,1396.9,1396.9,1394.1,1395.9,13060
2026-07-06T11:25:00+05:30,1395.1,1396.2,1394.2,1395.5,9583
2026-07-06T11:30:00+05:30,1396,1396,1393.4,1394.5,8534
2026-07-06T11:35:00+05:30,1395,1397.5,1394,1397.3,13369
2026-07-06T11:40:00+05:30,1397.5,1398,1396.1,1397,8683
2026-07-06T11:45:00+05:30,1397.4,1399.2,1396.2,1398.9,14350
2026-07-06T11:50:00+05:30,1399,1400.5,1398.4,1400.5,10561
2026-07-06T11:55:00+05:30,1400.5,1400.5,1398.6,1399.5,5807
2026-07-06T12:00:00+05:30,1399,1401.5,1399,1399.9,12635
2026-07-06T12:05:00+05:30,1399.7,1400.8,1396.4,1396.7,14394
2026-07-06T12:10:00+05:30,1396.7,1397.1,1394,1396,15190
2026-07-06T12:15:00+05:30,1396,1399.2,1395.4,1398.4,26818
2026-07-06T12:20:00+05:30,1398.5,1399.3,1397.7,1399,6446
2026-07-06T12:25:00+05:30,1399,1399,1397.2,1398.5,7121
2026-07-06T12:30:00+05:30,1398.4,1401.2,1397.7,1398.8,15164
2026-07-06T12:35:00+05:30,1399.5,1399.5,1396.7,1398,10552
2026-07-06T12:40:00+05:30,1398,1399.9,1397.5,1399.7,7469
2026-07-06T12:45:00+05:30,1400,1400.5,1398.5,1399.4,7618
2026-07-06T12:50:00+05:30,1399.4,1401,1398.6,1399.8,8778
2026-07-06T12:55:00+05:30,1399.8,1400.4,1399,1400.4,6395
2026-07-06T13:00:00+05:30,1400.2,1400.9,1399.1,1400.8,6415
2026-07-06T13:05:00+05:30,1400.8,1400.9,1398.7,1399.1,8538
2026-07-06T13:10:00+05:30,1399.1,1400.7,1398.2,1399.3,10917
2026-07-06T13:15:00+05:30,1399.3,1399.9,1395,1395,12961
2026-07-06T13:20:00+05:30,1394.6,1397.7,1394.6,1397.4,6795
2026-07-06T13:25:00+05:30,1397.5,1398.7,1396.5,1398.4,7076
2026-07-06T13:30:00+05:30,1398.4,1400,1397.7,1399.9,11001
2026-07-06T13:35:00+05:30,1400,1404.6,1398.9,1403.4,26504
2026-07-06T13:40:00+05:30,1403,1404.3,1401.9,1401.9,7714
2026-07-06T13:45:00+05:30,1401.9,1402,1400.1,1400.3,9800
2026-07-06T13:50:00+05:30,1400.5,1400.5,1397.2,1399.2,13119
2026-07-06T13:55:00+05:30,1399.2,1402,1398.2,1401.6,11880
2026-07-06T14:00:00+05:30,1401.6,1402.3,1400.7,1401.8,8498
2026-07-06T14:05:00+05:30,1401.6,1402,1400.2,1400.9,7804
2026-07-06T14:10:00+05:30,1400.4,1400.9,1398.2,1399,7101
2026-07-06T14:15:00+05:30,1399,1400,1397.6,1399.2,7970
2026-07-06T14:20:00+05:30,1399.1,1399.7,1398.2,1399.5,6853
2026-07-06T14:25:00+05:30,1399.2,1402,1398.9,1401.9,12643
2026-07-06T14:30:00+05:30,1401.9,1402,1399,1399.5,9225
2026-07-06T14:35:00+05:30,1399.3,1401.1,1399.1,1400.4,9356
2026-07-06T14:40:00+05:30,1400.1,1400.9,1399.3,1399.9,7223
2026-07-06T14:45:00+05:30,1399.8,1400.5,1398.5,1399.9,7789
2026-07-06T14:50:00+05:30,1399.4,1403,1399.4,1402.3,11216
2026-07-06T14:55:00+05:30,1402,1404.2,1401.7,1403.5,17966
2026-07-06T15:00:00+05:30,1405.5,1407,1405.1,1407,30895
2026-07-06T15:05:00+05:30,1407,1409,1405,1405,39382
2026-07-06T15:10:00+05:30,1404.6,1408.3,1404.3,1407.6,47186
2026-07-06T15:15:00+05:30,1407.3,1408.1,1406.7,1407.3,31116
2026-07-06T15:20:00+05:30,1407.3,1407.5,1405.2,1406.6,42377
2026-07-06T15:25:00+05:30,1406.8,1408,1403.8,1408,41906
2026-07-07T09:15:00+05:30,1398.5,1417.2,1398.5,1417.2,66005
2026-07-07T09:20:00+05:30,1414.8,1423.7,1414.5,1415.4,99621
2026-07-07T09:25:00+05:30,1415.4,1416.2,1410.1,1413.5,38088
2026-07-07T09:30:00+05:30,1413.8,1416.9,1413,1414.6,20915
2026-07-07T09:35:00+05:30,1414.7,1422.3,1413,1421,55776
2026-07-07T09:40:00+05:30,1421,1423.4,1418.3,1421.2,57313
2026-07-07T09:45:00+05:30,1421.3,1424.5,1420.1,1421,39595
2026-07-07T09:50:00+05:30,1421,1424,1419.2,1422.6,26422
2026-07-07T09:55:00+05:30,1423.1,1428.6,1421.1,1427.9,55178
2026-07-07T10:00:00+05:30,1428.6,1434.5,1428.2,1430.7,67670
2026-07-07T10:05:00+05:30,1430.7,1434.9,1427.9,1432.8,41146
2026-07-07T10:10:00+05:30,1432,1434.7,1430.2,1430.8,18870
2026-07-07T10:15:00+05:30,1430.8,1436.6,1430,1434.5,56342
2026-07-07T10:20:00+05:30,1434.5,1443.2,1434.5,1441.5,89824
2026-07-07T10:25:00+05:30,1441.5,1444.4,1441.1,1442.2,58356
2026-07-07T10:30:00+05:30,1442,1442.9,1440.1,1441.5,80361
2026-07-07T10:35:00+05:30,1441.8,1442.3,1440,1441,31771
2026-07-07T10:40:00+05:30,1441,1442.2,1440,1440,18767
2026-07-07T10:45:00+05:30,1440.2,1441.1,1439,1440,23743
2026-07-07T10:50:00+05:30,1440.2,1442,1440,1441.8,14992
2026-07-07T10:55:00+05:30,1441.9,1441.9,1440,1440.9,12482
2026-07-07T11:00:00+05:30,1440.9,1452.6,1440.5,1451.2,128062
2026-07-07T11:05:00+05:30,1451.2,1458,1451,1455.9,68196
2026-07-07T11:10:00+05:30,1455.9,1460.8,1455.1,1459.9,149275
2026-07-07T11:15:00+05:30,1459.9,1460.9,1455.4,1456,41698
2026-07-07T11:20:00+05:30,1456,1458.8,1455.4,1456.3,30353
2026-07-07T11:25:00+05:30,1456.7,1463.3,1455.4,1461.3,183475
2026-07-07T11:30:00+05:30,1461.3,1462.6,1457,1457,54650
2026-07-07T11:35:00+05:30,1457,1461.7,1455,1456,73995
2026-07-07T11:40:00+05:30,1456,1457.9,1455,1457.4,67478
2026-07-07T11:45:00+05:30,1457.4,1459,1455.4,1456.6,20124
2026-07-07T11:50:00+05:30,1456.7,1458.7,1455.8,1458,98050
2026-07-07T11:55:00+05:30,1458,1459.5,1456.4,1459.3,29587
2026-07-07T12:00:00+05:30,1459.8,1460.5,1458.2,1459.1,16436
2026-07-07T12:05:00+05:30,1459.1,1459.5,1456.6,1457.9,24120
2026-07-07T12:10:00+05:30,1457.6,1460.7,1457,1460,79293
2026-07-07T12:15:00+05:30,1460,1460.9,1459.9,1460,74024
2026-07-07T12:20:00+05:30,1460,1460.5,1450.8,1457.7,355884
2026-07-07T12:25:00+05:30,1457.7,1458.3,1450,1450.1,56052
2026-07-07T12:30:00+05:30,1450.5,1450.9,1445.5,1448.6,76951
2026-07-07T12:35:00+05:30,1448.6,1448.6,1444,1446.8,31546
2026-07-07T12:40:00+05:30,1446.2,1446.4,1442.9,1443.6,80905
2026-07-07T12:45:00+05:30,1444,1444.3,1442.7,1443.9,29557
2026-07-07T12:50:00+05:30,1443.9,1447.3,1443.2,1447.3,38197
2026-07-07T12:55:00+05:30,1447.3,1447.3,1445.2,1445.8,16403
2026-07-07T13:00:00+05:30,1446.3,1446.9,1444.4,1445.4,13078
2026-07-07T13:05:00+05:30,1445,1446.7,1444.9,1445.9,14747
2026-07-07T13:10:00+05:30,1446.1,1447.3,1443.2,1444.7,12767
2026-07-07T13:15:00+05:30,1444.7,1446.8,1443.4,1445.9,14838
2026-07-07T13:20:00+05:30,1445.9,1445.9,1443.4,1443.7,8233
2026-07-07T13:25:00+05:30,1443.7,1445.9,1442.6,1445,17040
2026-07-07T13:30:00+05:30,1444.7,1445.1,1442.3,1442.8,10139
2026-07-07T13:35:00+05:30,1442.8,1443.5,1441.8,1442.7,11409
2026-07-07T13:40:00+05:30,1442.7,1443.4,1441.9,1443,18780
2026-07-07T13:45:00+05:30,1442.5,1444.4,1442.2,1442.7,10996
2026-07-07T13:50:00+05:30,1443.1,1445,1442.2,1444.1,14212
2026-07-07T13:55:00+05:30,1444.1,1446,1443.5,1445.1,11264
2026-07-07T14:00:00+05:30,1445.1,1445.7,1443.6,1444.8,17387
2026-07-07T14:05:00+05:30,1444.8,1449.7,1444.1,1449.4,26591
2026-07-07T14:10:00+05:30,1451,1452,1449.3,1450,61892
2026-07-07T14:15:00+05:30,1450.3,1452.7,1449.5,1452,23031
2026-07-07T14:20:00+05:30,1452.4,1453,1450.1,1450.5,20935
2026-07-07T14:25:00+05:30,1451,1452,1450.6,1451,40170
2026-07-07T14:30:00+05:30,1451.1,1451.6,1450.8,1451,12470
2026-07-07T14:35:00+05:30,1451.4,1451.4,1449,1450.7,108796
2026-07-07T14:40:00+05:30,1450.7,1451.3,1450,1450.5,24641
2026-07-07T14:45:00+05:30,1450.5,1451.2,1450,1451,15261
2026-07-07T14:50:00+05:30,1451,1451,1450,1450.1,16118
2026-07-07T14:55:00+05:30,1450.1,1451,1449.9,1450,22058
2026-07-07T15:00:00+05:30,1450,1450.8,1448.7,1450.7,173925
2026-07-07T15:05:00+05:30,1450.7,1450.7,1444.9,1445.3,185545
2026-07-07T15:10:00+05:30,1445.5,1447,1444.4,1446.8,89880
2026-07-07T15:15:00+05:30,1447.8,1447.9,1445.5,1447.9,95746
2026-07-07T15:20:00+05:30,1447.9,1449,1441.2,1444.3,108887
2026-07-07T15:25:00+05:30,1444.3,1448.5,1442.8,1447,62726
2026-07-08T09:15:00+05:30,1441,1451.7,1435.1,1447.8,40220
2026-07-08T09:20:00+05:30,1448,1451.9,1446.1,1446.8,18274
2026-07-08T09:25:00+05:30,1446.1,1450.6,1446,1449.6,22274
2026-07-08T09:30:00+05:30,1449.9,1452.8,1448,1451.1,17883
2026-07-08T09:35:00+05:30,1451.7,1452.9,1447.7,1450.7,17013
2026-07-08T09:40:00+05:30,1450.5,1450.8,1448,1448.9,7385
2026-07-08T09:45:00+05:30,1448.3,1450.3,1447.5,1447.6,6362
2026-07-08T09:50:00+05:30,1447,1448.2,1439.1,1439.8,16763
2026-07-08T09:55:00+05:30,1439.8,1446,1439,1444,11694
2026-07-08T10:00:00+05:30,1444.4,1445.9,1442.4,1443.2,5624
2026-07-08T10:05:00+05:30,1443.1,1443.6,1441.3,1442.7,4979
2026-07-08T10:10:00+05:30,1442.8,1448.1,1442.2,1446.4,13484
2026-07-08T10:15:00+05:30,1446.1,1447.2,1443.5,1445,19030
2026-07-08T10:20:00+05:30,1445.2,1447.4,1445,1446.2,15828
2026-07-08T10:25:00+05:30,1446,1452,1446,1450,84793
2026-07-08T10:30:00+05:30,1450,1451.4,1443.4,1443.9,22134
2026-07-08T10:35:00+05:30,1443.9,1444,1440.7,1442.5,11948
2026-07-08T10:40:00+05:30,1443.1,1445,1442.2,1442.6,5044
2026-07-08T10:45:00+05:30,1442.6,1446.2,1441,1444.3,13633
2026-07-08T10:50:00+05:30,1444.8,1446.8,1444,1446.2,9207
2026-07-08T10:55:00+05:30,1446.1,1448.7,1446.1,1447.1,8555
2026-07-08T11:00:00+05:30,1447.1,1447.1,1444.5,1446,17781
2026-07-08T11:05:00+05:30,1446,1447,1445,1446.3,15616
2026-07-08T11:10:00+05:30,1446.3,1448.5,1445.7,1447.1,15056
2026-07-08T11:15:00+05:30,1447.1,1451.9,1446.3,1449.6,22724
2026-07-08T11:20:00+05:30,1449.5,1450.9,1446.5,1446.9,31946
2026-07-08T11:25:00+05:30,1446.9,1446.9,1441.1,1442.2,54698
2026-07-08T11:30:00+05:30,1442.2,1442.2,1439,1441,13245
2026-07-08T11:35:00+05:30,1441,1441,1436.3,1437.9,19337
2026-07-08T11:40:00+05:30,1437.9,1438,1433.8,1433.8,38358
2026-07-08T11:45:00+05:30,1434.4,1435,1432.7,1435,5932
2026-07-08T11:50:00+05:30,1435,1435.8,1434.3,1435.8,16824
2026-07-08T11:55:00+05:30,1435.8,1438,1434.3,1438,61755
2026-07-08T12:00:00+05:30,1438,1441,1436.8,1439.6,16695
2026-07-08T12:05:00+05:30,1439.6,1441.4,1439.1,1440.5,11140
2026-07-08T12:10:00+05:30,1440.5,1442.7,1440.5,1440.9,6311
2026-07-08T12:15:00+05:30,1441.5,1446.2,1440.1,1445.2,14495
2026-07-08T12:20:00+05:30,1445.7,1445.7,1440,1440.3,21858
2026-07-08T12:25:00+05:30,1441,1441.9,1439.4,1440.5,47613
2026-07-08T12:30:00+05:30,1440.5,1440.5,1438,1438.4,10359
2026-07-08T12:35:00+05:30,1438.4,1438.9,1436.7,1436.8,4144
2026-07-08T12:40:00+05:30,1437.5,1438.5,1436.9,1438.5,5987
2026-07-08T12:45:00+05:30,1438.2,1438.5,1436,1436.9,5847
2026-07-08T12:50:00+05:30,1436.8,1437.8,1434,1434.3,6103
2026-07-08T12:55:00+05:30,1434.3,1436.4,1434,1436.4,8531
2026-07-08T13:00:00+05:30,1436.4,1436.4,1434.4,1435.4,3641
2026-07-08T13:05:00+05:30,1435,1435.7,1434.1,1434.1,4988
2026-07-08T13:10:00+05:30,1434.6,1434.6,1432,1432.3,18858
2026-07-08T13:15:00+05:30,1432.8,1436.6,1432.6,1436,11842
2026-07-08T13:20:00+05:30,1436.4,1438.4,1434.9,1438.4,16451
2026-07-08T13:25:00+05:30,1438.4,1438.6,1437,1437.6,6024
2026-07-08T13:30:00+05:30,1437.5,1437.7,1434.6,1434.8,25812
2026-07-08T13:35:00+05:30,1434.8,1436.7,1433.8,1434.6,38647
2026-07-08T13:40:00+05:30,1434.6,1436.4,1434.1,1436.4,46051
2026-07-08T13:45:00+05:30,1436.4,1436.4,1432,1432.9,10831
2026-07-08T13:50:00+05:30,1432.9,1433.2,1430.5,1431.9,9344
2026-07-08T13:55:00+05:30,1431.7,1432.6,1429.6,1429.6,11284
2026-07-08T14:00:00+05:30,1430.1,1432,1430,1430.9,14859
2026-07-08T14:05:00+05:30,1430.2,1430.2,1426.7,1427.9,22514
2026-07-08T14:10:00+05:30,1427.9,1430,1426.9,1428.3,11552
2026-07-08T14:15:00+05:30,1428,1431.4,1427.5,1429.9,19340
2026-07-08T14:20:00+05:30,1429.3,1432,1429.1,1431.4,25862
2026-07-08T14:25:00+05:30,1429.7,1431.6,1426.7,1427.3,42000
2026-07-08T14:30:00+05:30,1427.4,1430.8,1426.3,1429.6,11773
2026-07-08T14:35:00+05:30,1429.8,1430.4,1425.2,1428.2,15725
2026-07-08T14:40:00+05:30,1428.3,1429.7,1427.3,1428.5,7462
2026-07-08T14:45:00+05:30,1428.5,1429.5,1426.6,1427.9,11642
2026-07-08T14:50:00+05:30,1427.7,1427.7,1425,1425.7,14959
2026-07-08T14:55:00+05:30,1426,1428.7,1425.8,1428.7,12067
2026-07-08T15:00:00+05:30,1427.9,1432.9,1427.3,1427.5,33967
2026-07-08T15:05:00+05:30,1427.7,1429.7,1427.2,1429,39205
2026-07-08T15:10:00+05:30,1429.3,1432,1429.3,1432,44642
2026-07-08T15:15:00+05:30,1431.6,1431.9,1428.6,1428.7,48726
2026-07-08T15:20:00+05:30,1428.6,1428.6,1423.7,1424.2,30141
2026-07-08T15:25:00+05:30,1424.3,1426,1422.8,1426,31572
2026-07-09T09:15:00+05:30,1426,1427.9,1402.8,1404.3,59864
2026-07-09T09:20:00+05:30,1404.3,1407.9,1399,1407.9,33893
2026-07-09T09:25:00+05:30,1407.9,1410.8,1407,1409.4,22999
2026-07-09T09:30:00+05:30,1409.4,1416.9,1409.3,1415.5,19670
2026-07-09T09:35:00+05:30,1415.5,1417.7,1413.5,1416.6,20507
2026-07-09T09:40:00+05:30,1416.7,1419,1414.8,1417.5,16434
2026-07-09T09:45:00+05:30,1417.7,1417.7,1413.3,1414.5,14430
2026-07-09T09:50:00+05:30,1414.5,1417.5,1414,1415.6,7840
2026-07-09T09:55:00+05:30,1415.7,1419.2,1415.2,1417.1,7114
2026-07-09T10:00:00+05:30,1417.5,1427,1416.9,1425.2,30607
2026-07-09T10:05:00+05:30,1424.5,1429,1423.6,1426.9,27106
2026-07-09T10:10:00+05:30,1426.8,1428,1425.1,1425.6,8921
2026-07-09T10:15:00+05:30,1425.6,1427,1423.8,1425,96560
2026-07-09T10:20:00+05:30,1425,1432.5,1424.5,1432.5,24735
2026-07-09T10:25:00+05:30,1432.2,1433.3,1430,1430.5,11157
2026-07-09T10:30:00+05:30,1430.5,1434.7,1430.2,1434.7,17311
2026-07-09T10:35:00+05:30,1434.7,1435.4,1430,1432,43779
2026-07-09T10:40:00+05:30,1432.4,1436.3,1432,1432.2,9008
2026-07-09T10:45:00+05:30,1432,1433.7,1427,1427.3,15931
2026-07-09T10:50:00+05:30,1427.5,1429.3,1425.8,1427.1,7663
2026-07-09T10:55:00+05:30,1427.1,1427.8,1425.2,1426.4,7142
2026-07-09T11:00:00+05:30,1426.4,1427,1424.7,1427,5406
2026-07-09T11:05:00+05:30,1427,1427.7,1424.3,1426.3,4426
2026-07-09T11:10:00+05:30,1426,1427,1422.4,1422.4,16757
2026-07-09T11:15:00+05:30,1422.4,1423.7,1422.1,1423.1,6426
2026-07-09T11:20:00+05:30,1423.1,1424.4,1420.5,1424.4,54970
2026-07-09T11:25:00+05:30,1424.4,1424.4,1419.8,1421.1,27759
2026-07-09T11:30:00+05:30,1421,1422,1420.1,1421,5556
2026-07-09T11:35:00+05:30,1421,1421.2,1418.4,1419.6,26545
2026-07-09T11:40:00+05:30,1419.1,1425.9,1419.1,1425.2,41346
2026-07-09T11:45:00+05:30,1425.3,1432.3,1425.3,1429.7,28642
2026-07-09T11:50:00+05:30,1430,1430,1428,1429.1,6129
2026-07-09T11:55:00+05:30,1429.5,1429.9,1426.1,1428,15379
2026-07-09T12:00:00+05:30,1428,1430.6,1427.1,1429.6,54145
2026-07-09T12:05:00+05:30,1429.6,1432,1427.2,1427.7,34456
2026-07-09T12:10:00+05:30,1427.7,1429.3,1425.3,1425.8,25727
2026-07-09T12:15:00+05:30,1426.1,1428.4,1425.3,1426.2,17031
2026-07-09T12:20:00+05:30,1426.2,1427,1424.3,1426.8,8147
2026-07-09T12:25:00+05:30,1426.8,1429.1,1426.3,1427.3,41821
2026-07-09T12:30:00+05:30,1427,1428,1426.6,1426.6,14211
2026-07-09T12:35:00+05:30,1426.6,1427.9,1426,1426.2,5646
2026-07-09T12:40:00+05:30,1426.2,1428,1425.4,1427,7291
2026-07-09T12:45:00+05:30,1427,1432.9,1425.6,1432.4,58542
2026-07-09T12:50:00+05:30,1432.4,1433.8,1431,1432.9,14695
2026-07-09T12:55:00+05:30,1432.6,1432.8,1430,1431.1,6705
2026-07-09T13:00:00+05:30,1431,1433.8,1430.5,1432.6,5262
2026-07-09T13:05:00+05:30,1431.7,1432.6,1430.2,1431.9,4917
2026-07-09T13:10:00+05:30,1431.4,1432.6,1430.1,1430.2,5764
2026-07-09T13:15:00+05:30,1430.7,1432.8,1430,1432.8,2685
2026-07-09T13:20:00+05:30,1432.5,1433.3,1430,1431.1,6571
2026-07-09T13:25:00+05:30,1431,1432.6,1430.3,1430.7,7293
2026-07-09T13:30:00+05:30,1430.7,1432.2,1430,1430.5,4950
2026-07-09T13:35:00+05:30,1430.4,1432.2,1430,1432,4708
2026-07-09T13:40:00+05:30,1431.9,1432,1431,1431.5,2607
2026-07-09T13:45:00+05:30,1431.5,1431.5,1430,1430.1,3118
2026-07-09T13:50:00+05:30,1430.1,1431,1430,1430,4181
2026-07-09T13:55:00+05:30,1430,1431.5,1430,1430.6,2327
2026-07-09T14:00:00+05:30,1430.6,1431.8,1430,1430.4,3425
2026-07-09T14:05:00+05:30,1430.4,1430.8,1430,1430,1184
2026-07-09T14:10:00+05:30,1430,1431.2,1428.8,1430.8,12489
2026-07-09T14:15:00+05:30,1431.2,1433.9,1430.9,1433,8085
2026-07-09T14:20:00+05:30,1433,1433.3,1431.2,1433,4693
2026-07-09T14:25:00+05:30,1433,1434.1,1432.7,1433.4,10645
2026-07-09T14:30:00+05:30,1433.4,1434.7,1432.2,1434.1,8291
2026-07-09T14:35:00+05:30,1434.1,1434.5,1430,1430.8,7419
2026-07-09T14:40:00+05:30,1430.9,1431.1,1428,1430,10276
2026-07-09T14:45:00+05:30,1430,1430.7,1429.5,1430,5820
2026-07-09T14:50:00+05:30,1429.5,1431.4,1429.4,1430.6,5058
2026-07-09T14:55:00+05:30,1431,1432.9,1429.1,1432.8,18948
2026-07-09T15:00:00+05:30,1432.7,1432.7,1425.6,1426.1,37373
2026-07-09T15:05:00+05:30,1425.4,1425.8,1421.7,1423.8,21880
2026-07-09T15:10:00+05:30,1423.7,1425.1,1422,1423,31320
2026-07-09T15:15:00+05:30,1423,1425.3,1422.5,1425.3,30098
2026-07-09T15:20:00+05:30,1425.4,1427.9,1425.3,1427.6,36607
2026-07-09T15:25:00+05:30,1427.6,1432.3,1427.5,1432.3,39018
2026-07-10T09:15:00+05:30,1448,1478.9,1448,1473.7,181325
2026-07-10T09:20:00+05:30,1473.7,1477.1,1462,1464.4,104490
2026-07-10T09:25:00+05:30,1465,1466.3,1450.4,1450.8,101434
2026-07-10T09:30:00+05:30,1451.3,1453.7,1445.9,1449.2,72184
2026-07-10T09:35:00+05:30,1449.2,1456,1447.8,1455.5,39423
2026-07-10T09:40:00+05:30,1455.4,1457.7,1454,1454,41201
2026-07-10T09:45:00+05:30,1454.4,1454.4,1449,1451.7,31685
2026-07-10T09:50:00+05:30,1451.9,1455.7,1451.4,1452.5,17649
2026-07-10T09:55:00+05:30,1452.3,1455,1449,1454.8,15594
2026-07-10T10:00:00+05:30,1452.8,1454.5,1450,1454.5,19038
2026-07-10T10:05:00+05:30,1454.1,1455.5,1451.8,1453,13465
2026-07-10T10:10:00+05:30,1452.8,1453.7,1449.8,1452.9,11195
2026-07-10T10:15:00+05:30,1452.9,1454.5,1452,1453.6,8943
2026-07-10T10:20:00+05:30,1454,1454,1451.6,1452.6,8499
2026-07-10T10:25:00+05:30,1452.8,1453.7,1451.6,1452.6,9351
2026-07-10T10:30:00+05:30,1452.7,1452.7,1449.3,1450.8,10785
2026-07-10T10:35:00+05:30,1450.4,1452.1,1448.2,1451.6,11853
2026-07-10T10:40:00+05:30,1451.6,1457.8,1450.9,1456,62939
2026-07-10T10:45:00+05:30,1455.9,1456.2,1455,1455.4,11209
2026-07-10T10:50:00+05:30,1455.4,1455.9,1455,1455.6,6530
2026-07-10T10:55:00+05:30,1455.6,1455.6,1451.3,1453.9,46118
2026-07-10T11:00:00+05:30,1453.9,1454,1451.9,1451.9,7526
2026-07-10T11:05:00+05:30,1452.3,1452.8,1450.8,1451.7,8530
2026-07-10T11:10:00+05:30,1452.3,1452.7,1449.1,1449.7,17510
2026-07-10T11:15:00+05:30,1449.6,1451.4,1449.1,1451.2,11991
2026-07-10T11:20:00+05:30,1451.2,1452.1,1450.2,1451.3,10726
2026-07-10T11:25:00+05:30,1451.2,1452.9,1451,1452.7,4502
2026-07-10T11:30:00+05:30,1452.7,1452.9,1451.6,1452.2,5965
2026-07-10T11:35:00+05:30,1452.7,1452.8,1449.5,1450,11910
2026-07-10T11:40:00+05:30,1450,1450,1446.8,1449,12686
2026-07-10T11:45:00+05:30,1449,1450.6,1446.2,1447.6,10934
2026-07-10T11:50:00+05:30,1447.6,1448.8,1445.3,1445.9,15913
2026-07-10T11:55:00+05:30,1446.5,1447.9,1446.1,1447.3,10492
2026-07-10T12:00:00+05:30,1447.3,1448.7,1446.6,1447.5,11914
2026-07-10T12:05:00+05:30,1448,1451.3,1447.5,1451.3,8662
2026-07-10T12:10:00+05:30,1451.2,1452.5,1450.4,1452.5,8706
2026-07-10T12:15:00+05:30,1452.5,1454.9,1451.4,1453.1,22519
2026-07-10T12:20:00+05:30,1453,1455,1451.8,1453.9,11656
2026-07-10T12:25:00+05:30,1453.9,1455.4,1453.9,1454.8,9957
2026-07-10T12:30:00+05:30,1454.8,1455.3,1453.7,1454.8,8368
2026-07-10T12:35:00+05:30,1454.8,1455.5,1454.2,1454.7,6920
2026-07-10T12:40:00+05:30,1454.7,1455,1452,1452.8,9416
2026-07-10T12:45:00+05:30,1453,1453.5,1451.6,1452.1,7703
2026-07-10T12:50:00+05:30,1452.2,1454.4,1451.1,1451.7,13998
2026-07-10T12:55:00+05:30,1451.8,1453,1451.1,1453,11834
2026-07-10T13:00:00+05:30,1453,1454.3,1452,1452.8,13161
2026-07-10T13:05:00+05:30,1452.8,1454.5,1451.6,1452.3,11565
2026-07-10T13:10:00+05:30,1452.4,1453.5,1451.5,1451.8,12552
2026-07-10T13:15:00+05:30,1452,1452.9,1450.1,1450.4,14735
2026-07-10T13:20:00+05:30,1450.6,1451.3,1449.7,1450.8,9644
2026-07-10T13:25:00+05:30,1451,1452.5,1450.7,1451.9,11778
2026-07-10T13:30:00+05:30,1451.9,1452.2,1450.8,1451.2,7383
2026-07-10T13:35:00+05:30,1451.5,1452.4,1451,1451.5,11864
2026-07-10T13:40:00+05:30,1451.7,1452.6,1451.4,1451.9,8230
2026-07-10T13:45:00+05:30,1451.8,1451.8,1450.7,1451.1,8048
2026-07-10T13:50:00+05:30,1451.1,1452.6,1450.9,1451.2,11205
2026-07-10T13:55:00+05:30,1451.6,1453,1451,1451.2,11193
2026-07-10T14:00:00+05:30,1451.8,1452.8,1450.4,1452.8,7019
2026-07-10T14:05:00+05:30,1452.6,1454,1451.4,1453.9,12952
2026-07-10T14:10:00+05:30,1453.9,1454.3,1452.6,1453.8,12769
2026-07-10T14:15:00+05:30,1453.8,1454,1450.4,1450.6,41400
2026-07-10T14:20:00+05:30,1450.7,1452.7,1449.6,1452.4,27100
2026-07-10T14:25:00+05:30,1452.2,1453,1451.2,1453,7685
2026-07-10T14:30:00+05:30,1452.6,1454.7,1452.6,1453.6,11316
2026-07-10T14:35:00+05:30,1453.9,1455,1452.4,1453.6,14851
2026-07-10T14:40:00+05:30,1453.6,1454.7,1451.1,1451.5,14757
2026-07-10T14:45:00+05:30,1452.2,1452.9,1450.7,1452.9,11185
2026-07-10T14:50:00+05:30,1452.9,1454.2,1452,1452.8,14627
2026-07-10T14:55:00+05:30,1452.6,1453.8,1451.8,1452.8,28649
2026-07-10T15:00:00+05:30,1452.2,1454,1451.3,1451.9,46789
2026-07-10T15:05:00+05:30,1452,1457.3,1451.8,1457.3,47958
2026-07-10T15:10:00+05:30,1457.3,1457.8,1456.3,1457,43323
2026-07-10T15:15:00+05:30,1455.6,1456.2,1453,1454,76359
2026-07-10T15:20:00+05:30,1454,1456.6,1453.1,1455.8,40611
2026-07-10T15:25:00+05:30,1455.9,1456.4,1454.1,1455,45637
2026-07-13T09:15:00+05:30,1444.2,1463.5,1444.2,1462.2,65849
2026-07-13T09:20:00+05:30,1462.2,1464.4,1454.1,1455.1,35811
2026-07-13T09:25:00+05:30,1455.1,1456.5,1450.2,1452.6,11868
2026-07-13T09:30:00+05:30,1452.6,1456.4,1452.5,1454.6,17902
2026-07-13T09:35:00+05:30,1454.6,1463,1453.9,1461.9,24882
2026-07-13T09:40:00+05:30,1461.9,1463.5,1458.6,1458.9,13829
2026-07-13T09:45:00+05:30,1458.5,1467.5,1457,1464.8,32591
2026-07-13T09:50:00+05:30,1464.8,1468.8,1462.1,1463.7,17152
2026-07-13T09:55:00+05:30,1463.8,1463.8,1460,1462,9911
2026-07-13T10:00:00+05:30,1462.3,1462.3,1458.4,1459.7,11353
2026-07-13T10:05:00+05:30,1460,1460.6,1456,1456,11852
2026-07-13T10:10:00+05:30,1456.5,1456.8,1454.6,1456.1,7778
2026-07-13T10:15:00+05:30,1456.6,1457.9,1455.2,1457.9,6429
2026-07-13T10:20:00+05:30,1457.9,1460,1457.9,1458,6020
2026-07-13T10:25:00+05:30,1458,1464,1458,1463.2,10244
2026-07-13T10:30:00+05:30,1463.6,1465.1,1462,1463.5,20112
2026-07-13T10:35:00+05:30,1463.5,1465.6,1461.8,1465.1,8008
2026-07-13T10:40:00+05:30,1464.1,1464.9,1462.7,1464.2,10172
2026-07-13T10:45:00+05:30,1463.9,1472.2,1463.9,1471.8,34863
2026-07-13T10:50:00+05:30,1471.8,1482.7,1471.4,1480.3,80184
2026-07-13T10:55:00+05:30,1480.5,1483.8,1479.7,1481.7,29952
2026-07-13T11:00:00+05:30,1481.7,1486.5,1480.1,1486,31268
2026-07-13T11:05:00+05:30,1485.9,1487.5,1477.5,1482.6,49700
2026-07-13T11:10:00+05:30,1483.2,1493.8,1483.1,1492.9,100914
2026-07-13T11:15:00+05:30,1492.8,1494,1488.9,1494,32696
2026-07-13T11:20:00+05:30,1494,1495.8,1491.2,1492.8,50111
2026-07-13T11:25:00+05:30,1492.8,1494.5,1491.4,1493.9,26840
2026-07-13T11:30:00+05:30,1493.1,1496.5,1493.1,1495.9,35801
2026-07-13T11:35:00+05:30,1496.4,1497.3,1487.1,1487.1,36944
2026-07-13T11:40:00+05:30,1487.1,1489.5,1485,1489.1,23327
2026-07-13T11:45:00+05:30,1489.1,1494.9,1489,1494,24912
2026-07-13T11:50:00+05:30,1493.9,1500.9,1492.6,1499,81362
2026-07-13T11:55:00+05:30,1499,1506.9,1498,1506.4,56532
2026-07-13T12:00:00+05:30,1506.5,1507.3,1505.1,1506.4,29528
2026-07-13T12:05:00+05:30,1506.4,1507.3,1502.6,1504.3,21801
2026-07-13T12:10:00+05:30,1503.6,1505.8,1502.5,1505.3,20232
2026-07-13T12:15:00+05:30,1505.3,1506,1502.5,1504.7,13853
2026-07-13T12:20:00+05:30,1504.7,1505.5,1500.3,1505.1,21151
2026-07-13T12:25:00+05:30,1504.6,1505,1502,1504.5,11985
2026-07-13T12:30:00+05:30,1504.1,1511.2,1504,1510,57740
2026-07-13T12:35:00+05:30,1510,1514.3,1509.4,1514.1,41895
2026-07-13T12:40:00+05:30,1514.4,1517.4,1511.6,1516.5,49361
2026-07-13T12:45:00+05:30,1516.5,1518.4,1515,1518,38301
2026-07-13T12:50:00+05:30,1518,1521.3,1517.5,1520.8,59411
2026-07-13T12:55:00+05:30,1520.8,1523.5,1519.1,1522.4,43709
2026-07-13T13:00:00+05:30,1522.1,1524,1521.5,1523,35608
2026-07-13T13:05:00+05:30,1522.9,1524.8,1520.7,1521.8,36510
2026-07-13T13:10:00+05:30,1521.8,1523.8,1520.3,1522.2,26492
2026-07-13T13:15:00+05:30,1522.2,1522.5,1519.6,1520,29710
2026-07-13T13:20:00+05:30,1520,1520.5,1515,1516.6,39647
2026-07-13T13:25:00+05:30,1516.6,1517.8,1513.1,1513.1,15653
2026-07-13T13:30:00+05:30,1513.6,1517.1,1513.6,1516.6,15448
2026-07-13T13:35:00+05:30,1516.1,1517.2,1514.7,1517,16727
2026-07-13T13:40:00+05:30,1517,1518.4,1515.9,1516.6,15965
2026-07-13T13:45:00+05:30,1516.6,1517.9,1515.3,1516.1,8992
2026-07-13T13:50:00+05:30,1516.1,1516.7,1514.1,1514.6,16732
2026-07-13T13:55:00+05:30,1514.1,1516,1513.4,1513.8,25830
2026-07-13T14:00:00+05:30,1513.8,1515,1510.4,1512.6,20894
2026-07-13T14:05:00+05:30,1512.6,1512.8,1511,1511.5,10602
2026-07-13T14:10:00+05:30,1512,1512.2,1509.3,1509.4,17212
2026-07-13T14:15:00+05:30,1509.4,1510.9,1508.5,1509.4,10342
2026-07-13T14:20:00+05:30,1509.6,1511,1506,1506.4,28090
2026-07-13T14:25:00+05:30,1506.4,1507,1500.4,1501.2,39820
2026-07-13T14:30:00+05:30,1501.2,1504.9,1500.9,1503.3,28877
2026-07-13T14:35:00+05:30,1503.3,1505,1502.4,1503.6,30100
2026-07-13T14:40:00+05:30,1503.9,1504.8,1502.6,1504.1,22544
2026-07-13T14:45:00+05:30,1505,1508.6,1503.6,1506.7,40838
2026-07-13T14:50:00+05:30,1506.7,1507.4,1503.9,1504.2,30410
2026-07-13T14:55:00+05:30,1504.7,1506.5,1504.6,1505.6,24637
2026-07-13T15:00:00+05:30,1506.2,1508.5,1505.4,1507.4,43060
2026-07-13T15:05:00+05:30,1507.1,1507.7,1504.6,1505.1,28991
2026-07-13T15:10:00+05:30,1503.8,1504.7,1503,1503.7,47325
2026-07-13T15:15:00+05:30,1503.7,1505.5,1503.4,1503.5,46691
2026-07-13T15:20:00+05:30,1503.5,1504.8,1503.2,1503.8,55937
2026-07-13T15:25:00+05:30,1503.6,1505,1501,1502,47551
2026-07-14T09:15:00+05:30,1509,1517,1500,1512.4,90503
2026-07-14T09:20:00+05:30,1511.5,1519.9,1511.5,1513.3,83097
2026-07-14T09:25:00+05:30,1513.2,1516,1512.3,1515.2,44063
2026-07-14T09:30:00+05:30,1515,1515.2,1508.1,1508.1,45840
2026-07-14T09:35:00+05:30,1508.5,1512.5,1506.2,1512,40610
2026-07-14T09:40:00+05:30,1511.3,1511.7,1507.9,1508.6,43823
2026-07-14T09:45:00+05:30,1509,1509.5,1505,1508.9,43565
2026-07-14T09:50:00+05:30,1509.1,1509.7,1505.1,1505.1,27864
2026-07-14T09:55:00+05:30,1505.6,1505.7,1501.8,1504.4,29585
2026-07-14T10:00:00+05:30,1504.1,1506.7,1504.1,1504.6,16768
2026-07-14T10:05:00+05:30,1504.6,1505.1,1500.8,1505.1,22797
2026-07-14T10:10:00+05:30,1505.1,1507.6,1503.9,1506.5,24436
2026-07-14T10:15:00+05:30,1506.7,1508.6,1504.7,1507.5,23535
2026-07-14T10:20:00+05:30,1507.1,1509.6,1506.4,1507.1,21719
2026-07-14T10:25:00+05:30,1507.2,1514.4,1506,1514.4,44009
2026-07-14T10:30:00+05:30,1514.3,1517,1512,1514.7,114814
2026-07-14T10:35:00+05:30,1515,1516,1511,1512.2,26642
2026-07-14T10:40:00+05:30,1512.2,1512.5,1507.7,1507.7,22124
2026-07-14T10:45:00+05:30,1507.5,1508.1,1502,1506.2,20442
2026-07-14T10:50:00+05:30,1505.9,1507.8,1503.2,1506,15798
2026-07-14T10:55:00+05:30,1506,1508.5,1505.8,1505.8,8358
2026-07-14T11:00:00+05:30,1506.1,1511.9,1504,1504.1,25129
2026-07-14T11:05:00+05:30,1504.6,1508.4,1504.4,1507.1,14652
2026-07-14T11:10:00+05:30,1507.3,1510,1505.7,1508.9,11066
2026-07-14T11:15:00+05:30,1508.9,1509.6,1506.7,1508,8727
2026-07-14T11:20:00+05:30,1508,1508,1505.5,1506.8,15178
2026-07-14T11:25:00+05:30,1507,1508.7,1505.8,1508.6,12935
2026-07-14T11:30:00+05:30,1508.6,1508.6,1506,1506.1,20270
2026-07-14T11:35:00+05:30,1506.1,1506.6,1504,1506,13047
2026-07-14T11:40:00+05:30,1506,1507.4,1504.3,1506.2,10964
2026-07-14T11:45:00+05:30,1506.2,1507.7,1503.1,1504.2,22588
2026-07-14T11:50:00+05:30,1504.2,1505.3,1503,1503.4,9800
2026-07-14T11:55:00+05:30,1503.8,1504.8,1501.5,1503.7,15329
2026-07-14T12:00:00+05:30,1503.6,1503.8,1502,1503.5,19096
2026-07-14T12:05:00+05:30,1503.9,1503.9,1500.4,1501.1,10637
2026-07-14T12:10:00+05:30,1501.1,1501.3,1496,1496.6,24700
2026-07-14T12:15:00+05:30,1497,1499.4,1496.1,1497,24315
2026-07-14T12:20:00+05:30,1496.9,1498.6,1496,1497.8,18406
2026-07-14T12:25:00+05:30,1497.9,1497.9,1495.6,1497.6,13639
2026-07-14T12:30:00+05:30,1497.6,1498.1,1496.8,1497.9,9885
2026-07-14T12:35:00+05:30,1497.1,1497.6,1495.5,1497.1,12449
2026-07-14T12:40:00+05:30,1497.1,1497.5,1493.3,1496.3,15207
2026-07-14T12:45:00+05:30,1496.4,1499,1495.7,1498.9,14365
2026-07-14T12:50:00+05:30,1498.8,1500.8,1497,1500.2,15657
2026-07-14T12:55:00+05:30,1500.2,1501.7,1497.4,1497.4,14898
2026-07-14T13:00:00+05:30,1497.4,1498.6,1496.3,1496.8,12846
2026-07-14T13:05:00+05:30,1497.2,1497.3,1495,1495.6,24458
2026-07-14T13:10:00+05:30,1496.3,1496.4,1494.7,1495.4,10467
2026-07-14T13:15:00+05:30,1494.9,1495.9,1494,1495.8,13105
2026-07-14T13:20:00+05:30,1495.7,1497.3,1495,1495.9,18713
2026-07-14T13:25:00+05:30,1495.7,1495.8,1490.1,1493.3,21795
2026-07-14T13:30:00+05:30,1492.7,1493.1,1490.2,1491.9,14301
2026-07-14T13:35:00+05:30,1491.9,1492.9,1489.6,1491.3,19154
2026-07-14T13:40:00+05:30,1490.6,1491.4,1489.2,1490.4,16083
2026-07-14T13:45:00+05:30,1490.4,1492,1490.2,1491,12399
2026-07-14T13:50:00+05:30,1490.5,1490.5,1487.7,1489.5,11824
2026-07-14T13:55:00+05:30,1489.5,1493.1,1489.3,1492,13519
2026-07-14T14:00:00+05:30,1492,1494.4,1490,1493.7,14106
2026-07-14T14:05:00+05:30,1494,1494.2,1490.8,1491.8,15175
2026-07-14T14:10:00+05:30,1491.8,1493,1489.6,1491.9,45818
2026-07-14T14:15:00+05:30,1491.9,1493.1,1490.4,1491.2,15066
2026-07-14T14:20:00+05:30,1491.5,1491.7,1488.2,1489.9,16796
2026-07-14T14:25:00+05:30,1489.9,1490.3,1487.4,1488.3,20564
2026-07-14T14:30:00+05:30,1488.3,1489.4,1483.7,1488.6,25432
2026-07-14T14:35:00+05:30,1489,1490.4,1485.4,1487.3,17896
2026-07-14T14:40:00+05:30,1487.5,1487.7,1485.3,1485.9,11945
2026-07-14T14:45:00+05:30,1486,1488.2,1484.4,1486.2,17025
2026-07-14T14:50:00+05:30,1486,1488.4,1484.9,1486.7,18181
2026-07-14T14:55:00+05:30,1486.6,1488.3,1484,1485.6,21838
2026-07-14T15:00:00+05:30,1485.8,1489.2,1485.2,1486,69134
2026-07-14T15:05:00+05:30,1486,1486.9,1484.2,1484.8,64683
2026-07-14T15:10:00+05:30,1484.9,1485.4,1482.7,1483.5,58466
2026-07-14T15:15:00+05:30,1483.5,1485.2,1482.4,1483.9,69280
2026-07-14T15:20:00+05:30,1484,1484.5,1482.1,1483.1,65359
2026-07-14T15:25:00+05:30,1483.1,1485,1480,1484.4,65461
2026-07-15T09:15:00+05:30,1465.2,1470.2,1453,1466.3,120845
2026-07-15T09:20:00+05:30,1466.2,1474.7,1463.3,1472.9,69996
2026-07-15T09:25:00+05:30,1473,1482.9,1472.8,1478.6,57275
2026-07-15T09:30:00+05:30,1479.5,1482.2,1476.1,1477.6,30124
2026-07-15T09:35:00+05:30,1478.6,1479.4,1471.2,1471.2,24350
2026-07-15T09:40:00+05:30,1471.5,1474.6,1470.3,1472,23083
2026-07-15T09:45:00+05:30,1472.5,1474.4,1470.6,1471.2,20312
2026-07-15T09:50:00+05:30,1470.6,1476.3,1470.5,1471.2,13241
2026-07-15T09:55:00+05:30,1471.2,1481.3,1471.2,1478.2,34631
2026-07-15T10:00:00+05:30,1477.7,1480.7,1477.1,1479.1,20627
2026-07-15T10:05:00+05:30,1479.6,1480.5,1478.1,1479.7,11285
2026-07-15T10:10:00+05:30,1479.7,1483.8,1478,1482.4,23208
2026-07-15T10:15:00+05:30,1482.3,1485.6,1479.6,1484.5,23624
2026-07-15T10:20:00+05:30,1484.5,1488.7,1484.1,1486.8,29712
2026-07-15T10:25:00+05:30,1486.9,1488.7,1484.5,1484.5,15489
2026-07-15T10:30:00+05:30,1486.4,1487,1480.9,1481.5,18445
2026-07-15T10:35:00+05:30,1481.5,1483.2,1478.4,1482.6,20632
2026-07-15T10:40:00+05:30,1482.6,1485.9,1482.6,1484.7,12888
2026-07-15T10:45:00+05:30,1485,1485,1480.5,1482.8,8514
2026-07-15T10:50:00+05:30,1482.8,1482.9,1480,1480,8925
2026-07-15T10:55:00+05:30,1480,1482.7,1479.6,1480.2,8445
2026-07-15T11:00:00+05:30,1480.2,1481,1477.5,1479.9,15295
2026-07-15T11:05:00+05:30,1479.9,1484.4,1479.2,1482.3,22791
2026-07-15T11:10:00+05:30,1482.3,1482.9,1477.2,1479.7,9678
2026-07-15T11:15:00+05:30,1480.3,1488.6,1479.2,1487.3,37260
2026-07-15T11:20:00+05:30,1487.7,1491.2,1486,1486.5,13943
2026-07-15T11:25:00+05:30,1486.5,1498.4,1486.5,1497.3,18635
2026-07-15T11:30:00+05:30,1497.3,1498.5,1493.2,1493.8,18233
2026-07-15T11:35:00+05:30,1493.8,1498.6,1492.9,1493.1,13838
2026-07-15T11:40:00+05:30,1494,1495.8,1492.1,1494,9628
2026-07-15T11:45:00+05:30,1494.5,1497.2,1494,1496.4,9051
2026-07-15T11:50:00+05:30,1496.4,1499,1496,1498.8,11134
2026-07-15T11:55:00+05:30,1498.8,1499.5,1495,1495.5,8059
2026-07-15T12:00:00+05:30,1496.2,1498.9,1494.8,1498.1,20843
2026-07-15T12:05:00+05:30,1498.1,1498.1,1495.4,1496,4222
2026-07-15T12:10:00+05:30,1496,1497.1,1494.8,1495,10129
2026-07-15T12:15:00+05:30,1495.4,1496.4,1493,1495.3,8208
2026-07-15T12:20:00+05:30,1494.8,1495.2,1492.1,1492.1,8477
2026-07-15T12:25:00+05:30,1492,1495.8,1491.4,1495,13143
2026-07-15T12:30:00+05:30,1495,1497,1493.6,1496.3,11606
2026-07-15T12:35:00+05:30,1496.3,1496.6,1494.7,1495.5,44826
2026-07-15T12:40:00+05:30,1495.5,1498,1494.4,1496,76777
2026-07-15T12:45:00+05:30,1496.2,1496.6,1485.2,1486.6,85176
2026-07-15T12:50:00+05:30,1486.6,1488.7,1486,1487.5,8336
2026-07-15T12:55:00+05:30,1487.5,1488,1480.3,1484.2,24709
2026-07-15T13:00:00+05:30,1484,1486.1,1483.6,1484.2,11605
2026-07-15T13:05:00+05:30,1484,1489.2,1484,1488.9,8516
2026-07-15T13:10:00+05:30,1488.9,1493.5,1488.6,1492.7,10079
2026-07-15T13:15:00+05:30,1492.8,1492.9,1489,1491.2,8988
2026-07-15T13:20:00+05:30,1491,1491.2,1488.4,1489.3,7566
2026-07-15T13:25:00+05:30,1489.3,1489.7,1488.1,1489,6043
2026-07-15T13:30:00+05:30,1489.1,1489.9,1488,1488.5,7882
2026-07-15T13:35:00+05:30,1488.6,1490.1,1488.1,1489.4,5400
2026-07-15T13:40:00+05:30,1489.4,1490,1488.4,1490,10419
2026-07-15T13:45:00+05:30,1490,1492.9,1488,1492.2,24795
2026-07-15T13:50:00+05:30,1492.2,1497,1491.3,1495.1,22688
2026-07-15T13:55:00+05:30,1495.1,1500,1494.3,1498.4,24243
2026-07-15T14:00:00+05:30,1499.1,1500,1495.6,1495.7,10420
2026-07-15T14:05:00+05:30,1495.7,1500.8,1495.4,1500,25168
2026-07-15T14:10:00+05:30,1499.9,1507,1499.5,1503.8,39220
2026-07-15T14:15:00+05:30,1503.8,1506.5,1502,1504.9,20630
2026-07-15T14:20:00+05:30,1504.9,1504.9,1501.5,1502,16166
2026-07-15T14:25:00+05:30,1502,1502.2,1500.2,1501,9906
2026-07-15T14:30:00+05:30,1501,1502,1500.2,1500.6,5613
2026-07-15T14:35:00+05:30,1501.1,1501.8,1500,1500.9,11525
2026-07-15T14:40:00+05:30,1501.1,1502.9,1499.1,1501.2,22484
2026-07-15T14:45:00+05:30,1501.2,1501.7,1497.4,1497.8,10954
2026-07-15T14:50:00+05:30,1497.9,1498.3,1496.3,1497.6,14813
2026-07-15T14:55:00+05:30,1497.5,1497.6,1495.5,1496.6,21509
2026-07-15T15:00:00+05:30,1496.6,1498.6,1496,1496.3,42876
2026-07-15T15:05:00+05:30,1496.3,1496.4,1493.2,1493.6,31751
2026-07-15T15:10:00+05:30,1493.5,1497.1,1493,1495.4,62963
2026-07-15T15:15:00+05:30,1495.4,1500.2,1495.2,1499.6,59432
2026-07-15T15:20:00+05:30,1499.6,1503.6,1499.2,1502.7,65503
2026-07-15T15:25:00+05:30,1502.7,1503.4,1500,1502.1,85612
2026-07-16T09:15:00+05:30,1510,1525,1508.8,1520.8,103603
2026-07-16T09:20:00+05:30,1520.8,1521.7,1514.2,1517.6,50605
2026-07-16T09:25:00+05:30,1515.5,1521.3,1515.2,1519,30045
2026-07-16T09:30:00+05:30,1518.8,1519.5,1513.6,1513.7,28688
2026-07-16T09:35:00+05:30,1513.5,1517,1513.3,1515.7,15775
2026-07-16T09:40:00+05:30,1515.6,1524.9,1514.3,1520.3,42114
2026-07-16T09:45:00+05:30,1521,1521.8,1517.6,1519.2,30232
2026-07-16T09:50:00+05:30,1519.6,1522.3,1516.6,1522.3,30268
2026-07-16T09:55:00+05:30,1521.7,1527,1521.3,1524.1,92049
2026-07-16T10:00:00+05:30,1524,1532.9,1523.5,1526.4,112074
2026-07-16T10:05:00+05:30,1526.7,1527.9,1522.6,1523.3,44060
2026-07-16T10:10:00+05:30,1523.3,1527.8,1520.4,1527.7,50504
2026-07-16T10:15:00+05:30,1527.7,1536,1527,1533.2,76243
2026-07-16T10:20:00+05:30,1533.2,1534.5,1528.6,1530.2,34451
2026-07-16T10:25:00+05:30,1530.7,1533,1525.9,1526.4,30724
2026-07-16T10:30:00+05:30,1526.4,1530.5,1526.4,1527.8,25757
2026-07-16T10:35:00+05:30,1527.2,1529,1524.1,1526,27341
2026-07-16T10:40:00+05:30,1525.9,1526.3,1523,1524.1,27788
2026-07-16T10:45:00+05:30,1524,1527,1524,1526.4,14139
2026-07-16T10:50:00+05:30,1526.4,1526.8,1521.8,1521.9,29949
2026-07-16T10:55:00+05:30,1523,1526.8,1520.2,1526.8,53380
2026-07-16T11:00:00+05:30,1528,1538.3,1527.2,1534.4,232114
2026-07-16T11:05:00+05:30,1534.7,1536.4,1529.2,1530.3,73712
2026-07-16T11:10:00+05:30,1530.2,1533.9,1529.6,1530.9,15079
2026-07-16T11:15:00+05:30,1530.9,1530.9,1527.3,1528,16287
2026-07-16T11:20:00+05:30,1528.1,1530,1527.7,1529,7703
2026-07-16T11:25:00+05:30,1529,1529.7,1526.2,1529,13842
2026-07-16T11:30:00+05:30,1528.8,1529.4,1527,1527.1,7997
2026-07-16T11:35:00+05:30,1527.4,1532,1527.1,1531,17391
2026-07-16T11:40:00+05:30,1531.5,1532,1524.4,1525.7,28128
2026-07-16T11:45:00+05:30,1525.7,1525.9,1524.5,1524.9,93254
2026-07-16T11:50:00+05:30,1525,1525.3,1523,1525,15708
2026-07-16T11:55:00+05:30,1525,1525,1523,1524.6,12730
2026-07-16T12:00:00+05:30,1523.5,1525.2,1523,1524,10756
2026-07-16T12:05:00+05:30,1524,1524.8,1519.4,1519.9,91998
2026-07-16T12:10:00+05:30,1520,1521.1,1517.6,1519.4,44275
2026-07-16T12:15:00+05:30,1519.1,1520.5,1518.2,1519.9,8277
2026-07-16T12:20:00+05:30,1519.9,1527.8,1519.8,1524.7,198408
2026-07-16T12:25:00+05:30,1524.7,1525.9,1520.3,1524.7,11247
2026-07-16T12:30:00+05:30,1524.5,1524.5,1518.7,1519.6,16091
2026-07-16T12:35:00+05:30,1519.6,1521.4,1518.2,1520.2,25256
2026-07-16T12:40:00+05:30,1520.7,1523.5,1520,1523,10512
2026-07-16T12:45:00+05:30,1523,1523.8,1511.4,1511.9,30127
2026-07-16T12:50:00+05:30,1511.9,1513.7,1510.4,1513.2,33990
2026-07-16T12:55:00+05:30,1513.4,1518.1,1513.4,1517.7,10917
2026-07-16T13:00:00+05:30,1516.4,1517.1,1512.4,1513.7,17675
2026-07-16T13:05:00+05:30,1514.2,1516.6,1513.4,1516,9406
2026-07-16T13:10:00+05:30,1516,1520.5,1515,1519,17769
2026-07-16T13:15:00+05:30,1518.6,1519.9,1516.1,1516.1,9843
2026-07-16T13:20:00+05:30,1516.1,1516.6,1513,1514.4,16133
2026-07-16T13:25:00+05:30,1514.9,1517.2,1514.3,1515.8,6535
2026-07-16T13:30:00+05:30,1516.2,1516.6,1513.6,1514.9,8739
2026-07-16T13:35:00+05:30,1515,1517.7,1514,1515.2,15040
2026-07-16T13:40:00+05:30,1515.2,1516.4,1514.2,1515.6,3834
2026-07-16T13:45:00+05:30,1515.6,1516,1513.8,1514.1,12012
2026-07-16T13:50:00+05:30,1514.6,1515.7,1513.6,1513.6,21487
2026-07-16T13:55:00+05:30,1513.6,1515.9,1513.6,1515.4,20261
2026-07-16T14:00:00+05:30,1515,1516.3,1513.5,1514.4,55650
2026-07-16T14:05:00+05:30,1514.6,1515.3,1513.7,1515,8237
2026-07-16T14:10:00+05:30,1515,1515,1509.5,1510,67254
2026-07-16T14:15:00+05:30,1510,1518.4,1510,1518.1,10780
2026-07-16T14:20:00+05:30,1518.5,1518.9,1515.7,1516.6,15752
2026-07-16T14:25:00+05:30,1516.6,1516.9,1515.3,1515.5,4342
2026-07-16T14:30:00+05:30,1516,1517.8,1514,1514.9,17004
2026-07-16T14:35:00+05:30,1514.1,1515,1512.6,1514.6,11671
2026-07-16T14:40:00+05:30,1514.3,1515.5,1513.4,1514.6,47605
2026-07-16T14:45:00+05:30,1514.7,1515.6,1513.8,1514.4,19100
2026-07-16T14:50:00+05:30,1514.2,1515,1513.4,1514.5,13298
2026-07-16T14:55:00+05:30,1514.5,1515,1514,1514.1,12087
2026-07-16T15:00:00+05:30,1514.5,1514.7,1511.6,1511.6,41824
2026-07-16T15:05:00+05:30,1511.7,1513.7,1511,1513.3,61672
2026-07-16T15:10:00+05:30,1513.2,1514.5,1509.3,1510.9,70513
2026-07-16T15:15:00+05:30,1511.1,1512.1,1508.1,1510.1,94043
2026-07-16T15:20:00+05:30,1509.7,1511.6,1506.1,1507.4,91858
2026-07-16T15:25:00+05:30,1507.3,1515.6,1504.2,1515.6,116181
2026-07-17T09:15:00+05:30,1540,1562.9,1537.5,1552,824271
2026-07-17T09:20:00+05:30,1552,1552.8,1541.4,1548.4,347073
2026-07-17T09:25:00+05:30,1548.6,1559.6,1547.8,1557,262889
2026-07-17T09:30:00+05:30,1556.3,1558.5,1547.3,1551.5,264306
2026-07-17T09:35:00+05:30,1551.8,1553,1544,1544.8,173914
2026-07-17T09:40:00+05:30,1543.3,1549,1540,1546,425855
2026-07-17T09:45:00+05:30,1546.3,1547.7,1534.8,1536,189784
2026-07-17T09:50:00+05:30,1537.5,1544.3,1532.5,1542.9,171926
2026-07-17T09:55:00+05:30,1542.8,1554.5,1541.3,1550,220080
2026-07-17T10:00:00+05:30,1549.9,1555.1,1549,1552,140557
2026-07-17T10:05:00+05:30,1552,1554.9,1551.5,1554.6,63382
2026-07-17T10:10:00+05:30,1554.6,1555.8,1550.3,1552.4,85356
2026-07-17T10:15:00+05:30,1552.4,1553.9,1548.1,1549,114672
2026-07-17T10:20:00+05:30,1549,1551,1546.1,1546.2,332010
2026-07-17T10:25:00+05:30,1546.6,1547.7,1534,1535.4,180685
2026-07-17T10:30:00+05:30,1536.1,1539.5,1531.3,1538,216807
2026-07-17T10:35:00+05:30,1538,1540.6,1536.3,1537.1,242818
2026-07-17T10:40:00+05:30,1537.2,1539,1534.1,1535,91225
2026-07-17T10:45:00+05:30,1535,1539,1534.5,1537,37902
2026-07-17T10:50:00+05:30,1537,1538.7,1534.2,1534.7,49290
2026-07-17T10:55:00+05:30,1534.5,1535.6,1532,1534.4,56811
2026-07-17T11:00:00+05:30,1534.4,1535.9,1533.8,1534.9,55504
2026-07-17T11:05:00+05:30,1535,1535.2,1534,1534.8,20962
2026-07-17T11:10:00+05:30,1535,1536,1533.2,1534.2,45512
2026-07-17T11:15:00+05:30,1533.9,1535,1532.8,1532.8,22744
2026-07-17T11:20:00+05:30,1533.4,1538.9,1533.2,1535.6,86705
2026-07-17T11:25:00+05:30,1535.5,1535.5,1527.3,1530.4,147622
2026-07-17T11:30:00+05:30,1530,1539.2,1529.2,1538.1,219513
2026-07-17T11:35:00+05:30,1538.6,1544.2,1537,1541.2,183565
2026-07-17T11:40:00+05:30,1541.7,1547,1540.1,1540.1,84267
2026-07-17T11:45:00+05:30,1540.1,1541,1537.2,1537.5,45622
2026-07-17T11:50:00+05:30,1538.3,1542.2,1537.5,1542.2,56361
2026-07-17T11:55:00+05:30,1542.1,1542.3,1537.5,1538.8,56512
2026-07-17T12:00:00+05:30,1538.5,1539,1537.5,1538.3,21071
2026-07-17T12:05:00+05:30,1537.8,1546.7,1537.4,1544.1,602685
2026-07-17T12:10:00+05:30,1544.1,1546.6,1537,1539.1,115021
2026-07-17T12:15:00+05:30,1539.1,1539.9,1537.1,1538.3,68713
2026-07-17T12:20:00+05:30,1538.7,1542.2,1537.8,1541.8,28260
2026-07-17T12:25:00+05:30,1541.9,1553.5,1541.2,1551.9,185207
2026-07-17T12:30:00+05:30,1552.4,1560.8,1551.6,1556.7,247435
2026-07-17T12:35:00+05:30,1557,1557.7,1553.5,1554.1,83817
2026-07-17T12:40:00+05:30,1554.5,1556,1550.7,1555.2,85407
2026-07-17T12:45:00+05:30,1555.2,1558,1554.8,1557.1,65872
2026-07-17T12:50:00+05:30,1556.5,1558.6,1552.6,1558.6,61066
2026-07-17T12:55:00+05:30,1558.8,1563.8,1555.3,1563.1,125694
2026-07-17T13:00:00+05:30,1563.5,1564.8,1560.6,1561.8,82453
2026-07-17T13:05:00+05:30,1561.8,1561.8,1560,1560,40538
2026-07-17T13:10:00+05:30,1560.3,1561.6,1560,1560.6,28176
2026-07-17T13:15:00+05:30,1560,1563.9,1559,1563.4,67342
2026-07-17T13:20:00+05:30,1563.7,1564.5,1562.7,1563.2,62148
2026-07-17T13:25:00+05:30,1563.2,1569.9,1563.2,1569.1,212664
2026-07-17T13:30:00+05:30,1569.4,1570.9,1566,1570,115518
2026-07-17T13:35:00+05:30,1570.8,1574,1567.6,1568.4,178344
2026-07-17T13:40:00+05:30,1568.5,1572.9,1568.1,1571.7,67173
2026-07-17T13:45:00+05:30,1571.9,1574.8,1571.5,1574.8,80399
2026-07-17T13:50:00+05:30,1574.9,1576,1570.5,1571.5,187189
2026-07-17T13:55:00+05:30,1571.5,1578.7,1571.5,1577.8,215275
2026-07-17T14:00:00+05:30,1577.6,1579.7,1575.3,1577,137729
2026-07-17T14:05:00+05:30,1576.9,1579.9,1574.3,1576.5,96335
2026-07-17T14:10:00+05:30,1576.8,1577.4,1574.2,1576.6,121325
2026-07-17T14:15:00+05:30,1576.6,1579,1575.1,1575.1,73696
2026-07-17T14:20:00+05:30,1575.4,1575.8,1572.2,1574.4,67577
2026-07-17T14:25:00+05:30,1574,1575.5,1573.8,1574.7,25584
2026-07-17T14:30:00+05:30,1574.7,1578.5,1574.2,1578.3,82818
2026-07-17T14:35:00+05:30,1578.7,1582,1577.2,1581,103028
2026-07-17T14:40:00+05:30,1580.8,1581.3,1578.3,1580.1,54337
2026-07-17T14:45:00+05:30,1580.1,1584.3,1580,1583,91177
2026-07-17T14:50:00+05:30,1583.5,1585,1582.9,1584.5,85466
2026-07-17T14:55:00+05:30,1584.5,1584.7,1582,1582.6,57400
2026-07-17T15:00:00+05:30,1582.6,1583.9,1582.1,1582.8,64699
2026-07-17T15:05:00+05:30,1583.2,1583.9,1582.1,1583.2,54161
2026-07-17T15:10:00+05:30,1583.2,1583.9,1579,1581.1,130629
2026-07-17T15:15:00+05:30,1580.6,1581.8,1569.1,1569.8,237478
2026-07-17T15:20:00+05:30,1569.8,1570.4,1564.4,1565,333377
2026-07-17T15:25:00+05:30,1564.9,1572.3,1563.9,1571,182646
2026-07-20T09:15:00+05:30,1577.6,1605,1576,1601.5,326206
2026-07-20T09:20:00+05:30,1601,1608,1595.3,1595.8,188808
2026-07-20T09:25:00+05:30,1596.8,1596.8,1583.4,1588,120131
2026-07-20T09:30:00+05:30,1588.4,1595,1583.5,1589.4,78673
2026-07-20T09:35:00+05:30,1589.2,1593.2,1581.3,1583,72863
2026-07-20T09:40:00+05:30,1583,1588.9,1582.7,1587.1,43054
2026-07-20T09:45:00+05:30,1587.1,1589.1,1581,1582.7,48011
2026-07-20T09:50:00+05:30,1582.7,1588,1581.2,1585,29963
2026-07-20T09:55:00+05:30,1585.6,1592.5,1585,1586.7,47619
2026-07-20T10:00:00+05:30,1586.7,1589.5,1585,1585.3,20730
2026-07-20T10:05:00+05:30,1585.4,1585.5,1580.6,1582.5,50041
2026-07-20T10:10:00+05:30,1582.3,1584.7,1578.6,1579,37054
2026-07-20T10:15:00+05:30,1579,1583.9,1577.3,1583,47691
2026-07-20T10:20:00+05:30,1583.7,1588.9,1583,1588.7,27125
2026-07-20T10:25:00+05:30,1587.5,1588.3,1585.3,1585.5,11153
2026-07-20T10:30:00+05:30,1585.5,1589.1,1585.2,1588.1,17082
2026-07-20T10:35:00+05:30,1589.1,1589.1,1585.9,1587.5,12686
2026-07-20T10:40:00+05:30,1587.5,1588.3,1586,1587.3,11319
2026-07-20T10:45:00+05:30,1587,1587.9,1586,1587.5,10157
2026-07-20T10:50:00+05:30,1587.9,1587.9,1585,1585.8,13731
2026-07-20T10:55:00+05:30,1585.8,1587,1583,1586.6,13701
2026-07-20T11:00:00+05:30,1586.9,1589,1586.5,1586.7,18047
2026-07-20T11:05:00+05:30,1587.3,1588,1585,1587.3,7799
2026-07-20T11:10:00+05:30,1586.9,1586.9,1585.5,1585.8,10108
2026-07-20T11:15:00+05:30,1586,1587,1585,1585.7,9576
2026-07-20T11:20:00+05:30,1586.2,1587.7,1585,1585.6,9252
2026-07-20T11:25:00+05:30,1585.6,1587.8,1581.4,1581.5,34262
2026-07-20T11:30:00+05:30,1582.1,1584.9,1581.4,1584,11241
2026-07-20T11:35:00+05:30,1584.5,1585,1582.5,1583,17179
2026-07-20T11:40:00+05:30,1583,1583,1581,1581.1,9774
2026-07-20T11:45:00+05:30,1581.3,1584.1,1581.1,1581.5,14552
2026-07-20T11:50:00+05:30,1581.9,1582.3,1580.3,1581.3,11414
2026-07-20T11:55:00+05:30,1581.3,1581.8,1580.1,1581.5,25326
2026-07-20T12:00:00+05:30,1580.7,1581.5,1577.8,1579,40249
2026-07-20T12:05:00+05:30,1579,1586.7,1578.8,1586.7,24106
2026-07-20T12:10:00+05:30,1586,1586.9,1582,1582.1,11483
2026-07-20T12:15:00+05:30,1582,1583.3,1582,1582.3,9685
2026-07-20T12:20:00+05:30,1582.2,1583,1581.6,1582.6,8814
2026-07-20T12:25:00+05:30,1582.6,1583.5,1580.2,1580.4,16954
2026-07-20T12:30:00+05:30,1580.8,1581,1579.1,1580,15772
2026-07-20T12:35:00+05:30,1580.5,1583.8,1579.6,1583.1,14026
2026-07-20T12:40:00+05:30,1583.1,1583.9,1582.1,1582.8,10693
2026-07-20T12:45:00+05:30,1582.8,1583.8,1582,1583.1,10436
2026-07-20T12:50:00+05:30,1582.8,1583.7,1582.5,1583.1,7884
2026-07-20T12:55:00+05:30,1582.7,1585,1582.4,1583.1,10864
2026-07-20T13:00:00+05:30,1583.1,1585,1583.1,1584.5,11021
2026-07-20T13:05:00+05:30,1584.4,1585.7,1582.9,1583.2,7455
2026-07-20T13:10:00+05:30,1583.2,1586,1582.7,1586,11383
2026-07-20T13:15:00+05:30,1585.9,1586,1583.2,1584.2,11074
2026-07-20T13:20:00+05:30,1584.2,1584.7,1581.8,1584.7,8034
2026-07-20T13:25:00+05:30,1584.7,1584.7,1581.5,1582.6,9053
2026-07-20T13:30:00+05:30,1582.6,1584.1,1580,1580.6,10334
2026-07-20T13:35:00+05:30,1580.6,1582,1579.9,1580.8,10423
2026-07-20T13:40:00+05:30,1580.5,1581.6,1580.1,1581.2,8017
2026-07-20T13:45:00+05:30,1581.2,1582.4,1580.1,1580.2,5588
2026-07-20T13:50:00+05:30,1580.2,1582.2,1580,1580.2,6293
2026-07-20T13:55:00+05:30,1580.6,1582.1,1580,1582,9773
2026-07-20T14:00:00+05:30,1582.1,1582.1,1580.6,1581.9,10581
2026-07-20T14:05:00+05:30,1581.9,1581.9,1580.3,1580.6,5900
2026-07-20T14:10:00+05:30,1580.3,1582.4,1580,1580.8,13342
2026-07-20T14:15:00+05:30,1581.1,1582.7,1579.2,1582.3,13265
2026-07-20T14:20:00+05:30,1582.8,1582.8,1578,1578.1,22406
2026-07-20T14:25:00+05:30,1578.1,1578.5,1577,1577.1,18043
2026-07-20T14:30:00+05:30,1577.3,1579.7,1577,1579.7,27162
2026-07-20T14:35:00+05:30,1579.7,1580.2,1577.6,1580,30546
2026-07-20T14:40:00+05:30,1580.8,1581.6,1579.4,1580.8,18808
2026-07-20T14:45:00+05:30,1581.2,1581.8,1580.2,1581,27911
2026-07-20T14:50:00+05:30,1581.5,1581.7,1579.2,1579.6,25794
2026-07-20T14:55:00+05:30,1579.6,1582.5,1579.6,1582,33231
2026-07-20T15:00:00+05:30,1582.4,1582.4,1577.2,1578,40952
2026-07-20T15:05:00+05:30,1578,1578.2,1576.7,1578,39142
2026-07-20T15:10:00+05:30,1578.1,1578.5,1576.9,1577.3,43913
2026-07-20T15:15:00+05:30,1577.3,1578,1576.5,1577,45143
2026-07-20T15:20:00+05:30,1577.1,1577.1,1572.4,1576.3,128081
2026-07-20T15:25:00+05:30,1576.2,1576.3,1573.6,1575.4,70619
2026-07-21T09:15:00+05:30,1577,1596,1576.4,1590.3,158989
2026-07-21T09:20:00+05:30,1590.8,1603,1590.5,1603,125319
2026-07-21T09:25:00+05:30,1602.5,1609,1599,1607.5,169744
2026-07-21T09:30:00+05:30,1607.1,1613,1605,1612.5,188491
2026-07-21T09:35:00+05:30,1612.2,1614.6,1602,1602,175287
2026-07-21T09:40:00+05:30,1602.3,1604,1599.2,1601.4,77990
2026-07-21T09:45:00+05:30,1601,1603.8,1596,1597.9,76948
2026-07-21T09:50:00+05:30,1597.9,1600.3,1597.7,1599,33903
2026-07-21T09:55:00+05:30,1598.5,1600.9,1598.4,1600.5,32383
2026-07-21T10:00:00+05:30,1600.3,1602.5,1599,1601.6,41930
2026-07-21T10:05:00+05:30,1601.5,1603.9,1600.8,1602.9,33900
2026-07-21T10:10:00+05:30,1603,1604.6,1600,1603.6,27717
2026-07-21T10:15:00+05:30,1603.6,1603.9,1600,1600.5,13394
2026-07-21T10:20:00+05:30,1600.5,1600.5,1594.4,1595.5,65147
2026-07-21T10:25:00+05:30,1596.2,1597.3,1587.6,1589.7,140374
2026-07-21T10:30:00+05:30,1589.5,1590.5,1589,1589.7,30618
2026-07-21T10:35:00+05:30,1589.7,1590,1587.6,1589.4,38886
2026-07-21T10:40:00+05:30,1589.4,1590,1589,1589.6,9588
2026-07-21T10:45:00+05:30,1590,1590.4,1587.8,1588.4,13466
2026-07-21T10:50:00+05:30,1588.3,1588.3,1586.9,1587.9,12213
2026-07-21T10:55:00+05:30,1587.9,1590.5,1587.4,1588.5,42369
2026-07-21T11:00:00+05:30,1589,1590,1587.2,1587.9,17934
2026-07-21T11:05:00+05:30,1587.7,1590.5,1587.7,1590.3,9511
2026-07-21T11:10:00+05:30,1590.3,1590.9,1588.5,1588.9,11481
2026-07-21T11:15:00+05:30,1588.5,1588.9,1585.5,1587,22393
2026-07-21T11:20:00+05:30,1586.7,1587.4,1586.5,1587,9456
2026-07-21T11:25:00+05:30,1587,1589,1586.7,1588.5,16503
2026-07-21T11:30:00+05:30,1588.7,1589.3,1588.1,1588.8,6716
2026-07-21T11:35:00+05:30,1588.8,1589,1585,1586.1,16706
2026-07-21T11:40:00+05:30,1586.1,1588.2,1586,1586.4,7502
2026-07-21T11:45:00+05:30,1586.4,1587.7,1586.1,1587.6,7722
2026-07-21T11:50:00+05:30,1587.7,1589.2,1587.1,1588.9,8494
2026-07-21T11:55:00+05:30,1588.9,1590,1588.3,1588.5,13908
2026-07-21T12:00:00+05:30,1588.4,1589.2,1587.8,1588.7,8644
2026-07-21T12:05:00+05:30,1588.6,1588.8,1587,1587.6,11330
2026-07-21T12:10:00+05:30,1587.9,1588,1586.4,1587.2,7942
2026-07-21T12:15:00+05:30,1587.2,1587.2,1582.8,1584.3,20813
2026-07-21T12:20:00+05:30,1584.8,1586.5,1584.2,1585.8,14523
2026-07-21T12:25:00+05:30,1585.8,1586.2,1582.8,1583.3,12416
2026-07-21T12:30:00+05:30,1583.5,1584.3,1582.5,1583.4,16648
2026-07-21T12:35:00+05:30,1583.4,1585.7,1583.1,1584,11288
2026-07-21T12:40:00+05:30,1584,1585,1581.7,1582.7,22174
2026-07-21T12:45:00+05:30,1582.7,1583,1580.3,1581.1,12869
2026-07-21T12:50:00+05:30,1581.7,1583,1581.5,1583,7178
2026-07-21T12:55:00+05:30,1583,1583,1580.2,1582,31118
2026-07-21T13:00:00+05:30,1582,1582,1580.7,1582,7980
2026-07-21T13:05:00+05:30,1582,1583.8,1580.6,1581.1,12643
2026-07-21T13:10:00+05:30,1581.1,1581.5,1578.2,1578.7,32363
2026-07-21T13:15:00+05:30,1578.7,1579.5,1578.1,1578.6,16208
2026-07-21T13:20:00+05:30,1578.6,1579.7,1578,1578.5,12050
2026-07-21T13:25:00+05:30,1578.9,1579.9,1576.3,1577,20675
2026-07-21T13:30:00+05:30,1576.9,1577,1574.6,1576.9,32719
2026-07-21T13:35:00+05:30,1576.9,1579.8,1576.4,1578.7,16411
2026-07-21T13:40:00+05:30,1578.1,1579.3,1577.4,1578.9,12503
2026-07-21T13:45:00+05:30,1578.6,1578.9,1577.1,1578.1,15510
2026-07-21T13:50:00+05:30,1577.5,1578.5,1577.4,1577.8,17293
2026-07-21T13:55:00+05:30,1578.3,1578.3,1576.9,1577,20281
2026-07-21T14:00:00+05:30,1577.5,1579.2,1576.8,1578.1,13782
2026-07-21T14:05:00+05:30,1578.7,1578.7,1576,1577.1,19851
2026-07-21T14:10:00+05:30,1576.9,1578.7,1575.9,1578,20501
2026-07-21T14:15:00+05:30,1578,1578.6,1577,1577,15682
2026-07-21T14:20:00+05:30,1577.4,1578.8,1576.9,1577.2,18748
2026-07-21T14:25:00+05:30,1576.9,1576.9,1574.5,1575.8,18322
2026-07-21T14:30:00+05:30,1575,1577,1575,1576.1,24710
2026-07-21T14:35:00+05:30,1576.1,1576.9,1572.9,1574.4,26117
2026-07-21T14:40:00+05:30,1574.4,1575,1573.8,1575,14636
2026-07-21T14:45:00+05:30,1574.9,1575,1572,1573.4,20613
2026-07-21T14:50:00+05:30,1573,1574.6,1572.8,1574.5,27592
2026-07-21T14:55:00+05:30,1575,1578.1,1574.2,1577.1,27016
2026-07-21T15:00:00+05:30,1576.8,1577.7,1575.8,1576.3,48347
2026-07-21T15:05:00+05:30,1576.3,1576.8,1575.7,1576.7,40431
2026-07-21T15:10:00+05:30,1576.9,1578,1575.3,1576.4,61216
2026-07-21T15:15:00+05:30,1576.3,1576.8,1575.9,1576.5,50868
2026-07-21T15:20:00+05:30,1576.2,1577.1,1574.3,1576.7,56048
2026-07-21T15:25:00+05:30,1577.6,1577.7,1575,1577.4,58744
2026-07-22T09:15:00+05:30,1574.1,1574.1,1551.6,1559.9,62031
2026-07-22T09:20:00+05:30,1559.8,1562.3,1558,1562.3,28811
2026-07-22T09:25:00+05:30,1562.6,1565,1561,1563.6,28564
2026-07-22T09:30:00+05:30,1563.3,1563.9,1561.3,1562.9,13018
2026-07-22T09:35:00+05:30,1563.3,1563.4,1555.9,1556.6,35624
2026-07-22T09:40:00+05:30,1556.7,1561.7,1555.7,1561.2,36370
2026-07-22T09:45:00+05:30,1560.8,1562,1559.5,1560.1,12105
2026-07-22T09:50:00+05:30,1560,1563.5,1559.6,1559.9,17692
2026-07-22T09:55:00+05:30,1560.5,1562.9,1558.9,1562.7,19221
2026-07-22T10:00:00+05:30,1563,1563,1559.2,1560.1,7977
2026-07-22T10:05:00+05:30,1561,1568,1559.5,1565.7,25581
2026-07-22T10:10:00+05:30,1565.6,1567,1564.3,1565.2,12679
2026-07-22T10:15:00+05:30,1565.2,1567,1563.6,1566,17273
2026-07-22T10:20:00+05:30,1566.8,1568,1560.7,1560.7,18602
2026-07-22T10:25:00+05:30,1560.3,1560.6,1557.5,1559.4,44852
2026-07-22T10:30:00+05:30,1559.7,1561.1,1558.3,1558.3,26738
2026-07-22T10:35:00+05:30,1558.7,1560.1,1558.3,1559.9,7759
2026-07-22T10:40:00+05:30,1559.9,1560.8,1559.1,1560.2,4186
2026-07-22T10:45:00+05:30,1560.2,1561.8,1558.3,1559.4,12403
2026-07-22T10:50:00+05:30,1559.7,1560.2,1558.9,1559.5,7980
2026-07-22T10:55:00+05:30,1559.5,1563.8,1559.5,1563.3,7916
2026-07-22T11:00:00+05:30,1563.3,1563.6,1561.8,1562.6,5158
2026-07-22T11:05:00+05:30,1562.6,1564.9,1562.6,1564.8,6569
2026-07-22T11:10:00+05:30,1564.9,1565.9,1563,1563.2,7731
2026-07-22T11:15:00+05:30,1563.2,1565,1562.8,1565,4805
2026-07-22T11:20:00+05:30,1565,1567.2,1564,1566.6,5294
2026-07-22T11:25:00+05:30,1567.1,1567.8,1566.4,1566.7,4929
2026-07-22T11:30:00+05:30,1566.4,1567.1,1564.5,1565.2,5110
2026-07-22T11:35:00+05:30,1565.4,1567.5,1565.4,1567,3699
2026-07-22T11:40:00+05:30,1567,1568.9,1566.8,1568,14363
2026-07-22T11:45:00+05:30,1568.5,1569,1566.8,1567.7,6095
2026-07-22T11:50:00+05:30,1567.7,1568.4,1566.7,1567.4,6944
2026-07-22T11:55:00+05:30,1567.4,1567.6,1564.3,1565.5,5236
2026-07-22T12:00:00+05:30,1565.6,1565.8,1564.3,1565.4,6138
2026-07-22T12:05:00+05:30,1565.6,1566.4,1565,1565,4019
2026-07-22T12:10:00+05:30,1565.2,1566.1,1564.7,1565.3,4342
2026-07-22T12:15:00+05:30,1565.5,1566.2,1563,1563.7,11046
2026-07-22T12:20:00+05:30,1562.8,1563.2,1560.1,1562,9847
2026-07-22T12:25:00+05:30,1562,1562.6,1559.4,1559.8,10207
2026-07-22T12:30:00+05:30,1559.9,1561,1558,1559.7,5475
2026-07-22T12:35:00+05:30,1559.7,1559.7,1557.8,1559.4,10682
2026-07-22T12:40:00+05:30,1559,1559.8,1557.7,1559.8,9037
2026-07-22T12:45:00+05:30,1559.8,1561.4,1558.6,1561,4726
2026-07-22T12:50:00+05:30,1561.1,1562.2,1560,1561.6,4713
2026-07-22T12:55:00+05:30,1561.2,1561.8,1559,1559,3636
2026-07-22T13:00:00+05:30,1559.4,1560.4,1559,1559.5,5064
2026-07-22T13:05:00+05:30,1559.9,1559.9,1557.5,1558,3926
2026-07-22T13:10:00+05:30,1558.1,1559.7,1556.7,1559.5,6680
2026-07-22T13:15:00+05:30,1559.7,1560.7,1559,1560,3100
2026-07-22T13:20:00+05:30,1559.7,1561,1559.5,1560.2,2346
2026-07-22T13:25:00+05:30,1559.7,1560.8,1559,1559.6,4785
2026-07-22T13:30:00+05:30,1559.4,1562.6,1559,1561.8,7519
2026-07-22T13:35:00+05:30,1561.8,1563.7,1561,1562.6,8102
2026-07-22T13:40:00+05:30,1562.4,1563,1561.2,1562.6,4543
2026-07-22T13:45:00+05:30,1562.4,1562.7,1561.2,1561.5,5951
2026-07-22T13:50:00+05:30,1561.7,1562.1,1559.2,1561.4,6863
2026-07-22T13:55:00+05:30,1561.4,1561.7,1560.5,1560.7,4854
2026-07-22T14:00:00+05:30,1560.6,1562,1559.5,1561.3,10007
2026-07-22T14:05:00+05:30,1561.6,1563.5,1560.7,1561.9,4340
2026-07-22T14:10:00+05:30,1561.9,1562.7,1560.7,1561.8,7612
2026-07-22T14:15:00+05:30,1561.6,1563.5,1561.6,1561.8,2270
2026-07-22T14:20:00+05:30,1561.9,1562.5,1560.6,1560.9,3958
2026-07-22T14:25:00+05:30,1560.7,1561,1558.6,1558.7,8819
2026-07-22T14:30:00+05:30,1558.9,1559.4,1558,1559,5460
2026-07-22T14:35:00+05:30,1559.5,1562,1559,1560.5,3563
2026-07-22T14:40:00+05:30,1560.5,1561,1558,1559.4,9676
2026-07-22T14:45:00+05:30,1559.7,1560.5,1558.2,1559,3174
2026-07-22T14:50:00+05:30,1559,1560.8,1559,1559.9,4200
2026-07-22T14:55:00+05:30,1559.9,1560.9,1558.9,1560.6,8398
2026-07-22T15:00:00+05:30,1560.9,1563.2,1560.9,1561.7,22384
2026-07-22T15:05:00+05:30,1562,1563.8,1561.1,1563.1,35072
2026-07-22T15:10:00+05:30,1562.7,1563.3,1562.2,1562.3,25350
2026-07-22T15:15:00+05:30,1562.7,1562.9,1558.7,1559.1,52562
2026-07-22T15:20:00+05:30,1558.7,1559.4,1558.1,1559.4,47378
2026-07-22T15:25:00+05:30,1559.7,1560.8,1557.6,1558.4,45237
2026-07-23T09:15:00+05:30,1550,1558.4,1539,1556.9,40611
2026-07-23T09:20:00+05:30,1556.8,1557.7,1554.7,1556.1,11516
2026-07-23T09:25:00+05:30,1556.2,1556.2,1551.7,1552,17140
2026-07-23T09:30:00+05:30,1552.1,1553.4,1550,1552.6,7836
2026-07-23T09:35:00+05:30,1552.9,1559,1552.8,1559,10825
2026-07-23T09:40:00+05:30,1558.4,1560,1556,1556.3,9989
2026-07-23T09:45:00+05:30,1556.5,1562.9,1556.5,1561.6,35586
2026-07-23T09:50:00+05:30,1561.9,1564.1,1560.2,1560.9,10318
2026-07-23T09:55:00+05:30,1560.9,1562.5,1558.6,1561,7527
2026-07-23T10:00:00+05:30,1560.5,1563.2,1560.1,1561.5,6253
2026-07-23T10:05:00+05:30,1561.4,1562.8,1560,1561.7,4588
2026-07-23T10:10:00+05:30,1562,1565,1562,1563.5,11555
2026-07-23T10:15:00+05:30,1563.5,1566,1558.2,1559.2,17560
2026-07-23T10:20:00+05:30,1559,1560.4,1558,1559.3,22485
2026-07-23T10:25:00+05:30,1558.6,1558.9,1556.9,1558,23064
2026-07-23T10:30:00+05:30,1558,1559.7,1555.6,1558,34579
2026-07-23T10:35:00+05:30,1557.9,1560.3,1557.3,1559,26426
2026-07-23T10:40:00+05:30,1559,1562.7,1558.5,1562,28448
2026-07-23T10:45:00+05:30,1562.1,1564.8,1561.8,1562,19228
2026-07-23T10:50:00+05:30,1562,1563.8,1560,1560,22863
2026-07-23T10:55:00+05:30,1560,1560,1554,1556.5,67802
2026-07-23T11:00:00+05:30,1556.5,1558,1555.1,1555.3,11631
2026-07-23T11:05:00+05:30,1555.4,1557.5,1554.6,1556.7,31854
2026-07-23T11:10:00+05:30,1556.7,1559.9,1555.6,1558.4,20309
2026-07-23T11:15:00+05:30,1558.4,1562,1558.4,1561.8,28714
2026-07-23T11:20:00+05:30,1561.8,1562.6,1560,1560.3,17910
2026-07-23T11:25:00+05:30,1559.7,1561.6,1557.5,1558.5,34226
2026-07-23T11:30:00+05:30,1558.5,1560.4,1557.8,1559.3,20861
2026-07-23T11:35:00+05:30,1559.1,1561.5,1556.4,1558.8,29344
2026-07-23T11:40:00+05:30,1558.8,1560.7,1558.3,1559.6,21898
2026-07-23T11:45:00+05:30,1559.6,1560.7,1557.5,1559.6,27146
2026-07-23T11:50:00+05:30,1559.6,1561.2,1558.3,1559.6,18000
2026-07-23T11:55:00+05:30,1559.8,1561,1558.5,1559.4,26537
2026-07-23T12:00:00+05:30,1559.4,1561.5,1559.4,1560.1,20662
2026-07-23T12:05:00+05:30,1560.1,1567.6,1560,1565.1,45912
2026-07-23T12:10:00+05:30,1564.9,1565.9,1560.2,1561.1,33171
2026-07-23T12:15:00+05:30,1561.1,1561.6,1560,1560,15866
2026-07-23T12:20:00+05:30,1560.1,1560.6,1557.3,1559,21884
2026-07-23T12:25:00+05:30,1559,1559,1557.5,1557.6,21314
2026-07-23T12:30:00+05:30,1557.6,1557.6,1555.2,1556.3,30788
2026-07-23T12:35:00+05:30,1556.3,1556.4,1554,1554,22208
2026-07-23T12:40:00+05:30,1554,1554.9,1552.5,1553.9,25672
2026-07-23T12:45:00+05:30,1553.5,1554.7,1551.1,1551.1,23303
2026-07-23T12:50:00+05:30,1551.2,1553,1549,1549.5,41175
2026-07-23T12:55:00+05:30,1549.7,1550.2,1548.1,1548.1,64437
2026-07-23T13:00:00+05:30,1547.4,1548.1,1546.2,1546.2,34827
2026-07-23T13:05:00+05:30,1546.3,1547,1545,1546.8,48773
2026-07-23T13:10:00+05:30,1546.6,1548.6,1546.2,1546.2,40167
2026-07-23T13:15:00+05:30,1546.1,1548.4,1544.6,1547.7,56797
2026-07-23T13:20:00+05:30,1548.1,1548.9,1545.8,1547.5,70290
2026-07-23T13:25:00+05:30,1547.6,1549.5,1547.4,1548.6,32089
2026-07-23T13:30:00+05:30,1548.4,1550.8,1548,1549.5,29513
2026-07-23T13:35:00+05:30,1549.5,1552.7,1549,1552.1,29483
2026-07-23T13:40:00+05:30,1552.6,1554,1552,1552.9,31074
2026-07-23T13:45:00+05:30,1553,1554,1550.6,1552.7,28674
2026-07-23T13:50:00+05:30,1552.7,1555,1552.7,1553.9,28166
2026-07-23T13:55:00+05:30,1554,1555.2,1553.9,1555,20345
2026-07-23T14:00:00+05:30,1555,1556,1554.8,1555.2,25121
2026-07-23T14:05:00+05:30,1555.3,1556.4,1553.9,1555.7,39175
2026-07-23T14:10:00+05:30,1555.7,1556.9,1554.5,1554.5,17966
2026-07-23T14:15:00+05:30,1554.5,1556.4,1553.8,1555.2,31056
2026-07-23T14:20:00+05:30,1555.2,1557.4,1554.4,1556.5,36826
2026-07-23T14:25:00+05:30,1556.5,1558.4,1556.3,1557.7,30273
2026-07-23T14:30:00+05:30,1557.7,1559.8,1556.8,1559.4,29398
2026-07-23T14:35:00+05:30,1559.4,1559.7,1554.8,1555.2,35905
2026-07-23T14:40:00+05:30,1555.2,1555.2,1553.1,1554.8,35523
2026-07-23T14:45:00+05:30,1554.5,1554.8,1550.3,1552.1,52379
2026-07-23T14:50:00+05:30,1552.1,1554.6,1550.8,1554.5,35355
2026-07-23T14:55:00+05:30,1555.1,1555.5,1553.9,1554.2,30800
2026-07-23T15:00:00+05:30,1553.2,1556.1,1552.4,1555.5,68408
2026-07-23T15:05:00+05:30,1555.6,1555.6,1551.9,1554.4,118926
2026-07-23T15:10:00+05:30,1553.4,1553.5,1551.9,1553.4,70440
2026-07-23T15:15:00+05:30,1553.4,1556.8,1552.6,1556.3,71776
2026-07-23T15:20:00+05:30,1555.6,1561.3,1555.2,1561,59319
2026-07-23T15:25:00+05:30,1560.9,1566.3,1558.8,1566.3,92770
2026-07-24T09:15:00+05:30,1549,1576.6,1548.2,1576.2,100026
2026-07-24T09:20:00+05:30,1575.9,1579.8,1568.1,1569.1,91789
2026-07-24T09:25:00+05:30,1569.1,1569.1,1560.4,1563.9,48843
2026-07-24T09:30:00+05:30,1564,1568.7,1563.3,1564.8,30081
2026-07-24T09:35:00+05:30,1564.8,1566.7,1550.4,1550.6,31207
2026-07-24T09:40:00+05:30,1551.4,1553,1548,1552.2,20383
2026-07-24T09:45:00+05:30,1552.2,1556.8,1552.1,1554.4,14317
2026-07-24T09:50:00+05:30,1553.8,1555.9,1550.6,1554.5,21544
2026-07-24T09:55:00+05:30,1554.5,1554.5,1546.3,1546.3,24034
2026-07-24T10:00:00+05:30,1546.7,1547.7,1545.1,1547.5,12038
2026-07-24T10:05:00+05:30,1547.4,1547.4,1543,1544,11957
2026-07-24T10:10:00+05:30,1544.2,1544.2,1541.5,1543,8765
2026-07-24T10:15:00+05:30,1542.9,1546.7,1541.1,1545.4,11849
2026-07-24T10:20:00+05:30,1545.5,1545.5,1539,1541.9,19602
2026-07-24T10:25:00+05:30,1541.6,1544.9,1539.1,1539.5,24508
2026-07-24T10:30:00+05:30,1539.5,1540.2,1535,1535.8,21826
2026-07-24T10:35:00+05:30,1535.8,1540.7,1535.8,1538,10450
2026-07-24T10:40:00+05:30,1538,1540,1537.3,1540,7874
2026-07-24T10:45:00+05:30,1540,1542.3,1538.8,1542.3,7847
2026-07-24T10:50:00+05:30,1542.3,1543.9,1537.3,1538.6,12750
2026-07-24T10:55:00+05:30,1538.5,1540.5,1538.1,1538.6,7330
2026-07-24T11:00:00+05:30,1538.7,1540.4,1538.4,1538.6,5469
2026-07-24T11:05:00+05:30,1539,1539,1537,1537.8,5819
2026-07-24T11:10:00+05:30,1538.2,1539,1537,1537.6,3985
2026-07-24T11:15:00+05:30,1537.6,1539.7,1537.5,1538.8,3533
2026-07-24T11:20:00+05:30,1538.8,1539.4,1538,1538,2666
2026-07-24T11:25:00+05:30,1538.2,1538.2,1535.5,1536,5020
2026-07-24T11:30:00+05:30,1536,1536,1531.1,1534,19803
2026-07-24T11:35:00+05:30,1534,1536.4,1533.8,1536,6017
2026-07-24T11:40:00+05:30,1536.9,1541.5,1536.9,1540.6,9013
2026-07-24T11:45:00+05:30,1540.4,1542.2,1540.3,1540.8,10087
2026-07-24T11:50:00+05:30,1540.8,1542.6,1538.9,1541.9,13274
2026-07-24T11:55:00+05:30,1541.7,1541.7,1537.4,1540,4320
2026-07-24T12:00:00+05:30,1539.5,1540.4,1537.7,1538.4,3832
2026-07-24T12:05:00+05:30,1539,1539,1536.7,1538.3,3457
2026-07-24T12:10:00+05:30,1538.4,1538.6,1536.3,1537.2,10185
2026-07-24T12:15:00+05:30,1537.1,1539.6,1537,1539.3,6722
2026-07-24T12:20:00+05:30,1539.5,1543.8,1538.4,1543.3,10877
2026-07-24T12:25:00+05:30,1543.3,1543.8,1542,1542.8,9460
2026-07-24T12:30:00+05:30,1542.8,1543.4,1540.8,1541.7,9450
2026-07-24T12:35:00+05:30,1541.7,1543.3,1540.9,1543,5286
2026-07-24T12:40:00+05:30,1543,1547.8,1542.6,1547,11810
2026-07-24T12:45:00+05:30,1547.7,1547.9,1543.1,1543.9,6171
2026-07-24T12:50:00+05:30,1543.6,1544.9,1542.1,1544,8649
2026-07-24T12:55:00+05:30,1544.1,1545.6,1543.9,1545.1,2740
2026-07-24T13:00:00+05:30,1545.1,1547.2,1544.2,1547.2,8210
2026-07-24T13:05:00+05:30,1546.4,1549,1545.8,1547.9,14681
2026-07-24T13:10:00+05:30,1547.9,1548.6,1546.4,1548.3,8851
2026-07-24T13:15:00+05:30,1548.4,1548.7,1547.8,1547.8,2153
2026-07-24T13:20:00+05:30,1548.2,1552.2,1548,1551.8,9530
2026-07-24T13:25:00+05:30,1551.8,1553.6,1551.5,1553,11638
2026-07-24T13:30:00+05:30,1552.9,1554.8,1552,1554,13443
2026-07-24T13:35:00+05:30,1554,1554,1550.3,1552,10378
2026-07-24T13:40:00+05:30,1552,1552,1546.2,1547.8,19425
2026-07-24T13:45:00+05:30,1547.7,1549.4,1546.5,1549,7449
2026-07-24T13:50:00+05:30,1548.9,1549.9,1548.2,1549.4,4496
2026-07-24T13:55:00+05:30,1549.1,1552.5,1548.9,1552,6285
2026-07-24T14:00:00+05:30,1552,1554,1549.9,1553.8,11771
2026-07-24T14:05:00+05:30,1553.8,1554.5,1552.6,1552.6,7342
2026-07-24T14:10:00+05:30,1552.6,1556.9,1552.1,1556.4,11008
2026-07-24T14:15:00+05:30,1556.4,1562.5,1556,1559.2,19815
2026-07-24T14:20:00+05:30,1559,1560.8,1557.5,1559.3,9210
2026-07-24T14:25:00+05:30,1559.3,1560,1556,1557.3,12179
2026-07-24T14:30:00+05:30,1558,1559.3,1556.8,1557.4,8369
2026-07-24T14:35:00+05:30,1557.4,1562.6,1557.4,1562.5,11253
2026-07-24T14:40:00+05:30,1562.9,1563.5,1559.8,1559.8,11227
2026-07-24T14:45:00+05:30,1559.8,1562.1,1558.6,1562.1,7212
2026-07-24T14:50:00+05:30,1562.1,1563,1559,1560.2,15538
2026-07-24T14:55:00+05:30,1560.2,1562.9,1559.7,1560.7,14126
2026-07-24T15:00:00+05:30,1560.7,1562.1,1556.9,1561.8,42549
2026-07-24T15:05:00+05:30,1561.8,1562,1559.2,1560.2,32950
2026-07-24T15:10:00+05:30,1560.2,1561.5,1558.9,1561.5,39593
2026-07-24T15:15:00+05:30,1560.9,1561.8,1557.4,1558.3,40326
2026-07-24T15:20:00+05:30,1558.8,1559.5,1557.5,1557.6,47315
2026-07-24T15:25:00+05:30,1557.5,1559.9,1556,1556,52998
2026-07-27T09:15:00+05:30,1576,1582.8,1572.1,1577.1,62680
2026-07-27T09:20:00+05:30,1576.4,1582.8,1576.2,1581,29810
2026-07-27T09:25:00+05:30,1582.7,1588.9,1581.6,1585.1,33250
2026-07-27T09:30:00+05:30,1585,1590,1584.7,1589.1,36459
2026-07-27T09:35:00+05:30,1589.8,1594.8,1589.4,1590,78096
2026-07-27T09:40:00+05:30,1590.6,1595,1590.3,1592.5,29210
2026-07-27T09:45:00+05:30,1592,1594.4,1590.5,1593.4,20707
2026-07-27T09:50:00+05:30,1593.8,1598,1593,1597.8,44392
2026-07-27T09:55:00+05:30,1598,1598.5,1595,1597.2,54560
2026-07-27T10:00:00+05:30,1597.4,1599.6,1595.9,1596.6,18272
2026-07-27T10:05:00+05:30,1596.9,1596.9,1594.3,1594.8,15153
2026-07-27T10:10:00+05:30,1594.6,1596.7,1593.2,1596.3,22512
2026-07-27T10:15:00+05:30,1596.7,1598.5,1595.3,1596.5,55031
2026-07-27T10:20:00+05:30,1596.4,1598.4,1594.2,1595.2,27879
2026-07-27T10:25:00+05:30,1595.4,1595.8,1591.7,1592.8,17189
2026-07-27T10:30:00+05:30,1592.9,1594.4,1591.4,1592.5,16476
2026-07-27T10:35:00+05:30,1592.6,1592.6,1589.2,1590.3,13861
2026-07-27T10:40:00+05:30,1590.3,1591.3,1589.9,1590.9,11323
2026-07-27T10:45:00+05:30,1590.9,1591,1585.8,1587.8,21978
2026-07-27T10:50:00+05:30,1587.7,1589,1587.1,1588.9,14061
2026-07-27T10:55:00+05:30,1588.7,1590.8,1587.2,1590,10388
2026-07-27T11:00:00+05:30,1589.9,1593.6,1589.9,1590.6,14984
2026-07-27T11:05:00+05:30,1591,1591.8,1589.4,1590.2,14561
2026-07-27T11:10:00+05:30,1590.2,1592.9,1587,1587.5,16506
2026-07-27T11:15:00+05:30,1587.6,1588,1586.4,1587.4,7775
2026-07-27T11:20:00+05:30,1587.4,1588,1585.7,1587.8,7862
2026-07-27T11:25:00+05:30,1587.9,1590.8,1587.1,1589.4,19195
2026-07-27T11:30:00+05:30,1589.4,1591.9,1588.1,1590.3,19592
2026-07-27T11:35:00+05:30,1589.9,1590.3,1585.1,1588.1,15948
2026-07-27T11:40:00+05:30,1588.1,1589.3,1587.7,1589.2,7503
2026-07-27T11:45:00+05:30,1589.3,1589.9,1586.9,1587.3,10645
2026-07-27T11:50:00+05:30,1587.3,1590,1587,1589.9,12774
2026-07-27T11:55:00+05:30,1590,1591.3,1589.2,1589.9,12386
2026-07-27T12:00:00+05:30,1589.9,1590.4,1587.1,1587.3,9829
2026-07-27T12:05:00+05:30,1587.3,1587.8,1584.3,1587.8,29444
2026-07-27T12:10:00+05:30,1587.7,1588,1586,1586.2,12748
2026-07-27T12:15:00+05:30,1586.5,1587.9,1585.6,1586.2,11394
2026-07-27T12:20:00+05:30,1586.2,1587.4,1585.8,1586.3,7524
2026-07-27T12:25:00+05:30,1586.7,1586.7,1584.3,1584.6,4755
2026-07-27T12:30:00+05:30,1584.6,1586.4,1584.1,1585.2,14434
2026-07-27T12:35:00+05:30,1585.4,1586.5,1585.1,1586.3,7049
2026-07-27T12:40:00+05:30,1586.5,1587,1586,1586.8,16805
2026-07-27T12:45:00+05:30,1587,1587,1583.5,1583.7,7330
2026-07-27T12:50:00+05:30,1583.7,1583.8,1582,1582.6,6139
2026-07-27T12:55:00+05:30,1582.6,1583.2,1582,1582,5741
2026-07-27T13:00:00+05:30,1582.1,1582.7,1578,1578.9,14979
2026-07-27T13:05:00+05:30,1578.4,1578.4,1576.6,1576.8,8404
2026-07-27T13:10:00+05:30,1576.8,1577.8,1575.6,1576.4,5383
2026-07-27T13:15:00+05:30,1575.9,1577.2,1573.2,1573.2,10287
2026-07-27T13:20:00+05:30,1573.2,1577.6,1572.6,1576.2,26204
2026-07-27T13:25:00+05:30,1576.2,1577,1574.6,1575.8,8971
2026-07-27T13:30:00+05:30,1575.8,1577.5,1575,1575.7,11209
2026-07-27T13:35:00+05:30,1575.8,1578.4,1575.5,1578,11296
2026-07-27T13:40:00+05:30,1577.9,1578.4,1577.1,1577.4,7904
2026-07-27T13:45:00+05:30,1577.5,1577.8,1575.2,1575.5,8260
2026-07-27T13:50:00+05:30,1575.6,1577.3,1575,1577,8925
2026-07-27T13:55:00+05:30,1577,1577.4,1575.1,1576.6,6698
2026-07-27T14:00:00+05:30,1576.6,1578.7,1575.2,1578.4,7144
2026-07-27T14:05:00+05:30,1578.4,1578.8,1575.4,1576.3,10327
2026-07-27T14:10:00+05:30,1576,1576.9,1573.7,1575.9,14052
2026-07-27T14:15:00+05:30,1575.9,1576.6,1575,1575.7,4640
2026-07-27T14:20:00+05:30,1575.6,1576.8,1575.3,1576.5,6571
2026-07-27T14:25:00+05:30,1576.5,1577,1575.2,1577,13131
2026-07-27T14:30:00+05:30,1576.8,1578.8,1575.4,1575.4,39886
2026-07-27T14:35:00+05:30,1575.8,1578,1575.8,1576.6,14264
2026-07-27T14:40:00+05:30,1575.8,1577.7,1573.8,1574.7,22282
2026-07-27T14:45:00+05:30,1574.6,1575.5,1574,1575.5,9017
2026-07-27T14:50:00+05:30,1575.7,1576.5,1574.5,1574.6,13953
2026-07-27T14:55:00+05:30,1575.3,1576.5,1574.1,1575.5,13362
2026-07-27T15:00:00+05:30,1576.1,1578.6,1575.7,1577,76392
2026-07-27T15:05:00+05:30,1577,1577.3,1573.5,1574.4,69167
2026-07-27T15:10:00+05:30,1574.2,1574.8,1573.5,1573.8,21853
2026-07-27T15:15:00+05:30,1573.5,1574.7,1571.8,1574.7,37983
2026-07-27T15:20:00+05:30,1573.2,1575.5,1571,1574.4,48927
2026-07-27T15:25:00+05:30,1574.4,1578,1574.2,1577,32405
2026-07-28T09:15:00+05:30,1599,1617.3,1595.8,1617,291170
2026-07-28T09:20:00+05:30,1617,1625.6,1613.6,1624,223025
2026-07-28T09:25:00+05:30,1624,1624.7,1617.1,1620.4,156827
2026-07-28T09:30:00+05:30,1620.4,1623.6,1618.9,1622,81850
2026-07-28T09:35:00+05:30,1621.8,1627,1620,1621.2,103356
2026-07-28T09:40:00+05:30,1621.2,1623.7,1615.6,1623.2,80901
2026-07-28T09:45:00+05:30,1623.7,1624.4,1610.7,1614.3,78295
2026-07-28T09:50:00+05:30,1614.7,1622.9,1614.7,1621.8,59779
2026-07-28T09:55:00+05:30,1622.3,1623.7,1620.3,1620.5,43414
2026-07-28T10:00:00+05:30,1621.4,1625,1620.4,1621.2,56266
2026-07-28T10:05:00+05:30,1621.6,1622.7,1618,1618.8,68319
2026-07-28T10:10:00+05:30,1618.8,1620.6,1616.5,1619.9,64942
2026-07-28T10:15:00+05:30,1618.9,1625.7,1618.2,1620.7,128796
2026-07-28T10:20:00+05:30,1620.6,1622.5,1620.1,1621.2,15093
2026-07-28T10:25:00+05:30,1621.7,1623,1620.9,1622.7,26442
2026-07-28T10:30:00+05:30,1622.7,1624.4,1615.5,1617.3,43737
2026-07-28T10:35:00+05:30,1617.3,1619.4,1615.3,1617.1,63937
2026-07-28T10:40:00+05:30,1617.5,1620,1617.5,1618.4,52313
2026-07-28T10:45:00+05:30,1618.4,1625,1618.4,1624.2,35617
2026-07-28T10:50:00+05:30,1624.2,1630,1624.2,1627.8,117087
2026-07-28T10:55:00+05:30,1627.9,1628.9,1627,1628.7,42344
2026-07-28T11:00:00+05:30,1628.7,1631,1627.8,1629.5,59924
2026-07-28T11:05:00+05:30,1629.5,1632.9,1628.4,1631.4,52207
2026-07-28T11:10:00+05:30,1631.5,1633,1630.7,1632.5,45116
2026-07-28T11:15:00+05:30,1632.5,1634,1631.5,1632.4,36464
2026-07-28T11:20:00+05:30,1632.5,1632.9,1629.1,1630.8,41720
2026-07-28T11:25:00+05:30,1630.4,1633.1,1630.2,1630.2,43546
2026-07-28T11:30:00+05:30,1630.2,1631.6,1629.2,1629.3,36448
2026-07-28T11:35:00+05:30,1629.3,1631,1627.4,1630.8,39128
2026-07-28T11:40:00+05:30,1630.8,1631.9,1628.7,1630.5,31456
2026-07-28T11:45:00+05:30,1630.6,1631.5,1628.3,1630.7,29680
2026-07-28T11:50:00+05:30,1630.7,1631.3,1630,1630.8,20930
2026-07-28T11:55:00+05:30,1630.9,1631.7,1629.5,1629.5,31715
2026-07-28T12:00:00+05:30,1629.5,1631.5,1629.5,1630.3,22033
2026-07-28T12:05:00+05:30,1630.4,1636.9,1629.5,1635.7,76391
2026-07-28T12:10:00+05:30,1635.5,1639,1634.5,1637.8,61811
2026-07-28T12:15:00+05:30,1638.4,1638.4,1635.5,1637.2,43556
2026-07-28T12:20:00+05:30,1637.2,1637.2,1634.4,1635,41992
2026-07-28T12:25:00+05:30,1635.3,1635.5,1633.8,1635,30522
2026-07-28T12:30:00+05:30,1634.8,1635.3,1630,1630.2,39449
2026-07-28T12:35:00+05:30,1630.4,1630.9,1627.1,1629.8,37051
2026-07-28T12:40:00+05:30,1630.2,1630.9,1628.4,1630,37183
2026-07-28T12:45:00+05:30,1630.3,1630.5,1628.3,1629.6,31206
2026-07-28T12:50:00+05:30,1629.6,1630.5,1626.5,1629,57713
2026-07-28T12:55:00+05:30,1629,1629.7,1627.4,1627.9,37075
2026-07-28T13:00:00+05:30,1627.9,1628.7,1623.5,1627.3,85487
2026-07-28T13:05:00+05:30,1627.3,1628.8,1626.5,1627.2,30551
2026-07-28T13:10:00+05:30,1627.2,1629,1625.9,1627.6,38900
2026-07-28T13:15:00+05:30,1627.6,1628.9,1625.4,1627.7,33889
2026-07-28T13:20:00+05:30,1627.7,1629.9,1626.7,1629.8,37981
2026-07-28T13:25:00+05:30,1629.8,1630.5,1626.1,1627.1,74668
2026-07-28T13:30:00+05:30,1627,1630.6,1625.5,1628.2,92995
2026-07-28T13:35:00+05:30,1628.8,1629.5,1627.2,1629.5,33549
2026-07-28T13:40:00+05:30,1629.5,1631.2,1628.6,1630.9,43060
2026-07-28T13:45:00+05:30,1630.9,1631.1,1626,1626.8,59939
2026-07-28T13:50:00+05:30,1627.1,1629.2,1626.6,1628.4,45537
2026-07-28T13:55:00+05:30,1628.2,1630.8,1627.3,1630.3,48495
2026-07-28T14:00:00+05:30,1630.3,1631.1,1630,1630.2,40734
2026-07-28T14:05:00+05:30,1630,1632.5,1629,1632.2,45378
2026-07-28T14:10:00+05:30,1632.1,1633.5,1630.2,1633.5,42178
2026-07-28T14:15:00+05:30,1633.4,1637.9,1633,1637.4,185455
2026-07-28T14:20:00+05:30,1637.3,1638.6,1633.1,1634.2,57830
2026-07-28T14:25:00+05:30,1634.2,1636.5,1633.4,1634.1,83150
2026-07-28T14:30:00+05:30,1634.8,1636.9,1634.1,1636,48943
2026-07-28T14:35:00+05:30,1636.1,1639.6,1635.1,1639.4,56717
2026-07-28T14:40:00+05:30,1639.4,1639.4,1637.7,1637.8,55206
2026-07-28T14:45:00+05:30,1637.8,1640.2,1637.5,1640.1,109138
2026-07-28T14:50:00+05:30,1640.1,1643.9,1640,1643.1,65213
2026-07-28T14:55:00+05:30,1643.4,1643.7,1638.8,1639.4,116420
2026-07-28T15:00:00+05:30,1638.9,1638.9,1634.4,1635.2,174973
2026-07-28T15:05:00+05:30,1635.4,1635.7,1633.7,1635.2,104293
2026-07-28T15:10:00+05:30,1635,1636.6,1634.5,1636.3,111769
2026-07-28T15:15:00+05:30,1636.7,1636.9,1634.4,1634.4,115848
2026-07-28T15:20:00+05:30,1634.5,1635.6,1634.2,1635.5,98264
2026-07-28T15:25:00+05:30,1635.4,1638,1630,1630,109940
2026-07-29T09:15:00+05:30,1661,1672.5,1657,1658,177485
2026-07-29T09:20:00+05:30,1658.1,1658.1,1644,1649.1,85748
2026-07-29T09:25:00+05:30,1649.1,1656.7,1648,1651,53957
2026-07-29T09:30:00+05:30,1651.6,1659.9,1651.6,1657.9,82467
2026-07-29T09:35:00+05:30,1657.8,1664.1,1656,1664,59423
2026-07-29T09:40:00+05:30,1664,1673,1664,1666.1,112958
2026-07-29T09:45:00+05:30,1666.1,1666.5,1657.3,1658.1,40306
2026-07-29T09:50:00+05:30,1658.5,1660.3,1654.9,1657,41554
2026-07-29T09:55:00+05:30,1657,1661.6,1656.2,1660.7,35223
2026-07-29T10:00:00+05:30,1660.1,1663,1658.5,1658.5,22330
2026-07-29T10:05:00+05:30,1658.9,1658.9,1652.8,1657,25369
2026-07-29T10:10:00+05:30,1657,1658.5,1655,1655.2,14710
2026-07-29T10:15:00+05:30,1655.6,1656.1,1653.5,1654.1,18952
2026-07-29T10:20:00+05:30,1654,1660,1653.5,1658.5,22136
2026-07-29T10:25:00+05:30,1659.4,1659.4,1654.7,1656.1,26747
2026-07-29T10:30:00+05:30,1656.1,1656.7,1654,1655.6,13835
2026-07-29T10:35:00+05:30,1655.4,1657.6,1655,1657,10814
2026-07-29T10:40:00+05:30,1656.6,1657,1653,1653.4,11876
2026-07-29T10:45:00+05:30,1653.5,1656.6,1652.6,1653.9,28099
2026-07-29T10:50:00+05:30,1654.3,1657.6,1653.4,1657.4,11333
2026-07-29T10:55:00+05:30,1656.7,1661.8,1656.6,1658.6,38964
2026-07-29T11:00:00+05:30,1659,1660.4,1654.6,1657.2,18063
2026-07-29T11:05:00+05:30,1657.2,1658.5,1656,1658,15646
2026-07-29T11:10:00+05:30,1658,1659.8,1654,1655.5,60074
2026-07-29T11:15:00+05:30,1656,1657,1654.1,1657,14104
2026-07-29T11:20:00+05:30,1659,1659.4,1653.5,1653.6,21970
2026-07-29T11:25:00+05:30,1653.5,1654.8,1652.5,1653.2,15749
2026-07-29T11:30:00+05:30,1653,1653.3,1648.6,1650.5,34283
2026-07-29T11:35:00+05:30,1650.4,1652,1650,1651.3,14894
2026-07-29T11:40:00+05:30,1651.3,1653.7,1651.1,1651.1,26289
2026-07-29T11:45:00+05:30,1651.1,1653.6,1648.7,1652.9,37318
2026-07-29T11:50:00+05:30,1653,1653.8,1647.8,1648.4,14668
2026-07-29T11:55:00+05:30,1648.5,1654.7,1647.9,1654.6,31646
2026-07-29T12:00:00+05:30,1654.7,1655,1653,1654.2,14305
2026-07-29T12:05:00+05:30,1654.5,1655.5,1653,1654.3,9288
2026-07-29T12:10:00+05:30,1654.4,1654.4,1649,1649.5,40457
2026-07-29T12:15:00+05:30,1649.4,1650.2,1648.5,1648.6,10586
2026-07-29T12:20:00+05:30,1648.8,1650,1646.9,1648.8,15142
2026-07-29T12:25:00+05:30,1648.8,1649.5,1647.5,1648.9,10882
2026-07-29T12:30:00+05:30,1649,1649.5,1647,1647,11057
2026-07-29T12:35:00+05:30,1647.1,1648.9,1647,1648.9,10297
2026-07-29T12:40:00+05:30,1648.9,1649,1646.2,1648.5,12929
2026-07-29T12:45:00+05:30,1648.9,1649,1647.6,1648,9321
2026-07-29T12:50:00+05:30,1647.9,1649,1646.7,1647.9,12626
2026-07-29T12:55:00+05:30,1647.9,1649.5,1647.4,1648.6,10986
2026-07-29T13:00:00+05:30,1648.9,1649.7,1648.2,1648.7,8894
2026-07-29T13:05:00+05:30,1648.7,1649.2,1646.1,1647.5,15953
2026-07-29T13:10:00+05:30,1647.7,1648,1645.2,1646.4,9933
2026-07-29T13:15:00+05:30,1646.4,1647.7,1645.2,1646.3,10649
2026-07-29T13:20:00+05:30,1646.5,1649.2,1646.4,1649.1,9638
2026-07-29T13:25:00+05:30,1649.2,1649.2,1646.6,1646.8,8513
2026-07-29T13:30:00+05:30,1646.9,1648,1646.3,1647,7485
2026-07-29T13:35:00+05:30,1647,1649.4,1645.4,1649.1,15069
2026-07-29T13:40:00+05:30,1649.2,1649.5,1647.8,1648.7,10286
2026-07-29T13:45:00+05:30,1648.7,1648.7,1647.8,1648.1,8913
2026-07-29T13:50:00+05:30,1648,1648.7,1647.5,1648.6,8768
2026-07-29T13:55:00+05:30,1648.6,1649.4,1648.6,1649.3,8162
2026-07-29T14:00:00+05:30,1649.2,1649.3,1647.2,1648,8394
2026-07-29T14:05:00+05:30,1648.1,1648.3,1647,1647.6,8737
2026-07-29T14:10:00+05:30,1647.5,1648,1645.5,1647.8,14776
2026-07-29T14:15:00+05:30,1648.4,1649,1647.4,1647.4,13248
2026-07-29T14:20:00+05:30,1647.5,1648,1646.9,1647.4,8070
2026-07-29T14:25:00+05:30,1647.8,1647.8,1645.7,1646,10725
2026-07-29T14:30:00+05:30,1645.7,1646.4,1640.1,1645,87521
2026-07-29T14:35:00+05:30,1645,1645.3,1641,1642.2,91722
2026-07-29T14:40:00+05:30,1642.2,1642.5,1641.5,1642.5,15265
2026-07-29T14:45:00+05:30,1642.5,1645,1642.4,1643.8,12011
2026-07-29T14:50:00+05:30,1644.1,1645,1643,1644.8,22230
2026-07-29T14:55:00+05:30,1644.5,1647.6,1644.5,1646,40360
2026-07-29T15:00:00+05:30,1646.6,1646.6,1644.5,1645.2,42389
2026-07-29T15:05:00+05:30,1645.1,1646.5,1643.4,1643.4,38562
2026-07-29T15:10:00+05:30,1643.2,1645.6,1642.9,1644.6,55993
2026-07-29T15:15:00+05:30,1644.6,1644.6,1643,1643.1,39882
2026-07-29T15:20:00+05:30,1643.1,1645.5,1640.5,1644.1,101999
2026-07-29T15:25:00+05:30,1644.2,1644.4,1641.7,1644.4,36757
2026-07-30T09:15:00+05:30,1649,1676.7,1638.1,1675.4,159860
2026-07-30T09:20:00+05:30,1674.5,1676,1661.9,1662,112000
2026-07-30T09:25:00+05:30,1662,1669,1661.6,1665,71635
2026-07-30T09:30:00+05:30,1665.9,1669.1,1662.9,1664.8,71776
2026-07-30T09:35:00+05:30,1665.1,1668.5,1664.8,1666.9,44997
2026-07-30T09:40:00+05:30,1667,1674.8,1664.8,1673.2,74915
2026-07-30T09:45:00+05:30,1673.2,1676,1672.7,1673.6,52833
2026-07-30T09:50:00+05:30,1673.7,1675,1672.5,1674.5,44278
2026-07-30T09:55:00+05:30,1674.4,1677.9,1671.2,1673.6,54994
2026-07-30T10:00:00+05:30,1673.2,1679.4,1670.9,1679.4,64131
2026-07-30T10:05:00+05:30,1679.5,1682,1677.3,1680.3,87823
2026-07-30T10:10:00+05:30,1680.7,1682,1678.8,1680.2,45097
2026-07-30T10:15:00+05:30,1680.2,1682.2,1678.6,1679.3,56339
2026-07-30T10:20:00+05:30,1679.8,1682,1679.2,1681.9,43847
2026-07-30T10:25:00+05:30,1682,1683.3,1681.3,1682.1,42760
2026-07-30T10:30:00+05:30,1682,1682.1,1676.1,1678.9,63053
2026-07-30T10:35:00+05:30,1678.9,1680,1677.1,1678.9,35869
2026-07-30T10:40:00+05:30,1678.8,1679.6,1676,1677.9,52939
2026-07-30T10:45:00+05:30,1677.9,1678.5,1671.9,1674.4,81324
2026-07-30T10:50:00+05:30,1674.3,1677.2,1673.2,1675.8,39491
2026-07-30T10:55:00+05:30,1675.8,1676.4,1669.2,1670.1,44852
2026-07-30T11:00:00+05:30,1669.9,1672.5,1669.1,1671,170156
2026-07-30T11:05:00+05:30,1670.8,1671.7,1670,1670.2,21242
2026-07-30T11:10:00+05:30,1670.2,1675.1,1668.7,1673.6,45879
2026-07-30T11:15:00+05:30,1673.4,1673.6,1671.6,1671.9,23474
2026-07-30T11:20:00+05:30,1671.9,1677.5,1671.9,1676.8,50105
2026-07-30T11:25:00+05:30,1676.8,1681,1675.2,1678.9,48209
2026-07-30T11:30:00+05:30,1679,1679.6,1676.6,1679.6,30379
2026-07-30T11:35:00+05:30,1679.6,1682,1679.5,1682,42073
2026-07-30T11:40:00+05:30,1681.5,1682.6,1679,1679.3,44264
2026-07-30T11:45:00+05:30,1679.3,1679.9,1678.6,1679.9,39006
2026-07-30T11:50:00+05:30,1679.8,1680.6,1678.4,1678.9,30030
2026-07-30T11:55:00+05:30,1678.9,1680.7,1678,1680.7,31394
2026-07-30T12:00:00+05:30,1680.7,1680.8,1679,1680,23027
2026-07-30T12:05:00+05:30,1680,1680.8,1679.7,1679.9,21545
2026-07-30T12:10:00+05:30,1680,1682,1679.5,1680,27883
2026-07-30T12:15:00+05:30,1680.1,1681.3,1679.6,1680.9,20294
2026-07-30T12:20:00+05:30,1680.9,1682,1680,1681.9,23069
2026-07-30T12:25:00+05:30,1682,1682,1678.4,1680.9,27435
2026-07-30T12:30:00+05:30,1680.9,1683.3,1679.8,1680.8,34133
2026-07-30T12:35:00+05:30,1681.4,1683,1680.4,1681.8,28890
2026-07-30T12:40:00+05:30,1681.7,1681.9,1679.1,1680.7,26825
2026-07-30T12:45:00+05:30,1680.1,1681,1678.2,1680.6,27527
2026-07-30T12:50:00+05:30,1680.8,1685.5,1679.9,1684.3,131116
2026-07-30T12:55:00+05:30,1684.6,1686.6,1682.4,1683.3,75662
2026-07-30T13:00:00+05:30,1683.3,1683.6,1681.9,1683,32620
2026-07-30T13:05:00+05:30,1683,1684,1681.7,1681.8,33426
2026-07-30T13:10:00+05:30,1682.3,1682.7,1680,1680.9,36229
2026-07-30T13:15:00+05:30,1681,1681.1,1679.2,1680.7,39591
2026-07-30T13:20:00+05:30,1681,1681.4,1679.1,1680.3,29202
2026-07-30T13:25:00+05:30,1680.8,1681,1676,1677,41730
2026-07-30T13:30:00+05:30,1677.1,1679.4,1675,1678.6,59733
2026-07-30T13:35:00+05:30,1678.9,1679.4,1677.7,1679.1,33717
2026-07-30T13:40:00+05:30,1679.1,1679.9,1678.2,1678.8,29968
2026-07-30T13:45:00+05:30,1678.3,1678.9,1677.1,1677.2,24790
2026-07-30T13:50:00+05:30,1677.1,1677.8,1675.4,1676.5,38314
2026-07-30T13:55:00+05:30,1676.3,1678.9,1675.9,1678.8,45071
2026-07-30T14:00:00+05:30,1678.8,1678.8,1675,1675.9,33604
2026-07-30T14:05:00+05:30,1675.9,1677.3,1675,1675,39257
2026-07-30T14:10:00+05:30,1675.3,1675.9,1673.1,1674.4,38549
2026-07-30T14:15:00+05:30,1674.5,1674.8,1671.6,1672.5,57253
2026-07-30T14:20:00+05:30,1672.6,1673,1668.8,1669.4,73925
2026-07-30T14:25:00+05:30,1669.4,1670.4,1665.8,1670,96901
2026-07-30T14:30:00+05:30,1670,1672,1668.5,1670.2,49116
2026-07-30T14:35:00+05:30,1670.2,1671.5,1668.9,1670.7,43336
2026-07-30T14:40:00+05:30,1670.7,1672,1666.7,1667.5,70386
2026-07-30T14:45:00+05:30,1667.6,1667.7,1665.3,1666.5,103720
2026-07-30T14:50:00+05:30,1666.5,1667.3,1665.7,1666,61658
2026-07-30T14:55:00+05:30,1666,1666.3,1665.4,1665.7,45137
2026-07-30T15:00:00+05:30,1665.5,1669.3,1663.4,1667.4,100562
2026-07-30T15:05:00+05:30,1667.2,1671.9,1667.2,1670.6,135095
2026-07-30T15:10:00+05:30,1670.6,1671.4,1668.9,1670,92519
2026-07-30T15:15:00+05:30,1669.7,1671.3,1668.2,1668.2,101346
2026-07-30T15:20:00+05:30,1668.3,1669.5,1666.8,1668.7,104318
2026-07-30T15:25:00+05:30,1668.9,1669.9,1660.5,1661.4,83107
2026-07-31T09:15:00+05:30,1620,1632.7,1610.5,1628.7,145450
2026-07-31T09:20:00+05:30,1629.5,1639.3,1626.2,1637,74051
2026-07-31T09:25:00+05:30,1637.4,1646.3,1637.4,1643,42791
2026-07-31T09:30:00+05:30,1643,1647.8,1643,1645.1,21410
2026-07-31T09:35:00+05:30,1645,1648.6,1642.4,1647.9,32617
2026-07-31T09:40:00+05:30,1647,1654.9,1647,1653,26888
2026-07-31T09:45:00+05:30,1653.7,1657.9,1652.4,1656.8,27737
2026-07-31T09:50:00+05:30,1657.3,1657.3,1647,1650.1,28135
2026-07-31T09:55:00+05:30,1649.2,1652.7,1649,1650,14417
2026-07-31T10:00:00+05:30,1649.5,1652.4,1648.8,1650.8,18556
2026-07-31T10:05:00+05:30,1651.6,1653.3,1650.7,1652.3,5754
2026-07-31T10:10:00+05:30,1652.3,1653,1649.2,1649.9,12935
2026-07-31T10:15:00+05:30,1649.9,1650.3,1648,1649.6,28191
2026-07-31T10:20:00+05:30,1649.6,1651.2,1648.7,1650,22211
2026-07-31T10:25:00+05:30,1650,1650.8,1647.6,1650,18700
2026-07-31T10:30:00+05:30,1650,1651,1648.6,1649.8,19196
2026-07-31T10:35:00+05:30,1649.2,1652.3,1648.6,1652.1,20608
2026-07-31T10:40:00+05:30,1652.2,1654,1649.6,1652.7,21574
2026-07-31T10:45:00+05:30,1653.2,1654.6,1649.7,1649.7,47473
2026-07-31T10:50:00+05:30,1649.9,1651.6,1649,1651.5,22330
2026-07-31T10:55:00+05:30,1650.9,1652.5,1650.4,1651.9,17805
2026-07-31T11:00:00+05:30,1652,1652.8,1648.2,1651,57848
2026-07-31T11:05:00+05:30,1651.2,1653,1650.5,1652.6,18976
2026-07-31T11:10:00+05:30,1653,1653,1650,1650.1,15904
2026-07-31T11:15:00+05:30,1650.3,1650.9,1648.4,1648.9,13307
2026-07-31T11:20:00+05:30,1649.3,1650.3,1648.1,1650.2,12723
2026-07-31T11:25:00+05:30,1650.3,1651,1648.5,1650.1,14168
2026-07-31T11:30:00+05:30,1650.4,1650.6,1648.2,1649.2,10599
2026-07-31T11:35:00+05:30,1649.2,1650.8,1644.1,1645,25348
2026-07-31T11:40:00+05:30,1645,1646.5,1644.1,1645.7,16612
2026-07-31T11:45:00+05:30,1646.1,1646.8,1645,1646.3,9026
2026-07-31T11:50:00+05:30,1646.1,1649,1645.6,1648.2,10738
2026-07-31T11:55:00+05:30,1648.5,1650,1648.3,1648.5,13495
2026-07-31T12:00:00+05:30,1648.6,1650,1648.6,1649.8,9231
2026-07-31T12:05:00+05:30,1649,1653,1649,1652.2,17146
2026-07-31T12:10:00+05:30,1652.2,1652.2,1648.7,1651,16149
2026-07-31T12:15:00+05:30,1651.7,1652.8,1651.1,1651.6,12928
2026-07-31T12:20:00+05:30,1652.1,1653,1650.9,1652.7,24098
2026-07-31T12:25:00+05:30,1652.7,1655.4,1652.1,1654.7,25827
2026-07-31T12:30:00+05:30,1655.2,1655.2,1654,1655,14300
2026-07-31T12:35:00+05:30,1654.9,1659,1653.8,1658.2,17659
2026-07-31T12:40:00+05:30,1658.8,1659.8,1656.6,1656.9,13995
2026-07-31T12:45:00+05:30,1657,1659.3,1656.7,1658.5,13242
2026-07-31T12:50:00+05:30,1658.8,1659.6,1658.1,1658.6,11649
2026-07-31T12:55:00+05:30,1659.3,1661.4,1658.6,1659.8,17082
2026-07-31T13:00:00+05:30,1659.8,1661.5,1657.1,1657.8,19546
2026-07-31T13:05:00+05:30,1657.9,1659.4,1657.1,1658.9,14784
2026-07-31T13:10:00+05:30,1659.3,1659.5,1655.3,1656.7,24107
2026-07-31T13:15:00+05:30,1656.7,1657.2,1654.8,1655,20144
2026-07-31T13:20:00+05:30,1655.4,1655.8,1650.2,1650.2,40743
2026-07-31T13:25:00+05:30,1650.8,1652.1,1648.3,1648.4,34125
2026-07-31T13:30:00+05:30,1648.9,1649.4,1648,1648.8,21662
2026-07-31T13:35:00+05:30,1648,1651.9,1647.8,1650.9,17406
2026-07-31T13:40:00+05:30,1650.7,1652.5,1649,1650.7,17802
2026-07-31T13:45:00+05:30,1650.8,1651.3,1649.5,1649.8,21865
2026-07-31T13:50:00+05:30,1650,1651.9,1649.2,1649.8,24631
2026-07-31T13:55:00+05:30,1650,1650.3,1648.6,1649,26717
2026-07-31T14:00:00+05:30,1649.4,1650,1648.6,1649.4,31390
2026-07-31T14:05:00+05:30,1649.3,1649.8,1648,1648.9,33906
2026-07-31T14:10:00+05:30,1648.8,1649.5,1647.1,1649.2,42261
2026-07-31T14:15:00+05:30,1649.5,1650,1647.6,1648.8,39680
2026-07-31T14:20:00+05:30,1649,1649.4,1647.9,1648.4,38579
2026-07-31T14:25:00+05:30,1648.4,1650.6,1648.1,1650,46086
2026-07-31T14:30:00+05:30,1649.6,1651.6,1649.5,1650,68953
2026-07-31T14:35:00+05:30,1650,1650.3,1647.5,1650,43214
2026-07-31T14:40:00+05:30,1649.9,1650.1,1649,1649.6,42615
2026-07-31T14:45:00+05:30,1649.6,1650.4,1649.2,1650.1,43258
2026-07-31T14:50:00+05:30,1650.1,1650.1,1648.5,1648.8,41206
2026-07-31T14:55:00+05:30,1648.9,1650,1647,1647.9,49385
2026-07-31T15:00:00+05:30,1648,1651,1644.5,1649.2,231730
2026-07-31T15:05:00+05:30,1649.4,1651.8,1648.3,1650.6,249205
2026-07-31T15:10:00+05:30,1650.3,1655,1649,1652.7,238017
2026-07-31T15:15:00+05:30,1652.7,1653.6,1649.8,1651.3,245863
2026-07-31T15:20:00+05:30,1652.1,1654.8,1651.2,1653.1,235758
2026-07-31T15:25:00+05:30,1653.8,1655.9,1648.5,1653.9,255383
2026-08-03T09:15:00+05:30,1663.4,1670,1654.5,1654.5,104071
2026-08-03T09:20:00+05:30,1651.6,1657.7,1651.4,1656.4,36524
2026-08-03T09:25:00+05:30,1656.4,1659.3,1655.2,1658.8,17409
2026-08-03T09:30:00+05:30,1658.5,1659.5,1656,1658.3,14111
2026-08-03T09:35:00+05:30,1657.2,1657.9,1655.1,1655.6,13004
2026-08-03T09:40:00+05:30,1655.7,1658.5,1655.4,1655.7,9463
2026-08-03T09:45:00+05:30,1655.6,1658.8,1652.5,1658.7,12555
2026-08-03T09:50:00+05:30,1658.3,1660.4,1653,1653.5,16156
2026-08-03T09:55:00+05:30,1653.5,1656.6,1652.3,1656.6,9618
2026-08-03T10:00:00+05:30,1656.6,1659,1656.5,1657,10830
2026-08-03T10:05:00+05:30,1657,1658.9,1657,1657.3,15844
2026-08-03T10:10:00+05:30,1657.3,1658.8,1653.5,1654.5,107552
2026-08-03T10:15:00+05:30,1654.9,1655.1,1653.1,1653.4,58111
2026-08-03T10:20:00+05:30,1652.8,1652.8,1648.4,1652.2,24942
2026-08-03T10:25:00+05:30,1652.2,1652.7,1650,1650.7,39328
2026-08-03T10:30:00+05:30,1650.7,1652,1644.1,1645.2,177910
2026-08-03T10:35:00+05:30,1644.6,1645.4,1643,1644.1,22152
2026-08-03T10:40:00+05:30,1645,1647.2,1645,1647.2,4937
2026-08-03T10:45:00+05:30,1647.2,1648.4,1645.8,1648,9933
2026-08-03T10:50:00+05:30,1648.3,1648.7,1645.4,1646,7898
2026-08-03T10:55:00+05:30,1645.5,1646.2,1644.3,1645,11066
2026-08-03T11:00:00+05:30,1645,1645.8,1642.5,1644.9,14144
2026-08-03T11:05:00+05:30,1644.9,1645.9,1642.4,1643.7,98115
2026-08-03T11:10:00+05:30,1643.7,1645,1642.4,1643.5,114032
2026-08-03T11:15:00+05:30,1643.5,1645,1643,1644.5,185116
2026-08-03T11:20:00+05:30,1644.5,1645,1642.6,1644,20582
2026-08-03T11:25:00+05:30,1644,1644.4,1640.8,1642,29212
2026-08-03T11:30:00+05:30,1642,1642.1,1639.1,1639.7,38798
2026-08-03T11:35:00+05:30,1639.7,1639.7,1636.6,1636.8,22217
2026-08-03T11:40:00+05:30,1636.8,1639.5,1636.8,1638.2,26241
2026-08-03T11:45:00+05:30,1638.4,1638.5,1635.1,1636.6,23028
2026-08-03T11:50:00+05:30,1636.6,1640,1636,1638.5,17555
2026-08-03T11:55:00+05:30,1639,1639,1634.3,1636.8,30254
2026-08-03T12:00:00+05:30,1636.6,1646.4,1636.1,1643.9,187428
2026-08-03T12:05:00+05:30,1644,1649,1642.4,1649,256768
2026-08-03T12:10:00+05:30,1649,1649,1643,1644.2,236296
2026-08-03T12:15:00+05:30,1644.1,1645.4,1643.3,1644.7,20095
2026-08-03T12:20:00+05:30,1644.7,1645,1641,1644,14375
2026-08-03T12:25:00+05:30,1644.1,1644.1,1641.4,1642.2,11080
2026-08-03T12:30:00+05:30,1642.2,1643,1641.4,1643,65866
2026-08-03T12:35:00+05:30,1643,1645,1642.5,1643.3,42268
2026-08-03T12:40:00+05:30,1643.5,1643.9,1641.2,1641.2,12765
2026-08-03T12:45:00+05:30,1641.4,1642.6,1640.1,1641.3,11439
2026-08-03T12:50:00+05:30,1641.3,1642.1,1640.2,1642.1,10618
2026-08-03T12:55:00+05:30,1642,1642.8,1640.6,1642.5,16350
2026-08-03T13:00:00+05:30,1642.6,1642.7,1637.3,1638.2,19185
2026-08-03T13:05:00+05:30,1638.2,1639.3,1637,1639.3,10286
2026-08-03T13:10:00+05:30,1639.4,1639.5,1638,1638.7,11107
2026-08-03T13:15:00+05:30,1638.7,1641.9,1637.2,1641.9,20032
2026-08-03T13:20:00+05:30,1641.9,1643.5,1641.4,1643,16532
2026-08-03T13:25:00+05:30,1643.1,1644,1641.2,1641.4,14821
2026-08-03T13:30:00+05:30,1641.7,1642.9,1639,1640,14696
2026-08-03T13:35:00+05:30,1639.9,1639.9,1637,1638.3,12088
2026-08-03T13:40:00+05:30,1638.4,1639.8,1637.4,1638.3,15188
2026-08-03T13:45:00+05:30,1638.2,1640.2,1637.9,1639.9,12702
2026-08-03T13:50:00+05:30,1639.7,1640.2,1638.2,1639.4,9408
2026-08-03T13:55:00+05:30,1639.4,1639.5,1637.2,1638.9,13948
2026-08-03T14:00:00+05:30,1639,1640,1638.6,1639.1,10960
2026-08-03T14:05:00+05:30,1639.5,1640.8,1637.5,1640.6,12825
2026-08-03T14:10:00+05:30,1640.7,1642.2,1640.5,1642.2,19751
2026-08-03T14:15:00+05:30,1641.9,1642.6,1641.1,1642,15498
2026-08-03T14:20:00+05:30,1642,1643,1641,1642.6,12616
2026-08-03T14:25:00+05:30,1642.6,1643,1642.1,1642.8,22513
2026-08-03T14:30:00+05:30,1642.8,1642.9,1641.3,1642.4,10969
2026-08-03T14:35:00+05:30,1642.5,1644.9,1641.5,1642.9,533045
2026-08-03T14:40:00+05:30,1643,1645,1642.7,1644.5,44521
2026-08-03T14:45:00+05:30,1644.3,1645.4,1643.6,1644.3,179394
2026-08-03T14:50:00+05:30,1644,1645,1642.7,1643.6,38436
2026-08-03T14:55:00+05:30,1643.4,1645.5,1643,1645,147484
2026-08-03T15:00:00+05:30,1645,1650.2,1642.4,1644.2,252904
2026-08-03T15:05:00+05:30,1644.6,1645.5,1642.4,1645.5,205562
2026-08-03T15:10:00+05:30,1644.8,1650.9,1644.1,1650.9,170004
2026-08-04T09:15:00+05:30,1652.9,1659,1643.2,1647,75702
2026-08-04T09:20:00+05:30,1647.4,1652,1646.2,1649.8,39407
2026-08-04T09:25:00+05:30,1649.7,1650.1,1641.7,1642,52304
2026-08-04T09:30:00+05:30,1642,1644,1641,1643.9,30955
2026-08-04T09:35:00+05:30,1643.9,1643.9,1640.1,1643.2,28823
2026-08-04T09:40:00+05:30,1643.4,1649.9,1642.2,1648.4,84289
2026-08-04T09:45:00+05:30,1648.5,1648.5,1645.4,1646.5,12741
2026-08-04T09:50:00+05:30,1646.6,1649.5,1645.9,1646,17041
2026-08-04T09:55:00+05:30,1646.6,1648,1646.5,1648,8959
2026-08-04T10:00:00+05:30,1648.6,1648.8,1643.7,1643.8,11689
2026-08-04T10:05:00+05:30,1644,1645.2,1642.2,1642.9,12228
2026-08-04T10:10:00+05:30,1642.9,1645.2,1642.8,1644.5,9154
2026-08-04T10:15:00+05:30,1644.6,1645.5,1642.9,1642.9,27096
2026-08-04T10:20:00+05:30,1642.9,1644.9,1642.9,1644,7800
2026-08-04T10:25:00+05:30,1644.1,1645.1,1644.1,1644.8,7531
2026-08-04T10:30:00+05:30,1644.9,1645.7,1643.9,1643.9,19917
2026-08-04T10:35:00+05:30,1644.3,1645.6,1644.3,1645,23839
2026-08-04T10:40:00+05:30,1645,1645.7,1643.9,1644.6,12500
2026-08-04T10:45:00+05:30,1644.9,1645,1643.5,1644,33618
2026-08-04T10:50:00+05:30,1644,1644.8,1643.5,1644,146782
2026-08-04T10:55:00+05:30,1644,1644.6,1642.2,1644,16876
2026-08-04T11:00:00+05:30,1644,1644.5,1643.9,1644,23483
2026-08-04T11:05:00+05:30,1644,1651,1643.9,1648.9,110469
2026-08-04T11:10:00+05:30,1649.6,1650.5,1648.1,1648.7,7614
2026-08-04T11:15:00+05:30,1649.3,1652.1,1648.8,1650.5,14527
2026-08-04T11:20:00+05:30,1650.9,1651.1,1649.1,1649.2,10158
2026-08-04T11:25:00+05:30,1649.6,1650.9,1649,1650.2,13642
2026-08-04T11:30:00+05:30,1650.8,1653.1,1650.1,1651.6,15972
2026-08-04T11:35:00+05:30,1651.6,1653,1650.5,1651.8,15631
2026-08-04T11:40:00+05:30,1651.8,1653.5,1649.5,1650.6,10040
2026-08-04T11:45:00+05:30,1650.8,1651.3,1648.8,1650.3,16794
2026-08-04T11:50:00+05:30,1650.1,1653.5,1649.8,1652.5,17551
2026-08-04T11:55:00+05:30,1652.5,1652.5,1648.1,1648.3,6859
2026-08-04T12:00:00+05:30,1648.1,1649.8,1647,1648,9971
2026-08-04T12:05:00+05:30,1648.9,1649.9,1647.4,1648.9,9102
2026-08-04T12:10:00+05:30,1648.9,1651,1647.9,1651,19660
2026-08-04T12:15:00+05:30,1651,1652.8,1649.2,1649.9,42659
2026-08-04T12:20:00+05:30,1650,1650.2,1647.1,1647.3,19825
2026-08-04T12:25:00+05:30,1647.3,1647.4,1646.3,1647.1,14572
2026-08-04T12:30:00+05:30,1647.1,1649.7,1646.9,1648.9,5265
2026-08-04T12:35:00+05:30,1649,1649.5,1647.5,1648.9,6102
2026-08-04T12:40:00+05:30,1649,1649,1647.1,1647.7,6956
2026-08-04T12:45:00+05:30,1647.6,1649,1647.6,1648.4,7982
2026-08-04T12:50:00+05:30,1648.6,1650.7,1648.1,1650,16383
2026-08-04T12:55:00+05:30,1650,1650.5,1648.1,1650.1,6539
2026-08-04T13:00:00+05:30,1650,1651.4,1649.4,1649.9,7170
2026-08-04T13:05:00+05:30,1649.9,1650,1649.2,1649.3,8609
2026-08-04T13:10:00+05:30,1649.2,1650.6,1649.2,1650,8458
2026-08-04T13:15:00+05:30,1650,1650.8,1648.4,1649.4,7380
2026-08-04T13:20:00+05:30,1650,1651.9,1648.8,1648.9,86667
2026-08-04T13:25:00+05:30,1649,1649,1647.5,1648.1,30390
2026-08-04T13:30:00+05:30,1648.7,1649,1648.2,1649,13449
2026-08-04T13:35:00+05:30,1649,1649,1648.8,1649,22747
2026-08-04T13:40:00+05:30,1649,1649,1647.7,1648.7,18534
2026-08-04T13:45:00+05:30,1648.6,1649.2,1647.6,1648.3,58746
2026-08-04T13:50:00+05:30,1648.6,1649,1646.4,1647.7,16445
2026-08-04T13:55:00+05:30,1647.7,1648.1,1645.4,1646.9,28398
2026-08-04T14:00:00+05:30,1647,1647,1646.1,1646.9,11067
2026-08-04T14:05:00+05:30,1646.9,1647.7,1645.3,1645.4,33865
2026-08-04T14:10:00+05:30,1645.8,1647,1645.4,1647,9687
2026-08-04T14:15:00+05:30,1647,1647.7,1646,1647,57028
2026-08-04T14:20:00+05:30,1647,1647.5,1645.5,1647,29867
2026-08-04T14:25:00+05:30,1647,1649.1,1646.8,1649,37192
2026-08-04T14:30:00+05:30,1649.1,1649.6,1646.1,1646.4,12013
2026-08-04T14:35:00+05:30,1646.4,1647.2,1645.8,1645.9,10881
2026-08-04T14:40:00+05:30,1645.8,1647.1,1645.8,1647.1,10652
2026-08-04T14:45:00+05:30,1647.2,1648.2,1647,1648,9309
2026-08-04T14:50:00+05:30,1647.6,1648.4,1647,1648.4,14443
2026-08-04T14:55:00+05:30,1648.3,1649.4,1647.4,1647.9,18414
2026-08-04T15:00:00+05:30,1648,1649.1,1647,1647.9,53037
2026-08-04T15:05:00+05:30,1648,1648,1644.6,1645.9,49134
2026-08-04T15:10:00+05:30,1646,1648.1,1642,1642,62669
2026-08-05T09:15:00+05:30,1663,1663,1651,1654.1,81274
2026-08-05T09:20:00+05:30,1655.4,1660.6,1654.4,1654.4,32359
2026-08-05T09:25:00+05:30,1654.3,1655.4,1649.4,1649.8,36068
2026-08-05T09:30:00+05:30,1650.1,1650.8,1647.7,1649.6,18782
2026-08-05T09:35:00+05:30,1649.4,1652,1648.8,1651.8,14152
2026-08-05T09:40:00+05:30,1653,1654.6,1652.6,1653.8,24025
2026-08-05T09:45:00+05:30,1653.8,1654,1651.1,1651.5,15721
2026-08-05T09:50:00+05:30,1651.7,1653.9,1650.6,1653.8,163168
2026-08-05T09:55:00+05:30,1653.9,1655,1653.3,1654.7,16895
2026-08-05T10:00:00+05:30,1654.8,1655,1653.4,1653.4,17972
2026-08-05T10:05:00+05:30,1653.8,1655,1652.6,1652.8,10140
2026-08-05T10:10:00+05:30,1653.2,1655.1,1651.8,1654.9,10764
2026-08-05T10:15:00+05:30,1654.9,1656,1653.5,1654.6,15446
2026-08-05T10:20:00+05:30,1654.6,1658.6,1654,1656.8,18514
2026-08-05T10:25:00+05:30,1656.8,1657.9,1654.5,1655.5,14189
2026-08-05T10:30:00+05:30,1655.3,1655.9,1654,1654.9,18091
2026-08-05T10:35:00+05:30,1655.2,1655.2,1653.9,1654.5,8875
2026-08-05T10:40:00+05:30,1654.6,1659.9,1654.5,1657.2,24629
2026-08-05T10:45:00+05:30,1657.3,1657.6,1655.4,1655.6,7260
2026-08-05T10:50:00+05:30,1655.6,1660.5,1655.2,1659.9,25202
2026-08-05T10:55:00+05:30,1660.2,1664.8,1660,1662.8,60473
2026-08-05T11:00:00+05:30,1663,1664,1662.6,1662.6,22901
2026-08-05T11:05:00+05:30,1662.9,1664.4,1660,1663.1,31762
2026-08-05T11:10:00+05:30,1663.3,1664.3,1662.1,1662.3,16621
2026-08-05T11:15:00+05:30,1662.4,1663.1,1661.2,1661.3,15497
2026-08-05T11:20:00+05:30,1661.5,1663,1660.7,1661.3,18141
2026-08-05T11:25:00+05:30,1661.4,1662.5,1660.2,1660.6,15830
2026-08-05T11:30:00+05:30,1660.5,1661.9,1659.8,1660.6,13704
2026-08-05T11:35:00+05:30,1660,1660.9,1658.1,1660,20001
2026-08-05T11:40:00+05:30,1660,1660,1658.9,1659.7,15269
2026-08-05T11:45:00+05:30,1659.7,1659.9,1657.1,1659.9,12247
2026-08-05T11:50:00+05:30,1659.9,1661,1659,1659.5,20692
2026-08-05T11:55:00+05:30,1659.8,1660,1658.2,1660,8869
2026-08-05T12:00:00+05:30,1660,1661,1659.8,1660.6,13677
2026-08-05T12:05:00+05:30,1660.5,1661.2,1660.1,1660.2,11906
2026-08-05T12:10:00+05:30,1660.2,1662.9,1660.1,1662.2,17274
2026-08-05T12:15:00+05:30,1661.7,1663,1661.4,1662.8,20767
2026-08-05T12:20:00+05:30,1662.6,1664,1659.4,1660.5,82458
2026-08-05T12:25:00+05:30,1660.5,1660.7,1659.8,1660.5,19465
2026-08-05T12:30:00+05:30,1660.3,1660.4,1658.9,1659.6,19904
2026-08-05T12:35:00+05:30,1659.1,1660,1658.9,1659.2,19665
2026-08-05T12:40:00+05:30,1659.7,1659.8,1658.3,1659.5,19427
2026-08-05T12:45:00+05:30,1659.6,1659.6,1658.1,1658.6,15732
2026-08-05T12:50:00+05:30,1658.6,1659.6,1656,1656.8,33206
2026-08-05T12:55:00+05:30,1656.3,1657.5,1655.3,1656.3,20595
2026-08-05T13:00:00+05:30,1656.3,1656.3,1655.9,1656,17426
2026-08-05T13:05:00+05:30,1656,1658,1654.7,1657.2,54436
2026-08-05T13:10:00+05:30,1657.2,1660,1657.2,1657.8,26217
2026-08-05T13:15:00+05:30,1658.3,1659.9,1657.8,1659.7,13670
2026-08-05T13:20:00+05:30,1659.7,1660.3,1658.2,1658.7,16279
2026-08-05T13:25:00+05:30,1658.7,1660.7,1658.1,1660.6,17508
2026-08-05T13:30:00+05:30,1660.4,1661.8,1659.5,1660.5,15992
2026-08-05T13:35:00+05:30,1660.5,1661.2,1656.9,1657,21669
2026-08-05T13:40:00+05:30,1657,1658.3,1656,1656.6,15846
2026-08-05T13:45:00+05:30,1657,1657.7,1656.6,1656.8,17597
2026-08-05T13:50:00+05:30,1657,1657.4,1656.1,1656.6,16011
2026-08-05T13:55:00+05:30,1656.3,1656.9,1647,1647.8,79059
2026-08-05T14:00:00+05:30,1647.7,1647.7,1642,1643,32138
2026-08-05T14:05:00+05:30,1643,1643.5,1642.1,1642.7,18225
2026-08-05T14:10:00+05:30,1643,1644.3,1640,1640.2,110524
2026-08-05T14:15:00+05:30,1640.4,1641.9,1639,1641.1,45921
2026-08-05T14:20:00+05:30,1641.7,1642,1640.4,1641.9,19827
2026-08-05T14:25:00+05:30,1641.9,1647.3,1641.7,1646.8,60569
2026-08-05T14:30:00+05:30,1646.8,1648.3,1646.7,1647.9,9763
2026-08-05T14:35:00+05:30,1648,1649.2,1646,1646,19270
2026-08-05T14:40:00+05:30,1646.5,1646.5,1643.5,1643.8,10016
2026-08-05T14:45:00+05:30,1644.3,1645,1643.3,1644.9,12347
2026-08-05T14:50:00+05:30,1644.7,1645,1644.5,1645,23190
2026-08-05T14:55:00+05:30,1644.6,1645,1644.1,1645,14882
2026-08-05T15:00:00+05:30,1644.7,1645,1643.5,1644.3,25210
2026-08-05T15:05:00+05:30,1644.1,1644.7,1641.9,1643.4,60658
2026-08-05T15:10:00+05:30,1643.3,1645,1641.5,1645,88488
2026-08-06T09:15:00+05:30,1655,1670,1651.8,1662.6,121120
2026-08-06T09:20:00+05:30,1662.8,1669.6,1658.9,1661,209904
2026-08-06T09:25:00+05:30,1661.2,1661.2,1652.8,1657,51256
2026-08-06T09:30:00+05:30,1658.3,1660,1652.2,1654.1,43820
2026-08-06T09:35:00+05:30,1654.1,1656.9,1651.2,1654.4,24913
2026-08-06T09:40:00+05:30,1655.1,1658,1654.8,1657.9,20369
2026-08-06T09:45:00+05:30,1657.8,1658,1655.6,1656.9,18114
2026-08-06T09:50:00+05:30,1657.3,1658.4,1654.1,1654.8,17209
2026-08-06T09:55:00+05:30,1655,1655,1652.2,1653.9,13085
2026-08-06T10:00:00+05:30,1653.9,1657.6,1652.7,1657.2,13534
2026-08-06T10:05:00+05:30,1657.3,1658.9,1655.7,1658.4,11699
2026-08-06T10:10:00+05:30,1658.3,1659.9,1657.8,1659.8,8160
2026-08-06T10:15:00+05:30,1659.7,1659.8,1657.9,1658.6,9389
2026-08-06T10:20:00+05:30,1659.1,1659.2,1655.3,1656.7,12089
2026-08-06T10:25:00+05:30,1656.8,1657.6,1655.9,1657,13591
2026-08-06T10:30:00+05:30,1657,1657.6,1656.7,1657,31417
2026-08-06T10:35:00+05:30,1657,1657.9,1656.9,1657,31858
2026-08-06T10:40:00+05:30,1657,1657,1653.3,1654.2,16756
2026-08-06T10:45:00+05:30,1654.3,1655,1651.2,1651.2,14112
2026-08-06T10:50:00+05:30,1651.4,1655.9,1649,1655.8,58806
2026-08-06T10:55:00+05:30,1655.9,1655.9,1651.8,1652,63926
2026-08-06T11:00:00+05:30,1652,1652,1649.4,1650,27926
2026-08-06T11:05:00+05:30,1650,1652.1,1649.5,1652.1,22834
2026-08-06T11:10:00+05:30,1651.7,1653,1650.8,1652.9,11752
2026-08-06T11:15:00+05:30,1653,1653,1651.9,1652.3,11900
2026-08-06T11:20:00+05:30,1652.3,1653,1652.1,1652.9,12931
2026-08-06T11:25:00+05:30,1653,1653.9,1651.9,1653.7,20274
2026-08-06T11:30:00+05:30,1653.8,1653.9,1653,1653.9,11464
2026-08-06T11:35:00+05:30,1653.8,1653.9,1652.3,1652.8,11346
2026-08-06T11:40:00+05:30,1652.9,1653.6,1652.1,1653.4,11225
2026-08-06T11:45:00+05:30,1653.5,1653.9,1652.8,1653.8,10357
2026-08-06T11:50:00+05:30,1653.9,1653.9,1653.7,1653.8,10110
2026-08-06T11:55:00+05:30,1653.8,1654.2,1653,1653.9,17905
2026-08-06T12:00:00+05:30,1653.9,1654,1652.1,1653.8,13876
2026-08-06T12:05:00+05:30,1653.9,1654,1653.7,1653.9,13485
2026-08-06T12:10:00+05:30,1653.9,1654,1652.2,1652.9,11827
2026-08-06T12:15:00+05:30,1652.9,1654,1652.3,1653.6,10276
2026-08-06T12:20:00+05:30,1653.7,1653.9,1652.7,1653.1,10764
2026-08-06T12:25:00+05:30,1653.2,1653.7,1652.7,1653.2,9591
2026-08-06T12:30:00+05:30,1653.3,1654,1651.3,1653,10046
2026-08-06T12:35:00+05:30,1653,1653.5,1652.8,1652.8,11337
2026-08-06T12:40:00+05:30,1652.9,1653,1650.3,1650.9,14526
2026-08-06T12:45:00+05:30,1650.9,1651.6,1649.9,1650,16352
2026-08-06T12:50:00+05:30,1650,1650,1649.6,1650,14380
2026-08-06T12:55:00+05:30,1649.9,1649.9,1646.3,1647.5,22759
2026-08-06T13:00:00+05:30,1647.5,1647.9,1646.5,1646.5,11112
2026-08-06T13:05:00+05:30,1646.6,1648.2,1646,1646.6,22618
2026-08-06T13:10:00+05:30,1646.7,1649.1,1645.5,1646.3,43481
2026-08-06T13:15:00+05:30,1645.8,1646.6,1644.2,1645,88809
2026-08-06T13:20:00+05:30,1645,1645.6,1643.1,1644,29768
2026-08-06T13:25:00+05:30,1644.1,1645,1643.6,1644.7,13035
2026-08-06T13:30:00+05:30,1644.7,1645.8,1643.4,1643.9,52546
2026-08-06T13:35:00+05:30,1643.9,1646,1642.4,1645,107749
2026-08-06T13:40:00+05:30,1644.6,1645.3,1640.4,1641.7,111822
2026-08-06T13:45:00+05:30,1640.9,1641.8,1638.9,1639,173143
2026-08-06T13:50:00+05:30,1639,1640.9,1634.8,1639.5,277051
2026-08-06T13:55:00+05:30,1639.7,1640,1639.4,1640,67119
2026-08-06T14:00:00+05:30,1640,1640,1639,1639.3,29797
2026-08-06T14:05:00+05:30,1639.4,1639.4,1637.7,1638.3,21277
2026-08-06T14:10:00+05:30,1638.5,1639.2,1637.6,1638,22573
2026-08-06T14:15:00+05:30,1638,1638.5,1636,1637.4,30665
2026-08-06T14:20:00+05:30,1637.2,1638,1636.7,1637.6,23321
2026-08-06T14:25:00+05:30,1637.5,1638,1636.9,1637.9,32458
2026-08-06T14:30:00+05:30,1637.9,1638.9,1636.5,1637.8,36194
2026-08-06T14:35:00+05:30,1637.9,1639,1637.9,1638.4,36324
2026-08-06T14:40:00+05:30,1638.2,1639.1,1636.9,1637,36337
2026-08-06T14:45:00+05:30,1637,1638,1636.8,1637.9,28710
2026-08-06T14:50:00+05:30,1637.8,1639.2,1637.4,1638.9,30387
2026-08-06T14:55:00+05:30,1638.8,1640,1638.7,1639.4,39203
2026-08-06T15:00:00+05:30,1639.7,1640.1,1638.2,1639.5,79747
2026-08-06T15:05:00+05:30,1639.5,1639.5,1633.7,1635,160830
2026-08-06T15:10:00+05:30,1634.9,1635,1631,1635,670598
2026-08-07T09:15:00+05:30,1639.8,1659.3,1636.4,1658.5,305321
2026-08-07T09:20:00+05:30,1658.5,1666.6,1657.8,1664.2,345178
2026-08-07T09:25:00+05:30,1664.3,1674.1,1663.6,1673.2,192152
2026-08-07T09:30:00+05:30,1673.3,1679,1670,1676.6,224127
2026-08-07T09:35:00+05:30,1676.7,1679.9,1672.7,1677.9,242139
2026-08-07T09:40:00+05:30,1678.1,1680.4,1674.3,1678,303851
2026-08-07T09:45:00+05:30,1678.7,1681.5,1677.2,1679.2,192279
2026-08-07T09:50:00+05:30,1679.9,1681.5,1677.6,1677.6,82984
2026-08-07T09:55:00+05:30,1678.1,1678.8,1664.3,1665,383206
2026-08-07T10:00:00+05:30,1665,1670.1,1664.3,1665.2,177832
2026-08-07T10:05:00+05:30,1665.6,1667,1661.2,1662.2,64919
2026-08-07T10:10:00+05:30,1662.5,1663.6,1659.7,1663.2,52354
2026-08-07T10:15:00+05:30,1663,1664,1658.3,1659.1,42068
2026-08-07T10:20:00+05:30,1659.2,1659.6,1655.7,1656,40396
2026-08-07T10:25:00+05:30,1656.4,1656.4,1652.7,1654.3,45676
2026-08-07T10:30:00+05:30,1653,1655,1649.7,1649.7,128493
2026-08-07T10:35:00+05:30,1650,1650,1646.6,1649,43205
2026-08-07T10:40:00+05:30,1649,1650,1645.3,1648.1,55463
2026-08-07T10:45:00+05:30,1648.1,1650,1645.6,1647,28676
2026-08-07T10:50:00+05:30,1646.9,1648.2,1646.7,1647,44679
2026-08-07T10:55:00+05:30,1647,1649,1646.4,1647,66997
2026-08-07T11:00:00+05:30,1647,1647.4,1646.1,1646.8,16007
2026-08-07T11:05:00+05:30,1646.9,1647,1646,1647,10607
2026-08-07T11:10:00+05:30,1647,1647.9,1646.3,1646.9,26790
2026-08-07T11:15:00+05:30,1646.8,1648.3,1646.8,1647.6,35514
2026-08-07T11:20:00+05:30,1647.3,1647.3,1644.3,1645.8,22663
2026-08-07T11:25:00+05:30,1645.8,1650.4,1645.3,1647,184184
2026-08-07T11:30:00+05:30,1647,1647.7,1646.1,1647,66550
2026-08-07T11:35:00+05:30,1647,1648.7,1646.8,1646.9,147754
2026-08-07T11:40:00+05:30,1647,1649.1,1646.7,1647,145968
2026-08-07T11:45:00+05:30,1647,1647.6,1643.2,1643.4,37785
2026-08-07T11:50:00+05:30,1643.4,1645,1643.1,1643.2,98321
2026-08-07T11:55:00+05:30,1643.2,1647.2,1642.2,1642.4,107118
2026-08-07T12:00:00+05:30,1642.6,1644.7,1642.4,1643.4,115744
2026-08-07T12:05:00+05:30,1643.4,1644.3,1639.9,1640.7,117855
2026-08-07T12:10:00+05:30,1640.7,1644.3,1639.7,1640.9,116491
2026-08-07T12:15:00+05:30,1640.9,1642,1639.6,1639.8,90471
2026-08-07T12:20:00+05:30,1639.8,1640.4,1638.8,1638.8,21331
2026-08-07T12:25:00+05:30,1638.9,1639.5,1637.6,1637.7,28923
2026-08-07T12:30:00+05:30,1637.9,1638,1634.6,1634.9,88366
2026-08-07T12:35:00+05:30,1635,1636,1634.3,1635.6,112923
2026-08-07T12:40:00+05:30,1635.9,1635.9,1634.5,1634.5,22250
2026-08-07T12:45:00+05:30,1635,1636,1634.4,1635.5,55684
2026-08-07T12:50:00+05:30,1635,1639.6,1634.7,1638.8,123774
2026-08-07T12:55:00+05:30,1639.3,1639.3,1635.5,1638.6,19598
2026-08-07T13:00:00+05:30,1639,1640.8,1638.7,1640.7,13784
2026-08-07T13:05:00+05:30,1640.8,1644.6,1640.2,1642.5,13774
2026-08-07T13:10:00+05:30,1642.8,1642.8,1641.1,1641.8,14056
2026-08-07T13:15:00+05:30,1641.2,1644.9,1641.1,1642.7,18406
2026-08-07T13:20:00+05:30,1642.9,1644.8,1642.5,1643.5,11255
2026-08-07T13:25:00+05:30,1644.1,1646.9,1643.1,1644.7,19958
2026-08-07T13:30:00+05:30,1645,1646.5,1644.1,1644.3,68704
2026-08-07T13:35:00+05:30,1644.8,1645.4,1644.4,1645.2,64745
2026-08-07T13:40:00+05:30,1645.3,1646.3,1643.3,1643.6,185028
2026-08-07T13:45:00+05:30,1643.9,1643.9,1641.1,1641.1,12247
2026-08-07T13:50:00+05:30,1641.1,1643.8,1641.1,1642.5,13221
2026-08-07T13:55:00+05:30,1643,1643,1641.9,1642.9,17554
2026-08-07T14:00:00+05:30,1643,1643,1641,1641.8,17761
2026-08-07T14:05:00+05:30,1641.8,1641.8,1637.3,1638.9,26982
2026-08-07T14:10:00+05:30,1639.6,1639.6,1638,1638.6,18767
2026-08-07T14:15:00+05:30,1639,1639.6,1638,1638.6,20688
2026-08-07T14:20:00+05:30,1638.6,1640.3,1638.4,1640.2,16173
2026-08-07T14:25:00+05:30,1640.3,1640.6,1638.6,1639,26315
2026-08-07T14:30:00+05:30,1639,1641.4,1638.7,1640.8,21676
2026-08-07T14:35:00+05:30,1640.7,1641,1639.6,1639.8,22108
2026-08-07T14:40:00+05:30,1640,1640.6,1638.5,1639.4,17910
2026-08-07T14:45:00+05:30,1639.4,1639.9,1638.5,1639.5,22951
2026-08-07T14:50:00+05:30,1639.7,1640.9,1639.4,1639.6,33718
2026-08-07T14:55:00+05:30,1640.3,1640.4,1639.1,1639.9,49170
2026-08-07T15:00:00+05:30,1639.8,1641.9,1639.3,1641.9,68106
2026-08-07T15:05:00+05:30,1641.8,1641.8,1638.9,1640,117470
2026-08-07T15:10:00+05:30,1640,1640.3,1636.8,1638.8,96715
2026-08-10T09:15:00+05:30,1644,1658.9,1643.3,1658.4,145877
2026-08-10T09:20:00+05:30,1658.4,1661.4,1656.2,1657.4,95903
2026-08-10T09:25:00+05:30,1657.4,1659.5,1655.9,1659,55936
2026-08-10T09:30:00+05:30,1659,1663.4,1653.3,1656.3,118786
2026-08-10T09:35:00+05:30,1655.9,1659.6,1652.8,1659.4,48756
2026-08-10T09:40:00+05:30,1659.4,1660.9,1657,1659,48202
2026-08-10T09:45:00+05:30,1658.9,1659.3,1656.1,1658.5,29897
2026-08-10T09:50:00+05:30,1658.4,1663.2,1658.2,1658.5,59805
2026-08-10T09:55:00+05:30,1658.6,1660,1652.5,1657.3,71065
2026-08-10T10:00:00+05:30,1657.3,1658.8,1654.2,1656.4,29677
2026-08-10T10:05:00+05:30,1656.4,1657.7,1655.3,1656.3,18081
2026-08-10T10:10:00+05:30,1656.8,1657.8,1653.9,1657,17344
2026-08-10T10:15:00+05:30,1656.8,1659,1655.2,1658.7,28970
2026-08-10T10:20:00+05:30,1659.2,1662.2,1658.7,1661.2,62195
2026-08-10T10:25:00+05:30,1661.6,1665.8,1661.3,1663.3,62839
2026-08-10T10:30:00+05:30,1663,1665.9,1661.6,1661.6,63627
2026-08-10T10:35:00+05:30,1661.6,1662.3,1657,1659.3,69676
2026-08-10T10:40:00+05:30,1659.3,1660,1654.6,1655.9,49905
2026-08-10T10:45:00+05:30,1655.8,1658.4,1655.5,1657,23008
2026-08-10T10:50:00+05:30,1657,1658,1655.3,1655.3,32386
2026-08-10T10:55:00+05:30,1656.5,1656.9,1655,1656,24915
2026-08-10T11:00:00+05:30,1655.3,1657.6,1655.2,1655.9,19347
2026-08-10T11:05:00+05:30,1655.9,1658,1655.4,1658,23098
2026-08-10T11:10:00+05:30,1657.4,1658.5,1657,1657.5,28685
2026-08-10T11:15:00+05:30,1657.5,1658,1656,1658,15664
2026-08-10T11:20:00+05:30,1658,1659.3,1656.9,1658,23824
2026-08-10T11:25:00+05:30,1658,1658.9,1657.2,1657.4,15520
2026-08-10T11:30:00+05:30,1657.4,1658.2,1656,1656.4,12989
2026-08-10T11:35:00+05:30,1656.4,1657,1647.8,1649.3,95810
2026-08-10T11:40:00+05:30,1649.3,1650.3,1648.7,1649.9,28289
2026-08-10T11:45:00+05:30,1650,1650.7,1647.7,1649.9,23043
2026-08-10T11:50:00+05:30,1649.8,1650.3,1647.6,1648.2,26379
2026-08-10T11:55:00+05:30,1648.2,1649.8,1647.4,1648.5,21191
2026-08-10T12:00:00+05:30,1648.8,1650,1647,1648.8,21671
2026-08-10T12:05:00+05:30,1649.7,1649.9,1645.2,1647,38146
2026-08-10T12:10:00+05:30,1646.8,1649.9,1644.9,1649.5,57953
2026-08-10T12:15:00+05:30,1649.7,1649.9,1646.4,1646.4,31120
2026-08-10T12:20:00+05:30,1646.4,1648.8,1646.3,1648.3,56037
2026-08-10T12:25:00+05:30,1648.2,1649.8,1645,1646.2,26157
2026-08-10T12:30:00+05:30,1645.8,1647.4,1642.6,1643,37565
2026-08-10T12:35:00+05:30,1644.1,1645,1642.6,1645,16572
2026-08-10T12:40:00+05:30,1645,1645,1641.6,1641.7,31518
2026-08-10T12:45:00+05:30,1641.9,1643.5,1641.1,1641.9,28756
2026-08-10T12:50:00+05:30,1641.9,1643.7,1641.7,1642.6,22690
2026-08-10T12:55:00+05:30,1642.6,1644.4,1642,1642.5,25087
2026-08-10T13:00:00+05:30,1642.5,1643.8,1642,1642.8,25309
2026-08-10T13:05:00+05:30,1643.2,1644.4,1642.7,1642.7,22619
2026-08-10T13:10:00+05:30,1643.2,1643.9,1640,1640.6,46538
2026-08-10T13:15:00+05:30,1641,1642.9,1637.6,1638.1,44588
2026-08-10T13:20:00+05:30,1638.9,1638.9,1635.8,1636.3,34396
2026-08-10T13:25:00+05:30,1637,1637.8,1636,1636.2,21999
2026-08-10T13:30:00+05:30,1636.6,1638.9,1636.3,1637.9,20039
2026-08-10T13:35:00+05:30,1637.6,1639.1,1637,1637,22965
2026-08-10T13:40:00+05:30,1637,1638.3,1636.1,1637.3,23122
2026-08-10T13:45:00+05:30,1637.3,1637.6,1635.7,1636.7,23734
2026-08-10T13:50:00+05:30,1637.2,1637.7,1634.8,1636.2,35371
2026-08-10T13:55:00+05:30,1637.1,1637.1,1634.8,1635.2,18870
2026-08-10T14:00:00+05:30,1635.8,1637.1,1634.7,1636.7,26066
2026-08-10T14:05:00+05:30,1636.7,1637.3,1634.5,1634.5,20675
2026-08-10T14:10:00+05:30,1635.2,1636.9,1634.3,1635.5,26692
2026-08-10T14:15:00+05:30,1635.5,1636.8,1635,1635.5,20929
2026-08-10T14:20:00+05:30,1636.5,1637.1,1635,1635.6,19509
2026-08-10T14:25:00+05:30,1635.2,1636.5,1634.4,1634.5,20981
2026-08-10T14:30:00+05:30,1635.4,1635.8,1631.5,1632.5,24151
2026-08-10T14:35:00+05:30,1632.4,1633.6,1631.2,1633.6,27873
2026-08-10T14:40:00+05:30,1633.6,1633.8,1632.1,1632.9,27188
2026-08-10T14:45:00+05:30,1632.1,1634.8,1631.2,1634.2,32916
2026-08-10T14:50:00+05:30,1634,1634.6,1631.3,1631.3,27997
2026-08-10T14:55:00+05:30,1631.6,1633.7,1631.1,1633.3,44841
2026-08-10T15:00:00+05:30,1632.5,1634.5,1630.8,1634.2,69239
2026-08-10T15:05:00+05:30,1634.2,1634.6,1632.9,1633.2,58130
2026-08-10T15:10:00+05:30,1633.7,1634.5,1632,1632,63832
2026-08-11T09:15:00+05:30,1645.9,1660.3,1643.6,1658.2,131420
2026-08-11T09:20:00+05:30,1658.2,1658.2,1650.6,1652.1,64591
2026-08-11T09:25:00+05:30,1652.1,1652.6,1648.9,1649.8,40885
2026-08-11T09:30:00+05:30,1649.1,1655,1648.8,1653.2,24653
2026-08-11T09:35:00+05:30,1653.2,1654,1648.2,1649.2,26224
2026-08-11T09:40:00+05:30,1649.2,1650.5,1648,1650.5,13884
2026-08-11T09:45:00+05:30,1650.8,1651.4,1648.5,1649.8,9786
2026-08-11T09:50:00+05:30,1649.7,1651,1648.8,1650.2,11394
2026-08-11T09:55:00+05:30,1650.1,1653.3,1648.5,1653.3,12187
2026-08-11T10:00:00+05:30,1653.3,1653.6,1647.5,1649.9,29128
2026-08-11T10:05:00+05:30,1649.9,1651.3,1644.9,1646.2,34578
2026-08-11T10:10:00+05:30,1646.3,1646.9,1645,1645.6,9569
2026-08-11T10:15:00+05:30,1645.6,1647,1645,1645.2,10965
2026-08-11T10:20:00+05:30,1645.3,1648.9,1644.2,1647.2,19555
2026-08-11T10:25:00+05:30,1647,1647.7,1645.3,1646.1,9172
2026-08-11T10:30:00+05:30,1646.1,1647,1645,1646.9,11046
2026-08-11T10:35:00+05:30,1647.2,1647.4,1645.6,1646.5,8098
2026-08-11T10:40:00+05:30,1646.5,1647.4,1645.2,1646.1,6925
2026-08-11T10:45:00+05:30,1646,1647.7,1646,1646.8,6966
2026-08-11T10:50:00+05:30,1646.8,1649.3,1646.3,1649,11783
2026-08-11T10:55:00+05:30,1649,1649.9,1647.7,1648.6,11095
2026-08-11T11:00:00+05:30,1648.5,1649.5,1647.8,1648.7,8922
2026-08-11T11:05:00+05:30,1648.7,1650,1645.4,1645.6,16607
2026-08-11T11:10:00+05:30,1645.5,1646.5,1644.3,1645,31142
2026-08-11T11:15:00+05:30,1645,1645,1643.3,1645,10358
2026-08-11T11:20:00+05:30,1645,1649.4,1644.9,1648.7,16921
2026-08-11T11:25:00+05:30,1648.6,1648.8,1645.8,1648.2,9245
2026-08-11T11:30:00+05:30,1648.2,1650.4,1647,1647.7,30796
2026-08-11T11:35:00+05:30,1647.7,1651.6,1647.5,1651.6,64003
2026-08-11T11:40:00+05:30,1651.4,1652.9,1649.1,1651.7,80220
2026-08-11T11:45:00+05:30,1651.6,1651.6,1648.2,1649.3,38009
2026-08-11T11:50:00+05:30,1649.5,1650,1648.8,1649.9,13169
2026-08-11T11:55:00+05:30,1650.4,1650.8,1647.1,1649,36382
2026-08-11T12:00:00+05:30,1648.9,1649.4,1648,1648.9,13567
2026-08-11T12:05:00+05:30,1648.9,1649.1,1645.7,1646.1,78228
2026-08-11T12:10:00+05:30,1646.1,1650.5,1646,1649.9,41052
2026-08-11T12:15:00+05:30,1649.9,1650.5,1649.5,1649.9,17625
2026-08-11T12:20:00+05:30,1649.9,1651.7,1649.6,1649.6,16701
2026-08-11T12:25:00+05:30,1649.6,1651.8,1649.3,1651.8,17344
2026-08-11T12:30:00+05:30,1651.8,1652.4,1650,1650.6,15237
2026-08-11T12:35:00+05:30,1650.6,1651.5,1647.8,1648.1,14007
2026-08-11T12:40:00+05:30,1648.1,1648.9,1647,1648.4,12238
2026-08-11T12:45:00+05:30,1648.4,1648.4,1645.1,1645.2,30885
2026-08-11T12:50:00+05:30,1645.2,1646,1643.2,1643.2,25009
2026-08-11T12:55:00+05:30,1643.4,1644,1642.4,1643.7,28829
2026-08-11T13:00:00+05:30,1643.7,1644.5,1642.6,1644.5,17181
2026-08-11T13:05:00+05:30,1644.5,1644.9,1642.3,1643.7,25755
2026-08-11T13:10:00+05:30,1643.6,1643.7,1640.7,1642.3,40123
2026-08-11T13:15:00+05:30,1642.3,1644.2,1642.3,1643.5,14130
2026-08-11T13:20:00+05:30,1643.4,1643.4,1641.7,1642.7,14473
2026-08-11T13:25:00+05:30,1642.5,1643,1641.6,1642,26291
2026-08-11T13:30:00+05:30,1642,1644.3,1641.4,1644.2,14290
2026-08-11T13:35:00+05:30,1644.2,1645.8,1643.1,1645.4,21051
2026-08-11T13:40:00+05:30,1645.5,1645.7,1644,1644.9,11446
2026-08-11T13:45:00+05:30,1644.6,1647.7,1644.6,1646.7,18348
2026-08-11T13:50:00+05:30,1646.7,1648.7,1645.7,1647.7,29038
2026-08-11T13:55:00+05:30,1647.4,1647.4,1646.4,1647,10381
2026-08-11T14:00:00+05:30,1647,1647,1645.5,1646,11147
2026-08-11T14:05:00+05:30,1646,1646.5,1643.5,1645.3,25061
2026-08-11T14:10:00+05:30,1645.7,1646.5,1644.7,1645.1,14057
2026-08-11T14:15:00+05:30,1645.1,1646.4,1644.7,1645.4,13433
2026-08-11T14:20:00+05:30,1645.4,1647,1645.2,1645.7,11656
2026-08-11T14:25:00+05:30,1645.6,1646.6,1645.2,1645.6,11627
2026-08-11T14:30:00+05:30,1645.6,1646.1,1644.3,1644.5,15178
2026-08-11T14:35:00+05:30,1644.3,1646.8,1644.3,1645.6,23920
2026-08-11T14:40:00+05:30,1646,1646.6,1645.1,1645.6,12247
2026-08-11T14:45:00+05:30,1645.9,1647.5,1645.6,1647.2,16051
2026-08-11T14:50:00+05:30,1647.6,1647.6,1645.7,1646.5,19098
2026-08-11T14:55:00+05:30,1646.6,1647.3,1645.2,1646,26001
2026-08-11T15:00:00+05:30,1646.1,1647.2,1644.4,1645.1,51360
2026-08-11T15:05:00+05:30,1645.1,1645.1,1642.2,1643.1,61051
2026-08-11T15:10:00+05:30,1642.2,1643.9,1640,1642,101035
2026-08-12T09:15:00+05:30,1654,1656,1648,1655.7,289859
2026-08-12T09:20:00+05:30,1656.4,1657,1651,1652.3,109715
2026-08-12T09:25:00+05:30,1652.3,1653.9,1649.7,1653.6,79150
2026-08-12T09:30:00+05:30,1653.9,1654.7,1651.4,1654.5,63710
2026-08-12T09:35:00+05:30,1654.5,1656.5,1651.7,1652.8,262993
2026-08-12T09:40:00+05:30,1652.8,1655.6,1652.7,1655.1,48382
2026-08-12T09:45:00+05:30,1655.1,1655.8,1652.2,1654.3,39223
2026-08-12T09:50:00+05:30,1654.3,1654.3,1652,1652.4,37486
2026-08-12T09:55:00+05:30,1652.4,1654,1650.4,1651.4,48742
2026-08-12T10:00:00+05:30,1651.4,1651.4,1645.2,1645.8,84784
2026-08-12T10:05:00+05:30,1646.3,1646.3,1644.9,1645.3,40384
2026-08-12T10:10:00+05:30,1644.9,1645.6,1643,1645,64508
2026-08-12T10:15:00+05:30,1645,1645.9,1643.9,1645.3,39450
2026-08-12T10:20:00+05:30,1645.3,1645.9,1644.2,1645.3,39472
2026-08-12T10:25:00+05:30,1645.5,1645.9,1644.3,1644.5,36165
2026-08-12T10:30:00+05:30,1645,1645.3,1641.6,1642.5,47668
2026-08-12T10:35:00+05:30,1642.5,1643.1,1641.1,1642.6,29331
2026-08-12T10:40:00+05:30,1642.9,1642.9,1639.8,1641.5,69799
2026-08-12T10:45:00+05:30,1639.2,1639.8,1636.6,1636.9,38117
2026-08-12T10:50:00+05:30,1637.3,1639.2,1635.6,1639.2,34802
2026-08-12T10:55:00+05:30,1639.2,1640.4,1629.2,1629.2,72044
2026-08-12T11:00:00+05:30,1629.2,1634.4,1628.1,1630.1,74063
2026-08-12T11:05:00+05:30,1630.4,1634.8,1629.1,1630,47311
2026-08-12T11:10:00+05:30,1631,1634.3,1630,1633.2,27873
2026-08-12T11:15:00+05:30,1632.6,1633.7,1631,1631.7,27974
2026-08-12T11:20:00+05:30,1631.8,1633.9,1631.4,1632.7,23892
2026-08-12T11:25:00+05:30,1633.2,1635,1632,1635,39156
2026-08-12T11:30:00+05:30,1635,1635,1632.6,1633.6,45173
2026-08-12T11:35:00+05:30,1633.6,1633.8,1630.5,1633.8,93142
2026-08-12T11:40:00+05:30,1633.8,1634.1,1629.6,1629.7,107061
2026-08-12T11:45:00+05:30,1629.7,1631,1629.1,1630.9,43144
2026-08-12T11:50:00+05:30,1630.9,1632.8,1626.2,1627.5,48588
2026-08-12T11:55:00+05:30,1627.6,1630,1626.1,1626.1,23426
2026-08-12T12:00:00+05:30,1626.1,1628.2,1625.4,1626.8,23038
2026-08-12T12:05:00+05:30,1626.8,1627.9,1624.7,1625.3,34938
2026-08-12T12:10:00+05:30,1625.7,1626.5,1625.7,1626,32674
2026-08-12T12:15:00+05:30,1626,1629,1625.9,1628.9,32867
2026-08-12T12:20:00+05:30,1629,1629.2,1628.1,1629,23998
2026-08-12T12:25:00+05:30,1629,1629.2,1627.1,1627.9,35713
2026-08-12T12:30:00+05:30,1627.9,1629,1627.1,1629,65849
2026-08-12T12:35:00+05:30,1629,1629,1627.6,1629,25924
2026-08-12T12:40:00+05:30,1629,1629,1627.8,1628.7,35121
2026-08-12T12:45:00+05:30,1628.8,1630,1627.3,1629.5,29032
2026-08-12T12:50:00+05:30,1629.5,1630,1629.1,1629.5,18699
2026-08-12T12:55:00+05:30,1629.6,1630,1628.5,1630,24438
2026-08-12T13:00:00+05:30,1629.1,1630,1628.3,1628.4,20793
2026-08-12T13:05:00+05:30,1628.4,1629,1626.5,1628.2,23554
2026-08-12T13:10:00+05:30,1628.2,1628.6,1626.9,1627.8,26600
2026-08-12T13:15:00+05:30,1627.8,1628.8,1626.9,1628,40133
2026-08-12T13:20:00+05:30,1628,1629,1626.9,1626.9,43400
2026-08-12T13:25:00+05:30,1626.9,1627.6,1625,1626.1,26609
2026-08-12T13:30:00+05:30,1626.1,1627.2,1625.3,1627,17300
2026-08-12T13:35:00+05:30,1627,1627.9,1626.2,1627.1,23285
2026-08-12T13:40:00+05:30,1627.1,1627.9,1626.8,1627.5,19544
2026-08-12T13:45:00+05:30,1627.7,1628.4,1623.8,1625.5,24580
2026-08-12T13:50:00+05:30,1625.5,1626.4,1624.1,1625.7,23338
2026-08-12T13:55:00+05:30,1625.6,1626,1623.5,1624.5,22672
2026-08-12T14:00:00+05:30,1624.5,1625.7,1623.7,1624.9,25455
2026-08-12T14:05:00+05:30,1624.9,1626.5,1624.8,1625.7,19661
2026-08-12T14:10:00+05:30,1626.2,1627.5,1625.1,1626.5,39788
2026-08-12T14:15:00+05:30,1626.5,1627.9,1625.5,1626.4,29075
2026-08-12T14:20:00+05:30,1626.4,1627.5,1624.8,1626.2,27913
2026-08-12T14:25:00+05:30,1626.2,1627.4,1625.1,1626,28034
2026-08-12T14:30:00+05:30,1625.7,1627,1624.9,1625.2,58653
2026-08-12T14:35:00+05:30,1625,1626,1624.7,1625,44330
2026-08-12T14:40:00+05:30,1625,1626.8,1624.9,1625,45603
2026-08-12T14:45:00+05:30,1624.9,1626.6,1624.5,1624.9,27110
2026-08-12T14:50:00+05:30,1625,1627.6,1624.2,1627.6,40563
2026-08-12T14:55:00+05:30,1628.5,1628.8,1624.7,1625.9,106312
2026-08-12T15:00:00+05:30,1625.8,1628.8,1625,1625.1,88979
2026-08-12T15:05:00+05:30,1625.7,1626.9,1624.3,1626.3,70907
2026-08-12T15:10:00+05:30,1625,1626.4,1622.1,1625.2,121428
2026-08-13T09:15:00+05:30,1634.7,1636.4,1626.3,1635.9,125315
2026-08-13T09:20:00+05:30,1635.9,1643.9,1635.9,1643,78264
2026-08-13T09:25:00+05:30,1643,1645.7,1641.6,1645.7,250801
2026-08-13T09:30:00+05:30,1645.2,1647.5,1644.3,1647.4,43521
2026-08-13T09:35:00+05:30,1647.4,1647.5,1644,1644.2,45292
2026-08-13T09:40:00+05:30,1644.2,1644.2,1642.5,1643.8,20893
2026-08-13T09:45:00+05:30,1643.5,1644,1643.2,1643.2,10790
2026-08-13T09:50:00+05:30,1643.6,1643.6,1637.9,1639.9,124599
2026-08-13T09:55:00+05:30,1639.6,1640.7,1639,1640,169615
2026-08-13T10:00:00+05:30,1640,1640,1633.3,1634.5,42584
2026-08-13T10:05:00+05:30,1634.5,1639.1,1633.9,1638,18319
2026-08-13T10:10:00+05:30,1638,1639.8,1636.4,1639.3,25126
2026-08-13T10:15:00+05:30,1639.1,1640,1638.2,1639.4,18278
2026-08-13T10:20:00+05:30,1639.3,1639.9,1637.7,1639.9,17956
2026-08-13T10:25:00+05:30,1639.6,1640,1639.1,1639.5,21969
2026-08-13T10:30:00+05:30,1639.5,1640,1638.9,1640,10985
2026-08-13T10:35:00+05:30,1640,1641,1639.8,1640.7,18460
2026-08-13T10:40:00+05:30,1640.7,1642.2,1639.7,1639.9,14446
2026-08-13T10:45:00+05:30,1640,1640,1638.6,1640,17092
2026-08-13T10:50:00+05:30,1640,1641.5,1639.7,1641.1,16577
2026-08-13T10:55:00+05:30,1641.5,1642.8,1639.8,1642,32861
2026-08-13T11:00:00+05:30,1642,1643,1640.1,1640.4,15534
2026-08-13T11:05:00+05:30,1640.4,1640.4,1639.7,1640,14844
2026-08-13T11:10:00+05:30,1640,1640,1639.9,1640,11291
2026-08-13T11:15:00+05:30,1640,1640.1,1639.4,1639.9,23350
2026-08-13T11:20:00+05:30,1639.9,1640,1639.8,1640,7751
2026-08-13T11:25:00+05:30,1640,1640,1639.9,1640,9805
2026-08-13T11:30:00+05:30,1640,1640,1639.9,1639.9,13740
2026-08-13T11:35:00+05:30,1640,1640,1639.5,1640,14450
2026-08-13T11:40:00+05:30,1640,1640.4,1639.7,1639.9,21377
2026-08-13T11:45:00+05:30,1639.9,1643.3,1639.9,1641.4,25834
2026-08-13T11:50:00+05:30,1641.5,1645.5,1639.7,1643.9,100775
2026-08-13T11:55:00+05:30,1643.9,1647.5,1643.8,1646.2,99461
2026-08-13T12:00:00+05:30,1646.3,1652.8,1646.2,1651.1,57120
2026-08-13T12:05:00+05:30,1651.1,1652.8,1648.5,1649.3,43327
2026-08-13T12:10:00+05:30,1649.4,1651,1646.7,1648.5,95796
2026-08-13T12:15:00+05:30,1648.5,1648.5,1646.9,1647.6,26837
2026-08-13T12:20:00+05:30,1647.6,1652.4,1647.6,1652.2,67501
2026-08-13T12:25:00+05:30,1652.3,1652.5,1650.8,1651.7,28577
2026-08-13T12:30:00+05:30,1651.8,1652.3,1649.8,1649.8,39730
2026-08-13T12:35:00+05:30,1649.8,1652,1648.8,1650,21840
2026-08-13T12:40:00+05:30,1650,1651,1648.5,1650,39615
2026-08-13T12:45:00+05:30,1649.8,1650.7,1649.7,1650.2,15875
2026-08-13T12:50:00+05:30,1650.3,1650.6,1649.1,1650.3,20449
2026-08-13T12:55:00+05:30,1650.4,1650.5,1649.1,1649.6,22998
2026-08-13T13:00:00+05:30,1649.6,1649.7,1647.2,1647.5,23347
2026-08-13T13:05:00+05:30,1647.5,1648.1,1646.9,1646.9,22680
2026-08-13T13:10:00+05:30,1646.7,1649.4,1646.5,1649.4,13242
2026-08-13T13:15:00+05:30,1649.3,1651.2,1648.8,1650.7,48524
2026-08-13T13:20:00+05:30,1650.7,1652,1649.7,1649.9,23900
2026-08-13T13:25:00+05:30,1650,1650.2,1647.9,1647.9,26528
2026-08-13T13:30:00+05:30,1648,1648,1645,1645.3,35499
2026-08-13T13:35:00+05:30,1645.4,1648.4,1644.9,1648,17919
2026-08-13T13:40:00+05:30,1647.9,1648.7,1647.8,1647.9,35282
2026-08-13T13:45:00+05:30,1647.9,1649.9,1647.8,1649.1,22638
2026-08-13T13:50:00+05:30,1649.3,1651.6,1649.1,1650.6,19865
2026-08-13T13:55:00+05:30,1650.7,1652,1649.9,1650.2,21169
2026-08-13T14:00:00+05:30,1650.2,1650.4,1649,1649.8,9088
2026-08-13T14:05:00+05:30,1649.9,1650.8,1649.2,1650.2,25997
2026-08-13T14:10:00+05:30,1650.2,1650.7,1646.6,1647.9,49216
2026-08-13T14:15:00+05:30,1647.9,1648,1647.5,1647.9,17469
2026-08-13T14:20:00+05:30,1647.9,1649.7,1647.3,1647.3,33426
2026-08-13T14:25:00+05:30,1647.3,1649.7,1647.1,1647.9,26928
2026-08-13T14:30:00+05:30,1647.9,1649.4,1646.1,1646.5,26347
2026-08-13T14:35:00+05:30,1646.7,1647.5,1643.5,1644,66876
2026-08-13T14:40:00+05:30,1644,1645,1643.8,1644,41468
2026-08-13T14:45:00+05:30,1644,1644,1643.7,1643.9,15116
2026-08-13T14:50:00+05:30,1644,1644,1639.2,1640,85787
2026-08-13T14:55:00+05:30,1640,1640,1637.7,1638.9,114774
2026-08-13T15:00:00+05:30,1639.9,1640.8,1638.5,1640,143665
2026-08-13T15:05:00+05:30,1639.9,1640.7,1638.3,1639,134144
2026-08-13T15:10:00+05:30,1639,1640,1634.8,1635.1,292715
2026-08-14T09:15:00+05:30,1635,1652,1634.9,1638.9,33251
2026-08-14T09:20:00+05:30,1638.9,1638.9,1629.7,1630.2,46522
2026-08-14T09:25:00+05:30,1629.9,1630.6,1628.2,1629.4,46358
2026-08-14T09:30:00+05:30,1628.9,1632.1,1628.4,1631.9,140805
2026-08-14T09:35:00+05:30,1632.4,1634.8,1632.4,1634.8,10114
2026-08-14T09:40:00+05:30,1634.6,1634.8,1631,1631.2,29163
2026-08-14T09:45:00+05:30,1631.6,1633.6,1628.8,1629.4,14152
2026-08-14T09:50:00+05:30,1629.6,1629.8,1628.5,1628.8,6749
2026-08-14T09:55:00+05:30,1628.9,1629.9,1628.1,1629.6,10717
2026-08-14T10:00:00+05:30,1629.9,1631.1,1627,1627.8,17062
2026-08-14T10:05:00+05:30,1628.2,1630,1627.4,1629.6,42741
2026-08-14T10:10:00+05:30,1629.6,1629.8,1628,1628.2,7693
2026-08-14T10:15:00+05:30,1628.8,1629.1,1627.4,1627.9,9016
2026-08-14T10:20:00+05:30,1628,1628.2,1627.2,1627.3,4837
2026-08-14T10:25:00+05:30,1627.3,1628.5,1626.1,1626.1,10855
2026-08-14T10:30:00+05:30,1626.2,1627.2,1624.6,1625.5,10788
2026-08-14T10:35:00+05:30,1625.4,1626.7,1625.3,1626.2,4822
2026-08-14T10:40:00+05:30,1626.2,1626.6,1623.5,1624.2,19211
2026-08-14T10:45:00+05:30,1624.2,1625,1624.2,1624.9,9807
2026-08-14T10:50:00+05:30,1625,1625,1621.7,1622.1,13010
2026-08-14T10:55:00+05:30,1622.1,1622.1,1617,1617,12108
2026-08-14T11:00:00+05:30,1617.1,1620.2,1616.1,1619.7,11998
2026-08-14T11:05:00+05:30,1619.4,1619.4,1615.6,1616,19609
2026-08-14T11:10:00+05:30,1616.1,1619.4,1615.5,1619,37129
2026-08-14T11:15:00+05:30,1618.7,1619.4,1617.8,1617.9,5558
2026-08-14T11:20:00+05:30,1617.9,1619.6,1617.9,1618.8,5956
2026-08-14T11:25:00+05:30,1618.6,1619.1,1617.7,1618,5399
2026-08-14T11:30:00+05:30,1617.7,1618.8,1617.5,1617.5,4686
2026-08-14T11:35:00+05:30,1617.5,1617.8,1616.8,1617.6,3065
2026-08-14T11:40:00+05:30,1617,1618.1,1616.8,1617.7,3154
2026-08-14T11:45:00+05:30,1617.7,1618.1,1614.8,1615,17932
2026-08-14T11:50:00+05:30,1615,1615.6,1614.4,1615.4,22297
2026-08-14T11:55:00+05:30,1615,1618,1614.8,1614.9,135133
2026-08-14T12:00:00+05:30,1615,1615.7,1614.8,1615,8934
2026-08-14T12:05:00+05:30,1615,1624.5,1614.9,1623.8,180596
2026-08-14T12:10:00+05:30,1623.8,1624.8,1618.1,1618.8,101217
2026-08-14T12:15:00+05:30,1618.8,1619,1618.1,1618.8,42086
2026-08-14T12:20:00+05:30,1618.7,1618.9,1617.6,1617.9,18290
2026-08-14T12:25:00+05:30,1617.9,1618,1617.2,1617.9,3444
2026-08-14T12:30:00+05:30,1617.9,1618.7,1617.6,1617.6,75311
2026-08-14T12:35:00+05:30,1617.6,1619.9,1617.6,1618.9,186889
2026-08-14T12:40:00+05:30,1618.9,1619.9,1617.7,1618,305874
2026-08-14T12:45:00+05:30,1618,1621.1,1617.3,1619.7,328011
2026-08-14T12:50:00+05:30,1619.7,1624.5,1619.2,1624,165489
2026-08-14T12:55:00+05:30,1624,1625.7,1620.1,1622,31393
2026-08-14T13:00:00+05:30,1622.1,1622.8,1620.9,1620.9,38561
2026-08-14T13:05:00+05:30,1621,1621.4,1619.8,1620,26724
2026-08-14T13:10:00+05:30,1620,1623.2,1619.9,1621.6,53089
2026-08-14T13:15:00+05:30,1621.6,1622,1620.6,1622,67608
2026-08-14T13:20:00+05:30,1622.1,1626.1,1622,1625.8,82602
2026-08-14T13:25:00+05:30,1625.9,1626.6,1624.4,1625.4,26670
2026-08-14T13:30:00+05:30,1624.9,1625.5,1624.4,1624.9,7414
2026-08-14T13:35:00+05:30,1624.9,1627.6,1624.5,1627,38881
2026-08-14T13:40:00+05:30,1627.1,1627.9,1626.9,1627.4,61910
2026-08-14T13:45:00+05:30,1626.9,1632.5,1626.9,1629.9,80856
2026-08-14T13:50:00+05:30,1629.7,1630.5,1629.6,1630.3,12372
2026-08-14T13:55:00+05:30,1630.8,1630.8,1629.8,1630,17340
2026-08-14T14:00:00+05:30,1629.7,1630.2,1627.8,1628.5,13932
2026-08-14T14:05:00+05:30,1628.5,1628.9,1627,1627,18935
2026-08-14T14:10:00+05:30,1627.2,1627.5,1626.4,1627.2,5092
2026-08-14T14:15:00+05:30,1627.2,1628,1626.8,1628,2454
2026-08-14T14:20:00+05:30,1628,1629.2,1626.7,1628,33033
2026-08-14T14:25:00+05:30,1628.6,1630.5,1628.3,1628.5,21073
2026-08-14T14:30:00+05:30,1628.2,1628.5,1626.6,1627.5,11588
2026-08-14T14:35:00+05:30,1627.6,1629.9,1627.5,1629.7,9290
2026-08-14T14:40:00+05:30,1629.7,1629.8,1626.5,1626.7,41564
2026-08-14T14:45:00+05:30,1626.7,1627.8,1626.5,1627,18777
2026-08-14T14:50:00+05:30,1626.9,1628.9,1625.9,1627.7,123599
2026-08-14T14:55:00+05:30,1628,1628,1625.9,1626.3,37754
2026-08-14T15:00:00+05:30,1625.9,1631.7,1624.9,1628.4,164754
2026-08-14T15:05:00+05:30,1628.4,1629.6,1628.2,1629.4,38256
2026-08-14T15:10:00+05:30,1629.1,1635,1628.2,1635,75909
2026-08-17T09:15:00+05:30,1621,1638.9,1621,1627.4,30151
2026-08-17T09:20:00+05:30,1627.4,1627.4,1623.5,1625.4,11293
2026-08-17T09:25:00+05:30,1625,1625,1616.3,1616.3,14621
2026-08-17T09:30:00+05:30,1616.5,1617,1612.4,1614.9,19560
2026-08-17T09:35:00+05:30,1614.4,1619.8,1614.3,1619.8,11209
2026-08-17T09:40:00+05:30,1619.8,1621.8,1618.5,1618.5,10095
2026-08-17T09:45:00+05:30,1618.8,1619.4,1616.7,1618,5738
2026-08-17T09:50:00+05:30,1618.4,1619.9,1617.9,1617.9,5190
2026-08-17T09:55:00+05:30,1617.4,1618.9,1616.2,1616.4,14359
2026-08-17T10:00:00+05:30,1617.2,1617.9,1616.1,1617.4,3642
2026-08-17T10:05:00+05:30,1617.5,1619,1614.4,1614.9,9824
2026-08-17T10:10:00+05:30,1615.5,1615.5,1610.7,1614.8,32987
2026-08-17T10:15:00+05:30,1614.8,1617.4,1614.8,1615.2,8058
2026-08-17T10:20:00+05:30,1615.2,1616.6,1615,1615.7,6314
2026-08-17T10:25:00+05:30,1615.6,1616.5,1614.6,1615.9,3507
2026-08-17T10:30:00+05:30,1615.9,1618.6,1615.9,1616.8,6740
2026-08-17T10:35:00+05:30,1616.2,1616.8,1613.3,1614.3,3765
2026-08-17T10:40:00+05:30,1614.3,1616,1610.1,1611.5,14046
2026-08-17T10:45:00+05:30,1612.1,1612.1,1607.8,1612,49282
2026-08-17T10:50:00+05:30,1612.5,1614.2,1611.4,1612.4,7315
2026-08-17T10:55:00+05:30,1612.5,1612.8,1609.2,1610.2,6292
2026-08-17T11:00:00+05:30,1610.9,1610.9,1609,1609.9,4268
2026-08-17T11:05:00+05:30,1609.9,1610,1606.9,1608,6812
2026-08-17T11:10:00+05:30,1607.4,1610,1605.8,1610,7446
2026-08-17T11:15:00+05:30,1610,1611,1608.9,1609.1,6819
2026-08-17T11:20:00+05:30,1609.1,1609.2,1607,1607,6608
2026-08-17T11:25:00+05:30,1607.7,1608,1604.8,1606.1,9564
2026-08-17T11:30:00+05:30,1606.1,1607.5,1605.7,1607.2,12490
2026-08-17T11:35:00+05:30,1607.2,1607.9,1606.4,1607.9,3265
2026-08-17T11:40:00+05:30,1607.9,1608,1606.8,1608,5572
2026-08-17T11:45:00+05:30,1607.5,1617.7,1607.1,1616.8,71228
2026-08-17T11:50:00+05:30,1616.8,1616.8,1613.8,1613.8,5613
2026-08-17T11:55:00+05:30,1613.8,1615.2,1612.8,1613.4,27814
2026-08-17T12:00:00+05:30,1613.4,1614,1612.7,1613.8,7755
2026-08-17T12:05:00+05:30,1613.8,1614,1612.3,1613.3,7379
2026-08-17T12:10:00+05:30,1613.3,1615.4,1612.7,1614.7,35208
2026-08-17T12:15:00+05:30,1614.7,1614.7,1613.6,1614.4,5955
2026-08-17T12:20:00+05:30,1614.4,1614.6,1613.1,1613.5,7807
2026-08-17T12:25:00+05:30,1614,1614,1612.2,1612.7,6081
2026-08-17T12:30:00+05:30,1612.1,1613.1,1611.3,1612.5,7378
2026-08-17T12:35:00+05:30,1613,1613.3,1611.6,1611.9,17877
2026-08-17T12:40:00+05:30,1612,1612,1609.3,1609.3,9747
2026-08-17T12:45:00+05:30,1609.7,1612.3,1608.9,1610.2,51776
2026-08-17T12:50:00+05:30,1610.2,1611.8,1609.2,1609.8,14712
2026-08-17T12:55:00+05:30,1609.8,1609.8,1607.2,1608.8,11291
2026-08-17T13:00:00+05:30,1609,1609.4,1608.2,1608.9,8768
2026-08-17T13:05:00+05:30,1608.9,1609.3,1607.4,1608,28267
2026-08-17T13:10:00+05:30,1607.9,1610.7,1607.9,1610.4,35207
2026-08-17T13:15:00+05:30,1610.4,1611.7,1608.5,1609,20835
2026-08-17T13:20:00+05:30,1609,1609,1608.2,1609,19070
2026-08-17T13:25:00+05:30,1609,1609,1608.3,1608.8,13166
2026-08-17T13:30:00+05:30,1609,1609,1608.2,1608.3,9125
2026-08-17T13:35:00+05:30,1608.2,1609,1608,1608.7,4784
2026-08-17T13:40:00+05:30,1608.2,1609,1607,1607.5,5525
2026-08-17T13:45:00+05:30,1607,1608.9,1606.2,1607.2,8308
2026-08-17T13:50:00+05:30,1606.5,1608.9,1606.5,1607.5,10715
2026-08-17T13:55:00+05:30,1607.8,1608,1606.8,1607.4,9580
2026-08-17T14:00:00+05:30,1607.4,1609,1607.3,1608,40895
2026-08-17T14:05:00+05:30,1608,1608,1606.6,1607,6041
2026-08-17T14:10:00+05:30,1606.8,1607.7,1604.9,1605,29711
2026-08-17T14:15:00+05:30,1605,1607.7,1604.2,1607.1,61339
2026-08-17T14:20:00+05:30,1607.1,1609.4,1605.6,1607.2,66570
2026-08-17T14:25:00+05:30,1606.7,1607.9,1605.4,1606,15992
2026-08-17T14:30:00+05:30,1606,1608.1,1605.8,1607.9,76221
2026-08-17T14:35:00+05:30,1608.1,1608.1,1607.2,1607.8,18493
2026-08-17T14:40:00+05:30,1607.9,1608.5,1607.6,1608.1,25730
2026-08-17T14:45:00+05:30,1608.1,1608.5,1607.4,1608.2,68569
2026-08-17T14:50:00+05:30,1608.1,1610.2,1607.8,1609.5,84091
2026-08-17T14:55:00+05:30,1609.5,1609.5,1606.3,1606.7,33366
2026-08-17T15:00:00+05:30,1606.7,1607.2,1604.8,1606.1,48406
2026-08-17T15:05:00+05:30,1606.1,1607.4,1604.7,1606.3,56134
2026-08-17T15:10:00+05:30,1606.3,1607.4,1604.5,1605.8,47281
2026-08-18T09:15:00+05:30,1605,1608,1590.2,1591.5,38670
2026-08-18T09:20:00+05:30,1591,1597.1,1590.2,1590.7,19352
2026-08-18T09:25:00+05:30,1590.8,1595.3,1588,1588.2,27982
2026-08-18T09:30:00+05:30,1588,1591.4,1587.2,1591.2,12477
2026-08-18T09:35:00+05:30,1591.8,1593.3,1588.6,1589.2,15177
2026-08-18T09:40:00+05:30,1589.3,1590,1587,1589.1,13830
2026-08-18T09:45:00+05:30,1589.6,1589.6,1586.9,1588.1,8167
2026-08-18T09:50:00+05:30,1588.1,1589.8,1585.8,1589.5,19867
2026-08-18T09:55:00+05:30,1589.5,1589.5,1586.7,1586.8,8529
2026-08-18T10:00:00+05:30,1587.5,1588.8,1586.7,1588,8464
2026-08-18T10:05:00+05:30,1588,1589,1587.1,1587.6,8752
2026-08-18T10:10:00+05:30,1587.6,1588.5,1587,1587.3,8210
2026-08-18T10:15:00+05:30,1587.6,1588.6,1586.6,1586.8,10732
2026-08-18T10:20:00+05:30,1586.8,1590.8,1586.7,1590.4,16510
2026-08-18T10:25:00+05:30,1590.4,1592.8,1589.1,1592.8,11241
2026-08-18T10:30:00+05:30,1592.8,1596.6,1592.3,1596.5,24213
2026-08-18T10:35:00+05:30,1596.6,1597.6,1595.1,1596.1,12118
2026-08-18T10:40:00+05:30,1595.9,1595.9,1593.8,1593.8,6926
2026-08-18T10:45:00+05:30,1593.8,1595.7,1591.4,1592.5,26756
2026-08-18T10:50:00+05:30,1592.4,1595.1,1591,1591.6,22890
2026-08-18T10:55:00+05:30,1591.6,1591.6,1589.1,1589.5,57493
2026-08-18T11:00:00+05:30,1590,1590,1588.5,1589.2,29268
2026-08-18T11:05:00+05:30,1589.2,1589.4,1586.4,1587.6,123348
2026-08-18T11:10:00+05:30,1588.2,1588.2,1587.8,1588.2,4559
2026-08-18T11:15:00+05:30,1588.2,1588.2,1586,1586.7,6338
2026-08-18T11:20:00+05:30,1586.7,1589.5,1585.7,1587.7,58019
2026-08-18T11:25:00+05:30,1587.7,1588,1586.3,1587.6,10586
2026-08-18T11:30:00+05:30,1587.6,1588.3,1586.7,1587.5,3110
2026-08-18T11:35:00+05:30,1587.5,1587.6,1586,1586,8407
2026-08-18T11:40:00+05:30,1586,1587,1584.3,1585,67157
2026-08-18T11:45:00+05:30,1585,1585.3,1582.9,1585.3,61002
2026-08-18T11:50:00+05:30,1585.3,1585.7,1584,1584.6,21594
2026-08-18T11:55:00+05:30,1584.6,1586,1584.3,1585.5,22359
2026-08-18T12:00:00+05:30,1585.5,1586.7,1584.7,1586.7,59798
2026-08-18T12:05:00+05:30,1586.7,1588.1,1585.2,1585.3,22416
2026-08-18T12:10:00+05:30,1585.3,1585.3,1584.4,1585,14853
2026-08-18T12:15:00+05:30,1585,1585,1583.4,1583.8,17666
2026-08-18T12:20:00+05:30,1583.8,1583.8,1583.2,1583.7,9102
2026-08-18T12:25:00+05:30,1583.7,1584,1582.7,1583.6,23660
2026-08-18T12:30:00+05:30,1583.6,1584,1582,1582.4,42224
2026-08-18T12:35:00+05:30,1582.5,1583.8,1582.5,1582.9,13433
2026-08-18T12:40:00+05:30,1582.7,1583,1582.7,1583,6412
2026-08-18T12:45:00+05:30,1582.9,1583,1582.6,1582.8,6815
2026-08-18T12:50:00+05:30,1582.8,1582.8,1582.5,1582.6,7121
2026-08-18T12:55:00+05:30,1582.6,1582.6,1581.8,1581.9,27156
2026-08-18T13:00:00+05:30,1582,1582,1581.3,1581.6,16165
2026-08-18T13:05:00+05:30,1581.6,1584.6,1581.5,1583.8,54356
2026-08-18T13:10:00+05:30,1583.9,1584.2,1583.4,1583.9,21737
2026-08-18T13:15:00+05:30,1583.9,1585.5,1583.2,1584.8,60723
2026-08-18T13:20:00+05:30,1584.8,1585.5,1584,1584.3,9283
2026-08-18T13:25:00+05:30,1584.3,1585,1584.3,1585,17149
2026-08-18T13:30:00+05:30,1586.4,1588,1585.9,1587.5,55326
2026-08-18T13:35:00+05:30,1587.5,1587.5,1584.8,1585.1,11417
2026-08-18T13:40:00+05:30,1585.1,1585.2,1584.2,1584.6,6227
2026-08-18T13:45:00+05:30,1584.5,1585.1,1584.2,1584.8,7552
2026-08-18T13:50:00+05:30,1584.8,1586,1584.7,1585.8,7995
2026-08-18T13:55:00+05:30,1585.6,1585.9,1584.4,1584.9,10309
2026-08-18T14:00:00+05:30,1584.9,1585,1582.6,1583.8,12202
2026-08-18T14:05:00+05:30,1583.8,1584,1583.3,1584,9012
2026-08-18T14:10:00+05:30,1584,1584,1582.2,1582.2,17548
2026-08-18T14:15:00+05:30,1582.2,1582.8,1582,1582.5,5130
2026-08-18T14:20:00+05:30,1582.5,1582.9,1580.6,1580.7,15987
2026-08-18T14:25:00+05:30,1580.7,1583.9,1579.9,1583.9,90888
2026-08-18T14:30:00+05:30,1583.5,1587.6,1583.2,1587.5,35041
2026-08-18T14:35:00+05:30,1587.6,1588.8,1586.3,1588.3,18970
2026-08-18T14:40:00+05:30,1588.3,1590.7,1587.8,1590.5,20339
2026-08-18T14:45:00+05:30,1590.5,1592,1588.4,1589.2,23733
2026-08-18T14:50:00+05:30,1589.2,1591,1589.1,1590.2,28909
2026-08-18T14:55:00+05:30,1590.2,1590.5,1590,1590.3,11323
2026-08-18T15:00:00+05:30,1589.5,1589.5,1587.4,1587.8,52791
2026-08-18T15:05:00+05:30,1587.8,1591.5,1587.7,1591.4,59122
2026-08-18T15:10:00+05:30,1591.4,1592.4,1587,1587,77733
2026-08-19T09:15:00+05:30,1601.5,1610.7,1593.1,1593.1,91430
2026-08-19T09:20:00+05:30,1594,1594,1589.6,1591.5,21438
2026-08-19T09:25:00+05:30,1592,1598.5,1590.1,1598.3,30131
2026-08-19T09:30:00+05:30,1598.5,1600,1595.3,1595.8,26420
2026-08-19T09:35:00+05:30,1595.9,1598.9,1595.2,1598.3,14562
2026-08-19T09:40:00+05:30,1598.6,1599,1596.5,1598,18859
2026-08-19T09:45:00+05:30,1598,1598.7,1593.3,1594.5,21463
2026-08-19T09:50:00+05:30,1594.4,1594.4,1592.3,1593.9,23072
2026-08-19T09:55:00+05:30,1593.9,1594.1,1592,1592,13866
2026-08-19T10:00:00+05:30,1592,1593.3,1590.3,1591.7,43457
2026-08-19T10:05:00+05:30,1592,1592,1586,1586.9,29330
2026-08-19T10:10:00+05:30,1587.2,1587.8,1585,1586,15469
2026-08-19T10:15:00+05:30,1586.4,1587.6,1585.8,1586.1,8800
2026-08-19T10:20:00+05:30,1586.1,1586.4,1584.7,1584.7,5740
2026-08-19T10:25:00+05:30,1584.8,1585,1582.7,1583.8,14307
2026-08-19T10:30:00+05:30,1583.9,1585.4,1583.9,1584.1,7680
2026-08-19T10:35:00+05:30,1584.7,1586.5,1584,1585,12328
2026-08-19T10:40:00+05:30,1585,1588.2,1585,1586.9,9253
2026-08-19T10:45:00+05:30,1587.4,1587.8,1583,1587.8,96621
2026-08-19T10:50:00+05:30,1588.3,1588.8,1584.6,1585.5,18040
2026-08-19T10:55:00+05:30,1585.7,1585.9,1582.6,1583,15796
2026-08-19T11:00:00+05:30,1582.7,1583,1581.6,1581.6,15432
2026-08-19T11:05:00+05:30,1581.6,1581.8,1577.1,1577.3,23174
2026-08-19T11:10:00+05:30,1577.8,1578.3,1575.8,1578.3,12247
2026-08-19T11:15:00+05:30,1578.3,1580,1577.1,1579.2,10271
2026-08-19T11:20:00+05:30,1579.3,1581,1579.2,1580.5,5859
2026-08-19T11:25:00+05:30,1580.7,1584.9,1578.3,1582.3,64045
2026-08-19T11:30:00+05:30,1582.9,1583.9,1582,1582.2,30992
2026-08-19T11:35:00+05:30,1582.5,1583.4,1580.7,1583.3,33664
2026-08-19T11:40:00+05:30,1583.3,1585.4,1583.2,1584.2,15499
2026-08-19T11:45:00+05:30,1584.4,1586.1,1584.3,1585.3,12504
2026-08-19T11:50:00+05:30,1585.6,1586.5,1585.3,1585.3,12617
2026-08-19T11:55:00+05:30,1585.3,1585.9,1584.9,1585,3974
2026-08-19T12:00:00+05:30,1585,1585.3,1583.4,1583.9,8496
2026-08-19T12:05:00+05:30,1584.2,1589.3,1583.7,1587.3,17014
2026-08-19T12:10:00+05:30,1587.3,1587.8,1584.7,1585.9,44956
2026-08-19T12:15:00+05:30,1586.2,1588.6,1585.7,1587.4,13135
2026-08-19T12:20:00+05:30,1587.4,1588.2,1584.2,1584.6,31151
2026-08-19T12:25:00+05:30,1584.6,1584.9,1583.5,1584,8815
2026-08-19T12:30:00+05:30,1584.3,1584.6,1581.5,1582.6,71510
2026-08-19T12:35:00+05:30,1582.6,1584.7,1582.6,1584.2,7895
2026-08-19T12:40:00+05:30,1584.2,1586.7,1584.1,1585.6,6043
2026-08-19T12:45:00+05:30,1585.6,1585.6,1580.6,1581.8,16112
2026-08-19T12:50:00+05:30,1582,1583,1581.8,1581.9,6577
2026-08-19T12:55:00+05:30,1582.5,1588.5,1581.9,1586.3,70910
2026-08-19T13:00:00+05:30,1586.8,1589.9,1586.4,1588,21309
2026-08-19T13:05:00+05:30,1588,1589,1586.7,1588,20397
2026-08-19T13:10:00+05:30,1588.1,1588.1,1585.4,1585.4,40288
2026-08-19T13:15:00+05:30,1585.9,1586.2,1585.4,1585.7,10923
2026-08-19T13:20:00+05:30,1586.1,1587.4,1585,1586.5,21394
2026-08-19T13:25:00+05:30,1587.1,1587.1,1583.5,1583.5,17758
2026-08-19T13:30:00+05:30,1583.6,1584,1581.6,1582.6,17313
2026-08-19T13:35:00+05:30,1583,1583.9,1580.8,1580.8,46627
2026-08-19T13:40:00+05:30,1581,1582.1,1580.2,1580.2,7085
2026-08-19T13:45:00+05:30,1580.2,1581,1579,1580.2,10736
2026-08-19T13:50:00+05:30,1579.7,1580.6,1579.5,1580.1,5675
2026-08-19T13:55:00+05:30,1580.3,1580.9,1579.7,1579.9,9238
2026-08-19T14:00:00+05:30,1580,1580.5,1578.6,1579.3,9731
2026-08-19T14:05:00+05:30,1579.7,1583.6,1579.3,1582,18287
2026-08-19T14:10:00+05:30,1582.4,1584.9,1582,1583,18697
2026-08-19T14:15:00+05:30,1583.4,1583.6,1581.4,1581.4,7793
2026-08-19T14:20:00+05:30,1581.4,1581.4,1578,1578.2,13563
2026-08-19T14:25:00+05:30,1578.6,1579.5,1578.3,1578.9,13085
2026-08-19T14:30:00+05:30,1579,1580.6,1578.9,1579.5,16376
2026-08-19T14:35:00+05:30,1580.1,1583,1579.4,1579.6,24726
2026-08-19T14:40:00+05:30,1580,1580.5,1579.1,1580.5,20863
2026-08-19T14:45:00+05:30,1580.9,1581.3,1579.8,1580.7,22697
2026-08-19T14:50:00+05:30,1581.1,1581.6,1579.9,1580.4,19882
2026-08-19T14:55:00+05:30,1580.6,1582,1580.6,1581.4,23048
2026-08-19T15:00:00+05:30,1581.5,1583.4,1581,1581.1,38348
2026-08-19T15:05:00+05:30,1581.3,1583.3,1580.3,1582.4,60679
2026-08-19T15:10:00+05:30,1582.3,1583,1580.5,1583,69732
2026-08-20T09:15:00+05:30,1601.6,1608.7,1594.4,1596.9,154148
2026-08-20T09:20:00+05:30,1596.9,1599,1593,1595,21634
2026-08-20T09:25:00+05:30,1596,1600,1596,1598,16238
2026-08-20T09:30:00+05:30,1596.9,1606,1596.9,1606,17470
2026-08-20T09:35:00+05:30,1606,1610,1602.7,1603.2,29404
2026-08-20T09:40:00+05:30,1603.2,1604.8,1601.1,1601.7,18192
2026-08-20T09:45:00+05:30,1602,1602.3,1599.3,1600.6,10317
2026-08-20T09:50:00+05:30,1599.4,1601,1597.7,1597.7,12998
2026-08-20T09:55:00+05:30,1597.7,1598,1595.2,1595.7,10820
2026-08-20T10:00:00+05:30,1596.3,1602,1596,1601.4,10316
2026-08-20T10:05:00+05:30,1600.8,1603.9,1600.7,1601.6,8646
2026-08-20T10:10:00+05:30,1601.8,1602.8,1599.4,1601.3,9920
2026-08-20T10:15:00+05:30,1601.4,1602.7,1601.1,1602,3099
2026-08-20T10:20:00+05:30,1602,1602,1600.3,1600.7,3619
2026-08-20T10:25:00+05:30,1600.7,1602.5,1600.6,1601.5,6191
2026-08-20T10:30:00+05:30,1601.5,1603.5,1601.5,1603.3,6753
2026-08-20T10:35:00+05:30,1603.4,1603.5,1602,1602.5,5363
2026-08-20T10:40:00+05:30,1602.7,1603.5,1602.2,1603.1,2148
2026-08-20T10:45:00+05:30,1603.3,1605.8,1603,1605.3,9381
2026-08-20T10:50:00+05:30,1605.6,1605.7,1603.1,1604.2,8321
2026-08-20T10:55:00+05:30,1604.5,1604.8,1603,1604.2,5803
2026-08-20T11:00:00+05:30,1604.2,1605.8,1603,1603.8,8021
2026-08-20T11:05:00+05:30,1604.1,1604.1,1600.7,1601.2,5530
2026-08-20T11:10:00+05:30,1601.3,1601.5,1598.9,1599,8829
2026-08-20T11:15:00+05:30,1599.1,1601.9,1599.1,1600.6,5415
2026-08-20T11:20:00+05:30,1600.8,1600.9,1599.2,1600.6,5689
2026-08-20T11:25:00+05:30,1600.9,1601.5,1600.1,1601.3,3957
2026-08-20T11:30:00+05:30,1601.4,1601.4,1593.7,1594,31562
2026-08-20T11:35:00+05:30,1594.4,1596,1594,1596,9472
2026-08-20T11:40:00+05:30,1596,1597,1595.2,1596.3,26640
2026-08-20T11:45:00+05:30,1596.3,1597.5,1595.7,1595.7,4308
2026-08-20T11:50:00+05:30,1596,1596.7,1594.3,1594.3,31639
2026-08-20T11:55:00+05:30,1594.3,1596.2,1593.6,1594.5,5727
2026-08-20T12:00:00+05:30,1594.7,1595,1593,1595,5672
2026-08-20T12:05:00+05:30,1595,1595,1593,1594.1,4541
2026-08-20T12:10:00+05:30,1594.1,1594.4,1591.6,1593.7,15266
2026-08-20T12:15:00+05:30,1594,1596.3,1594,1595,13541
2026-08-20T12:20:00+05:30,1595,1596.8,1594.5,1596.1,11975
2026-08-20T12:25:00+05:30,1596.1,1596.7,1593,1594.1,18081
2026-08-20T12:30:00+05:30,1594.1,1597,1593.6,1596.9,7234
2026-08-20T12:35:00+05:30,1596.9,1597.3,1595.4,1596.2,4844
2026-08-20T12:40:00+05:30,1596.2,1596.7,1594.3,1595,6441
2026-08-20T12:45:00+05:30,1594.9,1597.4,1594.1,1596.6,25107
2026-08-20T12:50:00+05:30,1596.5,1598.5,1595.6,1596.3,31807
2026-08-20T12:55:00+05:30,1596.1,1597.2,1595.3,1597,6805
2026-08-20T13:00:00+05:30,1596.8,1597.1,1593,1594.6,12264
2026-08-20T13:05:00+05:30,1594.7,1595,1593.5,1594.9,11230
2026-08-20T13:10:00+05:30,1594.9,1596,1594,1595.7,21080
2026-08-20T13:15:00+05:30,1595.3,1596.2,1593.3,1594.3,27787
2026-08-20T13:20:00+05:30,1595,1596.6,1594.1,1594.4,19950
2026-08-20T13:25:00+05:30,1594.1,1595.4,1593.7,1594.2,40492
2026-08-20T13:30:00+05:30,1594.6,1595.8,1593.8,1595.5,27847
2026-08-20T13:35:00+05:30,1595,1596.4,1594.5,1595.9,5493
2026-08-20T13:40:00+05:30,1595.9,1596.9,1595.3,1595.5,10530
2026-08-20T13:45:00+05:30,1595.5,1597.2,1595,1595.5,33160
2026-08-20T13:50:00+05:30,1595.5,1597,1594.4,1594.9,21434
2026-08-20T13:55:00+05:30,1594.4,1595.3,1593.5,1593.6,21304
2026-08-20T14:00:00+05:30,1593.6,1595.2,1593.4,1593.8,14804
2026-08-20T14:05:00+05:30,1593.8,1595.4,1592.6,1594.9,43468
2026-08-20T14:10:00+05:30,1594.9,1597.2,1594.6,1597.2,12741
2026-08-20T14:15:00+05:30,1597,1599.1,1595.5,1598.9,26628
2026-08-20T14:20:00+05:30,1599,1599.2,1595.8,1597.8,38510
2026-08-20T14:25:00+05:30,1597.8,1598.9,1595.6,1597.6,76945
2026-08-20T14:30:00+05:30,1597.7,1597.7,1593.5,1594,55567
2026-08-20T14:35:00+05:30,1594,1595.6,1592.9,1594.4,30452
2026-08-20T14:40:00+05:30,1594.4,1594.8,1592.7,1594.4,41072
2026-08-20T14:45:00+05:30,1594.2,1594.4,1592,1592.8,24835
2026-08-20T14:50:00+05:30,1592.8,1594.7,1592.4,1593,47743
2026-08-20T14:55:00+05:30,1593,1594.2,1591.7,1592.4,41397
2026-08-20T15:00:00+05:30,1592.7,1594.7,1590.9,1593.4,121290
2026-08-20T15:05:00+05:30,1593.4,1593.4,1589.8,1590,53990
2026-08-20T15:10:00+05:30,1590,1594.5,1588.7,1593,78036
2026-08-21T09:15:00+05:30,1592.1,1601.7,1591.5,1596,47883
2026-08-21T09:20:00+05:30,1596,1598.4,1594.9,1597.1,18805
2026-08-21T09:25:00+05:30,1597.2,1597.7,1592.6,1594,21726
2026-08-21T09:30:00+05:30,1594,1594.4,1590.8,1593,17494
2026-08-21T09:35:00+05:30,1593.2,1596.3,1588.2,1588.2,40214
2026-08-21T09:40:00+05:30,1588.7,1593.3,1588.2,1593.2,12750
2026-08-21T09:45:00+05:30,1592.8,1595.8,1590.9,1594,8261
2026-08-21T09:50:00+05:30,1593.6,1600.8,1593.6,1600.1,22919
2026-08-21T09:55:00+05:30,1600.1,1600.2,1597.3,1599.1,4319
2026-08-21T10:00:00+05:30,1598.1,1599.2,1596,1597.9,7451
2026-08-21T10:05:00+05:30,1598,1598,1596.5,1597.7,4634
2026-08-21T10:10:00+05:30,1597.6,1599.5,1596.6,1596.6,8729
2026-08-21T10:15:00+05:30,1597.2,1597.4,1595.1,1597.4,6393
2026-08-21T10:20:00+05:30,1597.2,1600.8,1597,1600.8,13842
2026-08-21T10:25:00+05:30,1600.4,1600.4,1597.5,1599.9,8619
2026-08-21T10:30:00+05:30,1599.9,1601.5,1598.5,1601.5,12266
2026-08-21T10:35:00+05:30,1601.3,1601.5,1598.9,1598.9,4834
2026-08-21T10:40:00+05:30,1597.6,1599.5,1596.1,1596.8,8086
2026-08-21T10:45:00+05:30,1596.7,1597.8,1595.6,1595.9,9127
2026-08-21T10:50:00+05:30,1595.9,1597.9,1595.9,1597.9,4784
2026-08-21T10:55:00+05:30,1597.9,1598.5,1596.3,1597.5,8198
2026-08-21T11:00:00+05:30,1598,1599.3,1596.4,1597.5,8256
2026-08-21T11:05:00+05:30,1597.5,1598.3,1595.4,1597.4,8617
2026-08-21T11:10:00+05:30,1597.4,1598.9,1597,1598.2,4872
2026-08-21T11:15:00+05:30,1598.2,1602,1597.7,1600.5,22404
2026-08-21T11:20:00+05:30,1600.5,1600.9,1598.2,1599,6920
2026-08-21T11:25:00+05:30,1599,1599,1597.9,1598.5,3555
2026-08-21T11:30:00+05:30,1598.5,1598.5,1592.6,1593.8,9400
2026-08-21T11:35:00+05:30,1593.8,1596.3,1593.7,1596.2,8212
2026-08-21T11:40:00+05:30,1596.2,1596.8,1593.7,1593.8,18236
2026-08-21T11:45:00+05:30,1593.8,1594.6,1591.2,1591.7,35899
2026-08-21T11:50:00+05:30,1591.7,1594.1,1591.6,1593.2,23710
2026-08-21T11:55:00+05:30,1593.2,1594.2,1589.8,1589.9,61670
2026-08-21T12:00:00+05:30,1589.9,1593.1,1589.2,1590,45156
2026-08-21T12:05:00+05:30,1590,1590,1588.3,1588.5,36869
2026-08-21T12:10:00+05:30,1588.5,1589,1587.9,1588,42537
2026-08-21T12:15:00+05:30,1588,1588.1,1586.7,1588,6047
2026-08-21T12:20:00+05:30,1588,1589.6,1586.6,1589,31209
2026-08-21T12:25:00+05:30,1589,1589.8,1588.7,1588.9,24558
2026-08-21T12:30:00+05:30,1588.9,1589.9,1588.4,1589.3,10322
2026-08-21T12:35:00+05:30,1589.3,1589.7,1587,1587.5,10355
2026-08-21T12:40:00+05:30,1587.5,1588.1,1586.6,1587,5138
2026-08-21T12:45:00+05:30,1587,1587.7,1585.6,1586.9,4421
2026-08-21T12:50:00+05:30,1586.9,1588.6,1586.2,1588.1,5711
2026-08-21T12:55:00+05:30,1588.1,1588.9,1587.2,1588.7,4377
2026-08-21T13:00:00+05:30,1588.7,1588.8,1586.5,1586.9,7755
2026-08-21T13:05:00+05:30,1587,1587,1586.8,1587,17917
2026-08-21T13:10:00+05:30,1587,1587,1586.8,1587,12875
2026-08-21T13:15:00+05:30,1587,1588.6,1586.5,1586.9,35564
2026-08-21T13:20:00+05:30,1586.9,1586.9,1585.8,1586,8678
2026-08-21T13:25:00+05:30,1586,1586.2,1585.5,1586,21108
2026-08-21T13:30:00+05:30,1586,1587,1585.7,1586.5,24824
2026-08-21T13:35:00+05:30,1586.5,1586.5,1585.3,1585.8,13982
2026-08-21T13:40:00+05:30,1585.8,1587.2,1585.2,1585.6,13171
2026-08-21T13:45:00+05:30,1585.6,1585.6,1583.3,1584,11158
2026-08-21T13:50:00+05:30,1584,1584,1583.2,1583.7,8605
2026-08-21T13:55:00+05:30,1583.8,1584,1581.3,1581.4,44892
2026-08-21T14:00:00+05:30,1581.7,1582,1579.3,1579.7,12567
2026-08-21T14:05:00+05:30,1579.7,1580.4,1578.3,1580,13505
2026-08-21T14:10:00+05:30,1580.1,1580.8,1579.2,1579.9,7982
2026-08-21T14:15:00+05:30,1579.4,1580.4,1579,1579.7,13077
2026-08-21T14:20:00+05:30,1579.6,1580.5,1579.2,1580.1,16557
2026-08-21T14:25:00+05:30,1579.6,1580.4,1579.2,1580.1,9377
2026-08-21T14:30:00+05:30,1580.1,1580.4,1579.4,1580.1,10592
2026-08-21T14:35:00+05:30,1580.1,1580.1,1577.5,1578.2,16793
2026-08-21T14:40:00+05:30,1578.2,1579.4,1577.7,1579.4,10468
2026-08-21T14:45:00+05:30,1578.9,1579.6,1578,1578.4,18040
2026-08-21T14:50:00+05:30,1578.4,1579.8,1578.2,1579.3,18885
2026-08-21T14:55:00+05:30,1579.5,1580,1579,1579.2,28283
2026-08-21T15:00:00+05:30,1578.8,1578.8,1577.7,1578.4,26801
2026-08-21T15:05:00+05:30,1578.4,1579.4,1577.5,1578.2,34881
2026-08-21T15:10:00+05:30,1578,1579.8,1576.5,1577,82603
2026-08-24T09:15:00+05:30,1580.1,1595.5,1580.1,1595,48358
2026-08-24T09:20:00+05:30,1595,1597.1,1592.6,1594,23470
2026-08-24T09:25:00+05:30,1594,1594.3,1589.5,1590.3,21444
2026-08-24T09:30:00+05:30,1590.3,1595,1590.3,1592.1,24394
2026-08-24T09:35:00+05:30,1592,1594.4,1591.2,1592.3,19738
2026-08-24T09:40:00+05:30,1592.9,1595.5,1592.9,1594.5,20984
2026-08-24T09:45:00+05:30,1594.4,1594.4,1588.5,1589.2,24083
2026-08-24T09:50:00+05:30,1589.2,1591.8,1589,1590.6,19028
2026-08-24T09:55:00+05:30,1590.4,1592.7,1590.4,1592.3,16172
2026-08-24T10:00:00+05:30,1592.4,1594,1591.7,1592.8,18287
2026-08-24T10:05:00+05:30,1593.7,1593.9,1591.1,1592.5,14738
2026-08-24T10:10:00+05:30,1592.5,1594.5,1591.6,1593.3,18981
2026-08-24T10:15:00+05:30,1593.3,1593.3,1587.2,1588.5,20252
2026-08-24T10:20:00+05:30,1589,1590.7,1587.8,1589.3,18147
2026-08-24T10:25:00+05:30,1589,1590.9,1588.7,1589.7,15905
2026-08-24T10:30:00+05:30,1590.3,1590.9,1588.9,1589.1,13614
2026-08-24T10:35:00+05:30,1589.6,1593.8,1589,1593.8,17252
2026-08-24T10:40:00+05:30,1593.8,1597.4,1592.9,1596.9,35206
2026-08-24T10:45:00+05:30,1596.9,1597.3,1593,1594.9,17929
2026-08-24T10:50:00+05:30,1595,1595.4,1593.1,1594,38156
2026-08-24T10:55:00+05:30,1594,1594.9,1591.9,1592.2,17338
2026-08-24T11:00:00+05:30,1592.2,1594.5,1592.2,1593,22418
2026-08-24T11:05:00+05:30,1593,1595,1592.3,1594.9,41273
2026-08-24T11:10:00+05:30,1594.9,1598.8,1594.1,1596,54621
2026-08-24T11:15:00+05:30,1596,1599,1595.5,1598.3,55042
2026-08-24T11:20:00+05:30,1598,1598.6,1593.1,1595,30647
2026-08-24T11:25:00+05:30,1595,1595.8,1593.1,1594.2,30735
2026-08-24T11:30:00+05:30,1594.2,1594.2,1590.7,1591.7,25011
2026-08-24T11:35:00+05:30,1591.7,1594.3,1589,1589.1,17232
2026-08-24T11:40:00+05:30,1589.1,1590.4,1589,1589.4,13159
2026-08-24T11:45:00+05:30,1590.1,1592.1,1589.5,1591.8,12359
2026-08-24T11:50:00+05:30,1592.2,1592.8,1591,1592.8,8565
2026-08-24T11:55:00+05:30,1592.8,1592.9,1589.5,1590.7,10506
2026-08-24T12:00:00+05:30,1590.7,1593.1,1590.5,1592.5,8780
2026-08-24T12:05:00+05:30,1592.5,1595,1592.5,1594.4,10111
2026-08-24T12:10:00+05:30,1594.4,1595.6,1591.1,1592.7,15140
2026-08-24T12:15:00+05:30,1592.7,1593.8,1591,1592.4,10365
2026-08-24T12:20:00+05:30,1592.5,1593.4,1589.3,1590.2,14695
2026-08-24T12:25:00+05:30,1590.2,1592.8,1589.8,1592.5,11062
2026-08-24T12:30:00+05:30,1592.5,1593.3,1591.9,1592.6,14792
2026-08-24T12:35:00+05:30,1593,1593,1591.7,1592.4,13760
2026-08-24T12:40:00+05:30,1592.3,1593.5,1591.7,1592.4,14665
2026-08-24T12:45:00+05:30,1592.4,1593.2,1589.9,1591.9,17838
2026-08-24T12:50:00+05:30,1592,1592.8,1591.2,1591.8,13731
2026-08-24T12:55:00+05:30,1591.8,1593,1586.1,1586.4,36846
2026-08-24T13:00:00+05:30,1586.9,1589.2,1585.1,1588.8,30752
2026-08-24T13:05:00+05:30,1588.2,1589.5,1587.2,1587.9,30368
2026-08-24T13:10:00+05:30,1588,1588.8,1585.7,1587.7,68579
2026-08-24T13:15:00+05:30,1587.6,1588.7,1585.2,1587.8,77587
2026-08-24T13:20:00+05:30,1587.2,1593.9,1587.2,1589.2,99525
2026-08-24T13:25:00+05:30,1589.2,1589.8,1586.5,1587,78134
2026-08-24T13:30:00+05:30,1587.1,1588.1,1584.9,1586.5,37296
2026-08-24T13:35:00+05:30,1586.5,1586.5,1582.5,1583.2,37171
2026-08-24T13:40:00+05:30,1583.2,1585.1,1583,1583.9,32076
2026-08-24T13:45:00+05:30,1584.3,1584.7,1582.6,1583.9,27501
2026-08-24T13:50:00+05:30,1583.9,1584.3,1582.3,1582.8,26818
2026-08-24T13:55:00+05:30,1582.3,1585.3,1582.3,1583.8,20619
2026-08-24T14:00:00+05:30,1583.8,1585.4,1583.5,1585.3,27483
2026-08-24T14:05:00+05:30,1585.3,1585.3,1582.9,1583.8,29992
2026-08-24T14:10:00+05:30,1584,1584.4,1581,1581.6,36342
2026-08-24T14:15:00+05:30,1581.7,1582.7,1580.5,1582.1,60142
2026-08-24T14:20:00+05:30,1582.1,1584.7,1581.8,1582.7,34388
2026-08-24T14:25:00+05:30,1582.6,1583,1579.6,1580.2,35755
2026-08-24T14:30:00+05:30,1580.5,1582.1,1579.9,1580.8,49520
2026-08-24T14:35:00+05:30,1580.8,1581.3,1578.5,1579.8,21068
2026-08-24T14:40:00+05:30,1579.5,1579.9,1578.1,1578.4,26636
2026-08-24T14:45:00+05:30,1579,1579.7,1578.2,1579.7,18272
2026-08-24T14:50:00+05:30,1579.7,1579.8,1578.6,1579.1,28386
2026-08-24T14:55:00+05:30,1579.1,1579.7,1574.1,1575.1,78365
2026-08-24T15:00:00+05:30,1575.4,1577.1,1575.1,1575.7,51487
2026-08-24T15:05:00+05:30,1576.1,1576.3,1574.6,1576.1,61045
2026-08-24T15:10:00+05:30,1576.1,1580,1575.8,1579.6,66433
2026-08-25T09:15:00+05:30,1588.1,1591,1575.1,1578.7,29080
2026-08-25T09:20:00+05:30,1579.1,1580,1573,1573.3,19182
2026-08-25T09:25:00+05:30,1573.6,1573.6,1568.6,1569.9,16334
2026-08-25T09:30:00+05:30,1569.6,1573.5,1569.6,1572.2,9282
2026-08-25T09:35:00+05:30,1572.3,1573.3,1571.1,1571.8,8799
2026-08-25T09:40:00+05:30,1571.8,1572,1566.9,1567.6,20197
2026-08-25T09:45:00+05:30,1567.8,1567.8,1565.1,1566,16478
2026-08-25T09:50:00+05:30,1566.2,1567.7,1565.5,1566.4,14759
2026-08-25T09:55:00+05:30,1566.5,1569.4,1566.5,1569,7773
2026-08-25T10:00:00+05:30,1569.1,1571.1,1567.6,1570.5,23150
2026-08-25T10:05:00+05:30,1570.5,1571.7,1570.2,1570.7,5786
2026-08-25T10:10:00+05:30,1570.6,1572.6,1570.4,1572.1,13617
2026-08-25T10:15:00+05:30,1571.4,1572.7,1570.5,1571,5976
2026-08-25T10:20:00+05:30,1571,1571,1569.2,1569.2,5682
2026-08-25T10:25:00+05:30,1569.2,1570.1,1568.7,1569.5,5606
2026-08-25T10:30:00+05:30,1570.1,1570.1,1568,1568,3268
2026-08-25T10:35:00+05:30,1568,1569.2,1568,1568.7,2780
2026-08-25T10:40:00+05:30,1568.4,1569,1567.7,1567.8,3866
2026-08-25T10:45:00+05:30,1567.8,1569.1,1567.8,1569.1,2972
2026-08-25T10:50:00+05:30,1568.5,1568.9,1566.4,1566.5,8056
2026-08-25T10:55:00+05:30,1566.2,1567.2,1565.6,1566.5,6111
2026-08-25T11:00:00+05:30,1566.6,1567.7,1566.1,1566.2,4414
2026-08-25T11:05:00+05:30,1566.4,1567.9,1566.3,1567.3,4275
2026-08-25T11:10:00+05:30,1567.3,1568.1,1566.4,1566.9,3538
2026-08-25T11:15:00+05:30,1566.9,1568.3,1566.9,1567.2,2368
2026-08-25T11:20:00+05:30,1567.2,1570.8,1567.2,1568.7,14492
2026-08-25T11:25:00+05:30,1568.7,1569.5,1566.8,1566.8,8175
2026-08-25T11:30:00+05:30,1566.8,1567.5,1566.3,1566.6,1974
2026-08-25T11:35:00+05:30,1566.6,1568,1566.6,1567.7,4905
2026-08-25T11:40:00+05:30,1568.1,1568.1,1566.4,1566.9,4536
2026-08-25T11:45:00+05:30,1567,1567,1565.5,1566.7,7073
2026-08-25T11:50:00+05:30,1566.7,1567,1565.9,1566.3,1753
2026-08-25T11:55:00+05:30,1566.3,1568,1566.2,1566.2,55439
2026-08-25T12:00:00+05:30,1566.6,1566.6,1562.1,1562.5,17001
2026-08-25T12:05:00+05:30,1562.5,1564.4,1562,1563.1,8234
2026-08-25T12:10:00+05:30,1563.1,1565.1,1563.1,1564.7,7483
2026-08-25T12:15:00+05:30,1564.7,1565.5,1564.1,1564.9,5581
2026-08-25T12:20:00+05:30,1564.9,1565.9,1564.1,1565.5,6314
2026-08-25T12:25:00+05:30,1565.5,1565.5,1564,1565.4,6286
2026-08-25T12:30:00+05:30,1566,1566,1563.7,1563.8,7429
2026-08-25T12:35:00+05:30,1564,1566.1,1562.9,1563,13733
2026-08-25T12:40:00+05:30,1563.2,1565.3,1562.6,1564.8,5814
2026-08-25T12:45:00+05:30,1564.8,1566.3,1564.4,1566,5016
2026-08-25T12:50:00+05:30,1565.7,1566.3,1565.3,1565.3,4076
2026-08-25T12:55:00+05:30,1565.5,1567,1565,1567,5572
2026-08-25T13:00:00+05:30,1567,1568.3,1565.8,1567.3,35167
2026-08-25T13:05:00+05:30,1567.8,1567.8,1566.1,1567.3,17585
2026-08-25T13:10:00+05:30,1567.8,1568.5,1566.4,1567,23752
2026-08-25T13:15:00+05:30,1567.6,1567.6,1566.3,1566.4,11430
2026-08-25T13:20:00+05:30,1566.4,1567,1566.3,1566.9,3285
2026-08-25T13:25:00+05:30,1566.9,1568.8,1566.5,1568,43617
2026-08-25T13:30:00+05:30,1568.2,1569.1,1566.9,1566.9,37966
2026-08-25T13:35:00+05:30,1567.4,1568.2,1566.4,1567.3,11121
2026-08-25T13:40:00+05:30,1567.5,1570.5,1567.1,1569.9,42998
2026-08-25T13:45:00+05:30,1570,1572.5,1569.9,1572.4,9957
2026-08-25T13:50:00+05:30,1572.2,1577.1,1571.1,1577.1,13219
2026-08-25T13:55:00+05:30,1577.4,1578.4,1572.7,1573.6,15190
2026-08-25T14:00:00+05:30,1573.7,1574.3,1571.8,1573.7,28066
2026-08-25T14:05:00+05:30,1573,1574.3,1571.5,1572.6,35275
2026-08-25T14:10:00+05:30,1573,1573.8,1570.5,1571.7,31956
2026-08-25T14:15:00+05:30,1571.9,1574.2,1571.9,1572.9,34717
2026-08-25T14:20:00+05:30,1573.1,1579.9,1573.1,1578.5,62948
2026-08-25T14:25:00+05:30,1579.4,1582.8,1578.9,1582.2,62172
2026-08-25T14:30:00+05:30,1582.4,1583,1578.6,1580.6,71557
2026-08-25T14:35:00+05:30,1580.6,1581.9,1579.1,1579.9,29653
2026-08-25T14:40:00+05:30,1579.9,1582.5,1579.1,1580,36021
2026-08-25T14:45:00+05:30,1580,1581.8,1579,1581.7,35756
2026-08-25T14:50:00+05:30,1581.7,1582.4,1580,1582.1,28414
2026-08-25T14:55:00+05:30,1582.3,1584,1582.1,1583.5,15973
2026-08-25T15:00:00+05:30,1584.3,1588.3,1584,1588.3,39364
2026-08-25T15:05:00+05:30,1588.2,1592.1,1587.8,1591.4,45706
2026-08-25T15:10:00+05:30,1591.4,1592.7,1589.1,1592,50311
2026-08-26T09:15:00+05:30,1607.5,1614.9,1595.4,1604,88161
2026-08-26T09:20:00+05:30,1604.1,1609.7,1603.6,1609.2,91675
2026-08-26T09:25:00+05:30,1609.1,1609.1,1597.5,1598.8,34141
2026-08-26T09:30:00+05:30,1597.8,1597.8,1594.1,1595.5,22877
2026-08-26T09:35:00+05:30,1595.7,1596.8,1592.4,1593,19533
2026-08-26T09:40:00+05:30,1593.2,1595.3,1592.2,1593.5,17677
2026-08-26T09:45:00+05:30,1592.7,1596.1,1592.7,1595.7,10243
2026-08-26T09:50:00+05:30,1595.7,1595.7,1592.8,1593.9,19683
2026-08-26T09:55:00+05:30,1593.9,1595,1593.3,1594.1,9449
2026-08-26T10:00:00+05:30,1594.1,1594.9,1591.8,1593.6,17136
2026-08-26T10:05:00+05:30,1593.6,1594.6,1591.6,1591.7,7670
2026-08-26T10:10:00+05:30,1591.7,1593.1,1591.1,1592.6,4895
2026-08-26T10:15:00+05:30,1592.8,1592.8,1589.9,1590,16134
2026-08-26T10:20:00+05:30,1590,1590.5,1588.8,1590.4,13063
2026-08-26T10:25:00+05:30,1590.4,1590.7,1589,1589.5,7912
2026-08-26T10:30:00+05:30,1589.1,1589.5,1586.2,1587.5,26611
2026-08-26T10:35:00+05:30,1587,1588,1586.3,1587.9,17575
2026-08-26T10:40:00+05:30,1588.3,1588.4,1586.3,1586.5,42872
2026-08-26T10:45:00+05:30,1586.6,1586.6,1583.9,1584.8,17970
2026-08-26T10:50:00+05:30,1585.3,1587.2,1585.1,1587,3989
2026-08-26T10:55:00+05:30,1586.1,1586.1,1584.2,1584.3,9432
2026-08-26T11:00:00+05:30,1583.6,1583.8,1580,1580,41568
2026-08-26T11:05:00+05:30,1580,1581.4,1579.3,1579.7,18869
2026-08-26T11:10:00+05:30,1579.7,1580,1578.9,1579.8,15171
2026-08-26T11:15:00+05:30,1579.4,1579.9,1578,1578.8,10713
2026-08-26T11:20:00+05:30,1578.3,1579.8,1578,1578.5,10936
2026-08-26T11:25:00+05:30,1578.1,1578.5,1574.4,1574.4,17189
2026-08-26T11:30:00+05:30,1574.6,1576,1574.3,1575.3,12753
2026-08-26T11:35:00+05:30,1575.3,1577.5,1575.3,1577,22795
2026-08-26T11:40:00+05:30,1577,1578.5,1577,1577.6,6149
2026-08-26T11:45:00+05:30,1577.6,1577.6,1575.9,1575.9,9460
2026-08-26T11:50:00+05:30,1575.9,1576,1574.9,1575.2,8113
2026-08-26T11:55:00+05:30,1575.2,1575.5,1570.6,1571.2,18038
2026-08-26T12:00:00+05:30,1570.7,1571.2,1570,1570.5,8498
2026-08-26T12:05:00+05:30,1570.4,1570.5,1568.6,1570.2,11658
2026-08-26T12:10:00+05:30,1569.5,1571.1,1569.1,1570.1,9483
2026-08-26T12:15:00+05:30,1570.1,1571.5,1570,1570.6,9506
2026-08-26T12:20:00+05:30,1570.6,1571.3,1570.3,1570.5,3665
2026-08-26T12:25:00+05:30,1570.5,1571.4,1568,1570.4,26527
2026-08-26T12:30:00+05:30,1570.4,1570.5,1569.5,1569.5,9919
2026-08-26T12:35:00+05:30,1569.5,1570,1568.6,1569.9,3890
2026-08-26T12:40:00+05:30,1569.9,1569.9,1567.3,1567.3,5421
2026-08-26T12:45:00+05:30,1567.3,1569.6,1567,1568.7,7456
2026-08-26T12:50:00+05:30,1568.6,1568.7,1566.5,1567.1,9334
2026-08-26T12:55:00+05:30,1567.1,1568,1567.1,1567.4,3211
2026-08-26T13:00:00+05:30,1567.4,1567.4,1566.9,1567.4,2901
2026-08-26T13:05:00+05:30,1567.1,1569,1566.9,1567.2,10816
2026-08-26T13:10:00+05:30,1567.5,1568.5,1566.2,1567.6,6921
2026-08-26T13:15:00+05:30,1568.2,1568.4,1566.9,1567.4,5498
2026-08-26T13:20:00+05:30,1567.4,1568,1567.2,1567.2,2980
2026-08-26T13:25:00+05:30,1567.2,1569.2,1567.1,1567.5,7595
2026-08-26T13:30:00+05:30,1567.5,1567.7,1566.9,1567.4,3023
2026-08-26T13:35:00+05:30,1567.4,1569.3,1566.6,1569,12034
2026-08-26T13:40:00+05:30,1569,1570,1567.9,1568,8230
2026-08-26T13:45:00+05:30,1568,1568.2,1566.1,1567.3,6458
2026-08-26T13:50:00+05:30,1567.3,1568.6,1566.6,1567,16065
2026-08-26T13:55:00+05:30,1567,1567.3,1566.7,1567.2,2633
2026-08-26T14:00:00+05:30,1567.2,1567.2,1565.8,1566.1,6173
2026-08-26T14:05:00+05:30,1566.2,1567.4,1566,1567.4,4050
2026-08-26T14:10:00+05:30,1567.4,1569.6,1567.4,1569.1,9373
2026-08-26T14:15:00+05:30,1568.5,1572,1568.5,1571.6,216036
2026-08-26T14:20:00+05:30,1572,1572.5,1570.1,1572,19488
2026-08-26T14:25:00+05:30,1572,1574,1571.7,1573,14904
2026-08-26T14:30:00+05:30,1573,1574,1572.2,1573.2,12651
2026-08-26T14:35:00+05:30,1573.2,1574.8,1573,1574,11295
2026-08-26T14:40:00+05:30,1573.8,1574,1572.7,1573.4,9165
2026-08-26T14:45:00+05:30,1573.3,1574.5,1573.3,1573.6,12010
2026-08-26T14:50:00+05:30,1573.9,1573.9,1572.6,1573.6,20166
2026-08-26T14:55:00+05:30,1573.9,1574.5,1573.4,1574.5,19116
2026-08-26T15:00:00+05:30,1574.5,1575,1571.5,1572.7,58698
2026-08-26T15:05:00+05:30,1572.4,1572.4,1570,1570.8,104548
2026-08-26T15:10:00+05:30,1570.6,1573.5,1570.4,1570.4,86580
2026-08-27T09:15:00+05:30,1571.6,1588.7,1571.6,1588.2,79540
2026-08-27T09:20:00+05:30,1587.9,1600,1586.6,1590,62256
2026-08-27T09:25:00+05:30,1590.3,1590.7,1584.7,1585.7,40877
2026-08-27T09:30:00+05:30,1586,1586,1584.4,1586,37289
2026-08-27T09:35:00+05:30,1585.9,1591.1,1584.7,1584.7,51263
2026-08-27T09:40:00+05:30,1585.3,1588.3,1585,1588,54500
2026-08-27T09:45:00+05:30,1588,1589.4,1586.5,1587.1,24544
2026-08-27T09:50:00+05:30,1587.1,1587.1,1585,1585,13835
2026-08-27T09:55:00+05:30,1585,1585.8,1584.1,1585.8,12920
2026-08-27T10:00:00+05:30,1585.6,1585.9,1584.3,1584.3,10150
2026-08-27T10:05:00+05:30,1584.3,1591.5,1583.6,1590,27961
2026-08-27T10:10:00+05:30,1589.8,1590.3,1587.8,1588,18374
2026-08-27T10:15:00+05:30,1588,1591.4,1587.8,1591.1,57175
2026-08-27T10:20:00+05:30,1590.9,1595.1,1590.9,1594.1,32808
2026-08-27T10:25:00+05:30,1594.1,1596.4,1593.3,1593.3,34573
2026-08-27T10:30:00+05:30,1593.3,1594.3,1592.4,1593,19973
2026-08-27T10:35:00+05:30,1592.9,1594.3,1592.5,1592.9,22503
2026-08-27T10:40:00+05:30,1592.8,1594,1591.7,1592.6,22233
2026-08-27T10:45:00+05:30,1592.6,1594.8,1591,1594,27688
2026-08-27T10:50:00+05:30,1594.4,1595,1593.5,1594,21598
2026-08-27T10:55:00+05:30,1594,1594.5,1593.1,1593.9,13007
2026-08-27T11:00:00+05:30,1593.9,1595,1593.4,1595,18534
2026-08-27T11:05:00+05:30,1594.9,1599,1594.4,1597.8,30102
2026-08-27T11:10:00+05:30,1597.9,1598.9,1597.3,1597.9,11208
2026-08-27T11:15:00+05:30,1597.9,1598,1596.3,1597.9,14097
2026-08-27T11:20:00+05:30,1597.2,1597.9,1596.5,1597.2,18444
2026-08-27T11:25:00+05:30,1597.1,1598.6,1596.3,1598,20586
2026-08-27T11:30:00+05:30,1596.9,1597.2,1593.3,1593.5,17273
2026-08-27T11:35:00+05:30,1594,1594,1590.4,1591.8,16032
2026-08-27T11:40:00+05:30,1591.5,1592.2,1587.2,1590.1,75376
2026-08-27T11:45:00+05:30,1589.9,1590.4,1588.6,1589.8,12489
2026-08-27T11:50:00+05:30,1589.9,1590.3,1587,1587.6,11503
2026-08-27T11:55:00+05:30,1587.6,1588,1586.1,1587.3,12407
2026-08-27T12:00:00+05:30,1587.3,1588,1587,1588,23455
2026-08-27T12:05:00+05:30,1587.5,1590,1586.4,1589.5,59422
2026-08-27T12:10:00+05:30,1589,1591.5,1588.2,1591.5,16364
2026-08-27T12:15:00+05:30,1590.9,1591.5,1587.3,1588,46852
2026-08-27T12:20:00+05:30,1587.9,1589.6,1587.6,1589.6,24254
2026-08-27T12:25:00+05:30,1589.5,1590.9,1588.8,1590.9,9884
2026-08-27T12:30:00+05:30,1590.5,1593,1590,1592.4,12225
2026-08-27T12:35:00+05:30,1592.4,1594.9,1591.1,1593,28055
2026-08-27T12:40:00+05:30,1592.7,1593,1589.2,1589.7,18418
2026-08-27T12:45:00+05:30,1589.7,1591,1589.1,1591,32731
2026-08-27T12:50:00+05:30,1590.7,1592.8,1589.9,1591.9,18463
2026-08-27T12:55:00+05:30,1591.9,1592,1586.9,1586.9,11735
2026-08-27T13:00:00+05:30,1587,1587.8,1586,1587,20629
2026-08-27T13:05:00+05:30,1586.9,1589.5,1586.9,1589.4,37975
2026-08-27T13:10:00+05:30,1589.4,1590.4,1586.9,1588.8,69389
2026-08-27T13:15:00+05:30,1588.8,1590.2,1587.5,1589.6,13759
2026-08-27T13:20:00+05:30,1589.6,1589.9,1587.7,1588.3,18573
2026-08-27T13:25:00+05:30,1588.3,1588.8,1585.7,1588.1,56296
2026-08-27T13:30:00+05:30,1588.3,1588.8,1587.2,1588.5,7398
2026-08-27T13:35:00+05:30,1588.5,1590.6,1588.5,1590.5,8364
2026-08-27T13:40:00+05:30,1590.7,1590.7,1586.7,1586.9,14613
2026-08-27T13:45:00+05:30,1586.7,1587.6,1586,1587.6,14113
2026-08-27T13:50:00+05:30,1587.6,1587.8,1586.7,1587.2,10405
2026-08-27T13:55:00+05:30,1587.2,1587.9,1587,1587.4,8523
2026-08-27T14:00:00+05:30,1587.2,1587.9,1587.1,1587.5,7084
2026-08-27T14:05:00+05:30,1587.6,1588,1586.6,1587.4,8682
2026-08-27T14:10:00+05:30,1587.2,1588,1587.2,1587.5,9194
2026-08-27T14:15:00+05:30,1587.8,1588,1586.2,1588,10866
2026-08-27T14:20:00+05:30,1587.9,1588.1,1586.3,1587,10149
2026-08-27T14:25:00+05:30,1586.9,1587,1586.6,1587,12042
2026-08-27T14:30:00+05:30,1586.9,1587.3,1585.6,1586.5,19868
2026-08-27T14:35:00+05:30,1586.5,1587,1585.3,1587,10370
2026-08-27T14:40:00+05:30,1587,1587,1584.5,1584.8,13997
2026-08-27T14:45:00+05:30,1584.8,1586.3,1584,1584.4,35375
2026-08-27T14:50:00+05:30,1584.4,1587,1584.1,1586.7,69668
2026-08-27T14:55:00+05:30,1586.4,1588.3,1585.8,1588.2,46151
2026-08-27T15:00:00+05:30,1587.6,1588.8,1586.8,1588.4,52330
2026-08-27T15:05:00+05:30,1588.1,1591.1,1587.7,1590.7,46037
2026-08-27T15:10:00+05:30,1590.4,1591,1587.5,1591,47888
2026-08-28T09:15:00+05:30,1600,1629.9,1598,1626.9,118853
2026-08-28T09:20:00+05:30,1626.9,1635.5,1626.9,1632.6,104724
2026-08-28T09:25:00+05:30,1633,1638.5,1626,1631,104466
2026-08-28T09:30:00+05:30,1629.3,1634.9,1629.3,1633.9,50723
2026-08-28T09:35:00+05:30,1633.7,1635,1629.7,1630,76266
2026-08-28T09:40:00+05:30,1630,1634.4,1628,1632,60147
2026-08-28T09:45:00+05:30,1632.3,1636,1630.3,1630.6,100293
2026-08-28T09:50:00+05:30,1631,1631.5,1624.8,1624.8,62020
2026-08-28T09:55:00+05:30,1625.8,1628.8,1624,1627.5,25500
2026-08-28T10:00:00+05:30,1627.6,1628.3,1625,1626.1,14962
2026-08-28T10:05:00+05:30,1626.6,1630,1626.3,1629.9,25473
2026-08-28T10:10:00+05:30,1630,1632,1627.4,1630.6,34230
2026-08-28T10:15:00+05:30,1631.2,1632.4,1630.7,1632.3,31407
2026-08-28T10:20:00+05:30,1632.3,1637.8,1631.9,1637.1,84190
2026-08-28T10:25:00+05:30,1638,1638.4,1633.1,1635.1,69972
2026-08-28T10:30:00+05:30,1635.1,1637.9,1634.9,1635.8,40642
2026-08-28T10:35:00+05:30,1636.8,1636.8,1634,1634,30930
2026-08-28T10:40:00+05:30,1634.4,1636.5,1632.5,1635.5,30499
2026-08-28T10:45:00+05:30,1635.5,1635.9,1634.2,1635.7,24970
2026-08-28T10:50:00+05:30,1635.7,1637.1,1634,1634.2,13800
2026-08-28T10:55:00+05:30,1634.2,1637.2,1633.2,1636.8,8616
2026-08-28T11:00:00+05:30,1636.9,1641,1635.1,1640.6,49687
2026-08-28T11:05:00+05:30,1641,1642,1637.4,1637.6,28825
2026-08-28T11:10:00+05:30,1637.8,1640,1637.1,1638.4,19265
2026-08-28T11:15:00+05:30,1638.9,1641.6,1638.5,1640.1,79989
2026-08-28T11:20:00+05:30,1640.2,1641.7,1639.3,1640.3,22535
2026-08-28T11:25:00+05:30,1640.2,1640.2,1631.7,1631.7,124148
2026-08-28T11:30:00+05:30,1632.4,1632.5,1628.8,1629.8,33604
2026-08-28T11:35:00+05:30,1630,1630.1,1625.5,1625.5,25478
2026-08-28T11:40:00+05:30,1626.1,1627.6,1624.6,1626.7,56961
2026-08-28T11:45:00+05:30,1626.9,1626.9,1622.8,1623.6,55568
2026-08-28T11:50:00+05:30,1624.2,1626.4,1624.1,1626.3,18315
2026-08-28T11:55:00+05:30,1625.6,1625.6,1623.4,1623.6,16275
2026-08-28T12:00:00+05:30,1624.3,1624.7,1623,1623.9,7274
2026-08-28T12:05:00+05:30,1624,1626,1623.3,1625.2,14215
2026-08-28T12:10:00+05:30,1625.6,1626.9,1622.8,1624.7,19358
2026-08-28T12:15:00+05:30,1625.2,1625.7,1623.4,1625.1,7165
2026-08-28T12:20:00+05:30,1625.1,1628.8,1625,1627.1,13467
2026-08-28T12:25:00+05:30,1627.1,1629.5,1627.1,1627.6,8647
2026-08-28T12:30:00+05:30,1627.6,1629.2,1623.7,1624.2,36070
2026-08-28T12:35:00+05:30,1624.2,1625,1623.8,1624.7,10038
2026-08-28T12:40:00+05:30,1624.7,1626,1622.4,1625.4,69180
2026-08-28T12:45:00+05:30,1625.4,1627.4,1624.2,1626.5,60689
2026-08-28T12:50:00+05:30,1627.3,1631.3,1626.4,1627.8,79716
2026-08-28T12:55:00+05:30,1628.5,1631,1626.6,1630.4,111270
2026-08-28T13:00:00+05:30,1631.2,1632,1629.5,1630.5,58788
2026-08-28T13:05:00+05:30,1631.5,1635.3,1631.5,1635.1,118910
2026-08-28T13:10:00+05:30,1635.7,1637.9,1635,1637,52172
2026-08-28T13:15:00+05:30,1636.8,1639.5,1636.6,1638.2,40184
2026-08-28T13:20:00+05:30,1638.2,1638.5,1634,1635,52353
2026-08-28T13:25:00+05:30,1635.8,1636.6,1634,1635.5,60521
2026-08-28T13:30:00+05:30,1636.1,1636.1,1634,1634.1,17892
2026-08-28T13:35:00+05:30,1634.3,1634.7,1628.5,1629.2,39234
2026-08-28T13:40:00+05:30,1629.2,1629.2,1623.8,1624.4,85560
2026-08-28T13:45:00+05:30,1624.5,1625.8,1623.3,1624,14474
2026-08-28T13:50:00+05:30,1624,1625.4,1623.2,1624.7,17337
2026-08-28T13:55:00+05:30,1624.9,1630.6,1623.6,1629.1,38589
2026-08-28T14:00:00+05:30,1629,1630.7,1627.5,1630.2,26626
2026-08-28T14:05:00+05:30,1630.1,1630.7,1627.5,1628,28178
2026-08-28T14:10:00+05:30,1627.5,1628.9,1627.4,1628.9,19567
2026-08-28T14:15:00+05:30,1628.9,1629.1,1627.6,1628,22778
2026-08-28T14:20:00+05:30,1628.1,1628.2,1627.1,1627.6,21931
2026-08-28T14:25:00+05:30,1627.7,1629.9,1627.1,1629.1,29162
2026-08-28T14:30:00+05:30,1629.4,1629.6,1627.7,1628.3,26775
2026-08-28T14:35:00+05:30,1628.3,1628.8,1627.4,1628.4,26652
2026-08-28T14:40:00+05:30,1628.1,1630,1627.1,1629.9,33737
2026-08-28T14:45:00+05:30,1630,1630.3,1628.1,1629.9,33753
2026-08-28T14:50:00+05:30,1629.9,1634.3,1629.6,1632,141402
2026-08-28T14:55:00+05:30,1632.2,1633.7,1631,1631.9,60120
2026-08-28T15:00:00+05:30,1631.6,1632.5,1629.1,1631.7,94739
2026-08-28T15:05:00+05:30,1632,1633.8,1631.2,1633.1,55995
2026-08-28T15:10:00+05:30,1633.2,1635.2,1632,1634.4,74090
2026-08-31T09:15:00+05:30,1640,1640.9,1617.8,1621.4,81739
2026-08-31T09:20:00+05:30,1621.4,1635,1620.2,1631.4,53223
2026-08-31T09:25:00+05:30,1631.4,1632.5,1627,1627.9,31400
2026-08-31T09:30:00+05:30,1627.9,1628.5,1624.3,1625,33219
2026-08-31T09:35:00+05:30,1625,1625.2,1621.6,1623.6,26468
2026-08-31T09:40:00+05:30,1623.6,1625,1620.3,1622.8,27752
2026-08-31T09:45:00+05:30,1622.8,1625.1,1622.2,1622.9,20977
2026-08-31T09:50:00+05:30,1622.9,1626.5,1622.9,1624,14556
2026-08-31T09:55:00+05:30,1624,1628,1624,1627.7,19367
2026-08-31T10:00:00+05:30,1627.7,1627.8,1625.7,1627.8,21108
2026-08-31T10:05:00+05:30,1627.8,1628,1625.5,1627.6,11759
2026-08-31T10:10:00+05:30,1628,1628,1626.2,1627.5,11160
2026-08-31T10:15:00+05:30,1627.5,1628.1,1626.4,1627.5,8161
2026-08-31T10:20:00+05:30,1628,1629,1627.3,1629,13785
2026-08-31T10:25:00+05:30,1629.1,1631.9,1629.1,1630.9,19441
2026-08-31T10:30:00+05:30,1630.9,1631.4,1626.8,1628.7,18850
2026-08-31T10:35:00+05:30,1628.8,1628.8,1623.1,1623.4,19650
2026-08-31T10:40:00+05:30,1623,1624.9,1622.6,1624.9,15706
2026-08-31T10:45:00+05:30,1624.8,1625.5,1624.4,1625.4,6798
2026-08-31T10:50:00+05:30,1625.4,1625.6,1624.6,1624.8,9655
2026-08-31T10:55:00+05:30,1624.9,1624.9,1622,1622.2,9056
2026-08-31T11:00:00+05:30,1622.6,1622.6,1614.7,1617,18875
2026-08-31T11:05:00+05:30,1617,1618.3,1614.3,1614.3,13456
2026-08-31T11:10:00+05:30,1614.7,1616,1613,1615.3,9160
2026-08-31T11:15:00+05:30,1615.5,1618,1615.5,1616.3,12700
2026-08-31T11:20:00+05:30,1616.4,1616.4,1610.7,1611,26141
2026-08-31T11:25:00+05:30,1611,1612,1609.9,1611,56127
2026-08-31T11:30:00+05:30,1611,1612.5,1609.2,1610.2,29044
2026-08-31T11:35:00+05:30,1610.2,1613,1610.2,1612.5,48949
2026-08-31T11:40:00+05:30,1612.5,1613,1610.6,1612.2,64381
2026-08-31T11:45:00+05:30,1612.6,1612.9,1611,1612.4,11405
2026-08-31T11:50:00+05:30,1611.9,1612,1610.4,1611.3,66588
2026-08-31T11:55:00+05:30,1611.3,1613.5,1611,1612.1,20625
2026-08-31T12:00:00+05:30,1612.3,1612.5,1609.5,1610.9,16845
2026-08-31T12:05:00+05:30,1611.1,1611.1,1609.5,1610,7585
2026-08-31T12:10:00+05:30,1610,1611,1609.6,1611,12213
2026-08-31T12:15:00+05:30,1610.6,1610.9,1610,1610.4,7858
2026-08-31T12:20:00+05:30,1610.7,1611.1,1609.1,1610.4,16132
2026-08-31T12:25:00+05:30,1610.9,1615,1610.4,1614.4,19532
2026-08-31T12:30:00+05:30,1613.9,1614.8,1612.9,1612.9,12659
2026-08-31T12:35:00+05:30,1612.9,1618,1612.9,1617.9,14812
2026-08-31T12:40:00+05:30,1618,1620.4,1617.9,1618.9,32311
2026-08-31T12:45:00+05:30,1618.6,1619.9,1618.4,1619.2,8879
2026-08-31T12:50:00+05:30,1619.2,1620.4,1618,1618.6,10913
2026-08-31T12:55:00+05:30,1618.6,1624.9,1618.2,1623.6,22834
2026-08-31T13:00:00+05:30,1623.6,1626.6,1621.4,1622.2,35097
2026-08-31T13:05:00+05:30,1622.2,1622.5,1618.5,1619.6,104068
2026-08-31T13:10:00+05:30,1619.6,1620,1617.5,1619.6,71561
2026-08-31T13:15:00+05:30,1619.6,1620.5,1619,1620.3,31412
2026-08-31T13:20:00+05:30,1620.3,1621.1,1618,1619.5,71917
2026-08-31T13:25:00+05:30,1619.5,1621.9,1619.5,1621.5,13939
2026-08-31T13:30:00+05:30,1621.6,1622.2,1621.1,1622,10510
2026-08-31T13:35:00+05:30,1622,1622,1620.6,1621.1,9384
2026-08-31T13:40:00+05:30,1621.3,1621.9,1619.8,1619.8,20042
2026-08-31T13:45:00+05:30,1619.8,1621.7,1619.8,1621.4,19123
2026-08-31T13:50:00+05:30,1621.6,1621.7,1620.1,1621.2,9224
2026-08-31T13:55:00+05:30,1621.4,1621.7,1620,1620.2,6292
2026-08-31T14:00:00+05:30,1620.2,1621.5,1620.2,1621.4,4448
2026-08-31T14:05:00+05:30,1621.4,1621.7,1618.4,1619.1,26320
2026-08-31T14:10:00+05:30,1619,1620.5,1618.5,1620,14836
2026-08-31T14:15:00+05:30,1620,1621.2,1619.5,1619.7,17027
2026-08-31T14:20:00+05:30,1620,1622,1619.7,1620.8,46464
2026-08-31T14:25:00+05:30,1620.8,1623,1620.8,1622.4,45567
2026-08-31T14:30:00+05:30,1622.2,1624.5,1622.2,1623.9,23827
2026-08-31T14:35:00+05:30,1624.9,1625.8,1621,1621.4,42270
2026-08-31T14:40:00+05:30,1622,1624.9,1621.4,1624,34437
2026-08-31T14:45:00+05:30,1624.7,1628.1,1624.1,1626.9,43729
2026-08-31T14:50:00+05:30,1626.8,1629,1625.4,1628.9,47759
2026-08-31T14:55:00+05:30,1628.9,1629,1626.4,1627.4,47270
2026-08-31T15:00:00+05:30,1626,1630.8,1625.8,1628,53699
2026-08-31T15:05:00+05:30,1627.7,1628.7,1625.5,1628,52833
2026-08-31T15:10:00+05:30,1627.6,1628,1620,1620,92026
2026-09-01T09:15:00+05:30,1630,1634.1,1613.7,1615.8,34807
2026-09-01T09:20:00+05:30,1615.8,1630,1615.8,1629.6,25359
2026-09-01T09:25:00+05:30,1630.5,1636.2,1630.5,1635.9,23820
2026-09-01T09:30:00+05:30,1637.7,1641.8,1635.5,1635.5,33800
2026-09-01T09:35:00+05:30,1635.2,1636.8,1632.5,1632.9,20238
2026-09-01T09:40:00+05:30,1632.9,1633.7,1627.8,1628.3,16691
2026-09-01T09:45:00+05:30,1628.8,1629.6,1626.7,1628.6,18816
2026-09-01T09:50:00+05:30,1628.3,1629.9,1627.8,1628,10271
2026-09-01T09:55:00+05:30,1628,1628,1624.8,1625.4,11780
2026-09-01T10:00:00+05:30,1625.1,1625.8,1623.3,1624,13165
2026-09-01T10:05:00+05:30,1624,1627.1,1622,1625.8,24272
2026-09-01T10:10:00+05:30,1626.9,1631.6,1626.4,1630.5,31215
2026-09-01T10:15:00+05:30,1629.9,1633.5,1629.9,1630.7,16309
2026-09-01T10:20:00+05:30,1630.7,1631.3,1629.3,1630.7,9404
2026-09-01T10:25:00+05:30,1631.2,1633.3,1629.7,1629.7,11546
2026-09-01T10:30:00+05:30,1629.5,1633.2,1629.5,1631.7,8826
2026-09-01T10:35:00+05:30,1631.2,1631.2,1629.4,1629.7,14664
2026-09-01T10:40:00+05:30,1629.5,1634,1628.1,1633.7,11914
2026-09-01T10:45:00+05:30,1634.1,1635,1631.1,1632.9,10270
2026-09-01T10:50:00+05:30,1632.9,1635,1632.6,1633.5,9591
2026-09-01T10:55:00+05:30,1634,1637.3,1631.8,1635.9,18336
2026-09-01T11:00:00+05:30,1635.7,1637,1634.7,1634.7,11558
2026-09-01T11:05:00+05:30,1634.9,1637,1634.4,1637,14388
2026-09-01T11:10:00+05:30,1637,1637.5,1633.3,1634.7,19867
2026-09-01T11:15:00+05:30,1634.6,1636.9,1632.1,1632.7,50599
2026-09-01T11:20:00+05:30,1632.6,1633.9,1631.6,1632.7,10340
2026-09-01T11:25:00+05:30,1632.7,1633,1629.6,1632,13656
2026-09-01T11:30:00+05:30,1632,1632.6,1630.7,1631.6,11438
2026-09-01T11:35:00+05:30,1631.8,1633.4,1631.2,1631.6,27130
2026-09-01T11:40:00+05:30,1631.3,1633.7,1629.8,1631.6,90015
2026-09-01T11:45:00+05:30,1631.6,1637.9,1631.6,1637.1,28022
2026-09-01T11:50:00+05:30,1637.5,1639.8,1635.7,1638.4,76321
2026-09-01T11:55:00+05:30,1638.9,1644,1638.6,1643.6,96426
2026-09-01T12:00:00+05:30,1643.6,1649,1643.5,1645.9,65428
2026-09-01T12:05:00+05:30,1645.9,1648,1644.6,1645.8,77790
2026-09-01T12:10:00+05:30,1645.8,1647,1643.9,1645,58436
2026-09-01T12:15:00+05:30,1645,1646.4,1643.8,1644,33143
2026-09-01T12:20:00+05:30,1644,1644.1,1640.1,1642.2,24982
2026-09-01T12:25:00+05:30,1642.3,1646.2,1642,1644.5,23709
2026-09-01T12:30:00+05:30,1644.6,1644.8,1641.5,1643.5,20130
2026-09-01T12:35:00+05:30,1643.5,1644,1642.5,1643,16080
2026-09-01T12:40:00+05:30,1643,1643.2,1642.1,1642.7,8689
2026-09-01T12:45:00+05:30,1642.7,1643.8,1642.3,1642.6,13873
2026-09-01T12:50:00+05:30,1642.9,1643.6,1641.9,1641.9,11627
2026-09-01T12:55:00+05:30,1642,1643.2,1641.5,1642.4,10703
2026-09-01T13:00:00+05:30,1642.9,1643,1640.3,1640.9,20906
2026-09-01T13:05:00+05:30,1641.2,1641.2,1639.1,1639.5,42716
2026-09-01T13:10:00+05:30,1640,1642,1639.5,1642,61098
2026-09-01T13:15:00+05:30,1642,1643.2,1640,1640.7,57813
2026-09-01T13:20:00+05:30,1640.7,1643.8,1640,1641.9,78951
2026-09-01T13:25:00+05:30,1642.4,1642.9,1641.3,1642.4,18282
2026-09-01T13:30:00+05:30,1642.8,1645.8,1642.2,1645.1,13066
2026-09-01T13:35:00+05:30,1645.2,1645.7,1642.1,1642.7,60377
2026-09-01T13:40:00+05:30,1642.9,1643,1640.5,1642,17173
2026-09-01T13:45:00+05:30,1642,1642.3,1639.7,1641.8,52284
2026-09-01T13:50:00+05:30,1641.8,1643.5,1637.6,1637.6,35002
2026-09-01T13:55:00+05:30,1637.1,1639,1636.9,1637.7,36227
2026-09-01T14:00:00+05:30,1637.7,1638,1635,1636,16132
2026-09-01T14:05:00+05:30,1635.7,1636,1634.5,1634.5,30973
2026-09-01T14:10:00+05:30,1634.5,1636,1634.2,1634.6,15324
2026-09-01T14:15:00+05:30,1634.9,1636,1634,1635.5,32748
2026-09-01T14:20:00+05:30,1635.5,1636.7,1633.7,1633.7,17919
2026-09-01T14:25:00+05:30,1633.7,1636.2,1633,1635.9,16158
2026-09-01T14:30:00+05:30,1636,1636.1,1633.4,1634.3,28823
2026-09-01T14:35:00+05:30,1634,1634.4,1632.3,1632.4,21015
2026-09-01T14:40:00+05:30,1632.7,1632.8,1630,1630.4,23004
2026-09-01T14:45:00+05:30,1630,1632,1629.3,1631.4,58403
2026-09-01T14:50:00+05:30,1631.5,1633,1631.3,1632.9,26686
2026-09-01T14:55:00+05:30,1632.7,1634.4,1632.4,1634,33620
2026-09-01T15:00:00+05:30,1633.6,1633.6,1631,1632.4,42292
2026-09-01T15:05:00+05:30,1632.3,1634.8,1631.8,1634,72035
2026-09-01T15:10:00+05:30,1633.9,1638.6,1633.5,1635.8,74403
2026-09-02T09:15:00+05:30,1630,1637.2,1611.3,1611.6,85273
2026-09-02T09:20:00+05:30,1611.6,1614.9,1608.6,1610.2,44962
2026-09-02T09:25:00+05:30,1610.2,1614.5,1604.5,1613.7,37809
2026-09-02T09:30:00+05:30,1613.7,1621.2,1613.1,1620.4,21500
2026-09-02T09:35:00+05:30,1621.3,1621.6,1617.2,1617.6,8616
2026-09-02T09:40:00+05:30,1617.6,1620.6,1614.4,1617.8,93621
2026-09-02T09:45:00+05:30,1617.3,1619.7,1612,1615.2,15813
2026-09-02T09:50:00+05:30,1615.2,1615.2,1611.7,1614,11559
2026-09-02T09:55:00+05:30,1614.6,1618.9,1613.6,1618.1,8319
2026-09-02T10:00:00+05:30,1618.1,1624.1,1618,1619.6,32695
2026-09-02T10:05:00+05:30,1619.4,1619.8,1615,1616.1,7922
2026-09-02T10:10:00+05:30,1615.8,1618.8,1615.5,1618.1,6662
2026-09-02T10:15:00+05:30,1618.4,1620.2,1615.5,1617,5698
2026-09-02T10:20:00+05:30,1617,1618.6,1616.2,1618.1,4782
2026-09-02T10:25:00+05:30,1617.9,1618.7,1615.7,1616.1,4890
2026-09-02T10:30:00+05:30,1616.2,1616.6,1614,1614.3,5662
2026-09-02T10:35:00+05:30,1614.1,1614.3,1611.2,1612,5410
2026-09-02T10:40:00+05:30,1611.4,1612.2,1609.1,1609.8,9530
2026-09-02T10:45:00+05:30,1610,1612.5,1610,1611.4,5781
2026-09-02T10:50:00+05:30,1611.4,1614.8,1611,1614,6016
2026-09-02T10:55:00+05:30,1614,1617,1614,1615.8,3881
2026-09-02T11:00:00+05:30,1615.2,1615.8,1613.7,1614.2,3578
2026-09-02T11:05:00+05:30,1613.7,1614.2,1611.5,1611.9,3674
2026-09-02T11:10:00+05:30,1611.5,1615,1611.5,1614.7,4669
2026-09-02T11:15:00+05:30,1614.7,1615.1,1613.6,1615,3165
2026-09-02T11:20:00+05:30,1615.1,1616.4,1615,1616.2,4403
2026-09-02T11:25:00+05:30,1616.3,1618.9,1615.9,1618.5,30660
2026-09-02T11:30:00+05:30,1618.4,1619.9,1616.3,1618.5,14474
2026-09-02T11:35:00+05:30,1618.3,1621.9,1617.9,1621.7,8261
2026-09-02T11:40:00+05:30,1621.7,1622.1,1620,1620,4261
2026-09-02T11:45:00+05:30,1620.2,1621.2,1615.4,1618,71776
2026-09-02T11:50:00+05:30,1618,1618.9,1612.6,1615.1,73902
2026-09-02T11:55:00+05:30,1615.6,1615.7,1610.1,1611.7,144229
2026-09-02T12:00:00+05:30,1611.9,1616,1611.5,1613.5,23066
2026-09-02T12:05:00+05:30,1614.1,1616.6,1613,1615.9,89769
2026-09-02T12:10:00+05:30,1615.9,1618.4,1615,1616.5,50003
2026-09-02T12:15:00+05:30,1616.5,1618.5,1615.7,1617.3,13683
2026-09-02T12:20:00+05:30,1617.3,1618.4,1616.2,1618.4,4588
2026-09-02T12:25:00+05:30,1618.4,1620,1618.3,1619.8,5861
2026-09-02T12:30:00+05:30,1619.7,1621.9,1619.6,1620,12294
2026-09-02T12:35:00+05:30,1620.4,1621.3,1615.9,1616.3,21739
2026-09-02T12:40:00+05:30,1616.3,1617,1615.1,1615.1,7167
2026-09-02T12:45:00+05:30,1615.1,1616.8,1615.1,1616.4,7691
2026-09-02T12:50:00+05:30,1616.4,1618.5,1616.3,1617.5,7263
2026-09-02T12:55:00+05:30,1617.5,1618.7,1617.2,1618.7,9641
2026-09-02T13:00:00+05:30,1618.7,1618.8,1617.5,1618.4,6699
2026-09-02T13:05:00+05:30,1618.4,1619.9,1617.9,1619.8,10135
2026-09-02T13:10:00+05:30,1619.7,1620,1618.9,1619.3,6293
2026-09-02T13:15:00+05:30,1619.3,1619.7,1617.2,1619,6914
2026-09-02T13:20:00+05:30,1619,1620.5,1618.6,1620.5,8000
2026-09-02T13:25:00+05:30,1620.5,1620.8,1620,1620.2,3957
2026-09-02T13:30:00+05:30,1620.6,1620.6,1617.7,1618,13955
2026-09-02T13:35:00+05:30,1618,1619.5,1617.9,1618.9,8721
2026-09-02T13:40:00+05:30,1618.8,1619.1,1616.1,1616.3,3757
2026-09-02T13:45:00+05:30,1616.3,1616.9,1615.4,1616,4847
2026-09-02T13:50:00+05:30,1616.6,1616.6,1615.1,1616.2,3870
2026-09-02T13:55:00+05:30,1616.2,1617.4,1616,1617.4,3229
2026-09-02T14:00:00+05:30,1617.4,1617.6,1616.5,1616.7,4657
2026-09-02T14:05:00+05:30,1617.4,1617.6,1616.5,1617.6,2810
2026-09-02T14:10:00+05:30,1617.5,1618.2,1617,1617.4,6232
2026-09-02T14:15:00+05:30,1617.4,1617.4,1616,1616.6,6035
2026-09-02T14:20:00+05:30,1616.6,1616.8,1615.4,1616,4662
2026-09-02T14:25:00+05:30,1616,1617.8,1615.2,1617.8,6094
2026-09-02T14:30:00+05:30,1617.8,1620,1617.3,1619.7,15338
2026-09-02T14:35:00+05:30,1619.7,1620.7,1619.5,1620.2,7771
2026-09-02T14:40:00+05:30,1619.8,1620.4,1619.1,1620,18356
2026-09-02T14:45:00+05:30,1620,1620.4,1619,1620.2,16432
2026-09-02T14:50:00+05:30,1620.2,1620.4,1619.2,1620.2,30740
2026-09-02T14:55:00+05:30,1620.2,1620.7,1619.6,1620.7,13399
2026-09-02T15:00:00+05:30,1620.6,1620.6,1615.5,1616.1,88989
2026-09-02T15:05:00+05:30,1613.9,1616,1613.7,1615.1,33942
2026-09-02T15:10:00+05:30,1615.8,1617.8,1611.2,1612,64218
2026-09-03T09:15:00+05:30,1623,1625.6,1603.3,1603.3,57634
2026-09-03T09:20:00+05:30,1603.7,1609.8,1596,1598.1,28819
2026-09-03T09:25:00+05:30,1597.8,1597.9,1592,1596.7,27445
2026-09-03T09:30:00+05:30,1597,1600.9,1596.6,1597.6,11851
2026-09-03T09:35:00+05:30,1598,1600.5,1597.6,1599.2,11982
2026-09-03T09:40:00+05:30,1599.9,1602,1599.3,1600.3,14047
2026-09-03T09:45:00+05:30,1600,1603.5,1599.4,1602.6,14588
2026-09-03T09:50:00+05:30,1602.8,1604.8,1600.5,1603.4,9685
2026-09-03T09:55:00+05:30,1603.4,1605.9,1602.8,1605.6,12716
2026-09-03T10:00:00+05:30,1605.5,1605.7,1601.4,1601.6,8323
2026-09-03T10:05:00+05:30,1601.8,1603.1,1599.5,1602.9,7442
2026-09-03T10:10:00+05:30,1602.9,1604.8,1602.4,1603.8,6169
2026-09-03T10:15:00+05:30,1603.8,1605.4,1603,1605,5195
2026-09-03T10:20:00+05:30,1605,1605.2,1603,1603.6,3824
2026-09-03T10:25:00+05:30,1603.6,1605.4,1603.1,1605.2,2411
2026-09-03T10:30:00+05:30,1605.2,1609.2,1605.2,1608.7,10714
2026-09-03T10:35:00+05:30,1607.6,1608.8,1606.8,1608.8,6071
2026-09-03T10:40:00+05:30,1608.8,1609.1,1606.7,1607.9,4423
2026-09-03T10:45:00+05:30,1608,1608,1600.9,1601.7,21769
2026-09-03T10:50:00+05:30,1601.7,1602.7,1599.6,1600.7,11757
2026-09-03T10:55:00+05:30,1600.7,1600.7,1597.6,1599.4,9687
2026-09-03T11:00:00+05:30,1599.4,1602.2,1599.1,1600.3,16192
2026-09-03T11:05:00+05:30,1600.3,1600.7,1599,1600.4,10195
2026-09-03T11:10:00+05:30,1599.9,1600.7,1599,1599.5,5720
2026-09-03T11:15:00+05:30,1599.5,1600.7,1598.4,1600.7,5740
2026-09-03T11:20:00+05:30,1600.7,1600.8,1599.6,1600.2,3853
2026-09-03T11:25:00+05:30,1600.7,1600.7,1599.2,1600,14467
2026-09-03T11:30:00+05:30,1600.6,1600.6,1600,1600,7078
2026-09-03T11:35:00+05:30,1600,1600.5,1597.6,1597.6,13372
2026-09-03T11:40:00+05:30,1597.6,1599.1,1597.1,1598.8,16464
2026-09-03T11:45:00+05:30,1599.1,1601.8,1596.6,1597.6,65681
2026-09-03T11:50:00+05:30,1597.6,1597.8,1595.3,1595.5,30593
2026-09-03T11:55:00+05:30,1596,1597.9,1595.1,1597.8,13572
2026-09-03T12:00:00+05:30,1597.3,1597.3,1592.5,1593.8,66911
2026-09-03T12:05:00+05:30,1593.9,1597.3,1592.5,1596.3,63800
2026-09-03T12:10:00+05:30,1596.7,1598.2,1595.1,1598.2,19834
2026-09-03T12:15:00+05:30,1598.2,1598.8,1596,1596.7,13805
2026-09-03T12:20:00+05:30,1596.2,1599.3,1596.2,1598.1,8831
2026-09-03T12:25:00+05:30,1598,1600,1598,1600,19700
2026-09-03T12:30:00+05:30,1600,1600,1598.6,1599.4,78532
2026-09-03T12:35:00+05:30,1599.8,1600.1,1599.3,1599.7,65628
2026-09-03T12:40:00+05:30,1600,1604,1600,1603.9,59985
2026-09-03T12:45:00+05:30,1603.9,1605,1600.2,1603,55139
2026-09-03T12:50:00+05:30,1603,1605.9,1602.6,1605,71343
2026-09-03T12:55:00+05:30,1605.4,1605.4,1603,1604.3,12325
2026-09-03T13:00:00+05:30,1604.3,1605.5,1601,1603.1,39203
2026-09-03T13:05:00+05:30,1603,1604.4,1602.2,1604.1,6197
2026-09-03T13:10:00+05:30,1603.6,1605.7,1603.3,1604.8,9179
2026-09-03T13:15:00+05:30,1604.8,1605.8,1603.8,1604.9,10255
2026-09-03T13:20:00+05:30,1604.9,1605.3,1603.8,1604.1,9431
2026-09-03T13:25:00+05:30,1604.1,1605,1603.5,1604.8,3253
2026-09-03T13:30:00+05:30,1604.8,1606,1604.7,1605.5,6651
2026-09-03T13:35:00+05:30,1605.5,1605.7,1603.5,1603.7,12248
2026-09-03T13:40:00+05:30,1603.7,1605.5,1602.4,1603.3,12314
2026-09-03T13:45:00+05:30,1603.3,1603.5,1600.4,1601.4,57941
2026-09-03T13:50:00+05:30,1601.4,1603.9,1601.4,1603.3,10929
2026-09-03T13:55:00+05:30,1603.8,1605.9,1603,1603.5,12126
2026-09-03T14:00:00+05:30,1603.5,1604.7,1602.2,1603.1,10307
2026-09-03T14:05:00+05:30,1603.1,1604.8,1603,1604.5,6809
2026-09-03T14:10:00+05:30,1604.8,1606.1,1604.3,1604.8,8545
2026-09-03T14:15:00+05:30,1605.3,1605.5,1602,1602.3,12926
2026-09-03T14:20:00+05:30,1602.3,1602.4,1601.3,1601.3,13341
2026-09-03T14:25:00+05:30,1601.6,1603.1,1601.6,1601.9,9449
2026-09-03T14:30:00+05:30,1601.9,1602.4,1600.3,1601.7,19608
2026-09-03T14:35:00+05:30,1601.7,1601.7,1600.5,1601.1,6514
2026-09-03T14:40:00+05:30,1601.1,1601.6,1597.2,1597.5,23352
2026-09-03T14:45:00+05:30,1597.6,1598.3,1597.2,1597.7,15076
2026-09-03T14:50:00+05:30,1598.1,1598.8,1596.6,1597,40926
2026-09-03T14:55:00+05:30,1597,1597.2,1595.1,1596.8,42937
2026-09-03T15:00:00+05:30,1596.8,1597.9,1595.2,1596.4,31231
2026-09-03T15:05:00+05:30,1596.3,1599.1,1596.2,1598.2,41077
2026-09-03T15:10:00+05:30,1598.4,1602.2,1596.2,1596.2,108965
2026-09-04T09:15:00+05:30,1605.1,1623.4,1605.1,1620,68817
2026-09-04T09:20:00+05:30,1620.7,1621.6,1606.6,1608.5,45942
2026-09-04T09:25:00+05:30,1608.2,1615,1605,1612,19595
2026-09-04T09:30:00+05:30,1611.4,1612.6,1607,1607,15301
2026-09-04T09:35:00+05:30,1607.4,1607.4,1603.1,1603.7,17084
2026-09-04T09:40:00+05:30,1604,1608.5,1603.7,1607.2,8539
2026-09-04T09:45:00+05:30,1607.2,1607.4,1604.3,1604.3,3937
2026-09-04T09:50:00+05:30,1604.3,1605.3,1601.1,1604.8,10521
2026-09-04T09:55:00+05:30,1604.8,1606.9,1604,1605.1,9529
2026-09-04T10:00:00+05:30,1604.9,1606.6,1604.8,1605.8,4023
2026-09-04T10:05:00+05:30,1606.4,1606.5,1601.3,1603.2,12266
2026-09-04T10:10:00+05:30,1603.2,1603.6,1600.2,1601.1,9514
2026-09-04T10:15:00+05:30,1601.4,1602,1600,1601.6,9844
2026-09-04T10:20:00+05:30,1601.1,1603.5,1601.1,1601.5,5496
2026-09-04T10:25:00+05:30,1601.8,1603.5,1601.1,1603,4410
2026-09-04T10:30:00+05:30,1603,1603,1600.5,1602.5,7617
2026-09-04T10:35:00+05:30,1603,1603,1598.7,1599,9899
2026-09-04T10:40:00+05:30,1599.7,1600,1597.3,1599.5,6561
2026-09-04T10:45:00+05:30,1600,1600.9,1599,1599.1,3129
2026-09-04T10:50:00+05:30,1599.6,1599.6,1599.1,1599.6,2306
2026-09-04T10:55:00+05:30,1599.6,1601.5,1599,1601.5,9291
2026-09-04T11:00:00+05:30,1601.4,1601.9,1599.2,1600.9,7587
2026-09-04T11:05:00+05:30,1600.9,1602.5,1600.6,1601,6323
2026-09-04T11:10:00+05:30,1601.4,1601.9,1600.4,1601.9,1454
2026-09-04T11:15:00+05:30,1601.9,1603.2,1601.1,1603.2,5525
2026-09-04T11:20:00+05:30,1602.3,1602.8,1600.7,1600.8,1420
2026-09-04T11:25:00+05:30,1601.1,1601.6,1600.3,1601.6,1033
2026-09-04T11:30:00+05:30,1601.6,1603.6,1600.7,1601.9,5314
2026-09-04T11:35:00+05:30,1601.6,1603.3,1601,1601,5186
2026-09-04T11:40:00+05:30,1601.5,1601.6,1599.2,1601,23838
2026-09-04T11:45:00+05:30,1601,1602.3,1600.9,1601.8,18116
2026-09-04T11:50:00+05:30,1601.8,1603.6,1601.8,1602.2,5012
2026-09-04T11:55:00+05:30,1602.2,1603.8,1602,1603.6,4888
2026-09-04T12:00:00+05:30,1603.6,1604.3,1602.3,1602.3,6243
2026-09-04T12:05:00+05:30,1602.3,1603.2,1602,1602.7,2817
2026-09-04T12:10:00+05:30,1602.7,1603,1600.5,1602.1,69378
2026-09-04T12:15:00+05:30,1602.1,1603,1601.9,1602.3,2735
2026-09-04T12:20:00+05:30,1602.7,1603.6,1600.9,1601.9,7844
2026-09-04T12:25:00+05:30,1602,1603,1600.7,1600.7,3039
2026-09-04T12:30:00+05:30,1601.2,1602.3,1600.5,1601.1,6067
2026-09-04T12:35:00+05:30,1602,1602.6,1601.1,1602.2,1315
2026-09-04T12:40:00+05:30,1602.5,1604,1602,1602.2,4257
2026-09-04T12:45:00+05:30,1602.7,1603.1,1600.2,1600.2,8281
2026-09-04T12:50:00+05:30,1600.9,1600.9,1599.4,1600,3247
2026-09-04T12:55:00+05:30,1600.2,1600.8,1599.1,1600.4,3350
2026-09-04T13:00:00+05:30,1600.9,1601,1599.2,1600.3,5006
2026-09-04T13:05:00+05:30,1600.4,1600.8,1599,1599.8,1560
2026-09-04T13:10:00+05:30,1599.3,1600.7,1596.4,1600,9969
2026-09-04T13:15:00+05:30,1599.7,1600.2,1598.5,1598.6,2547
2026-09-04T13:20:00+05:30,1598.6,1599,1596.6,1597.6,8748
2026-09-04T13:25:00+05:30,1598,1598.2,1595.9,1596,4234
2026-09-04T13:30:00+05:30,1596.6,1597,1593.8,1594,17917
2026-09-04T13:35:00+05:30,1594,1595.2,1592.7,1594.6,19165
2026-09-04T13:40:00+05:30,1594.8,1595.4,1593.6,1594.3,16836
2026-09-04T13:45:00+05:30,1595.1,1595.2,1593.7,1594.8,26284
2026-09-04T13:50:00+05:30,1595.1,1595.1,1594,1594.2,7176
2026-09-04T13:55:00+05:30,1594.6,1594.8,1591,1592,70446
2026-09-04T14:00:00+05:30,1591.9,1592,1591,1591.6,3584
2026-09-04T14:05:00+05:30,1591.5,1591.9,1589.2,1590.7,32484
2026-09-04T14:10:00+05:30,1590.4,1591.5,1588.4,1588.9,24956
2026-09-04T14:15:00+05:30,1588.8,1589.1,1587.3,1588,46985
2026-09-04T14:20:00+05:30,1588,1589.3,1587.6,1587.8,35523
2026-09-04T14:25:00+05:30,1588,1588.3,1587.3,1587.3,18178
2026-09-04T14:30:00+05:30,1587.6,1588.7,1587.6,1588.2,40147
2026-09-04T14:35:00+05:30,1587.8,1590,1587.3,1589.8,27100
2026-09-04T14:40:00+05:30,1590,1590,1589,1589.3,10379
2026-09-04T14:45:00+05:30,1589.3,1589.3,1587.3,1588.2,16649
2026-09-04T14:50:00+05:30,1588.2,1589.9,1588.2,1589.9,18223
2026-09-04T14:55:00+05:30,1589.9,1590,1588.6,1589,17217
2026-09-04T15:00:00+05:30,1589,1589,1587.6,1588,27492
2026-09-04T15:05:00+05:30,1588,1590,1586.9,1589.9,40767
2026-09-04T15:10:00+05:30,1589.9,1590,1587.2,1587.7,49431
2026-09-07T09:15:00+05:30,1575.1,1593.6,1566.2,1575,64681
2026-09-07T09:20:00+05:30,1576.5,1576.5,1568.6,1570,40224
2026-09-07T09:25:00+05:30,1569,1569,1566.7,1567.5,14347
2026-09-07T09:30:00+05:30,1568,1568.9,1567,1567.2,13959
2026-09-07T09:35:00+05:30,1567.5,1569.1,1562,1563.5,26239
2026-09-07T09:40:00+05:30,1563.1,1565.1,1558.7,1559.8,20383
2026-09-07T09:45:00+05:30,1560.7,1563.9,1557.4,1561.5,31534
2026-09-07T09:50:00+05:30,1561.7,1566.9,1561.7,1565.4,14557
2026-09-07T09:55:00+05:30,1565.4,1568.9,1565.4,1568.9,15075
2026-09-07T10:00:00+05:30,1568.2,1568.8,1566,1568.7,8347
2026-09-07T10:05:00+05:30,1568.7,1569.8,1566.5,1568.8,8136
2026-09-07T10:10:00+05:30,1568.8,1569.5,1565.5,1565.6,13855
2026-09-07T10:15:00+05:30,1566.2,1567,1563.4,1563.4,12144
2026-09-07T10:20:00+05:30,1564,1567.7,1563.8,1565.9,9829
2026-09-07T10:25:00+05:30,1565.9,1567,1565.1,1565.8,6151
2026-09-07T10:30:00+05:30,1565.5,1566,1564,1565.3,4834
2026-09-07T10:35:00+05:30,1565.4,1565.8,1564.3,1565.4,4375
2026-09-07T10:40:00+05:30,1565.4,1565.4,1563.3,1564.1,5624
2026-09-07T10:45:00+05:30,1563.9,1564.3,1562.5,1563.4,4015
2026-09-07T10:50:00+05:30,1562.9,1564.9,1562.3,1562.5,5702
2026-09-07T10:55:00+05:30,1563,1564.5,1562.5,1564,3532
2026-09-07T11:00:00+05:30,1564,1564.1,1558.6,1558.9,27535
2026-09-07T11:05:00+05:30,1558.9,1559.2,1555.1,1555.9,28202
2026-09-07T11:10:00+05:30,1555.9,1556.9,1555.3,1556.9,56651
2026-09-07T11:15:00+05:30,1556.9,1559,1556.5,1558,21686
2026-09-07T11:20:00+05:30,1557.8,1558.9,1557,1557.2,17069
2026-09-07T11:25:00+05:30,1557.4,1558,1556.1,1557,8191
2026-09-07T11:30:00+05:30,1557,1557.7,1556.7,1557.2,5700
2026-09-07T11:35:00+05:30,1557,1560.4,1557,1557.1,68876
2026-09-07T11:40:00+05:30,1557.6,1558.9,1556.8,1558.8,25980
2026-09-07T11:45:00+05:30,1558.9,1558.9,1557.2,1557.7,16420
2026-09-07T11:50:00+05:30,1558.2,1558.4,1553.2,1554.6,25746
2026-09-07T11:55:00+05:30,1554.6,1555,1553,1553.6,20498
2026-09-07T12:00:00+05:30,1553.6,1555,1552.1,1553.6,38461
2026-09-07T12:05:00+05:30,1553.6,1554.8,1553.3,1554.5,6950
2026-09-07T12:10:00+05:30,1554.5,1554.9,1553.4,1554.5,8882
2026-09-07T12:15:00+05:30,1554.5,1555,1553.6,1554.5,46514
2026-09-07T12:20:00+05:30,1554.5,1554.9,1553.7,1554,4385
2026-09-07T12:25:00+05:30,1554,1554.7,1553.7,1554.3,7455
2026-09-07T12:30:00+05:30,1554.3,1555,1553.6,1555,8728
2026-09-07T12:35:00+05:30,1555,1556.7,1553.9,1554.1,59299
2026-09-07T12:40:00+05:30,1554.4,1555,1554,1554.3,4805
2026-09-07T12:45:00+05:30,1554.4,1554.6,1553.6,1554,6689
2026-09-07T12:50:00+05:30,1554,1554.1,1551.2,1551.7,13903
2026-09-07T12:55:00+05:30,1551.1,1552.3,1550,1551,49080
2026-09-07T13:00:00+05:30,1550.9,1551.6,1550.6,1550.9,10560
2026-09-07T13:05:00+05:30,1551,1551,1549.6,1550.7,7579
2026-09-07T13:10:00+05:30,1550.7,1550.7,1549.2,1549.6,4094
2026-09-07T13:15:00+05:30,1549.6,1549.8,1547.7,1548,7243
2026-09-07T13:20:00+05:30,1548,1548.6,1547.1,1547.8,7735
2026-09-07T13:25:00+05:30,1547.8,1548.6,1547.2,1547.2,6133
2026-09-07T13:30:00+05:30,1547.5,1548.1,1545.4,1546.2,8703
2026-09-07T13:35:00+05:30,1546.1,1548.1,1545.3,1547.3,6902
2026-09-07T13:40:00+05:30,1546.8,1547.8,1546.8,1547,2863
2026-09-07T13:45:00+05:30,1547.4,1548.6,1547.1,1548.2,6080
2026-09-07T13:50:00+05:30,1548,1551.8,1547.6,1551,20350
2026-09-07T13:55:00+05:30,1551,1552.4,1549,1551.4,18261
2026-09-07T14:00:00+05:30,1552,1553,1548.8,1549.3,21852
2026-09-07T14:05:00+05:30,1549.6,1552.4,1549,1551.2,10227
2026-09-07T14:10:00+05:30,1551.2,1552.4,1551,1552,16640
2026-09-07T14:15:00+05:30,1552,1553,1551.5,1552.8,14647
2026-09-07T14:20:00+05:30,1552.8,1555.2,1552.1,1552.6,106185
2026-09-07T14:25:00+05:30,1553.2,1555,1551.4,1555,21222
2026-09-07T14:30:00+05:30,1554.6,1557.6,1554.6,1557.2,73595
2026-09-07T14:35:00+05:30,1557.2,1563,1557,1562,30029
2026-09-07T14:40:00+05:30,1562.1,1562.1,1558,1560.1,101320
2026-09-07T14:45:00+05:30,1560.4,1560.8,1555.4,1558.3,70445
2026-09-07T14:50:00+05:30,1558.5,1559.3,1557.5,1558.7,82486
2026-09-07T14:55:00+05:30,1558.7,1559.3,1558,1559.3,53908
2026-09-07T15:00:00+05:30,1558.9,1560.8,1558.5,1560.4,79870
2026-09-07T15:05:00+05:30,1560.2,1560.2,1555.1,1556.7,95618
2026-09-07T15:10:00+05:30,1555.9,1560.3,1555.7,1557,60900
2026-09-08T09:15:00+05:30,1556.1,1558.6,1541.4,1545.9,44624
2026-09-08T09:20:00+05:30,1545.5,1551.8,1544.9,1547.5,37842
2026-09-08T09:25:00+05:30,1547.5,1549.6,1547.5,1548.1,22528
2026-09-08T09:30:00+05:30,1548.1,1552.8,1547.7,1552.4,13051
2026-09-08T09:35:00+05:30,1552.9,1559.3,1552.4,1559,24487
2026-09-08T09:40:00+05:30,1558.4,1564,1558.3,1560,18039
2026-09-08T09:45:00+05:30,1560.6,1563.9,1559.2,1562.5,12059
2026-09-08T09:50:00+05:30,1562.5,1564,1560,1562.4,13003
2026-09-08T09:55:00+05:30,1562.4,1562.7,1557.4,1558,9163
2026-09-08T10:00:00+05:30,1558.3,1559.7,1557.2,1559.3,8906
2026-09-08T10:05:00+05:30,1559.3,1569.9,1559.3,1568.8,24721
2026-09-08T10:10:00+05:30,1568.8,1569.1,1565.2,1565.3,9135
2026-09-08T10:15:00+05:30,1565.3,1567.1,1565,1565.9,6551
2026-09-08T10:20:00+05:30,1565.8,1565.9,1563.3,1564.2,9564
2026-09-08T10:25:00+05:30,1564.2,1565.1,1562.9,1564.7,6065
2026-09-08T10:30:00+05:30,1564.6,1564.6,1560.5,1560.6,6069
2026-09-08T10:35:00+05:30,1560.8,1561,1558.6,1559.6,8031
2026-09-08T10:40:00+05:30,1559.4,1560.3,1558.1,1558.8,8094
2026-09-08T10:45:00+05:30,1558.8,1560.8,1558.7,1560.1,7214
2026-09-08T10:50:00+05:30,1560.2,1561.6,1559.6,1559.9,5070
2026-09-08T10:55:00+05:30,1559.9,1561.8,1559,1559.2,6608
2026-09-08T11:00:00+05:30,1559.3,1560.5,1558.5,1560,6866
2026-09-08T11:05:00+05:30,1560.2,1563,1560,1562.7,5939
2026-09-08T11:10:00+05:30,1562.7,1562.7,1559,1559,6360
2026-09-08T11:15:00+05:30,1559,1559.3,1556.1,1557,14436
2026-09-08T11:20:00+05:30,1557,1557.6,1554,1554.2,17064
2026-09-08T11:25:00+05:30,1554.3,1558.8,1554.2,1558.4,11993
2026-09-08T11:30:00+05:30,1558.6,1559.2,1556.7,1558.9,4050
2026-09-08T11:35:00+05:30,1558.9,1560.8,1558,1559.5,8652
2026-09-08T11:40:00+05:30,1559.5,1560.7,1559.1,1559.6,5102
2026-09-08T11:45:00+05:30,1559.6,1560.3,1558.1,1558.8,6278
2026-09-08T11:50:00+05:30,1558.8,1559.3,1557.4,1557.8,8996
2026-09-08T11:55:00+05:30,1557.8,1560,1556.4,1556.9,22190
2026-09-08T12:00:00+05:30,1556.9,1556.9,1553.9,1553.9,45573
2026-09-08T12:05:00+05:30,1553.9,1555.2,1552.7,1555,8868
2026-09-08T12:10:00+05:30,1555,1555,1553.1,1554.5,7204
2026-09-08T12:15:00+05:30,1554.5,1556.6,1553.5,1556.6,17819
2026-09-08T12:20:00+05:30,1556.6,1558,1555.1,1557.8,6494
2026-09-08T12:25:00+05:30,1557.8,1558.8,1556.4,1558.4,13674
2026-09-08T12:30:00+05:30,1558.4,1558.5,1556.5,1557.1,15248
2026-09-08T12:35:00+05:30,1557.1,1559.5,1555.2,1556.9,8750
2026-09-08T12:40:00+05:30,1556.9,1558.2,1556.1,1556.2,4608
2026-09-08T12:45:00+05:30,1556.5,1557.8,1554.4,1554.9,8082
2026-09-08T12:50:00+05:30,1555,1555.4,1554.4,1554.9,5864
2026-09-08T12:55:00+05:30,1555.5,1557,1555,1557,32856
2026-09-08T13:00:00+05:30,1557,1557.7,1557,1557.7,2437
2026-09-08T13:05:00+05:30,1557.7,1559.5,1555.7,1555.8,22687
2026-09-08T13:10:00+05:30,1556,1559.5,1555,1559.5,32828
2026-09-08T13:15:00+05:30,1559.4,1559.9,1556.1,1559.1,15179
2026-09-08T13:20:00+05:30,1559.1,1561.1,1557.4,1560.6,12291
2026-09-08T13:25:00+05:30,1560.6,1561.4,1554.2,1555,87263
2026-09-08T13:30:00+05:30,1555,1557.3,1553.5,1554.9,14328
2026-09-08T13:35:00+05:30,1555,1555.4,1553.1,1554.6,33391
2026-09-08T13:40:00+05:30,1554.8,1556.8,1554.3,1554.7,33826
2026-09-08T13:45:00+05:30,1554.9,1555.1,1553.1,1553.3,25833
2026-09-08T13:50:00+05:30,1553.5,1554,1552.1,1552.6,31795
2026-09-08T13:55:00+05:30,1552.8,1553.9,1552.2,1552.6,21847
2026-09-08T14:00:00+05:30,1552.3,1552.9,1550.8,1551.1,33479
2026-09-08T14:05:00+05:30,1551.3,1552.4,1550.2,1550.5,21100
2026-09-08T14:10:00+05:30,1550.5,1552.9,1550.3,1550.9,22646
2026-09-08T14:15:00+05:30,1551,1551.6,1550.1,1550.7,22442
2026-09-08T14:20:00+05:30,1550.8,1552.2,1549.5,1549.6,24956
2026-09-08T14:25:00+05:30,1549.8,1550,1549,1549.9,14504
2026-09-08T14:30:00+05:30,1550,1550,1549.8,1549.9,21179
2026-09-08T14:35:00+05:30,1549.9,1550,1548.3,1548.5,10981
2026-09-08T14:40:00+05:30,1548.5,1548.8,1547.3,1548,12271
2026-09-08T14:45:00+05:30,1547.6,1547.6,1546.7,1547,7779
2026-09-08T14:50:00+05:30,1547,1547.1,1544.1,1544.9,61367
2026-09-08T14:55:00+05:30,1544.9,1546.8,1544.2,1546.4,78862
2026-09-08T15:00:00+05:30,1546.3,1547.2,1545.7,1546.1,17948
2026-09-08T15:05:00+05:30,1545.8,1547,1544.5,1545.6,89398
2026-09-08T15:10:00+05:30,1545.6,1551.4,1545.6,1549.2,87644
2026-09-09T09:15:00+05:30,1531,1531,1504,1509.9,116595
2026-09-09T09:20:00+05:30,1509.9,1514.5,1506.7,1513.2,29023
2026-09-09T09:25:00+05:30,1513.2,1513.2,1508.5,1509.5,27320
2026-09-09T09:30:00+05:30,1509.5,1513.8,1508.2,1509.7,19752
2026-09-09T09:35:00+05:30,1509.6,1518,1509.1,1517.4,17327
2026-09-09T09:40:00+05:30,1517,1518.3,1514.6,1514.6,13530
2026-09-09T09:45:00+05:30,1515.2,1515.2,1506.1,1507.4,24104
2026-09-09T09:50:00+05:30,1507.3,1509.9,1506.5,1508.1,9763
2026-09-09T09:55:00+05:30,1507.7,1508.1,1505.6,1508.1,14564
2026-09-09T10:00:00+05:30,1508.5,1510.4,1507.5,1509.7,12408
2026-09-09T10:05:00+05:30,1510,1512.4,1509.1,1510.8,7334
2026-09-09T10:10:00+05:30,1511,1514,1510,1512.7,7299
2026-09-09T10:15:00+05:30,1512.7,1515.1,1512.7,1514.1,14805
2026-09-09T10:20:00+05:30,1514.1,1515.1,1508.1,1511.6,14679
2026-09-09T10:25:00+05:30,1511.6,1512.5,1510.4,1511.3,6693
2026-09-09T10:30:00+05:30,1511.3,1511.4,1508,1509.9,8158
2026-09-09T10:35:00+05:30,1509.9,1510.7,1509,1509.2,10431
2026-09-09T10:40:00+05:30,1509.8,1514,1508.3,1514,18351
2026-09-09T10:45:00+05:30,1513.6,1514,1510.8,1513.3,6173
2026-09-09T10:50:00+05:30,1513.3,1514.7,1510.9,1512.6,10428
2026-09-09T10:55:00+05:30,1512.7,1513.5,1511.3,1513.1,3766
2026-09-09T11:00:00+05:30,1512.3,1514.4,1510.8,1513,6557
2026-09-09T11:05:00+05:30,1513.4,1513.9,1511.5,1513,5402
2026-09-09T11:10:00+05:30,1513,1516.1,1511.5,1513.9,44914
2026-09-09T11:15:00+05:30,1513.9,1516.9,1513.8,1516.9,9012
2026-09-09T11:20:00+05:30,1516.9,1516.9,1513.9,1514.4,7794
2026-09-09T11:25:00+05:30,1514.4,1514.4,1512.9,1513.2,5116
2026-09-09T11:30:00+05:30,1513.2,1514.1,1512.7,1513.4,6167
2026-09-09T11:35:00+05:30,1513.4,1513.8,1510.8,1512.8,8800
2026-09-09T11:40:00+05:30,1512.5,1514.6,1512,1514.2,4155
2026-09-09T11:45:00+05:30,1513.8,1515.5,1512.5,1513.7,4706
2026-09-09T11:50:00+05:30,1513.7,1513.9,1511.4,1512.4,6167
2026-09-09T11:55:00+05:30,1512.4,1513.3,1511.5,1512,4822
2026-09-09T12:00:00+05:30,1512,1514,1511.5,1513.6,5245
2026-09-09T12:05:00+05:30,1513.6,1513.8,1512.1,1512.2,4809
2026-09-09T12:10:00+05:30,1512.8,1513.5,1511.7,1512.3,6159
2026-09-09T12:15:00+05:30,1512.3,1512.4,1510,1510.9,15128
2026-09-09T12:20:00+05:30,1511.1,1511.4,1509.6,1511,7854
2026-09-09T12:25:00+05:30,1511.2,1511.2,1510,1510.2,8292
2026-09-09T12:30:00+05:30,1510.2,1511.8,1509.8,1511.5,9653
2026-09-09T12:35:00+05:30,1511.5,1513.8,1511.4,1513.1,14488
2026-09-09T12:40:00+05:30,1513.1,1513.5,1511.7,1513,6251
2026-09-09T12:45:00+05:30,1513,1514.4,1511.4,1513.4,15559
2026-09-09T12:50:00+05:30,1513.4,1514.1,1513,1513.2,8008
2026-09-09T12:55:00+05:30,1513.2,1513.9,1512.4,1513.5,8011
2026-09-09T13:00:00+05:30,1513.5,1514,1511.8,1512.3,6929
2026-09-09T13:05:00+05:30,1512.3,1514.1,1508.1,1508.7,38849
2026-09-09T13:10:00+05:30,1508.7,1509.1,1503.3,1503.3,31206
2026-09-09T13:15:00+05:30,1503.5,1504,1501.7,1503.9,24545
2026-09-09T13:20:00+05:30,1503.8,1505,1503.2,1504.1,14516
2026-09-09T13:25:00+05:30,1504.9,1505.8,1504,1505.7,8856
2026-09-09T13:30:00+05:30,1505.2,1506,1504.2,1505,11123
2026-09-09T13:35:00+05:30,1505,1506.4,1504.1,1505,10031
2026-09-09T13:40:00+05:30,1505.2,1505.2,1502.3,1502.8,12562
2026-09-09T13:45:00+05:30,1502.8,1502.8,1502,1502.1,8859
2026-09-09T13:50:00+05:30,1502.3,1503.3,1502,1502.4,12681
2026-09-09T13:55:00+05:30,1502.4,1503.1,1502,1503.1,10440
2026-09-09T14:00:00+05:30,1503.1,1504.3,1502.3,1503,11905
2026-09-09T14:05:00+05:30,1503,1504,1502.3,1503.2,7924
2026-09-09T14:10:00+05:30,1503.3,1504.6,1502.2,1502.7,9770
2026-09-09T14:15:00+05:30,1502.9,1505.2,1502.3,1504.1,14869
2026-09-09T14:20:00+05:30,1504.3,1507.4,1504.1,1506.6,33293
2026-09-09T14:25:00+05:30,1506.6,1507.7,1505.9,1507,22646
2026-09-09T14:30:00+05:30,1507,1507,1506.5,1506.5,20584
2026-09-09T14:35:00+05:30,1506.6,1506.6,1502.9,1503.9,74453
2026-09-09T14:40:00+05:30,1504.1,1504.1,1502.1,1502.8,28780
2026-09-09T14:45:00+05:30,1502.8,1503.3,1501.2,1503,16846
2026-09-09T14:50:00+05:30,1502.9,1504.2,1502.3,1503.3,18729
2026-09-09T14:55:00+05:30,1503.2,1504.4,1503.1,1503.5,25385
2026-09-09T15:00:00+05:30,1503,1503,1498.7,1499.4,40400
2026-09-09T15:05:00+05:30,1499,1502.2,1498,1501.9,58141
2026-09-09T15:10:00+05:30,1501.8,1503,1500.5,1503,62709
2026-09-10T09:15:00+05:30,1511.9,1511.9,1498.1,1509.5,47458
2026-09-10T09:20:00+05:30,1509.4,1515.4,1504.3,1514.5,26044
2026-09-10T09:25:00+05:30,1514.5,1523,1512.3,1523,31557
2026-09-10T09:30:00+05:30,1524.4,1541.9,1524.4,1541.2,68852
2026-09-10T09:35:00+05:30,1540.2,1544.7,1537.2,1537.9,178130
2026-09-10T09:40:00+05:30,1537.9,1542,1535.8,1536,69556
2026-09-10T09:45:00+05:30,1536,1536.9,1529.2,1530.2,85742
2026-09-10T09:50:00+05:30,1530.2,1533.8,1529.7,1532.7,32127
2026-09-10T09:55:00+05:30,1533.2,1534.6,1530,1530,40944
2026-09-10T10:00:00+05:30,1530.3,1530.3,1525,1527.3,32830
2026-09-10T10:05:00+05:30,1527.3,1528,1525.5,1526,24675
2026-09-10T10:10:00+05:30,1526.3,1526.4,1524.3,1525,19798
2026-09-10T10:15:00+05:30,1523.4,1523.7,1519.4,1520.8,28538
2026-09-10T10:20:00+05:30,1520.9,1521,1517.5,1518.1,10680
2026-09-10T10:25:00+05:30,1518.5,1519.6,1515,1515,14713
2026-09-10T10:30:00+05:30,1515.5,1516.9,1513.2,1516,9782
2026-09-10T10:35:00+05:30,1516.4,1521.2,1515,1520.7,19439
2026-09-10T10:40:00+05:30,1520.6,1522.7,1519.3,1522.7,13494
2026-09-10T10:45:00+05:30,1522.7,1523.2,1519.7,1521.5,12777
2026-09-10T10:50:00+05:30,1522,1525,1519.3,1524.8,11228
2026-09-10T10:55:00+05:30,1524.8,1526.3,1523.4,1525.7,11316
2026-09-10T11:00:00+05:30,1526,1526.3,1521.5,1521.5,6772
2026-09-10T11:05:00+05:30,1521.7,1522,1518,1519.2,8571
2026-09-10T11:10:00+05:30,1519.4,1522.1,1518.2,1521.9,14264
2026-09-10T11:15:00+05:30,1521.9,1524.7,1521.4,1524.6,11387
2026-09-10T11:20:00+05:30,1524.6,1524.6,1522.2,1523.1,4429
2026-09-10T11:25:00+05:30,1523.8,1524.3,1522.5,1524,3646
2026-09-10T11:30:00+05:30,1523.8,1526.4,1523.1,1524.1,19228
2026-09-10T11:35:00+05:30,1524.4,1524.9,1519.2,1519.6,9179
2026-09-10T11:40:00+05:30,1519.6,1525.6,1519.2,1525.1,19515
2026-09-10T11:45:00+05:30,1525.2,1528.1,1525.2,1526.5,14204
2026-09-10T11:50:00+05:30,1527.1,1527.2,1525.6,1526.6,3906
2026-09-10T11:55:00+05:30,1526.7,1527.1,1524.9,1524.9,8273
2026-09-10T12:00:00+05:30,1525,1526,1523.8,1523.8,4583
2026-09-10T12:05:00+05:30,1524,1525,1523.4,1524.9,4930
2026-09-10T12:10:00+05:30,1524.9,1525.3,1523.2,1524.3,12739
2026-09-10T12:15:00+05:30,1524.9,1525.2,1523.4,1524.2,6541
2026-09-10T12:20:00+05:30,1524.7,1524.7,1519.6,1520.8,8366
2026-09-10T12:25:00+05:30,1520.8,1523.1,1520,1522.4,7989
2026-09-10T12:30:00+05:30,1522.4,1523.8,1521.3,1521.7,6844
2026-09-10T12:35:00+05:30,1521.7,1522.1,1519,1519.2,7626
2026-09-10T12:40:00+05:30,1519.2,1520.3,1518.6,1519.2,4650
2026-09-10T12:45:00+05:30,1519.8,1521.2,1519.1,1520.5,4401
2026-09-10T12:50:00+05:30,1520.5,1521,1519.5,1519.8,3533
2026-09-10T12:55:00+05:30,1519.8,1520,1518,1519.2,12340
2026-09-10T13:00:00+05:30,1519.2,1519.7,1517.4,1517.4,3675
2026-09-10T13:05:00+05:30,1518.1,1519,1516.4,1516.7,4704
2026-09-10T13:10:00+05:30,1516.8,1518.4,1516.6,1517.8,3514
2026-09-10T13:15:00+05:30,1518.3,1518.7,1517.3,1517.8,2246
2026-09-10T13:20:00+05:30,1517.8,1518.1,1516.5,1517.7,4961
2026-09-10T13:25:00+05:30,1517.8,1517.9,1515.5,1515.5,3467
2026-09-10T13:30:00+05:30,1515.8,1516.7,1514.5,1516.2,6965
2026-09-10T13:35:00+05:30,1516.2,1517.3,1513.4,1517.3,10024
2026-09-10T13:40:00+05:30,1517.3,1517.6,1516.2,1516.4,5008
2026-09-10T13:45:00+05:30,1516.4,1517.4,1516.2,1516.8,3086
2026-09-10T13:50:00+05:30,1517,1517.9,1516.2,1517,3585
2026-09-10T13:55:00+05:30,1517,1517.3,1516.1,1516.3,2592
2026-09-10T14:00:00+05:30,1516.4,1517,1516.1,1516.8,2331
2026-09-10T14:05:00+05:30,1516.1,1518.5,1516.1,1517.8,4584
2026-09-10T14:10:00+05:30,1518.3,1518.4,1515.7,1516.9,4238
2026-09-10T14:15:00+05:30,1516.9,1518,1516.2,1517.2,4658
2026-09-10T14:20:00+05:30,1517.2,1518,1516.3,1517.6,3212
2026-09-10T14:25:00+05:30,1517.6,1517.8,1516.2,1517.8,2943
2026-09-10T14:30:00+05:30,1517.9,1517.9,1516.4,1517.5,3241
2026-09-10T14:35:00+05:30,1517.5,1517.5,1516.7,1516.9,6952
2026-09-10T14:40:00+05:30,1516.9,1521,1515.7,1519.6,12383
2026-09-10T14:45:00+05:30,1520,1520,1518.1,1519.3,8093
2026-09-10T14:50:00+05:30,1519.3,1523.2,1519.3,1522.9,17772
2026-09-10T14:55:00+05:30,1522.9,1523,1518.1,1518.4,24788
2026-09-10T15:00:00+05:30,1519.2,1522.7,1516.8,1521.3,58755
2026-09-10T15:05:00+05:30,1521.5,1522.6,1518.8,1521.4,52648
2026-09-10T15:10:00+05:30,1520.2,1522,1520.1,1521.5,63574
2026-09-11T09:15:00+05:30,1519.3,1542,1518.6,1541.5,115931
2026-09-11T09:20:00+05:30,1541.3,1547.9,1539,1541.4,86372
2026-09-11T09:25:00+05:30,1541.4,1541.5,1533,1540.6,59328
2026-09-11T09:30:00+05:30,1541.7,1548,1537.8,1542.4,65518
2026-09-11T09:35:00+05:30,1542,1547.3,1542,1544.8,46518
2026-09-11T09:40:00+05:30,1545.3,1545.5,1543.2,1544.5,29101
2026-09-11T09:45:00+05:30,1544.5,1545.6,1541.9,1545,25385
2026-09-11T09:50:00+05:30,1545,1545,1542.7,1542.7,19805
2026-09-11T09:55:00+05:30,1543.2,1544.8,1540.9,1543.8,22404
2026-09-11T10:00:00+05:30,1543.8,1544.9,1542.2,1543.5,13614
2026-09-11T10:05:00+05:30,1543.5,1544.2,1542.5,1543.4,23832
2026-09-11T10:10:00+05:30,1543.4,1544.9,1542,1544.9,17740
2026-09-11T10:15:00+05:30,1544,1544,1541.3,1543.8,20102
2026-09-11T10:20:00+05:30,1543.9,1544.7,1542.2,1543.2,12045
2026-09-11T10:25:00+05:30,1543.6,1543.6,1541.2,1541.9,7572
2026-09-11T10:30:00+05:30,1542,1549.9,1541.5,1549,61206
2026-09-11T10:35:00+05:30,1549,1549,1545.8,1546.9,23015
2026-09-11T10:40:00+05:30,1546.9,1552.7,1545.9,1552.3,48734
2026-09-11T10:45:00+05:30,1552.4,1553.3,1546.2,1546.8,34239
2026-09-11T10:50:00+05:30,1546.8,1546.8,1545.1,1546,20751
2026-09-11T10:55:00+05:30,1545.6,1547.5,1545.3,1546.6,15638
2026-09-11T11:00:00+05:30,1546.5,1547.4,1546,1547,10086
2026-09-11T11:05:00+05:30,1547,1549,1546,1546.9,14386
2026-09-11T11:10:00+05:30,1546.8,1548.7,1546.2,1548.2,7397
2026-09-11T11:15:00+05:30,1548.2,1549.9,1548.1,1549.8,12465
2026-09-11T11:20:00+05:30,1549.8,1550.5,1546.6,1548.4,22461
2026-09-11T11:25:00+05:30,1548.7,1555.8,1547.9,1555.8,80212
2026-09-11T11:30:00+05:30,1555.8,1557.3,1553.8,1554.8,37726
2026-09-11T11:35:00+05:30,1555.6,1555.7,1551.4,1555,54566
2026-09-11T11:40:00+05:30,1555,1557.3,1551,1551.2,30817
2026-09-11T11:45:00+05:30,1551.5,1552.6,1550,1552,18967
2026-09-11T11:50:00+05:30,1551.7,1553.3,1551.5,1551.9,14359
2026-09-11T11:55:00+05:30,1552.4,1553.3,1550.6,1550.6,15470
2026-09-11T12:00:00+05:30,1550.5,1550.8,1545.3,1546.3,61161
2026-09-11T12:05:00+05:30,1546.3,1547.4,1544.6,1544.8,24630
2026-09-11T12:10:00+05:30,1544.8,1546.6,1544,1545.3,14472
2026-09-11T12:15:00+05:30,1545.3,1546.8,1544.2,1544.8,17471
2026-09-11T12:20:00+05:30,1544.8,1544.9,1542.8,1543.2,23695
2026-09-11T12:25:00+05:30,1543.2,1544.8,1542.8,1543,14013
2026-09-11T12:30:00+05:30,1543,1544.2,1542.8,1543.7,12733
2026-09-11T12:35:00+05:30,1543.7,1543.9,1540.1,1540.7,29115
2026-09-11T12:40:00+05:30,1540.7,1541.6,1538.5,1539.6,25269
2026-09-11T12:45:00+05:30,1540,1541.1,1539.5,1540.8,15747
2026-09-11T12:50:00+05:30,1541,1542.1,1540,1541.2,19040
2026-09-11T12:55:00+05:30,1541.4,1542.7,1541.1,1542.1,15378
2026-09-11T13:00:00+05:30,1542.2,1542.3,1540.1,1542,12132
2026-09-11T13:05:00+05:30,1541.9,1542,1539.9,1540,12383
2026-09-11T13:10:00+05:30,1540,1542,1540,1540.8,11096
2026-09-11T13:15:00+05:30,1541,1541,1539.6,1539.6,13671
2026-09-11T13:20:00+05:30,1539.3,1540.5,1539.1,1539.7,12011
2026-09-11T13:25:00+05:30,1539.7,1539.9,1538.1,1539,12254
2026-09-11T13:30:00+05:30,1539,1539.7,1538.1,1538.4,9429
2026-09-11T13:35:00+05:30,1538.2,1539.7,1538.1,1539.4,9275
2026-09-11T13:40:00+05:30,1539.5,1540,1537.9,1538.4,16978
2026-09-11T13:45:00+05:30,1538.4,1539.5,1537.5,1537.5,8616
2026-09-11T13:50:00+05:30,1537.3,1540.7,1536.9,1539.3,13201
2026-09-11T13:55:00+05:30,1539.3,1540.6,1538.2,1539.9,19391
2026-09-11T14:00:00+05:30,1539.8,1542,1539.8,1540.7,21978
2026-09-11T14:05:00+05:30,1541.1,1541.9,1540,1540,11535
2026-09-11T14:10:00+05:30,1540.3,1541.9,1539.9,1541.3,13393
2026-09-11T14:15:00+05:30,1541.9,1542.3,1540.6,1541.5,10469
2026-09-11T14:20:00+05:30,1541.7,1542.2,1540.6,1541.8,16918
2026-09-11T14:25:00+05:30,1541.8,1542,1540.6,1541.9,12424
2026-09-11T14:30:00+05:30,1541.2,1543.1,1541.2,1541.5,21795
2026-09-11T14:35:00+05:30,1542.1,1542.7,1541.1,1542.2,14484
2026-09-11T14:40:00+05:30,1542.4,1543,1541,1542.5,12829
2026-09-11T14:45:00+05:30,1542.5,1542.8,1540.7,1541.8,25120
2026-09-11T14:50:00+05:30,1541.7,1543.7,1541.5,1543.1,35179
2026-09-11T14:55:00+05:30,1542.8,1543.6,1541,1541.3,42687
2026-09-11T15:00:00+05:30,1541.3,1541.3,1538.6,1538.6,39601
2026-09-11T15:05:00+05:30,1539.1,1539.5,1538,1538.6,47410
2026-09-11T15:10:00+05:30,1538.7,1540.2,1535.9,1538.9,80450
2026-09-15T09:15:00+05:30,1588,1631.9,1587,1629.2,449300
2026-09-15T09:20:00+05:30,1628.7,1633.2,1620.1,1621.4,162137
2026-09-15T09:25:00+05:30,1621.8,1627.8,1618.1,1622.2,100648
2026-09-15T09:30:00+05:30,1622.6,1624.9,1618.8,1622.4,43856
