date,open,high,low,close,volume
2026-06-08T09:15:00+05:30,2740,2752.2,2719.8,2747,43360
2026-06-08T09:20:00+05:30,2748.4,2753.7,2734.4,2735,16957
2026-06-08T09:25:00+05:30,2734.3,2737.9,2726,2726.1,31763
2026-06-08T09:30:00+05:30,2726.7,2729.1,2720.8,2728.1,19953
2026-06-08T09:35:00+05:30,2728.9,2735.5,2725,2732.9,24408
2026-06-08T09:40:00+05:30,2733.4,2738.4,2732.9,2738.4,16188
2026-06-08T09:45:00+05:30,2739,2741.3,2736.4,2736.8,50105
2026-06-08T09:50:00+05:30,2737.1,2749,2726.5,2747.6,46998
2026-06-08T09:55:00+05:30,2748.4,2758.4,2748.4,2758.4,14804
2026-06-08T10:00:00+05:30,2757.6,2759,2751,2753,12239
2026-06-08T10:05:00+05:30,2753.7,2773.1,2745.9,2767,41298
2026-06-08T10:10:00+05:30,2767.9,2773,2757,2765.4,20754
2026-06-08T10:15:00+05:30,2765.2,2771,2762.2,2765.4,21995
2026-06-08T10:20:00+05:30,2766.4,2772.7,2760.8,2771.6,13147
2026-06-08T10:25:00+05:30,2771.6,2771.6,2768.5,2770,15691
2026-06-08T10:30:00+05:30,2770,2770.2,2762,2764.4,9907
2026-06-08T10:35:00+05:30,2764.4,2773,2762.1,2770.3,13566
2026-06-08T10:40:00+05:30,2770.3,2771.7,2764.3,2770.2,34517
2026-06-08T10:45:00+05:30,2770.2,2782.5,2769.2,2780.6,23473
2026-06-08T10:50:00+05:30,2781,2785,2780,2780.7,8256
2026-06-08T10:55:00+05:30,2781.4,2796.2,2780,2795,17536
2026-06-08T11:00:00+05:30,2795,2798,2786.1,2788.4,48305
2026-06-08T11:05:00+05:30,2788.4,2790.1,2782.2,2786,11647
2026-06-08T11:10:00+05:30,2785.9,2787.8,2781.5,2782.9,9792
2026-06-08T11:15:00+05:30,2782.9,2783.3,2775,2776.4,13354
2026-06-08T11:20:00+05:30,2776.3,2778.7,2775,2776.2,4974
2026-06-08T11:25:00+05:30,2775.9,2782.9,2772.4,2775.5,7511
2026-06-08T11:30:00+05:30,2775,2781,2775,2779,5882
2026-06-08T11:35:00+05:30,2778.6,2781.4,2776.6,2780.4,7116
2026-06-08T11:40:00+05:30,2780.4,2782.3,2779,2779.9,2525
2026-06-08T11:45:00+05:30,2779.6,2781.2,2775.6,2781,5330
2026-06-08T11:50:00+05:30,2781,2781.3,2777.9,2778.7,5981
2026-06-08T11:55:00+05:30,2778.7,2779,2775.5,2778,3100
2026-06-08T12:00:00+05:30,2778,2778,2772.1,2774.9,6145
2026-06-08T12:05:00+05:30,2774.9,2774.9,2771,2774.7,3597
2026-06-08T12:10:00+05:30,2774.7,2779.5,2772.1,2772.8,4082
2026-06-08T12:15:00+05:30,2772.8,2774.5,2771,2771.2,7890
2026-06-08T12:20:00+05:30,2771.2,2774.8,2771,2773.9,3099
2026-06-08T12:25:00+05:30,2773.9,2773.9,2770.3,2771.3,3905
2026-06-08T12:30:00+05:30,2771.3,2773.5,2766.4,2766.9,7901
2026-06-08T12:35:00+05:30,2767,2770.7,2766.2,2768.8,2891
2026-06-08T12:40:00+05:30,2768.7,2769.5,2766.5,2767.3,2818
2026-06-08T12:45:00+05:30,2768.3,2773.4,2767.4,2771.7,4203
2026-06-08T12:50:00+05:30,2772.3,2773.9,2770.7,2771.6,2785
2026-06-08T12:55:00+05:30,2772.3,2773.2,2770.9,2771,2296
2026-06-08T13:00:00+05:30,2770.4,2772.3,2762,2762.1,8322
2026-06-08T13:05:00+05:30,2762.7,2763.8,2759.2,2763.6,7773
2026-06-08T13:10:00+05:30,2763.4,2763.4,2759.8,2760.2,3129
2026-06-08T13:15:00+05:30,2760.5,2764.7,2760.2,2761,5393
2026-06-08T13:20:00+05:30,2761.3,2763.8,2760,2760.9,2251
2026-06-08T13:25:00+05:30,2760.9,2762.5,2755.2,2758,14307
2026-06-08T13:30:00+05:30,2758,2759.8,2751,2753.3,8894
2026-06-08T13:35:00+05:30,2753.3,2756.8,2751.4,2756,4961
2026-06-08T13:40:00+05:30,2757,2757.3,2751.6,2753,3912
2026-06-08T13:45:00+05:30,2753,2754.6,2751,2753.7,4990
2026-06-08T13:50:00+05:30,2753.8,2754.7,2751,2751.5,7320
2026-06-08T13:55:00+05:30,2751.7,2754,2750.6,2753.7,3189
2026-06-08T14:00:00+05:30,2753.2,2755.4,2751.2,2751.8,5079
2026-06-08T14:05:00+05:30,2752,2754.3,2751,2751.7,3615
2026-06-08T14:10:00+05:30,2751.8,2756.2,2751.5,2752,7145
2026-06-08T14:15:00+05:30,2752.1,2753.3,2747.8,2752.5,6295
2026-06-08T14:20:00+05:30,2752.6,2752.9,2744.1,2747,8125
2026-06-08T14:25:00+05:30,2745.5,2747.7,2742.4,2742.9,7354
2026-06-08T14:30:00+05:30,2742.8,2744.7,2741,2742.6,5167
2026-06-08T14:35:00+05:30,2742.5,2744.3,2740.2,2740.7,3066
2026-06-08T14:40:00+05:30,2740.5,2745,2739,2745,5335
2026-06-08T14:45:00+05:30,2744.4,2745.9,2743,2744.8,7917
2026-06-08T14:50:00+05:30,2744.3,2746.4,2738.5,2738.5,12704
2026-06-08T14:55:00+05:30,2739.8,2744.4,2735.4,2743.9,12529
2026-06-08T15:00:00+05:30,2743.9,2743.9,2726.4,2726.4,25734
2026-06-08T15:05:00+05:30,2727.1,2730.6,2725.1,2730.6,19464
2026-06-08T15:10:00+05:30,2729.1,2729.6,2725,2726,13060
2026-06-08T15:15:00+05:30,2726,2727.5,2723.1,2724,14599
2026-06-08T15:20:00+05:30,2724,2724.4,2714,2714.5,28088
2026-06-08T15:25:00+05:30,2714.5,2714.6,2708.5,2711.9,16872
2026-06-09T09:15:00+05:30,2731.2,2796,2731.2,2793.7,63560
2026-06-09T09:20:00+05:30,2794,2802,2790.5,2802,69806
2026-06-09T09:25:00+05:30,2801,2803.8,2782,2782.5,49010
2026-06-09T09:30:00+05:30,2782.5,2791.8,2781.1,2786.3,30706
2026-06-09T09:35:00+05:30,2785.9,2785.9,2774,2775.8,23614
2026-06-09T09:40:00+05:30,2775.1,2775.8,2765.1,2766.8,25486
2026-06-09T09:45:00+05:30,2766.8,2768,2759,2759.6,21432
2026-06-09T09:50:00+05:30,2760,2771.5,2759,2770.3,22561
2026-06-09T09:55:00+05:30,2770.3,2770.3,2762.1,2766,20535
2026-06-09T10:00:00+05:30,2765.4,2782,2765.4,2779.2,23314
2026-06-09T10:05:00+05:30,2777.8,2780,2768.1,2771.6,14072
2026-06-09T10:10:00+05:30,2771.6,2782.6,2771.6,2780,83157
2026-06-09T10:15:00+05:30,2779.5,2789.9,2779.5,2784,46004
2026-06-09T10:20:00+05:30,2784,2790.9,2779.4,2789.5,95305
2026-06-09T10:25:00+05:30,2789,2796.2,2787,2792.6,26683
2026-06-09T10:30:00+05:30,2792.6,2793.5,2785,2786.6,14421
2026-06-09T10:35:00+05:30,2786.6,2789.5,2783,2786.4,9857
2026-06-09T10:40:00+05:30,2786.4,2791.9,2785.1,2788,6485
2026-06-09T10:45:00+05:30,2788.6,2789.8,2785,2785,5056
2026-06-09T10:50:00+05:30,2785,2788.4,2784,2788.3,7621
2026-06-09T10:55:00+05:30,2788.4,2789.2,2786.1,2786.5,5979
2026-06-09T11:00:00+05:30,2786.5,2791.9,2785.1,2791.9,11243
2026-06-09T11:05:00+05:30,2792,2793.4,2779.6,2781.1,58855
2026-06-09T11:10:00+05:30,2781.1,2781.9,2777.3,2778.9,34495
2026-06-09T11:15:00+05:30,2778.9,2779.9,2772.3,2778.7,10827
2026-06-09T11:20:00+05:30,2778.7,2779,2752.2,2756,32781
2026-06-09T11:25:00+05:30,2756,2761.2,2752.1,2758.5,18109
2026-06-09T11:30:00+05:30,2758.5,2760,2740.3,2751.7,23728
2026-06-09T11:35:00+05:30,2751.7,2758.8,2750.9,2757.8,10349
2026-06-09T11:40:00+05:30,2757.8,2762,2756,2761.8,18438
2026-06-09T11:45:00+05:30,2761.8,2772.9,2759.2,2768.8,14835
2026-06-09T11:50:00+05:30,2768.6,2768.7,2763.7,2765.3,8041
2026-06-09T11:55:00+05:30,2765.3,2766,2764.2,2766,2926
2026-06-09T12:00:00+05:30,2766,2769,2764.5,2766.6,8556
2026-06-09T12:05:00+05:30,2766.6,2767.7,2762.4,2766.8,4415
2026-06-09T12:10:00+05:30,2766.8,2767,2764,2766.3,3549
2026-06-09T12:15:00+05:30,2766.3,2769.8,2765.5,2766.2,4201
2026-06-09T12:20:00+05:30,2766.7,2769.7,2763.7,2766.2,6455
2026-06-09T12:25:00+05:30,2766.2,2776.8,2763,2776.7,12682
2026-06-09T12:30:00+05:30,2775.6,2784.7,2775.6,2778.4,18464
2026-06-09T12:35:00+05:30,2778.4,2780,2775.3,2776.3,10206
2026-06-09T12:40:00+05:30,2775.4,2778.7,2772.3,2775,9458
2026-06-09T12:45:00+05:30,2774.9,2778.4,2772.7,2775.5,9326
2026-06-09T12:50:00+05:30,2775.5,2776,2771.2,2773.4,9748
2026-06-09T12:55:00+05:30,2773.5,2774.6,2766.5,2766.5,10372
2026-06-09T13:00:00+05:30,2766.5,2770,2766.5,2768.6,6785
2026-06-09T13:05:00+05:30,2768.6,2769.5,2767,2768.1,7326
2026-06-09T13:10:00+05:30,2768,2770,2765.3,2770,7103
2026-06-09T13:15:00+05:30,2770,2773.4,2770,2771.6,8441
2026-06-09T13:20:00+05:30,2771.6,2772.5,2768.4,2769,8817
2026-06-09T13:25:00+05:30,2769,2771,2760.2,2765.8,12333
2026-06-09T13:30:00+05:30,2765.8,2765.8,2760.5,2763.8,9807
2026-06-09T13:35:00+05:30,2763.8,2766,2761.7,2764.1,8202
2026-06-09T13:40:00+05:30,2765.4,2768.9,2763,2767.3,10518
2026-06-09T13:45:00+05:30,2767.3,2768.5,2765,2767.3,6795
2026-06-09T13:50:00+05:30,2767.3,2768.4,2762.7,2764.5,7189
2026-06-09T13:55:00+05:30,2764.5,2764.9,2760,2764.5,8821
2026-06-09T14:00:00+05:30,2764.5,2765,2755.1,2760.4,24359
2026-06-09T14:05:00+05:30,2760.4,2764.7,2760,2762.8,7589
2026-06-09T14:10:00+05:30,2762.8,2763.9,2761.1,2763.6,7116
2026-06-09T14:15:00+05:30,2763.5,2764.7,2761,2764.2,8222
2026-06-09T14:20:00+05:30,2764.2,2764.5,2761,2762.4,7732
2026-06-09T14:25:00+05:30,2762.4,2763.7,2760,2763.7,8825
2026-06-09T14:30:00+05:30,2763.7,2775.8,2761.2,2774.5,18867
2026-06-09T14:35:00+05:30,2774.5,2781,2771.6,2780,22455
2026-06-09T14:40:00+05:30,2780,2780.9,2776.8,2778,10045
2026-06-09T14:45:00+05:30,2778.1,2778.6,2776.1,2777.6,12791
2026-06-09T14:50:00+05:30,2777.5,2783.5,2776.2,2780.9,20682
2026-06-09T14:55:00+05:30,2781.8,2784.2,2780,2782,12313
2026-06-09T15:00:00+05:30,2782,2782,2770.4,2773.6,41528
2026-06-09T15:05:00+05:30,2773.6,2778.3,2773.3,2775.1,31164
2026-06-09T15:10:00+05:30,2775.3,2776.7,2771.3,2772.2,34184
2026-06-09T15:15:00+05:30,2772.9,2773.5,2767,2770.4,41393
2026-06-09T15:20:00+05:30,2770.4,2771.2,2765.4,2767.2,40695
2026-06-09T15:25:00+05:30,2767.2,2769.9,2763,2766.7,26588
2026-06-10T09:15:00+05:30,2785.2,2805,2777,2796,52859
2026-06-10T09:20:00+05:30,2796,2799.8,2789.8,2798.5,28096
2026-06-10T09:25:00+05:30,2798,2799,2793.7,2797.6,20159
2026-06-10T09:30:00+05:30,2798,2812,2795,2812,60123
2026-06-10T09:35:00+05:30,2810.8,2813,2794.5,2797.2,52232
2026-06-10T09:40:00+05:30,2794.2,2802.8,2786.7,2792.2,64466
2026-06-10T09:45:00+05:30,2792.2,2805,2790.1,2803.5,34774
2026-06-10T09:50:00+05:30,2803.9,2814.9,2803.5,2806.2,56022
2026-06-10T09:55:00+05:30,2806.2,2810,2804,2805,31097
2026-06-10T10:00:00+05:30,2805,2810,2803.9,2809,15397
2026-06-10T10:05:00+05:30,2809,2810,2807,2808.6,6875
2026-06-10T10:10:00+05:30,2809,2810,2803.7,2805.9,42029
2026-06-10T10:15:00+05:30,2805.9,2810,2801.8,2807.4,30484
2026-06-10T10:20:00+05:30,2808.4,2814.7,2808.4,2811,19152
2026-06-10T10:25:00+05:30,2811.9,2811.9,2800.5,2807,18485
2026-06-10T10:30:00+05:30,2807.2,2814,2806.8,2813.8,7870
2026-06-10T10:35:00+05:30,2814,2818,2812.8,2815,37061
2026-06-10T10:40:00+05:30,2814.6,2819,2810.1,2819,28228
2026-06-10T10:45:00+05:30,2819,2819,2811.9,2813.9,15220
2026-06-10T10:50:00+05:30,2812.1,2822.8,2812.1,2820.9,20925
2026-06-10T10:55:00+05:30,2820.9,2829.9,2820.1,2828.6,33365
2026-06-10T11:00:00+05:30,2828.6,2845.5,2827.6,2842.3,73489
2026-06-10T11:05:00+05:30,2842.3,2843,2829,2830,43363
2026-06-10T11:10:00+05:30,2830.6,2831.7,2825,2826.4,20555
2026-06-10T11:15:00+05:30,2826.4,2830.2,2824,2827.5,11131
2026-06-10T11:20:00+05:30,2826.9,2833.8,2826.9,2832.9,13816
2026-06-10T11:25:00+05:30,2833,2834,2830.2,2832.9,8398
2026-06-10T11:30:00+05:30,2832.9,2832.9,2821.5,2829,14903
2026-06-10T11:35:00+05:30,2829,2830.4,2824.2,2827,8809
2026-06-10T11:40:00+05:30,2827,2828.5,2825,2825.4,4997
2026-06-10T11:45:00+05:30,2825.1,2833.7,2825.1,2832.2,26334
2026-06-10T11:50:00+05:30,2832.2,2835.6,2830,2832.3,10741
2026-06-10T11:55:00+05:30,2830.9,2833.9,2830,2831,8923
2026-06-10T12:00:00+05:30,2831.8,2831.8,2820,2823.8,16039
2026-06-10T12:05:00+05:30,2823.8,2824.2,2820.3,2821.9,4965
2026-06-10T12:10:00+05:30,2821.9,2824.3,2820.2,2823,5976
2026-06-10T12:15:00+05:30,2823,2824.9,2801.1,2802.3,25499
2026-06-10T12:20:00+05:30,2802.3,2802.3,2787.6,2797,47034
2026-06-10T12:25:00+05:30,2797.2,2799,2794.1,2796.7,18703
2026-06-10T12:30:00+05:30,2796.7,2801,2793.3,2800.1,26662
2026-06-10T12:35:00+05:30,2800.1,2804.1,2800.1,2802.8,16127
2026-06-10T12:40:00+05:30,2802.8,2803.6,2790.5,2791.2,18558
2026-06-10T12:45:00+05:30,2791.2,2791.2,2782.8,2784.7,25828
2026-06-10T12:50:00+05:30,2784.7,2789.5,2784.6,2787.8,6337
2026-06-10T12:55:00+05:30,2787.8,2788.4,2782.8,2786.8,6412
2026-06-10T13:00:00+05:30,2784.9,2789.9,2782.1,2789,8827
2026-06-10T13:05:00+05:30,2789.8,2789.8,2784.2,2785.9,8136
2026-06-10T13:10:00+05:30,2785.9,2788.2,2783.1,2787.2,5390
2026-06-10T13:15:00+05:30,2787.2,2788.1,2784.3,2785.3,4065
2026-06-10T13:20:00+05:30,2785.9,2786.6,2781,2781,7009
2026-06-10T13:25:00+05:30,2781.9,2786.9,2780,2785.5,7700
2026-06-10T13:30:00+05:30,2785.9,2787.5,2780,2782,8086
2026-06-10T13:35:00+05:30,2782,2782,2778,2778,7850
2026-06-10T13:40:00+05:30,2778,2780.5,2772.9,2776.5,10567
2026-06-10T13:45:00+05:30,2776.8,2779.8,2775.8,2778.5,10022
2026-06-10T13:50:00+05:30,2778.5,2788.4,2778,2785.5,12596
2026-06-10T13:55:00+05:30,2786.8,2788.5,2782.9,2786.5,13210
2026-06-10T14:00:00+05:30,2786.5,2789,2778.3,2785.1,21381
2026-06-10T14:05:00+05:30,2785.1,2790.7,2784.1,2787.2,11001
2026-06-10T14:10:00+05:30,2787.2,2787.9,2782.8,2786.2,11503
2026-06-10T14:15:00+05:30,2786,2789.8,2784,2786,15122
2026-06-10T14:20:00+05:30,2786,2790,2785,2787.4,13540
2026-06-10T14:25:00+05:30,2788,2790,2780.4,2783,13199
2026-06-10T14:30:00+05:30,2783,2786.5,2780.7,2784,13570
2026-06-10T14:35:00+05:30,2784,2787.9,2773.6,2774.4,13785
2026-06-10T14:40:00+05:30,2774.8,2776.4,2764.1,2765.4,21902
2026-06-10T14:45:00+05:30,2766.4,2769.5,2763,2765.4,17750
2026-06-10T14:50:00+05:30,2765.4,2766.8,2762.6,2766,15874
2026-06-10T14:55:00+05:30,2766,2769.2,2762.2,2766.3,17501
2026-06-10T15:00:00+05:30,2766.9,2767.7,2761,2764.1,21804
2026-06-10T15:05:00+05:30,2763.9,2765.1,2753.9,2758.2,32696
2026-06-10T15:10:00+05:30,2758.2,2758.9,2753.2,2754.4,24493
2026-06-10T15:15:00+05:30,2753,2753,2745.2,2751.9,23590
2026-06-10T15:20:00+05:30,2752.6,2752.8,2746,2750.8,33746
2026-06-10T15:25:00+05:30,2750,2758.8,2743.3,2747,22060
2026-06-11T09:15:00+05:30,2748,2750,2692.4,2698.1,47006
2026-06-11T09:20:00+05:30,2699.5,2712.8,2696,2708.8,36718
2026-06-11T09:25:00+05:30,2708.6,2711,2701,2708.9,20888
2026-06-11T09:30:00+05:30,2708.9,2709.9,2696.9,2697.7,18382
2026-06-11T09:35:00+05:30,2697.5,2710.2,2696.6,2710.2,14605
2026-06-11T09:40:00+05:30,2709.1,2711.1,2702.4,2709.1,12362
2026-06-11T09:45:00+05:30,2708.1,2710,2701.2,2702.4,10334
2026-06-11T09:50:00+05:30,2702.3,2708,2700,2702.4,11778
2026-06-11T09:55:00+05:30,2702.4,2704.3,2697,2700.7,11327
2026-06-11T10:00:00+05:30,2700.1,2706.4,2696.3,2696.7,8644
2026-06-11T10:05:00+05:30,2697.2,2703,2695,2701,7947
2026-06-11T10:10:00+05:30,2701,2705.2,2699.5,2700,8679
2026-06-11T10:15:00+05:30,2700,2703.3,2698,2702.6,4465
2026-06-11T10:20:00+05:30,2703.3,2707,2700.4,2706.6,10323
2026-06-11T10:25:00+05:30,2706.6,2709,2704.9,2706.5,3882
2026-06-11T10:30:00+05:30,2706.7,2707.3,2700.2,2706.2,6265
2026-06-11T10:35:00+05:30,2706.2,2708.5,2703.6,2705,4523
2026-06-11T10:40:00+05:30,2705,2709,2704,2706.6,7092
2026-06-11T10:45:00+05:30,2706.5,2708.5,2701.8,2704.8,3836
2026-06-11T10:50:00+05:30,2704.8,2704.8,2690.1,2692.3,17402
2026-06-11T10:55:00+05:30,2692.3,2693.8,2685.5,2688,16044
2026-06-11T11:00:00+05:30,2688,2688.5,2680,2682.2,21418
2026-06-11T11:05:00+05:30,2683.2,2689.2,2682.6,2688.2,10606
2026-06-11T11:10:00+05:30,2688.4,2688.4,2681.7,2685,8597
2026-06-11T11:15:00+05:30,2685.2,2693.7,2685,2690.8,16496
2026-06-11T11:20:00+05:30,2691.1,2704.5,2688.6,2703.9,28239
2026-06-11T11:25:00+05:30,2703.5,2711.5,2701.6,2709.6,23415
2026-06-11T11:30:00+05:30,2709.8,2711.6,2705,2706.9,14135
2026-06-11T11:35:00+05:30,2706.8,2708.9,2701.8,2707.7,19739
2026-06-11T11:40:00+05:30,2707.6,2716,2706.4,2714.3,13220
2026-06-11T11:45:00+05:30,2715,2728.8,2713,2725.3,37954
2026-06-11T11:50:00+05:30,2725.9,2728.5,2722.3,2722.8,26417
2026-06-11T11:55:00+05:30,2723.6,2723.7,2716.2,2716.4,6105
2026-06-11T12:00:00+05:30,2716.4,2717.4,2710.1,2710.8,8983
2026-06-11T12:05:00+05:30,2710.8,2714.9,2705.7,2705.7,16022
2026-06-11T12:10:00+05:30,2706.8,2709,2703.2,2705.7,10494
2026-06-11T12:15:00+05:30,2705.7,2711.4,2705.7,2708.8,4871
2026-06-11T12:20:00+05:30,2708.8,2714.9,2689.6,2696.1,23522
2026-06-11T12:25:00+05:30,2696.1,2718.2,2695,2713.7,28360
2026-06-11T12:30:00+05:30,2713.7,2717.6,2713.3,2713.9,4826
2026-06-11T12:35:00+05:30,2714.1,2719.5,2710,2716,10969
2026-06-11T12:40:00+05:30,2717.5,2719.6,2717.3,2719.1,3488
2026-06-11T12:45:00+05:30,2718,2719.4,2709.5,2710.7,11003
2026-06-11T12:50:00+05:30,2710.1,2716.4,2710.1,2713.5,3771
2026-06-11T12:55:00+05:30,2713.5,2716.7,2712.1,2715,2610
2026-06-11T13:00:00+05:30,2715,2717,2712.5,2713.9,3054
2026-06-11T13:05:00+05:30,2714.6,2715.4,2711.5,2712.5,2610
2026-06-11T13:10:00+05:30,2713.2,2714.4,2706.2,2707.2,3697
2026-06-11T13:15:00+05:30,2708.6,2709.9,2703.3,2709.4,15255
2026-06-11T13:20:00+05:30,2709.6,2711.6,2705.1,2709.8,3646
2026-06-11T13:25:00+05:30,2710.3,2719,2705,2718.9,7877
2026-06-11T13:30:00+05:30,2719,2723,2717.4,2720.3,12313
2026-06-11T13:35:00+05:30,2720.4,2723,2719.1,2719.7,7747
2026-06-11T13:40:00+05:30,2719.7,2723.3,2718.8,2722,9991
2026-06-11T13:45:00+05:30,2722.7,2726.8,2720.8,2723.3,10990
2026-06-11T13:50:00+05:30,2723.4,2725,2722.1,2725,9585
2026-06-11T13:55:00+05:30,2724.3,2727,2723,2725.1,7605
2026-06-11T14:00:00+05:30,2724.6,2729,2724,2725.7,10154
2026-06-11T14:05:00+05:30,2726,2726.9,2722.1,2722.9,8488
2026-06-11T14:10:00+05:30,2723.8,2726.5,2721.8,2723.3,9675
2026-06-11T14:15:00+05:30,2724.7,2725.2,2716.6,2718.1,9517
2026-06-11T14:20:00+05:30,2719.2,2722.1,2717.4,2718.5,8393
2026-06-11T14:25:00+05:30,2719,2726,2718.4,2722,10219
2026-06-11T14:30:00+05:30,2722.8,2724.9,2719,2723.2,9316
2026-06-11T14:35:00+05:30,2723.2,2723.7,2715.4,2715.9,9508
2026-06-11T14:40:00+05:30,2716.6,2717.7,2713.2,2715.9,11150
2026-06-11T14:45:00+05:30,2715.9,2716.6,2708,2715,10816
2026-06-11T14:50:00+05:30,2715,2715,2709.9,2713,9167
2026-06-11T14:55:00+05:30,2713,2717.8,2709,2715.3,12144
2026-06-11T15:00:00+05:30,2717,2717,2705,2706.1,20897
2026-06-11T15:05:00+05:30,2705.3,2708.6,2705,2705.1,16556
2026-06-11T15:10:00+05:30,2707.2,2714,2705,2712.4,18160
2026-06-11T15:15:00+05:30,2712.4,2714.5,2708.9,2712.2,19675
2026-06-11T15:20:00+05:30,2712.2,2717.4,2710.8,2712.3,30037
2026-06-11T15:25:00+05:30,2712.3,2723.4,2710.1,2721,23744
2026-06-12T09:15:00+05:30,2758,2783.9,2751,2765.3,40036
2026-06-12T09:20:00+05:30,2766.6,2768.6,2761.7,2764.6,12548
2026-06-12T09:25:00+05:30,2765.5,2769.5,2763.9,2764.8,6572
2026-06-12T09:30:00+05:30,2763.9,2767.9,2760,2767.9,12527
2026-06-12T09:35:00+05:30,2766.7,2767,2759,2761.9,7311
2026-06-12T09:40:00+05:30,2762.5,2765.6,2755,2757.8,10383
2026-06-12T09:45:00+05:30,2757.8,2761.8,2756,2761.6,7506
2026-06-12T09:50:00+05:30,2761.6,2765.9,2750,2751.5,14859
2026-06-12T09:55:00+05:30,2750.8,2752,2748,2751.1,6760
2026-06-12T10:00:00+05:30,2751.8,2751.8,2746.1,2749.2,2951
2026-06-12T10:05:00+05:30,2749.9,2754.4,2749.7,2750.4,4263
2026-06-12T10:10:00+05:30,2751.5,2752,2747.7,2750.3,2849
2026-06-12T10:15:00+05:30,2751.5,2752,2740.5,2743.2,8570
2026-06-12T10:20:00+05:30,2743,2750,2741.9,2749,3565
2026-06-12T10:25:00+05:30,2748.8,2752,2745.5,2746.5,2109
2026-06-12T10:30:00+05:30,2746.1,2748,2743,2744.8,4160
2026-06-12T10:35:00+05:30,2744.8,2747.9,2743.6,2746.7,1259
2026-06-12T10:40:00+05:30,2746.7,2747.4,2742.3,2742.9,1591
2026-06-12T10:45:00+05:30,2744,2744.8,2741.1,2742.7,2196
2026-06-12T10:50:00+05:30,2742.7,2745,2741.5,2745,3183
2026-06-12T10:55:00+05:30,2744.1,2746.8,2743,2745.7,2400
2026-06-12T11:00:00+05:30,2745.7,2745.7,2741,2742.5,2719
2026-06-12T11:05:00+05:30,2742.5,2743,2734,2740.3,6234
2026-06-12T11:10:00+05:30,2740.3,2743.7,2739.1,2741.3,3875
2026-06-12T11:15:00+05:30,2740.8,2741.5,2737.3,2740.6,2854
2026-06-12T11:20:00+05:30,2740.8,2750.3,2738.5,2744.8,12376
2026-06-12T11:25:00+05:30,2745.6,2746.3,2741.2,2743.5,4096
2026-06-12T11:30:00+05:30,2743.5,2749.9,2743.1,2748.2,4029
2026-06-12T11:35:00+05:30,2748.2,2748.7,2745.4,2748,1894
2026-06-12T11:40:00+05:30,2748,2748,2746,2746.7,793
2026-06-12T11:45:00+05:30,2746.5,2748.5,2745.8,2746.9,1430
2026-06-12T11:50:00+05:30,2746.9,2750,2746.8,2749,1982
2026-06-12T11:55:00+05:30,2748.7,2748.7,2742.4,2743.4,3928
2026-06-12T12:00:00+05:30,2743.4,2744,2740.2,2743.1,5369
2026-06-12T12:05:00+05:30,2743.1,2743.6,2739,2739.8,5821
2026-06-12T12:10:00+05:30,2739.8,2740,2726.2,2729,7685
2026-06-12T12:15:00+05:30,2729,2733.1,2729,2732,5179
2026-06-12T12:20:00+05:30,2732,2734.7,2729.4,2730,3348
2026-06-12T12:25:00+05:30,2730,2734,2729.9,2733.5,4634
2026-06-12T12:30:00+05:30,2734.2,2734.3,2728.7,2728.9,7616
2026-06-12T12:35:00+05:30,2728.9,2729.4,2723.4,2725.4,5336
2026-06-12T12:40:00+05:30,2727,2727,2724,2725.5,2917
2026-06-12T12:45:00+05:30,2725.5,2728,2723.1,2723.7,4602
2026-06-12T12:50:00+05:30,2723.7,2726,2722.2,2724.8,3264
2026-06-12T12:55:00+05:30,2725.3,2728.6,2723.5,2726.1,2900
2026-06-12T13:00:00+05:30,2726.2,2729,2724.7,2728.2,2931
2026-06-12T13:05:00+05:30,2728.2,2729,2726,2727.9,2245
2026-06-12T13:10:00+05:30,2728.2,2729.7,2724.5,2727.5,3405
2026-06-12T13:15:00+05:30,2727.5,2730.4,2724.4,2725,5717
2026-06-12T13:20:00+05:30,2725,2726,2722.1,2724,5084
2026-06-12T13:25:00+05:30,2724,2736.2,2720.4,2735,8487
2026-06-12T13:30:00+05:30,2734.8,2735.6,2731.5,2734.4,3723
2026-06-12T13:35:00+05:30,2734.4,2743.9,2734.2,2743.7,5653
2026-06-12T13:40:00+05:30,2743.7,2745,2739.6,2742.8,5606
2026-06-12T13:45:00+05:30,2742.9,2744.9,2735.7,2735.7,12441
2026-06-12T13:50:00+05:30,2737.1,2745,2732.9,2741.6,18815
2026-06-12T13:55:00+05:30,2741.6,2743.7,2740.6,2742.3,5441
2026-06-12T14:00:00+05:30,2743.7,2749.5,2743,2746.7,9624
2026-06-12T14:05:00+05:30,2748,2748.9,2744.2,2748.2,2673
2026-06-12T14:10:00+05:30,2748.1,2751.9,2746.2,2750,13900
2026-06-12T14:15:00+05:30,2750,2751.5,2747.2,2749.3,3810
2026-06-12T14:20:00+05:30,2749.8,2750,2746.9,2749,6071
2026-06-12T14:25:00+05:30,2749.1,2752,2747.1,2751.2,10052
2026-06-12T14:30:00+05:30,2751.3,2755,2748.9,2749.9,9207
2026-06-12T14:35:00+05:30,2750,2751.9,2747.2,2751.6,6119
2026-06-12T14:40:00+05:30,2751.9,2754.9,2747.7,2749.6,8205
2026-06-12T14:45:00+05:30,2749,2751.8,2748.5,2750,5620
2026-06-12T14:50:00+05:30,2751,2754.5,2749.4,2753.8,15992
2026-06-12T14:55:00+05:30,2753.8,2754.2,2747.7,2750.8,8889
2026-06-12T15:00:00+05:30,2750.5,2757.9,2746,2755.6,30636
2026-06-12T15:05:00+05:30,2755.6,2760.5,2754.7,2757.1,30012
2026-06-12T15:10:00+05:30,2757.1,2759,2753.4,2757.8,15548
2026-06-12T15:15:00+05:30,2757.5,2759.7,2754,2755.5,16384
2026-06-12T15:20:00+05:30,2755.5,2755.5,2751.4,2751.8,20498
2026-06-12T15:25:00+05:30,2751.8,2760,2751.8,2756,25994
2026-06-15T09:15:00+05:30,2791.3,2819.5,2791.3,2806.2,36279
2026-06-15T09:20:00+05:30,2807.8,2814,2805.1,2812,12130
2026-06-15T09:25:00+05:30,2813,2824.7,2810.2,2821.1,21858
2026-06-15T09:30:00+05:30,2822.3,2834.4,2820.8,2832.9,35197
2026-06-15T09:35:00+05:30,2833.7,2833.7,2818.7,2825.1,20281
2026-06-15T09:40:00+05:30,2825.1,2831.7,2825.1,2831.1,13238
2026-06-15T09:45:00+05:30,2828.1,2844,2826.4,2840.3,36167
2026-06-15T09:50:00+05:30,2840.3,2866.5,2835.9,2859.9,61341
2026-06-15T09:55:00+05:30,2859.6,2862,2853.9,2859.4,18899
2026-06-15T10:00:00+05:30,2860,2867.6,2859.1,2862.5,23789
2026-06-15T10:05:00+05:30,2863.2,2874.8,2858.8,2872.2,37702
2026-06-15T10:10:00+05:30,2874.5,2874.9,2862.5,2870.4,23948
2026-06-15T10:15:00+05:30,2870.5,2873.4,2860.5,2867.8,23360
2026-06-15T10:20:00+05:30,2868,2870,2865,2868.4,10213
2026-06-15T10:25:00+05:30,2864.7,2876.3,2863.8,2874.5,26888
2026-06-15T10:30:00+05:30,2875.9,2878,2872.3,2872.5,38268
2026-06-15T10:35:00+05:30,2873.5,2876.4,2870,2872.2,13747
2026-06-15T10:40:00+05:30,2872.9,2875,2871,2872.8,7474
2026-06-15T10:45:00+05:30,2873.9,2874,2860,2861.8,20802
2026-06-15T10:50:00+05:30,2861.9,2865.1,2857.6,2862,22515
2026-06-15T10:55:00+05:30,2863,2865.9,2860.7,2862.8,9702
2026-06-15T11:00:00+05:30,2863.6,2876.9,2861,2872.8,23442
2026-06-15T11:05:00+05:30,2872.6,2872.6,2865.9,2869.7,6308
2026-06-15T11:10:00+05:30,2869.7,2884.7,2868.6,2879.1,31966
2026-06-15T11:15:00+05:30,2878.7,2879,2874.4,2875.1,11146
2026-06-15T11:20:00+05:30,2875.2,2876,2872.4,2873.5,6510
2026-06-15T11:25:00+05:30,2873.5,2884,2873,2879.6,11200
2026-06-15T11:30:00+05:30,2878.8,2882,2874.2,2874.2,10758
2026-06-15T11:35:00+05:30,2874.5,2893.9,2873.7,2891.1,38092
2026-06-15T11:40:00+05:30,2891.1,2898.2,2889.3,2895.6,41139
2026-06-15T11:45:00+05:30,2895.6,2896.5,2893.4,2893.9,25429
2026-06-15T11:50:00+05:30,2893.9,2896,2888.2,2888.9,20351
2026-06-15T11:55:00+05:30,2889,2898,2888.4,2893,11387
2026-06-15T12:00:00+05:30,2893,2893,2888.2,2888.2,6525
2026-06-15T12:05:00+05:30,2888.2,2891.2,2886.5,2890.8,9933
2026-06-15T12:10:00+05:30,2890.8,2890.8,2887.5,2889,10720
2026-06-15T12:15:00+05:30,2888.6,2892,2886.5,2892,18588
2026-06-15T12:20:00+05:30,2892,2898.9,2891.4,2895.3,26062
2026-06-15T12:25:00+05:30,2895.3,2895.3,2891.9,2893.4,10345
2026-06-15T12:30:00+05:30,2893.4,2899.5,2893,2899.5,19999
2026-06-15T12:35:00+05:30,2899,2900,2896,2896.3,21604
2026-06-15T12:40:00+05:30,2896.4,2900,2895,2900,26601
2026-06-15T12:45:00+05:30,2900,2900.2,2896.2,2897.3,15242
2026-06-15T12:50:00+05:30,2897,2899.5,2895,2898,17958
2026-06-15T12:55:00+05:30,2898.2,2903.4,2896,2897.5,20010
2026-06-15T13:00:00+05:30,2897.5,2897.5,2891.6,2894.9,13666
2026-06-15T13:05:00+05:30,2894.8,2903.4,2893.8,2903.4,16370
2026-06-15T13:10:00+05:30,2903.5,2906.8,2900.5,2906.3,32879
2026-06-15T13:15:00+05:30,2906.6,2913.4,2905,2910.3,40723
2026-06-15T13:20:00+05:30,2910.3,2923.2,2908,2920,51654
2026-06-15T13:25:00+05:30,2920.5,2923.8,2915.5,2919.1,38348
2026-06-15T13:30:00+05:30,2918.4,2925,2917.3,2920.1,53290
2026-06-15T13:35:00+05:30,2920.1,2921,2917.9,2920.7,26118
2026-06-15T13:40:00+05:30,2919.7,2923,2917,2919.5,30482
2026-06-15T13:45:00+05:30,2919,2921.5,2915.6,2916.5,27720
2026-06-15T13:50:00+05:30,2917,2918.6,2914,2915.9,27680
2026-06-15T13:55:00+05:30,2915.9,2923.8,2910.7,2922.1,50347
2026-06-15T14:00:00+05:30,2922.5,2924.9,2921.1,2921.1,30240
2026-06-15T14:05:00+05:30,2922.2,2928.9,2921,2926.4,40677
2026-06-15T14:10:00+05:30,2926.6,2929.7,2925,2929,31999
2026-06-15T14:15:00+05:30,2929,2932.5,2927.5,2931.5,53558
2026-06-15T14:20:00+05:30,2930.4,2937.6,2930,2937.6,43033
2026-06-15T14:25:00+05:30,2937.3,2940.2,2935,2940.2,51055
2026-06-15T14:30:00+05:30,2940.2,2944.5,2937.6,2942.5,72347
2026-06-15T14:35:00+05:30,2942.4,2942.4,2931.1,2932.1,54786
2026-06-15T14:40:00+05:30,2932.9,2933,2926,2926,36721
2026-06-15T14:45:00+05:30,2926,2927,2920.1,2922,44169
2026-06-15T14:50:00+05:30,2922,2923.1,2915.3,2920.5,41798
2026-06-15T14:55:00+05:30,2920.5,2921,2915.3,2916.5,29701
2026-06-15T15:00:00+05:30,2916.5,2919,2900,2903.4,74434
2026-06-15T15:05:00+05:30,2903.4,2903.4,2898.2,2898.9,51224
2026-06-15T15:10:00+05:30,2898.9,2901.3,2893.8,2899.8,59929
2026-06-15T15:15:00+05:30,2900,2900.5,2898.4,2899.6,50139
2026-06-15T15:20:00+05:30,2899.7,2901.2,2897,2899.4,37917
2026-06-15T15:25:00+05:30,2899.4,2902.9,2897.8,2901.7,59908
2026-06-16T09:15:00+05:30,2915.5,2923.2,2901.7,2915.4,45572
2026-06-16T09:20:00+05:30,2915.4,2920,2910.2,2913,30686
2026-06-16T09:25:00+05:30,2913,2914.3,2898.1,2898.1,27432
2026-06-16T09:30:00+05:30,2898.9,2904.3,2896,2899.1,19246
2026-06-16T09:35:00+05:30,2899.4,2901.5,2890.9,2892.5,21847
2026-06-16T09:40:00+05:30,2891.7,2898,2887.8,2896,19951
2026-06-16T09:45:00+05:30,2896.7,2899.6,2890,2890.8,9029
2026-06-16T09:50:00+05:30,2890.8,2893.4,2888.3,2893.1,13203
2026-06-16T09:55:00+05:30,2891.9,2892.9,2875,2879.3,22231
2026-06-16T10:00:00+05:30,2879,2882.9,2876.1,2877.4,17300
2026-06-16T10:05:00+05:30,2877.4,2891.7,2877.3,2890.5,28016
2026-06-16T10:10:00+05:30,2890.5,2898.7,2890,2895.4,21297
2026-06-16T10:15:00+05:30,2895.4,2899.8,2892.8,2895.3,12251
2026-06-16T10:20:00+05:30,2895.3,2898.4,2894,2894.5,5963
2026-06-16T10:25:00+05:30,2895,2898,2892.5,2897,5471
2026-06-16T10:30:00+05:30,2897,2912.4,2894.7,2909.9,30468
2026-06-16T10:35:00+05:30,2909.9,2909.9,2903.1,2903.7,8808
2026-06-16T10:40:00+05:30,2903.7,2904.6,2901,2904.6,5627
2026-06-16T10:45:00+05:30,2903.9,2906,2902.1,2905.4,5722
2026-06-16T10:50:00+05:30,2905.5,2905.5,2901.6,2903.4,3527
2026-06-16T10:55:00+05:30,2903.4,2904.7,2901,2901.9,5157
2026-06-16T11:00:00+05:30,2901.9,2905,2886.8,2886.8,26004
2026-06-16T11:05:00+05:30,2887.4,2891.4,2886.4,2887.7,11624
2026-06-16T11:10:00+05:30,2887.7,2888,2885.2,2887.5,6763
2026-06-16T11:15:00+05:30,2886.7,2889.8,2885.9,2887,9161
2026-06-16T11:20:00+05:30,2886.6,2891.9,2886,2891.9,4489
2026-06-16T11:25:00+05:30,2891.4,2893,2888,2888.5,4661
2026-06-16T11:30:00+05:30,2888.5,2890,2886,2888.9,4428
2026-06-16T11:35:00+05:30,2888.7,2891.6,2886,2889.9,3055
2026-06-16T11:40:00+05:30,2889.9,2890.1,2887.5,2889,1771
2026-06-16T11:45:00+05:30,2889,2891.2,2886,2889,6591
2026-06-16T11:50:00+05:30,2889,2898.9,2888,2897.7,8577
2026-06-16T11:55:00+05:30,2897.9,2899,2893.3,2898.1,12739
2026-06-16T12:00:00+05:30,2898.1,2901.9,2890.2,2892.2,20001
2026-06-16T12:05:00+05:30,2892.2,2896.5,2890.6,2895.4,3275
2026-06-16T12:10:00+05:30,2895.7,2896.7,2891.3,2891.4,6010
2026-06-16T12:15:00+05:30,2891.4,2892.2,2888.8,2889.7,2759
2026-06-16T12:20:00+05:30,2889.7,2892.5,2886.6,2891,4293
2026-06-16T12:25:00+05:30,2891,2894.6,2888.3,2892.2,3964
2026-06-16T12:30:00+05:30,2892.2,2895,2890,2891.9,2627
2026-06-16T12:35:00+05:30,2891.9,2893.2,2888.9,2891.9,2654
2026-06-16T12:40:00+05:30,2891.9,2891.9,2887.7,2889.1,1849
2026-06-16T12:45:00+05:30,2889.1,2890.9,2886.6,2888.3,5509
2026-06-16T12:50:00+05:30,2888.3,2888.7,2880.1,2883.4,7172
2026-06-16T12:55:00+05:30,2882.5,2884.9,2881.2,2883.6,5101
2026-06-16T13:00:00+05:30,2883.6,2885.5,2882.8,2885.4,3428
2026-06-16T13:05:00+05:30,2884.1,2886.6,2882.7,2886.4,3996
2026-06-16T13:10:00+05:30,2885.5,2894.9,2885.4,2893.7,5383
2026-06-16T13:15:00+05:30,2893.3,2893.9,2890,2891.9,3352
2026-06-16T13:20:00+05:30,2891,2898,2890.8,2896.1,6527
2026-06-16T13:25:00+05:30,2896.1,2899,2895.2,2898.3,2677
2026-06-16T13:30:00+05:30,2898.5,2900.4,2898.2,2900.4,3491
2026-06-16T13:35:00+05:30,2899.7,2900,2896.2,2897.7,4445
2026-06-16T13:40:00+05:30,2897.7,2900,2895.5,2899,4005
2026-06-16T13:45:00+05:30,2899,2899.8,2896.6,2899.8,1891
2026-06-16T13:50:00+05:30,2898.1,2899,2895.8,2897.2,2817
2026-06-16T13:55:00+05:30,2896.4,2898.9,2896.4,2897.6,1657
2026-06-16T14:00:00+05:30,2897,2898.3,2894.9,2896.8,3728
2026-06-16T14:05:00+05:30,2895.6,2898.6,2895.3,2898,5496
2026-06-16T14:10:00+05:30,2897.5,2902.6,2897.5,2900.1,11152
2026-06-16T14:15:00+05:30,2899.4,2900.6,2895.4,2896.3,5658
2026-06-16T14:20:00+05:30,2897.4,2897.4,2893.8,2895.4,4642
2026-06-16T14:25:00+05:30,2894.6,2896,2893.9,2895.2,2768
2026-06-16T14:30:00+05:30,2894.6,2896,2893.1,2895.8,2417
2026-06-16T14:35:00+05:30,2895,2896.7,2893.8,2895.7,5856
2026-06-16T14:40:00+05:30,2896.1,2897,2892,2896,10775
2026-06-16T14:45:00+05:30,2896,2901.9,2895.5,2901,12892
2026-06-16T14:50:00+05:30,2900.9,2903.7,2900,2903.6,31391
2026-06-16T14:55:00+05:30,2903.6,2904.5,2900,2902,8095
2026-06-16T15:00:00+05:30,2902,2903.6,2900,2900.2,16136
2026-06-16T15:05:00+05:30,2900.2,2901.6,2895.9,2896.8,30177
2026-06-16T15:10:00+05:30,2896.8,2897.7,2894.1,2894.1,15049
2026-06-16T15:15:00+05:30,2894.1,2901,2892.7,2895.9,32814
2026-06-16T15:20:00+05:30,2895.9,2898.2,2895,2897.4,22366
2026-06-16T15:25:00+05:30,2897.4,2898.9,2890.2,2897.6,18865
2026-06-17T09:15:00+05:30,2905,2933.9,2905,2928.4,53356
2026-06-17T09:20:00+05:30,2928.9,2960,2925,2957,146192
2026-06-17T09:25:00+05:30,2957,2962,2948.4,2959.4,142281
2026-06-17T09:30:00+05:30,2959.4,3001,2954,2999.8,403251
2026-06-17T09:35:00+05:30,3000,3012,2990.2,3004,225469
2026-06-17T09:40:00+05:30,3002.3,3004.8,2991.1,2992.2,65079
2026-06-17T09:45:00+05:30,2993,2998,2985,2992,85395
2026-06-17T09:50:00+05:30,2993,3002.9,2986,2993.7,126551
2026-06-17T09:55:00+05:30,2993.3,3001.4,2990.2,2990.2,47164
2026-06-17T10:00:00+05:30,2990.5,2993,2986,2991.3,36227
2026-06-17T10:05:00+05:30,2990.1,2998.6,2988.2,2992.9,25202
2026-06-17T10:10:00+05:30,2993.7,2999.8,2992,2993.7,52128
2026-06-17T10:15:00+05:30,2993.8,3006.8,2991.4,3004,74742
2026-06-17T10:20:00+05:30,3004.7,3010.8,3000.1,3010.6,75858
2026-06-17T10:25:00+05:30,3009.4,3015,3005,3005.7,90675
2026-06-17T10:30:00+05:30,3005.7,3014.1,3000.3,3009.5,62350
2026-06-17T10:35:00+05:30,3008.9,3014.5,3000,3011,47042
2026-06-17T10:40:00+05:30,3011,3018.1,3010.2,3017,56747
2026-06-17T10:45:00+05:30,3017,3019.9,3015,3016,49620
2026-06-17T10:50:00+05:30,3016.6,3029,3015,3027,113325
2026-06-17T10:55:00+05:30,3027,3028.5,3012.1,3018.7,81338
2026-06-17T11:00:00+05:30,3018,3038.8,3016.5,3037.4,107973
2026-06-17T11:05:00+05:30,3038,3038,3029.9,3031.7,43922
2026-06-17T11:10:00+05:30,3031.9,3032,3027.6,3028,24614
2026-06-17T11:15:00+05:30,3028,3030,3026.7,3027.8,20260
2026-06-17T11:20:00+05:30,3027.8,3034.8,3027.5,3032.4,28660
2026-06-17T11:25:00+05:30,3032.4,3035,3030.8,3034.6,38754
2026-06-17T11:30:00+05:30,3034.7,3050,3033.3,3047.9,125678
2026-06-17T11:35:00+05:30,3048,3049.7,3033.8,3036,62299
2026-06-17T11:40:00+05:30,3037,3049.4,3033.9,3049,67419
2026-06-17T11:45:00+05:30,3049,3049,3039.4,3047.4,38575
2026-06-17T11:50:00+05:30,3047.3,3052,3045.9,3047.9,87200
2026-06-17T11:55:00+05:30,3048.1,3051.8,3044.3,3047.2,62463
2026-06-17T12:00:00+05:30,3048.7,3054.9,3046.5,3049.3,75939
2026-06-17T12:05:00+05:30,3049.3,3050.4,3041.5,3046.9,75684
2026-06-17T12:10:00+05:30,3046.9,3053,3046.9,3048.9,28504
2026-06-17T12:15:00+05:30,3048.9,3052.5,3040.8,3041.9,46570
2026-06-17T12:20:00+05:30,3041.9,3045,3040.3,3042.9,20125
2026-06-17T12:25:00+05:30,3042.9,3043.1,3035,3038.2,53443
2026-06-17T12:30:00+05:30,3038.1,3039.3,3033.4,3035.9,35574
2026-06-17T12:35:00+05:30,3035.9,3044,3035.4,3041,39760
2026-06-17T12:40:00+05:30,3041,3044.9,3039.5,3043.5,26131
2026-06-17T12:45:00+05:30,3041.8,3047.9,3041.3,3047.8,30469
2026-06-17T12:50:00+05:30,3047.8,3057,3045,3045.1,107955
2026-06-17T12:55:00+05:30,3045.1,3050,3045,3046.6,30331
2026-06-17T13:00:00+05:30,3046.6,3048.7,3040.1,3041.5,42120
2026-06-17T13:05:00+05:30,3041.5,3045.1,3038.4,3038.4,46168
2026-06-17T13:10:00+05:30,3038,3045,3033.5,3044.1,47919
2026-06-17T13:15:00+05:30,3044.4,3053.1,3043.4,3048,71440
2026-06-17T13:20:00+05:30,3048.3,3049.2,3043.4,3049,36266
2026-06-17T13:25:00+05:30,3049,3051.7,3041.1,3046.1,32544
2026-06-17T13:30:00+05:30,3046,3046,3039,3041.8,29352
2026-06-17T13:35:00+05:30,3041.5,3044.2,3039.4,3040.7,23293
2026-06-17T13:40:00+05:30,3040.7,3042.8,3038.4,3040,31164
2026-06-17T13:45:00+05:30,3040,3045.1,3038.8,3043.6,34750
2026-06-17T13:50:00+05:30,3043.6,3045,3040.4,3043.9,28715
2026-06-17T13:55:00+05:30,3045,3045,3038.4,3040.2,34022
2026-06-17T14:00:00+05:30,3039.3,3043.1,3039.3,3041.6,25859
2026-06-17T14:05:00+05:30,3041.3,3043,3037,3042.7,31248
2026-06-17T14:10:00+05:30,3042.7,3062,3042.2,3061,166613
2026-06-17T14:15:00+05:30,3060.8,3068,3060.8,3066.3,119845
2026-06-17T14:20:00+05:30,3067,3078,3065.9,3071.5,171955
2026-06-17T14:25:00+05:30,3073,3077.5,3071,3076.1,64730
2026-06-17T14:30:00+05:30,3076.9,3077.3,3071,3074.6,49308
2026-06-17T14:35:00+05:30,3075,3080,3072.8,3078.8,70231
2026-06-17T14:40:00+05:30,3079.2,3082,3074.7,3080.6,60739
2026-06-17T14:45:00+05:30,3080.6,3093.4,3079.8,3091,142017
2026-06-17T14:50:00+05:30,3091.1,3094.7,3090,3092,91712
2026-06-17T14:55:00+05:30,3093.1,3096,3088.6,3090,96542
2026-06-17T15:00:00+05:30,3090.8,3097.8,3090.4,3096,81091
2026-06-17T15:05:00+05:30,3095.5,3099.5,3090,3098.5,99641
2026-06-17T15:10:00+05:30,3098.5,3099.9,3095.4,3099,95482
2026-06-17T15:15:00+05:30,3098,3110,3097.1,3102.5,228924
2026-06-17T15:20:00+05:30,3100.9,3113.9,3100.7,3109.3,150199
2026-06-17T15:25:00+05:30,3109.8,3115,3099,3099,100713
2026-06-18T09:15:00+05:30,3125,3149.2,3118.3,3132.1,369765
2026-06-18T09:20:00+05:30,3131.8,3137.6,3105,3117.1,148916
2026-06-18T09:25:00+05:30,3116.4,3135,3116,3131.3,53660
2026-06-18T09:30:00+05:30,3132.2,3143,3128,3141.5,91351
2026-06-18T09:35:00+05:30,3142.9,3144.1,3135.1,3142.5,37542
2026-06-18T09:40:00+05:30,3142,3142,3130.8,3131.8,39771
2026-06-18T09:45:00+05:30,3132.4,3151,3127.9,3150,79646
2026-06-18T09:50:00+05:30,3151,3164.4,3145.1,3160.8,143208
2026-06-18T09:55:00+05:30,3160.8,3169.9,3155,3169.9,72599
2026-06-18T10:00:00+05:30,3171.4,3173.7,3162.3,3166.5,97650
2026-06-18T10:05:00+05:30,3167.6,3169.6,3156,3166.8,74427
2026-06-18T10:10:00+05:30,3166.9,3169.5,3151.6,3160.8,79098
2026-06-18T10:15:00+05:30,3162,3170,3142,3147,86935
2026-06-18T10:20:00+05:30,3147.1,3157,3141,3152,49627
2026-06-18T10:25:00+05:30,3153,3153.3,3143.1,3147.3,29370
2026-06-18T10:30:00+05:30,3148.2,3148.2,3140,3144,37528
2026-06-18T10:35:00+05:30,3145,3157,3136,3153.5,69778
2026-06-18T10:40:00+05:30,3154.3,3164.1,3150.7,3158.5,54005
2026-06-18T10:45:00+05:30,3158.4,3159.9,3153,3157.9,24504
2026-06-18T10:50:00+05:30,3159,3176,3157.1,3174.9,111279
2026-06-18T10:55:00+05:30,3175,3182.7,3174.2,3180.1,100103
2026-06-18T11:00:00+05:30,3181,3192,3178,3180,141483
2026-06-18T11:05:00+05:30,3180.8,3185,3176.3,3184.5,62070
2026-06-18T11:10:00+05:30,3184.5,3189.9,3180.8,3181.3,66793
2026-06-18T11:15:00+05:30,3181.8,3182.4,3174.7,3176.2,49899
2026-06-18T11:20:00+05:30,3176.7,3180,3173.3,3178.4,23290
2026-06-18T11:25:00+05:30,3178.4,3185.7,3178.4,3182.9,29447
2026-06-18T11:30:00+05:30,3182.1,3185.3,3181.2,3183.8,22988
2026-06-18T11:35:00+05:30,3183.1,3183.8,3176.4,3177,24233
2026-06-18T11:40:00+05:30,3177.3,3183.2,3177.1,3179.9,17306
2026-06-18T11:45:00+05:30,3179.9,3180,3176.6,3178.4,9572
2026-06-18T11:50:00+05:30,3178,3178.5,3175,3177,16160
2026-06-18T11:55:00+05:30,3177.6,3177.6,3171.5,3176.5,24283
2026-06-18T12:00:00+05:30,3176.5,3185,3173.8,3181.5,26278
2026-06-18T12:05:00+05:30,3181.2,3182,3176,3179,10485
2026-06-18T12:10:00+05:30,3179,3179.9,3172,3174.7,24370
2026-06-18T12:15:00+05:30,3174.7,3175.1,3167.1,3169.7,26728
2026-06-18T12:20:00+05:30,3169.7,3181.7,3169,3179,26445
2026-06-18T12:25:00+05:30,3179,3179,3171.9,3175,14484
2026-06-18T12:30:00+05:30,3175,3177.3,3172,3174.7,15709
2026-06-18T12:35:00+05:30,3174.7,3177.3,3172.6,3173.3,11432
2026-06-18T12:40:00+05:30,3173.3,3175,3170.1,3172,9462
2026-06-18T12:45:00+05:30,3172,3176.2,3170.2,3173.8,17652
2026-06-18T12:50:00+05:30,3173.8,3176.5,3172.1,3174.9,7773
2026-06-18T12:55:00+05:30,3174.8,3175,3169.8,3172.8,13662
2026-06-18T13:00:00+05:30,3172.8,3173.5,3170.2,3171,14798
2026-06-18T13:05:00+05:30,3170.5,3174.1,3170.1,3172.5,12291
2026-06-18T13:10:00+05:30,3170.5,3170.9,3166.2,3170,24378
2026-06-18T13:15:00+05:30,3168.7,3170.6,3164.7,3166,16306
2026-06-18T13:20:00+05:30,3165,3166,3161,3163,24992
2026-06-18T13:25:00+05:30,3162.9,3166.8,3162.9,3165.5,10995
2026-06-18T13:30:00+05:30,3165,3182.3,3163.5,3179.6,54642
2026-06-18T13:35:00+05:30,3178.3,3184.5,3177.4,3181,62918
2026-06-18T13:40:00+05:30,3181,3189,3180,3183.5,84837
2026-06-18T13:45:00+05:30,3183.9,3186,3179.8,3180.7,30906
2026-06-18T13:50:00+05:30,3180.6,3185,3175.1,3177.3,39022
2026-06-18T13:55:00+05:30,3175.3,3180.9,3175.3,3178.3,22150
2026-06-18T14:00:00+05:30,3178,3179,3165.7,3170.5,48915
2026-06-18T14:05:00+05:30,3170.7,3175.5,3165,3166.4,24425
2026-06-18T14:10:00+05:30,3166.3,3170,3165,3165.3,24417
2026-06-18T14:15:00+05:30,3165.3,3167.9,3162.5,3163.9,29975
2026-06-18T14:20:00+05:30,3163,3168.9,3160.1,3167,42208
2026-06-18T14:25:00+05:30,3168,3168,3161,3164.4,30699
2026-06-18T14:30:00+05:30,3165.2,3175.9,3163.6,3175.1,41934
2026-06-18T14:35:00+05:30,3175.7,3177.4,3172.1,3174.1,22503
2026-06-18T14:40:00+05:30,3173.9,3177.2,3171.2,3175.3,20586
2026-06-18T14:45:00+05:30,3176.5,3178.9,3174,3175,31706
2026-06-18T14:50:00+05:30,3175.1,3182.8,3171,3171,58444
2026-06-18T14:55:00+05:30,3171,3175.8,3168.7,3175.1,33478
2026-06-18T15:00:00+05:30,3173.8,3180,3172.5,3178.3,43831
2026-06-18T15:05:00+05:30,3177,3181.8,3176.3,3180,39087
2026-06-18T15:10:00+05:30,3179.2,3184.1,3179,3181,66984
2026-06-18T15:15:00+05:30,3180.1,3181.7,3177,3180.1,71455
2026-06-18T15:20:00+05:30,3178.5,3182,3177.1,3180.5,59302
2026-06-18T15:25:00+05:30,3180.5,3184,3180,3180.6,43328
2026-06-19T09:15:00+05:30,3182,3193,3164.5,3187.3,74344
2026-06-19T09:20:00+05:30,3188.3,3206,3187.6,3196,111963
2026-06-19T09:25:00+05:30,3195.3,3197.2,3190.1,3191.3,35181
2026-06-19T09:30:00+05:30,3192,3199,3189,3195.1,43657
2026-06-19T09:35:00+05:30,3195.1,3200,3191.1,3193.5,21685
2026-06-19T09:40:00+05:30,3193.5,3195,3186,3193,34746
2026-06-19T09:45:00+05:30,3194.6,3198,3180.4,3181,41158
2026-06-19T09:50:00+05:30,3181,3182,3170,3173,62924
2026-06-19T09:55:00+05:30,3174.9,3184,3172,3183.9,30104
2026-06-19T10:00:00+05:30,3183.9,3185.4,3175,3180.1,23123
2026-06-19T10:05:00+05:30,3179.2,3179.4,3166,3167,21252
2026-06-19T10:10:00+05:30,3167,3176.4,3167,3176.4,10061
2026-06-19T10:15:00+05:30,3176.7,3181,3169.3,3169.3,18976
2026-06-19T10:20:00+05:30,3169.3,3172,3167,3167,8080
2026-06-19T10:25:00+05:30,3166.6,3171.2,3166,3167.3,8097
2026-06-19T10:30:00+05:30,3167.3,3172,3167.1,3168.8,6684
2026-06-19T10:35:00+05:30,3170,3172,3167.8,3168.8,6468
2026-06-19T10:40:00+05:30,3168.8,3174.8,3167.7,3174,9084
2026-06-19T10:45:00+05:30,3174,3174.7,3169,3170.6,4101
2026-06-19T10:50:00+05:30,3172,3172,3156.5,3161.5,27145
2026-06-19T10:55:00+05:30,3161.5,3169.8,3158.4,3168,14641
2026-06-19T11:00:00+05:30,3167.5,3168,3158.1,3158.4,9474
2026-06-19T11:05:00+05:30,3157.5,3158.8,3150,3154,19442
2026-06-19T11:10:00+05:30,3153.5,3155.6,3147.2,3150.9,11924
2026-06-19T11:15:00+05:30,3151.6,3153,3140,3144,24321
2026-06-19T11:20:00+05:30,3143.9,3149.2,3143,3145,10610
2026-06-19T11:25:00+05:30,3145.7,3150,3145,3148,12465
2026-06-19T11:30:00+05:30,3147.8,3158.5,3147,3155.9,18405
2026-06-19T11:35:00+05:30,3155.9,3157.5,3150,3150.3,5524
2026-06-19T11:40:00+05:30,3150.3,3153.4,3144,3151.7,16681
2026-06-19T11:45:00+05:30,3151.7,3151.7,3141.1,3143.8,15357
2026-06-19T11:50:00+05:30,3143.2,3149.9,3141.5,3145.6,16793
2026-06-19T11:55:00+05:30,3145.6,3154,3145,3154,8317
2026-06-19T12:00:00+05:30,3154,3160.7,3153,3155,8783
2026-06-19T12:05:00+05:30,3155.2,3159.5,3154.3,3156.4,4971
2026-06-19T12:10:00+05:30,3156.8,3158.4,3155,3157.2,4001
2026-06-19T12:15:00+05:30,3157.2,3159.9,3155,3156.5,5071
2026-06-19T12:20:00+05:30,3156.5,3159.7,3156,3157.9,4854
2026-06-19T12:25:00+05:30,3157.9,3159,3150,3150,5658
2026-06-19T12:30:00+05:30,3150,3150.7,3144.9,3145.1,7465
2026-06-19T12:35:00+05:30,3145.1,3147.5,3143.2,3145.7,4868
2026-06-19T12:40:00+05:30,3145.7,3148,3141.5,3145.2,9509
2026-06-19T12:45:00+05:30,3145.2,3148,3144.8,3147.3,5297
2026-06-19T12:50:00+05:30,3147.3,3153.8,3147.3,3151,8888
2026-06-19T12:55:00+05:30,3151,3153.6,3149,3150.1,5186
2026-06-19T13:00:00+05:30,3150.1,3152,3143,3149.5,31496
2026-06-19T13:05:00+05:30,3149.5,3153,3148.1,3152.8,4553
2026-06-19T13:10:00+05:30,3151.8,3152.7,3149.1,3151.8,3722
2026-06-19T13:15:00+05:30,3151.8,3152,3150,3150.1,2927
2026-06-19T13:20:00+05:30,3150.3,3151.1,3148.1,3150,4188
2026-06-19T13:25:00+05:30,3150,3154.4,3149.1,3151.5,6207
2026-06-19T13:30:00+05:30,3151.5,3153.5,3150,3153.3,3360
2026-06-19T13:35:00+05:30,3153.3,3154.1,3150,3150,5012
2026-06-19T13:40:00+05:30,3150.1,3153.7,3150,3152.6,4414
2026-06-19T13:45:00+05:30,3152.2,3153.3,3150.4,3152.9,4291
2026-06-19T13:50:00+05:30,3152.4,3152.4,3148,3149.9,4466
2026-06-19T13:55:00+05:30,3149,3155.9,3149,3154.2,4261
2026-06-19T14:00:00+05:30,3154.2,3156.2,3152.7,3156,5743
2026-06-19T14:05:00+05:30,3156.6,3164,3155,3162.2,31144
2026-06-19T14:10:00+05:30,3162.2,3168.2,3162,3166,23358
2026-06-19T14:15:00+05:30,3166,3171,3166,3170,15313
2026-06-19T14:20:00+05:30,3170,3174.9,3160,3160.4,67662
2026-06-19T14:25:00+05:30,3160.9,3181.6,3160,3179.1,41762
2026-06-19T14:30:00+05:30,3179.3,3184,3177.7,3179.1,22256
2026-06-19T14:35:00+05:30,3179,3183,3177.4,3179.8,24357
2026-06-19T14:40:00+05:30,3180.5,3181.9,3177,3177.4,17013
2026-06-19T14:45:00+05:30,3177.3,3177.4,3173,3175.4,18501
2026-06-19T14:50:00+05:30,3174.9,3175.2,3158.6,3162,26371
2026-06-19T14:55:00+05:30,3161.5,3161.8,3156.2,3160,22074
2026-06-19T15:00:00+05:30,3159.8,3198.2,3156.6,3195.9,262494
2026-06-19T15:05:00+05:30,3195.5,3213,3195.5,3210.1,250825
2026-06-19T15:10:00+05:30,3210.1,3217.9,3208.2,3210.5,184044
2026-06-19T15:15:00+05:30,3209.1,3213.1,3205.9,3212.2,174821
2026-06-19T15:20:00+05:30,3212.3,3214.9,3210.4,3213.7,188288
2026-06-19T15:25:00+05:30,3213.7,3218.8,3203,3203.5,137163
2026-06-22T09:15:00+05:30,3209.8,3237.6,3209.8,3237.6,104546
2026-06-22T09:20:00+05:30,3236.1,3241.8,3225.1,3228,60996
2026-06-22T09:25:00+05:30,3228.9,3232.9,3220,3226,57118
2026-06-22T09:30:00+05:30,3226,3228.7,3217,3219,36485
2026-06-22T09:35:00+05:30,3218.7,3219,3202,3204,44969
2026-06-22T09:40:00+05:30,3204,3216.7,3203.1,3213.5,23713
2026-06-22T09:45:00+05:30,3212.3,3213,3193,3208,56557
2026-06-22T09:50:00+05:30,3208.7,3218.9,3208,3217.8,25096
2026-06-22T09:55:00+05:30,3218.1,3225,3212.4,3212.8,26127
2026-06-22T10:00:00+05:30,3212.8,3214.7,3205.3,3208.3,18607
2026-06-22T10:05:00+05:30,3207,3210,3198.4,3200.3,19404
2026-06-22T10:10:00+05:30,3200.1,3209,3198.4,3205,17630
2026-06-22T10:15:00+05:30,3205,3207,3201,3203,11623
2026-06-22T10:20:00+05:30,3203,3204.5,3201,3201.3,6780
2026-06-22T10:25:00+05:30,3202.2,3202.2,3190.8,3194.6,20977
2026-06-22T10:30:00+05:30,3194.6,3195,3187,3192.2,16631
2026-06-22T10:35:00+05:30,3192.1,3194.9,3190.3,3194.8,9219
2026-06-22T10:40:00+05:30,3193.2,3194.7,3190,3194.1,8678
2026-06-22T10:45:00+05:30,3194.2,3199.1,3192.6,3197,8541
2026-06-22T10:50:00+05:30,3197,3200,3196,3196.1,9181
2026-06-22T10:55:00+05:30,3196.1,3197.8,3192.2,3195,9281
2026-06-22T11:00:00+05:30,3195,3195.5,3193,3194.5,3485
2026-06-22T11:05:00+05:30,3194.5,3197.6,3193.1,3195.5,5701
2026-06-22T11:10:00+05:30,3195.4,3195.5,3188,3192.9,13465
2026-06-22T11:15:00+05:30,3192.9,3210.2,3192,3203,31090
2026-06-22T11:20:00+05:30,3203,3203.5,3196,3198.8,11195
2026-06-22T11:25:00+05:30,3198.8,3203.3,3196.6,3201.3,5974
2026-06-22T11:30:00+05:30,3201.3,3204.9,3199.5,3202,9967
2026-06-22T11:35:00+05:30,3202,3206.4,3199.2,3205.1,10185
2026-06-22T11:40:00+05:30,3205,3205.7,3196.1,3199.2,13374
2026-06-22T11:45:00+05:30,3199.2,3200,3197.6,3199.6,4004
2026-06-22T11:50:00+05:30,3199.6,3200,3196,3197.2,4650
2026-06-22T11:55:00+05:30,3197.2,3199,3195.1,3196.5,3413
2026-06-22T12:00:00+05:30,3197.1,3207.8,3196.2,3207.7,25338
2026-06-22T12:05:00+05:30,3207.7,3212.8,3194,3200.1,23924
2026-06-22T12:10:00+05:30,3200.1,3204.9,3200.1,3204.1,6778
2026-06-22T12:15:00+05:30,3204.9,3218.9,3203,3214.9,19670
2026-06-22T12:20:00+05:30,3214.9,3218.4,3211.8,3215.9,15051
2026-06-22T12:25:00+05:30,3215.9,3219.2,3212,3219.2,14254
2026-06-22T12:30:00+05:30,3219,3220,3201.5,3206.4,23280
2026-06-22T12:35:00+05:30,3206.3,3207,3202,3207,6208
2026-06-22T12:40:00+05:30,3206.5,3209.9,3205,3207.5,4041
2026-06-22T12:45:00+05:30,3208.3,3209,3204.5,3205.6,4560
2026-06-22T12:50:00+05:30,3206.1,3206.7,3202,3202.4,6661
2026-06-22T12:55:00+05:30,3202.9,3203.5,3201.3,3202.5,3286
2026-06-22T13:00:00+05:30,3201.6,3203,3200,3200.5,3646
2026-06-22T13:05:00+05:30,3200.3,3201.4,3195,3195.2,6235
2026-06-22T13:10:00+05:30,3195.1,3195.7,3192.5,3193.1,6246
2026-06-22T13:15:00+05:30,3193.1,3197,3193.1,3196.3,4856
2026-06-22T13:20:00+05:30,3196.3,3197.1,3185.2,3186,17639
2026-06-22T13:25:00+05:30,3186.9,3191.1,3183.1,3187,11138
2026-06-22T13:30:00+05:30,3187,3187.8,3184,3184.6,11290
2026-06-22T13:35:00+05:30,3185.3,3186,3184,3184.9,4285
2026-06-22T13:40:00+05:30,3184,3187.6,3181.3,3185.3,11592
2026-06-22T13:45:00+05:30,3185.7,3186.7,3183.2,3184.2,3802
2026-06-22T13:50:00+05:30,3184.8,3184.8,3181,3184.3,4199
2026-06-22T13:55:00+05:30,3184.1,3185,3181.9,3183.8,2882
2026-06-22T14:00:00+05:30,3184.4,3185.9,3182,3185.7,9027
2026-06-22T14:05:00+05:30,3185.4,3186,3183,3183.8,3543
2026-06-22T14:10:00+05:30,3183,3184.5,3181,3183,7122
2026-06-22T14:15:00+05:30,3181.5,3183,3180,3180,6401
2026-06-22T14:20:00+05:30,3180.1,3182.6,3179.9,3182.1,9413
2026-06-22T14:25:00+05:30,3182.1,3187.5,3182.1,3185,13125
2026-06-22T14:30:00+05:30,3184.2,3193.3,3183,3192.5,17079
2026-06-22T14:35:00+05:30,3192.5,3192.8,3186.1,3189.1,17538
2026-06-22T14:40:00+05:30,3189.1,3193.9,3185.7,3190,15525
2026-06-22T14:45:00+05:30,3191.3,3191.8,3185.2,3187.3,17705
2026-06-22T14:50:00+05:30,3187.3,3188.2,3183.1,3185,12893
2026-06-22T14:55:00+05:30,3186.1,3187,3182.4,3183.2,8819
2026-06-22T15:00:00+05:30,3183.3,3185,3177,3179.1,19676
2026-06-22T15:05:00+05:30,3179.1,3186.3,3179.1,3185,28300
2026-06-22T15:10:00+05:30,3185,3185,3182.8,3184.1,20070
2026-06-22T15:15:00+05:30,3184.1,3184.3,3175,3180.8,39612
2026-06-22T15:20:00+05:30,3180.8,3185.1,3178.6,3181.5,31009
2026-06-22T15:25:00+05:30,3181.5,3183.1,3171,3176,32545
2026-06-23T09:15:00+05:30,3172.1,3212,3172.1,3211,63776
2026-06-23T09:20:00+05:30,3211,3227.8,3209.9,3226.8,105553
2026-06-23T09:25:00+05:30,3226,3232,3215.9,3216.8,100544
2026-06-23T09:30:00+05:30,3216,3224.5,3204.8,3205.3,55370
2026-06-23T09:35:00+05:30,3205.2,3212,3194.2,3201.9,51502
2026-06-23T09:40:00+05:30,3201.9,3207.5,3198.1,3207,23573
2026-06-23T09:45:00+05:30,3206.9,3210.9,3201,3203.3,30521
2026-06-23T09:50:00+05:30,3202.5,3205.6,3200,3200.1,13145
2026-06-23T09:55:00+05:30,3200.6,3217,3199.8,3214,36694
2026-06-23T10:00:00+05:30,3214,3214,3200.5,3203,20896
2026-06-23T10:05:00+05:30,3203.5,3203.5,3197.6,3197.6,17565
2026-06-23T10:10:00+05:30,3197.7,3201.9,3197,3199.4,15233
2026-06-23T10:15:00+05:30,3199.9,3204.3,3199.4,3201.6,18828
2026-06-23T10:20:00+05:30,3201.6,3202,3195,3195.9,12401
2026-06-23T10:25:00+05:30,3196,3199,3193,3199,10168
2026-06-23T10:30:00+05:30,3198.1,3203.8,3196,3203,18789
2026-06-23T10:35:00+05:30,3201.3,3205.8,3199.2,3200.6,11599
2026-06-23T10:40:00+05:30,3200.6,3204.5,3199.4,3201.1,5556
2026-06-23T10:45:00+05:30,3201.1,3201.1,3191,3191.8,15371
2026-06-23T10:50:00+05:30,3192,3198.4,3190,3195.9,18929
2026-06-23T10:55:00+05:30,3195.9,3198.9,3192,3194.4,23405
2026-06-23T11:00:00+05:30,3194.4,3195,3182.5,3186,23472
2026-06-23T11:05:00+05:30,3186,3190.9,3184.4,3188.2,9139
2026-06-23T11:10:00+05:30,3188.2,3188.6,3178.8,3183.1,18189
2026-06-23T11:15:00+05:30,3183.1,3184.5,3180,3182.9,10449
2026-06-23T11:20:00+05:30,3182.9,3182.9,3180.5,3182.4,6557
2026-06-23T11:25:00+05:30,3182.4,3183,3178,3180,13670
2026-06-23T11:30:00+05:30,3180,3189.6,3178.4,3186.7,33394
2026-06-23T11:35:00+05:30,3186.7,3188.2,3182.6,3186.5,11886
2026-06-23T11:40:00+05:30,3186.5,3186.5,3178.5,3179.9,7571
2026-06-23T11:45:00+05:30,3179.9,3180,3164.4,3167,21915
2026-06-23T11:50:00+05:30,3167,3170.7,3163.1,3165.5,15928
2026-06-23T11:55:00+05:30,3165.5,3169.1,3160,3168.3,28386
2026-06-23T12:00:00+05:30,3168.3,3176,3165,3172.2,12319
2026-06-23T12:05:00+05:30,3171.7,3172.3,3163.2,3166.5,11737
2026-06-23T12:10:00+05:30,3166.5,3169,3164.2,3168.2,9795
2026-06-23T12:15:00+05:30,3168.2,3170,3164.8,3165.7,7793
2026-06-23T12:20:00+05:30,3165.7,3170,3163,3164.2,12911
2026-06-23T12:25:00+05:30,3164.2,3168.9,3162,3164.5,10198
2026-06-23T12:30:00+05:30,3164.8,3167.6,3164.4,3167.2,11635
2026-06-23T12:35:00+05:30,3167.2,3167.2,3163.1,3164,5543
2026-06-23T12:40:00+05:30,3164,3167.5,3161,3162.2,8652
2026-06-23T12:45:00+05:30,3162.2,3164.7,3160.4,3163.6,6507
2026-06-23T12:50:00+05:30,3162.8,3165,3160.1,3160.3,3710
2026-06-23T12:55:00+05:30,3160.3,3165,3157.6,3164.5,13565
2026-06-23T13:00:00+05:30,3163.3,3163.8,3158.3,3159.3,8062
2026-06-23T13:05:00+05:30,3158.6,3160.8,3155,3159.1,12946
2026-06-23T13:10:00+05:30,3159.1,3161.9,3151.6,3153.2,9853
2026-06-23T13:15:00+05:30,3152,3158.6,3150.5,3157.2,12181
2026-06-23T13:20:00+05:30,3157.9,3160.9,3157.3,3159.7,9526
2026-06-23T13:25:00+05:30,3159.7,3159.7,3153.4,3157.1,8419
2026-06-23T13:30:00+05:30,3157.6,3160,3150.5,3152.5,14448
2026-06-23T13:35:00+05:30,3152,3156.2,3151.6,3154.3,8082
2026-06-23T13:40:00+05:30,3154,3159.9,3154,3158.7,10959
2026-06-23T13:45:00+05:30,3158.8,3163.3,3158.3,3161.6,17901
2026-06-23T13:50:00+05:30,3161.6,3161.6,3155,3155.7,7463
2026-06-23T13:55:00+05:30,3155.8,3159,3153.5,3156.8,13220
2026-06-23T14:00:00+05:30,3156.8,3166,3155.1,3165,11211
2026-06-23T14:05:00+05:30,3165,3165,3159.6,3162.2,9399
2026-06-23T14:10:00+05:30,3162.2,3170,3161.5,3170,8404
2026-06-23T14:15:00+05:30,3170,3176,3155.3,3155.8,23151
2026-06-23T14:20:00+05:30,3155.8,3163.3,3154.1,3162.1,5217
2026-06-23T14:25:00+05:30,3162.1,3162.2,3158.4,3161,3473
2026-06-23T14:30:00+05:30,3161,3162.8,3151.1,3151.7,11736
2026-06-23T14:35:00+05:30,3151.7,3155,3150.6,3153.4,8394
2026-06-23T14:40:00+05:30,3153.4,3163,3151.2,3158.3,13528
2026-06-23T14:45:00+05:30,3158.3,3160,3154.1,3157.5,9395
2026-06-23T14:50:00+05:30,3157.5,3163.9,3155.8,3159.2,11244
2026-06-23T14:55:00+05:30,3159.2,3161,3154.4,3158.4,17458
2026-06-23T15:00:00+05:30,3157.9,3158.7,3137.1,3143.8,45627
2026-06-23T15:05:00+05:30,3143.8,3148.3,3143.2,3145.5,25723
2026-06-23T15:10:00+05:30,3145.5,3145.5,3140.8,3144.8,38066
2026-06-23T15:15:00+05:30,3144.5,3144.5,3138,3141.9,39166
2026-06-23T15:20:00+05:30,3143.3,3145,3140.1,3143.7,45090
2026-06-23T15:25:00+05:30,3143.7,3146.5,3137,3138.3,42531
2026-06-24T09:15:00+05:30,3158.1,3183.7,3140,3176,118854
2026-06-24T09:20:00+05:30,3175.9,3188.8,3161,3164.7,78896
2026-06-24T09:25:00+05:30,3164.6,3167.5,3152,3166.3,56918
2026-06-24T09:30:00+05:30,3168,3187.9,3168,3179.2,79647
2026-06-24T09:35:00+05:30,3179.3,3196.5,3178.1,3182.6,60291
2026-06-24T09:40:00+05:30,3182.6,3191.9,3181,3186.2,54145
2026-06-24T09:45:00+05:30,3185.7,3186.3,3166.2,3169,44549
2026-06-24T09:50:00+05:30,3169.3,3172.8,3163.5,3171.3,47870
2026-06-24T09:55:00+05:30,3171.6,3177.6,3170.5,3176.4,28395
2026-06-24T10:00:00+05:30,3176.3,3188.1,3175,3179.6,30588
2026-06-24T10:05:00+05:30,3179.5,3193.9,3175,3193.9,35167
2026-06-24T10:10:00+05:30,3194,3213.5,3190.5,3211,74590
2026-06-24T10:15:00+05:30,3210.3,3213.3,3194.7,3196.4,28248
2026-06-24T10:20:00+05:30,3196.4,3197.6,3190,3196.9,19522
2026-06-24T10:25:00+05:30,3196.9,3204,3196.5,3196.5,26625
2026-06-24T10:30:00+05:30,3197,3205.2,3194,3205,23962
2026-06-24T10:35:00+05:30,3206,3206,3195,3197,14267
2026-06-24T10:40:00+05:30,3197,3203.5,3192.4,3193.6,14968
2026-06-24T10:45:00+05:30,3193.5,3204,3192.4,3200.9,18334
2026-06-24T10:50:00+05:30,3201,3210,3199,3206,35398
2026-06-24T10:55:00+05:30,3206,3215,3200.4,3212.8,43393
2026-06-24T11:00:00+05:30,3212.8,3214,3201.1,3202.5,20942
2026-06-24T11:05:00+05:30,3202.5,3202.5,3193.1,3198.5,18204
2026-06-24T11:10:00+05:30,3198.8,3207,3197.3,3207,18951
2026-06-24T11:15:00+05:30,3207,3210,3198,3202.5,16378
2026-06-24T11:20:00+05:30,3202.5,3211,3200.5,3209.2,23516
2026-06-24T11:25:00+05:30,3209.2,3211,3204.8,3211,15264
2026-06-24T11:30:00+05:30,3210.5,3223.6,3207,3218.8,73327
2026-06-24T11:35:00+05:30,3218.8,3255,3216.1,3250.5,108884
2026-06-24T11:40:00+05:30,3252.4,3255,3234.9,3239,89114
2026-06-24T11:45:00+05:30,3239.9,3246.7,3237.6,3240.6,45118
2026-06-24T11:50:00+05:30,3240.9,3247.7,3232,3237.3,49217
2026-06-24T11:55:00+05:30,3238,3247.2,3235,3246.9,36205
2026-06-24T12:00:00+05:30,3247.2,3258,3246,3256,73358
2026-06-24T12:05:00+05:30,3256,3257,3246,3255,41409
2026-06-24T12:10:00+05:30,3255,3259,3248.9,3258.6,39364
2026-06-24T12:15:00+05:30,3259,3263,3251.3,3251.3,63366
2026-06-24T12:20:00+05:30,3252.2,3261.1,3251.3,3257.1,31946
2026-06-24T12:25:00+05:30,3256.9,3257.4,3251.7,3253.8,23832
2026-06-24T12:30:00+05:30,3253.8,3256.7,3246,3248,40446
2026-06-24T12:35:00+05:30,3248,3265,3247,3262.4,64583
2026-06-24T12:40:00+05:30,3262.4,3275.5,3260.2,3275.5,115166
2026-06-24T12:45:00+05:30,3274.7,3277,3266.7,3269.2,59323
2026-06-24T12:50:00+05:30,3268.1,3276,3267,3271.5,35502
2026-06-24T12:55:00+05:30,3271.5,3276,3270,3275,39241
2026-06-24T13:00:00+05:30,3274.7,3280,3268.2,3271.2,57414
2026-06-24T13:05:00+05:30,3271.2,3279.3,3270,3278.5,26779
2026-06-24T13:10:00+05:30,3278.4,3278.4,3271.3,3274.4,26213
2026-06-24T13:15:00+05:30,3275,3289.8,3271.3,3289.5,76145
2026-06-24T13:20:00+05:30,3289.7,3309.2,3287.4,3304.4,180625
2026-06-24T13:25:00+05:30,3304.8,3304.9,3292.2,3300.9,71697
2026-06-24T13:30:00+05:30,3300.9,3302.7,3290.5,3291.2,42876
2026-06-24T13:35:00+05:30,3292,3297.5,3289.5,3293.5,39667
2026-06-24T13:40:00+05:30,3292.8,3301.9,3283.9,3297.7,74209
2026-06-24T13:45:00+05:30,3298,3301.7,3292.6,3294.6,68075
2026-06-24T13:50:00+05:30,3294.7,3295,3280.4,3286.5,63791
2026-06-24T13:55:00+05:30,3286.6,3293,3278.1,3280,48251
2026-06-24T14:00:00+05:30,3280,3282.9,3275,3276.8,53309
2026-06-24T14:05:00+05:30,3276.8,3277.1,3268.1,3271,58207
2026-06-24T14:10:00+05:30,3271.6,3276.7,3268,3274.9,41330
2026-06-24T14:15:00+05:30,3275,3283.7,3274,3276,49280
2026-06-24T14:20:00+05:30,3276,3278,3270.5,3273.5,34139
2026-06-24T14:25:00+05:30,3273.5,3275,3270.4,3272.3,21746
2026-06-24T14:30:00+05:30,3272.4,3283,3264,3264.2,52900
2026-06-24T14:35:00+05:30,3265,3275.6,3265,3271.5,30047
2026-06-24T14:40:00+05:30,3271.5,3272.8,3252.2,3256,84623
2026-06-24T14:45:00+05:30,3256.6,3259.8,3254.1,3257,44012
2026-06-24T14:50:00+05:30,3257.6,3265,3257,3264.1,39294
2026-06-24T14:55:00+05:30,3264.1,3266.6,3256.3,3256.3,58406
2026-06-24T15:00:00+05:30,3257,3259.6,3243.2,3245.7,118479
2026-06-24T15:05:00+05:30,3245.7,3248.2,3242.9,3246.7,62471
2026-06-24T15:10:00+05:30,3246.7,3246.7,3237,3238,75997
2026-06-24T15:15:00+05:30,3237.2,3245,3235,3243.2,121321
2026-06-24T15:20:00+05:30,3243.2,3258,3241,3255.4,90118
2026-06-24T15:25:00+05:30,3255.4,3262.2,3254,3256,56529
2026-06-25T09:15:00+05:30,3270,3288.9,3263.2,3278.1,89046
2026-06-25T09:20:00+05:30,3280.1,3290.9,3277,3286.5,64973
2026-06-25T09:25:00+05:30,3285.1,3287.1,3270.6,3275.3,35579
2026-06-25T09:30:00+05:30,3275.3,3279.2,3269.2,3270.1,32768
2026-06-25T09:35:00+05:30,3271,3279.4,3266.7,3275.3,19864
2026-06-25T09:40:00+05:30,3276.8,3277.4,3268.1,3268.9,14830
2026-06-25T09:45:00+05:30,3270,3275,3268.6,3271.8,6428
2026-06-25T09:50:00+05:30,3271.7,3283.4,3270.1,3277.4,22268
2026-06-25T09:55:00+05:30,3278.5,3288,3276,3276.6,18843
2026-06-25T10:00:00+05:30,3278,3283.2,3271.7,3280.9,14721
2026-06-25T10:05:00+05:30,3279.4,3282.7,3275,3281.2,11253
2026-06-25T10:10:00+05:30,3281,3287.1,3279.1,3286,18003
2026-06-25T10:15:00+05:30,3286,3286,3277.3,3278.8,10460
2026-06-25T10:20:00+05:30,3279.8,3282,3275.3,3277,9733
2026-06-25T10:25:00+05:30,3277.3,3277.8,3266.2,3270,16167
2026-06-25T10:30:00+05:30,3270,3275,3269,3272.1,7799
2026-06-25T10:35:00+05:30,3272.1,3285,3272,3284.6,21299
2026-06-25T10:40:00+05:30,3284.5,3289,3278.5,3279.2,30180
2026-06-25T10:45:00+05:30,3279.2,3282,3276.5,3278,10292
2026-06-25T10:50:00+05:30,3278.1,3278.9,3271.5,3272.5,9360
2026-06-25T10:55:00+05:30,3272.7,3273.3,3270,3272,9847
2026-06-25T11:00:00+05:30,3272,3276,3270.2,3272.5,5940
2026-06-25T11:05:00+05:30,3273,3274.2,3268,3269,8903
2026-06-25T11:10:00+05:30,3269,3283,3268,3279.6,16767
2026-06-25T11:15:00+05:30,3279.6,3279.6,3269.5,3271.4,9104
2026-06-25T11:20:00+05:30,3271.2,3276.7,3267.2,3268.8,10353
2026-06-25T11:25:00+05:30,3268.8,3272.9,3267.6,3271.4,4964
2026-06-25T11:30:00+05:30,3272,3273,3260,3265.9,19072
2026-06-25T11:35:00+05:30,3266,3268.5,3264,3265.7,4553
2026-06-25T11:40:00+05:30,3265.7,3266.9,3261.7,3263,8284
2026-06-25T11:45:00+05:30,3263,3268.7,3263,3266.8,6458
2026-06-25T11:50:00+05:30,3266.8,3267.5,3262.1,3262.7,5240
2026-06-25T11:55:00+05:30,3263.6,3270,3262.8,3264.9,7665
2026-06-25T12:00:00+05:30,3265.4,3269.8,3262.9,3268.1,8788
2026-06-25T12:05:00+05:30,3268.1,3269.7,3255.5,3262.4,23559
2026-06-25T12:10:00+05:30,3262.4,3263.2,3256.3,3260,22676
2026-06-25T12:15:00+05:30,3260,3276.9,3260,3274.7,29139
2026-06-25T12:20:00+05:30,3274.7,3275.2,3268.5,3268.5,5694
2026-06-25T12:25:00+05:30,3269.3,3269.5,3259,3267,29362
2026-06-25T12:30:00+05:30,3268,3274,3262.9,3263.4,14997
2026-06-25T12:35:00+05:30,3264,3271.4,3263,3268.3,7563
2026-06-25T12:40:00+05:30,3268.7,3271,3267,3268,8045
2026-06-25T12:45:00+05:30,3268.5,3274.4,3266.7,3271.7,8922
2026-06-25T12:50:00+05:30,3271.7,3272.5,3265.3,3269.7,8853
2026-06-25T12:55:00+05:30,3270.4,3273,3261.1,3265.5,8225
2026-06-25T13:00:00+05:30,3266,3268.4,3263.5,3266,4821
2026-06-25T13:05:00+05:30,3266,3269.4,3261.5,3264.2,12275
2026-06-25T13:10:00+05:30,3265,3266.4,3262.3,3266.4,2580
2026-06-25T13:15:00+05:30,3266,3269,3263.9,3268,3416
2026-06-25T13:20:00+05:30,3268.2,3270.4,3260.2,3266,29278
2026-06-25T13:25:00+05:30,3266.4,3267.6,3250,3256.5,27370
2026-06-25T13:30:00+05:30,3256.5,3259.1,3243,3257.7,35860
2026-06-25T13:35:00+05:30,3258.2,3262.4,3256.3,3261.4,17335
2026-06-25T13:40:00+05:30,3262.4,3268.9,3261.5,3266.5,11128
2026-06-25T13:45:00+05:30,3266.9,3267.4,3262.2,3262.5,7144
2026-06-25T13:50:00+05:30,3262.9,3263.7,3259.2,3260,10121
2026-06-25T13:55:00+05:30,3260.4,3263.9,3252.8,3257.2,34914
2026-06-25T14:00:00+05:30,3257.5,3259,3251.6,3254.2,12961
2026-06-25T14:05:00+05:30,3254.1,3254.2,3247,3248.2,18104
2026-06-25T14:10:00+05:30,3248.1,3248.8,3243.2,3245.9,21276
2026-06-25T14:15:00+05:30,3245.1,3247.9,3238.7,3244.4,14300
2026-06-25T14:20:00+05:30,3245,3246.8,3238.5,3245,15949
2026-06-25T14:25:00+05:30,3246.2,3246.2,3238,3238.1,14464
2026-06-25T14:30:00+05:30,3239,3243.6,3236.5,3240.9,13764
2026-06-25T14:35:00+05:30,3240.5,3246.4,3236.5,3238.3,16212
2026-06-25T14:40:00+05:30,3239,3241.6,3231,3232.8,20773
2026-06-25T14:45:00+05:30,3232.7,3236.6,3231.9,3232.4,15567
2026-06-25T14:50:00+05:30,3232.4,3239.3,3231.3,3234.3,12465
2026-06-25T14:55:00+05:30,3234,3235.4,3226.6,3229,28326
2026-06-25T15:00:00+05:30,3228.4,3228.4,3217.5,3219.7,47481
2026-06-25T15:05:00+05:30,3219.7,3226.4,3212.4,3217.1,52330
2026-06-25T15:10:00+05:30,3217.1,3220.8,3212.6,3213.3,33675
2026-06-25T15:15:00+05:30,3213.1,3215.4,3206.6,3212.5,54961
2026-06-25T15:20:00+05:30,3212.2,3213.8,3209,3211.5,37569
2026-06-25T15:25:00+05:30,3211.5,3215,3209,3214.4,27899
2026-06-29T09:15:00+05:30,3225.3,3257,3225.3,3240.6,96189
2026-06-29T09:20:00+05:30,3241.6,3283,3241.6,3279.7,103730
2026-06-29T09:25:00+05:30,3278.5,3297,3261.8,3288,140071
2026-06-29T09:30:00+05:30,3288.2,3293,3263,3267.6,84868
2026-06-29T09:35:00+05:30,3267.6,3277.5,3261,3272,47224
2026-06-29T09:40:00+05:30,3273.1,3283.5,3273.1,3280.7,38787
2026-06-29T09:45:00+05:30,3280.7,3288.4,3278.3,3283.8,53977
2026-06-29T09:50:00+05:30,3285,3285.6,3275.7,3282.3,35171
2026-06-29T09:55:00+05:30,3282.1,3294,3275.3,3293.8,43157
2026-06-29T10:00:00+05:30,3293.7,3295,3282,3282,58744
2026-06-29T10:05:00+05:30,3282.1,3286,3278.6,3286,38552
2026-06-29T10:10:00+05:30,3287.7,3290.5,3278.9,3281.5,22881
2026-06-29T10:15:00+05:30,3282.4,3283.4,3273,3275.7,22656
2026-06-29T10:20:00+05:30,3276.5,3290,3275.4,3289.6,21069
2026-06-29T10:25:00+05:30,3289.6,3290,3283,3283.6,22495
2026-06-29T10:30:00+05:30,3283.8,3299,3279,3298.2,32275
2026-06-29T10:35:00+05:30,3298.5,3307.9,3298,3304.8,89119
2026-06-29T10:40:00+05:30,3304.6,3312,3303.9,3305.7,57086
2026-06-29T10:45:00+05:30,3301.7,3310,3300.1,3304.6,48017
2026-06-29T10:50:00+05:30,3305,3305,3263.2,3264.8,79176
2026-06-29T10:55:00+05:30,3265.6,3291.9,3262,3291.8,67207
2026-06-29T11:00:00+05:30,3290.9,3300.9,3288.9,3295.7,49334
2026-06-29T11:05:00+05:30,3295.7,3295.7,3290,3293,17133
2026-06-29T11:10:00+05:30,3293,3294,3290,3291.6,16516
2026-06-29T11:15:00+05:30,3292.3,3298.9,3287,3295.4,28604
2026-06-29T11:20:00+05:30,3296.4,3297,3288,3288.4,19439
2026-06-29T11:25:00+05:30,3288.4,3292.7,3286,3288,18493
2026-06-29T11:30:00+05:30,3288,3291,3278.5,3286.7,166093
2026-06-29T11:35:00+05:30,3286.7,3292,3282.3,3283.2,18233
2026-06-29T11:40:00+05:30,3283.9,3288.9,3282.3,3283.9,9971
2026-06-29T11:45:00+05:30,3284.1,3285,3278,3283.1,19185
2026-06-29T11:50:00+05:30,3282.9,3285.5,3278,3279.5,11893
2026-06-29T11:55:00+05:30,3279.3,3284,3277,3277,20683
2026-06-29T12:00:00+05:30,3277.9,3280,3271,3280,35226
2026-06-29T12:05:00+05:30,3279.9,3285.3,3277.6,3279.1,12523
2026-06-29T12:10:00+05:30,3279.7,3281,3277.1,3277.7,9921
2026-06-29T12:15:00+05:30,3277.3,3279.1,3274.2,3276.7,11518
2026-06-29T12:20:00+05:30,3276.9,3278.6,3270.6,3273.3,13132
2026-06-29T12:25:00+05:30,3274.1,3275.9,3259.3,3259.8,38954
2026-06-29T12:30:00+05:30,3259.8,3260,3243.4,3244.4,62972
2026-06-29T12:35:00+05:30,3243.9,3259,3241,3248.5,30043
2026-06-29T12:40:00+05:30,3249,3254.9,3245,3253.5,20054
2026-06-29T12:45:00+05:30,3253.9,3261.6,3253.9,3259.4,18075
2026-06-29T12:50:00+05:30,3259.7,3263.3,3257,3259.2,15969
2026-06-29T12:55:00+05:30,3260,3267.5,3258.6,3263.5,14141
2026-06-29T13:00:00+05:30,3264.9,3266.7,3261,3263.9,10334
2026-06-29T13:05:00+05:30,3264.3,3274.3,3261.2,3272.7,16074
2026-06-29T13:10:00+05:30,3272.9,3273.2,3265.8,3268.7,13754
2026-06-29T13:15:00+05:30,3269.2,3271.9,3265.7,3267.4,10711
2026-06-29T13:20:00+05:30,3267.5,3269.8,3263.5,3267.5,10090
2026-06-29T13:25:00+05:30,3267.5,3274,3263,3272.9,11371
2026-06-29T13:30:00+05:30,3272.9,3275.5,3268.6,3269.3,13133
2026-06-29T13:35:00+05:30,3269.3,3274.7,3266.7,3269.4,16615
2026-06-29T13:40:00+05:30,3270.1,3273.5,3266.2,3267.1,12310
2026-06-29T13:45:00+05:30,3267.1,3268.1,3262.5,3264.8,16228
2026-06-29T13:50:00+05:30,3264.2,3269.8,3263.1,3267.2,9465
2026-06-29T13:55:00+05:30,3267.3,3268.3,3257.9,3263.3,12106
2026-06-29T14:00:00+05:30,3262.8,3267,3259.1,3263.1,10920
2026-06-29T14:05:00+05:30,3263.6,3268.1,3261.2,3268.1,8856
2026-06-29T14:10:00+05:30,3267.3,3279.8,3265.2,3276.2,20576
2026-06-29T14:15:00+05:30,3277.3,3277.3,3271.4,3271.4,10197
2026-06-29T14:20:00+05:30,3271.4,3272.9,3264.1,3266.5,11936
2026-06-29T14:25:00+05:30,3267.1,3271.2,3264.4,3267.9,9583
2026-06-29T14:30:00+05:30,3268.3,3278,3265.9,3271.6,17717
2026-06-29T14:35:00+05:30,3272.9,3275.3,3270,3272.4,14826
2026-06-29T14:40:00+05:30,3273,3274.8,3270,3272.1,9218
2026-06-29T14:45:00+05:30,3272.5,3273.9,3268.4,3270.6,16622
2026-06-29T14:50:00+05:30,3271,3279.2,3269.6,3274.4,36055
2026-06-29T14:55:00+05:30,3275.5,3282,3273.1,3275,34023
2026-06-29T15:00:00+05:30,3273.9,3277,3258,3262.5,71348
2026-06-29T15:05:00+05:30,3262.5,3264,3259.1,3263.3,45498
2026-06-29T15:10:00+05:30,3261.8,3263.4,3255.1,3259,57216
2026-06-29T15:15:00+05:30,3260.8,3261.3,3254.2,3259.8,94745
2026-06-29T15:20:00+05:30,3259.5,3259.5,3246.7,3252.8,112274
2026-06-29T15:25:00+05:30,3254.3,3270,3252.7,3265.5,57749
2026-06-30T09:15:00+05:30,3275,3289.9,3268.3,3270.2,79460
2026-06-30T09:20:00+05:30,3270.3,3270.3,3242.4,3246.8,45701
2026-06-30T09:25:00+05:30,3246.8,3259.7,3244,3251,19919
2026-06-30T09:30:00+05:30,3251,3252.8,3246.5,3250.3,15855
2026-06-30T09:35:00+05:30,3249.4,3257.9,3247.9,3253.8,11794
2026-06-30T09:40:00+05:30,3253.8,3257.2,3249.6,3252.7,11168
2026-06-30T09:45:00+05:30,3252.7,3257.9,3250.2,3252.2,9568
2026-06-30T09:50:00+05:30,3253,3256.8,3245,3245.1,17245
2026-06-30T09:55:00+05:30,3245,3251.5,3245,3245,14767
2026-06-30T10:00:00+05:30,3244.4,3250.6,3244.3,3248.8,14118
2026-06-30T10:05:00+05:30,3250.4,3255.1,3248.1,3250.2,14982
2026-06-30T10:10:00+05:30,3250.2,3271.4,3250.2,3266.9,31177
2026-06-30T10:15:00+05:30,3266.9,3278,3266.1,3270.1,26868
2026-06-30T10:20:00+05:30,3270.1,3275.4,3263.4,3267.8,19051
2026-06-30T10:25:00+05:30,3267.8,3272,3267.4,3271,10541
2026-06-30T10:30:00+05:30,3268.7,3270.9,3265,3270.9,8822
2026-06-30T10:35:00+05:30,3270.9,3271.5,3263.3,3266.1,7182
2026-06-30T10:40:00+05:30,3266.9,3266.9,3262,3266,7725
2026-06-30T10:45:00+05:30,3266,3276.9,3262.7,3271.9,17008
2026-06-30T10:50:00+05:30,3271.8,3277.4,3271.2,3272.9,9876
2026-06-30T10:55:00+05:30,3272.9,3272.9,3270,3272,4239
2026-06-30T11:00:00+05:30,3271,3275,3271,3272,5204
2026-06-30T11:05:00+05:30,3271.4,3283.8,3271.1,3283,30193
2026-06-30T11:10:00+05:30,3283,3286.7,3281.4,3284,20093
2026-06-30T11:15:00+05:30,3284.4,3285.9,3280.8,3283.9,10188
2026-06-30T11:20:00+05:30,3283.9,3285.8,3279.9,3284.3,16074
2026-06-30T11:25:00+05:30,3285,3288,3280,3280,18667
2026-06-30T11:30:00+05:30,3280,3283.1,3276,3278.3,15316
2026-06-30T11:35:00+05:30,3278.4,3279.8,3275,3277.7,9993
2026-06-30T11:40:00+05:30,3277.7,3278,3270.8,3272.6,11123
2026-06-30T11:45:00+05:30,3272.6,3274.4,3271,3273.9,5721
2026-06-30T11:50:00+05:30,3273.9,3279.5,3273.9,3278.7,9526
2026-06-30T11:55:00+05:30,3278.7,3281.8,3275,3276.4,11112
2026-06-30T12:00:00+05:30,3276.4,3278,3272.1,3273.9,7170
2026-06-30T12:05:00+05:30,3273.9,3275.9,3270.9,3275.1,10407
2026-06-30T12:10:00+05:30,3274,3276,3272.8,3274.4,17092
2026-06-30T12:15:00+05:30,3273,3279.2,3271.5,3279.2,14618
2026-06-30T12:20:00+05:30,3279.2,3288,3278.6,3285,26586
2026-06-30T12:25:00+05:30,3285,3289,3284.6,3288,34206
2026-06-30T12:30:00+05:30,3288,3291,3287.2,3290,66920
2026-06-30T12:35:00+05:30,3290.2,3294.5,3276.7,3278.7,56771
2026-06-30T12:40:00+05:30,3278.6,3282.6,3276.2,3281,15929
2026-06-30T12:45:00+05:30,3281,3285,3280,3282.1,12107
2026-06-30T12:50:00+05:30,3282.2,3282.8,3279,3281.7,7276
2026-06-30T12:55:00+05:30,3281.7,3283.2,3280.9,3282.5,5313
2026-06-30T13:00:00+05:30,3282.5,3283.3,3270,3270.5,15891
2026-06-30T13:05:00+05:30,3271.9,3278.1,3270,3276.7,11277
2026-06-30T13:10:00+05:30,3275.4,3277.7,3272.7,3274.3,9201
2026-06-30T13:15:00+05:30,3273.1,3274.8,3270,3271.3,22545
2026-06-30T13:20:00+05:30,3271.5,3272.8,3265.5,3268.2,17746
2026-06-30T13:25:00+05:30,3268.2,3270.3,3264.7,3268.8,13756
2026-06-30T13:30:00+05:30,3268.1,3273.3,3266.9,3271.6,7847
2026-06-30T13:35:00+05:30,3272,3281.9,3270.2,3281,20924
2026-06-30T13:40:00+05:30,3281,3283.7,3278.7,3283.5,12420
2026-06-30T13:45:00+05:30,3283.5,3283.5,3279.4,3281.3,11780
2026-06-30T13:50:00+05:30,3281.7,3283,3275.1,3276,13909
2026-06-30T13:55:00+05:30,3277.4,3278.8,3273.5,3276.1,13359
2026-06-30T14:00:00+05:30,3276.7,3278.5,3274.1,3276.5,13130
2026-06-30T14:05:00+05:30,3276.6,3277.9,3273.6,3276.1,12840
2026-06-30T14:10:00+05:30,3277.1,3280,3274.7,3279.9,11299
2026-06-30T14:15:00+05:30,3280,3280,3273.4,3274.8,13709
2026-06-30T14:20:00+05:30,3275,3283.9,3273.8,3283.9,18024
2026-06-30T14:25:00+05:30,3284.5,3289,3283.7,3286,15733
2026-06-30T14:30:00+05:30,3286.1,3288,3283.2,3286.6,9629
2026-06-30T14:35:00+05:30,3286.5,3288,3284.8,3286.6,6192
2026-06-30T14:40:00+05:30,3286,3293.5,3286,3291.9,18543
2026-06-30T14:45:00+05:30,3291.9,3295,3288.5,3292.1,18449
2026-06-30T14:50:00+05:30,3292.5,3294.5,3289.1,3292.2,15642
2026-06-30T14:55:00+05:30,3290.5,3292.3,3285.7,3288.9,22079
2026-06-30T15:00:00+05:30,3289.1,3289.2,3272.3,3284.5,77546
2026-06-30T15:05:00+05:30,3284.2,3285.1,3278.8,3283.6,42985
2026-06-30T15:10:00+05:30,3283.7,3288.7,3283,3287.2,50016
2026-06-30T15:15:00+05:30,3287.3,3289.7,3281.9,3282.1,49929
2026-06-30T15:20:00+05:30,3281.9,3285.2,3272.7,3274.6,63297
2026-06-30T15:25:00+05:30,3274.3,3280.1,3262.1,3270.1,43885
2026-07-01T09:15:00+05:30,3285,3290,3263,3268.6,27918
2026-07-01T09:20:00+05:30,3269.3,3276.3,3267.3,3268.2,16154
2026-07-01T09:25:00+05:30,3270,3274,3265.2,3269.5,21348
2026-07-01T09:30:00+05:30,3267.2,3284.8,3267.2,3277,13522
2026-07-01T09:35:00+05:30,3276.6,3276.9,3270,3272,4716
2026-07-01T09:40:00+05:30,3272,3276.5,3268.8,3275.5,9107
2026-07-01T09:45:00+05:30,3275.5,3280,3274,3276,7675
2026-07-01T09:50:00+05:30,3276,3277,3272.9,3276.9,5092
2026-07-01T09:55:00+05:30,3277,3281.9,3275.5,3281,8404
2026-07-01T10:00:00+05:30,3281,3282.9,3273,3278.7,14854
2026-07-01T10:05:00+05:30,3278.7,3282,3276.6,3278.8,6239
2026-07-01T10:10:00+05:30,3278.8,3281.6,3276.2,3280.5,3309
2026-07-01T10:15:00+05:30,3281.1,3281.5,3278.6,3281.5,4286
2026-07-01T10:20:00+05:30,3281.5,3293.7,3278.7,3287.3,19515
2026-07-01T10:25:00+05:30,3287.3,3287.6,3281.2,3284.6,5231
2026-07-01T10:30:00+05:30,3284.8,3288,3283.8,3286.1,4115
2026-07-01T10:35:00+05:30,3285.7,3288.1,3284.3,3285.5,8073
2026-07-01T10:40:00+05:30,3284.7,3285.6,3281.1,3281.8,3768
2026-07-01T10:45:00+05:30,3281.8,3288,3279.1,3285.1,4874
2026-07-01T10:50:00+05:30,3285.7,3288.8,3285,3288,4302
2026-07-01T10:55:00+05:30,3287.6,3288.8,3283.8,3286.5,1751
2026-07-01T11:00:00+05:30,3286.5,3290,3284.9,3288.5,7003
2026-07-01T11:05:00+05:30,3288.6,3289.8,3287,3287.4,3124
2026-07-01T11:10:00+05:30,3288.5,3290.8,3287.2,3289.5,3761
2026-07-01T11:15:00+05:30,3290,3290,3285,3288.4,4819
2026-07-01T11:20:00+05:30,3288.4,3288.8,3284.5,3287,2565
2026-07-01T11:25:00+05:30,3286.4,3287,3284.5,3285.1,2906
2026-07-01T11:30:00+05:30,3285.1,3286.3,3276.3,3277.2,4585
2026-07-01T11:35:00+05:30,3277.1,3279,3267,3274.8,10861
2026-07-01T11:40:00+05:30,3274,3276.8,3266,3266,7919
2026-07-01T11:45:00+05:30,3266.5,3270,3263.4,3269,7959
2026-07-01T11:50:00+05:30,3270,3270,3266.1,3267.5,4063
2026-07-01T11:55:00+05:30,3267.4,3276,3266.1,3275,5274
2026-07-01T12:00:00+05:30,3275,3277,3272,3273.7,4569
2026-07-01T12:05:00+05:30,3274,3281.6,3273.9,3280.7,5699
2026-07-01T12:10:00+05:30,3280.7,3281.1,3276.5,3277.2,3152
2026-07-01T12:15:00+05:30,3277.2,3278.9,3275.3,3277.2,4379
2026-07-01T12:20:00+05:30,3277.2,3277.8,3275,3277.8,3861
2026-07-01T12:25:00+05:30,3277.8,3277.8,3270,3274.5,2970
2026-07-01T12:30:00+05:30,3273.2,3276.3,3272.3,3274.8,5785
2026-07-01T12:35:00+05:30,3274.8,3275,3270.1,3272.7,2710
2026-07-01T12:40:00+05:30,3272.7,3275.7,3270.9,3272,2349
2026-07-01T12:45:00+05:30,3272,3279,3271.2,3279,2654
2026-07-01T12:50:00+05:30,3279,3280,3277,3277.5,3221
2026-07-01T12:55:00+05:30,3277.5,3280,3275.3,3279.9,2387
2026-07-01T13:00:00+05:30,3279.6,3279.8,3275.6,3276.5,3092
2026-07-01T13:05:00+05:30,3276,3284,3276,3283.5,4243
2026-07-01T13:10:00+05:30,3283.2,3284,3277.4,3278,3836
2026-07-01T13:15:00+05:30,3278.2,3279.8,3275.9,3277,2420
2026-07-01T13:20:00+05:30,3277,3277,3273.5,3274.8,2831
2026-07-01T13:25:00+05:30,3274.8,3277,3273.6,3276.9,3108
2026-07-01T13:30:00+05:30,3277,3279.2,3273.6,3279,3457
2026-07-01T13:35:00+05:30,3278.3,3283,3275.1,3282.9,6216
2026-07-01T13:40:00+05:30,3282.9,3284,3276.4,3278.2,5768
2026-07-01T13:45:00+05:30,3277.8,3282,3277.3,3281.7,3577
2026-07-01T13:50:00+05:30,3281.5,3281.9,3279.1,3281.4,1859
2026-07-01T13:55:00+05:30,3280.1,3283,3280,3281.6,4270
2026-07-01T14:00:00+05:30,3281.2,3282.7,3278.4,3282,2546
2026-07-01T14:05:00+05:30,3281.9,3283.9,3280.2,3283.3,2653
2026-07-01T14:10:00+05:30,3283.3,3283.7,3280.5,3280.5,3317
2026-07-01T14:15:00+05:30,3280.5,3283,3277.3,3278.3,3792
2026-07-01T14:20:00+05:30,3278.4,3282,3276.6,3282,3954
2026-07-01T14:25:00+05:30,3282,3283,3276.5,3280,5443
2026-07-01T14:30:00+05:30,3280,3282,3277.5,3279.3,3629
2026-07-01T14:35:00+05:30,3279.3,3281.4,3276.4,3278.1,4661
2026-07-01T14:40:00+05:30,3277.6,3279,3272.3,3278,6111
2026-07-01T14:45:00+05:30,3278.5,3281,3275.9,3276.8,5871
2026-07-01T14:50:00+05:30,3277.8,3285,3277.8,3284.8,12188
2026-07-01T14:55:00+05:30,3284.9,3289.8,3284.8,3288,11383
2026-07-01T15:00:00+05:30,3288.6,3288.9,3284.4,3287.9,41364
2026-07-01T15:05:00+05:30,3287.6,3291,3285,3290.7,64300
2026-07-01T15:10:00+05:30,3290.7,3291.3,3285.3,3289.4,24595
2026-07-01T15:15:00+05:30,3289.4,3292.8,3286.8,3292.2,38018
2026-07-01T15:20:00+05:30,3292.7,3296.7,3291.1,3293.4,51841
2026-07-01T15:25:00+05:30,3294,3295.2,3285,3288.7,48228
2026-07-02T09:15:00+05:30,3290.5,3299.7,3276.6,3281.7,20301
2026-07-02T09:20:00+05:30,3280.7,3281.4,3267.2,3272.6,24796
2026-07-02T09:25:00+05:30,3273.2,3275.8,3265,3270,12338
2026-07-02T09:30:00+05:30,3269.9,3289.9,3269.1,3287.2,14286
2026-07-02T09:35:00+05:30,3287.1,3328,3287.1,3323.9,67369
2026-07-02T09:40:00+05:30,3324.3,3325.7,3304.3,3309.3,25117
2026-07-02T09:45:00+05:30,3309.5,3314.4,3304,3312.7,13321
2026-07-02T09:50:00+05:30,3312.6,3316.9,3307,3313.5,17153
2026-07-02T09:55:00+05:30,3312.7,3312.7,3305.1,3306,8522
2026-07-02T10:00:00+05:30,3305.2,3307.2,3300.6,3307,8319
2026-07-02T10:05:00+05:30,3307,3307.6,3296.8,3305.5,8728
2026-07-02T10:10:00+05:30,3306.7,3311,3303,3303,7017
2026-07-02T10:15:00+05:30,3301.6,3303,3296.7,3301.1,6211
2026-07-02T10:20:00+05:30,3301.8,3304.2,3297.5,3299.2,10872
2026-07-02T10:25:00+05:30,3299.2,3301.7,3297.6,3297.7,3508
2026-07-02T10:30:00+05:30,3299,3299,3291.3,3293.8,10840
2026-07-02T10:35:00+05:30,3295,3298.4,3292.7,3297,6750
2026-07-02T10:40:00+05:30,3297.6,3299.7,3296.1,3297.1,1891
2026-07-02T10:45:00+05:30,3297.1,3298,3294.1,3296,4014
2026-07-02T10:50:00+05:30,3296,3298,3294.4,3295.9,1565
2026-07-02T10:55:00+05:30,3295.4,3299.9,3294,3297,3125
2026-07-02T11:00:00+05:30,3298.1,3298.1,3290,3292.5,4147
2026-07-02T11:05:00+05:30,3292.5,3293.8,3290,3292.1,3352
2026-07-02T11:10:00+05:30,3293.6,3309.5,3291.8,3303.9,20555
2026-07-02T11:15:00+05:30,3303.2,3304.9,3298.1,3298.1,4207
2026-07-02T11:20:00+05:30,3298.9,3306.8,3298.9,3304.5,5905
2026-07-02T11:25:00+05:30,3304.8,3311.1,3295.4,3300,12124
2026-07-02T11:30:00+05:30,3301.7,3303.7,3298.4,3302,3433
2026-07-02T11:35:00+05:30,3301.5,3301.6,3296.7,3299.5,2665
2026-07-02T11:40:00+05:30,3299.3,3299.9,3295.5,3299.9,3539
2026-07-02T11:45:00+05:30,3299.9,3303.9,3299.8,3303.7,6341
2026-07-02T11:50:00+05:30,3303,3305,3301.8,3303.9,2164
2026-07-02T11:55:00+05:30,3303.9,3306.9,3303,3305.9,4418
2026-07-02T12:00:00+05:30,3306,3323.5,3304.3,3322,45753
2026-07-02T12:05:00+05:30,3323,3325,3316.5,3320.1,25775
2026-07-02T12:10:00+05:30,3320,3321,3311.4,3319.8,46643
2026-07-02T12:15:00+05:30,3319.8,3320,3312.5,3318.2,6211
2026-07-02T12:20:00+05:30,3318.2,3318.2,3312.5,3313,4525
2026-07-02T12:25:00+05:30,3313.4,3318.3,3313,3317.4,4973
2026-07-02T12:30:00+05:30,3317.2,3317.4,3313.4,3315.3,8653
2026-07-02T12:35:00+05:30,3315.3,3326.8,3314.9,3326.5,28314
2026-07-02T12:40:00+05:30,3326.6,3341.8,3326.6,3332.8,50172
2026-07-02T12:45:00+05:30,3332.8,3334,3324.7,3329,14484
2026-07-02T12:50:00+05:30,3329,3332,3321.6,3323,9954
2026-07-02T12:55:00+05:30,3323,3324.6,3320.1,3320.8,5911
2026-07-02T13:00:00+05:30,3320.7,3326.8,3320.1,3324.5,9563
2026-07-02T13:05:00+05:30,3324.8,3328.1,3322.3,3326.4,6788
2026-07-02T13:10:00+05:30,3326.4,3330.9,3324,3330.5,6613
2026-07-02T13:15:00+05:30,3329.4,3331.4,3328.9,3330.8,17893
2026-07-02T13:20:00+05:30,3329.6,3336.1,3328.5,3334.6,19479
2026-07-02T13:25:00+05:30,3334.6,3339.8,3332.5,3333.8,11141
2026-07-02T13:30:00+05:30,3333.7,3333.9,3330,3330.5,5391
2026-07-02T13:35:00+05:30,3330.5,3333.3,3329.1,3332.7,8216
2026-07-02T13:40:00+05:30,3332,3344.9,3330,3344.4,20864
2026-07-02T13:45:00+05:30,3344.7,3344.9,3330.9,3331.7,18426
2026-07-02T13:50:00+05:30,3331.8,3335.9,3329.5,3331.2,22742
2026-07-02T13:55:00+05:30,3331.4,3333,3328.8,3330,11079
2026-07-02T14:00:00+05:30,3330,3331.7,3325,3327.5,49021
2026-07-02T14:05:00+05:30,3327.5,3331.2,3321.5,3323.7,26606
2026-07-02T14:10:00+05:30,3321.8,3323.7,3317.8,3321,10622
2026-07-02T14:15:00+05:30,3321,3321,3315,3316,14570
2026-07-02T14:20:00+05:30,3316,3320.3,3314.1,3317.5,10561
2026-07-02T14:25:00+05:30,3317.5,3321,3315.3,3315.4,13230
2026-07-02T14:30:00+05:30,3315.4,3329.6,3314.8,3328.8,28738
2026-07-02T14:35:00+05:30,3328.8,3332.9,3328.1,3331.9,10187
2026-07-02T14:40:00+05:30,3331.9,3339.3,3330,3334.1,14437
2026-07-02T14:45:00+05:30,3334.1,3338,3334,3334,11578
2026-07-02T14:50:00+05:30,3334,3335,3331.3,3334.4,10457
2026-07-02T14:55:00+05:30,3334.4,3334.4,3330,3330.5,14363
2026-07-02T15:00:00+05:30,3331,3331,3321.7,3324,13455
2026-07-02T15:05:00+05:30,3324,3324.3,3317.6,3318.8,18090
2026-07-02T15:10:00+05:30,3319.2,3321,3316.1,3317.4,13517
2026-07-02T15:15:00+05:30,3317.1,3318.8,3314.7,3314.7,21117
2026-07-02T15:20:00+05:30,3314.9,3315.6,3312,3313.2,29540
2026-07-02T15:25:00+05:30,3314.4,3319.2,3313,3317.2,21851
2026-07-03T09:15:00+05:30,3374,3374,3320.1,3342,94422
2026-07-03T09:20:00+05:30,3342,3347,3334.8,3345.3,22158
2026-07-03T09:25:00+05:30,3345,3350,3340,3341.4,26572
2026-07-03T09:30:00+05:30,3341.4,3346.5,3332,3332.2,15843
2026-07-03T09:35:00+05:30,3333,3342.4,3327.3,3341,19524
2026-07-03T09:40:00+05:30,3339.2,3344,3336.7,3342.2,9792
2026-07-03T09:45:00+05:30,3342.4,3343,3337.5,3340,8196
2026-07-03T09:50:00+05:30,3340,3343,3335.8,3342.5,6302
2026-07-03T09:55:00+05:30,3342.5,3355.9,3342.5,3354.3,33322
2026-07-03T10:00:00+05:30,3354.6,3358.3,3351.8,3353.7,22976
2026-07-03T10:05:00+05:30,3353.8,3373.1,3351.2,3372,53271
2026-07-03T10:10:00+05:30,3372,3380,3367.9,3375,47045
2026-07-03T10:15:00+05:30,3373.6,3399.7,3367.8,3397.6,73725
2026-07-03T10:20:00+05:30,3397.6,3398,3375.2,3387,38407
2026-07-03T10:25:00+05:30,3387,3393,3381.9,3384.7,20467
2026-07-03T10:30:00+05:30,3385,3397,3383.4,3391.1,36443
2026-07-03T10:35:00+05:30,3391.4,3391.4,3384.8,3384.9,19233
2026-07-03T10:40:00+05:30,3384.9,3386,3380,3382.8,18967
2026-07-03T10:45:00+05:30,3382.8,3382.9,3366.6,3380,41388
2026-07-03T10:50:00+05:30,3381.5,3382.8,3373.6,3378.1,15061
2026-07-03T10:55:00+05:30,3378.3,3379.6,3374.6,3374.6,14876
2026-07-03T11:00:00+05:30,3374.4,3377,3366.1,3367.8,11411
2026-07-03T11:05:00+05:30,3367.8,3369.5,3355,3357.3,32247
2026-07-03T11:10:00+05:30,3357.2,3366.9,3355.2,3362.6,14724
2026-07-03T11:15:00+05:30,3363.9,3367.3,3361.6,3363.9,9597
2026-07-03T11:20:00+05:30,3363.9,3366.9,3361.8,3363.3,11748
2026-07-03T11:25:00+05:30,3364,3364.6,3358.5,3363,13275
2026-07-03T11:30:00+05:30,3363,3367,3361.5,3364,12489
2026-07-03T11:35:00+05:30,3364,3364.4,3358.5,3364,8271
2026-07-03T11:40:00+05:30,3364,3367.1,3362.5,3363.4,9056
2026-07-03T11:45:00+05:30,3363.7,3367.1,3360.6,3366.6,8827
2026-07-03T11:50:00+05:30,3366.6,3368,3364.4,3367.7,8259
2026-07-03T11:55:00+05:30,3367.8,3371.2,3361.7,3363.8,14076
2026-07-03T12:00:00+05:30,3363.8,3368.3,3363.2,3366.9,3989
2026-07-03T12:05:00+05:30,3366.9,3370.2,3365.3,3369.2,8361
2026-07-03T12:10:00+05:30,3369,3373,3363.7,3368.2,9796
2026-07-03T12:15:00+05:30,3368.9,3372.7,3367,3372.5,6490
2026-07-03T12:20:00+05:30,3372.4,3373,3367.9,3370.7,5689
2026-07-03T12:25:00+05:30,3371,3371.7,3367.4,3368.5,7052
2026-07-03T12:30:00+05:30,3370.3,3371.5,3365.2,3367.3,13742
2026-07-03T12:35:00+05:30,3366.6,3369.2,3362.7,3368.7,13822
2026-07-03T12:40:00+05:30,3369,3370,3366.2,3366.5,7944
2026-07-03T12:45:00+05:30,3367.7,3375,3366.5,3370.6,10646
2026-07-03T12:50:00+05:30,3372.1,3374.4,3370,3371.4,7814
2026-07-03T12:55:00+05:30,3371.5,3373,3370,3373,11865
2026-07-03T13:00:00+05:30,3373,3373.7,3362.2,3362.2,13401
2026-07-03T13:05:00+05:30,3359,3359,3348.7,3351.5,36494
2026-07-03T13:10:00+05:30,3351.3,3353,3345.7,3351.6,19318
2026-07-03T13:15:00+05:30,3353,3355.5,3352,3354.6,8618
2026-07-03T13:20:00+05:30,3354.6,3363.4,3354.3,3361.6,14526
2026-07-03T13:25:00+05:30,3361.6,3367.2,3359.8,3367.2,15819
2026-07-03T13:30:00+05:30,3367.3,3367.6,3357,3360.5,12410
2026-07-03T13:35:00+05:30,3360.2,3361.8,3355.8,3360.4,12932
2026-07-03T13:40:00+05:30,3360.4,3363,3359.1,3360,8753
2026-07-03T13:45:00+05:30,3361,3363.9,3358.9,3363.1,8332
2026-07-03T13:50:00+05:30,3363.4,3367.2,3360.4,3365.5,10749
2026-07-03T13:55:00+05:30,3365.5,3365.5,3359.9,3363.2,7307
2026-07-03T14:00:00+05:30,3364.3,3364.5,3344.1,3345.1,47148
2026-07-03T14:05:00+05:30,3347.5,3351.8,3320,3330.2,54853
2026-07-03T14:10:00+05:30,3331.4,3348.3,3330.8,3347,9733
2026-07-03T14:15:00+05:30,3347.9,3354.9,3342.9,3352.1,8353
2026-07-03T14:20:00+05:30,3353.2,3358.3,3350,3357.1,19419
2026-07-03T14:25:00+05:30,3357.1,3363.5,3355.2,3358.6,17598
2026-07-03T14:30:00+05:30,3358.6,3361,3357.1,3357.9,6318
2026-07-03T14:35:00+05:30,3357.4,3359.7,3352.7,3354,20515
2026-07-03T14:40:00+05:30,3354,3358.9,3351.1,3354.1,19518
2026-07-03T14:45:00+05:30,3355,3356,3346.9,3353.4,21345
2026-07-03T14:50:00+05:30,3353.4,3353.5,3345.8,3348,10600
2026-07-03T14:55:00+05:30,3347.7,3349.4,3341.3,3343.5,13152
2026-07-03T15:00:00+05:30,3343.5,3350.1,3343.5,3346.6,23021
2026-07-03T15:05:00+05:30,3346.3,3348.5,3337.7,3343.3,25762
2026-07-03T15:10:00+05:30,3343.5,3347.9,3340.1,3343.1,44280
2026-07-03T15:15:00+05:30,3343.1,3343.4,3335,3336,32101
2026-07-03T15:20:00+05:30,3336,3339.1,3331,3332.3,23019
2026-07-03T15:25:00+05:30,3332.5,3340.9,3330,3333,23865
2026-07-06T09:15:00+05:30,3341,3350,3332,3338,22689
2026-07-06T09:20:00+05:30,3338,3347.9,3333.1,3343.2,10469
2026-07-06T09:25:00+05:30,3344,3351.9,3342.9,3351.3,13640
2026-07-06T09:30:00+05:30,3353.5,3363.7,3353.5,3362.9,19617
2026-07-06T09:35:00+05:30,3363,3364,3356.8,3358.3,7390
2026-07-06T09:40:00+05:30,3358.8,3365,3356.5,3358.6,15934
2026-07-06T09:45:00+05:30,3358.9,3361.6,3357,3359.6,4058
2026-07-06T09:50:00+05:30,3358.8,3364,3357.4,3364,4757
2026-07-06T09:55:00+05:30,3362.9,3364,3351.5,3351.5,11646
2026-07-06T10:00:00+05:30,3350.7,3353.9,3346.3,3352.9,16530
2026-07-06T10:05:00+05:30,3352.8,3355,3349.9,3352,3478
2026-07-06T10:10:00+05:30,3352,3354.5,3336.9,3338.8,17228
2026-07-06T10:15:00+05:30,3338.8,3346.5,3334,3341.4,22171
2026-07-06T10:20:00+05:30,3342.4,3345,3340.8,3342.8,8125
2026-07-06T10:25:00+05:30,3342.8,3345,3336.4,3341,11520
2026-07-06T10:30:00+05:30,3341,3343.5,3339,3342.8,4249
2026-07-06T10:35:00+05:30,3342.1,3348,3342.1,3346.7,2783
2026-07-06T10:40:00+05:30,3347,3349.9,3344,3348.5,4401
2026-07-06T10:45:00+05:30,3348.4,3350,3345.1,3345.4,4037
2026-07-06T10:50:00+05:30,3345.4,3346.7,3342.9,3344.9,2462
2026-07-06T10:55:00+05:30,3344.7,3344.9,3340,3344.2,11862
2026-07-06T11:00:00+05:30,3344.2,3349,3340.6,3348.9,3638
2026-07-06T11:05:00+05:30,3349.6,3349.6,3344.9,3347.3,2206
2026-07-06T11:10:00+05:30,3347.3,3354.5,3346.6,3350.5,6396
2026-07-06T11:15:00+05:30,3350.5,3351.8,3345,3346.7,2226
2026-07-06T11:20:00+05:30,3346,3347,3345.1,3346.2,2936
2026-07-06T11:25:00+05:30,3347,3347,3341.6,3342.6,1706
2026-07-06T11:30:00+05:30,3342.1,3345,3341.1,3344.1,2366
2026-07-06T11:35:00+05:30,3344.9,3345,3340.4,3341.3,3317
2026-07-06T11:40:00+05:30,3342.5,3343.6,3340.5,3342.6,1755
2026-07-06T11:45:00+05:30,3342.6,3344.9,3336.2,3336.2,6483
2026-07-06T11:50:00+05:30,3336.9,3340,3336,3339.9,11564
2026-07-06T11:55:00+05:30,3340,3345.9,3335.1,3335.1,22805
2026-07-06T12:00:00+05:30,3336,3337.4,3335,3335.6,2272
2026-07-06T12:05:00+05:30,3335.6,3341.1,3332,3333.7,15168
2026-07-06T12:10:00+05:30,3333.7,3334.3,3332,3332.4,3041
2026-07-06T12:15:00+05:30,3332.4,3336.6,3330.2,3334.9,3753
2026-07-06T12:20:00+05:30,3333.3,3336.5,3330.1,3335,3533
2026-07-06T12:25:00+05:30,3335,3339.5,3333.2,3337,2195
2026-07-06T12:30:00+05:30,3337.3,3338,3331,3334.5,6672
2026-07-06T12:35:00+05:30,3335.5,3336.6,3332,3334.9,2060
2026-07-06T12:40:00+05:30,3334,3338.4,3330.8,3336.7,3555
2026-07-06T12:45:00+05:30,3336.7,3353,3336.5,3349.3,12445
2026-07-06T12:50:00+05:30,3349.3,3352.9,3343.1,3346.1,6869
2026-07-06T12:55:00+05:30,3346.1,3359.5,3342,3353.8,14074
2026-07-06T13:00:00+05:30,3353.8,3355,3346.2,3348.6,5187
2026-07-06T13:05:00+05:30,3348.6,3348.7,3343,3343,20495
2026-07-06T13:10:00+05:30,3343,3354.8,3341.4,3353,26832
2026-07-06T13:15:00+05:30,3353.4,3354,3350.9,3352.3,3239
2026-07-06T13:20:00+05:30,3352.9,3353,3350.4,3351.1,1379
2026-07-06T13:25:00+05:30,3351.5,3354.9,3345.8,3347,11611
2026-07-06T13:30:00+05:30,3346.1,3349.3,3331.5,3344,56655
2026-07-06T13:35:00+05:30,3344,3346.5,3341.4,3342.2,19086
2026-07-06T13:40:00+05:30,3342.2,3347.8,3340.2,3340.2,9073
2026-07-06T13:45:00+05:30,3341.8,3344.2,3340.6,3341.7,4001
2026-07-06T13:50:00+05:30,3341.7,3342.7,3337,3340.3,4598
2026-07-06T13:55:00+05:30,3340,3340.6,3335,3335,6318
2026-07-06T14:00:00+05:30,3335,3345.7,3335,3343,19017
2026-07-06T14:05:00+05:30,3343,3345.3,3340.8,3344.9,15484
2026-07-06T14:10:00+05:30,3344.3,3345.1,3343.1,3343.9,10960
2026-07-06T14:15:00+05:30,3343.9,3346.1,3343,3344.8,21487
2026-07-06T14:20:00+05:30,3344.8,3345.3,3343.5,3345,12190
2026-07-06T14:25:00+05:30,3345,3345,3344,3344.7,9478
2026-07-06T14:30:00+05:30,3344.7,3345,3343,3344.6,9835
2026-07-06T14:35:00+05:30,3344.9,3345,3343.2,3344.9,9944
2026-07-06T14:40:00+05:30,3344.8,3345,3344.2,3344.7,12158
2026-07-06T14:45:00+05:30,3344.8,3345.3,3343.9,3344.5,10580
2026-07-06T14:50:00+05:30,3344.4,3345,3344.3,3345,14351
2026-07-06T14:55:00+05:30,3345,3345.9,3341.2,3343.1,12729
2026-07-06T15:00:00+05:30,3343.5,3345,3343.5,3344.2,16047
2026-07-06T15:05:00+05:30,3345,3345,3342,3343.6,11450
2026-07-06T15:10:00+05:30,3343.4,3345,3343.1,3344.1,11399
2026-07-06T15:15:00+05:30,3345,3345,3342,3343.3,19795
2026-07-06T15:20:00+05:30,3344.4,3345,3342.2,3344.3,31100
2026-07-06T15:25:00+05:30,3344.8,3344.8,3338.5,3340.1,20196
2026-07-07T09:15:00+05:30,3080,3080,3010,3027,1068466
2026-07-07T09:20:00+05:30,3017.6,3054.9,3017.6,3049.6,567018
2026-07-07T09:25:00+05:30,3050,3064.4,3042.8,3060.5,485007
2026-07-07T09:30:00+05:30,3061.8,3063.4,3046,3049.9,389036
2026-07-07T09:35:00+05:30,3049.9,3050,3032,3036.8,210770
2026-07-07T09:40:00+05:30,3037.2,3039.2,3012.1,3014,290405
2026-07-07T09:45:00+05:30,3014.4,3014.8,2992.5,3003.2,284139
2026-07-07T09:50:00+05:30,3002.9,3003.8,2981.1,2985,190968
2026-07-07T09:55:00+05:30,2985.2,2992.6,2978,2981.9,155287
2026-07-07T10:00:00+05:30,2980,2983,2966,2973.2,226450
2026-07-07T10:05:00+05:30,2973.1,2978.9,2966,2973,119458
2026-07-07T10:10:00+05:30,2974.1,2984,2966.5,2981.9,121247
2026-07-07T10:15:00+05:30,2984.7,2992,2981,2981.6,141444
2026-07-07T10:20:00+05:30,2979.6,2983.8,2976.1,2976.9,66330
2026-07-07T10:25:00+05:30,2976.7,2979.6,2968.7,2970.7,97429
2026-07-07T10:30:00+05:30,2971,2979.8,2970.1,2974.2,35116
2026-07-07T10:35:00+05:30,2974.2,2977.9,2970.7,2970.7,52319
2026-07-07T10:40:00+05:30,2971.2,2972.5,2963,2970.1,126285
2026-07-07T10:45:00+05:30,2970.7,2971.9,2965.5,2966.9,45326
2026-07-07T10:50:00+05:30,2967.5,2970.9,2965,2970.3,68477
2026-07-07T10:55:00+05:30,2970.3,2985,2967.3,2978.2,96004
2026-07-07T11:00:00+05:30,2978.4,2985.6,2974.5,2976.9,72465
2026-07-07T11:05:00+05:30,2976.9,2977,2965,2965.7,56529
2026-07-07T11:10:00+05:30,2966,2971.8,2961,2964.2,118578
2026-07-07T11:15:00+05:30,2964.2,2964.7,2956.6,2959.5,88322
2026-07-07T11:20:00+05:30,2958.9,2968,2952.8,2964.3,99199
2026-07-07T11:25:00+05:30,2964.3,2967.5,2960,2965.5,72191
2026-07-07T11:30:00+05:30,2965.5,2969.2,2956.6,2956.6,74918
2026-07-07T11:35:00+05:30,2956.1,2961,2947.3,2951,140740
2026-07-07T11:40:00+05:30,2951,2963.2,2950.1,2962,58330
2026-07-07T11:45:00+05:30,2961.5,2965,2958.5,2960.4,62380
2026-07-07T11:50:00+05:30,2960,2963,2958.7,2960.5,52656
2026-07-07T11:55:00+05:30,2960.5,2965,2960,2964,54003
2026-07-07T12:00:00+05:30,2964.7,2974.9,2963.2,2966.4,149134
2026-07-07T12:05:00+05:30,2966.7,2971.7,2966,2968,38507
2026-07-07T12:10:00+05:30,2968.1,2970,2966.5,2967,32673
2026-07-07T12:15:00+05:30,2967,2973,2966.4,2967.8,30727
2026-07-07T12:20:00+05:30,2967.6,2968.6,2960.1,2961.7,49899
2026-07-07T12:25:00+05:30,2961.2,2961.2,2951,2952.7,57128
2026-07-07T12:30:00+05:30,2952.7,2954,2948,2950,106998
2026-07-07T12:35:00+05:30,2950,2950,2944.6,2949.5,71494
2026-07-07T12:40:00+05:30,2949,2949.8,2943.6,2943.6,46463
2026-07-07T12:45:00+05:30,2944,2946.5,2939,2944,63844
2026-07-07T12:50:00+05:30,2943.9,2950.2,2941.1,2943,42250
2026-07-07T12:55:00+05:30,2943,2945.1,2938,2942.4,47747
2026-07-07T13:00:00+05:30,2942.3,2943,2940.1,2941.9,23871
2026-07-07T13:05:00+05:30,2941.6,2942,2932.7,2934.9,68346
2026-07-07T13:10:00+05:30,2934.5,2937,2930,2932.5,81801
2026-07-07T13:15:00+05:30,2932.3,2934,2931,2931.9,43745
2026-07-07T13:20:00+05:30,2932.9,2933.8,2931,2931.2,37430
2026-07-07T13:25:00+05:30,2931.2,2935.2,2929,2930.6,59191
2026-07-07T13:30:00+05:30,2930.2,2935,2929,2934.1,45275
2026-07-07T13:35:00+05:30,2934,2934.4,2928.1,2929,54680
2026-07-07T13:40:00+05:30,2929,2930.2,2926,2927.5,51223
2026-07-07T13:45:00+05:30,2927.5,2933.3,2925,2931,100821
2026-07-07T13:50:00+05:30,2931.6,2956,2930.5,2950,224467
2026-07-07T13:55:00+05:30,2950.6,2951.5,2950,2950,86649
2026-07-07T14:00:00+05:30,2950,2955,2950,2951.2,62820
2026-07-07T14:05:00+05:30,2951.2,2952.8,2950,2950.1,28544
2026-07-07T14:10:00+05:30,2950,2953.4,2950,2952,39593
2026-07-07T14:15:00+05:30,2951.9,2953,2950,2950.8,94163
2026-07-07T14:20:00+05:30,2950,2950.8,2941,2944.6,68235
2026-07-07T14:25:00+05:30,2944.6,2950,2942.8,2944.5,48433
2026-07-07T14:30:00+05:30,2944.9,2949.2,2942.4,2945.3,34622
2026-07-07T14:35:00+05:30,2945.6,2948.9,2945,2948.6,35030
2026-07-07T14:40:00+05:30,2948.4,2953.5,2946,2950.4,75694
2026-07-07T14:45:00+05:30,2950,2950,2945.1,2946.6,37134
2026-07-07T14:50:00+05:30,2946.6,2947.6,2940.3,2944,50829
2026-07-07T14:55:00+05:30,2943.6,2946.7,2941,2941.7,43338
2026-07-07T15:00:00+05:30,2941.7,2942.3,2932,2935.3,117837
2026-07-07T15:05:00+05:30,2935.2,2938,2930.3,2930.8,95978
2026-07-07T15:10:00+05:30,2930.3,2930.7,2921.1,2927.2,198800
2026-07-07T15:15:00+05:30,2928,2930.8,2925.1,2929.1,211883
2026-07-07T15:20:00+05:30,2929.9,2930.3,2921,2922.4,222054
2026-07-07T15:25:00+05:30,2922.3,2923.9,2920,2920.5,151032
2026-07-08T09:15:00+05:30,2921,2936.1,2907,2925.1,157745
2026-07-08T09:20:00+05:30,2925.9,2928,2918,2921.1,53754
2026-07-08T09:25:00+05:30,2921,2921,2906.8,2911.6,50992
2026-07-08T09:30:00+05:30,2912.4,2912.4,2895.1,2901.4,74997
2026-07-08T09:35:00+05:30,2900.3,2906.9,2896.8,2902,34486
2026-07-08T09:40:00+05:30,2901.7,2908.7,2899.8,2901.7,34551
2026-07-08T09:45:00+05:30,2900.3,2903.4,2892.4,2897.6,54143
2026-07-08T09:50:00+05:30,2897.6,2902.6,2895,2901.5,35577
2026-07-08T09:55:00+05:30,2901.9,2923.2,2900.1,2917.1,51093
2026-07-08T10:00:00+05:30,2917.1,2926.5,2916.5,2916.5,38962
2026-07-08T10:05:00+05:30,2916.9,2920,2905.1,2910,24916
2026-07-08T10:10:00+05:30,2910.8,2913.1,2905,2906.6,20037
2026-07-08T10:15:00+05:30,2906.8,2912.4,2905,2909,13762
2026-07-08T10:20:00+05:30,2909.2,2917,2907.6,2913.3,9958
2026-07-08T10:25:00+05:30,2913.3,2915.1,2910,2913.9,7486
2026-07-08T10:30:00+05:30,2916.6,2920,2915,2916.1,17225
2026-07-08T10:35:00+05:30,2916.2,2919.4,2914.2,2919,10340
2026-07-08T10:40:00+05:30,2919,2922,2916.7,2918.5,12458
2026-07-08T10:45:00+05:30,2917.3,2922.5,2915.2,2921.2,10545
2026-07-08T10:50:00+05:30,2921.3,2925,2919,2919.5,23367
2026-07-08T10:55:00+05:30,2919.5,2920.8,2917.5,2918.9,7650
2026-07-08T11:00:00+05:30,2918.8,2920.7,2916.6,2918,8284
2026-07-08T11:05:00+05:30,2918.1,2930,2918,2929.3,39286
2026-07-08T11:10:00+05:30,2929.2,2934.9,2928,2933.2,38377
2026-07-08T11:15:00+05:30,2934.5,2943.5,2930,2930,59578
2026-07-08T11:20:00+05:30,2930.1,2943,2930.1,2937.1,28526
2026-07-08T11:25:00+05:30,2937.2,2937.5,2926.7,2932,30921
2026-07-08T11:30:00+05:30,2931.9,2934,2927,2927.1,14417
2026-07-08T11:35:00+05:30,2927.3,2932.4,2927.3,2931.2,13043
2026-07-08T11:40:00+05:30,2931.1,2942,2929.8,2939.6,29865
2026-07-08T11:45:00+05:30,2939.5,2939.9,2935,2937,9810
2026-07-08T11:50:00+05:30,2937,2941.9,2936,2940.9,20750
2026-07-08T11:55:00+05:30,2940.9,2959,2940.3,2951,81624
2026-07-08T12:00:00+05:30,2950.9,2951,2943.1,2945.1,25775
2026-07-08T12:05:00+05:30,2944.5,2947.5,2943.1,2944.3,17172
2026-07-08T12:10:00+05:30,2944.5,2946,2943.1,2943.8,15592
2026-07-08T12:15:00+05:30,2944.5,2950.3,2940.1,2949,20387
2026-07-08T12:20:00+05:30,2950,2956.4,2945.3,2953.1,22565
2026-07-08T12:25:00+05:30,2953.7,2959,2951,2951.6,18785
2026-07-08T12:30:00+05:30,2952,2954,2950,2951.3,22847
2026-07-08T12:35:00+05:30,2952.4,2953.4,2946,2947,15995
2026-07-08T12:40:00+05:30,2947.5,2954,2946.3,2953.2,14809
2026-07-08T12:45:00+05:30,2953,2957.5,2952.8,2956.5,27334
2026-07-08T12:50:00+05:30,2957,2959.7,2955.1,2958.5,22885
2026-07-08T12:55:00+05:30,2958.1,2977,2952.5,2976,68280
2026-07-08T13:00:00+05:30,2975.2,2984.9,2967,2971.1,103523
2026-07-08T13:05:00+05:30,2971.5,2971.9,2964,2965,17543
2026-07-08T13:10:00+05:30,2965,2971.5,2965,2968.6,17079
2026-07-08T13:15:00+05:30,2968.6,2970.8,2965,2966.6,20339
2026-07-08T13:20:00+05:30,2966.6,2967,2959.2,2960.9,24198
2026-07-08T13:25:00+05:30,2960.8,2963.9,2957.1,2960,16566
2026-07-08T13:30:00+05:30,2960,2961,2956.4,2957.6,17063
2026-07-08T13:35:00+05:30,2957,2964,2956.5,2962.4,16596
2026-07-08T13:40:00+05:30,2963,2967.7,2960.6,2965,18241
2026-07-08T13:45:00+05:30,2964.4,2978.2,2952.4,2974.1,127029
2026-07-08T13:50:00+05:30,2974.1,2977.3,2962.1,2964.5,78681
2026-07-08T13:55:00+05:30,2964,2965,2946,2946.4,86808
2026-07-08T14:00:00+05:30,2947.8,2949.6,2929.6,2930.9,92582
2026-07-08T14:05:00+05:30,2930,2935.8,2923.9,2927,51040
2026-07-08T14:10:00+05:30,2928,2929.9,2920.7,2922.7,42130
2026-07-08T14:15:00+05:30,2923.5,2930.9,2921,2924,31825
2026-07-08T14:20:00+05:30,2924,2929,2922,2924.7,27008
2026-07-08T14:25:00+05:30,2926,2929,2920.4,2922.7,26994
2026-07-08T14:30:00+05:30,2922.4,2928.9,2920.2,2922.8,29899
2026-07-08T14:35:00+05:30,2922.8,2926.3,2917.8,2921.9,32051
2026-07-08T14:40:00+05:30,2921.9,2926.1,2917.7,2919,23794
2026-07-08T14:45:00+05:30,2919.2,2924.6,2915.8,2921.5,37274
2026-07-08T14:50:00+05:30,2922.3,2923.8,2915.3,2920.2,35824
2026-07-08T14:55:00+05:30,2920.5,2924.7,2900,2915.7,50648
2026-07-08T15:00:00+05:30,2917,2929.5,2917,2920.2,74308
2026-07-08T15:05:00+05:30,2920.3,2920.5,2913,2917.1,37242
2026-07-08T15:10:00+05:30,2917.9,2928,2917.2,2926.6,51334
2026-07-08T15:15:00+05:30,2926.9,2928,2925,2926.3,47408
2026-07-08T15:20:00+05:30,2926.8,2927.8,2922.2,2923,39904
2026-07-08T15:25:00+05:30,2923,2925,2916.5,2923,31610
2026-07-09T09:15:00+05:30,2945,2963.2,2938,2949,93300
2026-07-09T09:20:00+05:30,2949.2,2958.9,2948.5,2956.5,39255
2026-07-09T09:25:00+05:30,2956.5,2957.9,2951,2952.6,13021
2026-07-09T09:30:00+05:30,2950.3,2953.4,2948.2,2952.9,11627
2026-07-09T09:35:00+05:30,2952.1,2955,2948.4,2953.9,16151
2026-07-09T09:40:00+05:30,2954,2954.8,2945.9,2947.4,12372
2026-07-09T09:45:00+05:30,2946.9,2949.5,2925,2929.9,36776
2026-07-09T09:50:00+05:30,2929.3,2933.2,2925,2928.5,19585
2026-07-09T09:55:00+05:30,2928.7,2928.7,2920,2923,26648
2026-07-09T10:00:00+05:30,2922.5,2924.6,2916.4,2918,21482
2026-07-09T10:05:00+05:30,2917.5,2921.8,2916.4,2918.6,14727
2026-07-09T10:10:00+05:30,2918.6,2919.3,2915,2915,11175
2026-07-09T10:15:00+05:30,2915,2919.6,2915,2916,9336
2026-07-09T10:20:00+05:30,2916,2929.5,2914.2,2924.8,23037
2026-07-09T10:25:00+05:30,2923.9,2935.4,2920.7,2933.3,42797
2026-07-09T10:30:00+05:30,2932.7,2936.8,2925.7,2927.8,26572
2026-07-09T10:35:00+05:30,2928.7,2929.4,2922,2925.9,10197
2026-07-09T10:40:00+05:30,2927,2935.6,2925.1,2926,12080
2026-07-09T10:45:00+05:30,2926.9,2927.4,2916,2917,10656
2026-07-09T10:50:00+05:30,2916.3,2919.4,2915.2,2918.7,8546
2026-07-09T10:55:00+05:30,2918.7,2919,2913.3,2915,9631
2026-07-09T11:00:00+05:30,2914,2917.7,2912.1,2917,8090
2026-07-09T11:05:00+05:30,2917,2918.9,2913.2,2916.3,8385
2026-07-09T11:10:00+05:30,2915.1,2918.6,2914.8,2916.3,6527
2026-07-09T11:15:00+05:30,2916.3,2919.8,2914.8,2919,10831
2026-07-09T11:20:00+05:30,2919,2919.2,2913.5,2914.5,6525
2026-07-09T11:25:00+05:30,2914.4,2920.5,2913.3,2920,8025
2026-07-09T11:30:00+05:30,2919,2920.5,2913.5,2914.5,11356
2026-07-09T11:35:00+05:30,2914.2,2916,2910,2911.1,16208
2026-07-09T11:40:00+05:30,2911.1,2919.9,2911.1,2918.5,12255
2026-07-09T11:45:00+05:30,2918,2920,2915,2919,10690
2026-07-09T11:50:00+05:30,2919,2919.9,2915.2,2918.2,9130
2026-07-09T11:55:00+05:30,2918.3,2919.5,2916,2918.5,4894
2026-07-09T12:00:00+05:30,2918.5,2924.6,2916,2924.2,10336
2026-07-09T12:05:00+05:30,2924.2,2926.9,2920,2925.8,9100
2026-07-09T12:10:00+05:30,2925.9,2929.9,2924.3,2928.1,10099
2026-07-09T12:15:00+05:30,2928.2,2941.2,2926.9,2937,41831
2026-07-09T12:20:00+05:30,2937,2940,2934.5,2938.7,17370
2026-07-09T12:25:00+05:30,2938.9,2939,2932.6,2935.9,12431
2026-07-09T12:30:00+05:30,2935,2938.9,2932.7,2937.6,10375
2026-07-09T12:35:00+05:30,2937.6,2941,2934.6,2936.7,11938
2026-07-09T12:40:00+05:30,2936.7,2937.5,2930.3,2934.4,9839
2026-07-09T12:45:00+05:30,2934.4,2934.9,2925.1,2926.3,13081
2026-07-09T12:50:00+05:30,2926.3,2928,2923.5,2927.6,13019
2026-07-09T12:55:00+05:30,2927.6,2927.6,2921.2,2922.5,11115
2026-07-09T13:00:00+05:30,2922,2924,2920,2923.1,9436
2026-07-09T13:05:00+05:30,2923.3,2923.3,2920,2923,8378
2026-07-09T13:10:00+05:30,2923,2925.8,2921.2,2923.2,10668
2026-07-09T13:15:00+05:30,2923.2,2925.1,2921.1,2922.3,7558
2026-07-09T13:20:00+05:30,2923.3,2924.1,2916.8,2916.8,15398
2026-07-09T13:25:00+05:30,2916.8,2920,2916,2918,10499
2026-07-09T13:30:00+05:30,2918,2919.1,2915.7,2916.9,10022
2026-07-09T13:35:00+05:30,2916.9,2919.3,2915,2916.9,12278
2026-07-09T13:40:00+05:30,2915.5,2921.8,2913.4,2919.3,28930
2026-07-09T13:45:00+05:30,2919.3,2923.9,2917.7,2922.4,15952
2026-07-09T13:50:00+05:30,2922.4,2923.5,2920,2920.3,8498
2026-07-09T13:55:00+05:30,2921,2921.3,2915.3,2917.2,13593
2026-07-09T14:00:00+05:30,2917.5,2922.3,2916.1,2920.6,14606
2026-07-09T14:05:00+05:30,2920.7,2921.9,2916.3,2917.4,9766
2026-07-09T14:10:00+05:30,2917.4,2919.9,2916,2919,10998
2026-07-09T14:15:00+05:30,2917.4,2921.5,2917,2917.4,12005
2026-07-09T14:20:00+05:30,2917.4,2918.8,2914.3,2916.9,11099
2026-07-09T14:25:00+05:30,2916.9,2929.5,2916.4,2928.1,93709
2026-07-09T14:30:00+05:30,2928.1,2932.9,2927.4,2927.6,29163
2026-07-09T14:35:00+05:30,2927.6,2929.2,2922.6,2924.9,15650
2026-07-09T14:40:00+05:30,2924.9,2925.7,2920,2923,14559
2026-07-09T14:45:00+05:30,2923,2923.6,2919.4,2920,33352
2026-07-09T14:50:00+05:30,2920,2923.3,2914.8,2914.8,24500
2026-07-09T14:55:00+05:30,2915.6,2919.1,2915,2916.9,11403
2026-07-09T15:00:00+05:30,2917,2917,2904.2,2904.5,52426
2026-07-09T15:05:00+05:30,2904.3,2907.8,2900.1,2904,31613
2026-07-09T15:10:00+05:30,2903.9,2904.4,2900.1,2902.6,21295
2026-07-09T15:15:00+05:30,2902.6,2907,2899,2899.9,61519
2026-07-09T15:20:00+05:30,2899.9,2908,2895.5,2903.9,107228
2026-07-09T15:25:00+05:30,2903.9,2910,2902,2904,86716
2026-07-10T09:15:00+05:30,2934,2938.7,2914.1,2923.6,37233
2026-07-10T09:20:00+05:30,2924.6,2934.6,2921.8,2929.1,38949
2026-07-10T09:25:00+05:30,2928.9,2930,2925.6,2927.3,10657
2026-07-10T09:30:00+05:30,2927.8,2931,2925,2929.9,13936
2026-07-10T09:35:00+05:30,2927.9,2929.6,2916.8,2920.7,19350
2026-07-10T09:40:00+05:30,2922,2923.3,2915.1,2915.4,18130
2026-07-10T09:45:00+05:30,2916.7,2917,2906.9,2915,34705
2026-07-10T09:50:00+05:30,2914,2918.5,2913.5,2916,10024
2026-07-10T09:55:00+05:30,2916.9,2917.9,2913,2913.8,10134
2026-07-10T10:00:00+05:30,2913.8,2917.9,2913.6,2917.4,3311
2026-07-10T10:05:00+05:30,2917.3,2919.5,2915,2918.3,9156
2026-07-10T10:10:00+05:30,2918,2920.9,2915.5,2920.9,7482
2026-07-10T10:15:00+05:30,2920.9,2926.6,2916.1,2923.6,12083
2026-07-10T10:20:00+05:30,2923.5,2923.8,2918,2918,4806
2026-07-10T10:25:00+05:30,2919,2920,2918.3,2919,3291
2026-07-10T10:30:00+05:30,2919,2919.5,2915.2,2916.1,7090
2026-07-10T10:35:00+05:30,2916.8,2922.5,2915.2,2917.8,4535
2026-07-10T10:40:00+05:30,2918.2,2924,2917.7,2923.2,6656
2026-07-10T10:45:00+05:30,2923.2,2927.6,2921,2921,14214
2026-07-10T10:50:00+05:30,2922,2923,2920.2,2920.9,3711
2026-07-10T10:55:00+05:30,2920.9,2922.9,2918,2918.7,11436
2026-07-10T11:00:00+05:30,2918.4,2920,2915.1,2915.7,5098
2026-07-10T11:05:00+05:30,2915,2915.2,2910,2912.9,14063
2026-07-10T11:10:00+05:30,2912.4,2915,2910.1,2910.9,7227
2026-07-10T11:15:00+05:30,2911,2911,2903.3,2905,18985
2026-07-10T11:20:00+05:30,2905,2906.5,2900,2903,23164
2026-07-10T11:25:00+05:30,2902.5,2906,2897.2,2900.4,36962
2026-07-10T11:30:00+05:30,2900.7,2909.1,2900.7,2906,13190
2026-07-10T11:35:00+05:30,2905.5,2907.6,2904,2906.5,5893
2026-07-10T11:40:00+05:30,2906.2,2914.8,2905.5,2908.3,31914
2026-07-10T11:45:00+05:30,2908.3,2911.1,2903,2905,10123
2026-07-10T11:50:00+05:30,2905.1,2906.3,2902.3,2904,11216
2026-07-10T11:55:00+05:30,2904,2908.2,2903.9,2905,12402
2026-07-10T12:00:00+05:30,2906.5,2906.8,2902.3,2906,24170
2026-07-10T12:05:00+05:30,2906,2909.5,2903.4,2905.3,19666
2026-07-10T12:10:00+05:30,2905.4,2907.3,2902.8,2906,7059
2026-07-10T12:15:00+05:30,2906.1,2906.4,2901,2902.6,15313
2026-07-10T12:20:00+05:30,2902.5,2903.7,2900,2902.9,8605
2026-07-10T12:25:00+05:30,2902.9,2903,2900.8,2902,5323
2026-07-10T12:30:00+05:30,2902.8,2903.5,2901.2,2902.5,5461
2026-07-10T12:35:00+05:30,2902.3,2903.7,2900,2901.5,9940
2026-07-10T12:40:00+05:30,2901.2,2902.7,2900,2902.2,5851
2026-07-10T12:45:00+05:30,2902.2,2903.4,2901.5,2902.5,3474
2026-07-10T12:50:00+05:30,2903.3,2905,2902.5,2904.5,3922
2026-07-10T12:55:00+05:30,2904.5,2905.8,2901.5,2902,13969
2026-07-10T13:00:00+05:30,2902.3,2904.5,2901.9,2903.1,5347
2026-07-10T13:05:00+05:30,2904,2905.2,2901.6,2903.3,4294
2026-07-10T13:10:00+05:30,2904.2,2909,2902.4,2907,10816
2026-07-10T13:15:00+05:30,2906.5,2908.1,2904.4,2904.9,7948
2026-07-10T13:20:00+05:30,2904.9,2905,2902.1,2902.2,2934
2026-07-10T13:25:00+05:30,2902.2,2902.7,2900,2901,15028
2026-07-10T13:30:00+05:30,2900.4,2902.4,2900.2,2901.9,3786
2026-07-10T13:35:00+05:30,2902,2905.4,2900.4,2903.6,6607
2026-07-10T13:40:00+05:30,2904.1,2905.3,2902.7,2902.7,3223
2026-07-10T13:45:00+05:30,2902.7,2905.4,2902.7,2905.2,5438
2026-07-10T13:50:00+05:30,2905.2,2905.7,2901.8,2903.6,17199
2026-07-10T13:55:00+05:30,2903,2904,2901,2901.3,7426
2026-07-10T14:00:00+05:30,2902.5,2903,2900.2,2901,5315
2026-07-10T14:05:00+05:30,2900.6,2902.5,2900.1,2900.1,3953
2026-07-10T14:10:00+05:30,2900.2,2901.2,2899,2899.8,17528
2026-07-10T14:15:00+05:30,2900,2900.3,2896.8,2899.6,13464
2026-07-10T14:20:00+05:30,2899.7,2903.6,2899,2903.6,13614
2026-07-10T14:25:00+05:30,2903.4,2904,2901.9,2902.9,3554
2026-07-10T14:30:00+05:30,2903,2904,2901.2,2903.1,7914
2026-07-10T14:35:00+05:30,2903.1,2906.7,2903,2903.9,19472
2026-07-10T14:40:00+05:30,2904.8,2906.2,2903.2,2904.6,27285
2026-07-10T14:45:00+05:30,2905.4,2906.1,2904,2904,12840
2026-07-10T14:50:00+05:30,2904.2,2904.8,2901.3,2902.8,10884
2026-07-10T14:55:00+05:30,2902.8,2905,2901.4,2901.9,11238
2026-07-10T15:00:00+05:30,2901.9,2904.3,2901.4,2902.9,29780
2026-07-10T15:05:00+05:30,2902.7,2904.3,2901.6,2904.3,42774
2026-07-10T15:10:00+05:30,2903.7,2905.1,2899.1,2900,60919
2026-07-10T15:15:00+05:30,2899.7,2904,2899.3,2903.5,38472
2026-07-10T15:20:00+05:30,2903.3,2904.9,2902,2904.9,37089
2026-07-10T15:25:00+05:30,2904.9,2905,2902.9,2903.1,46915
2026-07-13T09:15:00+05:30,2884,2884,2862.5,2880.7,37360
2026-07-13T09:20:00+05:30,2879.9,2889.9,2878.5,2889.3,33458
2026-07-13T09:25:00+05:30,2888.8,2896,2887,2895.1,20255
2026-07-13T09:30:00+05:30,2895.7,2896,2888.5,2893.1,17022
2026-07-13T09:35:00+05:30,2894.7,2894.7,2887.1,2889.8,8280
2026-07-13T09:40:00+05:30,2889.9,2894.7,2887.6,2892,11458
2026-07-13T09:45:00+05:30,2891.4,2898,2890.8,2896.7,7959
2026-07-13T09:50:00+05:30,2896.7,2902.8,2895,2898.4,19188
2026-07-13T09:55:00+05:30,2898.4,2899.6,2895,2899,8561
2026-07-13T10:00:00+05:30,2898.5,2908,2898.5,2908,13360
2026-07-13T10:05:00+05:30,2906.9,2913.4,2900.7,2901.4,21878
2026-07-13T10:10:00+05:30,2902.2,2904.2,2900,2903.9,5477
2026-07-13T10:15:00+05:30,2902.7,2903.5,2900.7,2902,5024
2026-07-13T10:20:00+05:30,2902.9,2907,2901,2905.4,6730
2026-07-13T10:25:00+05:30,2905.4,2907.2,2904.1,2906,3852
2026-07-13T10:30:00+05:30,2906.6,2907.5,2905.5,2907.2,3768
2026-07-13T10:35:00+05:30,2907,2908.8,2905.3,2905.9,4210
2026-07-13T10:40:00+05:30,2905.9,2907.8,2903.2,2905.9,3719
2026-07-13T10:45:00+05:30,2906,2909.2,2903.6,2903.7,5339
2026-07-13T10:50:00+05:30,2903.7,2905.7,2903,2903.1,2947
2026-07-13T10:55:00+05:30,2903.1,2904.9,2900.2,2902.9,15086
2026-07-13T11:00:00+05:30,2903.5,2904.2,2900.2,2901.1,2833
2026-07-13T11:05:00+05:30,2901.1,2904.7,2900.7,2903.6,6598
2026-07-13T11:10:00+05:30,2903.5,2903.8,2900.7,2903,2340
2026-07-13T11:15:00+05:30,2903,2903.1,2898.3,2901.4,4859
2026-07-13T11:20:00+05:30,2901.4,2902.6,2893.1,2893.3,15610
2026-07-13T11:25:00+05:30,2893.3,2894.5,2887,2889.3,13470
2026-07-13T11:30:00+05:30,2889.3,2899,2888.3,2895.9,114396
2026-07-13T11:35:00+05:30,2895.9,2902,2895.1,2900,40433
2026-07-13T11:40:00+05:30,2899.3,2903.9,2899,2899.8,19753
2026-07-13T11:45:00+05:30,2900,2901.2,2897.6,2900.4,11011
2026-07-13T11:50:00+05:30,2900,2901.2,2896.6,2897.4,6152
2026-07-13T11:55:00+05:30,2897.4,2897.9,2895.5,2895.6,5084
2026-07-13T12:00:00+05:30,2895.5,2898,2893.2,2897,5796
2026-07-13T12:05:00+05:30,2897,2898,2893,2895.6,8225
2026-07-13T12:10:00+05:30,2895.6,2899.9,2895.4,2896.8,4508
2026-07-13T12:15:00+05:30,2896.8,2899.9,2896.8,2899.2,4283
2026-07-13T12:20:00+05:30,2899.7,2903.8,2897,2898.7,8043
2026-07-13T12:25:00+05:30,2898.6,2901.8,2897,2897.9,8203
2026-07-13T12:30:00+05:30,2897.9,2900.5,2896.9,2898.9,4481
2026-07-13T12:35:00+05:30,2898.9,2903.4,2898.8,2902.7,4484
2026-07-13T12:40:00+05:30,2902.7,2904.7,2897.2,2903,18554
2026-07-13T12:45:00+05:30,2903,2904.2,2900.7,2903.8,5130
2026-07-13T12:50:00+05:30,2903.8,2911.9,2903,2908,40989
2026-07-13T12:55:00+05:30,2908,2908.1,2902.7,2903.8,8409
2026-07-13T13:00:00+05:30,2903.8,2907.1,2902.7,2906.1,7925
2026-07-13T13:05:00+05:30,2906.3,2907.5,2905,2906.2,3443
2026-07-13T13:10:00+05:30,2906.2,2907.5,2904.6,2907,4987
2026-07-13T13:15:00+05:30,2907,2910.7,2904.5,2905.9,11538
2026-07-13T13:20:00+05:30,2905.7,2908,2904.8,2906,6774
2026-07-13T13:25:00+05:30,2906,2906,2901.4,2902.8,14434
2026-07-13T13:30:00+05:30,2902.8,2907,2902.8,2904.4,6994
2026-07-13T13:35:00+05:30,2904.4,2908,2902.8,2903.7,8031
2026-07-13T13:40:00+05:30,2903.4,2903.8,2900.8,2902.1,6864
2026-07-13T13:45:00+05:30,2902.1,2910,2902,2908.3,17717
2026-07-13T13:50:00+05:30,2908.3,2908.4,2903.5,2907.9,9409
2026-07-13T13:55:00+05:30,2907.9,2908,2905,2905.7,8516
2026-07-13T14:00:00+05:30,2905.7,2906.4,2903.4,2904.4,7047
2026-07-13T14:05:00+05:30,2904.4,2906,2903,2904.7,8853
2026-07-13T14:10:00+05:30,2904.7,2914.9,2904.2,2911.2,13816
2026-07-13T14:15:00+05:30,2910.6,2910.7,2904,2905.4,28072
2026-07-13T14:20:00+05:30,2905.4,2906,2903.1,2903.2,7263
2026-07-13T14:25:00+05:30,2903.2,2905,2903,2903.8,5123
2026-07-13T14:30:00+05:30,2903.8,2907.2,2900,2901,20835
2026-07-13T14:35:00+05:30,2901.2,2906.3,2900,2902.4,14896
2026-07-13T14:40:00+05:30,2902,2904.6,2898.5,2900.5,40207
2026-07-13T14:45:00+05:30,2900.5,2904.3,2900.5,2903,9766
2026-07-13T14:50:00+05:30,2902.4,2907.3,2902.3,2904.3,19353
2026-07-13T14:55:00+05:30,2903.6,2904.3,2900.1,2901.2,18918
2026-07-13T15:00:00+05:30,2900.1,2902.3,2898,2901.8,30880
2026-07-13T15:05:00+05:30,2901.8,2901.8,2897.3,2898.2,23790
2026-07-13T15:10:00+05:30,2898.4,2898.8,2895.9,2897.8,29275
2026-07-13T15:15:00+05:30,2900.2,2902.4,2898.4,2900.5,45590
2026-07-13T15:20:00+05:30,2900.5,2903.2,2900,2901.4,29825
2026-07-13T15:25:00+05:30,2901.4,2904.5,2900,2901,29871
2026-07-14T09:15:00+05:30,2900,2900,2880,2882.2,28239
2026-07-14T09:20:00+05:30,2882.2,2883.5,2875.6,2879.3,24736
2026-07-14T09:25:00+05:30,2879.4,2885,2877,2881,14785
2026-07-14T09:30:00+05:30,2880.1,2882.5,2872.5,2876.2,14723
2026-07-14T09:35:00+05:30,2875.6,2878.1,2873,2874.6,11957
2026-07-14T09:40:00+05:30,2874.8,2881.7,2870.7,2881.7,10978
2026-07-14T09:45:00+05:30,2881.8,2883.2,2878.1,2882,8869
2026-07-14T09:50:00+05:30,2882.3,2887.5,2881.7,2882,5944
2026-07-14T09:55:00+05:30,2882.1,2887,2880.1,2887,4710
2026-07-14T10:00:00+05:30,2886.1,2888,2884.3,2887.4,5286
2026-07-14T10:05:00+05:30,2887.4,2888,2881.7,2885.8,3523
2026-07-14T10:10:00+05:30,2885.7,2886.2,2882,2884.3,2495
2026-07-14T10:15:00+05:30,2884.3,2884.3,2871.4,2873.3,10478
2026-07-14T10:20:00+05:30,2873.9,2880.8,2873.3,2878.6,5116
2026-07-14T10:25:00+05:30,2878.6,2879.5,2876.1,2879,2593
2026-07-14T10:30:00+05:30,2879,2882.8,2877.2,2882.6,2384
2026-07-14T10:35:00+05:30,2882.9,2883,2876,2878,10908
2026-07-14T10:40:00+05:30,2879.1,2879.4,2876.3,2877.4,4164
2026-07-14T10:45:00+05:30,2877.1,2881,2877,2880.3,3546
2026-07-14T10:50:00+05:30,2880.3,2882.4,2878.8,2879.1,4685
2026-07-14T10:55:00+05:30,2878.6,2879.6,2872,2873.7,15430
2026-07-14T11:00:00+05:30,2873.9,2877.6,2873.6,2875,6262
2026-07-14T11:05:00+05:30,2875.6,2877.1,2874,2874.9,4667
2026-07-14T11:10:00+05:30,2875.7,2880,2874.5,2878,2443
2026-07-14T11:15:00+05:30,2878,2879.4,2876.4,2877.6,6671
2026-07-14T11:20:00+05:30,2877.2,2879,2876.1,2879,3675
2026-07-14T11:25:00+05:30,2878.7,2878.8,2875,2877,2934
2026-07-14T11:30:00+05:30,2876.4,2877.6,2875.2,2875.6,808
2026-07-14T11:35:00+05:30,2875.8,2878.1,2875,2877,4647
2026-07-14T11:40:00+05:30,2877,2877,2872,2873.4,6386
2026-07-14T11:45:00+05:30,2873.4,2874,2871.1,2872,5126
2026-07-14T11:50:00+05:30,2872.8,2872.8,2870,2871,13170
2026-07-14T11:55:00+05:30,2871.1,2879,2868.3,2874.1,51180
2026-07-14T12:00:00+05:30,2874,2875.4,2871,2872.1,5671
2026-07-14T12:05:00+05:30,2872.5,2873.8,2871,2872.3,3722
2026-07-14T12:10:00+05:30,2872.3,2874.7,2871,2874,2315
2026-07-14T12:15:00+05:30,2874.1,2874.1,2868.4,2868.4,4615
2026-07-14T12:20:00+05:30,2868.8,2871.3,2868,2870,5510
2026-07-14T12:25:00+05:30,2870,2870.2,2865,2866.5,7995
2026-07-14T12:30:00+05:30,2866.4,2866.5,2862.5,2864.1,10042
2026-07-14T12:35:00+05:30,2864.4,2867,2864,2866.6,9061
2026-07-14T12:40:00+05:30,2866.5,2866.5,2862,2862.5,8239
2026-07-14T12:45:00+05:30,2862.5,2865,2862.2,2863.8,5422
2026-07-14T12:50:00+05:30,2864,2865.8,2862.2,2863.4,4648
2026-07-14T12:55:00+05:30,2863.5,2865.9,2862.7,2864.1,7316
2026-07-14T13:00:00+05:30,2864.2,2864.2,2860,2863,9007
2026-07-14T13:05:00+05:30,2862.4,2865.3,2860,2862,13890
2026-07-14T13:10:00+05:30,2862,2862.3,2857.2,2858.9,9476
2026-07-14T13:15:00+05:30,2859,2862,2857.4,2861.4,8779
2026-07-14T13:20:00+05:30,2862,2863.5,2859,2859.4,6661
2026-07-14T13:25:00+05:30,2859.4,2861,2856.8,2859.3,4571
2026-07-14T13:30:00+05:30,2859.3,2860.4,2857.7,2858.1,3380
2026-07-14T13:35:00+05:30,2858.3,2859.7,2855.2,2857,7215
2026-07-14T13:40:00+05:30,2857,2858.6,2856,2857.2,2985
2026-07-14T13:45:00+05:30,2857.5,2859.9,2855.9,2856.7,6510
2026-07-14T13:50:00+05:30,2856.7,2859.7,2856.2,2858.6,6730
2026-07-14T13:55:00+05:30,2858.6,2861.7,2857.8,2861.4,11353
2026-07-14T14:00:00+05:30,2861.4,2866.9,2858.5,2861,22145
2026-07-14T14:05:00+05:30,2861.4,2865.5,2861,2863,6216
2026-07-14T14:10:00+05:30,2863,2868,2863,2865.7,15412
2026-07-14T14:15:00+05:30,2865.5,2868.5,2865.4,2866.1,4674
2026-07-14T14:20:00+05:30,2866.1,2868.4,2865,2866.2,10716
2026-07-14T14:25:00+05:30,2866.2,2868,2864.4,2866,14787
2026-07-14T14:30:00+05:30,2866.5,2867.9,2863.8,2864.8,6721
2026-07-14T14:35:00+05:30,2863.8,2867.4,2863.8,2866.7,7360
2026-07-14T14:40:00+05:30,2866.8,2867.1,2865,2865.6,4156
2026-07-14T14:45:00+05:30,2865.3,2866,2861.6,2864,18857
2026-07-14T14:50:00+05:30,2864,2865.3,2863.2,2865,5977
2026-07-14T14:55:00+05:30,2864.7,2866,2862.1,2865,10355
2026-07-14T15:00:00+05:30,2864.2,2870,2864.2,2869.9,40408
2026-07-14T15:05:00+05:30,2869.8,2872,2867.8,2871.7,57575
2026-07-14T15:10:00+05:30,2871.6,2872,2868.4,2869.9,20590
2026-07-14T15:15:00+05:30,2869.8,2870,2866.4,2868,22971
2026-07-14T15:20:00+05:30,2868.1,2869.7,2867.1,2869.5,19017
2026-07-14T15:25:00+05:30,2869.6,2869.8,2865.6,2865.9,22219
2026-07-15T09:15:00+05:30,2875,2885,2871,2879.6,18436
2026-07-15T09:20:00+05:30,2880,2895,2875,2892.1,23549
2026-07-15T09:25:00+05:30,2892.1,2897,2890.9,2891.3,19138
2026-07-15T09:30:00+05:30,2891.8,2896,2890,2891,7810
2026-07-15T09:35:00+05:30,2891.3,2897.4,2891.3,2895.5,9958
2026-07-15T09:40:00+05:30,2897,2897,2885.2,2889,15620
2026-07-15T09:45:00+05:30,2889.2,2889.5,2885.9,2887,6266
2026-07-15T09:50:00+05:30,2887,2888.5,2885.4,2887.3,5400
2026-07-15T09:55:00+05:30,2887.3,2887.3,2879.1,2880,18219
2026-07-15T10:00:00+05:30,2879.9,2883.4,2879.5,2882.7,8283
2026-07-15T10:05:00+05:30,2882.7,2882.8,2878.8,2880,4246
2026-07-15T10:10:00+05:30,2879.8,2881.6,2874.6,2875,9531
2026-07-15T10:15:00+05:30,2875,2876.5,2872.2,2874.9,9823
2026-07-15T10:20:00+05:30,2875,2876.8,2873.6,2874.5,10795
2026-07-15T10:25:00+05:30,2874.5,2874.9,2873,2874.4,4428
2026-07-15T10:30:00+05:30,2874.2,2877.7,2873.6,2877,4364
2026-07-15T10:35:00+05:30,2876.2,2877.4,2873.8,2874,4225
2026-07-15T10:40:00+05:30,2874,2875.3,2873.6,2874.9,2065
2026-07-15T10:45:00+05:30,2874.1,2875,2872.1,2873.4,4698
2026-07-15T10:50:00+05:30,2874.4,2879.3,2869.1,2877,31606
2026-07-15T10:55:00+05:30,2877.1,2881.2,2871.7,2874.6,35024
2026-07-15T11:00:00+05:30,2874.6,2879.9,2874.3,2876.9,9221
2026-07-15T11:05:00+05:30,2876.9,2878.5,2873.9,2874.2,8321
2026-07-15T11:10:00+05:30,2874.2,2885,2874.2,2877.3,16440
2026-07-15T11:15:00+05:30,2877.3,2878.9,2874.4,2874.9,11488
2026-07-15T11:20:00+05:30,2874.9,2875.6,2872,2874.8,5306
2026-07-15T11:25:00+05:30,2873.8,2879.6,2873.8,2879.6,4831
2026-07-15T11:30:00+05:30,2879.5,2879.5,2874.1,2876.2,11039
2026-07-15T11:35:00+05:30,2875.1,2878.6,2875,2877.9,2202
2026-07-15T11:40:00+05:30,2878.7,2878.9,2874.1,2874.5,8637
2026-07-15T11:45:00+05:30,2875,2882.4,2874.2,2881.1,28548
2026-07-15T11:50:00+05:30,2882.2,2883,2875.7,2880.9,53406
2026-07-15T11:55:00+05:30,2880.9,2883,2876,2878.3,5645
2026-07-15T12:00:00+05:30,2878.3,2881.7,2876.7,2878.5,4147
2026-07-15T12:05:00+05:30,2878.5,2879.2,2874,2875.8,10855
2026-07-15T12:10:00+05:30,2876.1,2877.9,2873.5,2876.5,3599
2026-07-15T12:15:00+05:30,2876.4,2883,2874,2881.4,11750
2026-07-15T12:20:00+05:30,2881.7,2886,2880.6,2882.3,11281
2026-07-15T12:25:00+05:30,2882.5,2883.1,2881.4,2882.9,3177
2026-07-15T12:30:00+05:30,2882.9,2883.5,2877,2878,24131
2026-07-15T12:35:00+05:30,2878,2883.1,2877,2877.1,9582
2026-07-15T12:40:00+05:30,2877.1,2878.8,2870,2870,19946
2026-07-15T12:45:00+05:30,2870.2,2871.9,2868.4,2870,11403
2026-07-15T12:50:00+05:30,2869.6,2870,2864.9,2865.5,10362
2026-07-15T12:55:00+05:30,2866,2867.9,2857.4,2865.9,22910
2026-07-15T13:00:00+05:30,2865.6,2866.9,2864,2864.3,7807
2026-07-15T13:05:00+05:30,2864.9,2865,2863.4,2864.3,3871
2026-07-15T13:10:00+05:30,2864.3,2866.3,2864.2,2864.5,7868
2026-07-15T13:15:00+05:30,2864.8,2867.9,2864.3,2867.9,4296
2026-07-15T13:20:00+05:30,2867.9,2869.2,2867.5,2869,6421
2026-07-15T13:25:00+05:30,2869.2,2871.7,2867.5,2869.5,6697
2026-07-15T13:30:00+05:30,2869.8,2874,2868.3,2872,19003
2026-07-15T13:35:00+05:30,2872.4,2872.9,2866.9,2868,3859
2026-07-15T13:40:00+05:30,2867.3,2867.6,2864.2,2866.1,9306
2026-07-15T13:45:00+05:30,2865.7,2869.1,2864.5,2866.4,15773
2026-07-15T13:50:00+05:30,2866.4,2867.1,2864.5,2864.6,4995
2026-07-15T13:55:00+05:30,2864.7,2865,2862.1,2864,11399
2026-07-15T14:00:00+05:30,2864,2871.1,2864,2866.4,12279
2026-07-15T14:05:00+05:30,2866.6,2868.9,2866.2,2867.7,7334
2026-07-15T14:10:00+05:30,2867.7,2875.3,2866,2873.8,26936
2026-07-15T14:15:00+05:30,2873.4,2878,2871,2878,36755
2026-07-15T14:20:00+05:30,2877,2884,2876.3,2876.8,23912
2026-07-15T14:25:00+05:30,2876.9,2879.5,2872.2,2872.3,25811
2026-07-15T14:30:00+05:30,2872.3,2874.7,2869.7,2873,15398
2026-07-15T14:35:00+05:30,2873,2877,2871.3,2875.5,9020
2026-07-15T14:40:00+05:30,2877,2877,2872.8,2873.1,8314
2026-07-15T14:45:00+05:30,2874,2874.9,2870.7,2871,7300
2026-07-15T14:50:00+05:30,2871,2872,2868.5,2868.9,8108
2026-07-15T14:55:00+05:30,2869.8,2870.8,2868.1,2868.3,5645
2026-07-15T15:00:00+05:30,2868.3,2871.6,2864.2,2871.2,25734
2026-07-15T15:05:00+05:30,2872,2873.7,2868,2868,12926
2026-07-15T15:10:00+05:30,2868.8,2869.4,2867,2868,10550
2026-07-15T15:15:00+05:30,2867.9,2870,2867.7,2867.7,17368
2026-07-15T15:20:00+05:30,2867.9,2869.9,2864,2865.9,66640
2026-07-15T15:25:00+05:30,2867.2,2872.5,2865.3,2870.9,44124
2026-07-16T09:15:00+05:30,2876.7,2899,2870.9,2896,46440
2026-07-16T09:20:00+05:30,2895.8,2898.6,2886.7,2888.8,12066
2026-07-16T09:25:00+05:30,2889,2890.8,2880.8,2883.5,11149
2026-07-16T09:30:00+05:30,2883.5,2885,2866.7,2868.8,21529
2026-07-16T09:35:00+05:30,2868.5,2871,2866.1,2868.6,10046
2026-07-16T09:40:00+05:30,2869.5,2873.2,2868.5,2870.3,9328
2026-07-16T09:45:00+05:30,2871.4,2872.2,2865.1,2869.9,8679
2026-07-16T09:50:00+05:30,2870,2877.8,2868,2874,9900
2026-07-16T09:55:00+05:30,2875,2878,2872.4,2873.1,5881
2026-07-16T10:00:00+05:30,2873.6,2873.6,2869.3,2870,5393
2026-07-16T10:05:00+05:30,2870,2872.5,2869.5,2871.3,5033
2026-07-16T10:10:00+05:30,2870.8,2872.5,2869.4,2871.7,3418
2026-07-16T10:15:00+05:30,2870.1,2871.3,2869,2870.1,3639
2026-07-16T10:20:00+05:30,2870.1,2875.9,2869.2,2874.2,7656
2026-07-16T10:25:00+05:30,2874.2,2875.5,2871.4,2873.7,4734
2026-07-16T10:30:00+05:30,2873.9,2875.5,2872.5,2873.5,8518
2026-07-16T10:35:00+05:30,2873.5,2874.5,2871,2871.4,3926
2026-07-16T10:40:00+05:30,2871.4,2873,2870.2,2872.9,1312
2026-07-16T10:45:00+05:30,2872.9,2876.5,2872.2,2875.8,5821
2026-07-16T10:50:00+05:30,2875.6,2877,2874,2874.9,4360
2026-07-16T10:55:00+05:30,2874.8,2875.1,2873,2874,2108
2026-07-16T11:00:00+05:30,2874.4,2876.1,2873,2874.6,3305
2026-07-16T11:05:00+05:30,2874.6,2879.5,2873,2877.7,10510
2026-07-16T11:10:00+05:30,2877.7,2879.9,2875.2,2876.4,3286
2026-07-16T11:15:00+05:30,2876.4,2878,2874.7,2876.7,4125
2026-07-16T11:20:00+05:30,2876.1,2878,2874.9,2875.7,3868
2026-07-16T11:25:00+05:30,2875.1,2879.5,2874.3,2878.6,5802
2026-07-16T11:30:00+05:30,2878.7,2882.9,2876,2878.9,21956
2026-07-16T11:35:00+05:30,2878.9,2879.8,2876,2876.8,7250
2026-07-16T11:40:00+05:30,2876.8,2879.8,2874.4,2874.4,5876
2026-07-16T11:45:00+05:30,2874.1,2882.4,2873,2880.3,32357
2026-07-16T11:50:00+05:30,2878.4,2879,2876.1,2877.3,4335
2026-07-16T11:55:00+05:30,2877.4,2884.8,2875,2884,21375
2026-07-16T12:00:00+05:30,2883.9,2889,2880.4,2887.7,23280
2026-07-16T12:05:00+05:30,2887.7,2893.3,2887.5,2890.4,34865
2026-07-16T12:10:00+05:30,2889.9,2905,2887.3,2905,101082
2026-07-16T12:15:00+05:30,2903.8,2905,2890.8,2891.7,47697
2026-07-16T12:20:00+05:30,2892,2895.5,2884,2889,37431
2026-07-16T12:25:00+05:30,2889,2891,2884.6,2886.6,42292
2026-07-16T12:30:00+05:30,2886.1,2889,2885.7,2886.7,7808
2026-07-16T12:35:00+05:30,2886.7,2888,2884,2885.1,7528
2026-07-16T12:40:00+05:30,2885.1,2885.9,2879.2,2881.3,4232
2026-07-16T12:45:00+05:30,2879.9,2881.3,2878.1,2879,3162
2026-07-16T12:50:00+05:30,2881.4,2881.5,2876,2877.4,4727
2026-07-16T12:55:00+05:30,2877.4,2877.4,2873.5,2874.7,2992
2026-07-16T13:00:00+05:30,2874.2,2875.7,2871.4,2875.7,4558
2026-07-16T13:05:00+05:30,2875.6,2876.7,2872,2872.4,7583
2026-07-16T13:10:00+05:30,2872.3,2875,2872,2873,5093
2026-07-16T13:15:00+05:30,2873,2874.2,2871,2874.2,3355
2026-07-16T13:20:00+05:30,2873,2874.2,2872,2872.1,1495
2026-07-16T13:25:00+05:30,2872,2873,2870,2872.6,3648
2026-07-16T13:30:00+05:30,2872.6,2872.6,2868,2869.9,8393
2026-07-16T13:35:00+05:30,2870,2870.3,2867.5,2868.2,3631
2026-07-16T13:40:00+05:30,2868,2868.2,2865,2866.2,4404
2026-07-16T13:45:00+05:30,2866.2,2868.5,2865.3,2866.3,2413
2026-07-16T13:50:00+05:30,2866.6,2869.7,2865.7,2868.6,3399
2026-07-16T13:55:00+05:30,2868.6,2870,2867.5,2869.6,3282
2026-07-16T14:00:00+05:30,2870,2871.5,2869,2869.7,3673
2026-07-16T14:05:00+05:30,2869.7,2870,2868,2868,3586
2026-07-16T14:10:00+05:30,2868.2,2869.8,2863.1,2866.2,8061
2026-07-16T14:15:00+05:30,2866.1,2869,2865.2,2867.8,4689
2026-07-16T14:20:00+05:30,2867.5,2869.5,2866,2869,7800
2026-07-16T14:25:00+05:30,2869,2869.6,2864.2,2865.4,9127
2026-07-16T14:30:00+05:30,2865.4,2866,2862.4,2865.2,6826
2026-07-16T14:35:00+05:30,2865.2,2866.5,2860.6,2862.3,8041
2026-07-16T14:40:00+05:30,2862.9,2865.4,2861.3,2863.6,6356
2026-07-16T14:45:00+05:30,2863,2864.7,2862,2863.3,4694
2026-07-16T14:50:00+05:30,2862.9,2864.4,2862,2863.1,4312
2026-07-16T14:55:00+05:30,2863.1,2865.6,2862.5,2863,5888
2026-07-16T15:00:00+05:30,2863.2,2866.9,2858,2858.9,36363
2026-07-16T15:05:00+05:30,2858.7,2860,2857.9,2859.8,13289
2026-07-16T15:10:00+05:30,2859.4,2863.6,2859.2,2863.6,17366
2026-07-16T15:15:00+05:30,2863.6,2863.7,2860,2861,20883
2026-07-16T15:20:00+05:30,2860.9,2860.9,2857,2859,24147
2026-07-16T15:25:00+05:30,2859.1,2861,2855,2860.9,35980
2026-07-17T09:15:00+05:30,2860.9,2869,2858.1,2864,18033
2026-07-17T09:20:00+05:30,2863,2863,2852.4,2853.4,9429
2026-07-17T09:25:00+05:30,2852.9,2857.9,2845.5,2849.7,17146
2026-07-17T09:30:00+05:30,2849.7,2856.9,2849.7,2856.8,7721
2026-07-17T09:35:00+05:30,2856,2856.6,2850.3,2851.4,4996
2026-07-17T09:40:00+05:30,2851.4,2854.7,2850.1,2850.3,4539
2026-07-17T09:45:00+05:30,2850.7,2861,2850.1,2856.9,8056
2026-07-17T09:50:00+05:30,2856.9,2859.7,2855.7,2859,4812
2026-07-17T09:55:00+05:30,2859,2859,2856.4,2859,5437
2026-07-17T10:00:00+05:30,2859,2859.8,2850.1,2851.5,9463
2026-07-17T10:05:00+05:30,2851.9,2855,2851,2854.8,3683
2026-07-17T10:10:00+05:30,2854.5,2857.2,2852.5,2854,3053
2026-07-17T10:15:00+05:30,2854.7,2858,2852.8,2857.9,4586
2026-07-17T10:20:00+05:30,2857.9,2859,2855,2858.9,3534
2026-07-17T10:25:00+05:30,2859.3,2868.4,2859,2865.9,15626
2026-07-17T10:30:00+05:30,2865.9,2873.9,2863,2866.3,13562
2026-07-17T10:35:00+05:30,2866.3,2866.3,2859.1,2864.9,6503
2026-07-17T10:40:00+05:30,2864.9,2866.3,2861.8,2863.7,3826
2026-07-17T10:45:00+05:30,2863.7,2863.8,2859,2859,4074
2026-07-17T10:50:00+05:30,2859.3,2861.8,2855.9,2858.4,5189
2026-07-17T10:55:00+05:30,2858.7,2860.4,2858,2858.5,4065
2026-07-17T11:00:00+05:30,2858.5,2860,2856,2859.5,4003
2026-07-17T11:05:00+05:30,2859.5,2860,2852.3,2853.3,5285
2026-07-17T11:10:00+05:30,2853.3,2853.8,2850.1,2852.8,5767
2026-07-17T11:15:00+05:30,2852.5,2853.2,2851.1,2851.9,3292
2026-07-17T11:20:00+05:30,2853.1,2854.8,2851.6,2853.2,3642
2026-07-17T11:25:00+05:30,2853.1,2853.2,2851,2851.8,2656
2026-07-17T11:30:00+05:30,2851.8,2855,2851,2855,4375
2026-07-17T11:35:00+05:30,2855,2864.8,2854.8,2864.3,11206
2026-07-17T11:40:00+05:30,2864.3,2866.2,2860.8,2862,11689
2026-07-17T11:45:00+05:30,2862.3,2864.2,2860.2,2860.7,7175
2026-07-17T11:50:00+05:30,2861.5,2864.4,2860,2861.3,9670
2026-07-17T11:55:00+05:30,2862.9,2865.7,2859.5,2865,15455
2026-07-17T12:00:00+05:30,2865,2869,2859,2859,18224
2026-07-17T12:05:00+05:30,2859.3,2867.9,2856.7,2864.3,33166
2026-07-17T12:10:00+05:30,2863,2864.2,2859.4,2860.2,3000
2026-07-17T12:15:00+05:30,2860.2,2863.3,2860,2860.2,2922
2026-07-17T12:20:00+05:30,2860.2,2863.6,2859.5,2862.1,4811
2026-07-17T12:25:00+05:30,2862.1,2867.5,2853.8,2854.9,45714
2026-07-17T12:30:00+05:30,2854.8,2856.9,2854,2856.4,3847
2026-07-17T12:35:00+05:30,2856.4,2860,2854,2855.3,4467
2026-07-17T12:40:00+05:30,2855.3,2857.4,2854.8,2855.7,6631
2026-07-17T12:45:00+05:30,2855.2,2857.4,2852.9,2854.2,3784
2026-07-17T12:50:00+05:30,2853.5,2854.1,2848,2850,13558
2026-07-17T12:55:00+05:30,2850,2852,2849,2850.2,5358
2026-07-17T13:00:00+05:30,2851.1,2851.9,2849.4,2849.5,2949
2026-07-17T13:05:00+05:30,2849.5,2850.9,2848,2848.3,10652
2026-07-17T13:10:00+05:30,2848.8,2849.9,2847.7,2848.7,2173
2026-07-17T13:15:00+05:30,2848.5,2852.5,2846,2849.4,7476
2026-07-17T13:20:00+05:30,2849.4,2850.2,2845.8,2846.6,8766
2026-07-17T13:25:00+05:30,2846.6,2846.6,2841.4,2843.6,9532
2026-07-17T13:30:00+05:30,2843.1,2845,2843.1,2843.1,6956
2026-07-17T13:35:00+05:30,2843.9,2854.7,2843,2851.2,23184
2026-07-17T13:40:00+05:30,2851.2,2852.1,2848.5,2850.8,5388
2026-07-17T13:45:00+05:30,2850.5,2852.8,2848.2,2849,7324
2026-07-17T13:50:00+05:30,2849.3,2850.2,2845.4,2848.2,5580
2026-07-17T13:55:00+05:30,2848.4,2854.3,2848.4,2852.8,7217
2026-07-17T14:00:00+05:30,2852.8,2853.4,2850,2850.3,2787
2026-07-17T14:05:00+05:30,2850.2,2851.1,2848.4,2849.9,3280
2026-07-17T14:10:00+05:30,2849.9,2850.5,2848.1,2849.7,2953
2026-07-17T14:15:00+05:30,2850.2,2860,2849.5,2852.9,34717
2026-07-17T14:20:00+05:30,2851.2,2853.7,2847.5,2848.4,5824
2026-07-17T14:25:00+05:30,2848.4,2849.9,2846.2,2846.8,5356
2026-07-17T14:30:00+05:30,2845.9,2849.2,2844.5,2845.3,3033
2026-07-17T14:35:00+05:30,2845.6,2846,2838.2,2840.1,26888
2026-07-17T14:40:00+05:30,2840.1,2847,2840.1,2845.1,35706
2026-07-17T14:45:00+05:30,2846.2,2847.9,2844.2,2846.3,8297
2026-07-17T14:50:00+05:30,2847.2,2847.2,2844.2,2845.4,7645
2026-07-17T14:55:00+05:30,2845.4,2847.7,2845,2845,10334
2026-07-17T15:00:00+05:30,2845,2847.2,2843.4,2845.1,16234
2026-07-17T15:05:00+05:30,2845.3,2846,2844.5,2844.5,16541
2026-07-17T15:10:00+05:30,2843.8,2844.9,2841.5,2843.3,16901
2026-07-17T15:15:00+05:30,2843.7,2844.8,2839.6,2841.5,51925
2026-07-17T15:20:00+05:30,2841.8,2842.2,2839.2,2840.8,28367
2026-07-17T15:25:00+05:30,2840,2844.4,2840,2842,28985
2026-07-20T09:15:00+05:30,2840,2854.2,2837,2837.9,28422
2026-07-20T09:20:00+05:30,2837.9,2854,2837.9,2853.7,22387
2026-07-20T09:25:00+05:30,2852.9,2858.6,2849.4,2850,20447
2026-07-20T09:30:00+05:30,2850,2879,2845.6,2879,31476
2026-07-20T09:35:00+05:30,2878.9,2907,2876.3,2903.9,86383
2026-07-20T09:40:00+05:30,2903.4,2909.9,2898.7,2903,39131
2026-07-20T09:45:00+05:30,2903.1,2908.8,2902,2904.2,26595
2026-07-20T09:50:00+05:30,2904.2,2905.2,2896.5,2900.4,17304
2026-07-20T09:55:00+05:30,2900.4,2901,2897,2897.5,10259
2026-07-20T10:00:00+05:30,2897.9,2897.9,2890.3,2893.1,16986
2026-07-20T10:05:00+05:30,2889.2,2895,2888.7,2893.7,9226
2026-07-20T10:10:00+05:30,2893.8,2901.2,2892.6,2901.2,13790
2026-07-20T10:15:00+05:30,2901.2,2921.3,2900.1,2920,78852
2026-07-20T10:20:00+05:30,2920,2920,2911.8,2918.9,30819
2026-07-20T10:25:00+05:30,2918.9,2926.1,2918.2,2924.3,72271
2026-07-20T10:30:00+05:30,2923.5,2928.8,2922.6,2924.7,40120
2026-07-20T10:35:00+05:30,2924.7,2928,2920.4,2925.8,23566
2026-07-20T10:40:00+05:30,2926,2929,2921.2,2927.7,20017
2026-07-20T10:45:00+05:30,2928,2928,2922.1,2925.1,13663
2026-07-20T10:50:00+05:30,2925.1,2928.4,2924.8,2927.2,10950
2026-07-20T10:55:00+05:30,2927.8,2929.9,2923.6,2928.4,18097
2026-07-20T11:00:00+05:30,2928,2935,2925.5,2933.4,32326
2026-07-20T11:05:00+05:30,2933.4,2935,2919,2931.5,43601
2026-07-20T11:10:00+05:30,2931.5,2933.9,2922.1,2924.9,19501
2026-07-20T11:15:00+05:30,2924.9,2925,2917.1,2924.6,13188
2026-07-20T11:20:00+05:30,2924.6,2926.1,2917.6,2917.7,12488
2026-07-20T11:25:00+05:30,2917.4,2934.9,2917.4,2929.3,24285
2026-07-20T11:30:00+05:30,2929,2930,2922.1,2922.1,8586
2026-07-20T11:35:00+05:30,2922.1,2929.7,2922,2928.8,9754
2026-07-20T11:40:00+05:30,2928.8,2928.8,2924.3,2925.5,4073
2026-07-20T11:45:00+05:30,2924.5,2925.3,2920,2924,6839
2026-07-20T11:50:00+05:30,2924,2924,2914.1,2916,13615
2026-07-20T11:55:00+05:30,2916,2916.7,2913,2914,8379
2026-07-20T12:00:00+05:30,2914,2915.9,2903.6,2904.7,21386
2026-07-20T12:05:00+05:30,2904.7,2909,2903.1,2904.5,17351
2026-07-20T12:10:00+05:30,2904.5,2908,2903.3,2908,10144
2026-07-20T12:15:00+05:30,2908,2908.9,2906.4,2907.8,9762
2026-07-20T12:20:00+05:30,2907.9,2911.6,2905.3,2905.3,8139
2026-07-20T12:25:00+05:30,2905.3,2916.3,2905.3,2908.5,15195
2026-07-20T12:30:00+05:30,2908.5,2909.2,2906.5,2907.3,6018
2026-07-20T12:35:00+05:30,2907.3,2908.5,2905.2,2906,5729
2026-07-20T12:40:00+05:30,2906,2910,2903.4,2905,9071
2026-07-20T12:45:00+05:30,2905,2905.9,2903,2903.6,5465
2026-07-20T12:50:00+05:30,2903,2905.2,2903,2903.7,7382
2026-07-20T12:55:00+05:30,2903.7,2907.8,2903.1,2906.5,2288
2026-07-20T13:00:00+05:30,2907.6,2907.8,2904.2,2905,3872
2026-07-20T13:05:00+05:30,2905,2924.1,2901.6,2920.4,31280
2026-07-20T13:10:00+05:30,2920.4,2933,2920.4,2928.1,53553
2026-07-20T13:15:00+05:30,2927,2931.6,2923.9,2927.9,17348
2026-07-20T13:20:00+05:30,2928,2929,2925.8,2927.4,12363
2026-07-20T13:25:00+05:30,2927.9,2930,2926.2,2929.5,32284
2026-07-20T13:30:00+05:30,2929.5,2929.9,2925,2928.5,13064
2026-07-20T13:35:00+05:30,2928,2928,2922.9,2924.7,12222
2026-07-20T13:40:00+05:30,2922.8,2928,2921.1,2924.5,14198
2026-07-20T13:45:00+05:30,2924.5,2927.2,2924.5,2925.9,5646
2026-07-20T13:50:00+05:30,2925,2927,2923.4,2925.5,5439
2026-07-20T13:55:00+05:30,2925.5,2928,2924.7,2926.5,8033
2026-07-20T14:00:00+05:30,2926.1,2930,2926,2929.1,7594
2026-07-20T14:05:00+05:30,2929.5,2930,2926.6,2927,31118
2026-07-20T14:10:00+05:30,2927,2927.4,2924.1,2925.6,4111
2026-07-20T14:15:00+05:30,2927.6,2927.6,2922,2925.5,18916
2026-07-20T14:20:00+05:30,2925.5,2927.1,2923.3,2925.6,5747
2026-07-20T14:25:00+05:30,2926,2928.8,2925.5,2928.8,6880
2026-07-20T14:30:00+05:30,2928,2928.6,2925.5,2926.3,4417
2026-07-20T14:35:00+05:30,2926.3,2926.3,2920.1,2920.3,7928
2026-07-20T14:40:00+05:30,2920.3,2924.3,2920,2923.4,4783
2026-07-20T14:45:00+05:30,2923.3,2927.4,2922.6,2927.4,24125
2026-07-20T14:50:00+05:30,2928.4,2933.7,2928.4,2931.9,42674
2026-07-20T14:55:00+05:30,2931.9,2932.6,2926.5,2927.5,14481
2026-07-20T15:00:00+05:30,2928.1,2930.9,2927,2929.3,22601
2026-07-20T15:05:00+05:30,2929.8,2932.2,2920.7,2925.6,40370
2026-07-20T15:10:00+05:30,2925.6,2926.9,2917.3,2921.7,53790
2026-07-20T15:15:00+05:30,2921.7,2926.7,2920.5,2925.1,38552
2026-07-20T15:20:00+05:30,2924.4,2929,2921.3,2928.7,39038
2026-07-20T15:25:00+05:30,2928.9,2930.8,2926,2928.9,34019
2026-07-21T09:15:00+05:30,2930,2934.4,2915.7,2923.5,32189
2026-07-21T09:20:00+05:30,2924.8,2928.6,2923.1,2924.4,6794
2026-07-21T09:25:00+05:30,2924.4,2929.6,2923.2,2928.1,5802
2026-07-21T09:30:00+05:30,2928,2928,2920.5,2921.7,8577
2026-07-21T09:35:00+05:30,2921.7,2922.3,2920.6,2920.6,5361
2026-07-21T09:40:00+05:30,2920.6,2923.2,2917.2,2920.2,10463
2026-07-21T09:45:00+05:30,2920.2,2920.8,2918.7,2920,4839
2026-07-21T09:50:00+05:30,2920,2922.5,2918.7,2919.9,3479
2026-07-21T09:55:00+05:30,2919.9,2925.4,2918.5,2920,4086
2026-07-21T10:00:00+05:30,2919.8,2929.7,2919.2,2925.5,11345
2026-07-21T10:05:00+05:30,2925.5,2926,2922.1,2923.3,1848
2026-07-21T10:10:00+05:30,2923.3,2923.4,2920.1,2920.9,2636
2026-07-21T10:15:00+05:30,2920.9,2921.8,2919,2921,2681
2026-07-21T10:20:00+05:30,2921.8,2922.2,2913.1,2916.6,5600
2026-07-21T10:25:00+05:30,2917,2921.1,2916.2,2918.7,4656
2026-07-21T10:30:00+05:30,2919,2924.1,2917.8,2917.8,2854
2026-07-21T10:35:00+05:30,2917.8,2921.3,2916,2916,3220
2026-07-21T10:40:00+05:30,2917,2918.6,2915.4,2917.8,2695
2026-07-21T10:45:00+05:30,2917.8,2917.8,2911.9,2913.4,3382
2026-07-21T10:50:00+05:30,2913.4,2914.7,2910.1,2912,4401
2026-07-21T10:55:00+05:30,2912,2915.5,2911,2913.8,3864
2026-07-21T11:00:00+05:30,2913.8,2917.3,2912.5,2917,3008
2026-07-21T11:05:00+05:30,2917,2917,2913.4,2914,1435
2026-07-21T11:10:00+05:30,2914.5,2914.5,2911,2911.9,1824
2026-07-21T11:15:00+05:30,2911.9,2912.9,2909.2,2911.7,9379
2026-07-21T11:20:00+05:30,2911.7,2912.5,2908.6,2910.8,2280
2026-07-21T11:25:00+05:30,2910.8,2913,2910,2910.9,2243
2026-07-21T11:30:00+05:30,2910.9,2913.3,2910.1,2911,1361
2026-07-21T11:35:00+05:30,2911.9,2912,2907,2907.9,4567
2026-07-21T11:40:00+05:30,2907.9,2908,2903.5,2904.4,5205
2026-07-21T11:45:00+05:30,2904.4,2906.3,2902.5,2906.3,3183
2026-07-21T11:50:00+05:30,2906.3,2906.3,2905,2905,1021
2026-07-21T11:55:00+05:30,2905.8,2907.7,2904.3,2904.3,2233
2026-07-21T12:00:00+05:30,2904.4,2905.7,2901.2,2903,1953
2026-07-21T12:05:00+05:30,2902.4,2903.9,2901.6,2902,1835
2026-07-21T12:10:00+05:30,2902,2902.9,2900,2900.4,3137
2026-07-21T12:15:00+05:30,2900.4,2900.4,2896.9,2897,5214
2026-07-21T12:20:00+05:30,2897.9,2900.4,2895,2897.6,11861
2026-07-21T12:25:00+05:30,2898.3,2898.7,2891.4,2895.8,9193
2026-07-21T12:30:00+05:30,2896,2897.3,2892.4,2896.2,8419
2026-07-21T12:35:00+05:30,2896.2,2902.4,2894.7,2898.6,4590
2026-07-21T12:40:00+05:30,2898.4,2898.4,2892,2893.1,4130
2026-07-21T12:45:00+05:30,2894.3,2894.3,2891.3,2892.9,2936
2026-07-21T12:50:00+05:30,2892.9,2893,2886,2889,5284
2026-07-21T12:55:00+05:30,2889,2892,2887.3,2888.7,3249
2026-07-21T13:00:00+05:30,2888.6,2888.9,2883.1,2888.9,4686
2026-07-21T13:05:00+05:30,2888.7,2889.6,2887.2,2888.2,2925
2026-07-21T13:10:00+05:30,2888.9,2890,2888.2,2888.6,1916
2026-07-21T13:15:00+05:30,2888.8,2890,2888,2888.1,2881
2026-07-21T13:20:00+05:30,2888.7,2891.4,2888,2891,2653
2026-07-21T13:25:00+05:30,2891,2894.1,2890.2,2892.6,6613
2026-07-21T13:30:00+05:30,2893.9,2896.6,2890.1,2895.2,11121
2026-07-21T13:35:00+05:30,2896.5,2897.8,2895.6,2897.4,4140
2026-07-21T13:40:00+05:30,2897.4,2901.6,2897.3,2900.4,5386
2026-07-21T13:45:00+05:30,2900,2902.5,2899.2,2901.9,3061
2026-07-21T13:50:00+05:30,2902.2,2902.3,2900,2900,2622
2026-07-21T13:55:00+05:30,2900.4,2901,2897.3,2897.9,9427
2026-07-21T14:00:00+05:30,2897.9,2900,2897.2,2899.5,2969
2026-07-21T14:05:00+05:30,2899.5,2900,2896.5,2897.4,6140
2026-07-21T14:10:00+05:30,2896.8,2898.6,2896,2896.7,4312
2026-07-21T14:15:00+05:30,2896.2,2897.3,2894.6,2896.6,4364
2026-07-21T14:20:00+05:30,2896.9,2901.8,2896.9,2898.9,6050
2026-07-21T14:25:00+05:30,2899.8,2902,2897.4,2901.8,4151
2026-07-21T14:30:00+05:30,2901,2901.2,2897.4,2900.3,10865
2026-07-21T14:35:00+05:30,2900.3,2901.4,2897.3,2898.6,6588
2026-07-21T14:40:00+05:30,2898.5,2898.8,2894,2896.8,13016
2026-07-21T14:45:00+05:30,2896.8,2900,2892.4,2899.9,8625
2026-07-21T14:50:00+05:30,2899.9,2901.8,2896.4,2901.8,11805
2026-07-21T14:55:00+05:30,2901.3,2902,2898.9,2899.4,4493
2026-07-21T15:00:00+05:30,2898.9,2899.4,2894.1,2894.1,10350
2026-07-21T15:05:00+05:30,2894.8,2895.9,2894.1,2895.1,9981
2026-07-21T15:10:00+05:30,2895.2,2897.5,2894.1,2894.9,10469
2026-07-21T15:15:00+05:30,2894.6,2896.5,2892.5,2896,15599
2026-07-21T15:20:00+05:30,2895.8,2897.3,2894.3,2895.9,18049
2026-07-21T15:25:00+05:30,2895.7,2899.8,2891.3,2895.2,42298
2026-07-22T09:15:00+05:30,2914.8,2914.8,2892.1,2896.7,19601
2026-07-22T09:20:00+05:30,2896.5,2899.2,2887,2888.2,21380
2026-07-22T09:25:00+05:30,2888.9,2888.9,2872.2,2874.2,20302
2026-07-22T09:30:00+05:30,2874.3,2875,2868,2869.4,11728
2026-07-22T09:35:00+05:30,2869.6,2874.6,2867,2870,14378
2026-07-22T09:40:00+05:30,2870.4,2873.9,2868.7,2872.9,6119
2026-07-22T09:45:00+05:30,2872.7,2872.7,2866.1,2866.4,10007
2026-07-22T09:50:00+05:30,2866,2877.6,2865,2873.4,18689
2026-07-22T09:55:00+05:30,2873.3,2873.3,2868.2,2871,4835
2026-07-22T10:00:00+05:30,2870.5,2880,2869,2878,11146
2026-07-22T10:05:00+05:30,2878,2884.4,2876,2882.1,6113
2026-07-22T10:10:00+05:30,2882.4,2882.5,2874.2,2878.6,15611
2026-07-22T10:15:00+05:30,2878.6,2878.8,2871,2874,6404
2026-07-22T10:20:00+05:30,2874.2,2875.8,2871.1,2871.4,7114
2026-07-22T10:25:00+05:30,2871.9,2872,2867,2870.6,12763
2026-07-22T10:30:00+05:30,2870.7,2875.6,2869.3,2872.2,3412
2026-07-22T10:35:00+05:30,2872.2,2872.2,2865.1,2865.1,5065
2026-07-22T10:40:00+05:30,2865.8,2867.6,2861.3,2864,8506
2026-07-22T10:45:00+05:30,2864.1,2868,2862,2866.7,7562
2026-07-22T10:50:00+05:30,2867.2,2871.9,2865.1,2871.2,4574
2026-07-22T10:55:00+05:30,2871.2,2871.3,2867.9,2869.5,5575
2026-07-22T11:00:00+05:30,2869.5,2869.5,2865.2,2865.6,7530
2026-07-22T11:05:00+05:30,2865.7,2871.9,2862.8,2871.9,6212
2026-07-22T11:10:00+05:30,2872.4,2876,2869.3,2870.8,6471
2026-07-22T11:15:00+05:30,2871.2,2875.6,2868.1,2874,7259
2026-07-22T11:20:00+05:30,2874,2878.9,2873.1,2876.7,39609
2026-07-22T11:25:00+05:30,2877,2877,2872,2874.9,6693
2026-07-22T11:30:00+05:30,2874.9,2875,2872.8,2873.4,2666
2026-07-22T11:35:00+05:30,2873.4,2873.4,2870.1,2871.7,3057
2026-07-22T11:40:00+05:30,2871.8,2871.8,2868.6,2870.4,3125
2026-07-22T11:45:00+05:30,2870.8,2870.8,2868.5,2868.7,1602
2026-07-22T11:50:00+05:30,2868.6,2870.4,2868,2868.9,3399
2026-07-22T11:55:00+05:30,2868.9,2889.6,2866.7,2882.6,37623
2026-07-22T12:00:00+05:30,2882.6,2888.9,2879.4,2887,15095
2026-07-22T12:05:00+05:30,2887,2888.7,2883.5,2885,4607
2026-07-22T12:10:00+05:30,2883.9,2885.1,2881.8,2885,2395
2026-07-22T12:15:00+05:30,2885,2885.2,2881.5,2882.1,3080
2026-07-22T12:20:00+05:30,2882.8,2888.3,2880.7,2888,8914
2026-07-22T12:25:00+05:30,2888.3,2895.5,2888.3,2891.4,7946
2026-07-22T12:30:00+05:30,2891.8,2891.8,2886.8,2888.6,5325
2026-07-22T12:35:00+05:30,2889.3,2891.3,2884.2,2889.8,7795
2026-07-22T12:40:00+05:30,2889.9,2892.1,2886.2,2890,5107
2026-07-22T12:45:00+05:30,2890,2893.7,2887.5,2893.3,4482
2026-07-22T12:50:00+05:30,2893.6,2898.9,2891.6,2891.6,8231
2026-07-22T12:55:00+05:30,2891.9,2893.1,2884.2,2885.1,7169
2026-07-22T13:00:00+05:30,2885.7,2885.9,2882.1,2882.1,4995
2026-07-22T13:05:00+05:30,2883,2883.4,2880.4,2881.7,3760
2026-07-22T13:10:00+05:30,2881.8,2883.4,2880.5,2881.2,3454
2026-07-22T13:15:00+05:30,2881.4,2884.4,2881,2883.6,3515
2026-07-22T13:20:00+05:30,2883.9,2884,2880.8,2883.5,1947
2026-07-22T13:25:00+05:30,2883.5,2883.5,2881,2882.6,1452
2026-07-22T13:30:00+05:30,2882.7,2887.5,2882.2,2886.7,3287
2026-07-22T13:35:00+05:30,2887.1,2891.9,2885.9,2888.7,2483
2026-07-22T13:40:00+05:30,2889.6,2889.7,2885.9,2886.7,1849
2026-07-22T13:45:00+05:30,2886.5,2887.7,2882.7,2883.4,2460
2026-07-22T13:50:00+05:30,2883.4,2886.1,2883.4,2885.9,2088
2026-07-22T13:55:00+05:30,2885.9,2885.9,2883.4,2883.4,1308
2026-07-22T14:00:00+05:30,2882.9,2887,2881,2885.9,2914
2026-07-22T14:05:00+05:30,2886.3,2886.3,2883.1,2883.7,1679
2026-07-22T14:10:00+05:30,2883.7,2883.8,2878.1,2879,4676
2026-07-22T14:15:00+05:30,2879,2882.4,2876.3,2881.4,4836
2026-07-22T14:20:00+05:30,2881.4,2882.5,2880,2880.8,2396
2026-07-22T14:25:00+05:30,2880.8,2882,2880,2880.2,3732
2026-07-22T14:30:00+05:30,2880.2,2883.8,2878.3,2882.7,6155
2026-07-22T14:35:00+05:30,2883,2885.6,2882.8,2883.9,2888
2026-07-22T14:40:00+05:30,2883.9,2884,2880.5,2881.9,3280
2026-07-22T14:45:00+05:30,2883.3,2883.3,2879.4,2881.7,3073
2026-07-22T14:50:00+05:30,2881.8,2884,2881.8,2883.8,3073
2026-07-22T14:55:00+05:30,2883.9,2883.9,2881.5,2882.4,3587
2026-07-22T15:00:00+05:30,2881.9,2884,2878.1,2878.1,14530
2026-07-22T15:05:00+05:30,2879,2887.5,2878.1,2884.8,29797
2026-07-22T15:10:00+05:30,2885.3,2888.5,2883.4,2888.3,13984
2026-07-22T15:15:00+05:30,2888.3,2891,2885.2,2888.4,17426
2026-07-22T15:20:00+05:30,2889,2894.1,2889,2892.5,25700
2026-07-22T15:25:00+05:30,2893.8,2894.8,2890.1,2893,22099
2026-07-23T09:15:00+05:30,2880,2900,2875.1,2898.2,12967
2026-07-23T09:20:00+05:30,2896.7,2906.4,2891,2902.3,12382
2026-07-23T09:25:00+05:30,2902,2907.1,2898,2898.9,8849
2026-07-23T09:30:00+05:30,2902,2918.3,2901.2,2915,21492
2026-07-23T09:35:00+05:30,2913.7,2914.4,2905.4,2909.4,14059
2026-07-23T09:40:00+05:30,2910,2912.2,2896.8,2897.1,15451
2026-07-23T09:45:00+05:30,2897.1,2906.1,2897.1,2906,9504
2026-07-23T09:50:00+05:30,2905,2906.8,2902.8,2905.2,8670
2026-07-23T09:55:00+05:30,2905,2918,2904.8,2913.1,24796
2026-07-23T10:00:00+05:30,2913.1,2918.6,2910,2915.8,14940
2026-07-23T10:05:00+05:30,2914.8,2916,2912,2914,7769
2026-07-23T10:10:00+05:30,2914,2915,2906.2,2909.4,9961
2026-07-23T10:15:00+05:30,2909.2,2914.1,2907.8,2908.7,6862
2026-07-23T10:20:00+05:30,2907.8,2909.2,2900.3,2900.3,15116
2026-07-23T10:25:00+05:30,2901.1,2902.6,2897.7,2900,5236
2026-07-23T10:30:00+05:30,2900.1,2902.5,2893.8,2899,9929
2026-07-23T10:35:00+05:30,2900.6,2904.3,2899,2899.4,3346
2026-07-23T10:40:00+05:30,2899,2902.8,2891,2894.8,5565
2026-07-23T10:45:00+05:30,2894.8,2902.4,2891.7,2900.6,8167
2026-07-23T10:50:00+05:30,2900.6,2903.3,2898.6,2899.4,2579
2026-07-23T10:55:00+05:30,2899.4,2900.5,2898,2900.1,958
2026-07-23T11:00:00+05:30,2900.2,2900.9,2899,2900,601
2026-07-23T11:05:00+05:30,2900,2900.7,2895.1,2897.4,2367
2026-07-23T11:10:00+05:30,2897.4,2898.6,2893.1,2893.3,1793
2026-07-23T11:15:00+05:30,2893.3,2895.5,2890,2892.4,5046
2026-07-23T11:20:00+05:30,2892.4,2893.9,2885.3,2893.9,9622
2026-07-23T11:25:00+05:30,2893.9,2901.8,2893.9,2898.4,26003
2026-07-23T11:30:00+05:30,2898.3,2903.3,2897.5,2902.5,6040
2026-07-23T11:35:00+05:30,2901.5,2902.9,2900,2900.8,4303
2026-07-23T11:40:00+05:30,2900.8,2904,2900.8,2903.3,3411
2026-07-23T11:45:00+05:30,2903.3,2904,2900,2903.8,4715
2026-07-23T11:50:00+05:30,2904,2907.1,2900,2906.4,11518
2026-07-23T11:55:00+05:30,2906.4,2909,2905,2907,8379
2026-07-23T12:00:00+05:30,2907,2911.6,2904.1,2908.9,18809
2026-07-23T12:05:00+05:30,2908.9,2930,2908.5,2928.2,41749
2026-07-23T12:10:00+05:30,2928.2,2929.9,2917,2917,9383
2026-07-23T12:15:00+05:30,2917,2920.9,2916.1,2919.8,5500
2026-07-23T12:20:00+05:30,2919.8,2920.1,2916.3,2917.2,3223
2026-07-23T12:25:00+05:30,2917.2,2917.4,2912,2914.4,28217
2026-07-23T12:30:00+05:30,2914.5,2914.8,2905.1,2907.3,11014
2026-07-23T12:35:00+05:30,2907.3,2907.3,2902,2902,4901
2026-07-23T12:40:00+05:30,2902.6,2902.8,2895,2897.7,8072
2026-07-23T12:45:00+05:30,2897.3,2898.2,2892.7,2896.6,5115
2026-07-23T12:50:00+05:30,2896,2897.4,2891.5,2896.2,6941
2026-07-23T12:55:00+05:30,2896,2897.8,2894.1,2895.5,2851
2026-07-23T13:00:00+05:30,2895.7,2897.4,2890.1,2891.3,4961
2026-07-23T13:05:00+05:30,2888.9,2890,2884.1,2884.1,9509
2026-07-23T13:10:00+05:30,2884,2887.4,2883.1,2885.6,6323
2026-07-23T13:15:00+05:30,2885.6,2885.6,2876.9,2880.2,16106
2026-07-23T13:20:00+05:30,2879.2,2884.5,2877.2,2882.5,6443
2026-07-23T13:25:00+05:30,2882.5,2885.1,2877.5,2878.5,9148
2026-07-23T13:30:00+05:30,2878.5,2878.7,2871.7,2872,7011
2026-07-23T13:35:00+05:30,2872,2878.1,2871,2877.6,9972
2026-07-23T13:40:00+05:30,2877.7,2882.7,2877,2878.1,8752
2026-07-23T13:45:00+05:30,2878.1,2879.8,2876.5,2877.1,4587
2026-07-23T13:50:00+05:30,2877.9,2879.5,2875.3,2875.3,4843
2026-07-23T13:55:00+05:30,2875.3,2876.1,2873,2875.5,4813
2026-07-23T14:00:00+05:30,2874.4,2877.3,2872.5,2873.3,5614
2026-07-23T14:05:00+05:30,2873.3,2874.1,2871,2871.1,6056
2026-07-23T14:10:00+05:30,2871.1,2874.1,2871,2871.8,4880
2026-07-23T14:15:00+05:30,2871.8,2873.7,2870.1,2872.8,7468
2026-07-23T14:20:00+05:30,2872.4,2875.3,2870.4,2875,6768
2026-07-23T14:25:00+05:30,2874.4,2876,2871.7,2872.1,5234
2026-07-23T14:30:00+05:30,2872.1,2877.6,2870.1,2876.5,3387
2026-07-23T14:35:00+05:30,2876.5,2878.3,2870.5,2872,4990
2026-07-23T14:40:00+05:30,2872,2872,2868.1,2870,3825
2026-07-23T14:45:00+05:30,2870,2871,2865.1,2867,8802
2026-07-23T14:50:00+05:30,2867,2868.6,2865,2867,6444
2026-07-23T14:55:00+05:30,2866.8,2871.6,2866.8,2870.2,3518
2026-07-23T15:00:00+05:30,2870.2,2872.9,2869.2,2870,15008
2026-07-23T15:05:00+05:30,2870.2,2878,2869.1,2876.7,17630
2026-07-23T15:10:00+05:30,2876.7,2880.8,2876.7,2879,16772
2026-07-23T15:15:00+05:30,2879,2880.5,2876.6,2877.2,14724
2026-07-23T15:20:00+05:30,2876.5,2876.5,2870.9,2873.7,20781
2026-07-23T15:25:00+05:30,2875,2878.4,2870,2870,17116
2026-07-24T09:15:00+05:30,2841.3,2860.6,2841.3,2856.9,21446
2026-07-24T09:20:00+05:30,2857,2864,2849.1,2849.1,14312
2026-07-24T09:25:00+05:30,2848.1,2848.1,2836.2,2838,15078
2026-07-24T09:30:00+05:30,2839,2845.8,2838.1,2845.1,10376
2026-07-24T09:35:00+05:30,2843.8,2849.3,2839.1,2844.7,7270
2026-07-24T09:40:00+05:30,2845.8,2849.2,2843.4,2846.3,5828
2026-07-24T09:45:00+05:30,2845.4,2849,2840,2840,5607
2026-07-24T09:50:00+05:30,2840.3,2843.3,2836,2842.5,9555
2026-07-24T09:55:00+05:30,2842.5,2853.7,2838.3,2848.3,9091
2026-07-24T10:00:00+05:30,2847.8,2850,2841,2845.9,5818
2026-07-24T10:05:00+05:30,2845.5,2847,2843,2845.6,3642
2026-07-24T10:10:00+05:30,2845.6,2848,2843.4,2844.7,3394
2026-07-24T10:15:00+05:30,2844.4,2851,2844.4,2847,5325
2026-07-24T10:20:00+05:30,2847,2850.6,2846.6,2849.1,5372
2026-07-24T10:25:00+05:30,2848.6,2856.4,2848.6,2854.5,7079
2026-07-24T10:30:00+05:30,2853.5,2857.5,2851.3,2855,6499
2026-07-24T10:35:00+05:30,2854.7,2861.6,2852.4,2860.4,15142
2026-07-24T10:40:00+05:30,2860,2864.5,2859.3,2862.2,6253
2026-07-24T10:45:00+05:30,2862.1,2874.2,2862.1,2872.2,11922
2026-07-24T10:50:00+05:30,2872.1,2872.6,2867.2,2868,7349
2026-07-24T10:55:00+05:30,2868,2874,2864,2873.8,9867
2026-07-24T11:00:00+05:30,2873.9,2882.3,2872.5,2879.9,11799
2026-07-24T11:05:00+05:30,2881,2881.9,2876.3,2877.4,5841
2026-07-24T11:10:00+05:30,2878.1,2880,2875.9,2876,4250
2026-07-24T11:15:00+05:30,2875.5,2881,2873.4,2879.4,4752
2026-07-24T11:20:00+05:30,2879.6,2885.2,2879.5,2880.2,6189
2026-07-24T11:25:00+05:30,2880,2881.6,2877,2878.2,2861
2026-07-24T11:30:00+05:30,2877.7,2879.4,2872.9,2877,7344
2026-07-24T11:35:00+05:30,2876.5,2884.5,2875.7,2877,10362
2026-07-24T11:40:00+05:30,2878,2884.5,2876.7,2884.5,3038
2026-07-24T11:45:00+05:30,2883.3,2887.2,2882,2883.1,8617
2026-07-24T11:50:00+05:30,2883.8,2896.5,2883.8,2894.5,22125
2026-07-24T11:55:00+05:30,2895.1,2903.5,2894.2,2901.8,17249
2026-07-24T12:00:00+05:30,2901.3,2901.3,2891.2,2894,8848
2026-07-24T12:05:00+05:30,2894,2898.7,2894,2896,2935
2026-07-24T12:10:00+05:30,2896.2,2897.3,2894.1,2895.8,3016
2026-07-24T12:15:00+05:30,2895.8,2901.5,2894,2901,5592
2026-07-24T12:20:00+05:30,2900.3,2913,2898.2,2908.1,9637
2026-07-24T12:25:00+05:30,2908.2,2910.9,2903.7,2907,7159
2026-07-24T12:30:00+05:30,2907.8,2910.4,2903.6,2903.7,5791
2026-07-24T12:35:00+05:30,2904.9,2905.5,2900.1,2902.3,5900
2026-07-24T12:40:00+05:30,2902.3,2911.2,2902.1,2909.5,7137
2026-07-24T12:45:00+05:30,2909,2911,2906.1,2909.4,4260
2026-07-24T12:50:00+05:30,2908.9,2910.3,2906.5,2908.3,5669
2026-07-24T12:55:00+05:30,2909.2,2912,2907.6,2910,3964
2026-07-24T13:00:00+05:30,2909.5,2910.2,2900,2902.3,5405
2026-07-24T13:05:00+05:30,2902.1,2903.8,2897.2,2898.6,6982
2026-07-24T13:10:00+05:30,2898.1,2904.7,2898.1,2903,6665
2026-07-24T13:15:00+05:30,2902.5,2903.6,2895.4,2896.8,3929
2026-07-24T13:20:00+05:30,2896.3,2901.4,2893.8,2899.6,8008
2026-07-24T13:25:00+05:30,2897.9,2904,2897.5,2901.3,5056
2026-07-24T13:30:00+05:30,2900.8,2901.6,2894.1,2897,6376
2026-07-24T13:35:00+05:30,2896.5,2897,2892.7,2895.2,3990
2026-07-24T13:40:00+05:30,2894.7,2895.3,2891,2892.7,4529
2026-07-24T13:45:00+05:30,2892.7,2894.5,2891.5,2894.5,4678
2026-07-24T13:50:00+05:30,2894.7,2896.4,2893.2,2893.5,3507
2026-07-24T13:55:00+05:30,2893.2,2902,2893,2901.4,4640
2026-07-24T14:00:00+05:30,2900.9,2905,2900.2,2904,8076
2026-07-24T14:05:00+05:30,2903.5,2905,2899,2899.6,5284
2026-07-24T14:10:00+05:30,2899.3,2902,2898.1,2899,3620
2026-07-24T14:15:00+05:30,2899,2901,2898.1,2899.3,2586
2026-07-24T14:20:00+05:30,2898.8,2899.4,2896.2,2898,3371
2026-07-24T14:25:00+05:30,2898.9,2899,2895,2896.4,5842
2026-07-24T14:30:00+05:30,2896,2897.8,2893.1,2894.9,3660
2026-07-24T14:35:00+05:30,2894.8,2895.1,2892.2,2894.2,12544
2026-07-24T14:40:00+05:30,2894.5,2896.9,2892,2892,17993
2026-07-24T14:45:00+05:30,2892.3,2892.4,2886.4,2888.9,11662
2026-07-24T14:50:00+05:30,2889.6,2890,2886.4,2890,7107
2026-07-24T14:55:00+05:30,2889.5,2889.5,2886.1,2888.2,8739
2026-07-24T15:00:00+05:30,2887.7,2896.4,2882,2893.5,49803
2026-07-24T15:05:00+05:30,2893.8,2893.8,2888,2889,7774
2026-07-24T15:10:00+05:30,2889.5,2894.9,2889.5,2894.7,14029
2026-07-24T15:15:00+05:30,2895,2895,2890.3,2890.9,24778
2026-07-24T15:20:00+05:30,2890.9,2893,2890,2891,27312
2026-07-24T15:25:00+05:30,2890.5,2892,2886,2888.9,11825
2026-07-27T09:15:00+05:30,2918.9,2920,2907.1,2911.6,18775
2026-07-27T09:20:00+05:30,2911.7,2922.9,2911.4,2918.1,11065
2026-07-27T09:25:00+05:30,2918.4,2923.4,2914.3,2920.3,14342
2026-07-27T09:30:00+05:30,2921.7,2928.5,2920.4,2920.9,13302
2026-07-27T09:35:00+05:30,2921,2934,2920,2928.5,26520
2026-07-27T09:40:00+05:30,2930.9,2946.5,2930.9,2941.6,50064
2026-07-27T09:45:00+05:30,2942.7,2943,2938,2942.9,12202
2026-07-27T09:50:00+05:30,2942.9,2946,2939.8,2944,15609
2026-07-27T09:55:00+05:30,2944.2,2945.5,2940.2,2942,15342
2026-07-27T10:00:00+05:30,2940.5,2945.5,2940,2942.8,21812
2026-07-27T10:05:00+05:30,2942.8,2948.1,2941.4,2944.3,25740
2026-07-27T10:10:00+05:30,2943.5,2948.9,2942.4,2948.9,16219
2026-07-27T10:15:00+05:30,2948.4,2953.5,2948,2948,32025
2026-07-27T10:20:00+05:30,2947.3,2949.2,2945,2947.2,8397
2026-07-27T10:25:00+05:30,2947.4,2947.4,2943,2945,6275
2026-07-27T10:30:00+05:30,2945.2,2946.1,2939.5,2943.2,6398
2026-07-27T10:35:00+05:30,2944,2944,2939.5,2940.6,4772
2026-07-27T10:40:00+05:30,2940.6,2946.8,2940,2946,4689
2026-07-27T10:45:00+05:30,2946.2,2947.4,2942,2946.5,6491
2026-07-27T10:50:00+05:30,2946.4,2946.4,2943.6,2945.2,2496
2026-07-27T10:55:00+05:30,2945.9,2945.9,2941.7,2944.5,5641
2026-07-27T11:00:00+05:30,2944.5,2948.1,2943.5,2944.3,5998
2026-07-27T11:05:00+05:30,2944.3,2950,2943,2947.5,20366
2026-07-27T11:10:00+05:30,2946.8,2949.2,2939.7,2940.9,24202
2026-07-27T11:15:00+05:30,2940.9,2944.9,2940,2943,10019
2026-07-27T11:20:00+05:30,2942.5,2946,2941,2945.3,3914
2026-07-27T11:25:00+05:30,2945.3,2950.6,2945.3,2948,14043
2026-07-27T11:30:00+05:30,2948.8,2950.1,2945,2946.2,4189
2026-07-27T11:35:00+05:30,2947.2,2947.2,2945,2945,2146
2026-07-27T11:40:00+05:30,2945.1,2947.6,2944,2944,3622
2026-07-27T11:45:00+05:30,2944.9,2947,2944,2946.5,10616
2026-07-27T11:50:00+05:30,2946.2,2947.1,2940.9,2944,18457
2026-07-27T11:55:00+05:30,2944.1,2947,2943,2943.8,3886
2026-07-27T12:00:00+05:30,2943.4,2946,2942.3,2945.6,3593
2026-07-27T12:05:00+05:30,2946.5,2946.9,2941,2945,12952
2026-07-27T12:10:00+05:30,2945.3,2946,2944.9,2945,3595
2026-07-27T12:15:00+05:30,2945.6,2950,2944.9,2947.8,5243
2026-07-27T12:20:00+05:30,2948.5,2949.7,2945.6,2945.6,3014
2026-07-27T12:25:00+05:30,2945.8,2947.1,2945,2945,3411
2026-07-27T12:30:00+05:30,2945.3,2946.1,2944.5,2945,7770
2026-07-27T12:35:00+05:30,2945,2946.1,2941.5,2942.9,16370
2026-07-27T12:40:00+05:30,2942.7,2944.2,2941,2943,3079
2026-07-27T12:45:00+05:30,2943,2944.7,2941.3,2941.4,2751
2026-07-27T12:50:00+05:30,2941.8,2942,2933.1,2934.5,23656
2026-07-27T12:55:00+05:30,2935,2938,2930.5,2936.7,22239
2026-07-27T13:00:00+05:30,2936.7,2940,2934.7,2936.9,2998
2026-07-27T13:05:00+05:30,2937.9,2938.6,2936.3,2937.1,2558
2026-07-27T13:10:00+05:30,2937.1,2939.5,2934.8,2939,2742
2026-07-27T13:15:00+05:30,2939,2939.2,2932,2933.8,3812
2026-07-27T13:20:00+05:30,2933.3,2937,2933,2936,2751
2026-07-27T13:25:00+05:30,2936.7,2936.9,2933.9,2934.9,3373
2026-07-27T13:30:00+05:30,2936,2936,2930.2,2931,2217
2026-07-27T13:35:00+05:30,2931.2,2936.8,2928,2932.7,21526
2026-07-27T13:40:00+05:30,2932.6,2935.2,2931.8,2934.6,4179
2026-07-27T13:45:00+05:30,2934.1,2935.8,2931.2,2935.8,3925
2026-07-27T13:50:00+05:30,2935.7,2935.8,2930,2930.5,2204
2026-07-27T13:55:00+05:30,2931.4,2932.1,2930,2930.2,1796
2026-07-27T14:00:00+05:30,2930.3,2933.5,2930.1,2933,1467
2026-07-27T14:05:00+05:30,2932.2,2933,2930.3,2931.6,1903
2026-07-27T14:10:00+05:30,2932.7,2933.2,2930,2931.6,3812
2026-07-27T14:15:00+05:30,2932.8,2933.9,2930.1,2930.3,4494
2026-07-27T14:20:00+05:30,2930.2,2932.8,2930.1,2932.1,1784
2026-07-27T14:25:00+05:30,2932.5,2933.6,2930.5,2933,1830
2026-07-27T14:30:00+05:30,2933.3,2933.3,2930,2930.5,4145
2026-07-27T14:35:00+05:30,2931.3,2931.4,2929.4,2930,2362
2026-07-27T14:40:00+05:30,2930,2932.8,2929.5,2932.7,4044
2026-07-27T14:45:00+05:30,2932.7,2933.3,2929.5,2930,3798
2026-07-27T14:50:00+05:30,2930,2932.6,2929.6,2929.8,29413
2026-07-27T14:55:00+05:30,2930.9,2935.6,2929.6,2934.3,11619
2026-07-27T15:00:00+05:30,2934.2,2939.3,2932.3,2936.8,12608
2026-07-27T15:05:00+05:30,2936.9,2939.9,2935,2938,13052
2026-07-27T15:10:00+05:30,2937.9,2939.4,2936.2,2938.9,12611
2026-07-27T15:15:00+05:30,2939.5,2939.5,2935.6,2938,18394
2026-07-27T15:20:00+05:30,2938.6,2942.2,2937.8,2939.8,32817
2026-07-27T15:25:00+05:30,2941.1,2942.4,2937.3,2941,26352
2026-07-28T09:15:00+05:30,2938.3,2945.3,2928.4,2932.1,12431
2026-07-28T09:20:00+05:30,2932.6,2934.8,2928.8,2933.5,11025
2026-07-28T09:25:00+05:30,2933.5,2936.2,2928.4,2931.3,3810
2026-07-28T09:30:00+05:30,2930.7,2931.8,2926.9,2928.2,6443
2026-07-28T09:35:00+05:30,2928.2,2931.2,2925.3,2928.4,4145
2026-07-28T09:40:00+05:30,2928.2,2931.1,2921.8,2925,28518
2026-07-28T09:45:00+05:30,2925,2931.1,2923,2923.5,7989
2026-07-28T09:50:00+05:30,2923.5,2924.3,2918,2921.7,6898
2026-07-28T09:55:00+05:30,2921.7,2925.1,2915.1,2915.1,5082
2026-07-28T10:00:00+05:30,2916,2918.2,2913,2915.2,5132
2026-07-28T10:05:00+05:30,2915,2916.8,2910.7,2916,6017
2026-07-28T10:10:00+05:30,2916,2916.8,2913.8,2915,1882
2026-07-28T10:15:00+05:30,2915.1,2920,2914.8,2918.1,4214
2026-07-28T10:20:00+05:30,2918.1,2920,2915.5,2916.8,3623
2026-07-28T10:25:00+05:30,2916.8,2917.1,2908.8,2912.4,9307
2026-07-28T10:30:00+05:30,2911.8,2916.3,2911.2,2915.7,2785
2026-07-28T10:35:00+05:30,2915.7,2916.4,2914,2915,2367
2026-07-28T10:40:00+05:30,2915,2923.9,2913.9,2921.7,10075
2026-07-28T10:45:00+05:30,2921.7,2923.8,2920.5,2922.1,5291
2026-07-28T10:50:00+05:30,2922.2,2924,2922,2923.7,3675
2026-07-28T10:55:00+05:30,2923.8,2925.4,2922.6,2924.2,3456
2026-07-28T11:00:00+05:30,2923.6,2925,2920.2,2922.4,3922
2026-07-28T11:05:00+05:30,2922.4,2932.5,2922.2,2930.8,4058
2026-07-28T11:10:00+05:30,2930.8,2932,2928.8,2930,2508
2026-07-28T11:15:00+05:30,2930,2933.4,2929.7,2932,3188
2026-07-28T11:20:00+05:30,2932,2932,2924.8,2925,3159
2026-07-28T11:25:00+05:30,2925,2925,2917.3,2920,5491
2026-07-28T11:30:00+05:30,2920,2920.9,2918.3,2919.7,3352
2026-07-28T11:35:00+05:30,2919.4,2921,2918.6,2920.7,2104
2026-07-28T11:40:00+05:30,2921.8,2927,2921.7,2924.9,2999
2026-07-28T11:45:00+05:30,2924.9,2927.6,2924.3,2925.7,3688
2026-07-28T11:50:00+05:30,2925.7,2926,2922,2923.6,1921
2026-07-28T11:55:00+05:30,2923.5,2925.6,2922.9,2923.3,2517
2026-07-28T12:00:00+05:30,2923.3,2924.1,2922,2922,5606
2026-07-28T12:05:00+05:30,2922.5,2930,2922.2,2926.9,11570
2026-07-28T12:10:00+05:30,2926.9,2927,2925,2925.1,2005
2026-07-28T12:15:00+05:30,2925.1,2925.6,2923,2924.3,2208
2026-07-28T12:20:00+05:30,2924.3,2926,2922.2,2925.5,2903
2026-07-28T12:25:00+05:30,2925.5,2926,2923.7,2924,1458
2026-07-28T12:30:00+05:30,2924.7,2925.5,2922.7,2923.7,1515
2026-07-28T12:35:00+05:30,2924.5,2929.5,2923.7,2929.1,3526
2026-07-28T12:40:00+05:30,2928,2928.4,2924.6,2926.5,2439
2026-07-28T12:45:00+05:30,2926.6,2928,2925,2925.8,2273
2026-07-28T12:50:00+05:30,2925.8,2929,2924.8,2928.9,2966
2026-07-28T12:55:00+05:30,2927.9,2928.7,2926.3,2926.3,3792
2026-07-28T13:00:00+05:30,2926.6,2927.1,2925.7,2927.1,3526
2026-07-28T13:05:00+05:30,2927.2,2927.2,2925.8,2926.7,3072
2026-07-28T13:10:00+05:30,2926.7,2927.4,2923.9,2926,16223
2026-07-28T13:15:00+05:30,2926,2928.8,2923.9,2926.4,10299
2026-07-28T13:20:00+05:30,2926.4,2928,2924,2926.5,2849
2026-07-28T13:25:00+05:30,2926.5,2930.8,2926.5,2929.6,11451
2026-07-28T13:30:00+05:30,2929.6,2931.1,2928.9,2929.7,3338
2026-07-28T13:35:00+05:30,2929.6,2930.8,2929.1,2929.7,2137
2026-07-28T13:40:00+05:30,2929.7,2930.7,2927.5,2929.4,2714
2026-07-28T13:45:00+05:30,2929.3,2933.4,2927.8,2930,6435
2026-07-28T13:50:00+05:30,2930,2934.8,2929.6,2932.8,10764
2026-07-28T13:55:00+05:30,2932.9,2933.6,2926.7,2927.4,7096
2026-07-28T14:00:00+05:30,2927.4,2930.8,2926.3,2929.4,5151
2026-07-28T14:05:00+05:30,2929.7,2930.9,2927,2930.3,3423
2026-07-28T14:10:00+05:30,2930.3,2933.9,2930.2,2932.9,6190
2026-07-28T14:15:00+05:30,2932.9,2934,2931.2,2931.8,1404
2026-07-28T14:20:00+05:30,2931.7,2932.9,2930.5,2930.5,2065
2026-07-28T14:25:00+05:30,2931.6,2932,2927.8,2927.9,3067
2026-07-28T14:30:00+05:30,2927.7,2928.3,2924.1,2926,5655
2026-07-28T14:35:00+05:30,2926.6,2928.5,2925.2,2927.9,3303
2026-07-28T14:40:00+05:30,2927.3,2928.6,2927,2927.7,3446
2026-07-28T14:45:00+05:30,2928,2929.6,2926.6,2927.1,9679
2026-07-28T14:50:00+05:30,2926.8,2929.3,2926.1,2928.8,8307
2026-07-28T14:55:00+05:30,2928.8,2930.2,2927.4,2928.6,5353
2026-07-28T15:00:00+05:30,2929.1,2929.9,2925.3,2927.9,10336
2026-07-28T15:05:00+05:30,2927.9,2929.2,2925.1,2927.1,9311
2026-07-28T15:10:00+05:30,2927.5,2932.1,2927.5,2932,37991
2026-07-28T15:15:00+05:30,2931.9,2933.5,2928.6,2932.6,36906
2026-07-28T15:20:00+05:30,2932.3,2932.3,2930,2931.8,30766
2026-07-28T15:25:00+05:30,2931.8,2932,2927.2,2930,25913
2026-07-29T09:15:00+05:30,2940,2940,2925,2928.8,13951
2026-07-29T09:20:00+05:30,2927.7,2929,2917.9,2922.8,11463
2026-07-29T09:25:00+05:30,2921.2,2923,2916.5,2919.3,7007
2026-07-29T09:30:00+05:30,2918.5,2921.1,2917.7,2920,5189
2026-07-29T09:35:00+05:30,2920,2925.6,2920,2923.9,8849
2026-07-29T09:40:00+05:30,2924,2924.7,2920.2,2923,5042
2026-07-29T09:45:00+05:30,2922.2,2928.2,2922.2,2924.5,4888
2026-07-29T09:50:00+05:30,2927.1,2929.8,2925.9,2927,4441
2026-07-29T09:55:00+05:30,2927,2928.6,2924,2926,3374
2026-07-29T10:00:00+05:30,2926,2926.9,2925,2926.5,3170
2026-07-29T10:05:00+05:30,2927.4,2928.9,2926.5,2927.8,2380
2026-07-29T10:10:00+05:30,2927.5,2927.5,2925,2926.1,2725
2026-07-29T10:15:00+05:30,2926.7,2929.5,2925.3,2928.7,2688
2026-07-29T10:20:00+05:30,2928.7,2928.9,2926.8,2928.5,1070
2026-07-29T10:25:00+05:30,2928.5,2930,2927.2,2927.4,3730
2026-07-29T10:30:00+05:30,2928,2944,2927.6,2943.1,33294
2026-07-29T10:35:00+05:30,2943.4,2965.7,2943.4,2959,43272
2026-07-29T10:40:00+05:30,2957,2961,2950.4,2952.5,14813
2026-07-29T10:45:00+05:30,2953,2955.4,2950,2950.1,10297
2026-07-29T10:50:00+05:30,2950.1,2958,2948.3,2957.9,9636
2026-07-29T10:55:00+05:30,2957.6,2959.6,2953,2954,9393
2026-07-29T11:00:00+05:30,2953.9,2969,2950.1,2967.3,30176
2026-07-29T11:05:00+05:30,2967.3,2969.5,2963,2965,10678
2026-07-29T11:10:00+05:30,2966.1,2967,2960,2960,8013
2026-07-29T11:15:00+05:30,2959.9,2968,2958.5,2967,8155
2026-07-29T11:20:00+05:30,2967.6,2969,2965.4,2968.3,11967
2026-07-29T11:25:00+05:30,2968.7,2976,2966.6,2971.3,32626
2026-07-29T11:30:00+05:30,2971.3,2973,2965.6,2970,14308
2026-07-29T11:35:00+05:30,2970,2970,2964,2966.5,6199
2026-07-29T11:40:00+05:30,2966.5,2967,2961.4,2964.1,5487
2026-07-29T11:45:00+05:30,2965,2965.6,2961,2962.4,4506
2026-07-29T11:50:00+05:30,2962.1,2968.8,2962,2966.2,5137
2026-07-29T11:55:00+05:30,2967.6,2969,2965,2966.1,3346
2026-07-29T12:00:00+05:30,2966.1,2968,2962.2,2964,3537
2026-07-29T12:05:00+05:30,2965.1,2966.9,2964.1,2964.1,1769
2026-07-29T12:10:00+05:30,2965,2965,2962.3,2963,3602
2026-07-29T12:15:00+05:30,2964.3,2966.1,2962.1,2966,3178
2026-07-29T12:20:00+05:30,2965,2967,2965,2966.3,3785
2026-07-29T12:25:00+05:30,2966.3,2986,2965.2,2979,46790
2026-07-29T12:30:00+05:30,2980,2980.2,2974.2,2976.3,8182
2026-07-29T12:35:00+05:30,2978,2983.6,2976.9,2980.2,9578
2026-07-29T12:40:00+05:30,2981,2983.9,2980.4,2982.6,8048
2026-07-29T12:45:00+05:30,2982.7,2983,2980.2,2981.6,7743
2026-07-29T12:50:00+05:30,2981.6,2982.5,2975,2981,10450
2026-07-29T12:55:00+05:30,2980.8,2984.8,2980,2982,5578
2026-07-29T13:00:00+05:30,2982,2998.1,2981,2994.8,57836
2026-07-29T13:05:00+05:30,2995.8,3000,2990.3,2996,44492
2026-07-29T13:10:00+05:30,2996,3001,2990.1,2999.5,27700
2026-07-29T13:15:00+05:30,2999.2,2999.6,2991,2992.9,11527
2026-07-29T13:20:00+05:30,2994.5,2997.2,2989.7,2993.4,9692
2026-07-29T13:25:00+05:30,2994.8,2994.9,2991,2991.1,3890
2026-07-29T13:30:00+05:30,2991.8,2994.9,2990.9,2994,5240
2026-07-29T13:35:00+05:30,2994,2994,2991.1,2991.8,4329
2026-07-29T13:40:00+05:30,2992,2994,2990.3,2992.1,7097
2026-07-29T13:45:00+05:30,2991.1,2997.6,2991.1,2996,11482
2026-07-29T13:50:00+05:30,2997.3,3004.9,2996,3003.4,22010
2026-07-29T13:55:00+05:30,3004,3004,2990.1,2991.1,25396
2026-07-29T14:00:00+05:30,2991.1,2995,2991.1,2993.5,5146
2026-07-29T14:05:00+05:30,2993.5,2994.5,2991,2993.4,3878
2026-07-29T14:10:00+05:30,2993.1,2996.1,2992.1,2993.2,5296
2026-07-29T14:15:00+05:30,2993.5,2999,2991.6,2998,11990
2026-07-29T14:20:00+05:30,2998.1,3002,2995.1,2997.4,13684
2026-07-29T14:25:00+05:30,2997.4,3000,2996.3,2999.5,12544
2026-07-29T14:30:00+05:30,2999.5,3000,2988.4,2988.6,13418
2026-07-29T14:35:00+05:30,2988.6,2994.1,2984,2984,14631
2026-07-29T14:40:00+05:30,2984.1,2992.3,2980,2991.8,13309
2026-07-29T14:45:00+05:30,2990.4,2994.9,2989.2,2991.1,12359
2026-07-29T14:50:00+05:30,2992.2,2998.5,2991.6,2997,10384
2026-07-29T14:55:00+05:30,2998,3005,2997.1,3003.3,34560
2026-07-29T15:00:00+05:30,3002.8,3006,3002.4,3003,22242
2026-07-29T15:05:00+05:30,3003.7,3005,3001.5,3004.9,25122
2026-07-29T15:10:00+05:30,3004.9,3006.9,3002.9,3006.7,23433
2026-07-29T15:15:00+05:30,3006.6,3007,3002.5,3003.6,18043
2026-07-29T15:20:00+05:30,3003.7,3005.7,3002.4,3004.6,44614
2026-07-29T15:25:00+05:30,3004,3010.1,3000.2,3002,43138
2026-07-30T09:15:00+05:30,3020.2,3042.6,3010,3013.2,62245
2026-07-30T09:20:00+05:30,3008.2,3008.5,2995.8,2997.2,19749
2026-07-30T09:25:00+05:30,2995.3,3010,2994,3001.9,19867
2026-07-30T09:30:00+05:30,3000,3005.6,2995.7,3002,9659
2026-07-30T09:35:00+05:30,3002.1,3003.4,2992.3,2995.2,9144
2026-07-30T09:40:00+05:30,2995.1,3000,2994,2994.9,8159
2026-07-30T09:45:00+05:30,2994,3012.8,2994,3010.8,23734
2026-07-30T09:50:00+05:30,3011.2,3017.3,3010,3010,11832
2026-07-30T09:55:00+05:30,3010.6,3012.8,3006.9,3012,6517
2026-07-30T10:00:00+05:30,3012.1,3012.8,3009.1,3010,5277
2026-07-30T10:05:00+05:30,3009.9,3011.8,3007.6,3010.2,2977
2026-07-30T10:10:00+05:30,3010.7,3013.8,3006.1,3007.6,6400
2026-07-30T10:15:00+05:30,3007.6,3011.8,3007,3009.9,3648
2026-07-30T10:20:00+05:30,3009.6,3011,3007.3,3010.6,2415
2026-07-30T10:25:00+05:30,3010.8,3011,3007.2,3007.2,17087
2026-07-30T10:30:00+05:30,3007.2,3007.6,3001.1,3004.1,5676
2026-07-30T10:35:00+05:30,3004.1,3006.9,3000.5,3000.5,5436
2026-07-30T10:40:00+05:30,3002.8,3006.7,3000.9,3005.4,3869
2026-07-30T10:45:00+05:30,3005.2,3006.3,3000.1,3001.5,7220
2026-07-30T10:50:00+05:30,3001.5,3006,3000.1,3000.1,4139
2026-07-30T10:55:00+05:30,3000.1,3002.9,3000.1,3001.7,3911
2026-07-30T11:00:00+05:30,3001.7,3006,3000.1,3003,3588
2026-07-30T11:05:00+05:30,3003,3003.9,3001,3002,2122
2026-07-30T11:10:00+05:30,3002,3010,3001.5,3006.5,3102
2026-07-30T11:15:00+05:30,3006.6,3006.6,2995.1,3005.4,15783
2026-07-30T11:20:00+05:30,3005.4,3008,3004,3005.1,6329
2026-07-30T11:25:00+05:30,3005.1,3008.3,3002,3008.3,5471
2026-07-30T11:30:00+05:30,3008.9,3010,3005,3005,6399
2026-07-30T11:35:00+05:30,3005.6,3006.9,3003.3,3005.3,6207
2026-07-30T11:40:00+05:30,3005.7,3008.8,3005,3006.9,5342
2026-07-30T11:45:00+05:30,3006.9,3008,3004.1,3005.4,4792
2026-07-30T11:50:00+05:30,3005.5,3016.7,3005,3015,25055
2026-07-30T11:55:00+05:30,3015,3018.4,3011.1,3011.1,16864
2026-07-30T12:00:00+05:30,3011.1,3023,3007.6,3021.7,44076
2026-07-30T12:05:00+05:30,3021.8,3021.8,3016.6,3017.3,7263
2026-07-30T12:10:00+05:30,3017,3017.7,3015,3015,9061
2026-07-30T12:15:00+05:30,3015,3015,3002,3003.2,10094
2026-07-30T12:20:00+05:30,3002,3006,3001.1,3001.1,5086
2026-07-30T12:25:00+05:30,3002,3006.2,2997,2999.4,15812
2026-07-30T12:30:00+05:30,2999.4,3013,2999,3008.8,9511
2026-07-30T12:35:00+05:30,3008.7,3010.5,3002.1,3004.8,6032
2026-07-30T12:40:00+05:30,3004.8,3006.5,3002.3,3005.8,4292
2026-07-30T12:45:00+05:30,3005.2,3005.9,3000.8,3002.7,3856
2026-07-30T12:50:00+05:30,3002.7,3006.2,3000,3000.3,4579
2026-07-30T12:55:00+05:30,3000.8,3002.3,2997.9,3001.4,13041
2026-07-30T13:00:00+05:30,3001.4,3001.4,2997.4,2998.1,4571
2026-07-30T13:05:00+05:30,2999.2,2999.2,2996.2,2997.6,5251
2026-07-30T13:10:00+05:30,2996.3,2997.6,2994.3,2996.2,8166
2026-07-30T13:15:00+05:30,2994.6,2996.2,2992.4,2996,6266
2026-07-30T13:20:00+05:30,2996,2998.2,2995.1,2998,6990
2026-07-30T13:25:00+05:30,2998,2998.4,2995.5,2995.5,4000
2026-07-30T13:30:00+05:30,2995,3001.8,2993,2998.5,12062
2026-07-30T13:35:00+05:30,2998.8,3000,2996.6,2996.8,5680
2026-07-30T13:40:00+05:30,2996.8,2998.5,2985.2,2988.1,14298
2026-07-30T13:45:00+05:30,2988.1,2991.6,2985.8,2986.2,5554
2026-07-30T13:50:00+05:30,2986.2,2990.6,2982.2,2988.2,12498
2026-07-30T13:55:00+05:30,2988.2,2989.3,2985,2985.1,5665
2026-07-30T14:00:00+05:30,2985,2989.8,2985,2988.2,7015
2026-07-30T14:05:00+05:30,2988.2,2988.4,2985.1,2988.2,5374
2026-07-30T14:10:00+05:30,2987.5,2988.3,2985.1,2986.1,5587
2026-07-30T14:15:00+05:30,2986.1,2987.9,2982,2986.3,8217
2026-07-30T14:20:00+05:30,2986.3,2988.2,2983.4,2985.1,7082
2026-07-30T14:25:00+05:30,2985,2986.5,2983.1,2983.3,7194
2026-07-30T14:30:00+05:30,2983.3,2986,2982.6,2985,10165
2026-07-30T14:35:00+05:30,2984.8,2987.9,2983.2,2987.7,9231
2026-07-30T14:40:00+05:30,2987.7,2993.7,2987,2992,14863
2026-07-30T14:45:00+05:30,2991.9,2995,2989.7,2992.7,15661
2026-07-30T14:50:00+05:30,2992.7,2993.7,2991,2991.1,6276
2026-07-30T14:55:00+05:30,2990.9,2994.5,2990.9,2992.5,8351
2026-07-30T15:00:00+05:30,2992.6,2995.5,2990.9,2994.8,16133
2026-07-30T15:05:00+05:30,2995,3000,2994.8,2999.8,18928
2026-07-30T15:10:00+05:30,2999.8,3000.3,2995.8,2996.9,17002
2026-07-30T15:15:00+05:30,2996.9,3003,2995.2,3001.4,26737
2026-07-30T15:20:00+05:30,3003.3,3003.3,2998.6,3003,32245
2026-07-30T15:25:00+05:30,3003,3006,3000,3004,20200
2026-07-31T09:15:00+05:30,3008,3026.7,2990.9,3007,24739
2026-07-31T09:20:00+05:30,3008,3011.9,3003,3011.9,8244
2026-07-31T09:25:00+05:30,3011.4,3017.5,3008,3008,6420
2026-07-31T09:30:00+05:30,3006.3,3010.1,3005.5,3005.5,4332
2026-07-31T09:35:00+05:30,3004.3,3005.3,2996.1,2996.5,8269
2026-07-31T09:40:00+05:30,2994.6,3000,2993,3000,7850
2026-07-31T09:45:00+05:30,2998.1,3004,2996,3002.1,7510
2026-07-31T09:50:00+05:30,3002.6,3010.8,3000,3008.5,13860
2026-07-31T09:55:00+05:30,3008.5,3010,3005.2,3006.5,7293
2026-07-31T10:00:00+05:30,3006.3,3007,3001,3002,4244
2026-07-31T10:05:00+05:30,3002,3007.3,3000.5,3005.8,7171
2026-07-31T10:10:00+05:30,3005.8,3006.8,3000.3,3000.5,7318
2026-07-31T10:15:00+05:30,3001.3,3003.5,3000,3000.2,5916
2026-07-31T10:20:00+05:30,3000.1,3005,2997.2,3003.8,10944
2026-07-31T10:25:00+05:30,3003.8,3012.7,3002.5,3009.6,11354
2026-07-31T10:30:00+05:30,3009.6,3010.7,3003,3005.7,4754
2026-07-31T10:35:00+05:30,3005.7,3006.8,3000.1,3004.2,10487
2026-07-31T10:40:00+05:30,3004.2,3005.1,3001.4,3003.2,3820
2026-07-31T10:45:00+05:30,3003.2,3004.4,3001.2,3002.6,4449
2026-07-31T10:50:00+05:30,3002.6,3004.8,3000.3,3003.2,5813
2026-07-31T10:55:00+05:30,3003.2,3005,3001,3002.6,6136
2026-07-31T11:00:00+05:30,3004,3004.3,3000.3,3000.6,3686
2026-07-31T11:05:00+05:30,3001.5,3001.5,2998.1,2999,6459
2026-07-31T11:10:00+05:30,2999.8,3003,2998.6,3000.2,5443
2026-07-31T11:15:00+05:30,3000.6,3007.3,3000.2,3005.7,9633
2026-07-31T11:20:00+05:30,3006.9,3010,3004.8,3006.2,7153
2026-07-31T11:25:00+05:30,3006.3,3008,3004.8,3005.6,4697
2026-07-31T11:30:00+05:30,3005.6,3006,3003.6,3004.7,2467
2026-07-31T11:35:00+05:30,3005.3,3007.2,3005,3007.1,4921
2026-07-31T11:40:00+05:30,3007.1,3009.5,3005.4,3009,5873
2026-07-31T11:45:00+05:30,3008.3,3014.4,3007,3012.4,12739
2026-07-31T11:50:00+05:30,3013.5,3017.7,3008.8,3010,13984
2026-07-31T11:55:00+05:30,3010,3017,3008.1,3016,8520
2026-07-31T12:00:00+05:30,3016,3016.8,3011,3011.1,7567
2026-07-31T12:05:00+05:30,3011.1,3013.1,3009.2,3009.2,5497
2026-07-31T12:10:00+05:30,3009.2,3010.2,3007.3,3010,6764
2026-07-31T12:15:00+05:30,3010,3012,3008.8,3009.6,6020
2026-07-31T12:20:00+05:30,3009,3009.6,3006.2,3008.1,4960
2026-07-31T12:25:00+05:30,3008.1,3012.5,3006.4,3010.4,6973
2026-07-31T12:30:00+05:30,3011.4,3011.4,3008.5,3010.3,5975
2026-07-31T12:35:00+05:30,3010.8,3011.4,3009.1,3010,3396
2026-07-31T12:40:00+05:30,3010.3,3013.2,3009.7,3010.2,3882
2026-07-31T12:45:00+05:30,3010.3,3011,3009.5,3011,2689
2026-07-31T12:50:00+05:30,3011,3011.3,3008,3009.4,4173
2026-07-31T12:55:00+05:30,3010,3012.1,3009.3,3011.1,5185
2026-07-31T13:00:00+05:30,3011.2,3011.6,3008.9,3010.1,1952
2026-07-31T13:05:00+05:30,3011,3012.5,3009.2,3012,4520
2026-07-31T13:10:00+05:30,3011.7,3011.9,3009,3009.9,3991
2026-07-31T13:15:00+05:30,3009.9,3012,3008.3,3010.9,3312
2026-07-31T13:20:00+05:30,3010.8,3011.7,3009,3010.3,2905
2026-07-31T13:25:00+05:30,3010.3,3011.9,3009.4,3010.6,3698
2026-07-31T13:30:00+05:30,3010.6,3012,3008.9,3010,12267
2026-07-31T13:35:00+05:30,3010.3,3011,3009,3009.4,3846
2026-07-31T13:40:00+05:30,3010.7,3010.7,3006.4,3009.2,4200
2026-07-31T13:45:00+05:30,3008,3015.8,3007.2,3008.6,6138
2026-07-31T13:50:00+05:30,3008.6,3010.5,3007,3008.3,5893
2026-07-31T13:55:00+05:30,3008.4,3011,3007.6,3007.9,4458
2026-07-31T14:00:00+05:30,3007.7,3009.8,3007,3007.7,5387
2026-07-31T14:05:00+05:30,3007.7,3008.9,3006.5,3007,20608
2026-07-31T14:10:00+05:30,3007.1,3007.3,3006.5,3006.6,5291
2026-07-31T14:15:00+05:30,3007,3010.1,3006.3,3007.9,6714
2026-07-31T14:20:00+05:30,3008.9,3012.4,3007.2,3008.1,8127
2026-07-31T14:25:00+05:30,3009,3011.7,3008,3010.3,7715
2026-07-31T14:30:00+05:30,3009.9,3011.4,3007,3007.5,8103
2026-07-31T14:35:00+05:30,3007.1,3008.4,3006.3,3007.3,4930
2026-07-31T14:40:00+05:30,3007.3,3008.1,3002.3,3004,8962
2026-07-31T14:45:00+05:30,3003.9,3005.7,3003,3004.4,5968
2026-07-31T14:50:00+05:30,3005.1,3005.4,3003,3003.5,6360
2026-07-31T14:55:00+05:30,3003.7,3004.3,3000.2,3001.6,5206
2026-07-31T15:00:00+05:30,3005.8,3009.5,3004,3007.8,24591
2026-07-31T15:05:00+05:30,3007.8,3011.7,3007.8,3011.7,15675
2026-07-31T15:10:00+05:30,3011.7,3011.7,3006.1,3007.7,25835
2026-07-31T15:15:00+05:30,3008.5,3008.5,3001.8,3002.3,24071
2026-07-31T15:20:00+05:30,3002,3005,3000.1,3002,24734
2026-07-31T15:25:00+05:30,3002.1,3003.5,3000,3002,19417
2026-08-03T09:15:00+05:30,3035,3035,3003,3021.8,31727
2026-08-03T09:20:00+05:30,3023.4,3032.4,3017.6,3018.1,16803
2026-08-03T09:25:00+05:30,3019.4,3029.2,3016.1,3024.4,10140
2026-08-03T09:30:00+05:30,3025.7,3028,3021,3024.5,9749
2026-08-03T09:35:00+05:30,3024.9,3026.2,3015.1,3016.7,8045
2026-08-03T09:40:00+05:30,3015.5,3017,3013.2,3016.4,5722
2026-08-03T09:45:00+05:30,3016.4,3016.9,3011.3,3013,2761
2026-08-03T09:50:00+05:30,3013.1,3013.8,3002.9,3007.1,12203
2026-08-03T09:55:00+05:30,3007.1,3010,3005,3007.7,5933
2026-08-03T10:00:00+05:30,3007.7,3012.7,3005.5,3008,6169
2026-08-03T10:05:00+05:30,3008,3008.9,3003,3005.8,8058
2026-08-03T10:10:00+05:30,3005.8,3007.3,3003.1,3003.2,5334
2026-08-03T10:15:00+05:30,3004.3,3008.1,3003,3008.1,7738
2026-08-03T10:20:00+05:30,3008.3,3011.7,3008,3011.4,10098
2026-08-03T10:25:00+05:30,3011.5,3013.4,3007,3007.7,7145
2026-08-03T10:30:00+05:30,3007.7,3009,3004.2,3005.6,5664
2026-08-03T10:35:00+05:30,3005.8,3010.2,3005.8,3009.1,6872
2026-08-03T10:40:00+05:30,3008,3014.5,3007.5,3014.5,8840
2026-08-03T10:45:00+05:30,3014,3021.2,3012,3015,14728
2026-08-03T10:50:00+05:30,3015,3018.2,3015,3015.5,5797
2026-08-03T10:55:00+05:30,3015,3015.7,3011.4,3012.9,8495
2026-08-03T11:00:00+05:30,3012.8,3015.1,3010.1,3012.3,6704
2026-08-03T11:05:00+05:30,3011.2,3014.3,3010.1,3011.7,5660
2026-08-03T11:10:00+05:30,3011.2,3011.2,3004.6,3005.7,6005
2026-08-03T11:15:00+05:30,3005.4,3007.2,3004,3004.3,4116
2026-08-03T11:20:00+05:30,3004.4,3005.5,3003,3004.6,5529
2026-08-03T11:25:00+05:30,3004.2,3009.2,3003.2,3005.5,6646
2026-08-03T11:30:00+05:30,3005.1,3010.1,3005,3009.6,10334
2026-08-03T11:35:00+05:30,3009.6,3019,3008.4,3017.4,14253
2026-08-03T11:40:00+05:30,3017.8,3025.5,3008.7,3025.4,29310
2026-08-03T11:45:00+05:30,3024.8,3025.5,3017.7,3018.4,9920
2026-08-03T11:50:00+05:30,3019.5,3025.5,3019.2,3025,12301
2026-08-03T11:55:00+05:30,3025,3029.4,3020.3,3020.9,9298
2026-08-03T12:00:00+05:30,3020.8,3023.1,3018,3020.2,9644
2026-08-03T12:05:00+05:30,3020.1,3020.7,3018.4,3018.4,4914
2026-08-03T12:10:00+05:30,3018.3,3025,3018,3023.8,18566
2026-08-03T12:15:00+05:30,3023.1,3027.5,3020.9,3026,10494
2026-08-03T12:20:00+05:30,3025.5,3031.9,3024.6,3031.9,27670
2026-08-03T12:25:00+05:30,3031.6,3031.6,3027.4,3029.2,18651
2026-08-03T12:30:00+05:30,3029.2,3031.6,3025.8,3027.8,9223
2026-08-03T12:35:00+05:30,3026.8,3029.7,3025.2,3025.4,5295
2026-08-03T12:40:00+05:30,3025.2,3028,3025,3027.1,6853
2026-08-03T12:45:00+05:30,3026.1,3029.9,3022.2,3023.8,24471
2026-08-03T12:50:00+05:30,3024.7,3024.7,3023.3,3023.8,5857
2026-08-03T12:55:00+05:30,3023.7,3024,3021,3021.3,7923
2026-08-03T13:00:00+05:30,3021.2,3022,3019.6,3019.9,17901
2026-08-03T13:05:00+05:30,3020.7,3022.9,3019,3021.9,6300
2026-08-03T13:10:00+05:30,3020.9,3024,3010.3,3012,21614
2026-08-03T13:15:00+05:30,3012,3014.4,3010.1,3013.5,6157
2026-08-03T13:20:00+05:30,3013.5,3014.8,3012,3013.7,5910
2026-08-03T13:25:00+05:30,3013.3,3015.5,3012.4,3015.1,5280
2026-08-03T13:30:00+05:30,3015.6,3021.1,3011.9,3017.2,20069
2026-08-03T13:35:00+05:30,3016.6,3017.4,3013.4,3015.6,4810
2026-08-03T13:40:00+05:30,3014.9,3018.5,3013.1,3013.7,4706
2026-08-03T13:45:00+05:30,3013.2,3020.9,3010.4,3020,13264
2026-08-03T13:50:00+05:30,3020,3020.1,3012.9,3017.4,18976
2026-08-03T13:55:00+05:30,3014.9,3016.6,3012.5,3015.4,5685
2026-08-03T14:00:00+05:30,3014.8,3017.3,3012.9,3014.9,5777
2026-08-03T14:05:00+05:30,3013.9,3015.2,3012.3,3012.8,5408
2026-08-03T14:10:00+05:30,3013.9,3017,3012.1,3016.3,5599
2026-08-03T14:15:00+05:30,3015.3,3017.9,3015.2,3016.6,6059
2026-08-03T14:20:00+05:30,3016.5,3020,3015.5,3016.8,6988
2026-08-03T14:25:00+05:30,3016.5,3020.5,3013.9,3016.7,11528
2026-08-03T14:30:00+05:30,3016.8,3020.9,3015.2,3020.7,4759
2026-08-03T14:35:00+05:30,3020.1,3022,3019,3021.5,10791
2026-08-03T14:40:00+05:30,3021.5,3022,3020,3020.4,7661
2026-08-03T14:45:00+05:30,3021.3,3026.8,3020.3,3025.7,32592
2026-08-03T14:50:00+05:30,3025.3,3044,3024.8,3043.2,65399
2026-08-03T14:55:00+05:30,3042.3,3043.1,3035.9,3037.1,20994
2026-08-03T15:00:00+05:30,3037.9,3042.8,3035.2,3041.9,27365
2026-08-03T15:05:00+05:30,3042.5,3043.4,3035,3039.3,21772
2026-08-03T15:10:00+05:30,3038.9,3046,3038.1,3040,24680
2026-08-04T09:15:00+05:30,3058,3063,3038,3058,47468
2026-08-04T09:20:00+05:30,3058.5,3068.4,3058.5,3063.3,34216
2026-08-04T09:25:00+05:30,3063.7,3078.5,3060.4,3074.3,73163
2026-08-04T09:30:00+05:30,3074.4,3076,3070.7,3071.5,31806
2026-08-04T09:35:00+05:30,3070.5,3074.5,3067.1,3069.8,28791
2026-08-04T09:40:00+05:30,3068.7,3079.7,3068.7,3075.5,24963
2026-08-04T09:45:00+05:30,3077,3088.8,3076.8,3083.1,53849
2026-08-04T09:50:00+05:30,3084.2,3090,3081.6,3082.2,37861
2026-08-04T09:55:00+05:30,3082.6,3083.2,3066.9,3075.6,58135
2026-08-04T10:00:00+05:30,3075.6,3079.2,3075,3076,14086
2026-08-04T10:05:00+05:30,3076,3077.9,3076,3077.2,5954
2026-08-04T10:10:00+05:30,3077,3082,3076.2,3081,9547
2026-08-04T10:15:00+05:30,3081,3082,3078.7,3080.4,10024
2026-08-04T10:20:00+05:30,3080.9,3083.5,3078.6,3080,7661
2026-08-04T10:25:00+05:30,3081,3081,3076.1,3078.5,10486
2026-08-04T10:30:00+05:30,3079,3079,3075.7,3076.9,9477
2026-08-04T10:35:00+05:30,3076.9,3077.9,3071.4,3071.4,9860
2026-08-04T10:40:00+05:30,3072.7,3073,3070,3071.4,11962
2026-08-04T10:45:00+05:30,3071.7,3080.3,3070.8,3079.6,10219
2026-08-04T10:50:00+05:30,3079.1,3087.2,3078.5,3085.1,16223
2026-08-04T10:55:00+05:30,3085.5,3093,3084.7,3093,33421
2026-08-04T11:00:00+05:30,3093,3100,3092,3094.3,41365
2026-08-04T11:05:00+05:30,3094.1,3110,3093,3108.9,62649
2026-08-04T11:10:00+05:30,3109.5,3111,3105.5,3108,32201
2026-08-04T11:15:00+05:30,3108.4,3110.8,3103.1,3105.5,27880
2026-08-04T11:20:00+05:30,3105.5,3106,3089.1,3092.8,30814
2026-08-04T11:25:00+05:30,3092.4,3094.5,3081,3081,34792
2026-08-04T11:30:00+05:30,3082,3089.7,3076.7,3077,67185
2026-08-04T11:35:00+05:30,3078,3084,3076,3083.9,21818
2026-08-04T11:40:00+05:30,3083.9,3084,3081,3081,10504
2026-08-04T11:45:00+05:30,3082.7,3082.9,3080.1,3081.9,8297
2026-08-04T11:50:00+05:30,3081.9,3084,3081.6,3082.5,8040
2026-08-04T11:55:00+05:30,3082.6,3084,3081,3081,26764
2026-08-04T12:00:00+05:30,3082,3083,3075.7,3080.9,7773
2026-08-04T12:05:00+05:30,3081.7,3082.8,3080,3080.2,2970
2026-08-04T12:10:00+05:30,3080.9,3081.4,3078,3079,6715
2026-08-04T12:15:00+05:30,3079.1,3080.9,3078,3080,2910
2026-08-04T12:20:00+05:30,3081.3,3081.9,3078.5,3080.5,4312
2026-08-04T12:25:00+05:30,3081.7,3083,3080.6,3083,4243
2026-08-04T12:30:00+05:30,3083,3084,3078.5,3079,8301
2026-08-04T12:35:00+05:30,3078,3080,3075.3,3078.4,5171
2026-08-04T12:40:00+05:30,3079.6,3080,3075.2,3076.7,2990
2026-08-04T12:45:00+05:30,3077.8,3090,3076.5,3084,46230
2026-08-04T12:50:00+05:30,3084,3084,3080.7,3082.9,20235
2026-08-04T12:55:00+05:30,3083.2,3083.2,3080.3,3081.4,6434
2026-08-04T13:00:00+05:30,3081.3,3083,3080.5,3083,7334
2026-08-04T13:05:00+05:30,3083,3086.8,3082.4,3082.9,33806
2026-08-04T13:10:00+05:30,3083.8,3084,3081,3081.5,8765
2026-08-04T13:15:00+05:30,3081.9,3084,3079.6,3080.5,10068
2026-08-04T13:20:00+05:30,3080.7,3083.6,3080.4,3082.5,8526
2026-08-04T13:25:00+05:30,3083.6,3084,3079.6,3080.1,10977
2026-08-04T13:30:00+05:30,3080,3082.7,3077,3082.2,11486
2026-08-04T13:35:00+05:30,3082.5,3082.9,3078.8,3082.3,8973
2026-08-04T13:40:00+05:30,3082.2,3082.5,3077.2,3077.2,11190
2026-08-04T13:45:00+05:30,3077.7,3084,3074.1,3084,27004
2026-08-04T13:50:00+05:30,3084,3084,3077.7,3079.6,14961
2026-08-04T13:55:00+05:30,3078.6,3080.8,3074.8,3080.8,19027
2026-08-04T14:00:00+05:30,3080.3,3081.3,3078,3081.3,6840
2026-08-04T14:05:00+05:30,3081,3083.7,3079.9,3082,12006
2026-08-04T14:10:00+05:30,3082,3084,3079,3080.3,9347
2026-08-04T14:15:00+05:30,3079.9,3082.1,3076.5,3080,17573
2026-08-04T14:20:00+05:30,3079.5,3083.8,3078.9,3082.7,16594
2026-08-04T14:25:00+05:30,3082.5,3083.7,3076.2,3078.1,11163
2026-08-04T14:30:00+05:30,3077.4,3078.4,3074,3075.2,10407
2026-08-04T14:35:00+05:30,3075.2,3076,3074,3075.2,9597
2026-08-04T14:40:00+05:30,3074.1,3077.3,3072.4,3075,13180
2026-08-04T14:45:00+05:30,3074.3,3081.4,3073.7,3081.4,14351
2026-08-04T14:50:00+05:30,3081.2,3083.2,3076.4,3079.1,31384
2026-08-04T14:55:00+05:30,3078.7,3079.5,3075.1,3075.4,20629
2026-08-04T15:00:00+05:30,3075.1,3075.1,3066,3066,35369
2026-08-04T15:05:00+05:30,3066.9,3066.9,3060,3065.5,39298
2026-08-04T15:10:00+05:30,3065.7,3077,3062.2,3077,36983
2026-08-05T09:15:00+05:30,3107.3,3107.3,3080.1,3105.6,29980
2026-08-05T09:20:00+05:30,3105.6,3114.3,3102.1,3112.1,22338
2026-08-05T09:25:00+05:30,3110.5,3118,3103,3115.8,26646
2026-08-05T09:30:00+05:30,3117,3133.1,3107.2,3132,51072
2026-08-05T09:35:00+05:30,3131.9,3134,3126.6,3126.8,14646
2026-08-05T09:40:00+05:30,3126.8,3133.7,3124.7,3128.8,13212
2026-08-05T09:45:00+05:30,3130,3133.6,3122.5,3122.6,25368
2026-08-05T09:50:00+05:30,3123,3126.4,3121.1,3125.3,14742
2026-08-05T09:55:00+05:30,3123.8,3127.7,3121.9,3124.1,12459
2026-08-05T10:00:00+05:30,3125.7,3129.9,3124.7,3128,5166
2026-08-05T10:05:00+05:30,3128,3132.7,3125.4,3130,8488
2026-08-05T10:10:00+05:30,3131.3,3132,3129.3,3131.1,5974
2026-08-05T10:15:00+05:30,3132,3132,3125.4,3126.4,4823
2026-08-05T10:20:00+05:30,3126.4,3127.7,3125.1,3126.3,4495
2026-08-05T10:25:00+05:30,3126.1,3140.3,3126.1,3132.7,39427
2026-08-05T10:30:00+05:30,3132,3132,3125,3126.9,13271
2026-08-05T10:35:00+05:30,3126.9,3127.9,3122.5,3126,8702
2026-08-05T10:40:00+05:30,3126.9,3131,3125.8,3130.8,4982
2026-08-05T10:45:00+05:30,3130.8,3132.8,3128,3129.4,6913
2026-08-05T10:50:00+05:30,3130.2,3134.9,3124.4,3126.4,10463
2026-08-05T10:55:00+05:30,3126.4,3129.6,3124.6,3128.6,4123
2026-08-05T11:00:00+05:30,3129,3131.6,3126.8,3127.9,3849
2026-08-05T11:05:00+05:30,3127.8,3130,3125.6,3126,3918
2026-08-05T11:10:00+05:30,3126.7,3128.9,3124.4,3127.6,5576
2026-08-05T11:15:00+05:30,3128.8,3130,3125,3125,4210
2026-08-05T11:20:00+05:30,3126,3127,3124.1,3126,3306
2026-08-05T11:25:00+05:30,3126,3126.9,3122.1,3122.1,6362
2026-08-05T11:30:00+05:30,3123,3124,3119,3119.6,8116
2026-08-05T11:35:00+05:30,3119.6,3120,3116,3117,6722
2026-08-05T11:40:00+05:30,3116.8,3118.5,3116,3118.4,4997
2026-08-05T11:45:00+05:30,3118.4,3118.4,3114.7,3115.9,6929
2026-08-05T11:50:00+05:30,3115.9,3116.6,3114.1,3115.4,2441
2026-08-05T11:55:00+05:30,3115.4,3116.1,3110.7,3112.5,6185
2026-08-05T12:00:00+05:30,3113.7,3119,3110.1,3115.1,6361
2026-08-05T12:05:00+05:30,3115.5,3115.5,3110.5,3111.9,2479
2026-08-05T12:10:00+05:30,3112.1,3112.1,3108.2,3109,4353
2026-08-05T12:15:00+05:30,3109.6,3113.5,3108,3109.8,6273
2026-08-05T12:20:00+05:30,3109.8,3111.3,3107,3108,6776
2026-08-05T12:25:00+05:30,3108,3109.2,3101.5,3102,5499
2026-08-05T12:30:00+05:30,3102.7,3102.7,3094,3095.3,13192
2026-08-05T12:35:00+05:30,3096,3097.4,3092.4,3097.4,6585
2026-08-05T12:40:00+05:30,3097.4,3098,3094,3096,5092
2026-08-05T12:45:00+05:30,3096,3096,3093.4,3093.7,3887
2026-08-05T12:50:00+05:30,3094.5,3094.5,3091.4,3093.2,5305
2026-08-05T12:55:00+05:30,3093.2,3093.2,3088.5,3091,4195
2026-08-05T13:00:00+05:30,3090,3092.6,3089.4,3092.4,5429
2026-08-05T13:05:00+05:30,3092.3,3092.3,3088.6,3092,2402
2026-08-05T13:10:00+05:30,3092.7,3093,3090.5,3092,1922
2026-08-05T13:15:00+05:30,3092,3096.7,3091,3096,2494
2026-08-05T13:20:00+05:30,3096.7,3097.1,3094.5,3095.4,3536
2026-08-05T13:25:00+05:30,3094.5,3096.6,3092.8,3096,2764
2026-08-05T13:30:00+05:30,3096,3096.4,3094.5,3095.8,2005
2026-08-05T13:35:00+05:30,3094.6,3096.2,3091.2,3092.3,4421
2026-08-05T13:40:00+05:30,3093,3093.2,3088.7,3089.5,4966
2026-08-05T13:45:00+05:30,3089.7,3095,3089.7,3093,3113
2026-08-05T13:50:00+05:30,3093.4,3094.8,3088,3093.3,11581
2026-08-05T13:55:00+05:30,3093.3,3097.5,3090.6,3095.9,13394
2026-08-05T14:00:00+05:30,3095,3098.2,3091.8,3096.9,4824
2026-08-05T14:05:00+05:30,3097.2,3097.4,3095,3095.9,2134
2026-08-05T14:10:00+05:30,3096.1,3096.6,3089.4,3090,3372
2026-08-05T14:15:00+05:30,3090,3092,3088.3,3092,1796
2026-08-05T14:20:00+05:30,3092.3,3093.8,3089,3089.8,3520
2026-08-05T14:25:00+05:30,3090,3092,3083.6,3086.7,9442
2026-08-05T14:30:00+05:30,3087.6,3092.8,3084.5,3092.4,6118
2026-08-05T14:35:00+05:30,3091.9,3095.9,3090.7,3095.4,6650
2026-08-05T14:40:00+05:30,3095.4,3096.7,3093,3096,6366
2026-08-05T14:45:00+05:30,3095.8,3107.9,3095.1,3103.1,118783
2026-08-05T14:50:00+05:30,3102.6,3110,3101.1,3106.6,14145
2026-08-05T14:55:00+05:30,3107.2,3109.2,3105.9,3106.4,17750
2026-08-05T15:00:00+05:30,3106.4,3114.7,3106.1,3114.7,13011
2026-08-05T15:05:00+05:30,3114,3114.6,3106.8,3109.3,18354
2026-08-05T15:10:00+05:30,3108.5,3110,3100.2,3110,23598
2026-08-06T09:15:00+05:30,3120,3127,3094.9,3099,28177
2026-08-06T09:20:00+05:30,3099,3101.9,3094.3,3095,14768
2026-08-06T09:25:00+05:30,3095.1,3096.2,3067.4,3073.3,37751
2026-08-06T09:30:00+05:30,3073.3,3076.2,3050,3060.9,55008
2026-08-06T09:35:00+05:30,3060,3070.3,3058.2,3061.2,30035
2026-08-06T09:40:00+05:30,3061.1,3068.7,3057.2,3058,19985
2026-08-06T09:45:00+05:30,3058.8,3065,3055,3062.9,14065
2026-08-06T09:50:00+05:30,3063.6,3067.2,3062,3066.2,15543
2026-08-06T09:55:00+05:30,3065.6,3066.1,3061.4,3064.8,11442
2026-08-06T10:00:00+05:30,3064.7,3064.7,3059,3061.6,13107
2026-08-06T10:05:00+05:30,3062.1,3063.7,3060,3063.2,9446
2026-08-06T10:10:00+05:30,3063.1,3066.9,3062,3062.6,9723
2026-08-06T10:15:00+05:30,3062.6,3065.4,3059.3,3062.4,14440
2026-08-06T10:20:00+05:30,3062.4,3074.6,3061,3073.5,17957
2026-08-06T10:25:00+05:30,3073.7,3074.1,3068.3,3070.4,9585
2026-08-06T10:30:00+05:30,3071.6,3072,3065.8,3066.3,9527
2026-08-06T10:35:00+05:30,3066.6,3071.5,3065.2,3070.4,8915
2026-08-06T10:40:00+05:30,3070.4,3071.4,3067,3067.5,7705
2026-08-06T10:45:00+05:30,3067.5,3068,3060.6,3062.2,9227
2026-08-06T10:50:00+05:30,3062,3067.3,3062,3067,9366
2026-08-06T10:55:00+05:30,3069.3,3070,3066,3067.3,7629
2026-08-06T11:00:00+05:30,3067.3,3078.5,3063,3071.7,20738
2026-08-06T11:05:00+05:30,3072,3075,3068.7,3070.7,11324
2026-08-06T11:10:00+05:30,3069.4,3076.4,3068.3,3074.1,15398
2026-08-06T11:15:00+05:30,3074.1,3076.8,3062,3067.6,163890
2026-08-06T11:20:00+05:30,3067.6,3071.3,3063,3064.5,5171
2026-08-06T11:25:00+05:30,3064.2,3070,3062.4,3068,6474
2026-08-06T11:30:00+05:30,3068,3070,3066.4,3067.6,3691
2026-08-06T11:35:00+05:30,3068.1,3071.4,3066.5,3069,4210
2026-08-06T11:40:00+05:30,3070.2,3073.9,3060.4,3061,10242
2026-08-06T11:45:00+05:30,3061,3062,3055.2,3057,16721
2026-08-06T11:50:00+05:30,3056.1,3067.1,3056.1,3063.8,21573
2026-08-06T11:55:00+05:30,3063.7,3070,3063.7,3067.8,10108
2026-08-06T12:00:00+05:30,3067.8,3071.7,3067,3070,7538
2026-08-06T12:05:00+05:30,3070,3075.3,3068.2,3069.2,32670
2026-08-06T12:10:00+05:30,3068.9,3074.6,3068,3072.3,6914
2026-08-06T12:15:00+05:30,3072.3,3073,3068,3069.1,5400
2026-08-06T12:20:00+05:30,3070.5,3070.5,3065,3065,8701
2026-08-06T12:25:00+05:30,3065,3066.4,3062.6,3066,7565
2026-08-06T12:30:00+05:30,3066,3068.1,3064,3066.2,4943
2026-08-06T12:35:00+05:30,3066.2,3067,3064,3065.5,5056
2026-08-06T12:40:00+05:30,3065.5,3069.9,3065,3065.8,4844
2026-08-06T12:45:00+05:30,3065.8,3067.7,3065,3066.2,4009
2026-08-06T12:50:00+05:30,3066.2,3066.6,3063.5,3064.5,8009
2026-08-06T12:55:00+05:30,3064.5,3066,3063.4,3065.5,7752
2026-08-06T13:00:00+05:30,3064.6,3065.7,3058,3062.4,9374
2026-08-06T13:05:00+05:30,3062.4,3062.7,3056,3061.4,12598
2026-08-06T13:10:00+05:30,3061.4,3063.1,3060,3062.5,7240
2026-08-06T13:15:00+05:30,3062.6,3072.5,3062.2,3069,24390
2026-08-06T13:20:00+05:30,3069.3,3070.4,3062.5,3065,6487
2026-08-06T13:25:00+05:30,3063.1,3067.8,3063,3065.3,4898
2026-08-06T13:30:00+05:30,3065.3,3195.1,3062.7,3190.2,230746
2026-08-06T13:35:00+05:30,3193.5,3244.5,3186,3194.5,597811
2026-08-06T13:40:00+05:30,3192.5,3195,3091.5,3120.2,332625
2026-08-06T13:45:00+05:30,3115,3127.5,3046.2,3093.2,366711
2026-08-06T13:50:00+05:30,3093.9,3108,3046.8,3067.7,234341
2026-08-06T13:55:00+05:30,3069.4,3088.5,3052.6,3064.6,138105
2026-08-06T14:00:00+05:30,3064,3091.4,3056,3091.4,101711
2026-08-06T14:05:00+05:30,3090,3112.5,3084.6,3111.2,120606
2026-08-06T14:10:00+05:30,3111,3151.2,3103,3136.8,231057
2026-08-06T14:15:00+05:30,3136.8,3160.7,3134.5,3149,141558
2026-08-06T14:20:00+05:30,3148,3173.3,3148,3171,159897
2026-08-06T14:25:00+05:30,3169.2,3199.8,3169.2,3195.1,192137
2026-08-06T14:30:00+05:30,3193.9,3194.4,3179.2,3183.1,90215
2026-08-06T14:35:00+05:30,3183.8,3185.9,3167.3,3175.7,102139
2026-08-06T14:40:00+05:30,3175.5,3177.9,3160.1,3166.3,70848
2026-08-06T14:45:00+05:30,3165.1,3183.8,3164.1,3170.2,53648
2026-08-06T14:50:00+05:30,3170.2,3174.4,3126.7,3138.8,109003
2026-08-06T14:55:00+05:30,3138,3140,3118,3121.7,73031
2026-08-06T15:00:00+05:30,3121.7,3121.8,3095.1,3096.9,85886
2026-08-06T15:05:00+05:30,3097.1,3113.2,3092.6,3108.6,81325
2026-08-06T15:10:00+05:30,3109.1,3115,3105.4,3107.1,53862
2026-08-07T09:15:00+05:30,3106.5,3106.5,3030.2,3033,224607
2026-08-07T09:20:00+05:30,3033.3,3050.4,3030.3,3043.9,130484
2026-08-07T09:25:00+05:30,3044,3044.8,3018.3,3019.3,109188
2026-08-07T09:30:00+05:30,3018.9,3022,3012,3021,79752
2026-08-07T09:35:00+05:30,3021,3027.4,3019,3024.3,47727
2026-08-07T09:40:00+05:30,3023.9,3032.5,3022,3029.8,24233
2026-08-07T09:45:00+05:30,3029.8,3033,3020,3027.3,46023
2026-08-07T09:50:00+05:30,3027.3,3037.7,3024.1,3032.7,29759
2026-08-07T09:55:00+05:30,3033.7,3044.3,3031.1,3041.9,59242
2026-08-07T10:00:00+05:30,3041.9,3043.6,3036,3042.1,24580
2026-08-07T10:05:00+05:30,3042.1,3045,3036.5,3039.4,36874
2026-08-07T10:10:00+05:30,3039.4,3040,3036,3037.1,12399
2026-08-07T10:15:00+05:30,3037.6,3050.8,3030.3,3030.3,44730
2026-08-07T10:20:00+05:30,3030.9,3036.4,3030.3,3032.4,11496
2026-08-07T10:25:00+05:30,3032.9,3033.8,3024.3,3024.3,7173
2026-08-07T10:30:00+05:30,3022.9,3041,3022.9,3041,53765
2026-08-07T10:35:00+05:30,3042,3045,3034,3035.4,15357
2026-08-07T10:40:00+05:30,3036.6,3036.9,3033,3034,4731
2026-08-07T10:45:00+05:30,3034.7,3034.9,3031.5,3033.7,5441
2026-08-07T10:50:00+05:30,3032.6,3033,3028.9,3031.9,14195
2026-08-07T10:55:00+05:30,3031.9,3031.9,3027,3029.3,7417
2026-08-07T11:00:00+05:30,3030,3031,3026.5,3029.7,6299
2026-08-07T11:05:00+05:30,3031,3032.9,3029.3,3031.7,6020
2026-08-07T11:10:00+05:30,3031.2,3032.1,3029,3031.3,9212
2026-08-07T11:15:00+05:30,3031.3,3032.1,3028,3031,5742
2026-08-07T11:20:00+05:30,3031.5,3032,3028.6,3029.5,5541
2026-08-07T11:25:00+05:30,3030,3037.9,3029.2,3037,8286
2026-08-07T11:30:00+05:30,3036.5,3037,3023,3026.5,42780
2026-08-07T11:35:00+05:30,3026,3030.2,3025.7,3028.5,7985
2026-08-07T11:40:00+05:30,3028.9,3031.8,3021.1,3021.8,16412
2026-08-07T11:45:00+05:30,3022.5,3028.3,3017,3018.6,35710
2026-08-07T11:50:00+05:30,3018.5,3020,3010,3014.9,42434
2026-08-07T11:55:00+05:30,3014.9,3018.9,3008.5,3017.9,27842
2026-08-07T12:00:00+05:30,3017.9,3022.6,3017,3022.3,16018
2026-08-07T12:05:00+05:30,3022.6,3026.5,3021.1,3025.5,20243
2026-08-07T12:10:00+05:30,3025.5,3026,3016,3017.4,18089
2026-08-07T12:15:00+05:30,3018.5,3020.6,3010.5,3015.1,43810
2026-08-07T12:20:00+05:30,3014.5,3022.8,3010,3021.4,27258
2026-08-07T12:25:00+05:30,3021.9,3022,3017.6,3020.4,11440
2026-08-07T12:30:00+05:30,3020.9,3022.6,3019.7,3022,12249
2026-08-07T12:35:00+05:30,3022,3024.9,3021.6,3022.5,15628
2026-08-07T12:40:00+05:30,3022.5,3027.3,3021,3025,15647
2026-08-07T12:45:00+05:30,3025,3025.2,3020,3021.6,11629
2026-08-07T12:50:00+05:30,3021.7,3021.8,3014,3017.5,34541
2026-08-07T12:55:00+05:30,3018,3021.2,3016.5,3020.4,12069
2026-08-07T13:00:00+05:30,3020.6,3020.6,3012,3014,15721
2026-08-07T13:05:00+05:30,3014.3,3016.6,3012,3012.2,15679
2026-08-07T13:10:00+05:30,3012,3012.7,3005,3005,47820
2026-08-07T13:15:00+05:30,3005.4,3005.5,3002,3002.8,36049
2026-08-07T13:20:00+05:30,3002.8,3005,3001,3003.5,27808
2026-08-07T13:25:00+05:30,3003.5,3007.3,3002.5,3005.5,17516
2026-08-07T13:30:00+05:30,3006,3007.5,3002,3003,23645
2026-08-07T13:35:00+05:30,3003.1,3003.5,2987.5,2989.4,81757
2026-08-07T13:40:00+05:30,2989.4,2992.6,2985.6,2992.6,45986
2026-08-07T13:45:00+05:30,2992.6,2994.1,2989,2992.2,21187
2026-08-07T13:50:00+05:30,2992.2,2997.1,2990.8,2996.9,24872
2026-08-07T13:55:00+05:30,2996.9,3004.1,2992.7,3002.2,32303
2026-08-07T14:00:00+05:30,3003.8,3005.2,3000,3001.8,28023
2026-08-07T14:05:00+05:30,3004,3013.3,3003.1,3006,71381
2026-08-07T14:10:00+05:30,3006.1,3006.3,3001,3003,28667
2026-08-07T14:15:00+05:30,3003,3005.9,3000.4,3003.4,17383
2026-08-07T14:20:00+05:30,3003.6,3006.9,3002,3006.8,18972
2026-08-07T14:25:00+05:30,3006.9,3007.5,3001,3004.8,25037
2026-08-07T14:30:00+05:30,3004.7,3006.3,3003.9,3006,16750
2026-08-07T14:35:00+05:30,3006,3006.5,3004.5,3005.1,15922
2026-08-07T14:40:00+05:30,3005.1,3008.8,3004.8,3005.1,21531
2026-08-07T14:45:00+05:30,3005.4,3006.7,3005.1,3005.2,17652
2026-08-07T14:50:00+05:30,3005.2,3006.9,3005,3005.1,30897
2026-08-07T14:55:00+05:30,3005.2,3006.5,2998,2998.4,70182
2026-08-07T15:00:00+05:30,2999.2,3001.6,2997,2999.3,78160
2026-08-07T15:05:00+05:30,3001,3003.9,2996,2998.9,105553
2026-08-07T15:10:00+05:30,2998.9,3001.9,2996,2999.9,64157
2026-08-10T09:15:00+05:30,3010,3032.4,2981,3014.4,51993
2026-08-10T09:20:00+05:30,3014.4,3018.2,3010,3016.7,20489
2026-08-10T09:25:00+05:30,3017,3020,3010.3,3011,13545
2026-08-10T09:30:00+05:30,3011,3012.1,3006.9,3008,11281
2026-08-10T09:35:00+05:30,3008.5,3015,3002.4,3015,16950
2026-08-10T09:40:00+05:30,3014.9,3016.9,3007.5,3013.6,8325
2026-08-10T09:45:00+05:30,3013.6,3014.4,3010.8,3011,5408
2026-08-10T09:50:00+05:30,3012.7,3015.9,3011,3015,7232
2026-08-10T09:55:00+05:30,3014.9,3017.5,3008.5,3009.8,7528
2026-08-10T10:00:00+05:30,3013.3,3017,3009.9,3011.1,5188
2026-08-10T10:05:00+05:30,3011.1,3012.5,3007.1,3008.1,4466
2026-08-10T10:10:00+05:30,3007.8,3011.1,3007.2,3010.1,3891
2026-08-10T10:15:00+05:30,3010.1,3018.9,3010,3018.4,9568
2026-08-10T10:20:00+05:30,3019,3021,3015,3021,10949
2026-08-10T10:25:00+05:30,3019.7,3027,3018.1,3026,15384
2026-08-10T10:30:00+05:30,3025,3026,3022.9,3024,4979
2026-08-10T10:35:00+05:30,3024.5,3026.2,3022.7,3025.4,3729
2026-08-10T10:40:00+05:30,3026,3030,3022.1,3023.5,10966
2026-08-10T10:45:00+05:30,3023.7,3026,3023,3023,3600
2026-08-10T10:50:00+05:30,3023.7,3030,3021.8,3027.7,14083
2026-08-10T10:55:00+05:30,3027,3028.8,3024.6,3028,3800
2026-08-10T11:00:00+05:30,3028.7,3030.6,3022.1,3026,9175
2026-08-10T11:05:00+05:30,3025.5,3028.7,3024.5,3026.7,3912
2026-08-10T11:10:00+05:30,3026.7,3028.3,3023.8,3027,5229
2026-08-10T11:15:00+05:30,3025.7,3028,3023.9,3024.5,3038
2026-08-10T11:20:00+05:30,3024.5,3026.2,3011.1,3014.5,40201
2026-08-10T11:25:00+05:30,3014.8,3019.4,3009.6,3014.7,39611
2026-08-10T11:30:00+05:30,3016.1,3016.3,3012,3015.2,4824
2026-08-10T11:35:00+05:30,3015.2,3028.5,3014.5,3024.9,13586
2026-08-10T11:40:00+05:30,3024.8,3026.1,3020,3021.9,4445
2026-08-10T11:45:00+05:30,3020.7,3023.3,3020.7,3022.4,3381
2026-08-10T11:50:00+05:30,3022.1,3030.8,3022.1,3029.5,10215
2026-08-10T11:55:00+05:30,3029.9,3030,3025.6,3028.8,5163
2026-08-10T12:00:00+05:30,3028.5,3029,3024.4,3027.7,8830
2026-08-10T12:05:00+05:30,3028.5,3037.2,3028.2,3032.6,20937
2026-08-10T12:10:00+05:30,3032.2,3037,3031,3032,7292
2026-08-10T12:15:00+05:30,3032.5,3035,3031,3032.5,6847
2026-08-10T12:20:00+05:30,3033,3034,3030.7,3032.2,3411
2026-08-10T12:25:00+05:30,3031.5,3036.3,3031.5,3035,5907
2026-08-10T12:30:00+05:30,3035,3039.5,3034.5,3037.3,9110
2026-08-10T12:35:00+05:30,3037.3,3043,3035.8,3039.4,13596
2026-08-10T12:40:00+05:30,3039.4,3047,3037.9,3045.1,19859
2026-08-10T12:45:00+05:30,3045.1,3047,3041.2,3042.5,10957
2026-08-10T12:50:00+05:30,3042.5,3044,3039.6,3040.8,5954
2026-08-10T12:55:00+05:30,3040.8,3041.5,3033,3036.2,8571
2026-08-10T13:00:00+05:30,3036.2,3037,3032.8,3034.1,19335
2026-08-10T13:05:00+05:30,3034.1,3036.9,3030,3030.1,24537
2026-08-10T13:10:00+05:30,3030.1,3032.2,3030,3031.7,6238
2026-08-10T13:15:00+05:30,3031.7,3032.8,3030.6,3032.7,3500
2026-08-10T13:20:00+05:30,3032.7,3032.7,3025.6,3027.4,10499
2026-08-10T13:25:00+05:30,3027,3029.6,3026.4,3028.7,6284
2026-08-10T13:30:00+05:30,3028.2,3029.8,3026.5,3028,5528
2026-08-10T13:35:00+05:30,3027.7,3028.8,3026.5,3026.8,3340
2026-08-10T13:40:00+05:30,3026.8,3029.8,3024.5,3026.3,21874
2026-08-10T13:45:00+05:30,3026.3,3029.2,3025,3028.1,5671
2026-08-10T13:50:00+05:30,3028.1,3031.2,3028.1,3030,5109
2026-08-10T13:55:00+05:30,3029.5,3031,3028.2,3030.6,3948
2026-08-10T14:00:00+05:30,3030,3034.5,3029.5,3032,10444
2026-08-10T14:05:00+05:30,3032.5,3033.5,3030.1,3031.8,6143
2026-08-10T14:10:00+05:30,3032.8,3032.8,3029.9,3030,10052
2026-08-10T14:15:00+05:30,3030,3033,3029.7,3030.1,6359
2026-08-10T14:20:00+05:30,3030.3,3032,3028.2,3028.3,9198
2026-08-10T14:25:00+05:30,3028.3,3031.4,3028.3,3031.4,5962
2026-08-10T14:30:00+05:30,3031.4,3032.3,3027.8,3029.5,11461
2026-08-10T14:35:00+05:30,3030,3030,3024.9,3025.6,22200
2026-08-10T14:40:00+05:30,3025.6,3027.6,3022.5,3025.9,44335
2026-08-10T14:45:00+05:30,3027.1,3027.1,3024.7,3025.8,28811
2026-08-10T14:50:00+05:30,3025.6,3026.9,3024.7,3025.2,15309
2026-08-10T14:55:00+05:30,3026,3026,3020.1,3022,42480
2026-08-10T15:00:00+05:30,3022.2,3026.9,3020,3024.8,17081
2026-08-10T15:05:00+05:30,3024.8,3025.7,3021.9,3023.4,22110
2026-08-10T15:10:00+05:30,3023.6,3025,3018.1,3020,90771
2026-08-11T09:15:00+05:30,3024.5,3029.8,3007.3,3009.4,21628
2026-08-11T09:20:00+05:30,3009.4,3009.4,3000.1,3005.7,15140
2026-08-11T09:25:00+05:30,3005.7,3008.4,2992.7,2995.3,12987
2026-08-11T09:30:00+05:30,2995.3,2999.4,2990.3,2999.4,9233
2026-08-11T09:35:00+05:30,2996.7,3005.3,2996,3005.3,9063
2026-08-11T09:40:00+05:30,3005.9,3005.9,2998,3003.9,16811
2026-08-11T09:45:00+05:30,3003.5,3009,3001.5,3008,11560
2026-08-11T09:50:00+05:30,3007.5,3009,2996.5,2998.5,9914
2026-08-11T09:55:00+05:30,2997,3003.9,2997,3003.7,4006
2026-08-11T10:00:00+05:30,3003.7,3007,3000.8,3004.9,6519
2026-08-11T10:05:00+05:30,3004.9,3007,3004,3006.9,2548
2026-08-11T10:10:00+05:30,3006.9,3009.6,3005,3005.1,5587
2026-08-11T10:15:00+05:30,3006.2,3009.9,3005.1,3009.6,3583
2026-08-11T10:20:00+05:30,3008.3,3009.6,2995,2997.8,14051
2026-08-11T10:25:00+05:30,2996.8,2999.5,2996,2999,3350
2026-08-11T10:30:00+05:30,2999,3016,2998.3,3009.2,29429
2026-08-11T10:35:00+05:30,3008.3,3009,3005.6,3006.1,11905
2026-08-11T10:40:00+05:30,3006.1,3006.4,3003.7,3006.3,12357
2026-08-11T10:45:00+05:30,3006.3,3008,3005.7,3007,8280
2026-08-11T10:50:00+05:30,3006.9,3011.2,3003.2,3005.3,8831
2026-08-11T10:55:00+05:30,3005.3,3007.3,3002.4,3007.3,4941
2026-08-11T11:00:00+05:30,3006.5,3007.1,3002.7,3003.7,5838
2026-08-11T11:05:00+05:30,3003.7,3005.4,3002.5,3003.4,2754
2026-08-11T11:10:00+05:30,3002.5,3005.5,3002,3004.9,20704
2026-08-11T11:15:00+05:30,3005,3010,3003.9,3008.1,15131
2026-08-11T11:20:00+05:30,3008.1,3008.6,3006,3007.7,1790
2026-08-11T11:25:00+05:30,3007.7,3007.8,3005.1,3006.2,3366
2026-08-11T11:30:00+05:30,3006.2,3006.9,3005.1,3006.5,1182
2026-08-11T11:35:00+05:30,3006.5,3007.3,3005,3007.3,1898
2026-08-11T11:40:00+05:30,3007.3,3009.8,3006.3,3008.5,2179
2026-08-11T11:45:00+05:30,3007.4,3008.9,3006.5,3007.6,3305
2026-08-11T11:50:00+05:30,3007.6,3007.6,2998.1,2998.6,6021
2026-08-11T11:55:00+05:30,2999,3001,2998,2999.2,5183
2026-08-11T12:00:00+05:30,2998.1,2999.4,2992.8,2993.3,7751
2026-08-11T12:05:00+05:30,2993.3,3008.9,2993.3,3005.9,21393
2026-08-11T12:10:00+05:30,3005.9,3009,3004.4,3007.6,7181
2026-08-11T12:15:00+05:30,3007.6,3008.6,3005.6,3008.1,3627
2026-08-11T12:20:00+05:30,3008.1,3019.2,3007.5,3017,21400
2026-08-11T12:25:00+05:30,3016.9,3018,3014.4,3015.6,5132
2026-08-11T12:30:00+05:30,3015.6,3018,3014.1,3016.9,3890
2026-08-11T12:35:00+05:30,3016.7,3018,3015,3015.9,1976
2026-08-11T12:40:00+05:30,3015.4,3019.9,3015,3019,5504
2026-08-11T12:45:00+05:30,3019,3020,3018,3019.3,7796
2026-08-11T12:50:00+05:30,3019.3,3020.1,3016.3,3017.3,3497
2026-08-11T12:55:00+05:30,3017.3,3017.3,3012.4,3015.9,8215
2026-08-11T13:00:00+05:30,3015.9,3017.8,3013.7,3017.6,4421
2026-08-11T13:05:00+05:30,3017.6,3017.7,3014.7,3015,2417
2026-08-11T13:10:00+05:30,3014.7,3015,3012.7,3015,3885
2026-08-11T13:15:00+05:30,3014.5,3015.9,3012.6,3015,2419
2026-08-11T13:20:00+05:30,3015,3019.9,3014,3019.9,3323
2026-08-11T13:25:00+05:30,3018.4,3021,3017.8,3018.1,6980
2026-08-11T13:30:00+05:30,3018.1,3019.7,3017.8,3019.1,2322
2026-08-11T13:35:00+05:30,3019.1,3019.9,3015.2,3016.7,4635
2026-08-11T13:40:00+05:30,3016.8,3022,3016.8,3019.4,4736
2026-08-11T13:45:00+05:30,3019.5,3019.5,3017,3017.6,2071
2026-08-11T13:50:00+05:30,3017.6,3017.9,3015,3016.2,2755
2026-08-11T13:55:00+05:30,3015.1,3015.8,3012.8,3015,1560
2026-08-11T14:00:00+05:30,3015,3016.5,3013,3013.9,2480
2026-08-11T14:05:00+05:30,3013.3,3019.3,3013,3018,8739
2026-08-11T14:10:00+05:30,3019.1,3019.9,3014,3014.9,3545
2026-08-11T14:15:00+05:30,3014.9,3014.9,3012,3012.1,3152
2026-08-11T14:20:00+05:30,3013,3014.4,3011.4,3013,3693
2026-08-11T14:25:00+05:30,3012.5,3013.2,3010,3010.2,13054
2026-08-11T14:30:00+05:30,3010,3011.1,3001.9,3003.6,22392
2026-08-11T14:35:00+05:30,3003.6,3005.5,3002.5,3003.8,2543
2026-08-11T14:40:00+05:30,3003.8,3004.3,3003,3003.9,3091
2026-08-11T14:45:00+05:30,3003.9,3008,3003.1,3008,5764
2026-08-11T14:50:00+05:30,3008,3008.1,3006.7,3008.1,6786
2026-08-11T14:55:00+05:30,3008.6,3013,3007.4,3010,10503
2026-08-11T15:00:00+05:30,3009.9,3010,3007.5,3009.9,19701
2026-08-11T15:05:00+05:30,3009.9,3010,3006.8,3009,13040
2026-08-11T15:10:00+05:30,3008,3010,3007,3009,17570
2026-08-12T09:15:00+05:30,3000,3017.4,2995.6,2997,28101
2026-08-12T09:20:00+05:30,2997,3000.6,2995,2999,11466
2026-08-12T09:25:00+05:30,2999,3013.5,2997,3012.5,15749
2026-08-12T09:30:00+05:30,3013.2,3013.2,3006.7,3011.3,7706
2026-08-12T09:35:00+05:30,3011.3,3011.5,3006.1,3009.9,4427
2026-08-12T09:40:00+05:30,3009.9,3015.9,3008.9,3015.8,7390
2026-08-12T09:45:00+05:30,3015.8,3016,3011.1,3011.7,3706
2026-08-12T09:50:00+05:30,3011.7,3015,3007.2,3011.5,4677
2026-08-12T09:55:00+05:30,3011.5,3012.5,3006.1,3006.1,5093
2026-08-12T10:00:00+05:30,3007.1,3009.1,3005.7,3006.9,1949
2026-08-12T10:05:00+05:30,3006.5,3007.8,3003.6,3006.4,3561
2026-08-12T10:10:00+05:30,3004.9,3008.1,3003.9,3007,2466
2026-08-12T10:15:00+05:30,3007.9,3011.1,3005,3010.5,2900
2026-08-12T10:20:00+05:30,3010,3015,3010,3015,2579
2026-08-12T10:25:00+05:30,3015,3019,3010,3010,5662
2026-08-12T10:30:00+05:30,3010,3017.9,3008.7,3016.1,3325
2026-08-12T10:35:00+05:30,3015.7,3017.9,3014.9,3015,3141
2026-08-12T10:40:00+05:30,3016.2,3016.7,3010.7,3011.1,3234
2026-08-12T10:45:00+05:30,3011.9,3012.8,3001.1,3001.3,6232
2026-08-12T10:50:00+05:30,3002.8,3002.8,3000.8,3002.6,3567
2026-08-12T10:55:00+05:30,3002.6,3005,2997,2997.4,10067
2026-08-12T11:00:00+05:30,2997.4,2997.5,2993,2993,10749
2026-08-12T11:05:00+05:30,2993.8,2993.8,2980.1,2988.2,28681
2026-08-12T11:10:00+05:30,2988.9,2991,2985.4,2988.2,4140
2026-08-12T11:15:00+05:30,2988.4,2994.6,2981.5,2992.5,23886
2026-08-12T11:20:00+05:30,2992.9,2999,2991.6,2995,4094
2026-08-12T11:25:00+05:30,2994.4,2997.4,2991.2,2997.4,4170
2026-08-12T11:30:00+05:30,2997.4,3000.1,2996,2999.4,8955
2026-08-12T11:35:00+05:30,3000,3004.4,2996,2996,12456
2026-08-12T11:40:00+05:30,2996,2998,2991.1,2996.7,8130
2026-08-12T11:45:00+05:30,2997,2997.6,2994.6,2994.6,2831
2026-08-12T11:50:00+05:30,2994,2997,2990,2990,3975
2026-08-12T11:55:00+05:30,2988.9,2992.2,2988.5,2989.7,6391
2026-08-12T12:00:00+05:30,2991,2995.9,2989.5,2993,3210
2026-08-12T12:05:00+05:30,2993,2995.9,2990.8,2991.4,6258
2026-08-12T12:10:00+05:30,2992.7,2993,2977.7,2980.4,37418
2026-08-12T12:15:00+05:30,2980.4,2982.4,2972.9,2979,11148
2026-08-12T12:20:00+05:30,2979,2986.3,2977,2984.6,4903
2026-08-12T12:25:00+05:30,2985.8,2998.2,2980.3,2994,23058
2026-08-12T12:30:00+05:30,2994,2994,2985,2987,6928
2026-08-12T12:35:00+05:30,2987,2988.1,2980.2,2985.5,5236
2026-08-12T12:40:00+05:30,2986.9,2994,2985.5,2993,25732
2026-08-12T12:45:00+05:30,2993,2993,2987.1,2987.4,3866
2026-08-12T12:50:00+05:30,2987.4,2991.3,2985.1,2991.3,2483
2026-08-12T12:55:00+05:30,2991.3,2996,2990,2995,11223
2026-08-12T13:00:00+05:30,2995.5,2995.5,2991.7,2991.9,4170
2026-08-12T13:05:00+05:30,2991.9,2994.5,2989.3,2989.3,5510
2026-08-12T13:10:00+05:30,2989.3,2992.4,2989.1,2991.5,4857
2026-08-12T13:15:00+05:30,2991.5,2994,2990.1,2993.1,3803
2026-08-12T13:20:00+05:30,2993.1,2993.1,2986.6,2988.8,4861
2026-08-12T13:25:00+05:30,2988.8,2989.7,2985.3,2988,9428
2026-08-12T13:30:00+05:30,2988,2990.2,2986.6,2988.4,2554
2026-08-12T13:35:00+05:30,2988,2989,2984,2986,7913
2026-08-12T13:40:00+05:30,2987.5,2987.8,2983.4,2984.2,4027
2026-08-12T13:45:00+05:30,2984.6,2985.8,2981.1,2983.2,4577
2026-08-12T13:50:00+05:30,2981.9,2985,2981.1,2981.5,5576
2026-08-12T13:55:00+05:30,2981.1,2982.2,2980,2980.8,10262
2026-08-12T14:00:00+05:30,2981.5,2981.7,2977.6,2977.6,5524
2026-08-12T14:05:00+05:30,2978.7,2981.4,2977.3,2980.5,9935
2026-08-12T14:10:00+05:30,2981,2981.9,2977.2,2980,3618
2026-08-12T14:15:00+05:30,2980.5,2983.7,2977.8,2982.8,9340
2026-08-12T14:20:00+05:30,2983.5,2984.7,2980.5,2983.2,6542
2026-08-12T14:25:00+05:30,2983,2986.8,2981.1,2984.5,18581
2026-08-12T14:30:00+05:30,2985.4,2993.2,2983.2,2992.6,13559
2026-08-12T14:35:00+05:30,2991,2992.8,2987.8,2991.1,6080
2026-08-12T14:40:00+05:30,2990.7,2992,2988.2,2988.4,20485
2026-08-12T14:45:00+05:30,2989.5,2989.5,2985.8,2986.2,12727
2026-08-12T14:50:00+05:30,2987.5,2997.1,2986.8,2996.3,10872
2026-08-12T14:55:00+05:30,2997.1,2997.8,2987.8,2990.3,24402
2026-08-12T15:00:00+05:30,2990.3,2990.3,2985.2,2985.8,13345
2026-08-12T15:05:00+05:30,2986,2986,2981.9,2981.9,21327
2026-08-12T15:10:00+05:30,2982,2987.9,2981.7,2982.1,12787
2026-08-13T09:15:00+05:30,2987,2996.9,2973.2,2982.3,19251
2026-08-13T09:20:00+05:30,2982.3,2982.3,2973,2975.6,12636
2026-08-13T09:25:00+05:30,2975.6,2979.9,2968,2975.4,16611
2026-08-13T09:30:00+05:30,2976.2,2984.7,2970.6,2976.9,18542
2026-08-13T09:35:00+05:30,2976.9,2977.8,2970,2975.7,17338
2026-08-13T09:40:00+05:30,2976.7,2980,2975.8,2978.3,1975
2026-08-13T09:45:00+05:30,2978.3,2978.3,2973.7,2976.6,6346
2026-08-13T09:50:00+05:30,2975.8,2981,2975.8,2980.9,6209
2026-08-13T09:55:00+05:30,2980.9,2984,2979.3,2980.9,4757
2026-08-13T10:00:00+05:30,2980.9,2980.9,2979.5,2980.6,3437
2026-08-13T10:05:00+05:30,2980.7,2981.9,2970.1,2974.3,10132
2026-08-13T10:10:00+05:30,2974.3,2978.8,2973.2,2978.4,3740
2026-08-13T10:15:00+05:30,2979,2980,2977,2979.7,3774
2026-08-13T10:20:00+05:30,2979.5,2980,2977.2,2978.3,3345
2026-08-13T10:25:00+05:30,2978,2979.6,2975,2976.4,3433
2026-08-13T10:30:00+05:30,2976.4,2976.8,2973.1,2974.4,4157
2026-08-13T10:35:00+05:30,2974.9,2980.1,2970,2974.9,12211
2026-08-13T10:40:00+05:30,2975,2975.6,2972.1,2972.7,2966
2026-08-13T10:45:00+05:30,2972.5,2976.3,2971,2973.1,7772
2026-08-13T10:50:00+05:30,2973.1,2979.5,2971,2972.3,6429
2026-08-13T10:55:00+05:30,2971.7,2973.5,2970.4,2971.3,5018
2026-08-13T11:00:00+05:30,2971.2,2971.2,2966.4,2967.2,9781
2026-08-13T11:05:00+05:30,2967.1,2968.2,2964.4,2967.6,6348
2026-08-13T11:10:00+05:30,2967.6,2969,2966.1,2966.1,2902
2026-08-13T11:15:00+05:30,2966.1,2966.4,2961.6,2963.7,6220
2026-08-13T11:20:00+05:30,2963.4,2965.2,2962,2964.2,4091
2026-08-13T11:25:00+05:30,2964.2,2967.6,2957,2958.9,14820
2026-08-13T11:30:00+05:30,2959.6,2960.1,2958,2959.5,5951
2026-08-13T11:35:00+05:30,2959.5,2960,2957.6,2957.8,7583
2026-08-13T11:40:00+05:30,2958,2969.3,2957.8,2968.3,13003
2026-08-13T11:45:00+05:30,2968.3,2968.5,2960.9,2964.1,9950
2026-08-13T11:50:00+05:30,2964.1,2968,2962.6,2967,4310
2026-08-13T11:55:00+05:30,2967.5,2973,2966.1,2971.1,8055
2026-08-13T12:00:00+05:30,2973,2975.8,2971.4,2975,13716
2026-08-13T12:05:00+05:30,2975,2987.1,2975,2985.1,34059
2026-08-13T12:10:00+05:30,2985.7,2989.9,2983.6,2987.3,16464
2026-08-13T12:15:00+05:30,2987.3,2988.8,2985,2987.6,5762
2026-08-13T12:20:00+05:30,2987.6,2988.9,2985,2987.4,5450
2026-08-13T12:25:00+05:30,2987.4,2989.5,2985.2,2987,6557
2026-08-13T12:30:00+05:30,2987,2989,2986,2988.2,4640
2026-08-13T12:35:00+05:30,2988.2,2989.5,2985,2986.3,4483
2026-08-13T12:40:00+05:30,2986.3,2998.8,2986,2995,19935
2026-08-13T12:45:00+05:30,2995.2,2995.2,2985.5,2986.5,22004
2026-08-13T12:50:00+05:30,2987.7,2988.9,2984.8,2988.8,3417
2026-08-13T12:55:00+05:30,2988.8,2990.6,2987.5,2989.5,2854
2026-08-13T13:00:00+05:30,2990.2,2994.4,2989.5,2992,3852
2026-08-13T13:05:00+05:30,2993.2,2998,2993.2,2997,5729
2026-08-13T13:10:00+05:30,2997,2997,2989,2992.9,12724
2026-08-13T13:15:00+05:30,2992.9,2994,2991.4,2993.5,5331
2026-08-13T13:20:00+05:30,2993.2,2995,2991.5,2994,3808
2026-08-13T13:25:00+05:30,2993.9,2994,2991.5,2993.3,3248
2026-08-13T13:30:00+05:30,2993.6,2994.3,2990,2993.3,7563
2026-08-13T13:35:00+05:30,2993.4,2995,2991.7,2994.9,3289
2026-08-13T13:40:00+05:30,2994.9,2995,2992.8,2994.9,6208
2026-08-13T13:45:00+05:30,2995,3008.5,2993.2,3004,18464
2026-08-13T13:50:00+05:30,3004.3,3006.4,3000.9,3005,10723
2026-08-13T13:55:00+05:30,3005,3011.9,3003.1,3004.8,18582
2026-08-13T14:00:00+05:30,3004.8,3004.8,3000,3000,8091
2026-08-13T14:05:00+05:30,3001,3004.2,2994.1,2996.3,26504
2026-08-13T14:10:00+05:30,2996.5,2996.9,2994.2,2995,10300
2026-08-13T14:15:00+05:30,2995,3001.2,2994.8,3000.7,16287
2026-08-13T14:20:00+05:30,3001,3004.7,3000.2,3003.1,6012
2026-08-13T14:25:00+05:30,3004,3004.6,3000.3,3001.3,11107
2026-08-13T14:30:00+05:30,3002.8,3003,2992.1,2994.5,28240
2026-08-13T14:35:00+05:30,2995,2995.7,2990.9,2991.8,9469
2026-08-13T14:40:00+05:30,2991.8,2993.9,2986.4,2987.1,10655
2026-08-13T14:45:00+05:30,2987.7,2988,2982.3,2982.9,7122
2026-08-13T14:50:00+05:30,2983,2984.5,2979.4,2981.9,17149
2026-08-13T14:55:00+05:30,2981.9,2982.2,2978,2981.8,19170
2026-08-13T15:00:00+05:30,2981.8,2997,2979.9,2995.2,27705
2026-08-13T15:05:00+05:30,2996.4,2998,2989.1,2996.3,22373
2026-08-13T15:10:00+05:30,2996.9,2997,2983.6,2983.6,33122
2026-08-14T09:15:00+05:30,2947.7,3006.8,2945,2991,46794
2026-08-14T09:20:00+05:30,2991,2994.2,2982.9,2983,23356
2026-08-14T09:25:00+05:30,2983.8,2986.5,2980,2980,10392
2026-08-14T09:30:00+05:30,2980.7,2986,2976.2,2986,9275
2026-08-14T09:35:00+05:30,2986,2993,2984.6,2991.4,6848
2026-08-14T09:40:00+05:30,2991.4,2998.8,2988.8,2994.1,9165
2026-08-14T09:45:00+05:30,2994.1,3002,2994,3001.1,9351
2026-08-14T09:50:00+05:30,3000.7,3010.5,2999.9,3002,12184
2026-08-14T09:55:00+05:30,3002,3012.5,3001.4,3009,7172
2026-08-14T10:00:00+05:30,3008.9,3013.8,3006.8,3012,7077
2026-08-14T10:05:00+05:30,3012,3012.9,3007.7,3011.2,7706
2026-08-14T10:10:00+05:30,3011.2,3019.6,3008,3008.1,21422
2026-08-14T10:15:00+05:30,3008.1,3011.3,3002.4,3002.4,9138
2026-08-14T10:20:00+05:30,3002,3003.4,2997.5,3002.5,9463
2026-08-14T10:25:00+05:30,3002.5,3002.5,2992.8,2994,7185
2026-08-14T10:30:00+05:30,2994,2995.4,2985.4,2989.3,13037
2026-08-14T10:35:00+05:30,2989.3,2991.1,2984,2988.6,4188
2026-08-14T10:40:00+05:30,2988.6,2992.8,2988,2992.3,2434
2026-08-14T10:45:00+05:30,2992.3,2996.7,2992,2993,5576
2026-08-14T10:50:00+05:30,2993,2999,2992.5,2998.1,13147
2026-08-14T10:55:00+05:30,2998.1,2998.1,2989.8,2994,106100
2026-08-14T11:00:00+05:30,2992.6,3012.9,2992.6,3004.4,125976
2026-08-14T11:05:00+05:30,3004.2,3006.5,3000,3002.4,13251
2026-08-14T11:10:00+05:30,3003.2,3020.6,3002.4,3010,129430
2026-08-14T11:15:00+05:30,3010.5,3018,3000,3003,31326
2026-08-14T11:20:00+05:30,3003,3013.6,2995.4,3007.3,21905
2026-08-14T11:25:00+05:30,3007.3,3009.5,3000,3000.7,6066
2026-08-14T11:30:00+05:30,3001.6,3007.7,3000,3006.2,8639
2026-08-14T11:35:00+05:30,3006.4,3006.7,2999.1,3000.7,9293
2026-08-14T11:40:00+05:30,3002.5,3005.6,2998.3,3004.5,12224
2026-08-14T11:45:00+05:30,3004.9,3005,2998.2,3001.2,13825
2026-08-14T11:50:00+05:30,3003,3003.8,3000.9,3001.5,7341
2026-08-14T11:55:00+05:30,3001.6,3003,3000,3001,7306
2026-08-14T12:00:00+05:30,3001.7,3007.5,2998.2,3001,21607
2026-08-14T12:05:00+05:30,3002.3,3003.6,2998,3000.6,27580
2026-08-14T12:10:00+05:30,3001.2,3005.3,2999.1,3002,10862
2026-08-14T12:15:00+05:30,3002.3,3010,3000,3009.4,10341
2026-08-14T12:20:00+05:30,3009.4,3014.4,3006,3006.8,12715
2026-08-14T12:25:00+05:30,3007.8,3008.4,3003.8,3005.2,4606
2026-08-14T12:30:00+05:30,3005.2,3009.9,3005.2,3007.7,5765
2026-08-14T12:35:00+05:30,3009,3010,3007.3,3008.8,6511
2026-08-14T12:40:00+05:30,3009.2,3009.2,3007.4,3008.3,3886
2026-08-14T12:45:00+05:30,3008.3,3013.3,3003.3,3003.3,9990
2026-08-14T12:50:00+05:30,3003.3,3009,3002.9,3006.2,6401
2026-08-14T12:55:00+05:30,3006.2,3008.2,3005,3006.4,4806
2026-08-14T13:00:00+05:30,3006.4,3007.7,3005.3,3007,5881
2026-08-14T13:05:00+05:30,3007.2,3012,3000.4,3001.9,18875
2026-08-14T13:10:00+05:30,3003.1,3003.5,2996.6,2997.3,10297
2026-08-14T13:15:00+05:30,2998,2998.9,2995.1,2998.2,8011
2026-08-14T13:20:00+05:30,2997.8,3000.2,2996,2997.1,5224
2026-08-14T13:25:00+05:30,2997.1,2999.2,2995.2,2998.6,5801
2026-08-14T13:30:00+05:30,2999,3002.6,2996.7,3000.7,8021
2026-08-14T13:35:00+05:30,3000.8,3001.4,2995.2,2997.3,24060
2026-08-14T13:40:00+05:30,2997.4,3000.9,2997.1,3000.2,5893
2026-08-14T13:45:00+05:30,3000,3006,2999.1,3005.8,10111
2026-08-14T13:50:00+05:30,3005.8,3007.5,3004.1,3005.1,5816
2026-08-14T13:55:00+05:30,3005.1,3006,3002.4,3005.9,5414
2026-08-14T14:00:00+05:30,3006,3007,3004,3004,5129
2026-08-14T14:05:00+05:30,3005.1,3005.5,2997.3,2998.6,7090
2026-08-14T14:10:00+05:30,2999.4,3000.1,2997.7,2999.9,5420
2026-08-14T14:15:00+05:30,2999.9,3000,2997.3,2998.5,5774
2026-08-14T14:20:00+05:30,2998.7,3005.8,2996.2,3005.7,66517
2026-08-14T14:25:00+05:30,3005,3005.6,3001.3,3003.8,6222
2026-08-14T14:30:00+05:30,3003.3,3003.5,2999,3000.9,26856
2026-08-14T14:35:00+05:30,3001,3003,2999.1,3002,7885
2026-08-14T14:40:00+05:30,3002.4,3003.4,3000,3001.7,9307
2026-08-14T14:45:00+05:30,3001.8,3004.6,3000.3,3004.1,23838
2026-08-14T14:50:00+05:30,3004.1,3004.6,3000,3001.8,115301
2026-08-14T14:55:00+05:30,3001.9,3003,2999.1,2999.9,143552
2026-08-14T15:00:00+05:30,3000,3000,2992.4,2993.5,95301
2026-08-14T15:05:00+05:30,2993,2993.6,2986,2988,108258
2026-08-14T15:10:00+05:30,2986.6,2995,2981.9,2992,32574
2026-08-17T09:15:00+05:30,2989.9,2989.9,2970.1,2973,20164
2026-08-17T09:20:00+05:30,2973.4,2978.6,2972.1,2974.2,5743
2026-08-17T09:25:00+05:30,2974.2,2974.9,2968,2970.9,7453
2026-08-17T09:30:00+05:30,2970.4,2975.1,2965.8,2971.4,8764
2026-08-17T09:35:00+05:30,2971.7,2978.1,2971.7,2974.3,5408
2026-08-17T09:40:00+05:30,2973.8,2978.1,2972.1,2975.8,1939
2026-08-17T09:45:00+05:30,2975.8,2980,2974.2,2974.5,3995
2026-08-17T09:50:00+05:30,2974.5,2980.3,2970.1,2974.6,17464
2026-08-17T09:55:00+05:30,2973.3,2978.9,2968.2,2970.4,10979
2026-08-17T10:00:00+05:30,2970.5,2972.7,2964.8,2965.4,3669
2026-08-17T10:05:00+05:30,2964.8,2967.3,2963.1,2965.2,16176
2026-08-17T10:10:00+05:30,2964.7,2976.9,2964.6,2968.7,43110
2026-08-17T10:15:00+05:30,2968.7,2970.9,2966.3,2967.9,4321
2026-08-17T10:20:00+05:30,2968,2968,2964.5,2965,7453
2026-08-17T10:25:00+05:30,2963.7,2984.2,2961.6,2976.6,49531
2026-08-17T10:30:00+05:30,2975.2,2979.9,2974.5,2974.5,8848
2026-08-17T10:35:00+05:30,2976.1,2976.6,2972.5,2973,8662
2026-08-17T10:40:00+05:30,2973,2976.2,2970,2970.2,9066
2026-08-17T10:45:00+05:30,2970,2971.2,2966,2970,5551
2026-08-17T10:50:00+05:30,2969,2970.5,2968,2969.8,4523
2026-08-17T10:55:00+05:30,2970,2970,2961,2961,8026
2026-08-17T11:00:00+05:30,2961.7,2963.4,2954,2958.5,8376
2026-08-17T11:05:00+05:30,2957.3,2958.2,2954.5,2955.8,4750
2026-08-17T11:10:00+05:30,2955.7,2956.5,2951.5,2951.5,4285
2026-08-17T11:15:00+05:30,2952,2953.2,2950,2952.8,10324
2026-08-17T11:20:00+05:30,2952.8,2954,2945,2948.9,17885
2026-08-17T11:25:00+05:30,2948.9,2952.6,2948,2950,9468
2026-08-17T11:30:00+05:30,2950,2963.1,2949.5,2952.6,67542
2026-08-17T11:35:00+05:30,2952.6,2958.9,2952.6,2957,2713
2026-08-17T11:40:00+05:30,2957,2961.1,2952.6,2956,5880
2026-08-17T11:45:00+05:30,2956,2963.4,2956,2962,2952
2026-08-17T11:50:00+05:30,2962,2966.9,2958.3,2963.3,26461
2026-08-17T11:55:00+05:30,2963.1,2963.1,2960.1,2961,1241
2026-08-17T12:00:00+05:30,2961,2962.6,2959.5,2961,1532
2026-08-17T12:05:00+05:30,2961,2961.3,2957.7,2958.8,1552
2026-08-17T12:10:00+05:30,2958.8,2962.6,2958.2,2961.2,1846
2026-08-17T12:15:00+05:30,2962.1,2963.6,2960.1,2961.5,1572
2026-08-17T12:20:00+05:30,2961.6,2964,2961.3,2963,2094
2026-08-17T12:25:00+05:30,2962.7,2969.8,2961.6,2968,23745
2026-08-17T12:30:00+05:30,2968,2968.1,2965.3,2966.6,1759
2026-08-17T12:35:00+05:30,2966.6,2968.4,2965.8,2966.1,1162
2026-08-17T12:40:00+05:30,2966.6,2966.6,2964.6,2965.2,1517
2026-08-17T12:45:00+05:30,2965.3,2968.6,2964.8,2965,2600
2026-08-17T12:50:00+05:30,2966.8,2968.3,2964.1,2966.3,2850
2026-08-17T12:55:00+05:30,2966.3,2968.9,2965.4,2968,2187
2026-08-17T13:00:00+05:30,2968.5,2970,2966.8,2969.3,4385
2026-08-17T13:05:00+05:30,2969,2970,2968.1,2970,4400
2026-08-17T13:10:00+05:30,2970,2970,2969.6,2970,10027
2026-08-17T13:15:00+05:30,2969.8,2977.8,2966.3,2966.3,16007
2026-08-17T13:20:00+05:30,2966.6,2969.4,2966.1,2968.2,2938
2026-08-17T13:25:00+05:30,2968.2,2970,2966.6,2969.5,2544
2026-08-17T13:30:00+05:30,2969.5,2970,2968,2968.9,1260
2026-08-17T13:35:00+05:30,2968.5,2969.9,2967,2968.9,1121
2026-08-17T13:40:00+05:30,2968.9,2973.6,2964.1,2965,12149
2026-08-17T13:45:00+05:30,2965,2968.4,2964.7,2965.1,2794
2026-08-17T13:50:00+05:30,2965,2968.2,2963.2,2965,4891
2026-08-17T13:55:00+05:30,2965,2966,2962,2962.6,2526
2026-08-17T14:00:00+05:30,2962.6,2963.7,2961.2,2962.5,970
2026-08-17T14:05:00+05:30,2963.4,2963.4,2960.4,2961,1686
2026-08-17T14:10:00+05:30,2961,2962.5,2960,2960.7,1973
2026-08-17T14:15:00+05:30,2959.8,2961.1,2957.1,2960,5155
2026-08-17T14:20:00+05:30,2960,2961.6,2957.1,2958.3,7894
2026-08-17T14:25:00+05:30,2958.3,2959,2953,2954,7655
2026-08-17T14:30:00+05:30,2954,2958.1,2954,2956.4,3650
2026-08-17T14:35:00+05:30,2956,2959.7,2954.2,2959.6,5533
2026-08-17T14:40:00+05:30,2959.6,2959.6,2956.1,2956.6,2558
2026-08-17T14:45:00+05:30,2956.6,2963,2956.1,2960.4,8534
2026-08-17T14:50:00+05:30,2960.4,2961.9,2958.2,2959.6,6120
2026-08-17T14:55:00+05:30,2959.6,2961.9,2956.5,2957.3,10596
2026-08-17T15:00:00+05:30,2957.3,2959.9,2957.3,2958.9,9488
2026-08-17T15:05:00+05:30,2958.9,2958.9,2954,2956.2,16769
2026-08-17T15:10:00+05:30,2956.2,2959,2952.3,2954.9,22491
2026-08-18T09:15:00+05:30,2946.1,2955.9,2946.1,2954,25499
2026-08-18T09:20:00+05:30,2953.4,2953.4,2936.2,2940.6,21999
2026-08-18T09:25:00+05:30,2939.9,2942.1,2934.4,2939.8,19625
2026-08-18T09:30:00+05:30,2939.4,2941.8,2932.1,2940.7,15683
2026-08-18T09:35:00+05:30,2940.5,2945,2936.6,2944,6020
2026-08-18T09:40:00+05:30,2943.7,2944.6,2937,2937,4343
2026-08-18T09:45:00+05:30,2937,2939,2936,2937.5,2931
2026-08-18T09:50:00+05:30,2937,2941,2934.1,2940.5,4871
2026-08-18T09:55:00+05:30,2941,2955,2939,2955,6938
2026-08-18T10:00:00+05:30,2954.5,2954.5,2946.9,2949.7,5298
2026-08-18T10:05:00+05:30,2949.7,2950,2945,2947.3,2794
2026-08-18T10:10:00+05:30,2947.3,2949,2946,2948,1005
2026-08-18T10:15:00+05:30,2948,2948.4,2945.4,2947.1,5805
2026-08-18T10:20:00+05:30,2947.9,2951,2944.6,2947,6523
2026-08-18T10:25:00+05:30,2948.5,2953,2948.1,2953,3239
2026-08-18T10:30:00+05:30,2953,2953,2949.7,2950.8,1530
2026-08-18T10:35:00+05:30,2950.8,2952.8,2948.2,2948.2,1722
2026-08-18T10:40:00+05:30,2948.2,2950.8,2945,2947.9,4301
2026-08-18T10:45:00+05:30,2948,2957,2946.7,2954,8450
2026-08-18T10:50:00+05:30,2954.7,2957,2953.7,2953.8,2082
2026-08-18T10:55:00+05:30,2953.8,2955.5,2949.9,2955,2451
2026-08-18T11:00:00+05:30,2954.7,2954.8,2951,2952.4,2030
2026-08-18T11:05:00+05:30,2952.9,2954.1,2950.2,2953,9402
2026-08-18T11:10:00+05:30,2953,2953,2948.2,2951.5,1763
2026-08-18T11:15:00+05:30,2951.5,2951.8,2949.1,2950,1186
2026-08-18T11:20:00+05:30,2950.6,2961.9,2949.1,2961.9,12506
2026-08-18T11:25:00+05:30,2961.9,2964,2958.3,2958.9,2620
2026-08-18T11:30:00+05:30,2958.9,2972,2956.8,2971,14514
2026-08-18T11:35:00+05:30,2971,2973.5,2968.9,2970,4258
2026-08-18T11:40:00+05:30,2970,2971.9,2968.6,2971,2447
2026-08-18T11:45:00+05:30,2971,2971,2966.5,2967.3,2854
2026-08-18T11:50:00+05:30,2967.3,2970,2967,2968.8,2690
2026-08-18T11:55:00+05:30,2968.8,2969.7,2966,2968,2271
2026-08-18T12:00:00+05:30,2968.5,2974,2965.9,2972,11481
2026-08-18T12:05:00+05:30,2972,2972.1,2966.4,2968,1629
2026-08-18T12:10:00+05:30,2968,2971.5,2967.1,2971,2225
2026-08-18T12:15:00+05:30,2970.9,2971.5,2969.4,2971.5,1215
2026-08-18T12:20:00+05:30,2971.5,2971.5,2968.1,2970.5,1683
2026-08-18T12:25:00+05:30,2970.5,2971.5,2969.4,2970.5,2887
2026-08-18T12:30:00+05:30,2970.8,2972.6,2970,2971,1832
2026-08-18T12:35:00+05:30,2971.3,2978,2970.7,2976.4,13072
2026-08-18T12:40:00+05:30,2976.4,2977,2975,2976.2,3670
2026-08-18T12:45:00+05:30,2976.2,2976.2,2973,2975.2,14668
2026-08-18T12:50:00+05:30,2975.2,2977.5,2972.1,2977.5,21673
2026-08-18T12:55:00+05:30,2977,2980.4,2975.8,2977.1,7222
2026-08-18T13:00:00+05:30,2977.6,2977.6,2972.3,2973.6,7263
2026-08-18T13:05:00+05:30,2973.6,2977.6,2972,2977.6,5723
2026-08-18T13:10:00+05:30,2977.5,2977.6,2975,2977,2400
2026-08-18T13:15:00+05:30,2976.9,2977.1,2961.4,2963,88569
2026-08-18T13:20:00+05:30,2963.2,2965.8,2957.8,2958.2,15120
2026-08-18T13:25:00+05:30,2958.8,2959.1,2944.1,2950,22307
2026-08-18T13:30:00+05:30,2950,2950,2936.5,2946.5,37556
2026-08-18T13:35:00+05:30,2945,2951.9,2942.7,2950,27339
2026-08-18T13:40:00+05:30,2951.7,2953,2950,2950,6275
2026-08-18T13:45:00+05:30,2950.7,2952.8,2950,2952.5,2199
2026-08-18T13:50:00+05:30,2952.8,2954,2946.2,2946.6,8384
2026-08-18T13:55:00+05:30,2947.4,2954,2945.7,2952.4,6411
2026-08-18T14:00:00+05:30,2952.4,2957.2,2951.9,2955.2,7015
2026-08-18T14:05:00+05:30,2955.4,2958,2953.8,2956.3,3338
2026-08-18T14:10:00+05:30,2956.4,2958.4,2954.4,2955.9,3511
2026-08-18T14:15:00+05:30,2955.9,2957.5,2954.5,2955,2990
2026-08-18T14:20:00+05:30,2955,2956.3,2953.2,2955.5,5057
2026-08-18T14:25:00+05:30,2955.5,2956.4,2952.9,2955.9,6994
2026-08-18T14:30:00+05:30,2956,2956,2950,2952.2,5740
2026-08-18T14:35:00+05:30,2952.4,2960.9,2950.6,2958.1,13044
2026-08-18T14:40:00+05:30,2959,2960,2956.1,2956.1,4171
2026-08-18T14:45:00+05:30,2957.7,2960.6,2956.4,2958.3,7597
2026-08-18T14:50:00+05:30,2958.3,2961.8,2958.2,2959,7045
2026-08-18T14:55:00+05:30,2959,2962.4,2958.2,2958.2,5800
2026-08-18T15:00:00+05:30,2959.2,2960.9,2943.4,2943.4,39315
2026-08-18T15:05:00+05:30,2943.4,2957.7,2942.4,2955.3,31484
2026-08-18T15:10:00+05:30,2955.3,2958.3,2949,2955,19759
2026-08-19T09:15:00+05:30,2942.1,2954.7,2942.1,2947,8624
2026-08-19T09:20:00+05:30,2947,2958,2947,2948,7417
2026-08-19T09:25:00+05:30,2948,2950.4,2943,2944.8,6500
2026-08-19T09:30:00+05:30,2945,2945.8,2941.8,2942.4,3740
2026-08-19T09:35:00+05:30,2942.3,2944.1,2940,2941.8,3283
2026-08-19T09:40:00+05:30,2942.5,2948.5,2938.1,2945.8,10889
2026-08-19T09:45:00+05:30,2945,2949.9,2943.4,2949.4,3462
2026-08-19T09:50:00+05:30,2949.9,2954,2948.9,2952.7,6424
2026-08-19T09:55:00+05:30,2952.5,2955,2951.2,2954.9,4471
2026-08-19T10:00:00+05:30,2954.3,2954.9,2949.1,2949.1,4155
2026-08-19T10:05:00+05:30,2948.9,2954,2948,2953.5,3390
2026-08-19T10:10:00+05:30,2954.3,2955,2950.5,2952,2407
2026-08-19T10:15:00+05:30,2952.8,2954.1,2950.6,2950.8,1572
2026-08-19T10:20:00+05:30,2951,2952.7,2949.2,2950.7,1756
2026-08-19T10:25:00+05:30,2950.7,2952,2949.1,2951,1779
2026-08-19T10:30:00+05:30,2950.9,2950.9,2947.1,2948.5,1817
2026-08-19T10:35:00+05:30,2948,2949.4,2946.5,2947.9,1962
2026-08-19T10:40:00+05:30,2948.9,2969,2945.8,2962,12515
2026-08-19T10:45:00+05:30,2963.5,2964.8,2958.5,2958.5,4378
2026-08-19T10:50:00+05:30,2958,2963,2957.3,2963,2510
2026-08-19T10:55:00+05:30,2963,2963.7,2960,2960.1,2078
2026-08-19T11:00:00+05:30,2961.2,2964.7,2958.4,2964,6466
2026-08-19T11:05:00+05:30,2963.9,2966.1,2957.9,2960.1,6170
2026-08-19T11:10:00+05:30,2961,2962,2959.8,2961,1065
2026-08-19T11:15:00+05:30,2960.9,2963.9,2957.9,2962,1802
2026-08-19T11:20:00+05:30,2963.1,2964.7,2962,2962,1482
2026-08-19T11:25:00+05:30,2962,2963.4,2961.1,2961.4,1341
2026-08-19T11:30:00+05:30,2962,2964.9,2961.1,2963.2,1686
2026-08-19T11:35:00+05:30,2964,2964.2,2960.4,2961.2,1202
2026-08-19T11:40:00+05:30,2962,2964,2960,2960,2875
2026-08-19T11:45:00+05:30,2960.6,2965.7,2959.5,2964.5,8994
2026-08-19T11:50:00+05:30,2965,2968.2,2964.5,2966.1,2857
2026-08-19T11:55:00+05:30,2966.1,2970,2966.1,2967.7,3068
2026-08-19T12:00:00+05:30,2967.7,2972,2966.6,2969,5863
2026-08-19T12:05:00+05:30,2969.5,2970,2965.3,2968,6235
2026-08-19T12:10:00+05:30,2968,2970.2,2965,2966.7,3101
2026-08-19T12:15:00+05:30,2966.7,2966.8,2962,2963.5,3428
2026-08-19T12:20:00+05:30,2963.9,2964,2962,2963.4,2275
2026-08-19T12:25:00+05:30,2963.9,2964.8,2961.6,2963.2,2297
2026-08-19T12:30:00+05:30,2963.2,2965,2957,2960.7,29449
2026-08-19T12:35:00+05:30,2960.7,2962.6,2953.5,2961.3,21165
2026-08-19T12:40:00+05:30,2961.3,2963,2960,2960.5,4393
2026-08-19T12:45:00+05:30,2960.5,2960.7,2952.6,2954.1,26951
2026-08-19T12:50:00+05:30,2954.7,2956.4,2951.3,2954.5,8062
2026-08-19T12:55:00+05:30,2955.5,2955.5,2947.9,2949.7,3802
2026-08-19T13:00:00+05:30,2950,2951.4,2948.1,2950.5,1818
2026-08-19T13:05:00+05:30,2951,2955.4,2949,2954.5,18792
2026-08-19T13:10:00+05:30,2954.9,2955.7,2950,2950.6,10352
2026-08-19T13:15:00+05:30,2950.9,2951.9,2948.2,2950.1,2779
2026-08-19T13:20:00+05:30,2951.2,2951.2,2948,2948.1,2192
2026-08-19T13:25:00+05:30,2948.8,2949.1,2945.2,2946.1,4178
2026-08-19T13:30:00+05:30,2947,2947.9,2945.2,2945.7,2713
2026-08-19T13:35:00+05:30,2946.1,2946.1,2943.2,2944.1,2758
2026-08-19T13:40:00+05:30,2944,2945,2942.9,2944,4373
2026-08-19T13:45:00+05:30,2944.9,2944.9,2942.4,2943.6,4072
2026-08-19T13:50:00+05:30,2943.8,2952.6,2943,2950.2,5018
2026-08-19T13:55:00+05:30,2951.1,2955,2950,2952.9,34824
2026-08-19T14:00:00+05:30,2954,2958,2953.8,2955,10518
2026-08-19T14:05:00+05:30,2955,2955,2951.5,2955,4796
2026-08-19T14:10:00+05:30,2955,2956.2,2954,2955,7580
2026-08-19T14:15:00+05:30,2955,2956,2950,2950,4435
2026-08-19T14:20:00+05:30,2950.1,2950.1,2945.4,2945.4,2745
2026-08-19T14:25:00+05:30,2946.5,2948.3,2944.7,2944.8,2177
2026-08-19T14:30:00+05:30,2945.7,2949,2945,2947.4,1916
2026-08-19T14:35:00+05:30,2948.4,2954.7,2944.8,2946,8095
2026-08-19T14:40:00+05:30,2947.3,2948.9,2945,2945.7,4232
2026-08-19T14:45:00+05:30,2946.8,2947.5,2944.2,2944.7,3572
2026-08-19T14:50:00+05:30,2945,2953.1,2945,2946.6,16586
2026-08-19T14:55:00+05:30,2947.5,2949.5,2946.1,2948,6173
2026-08-19T15:00:00+05:30,2948.5,2952.8,2948,2948.4,15558
2026-08-19T15:05:00+05:30,2950.5,2950.5,2943.2,2943.5,16751
2026-08-19T15:10:00+05:30,2943.1,2946,2938,2945.1,18555
2026-08-20T09:15:00+05:30,2960,2965,2947.1,2957.7,22530
2026-08-20T09:20:00+05:30,2957.7,2960.8,2956.1,2958.6,7350
2026-08-20T09:25:00+05:30,2960.1,2962,2959,2960,3006
2026-08-20T09:30:00+05:30,2960.9,2966.5,2960,2966.3,6289
2026-08-20T09:35:00+05:30,2967,2968.1,2964.3,2966.6,6077
2026-08-20T09:40:00+05:30,2967,2971,2963,2963,9493
2026-08-20T09:45:00+05:30,2963,2965,2958.2,2963.1,3890
2026-08-20T09:50:00+05:30,2963.7,2963.7,2959,2960.4,3072
2026-08-20T09:55:00+05:30,2961.7,2963.9,2960.7,2962.4,2595
2026-08-20T10:00:00+05:30,2962.4,2963,2957.5,2957.6,1813
2026-08-20T10:05:00+05:30,2957.6,2961,2957,2959.9,1898
2026-08-20T10:10:00+05:30,2959.7,2961,2957.5,2957.5,1560
2026-08-20T10:15:00+05:30,2959.3,2959.9,2955.2,2957.7,1496
2026-08-20T10:20:00+05:30,2957.7,2958.4,2955,2956.6,2408
2026-08-20T10:25:00+05:30,2956.8,2959,2955.9,2959,2954
2026-08-20T10:30:00+05:30,2959,2959.9,2956.9,2958.8,1505
2026-08-20T10:35:00+05:30,2958.8,2958.9,2950.2,2952,8344
2026-08-20T10:40:00+05:30,2952,2954.3,2951.3,2952.2,1028
2026-08-20T10:45:00+05:30,2952.3,2954.5,2950.6,2953,1835
2026-08-20T10:50:00+05:30,2954,2957.2,2952,2954.7,1809
2026-08-20T10:55:00+05:30,2956,2957.1,2953,2953.8,2925
2026-08-20T11:00:00+05:30,2953.8,2957,2953.8,2956.9,1763
2026-08-20T11:05:00+05:30,2957.5,2962.5,2956.4,2962.4,2817
2026-08-20T11:10:00+05:30,2962.8,2964.6,2960.8,2963,1665
2026-08-20T11:15:00+05:30,2963,2963,2959.4,2960.7,2163
2026-08-20T11:20:00+05:30,2960.4,2962.5,2960.2,2960.5,1719
2026-08-20T11:25:00+05:30,2960.4,2963,2959.9,2962.3,1716
2026-08-20T11:30:00+05:30,2962.4,2966,2961.1,2965.4,3539
2026-08-20T11:35:00+05:30,2965.7,2967,2964,2965.2,1603
2026-08-20T11:40:00+05:30,2966,2967,2965,2965.2,3125
2026-08-20T11:45:00+05:30,2965.2,2966.5,2963.4,2963.9,1708
2026-08-20T11:50:00+05:30,2963.9,2965.1,2961.4,2961.4,1917
2026-08-20T11:55:00+05:30,2961.4,2962.9,2960.2,2962.9,1561
2026-08-20T12:00:00+05:30,2962.9,2963.5,2961.5,2961.9,569
2026-08-20T12:05:00+05:30,2961.9,2963.3,2961,2962.7,1107
2026-08-20T12:10:00+05:30,2962.7,2962.7,2960,2960,1399
2026-08-20T12:15:00+05:30,2960,2963.2,2959.4,2962.3,2112
2026-08-20T12:20:00+05:30,2962.3,2962.6,2958.9,2960.4,1033
2026-08-20T12:25:00+05:30,2959.6,2962,2959.6,2961,1175
2026-08-20T12:30:00+05:30,2961,2962,2960.1,2961.4,529
2026-08-20T12:35:00+05:30,2961.4,2964,2960.4,2963.7,1341
2026-08-20T12:40:00+05:30,2963.7,2964,2962,2963.3,1122
2026-08-20T12:45:00+05:30,2963.3,2965.2,2962.2,2964.8,2614
2026-08-20T12:50:00+05:30,2963.4,2966,2962.2,2962.5,2573
2026-08-20T12:55:00+05:30,2962.5,2963.5,2961,2963.4,2432
2026-08-20T13:00:00+05:30,2963.4,2963.5,2961,2961.7,1228
2026-08-20T13:05:00+05:30,2961.8,2962.4,2961,2962.2,1217
2026-08-20T13:10:00+05:30,2962.2,2962.2,2958.1,2958.9,4779
2026-08-20T13:15:00+05:30,2959,2959,2956.6,2958.7,2746
2026-08-20T13:20:00+05:30,2958.9,2959,2956.9,2958.7,1632
2026-08-20T13:25:00+05:30,2958.8,2966.6,2956.4,2966.6,9513
2026-08-20T13:30:00+05:30,2966.3,2966.9,2964,2965,1689
2026-08-20T13:35:00+05:30,2965,2965.8,2963.3,2965,4916
2026-08-20T13:40:00+05:30,2965,2967,2962.9,2966,18315
2026-08-20T13:45:00+05:30,2966,2966.2,2963.8,2964,5250
2026-08-20T13:50:00+05:30,2962.7,2972.1,2962.6,2971.6,19724
2026-08-20T13:55:00+05:30,2971.6,2978,2970,2977.7,15183
2026-08-20T14:00:00+05:30,2977.7,2978,2974,2974.3,9270
2026-08-20T14:05:00+05:30,2975,2975,2970,2970.9,5295
2026-08-20T14:10:00+05:30,2971,2972.8,2970,2970.9,2557
2026-08-20T14:15:00+05:30,2970.6,2970.6,2966.7,2969.1,3802
2026-08-20T14:20:00+05:30,2969.1,2972.5,2967.8,2972,2909
2026-08-20T14:25:00+05:30,2971.8,2973,2971.1,2973,2224
2026-08-20T14:30:00+05:30,2973.5,2973.5,2971.8,2973.4,3926
2026-08-20T14:35:00+05:30,2973.4,2973.4,2970.1,2971.5,2606
2026-08-20T14:40:00+05:30,2971,2972,2969.5,2971,3033
2026-08-20T14:45:00+05:30,2971,2971.7,2968.6,2969.9,1995
2026-08-20T14:50:00+05:30,2969.9,2970,2968.3,2969,6552
2026-08-20T14:55:00+05:30,2969,2971,2968,2968.9,4702
2026-08-20T15:00:00+05:30,2968.9,2970.5,2966.3,2968.2,11192
2026-08-20T15:05:00+05:30,2968.2,2970,2966.1,2969.5,16054
2026-08-20T15:10:00+05:30,2969.5,2969.5,2966,2969,11811
2026-08-21T09:15:00+05:30,2970,2976.6,2962.8,2963.6,8083
2026-08-21T09:20:00+05:30,2963.6,2966.3,2960.6,2960.8,6141
2026-08-21T09:25:00+05:30,2960.8,2962.1,2955.2,2959.5,10830
2026-08-21T09:30:00+05:30,2959.5,2959.5,2951.5,2951.8,7938
2026-08-21T09:35:00+05:30,2952,2952.8,2948.1,2949,21706
2026-08-21T09:40:00+05:30,2948.9,2954,2948.4,2951.2,7921
2026-08-21T09:45:00+05:30,2951,2952.9,2949.5,2951,3292
2026-08-21T09:50:00+05:30,2951,2954,2948,2953,6925
2026-08-21T09:55:00+05:30,2953,2953.9,2950.5,2951,4433
2026-08-21T10:00:00+05:30,2951,2952,2949.7,2950.5,3994
2026-08-21T10:05:00+05:30,2950.5,2950.5,2947,2949,5321
2026-08-21T10:10:00+05:30,2948.9,2949.8,2947.2,2947.4,2396
2026-08-21T10:15:00+05:30,2947.4,2949,2947.4,2948,2697
2026-08-21T10:20:00+05:30,2947.9,2954.9,2947.4,2953.4,8716
2026-08-21T10:25:00+05:30,2953,2954,2952.1,2953.9,1647
2026-08-21T10:30:00+05:30,2953.9,2955.6,2949.5,2951.4,2173
2026-08-21T10:35:00+05:30,2950.6,2951.6,2948,2948.3,2992
2026-08-21T10:40:00+05:30,2948.3,2951.1,2948.2,2949,1488
2026-08-21T10:45:00+05:30,2949.3,2950.5,2948.2,2948.8,1952
2026-08-21T10:50:00+05:30,2948.8,2950.3,2948.2,2949.6,2482
2026-08-21T10:55:00+05:30,2949.5,2950,2949,2949.8,1437
2026-08-21T11:00:00+05:30,2949.7,2950.7,2949.1,2950,1058
2026-08-21T11:05:00+05:30,2950,2954,2949.3,2950,4111
2026-08-21T11:10:00+05:30,2950,2952,2949,2951.9,2124
2026-08-21T11:15:00+05:30,2951.9,2952,2949.1,2951.7,2284
2026-08-21T11:20:00+05:30,2951.5,2951.5,2943.4,2945.4,8452
2026-08-21T11:25:00+05:30,2945.4,2947.1,2941.2,2944,20882
2026-08-21T11:30:00+05:30,2946,2946.1,2941.8,2942.8,24771
2026-08-21T11:35:00+05:30,2942.8,2946.6,2942,2945.9,3639
2026-08-21T11:40:00+05:30,2945.9,2948.6,2943.1,2947,5182
2026-08-21T11:45:00+05:30,2947,2948,2945.4,2947,2191
2026-08-21T11:50:00+05:30,2947,2947.9,2944.6,2945.1,5732
2026-08-21T11:55:00+05:30,2945.1,2947.9,2942,2942,21913
2026-08-21T12:00:00+05:30,2942,2942.2,2937.4,2938.1,7071
2026-08-21T12:05:00+05:30,2938.1,2939.1,2937.2,2937.2,3190
2026-08-21T12:10:00+05:30,2937.2,2941,2936.4,2940.4,4694
2026-08-21T12:15:00+05:30,2940.4,2940.6,2936.4,2939.2,4013
2026-08-21T12:20:00+05:30,2939.2,2941.8,2939.1,2941.1,1359
2026-08-21T12:25:00+05:30,2941.1,2943.8,2941,2942.4,1808
2026-08-21T12:30:00+05:30,2942.4,2942.8,2940.1,2940.7,2041
2026-08-21T12:35:00+05:30,2940.7,2942.3,2940,2940,1894
2026-08-21T12:40:00+05:30,2940,2940.5,2932.5,2934.7,7029
2026-08-21T12:45:00+05:30,2934.7,2935.9,2928.2,2932.2,8758
2026-08-21T12:50:00+05:30,2932.2,2933.8,2929.1,2930,4256
2026-08-21T12:55:00+05:30,2930,2931.2,2928,2928.5,4151
2026-08-21T13:00:00+05:30,2928.5,2929.6,2928.4,2928.6,2764
2026-08-21T13:05:00+05:30,2928.6,2931.6,2928.5,2930.6,2560
2026-08-21T13:10:00+05:30,2930,2931.3,2923.5,2926.2,9158
2026-08-21T13:15:00+05:30,2926.9,2928.7,2925.1,2927,3861
2026-08-21T13:20:00+05:30,2927,2928.9,2924.1,2925.2,3711
2026-08-21T13:25:00+05:30,2925.1,2926,2924,2924.4,4572
2026-08-21T13:30:00+05:30,2925,2925.1,2921,2921,7414
2026-08-21T13:35:00+05:30,2921,2923,2918,2922.6,11058
2026-08-21T13:40:00+05:30,2922.6,2926.3,2921.8,2924.3,6559
2026-08-21T13:45:00+05:30,2924.3,2926,2923,2923.1,3152
2026-08-21T13:50:00+05:30,2923.1,2924.9,2921,2922.8,5416
2026-08-21T13:55:00+05:30,2923.3,2924.6,2922.4,2923.3,1614
2026-08-21T14:00:00+05:30,2922.5,2923.4,2921,2922,2445
2026-08-21T14:05:00+05:30,2922.3,2923,2918,2918,5639
2026-08-21T14:10:00+05:30,2917.3,2920.4,2917,2919.5,3793
2026-08-21T14:15:00+05:30,2919.1,2921,2917.4,2920.5,8127
2026-08-21T14:20:00+05:30,2920.7,2922.2,2919.5,2921,2642
2026-08-21T14:25:00+05:30,2921.4,2926,2920.8,2921.9,11130
2026-08-21T14:30:00+05:30,2921.9,2924.4,2920.2,2921,5681
2026-08-21T14:35:00+05:30,2921,2921.2,2917.2,2920,5624
2026-08-21T14:40:00+05:30,2920,2923.1,2919,2920.8,9633
2026-08-21T14:45:00+05:30,2920,2921.1,2918.3,2919.4,11285
2026-08-21T14:50:00+05:30,2919,2920.2,2918.5,2919.3,11243
2026-08-21T14:55:00+05:30,2919.3,2919.5,2914,2917,15245
2026-08-21T15:00:00+05:30,2914.8,2923.8,2914.8,2922.5,21448
2026-08-21T15:05:00+05:30,2922.1,2926,2917.9,2924.1,41773
2026-08-21T15:10:00+05:30,2923.5,2925.2,2918,2919.4,24894
2026-08-24T09:15:00+05:30,2924,2936.7,2916,2931,12336
2026-08-24T09:20:00+05:30,2931,2933,2923.6,2925.9,14813
2026-08-24T09:25:00+05:30,2925.8,2928.3,2916.8,2917.6,6929
2026-08-24T09:30:00+05:30,2919.2,2919.2,2912.1,2918,8610
2026-08-24T09:35:00+05:30,2918,2923.4,2917,2921.6,5029
2026-08-24T09:40:00+05:30,2921.6,2926.4,2921.6,2926,6176
2026-08-24T09:45:00+05:30,2926,2926.8,2924.5,2925.4,3029
2026-08-24T09:50:00+05:30,2925.5,2929,2924.3,2928.2,3460
2026-08-24T09:55:00+05:30,2928.2,2929,2924.7,2928.7,2286
2026-08-24T10:00:00+05:30,2928.7,2929,2925.3,2929,4267
2026-08-24T10:05:00+05:30,2929,2929,2927,2928,1819
2026-08-24T10:10:00+05:30,2928,2932.4,2928,2932.4,6211
2026-08-24T10:15:00+05:30,2932.2,2935.2,2927.5,2928.9,6252
2026-08-24T10:20:00+05:30,2928.9,2932,2928.9,2930.5,2618
2026-08-24T10:25:00+05:30,2930.5,2933.3,2929,2931.9,2916
2026-08-24T10:30:00+05:30,2931.9,2935,2930.6,2931.6,3342
2026-08-24T10:35:00+05:30,2931.6,2933.3,2930,2932.7,5546
2026-08-24T10:40:00+05:30,2932.7,2934,2931.3,2933.9,1798
2026-08-24T10:45:00+05:30,2933.9,2934,2931.9,2931.9,1623
2026-08-24T10:50:00+05:30,2931.9,2938.6,2931,2936.5,9234
2026-08-24T10:55:00+05:30,2937,2938,2926.9,2926.9,4225
2026-08-24T11:00:00+05:30,2926.8,2930,2923.3,2924.4,5022
2026-08-24T11:05:00+05:30,2924.4,2927.1,2923,2924.9,4025
2026-08-24T11:10:00+05:30,2924.7,2927,2920.8,2920.8,6712
2026-08-24T11:15:00+05:30,2920.8,2923,2920.7,2921,2567
2026-08-24T11:20:00+05:30,2921,2922.5,2911.1,2913.8,10359
2026-08-24T11:25:00+05:30,2913.8,2915.6,2909.6,2911.4,9394
2026-08-24T11:30:00+05:30,2911.4,2911.4,2902.2,2905.6,9880
2026-08-24T11:35:00+05:30,2905.6,2907.3,2905,2906.5,5071
2026-08-24T11:40:00+05:30,2906.5,2909.3,2905,2905.6,4555
2026-08-24T11:45:00+05:30,2905.5,2907.3,2904.5,2905.6,3530
2026-08-24T11:50:00+05:30,2905.6,2905.8,2904,2904,4637
2026-08-24T11:55:00+05:30,2904,2904.1,2897.4,2899.8,8536
2026-08-24T12:00:00+05:30,2899.8,2911.6,2899.8,2910.2,41843
2026-08-24T12:05:00+05:30,2910.2,2910.2,2905.1,2906.4,3487
2026-08-24T12:10:00+05:30,2906.4,2912.2,2905,2912.2,10621
2026-08-24T12:15:00+05:30,2912.2,2912.8,2910,2912.1,6465
2026-08-24T12:20:00+05:30,2912.1,2912.1,2909.8,2909.9,8000
2026-08-24T12:25:00+05:30,2909.9,2909.9,2904,2907.5,18131
2026-08-24T12:30:00+05:30,2907.5,2907.5,2903,2904.3,5543
2026-08-24T12:35:00+05:30,2904.3,2906.5,2902.4,2904,3674
2026-08-24T12:40:00+05:30,2904,2904.7,2901.4,2902.7,3994
2026-08-24T12:45:00+05:30,2902.7,2905,2902,2903,2917
2026-08-24T12:50:00+05:30,2903.6,2906.9,2902.4,2904.7,3630
2026-08-24T12:55:00+05:30,2904,2906,2904,2905,2588
2026-08-24T13:00:00+05:30,2904.6,2905.5,2901.9,2904.3,4399
2026-08-24T13:05:00+05:30,2904.3,2904.8,2901.5,2901.7,3745
2026-08-24T13:10:00+05:30,2901.7,2905.3,2901.7,2904.7,3491
2026-08-24T13:15:00+05:30,2904.1,2905.4,2903.2,2904.1,3401
2026-08-24T13:20:00+05:30,2905,2905,2903,2904.1,2220
2026-08-24T13:25:00+05:30,2903.5,2905,2902.4,2903.5,3072
2026-08-24T13:30:00+05:30,2903.4,2903.4,2898.4,2899.4,8991
2026-08-24T13:35:00+05:30,2898.2,2900,2898.2,2899.6,2458
2026-08-24T13:40:00+05:30,2899,2900,2898.1,2899.2,2162
2026-08-24T13:45:00+05:30,2899,2901.8,2895.8,2900,5660
2026-08-24T13:50:00+05:30,2900.1,2901.6,2898,2898.3,2344
2026-08-24T13:55:00+05:30,2898.8,2899.9,2897.5,2899.9,2374
2026-08-24T14:00:00+05:30,2899.9,2900.8,2898.9,2900,2806
2026-08-24T14:05:00+05:30,2899.4,2900,2896.7,2898.7,3797
2026-08-24T14:10:00+05:30,2898.4,2898.9,2894.1,2895.6,8272
2026-08-24T14:15:00+05:30,2895.5,2898.3,2894.5,2897.1,3956
2026-08-24T14:20:00+05:30,2896.3,2901.3,2896.1,2899.9,7521
2026-08-24T14:25:00+05:30,2899.5,2902.9,2898.6,2901.9,5697
2026-08-24T14:30:00+05:30,2900.8,2903.6,2900.7,2903.4,7257
2026-08-24T14:35:00+05:30,2903,2903.9,2900.9,2901.4,5019
2026-08-24T14:40:00+05:30,2901.7,2905,2900,2902.9,11288
2026-08-24T14:45:00+05:30,2903.5,2905.9,2902,2903.9,28254
2026-08-24T14:50:00+05:30,2904.8,2904.9,2902,2903.8,15330
2026-08-24T14:55:00+05:30,2903.8,2903.9,2901.4,2902.6,7636
2026-08-24T15:00:00+05:30,2902.6,2904.5,2898.7,2899.2,20872
2026-08-24T15:05:00+05:30,2899.2,2901.1,2899.2,2900.2,12721
2026-08-24T15:10:00+05:30,2900.2,2903.2,2892.2,2903.2,18034
2026-08-25T09:15:00+05:30,2910,2919,2893.8,2917.9,16672
2026-08-25T09:20:00+05:30,2918.1,2927,2915.9,2921,16326
2026-08-25T09:25:00+05:30,2922.3,2927.6,2921.3,2927.6,9489
2026-08-25T09:30:00+05:30,2927.8,2933.8,2923,2924.4,18769
2026-08-25T09:35:00+05:30,2924.2,2927.9,2922,2926,10996
2026-08-25T09:40:00+05:30,2926.7,2928.6,2910.4,2911.7,16461
2026-08-25T09:45:00+05:30,2911.4,2921,2909,2919.3,12772
2026-08-25T09:50:00+05:30,2919.2,2921,2911.9,2913,6670
2026-08-25T09:55:00+05:30,2913,2917.3,2912,2912.1,2731
2026-08-25T10:00:00+05:30,2913.6,2915,2910.3,2912.9,3492
2026-08-25T10:05:00+05:30,2912.3,2914,2911.4,2912,2927
2026-08-25T10:10:00+05:30,2912.9,2913.9,2910.6,2911,1490
2026-08-25T10:15:00+05:30,2911.9,2914,2910.1,2913.5,2562
2026-08-25T10:20:00+05:30,2912.4,2913.9,2909.2,2911,3469
2026-08-25T10:25:00+05:30,2911,2917,2910.3,2917,4879
2026-08-25T10:30:00+05:30,2917,2918.6,2913.7,2916.8,4510
2026-08-25T10:35:00+05:30,2916.8,2924,2916.3,2923.8,5309
2026-08-25T10:40:00+05:30,2923.8,2928.2,2923.2,2924.6,5366
2026-08-25T10:45:00+05:30,2924.6,2924.6,2918.6,2918.6,5282
2026-08-25T10:50:00+05:30,2920,2921.7,2915.7,2917.5,5651
2026-08-25T10:55:00+05:30,2918,2920,2916.2,2918.8,4374
2026-08-25T11:00:00+05:30,2918.8,2921.4,2918.3,2919.8,1861
2026-08-25T11:05:00+05:30,2919.8,2921.6,2918.8,2921.1,1804
2026-08-25T11:10:00+05:30,2921.2,2921.6,2917.1,2918.5,2161
2026-08-25T11:15:00+05:30,2918.5,2923,2918,2920.6,3214
2026-08-25T11:20:00+05:30,2920.6,2922,2916.7,2918.5,5073
2026-08-25T11:25:00+05:30,2918.5,2920.3,2915.7,2916.3,4681
2026-08-25T11:30:00+05:30,2916.3,2917.4,2914,2915.9,2561
2026-08-25T11:35:00+05:30,2915.9,2916.9,2910.3,2913.3,5133
2026-08-25T11:40:00+05:30,2913.3,2914.8,2912.2,2914.7,2014
2026-08-25T11:45:00+05:30,2914.4,2914.8,2912.3,2914.1,2731
2026-08-25T11:50:00+05:30,2914.1,2917.4,2913.4,2916.1,3172
2026-08-25T11:55:00+05:30,2917.3,2921.9,2916.9,2919.2,3259
2026-08-25T12:00:00+05:30,2919.2,2925.9,2917.8,2920.7,19462
2026-08-25T12:05:00+05:30,2921,2922,2918.8,2919.3,3285
2026-08-25T12:10:00+05:30,2919.3,2923.8,2919.3,2920.1,3956
2026-08-25T12:15:00+05:30,2920.1,2922,2919.5,2920.9,2637
2026-08-25T12:20:00+05:30,2920.9,2921.7,2917.5,2917.5,4247
2026-08-25T12:25:00+05:30,2918.3,2923.4,2917,2923.2,4785
2026-08-25T12:30:00+05:30,2923.3,2925.9,2920.4,2921.7,6876
2026-08-25T12:35:00+05:30,2922.2,2922.3,2919.4,2922.3,3103
2026-08-25T12:40:00+05:30,2922,2922.5,2917.6,2921,14026
2026-08-25T12:45:00+05:30,2921.2,2921.9,2920.2,2921.3,3216
2026-08-25T12:50:00+05:30,2921.3,2922.2,2920.5,2922,2632
2026-08-25T12:55:00+05:30,2921.5,2923.1,2918,2919.9,20406
2026-08-25T13:00:00+05:30,2919.9,2921,2916,2917.6,3945
2026-08-25T13:05:00+05:30,2917.3,2917.6,2912,2912,2778
2026-08-25T13:10:00+05:30,2912,2912.6,2910.5,2911.5,5189
2026-08-25T13:15:00+05:30,2912.6,2915.3,2911.5,2914.1,3491
2026-08-25T13:20:00+05:30,2914.2,2917.3,2911.4,2913.8,21134
2026-08-25T13:25:00+05:30,2913.8,2914.5,2911,2911.4,1736
2026-08-25T13:30:00+05:30,2912,2914,2911,2912.1,3416
2026-08-25T13:35:00+05:30,2913.5,2915.5,2912,2914.5,4856
2026-08-25T13:40:00+05:30,2915.8,2916,2913.8,2913.9,2478
2026-08-25T13:45:00+05:30,2915,2915.6,2910.5,2914.4,13829
2026-08-25T13:50:00+05:30,2913.6,2918.8,2912.6,2918.7,2973
2026-08-25T13:55:00+05:30,2918.7,2919,2914,2915.4,2008
2026-08-25T14:00:00+05:30,2915.4,2915.5,2913.1,2914.2,1337
2026-08-25T14:05:00+05:30,2914.9,2915,2910,2910,5375
2026-08-25T14:10:00+05:30,2911,2912.9,2910,2910.5,8217
2026-08-25T14:15:00+05:30,2910.5,2910.5,2906.7,2908,3875
2026-08-25T14:20:00+05:30,2908.9,2909,2903.6,2905,6116
2026-08-25T14:25:00+05:30,2904.8,2914.7,2903.7,2913.3,14859
2026-08-25T14:30:00+05:30,2913.7,2929.8,2913,2924.4,19403
2026-08-25T14:35:00+05:30,2924,2925.6,2918.4,2922.1,9800
2026-08-25T14:40:00+05:30,2922.1,2929,2920.9,2928.2,14012
2026-08-25T14:45:00+05:30,2928.8,2931,2925.2,2929.6,16332
2026-08-25T14:50:00+05:30,2929.6,2933.4,2928.7,2931.7,15165
2026-08-25T14:55:00+05:30,2931.1,2938.9,2931.1,2937.1,20496
2026-08-25T15:00:00+05:30,2937.1,2937.1,2921.7,2922.9,26966
2026-08-25T15:05:00+05:30,2922.9,2926.2,2920.1,2923.6,35420
2026-08-25T15:10:00+05:30,2923.6,2930,2917.6,2924.1,40178
2026-08-26T09:15:00+05:30,2950,2954.8,2940,2947.2,18709
2026-08-26T09:20:00+05:30,2947.2,2949,2937.6,2940,7897
2026-08-26T09:25:00+05:30,2940,2942,2935,2935,10248
2026-08-26T09:30:00+05:30,2935,2938.5,2932.8,2934.7,9249
2026-08-26T09:35:00+05:30,2936.7,2943.5,2935.6,2941.6,7960
2026-08-26T09:40:00+05:30,2941,2942,2938.2,2939.3,5729
2026-08-26T09:45:00+05:30,2939.3,2943.9,2938.9,2942,6740
2026-08-26T09:50:00+05:30,2942,2944.4,2939.8,2941.1,7810
2026-08-26T09:55:00+05:30,2941.1,2944.9,2938.4,2939.8,10973
2026-08-26T10:00:00+05:30,2939.8,2941.9,2936.1,2938.6,6314
2026-08-26T10:05:00+05:30,2938.6,2940.6,2935.3,2935.4,8672
2026-08-26T10:10:00+05:30,2935.4,2936.1,2931.7,2933.7,6589
2026-08-26T10:15:00+05:30,2933.7,2935.4,2926.3,2927.6,9041
2026-08-26T10:20:00+05:30,2927.6,2928.9,2926.2,2926.9,4339
2026-08-26T10:25:00+05:30,2926.2,2932.4,2926.2,2931,3931
2026-08-26T10:30:00+05:30,2931,2941,2929.4,2934.4,9588
2026-08-26T10:35:00+05:30,2934.4,2934.9,2931,2933.3,4428
2026-08-26T10:40:00+05:30,2933.3,2936.8,2932.1,2935,3518
2026-08-26T10:45:00+05:30,2935,2943.8,2933,2940.2,7871
2026-08-26T10:50:00+05:30,2940.2,2940.2,2937.5,2938.8,2621
2026-08-26T10:55:00+05:30,2939,2940,2937.7,2937.7,3298
2026-08-26T11:00:00+05:30,2937.7,2938.6,2935.2,2935.5,2889
2026-08-26T11:05:00+05:30,2936.6,2939.1,2935,2937.9,3929
2026-08-26T11:10:00+05:30,2938.8,2942,2935.9,2940.1,4054
2026-08-26T11:15:00+05:30,2940.1,2940.1,2934.6,2936.8,6077
2026-08-26T11:20:00+05:30,2936.8,2937.5,2935,2937.1,3760
2026-08-26T11:25:00+05:30,2937.1,2939.1,2930,2931.4,6920
2026-08-26T11:30:00+05:30,2930.4,2931.4,2926.6,2928.5,5671
2026-08-26T11:35:00+05:30,2928.2,2930.6,2921.8,2923.5,11228
2026-08-26T11:40:00+05:30,2922.5,2924.1,2919.9,2923.6,9113
2026-08-26T11:45:00+05:30,2923.6,2925.3,2922.2,2923.1,5226
2026-08-26T11:50:00+05:30,2922.3,2923,2920.5,2920.5,4688
2026-08-26T11:55:00+05:30,2920.5,2923.1,2919.2,2920,4213
2026-08-26T12:00:00+05:30,2920,2920,2914,2916.2,8066
2026-08-26T12:05:00+05:30,2916.3,2917.6,2915,2915,5249
2026-08-26T12:10:00+05:30,2915,2917.9,2912.8,2916.9,6218
2026-08-26T12:15:00+05:30,2916.9,2919.3,2914.3,2917.3,6648
2026-08-26T12:20:00+05:30,2916.6,2918.8,2914.6,2917,4764
2026-08-26T12:25:00+05:30,2916.2,2917.1,2913.3,2914.4,3666
2026-08-26T12:30:00+05:30,2914.4,2915.3,2911.5,2913.1,5125
2026-08-26T12:35:00+05:30,2913.1,2914.3,2912,2912.9,3331
2026-08-26T12:40:00+05:30,2912.9,2914.5,2910.7,2912.5,6862
2026-08-26T12:45:00+05:30,2912.5,2914,2912,2913.3,4635
2026-08-26T12:50:00+05:30,2912,2913.5,2912,2912.6,3867
2026-08-26T12:55:00+05:30,2912.6,2916.3,2912,2914.8,5474
2026-08-26T13:00:00+05:30,2914.8,2917.4,2913.6,2914.6,5192
2026-08-26T13:05:00+05:30,2914.8,2917.5,2913.8,2914.8,3267
2026-08-26T13:10:00+05:30,2914.1,2915,2913,2913.3,2984
2026-08-26T13:15:00+05:30,2913.3,2914.4,2910.1,2913.2,9085
2026-08-26T13:20:00+05:30,2913.1,2914.2,2911.5,2912.8,2857
2026-08-26T13:25:00+05:30,2912.8,2913.8,2910.1,2910.6,5867
2026-08-26T13:30:00+05:30,2910.6,2912.2,2907,2908.5,6529
2026-08-26T13:35:00+05:30,2908.5,2910,2906.2,2908.3,4452
2026-08-26T13:40:00+05:30,2908.3,2910.4,2907.4,2907.6,4787
2026-08-26T13:45:00+05:30,2907.6,2910,2906.7,2909.2,3458
2026-08-26T13:50:00+05:30,2909.2,2911,2908.5,2910,3119
2026-08-26T13:55:00+05:30,2910,2911,2908.1,2910.1,4741
2026-08-26T14:00:00+05:30,2910.7,2912.3,2909.1,2910.6,2231
2026-08-26T14:05:00+05:30,2910.6,2912.2,2909.6,2910.4,3641
2026-08-26T14:10:00+05:30,2911.6,2914.4,2910.1,2913.2,4252
2026-08-26T14:15:00+05:30,2913.2,2914.2,2911,2911,5970
2026-08-26T14:20:00+05:30,2911.1,2913.1,2911,2911.3,1573
2026-08-26T14:25:00+05:30,2911.5,2911.9,2910.2,2911,1350
2026-08-26T14:30:00+05:30,2911,2912,2909,2910,2751
2026-08-26T14:35:00+05:30,2910,2912.5,2910,2911.2,1757
2026-08-26T14:40:00+05:30,2911.9,2913.1,2911.1,2912,2369
2026-08-26T14:45:00+05:30,2912,2916.3,2911.3,2914.4,12949
2026-08-26T14:50:00+05:30,2914.4,2925,2914,2918,15872
2026-08-26T14:55:00+05:30,2918,2919.4,2914,2914,12137
2026-08-26T15:00:00+05:30,2914,2916.2,2913.1,2913.9,8858
2026-08-26T15:05:00+05:30,2915,2915,2908.2,2910.6,18551
2026-08-26T15:10:00+05:30,2911.7,2916.5,2907.6,2915,17442
2026-08-27T09:15:00+05:30,2908.2,2923.5,2908.2,2916.2,5040
2026-08-27T09:20:00+05:30,2915,2916.6,2912.5,2912.8,6254
2026-08-27T09:25:00+05:30,2912.9,2922.2,2910.6,2917.6,13385
2026-08-27T09:30:00+05:30,2917.6,2919.8,2911.1,2915,3540
2026-08-27T09:35:00+05:30,2915.4,2916.2,2905.3,2907.8,4192
2026-08-27T09:40:00+05:30,2907.9,2913.9,2906.6,2912.9,1800
2026-08-27T09:45:00+05:30,2912.9,2913.8,2907.4,2908,4289
2026-08-27T09:50:00+05:30,2908,2908,2903,2905.3,5410
2026-08-27T09:55:00+05:30,2905.3,2905.9,2901.4,2903,5270
2026-08-27T10:00:00+05:30,2903,2905.6,2901.1,2904.4,3709
2026-08-27T10:05:00+05:30,2904.4,2905,2903,2903.1,2270
2026-08-27T10:10:00+05:30,2903.1,2905.2,2901.3,2903.6,2699
2026-08-27T10:15:00+05:30,2903.3,2904.9,2901.1,2901.7,2061
2026-08-27T10:20:00+05:30,2901.7,2903,2895.6,2897,7084
2026-08-27T10:25:00+05:30,2896,2896.5,2893.1,2894.4,4230
2026-08-27T10:30:00+05:30,2894,2895,2891,2891.1,2794
2026-08-27T10:35:00+05:30,2891.1,2893.4,2889,2892.8,5063
2026-08-27T10:40:00+05:30,2892.8,2901.6,2891.3,2892.3,7077
2026-08-27T10:45:00+05:30,2892.3,2893.5,2890.1,2891.5,2517
2026-08-27T10:50:00+05:30,2891.5,2891.5,2890,2891.3,1844
2026-08-27T10:55:00+05:30,2891.2,2891.2,2889.5,2890.5,3011
2026-08-27T11:00:00+05:30,2890.5,2893.2,2889.6,2891.2,2980
2026-08-27T11:05:00+05:30,2891.2,2892,2890,2891.4,1800
2026-08-27T11:10:00+05:30,2891.5,2891.5,2890,2890.2,2242
2026-08-27T11:15:00+05:30,2890.8,2891.1,2885.5,2885.5,6655
2026-08-27T11:20:00+05:30,2886.3,2886.3,2882.2,2883,11600
2026-08-27T11:25:00+05:30,2883.2,2884,2880.5,2882,4372
2026-08-27T11:30:00+05:30,2881.8,2893.1,2881,2892,11283
2026-08-27T11:35:00+05:30,2892,2899.7,2892,2896.8,9723
2026-08-27T11:40:00+05:30,2896.8,2902.4,2896,2901.5,6741
2026-08-27T11:45:00+05:30,2901.5,2901.5,2897.3,2898.9,3178
2026-08-27T11:50:00+05:30,2898.9,2900,2896.9,2900,2903
2026-08-27T11:55:00+05:30,2900,2900,2894,2895.5,12025
2026-08-27T12:00:00+05:30,2895.5,2896.1,2894,2896,8103
2026-08-27T12:05:00+05:30,2896,2897.8,2888.4,2888.9,15468
2026-08-27T12:10:00+05:30,2888.9,2889,2886.8,2887.3,6130
2026-08-27T12:15:00+05:30,2887.3,2895,2885,2895,26016
2026-08-27T12:20:00+05:30,2895,2895,2891.6,2891.9,8309
2026-08-27T12:25:00+05:30,2891.9,2896.4,2887.2,2887.2,12502
2026-08-27T12:30:00+05:30,2887.2,2887.2,2884,2884.9,7338
2026-08-27T12:35:00+05:30,2884.9,2886.2,2883.4,2884.4,5802
2026-08-27T12:40:00+05:30,2884.4,2885,2882.7,2885,5769
2026-08-27T12:45:00+05:30,2885.9,2886.6,2883.8,2886.6,5908
2026-08-27T12:50:00+05:30,2885.6,2889.4,2885.2,2887.9,6499
2026-08-27T12:55:00+05:30,2887.9,2889.9,2886.7,2887.4,5945
2026-08-27T13:00:00+05:30,2887.4,2888.2,2885.1,2885.7,5131
2026-08-27T13:05:00+05:30,2886.1,2888.1,2885.8,2887.1,4238
2026-08-27T13:10:00+05:30,2887.1,2887.2,2881.5,2881.7,10955
2026-08-27T13:15:00+05:30,2881.7,2883.4,2881.4,2882.6,7454
2026-08-27T13:20:00+05:30,2882.6,2883.5,2881.5,2881.8,5589
2026-08-27T13:25:00+05:30,2881.8,2882.6,2881,2882.2,6563
2026-08-27T13:30:00+05:30,2882.2,2882.2,2876,2878.4,14003
2026-08-27T13:35:00+05:30,2878.4,2879.3,2873,2874.8,14771
2026-08-27T13:40:00+05:30,2874.8,2875.4,2871.1,2871.1,8087
2026-08-27T13:45:00+05:30,2871.1,2871.1,2868.2,2870,6233
2026-08-27T13:50:00+05:30,2869.4,2872.5,2869,2870,7598
2026-08-27T13:55:00+05:30,2870,2871.9,2868.7,2869.5,4656
2026-08-27T14:00:00+05:30,2869.7,2874.6,2869,2872.4,4261
2026-08-27T14:05:00+05:30,2872.4,2879.6,2872.1,2876.2,4262
2026-08-27T14:10:00+05:30,2876.2,2877.2,2871.6,2873.4,4775
2026-08-27T14:15:00+05:30,2873.4,2876.5,2872.5,2875.1,4937
2026-08-27T14:20:00+05:30,2875.2,2875.6,2872.1,2874.8,9423
2026-08-27T14:25:00+05:30,2874.5,2879,2873.9,2878.6,5936
2026-08-27T14:30:00+05:30,2878.6,2880.9,2875.6,2880,30321
2026-08-27T14:35:00+05:30,2880,2884.9,2879.4,2883.8,10320
2026-08-27T14:40:00+05:30,2883.8,2883.8,2880,2881.1,8982
2026-08-27T14:45:00+05:30,2882,2886.4,2880.9,2883.4,16438
2026-08-27T14:50:00+05:30,2883.1,2885,2880.8,2880.8,32727
2026-08-27T14:55:00+05:30,2880.8,2884,2880.1,2881.8,11467
2026-08-27T15:00:00+05:30,2880.9,2881.4,2877.5,2879.4,17614
2026-08-27T15:05:00+05:30,2880,2882.4,2877.6,2881,15485
2026-08-27T15:10:00+05:30,2881.8,2885,2879.4,2885,24804
2026-08-28T09:15:00+05:30,2890.4,2892,2880,2886.8,9892
2026-08-28T09:20:00+05:30,2886.8,2888,2882.3,2884.9,4559
2026-08-28T09:25:00+05:30,2885.9,2891.3,2875.8,2889.2,13245
2026-08-28T09:30:00+05:30,2887,2894,2887,2890,5206
2026-08-28T09:35:00+05:30,2891,2891.8,2884.5,2889.7,3843
2026-08-28T09:40:00+05:30,2888.5,2893,2887.5,2890.3,4222
2026-08-28T09:45:00+05:30,2890,2893.8,2889.4,2893.8,3941
2026-08-28T09:50:00+05:30,2892.2,2894,2890,2893.9,4231
2026-08-28T09:55:00+05:30,2893.9,2901.6,2892.3,2897.6,8569
2026-08-28T10:00:00+05:30,2900,2902,2894.9,2896.5,8677
2026-08-28T10:05:00+05:30,2897,2897.5,2894,2896.5,4531
2026-08-28T10:10:00+05:30,2897.2,2897.5,2894.4,2896,2740
2026-08-28T10:15:00+05:30,2896.8,2900.1,2895.1,2896.6,3260
2026-08-28T10:20:00+05:30,2896.6,2897.6,2894.5,2896.9,2988
2026-08-28T10:25:00+05:30,2896.9,2901.5,2894.1,2901.5,6541
2026-08-28T10:30:00+05:30,2901.3,2901.4,2894,2896.5,5415
2026-08-28T10:35:00+05:30,2896.5,2901.4,2895.1,2901.1,4127
2026-08-28T10:40:00+05:30,2901.1,2901.1,2896,2896,4440
2026-08-28T10:45:00+05:30,2896.7,2904.6,2896.4,2901.5,4537
2026-08-28T10:50:00+05:30,2901.5,2911.2,2901.5,2904,21349
2026-08-28T10:55:00+05:30,2904,2904.6,2900,2901.4,2481
2026-08-28T11:00:00+05:30,2901.4,2907.5,2900.2,2904.9,17051
2026-08-28T11:05:00+05:30,2904.9,2905.8,2901.5,2902.5,2674
2026-08-28T11:10:00+05:30,2902.9,2905,2901.4,2903.8,2769
2026-08-28T11:15:00+05:30,2903.8,2910.6,2902.8,2908.6,9135
2026-08-28T11:20:00+05:30,2908.6,2908.6,2905.5,2907.6,6063
2026-08-28T11:25:00+05:30,2907,2907.4,2903,2903,6230
2026-08-28T11:30:00+05:30,2902.4,2905,2900,2903,3366
2026-08-28T11:35:00+05:30,2902.6,2903.4,2896,2902.7,19854
2026-08-28T11:40:00+05:30,2902.3,2902.7,2898.8,2901.1,3393
2026-08-28T11:45:00+05:30,2901.1,2901.1,2898.8,2900.1,1038
2026-08-28T11:50:00+05:30,2900.1,2901.1,2897.4,2897.4,962
2026-08-28T11:55:00+05:30,2897.8,2899.4,2896.5,2898,2395
2026-08-28T12:00:00+05:30,2898,2900,2896.4,2900,2789
2026-08-28T12:05:00+05:30,2900,2908,2898.8,2900.6,7414
2026-08-28T12:10:00+05:30,2900.6,2907.6,2900.2,2903.9,20210
2026-08-28T12:15:00+05:30,2904,2905,2899.2,2900.9,5122
2026-08-28T12:20:00+05:30,2900.9,2904.9,2900.9,2904.9,3008
2026-08-28T12:25:00+05:30,2904.9,2906.1,2903.4,2905,9416
2026-08-28T12:30:00+05:30,2905,2906.3,2898.3,2898.9,4933
2026-08-28T12:35:00+05:30,2898.9,2899.4,2897,2899.4,3194
2026-08-28T12:40:00+05:30,2899.4,2899.4,2897.4,2897.6,1474
2026-08-28T12:45:00+05:30,2897.6,2899.4,2897.4,2898,2012
2026-08-28T12:50:00+05:30,2898,2898,2896,2897,1290
2026-08-28T12:55:00+05:30,2897,2898.2,2896,2896.9,3207
2026-08-28T13:00:00+05:30,2896.9,2897.4,2887.4,2888,6221
2026-08-28T13:05:00+05:30,2887.9,2889.2,2883.6,2885,4893
2026-08-28T13:10:00+05:30,2885,2885,2884.1,2884.1,1766
2026-08-28T13:15:00+05:30,2884.8,2884.9,2883.2,2884,1919
2026-08-28T13:20:00+05:30,2884.5,2886.5,2883.8,2885.1,2119
2026-08-28T13:25:00+05:30,2886.1,2886.3,2881.7,2882.3,1311
2026-08-28T13:30:00+05:30,2882.4,2889.6,2881.8,2889.6,10645
2026-08-28T13:35:00+05:30,2889.4,2890.9,2888.9,2889,5815
2026-08-28T13:40:00+05:30,2889.8,2891.1,2889,2890.2,1531
2026-08-28T13:45:00+05:30,2891.1,2892,2886.7,2887.3,2921
2026-08-28T13:50:00+05:30,2887.3,2888.8,2885.9,2887.3,1985
2026-08-28T13:55:00+05:30,2888,2889.9,2887.3,2889.2,2445
2026-08-28T14:00:00+05:30,2889.1,2889.5,2886.4,2888.5,1182
2026-08-28T14:05:00+05:30,2888.5,2888.5,2885.2,2886.7,1750
2026-08-28T14:10:00+05:30,2886.7,2894.5,2886.3,2893,10679
2026-08-28T14:15:00+05:30,2893.1,2901,2893,2899.8,6567
2026-08-28T14:20:00+05:30,2900,2900.8,2898,2898.4,2466
2026-08-28T14:25:00+05:30,2899.6,2899.6,2897,2899.2,862
2026-08-28T14:30:00+05:30,2899.1,2899.8,2897.2,2898.4,1030
2026-08-28T14:35:00+05:30,2899.6,2899.8,2897.2,2897.2,1318
2026-08-28T14:40:00+05:30,2898.6,2901.9,2896.5,2900,6740
2026-08-28T14:45:00+05:30,2900,2901.6,2899.1,2901.5,21782
2026-08-28T14:50:00+05:30,2900,2902.3,2897,2900.5,33705
2026-08-28T14:55:00+05:30,2900.8,2900.9,2894,2894,32630
2026-08-28T15:00:00+05:30,2894.2,2903,2893.1,2897,10608
2026-08-28T15:05:00+05:30,2897.4,2902.8,2897.2,2900.3,6192
2026-08-28T15:10:00+05:30,2900.2,2902,2898,2898,13172
2026-08-31T09:15:00+05:30,2895.9,2895.9,2869,2875.5,12544
2026-08-31T09:20:00+05:30,2875.5,2882.9,2873,2874.2,5756
2026-08-31T09:25:00+05:30,2874.2,2874.2,2869,2871.3,6772
2026-08-31T09:30:00+05:30,2871.3,2877.4,2871.2,2874,3278
2026-08-31T09:35:00+05:30,2874,2886.9,2871.8,2886.9,6217
2026-08-31T09:40:00+05:30,2886.9,2886.9,2880.1,2882.6,16820
2026-08-31T09:45:00+05:30,2882.6,2883.8,2879.1,2881.7,1927
2026-08-31T09:50:00+05:30,2881.7,2882.9,2878.8,2880,1984
2026-08-31T09:55:00+05:30,2880,2880,2876,2878.1,4807
2026-08-31T10:00:00+05:30,2878.8,2881.7,2877,2879.1,3995
2026-08-31T10:05:00+05:30,2879.7,2883.3,2877.6,2879.7,2610
2026-08-31T10:10:00+05:30,2880.4,2880.4,2877,2877.1,1068
2026-08-31T10:15:00+05:30,2877.2,2877.2,2875.4,2875.4,11031
2026-08-31T10:20:00+05:30,2876.5,2877.1,2874.4,2875.4,2078
2026-08-31T10:25:00+05:30,2875.6,2876.5,2874.2,2875.1,1150
2026-08-31T10:30:00+05:30,2875.1,2876.4,2870.8,2870.8,2354
2026-08-31T10:35:00+05:30,2871.8,2872.5,2870.9,2872.5,800
2026-08-31T10:40:00+05:30,2872.1,2874,2871,2872.5,819
2026-08-31T10:45:00+05:30,2873.2,2874.2,2870.5,2872.2,2420
2026-08-31T10:50:00+05:30,2872.2,2874,2870.4,2872.7,1014
2026-08-31T10:55:00+05:30,2872.7,2872.7,2870.2,2871.3,1220
2026-08-31T11:00:00+05:30,2872,2872,2870.4,2870.4,2652
2026-08-31T11:05:00+05:30,2871.6,2872.4,2870.4,2871.1,1211
2026-08-31T11:10:00+05:30,2871.1,2871.1,2870,2870,897
2026-08-31T11:15:00+05:30,2870.3,2872.3,2868,2871,10360
2026-08-31T11:20:00+05:30,2871,2871.3,2868.5,2870.8,2533
2026-08-31T11:25:00+05:30,2870.9,2871.7,2869.6,2871.4,1582
2026-08-31T11:30:00+05:30,2871.4,2872.3,2868.2,2869.8,1992
2026-08-31T11:35:00+05:30,2869.8,2871.9,2868.5,2871.5,1512
2026-08-31T11:40:00+05:30,2871.4,2873.2,2865.1,2867.8,7311
2026-08-31T11:45:00+05:30,2867.8,2872.9,2866,2871.1,8854
2026-08-31T11:50:00+05:30,2871.7,2877.6,2871,2876.2,8861
2026-08-31T11:55:00+05:30,2876.7,2879,2871.8,2872.2,7651
2026-08-31T12:00:00+05:30,2872.3,2877.9,2870.1,2876.8,7296
2026-08-31T12:05:00+05:30,2877,2877.6,2875.6,2876.8,2879
2026-08-31T12:10:00+05:30,2876.8,2892,2876,2888.2,37267
2026-08-31T12:15:00+05:30,2888.3,2901.2,2887.6,2899.1,25349
2026-08-31T12:20:00+05:30,2899.4,2899.4,2894.4,2895.1,7205
2026-08-31T12:25:00+05:30,2895.2,2896.7,2890.8,2890.8,12315
2026-08-31T12:30:00+05:30,2890.3,2894.3,2888.2,2890.5,10959
2026-08-31T12:35:00+05:30,2891.4,2892,2890,2891.7,3972
2026-08-31T12:40:00+05:30,2891.6,2891.6,2888.7,2889.7,1655
2026-08-31T12:45:00+05:30,2889.8,2890.9,2887.5,2889,3752
2026-08-31T12:50:00+05:30,2889,2889.1,2887.2,2888.2,2126
2026-08-31T12:55:00+05:30,2888.2,2889.1,2886,2886,2063
2026-08-31T13:00:00+05:30,2886,2892.4,2885.4,2887.5,8864
2026-08-31T13:05:00+05:30,2887.5,2893,2887.5,2890,2128
2026-08-31T13:10:00+05:30,2890,2891,2889.5,2889.6,1512
2026-08-31T13:15:00+05:30,2890.7,2891.9,2888.1,2890.6,4154
2026-08-31T13:20:00+05:30,2890.6,2894.4,2890.2,2892.3,11769
2026-08-31T13:25:00+05:30,2892.8,2896.6,2891.7,2892.3,4439
2026-08-31T13:30:00+05:30,2892.3,2892.9,2879.4,2881.9,44289
2026-08-31T13:35:00+05:30,2882.5,2886.8,2879.7,2879.9,7271
2026-08-31T13:40:00+05:30,2880.5,2885.1,2880,2880.7,2639
2026-08-31T13:45:00+05:30,2881.2,2883.6,2880.9,2883,3306
2026-08-31T13:50:00+05:30,2881.3,2884.1,2873.7,2874.4,105311
2026-08-31T13:55:00+05:30,2875.3,2876,2871.3,2872.4,6770
2026-08-31T14:00:00+05:30,2872.4,2877.2,2871.2,2875.5,17214
2026-08-31T14:05:00+05:30,2876.2,2887.5,2876,2881.2,23638
2026-08-31T14:10:00+05:30,2881.2,2883.7,2877,2877.6,11987
2026-08-31T14:15:00+05:30,2877.6,2886,2877.6,2881.1,16474
2026-08-31T14:20:00+05:30,2881.2,2881.2,2877.9,2879.3,14658
2026-08-31T14:25:00+05:30,2879.2,2880,2876.3,2877.9,6374
2026-08-31T14:30:00+05:30,2879,2889.5,2878.7,2889.5,9065
2026-08-31T14:35:00+05:30,2888.5,2888.7,2876.9,2881.4,37473
2026-08-31T14:40:00+05:30,2882.5,2884.8,2879.7,2879.7,7828
2026-08-31T14:45:00+05:30,2880.7,2891.7,2880.1,2889,45215
2026-08-31T14:50:00+05:30,2889.4,2891.6,2881.5,2884.6,24024
2026-08-31T14:55:00+05:30,2884.7,2885.2,2879.7,2882.9,23931
2026-08-31T15:00:00+05:30,2881.6,2889,2881.6,2889,21997
2026-08-31T15:05:00+05:30,2889,2890.8,2887.3,2889.5,21962
2026-08-31T15:10:00+05:30,2889.5,2892.9,2880,2892,23851
2026-09-01T09:15:00+05:30,2880,2911.9,2880,2893.6,13562
2026-09-01T09:20:00+05:30,2893.5,2893.9,2886.7,2886.7,7427
2026-09-01T09:25:00+05:30,2887,2887.9,2878,2881.1,13026
2026-09-01T09:30:00+05:30,2881.6,2884.7,2881.1,2881.5,3341
2026-09-01T09:35:00+05:30,2883,2883.4,2875.7,2875.7,5181
2026-09-01T09:40:00+05:30,2876.8,2878.1,2874.9,2875.4,4991
2026-09-01T09:45:00+05:30,2877,2880.6,2873.2,2875.1,12191
2026-09-01T09:50:00+05:30,2875.9,2879.7,2872.6,2873,4067
2026-09-01T09:55:00+05:30,2872.6,2875.5,2872,2874.3,2113
2026-09-01T10:00:00+05:30,2874.9,2877.7,2874.3,2876.1,1267
2026-09-01T10:05:00+05:30,2876.7,2876.7,2873.3,2874.3,1870
2026-09-01T10:10:00+05:30,2875.3,2875.8,2873.6,2874.9,1539
2026-09-01T10:15:00+05:30,2875,2875.7,2873.6,2875.3,2235
2026-09-01T10:20:00+05:30,2874.4,2878.9,2874.4,2875.4,2341
2026-09-01T10:25:00+05:30,2876.2,2877,2875,2876.2,1446
2026-09-01T10:30:00+05:30,2876.9,2880.9,2875.7,2880.9,1970
2026-09-01T10:35:00+05:30,2886.7,2887.3,2881.9,2883.3,7188
2026-09-01T10:40:00+05:30,2883.3,2884.4,2881.3,2883.7,1598
2026-09-01T10:45:00+05:30,2884.5,2885.6,2881.9,2885.4,3265
2026-09-01T10:50:00+05:30,2885.2,2885.3,2883,2884,2166
2026-09-01T10:55:00+05:30,2884.9,2885.3,2882.9,2884,809
2026-09-01T11:00:00+05:30,2884.1,2884.5,2880,2880,3256
2026-09-01T11:05:00+05:30,2881.1,2881.1,2875.9,2875.9,14413
2026-09-01T11:10:00+05:30,2876.7,2877.9,2871.3,2872.3,11203
2026-09-01T11:15:00+05:30,2873.3,2873.9,2870.6,2873,5033
2026-09-01T11:20:00+05:30,2874.1,2878.8,2871.5,2877.1,4850
2026-09-01T11:25:00+05:30,2878.3,2878.8,2876.2,2877.7,1961
2026-09-01T11:30:00+05:30,2878.3,2880.3,2871.5,2875,15706
2026-09-01T11:35:00+05:30,2875.6,2876.2,2868.4,2868.4,24219
2026-09-01T11:40:00+05:30,2868.8,2872.4,2863,2866.3,11642
2026-09-01T11:45:00+05:30,2866.8,2868.8,2865.7,2866.7,5943
2026-09-01T11:50:00+05:30,2866.7,2867,2864.6,2865.5,6016
2026-09-01T11:55:00+05:30,2866.6,2868.7,2864.2,2867.3,7409
2026-09-01T12:00:00+05:30,2867.5,2868.1,2862.2,2864.6,6993
2026-09-01T12:05:00+05:30,2864.6,2875,2864.2,2871.8,23880
2026-09-01T12:10:00+05:30,2871.8,2874.5,2871.8,2873.4,6205
2026-09-01T12:15:00+05:30,2873.4,2873.4,2870,2870.5,5403
2026-09-01T12:20:00+05:30,2871.1,2871.1,2867,2867,18229
2026-09-01T12:25:00+05:30,2867,2868.5,2865.6,2866.7,5264
2026-09-01T12:30:00+05:30,2866.7,2870.6,2865.8,2870,6275
2026-09-01T12:35:00+05:30,2870,2870.9,2867.8,2868.4,6301
2026-09-01T12:40:00+05:30,2868.4,2870.7,2868.4,2869.4,5530
2026-09-01T12:45:00+05:30,2869.4,2870.3,2867.9,2870.3,6938
2026-09-01T12:50:00+05:30,2870.5,2870.5,2866.7,2867.7,6751
2026-09-01T12:55:00+05:30,2868,2880.5,2866.1,2878.5,13880
2026-09-01T13:00:00+05:30,2878.5,2879.6,2874.4,2876,9915
2026-09-01T13:05:00+05:30,2875.5,2876.1,2869.7,2871.5,7318
2026-09-01T13:10:00+05:30,2871.5,2873,2868.4,2869.5,6297
2026-09-01T13:15:00+05:30,2869.5,2871.1,2867.6,2871.1,6765
2026-09-01T13:20:00+05:30,2870.9,2871.9,2869.3,2871.2,6587
2026-09-01T13:25:00+05:30,2871.2,2877.8,2869.2,2877.4,8504
2026-09-01T13:30:00+05:30,2877.4,2892,2876.7,2889.9,27035
2026-09-01T13:35:00+05:30,2889.8,2890,2879.8,2880.2,11262
2026-09-01T13:40:00+05:30,2881,2882.2,2877,2881.6,8639
2026-09-01T13:45:00+05:30,2881.1,2883.8,2879.4,2882,9766
2026-09-01T13:50:00+05:30,2882.8,2883.8,2872,2875.1,11806
2026-09-01T13:55:00+05:30,2874.6,2879.9,2872.2,2879.9,9470
2026-09-01T14:00:00+05:30,2882.1,2883.5,2872.6,2872.6,7126
2026-09-01T14:05:00+05:30,2872.2,2875,2870.3,2871,2731
2026-09-01T14:10:00+05:30,2872.6,2874.9,2865.5,2865.5,11739
2026-09-01T14:15:00+05:30,2866,2868.2,2862,2864.6,10378
2026-09-01T14:20:00+05:30,2865,2866.4,2862.1,2862.6,6387
2026-09-01T14:25:00+05:30,2862.5,2867.5,2862.2,2866.8,8695
2026-09-01T14:30:00+05:30,2866.8,2868.8,2864.1,2867.8,7423
2026-09-01T14:35:00+05:30,2869.6,2869.8,2863.5,2864.8,10196
2026-09-01T14:40:00+05:30,2864.6,2864.7,2860.8,2862.2,7973
2026-09-01T14:45:00+05:30,2863,2865,2860,2863.8,12994
2026-09-01T14:50:00+05:30,2863.8,2866,2863,2865.9,9545
2026-09-01T14:55:00+05:30,2865.8,2870.1,2863.4,2867.2,16996
2026-09-01T15:00:00+05:30,2867.5,2869.2,2863.9,2866.7,21006
2026-09-01T15:05:00+05:30,2867,2868,2864,2865.3,17655
2026-09-01T15:10:00+05:30,2865.3,2866.8,2856.1,2858.2,35796
2026-09-02T09:15:00+05:30,2845,2848.9,2827,2832.5,26320
2026-09-02T09:20:00+05:30,2832.5,2832.7,2822.1,2825.6,13127
2026-09-02T09:25:00+05:30,2825.6,2832.5,2825.6,2829.5,5687
2026-09-02T09:30:00+05:30,2829.5,2830.6,2825.2,2826.3,8467
2026-09-02T09:35:00+05:30,2826.3,2827.1,2820.1,2820.1,12097
2026-09-02T09:40:00+05:30,2820.1,2822,2820.1,2821.9,10556
2026-09-02T09:45:00+05:30,2821.9,2829,2818.3,2828.5,10003
2026-09-02T09:50:00+05:30,2828.3,2829.4,2824.7,2824.7,3353
2026-09-02T09:55:00+05:30,2824.2,2832.5,2823.8,2830.2,5614
2026-09-02T10:00:00+05:30,2830.2,2830.2,2826.4,2828.1,4833
2026-09-02T10:05:00+05:30,2828.1,2830,2825.1,2826,3521
2026-09-02T10:10:00+05:30,2826.1,2826.2,2821.1,2824.2,5835
2026-09-02T10:15:00+05:30,2823,2825.5,2821.9,2823.1,4900
2026-09-02T10:20:00+05:30,2823,2828.7,2823,2825.6,2310
2026-09-02T10:25:00+05:30,2825.6,2827.7,2824.2,2827.6,1865
2026-09-02T10:30:00+05:30,2826.7,2828,2824.5,2825.8,3577
2026-09-02T10:35:00+05:30,2826.2,2826.8,2824.2,2824.3,2194
2026-09-02T10:40:00+05:30,2824,2826,2821.9,2821.9,3217
2026-09-02T10:45:00+05:30,2821.7,2824.7,2820.7,2820.8,4865
2026-09-02T10:50:00+05:30,2820.2,2823,2820,2821.7,3373
2026-09-02T10:55:00+05:30,2822.7,2825.4,2820.6,2825,151909
2026-09-02T11:00:00+05:30,2825,2826.7,2818.6,2821.8,27484
2026-09-02T11:05:00+05:30,2821.8,2822.9,2816,2818.2,7736
2026-09-02T11:10:00+05:30,2818.3,2821.9,2817.7,2821.2,4027
2026-09-02T11:15:00+05:30,2820.4,2821.3,2819,2820.2,2461
2026-09-02T11:20:00+05:30,2819.6,2821,2816.5,2817.5,5099
2026-09-02T11:25:00+05:30,2816.9,2816.9,2810,2814.9,11889
2026-09-02T11:30:00+05:30,2813.8,2820.3,2812.2,2818.7,7999
2026-09-02T11:35:00+05:30,2818.1,2820.6,2816.1,2817,5149
2026-09-02T11:40:00+05:30,2817,2820.9,2816.3,2817.1,5674
2026-09-02T11:45:00+05:30,2817,2820.6,2816.3,2819.2,4857
2026-09-02T11:50:00+05:30,2819.7,2821,2818.2,2820,5154
2026-09-02T11:55:00+05:30,2821,2821,2815.5,2818.1,5347
2026-09-02T12:00:00+05:30,2818.1,2820.1,2815,2817.2,4581
2026-09-02T12:05:00+05:30,2816.6,2817.9,2815.5,2816.8,5044
2026-09-02T12:10:00+05:30,2816.7,2820.4,2816.2,2820.1,6235
2026-09-02T12:15:00+05:30,2819.6,2825.5,2818.6,2825.5,8109
2026-09-02T12:20:00+05:30,2826,2829,2825,2828.2,8062
2026-09-02T12:25:00+05:30,2828.2,2840.4,2825.5,2839.2,17107
2026-09-02T12:30:00+05:30,2839.9,2852.8,2838.5,2844.2,22014
2026-09-02T12:35:00+05:30,2844.7,2844.7,2838.8,2842,13658
2026-09-02T12:40:00+05:30,2842.3,2847.2,2842.3,2845.5,7973
2026-09-02T12:45:00+05:30,2845.5,2847.5,2844,2846,6789
2026-09-02T12:50:00+05:30,2846,2862,2845.4,2861.3,19368
2026-09-02T12:55:00+05:30,2861.3,2868.8,2861,2863.1,14072
2026-09-02T13:00:00+05:30,2863.1,2866.9,2861.5,2864.3,7911
2026-09-02T13:05:00+05:30,2864.3,2864.5,2860.2,2862.7,7536
2026-09-02T13:10:00+05:30,2862.4,2866,2861.6,2864.9,6644
2026-09-02T13:15:00+05:30,2865,2865.6,2862.7,2864.7,7849
2026-09-02T13:20:00+05:30,2864.7,2873,2863.3,2867.1,28789
2026-09-02T13:25:00+05:30,2867.6,2868.9,2865.1,2867.2,12089
2026-09-02T13:30:00+05:30,2867.1,2867.2,2862.6,2864.2,8292
2026-09-02T13:35:00+05:30,2864.9,2866.8,2860.7,2861.1,8751
2026-09-02T13:40:00+05:30,2861.1,2862,2856,2856.1,8037
2026-09-02T13:45:00+05:30,2857,2859.1,2856,2856.8,5643
2026-09-02T13:50:00+05:30,2857.3,2859.9,2856.3,2858.1,5949
2026-09-02T13:55:00+05:30,2858.6,2860.9,2858,2859.7,9202
2026-09-02T14:00:00+05:30,2860.8,2861.3,2858.7,2860,11516
2026-09-02T14:05:00+05:30,2861,2861.7,2859.3,2859.7,15282
2026-09-02T14:10:00+05:30,2859.7,2860.7,2856,2856.4,10150
2026-09-02T14:15:00+05:30,2856.8,2856.8,2853.3,2855.5,7829
2026-09-02T14:20:00+05:30,2856.7,2857.6,2853.8,2854.6,5980
2026-09-02T14:25:00+05:30,2855,2857.3,2854.5,2857.3,4804
2026-09-02T14:30:00+05:30,2857.3,2863.5,2857.3,2862,10998
2026-09-02T14:35:00+05:30,2862.5,2864.3,2860,2861,40370
2026-09-02T14:40:00+05:30,2862.1,2867.1,2860.8,2861.2,18373
2026-09-02T14:45:00+05:30,2862.1,2863.6,2861.3,2862.7,9632
2026-09-02T14:50:00+05:30,2863.6,2863.6,2857.2,2859.5,16234
2026-09-02T14:55:00+05:30,2859,2859,2850.1,2852.7,16355
2026-09-02T15:00:00+05:30,2852.9,2852.9,2848,2850.5,21682
2026-09-02T15:05:00+05:30,2850,2854.9,2849.2,2852.1,17112
2026-09-02T15:10:00+05:30,2851.2,2858.6,2850.3,2856,23211
2026-09-03T09:15:00+05:30,2860,2869.8,2858.7,2865,6965
2026-09-03T09:20:00+05:30,2865,2876.8,2847.6,2848.7,21192
2026-09-03T09:25:00+05:30,2848.9,2850,2845,2848.5,5656
2026-09-03T09:30:00+05:30,2849.9,2857.7,2848.8,2857.1,6378
2026-09-03T09:35:00+05:30,2857.1,2857.6,2855.3,2856.1,1352
2026-09-03T09:40:00+05:30,2856.7,2860,2856.7,2859.5,2135
2026-09-03T09:45:00+05:30,2859.5,2864.7,2859,2864.2,2563
2026-09-03T09:50:00+05:30,2864.7,2866.4,2864,2865.7,2065
2026-09-03T09:55:00+05:30,2866.1,2868.2,2864.5,2867,2094
2026-09-03T10:00:00+05:30,2866.8,2879.5,2864.2,2875.3,8522
2026-09-03T10:05:00+05:30,2875.3,2877.9,2872.2,2872.2,5482
2026-09-03T10:10:00+05:30,2872.2,2879.8,2870.1,2874.4,5059
2026-09-03T10:15:00+05:30,2874.3,2874.3,2868,2868.7,1949
2026-09-03T10:20:00+05:30,2868.7,2870.2,2868.5,2869.4,1145
2026-09-03T10:25:00+05:30,2869.4,2872.1,2865.9,2871.8,3722
2026-09-03T10:30:00+05:30,2871.8,2873.7,2864.1,2864.1,3825
2026-09-03T10:35:00+05:30,2864.1,2865.8,2860.5,2864.3,2843
2026-09-03T10:40:00+05:30,2864.3,2865.6,2861,2863.1,2029
2026-09-03T10:45:00+05:30,2863.1,2864.4,2861.6,2863.5,809
2026-09-03T10:50:00+05:30,2862.8,2864,2857.6,2857.6,2090
2026-09-03T10:55:00+05:30,2858.7,2860,2856.1,2859.6,1372
2026-09-03T11:00:00+05:30,2859.6,2859.8,2854.6,2855.1,2766
2026-09-03T11:05:00+05:30,2856.3,2867.1,2854.8,2863,3348
2026-09-03T11:10:00+05:30,2862.2,2863.6,2860,2861.1,2059
2026-09-03T11:15:00+05:30,2862,2863,2857.9,2861,2058
2026-09-03T11:20:00+05:30,2861.8,2862.9,2860,2860,925
2026-09-03T11:25:00+05:30,2860.6,2866,2860,2865.9,2780
2026-09-03T11:30:00+05:30,2865.9,2865.9,2858.1,2858.8,9891
2026-09-03T11:35:00+05:30,2858.8,2859.5,2857.2,2858.6,1197
2026-09-03T11:40:00+05:30,2858.6,2865.2,2856.7,2863.9,7673
2026-09-03T11:45:00+05:30,2864.5,2866,2860,2860.1,1428
2026-09-03T11:50:00+05:30,2860.4,2861.2,2853.8,2861,16497
2026-09-03T11:55:00+05:30,2861,2862,2857.1,2860.9,9638
2026-09-03T12:00:00+05:30,2860.9,2862.3,2852.4,2857.7,19646
2026-09-03T12:05:00+05:30,2857.7,2859.1,2854.6,2855.8,4534
2026-09-03T12:10:00+05:30,2855.8,2860,2854.7,2856.1,16964
2026-09-03T12:15:00+05:30,2856.2,2858.3,2850.7,2851.5,5913
2026-09-03T12:20:00+05:30,2851.5,2852.5,2839.5,2842.1,68261
2026-09-03T12:25:00+05:30,2842.3,2845.5,2842,2843,3840
2026-09-03T12:30:00+05:30,2843,2845,2842.1,2844.6,2179
2026-09-03T12:35:00+05:30,2844.7,2846.6,2844.7,2845,1928
2026-09-03T12:40:00+05:30,2845.3,2846,2835.5,2838.4,10131
2026-09-03T12:45:00+05:30,2838.4,2839.6,2837.3,2837.3,2984
2026-09-03T12:50:00+05:30,2837.9,2840,2836.9,2837,2688
2026-09-03T12:55:00+05:30,2837.3,2838.4,2833.4,2836,3712
2026-09-03T13:00:00+05:30,2836,2837.4,2834.2,2836.3,3667
2026-09-03T13:05:00+05:30,2836.1,2837.3,2832,2833.4,2080
2026-09-03T13:10:00+05:30,2833.4,2835.8,2833.1,2834.2,2552
2026-09-03T13:15:00+05:30,2834.2,2837.8,2834,2837.5,3712
2026-09-03T13:20:00+05:30,2836,2842.3,2833.8,2838.8,6315
2026-09-03T13:25:00+05:30,2838.5,2839.5,2836.1,2838.6,2204
2026-09-03T13:30:00+05:30,2839.4,2843.7,2838,2842.1,2444
2026-09-03T13:35:00+05:30,2842.1,2843.3,2836.5,2836.8,2723
2026-09-03T13:40:00+05:30,2837.5,2840.4,2833,2834.3,7869
2026-09-03T13:45:00+05:30,2834.3,2836.4,2832.3,2836.4,6697
2026-09-03T13:50:00+05:30,2836.4,2837.3,2832.3,2833.6,5368
2026-09-03T13:55:00+05:30,2834,2835.9,2831.7,2834.3,4017
2026-09-03T14:00:00+05:30,2834.3,2834.8,2830.5,2832.4,8146
2026-09-03T14:05:00+05:30,2832.4,2834.1,2830.8,2833,4639
2026-09-03T14:10:00+05:30,2832.1,2835.8,2831.7,2835,4954
2026-09-03T14:15:00+05:30,2834.8,2835,2832.5,2834.5,6202
2026-09-03T14:20:00+05:30,2834.5,2836,2832.3,2834.1,6346
2026-09-03T14:25:00+05:30,2834.2,2834.5,2832,2832,5173
2026-09-03T14:30:00+05:30,2832,2834.1,2830,2832.5,7703
2026-09-03T14:35:00+05:30,2833.5,2834.7,2829.8,2830.1,8463
2026-09-03T14:40:00+05:30,2830.1,2830.8,2825.1,2825.9,19405
2026-09-03T14:45:00+05:30,2826.9,2827.8,2823.4,2825.7,10008
2026-09-03T14:50:00+05:30,2825.9,2829.7,2825,2828.7,18347
2026-09-03T14:55:00+05:30,2828.7,2831.8,2827,2830.2,11515
2026-09-03T15:00:00+05:30,2830,2830.5,2827,2829,8313
2026-09-03T15:05:00+05:30,2829.4,2829.9,2827.3,2828.7,15343
2026-09-03T15:10:00+05:30,2828.4,2830.6,2825,2826,22007
2026-09-04T09:15:00+05:30,2849,2849,2833.2,2836.2,10518
2026-09-04T09:20:00+05:30,2837.5,2849,2836.2,2846.1,8720
2026-09-04T09:25:00+05:30,2845.6,2852.3,2844.1,2845,13253
2026-09-04T09:30:00+05:30,2844.8,2848.4,2840.2,2843,9986
2026-09-04T09:35:00+05:30,2842.5,2844,2841.3,2841.3,7666
2026-09-04T09:40:00+05:30,2842.5,2873.4,2842.5,2870.2,49072
2026-09-04T09:45:00+05:30,2870.2,2879,2870.2,2876.8,34663
2026-09-04T09:50:00+05:30,2877,2878.5,2872,2875.9,13977
2026-09-04T09:55:00+05:30,2875.1,2877.5,2872.4,2874.9,8065
2026-09-04T10:00:00+05:30,2874.8,2875.5,2871.3,2872,7439
2026-09-04T10:05:00+05:30,2871.9,2877,2871.5,2875.9,5182
2026-09-04T10:10:00+05:30,2876,2877.9,2871.4,2871.4,7314
2026-09-04T10:15:00+05:30,2872.3,2877,2871.3,2872.4,12431
2026-09-04T10:20:00+05:30,2873.4,2875.3,2865.6,2868.7,15281
2026-09-04T10:25:00+05:30,2868.7,2869.4,2866.7,2868,2769
2026-09-04T10:30:00+05:30,2868,2869.7,2866,2867.4,2139
2026-09-04T10:35:00+05:30,2868.3,2868.9,2865.8,2868.8,4153
2026-09-04T10:40:00+05:30,2868.9,2869.2,2867,2867.8,2066
2026-09-04T10:45:00+05:30,2867.7,2871.8,2866,2870.2,5412
2026-09-04T10:50:00+05:30,2870.2,2870.8,2865.6,2867.1,3616
2026-09-04T10:55:00+05:30,2867.2,2868,2862.3,2863.6,4041
2026-09-04T11:00:00+05:30,2864.6,2864.6,2858.1,2861.3,6902
2026-09-04T11:05:00+05:30,2861.3,2861.5,2859.7,2860.1,2280
2026-09-04T11:10:00+05:30,2860.3,2860.9,2856.3,2858.5,3840
2026-09-04T11:15:00+05:30,2858.5,2862,2857.8,2859.4,3176
2026-09-04T11:20:00+05:30,2859.4,2861,2859,2859.7,1454
2026-09-04T11:25:00+05:30,2859.6,2875,2859.6,2869.5,26462
2026-09-04T11:30:00+05:30,2869.5,2870,2865.1,2866.2,2401
2026-09-04T11:35:00+05:30,2866.5,2866.8,2862.6,2865.5,2262
2026-09-04T11:40:00+05:30,2864.8,2864.8,2862.2,2864,1684
2026-09-04T11:45:00+05:30,2864,2864.3,2862.3,2863.8,692
2026-09-04T11:50:00+05:30,2863.8,2867,2863.8,2865.2,2834
2026-09-04T11:55:00+05:30,2865.2,2866.8,2857.7,2858.3,30339
2026-09-04T12:00:00+05:30,2858.8,2859.3,2850.6,2850.9,8317
2026-09-04T12:05:00+05:30,2850.9,2855.9,2850.9,2853.7,4298
2026-09-04T12:10:00+05:30,2853.5,2854.6,2849,2849,4989
2026-09-04T12:15:00+05:30,2849,2849.2,2845.7,2848.1,4702
2026-09-04T12:20:00+05:30,2847.2,2848.3,2845,2845.3,3116
2026-09-04T12:25:00+05:30,2845.2,2848,2842,2845.6,6577
2026-09-04T12:30:00+05:30,2846,2847.6,2844.3,2846,2697
2026-09-04T12:35:00+05:30,2846.3,2847.6,2845.2,2845.6,2818
2026-09-04T12:40:00+05:30,2845.7,2848.3,2845.5,2845.9,2608
2026-09-04T12:45:00+05:30,2845.5,2848.3,2845.5,2846.8,1096
2026-09-04T12:50:00+05:30,2846.8,2847.2,2845,2845.4,1900
2026-09-04T12:55:00+05:30,2846,2846.5,2841.5,2844.1,3390
2026-09-04T13:00:00+05:30,2844.4,2847,2843.4,2845.2,1722
2026-09-04T13:05:00+05:30,2845.3,2848.4,2844.7,2848,2223
2026-09-04T13:10:00+05:30,2848.4,2851.2,2847.5,2848.6,3753
2026-09-04T13:15:00+05:30,2848.6,2849.9,2846.7,2849.1,1467
2026-09-04T13:20:00+05:30,2849.1,2851.8,2848,2848.5,2250
2026-09-04T13:25:00+05:30,2849.2,2849.2,2845.2,2845.7,1264
2026-09-04T13:30:00+05:30,2846,2846.3,2842.6,2843.7,2377
2026-09-04T13:35:00+05:30,2844.5,2855,2843.8,2853.9,3663
2026-09-04T13:40:00+05:30,2854.5,2858,2852.2,2857.1,5158
2026-09-04T13:45:00+05:30,2857.4,2860,2857.1,2859.3,10461
2026-09-04T13:50:00+05:30,2859.3,2860,2855.7,2857,10424
2026-09-04T13:55:00+05:30,2857.1,2858.1,2855.4,2856.5,2887
2026-09-04T14:00:00+05:30,2856.8,2872.6,2856.5,2871.5,18883
2026-09-04T14:05:00+05:30,2872.8,2873,2860.2,2861.3,5563
2026-09-04T14:10:00+05:30,2861.3,2865.5,2861.3,2865,4079
2026-09-04T14:15:00+05:30,2865.1,2865.1,2853.3,2854.5,21559
2026-09-04T14:20:00+05:30,2855.1,2856.1,2853.2,2855.5,4224
2026-09-04T14:25:00+05:30,2856.2,2856.9,2854.4,2855.3,4405
2026-09-04T14:30:00+05:30,2856,2858.4,2855.3,2856.6,6360
2026-09-04T14:35:00+05:30,2856.6,2857.3,2850.3,2851.9,8119
2026-09-04T14:40:00+05:30,2851.9,2858.7,2850.9,2855.5,9794
2026-09-04T14:45:00+05:30,2854.8,2856.6,2852.1,2854.1,8010
2026-09-04T14:50:00+05:30,2853.4,2861.7,2851.1,2856.3,21289
2026-09-04T14:55:00+05:30,2856.1,2863.3,2855.6,2861.5,6231
2026-09-04T15:00:00+05:30,2861.5,2864.3,2858.1,2861.9,12052
2026-09-04T15:05:00+05:30,2861.9,2862.3,2857.6,2861.8,10180
2026-09-04T15:10:00+05:30,2861.2,2865,2853,2859,18876
2026-09-07T09:15:00+05:30,2850,2852.8,2833.6,2847.3,10194
2026-09-07T09:20:00+05:30,2848.3,2854.4,2845.3,2845.6,7225
2026-09-07T09:25:00+05:30,2846.4,2849,2844,2844.4,1925
2026-09-07T09:30:00+05:30,2844.4,2846.5,2842.5,2844.8,3311
2026-09-07T09:35:00+05:30,2845,2845.6,2840.2,2840.2,2367
2026-09-07T09:40:00+05:30,2840.2,2844.6,2840.1,2840.2,4696
2026-09-07T09:45:00+05:30,2840.2,2843.1,2833,2834.3,8456
2026-09-07T09:50:00+05:30,2834.3,2834.9,2829.6,2831.5,5711
2026-09-07T09:55:00+05:30,2832.6,2837.4,2832.4,2835.5,8708
2026-09-07T10:00:00+05:30,2836,2836,2832.2,2833.5,4427
2026-09-07T10:05:00+05:30,2833.6,2834.7,2831.1,2831.1,2255
2026-09-07T10:10:00+05:30,2831.1,2831.7,2822,2823,76064
2026-09-07T10:15:00+05:30,2823.6,2824,2809.1,2810,49248
2026-09-07T10:20:00+05:30,2810,2818.1,2809,2818.1,26384
2026-09-07T10:25:00+05:30,2817.9,2819,2814.8,2816.7,3030
2026-09-07T10:30:00+05:30,2817.8,2820,2816.2,2816.8,5872
2026-09-07T10:35:00+05:30,2816.8,2819.9,2816.8,2819,2014
2026-09-07T10:40:00+05:30,2819.4,2820.6,2818.3,2819.9,2721
2026-09-07T10:45:00+05:30,2819.4,2820,2805.6,2806.6,13993
2026-09-07T10:50:00+05:30,2806.6,2807.4,2804,2806.1,8220
2026-09-07T10:55:00+05:30,2804.6,2804.8,2793.3,2793.3,22657
2026-09-07T11:00:00+05:30,2792.5,2795.3,2791.3,2793.2,11541
2026-09-07T11:05:00+05:30,2794.2,2798,2792.7,2797.2,4407
2026-09-07T11:10:00+05:30,2798,2798.6,2791.6,2798,6286
2026-09-07T11:15:00+05:30,2798.2,2798.7,2795,2798,4902
2026-09-07T11:20:00+05:30,2798.6,2802,2791.1,2792,8334
2026-09-07T11:25:00+05:30,2792.6,2796.3,2790,2794.8,10060
2026-09-07T11:30:00+05:30,2794.8,2796.1,2780.2,2781.7,45182
2026-09-07T11:35:00+05:30,2781.7,2787.3,2777.7,2787.3,12197
2026-09-07T11:40:00+05:30,2787.3,2788,2782.1,2788,8326
2026-09-07T11:45:00+05:30,2788.3,2789.4,2784.7,2786.7,65201
2026-09-07T11:50:00+05:30,2787.2,2791.5,2786.3,2790.4,7673
2026-09-07T11:55:00+05:30,2790.4,2791.6,2787.5,2788.7,2862
2026-09-07T12:00:00+05:30,2788.7,2788.7,2786,2788.1,4175
2026-09-07T12:05:00+05:30,2788.1,2791.4,2786,2791,9519
2026-09-07T12:10:00+05:30,2791,2794,2787.4,2794,78345
2026-09-07T12:15:00+05:30,2794,2794,2790,2790.5,25692
2026-09-07T12:20:00+05:30,2790.9,2792.4,2789.6,2790.6,17248
2026-09-07T12:25:00+05:30,2790.6,2799,2788.5,2796.4,8896
2026-09-07T12:30:00+05:30,2796.4,2797.2,2791.8,2793.3,2012
2026-09-07T12:35:00+05:30,2793.3,2801.8,2793,2799.4,4990
2026-09-07T12:40:00+05:30,2800.4,2800.5,2796.6,2797,1402
2026-09-07T12:45:00+05:30,2797,2798.2,2796,2797,1079
2026-09-07T12:50:00+05:30,2797.8,2798.2,2795,2795,1374
2026-09-07T12:55:00+05:30,2795.1,2797,2794,2794.4,1243
2026-09-07T13:00:00+05:30,2794.4,2796.4,2793.4,2793.4,2830
2026-09-07T13:05:00+05:30,2794.5,2794.5,2775.1,2786.2,27782
2026-09-07T13:10:00+05:30,2786.9,2788.2,2784.2,2786,3710
2026-09-07T13:15:00+05:30,2786,2786.4,2772.5,2782,18545
2026-09-07T13:20:00+05:30,2783,2786.9,2778.4,2785.1,5833
2026-09-07T13:25:00+05:30,2786.3,2790.3,2784.9,2788.8,3751
2026-09-07T13:30:00+05:30,2789.8,2798,2788,2797.9,4728
2026-09-07T13:35:00+05:30,2798,2798,2791.7,2794.4,7118
2026-09-07T13:40:00+05:30,2794.4,2802,2792.5,2801.7,68390
2026-09-07T13:45:00+05:30,2801.6,2801.7,2795.5,2798.8,22169
2026-09-07T13:50:00+05:30,2798.8,2809.9,2795.7,2809.1,16615
2026-09-07T13:55:00+05:30,2809.1,2809.9,2807,2808,6435
2026-09-07T14:00:00+05:30,2808,2809.2,2804,2805.5,7827
2026-09-07T14:05:00+05:30,2806,2811.1,2804.3,2809.2,12565
2026-09-07T14:10:00+05:30,2808.9,2813,2808.2,2812.6,9870
2026-09-07T14:15:00+05:30,2812.6,2813.7,2806.7,2808.9,7303
2026-09-07T14:20:00+05:30,2808.7,2808.9,2805.3,2806.8,14608
2026-09-07T14:25:00+05:30,2806.9,2810,2806,2810,6360
2026-09-07T14:30:00+05:30,2809.8,2810,2806.6,2806.6,3750
2026-09-07T14:35:00+05:30,2807.1,2808,2801,2803.3,8691
2026-09-07T14:40:00+05:30,2802.8,2809,2802,2806.7,5193
2026-09-07T14:45:00+05:30,2806.5,2809.9,2804.8,2808.5,9970
2026-09-07T14:50:00+05:30,2809.9,2811.4,2807,2810.1,12102
2026-09-07T14:55:00+05:30,2810.1,2812.8,2809.1,2812.3,20034
2026-09-07T15:00:00+05:30,2811.1,2811.1,2806.1,2807.7,12978
2026-09-07T15:05:00+05:30,2807,2808.3,2803.4,2807.6,19628
2026-09-07T15:10:00+05:30,2808.8,2811.8,2800,2811.3,57007
2026-09-08T09:15:00+05:30,2800.5,2812.8,2785.1,2788.4,17471
2026-09-08T09:20:00+05:30,2788.4,2788.4,2781.5,2785.2,15772
2026-09-08T09:25:00+05:30,2784.2,2784.7,2775,2776.4,13949
2026-09-08T09:30:00+05:30,2776.4,2778.8,2775.6,2777,8066
2026-09-08T09:35:00+05:30,2777,2780.1,2777,2778.7,10390
2026-09-08T09:40:00+05:30,2778,2778.6,2770.4,2777,11531
2026-09-08T09:45:00+05:30,2776.8,2790.8,2776.8,2781.9,15608
2026-09-08T09:50:00+05:30,2783,2785.6,2781.3,2783.8,2703
2026-09-08T09:55:00+05:30,2784,2784,2780,2783.4,2539
2026-09-08T10:00:00+05:30,2782.8,2784,2780.2,2780.4,3268
2026-09-08T10:05:00+05:30,2780.7,2784.5,2780,2783.6,3045
2026-09-08T10:10:00+05:30,2784.5,2790.8,2782.5,2790.2,10373
2026-09-08T10:15:00+05:30,2790.2,2791.2,2786.5,2788.8,7653
2026-09-08T10:20:00+05:30,2788.8,2789.7,2787.1,2788.1,7898
2026-09-08T10:25:00+05:30,2788.1,2789.2,2784.7,2789.2,2346
2026-09-08T10:30:00+05:30,2789.2,2789.7,2786.3,2787.6,4454
2026-09-08T10:35:00+05:30,2787.4,2792.9,2786,2789.9,3284
2026-09-08T10:40:00+05:30,2789.9,2792,2786.7,2788.6,7449
2026-09-08T10:45:00+05:30,2788.6,2791.9,2788,2790,1649
2026-09-08T10:50:00+05:30,2790,2794.5,2790,2793,2204
2026-09-08T10:55:00+05:30,2793.3,2793.3,2787.1,2788,2052
2026-09-08T11:00:00+05:30,2788,2790.9,2786.2,2789.5,2974
2026-09-08T11:05:00+05:30,2789.5,2794.9,2789.2,2792,3606
2026-09-08T11:10:00+05:30,2791.2,2793,2790.6,2791.5,1656
2026-09-08T11:15:00+05:30,2791.5,2793,2789.6,2792.1,1871
2026-09-08T11:20:00+05:30,2792.1,2792.1,2790.2,2791.4,778
2026-09-08T11:25:00+05:30,2792,2793,2791.4,2793,1308
2026-09-08T11:30:00+05:30,2793,2794.8,2791.8,2794.4,2955
2026-09-08T11:35:00+05:30,2794.5,2804.6,2793.5,2801.1,15490
2026-09-08T11:40:00+05:30,2801.1,2802,2799.1,2800.6,3831
2026-09-08T11:45:00+05:30,2800.6,2802,2799.3,2800,9466
2026-09-08T11:50:00+05:30,2800,2803,2799.1,2800.1,14190
2026-09-08T11:55:00+05:30,2800.1,2801.7,2794,2800.6,43909
2026-09-08T12:00:00+05:30,2800.6,2802.1,2800,2800.7,2934
2026-09-08T12:05:00+05:30,2800.7,2800.9,2796,2797.8,24281
2026-09-08T12:10:00+05:30,2797.9,2799,2791.8,2796.8,5245
2026-09-08T12:15:00+05:30,2796.8,2797.5,2794,2796,3817
2026-09-08T12:20:00+05:30,2796,2796.7,2793.8,2795.9,3853
2026-09-08T12:25:00+05:30,2795.9,2797.5,2793.6,2797.3,2709
2026-09-08T12:30:00+05:30,2797.3,2797.5,2793.6,2795.8,5169
2026-09-08T12:35:00+05:30,2795.8,2797.6,2794,2794.8,4354
2026-09-08T12:40:00+05:30,2794.8,2796.9,2793.4,2796.3,6880
2026-09-08T12:45:00+05:30,2796.3,2797.1,2793.1,2796.7,3988
2026-09-08T12:50:00+05:30,2796.7,2796.9,2793.7,2794.4,4318
2026-09-08T12:55:00+05:30,2795.1,2796,2790.5,2794.7,4857
2026-09-08T13:00:00+05:30,2794.7,2795.2,2793.2,2793.7,1742
2026-09-08T13:05:00+05:30,2793.7,2796,2793.1,2794.2,3215
2026-09-08T13:10:00+05:30,2794.2,2797.1,2794,2795.9,4852
2026-09-08T13:15:00+05:30,2795.9,2796,2790,2791,5359
2026-09-08T13:20:00+05:30,2791,2794.4,2789.1,2791.9,7299
2026-09-08T13:25:00+05:30,2791.9,2793.6,2789.1,2791.6,6799
2026-09-08T13:30:00+05:30,2791.6,2793.1,2789.1,2792.1,3524
2026-09-08T13:35:00+05:30,2792.1,2794.1,2789,2790.9,6215
2026-09-08T13:40:00+05:30,2790.9,2792.6,2788.8,2790,7028
2026-09-08T13:45:00+05:30,2789.8,2790.5,2787.1,2790.5,3484
2026-09-08T13:50:00+05:30,2790.5,2790.5,2786.1,2787.6,2968
2026-09-08T13:55:00+05:30,2787.6,2788.7,2786,2787.5,4333
2026-09-08T14:00:00+05:30,2786.3,2794.6,2786,2790,8934
2026-09-08T14:05:00+05:30,2792.2,2794.1,2790,2790.5,6046
2026-09-08T14:10:00+05:30,2790.5,2794.8,2790.5,2793.5,6150
2026-09-08T14:15:00+05:30,2793.5,2795.7,2791.6,2792.1,6243
2026-09-08T14:20:00+05:30,2792.1,2795.1,2790,2794,8593
2026-09-08T14:25:00+05:30,2794,2799,2794,2797,9146
2026-09-08T14:30:00+05:30,2797,2802.5,2796.7,2802.5,10189
2026-09-08T14:35:00+05:30,2802.5,2802.5,2799,2801,6953
2026-09-08T14:40:00+05:30,2801,2806.2,2800,2805.7,8621
2026-09-08T14:45:00+05:30,2804.4,2805.1,2800.5,2801.6,5281
2026-09-08T14:50:00+05:30,2802.2,2804.9,2800,2804.5,8144
2026-09-08T14:55:00+05:30,2804.6,2804.9,2800.7,2802,15463
2026-09-08T15:00:00+05:30,2802.2,2804.8,2801.8,2802.6,13391
2026-09-08T15:05:00+05:30,2801.5,2808.2,2800,2805.4,34986
2026-09-08T15:10:00+05:30,2805.4,2809,2800,2805,21291
2026-09-09T09:15:00+05:30,2793.6,2816.5,2786.7,2790.8,14140
2026-09-09T09:20:00+05:30,2790.8,2792.4,2787.6,2790.6,7589
2026-09-09T09:25:00+05:30,2790.6,2792.4,2786,2786.6,4473
2026-09-09T09:30:00+05:30,2786.6,2788,2783,2784,6524
2026-09-09T09:35:00+05:30,2784,2801.8,2782,2800,9402
2026-09-09T09:40:00+05:30,2801.2,2807.9,2798,2806.7,74573
2026-09-09T09:45:00+05:30,2806,2807.8,2799.2,2799.2,20857
2026-09-09T09:50:00+05:30,2799.2,2817.6,2797.6,2817.2,15810
2026-09-09T09:55:00+05:30,2817.1,2818.1,2806.7,2807.8,10113
2026-09-09T10:00:00+05:30,2807.5,2810.3,2805.1,2806.2,5411
2026-09-09T10:05:00+05:30,2806.7,2807.3,2805,2806,25230
2026-09-09T10:10:00+05:30,2806.4,2810,2805.4,2809.4,4350
2026-09-09T10:15:00+05:30,2809.4,2815.8,2809.3,2815.4,3596
2026-09-09T10:20:00+05:30,2815.7,2820,2812.8,2818,7182
2026-09-09T10:25:00+05:30,2818.6,2825,2818.2,2821,14743
2026-09-09T10:30:00+05:30,2821,2823.2,2815.4,2815.4,3727
2026-09-09T10:35:00+05:30,2815,2815.7,2808,2812.9,6682
2026-09-09T10:40:00+05:30,2812.9,2813.7,2807.4,2808.8,4416
2026-09-09T10:45:00+05:30,2808.8,2812.5,2807.8,2811.6,3095
2026-09-09T10:50:00+05:30,2812,2812.8,2810,2812.1,2366
2026-09-09T10:55:00+05:30,2812.9,2814,2811.1,2812.8,1232
2026-09-09T11:00:00+05:30,2813.9,2817,2813.5,2814.4,3673
2026-09-09T11:05:00+05:30,2813.8,2814.8,2813.5,2814,803
2026-09-09T11:10:00+05:30,2813.5,2815,2813,2813.5,1452
2026-09-09T11:15:00+05:30,2813.9,2814.3,2810.3,2812,1162
2026-09-09T11:20:00+05:30,2812,2813.9,2810.3,2812.1,2395
2026-09-09T11:25:00+05:30,2812,2814,2811.4,2813.2,2067
2026-09-09T11:30:00+05:30,2813.2,2814,2810.4,2813,1845
2026-09-09T11:35:00+05:30,2813,2814.2,2811.5,2813.5,1448
2026-09-09T11:40:00+05:30,2813.5,2815.7,2812.8,2814.5,591
2026-09-09T11:45:00+05:30,2815.6,2816.1,2813.1,2814.6,1066
2026-09-09T11:50:00+05:30,2814.4,2814.7,2812.3,2813,595
2026-09-09T11:55:00+05:30,2813,2814.3,2811,2812.4,2946
2026-09-09T12:00:00+05:30,2812.4,2814.2,2806,2808,7244
2026-09-09T12:05:00+05:30,2808.8,2809,2805.4,2806.2,3959
2026-09-09T12:10:00+05:30,2807,2812.4,2805.8,2812.4,2793
2026-09-09T12:15:00+05:30,2812.2,2812.4,2808,2808.1,2450
2026-09-09T12:20:00+05:30,2809,2820.3,2808.1,2819.9,8638
2026-09-09T12:25:00+05:30,2819.9,2824.5,2818.8,2824.4,10569
2026-09-09T12:30:00+05:30,2824.4,2828.5,2822.6,2827.5,10053
2026-09-09T12:35:00+05:30,2827.5,2832,2827.4,2831.9,7308
2026-09-09T12:40:00+05:30,2831.9,2835,2830,2832.5,7590
2026-09-09T12:45:00+05:30,2832.5,2836.7,2831.4,2835.5,7716
2026-09-09T12:50:00+05:30,2835.5,2836,2832.8,2834.6,3963
2026-09-09T12:55:00+05:30,2834.5,2838.2,2833.2,2836.5,4069
2026-09-09T13:00:00+05:30,2836.5,2838.2,2834,2837.6,2908
2026-09-09T13:05:00+05:30,2837,2839,2836.9,2837.6,3019
2026-09-09T13:10:00+05:30,2838,2840.9,2836.9,2839,6295
2026-09-09T13:15:00+05:30,2839.3,2840,2837.3,2838.2,3832
2026-09-09T13:20:00+05:30,2838.2,2838.2,2836.2,2837.5,1449
2026-09-09T13:25:00+05:30,2837.7,2839.6,2836.7,2838.1,4504
2026-09-09T13:30:00+05:30,2838.7,2838.7,2831.8,2837.1,5190
2026-09-09T13:35:00+05:30,2837,2838,2834.8,2837.8,1497
2026-09-09T13:40:00+05:30,2837.9,2838,2836,2836.8,2329
2026-09-09T13:45:00+05:30,2836.8,2837,2834.3,2836,1513
2026-09-09T13:50:00+05:30,2836.1,2836.5,2832.8,2835.6,1959
2026-09-09T13:55:00+05:30,2835.6,2837,2834,2837,3328
2026-09-09T14:00:00+05:30,2837,2841.8,2836.7,2839,6606
2026-09-09T14:05:00+05:30,2839.9,2841.1,2838.3,2840,6624
2026-09-09T14:10:00+05:30,2839.9,2840.9,2837.7,2838.3,3694
2026-09-09T14:15:00+05:30,2839,2839.9,2837.3,2838.7,2784
2026-09-09T14:20:00+05:30,2838.9,2840.7,2838.6,2839,3282
2026-09-09T14:25:00+05:30,2840.2,2840.2,2832.4,2833.5,5461
2026-09-09T14:30:00+05:30,2834.7,2834.7,2830,2830.6,6556
2026-09-09T14:35:00+05:30,2831,2832.6,2828.8,2830.1,9755
2026-09-09T14:40:00+05:30,2830.1,2831.4,2829.2,2830.1,11737
2026-09-09T14:45:00+05:30,2830,2831.9,2829.1,2831.9,11281
2026-09-09T14:50:00+05:30,2830.9,2833.7,2830.2,2831,8314
2026-09-09T14:55:00+05:30,2831,2831.4,2829.7,2830.1,12021
2026-09-09T15:00:00+05:30,2829.7,2830.9,2821,2826.8,60652
2026-09-09T15:05:00+05:30,2826.6,2830.5,2825.1,2825.4,18854
2026-09-09T15:10:00+05:30,2825.2,2835,2818,2835,35597
2026-09-10T09:15:00+05:30,2811,2835,2811,2822.1,9921
2026-09-10T09:20:00+05:30,2822.1,2826.5,2803,2816.8,23610
2026-09-10T09:25:00+05:30,2816,2821.4,2813.1,2820,3080
2026-09-10T09:30:00+05:30,2820,2823.3,2817,2823.2,2627
2026-09-10T09:35:00+05:30,2823,2826,2819.8,2823.8,3935
2026-09-10T09:40:00+05:30,2823.9,2828.8,2822,2828.6,3103
2026-09-10T09:45:00+05:30,2828.8,2829.8,2825.5,2826.3,1829
2026-09-10T09:50:00+05:30,2827,2829,2825.3,2825.3,1635
2026-09-10T09:55:00+05:30,2826.4,2828.4,2817.5,2820,6638
2026-09-10T10:00:00+05:30,2820,2820,2815,2816.7,4342
2026-09-10T10:05:00+05:30,2816.7,2816.7,2811.1,2814.5,3203
2026-09-10T10:10:00+05:30,2814.4,2815.7,2812,2815.2,1436
2026-09-10T10:15:00+05:30,2815.2,2819.9,2812,2813,2882
2026-09-10T10:20:00+05:30,2813.5,2816.9,2811.8,2815.9,4571
2026-09-10T10:25:00+05:30,2815.9,2816.3,2814.3,2815,1056
2026-09-10T10:30:00+05:30,2815.8,2817.3,2814.6,2817,450
2026-09-10T10:35:00+05:30,2817,2817,2815,2815.9,564
2026-09-10T10:40:00+05:30,2816.9,2823.5,2814.6,2820.6,4094
2026-09-10T10:45:00+05:30,2820.9,2821.2,2814.2,2814.2,983
2026-09-10T10:50:00+05:30,2814.8,2814.9,2810.1,2812,2065
2026-09-10T10:55:00+05:30,2813,2813.4,2810.5,2811.5,1383
2026-09-10T11:00:00+05:30,2813,2817.5,2810.8,2816.5,2102
2026-09-10T11:05:00+05:30,2817.3,2820.6,2813.4,2817,2633
2026-09-10T11:10:00+05:30,2818,2820,2817.2,2819.6,1144
2026-09-10T11:15:00+05:30,2818.7,2820,2816,2818.1,1483
2026-09-10T11:20:00+05:30,2818.6,2819.2,2813.6,2815.6,1627
2026-09-10T11:25:00+05:30,2816.3,2817.6,2814.4,2814.4,504
2026-09-10T11:30:00+05:30,2815.8,2815.8,2808.9,2809.9,2351
2026-09-10T11:35:00+05:30,2810.8,2812.3,2808.5,2812.2,3058
2026-09-10T11:40:00+05:30,2812.2,2819.9,2810.3,2818.7,11968
2026-09-10T11:45:00+05:30,2819,2819.2,2816.6,2817.7,1076
2026-09-10T11:50:00+05:30,2818.5,2818.5,2815.1,2816.8,2312
2026-09-10T11:55:00+05:30,2817.7,2818.7,2811.2,2818.7,19213
2026-09-10T12:00:00+05:30,2818.7,2819.4,2817,2817,2679
2026-09-10T12:05:00+05:30,2817.5,2818.8,2815.5,2817.2,5176
2026-09-10T12:10:00+05:30,2817.7,2820.8,2817.1,2818.6,10969
2026-09-10T12:15:00+05:30,2819.1,2824,2816.5,2820.4,16664
2026-09-10T12:20:00+05:30,2820.4,2821.2,2819,2819.4,10032
2026-09-10T12:25:00+05:30,2819.4,2821.4,2819.3,2820,12796
2026-09-10T12:30:00+05:30,2820,2822.1,2819.5,2820.5,14488
2026-09-10T12:35:00+05:30,2820.5,2821.3,2806.7,2808.4,18445
2026-09-10T12:40:00+05:30,2808.4,2809.5,2803,2803,9418
2026-09-10T12:45:00+05:30,2803.9,2813,2803.6,2812.4,23244
2026-09-10T12:50:00+05:30,2812.4,2813,2810,2810.3,2482
2026-09-10T12:55:00+05:30,2810.3,2811,2807.2,2808.2,9679
2026-09-10T13:00:00+05:30,2808.2,2808.5,2805.6,2807.6,3110
2026-09-10T13:05:00+05:30,2807.6,2809.2,2803.8,2806,3127
2026-09-10T13:10:00+05:30,2807,2807.4,2804.3,2807.3,1411
2026-09-10T13:15:00+05:30,2808.3,2808.4,2805.6,2805.8,2163
2026-09-10T13:20:00+05:30,2807,2810,2805.7,2810,1784
2026-09-10T13:25:00+05:30,2810,2812,2805.5,2809.7,4575
2026-09-10T13:30:00+05:30,2810.6,2810.7,2805.6,2807.6,3385
2026-09-10T13:35:00+05:30,2808,2808,2803,2804.7,5456
2026-09-10T13:40:00+05:30,2804.8,2806.6,2802.1,2803,9097
2026-09-10T13:45:00+05:30,2803,2804.2,2800.3,2802.8,6490
2026-09-10T13:50:00+05:30,2803,2803.7,2801.4,2801.9,3489
2026-09-10T13:55:00+05:30,2802.9,2803.3,2800.7,2802.2,3431
2026-09-10T14:00:00+05:30,2803,2803.9,2800,2801,3780
2026-09-10T14:05:00+05:30,2801.2,2802.8,2800,2800.8,4072
2026-09-10T14:10:00+05:30,2802.1,2802.4,2800,2801.5,4443
2026-09-10T14:15:00+05:30,2801.6,2802.5,2800.6,2801.6,3492
2026-09-10T14:20:00+05:30,2801.6,2812.6,2800.8,2811.2,15825
2026-09-10T14:25:00+05:30,2812.3,2812.3,2805,2808.5,6011
2026-09-10T14:30:00+05:30,2808.6,2811.7,2805.3,2810.9,7211
2026-09-10T14:35:00+05:30,2811.1,2811.8,2810,2810.1,4604
2026-09-10T14:40:00+05:30,2811.1,2813.4,2810,2812.9,6577
2026-09-10T14:45:00+05:30,2812.9,2812.9,2810.2,2812.9,11770
2026-09-10T14:50:00+05:30,2812.6,2816.4,2811.3,2814.1,13066
2026-09-10T14:55:00+05:30,2814.1,2814.4,2808,2810.6,23243
2026-09-10T15:00:00+05:30,2810.9,2810.9,2801.4,2806.2,18775
2026-09-10T15:05:00+05:30,2805.9,2806.9,2803.5,2805.9,14212
2026-09-10T15:10:00+05:30,2805.5,2807.5,2803,2804,24771
2026-09-11T09:15:00+05:30,2789,2799.3,2775.4,2776.8,15157
2026-09-11T09:20:00+05:30,2776.8,2777.6,2767,2776.3,20848
2026-09-11T09:25:00+05:30,2776.1,2776.1,2768.9,2769.9,7768
2026-09-11T09:30:00+05:30,2769.8,2774.9,2762,2768.3,9651
2026-09-11T09:35:00+05:30,2768.2,2769.2,2764.1,2765.7,6390
2026-09-11T09:40:00+05:30,2765,2765,2757.5,2764.1,11857
2026-09-11T09:45:00+05:30,2763.4,2775.8,2762,2775,13046
2026-09-11T09:50:00+05:30,2773.8,2777.3,2772.5,2776.5,15255
2026-09-11T09:55:00+05:30,2776.5,2778.3,2774.6,2776.6,13881
2026-09-11T10:00:00+05:30,2776.6,2784.4,2776.6,2783.4,15241
2026-09-11T10:05:00+05:30,2783.2,2790,2781.6,2789.8,7829
2026-09-11T10:10:00+05:30,2789.8,2791.9,2785.5,2788.8,21649
2026-09-11T10:15:00+05:30,2788.8,2794.3,2788.4,2790,7729
2026-09-11T10:20:00+05:30,2790,2791.4,2790,2790,11938
2026-09-11T10:25:00+05:30,2790.1,2790.1,2785.3,2788.2,16371
2026-09-11T10:30:00+05:30,2788.2,2788.4,2787,2788.3,4743
2026-09-11T10:35:00+05:30,2788.3,2790,2786.3,2789.6,2787
2026-09-11T10:40:00+05:30,2789.6,2791.5,2787.4,2791.5,3359
2026-09-11T10:45:00+05:30,2791.9,2792.4,2787.9,2789.1,4999
2026-09-11T10:50:00+05:30,2790.5,2791.9,2788,2790.5,4535
2026-09-11T10:55:00+05:30,2790.6,2791.4,2789.3,2790.5,1916
2026-09-11T11:00:00+05:30,2790.8,2794.1,2789.6,2790.4,4860
2026-09-11T11:05:00+05:30,2790.8,2792,2790,2790.3,3759
2026-09-11T11:10:00+05:30,2791,2794.9,2790,2792.8,5670
2026-09-11T11:15:00+05:30,2793.9,2797.3,2792,2796.5,5191
2026-09-11T11:20:00+05:30,2795.8,2801.5,2793.9,2797.9,21235
2026-09-11T11:25:00+05:30,2798.4,2799,2795.7,2796.3,5670
2026-09-11T11:30:00+05:30,2797,2802.9,2795,2802.3,5675
2026-09-11T11:35:00+05:30,2802.6,2805,2801.1,2802.6,7811
2026-09-11T11:40:00+05:30,2802.1,2806.2,2802.1,2806.2,2485
2026-09-11T11:45:00+05:30,2806.3,2806.7,2800.3,2801.2,3232
2026-09-11T11:50:00+05:30,2801.2,2803,2800.5,2802.2,3140
2026-09-11T11:55:00+05:30,2802.5,2804,2801.1,2803,3604
2026-09-11T12:00:00+05:30,2802.8,2807,2802.4,2806.4,3625
2026-09-11T12:05:00+05:30,2806.6,2807.9,2802.3,2806.9,9345
2026-09-11T12:10:00+05:30,2806.9,2808.3,2803.1,2808.3,8780
2026-09-11T12:15:00+05:30,2808.3,2811.9,2805,2810.5,10073
2026-09-11T12:20:00+05:30,2810.5,2811,2805,2806.8,16976
2026-09-11T12:25:00+05:30,2806.8,2808.2,2805,2805.4,3702
2026-09-11T12:30:00+05:30,2805.4,2806.5,2800,2801.6,8777
2026-09-11T12:35:00+05:30,2802.1,2804,2799.9,2801.5,11439
2026-09-11T12:40:00+05:30,2802.4,2804.5,2794,2795,25674
2026-09-11T12:45:00+05:30,2794.5,2795,2790.2,2792.7,5040
2026-09-11T12:50:00+05:30,2793.6,2793.6,2789.1,2790.4,4050
2026-09-11T12:55:00+05:30,2790.5,2791.5,2790,2790.8,3429
2026-09-11T13:00:00+05:30,2790.8,2791,2790,2790,3579
2026-09-11T13:05:00+05:30,2790.2,2800,2790,2796.3,34131
2026-09-11T13:10:00+05:30,2796.7,2801.2,2796.3,2800.7,8245
2026-09-11T13:15:00+05:30,2799.3,2800.8,2797.6,2797.6,3966
2026-09-11T13:20:00+05:30,2798.3,2799.3,2796.6,2797.1,3758
2026-09-11T13:25:00+05:30,2797.2,2799.9,2796.4,2796.4,2668
2026-09-11T13:30:00+05:30,2796.3,2799.8,2796.3,2797.3,4550
2026-09-11T13:35:00+05:30,2796.7,2798,2796.4,2797.3,2393
2026-09-11T13:40:00+05:30,2797.7,2797.8,2790.2,2793.2,7881
2026-09-11T13:45:00+05:30,2794.3,2794.6,2791.7,2793.8,3297
2026-09-11T13:50:00+05:30,2793.8,2799,2792.1,2795.5,5520
2026-09-11T13:55:00+05:30,2795.5,2799.5,2794.4,2798,3923
2026-09-11T14:00:00+05:30,2798,2803.9,2797.6,2801.6,9321
2026-09-11T14:05:00+05:30,2801.6,2801.7,2795.4,2797.7,4836
2026-09-11T14:10:00+05:30,2797.8,2797.8,2794.9,2797.3,6426
2026-09-11T14:15:00+05:30,2797.3,2816,2797.3,2808.8,17771
2026-09-11T14:20:00+05:30,2809.7,2810.6,2806.6,2810.1,6255
2026-09-11T14:25:00+05:30,2810.6,2810.6,2807.2,2808.6,2713
2026-09-11T14:30:00+05:30,2808.6,2810.2,2805.1,2805.1,3967
2026-09-11T14:35:00+05:30,2805.4,2806.5,2803,2806,5281
2026-09-11T14:40:00+05:30,2806,2810.3,2805,2808.3,9526
2026-09-11T14:45:00+05:30,2808.4,2808.4,2801.3,2801.3,5069
2026-09-11T14:50:00+05:30,2801.9,2805.3,2800.8,2803.4,20630
2026-09-11T14:55:00+05:30,2803.7,2804.6,2802.8,2803.1,5657
2026-09-11T15:00:00+05:30,2803.1,2804.2,2797.8,2797.8,24764
2026-09-11T15:05:00+05:30,2797.8,2803.2,2797.8,2801.3,19751
2026-09-11T15:10:00+05:30,2801.4,2813.7,2800.3,2811,30418
2026-09-15T09:15:00+05:30,2802.4,2817.6,2796,2802,19695
2026-09-15T09:20:00+05:30,2801.6,2807.6,2801.6,2806.8,9618
2026-09-15T09:25:00+05:30,2806.8,2812.4,2803.3,2808.9,9934
2026-09-15T09:30:00+05:30,2808.9,2808.9,2804.3,2805.1,6627
